period_label,stage,episode_id,episode_kind,start_entry_bar_end_utc,end_exit_bar_end_utc,row_count,episode_contract_sign,episode_gross_pnl_usd,episode_fee_usd,episode_net_after_fees_usd,episode_status
ZN_2022_2023_INITIAL_TEST,INITIAL_TEST,1,NONZERO_POSITION_EPISODE,2022-01-04T08:00:00Z,2022-01-04T09:00:00Z,1,-1,109.375,1.51,107.865,ACCOUNTING_ONLY_NOT_ALPHA_STATISTIC
ZN_2022_2023_INITIAL_TEST,INITIAL_TEST,2,NONZERO_POSITION_EPISODE,2022-01-04T21:00:00Z,2022-01-05T00:00:00Z,2,-1,31.25,4.53,26.72,ACCOUNTING_ONLY_NOT_ALPHA_STATISTIC
ZN_2022_2023_INITIAL_TEST,INITIAL_TEST,3,NONZERO_POSITION_EPISODE,2022-01-05T02:00:00Z,2022-01-05T04:00:00Z,2,-1,31.25,1.51,29.74,ACCOUNTING_ONLY_NOT_ALPHA_STATISTIC
ZN_2022_2023_INITIAL_TEST,INITIAL_TEST,4,NONZERO_POSITION_EPISODE,2022-01-05T06:00:00Z,2022-01-05T08:00:00Z,2,-1,62.5,1.51,60.989999999999995,ACCOUNTING_ONLY_NOT_ALPHA_STATISTIC
ZN_2022_2023_INITIAL_TEST,INITIAL_TEST,5,NONZERO_POSITION_EPISODE,2022-01-05T11:00:00Z,2022-01-05T12:00:00Z,1,-1,46.875,1.51,45.365,ACCOUNTING_ONLY_NOT_ALPHA_STATISTIC
ZN_2022_2023_INITIAL_TEST,INITIAL_TEST,6,NONZERO_POSITION_EPISODE,2022-01-06T02:00:00Z,2022-01-06T03:00:00Z,1,-1,140.625,1.51,139.115,ACCOUNTING_ONLY_NOT_ALPHA_STATISTIC
ZN_2022_2023_INITIAL_TEST,INITIAL_TEST,7,NONZERO_POSITION_EPISODE,2022-01-06T14:00:00Z,2022-01-06T15:00:00Z,1,-1,31.25,1.51,29.74,ACCOUNTING_ONLY_NOT_ALPHA_STATISTIC
ZN_2022_2023_INITIAL_TEST,INITIAL_TEST,8,NONZERO_POSITION_EPISODE,2022-01-06T22:00:00Z,2022-01-07T00:00:00Z,1,-1,-15.625,1.51,-17.135,ACCOUNTING_ONLY_NOT_ALPHA_STATISTIC
ZN_2022_2023_INITIAL_TEST,INITIAL_TEST,9,NONZERO_POSITION_EPISODE,2022-01-07T02:00:00Z,2022-01-07T03:00:00Z,1,-1,46.875,1.51,45.365,ACCOUNTING_ONLY_NOT_ALPHA_STATISTIC
ZN_2022_2023_INITIAL_TEST,INITIAL_TEST,10,NONZERO_POSITION_EPISODE,2022-01-07T19:00:00Z,2022-01-07T20:00:00Z,1,-1,46.875,1.51,45.365,ACCOUNTING_ONLY_NOT_ALPHA_STATISTIC
ZN_2022_2023_INITIAL_TEST,INITIAL_TEST,11,NONZERO_POSITION_EPISODE,2022-01-10T09:00:00Z,2022-01-10T10:00:00Z,1,-1,31.25,1.51,29.74,ACCOUNTING_ONLY_NOT_ALPHA_STATISTIC
ZN_2022_2023_INITIAL_TEST,INITIAL_TEST,12,NONZERO_POSITION_EPISODE,2022-01-10T11:00:00Z,2022-01-10T14:00:00Z,3,-1,140.625,4.53,136.095,ACCOUNTING_ONLY_NOT_ALPHA_STATISTIC
ZN_2022_2023_INITIAL_TEST,INITIAL_TEST,13,NONZERO_POSITION_EPISODE,2022-01-10T17:00:00Z,2022-01-10T20:00:00Z,3,-1,0.0,1.51,-1.509999999999998,ACCOUNTING_ONLY_NOT_ALPHA_STATISTIC
ZN_2022_2023_INITIAL_TEST,INITIAL_TEST,14,NONZERO_POSITION_EPISODE,2022-01-10T21:00:00Z,2022-01-11T00:00:00Z,2,-1,78.125,3.02,75.10499999999999,ACCOUNTING_ONLY_NOT_ALPHA_STATISTIC
ZN_2022_2023_INITIAL_TEST,INITIAL_TEST,15,NONZERO_POSITION_EPISODE,2022-01-11T01:00:00Z,2022-01-11T03:00:00Z,2,-1,46.875,1.51,45.365,ACCOUNTING_ONLY_NOT_ALPHA_STATISTIC
ZN_2022_2023_INITIAL_TEST,INITIAL_TEST,16,NONZERO_POSITION_EPISODE,2022-01-11T07:00:00Z,2022-01-11T11:00:00Z,4,-1,0.0,3.02,-3.020000000000005,ACCOUNTING_ONLY_NOT_ALPHA_STATISTIC
ZN_2022_2023_INITIAL_TEST,INITIAL_TEST,17,NONZERO_POSITION_EPISODE,2022-01-11T17:00:00Z,2022-01-11T18:00:00Z,1,-1,0.0,1.51,-1.51,ACCOUNTING_ONLY_NOT_ALPHA_STATISTIC
ZN_2022_2023_INITIAL_TEST,INITIAL_TEST,18,NONZERO_POSITION_EPISODE,2022-01-11T19:00:00Z,2022-01-12T00:00:00Z,4,-1,-156.25,6.04,-162.29,ACCOUNTING_ONLY_NOT_ALPHA_STATISTIC
ZN_2022_2023_INITIAL_TEST,INITIAL_TEST,19,NONZERO_POSITION_EPISODE,2022-01-12T01:00:00Z,2022-01-12T03:00:00Z,2,-1,-15.625,1.51,-17.135,ACCOUNTING_ONLY_NOT_ALPHA_STATISTIC
ZN_2022_2023_INITIAL_TEST,INITIAL_TEST,20,NONZERO_POSITION_EPISODE,2022-01-12T05:00:00Z,2022-01-12T07:00:00Z,2,-1,0.0,1.51,-1.509999999999998,ACCOUNTING_ONLY_NOT_ALPHA_STATISTIC
ZN_2022_2023_INITIAL_TEST,INITIAL_TEST,21,NONZERO_POSITION_EPISODE,2022-01-12T14:00:00Z,2022-01-12T19:00:00Z,5,-1,203.125,6.04,197.085,ACCOUNTING_ONLY_NOT_ALPHA_STATISTIC
ZN_2022_2023_INITIAL_TEST,INITIAL_TEST,22,NONZERO_POSITION_EPISODE,2022-01-12T20:00:00Z,2022-01-12T21:00:00Z,1,-1,78.125,1.51,76.615,ACCOUNTING_ONLY_NOT_ALPHA_STATISTIC
ZN_2022_2023_INITIAL_TEST,INITIAL_TEST,23,NONZERO_POSITION_EPISODE,2022-01-13T06:00:00Z,2022-01-13T07:00:00Z,1,-1,31.25,1.51,29.74,ACCOUNTING_ONLY_NOT_ALPHA_STATISTIC
ZN_2022_2023_INITIAL_TEST,INITIAL_TEST,24,NONZERO_POSITION_EPISODE,2022-01-13T13:00:00Z,2022-01-14T00:00:00Z,10,-1,-250.0,19.63,-269.63,ACCOUNTING_ONLY_NOT_ALPHA_STATISTIC
ZN_2022_2023_INITIAL_TEST,INITIAL_TEST,25,NONZERO_POSITION_EPISODE,2022-01-14T08:00:00Z,2022-01-14T09:00:00Z,1,-1,109.375,1.51,107.865,ACCOUNTING_ONLY_NOT_ALPHA_STATISTIC
ZN_2022_2023_INITIAL_TEST,INITIAL_TEST,26,NONZERO_POSITION_EPISODE,2022-01-14T13:00:00Z,2022-01-14T15:00:00Z,2,-1,578.125,4.53,573.595,ACCOUNTING_ONLY_NOT_ALPHA_STATISTIC
ZN_2022_2023_INITIAL_TEST,INITIAL_TEST,27,NONZERO_POSITION_EPISODE,2022-01-17T08:00:00Z,2022-01-17T10:00:00Z,2,-1,78.125,1.51,76.615,ACCOUNTING_ONLY_NOT_ALPHA_STATISTIC
ZN_2022_2023_INITIAL_TEST,INITIAL_TEST,28,NONZERO_POSITION_EPISODE,2022-01-17T17:00:00Z,2022-01-17T18:00:00Z,1,-1,31.25,1.51,29.74,ACCOUNTING_ONLY_NOT_ALPHA_STATISTIC
ZN_2022_2023_INITIAL_TEST,INITIAL_TEST,29,NONZERO_POSITION_EPISODE,2022-01-18T00:00:00Z,2022-01-18T01:00:00Z,1,-1,93.75,3.02,90.73,ACCOUNTING_ONLY_NOT_ALPHA_STATISTIC
ZN_2022_2023_INITIAL_TEST,INITIAL_TEST,30,NONZERO_POSITION_EPISODE,2022-01-18T08:00:00Z,2022-01-18T09:00:00Z,1,-1,78.125,1.51,76.615,ACCOUNTING_ONLY_NOT_ALPHA_STATISTIC
ZN_2022_2023_INITIAL_TEST,INITIAL_TEST,31,NONZERO_POSITION_EPISODE,2022-01-18T11:00:00Z,2022-01-18T14:00:00Z,3,-1,15.625,3.02,12.60499999999999,ACCOUNTING_ONLY_NOT_ALPHA_STATISTIC
ZN_2022_2023_INITIAL_TEST,INITIAL_TEST,32,NONZERO_POSITION_EPISODE,2022-01-19T11:00:00Z,2022-01-19T12:00:00Z,1,-1,31.25,1.51,29.74,ACCOUNTING_ONLY_NOT_ALPHA_STATISTIC
ZN_2022_2023_INITIAL_TEST,INITIAL_TEST,33,NONZERO_POSITION_EPISODE,2022-01-19T13:00:00Z,2022-01-19T21:00:00Z,8,-1,-843.75,12.08,-855.8299999999999,ACCOUNTING_ONLY_NOT_ALPHA_STATISTIC
ZN_2022_2023_INITIAL_TEST,INITIAL_TEST,34,NONZERO_POSITION_EPISODE,2022-01-20T01:00:00Z,2022-01-20T03:00:00Z,2,-1,156.25,3.02,153.23000000000002,ACCOUNTING_ONLY_NOT_ALPHA_STATISTIC
ZN_2022_2023_INITIAL_TEST,INITIAL_TEST,35,NONZERO_POSITION_EPISODE,2022-01-20T07:00:00Z,2022-01-20T16:00:00Z,9,-1,-234.375,12.08,-246.455,ACCOUNTING_ONLY_NOT_ALPHA_STATISTIC
ZN_2022_2023_INITIAL_TEST,INITIAL_TEST,36,NONZERO_POSITION_EPISODE,2022-01-20T21:00:00Z,2022-01-21T06:00:00Z,8,-1,-1671.875,16.61,-1688.485,ACCOUNTING_ONLY_NOT_ALPHA_STATISTIC
ZN_2022_2023_INITIAL_TEST,INITIAL_TEST,37,NONZERO_POSITION_EPISODE,2022-01-21T13:00:00Z,2022-01-21T17:00:00Z,4,-1,-140.625,7.55,-148.175,ACCOUNTING_ONLY_NOT_ALPHA_STATISTIC
ZN_2022_2023_INITIAL_TEST,INITIAL_TEST,38,NONZERO_POSITION_EPISODE,2022-01-21T18:00:00Z,2022-01-21T19:00:00Z,1,-1,46.875,1.51,45.365,ACCOUNTING_ONLY_NOT_ALPHA_STATISTIC
ZN_2022_2023_INITIAL_TEST,INITIAL_TEST,39,NONZERO_POSITION_EPISODE,2022-01-21T20:00:00Z,2022-01-21T21:00:00Z,1,-1,15.625,1.51,14.115,ACCOUNTING_ONLY_NOT_ALPHA_STATISTIC
ZN_2022_2023_INITIAL_TEST,INITIAL_TEST,40,NONZERO_POSITION_EPISODE,2022-01-24T07:00:00Z,2022-01-24T12:00:00Z,5,-1,-421.875,7.55,-429.425,ACCOUNTING_ONLY_NOT_ALPHA_STATISTIC
ZN_2022_2023_INITIAL_TEST,INITIAL_TEST,41,NONZERO_POSITION_EPISODE,2022-01-24T13:00:00Z,2022-01-24T17:00:00Z,4,-1,-109.375,7.55,-116.92500000000001,ACCOUNTING_ONLY_NOT_ALPHA_STATISTIC
ZN_2022_2023_INITIAL_TEST,INITIAL_TEST,42,NONZERO_POSITION_EPISODE,2022-01-24T18:00:00Z,2022-01-24T20:00:00Z,2,-1,78.125,1.51,76.615,ACCOUNTING_ONLY_NOT_ALPHA_STATISTIC
ZN_2022_2023_INITIAL_TEST,INITIAL_TEST,43,NONZERO_POSITION_EPISODE,2022-01-25T05:00:00Z,2022-01-25T06:00:00Z,1,-1,78.125,1.51,76.615,ACCOUNTING_ONLY_NOT_ALPHA_STATISTIC
ZN_2022_2023_INITIAL_TEST,INITIAL_TEST,44,NONZERO_POSITION_EPISODE,2022-01-25T08:00:00Z,2022-01-25T09:00:00Z,1,-1,281.25,3.02,278.23,ACCOUNTING_ONLY_NOT_ALPHA_STATISTIC
ZN_2022_2023_INITIAL_TEST,INITIAL_TEST,45,NONZERO_POSITION_EPISODE,2022-01-25T13:00:00Z,2022-01-25T17:00:00Z,4,-1,-62.5,13.59,-76.08999999999997,ACCOUNTING_ONLY_NOT_ALPHA_STATISTIC
ZN_2022_2023_INITIAL_TEST,INITIAL_TEST,46,NONZERO_POSITION_EPISODE,2022-01-26T14:00:00Z,2022-01-26T15:00:00Z,1,-1,109.375,1.51,107.865,ACCOUNTING_ONLY_NOT_ALPHA_STATISTIC
ZN_2022_2023_INITIAL_TEST,INITIAL_TEST,47,NONZERO_POSITION_EPISODE,2022-01-26T16:00:00Z,2022-01-26T17:00:00Z,1,-1,15.625,1.51,14.115,ACCOUNTING_ONLY_NOT_ALPHA_STATISTIC
ZN_2022_2023_INITIAL_TEST,INITIAL_TEST,48,NONZERO_POSITION_EPISODE,2022-01-27T08:00:00Z,2022-01-27T09:00:00Z,1,-1,62.5,1.51,60.99,ACCOUNTING_ONLY_NOT_ALPHA_STATISTIC
ZN_2022_2023_INITIAL_TEST,INITIAL_TEST,49,NONZERO_POSITION_EPISODE,2022-01-27T12:00:00Z,2022-01-27T13:00:00Z,1,-1,312.5,3.02,309.48,ACCOUNTING_ONLY_NOT_ALPHA_STATISTIC
ZN_2022_2023_INITIAL_TEST,INITIAL_TEST,50,NONZERO_POSITION_EPISODE,2022-01-27T14:00:00Z,2022-01-27T20:00:00Z,6,-1,62.5,15.1,47.40000000000001,ACCOUNTING_ONLY_NOT_ALPHA_STATISTIC
ZN_2022_2023_INITIAL_TEST,INITIAL_TEST,51,NONZERO_POSITION_EPISODE,2022-01-28T14:00:00Z,2022-01-31T00:00:00Z,9,-1,-890.625,13.59,-904.2149999999999,ACCOUNTING_ONLY_NOT_ALPHA_STATISTIC
ZN_2022_2023_INITIAL_TEST,INITIAL_TEST,52,NONZERO_POSITION_EPISODE,2022-01-31T08:00:00Z,2022-01-31T11:00:00Z,3,-1,15.625,1.51,14.114999999999998,ACCOUNTING_ONLY_NOT_ALPHA_STATISTIC
ZN_2022_2023_INITIAL_TEST,INITIAL_TEST,53,NONZERO_POSITION_EPISODE,2022-01-31T16:00:00Z,2022-01-31T18:00:00Z,2,-1,15.625,1.51,14.114999999999998,ACCOUNTING_ONLY_NOT_ALPHA_STATISTIC
ZN_2022_2023_INITIAL_TEST,INITIAL_TEST,54,NONZERO_POSITION_EPISODE,2022-01-31T19:00:00Z,2022-02-01T00:00:00Z,4,-1,15.625,1.51,14.115,ACCOUNTING_ONLY_NOT_ALPHA_STATISTIC
ZN_2022_2023_INITIAL_TEST,INITIAL_TEST,55,NONZERO_POSITION_EPISODE,2022-02-01T02:00:00Z,2022-02-01T06:00:00Z,4,-1,-31.25,4.53,-35.78,ACCOUNTING_ONLY_NOT_ALPHA_STATISTIC
ZN_2022_2023_INITIAL_TEST,INITIAL_TEST,56,NONZERO_POSITION_EPISODE,2022-02-01T09:00:00Z,2022-02-01T14:00:00Z,5,-1,93.75,10.57,83.17999999999999,ACCOUNTING_ONLY_NOT_ALPHA_STATISTIC
ZN_2022_2023_INITIAL_TEST,INITIAL_TEST,57,NONZERO_POSITION_EPISODE,2022-02-01T19:00:00Z,2022-02-01T20:00:00Z,1,-1,78.125,1.51,76.615,ACCOUNTING_ONLY_NOT_ALPHA_STATISTIC
ZN_2022_2023_INITIAL_TEST,INITIAL_TEST,58,NONZERO_POSITION_EPISODE,2022-02-02T03:00:00Z,2022-02-02T04:00:00Z,1,-1,15.625,1.51,14.115,ACCOUNTING_ONLY_NOT_ALPHA_STATISTIC
ZN_2022_2023_INITIAL_TEST,INITIAL_TEST,59,NONZERO_POSITION_EPISODE,2022-02-02T09:00:00Z,2022-02-02T10:00:00Z,1,-1,328.125,4.53,323.595,ACCOUNTING_ONLY_NOT_ALPHA_STATISTIC
ZN_2022_2023_INITIAL_TEST,INITIAL_TEST,60,NONZERO_POSITION_EPISODE,2022-02-02T13:00:00Z,2022-02-02T14:00:00Z,1,-1,203.125,1.51,201.615,ACCOUNTING_ONLY_NOT_ALPHA_STATISTIC
ZN_2022_2023_INITIAL_TEST,INITIAL_TEST,61,NONZERO_POSITION_EPISODE,2022-02-02T15:00:00Z,2022-02-02T19:00:00Z,4,-1,328.125,13.59,314.53499999999997,ACCOUNTING_ONLY_NOT_ALPHA_STATISTIC
ZN_2022_2023_INITIAL_TEST,INITIAL_TEST,62,NONZERO_POSITION_EPISODE,2022-02-03T00:00:00Z,2022-02-03T02:00:00Z,2,-1,93.75,4.53,89.22,ACCOUNTING_ONLY_NOT_ALPHA_STATISTIC
ZN_2022_2023_INITIAL_TEST,INITIAL_TEST,63,NONZERO_POSITION_EPISODE,2022-02-03T21:00:00Z,2022-02-03T22:00:00Z,1,-1,78.125,1.51,76.615,ACCOUNTING_ONLY_NOT_ALPHA_STATISTIC
ZN_2022_2023_INITIAL_TEST,INITIAL_TEST,64,NONZERO_POSITION_EPISODE,2022-02-04T07:00:00Z,2022-02-04T08:00:00Z,1,-1,46.875,1.51,45.365,ACCOUNTING_ONLY_NOT_ALPHA_STATISTIC
ZN_2022_2023_INITIAL_TEST,INITIAL_TEST,65,NONZERO_POSITION_EPISODE,2022-02-04T09:00:00Z,2022-02-04T13:00:00Z,4,-1,-125.0,3.02,-128.02,ACCOUNTING_ONLY_NOT_ALPHA_STATISTIC
ZN_2022_2023_INITIAL_TEST,INITIAL_TEST,66,NONZERO_POSITION_EPISODE,2022-02-04T22:00:00Z,2022-02-07T00:00:00Z,1,-1,31.25,1.51,29.74,ACCOUNTING_ONLY_NOT_ALPHA_STATISTIC
ZN_2022_2023_INITIAL_TEST,INITIAL_TEST,67,NONZERO_POSITION_EPISODE,2022-02-07T06:00:00Z,2022-02-07T07:00:00Z,1,-1,62.5,1.51,60.99,ACCOUNTING_ONLY_NOT_ALPHA_STATISTIC
ZN_2022_2023_INITIAL_TEST,INITIAL_TEST,68,NONZERO_POSITION_EPISODE,2022-02-07T17:00:00Z,2022-02-07T21:00:00Z,4,-1,15.625,1.51,14.114999999999998,ACCOUNTING_ONLY_NOT_ALPHA_STATISTIC
ZN_2022_2023_INITIAL_TEST,INITIAL_TEST,69,NONZERO_POSITION_EPISODE,2022-02-08T09:00:00Z,2022-02-08T10:00:00Z,1,-1,15.625,1.51,14.115,ACCOUNTING_ONLY_NOT_ALPHA_STATISTIC
ZN_2022_2023_INITIAL_TEST,INITIAL_TEST,70,NONZERO_POSITION_EPISODE,2022-02-08T11:00:00Z,2022-02-08T12:00:00Z,1,-1,93.75,1.51,92.24,ACCOUNTING_ONLY_NOT_ALPHA_STATISTIC
ZN_2022_2023_INITIAL_TEST,INITIAL_TEST,71,NONZERO_POSITION_EPISODE,2022-02-08T19:00:00Z,2022-02-08T20:00:00Z,1,-1,31.25,1.51,29.74,ACCOUNTING_ONLY_NOT_ALPHA_STATISTIC
ZN_2022_2023_INITIAL_TEST,INITIAL_TEST,72,NONZERO_POSITION_EPISODE,2022-02-09T00:00:00Z,2022-02-09T01:00:00Z,1,-1,15.625,1.51,14.115,ACCOUNTING_ONLY_NOT_ALPHA_STATISTIC
ZN_2022_2023_INITIAL_TEST,INITIAL_TEST,73,NONZERO_POSITION_EPISODE,2022-02-09T02:00:00Z,2022-02-09T04:00:00Z,2,-1,31.25,4.53,26.72,ACCOUNTING_ONLY_NOT_ALPHA_STATISTIC
ZN_2022_2023_INITIAL_TEST,INITIAL_TEST,74,NONZERO_POSITION_EPISODE,2022-02-09T06:00:00Z,2022-02-09T07:00:00Z,1,-1,31.25,1.51,29.74,ACCOUNTING_ONLY_NOT_ALPHA_STATISTIC
ZN_2022_2023_INITIAL_TEST,INITIAL_TEST,75,NONZERO_POSITION_EPISODE,2022-02-09T08:00:00Z,2022-02-09T11:00:00Z,3,-1,-31.25,3.02,-34.27000000000001,ACCOUNTING_ONLY_NOT_ALPHA_STATISTIC
ZN_2022_2023_INITIAL_TEST,INITIAL_TEST,76,NONZERO_POSITION_EPISODE,2022-02-09T17:00:00Z,2022-02-09T18:00:00Z,1,-1,15.625,1.51,14.115,ACCOUNTING_ONLY_NOT_ALPHA_STATISTIC
ZN_2022_2023_INITIAL_TEST,INITIAL_TEST,77,NONZERO_POSITION_EPISODE,2022-02-10T13:00:00Z,2022-02-10T14:00:00Z,1,-1,578.125,1.51,576.615,ACCOUNTING_ONLY_NOT_ALPHA_STATISTIC
ZN_2022_2023_INITIAL_TEST,INITIAL_TEST,78,NONZERO_POSITION_EPISODE,2022-02-11T00:00:00Z,2022-02-11T01:00:00Z,1,-1,46.875,1.51,45.365,ACCOUNTING_ONLY_NOT_ALPHA_STATISTIC
ZN_2022_2023_INITIAL_TEST,INITIAL_TEST,79,NONZERO_POSITION_EPISODE,2022-02-11T02:00:00Z,2022-02-11T03:00:00Z,1,-1,78.125,1.51,76.615,ACCOUNTING_ONLY_NOT_ALPHA_STATISTIC
ZN_2022_2023_INITIAL_TEST,INITIAL_TEST,80,NONZERO_POSITION_EPISODE,2022-02-11T08:00:00Z,2022-02-11T12:00:00Z,4,-1,15.625,7.55,8.075,ACCOUNTING_ONLY_NOT_ALPHA_STATISTIC
ZN_2022_2023_INITIAL_TEST,INITIAL_TEST,81,NONZERO_POSITION_EPISODE,2022-02-11T13:00:00Z,2022-02-11T15:00:00Z,2,-1,0.0,1.51,-1.5100000000000051,ACCOUNTING_ONLY_NOT_ALPHA_STATISTIC
ZN_2022_2023_INITIAL_TEST,INITIAL_TEST,82,NONZERO_POSITION_EPISODE,2022-02-11T19:00:00Z,2022-02-14T00:00:00Z,4,-1,-125.0,19.63,-144.63,ACCOUNTING_ONLY_NOT_ALPHA_STATISTIC
ZN_2022_2023_INITIAL_TEST,INITIAL_TEST,83,NONZERO_POSITION_EPISODE,2022-02-14T01:00:00Z,2022-02-14T03:00:00Z,2,-1,109.375,1.51,107.86500000000001,ACCOUNTING_ONLY_NOT_ALPHA_STATISTIC
ZN_2022_2023_INITIAL_TEST,INITIAL_TEST,84,NONZERO_POSITION_EPISODE,2022-02-14T04:00:00Z,2022-02-14T05:00:00Z,1,-1,125.0,1.51,123.49,ACCOUNTING_ONLY_NOT_ALPHA_STATISTIC
ZN_2022_2023_INITIAL_TEST,INITIAL_TEST,85,NONZERO_POSITION_EPISODE,2022-02-14T06:00:00Z,2022-02-14T07:00:00Z,1,-1,109.375,1.51,107.865,ACCOUNTING_ONLY_NOT_ALPHA_STATISTIC
ZN_2022_2023_INITIAL_TEST,INITIAL_TEST,86,NONZERO_POSITION_EPISODE,2022-02-14T09:00:00Z,2022-02-14T12:00:00Z,3,-1,46.875,7.55,39.32500000000003,ACCOUNTING_ONLY_NOT_ALPHA_STATISTIC
ZN_2022_2023_INITIAL_TEST,INITIAL_TEST,87,NONZERO_POSITION_EPISODE,2022-02-14T19:00:00Z,2022-02-14T20:00:00Z,1,-1,406.25,3.02,403.23,ACCOUNTING_ONLY_NOT_ALPHA_STATISTIC
ZN_2022_2023_INITIAL_TEST,INITIAL_TEST,88,NONZERO_POSITION_EPISODE,2022-02-14T22:00:00Z,2022-02-15T00:00:00Z,1,-1,15.625,1.51,14.115,ACCOUNTING_ONLY_NOT_ALPHA_STATISTIC
ZN_2022_2023_INITIAL_TEST,INITIAL_TEST,89,NONZERO_POSITION_EPISODE,2022-02-15T01:00:00Z,2022-02-15T04:00:00Z,2,-1,62.5,1.51,60.99,ACCOUNTING_ONLY_NOT_ALPHA_STATISTIC
ZN_2022_2023_INITIAL_TEST,INITIAL_TEST,90,NONZERO_POSITION_EPISODE,2022-02-15T06:00:00Z,2022-02-15T07:00:00Z,1,-1,15.625,1.51,14.115,ACCOUNTING_ONLY_NOT_ALPHA_STATISTIC
ZN_2022_2023_INITIAL_TEST,INITIAL_TEST,91,NONZERO_POSITION_EPISODE,2022-02-15T17:00:00Z,2022-02-15T18:00:00Z,1,-1,46.875,1.51,45.365,ACCOUNTING_ONLY_NOT_ALPHA_STATISTIC
ZN_2022_2023_INITIAL_TEST,INITIAL_TEST,92,NONZERO_POSITION_EPISODE,2022-02-16T00:00:00Z,2022-02-16T05:00:00Z,5,-1,-140.625,1.51,-142.135,ACCOUNTING_ONLY_NOT_ALPHA_STATISTIC
ZN_2022_2023_INITIAL_TEST,INITIAL_TEST,93,NONZERO_POSITION_EPISODE,2022-02-16T12:00:00Z,2022-02-16T15:00:00Z,3,-1,46.875,3.02,43.855000000000004,ACCOUNTING_ONLY_NOT_ALPHA_STATISTIC
ZN_2022_2023_INITIAL_TEST,INITIAL_TEST,94,NONZERO_POSITION_EPISODE,2022-02-16T21:00:00Z,2022-02-16T22:00:00Z,1,-1,343.75,3.02,340.73,ACCOUNTING_ONLY_NOT_ALPHA_STATISTIC
ZN_2022_2023_INITIAL_TEST,INITIAL_TEST,95,NONZERO_POSITION_EPISODE,2022-02-17T00:00:00Z,2022-02-17T03:00:00Z,3,-1,0.0,4.53,-4.53,ACCOUNTING_ONLY_NOT_ALPHA_STATISTIC
ZN_2022_2023_INITIAL_TEST,INITIAL_TEST,96,NONZERO_POSITION_EPISODE,2022-02-17T04:00:00Z,2022-02-17T07:00:00Z,3,-1,875.0,16.61,858.3900000000001,ACCOUNTING_ONLY_NOT_ALPHA_STATISTIC
ZN_2022_2023_INITIAL_TEST,INITIAL_TEST,97,NONZERO_POSITION_EPISODE,2022-02-17T12:00:00Z,2022-02-17T13:00:00Z,1,-1,31.25,1.51,29.74,ACCOUNTING_ONLY_NOT_ALPHA_STATISTIC
ZN_2022_2023_INITIAL_TEST,INITIAL_TEST,98,NONZERO_POSITION_EPISODE,2022-02-17T14:00:00Z,2022-02-17T17:00:00Z,3,-1,156.25,4.53,151.72,ACCOUNTING_ONLY_NOT_ALPHA_STATISTIC
ZN_2022_2023_INITIAL_TEST,INITIAL_TEST,99,NONZERO_POSITION_EPISODE,2022-02-17T19:00:00Z,2022-02-18T02:00:00Z,6,-1,93.75,7.55,86.2,ACCOUNTING_ONLY_NOT_ALPHA_STATISTIC
ZN_2022_2023_INITIAL_TEST,INITIAL_TEST,100,NONZERO_POSITION_EPISODE,2022-02-18T10:00:00Z,2022-02-18T12:00:00Z,2,-1,15.625,1.51,14.115,ACCOUNTING_ONLY_NOT_ALPHA_STATISTIC
ZN_2022_2023_INITIAL_TEST,INITIAL_TEST,101,NONZERO_POSITION_EPISODE,2022-02-18T14:00:00Z,2022-02-18T20:00:00Z,6,-1,-125.0,7.55,-132.54999999999998,ACCOUNTING_ONLY_NOT_ALPHA_STATISTIC
ZN_2022_2023_INITIAL_TEST,INITIAL_TEST,102,NONZERO_POSITION_EPISODE,2022-02-21T00:00:00Z,2022-02-21T01:00:00Z,1,-1,187.5,1.51,185.99,ACCOUNTING_ONLY_NOT_ALPHA_STATISTIC
ZN_2022_2023_INITIAL_TEST,INITIAL_TEST,103,NONZERO_POSITION_EPISODE,2022-02-21T11:00:00Z,2022-02-21T15:00:00Z,4,-1,-187.5,3.02,-190.51999999999998,ACCOUNTING_ONLY_NOT_ALPHA_STATISTIC
ZN_2022_2023_INITIAL_TEST,INITIAL_TEST,104,NONZERO_POSITION_EPISODE,2022-02-21T18:00:00Z,2022-02-22T05:00:00Z,6,-1,-281.25,7.55,-288.8,ACCOUNTING_ONLY_NOT_ALPHA_STATISTIC
ZN_2022_2023_INITIAL_TEST,INITIAL_TEST,105,NONZERO_POSITION_EPISODE,2022-02-22T08:00:00Z,2022-02-22T09:00:00Z,1,-1,343.75,1.51,342.24,ACCOUNTING_ONLY_NOT_ALPHA_STATISTIC
ZN_2022_2023_INITIAL_TEST,INITIAL_TEST,106,NONZERO_POSITION_EPISODE,2022-02-22T18:00:00Z,2022-02-22T20:00:00Z,2,-1,171.875,1.51,170.365,ACCOUNTING_ONLY_NOT_ALPHA_STATISTIC
ZN_2022_2023_INITIAL_TEST,INITIAL_TEST,107,NONZERO_POSITION_EPISODE,2022-02-22T21:00:00Z,2022-02-22T22:00:00Z,1,-1,171.875,1.51,170.365,ACCOUNTING_ONLY_NOT_ALPHA_STATISTIC
ZN_2022_2023_INITIAL_TEST,INITIAL_TEST,108,NONZERO_POSITION_EPISODE,2022-02-23T16:00:00Z,2022-02-23T17:00:00Z,1,-1,109.375,1.51,107.865,ACCOUNTING_ONLY_NOT_ALPHA_STATISTIC
ZN_2022_2023_INITIAL_TEST,INITIAL_TEST,109,NONZERO_POSITION_EPISODE,2022-02-23T19:00:00Z,2022-02-23T20:00:00Z,1,-1,93.75,1.51,92.24,ACCOUNTING_ONLY_NOT_ALPHA_STATISTIC
ZN_2022_2023_INITIAL_TEST,INITIAL_TEST,110,NONZERO_POSITION_EPISODE,2022-02-24T00:00:00Z,2022-02-24T02:00:00Z,2,-1,250.0,4.53,245.47000000000003,ACCOUNTING_ONLY_NOT_ALPHA_STATISTIC
ZN_2022_2023_INITIAL_TEST,INITIAL_TEST,111,NONZERO_POSITION_EPISODE,2022-02-24T03:00:00Z,2022-02-24T08:00:00Z,5,-1,-1046.875,16.61,-1063.485,ACCOUNTING_ONLY_NOT_ALPHA_STATISTIC
ZN_2022_2023_INITIAL_TEST,INITIAL_TEST,112,NONZERO_POSITION_EPISODE,2022-02-24T10:00:00Z,2022-02-24T12:00:00Z,2,-1,578.125,4.53,573.595,ACCOUNTING_ONLY_NOT_ALPHA_STATISTIC
ZN_2022_2023_INITIAL_TEST,INITIAL_TEST,113,NONZERO_POSITION_EPISODE,2022-02-24T13:00:00Z,2022-02-24T14:00:00Z,1,-1,31.25,1.51,29.74,ACCOUNTING_ONLY_NOT_ALPHA_STATISTIC
ZN_2022_2023_INITIAL_TEST,INITIAL_TEST,114,NONZERO_POSITION_EPISODE,2022-02-25T08:00:00Z,2022-02-25T10:00:00Z,2,-1,-31.25,1.51,-32.760000000000005,ACCOUNTING_ONLY_NOT_ALPHA_STATISTIC
ZN_2022_2023_INITIAL_TEST,INITIAL_TEST,115,NONZERO_POSITION_EPISODE,2022-02-25T16:00:00Z,2022-02-25T17:00:00Z,1,-1,140.625,1.51,139.115,ACCOUNTING_ONLY_NOT_ALPHA_STATISTIC
ZN_2022_2023_INITIAL_TEST,INITIAL_TEST,116,NONZERO_POSITION_EPISODE,2022-02-25T20:00:00Z,2022-02-28T06:00:00Z,9,-1,-671.875,19.63,-691.505,ACCOUNTING_ONLY_NOT_ALPHA_STATISTIC
ZN_2022_2023_INITIAL_TEST,INITIAL_TEST,117,NONZERO_POSITION_EPISODE,2022-02-28T14:00:00Z,2022-02-28T19:00:00Z,5,-1,-15.625,7.55,-23.174999999999976,ACCOUNTING_ONLY_NOT_ALPHA_STATISTIC
ZN_2022_2023_INITIAL_TEST,INITIAL_TEST,118,NONZERO_POSITION_EPISODE,2022-02-28T20:00:00Z,2022-03-01T00:00:00Z,3,-1,359.375,7.550000000000001,351.82500000000005,ACCOUNTING_ONLY_NOT_ALPHA_STATISTIC
ZN_2022_2023_INITIAL_TEST,INITIAL_TEST,119,NONZERO_POSITION_EPISODE,2022-03-01T09:00:00Z,2022-03-01T14:00:00Z,5,-1,-1953.125,16.61,-1969.735,ACCOUNTING_ONLY_NOT_ALPHA_STATISTIC
ZN_2022_2023_INITIAL_TEST,INITIAL_TEST,120,NONZERO_POSITION_EPISODE,2022-03-01T15:00:00Z,2022-03-01T21:00:00Z,6,-1,-828.125,19.63,-847.7549999999999,ACCOUNTING_ONLY_NOT_ALPHA_STATISTIC
ZN_2022_2023_INITIAL_TEST,INITIAL_TEST,121,NONZERO_POSITION_EPISODE,2022-03-02T06:00:00Z,2022-03-02T09:00:00Z,3,-1,156.25,4.53,151.72000000000003,ACCOUNTING_ONLY_NOT_ALPHA_STATISTIC
ZN_2022_2023_INITIAL_TEST,INITIAL_TEST,122,NONZERO_POSITION_EPISODE,2022-03-03T00:00:00Z,2022-03-03T03:00:00Z,3,-1,109.375,1.51,107.865,ACCOUNTING_ONLY_NOT_ALPHA_STATISTIC
ZN_2022_2023_INITIAL_TEST,INITIAL_TEST,123,NONZERO_POSITION_EPISODE,2022-03-03T17:00:00Z,2022-03-03T18:00:00Z,1,-1,187.5,1.51,185.99,ACCOUNTING_ONLY_NOT_ALPHA_STATISTIC
ZN_2022_2023_INITIAL_TEST,INITIAL_TEST,124,NONZERO_POSITION_EPISODE,2022-03-03T20:00:00Z,2022-03-03T21:00:00Z,1,-1,15.625,1.51,14.115,ACCOUNTING_ONLY_NOT_ALPHA_STATISTIC
ZN_2022_2023_INITIAL_TEST,INITIAL_TEST,125,NONZERO_POSITION_EPISODE,2022-03-03T22:00:00Z,2022-03-04T00:00:00Z,1,-1,109.375,1.51,107.865,ACCOUNTING_ONLY_NOT_ALPHA_STATISTIC
ZN_2022_2023_INITIAL_TEST,INITIAL_TEST,126,NONZERO_POSITION_EPISODE,2022-03-04T01:00:00Z,2022-03-04T02:00:00Z,1,-1,3125.0,7.55,3117.45,ACCOUNTING_ONLY_NOT_ALPHA_STATISTIC
ZN_2022_2023_INITIAL_TEST,INITIAL_TEST,127,NONZERO_POSITION_EPISODE,2022-03-04T03:00:00Z,2022-03-04T05:00:00Z,2,-1,31.25,1.51,29.740000000000002,ACCOUNTING_ONLY_NOT_ALPHA_STATISTIC
ZN_2022_2023_INITIAL_TEST,INITIAL_TEST,128,NONZERO_POSITION_EPISODE,2022-03-04T11:00:00Z,2022-03-04T13:00:00Z,2,-1,109.375,1.51,107.86500000000001,ACCOUNTING_ONLY_NOT_ALPHA_STATISTIC
ZN_2022_2023_INITIAL_TEST,INITIAL_TEST,129,NONZERO_POSITION_EPISODE,2022-03-04T14:00:00Z,2022-03-04T18:00:00Z,4,-1,-328.125,4.53,-332.655,ACCOUNTING_ONLY_NOT_ALPHA_STATISTIC
ZN_2022_2023_INITIAL_TEST,INITIAL_TEST,130,NONZERO_POSITION_EPISODE,2022-03-07T00:00:00Z,2022-03-07T03:00:00Z,3,-1,281.25,4.53,276.72,ACCOUNTING_ONLY_NOT_ALPHA_STATISTIC
ZN_2022_2023_INITIAL_TEST,INITIAL_TEST,131,NONZERO_POSITION_EPISODE,2022-03-10T09:00:00Z,2022-03-10T10:00:00Z,1,-1,109.375,1.51,107.865,ACCOUNTING_ONLY_NOT_ALPHA_STATISTIC
ZN_2022_2023_INITIAL_TEST,INITIAL_TEST,132,NONZERO_POSITION_EPISODE,2022-03-11T02:00:00Z,2022-03-11T03:00:00Z,1,-1,46.875,1.51,45.365,ACCOUNTING_ONLY_NOT_ALPHA_STATISTIC
ZN_2022_2023_INITIAL_TEST,INITIAL_TEST,133,NONZERO_POSITION_EPISODE,2022-03-15T09:00:00Z,2022-03-15T10:00:00Z,1,-1,93.75,1.51,92.24,ACCOUNTING_ONLY_NOT_ALPHA_STATISTIC
ZN_2022_2023_INITIAL_TEST,INITIAL_TEST,134,NONZERO_POSITION_EPISODE,2022-03-15T14:00:00Z,2022-03-15T15:00:00Z,1,-1,328.125,1.51,326.615,ACCOUNTING_ONLY_NOT_ALPHA_STATISTIC
ZN_2022_2023_INITIAL_TEST,INITIAL_TEST,135,NONZERO_POSITION_EPISODE,2022-03-17T01:00:00Z,2022-03-17T03:00:00Z,2,-1,15.625,1.51,14.115,ACCOUNTING_ONLY_NOT_ALPHA_STATISTIC
ZN_2022_2023_INITIAL_TEST,INITIAL_TEST,136,NONZERO_POSITION_EPISODE,2022-03-17T04:00:00Z,2022-03-17T06:00:00Z,2,-1,46.875,1.51,45.365,ACCOUNTING_ONLY_NOT_ALPHA_STATISTIC
ZN_2022_2023_INITIAL_TEST,INITIAL_TEST,137,NONZERO_POSITION_EPISODE,2022-03-17T15:00:00Z,2022-03-17T16:00:00Z,1,-1,109.375,1.51,107.865,ACCOUNTING_ONLY_NOT_ALPHA_STATISTIC
ZN_2022_2023_INITIAL_TEST,INITIAL_TEST,138,NONZERO_POSITION_EPISODE,2022-03-18T11:00:00Z,2022-03-18T13:00:00Z,2,-1,234.375,1.51,232.865,ACCOUNTING_ONLY_NOT_ALPHA_STATISTIC
ZN_2022_2023_INITIAL_TEST,INITIAL_TEST,139,NONZERO_POSITION_EPISODE,2022-03-23T09:00:00Z,2022-03-23T11:00:00Z,2,-1,-78.125,1.51,-79.63499999999999,ACCOUNTING_ONLY_NOT_ALPHA_STATISTIC
ZN_2022_2023_INITIAL_TEST,INITIAL_TEST,140,NONZERO_POSITION_EPISODE,2022-03-23T14:00:00Z,2022-03-23T15:00:00Z,1,-1,125.0,1.51,123.49,ACCOUNTING_ONLY_NOT_ALPHA_STATISTIC
ZN_2022_2023_INITIAL_TEST,INITIAL_TEST,141,NONZERO_POSITION_EPISODE,2022-03-23T17:00:00Z,2022-03-23T19:00:00Z,2,-1,-93.75,1.51,-95.25999999999999,ACCOUNTING_ONLY_NOT_ALPHA_STATISTIC
ZN_2022_2023_INITIAL_TEST,INITIAL_TEST,142,NONZERO_POSITION_EPISODE,2022-03-23T20:00:00Z,2022-03-23T23:00:00Z,2,-1,46.875,1.51,45.365,ACCOUNTING_ONLY_NOT_ALPHA_STATISTIC
ZN_2022_2023_INITIAL_TEST,INITIAL_TEST,143,NONZERO_POSITION_EPISODE,2022-03-24T16:00:00Z,2022-03-24T17:00:00Z,1,-1,62.5,1.51,60.99,ACCOUNTING_ONLY_NOT_ALPHA_STATISTIC
ZN_2022_2023_INITIAL_TEST,INITIAL_TEST,144,NONZERO_POSITION_EPISODE,2022-03-28T01:00:00Z,2022-03-28T02:00:00Z,1,-1,375.0,1.51,373.49,ACCOUNTING_ONLY_NOT_ALPHA_STATISTIC
ZN_2022_2023_INITIAL_TEST,INITIAL_TEST,145,NONZERO_POSITION_EPISODE,2022-03-28T11:00:00Z,2022-03-28T16:00:00Z,5,-1,-437.5,1.51,-439.01,ACCOUNTING_ONLY_NOT_ALPHA_STATISTIC
ZN_2022_2023_INITIAL_TEST,INITIAL_TEST,146,NONZERO_POSITION_EPISODE,2022-03-29T13:00:00Z,2022-03-29T15:00:00Z,2,-1,406.25,3.02,403.23,ACCOUNTING_ONLY_NOT_ALPHA_STATISTIC
ZN_2022_2023_INITIAL_TEST,INITIAL_TEST,147,NONZERO_POSITION_EPISODE,2022-03-29T16:00:00Z,2022-03-29T20:00:00Z,4,-1,-93.75,1.51,-95.26,ACCOUNTING_ONLY_NOT_ALPHA_STATISTIC
ZN_2022_2023_INITIAL_TEST,INITIAL_TEST,148,NONZERO_POSITION_EPISODE,2022-03-30T01:00:00Z,2022-03-30T06:00:00Z,5,-1,-125.0,1.51,-126.50999999999999,ACCOUNTING_ONLY_NOT_ALPHA_STATISTIC
ZN_2022_2023_INITIAL_TEST,INITIAL_TEST,149,NONZERO_POSITION_EPISODE,2022-03-30T15:00:00Z,2022-03-30T18:00:00Z,3,-1,-125.0,1.51,-126.50999999999999,ACCOUNTING_ONLY_NOT_ALPHA_STATISTIC
ZN_2022_2023_INITIAL_TEST,INITIAL_TEST,150,NONZERO_POSITION_EPISODE,2022-03-31T08:00:00Z,2022-03-31T09:00:00Z,1,-1,78.125,1.51,76.615,ACCOUNTING_ONLY_NOT_ALPHA_STATISTIC
ZN_2022_2023_INITIAL_TEST,INITIAL_TEST,151,NONZERO_POSITION_EPISODE,2022-03-31T11:00:00Z,2022-03-31T12:00:00Z,1,-1,31.25,1.51,29.74,ACCOUNTING_ONLY_NOT_ALPHA_STATISTIC
ZN_2022_2023_INITIAL_TEST,INITIAL_TEST,152,NONZERO_POSITION_EPISODE,2022-04-01T16:00:00Z,2022-04-01T19:00:00Z,3,-1,-31.25,1.51,-32.76,ACCOUNTING_ONLY_NOT_ALPHA_STATISTIC
ZN_2022_2023_INITIAL_TEST,INITIAL_TEST,153,NONZERO_POSITION_EPISODE,2022-04-04T07:00:00Z,2022-04-04T08:00:00Z,1,-1,62.5,1.51,60.99,ACCOUNTING_ONLY_NOT_ALPHA_STATISTIC
ZN_2022_2023_INITIAL_TEST,INITIAL_TEST,154,NONZERO_POSITION_EPISODE,2022-04-04T09:00:00Z,2022-04-04T10:00:00Z,1,-1,62.5,1.51,60.99,ACCOUNTING_ONLY_NOT_ALPHA_STATISTIC
ZN_2022_2023_INITIAL_TEST,INITIAL_TEST,155,NONZERO_POSITION_EPISODE,2022-04-04T12:00:00Z,2022-04-04T14:00:00Z,2,-1,281.25,1.51,279.74,ACCOUNTING_ONLY_NOT_ALPHA_STATISTIC
ZN_2022_2023_INITIAL_TEST,INITIAL_TEST,156,NONZERO_POSITION_EPISODE,2022-04-04T23:00:00Z,2022-04-05T00:00:00Z,1,-1,31.25,1.51,29.74,ACCOUNTING_ONLY_NOT_ALPHA_STATISTIC
ZN_2022_2023_INITIAL_TEST,INITIAL_TEST,157,NONZERO_POSITION_EPISODE,2022-04-06T14:00:00Z,2022-04-06T15:00:00Z,1,-1,93.75,1.51,92.24,ACCOUNTING_ONLY_NOT_ALPHA_STATISTIC
ZN_2022_2023_INITIAL_TEST,INITIAL_TEST,158,NONZERO_POSITION_EPISODE,2022-04-06T16:00:00Z,2022-04-06T18:00:00Z,2,-1,31.25,1.51,29.74,ACCOUNTING_ONLY_NOT_ALPHA_STATISTIC
ZN_2022_2023_INITIAL_TEST,INITIAL_TEST,159,NONZERO_POSITION_EPISODE,2022-04-07T01:00:00Z,2022-04-07T03:00:00Z,2,-1,46.875,1.51,45.365,ACCOUNTING_ONLY_NOT_ALPHA_STATISTIC
ZN_2022_2023_INITIAL_TEST,INITIAL_TEST,160,NONZERO_POSITION_EPISODE,2022-04-11T13:00:00Z,2022-04-11T14:00:00Z,1,-1,62.5,1.51,60.99,ACCOUNTING_ONLY_NOT_ALPHA_STATISTIC
ZN_2022_2023_INITIAL_TEST,INITIAL_TEST,161,NONZERO_POSITION_EPISODE,2022-04-12T10:00:00Z,2022-04-12T11:00:00Z,1,-1,31.25,1.51,29.74,ACCOUNTING_ONLY_NOT_ALPHA_STATISTIC
ZN_2022_2023_INITIAL_TEST,INITIAL_TEST,162,NONZERO_POSITION_EPISODE,2022-04-12T12:00:00Z,2022-04-12T18:00:00Z,6,-1,-609.375,4.53,-613.905,ACCOUNTING_ONLY_NOT_ALPHA_STATISTIC
ZN_2022_2023_INITIAL_TEST,INITIAL_TEST,163,NONZERO_POSITION_EPISODE,2022-04-13T11:00:00Z,2022-04-13T12:00:00Z,1,-1,0.0,1.51,-1.51,ACCOUNTING_ONLY_NOT_ALPHA_STATISTIC
ZN_2022_2023_INITIAL_TEST,INITIAL_TEST,164,NONZERO_POSITION_EPISODE,2022-04-13T13:00:00Z,2022-04-13T17:00:00Z,4,-1,-406.25,4.53,-410.78,ACCOUNTING_ONLY_NOT_ALPHA_STATISTIC
ZN_2022_2023_INITIAL_TEST,INITIAL_TEST,165,NONZERO_POSITION_EPISODE,2022-04-14T03:00:00Z,2022-04-14T06:00:00Z,3,-1,0.0,1.51,-1.5100000000000051,ACCOUNTING_ONLY_NOT_ALPHA_STATISTIC
ZN_2022_2023_INITIAL_TEST,INITIAL_TEST,166,NONZERO_POSITION_EPISODE,2022-04-14T12:00:00Z,2022-04-14T13:00:00Z,1,-1,437.5,1.51,435.99,ACCOUNTING_ONLY_NOT_ALPHA_STATISTIC
ZN_2022_2023_INITIAL_TEST,INITIAL_TEST,167,NONZERO_POSITION_EPISODE,2022-04-18T13:00:00Z,2022-04-18T14:00:00Z,1,-1,46.875,1.51,45.365,ACCOUNTING_ONLY_NOT_ALPHA_STATISTIC
ZN_2022_2023_INITIAL_TEST,INITIAL_TEST,168,NONZERO_POSITION_EPISODE,2022-04-20T04:00:00Z,2022-04-20T05:00:00Z,1,-1,93.75,1.51,92.24,ACCOUNTING_ONLY_NOT_ALPHA_STATISTIC
ZN_2022_2023_INITIAL_TEST,INITIAL_TEST,169,NONZERO_POSITION_EPISODE,2022-04-20T08:00:00Z,2022-04-20T13:00:00Z,5,-1,-62.5,1.51,-64.01,ACCOUNTING_ONLY_NOT_ALPHA_STATISTIC
ZN_2022_2023_INITIAL_TEST,INITIAL_TEST,170,NONZERO_POSITION_EPISODE,2022-04-20T18:00:00Z,2022-04-20T19:00:00Z,1,-1,-31.25,1.51,-32.76,ACCOUNTING_ONLY_NOT_ALPHA_STATISTIC
ZN_2022_2023_INITIAL_TEST,INITIAL_TEST,171,NONZERO_POSITION_EPISODE,2022-04-22T07:00:00Z,2022-04-22T08:00:00Z,1,-1,390.625,1.51,389.115,ACCOUNTING_ONLY_NOT_ALPHA_STATISTIC
ZN_2022_2023_INITIAL_TEST,INITIAL_TEST,172,NONZERO_POSITION_EPISODE,2022-04-22T12:00:00Z,2022-04-22T13:00:00Z,1,-1,93.75,1.51,92.24,ACCOUNTING_ONLY_NOT_ALPHA_STATISTIC
ZN_2022_2023_INITIAL_TEST,INITIAL_TEST,173,NONZERO_POSITION_EPISODE,2022-04-22T14:00:00Z,2022-04-22T16:00:00Z,2,-1,-109.375,1.51,-110.88499999999999,ACCOUNTING_ONLY_NOT_ALPHA_STATISTIC
ZN_2022_2023_INITIAL_TEST,INITIAL_TEST,174,NONZERO_POSITION_EPISODE,2022-04-25T02:00:00Z,2022-04-25T05:00:00Z,3,-1,62.5,1.51,60.99,ACCOUNTING_ONLY_NOT_ALPHA_STATISTIC
ZN_2022_2023_INITIAL_TEST,INITIAL_TEST,175,NONZERO_POSITION_EPISODE,2022-04-25T07:00:00Z,2022-04-25T10:00:00Z,3,-1,93.75,1.51,92.24000000000001,ACCOUNTING_ONLY_NOT_ALPHA_STATISTIC
ZN_2022_2023_INITIAL_TEST,INITIAL_TEST,176,NONZERO_POSITION_EPISODE,2022-04-25T12:00:00Z,2022-04-25T13:00:00Z,1,-1,15.625,1.51,14.115,ACCOUNTING_ONLY_NOT_ALPHA_STATISTIC
ZN_2022_2023_INITIAL_TEST,INITIAL_TEST,177,NONZERO_POSITION_EPISODE,2022-04-25T14:00:00Z,2022-04-25T17:00:00Z,3,-1,93.75,1.51,92.24000000000001,ACCOUNTING_ONLY_NOT_ALPHA_STATISTIC
ZN_2022_2023_INITIAL_TEST,INITIAL_TEST,178,NONZERO_POSITION_EPISODE,2022-04-26T09:00:00Z,2022-04-26T17:00:00Z,8,-1,-281.25,1.51,-282.76,ACCOUNTING_ONLY_NOT_ALPHA_STATISTIC
ZN_2022_2023_INITIAL_TEST,INITIAL_TEST,179,NONZERO_POSITION_EPISODE,2022-04-26T20:00:00Z,2022-04-26T23:00:00Z,2,-1,-125.0,1.51,-126.50999999999999,ACCOUNTING_ONLY_NOT_ALPHA_STATISTIC
ZN_2022_2023_INITIAL_TEST,INITIAL_TEST,180,NONZERO_POSITION_EPISODE,2022-04-27T12:00:00Z,2022-04-27T14:00:00Z,2,-1,93.75,1.51,92.24,ACCOUNTING_ONLY_NOT_ALPHA_STATISTIC
ZN_2022_2023_INITIAL_TEST,INITIAL_TEST,181,NONZERO_POSITION_EPISODE,2022-04-28T21:00:00Z,2022-04-28T23:00:00Z,1,-1,78.125,1.51,76.615,ACCOUNTING_ONLY_NOT_ALPHA_STATISTIC
ZN_2022_2023_INITIAL_TEST,INITIAL_TEST,182,NONZERO_POSITION_EPISODE,2022-05-03T14:00:00Z,2022-05-03T16:00:00Z,2,-1,125.0,1.51,123.49000000000001,ACCOUNTING_ONLY_NOT_ALPHA_STATISTIC
ZN_2022_2023_INITIAL_TEST,INITIAL_TEST,183,NONZERO_POSITION_EPISODE,2022-05-04T19:00:00Z,2022-05-04T21:00:00Z,2,-1,218.75,4.53,214.22,ACCOUNTING_ONLY_NOT_ALPHA_STATISTIC
ZN_2022_2023_INITIAL_TEST,INITIAL_TEST,184,NONZERO_POSITION_EPISODE,2022-05-05T00:00:00Z,2022-05-05T03:00:00Z,3,-1,-93.75,1.51,-95.25999999999999,ACCOUNTING_ONLY_NOT_ALPHA_STATISTIC
ZN_2022_2023_INITIAL_TEST,INITIAL_TEST,185,NONZERO_POSITION_EPISODE,2022-05-05T20:00:00Z,2022-05-05T21:00:00Z,1,-1,0.0,1.51,-1.51,ACCOUNTING_ONLY_NOT_ALPHA_STATISTIC
ZN_2022_2023_INITIAL_TEST,INITIAL_TEST,186,NONZERO_POSITION_EPISODE,2022-05-06T14:00:00Z,2022-05-06T15:00:00Z,1,-1,218.75,1.51,217.24,ACCOUNTING_ONLY_NOT_ALPHA_STATISTIC
ZN_2022_2023_INITIAL_TEST,INITIAL_TEST,187,NONZERO_POSITION_EPISODE,2022-05-09T13:00:00Z,2022-05-09T18:00:00Z,5,-1,-343.75,1.51,-345.26,ACCOUNTING_ONLY_NOT_ALPHA_STATISTIC
ZN_2022_2023_INITIAL_TEST,INITIAL_TEST,188,NONZERO_POSITION_EPISODE,2022-05-09T20:00:00Z,2022-05-10T02:00:00Z,5,-1,-46.875,1.51,-48.385000000000005,ACCOUNTING_ONLY_NOT_ALPHA_STATISTIC
ZN_2022_2023_INITIAL_TEST,INITIAL_TEST,189,NONZERO_POSITION_EPISODE,2022-05-10T09:00:00Z,2022-05-10T11:00:00Z,2,-1,-31.25,1.51,-32.760000000000005,ACCOUNTING_ONLY_NOT_ALPHA_STATISTIC
ZN_2022_2023_INITIAL_TEST,INITIAL_TEST,190,NONZERO_POSITION_EPISODE,2022-05-10T12:00:00Z,2022-05-10T16:00:00Z,4,-1,-125.0,4.53,-129.52999999999997,ACCOUNTING_ONLY_NOT_ALPHA_STATISTIC
ZN_2022_2023_INITIAL_TEST,INITIAL_TEST,191,NONZERO_POSITION_EPISODE,2022-05-11T07:00:00Z,2022-05-11T10:00:00Z,3,-1,-109.375,1.51,-110.885,ACCOUNTING_ONLY_NOT_ALPHA_STATISTIC
ZN_2022_2023_INITIAL_TEST,INITIAL_TEST,192,NONZERO_POSITION_EPISODE,2022-05-11T11:00:00Z,2022-05-11T12:00:00Z,1,-1,62.5,1.51,60.99,ACCOUNTING_ONLY_NOT_ALPHA_STATISTIC
ZN_2022_2023_INITIAL_TEST,INITIAL_TEST,193,NONZERO_POSITION_EPISODE,2022-05-11T17:00:00Z,2022-05-11T20:00:00Z,3,-1,-109.375,1.51,-110.885,ACCOUNTING_ONLY_NOT_ALPHA_STATISTIC
ZN_2022_2023_INITIAL_TEST,INITIAL_TEST,194,NONZERO_POSITION_EPISODE,2022-05-12T01:00:00Z,2022-05-12T02:00:00Z,1,-1,109.375,1.51,107.865,ACCOUNTING_ONLY_NOT_ALPHA_STATISTIC
ZN_2022_2023_INITIAL_TEST,INITIAL_TEST,195,NONZERO_POSITION_EPISODE,2022-05-12T06:00:00Z,2022-05-12T11:00:00Z,5,-1,-187.5,1.51,-189.01,ACCOUNTING_ONLY_NOT_ALPHA_STATISTIC
ZN_2022_2023_INITIAL_TEST,INITIAL_TEST,196,NONZERO_POSITION_EPISODE,2022-05-12T12:00:00Z,2022-05-12T13:00:00Z,1,-1,62.5,1.51,60.99,ACCOUNTING_ONLY_NOT_ALPHA_STATISTIC
ZN_2022_2023_INITIAL_TEST,INITIAL_TEST,197,NONZERO_POSITION_EPISODE,2022-05-12T16:00:00Z,2022-05-12T17:00:00Z,1,-1,234.375,1.51,232.865,ACCOUNTING_ONLY_NOT_ALPHA_STATISTIC
ZN_2022_2023_INITIAL_TEST,INITIAL_TEST,198,NONZERO_POSITION_EPISODE,2022-05-12T19:00:00Z,2022-05-12T20:00:00Z,1,-1,375.0,1.51,373.49,ACCOUNTING_ONLY_NOT_ALPHA_STATISTIC
ZN_2022_2023_INITIAL_TEST,INITIAL_TEST,199,NONZERO_POSITION_EPISODE,2022-05-16T03:00:00Z,2022-05-16T05:00:00Z,2,-1,-62.5,1.51,-64.01,ACCOUNTING_ONLY_NOT_ALPHA_STATISTIC
ZN_2022_2023_INITIAL_TEST,INITIAL_TEST,200,NONZERO_POSITION_EPISODE,2022-05-16T07:00:00Z,2022-05-16T08:00:00Z,1,-1,296.875,1.51,295.365,ACCOUNTING_ONLY_NOT_ALPHA_STATISTIC
ZN_2022_2023_INITIAL_TEST,INITIAL_TEST,201,NONZERO_POSITION_EPISODE,2022-05-16T14:00:00Z,2022-05-16T18:00:00Z,4,-1,140.625,4.53,136.095,ACCOUNTING_ONLY_NOT_ALPHA_STATISTIC
ZN_2022_2023_INITIAL_TEST,INITIAL_TEST,202,NONZERO_POSITION_EPISODE,2022-05-18T02:00:00Z,2022-05-18T03:00:00Z,1,-1,93.75,1.51,92.24,ACCOUNTING_ONLY_NOT_ALPHA_STATISTIC
ZN_2022_2023_INITIAL_TEST,INITIAL_TEST,203,NONZERO_POSITION_EPISODE,2022-05-18T14:00:00Z,2022-05-18T20:00:00Z,6,-1,-406.25,1.51,-407.76,ACCOUNTING_ONLY_NOT_ALPHA_STATISTIC
ZN_2022_2023_INITIAL_TEST,INITIAL_TEST,204,NONZERO_POSITION_EPISODE,2022-05-19T00:00:00Z,2022-05-19T01:00:00Z,1,-1,203.125,1.51,201.615,ACCOUNTING_ONLY_NOT_ALPHA_STATISTIC
ZN_2022_2023_INITIAL_TEST,INITIAL_TEST,205,NONZERO_POSITION_EPISODE,2022-05-19T08:00:00Z,2022-05-19T12:00:00Z,4,-1,-109.375,1.51,-110.885,ACCOUNTING_ONLY_NOT_ALPHA_STATISTIC
ZN_2022_2023_INITIAL_TEST,INITIAL_TEST,206,NONZERO_POSITION_EPISODE,2022-05-19T13:00:00Z,2022-05-19T15:00:00Z,2,-1,484.375,4.53,479.845,ACCOUNTING_ONLY_NOT_ALPHA_STATISTIC
ZN_2022_2023_INITIAL_TEST,INITIAL_TEST,207,NONZERO_POSITION_EPISODE,2022-05-20T13:00:00Z,2022-05-20T14:00:00Z,1,-1,250.0,1.51,248.49,ACCOUNTING_ONLY_NOT_ALPHA_STATISTIC
ZN_2022_2023_INITIAL_TEST,INITIAL_TEST,208,NONZERO_POSITION_EPISODE,2022-05-20T15:00:00Z,2022-05-20T18:00:00Z,3,-1,-156.25,1.51,-157.76,ACCOUNTING_ONLY_NOT_ALPHA_STATISTIC
ZN_2022_2023_INITIAL_TEST,INITIAL_TEST,209,NONZERO_POSITION_EPISODE,2022-05-24T08:00:00Z,2022-05-24T10:00:00Z,2,-1,15.625,1.51,14.115000000000002,ACCOUNTING_ONLY_NOT_ALPHA_STATISTIC
ZN_2022_2023_INITIAL_TEST,INITIAL_TEST,210,NONZERO_POSITION_EPISODE,2022-05-24T14:00:00Z,2022-05-24T18:00:00Z,4,-1,-62.5,4.53,-67.03,ACCOUNTING_ONLY_NOT_ALPHA_STATISTIC
ZN_2022_2023_INITIAL_TEST,INITIAL_TEST,211,NONZERO_POSITION_EPISODE,2022-05-25T12:00:00Z,2022-05-25T13:00:00Z,1,-1,0.0,1.51,-1.51,ACCOUNTING_ONLY_NOT_ALPHA_STATISTIC
ZN_2022_2023_INITIAL_TEST,INITIAL_TEST,212,NONZERO_POSITION_EPISODE,2022-05-26T07:00:00Z,2022-05-26T09:00:00Z,2,-1,-46.875,1.51,-48.38499999999999,ACCOUNTING_ONLY_NOT_ALPHA_STATISTIC
ZN_2022_2023_INITIAL_TEST,INITIAL_TEST,213,NONZERO_POSITION_EPISODE,2022-05-31T08:00:00Z,2022-05-31T09:00:00Z,1,-1,156.25,1.51,154.74,ACCOUNTING_ONLY_NOT_ALPHA_STATISTIC
ZN_2022_2023_INITIAL_TEST,INITIAL_TEST,214,NONZERO_POSITION_EPISODE,2022-06-01T13:00:00Z,2022-06-01T15:00:00Z,2,-1,609.375,1.51,607.865,ACCOUNTING_ONLY_NOT_ALPHA_STATISTIC
ZN_2022_2023_INITIAL_TEST,INITIAL_TEST,215,NONZERO_POSITION_EPISODE,2022-06-01T21:00:00Z,2022-06-01T23:00:00Z,1,-1,-31.25,1.51,-32.76,ACCOUNTING_ONLY_NOT_ALPHA_STATISTIC
ZN_2022_2023_INITIAL_TEST,INITIAL_TEST,216,NONZERO_POSITION_EPISODE,2022-06-06T00:00:00Z,2022-06-06T01:00:00Z,1,-1,125.0,1.51,123.49,ACCOUNTING_ONLY_NOT_ALPHA_STATISTIC
ZN_2022_2023_INITIAL_TEST,INITIAL_TEST,217,NONZERO_POSITION_EPISODE,2022-06-07T08:00:00Z,2022-06-07T11:00:00Z,3,-1,-46.875,1.51,-48.385000000000005,ACCOUNTING_ONLY_NOT_ALPHA_STATISTIC
ZN_2022_2023_INITIAL_TEST,INITIAL_TEST,218,NONZERO_POSITION_EPISODE,2022-06-07T13:00:00Z,2022-06-07T17:00:00Z,4,-1,-187.5,1.51,-189.01,ACCOUNTING_ONLY_NOT_ALPHA_STATISTIC
ZN_2022_2023_INITIAL_TEST,INITIAL_TEST,219,NONZERO_POSITION_EPISODE,2022-06-07T18:00:00Z,2022-06-07T19:00:00Z,1,-1,46.875,1.51,45.365,ACCOUNTING_ONLY_NOT_ALPHA_STATISTIC
ZN_2022_2023_INITIAL_TEST,INITIAL_TEST,220,NONZERO_POSITION_EPISODE,2022-06-08T15:00:00Z,2022-06-08T16:00:00Z,1,-1,46.875,1.51,45.365,ACCOUNTING_ONLY_NOT_ALPHA_STATISTIC
ZN_2022_2023_INITIAL_TEST,INITIAL_TEST,221,NONZERO_POSITION_EPISODE,2022-06-09T08:00:00Z,2022-06-09T10:00:00Z,2,-1,31.25,1.51,29.74,ACCOUNTING_ONLY_NOT_ALPHA_STATISTIC
ZN_2022_2023_INITIAL_TEST,INITIAL_TEST,222,NONZERO_POSITION_EPISODE,2022-06-09T18:00:00Z,2022-06-09T19:00:00Z,1,-1,78.125,1.51,76.615,ACCOUNTING_ONLY_NOT_ALPHA_STATISTIC
ZN_2022_2023_INITIAL_TEST,INITIAL_TEST,223,NONZERO_POSITION_EPISODE,2022-06-10T08:00:00Z,2022-06-10T10:00:00Z,2,-1,-15.625,1.51,-17.135000000000005,ACCOUNTING_ONLY_NOT_ALPHA_STATISTIC
ZN_2022_2023_INITIAL_TEST,INITIAL_TEST,224,NONZERO_POSITION_EPISODE,2022-06-14T06:00:00Z,2022-06-14T09:00:00Z,3,-1,-93.75,1.51,-95.26,ACCOUNTING_ONLY_NOT_ALPHA_STATISTIC
ZN_2022_2023_INITIAL_TEST,INITIAL_TEST,225,NONZERO_POSITION_EPISODE,2022-06-14T11:00:00Z,2022-06-14T12:00:00Z,1,-1,421.875,1.51,420.365,ACCOUNTING_ONLY_NOT_ALPHA_STATISTIC
ZN_2022_2023_INITIAL_TEST,INITIAL_TEST,226,NONZERO_POSITION_EPISODE,2022-06-15T02:00:00Z,2022-06-15T04:00:00Z,2,-1,31.25,1.51,29.739999999999995,ACCOUNTING_ONLY_NOT_ALPHA_STATISTIC
ZN_2022_2023_INITIAL_TEST,INITIAL_TEST,227,NONZERO_POSITION_EPISODE,2022-06-15T07:00:00Z,2022-06-15T08:00:00Z,1,-1,187.5,1.51,185.99,ACCOUNTING_ONLY_NOT_ALPHA_STATISTIC
ZN_2022_2023_INITIAL_TEST,INITIAL_TEST,228,NONZERO_POSITION_EPISODE,2022-06-15T10:00:00Z,2022-06-15T13:00:00Z,3,-1,-125.0,1.51,-126.51,ACCOUNTING_ONLY_NOT_ALPHA_STATISTIC
ZN_2022_2023_INITIAL_TEST,INITIAL_TEST,229,NONZERO_POSITION_EPISODE,2022-06-15T20:00:00Z,2022-06-16T00:00:00Z,3,-1,-15.625,7.550000000000001,-23.174999999999997,ACCOUNTING_ONLY_NOT_ALPHA_STATISTIC
ZN_2022_2023_INITIAL_TEST,INITIAL_TEST,230,NONZERO_POSITION_EPISODE,2022-06-16T15:00:00Z,2022-06-17T01:00:00Z,9,-1,-625.0,7.55,-632.55,ACCOUNTING_ONLY_NOT_ALPHA_STATISTIC
ZN_2022_2023_INITIAL_TEST,INITIAL_TEST,231,NONZERO_POSITION_EPISODE,2022-06-17T03:00:00Z,2022-06-17T04:00:00Z,1,-1,140.625,1.51,139.115,ACCOUNTING_ONLY_NOT_ALPHA_STATISTIC
ZN_2022_2023_INITIAL_TEST,INITIAL_TEST,232,NONZERO_POSITION_EPISODE,2022-06-17T10:00:00Z,2022-06-17T11:00:00Z,1,-1,93.75,1.51,92.24,ACCOUNTING_ONLY_NOT_ALPHA_STATISTIC
ZN_2022_2023_INITIAL_TEST,INITIAL_TEST,233,NONZERO_POSITION_EPISODE,2022-06-22T03:00:00Z,2022-06-22T04:00:00Z,1,-1,-15.625,1.51,-17.135,ACCOUNTING_ONLY_NOT_ALPHA_STATISTIC
ZN_2022_2023_INITIAL_TEST,INITIAL_TEST,234,NONZERO_POSITION_EPISODE,2022-06-22T07:00:00Z,2022-06-22T09:00:00Z,2,-1,-15.625,1.51,-17.135,ACCOUNTING_ONLY_NOT_ALPHA_STATISTIC
ZN_2022_2023_INITIAL_TEST,INITIAL_TEST,235,NONZERO_POSITION_EPISODE,2022-06-22T10:00:00Z,2022-06-22T16:00:00Z,6,-1,-328.125,4.53,-332.65500000000003,ACCOUNTING_ONLY_NOT_ALPHA_STATISTIC
ZN_2022_2023_INITIAL_TEST,INITIAL_TEST,236,NONZERO_POSITION_EPISODE,2022-06-22T18:00:00Z,2022-06-22T19:00:00Z,1,-1,93.75,1.51,92.24,ACCOUNTING_ONLY_NOT_ALPHA_STATISTIC
ZN_2022_2023_INITIAL_TEST,INITIAL_TEST,237,NONZERO_POSITION_EPISODE,2022-06-23T01:00:00Z,2022-06-23T02:00:00Z,1,-1,250.0,1.51,248.49,ACCOUNTING_ONLY_NOT_ALPHA_STATISTIC
ZN_2022_2023_INITIAL_TEST,INITIAL_TEST,238,NONZERO_POSITION_EPISODE,2022-06-23T08:00:00Z,2022-06-23T10:00:00Z,2,-1,234.375,4.53,229.84499999999997,ACCOUNTING_ONLY_NOT_ALPHA_STATISTIC
ZN_2022_2023_INITIAL_TEST,INITIAL_TEST,239,NONZERO_POSITION_EPISODE,2022-06-23T13:00:00Z,2022-06-23T16:00:00Z,3,-1,-109.375,6.04,-115.41499999999998,ACCOUNTING_ONLY_NOT_ALPHA_STATISTIC
ZN_2022_2023_INITIAL_TEST,INITIAL_TEST,240,NONZERO_POSITION_EPISODE,2022-06-24T07:00:00Z,2022-06-24T09:00:00Z,2,-1,234.375,1.51,232.865,ACCOUNTING_ONLY_NOT_ALPHA_STATISTIC
ZN_2022_2023_INITIAL_TEST,INITIAL_TEST,241,NONZERO_POSITION_EPISODE,2022-06-27T14:00:00Z,2022-06-27T15:00:00Z,1,-1,93.75,1.51,92.24,ACCOUNTING_ONLY_NOT_ALPHA_STATISTIC
ZN_2022_2023_INITIAL_TEST,INITIAL_TEST,242,NONZERO_POSITION_EPISODE,2022-06-28T14:00:00Z,2022-06-28T15:00:00Z,1,-1,140.625,1.51,139.115,ACCOUNTING_ONLY_NOT_ALPHA_STATISTIC
ZN_2022_2023_INITIAL_TEST,INITIAL_TEST,243,NONZERO_POSITION_EPISODE,2022-06-28T16:00:00Z,2022-06-28T18:00:00Z,2,-1,31.25,1.51,29.739999999999995,ACCOUNTING_ONLY_NOT_ALPHA_STATISTIC
ZN_2022_2023_INITIAL_TEST,INITIAL_TEST,244,NONZERO_POSITION_EPISODE,2022-06-28T20:00:00Z,2022-06-28T23:00:00Z,2,-1,-46.875,1.51,-48.385000000000005,ACCOUNTING_ONLY_NOT_ALPHA_STATISTIC
ZN_2022_2023_INITIAL_TEST,INITIAL_TEST,245,NONZERO_POSITION_EPISODE,2022-06-29T01:00:00Z,2022-06-29T02:00:00Z,1,-1,31.25,1.51,29.74,ACCOUNTING_ONLY_NOT_ALPHA_STATISTIC
ZN_2022_2023_INITIAL_TEST,INITIAL_TEST,246,NONZERO_POSITION_EPISODE,2022-06-29T05:00:00Z,2022-06-29T07:00:00Z,2,-1,46.875,1.51,45.364999999999995,ACCOUNTING_ONLY_NOT_ALPHA_STATISTIC
ZN_2022_2023_INITIAL_TEST,INITIAL_TEST,247,NONZERO_POSITION_EPISODE,2022-06-29T15:00:00Z,2022-06-29T18:00:00Z,3,-1,-31.25,1.51,-32.760000000000005,ACCOUNTING_ONLY_NOT_ALPHA_STATISTIC
ZN_2022_2023_INITIAL_TEST,INITIAL_TEST,248,NONZERO_POSITION_EPISODE,2022-06-29T19:00:00Z,2022-06-29T21:00:00Z,2,-1,-31.25,1.51,-32.76,ACCOUNTING_ONLY_NOT_ALPHA_STATISTIC
ZN_2022_2023_INITIAL_TEST,INITIAL_TEST,249,NONZERO_POSITION_EPISODE,2022-06-29T23:00:00Z,2022-06-30T00:00:00Z,1,-1,-15.625,1.51,-17.135,ACCOUNTING_ONLY_NOT_ALPHA_STATISTIC
ZN_2022_2023_INITIAL_TEST,INITIAL_TEST,250,NONZERO_POSITION_EPISODE,2022-06-30T07:00:00Z,2022-06-30T09:00:00Z,2,-1,-46.875,1.51,-48.38499999999999,ACCOUNTING_ONLY_NOT_ALPHA_STATISTIC
ZN_2022_2023_INITIAL_TEST,INITIAL_TEST,251,NONZERO_POSITION_EPISODE,2022-06-30T12:00:00Z,2022-06-30T20:00:00Z,8,-1,-312.5,1.51,-314.01,ACCOUNTING_ONLY_NOT_ALPHA_STATISTIC
ZN_2022_2023_INITIAL_TEST,INITIAL_TEST,252,NONZERO_POSITION_EPISODE,2022-07-01T03:00:00Z,2022-07-01T07:00:00Z,4,-1,-156.25,1.51,-157.76,ACCOUNTING_ONLY_NOT_ALPHA_STATISTIC
ZN_2022_2023_INITIAL_TEST,INITIAL_TEST,253,NONZERO_POSITION_EPISODE,2022-07-01T11:00:00Z,2022-07-01T17:00:00Z,6,-1,-421.875,1.51,-423.385,ACCOUNTING_ONLY_NOT_ALPHA_STATISTIC
ZN_2022_2023_INITIAL_TEST,INITIAL_TEST,254,NONZERO_POSITION_EPISODE,2022-07-01T19:00:00Z,2022-07-01T20:00:00Z,1,-1,62.5,1.51,60.99,ACCOUNTING_ONLY_NOT_ALPHA_STATISTIC
ZN_2022_2023_INITIAL_TEST,INITIAL_TEST,255,NONZERO_POSITION_EPISODE,2022-07-04T01:00:00Z,2022-07-04T02:00:00Z,1,-1,109.375,1.51,107.865,ACCOUNTING_ONLY_NOT_ALPHA_STATISTIC
ZN_2022_2023_INITIAL_TEST,INITIAL_TEST,256,NONZERO_POSITION_EPISODE,2022-07-05T09:00:00Z,2022-07-05T11:00:00Z,2,-1,187.5,1.51,185.99,ACCOUNTING_ONLY_NOT_ALPHA_STATISTIC
ZN_2022_2023_INITIAL_TEST,INITIAL_TEST,257,NONZERO_POSITION_EPISODE,2022-07-05T12:00:00Z,2022-07-05T18:00:00Z,6,-1,-562.5,7.55,-570.05,ACCOUNTING_ONLY_NOT_ALPHA_STATISTIC
ZN_2022_2023_INITIAL_TEST,INITIAL_TEST,258,NONZERO_POSITION_EPISODE,2022-07-06T12:00:00Z,2022-07-06T14:00:00Z,2,-1,203.125,1.51,201.615,ACCOUNTING_ONLY_NOT_ALPHA_STATISTIC
ZN_2022_2023_INITIAL_TEST,INITIAL_TEST,259,NONZERO_POSITION_EPISODE,2022-07-07T12:00:00Z,2022-07-07T13:00:00Z,1,-1,328.125,1.51,326.615,ACCOUNTING_ONLY_NOT_ALPHA_STATISTIC
ZN_2022_2023_INITIAL_TEST,INITIAL_TEST,260,NONZERO_POSITION_EPISODE,2022-07-08T03:00:00Z,2022-07-08T04:00:00Z,1,-1,46.875,1.51,45.365,ACCOUNTING_ONLY_NOT_ALPHA_STATISTIC
ZN_2022_2023_INITIAL_TEST,INITIAL_TEST,261,NONZERO_POSITION_EPISODE,2022-07-11T08:00:00Z,2022-07-11T09:00:00Z,1,-1,93.75,1.51,92.24,ACCOUNTING_ONLY_NOT_ALPHA_STATISTIC
ZN_2022_2023_INITIAL_TEST,INITIAL_TEST,262,NONZERO_POSITION_EPISODE,2022-07-11T13:00:00Z,2022-07-11T17:00:00Z,4,-1,-187.5,4.53,-192.02999999999997,ACCOUNTING_ONLY_NOT_ALPHA_STATISTIC
ZN_2022_2023_INITIAL_TEST,INITIAL_TEST,263,NONZERO_POSITION_EPISODE,2022-07-12T03:00:00Z,2022-07-12T04:00:00Z,1,-1,125.0,1.51,123.49,ACCOUNTING_ONLY_NOT_ALPHA_STATISTIC
ZN_2022_2023_INITIAL_TEST,INITIAL_TEST,264,NONZERO_POSITION_EPISODE,2022-07-12T08:00:00Z,2022-07-12T11:00:00Z,3,-1,-109.375,1.51,-110.88499999999999,ACCOUNTING_ONLY_NOT_ALPHA_STATISTIC
ZN_2022_2023_INITIAL_TEST,INITIAL_TEST,265,NONZERO_POSITION_EPISODE,2022-07-13T08:00:00Z,2022-07-13T09:00:00Z,1,-1,109.375,1.51,107.865,ACCOUNTING_ONLY_NOT_ALPHA_STATISTIC
ZN_2022_2023_INITIAL_TEST,INITIAL_TEST,266,NONZERO_POSITION_EPISODE,2022-07-13T15:00:00Z,2022-07-13T19:00:00Z,4,-1,328.125,4.53,323.595,ACCOUNTING_ONLY_NOT_ALPHA_STATISTIC
ZN_2022_2023_INITIAL_TEST,INITIAL_TEST,267,NONZERO_POSITION_EPISODE,2022-07-14T12:00:00Z,2022-07-14T13:00:00Z,1,-1,406.25,1.51,404.74,ACCOUNTING_ONLY_NOT_ALPHA_STATISTIC
ZN_2022_2023_INITIAL_TEST,INITIAL_TEST,268,NONZERO_POSITION_EPISODE,2022-07-15T07:00:00Z,2022-07-15T08:00:00Z,1,-1,125.0,1.51,123.49,ACCOUNTING_ONLY_NOT_ALPHA_STATISTIC
ZN_2022_2023_INITIAL_TEST,INITIAL_TEST,269,NONZERO_POSITION_EPISODE,2022-07-15T13:00:00Z,2022-07-15T14:00:00Z,1,-1,234.375,1.51,232.865,ACCOUNTING_ONLY_NOT_ALPHA_STATISTIC
ZN_2022_2023_INITIAL_TEST,INITIAL_TEST,270,NONZERO_POSITION_EPISODE,2022-07-18T01:00:00Z,2022-07-18T03:00:00Z,2,-1,0.0,1.51,-1.5100000000000016,ACCOUNTING_ONLY_NOT_ALPHA_STATISTIC
ZN_2022_2023_INITIAL_TEST,INITIAL_TEST,271,NONZERO_POSITION_EPISODE,2022-07-18T18:00:00Z,2022-07-18T20:00:00Z,2,-1,15.625,1.51,14.114999999999995,ACCOUNTING_ONLY_NOT_ALPHA_STATISTIC
ZN_2022_2023_INITIAL_TEST,INITIAL_TEST,272,NONZERO_POSITION_EPISODE,2022-07-20T08:00:00Z,2022-07-20T10:00:00Z,2,-1,46.875,1.51,45.364999999999995,ACCOUNTING_ONLY_NOT_ALPHA_STATISTIC
ZN_2022_2023_INITIAL_TEST,INITIAL_TEST,273,NONZERO_POSITION_EPISODE,2022-07-20T11:00:00Z,2022-07-20T14:00:00Z,3,-1,15.625,1.51,14.115,ACCOUNTING_ONLY_NOT_ALPHA_STATISTIC
ZN_2022_2023_INITIAL_TEST,INITIAL_TEST,274,NONZERO_POSITION_EPISODE,2022-07-21T14:00:00Z,2022-07-21T17:00:00Z,3,-1,-78.125,4.53,-82.65499999999999,ACCOUNTING_ONLY_NOT_ALPHA_STATISTIC
ZN_2022_2023_INITIAL_TEST,INITIAL_TEST,275,NONZERO_POSITION_EPISODE,2022-07-21T18:00:00Z,2022-07-22T01:00:00Z,6,-1,-328.125,1.51,-329.635,ACCOUNTING_ONLY_NOT_ALPHA_STATISTIC
ZN_2022_2023_INITIAL_TEST,INITIAL_TEST,276,NONZERO_POSITION_EPISODE,2022-07-22T08:00:00Z,2022-07-22T13:00:00Z,5,-1,-109.375,4.53,-113.905,ACCOUNTING_ONLY_NOT_ALPHA_STATISTIC
ZN_2022_2023_INITIAL_TEST,INITIAL_TEST,277,NONZERO_POSITION_EPISODE,2022-07-22T14:00:00Z,2022-07-22T15:00:00Z,1,-1,531.25,3.02,528.23,ACCOUNTING_ONLY_NOT_ALPHA_STATISTIC
ZN_2022_2023_INITIAL_TEST,INITIAL_TEST,278,NONZERO_POSITION_EPISODE,2022-07-22T17:00:00Z,2022-07-22T18:00:00Z,1,-1,93.75,1.51,92.24,ACCOUNTING_ONLY_NOT_ALPHA_STATISTIC
ZN_2022_2023_INITIAL_TEST,INITIAL_TEST,279,NONZERO_POSITION_EPISODE,2022-07-22T20:00:00Z,2022-07-24T23:00:00Z,2,-1,218.75,1.51,217.24,ACCOUNTING_ONLY_NOT_ALPHA_STATISTIC
ZN_2022_2023_INITIAL_TEST,INITIAL_TEST,280,NONZERO_POSITION_EPISODE,2022-07-24T23:00:00Z,2022-07-25T00:00:00Z,1,1,-15.625,3.02,-18.645,ACCOUNTING_ONLY_NOT_ALPHA_STATISTIC
ZN_2022_2023_INITIAL_TEST,INITIAL_TEST,281,NONZERO_POSITION_EPISODE,2022-07-25T09:00:00Z,2022-07-25T10:00:00Z,1,1,109.375,1.51,107.865,ACCOUNTING_ONLY_NOT_ALPHA_STATISTIC
ZN_2022_2023_INITIAL_TEST,INITIAL_TEST,282,NONZERO_POSITION_EPISODE,2022-07-25T13:00:00Z,2022-07-25T14:00:00Z,1,1,46.875,1.51,45.365,ACCOUNTING_ONLY_NOT_ALPHA_STATISTIC
ZN_2022_2023_INITIAL_TEST,INITIAL_TEST,283,NONZERO_POSITION_EPISODE,2022-07-26T16:00:00Z,2022-07-26T23:00:00Z,6,1,-281.25,1.51,-282.76,ACCOUNTING_ONLY_NOT_ALPHA_STATISTIC
ZN_2022_2023_INITIAL_TEST,INITIAL_TEST,284,NONZERO_POSITION_EPISODE,2022-07-27T01:00:00Z,2022-07-27T02:00:00Z,1,1,62.5,1.51,60.99,ACCOUNTING_ONLY_NOT_ALPHA_STATISTIC
ZN_2022_2023_INITIAL_TEST,INITIAL_TEST,285,NONZERO_POSITION_EPISODE,2022-07-27T20:00:00Z,2022-07-27T21:00:00Z,1,1,15.625,1.51,14.115,ACCOUNTING_ONLY_NOT_ALPHA_STATISTIC
ZN_2022_2023_INITIAL_TEST,INITIAL_TEST,286,NONZERO_POSITION_EPISODE,2022-07-28T04:00:00Z,2022-07-28T05:00:00Z,1,1,-15.625,1.51,-17.135,ACCOUNTING_ONLY_NOT_ALPHA_STATISTIC
ZN_2022_2023_INITIAL_TEST,INITIAL_TEST,287,NONZERO_POSITION_EPISODE,2022-07-28T07:00:00Z,2022-07-28T08:00:00Z,1,1,15.625,1.51,14.115,ACCOUNTING_ONLY_NOT_ALPHA_STATISTIC
ZN_2022_2023_INITIAL_TEST,INITIAL_TEST,288,NONZERO_POSITION_EPISODE,2022-07-29T09:00:00Z,2022-07-29T11:00:00Z,2,1,31.25,1.51,29.739999999999995,ACCOUNTING_ONLY_NOT_ALPHA_STATISTIC
ZN_2022_2023_INITIAL_TEST,INITIAL_TEST,289,NONZERO_POSITION_EPISODE,2022-08-02T14:00:00Z,2022-08-02T23:00:00Z,8,1,-2875.0,10.57,-2885.57,ACCOUNTING_ONLY_NOT_ALPHA_STATISTIC
ZN_2022_2023_INITIAL_TEST,INITIAL_TEST,290,NONZERO_POSITION_EPISODE,2022-08-03T08:00:00Z,2022-08-03T13:00:00Z,5,1,-250.0,1.51,-251.51,ACCOUNTING_ONLY_NOT_ALPHA_STATISTIC
ZN_2022_2023_INITIAL_TEST,INITIAL_TEST,291,NONZERO_POSITION_EPISODE,2022-08-03T15:00:00Z,2022-08-03T16:00:00Z,1,1,250.0,1.51,248.49,ACCOUNTING_ONLY_NOT_ALPHA_STATISTIC
ZN_2022_2023_INITIAL_TEST,INITIAL_TEST,292,NONZERO_POSITION_EPISODE,2022-08-05T13:00:00Z,2022-08-05T18:00:00Z,5,1,-1015.625,7.550000000000001,-1023.175,ACCOUNTING_ONLY_NOT_ALPHA_STATISTIC
ZN_2022_2023_INITIAL_TEST,INITIAL_TEST,293,NONZERO_POSITION_EPISODE,2022-08-05T19:00:00Z,2022-08-05T20:00:00Z,1,1,0.0,1.51,-1.51,ACCOUNTING_ONLY_NOT_ALPHA_STATISTIC
ZN_2022_2023_INITIAL_TEST,INITIAL_TEST,294,NONZERO_POSITION_EPISODE,2022-08-10T18:00:00Z,2022-08-10T21:00:00Z,3,1,-46.875,1.51,-48.385,ACCOUNTING_ONLY_NOT_ALPHA_STATISTIC
ZN_2022_2023_INITIAL_TEST,INITIAL_TEST,295,NONZERO_POSITION_EPISODE,2022-08-11T15:00:00Z,2022-08-11T21:00:00Z,6,1,-359.375,1.51,-360.885,ACCOUNTING_ONLY_NOT_ALPHA_STATISTIC
ZN_2022_2023_INITIAL_TEST,INITIAL_TEST,296,NONZERO_POSITION_EPISODE,2022-08-15T08:00:00Z,2022-08-15T09:00:00Z,1,1,234.375,1.51,232.865,ACCOUNTING_ONLY_NOT_ALPHA_STATISTIC
ZN_2022_2023_INITIAL_TEST,INITIAL_TEST,297,NONZERO_POSITION_EPISODE,2022-08-16T13:00:00Z,2022-08-16T16:00:00Z,3,1,-78.125,1.51,-79.63499999999999,ACCOUNTING_ONLY_NOT_ALPHA_STATISTIC
ZN_2022_2023_INITIAL_TEST,INITIAL_TEST,298,NONZERO_POSITION_EPISODE,2022-08-17T07:00:00Z,2022-08-17T11:00:00Z,4,1,-250.0,4.53,-254.53,ACCOUNTING_ONLY_NOT_ALPHA_STATISTIC
ZN_2022_2023_INITIAL_TEST,INITIAL_TEST,299,NONZERO_POSITION_EPISODE,2022-08-17T12:00:00Z,2022-08-17T13:00:00Z,1,1,203.125,1.51,201.615,ACCOUNTING_ONLY_NOT_ALPHA_STATISTIC
ZN_2022_2023_INITIAL_TEST,INITIAL_TEST,300,NONZERO_POSITION_EPISODE,2022-08-17T14:00:00Z,2022-08-17T17:00:00Z,3,1,-62.5,1.51,-64.00999999999999,ACCOUNTING_ONLY_NOT_ALPHA_STATISTIC
ZN_2022_2023_INITIAL_TEST,INITIAL_TEST,301,NONZERO_POSITION_EPISODE,2022-08-17T18:00:00Z,2022-08-17T19:00:00Z,1,1,171.875,1.51,170.365,ACCOUNTING_ONLY_NOT_ALPHA_STATISTIC
ZN_2022_2023_INITIAL_TEST,INITIAL_TEST,302,NONZERO_POSITION_EPISODE,2022-08-18T07:00:00Z,2022-08-18T08:00:00Z,1,1,218.75,1.51,217.24,ACCOUNTING_ONLY_NOT_ALPHA_STATISTIC
ZN_2022_2023_INITIAL_TEST,INITIAL_TEST,303,NONZERO_POSITION_EPISODE,2022-08-18T17:00:00Z,2022-08-18T18:00:00Z,1,1,-46.875,1.51,-48.385,ACCOUNTING_ONLY_NOT_ALPHA_STATISTIC
ZN_2022_2023_INITIAL_TEST,INITIAL_TEST,304,NONZERO_POSITION_EPISODE,2022-08-19T01:00:00Z,2022-08-19T02:00:00Z,1,1,31.25,1.51,29.74,ACCOUNTING_ONLY_NOT_ALPHA_STATISTIC
ZN_2022_2023_INITIAL_TEST,INITIAL_TEST,305,NONZERO_POSITION_EPISODE,2022-08-19T04:00:00Z,2022-08-19T05:00:00Z,1,1,0.0,1.51,-1.51,ACCOUNTING_ONLY_NOT_ALPHA_STATISTIC
ZN_2022_2023_INITIAL_TEST,INITIAL_TEST,306,NONZERO_POSITION_EPISODE,2022-08-19T07:00:00Z,2022-08-19T09:00:00Z,2,1,109.375,1.51,107.86500000000001,ACCOUNTING_ONLY_NOT_ALPHA_STATISTIC
ZN_2022_2023_INITIAL_TEST,INITIAL_TEST,307,NONZERO_POSITION_EPISODE,2022-08-19T12:00:00Z,2022-08-19T14:00:00Z,2,1,-62.5,1.51,-64.00999999999999,ACCOUNTING_ONLY_NOT_ALPHA_STATISTIC
ZN_2022_2023_INITIAL_TEST,INITIAL_TEST,308,NONZERO_POSITION_EPISODE,2022-08-19T15:00:00Z,2022-08-19T17:00:00Z,2,1,78.125,1.51,76.615,ACCOUNTING_ONLY_NOT_ALPHA_STATISTIC
ZN_2022_2023_INITIAL_TEST,INITIAL_TEST,309,NONZERO_POSITION_EPISODE,2022-08-22T01:00:00Z,2022-08-22T02:00:00Z,1,1,62.5,1.51,60.99,ACCOUNTING_ONLY_NOT_ALPHA_STATISTIC
ZN_2022_2023_INITIAL_TEST,INITIAL_TEST,310,NONZERO_POSITION_EPISODE,2022-08-22T11:00:00Z,2022-08-22T12:00:00Z,1,1,62.5,1.51,60.99,ACCOUNTING_ONLY_NOT_ALPHA_STATISTIC
ZN_2022_2023_INITIAL_TEST,INITIAL_TEST,311,NONZERO_POSITION_EPISODE,2022-08-22T13:00:00Z,2022-08-22T20:00:00Z,7,1,-296.875,1.51,-298.385,ACCOUNTING_ONLY_NOT_ALPHA_STATISTIC
ZN_2022_2023_INITIAL_TEST,INITIAL_TEST,312,NONZERO_POSITION_EPISODE,2022-08-23T07:00:00Z,2022-08-23T08:00:00Z,1,-1,109.375,1.51,107.865,ACCOUNTING_ONLY_NOT_ALPHA_STATISTIC
ZN_2022_2023_INITIAL_TEST,INITIAL_TEST,313,NONZERO_POSITION_EPISODE,2022-08-23T15:00:00Z,2022-08-23T17:00:00Z,2,-1,125.0,4.53,120.47,ACCOUNTING_ONLY_NOT_ALPHA_STATISTIC
ZN_2022_2023_INITIAL_TEST,INITIAL_TEST,314,NONZERO_POSITION_EPISODE,2022-08-25T08:00:00Z,2022-08-25T09:00:00Z,1,-1,46.875,1.51,45.365,ACCOUNTING_ONLY_NOT_ALPHA_STATISTIC
ZN_2022_2023_INITIAL_TEST,INITIAL_TEST,315,NONZERO_POSITION_EPISODE,2022-08-25T17:00:00Z,2022-08-25T23:00:00Z,5,-1,-343.75,4.53,-348.28,ACCOUNTING_ONLY_NOT_ALPHA_STATISTIC
ZN_2022_2023_INITIAL_TEST,INITIAL_TEST,316,NONZERO_POSITION_EPISODE,2022-08-26T13:00:00Z,2022-08-26T15:00:00Z,2,-1,93.75,1.51,92.24,ACCOUNTING_ONLY_NOT_ALPHA_STATISTIC
ZN_2022_2023_INITIAL_TEST,INITIAL_TEST,317,NONZERO_POSITION_EPISODE,2022-08-26T16:00:00Z,2022-08-26T17:00:00Z,1,-1,140.625,1.51,139.115,ACCOUNTING_ONLY_NOT_ALPHA_STATISTIC
ZN_2022_2023_INITIAL_TEST,INITIAL_TEST,318,NONZERO_POSITION_EPISODE,2022-08-30T05:00:00Z,2022-08-30T06:00:00Z,1,-1,31.25,1.51,29.74,ACCOUNTING_ONLY_NOT_ALPHA_STATISTIC
ZN_2022_2023_INITIAL_TEST,INITIAL_TEST,319,NONZERO_POSITION_EPISODE,2022-08-30T09:00:00Z,2022-08-30T10:00:00Z,1,-1,31.25,1.51,29.74,ACCOUNTING_ONLY_NOT_ALPHA_STATISTIC
ZN_2022_2023_INITIAL_TEST,INITIAL_TEST,320,NONZERO_POSITION_EPISODE,2022-08-30T11:00:00Z,2022-08-30T12:00:00Z,1,-1,31.25,1.51,29.74,ACCOUNTING_ONLY_NOT_ALPHA_STATISTIC
ZN_2022_2023_INITIAL_TEST,INITIAL_TEST,321,NONZERO_POSITION_EPISODE,2022-08-31T06:00:00Z,2022-08-31T08:00:00Z,2,-1,15.625,1.51,14.114999999999995,ACCOUNTING_ONLY_NOT_ALPHA_STATISTIC
ZN_2022_2023_INITIAL_TEST,INITIAL_TEST,322,NONZERO_POSITION_EPISODE,2022-08-31T14:00:00Z,2022-08-31T16:00:00Z,2,-1,125.0,4.53,120.47,ACCOUNTING_ONLY_NOT_ALPHA_STATISTIC
ZN_2022_2023_INITIAL_TEST,INITIAL_TEST,323,NONZERO_POSITION_EPISODE,2022-09-01T06:00:00Z,2022-09-01T07:00:00Z,1,-1,78.125,1.51,76.615,ACCOUNTING_ONLY_NOT_ALPHA_STATISTIC
ZN_2022_2023_INITIAL_TEST,INITIAL_TEST,324,NONZERO_POSITION_EPISODE,2022-09-01T10:00:00Z,2022-09-01T11:00:00Z,1,-1,93.75,1.51,92.24,ACCOUNTING_ONLY_NOT_ALPHA_STATISTIC
ZN_2022_2023_INITIAL_TEST,INITIAL_TEST,325,NONZERO_POSITION_EPISODE,2022-09-02T07:00:00Z,2022-09-02T08:00:00Z,1,-1,125.0,1.51,123.49,ACCOUNTING_ONLY_NOT_ALPHA_STATISTIC
ZN_2022_2023_INITIAL_TEST,INITIAL_TEST,326,NONZERO_POSITION_EPISODE,2022-09-02T14:00:00Z,2022-09-02T16:00:00Z,2,-1,843.75,9.06,834.69,ACCOUNTING_ONLY_NOT_ALPHA_STATISTIC
ZN_2022_2023_INITIAL_TEST,INITIAL_TEST,327,NONZERO_POSITION_EPISODE,2022-09-02T17:00:00Z,2022-09-02T20:00:00Z,3,-1,-31.25,1.51,-32.760000000000005,ACCOUNTING_ONLY_NOT_ALPHA_STATISTIC
ZN_2022_2023_INITIAL_TEST,INITIAL_TEST,328,NONZERO_POSITION_EPISODE,2022-09-02T21:00:00Z,2022-09-05T00:00:00Z,2,-1,15.625,1.51,14.115000000000009,ACCOUNTING_ONLY_NOT_ALPHA_STATISTIC
ZN_2022_2023_INITIAL_TEST,INITIAL_TEST,329,NONZERO_POSITION_EPISODE,2022-09-05T15:00:00Z,2022-09-05T16:00:00Z,1,-1,62.5,1.51,60.99,ACCOUNTING_ONLY_NOT_ALPHA_STATISTIC
ZN_2022_2023_INITIAL_TEST,INITIAL_TEST,330,NONZERO_POSITION_EPISODE,2022-09-06T01:00:00Z,2022-09-06T03:00:00Z,2,-1,62.5,1.51,60.99,ACCOUNTING_ONLY_NOT_ALPHA_STATISTIC
ZN_2022_2023_INITIAL_TEST,INITIAL_TEST,331,NONZERO_POSITION_EPISODE,2022-09-06T11:00:00Z,2022-09-06T12:00:00Z,1,-1,78.125,1.51,76.615,ACCOUNTING_ONLY_NOT_ALPHA_STATISTIC
ZN_2022_2023_INITIAL_TEST,INITIAL_TEST,332,NONZERO_POSITION_EPISODE,2022-09-07T08:00:00Z,2022-09-07T11:00:00Z,3,-1,-15.625,4.53,-20.155,ACCOUNTING_ONLY_NOT_ALPHA_STATISTIC
ZN_2022_2023_INITIAL_TEST,INITIAL_TEST,333,NONZERO_POSITION_EPISODE,2022-09-07T13:00:00Z,2022-09-07T21:00:00Z,8,-1,-281.25,4.53,-285.78,ACCOUNTING_ONLY_NOT_ALPHA_STATISTIC
ZN_2022_2023_INITIAL_TEST,INITIAL_TEST,334,NONZERO_POSITION_EPISODE,2022-09-08T02:00:00Z,2022-09-08T03:00:00Z,1,-1,-15.625,1.51,-17.135,ACCOUNTING_ONLY_NOT_ALPHA_STATISTIC
ZN_2022_2023_INITIAL_TEST,INITIAL_TEST,335,NONZERO_POSITION_EPISODE,2022-09-08T04:00:00Z,2022-09-08T07:00:00Z,3,-1,0.0,1.51,-1.509999999999998,ACCOUNTING_ONLY_NOT_ALPHA_STATISTIC
ZN_2022_2023_INITIAL_TEST,INITIAL_TEST,336,NONZERO_POSITION_EPISODE,2022-09-08T12:00:00Z,2022-09-08T13:00:00Z,1,-1,375.0,1.51,373.49,ACCOUNTING_ONLY_NOT_ALPHA_STATISTIC
ZN_2022_2023_INITIAL_TEST,INITIAL_TEST,337,NONZERO_POSITION_EPISODE,2022-09-09T10:00:00Z,2022-09-09T12:00:00Z,2,-1,-46.875,1.51,-48.385000000000005,ACCOUNTING_ONLY_NOT_ALPHA_STATISTIC
ZN_2022_2023_INITIAL_TEST,INITIAL_TEST,338,NONZERO_POSITION_EPISODE,2022-09-12T08:00:00Z,2022-09-12T15:00:00Z,7,-1,-250.0,1.51,-251.51,ACCOUNTING_ONLY_NOT_ALPHA_STATISTIC
ZN_2022_2023_INITIAL_TEST,INITIAL_TEST,339,NONZERO_POSITION_EPISODE,2022-09-14T05:00:00Z,2022-09-14T06:00:00Z,1,-1,0.0,1.51,-1.51,ACCOUNTING_ONLY_NOT_ALPHA_STATISTIC
ZN_2022_2023_INITIAL_TEST,INITIAL_TEST,340,NONZERO_POSITION_EPISODE,2022-09-14T15:00:00Z,2022-09-14T18:00:00Z,3,-1,46.875,4.53,42.345000000000006,ACCOUNTING_ONLY_NOT_ALPHA_STATISTIC
ZN_2022_2023_INITIAL_TEST,INITIAL_TEST,341,NONZERO_POSITION_EPISODE,2022-09-15T13:00:00Z,2022-09-15T14:00:00Z,1,-1,109.375,1.51,107.865,ACCOUNTING_ONLY_NOT_ALPHA_STATISTIC
ZN_2022_2023_INITIAL_TEST,INITIAL_TEST,342,NONZERO_POSITION_EPISODE,2022-09-16T01:00:00Z,2022-09-16T02:00:00Z,1,-1,46.875,1.51,45.365,ACCOUNTING_ONLY_NOT_ALPHA_STATISTIC
ZN_2022_2023_INITIAL_TEST,INITIAL_TEST,343,NONZERO_POSITION_EPISODE,2022-09-16T12:00:00Z,2022-09-16T13:00:00Z,1,-1,156.25,1.51,154.74,ACCOUNTING_ONLY_NOT_ALPHA_STATISTIC
ZN_2022_2023_INITIAL_TEST,INITIAL_TEST,344,NONZERO_POSITION_EPISODE,2022-09-16T14:00:00Z,2022-09-16T17:00:00Z,3,-1,-78.125,1.51,-79.635,ACCOUNTING_ONLY_NOT_ALPHA_STATISTIC
ZN_2022_2023_INITIAL_TEST,INITIAL_TEST,345,NONZERO_POSITION_EPISODE,2022-09-16T18:00:00Z,2022-09-16T20:00:00Z,2,-1,15.625,1.51,14.115000000000002,ACCOUNTING_ONLY_NOT_ALPHA_STATISTIC
ZN_2022_2023_INITIAL_TEST,INITIAL_TEST,346,NONZERO_POSITION_EPISODE,2022-09-19T00:00:00Z,2022-09-19T01:00:00Z,1,-1,78.125,1.51,76.615,ACCOUNTING_ONLY_NOT_ALPHA_STATISTIC
ZN_2022_2023_INITIAL_TEST,INITIAL_TEST,347,NONZERO_POSITION_EPISODE,2022-09-19T17:00:00Z,2022-09-19T18:00:00Z,1,-1,78.125,1.51,76.615,ACCOUNTING_ONLY_NOT_ALPHA_STATISTIC
ZN_2022_2023_INITIAL_TEST,INITIAL_TEST,348,NONZERO_POSITION_EPISODE,2022-09-20T03:00:00Z,2022-09-20T05:00:00Z,2,-1,78.125,1.51,76.615,ACCOUNTING_ONLY_NOT_ALPHA_STATISTIC
ZN_2022_2023_INITIAL_TEST,INITIAL_TEST,349,NONZERO_POSITION_EPISODE,2022-09-20T18:00:00Z,2022-09-20T19:00:00Z,1,-1,203.125,1.51,201.615,ACCOUNTING_ONLY_NOT_ALPHA_STATISTIC
ZN_2022_2023_INITIAL_TEST,INITIAL_TEST,350,NONZERO_POSITION_EPISODE,2022-09-21T01:00:00Z,2022-09-21T03:00:00Z,2,-1,-15.625,1.51,-17.135000000000005,ACCOUNTING_ONLY_NOT_ALPHA_STATISTIC
ZN_2022_2023_INITIAL_TEST,INITIAL_TEST,351,NONZERO_POSITION_EPISODE,2022-09-21T06:00:00Z,2022-09-21T10:00:00Z,4,-1,-78.125,4.53,-82.655,ACCOUNTING_ONLY_NOT_ALPHA_STATISTIC
ZN_2022_2023_INITIAL_TEST,INITIAL_TEST,352,NONZERO_POSITION_EPISODE,2022-09-21T19:00:00Z,2022-09-21T21:00:00Z,2,-1,718.75,9.06,709.69,ACCOUNTING_ONLY_NOT_ALPHA_STATISTIC
ZN_2022_2023_INITIAL_TEST,INITIAL_TEST,353,NONZERO_POSITION_EPISODE,2022-09-22T09:00:00Z,2022-09-22T10:00:00Z,1,-1,78.125,1.51,76.615,ACCOUNTING_ONLY_NOT_ALPHA_STATISTIC
ZN_2022_2023_INITIAL_TEST,INITIAL_TEST,354,NONZERO_POSITION_EPISODE,2022-09-22T11:00:00Z,2022-09-22T12:00:00Z,1,-1,78.125,1.51,76.615,ACCOUNTING_ONLY_NOT_ALPHA_STATISTIC
ZN_2022_2023_INITIAL_TEST,INITIAL_TEST,355,NONZERO_POSITION_EPISODE,2022-09-23T07:00:00Z,2022-09-23T09:00:00Z,2,-1,390.625,3.02,387.605,ACCOUNTING_ONLY_NOT_ALPHA_STATISTIC
ZN_2022_2023_INITIAL_TEST,INITIAL_TEST,356,NONZERO_POSITION_EPISODE,2022-09-23T13:00:00Z,2022-09-23T16:00:00Z,3,-1,93.75,1.51,92.24000000000001,ACCOUNTING_ONLY_NOT_ALPHA_STATISTIC
ZN_2022_2023_INITIAL_TEST,INITIAL_TEST,357,NONZERO_POSITION_EPISODE,2022-09-23T17:00:00Z,2022-09-23T19:00:00Z,2,-1,328.125,4.53,323.595,ACCOUNTING_ONLY_NOT_ALPHA_STATISTIC
ZN_2022_2023_INITIAL_TEST,INITIAL_TEST,358,NONZERO_POSITION_EPISODE,2022-09-23T20:00:00Z,2022-09-23T21:00:00Z,1,-1,109.375,1.51,107.865,ACCOUNTING_ONLY_NOT_ALPHA_STATISTIC
ZN_2022_2023_INITIAL_TEST,INITIAL_TEST,359,NONZERO_POSITION_EPISODE,2022-09-26T13:00:00Z,2022-09-26T14:00:00Z,1,-1,281.25,3.02,278.23,ACCOUNTING_ONLY_NOT_ALPHA_STATISTIC
ZN_2022_2023_INITIAL_TEST,INITIAL_TEST,360,NONZERO_POSITION_EPISODE,2022-09-27T01:00:00Z,2022-09-27T02:00:00Z,1,-1,46.875,1.51,45.365,ACCOUNTING_ONLY_NOT_ALPHA_STATISTIC
ZN_2022_2023_INITIAL_TEST,INITIAL_TEST,361,NONZERO_POSITION_EPISODE,2022-09-27T04:00:00Z,2022-09-27T05:00:00Z,1,-1,46.875,1.51,45.365,ACCOUNTING_ONLY_NOT_ALPHA_STATISTIC
ZN_2022_2023_INITIAL_TEST,INITIAL_TEST,362,NONZERO_POSITION_EPISODE,2022-09-27T07:00:00Z,2022-09-27T13:00:00Z,6,-1,-46.875,1.51,-48.38499999999999,ACCOUNTING_ONLY_NOT_ALPHA_STATISTIC
ZN_2022_2023_INITIAL_TEST,INITIAL_TEST,363,NONZERO_POSITION_EPISODE,2022-09-27T21:00:00Z,2022-09-27T23:00:00Z,1,-1,62.5,1.51,60.99,ACCOUNTING_ONLY_NOT_ALPHA_STATISTIC
ZN_2022_2023_INITIAL_TEST,INITIAL_TEST,364,NONZERO_POSITION_EPISODE,2022-09-28T00:00:00Z,2022-09-28T01:00:00Z,1,-1,140.625,1.51,139.115,ACCOUNTING_ONLY_NOT_ALPHA_STATISTIC
ZN_2022_2023_INITIAL_TEST,INITIAL_TEST,365,NONZERO_POSITION_EPISODE,2022-09-28T08:00:00Z,2022-09-28T09:00:00Z,1,-1,140.625,1.51,139.115,ACCOUNTING_ONLY_NOT_ALPHA_STATISTIC
ZN_2022_2023_INITIAL_TEST,INITIAL_TEST,366,NONZERO_POSITION_EPISODE,2022-09-28T11:00:00Z,2022-09-28T23:00:00Z,11,-1,-2859.375,31.71,-2891.085,ACCOUNTING_ONLY_NOT_ALPHA_STATISTIC
ZN_2022_2023_INITIAL_TEST,INITIAL_TEST,367,NONZERO_POSITION_EPISODE,2022-09-29T13:00:00Z,2022-09-29T15:00:00Z,2,-1,-46.875,1.51,-48.385000000000005,ACCOUNTING_ONLY_NOT_ALPHA_STATISTIC
ZN_2022_2023_INITIAL_TEST,INITIAL_TEST,368,NONZERO_POSITION_EPISODE,2022-09-29T16:00:00Z,2022-09-29T17:00:00Z,1,-1,468.75,3.02,465.73,ACCOUNTING_ONLY_NOT_ALPHA_STATISTIC
ZN_2022_2023_INITIAL_TEST,INITIAL_TEST,369,NONZERO_POSITION_EPISODE,2022-09-29T19:00:00Z,2022-09-29T20:00:00Z,1,-1,156.25,1.51,154.74,ACCOUNTING_ONLY_NOT_ALPHA_STATISTIC
ZN_2022_2023_INITIAL_TEST,INITIAL_TEST,370,NONZERO_POSITION_EPISODE,2022-09-30T07:00:00Z,2022-09-30T12:00:00Z,5,-1,-203.125,4.53,-207.65500000000003,ACCOUNTING_ONLY_NOT_ALPHA_STATISTIC
ZN_2022_2023_INITIAL_TEST,INITIAL_TEST,371,NONZERO_POSITION_EPISODE,2022-10-03T06:00:00Z,2022-10-03T07:00:00Z,1,-1,203.125,1.51,201.615,ACCOUNTING_ONLY_NOT_ALPHA_STATISTIC
ZN_2022_2023_INITIAL_TEST,INITIAL_TEST,372,NONZERO_POSITION_EPISODE,2022-10-03T11:00:00Z,2022-10-03T18:00:00Z,7,-1,-781.25,10.57,-791.8199999999999,ACCOUNTING_ONLY_NOT_ALPHA_STATISTIC
ZN_2022_2023_INITIAL_TEST,INITIAL_TEST,373,NONZERO_POSITION_EPISODE,2022-10-03T23:00:00Z,2022-10-04T01:00:00Z,2,-1,93.75,1.51,92.24,ACCOUNTING_ONLY_NOT_ALPHA_STATISTIC
ZN_2022_2023_INITIAL_TEST,INITIAL_TEST,374,NONZERO_POSITION_EPISODE,2022-10-04T04:00:00Z,2022-10-04T05:00:00Z,1,-1,46.875,1.51,45.365,ACCOUNTING_ONLY_NOT_ALPHA_STATISTIC
ZN_2022_2023_INITIAL_TEST,INITIAL_TEST,375,NONZERO_POSITION_EPISODE,2022-10-04T07:00:00Z,2022-10-04T09:00:00Z,2,-1,31.25,1.51,29.740000000000002,ACCOUNTING_ONLY_NOT_ALPHA_STATISTIC
ZN_2022_2023_INITIAL_TEST,INITIAL_TEST,376,NONZERO_POSITION_EPISODE,2022-10-11T09:00:00Z,2022-10-11T10:00:00Z,1,-1,78.125,1.51,76.615,ACCOUNTING_ONLY_NOT_ALPHA_STATISTIC
ZN_2022_2023_INITIAL_TEST,INITIAL_TEST,377,NONZERO_POSITION_EPISODE,2022-10-11T12:00:00Z,2022-10-11T13:00:00Z,1,-1,0.0,1.51,-1.51,ACCOUNTING_ONLY_NOT_ALPHA_STATISTIC
ZN_2022_2023_INITIAL_TEST,INITIAL_TEST,378,NONZERO_POSITION_EPISODE,2022-10-11T15:00:00Z,2022-10-11T18:00:00Z,3,-1,-156.25,1.51,-157.76,ACCOUNTING_ONLY_NOT_ALPHA_STATISTIC
ZN_2022_2023_INITIAL_TEST,INITIAL_TEST,379,NONZERO_POSITION_EPISODE,2022-10-12T16:00:00Z,2022-10-12T18:00:00Z,2,-1,31.25,1.51,29.740000000000002,ACCOUNTING_ONLY_NOT_ALPHA_STATISTIC
ZN_2022_2023_INITIAL_TEST,INITIAL_TEST,380,NONZERO_POSITION_EPISODE,2022-10-12T19:00:00Z,2022-10-12T20:00:00Z,1,-1,-15.625,1.51,-17.135,ACCOUNTING_ONLY_NOT_ALPHA_STATISTIC
ZN_2022_2023_INITIAL_TEST,INITIAL_TEST,381,NONZERO_POSITION_EPISODE,2022-10-13T11:00:00Z,2022-10-13T13:00:00Z,2,-1,1140.625,1.51,1139.115,ACCOUNTING_ONLY_NOT_ALPHA_STATISTIC
ZN_2022_2023_INITIAL_TEST,INITIAL_TEST,382,NONZERO_POSITION_EPISODE,2022-10-13T18:00:00Z,2022-10-13T19:00:00Z,1,-1,281.25,1.51,279.74,ACCOUNTING_ONLY_NOT_ALPHA_STATISTIC
ZN_2022_2023_INITIAL_TEST,INITIAL_TEST,383,NONZERO_POSITION_EPISODE,2022-10-14T02:00:00Z,2022-10-14T03:00:00Z,1,-1,62.5,1.51,60.99,ACCOUNTING_ONLY_NOT_ALPHA_STATISTIC
ZN_2022_2023_INITIAL_TEST,INITIAL_TEST,384,NONZERO_POSITION_EPISODE,2022-10-14T07:00:00Z,2022-10-14T08:00:00Z,1,-1,0.0,1.51,-1.51,ACCOUNTING_ONLY_NOT_ALPHA_STATISTIC
ZN_2022_2023_INITIAL_TEST,INITIAL_TEST,385,NONZERO_POSITION_EPISODE,2022-10-14T13:00:00Z,2022-10-14T14:00:00Z,1,-1,531.25,1.51,529.74,ACCOUNTING_ONLY_NOT_ALPHA_STATISTIC
ZN_2022_2023_INITIAL_TEST,INITIAL_TEST,386,NONZERO_POSITION_EPISODE,2022-10-17T08:00:00Z,2022-10-17T09:00:00Z,1,-1,31.25,1.51,29.74,ACCOUNTING_ONLY_NOT_ALPHA_STATISTIC
ZN_2022_2023_INITIAL_TEST,INITIAL_TEST,387,NONZERO_POSITION_EPISODE,2022-10-17T10:00:00Z,2022-10-17T11:00:00Z,1,-1,-15.625,1.51,-17.135,ACCOUNTING_ONLY_NOT_ALPHA_STATISTIC
ZN_2022_2023_INITIAL_TEST,INITIAL_TEST,388,NONZERO_POSITION_EPISODE,2022-10-17T13:00:00Z,2022-10-17T14:00:00Z,1,-1,218.75,1.51,217.24,ACCOUNTING_ONLY_NOT_ALPHA_STATISTIC
ZN_2022_2023_INITIAL_TEST,INITIAL_TEST,389,NONZERO_POSITION_EPISODE,2022-10-18T05:00:00Z,2022-10-18T06:00:00Z,1,-1,93.75,1.51,92.24,ACCOUNTING_ONLY_NOT_ALPHA_STATISTIC
ZN_2022_2023_INITIAL_TEST,INITIAL_TEST,390,NONZERO_POSITION_EPISODE,2022-10-18T13:00:00Z,2022-10-18T15:00:00Z,2,-1,62.5,1.51,60.99,ACCOUNTING_ONLY_NOT_ALPHA_STATISTIC
ZN_2022_2023_INITIAL_TEST,INITIAL_TEST,391,NONZERO_POSITION_EPISODE,2022-10-20T11:00:00Z,2022-10-20T12:00:00Z,1,-1,140.625,1.51,139.115,ACCOUNTING_ONLY_NOT_ALPHA_STATISTIC
ZN_2022_2023_INITIAL_TEST,INITIAL_TEST,392,NONZERO_POSITION_EPISODE,2022-10-20T15:00:00Z,2022-10-20T16:00:00Z,1,-1,187.5,1.51,185.99,ACCOUNTING_ONLY_NOT_ALPHA_STATISTIC
ZN_2022_2023_INITIAL_TEST,INITIAL_TEST,393,NONZERO_POSITION_EPISODE,2022-10-21T14:00:00Z,2022-10-21T18:00:00Z,4,-1,-31.25,4.53,-35.779999999999994,ACCOUNTING_ONLY_NOT_ALPHA_STATISTIC
ZN_2022_2023_INITIAL_TEST,INITIAL_TEST,394,NONZERO_POSITION_EPISODE,2022-10-21T19:00:00Z,2022-10-21T20:00:00Z,1,-1,62.5,1.51,60.99,ACCOUNTING_ONLY_NOT_ALPHA_STATISTIC
ZN_2022_2023_INITIAL_TEST,INITIAL_TEST,395,NONZERO_POSITION_EPISODE,2022-10-23T23:00:00Z,2022-10-24T00:00:00Z,1,-1,31.25,1.51,29.74,ACCOUNTING_ONLY_NOT_ALPHA_STATISTIC
ZN_2022_2023_INITIAL_TEST,INITIAL_TEST,396,NONZERO_POSITION_EPISODE,2022-10-24T02:00:00Z,2022-10-24T08:00:00Z,6,-1,-234.375,1.51,-235.885,ACCOUNTING_ONLY_NOT_ALPHA_STATISTIC
ZN_2022_2023_INITIAL_TEST,INITIAL_TEST,397,NONZERO_POSITION_EPISODE,2022-10-25T07:00:00Z,2022-10-25T08:00:00Z,1,-1,78.125,1.51,76.615,ACCOUNTING_ONLY_NOT_ALPHA_STATISTIC
ZN_2022_2023_INITIAL_TEST,INITIAL_TEST,398,NONZERO_POSITION_EPISODE,2022-10-25T09:00:00Z,2022-10-25T10:00:00Z,1,-1,31.25,1.51,29.74,ACCOUNTING_ONLY_NOT_ALPHA_STATISTIC
ZN_2022_2023_INITIAL_TEST,INITIAL_TEST,399,NONZERO_POSITION_EPISODE,2022-10-25T11:00:00Z,2022-10-25T17:00:00Z,6,-1,-281.25,6.04,-287.29,ACCOUNTING_ONLY_NOT_ALPHA_STATISTIC
ZN_2022_2023_INITIAL_TEST,INITIAL_TEST,400,NONZERO_POSITION_EPISODE,2022-10-26T06:00:00Z,2022-10-26T09:00:00Z,3,-1,-156.25,1.51,-157.76,ACCOUNTING_ONLY_NOT_ALPHA_STATISTIC
ZN_2022_2023_INITIAL_TEST,INITIAL_TEST,401,NONZERO_POSITION_EPISODE,2022-10-26T14:00:00Z,2022-10-26T17:00:00Z,3,-1,15.625,1.51,14.115,ACCOUNTING_ONLY_NOT_ALPHA_STATISTIC
ZN_2022_2023_INITIAL_TEST,INITIAL_TEST,402,NONZERO_POSITION_EPISODE,2022-10-27T13:00:00Z,2022-10-27T18:00:00Z,5,-1,-984.375,7.55,-991.925,ACCOUNTING_ONLY_NOT_ALPHA_STATISTIC
ZN_2022_2023_INITIAL_TEST,INITIAL_TEST,403,NONZERO_POSITION_EPISODE,2022-10-27T19:00:00Z,2022-10-28T00:00:00Z,4,-1,-93.75,1.51,-95.25999999999999,ACCOUNTING_ONLY_NOT_ALPHA_STATISTIC
ZN_2022_2023_INITIAL_TEST,INITIAL_TEST,404,NONZERO_POSITION_EPISODE,2022-10-28T14:00:00Z,2022-10-28T15:00:00Z,1,-1,78.125,1.51,76.615,ACCOUNTING_ONLY_NOT_ALPHA_STATISTIC
ZN_2022_2023_INITIAL_TEST,INITIAL_TEST,405,NONZERO_POSITION_EPISODE,2022-11-01T02:00:00Z,2022-11-01T05:00:00Z,3,-1,-109.375,1.51,-110.885,ACCOUNTING_ONLY_NOT_ALPHA_STATISTIC
ZN_2022_2023_INITIAL_TEST,INITIAL_TEST,406,NONZERO_POSITION_EPISODE,2022-11-01T07:00:00Z,2022-11-01T14:00:00Z,7,-1,-171.875,1.51,-173.385,ACCOUNTING_ONLY_NOT_ALPHA_STATISTIC
ZN_2022_2023_INITIAL_TEST,INITIAL_TEST,407,NONZERO_POSITION_EPISODE,2022-11-02T02:00:00Z,2022-11-02T03:00:00Z,1,-1,62.5,1.51,60.99,ACCOUNTING_ONLY_NOT_ALPHA_STATISTIC
ZN_2022_2023_INITIAL_TEST,INITIAL_TEST,408,NONZERO_POSITION_EPISODE,2022-11-02T08:00:00Z,2022-11-02T09:00:00Z,1,-1,93.75,1.51,92.24,ACCOUNTING_ONLY_NOT_ALPHA_STATISTIC
ZN_2022_2023_INITIAL_TEST,INITIAL_TEST,409,NONZERO_POSITION_EPISODE,2022-11-02T15:00:00Z,2022-11-02T16:00:00Z,1,-1,156.25,1.51,154.74,ACCOUNTING_ONLY_NOT_ALPHA_STATISTIC
ZN_2022_2023_INITIAL_TEST,INITIAL_TEST,410,NONZERO_POSITION_EPISODE,2022-11-03T15:00:00Z,2022-11-03T16:00:00Z,1,-1,343.75,1.51,342.24,ACCOUNTING_ONLY_NOT_ALPHA_STATISTIC
ZN_2022_2023_INITIAL_TEST,INITIAL_TEST,411,NONZERO_POSITION_EPISODE,2022-11-03T18:00:00Z,2022-11-03T19:00:00Z,1,-1,-31.25,1.51,-32.76,ACCOUNTING_ONLY_NOT_ALPHA_STATISTIC
ZN_2022_2023_INITIAL_TEST,INITIAL_TEST,412,NONZERO_POSITION_EPISODE,2022-11-04T02:00:00Z,2022-11-04T03:00:00Z,1,-1,46.875,1.51,45.365,ACCOUNTING_ONLY_NOT_ALPHA_STATISTIC
ZN_2022_2023_INITIAL_TEST,INITIAL_TEST,413,NONZERO_POSITION_EPISODE,2022-11-04T05:00:00Z,2022-11-04T06:00:00Z,1,-1,15.625,1.51,14.115,ACCOUNTING_ONLY_NOT_ALPHA_STATISTIC
ZN_2022_2023_INITIAL_TEST,INITIAL_TEST,414,NONZERO_POSITION_EPISODE,2022-11-04T15:00:00Z,2022-11-04T16:00:00Z,1,-1,625.0,3.02,621.98,ACCOUNTING_ONLY_NOT_ALPHA_STATISTIC
ZN_2022_2023_INITIAL_TEST,INITIAL_TEST,415,NONZERO_POSITION_EPISODE,2022-11-07T07:00:00Z,2022-11-07T08:00:00Z,1,-1,234.375,1.51,232.865,ACCOUNTING_ONLY_NOT_ALPHA_STATISTIC
ZN_2022_2023_INITIAL_TEST,INITIAL_TEST,416,NONZERO_POSITION_EPISODE,2022-11-07T10:00:00Z,2022-11-07T14:00:00Z,4,-1,171.875,1.51,170.365,ACCOUNTING_ONLY_NOT_ALPHA_STATISTIC
ZN_2022_2023_INITIAL_TEST,INITIAL_TEST,417,NONZERO_POSITION_EPISODE,2022-11-08T10:00:00Z,2022-11-08T12:00:00Z,2,-1,15.625,1.51,14.114999999999998,ACCOUNTING_ONLY_NOT_ALPHA_STATISTIC
ZN_2022_2023_INITIAL_TEST,INITIAL_TEST,418,NONZERO_POSITION_EPISODE,2022-11-08T14:00:00Z,2022-11-08T21:00:00Z,7,-1,-500.0,4.53,-504.53,ACCOUNTING_ONLY_NOT_ALPHA_STATISTIC
ZN_2022_2023_INITIAL_TEST,INITIAL_TEST,419,NONZERO_POSITION_EPISODE,2022-11-08T22:00:00Z,2022-11-09T01:00:00Z,2,-1,125.0,1.51,123.49,ACCOUNTING_ONLY_NOT_ALPHA_STATISTIC
ZN_2022_2023_INITIAL_TEST,INITIAL_TEST,420,NONZERO_POSITION_EPISODE,2022-11-09T03:00:00Z,2022-11-09T04:00:00Z,1,-1,31.25,1.51,29.74,ACCOUNTING_ONLY_NOT_ALPHA_STATISTIC
ZN_2022_2023_INITIAL_TEST,INITIAL_TEST,421,NONZERO_POSITION_EPISODE,2022-11-09T08:00:00Z,2022-11-09T09:00:00Z,1,-1,93.75,1.51,92.24,ACCOUNTING_ONLY_NOT_ALPHA_STATISTIC
ZN_2022_2023_INITIAL_TEST,INITIAL_TEST,422,NONZERO_POSITION_EPISODE,2022-11-09T16:00:00Z,2022-11-09T19:00:00Z,3,-1,250.0,4.53,245.47,ACCOUNTING_ONLY_NOT_ALPHA_STATISTIC
ZN_2022_2023_INITIAL_TEST,INITIAL_TEST,423,NONZERO_POSITION_EPISODE,2022-11-09T21:00:00Z,2022-11-10T01:00:00Z,3,-1,-78.125,1.51,-79.635,ACCOUNTING_ONLY_NOT_ALPHA_STATISTIC
ZN_2022_2023_INITIAL_TEST,INITIAL_TEST,424,NONZERO_POSITION_EPISODE,2022-11-10T14:00:00Z,2022-11-10T21:00:00Z,7,-1,-1343.75,7.550000000000001,-1351.3,ACCOUNTING_ONLY_NOT_ALPHA_STATISTIC
ZN_2022_2023_INITIAL_TEST,INITIAL_TEST,425,NONZERO_POSITION_EPISODE,2022-11-11T18:00:00Z,2022-11-11T19:00:00Z,1,-1,-15.625,1.51,-17.135,ACCOUNTING_ONLY_NOT_ALPHA_STATISTIC
ZN_2022_2023_INITIAL_TEST,INITIAL_TEST,426,NONZERO_POSITION_EPISODE,2022-11-15T08:00:00Z,2022-11-15T09:00:00Z,1,-1,31.25,1.51,29.74,ACCOUNTING_ONLY_NOT_ALPHA_STATISTIC
ZN_2022_2023_INITIAL_TEST,INITIAL_TEST,427,NONZERO_POSITION_EPISODE,2022-11-15T10:00:00Z,2022-11-15T13:00:00Z,3,-1,-15.625,1.51,-17.135000000000005,ACCOUNTING_ONLY_NOT_ALPHA_STATISTIC
ZN_2022_2023_INITIAL_TEST,INITIAL_TEST,428,NONZERO_POSITION_EPISODE,2022-11-15T14:00:00Z,2022-11-15T15:00:00Z,1,-1,156.25,1.51,154.74,ACCOUNTING_ONLY_NOT_ALPHA_STATISTIC
ZN_2022_2023_INITIAL_TEST,INITIAL_TEST,429,NONZERO_POSITION_EPISODE,2022-11-15T19:00:00Z,2022-11-15T20:00:00Z,1,-1,46.875,1.51,45.365,ACCOUNTING_ONLY_NOT_ALPHA_STATISTIC
ZN_2022_2023_INITIAL_TEST,INITIAL_TEST,430,NONZERO_POSITION_EPISODE,2022-11-15T21:00:00Z,2022-11-16T00:00:00Z,2,-1,-31.25,4.53,-35.78000000000001,ACCOUNTING_ONLY_NOT_ALPHA_STATISTIC
ZN_2022_2023_INITIAL_TEST,INITIAL_TEST,431,NONZERO_POSITION_EPISODE,2022-11-16T01:00:00Z,2022-11-16T02:00:00Z,1,-1,171.875,1.51,170.365,ACCOUNTING_ONLY_NOT_ALPHA_STATISTIC
ZN_2022_2023_INITIAL_TEST,INITIAL_TEST,432,NONZERO_POSITION_EPISODE,2022-11-16T11:00:00Z,2022-11-16T16:00:00Z,5,-1,-312.5,1.51,-314.01,ACCOUNTING_ONLY_NOT_ALPHA_STATISTIC
ZN_2022_2023_INITIAL_TEST,INITIAL_TEST,433,NONZERO_POSITION_EPISODE,2022-11-16T18:00:00Z,2022-11-16T19:00:00Z,1,-1,62.5,1.51,60.99,ACCOUNTING_ONLY_NOT_ALPHA_STATISTIC
ZN_2022_2023_INITIAL_TEST,INITIAL_TEST,434,NONZERO_POSITION_EPISODE,2022-11-16T20:00:00Z,2022-11-16T22:00:00Z,2,-1,15.625,1.51,14.114999999999995,ACCOUNTING_ONLY_NOT_ALPHA_STATISTIC
ZN_2022_2023_INITIAL_TEST,INITIAL_TEST,435,NONZERO_POSITION_EPISODE,2022-11-21T14:00:00Z,2022-11-21T17:00:00Z,3,-1,31.25,1.51,29.739999999999995,ACCOUNTING_ONLY_NOT_ALPHA_STATISTIC
ZN_2022_2023_INITIAL_TEST,INITIAL_TEST,436,NONZERO_POSITION_EPISODE,2022-11-22T07:00:00Z,2022-11-22T08:00:00Z,1,-1,-15.625,1.51,-17.135,ACCOUNTING_ONLY_NOT_ALPHA_STATISTIC
ZN_2022_2023_INITIAL_TEST,INITIAL_TEST,437,NONZERO_POSITION_EPISODE,2022-11-22T17:00:00Z,2022-11-22T19:00:00Z,2,-1,-31.25,1.51,-32.76,ACCOUNTING_ONLY_NOT_ALPHA_STATISTIC
ZN_2022_2023_INITIAL_TEST,INITIAL_TEST,438,NONZERO_POSITION_EPISODE,2022-11-23T15:00:00Z,2022-11-23T18:00:00Z,3,-1,46.875,1.51,45.365,ACCOUNTING_ONLY_NOT_ALPHA_STATISTIC
ZN_2022_2023_INITIAL_TEST,INITIAL_TEST,439,NONZERO_POSITION_EPISODE,2022-11-23T20:00:00Z,2022-11-24T02:00:00Z,5,-1,-125.0,1.51,-126.51,ACCOUNTING_ONLY_NOT_ALPHA_STATISTIC
ZN_2022_2023_INITIAL_TEST,INITIAL_TEST,440,NONZERO_POSITION_EPISODE,2022-11-24T03:00:00Z,2022-11-24T04:00:00Z,1,-1,15.625,1.51,14.115,ACCOUNTING_ONLY_NOT_ALPHA_STATISTIC
ZN_2022_2023_INITIAL_TEST,INITIAL_TEST,441,NONZERO_POSITION_EPISODE,2022-11-24T08:00:00Z,2022-11-24T12:00:00Z,4,-1,-171.875,1.51,-173.385,ACCOUNTING_ONLY_NOT_ALPHA_STATISTIC
ZN_2022_2023_INITIAL_TEST,INITIAL_TEST,442,NONZERO_POSITION_EPISODE,2022-11-25T18:00:00Z,2022-11-28T08:00:00Z,10,-1,-406.25,4.53,-410.78000000000003,ACCOUNTING_ONLY_NOT_ALPHA_STATISTIC
ZN_2022_2023_INITIAL_TEST,INITIAL_TEST,443,NONZERO_POSITION_EPISODE,2022-11-29T07:00:00Z,2022-11-29T12:00:00Z,5,-1,-93.75,4.53,-98.28,ACCOUNTING_ONLY_NOT_ALPHA_STATISTIC
ZN_2022_2023_INITIAL_TEST,INITIAL_TEST,444,NONZERO_POSITION_EPISODE,2022-11-30T01:00:00Z,2022-11-30T02:00:00Z,1,-1,15.625,1.51,14.115,ACCOUNTING_ONLY_NOT_ALPHA_STATISTIC
ZN_2022_2023_INITIAL_TEST,INITIAL_TEST,445,NONZERO_POSITION_EPISODE,2022-11-30T04:00:00Z,2022-11-30T05:00:00Z,1,-1,0.0,1.51,-1.51,ACCOUNTING_ONLY_NOT_ALPHA_STATISTIC
ZN_2022_2023_INITIAL_TEST,INITIAL_TEST,446,NONZERO_POSITION_EPISODE,2022-11-30T09:00:00Z,2022-11-30T10:00:00Z,1,-1,109.375,1.51,107.865,ACCOUNTING_ONLY_NOT_ALPHA_STATISTIC
ZN_2022_2023_INITIAL_TEST,INITIAL_TEST,447,NONZERO_POSITION_EPISODE,2022-11-30T19:00:00Z,2022-12-01T04:00:00Z,8,-1,-3109.375,16.61,-3125.985,ACCOUNTING_ONLY_NOT_ALPHA_STATISTIC
ZN_2022_2023_INITIAL_TEST,INITIAL_TEST,448,NONZERO_POSITION_EPISODE,2022-12-01T11:00:00Z,2022-12-01T13:00:00Z,2,-1,-15.625,1.51,-17.134999999999998,ACCOUNTING_ONLY_NOT_ALPHA_STATISTIC
ZN_2022_2023_INITIAL_TEST,INITIAL_TEST,449,NONZERO_POSITION_EPISODE,2022-12-01T16:00:00Z,2022-12-02T00:00:00Z,7,-1,-515.625,7.55,-523.175,ACCOUNTING_ONLY_NOT_ALPHA_STATISTIC
ZN_2022_2023_INITIAL_TEST,INITIAL_TEST,450,NONZERO_POSITION_EPISODE,2022-12-02T14:00:00Z,2022-12-02T17:00:00Z,3,1,-78.125,4.53,-82.65499999999997,ACCOUNTING_ONLY_NOT_ALPHA_STATISTIC
ZN_2022_2023_INITIAL_TEST,INITIAL_TEST,451,NONZERO_POSITION_EPISODE,2022-12-05T01:00:00Z,2022-12-05T02:00:00Z,1,1,31.25,1.51,29.74,ACCOUNTING_ONLY_NOT_ALPHA_STATISTIC
ZN_2022_2023_INITIAL_TEST,INITIAL_TEST,452,NONZERO_POSITION_EPISODE,2022-12-05T14:00:00Z,2022-12-05T22:00:00Z,8,1,-390.625,1.51,-392.135,ACCOUNTING_ONLY_NOT_ALPHA_STATISTIC
ZN_2022_2023_INITIAL_TEST,INITIAL_TEST,453,NONZERO_POSITION_EPISODE,2022-12-06T15:00:00Z,2022-12-06T16:00:00Z,1,1,46.875,1.51,45.365,ACCOUNTING_ONLY_NOT_ALPHA_STATISTIC
ZN_2022_2023_INITIAL_TEST,INITIAL_TEST,454,NONZERO_POSITION_EPISODE,2022-12-07T11:00:00Z,2022-12-07T14:00:00Z,3,1,406.25,1.51,404.74,ACCOUNTING_ONLY_NOT_ALPHA_STATISTIC
ZN_2022_2023_INITIAL_TEST,INITIAL_TEST,455,NONZERO_POSITION_EPISODE,2022-12-08T01:00:00Z,2022-12-08T04:00:00Z,3,1,-78.125,1.51,-79.63499999999999,ACCOUNTING_ONLY_NOT_ALPHA_STATISTIC
ZN_2022_2023_INITIAL_TEST,INITIAL_TEST,456,NONZERO_POSITION_EPISODE,2022-12-08T05:00:00Z,2022-12-08T06:00:00Z,1,1,62.5,1.51,60.99,ACCOUNTING_ONLY_NOT_ALPHA_STATISTIC
ZN_2022_2023_INITIAL_TEST,INITIAL_TEST,457,NONZERO_POSITION_EPISODE,2022-12-08T14:00:00Z,2022-12-08T16:00:00Z,2,1,93.75,1.51,92.24000000000001,ACCOUNTING_ONLY_NOT_ALPHA_STATISTIC
ZN_2022_2023_INITIAL_TEST,INITIAL_TEST,458,NONZERO_POSITION_EPISODE,2022-12-08T18:00:00Z,2022-12-08T21:00:00Z,3,1,-15.625,1.51,-17.135,ACCOUNTING_ONLY_NOT_ALPHA_STATISTIC
ZN_2022_2023_INITIAL_TEST,INITIAL_TEST,459,NONZERO_POSITION_EPISODE,2022-12-09T10:00:00Z,2022-12-09T11:00:00Z,1,1,62.5,1.51,60.99,ACCOUNTING_ONLY_NOT_ALPHA_STATISTIC
ZN_2022_2023_INITIAL_TEST,INITIAL_TEST,460,NONZERO_POSITION_EPISODE,2022-12-09T14:00:00Z,2022-12-12T02:00:00Z,11,1,-375.0,4.53,-379.53,ACCOUNTING_ONLY_NOT_ALPHA_STATISTIC
ZN_2022_2023_INITIAL_TEST,INITIAL_TEST,461,NONZERO_POSITION_EPISODE,2022-12-12T15:00:00Z,2022-12-12T22:00:00Z,7,1,-343.75,4.53,-348.28,ACCOUNTING_ONLY_NOT_ALPHA_STATISTIC
ZN_2022_2023_INITIAL_TEST,INITIAL_TEST,462,NONZERO_POSITION_EPISODE,2022-12-13T19:00:00Z,2022-12-13T20:00:00Z,1,1,78.125,1.51,76.615,ACCOUNTING_ONLY_NOT_ALPHA_STATISTIC
ZN_2022_2023_INITIAL_TEST,INITIAL_TEST,463,NONZERO_POSITION_EPISODE,2022-12-14T13:00:00Z,2022-12-14T15:00:00Z,2,1,109.375,1.51,107.865,ACCOUNTING_ONLY_NOT_ALPHA_STATISTIC
ZN_2022_2023_INITIAL_TEST,INITIAL_TEST,464,NONZERO_POSITION_EPISODE,2022-12-14T18:00:00Z,2022-12-14T19:00:00Z,1,1,0.0,1.51,-1.51,ACCOUNTING_ONLY_NOT_ALPHA_STATISTIC
ZN_2022_2023_INITIAL_TEST,INITIAL_TEST,465,NONZERO_POSITION_EPISODE,2022-12-14T20:00:00Z,2022-12-14T21:00:00Z,1,1,203.125,1.51,201.615,ACCOUNTING_ONLY_NOT_ALPHA_STATISTIC
ZN_2022_2023_INITIAL_TEST,INITIAL_TEST,466,NONZERO_POSITION_EPISODE,2022-12-15T02:00:00Z,2022-12-15T03:00:00Z,1,1,0.0,1.51,-1.51,ACCOUNTING_ONLY_NOT_ALPHA_STATISTIC
ZN_2022_2023_INITIAL_TEST,INITIAL_TEST,467,NONZERO_POSITION_EPISODE,2022-12-15T09:00:00Z,2022-12-15T10:00:00Z,1,1,156.25,1.51,154.74,ACCOUNTING_ONLY_NOT_ALPHA_STATISTIC
ZN_2022_2023_INITIAL_TEST,INITIAL_TEST,468,NONZERO_POSITION_EPISODE,2022-12-16T00:00:00Z,2022-12-16T01:00:00Z,1,1,46.875,1.51,45.365,ACCOUNTING_ONLY_NOT_ALPHA_STATISTIC
ZN_2022_2023_INITIAL_TEST,INITIAL_TEST,469,NONZERO_POSITION_EPISODE,2022-12-16T02:00:00Z,2022-12-16T04:00:00Z,2,1,-15.625,1.51,-17.134999999999998,ACCOUNTING_ONLY_NOT_ALPHA_STATISTIC
ZN_2022_2023_INITIAL_TEST,INITIAL_TEST,470,NONZERO_POSITION_EPISODE,2022-12-16T14:00:00Z,2022-12-16T16:00:00Z,2,1,109.375,1.51,107.865,ACCOUNTING_ONLY_NOT_ALPHA_STATISTIC
ZN_2022_2023_INITIAL_TEST,INITIAL_TEST,471,NONZERO_POSITION_EPISODE,2022-12-19T14:00:00Z,2022-12-19T16:00:00Z,2,1,-15.625,1.51,-17.135000000000005,ACCOUNTING_ONLY_NOT_ALPHA_STATISTIC
ZN_2022_2023_INITIAL_TEST,INITIAL_TEST,472,NONZERO_POSITION_EPISODE,2022-12-20T00:00:00Z,2022-12-20T01:00:00Z,1,1,31.25,1.51,29.74,ACCOUNTING_ONLY_NOT_ALPHA_STATISTIC
ZN_2022_2023_INITIAL_TEST,INITIAL_TEST,473,NONZERO_POSITION_EPISODE,2022-12-20T04:00:00Z,2022-12-20T07:00:00Z,3,1,781.25,16.61,764.64,ACCOUNTING_ONLY_NOT_ALPHA_STATISTIC
ZN_2022_2023_INITIAL_TEST,INITIAL_TEST,474,NONZERO_POSITION_EPISODE,2022-12-20T14:00:00Z,2022-12-20T16:00:00Z,2,1,171.875,3.02,168.85500000000002,ACCOUNTING_ONLY_NOT_ALPHA_STATISTIC
ZN_2022_2023_INITIAL_TEST,INITIAL_TEST,475,NONZERO_POSITION_EPISODE,2022-12-20T17:00:00Z,2022-12-20T20:00:00Z,3,1,62.5,1.51,60.989999999999995,ACCOUNTING_ONLY_NOT_ALPHA_STATISTIC
ZN_2022_2023_INITIAL_TEST,INITIAL_TEST,476,NONZERO_POSITION_EPISODE,2022-12-21T02:00:00Z,2022-12-21T04:00:00Z,2,1,78.125,1.51,76.615,ACCOUNTING_ONLY_NOT_ALPHA_STATISTIC
ZN_2022_2023_INITIAL_TEST,INITIAL_TEST,477,NONZERO_POSITION_EPISODE,2022-12-21T16:00:00Z,2022-12-21T19:00:00Z,3,1,0.0,1.51,-1.509999999999991,ACCOUNTING_ONLY_NOT_ALPHA_STATISTIC
ZN_2022_2023_INITIAL_TEST,INITIAL_TEST,478,NONZERO_POSITION_EPISODE,2022-12-21T20:00:00Z,2022-12-21T22:00:00Z,2,1,78.125,1.51,76.615,ACCOUNTING_ONLY_NOT_ALPHA_STATISTIC
ZN_2022_2023_INITIAL_TEST,INITIAL_TEST,479,NONZERO_POSITION_EPISODE,2022-12-22T14:00:00Z,2022-12-22T16:00:00Z,2,1,156.25,4.53,151.72,ACCOUNTING_ONLY_NOT_ALPHA_STATISTIC
ZN_2022_2023_INITIAL_TEST,INITIAL_TEST,480,NONZERO_POSITION_EPISODE,2022-12-22T17:00:00Z,2022-12-22T18:00:00Z,1,1,15.625,1.51,14.115,ACCOUNTING_ONLY_NOT_ALPHA_STATISTIC
ZN_2022_2023_INITIAL_TEST,INITIAL_TEST,481,NONZERO_POSITION_EPISODE,2022-12-22T20:00:00Z,2022-12-23T03:00:00Z,6,1,-187.5,1.51,-189.01,ACCOUNTING_ONLY_NOT_ALPHA_STATISTIC
ZN_2022_2023_INITIAL_TEST,INITIAL_TEST,482,NONZERO_POSITION_EPISODE,2022-12-23T10:00:00Z,2022-12-23T11:00:00Z,1,1,-15.625,1.51,-17.135,ACCOUNTING_ONLY_NOT_ALPHA_STATISTIC
ZN_2022_2023_INITIAL_TEST,INITIAL_TEST,483,NONZERO_POSITION_EPISODE,2022-12-23T12:00:00Z,2022-12-23T13:00:00Z,1,1,31.25,1.51,29.74,ACCOUNTING_ONLY_NOT_ALPHA_STATISTIC
ZN_2022_2023_INITIAL_TEST,INITIAL_TEST,484,NONZERO_POSITION_EPISODE,2022-12-23T14:00:00Z,2022-12-23T16:00:00Z,2,1,328.125,3.02,325.105,ACCOUNTING_ONLY_NOT_ALPHA_STATISTIC
ZN_2022_2023_INITIAL_TEST,INITIAL_TEST,485,NONZERO_POSITION_EPISODE,2022-12-23T17:00:00Z,2022-12-23T19:00:00Z,2,1,-31.25,1.51,-32.76,ACCOUNTING_ONLY_NOT_ALPHA_STATISTIC
ZN_2022_2023_INITIAL_TEST,INITIAL_TEST,486,NONZERO_POSITION_EPISODE,2022-12-27T09:00:00Z,2022-12-27T13:00:00Z,4,1,-93.75,1.51,-95.25999999999999,ACCOUNTING_ONLY_NOT_ALPHA_STATISTIC
ZN_2022_2023_INITIAL_TEST,INITIAL_TEST,487,NONZERO_POSITION_EPISODE,2022-12-27T14:00:00Z,2022-12-27T21:00:00Z,7,1,-421.875,7.55,-429.425,ACCOUNTING_ONLY_NOT_ALPHA_STATISTIC
ZN_2022_2023_INITIAL_TEST,INITIAL_TEST,488,NONZERO_POSITION_EPISODE,2022-12-28T01:00:00Z,2022-12-28T02:00:00Z,1,1,78.125,1.51,76.615,ACCOUNTING_ONLY_NOT_ALPHA_STATISTIC
ZN_2022_2023_INITIAL_TEST,INITIAL_TEST,489,NONZERO_POSITION_EPISODE,2022-12-28T14:00:00Z,2022-12-28T22:00:00Z,8,1,-109.375,7.55,-116.92499999999998,ACCOUNTING_ONLY_NOT_ALPHA_STATISTIC
ZN_2022_2023_INITIAL_TEST,INITIAL_TEST,490,NONZERO_POSITION_EPISODE,2022-12-29T10:00:00Z,2022-12-29T14:00:00Z,4,1,-78.125,1.51,-79.635,ACCOUNTING_ONLY_NOT_ALPHA_STATISTIC
ZN_2022_2023_INITIAL_TEST,INITIAL_TEST,491,NONZERO_POSITION_EPISODE,2022-12-30T18:00:00Z,2022-12-30T19:00:00Z,1,-1,1437.5,6.04,1431.46,ACCOUNTING_ONLY_NOT_ALPHA_STATISTIC
ZN_2022_2023_INITIAL_TEST,INITIAL_TEST,492,NONZERO_POSITION_EPISODE,2022-12-30T22:00:00Z,2023-01-03T06:00:00Z,7,-1,-625.0,7.55,-632.55,ACCOUNTING_ONLY_NOT_ALPHA_STATISTIC
ZN_2022_2023_INITIAL_TEST,INITIAL_TEST,493,NONZERO_POSITION_EPISODE,2023-01-03T07:00:00Z,2023-01-03T12:00:00Z,5,-1,-281.25,6.04,-287.28999999999996,ACCOUNTING_ONLY_NOT_ALPHA_STATISTIC
ZN_2022_2023_INITIAL_TEST,INITIAL_TEST,494,NONZERO_POSITION_EPISODE,2023-01-03T13:00:00Z,2023-01-03T16:00:00Z,3,-1,500.0,3.02,496.98,ACCOUNTING_ONLY_NOT_ALPHA_STATISTIC
ZN_2022_2023_INITIAL_TEST,INITIAL_TEST,495,NONZERO_POSITION_EPISODE,2023-01-03T22:00:00Z,2023-01-04T13:00:00Z,14,-1,-93.75,19.63,-113.37999999999998,ACCOUNTING_ONLY_NOT_ALPHA_STATISTIC
ZN_2022_2023_INITIAL_TEST,INITIAL_TEST,496,NONZERO_POSITION_EPISODE,2023-01-04T14:00:00Z,2023-01-04T16:00:00Z,2,-1,156.25,1.51,154.74,ACCOUNTING_ONLY_NOT_ALPHA_STATISTIC
ZN_2022_2023_INITIAL_TEST,INITIAL_TEST,497,NONZERO_POSITION_EPISODE,2023-01-04T21:00:00Z,2023-01-05T00:00:00Z,2,-1,15.625,1.51,14.114999999999995,ACCOUNTING_ONLY_NOT_ALPHA_STATISTIC
ZN_2022_2023_INITIAL_TEST,INITIAL_TEST,498,NONZERO_POSITION_EPISODE,2023-01-05T08:00:00Z,2023-01-05T09:00:00Z,1,-1,125.0,1.51,123.49,ACCOUNTING_ONLY_NOT_ALPHA_STATISTIC
ZN_2022_2023_INITIAL_TEST,INITIAL_TEST,499,NONZERO_POSITION_EPISODE,2023-01-05T11:00:00Z,2023-01-05T13:00:00Z,2,-1,0.0,1.51,-1.5100000000000016,ACCOUNTING_ONLY_NOT_ALPHA_STATISTIC
ZN_2022_2023_INITIAL_TEST,INITIAL_TEST,500,NONZERO_POSITION_EPISODE,2023-01-05T17:00:00Z,2023-01-05T20:00:00Z,3,-1,109.375,3.02,106.355,ACCOUNTING_ONLY_NOT_ALPHA_STATISTIC
ZN_2022_2023_INITIAL_TEST,INITIAL_TEST,501,NONZERO_POSITION_EPISODE,2023-01-05T21:00:00Z,2023-01-05T22:00:00Z,1,-1,78.125,1.51,76.615,ACCOUNTING_ONLY_NOT_ALPHA_STATISTIC
ZN_2022_2023_INITIAL_TEST,INITIAL_TEST,502,NONZERO_POSITION_EPISODE,2023-01-06T03:00:00Z,2023-01-06T04:00:00Z,1,-1,31.25,1.51,29.74,ACCOUNTING_ONLY_NOT_ALPHA_STATISTIC
ZN_2022_2023_INITIAL_TEST,INITIAL_TEST,503,NONZERO_POSITION_EPISODE,2023-01-06T14:00:00Z,2023-01-09T00:00:00Z,9,-1,-1484.375,30.2,-1514.5749999999998,ACCOUNTING_ONLY_NOT_ALPHA_STATISTIC
ZN_2022_2023_INITIAL_TEST,INITIAL_TEST,504,NONZERO_POSITION_EPISODE,2023-01-09T08:00:00Z,2023-01-09T11:00:00Z,3,1,0.0,1.51,-1.5100000000000016,ACCOUNTING_ONLY_NOT_ALPHA_STATISTIC
ZN_2022_2023_INITIAL_TEST,INITIAL_TEST,505,NONZERO_POSITION_EPISODE,2023-01-10T12:00:00Z,2023-01-10T13:00:00Z,1,1,-15.625,1.51,-17.135,ACCOUNTING_ONLY_NOT_ALPHA_STATISTIC
ZN_2022_2023_INITIAL_TEST,INITIAL_TEST,506,NONZERO_POSITION_EPISODE,2023-01-10T14:00:00Z,2023-01-10T15:00:00Z,1,1,-15.625,1.51,-17.135,ACCOUNTING_ONLY_NOT_ALPHA_STATISTIC
ZN_2022_2023_INITIAL_TEST,INITIAL_TEST,507,NONZERO_POSITION_EPISODE,2023-01-10T16:00:00Z,2023-01-10T19:00:00Z,3,1,-62.5,1.51,-64.00999999999999,ACCOUNTING_ONLY_NOT_ALPHA_STATISTIC
ZN_2022_2023_INITIAL_TEST,INITIAL_TEST,508,NONZERO_POSITION_EPISODE,2023-01-12T10:00:00Z,2023-01-12T11:00:00Z,1,1,78.125,1.51,76.615,ACCOUNTING_ONLY_NOT_ALPHA_STATISTIC
ZN_2022_2023_INITIAL_TEST,INITIAL_TEST,509,NONZERO_POSITION_EPISODE,2023-01-12T15:00:00Z,2023-01-12T16:00:00Z,1,1,234.375,1.51,232.865,ACCOUNTING_ONLY_NOT_ALPHA_STATISTIC
ZN_2022_2023_INITIAL_TEST,INITIAL_TEST,510,NONZERO_POSITION_EPISODE,2023-01-13T01:00:00Z,2023-01-13T02:00:00Z,1,1,31.25,1.51,29.74,ACCOUNTING_ONLY_NOT_ALPHA_STATISTIC
ZN_2022_2023_INITIAL_TEST,INITIAL_TEST,511,NONZERO_POSITION_EPISODE,2023-01-13T12:00:00Z,2023-01-13T14:00:00Z,2,1,-31.25,1.51,-32.760000000000005,ACCOUNTING_ONLY_NOT_ALPHA_STATISTIC
ZN_2022_2023_INITIAL_TEST,INITIAL_TEST,512,NONZERO_POSITION_EPISODE,2023-01-13T17:00:00Z,2023-01-13T21:00:00Z,4,1,-140.625,1.51,-142.135,ACCOUNTING_ONLY_NOT_ALPHA_STATISTIC
ZN_2022_2023_INITIAL_TEST,INITIAL_TEST,513,NONZERO_POSITION_EPISODE,2023-01-13T22:00:00Z,2023-01-16T01:00:00Z,2,1,78.125,1.51,76.61500000000001,ACCOUNTING_ONLY_NOT_ALPHA_STATISTIC
ZN_2022_2023_INITIAL_TEST,INITIAL_TEST,514,NONZERO_POSITION_EPISODE,2023-01-16T09:00:00Z,2023-01-16T11:00:00Z,2,1,62.5,4.53,57.97,ACCOUNTING_ONLY_NOT_ALPHA_STATISTIC
ZN_2022_2023_INITIAL_TEST,INITIAL_TEST,515,NONZERO_POSITION_EPISODE,2023-01-16T13:00:00Z,2023-01-16T14:00:00Z,1,1,125.0,1.51,123.49,ACCOUNTING_ONLY_NOT_ALPHA_STATISTIC
ZN_2022_2023_INITIAL_TEST,INITIAL_TEST,516,NONZERO_POSITION_EPISODE,2023-01-17T03:00:00Z,2023-01-17T04:00:00Z,1,1,62.5,1.51,60.99,ACCOUNTING_ONLY_NOT_ALPHA_STATISTIC
ZN_2022_2023_INITIAL_TEST,INITIAL_TEST,517,NONZERO_POSITION_EPISODE,2023-01-17T13:00:00Z,2023-01-17T14:00:00Z,1,1,31.25,1.51,29.74,ACCOUNTING_ONLY_NOT_ALPHA_STATISTIC
ZN_2022_2023_INITIAL_TEST,INITIAL_TEST,518,NONZERO_POSITION_EPISODE,2023-01-17T22:00:00Z,2023-01-18T00:00:00Z,1,1,62.5,1.51,60.99,ACCOUNTING_ONLY_NOT_ALPHA_STATISTIC
ZN_2022_2023_INITIAL_TEST,INITIAL_TEST,519,NONZERO_POSITION_EPISODE,2023-01-18T10:00:00Z,2023-01-18T11:00:00Z,1,1,93.75,1.51,92.24,ACCOUNTING_ONLY_NOT_ALPHA_STATISTIC
ZN_2022_2023_INITIAL_TEST,INITIAL_TEST,520,NONZERO_POSITION_EPISODE,2023-01-19T09:00:00Z,2023-01-19T10:00:00Z,1,1,15.625,1.51,14.115,ACCOUNTING_ONLY_NOT_ALPHA_STATISTIC
ZN_2022_2023_INITIAL_TEST,INITIAL_TEST,521,NONZERO_POSITION_EPISODE,2023-01-19T12:00:00Z,2023-01-19T15:00:00Z,3,1,-62.5,4.53,-67.02999999999999,ACCOUNTING_ONLY_NOT_ALPHA_STATISTIC
ZN_2022_2023_INITIAL_TEST,INITIAL_TEST,522,NONZERO_POSITION_EPISODE,2023-01-19T18:00:00Z,2023-01-19T19:00:00Z,1,1,140.625,1.51,139.115,ACCOUNTING_ONLY_NOT_ALPHA_STATISTIC
ZN_2022_2023_INITIAL_TEST,INITIAL_TEST,523,NONZERO_POSITION_EPISODE,2023-01-20T03:00:00Z,2023-01-20T04:00:00Z,1,1,31.25,1.51,29.74,ACCOUNTING_ONLY_NOT_ALPHA_STATISTIC
ZN_2022_2023_INITIAL_TEST,INITIAL_TEST,524,NONZERO_POSITION_EPISODE,2023-01-20T09:00:00Z,2023-01-20T10:00:00Z,1,1,0.0,1.51,-1.51,ACCOUNTING_ONLY_NOT_ALPHA_STATISTIC
ZN_2022_2023_INITIAL_TEST,INITIAL_TEST,525,NONZERO_POSITION_EPISODE,2023-01-20T12:00:00Z,2023-01-20T13:00:00Z,1,1,78.125,1.51,76.615,ACCOUNTING_ONLY_NOT_ALPHA_STATISTIC
ZN_2022_2023_INITIAL_TEST,INITIAL_TEST,526,NONZERO_POSITION_EPISODE,2023-01-20T14:00:00Z,2023-01-20T19:00:00Z,5,1,15.625,4.53,11.095000000000017,ACCOUNTING_ONLY_NOT_ALPHA_STATISTIC
ZN_2022_2023_INITIAL_TEST,INITIAL_TEST,527,NONZERO_POSITION_EPISODE,2023-01-23T08:00:00Z,2023-01-23T09:00:00Z,1,1,109.375,1.51,107.865,ACCOUNTING_ONLY_NOT_ALPHA_STATISTIC
ZN_2022_2023_INITIAL_TEST,INITIAL_TEST,528,NONZERO_POSITION_EPISODE,2023-01-23T11:00:00Z,2023-01-23T12:00:00Z,1,1,0.0,1.51,-1.51,ACCOUNTING_ONLY_NOT_ALPHA_STATISTIC
ZN_2022_2023_INITIAL_TEST,INITIAL_TEST,529,NONZERO_POSITION_EPISODE,2023-01-23T14:00:00Z,2023-01-23T16:00:00Z,2,1,125.0,1.51,123.49000000000001,ACCOUNTING_ONLY_NOT_ALPHA_STATISTIC
ZN_2022_2023_INITIAL_TEST,INITIAL_TEST,530,NONZERO_POSITION_EPISODE,2023-01-23T17:00:00Z,2023-01-23T19:00:00Z,2,1,-15.625,1.51,-17.134999999999998,ACCOUNTING_ONLY_NOT_ALPHA_STATISTIC
ZN_2022_2023_INITIAL_TEST,INITIAL_TEST,531,NONZERO_POSITION_EPISODE,2023-01-24T14:00:00Z,2023-01-24T16:00:00Z,2,1,671.875,3.02,668.855,ACCOUNTING_ONLY_NOT_ALPHA_STATISTIC
ZN_2022_2023_INITIAL_TEST,INITIAL_TEST,532,NONZERO_POSITION_EPISODE,2023-01-25T04:00:00Z,2023-01-25T05:00:00Z,1,1,15.625,1.51,14.115,ACCOUNTING_ONLY_NOT_ALPHA_STATISTIC
ZN_2022_2023_INITIAL_TEST,INITIAL_TEST,533,NONZERO_POSITION_EPISODE,2023-01-25T16:00:00Z,2023-01-25T18:00:00Z,2,1,0.0,1.51,-1.51,ACCOUNTING_ONLY_NOT_ALPHA_STATISTIC
ZN_2022_2023_INITIAL_TEST,INITIAL_TEST,534,NONZERO_POSITION_EPISODE,2023-01-26T07:00:00Z,2023-01-26T08:00:00Z,1,1,31.25,1.51,29.74,ACCOUNTING_ONLY_NOT_ALPHA_STATISTIC
ZN_2022_2023_INITIAL_TEST,INITIAL_TEST,535,NONZERO_POSITION_EPISODE,2023-01-26T10:00:00Z,2023-01-26T18:00:00Z,8,1,-109.375,1.51,-110.885,ACCOUNTING_ONLY_NOT_ALPHA_STATISTIC
ZN_2022_2023_INITIAL_TEST,INITIAL_TEST,536,NONZERO_POSITION_EPISODE,2023-01-26T21:00:00Z,2023-01-26T22:00:00Z,1,1,0.0,1.51,-1.51,ACCOUNTING_ONLY_NOT_ALPHA_STATISTIC
ZN_2022_2023_INITIAL_TEST,INITIAL_TEST,537,NONZERO_POSITION_EPISODE,2023-01-27T02:00:00Z,2023-01-27T07:00:00Z,5,1,-78.125,1.51,-79.635,ACCOUNTING_ONLY_NOT_ALPHA_STATISTIC
ZN_2022_2023_INITIAL_TEST,INITIAL_TEST,538,NONZERO_POSITION_EPISODE,2023-01-27T09:00:00Z,2023-01-27T13:00:00Z,4,1,-46.875,1.51,-48.385,ACCOUNTING_ONLY_NOT_ALPHA_STATISTIC
ZN_2022_2023_INITIAL_TEST,INITIAL_TEST,539,NONZERO_POSITION_EPISODE,2023-01-30T09:00:00Z,2023-01-30T15:00:00Z,6,1,-62.5,4.53,-67.03,ACCOUNTING_ONLY_NOT_ALPHA_STATISTIC
ZN_2022_2023_INITIAL_TEST,INITIAL_TEST,540,NONZERO_POSITION_EPISODE,2023-01-30T16:00:00Z,2023-01-30T17:00:00Z,1,1,0.0,1.51,-1.51,ACCOUNTING_ONLY_NOT_ALPHA_STATISTIC
ZN_2022_2023_INITIAL_TEST,INITIAL_TEST,541,NONZERO_POSITION_EPISODE,2023-01-30T18:00:00Z,2023-01-30T19:00:00Z,1,1,93.75,1.51,92.24,ACCOUNTING_ONLY_NOT_ALPHA_STATISTIC
ZN_2022_2023_INITIAL_TEST,INITIAL_TEST,542,NONZERO_POSITION_EPISODE,2023-01-31T12:00:00Z,2023-01-31T13:00:00Z,1,1,109.375,1.51,107.865,ACCOUNTING_ONLY_NOT_ALPHA_STATISTIC
ZN_2022_2023_INITIAL_TEST,INITIAL_TEST,543,NONZERO_POSITION_EPISODE,2023-01-31T16:00:00Z,2023-01-31T17:00:00Z,1,1,78.125,1.51,76.615,ACCOUNTING_ONLY_NOT_ALPHA_STATISTIC
ZN_2022_2023_INITIAL_TEST,INITIAL_TEST,544,NONZERO_POSITION_EPISODE,2023-02-01T16:00:00Z,2023-02-01T17:00:00Z,1,1,93.75,1.51,92.24,ACCOUNTING_ONLY_NOT_ALPHA_STATISTIC
ZN_2022_2023_INITIAL_TEST,INITIAL_TEST,545,NONZERO_POSITION_EPISODE,2023-02-02T15:00:00Z,2023-02-02T16:00:00Z,1,1,296.875,1.51,295.365,ACCOUNTING_ONLY_NOT_ALPHA_STATISTIC
ZN_2022_2023_INITIAL_TEST,INITIAL_TEST,546,NONZERO_POSITION_EPISODE,2023-02-02T18:00:00Z,2023-02-02T22:00:00Z,4,1,-93.75,1.51,-95.25999999999999,ACCOUNTING_ONLY_NOT_ALPHA_STATISTIC
ZN_2022_2023_INITIAL_TEST,INITIAL_TEST,547,NONZERO_POSITION_EPISODE,2023-02-03T08:00:00Z,2023-02-03T10:00:00Z,2,1,-15.625,1.51,-17.135000000000005,ACCOUNTING_ONLY_NOT_ALPHA_STATISTIC
ZN_2022_2023_INITIAL_TEST,INITIAL_TEST,548,NONZERO_POSITION_EPISODE,2023-02-03T14:00:00Z,2023-02-06T03:00:00Z,12,1,-1078.125,22.650000000000002,-1100.775,ACCOUNTING_ONLY_NOT_ALPHA_STATISTIC
ZN_2022_2023_INITIAL_TEST,INITIAL_TEST,549,NONZERO_POSITION_EPISODE,2023-02-06T07:00:00Z,2023-02-06T08:00:00Z,1,1,78.125,1.51,76.615,ACCOUNTING_ONLY_NOT_ALPHA_STATISTIC
ZN_2022_2023_INITIAL_TEST,INITIAL_TEST,550,NONZERO_POSITION_EPISODE,2023-02-06T09:00:00Z,2023-02-06T19:00:00Z,10,1,-453.125,7.55,-460.67499999999995,ACCOUNTING_ONLY_NOT_ALPHA_STATISTIC
ZN_2022_2023_INITIAL_TEST,INITIAL_TEST,551,NONZERO_POSITION_EPISODE,2023-02-06T20:00:00Z,2023-02-07T00:00:00Z,3,1,-93.75,1.51,-95.26,ACCOUNTING_ONLY_NOT_ALPHA_STATISTIC
ZN_2022_2023_INITIAL_TEST,INITIAL_TEST,552,NONZERO_POSITION_EPISODE,2023-02-07T12:00:00Z,2023-02-07T13:00:00Z,1,1,140.625,1.51,139.115,ACCOUNTING_ONLY_NOT_ALPHA_STATISTIC
ZN_2022_2023_INITIAL_TEST,INITIAL_TEST,553,NONZERO_POSITION_EPISODE,2023-02-07T14:00:00Z,2023-02-07T15:00:00Z,1,1,78.125,1.51,76.615,ACCOUNTING_ONLY_NOT_ALPHA_STATISTIC
ZN_2022_2023_INITIAL_TEST,INITIAL_TEST,554,NONZERO_POSITION_EPISODE,2023-02-07T17:00:00Z,2023-02-07T18:00:00Z,1,1,375.0,1.51,373.49,ACCOUNTING_ONLY_NOT_ALPHA_STATISTIC
ZN_2022_2023_INITIAL_TEST,INITIAL_TEST,555,NONZERO_POSITION_EPISODE,2023-02-07T19:00:00Z,2023-02-08T00:00:00Z,4,1,-78.125,4.53,-82.65499999999999,ACCOUNTING_ONLY_NOT_ALPHA_STATISTIC
ZN_2022_2023_INITIAL_TEST,INITIAL_TEST,556,NONZERO_POSITION_EPISODE,2023-02-08T14:00:00Z,2023-02-08T17:00:00Z,3,1,-46.875,1.51,-48.385000000000005,ACCOUNTING_ONLY_NOT_ALPHA_STATISTIC
ZN_2022_2023_INITIAL_TEST,INITIAL_TEST,557,NONZERO_POSITION_EPISODE,2023-02-09T15:00:00Z,2023-02-09T17:00:00Z,2,1,31.25,1.51,29.739999999999995,ACCOUNTING_ONLY_NOT_ALPHA_STATISTIC
ZN_2022_2023_INITIAL_TEST,INITIAL_TEST,558,NONZERO_POSITION_EPISODE,2023-02-09T19:00:00Z,2023-02-10T02:00:00Z,6,1,-250.0,7.550000000000001,-257.54999999999995,ACCOUNTING_ONLY_NOT_ALPHA_STATISTIC
ZN_2022_2023_INITIAL_TEST,INITIAL_TEST,559,NONZERO_POSITION_EPISODE,2023-02-10T09:00:00Z,2023-02-10T13:00:00Z,4,1,-109.375,1.51,-110.885,ACCOUNTING_ONLY_NOT_ALPHA_STATISTIC
ZN_2022_2023_INITIAL_TEST,INITIAL_TEST,560,NONZERO_POSITION_EPISODE,2023-02-10T16:00:00Z,2023-02-10T22:00:00Z,6,1,-125.0,1.51,-126.51,ACCOUNTING_ONLY_NOT_ALPHA_STATISTIC
ZN_2022_2023_INITIAL_TEST,INITIAL_TEST,561,NONZERO_POSITION_EPISODE,2023-02-13T15:00:00Z,2023-02-13T16:00:00Z,1,-1,171.875,1.51,170.365,ACCOUNTING_ONLY_NOT_ALPHA_STATISTIC
ZN_2022_2023_INITIAL_TEST,INITIAL_TEST,562,NONZERO_POSITION_EPISODE,2023-02-13T21:00:00Z,2023-02-14T00:00:00Z,2,-1,0.0,4.53,-4.530000000000001,ACCOUNTING_ONLY_NOT_ALPHA_STATISTIC
ZN_2022_2023_INITIAL_TEST,INITIAL_TEST,563,NONZERO_POSITION_EPISODE,2023-02-15T10:00:00Z,2023-02-15T11:00:00Z,1,-1,31.25,1.51,29.74,ACCOUNTING_ONLY_NOT_ALPHA_STATISTIC
ZN_2022_2023_INITIAL_TEST,INITIAL_TEST,564,NONZERO_POSITION_EPISODE,2023-02-16T02:00:00Z,2023-02-16T06:00:00Z,4,-1,-78.125,1.51,-79.63499999999999,ACCOUNTING_ONLY_NOT_ALPHA_STATISTIC
ZN_2022_2023_INITIAL_TEST,INITIAL_TEST,565,NONZERO_POSITION_EPISODE,2023-02-17T14:00:00Z,2023-02-17T22:00:00Z,8,-1,-453.125,7.55,-460.675,ACCOUNTING_ONLY_NOT_ALPHA_STATISTIC
ZN_2022_2023_INITIAL_TEST,INITIAL_TEST,566,NONZERO_POSITION_EPISODE,2023-02-22T02:00:00Z,2023-02-22T03:00:00Z,1,-1,31.25,1.51,29.74,ACCOUNTING_ONLY_NOT_ALPHA_STATISTIC
ZN_2022_2023_INITIAL_TEST,INITIAL_TEST,567,NONZERO_POSITION_EPISODE,2023-02-22T08:00:00Z,2023-02-22T09:00:00Z,1,-1,125.0,1.51,123.49,ACCOUNTING_ONLY_NOT_ALPHA_STATISTIC
ZN_2022_2023_INITIAL_TEST,INITIAL_TEST,568,NONZERO_POSITION_EPISODE,2023-02-22T12:00:00Z,2023-02-22T14:00:00Z,2,-1,0.0,1.51,-1.5100000000000051,ACCOUNTING_ONLY_NOT_ALPHA_STATISTIC
ZN_2022_2023_INITIAL_TEST,INITIAL_TEST,569,NONZERO_POSITION_EPISODE,2023-02-22T15:00:00Z,2023-02-22T17:00:00Z,2,-1,93.75,3.02,90.72999999999999,ACCOUNTING_ONLY_NOT_ALPHA_STATISTIC
ZN_2022_2023_INITIAL_TEST,INITIAL_TEST,570,NONZERO_POSITION_EPISODE,2023-02-22T18:00:00Z,2023-02-22T20:00:00Z,2,-1,171.875,1.51,170.365,ACCOUNTING_ONLY_NOT_ALPHA_STATISTIC
ZN_2022_2023_INITIAL_TEST,INITIAL_TEST,571,NONZERO_POSITION_EPISODE,2023-02-23T15:00:00Z,2023-02-23T22:00:00Z,7,-1,187.5,13.59,173.91000000000003,ACCOUNTING_ONLY_NOT_ALPHA_STATISTIC
ZN_2022_2023_INITIAL_TEST,INITIAL_TEST,572,NONZERO_POSITION_EPISODE,2023-02-24T01:00:00Z,2023-02-24T02:00:00Z,1,-1,187.5,3.02,184.48,ACCOUNTING_ONLY_NOT_ALPHA_STATISTIC
ZN_2022_2023_INITIAL_TEST,INITIAL_TEST,573,NONZERO_POSITION_EPISODE,2023-02-24T05:00:00Z,2023-02-24T06:00:00Z,1,-1,31.25,1.51,29.74,ACCOUNTING_ONLY_NOT_ALPHA_STATISTIC
ZN_2022_2023_INITIAL_TEST,INITIAL_TEST,574,NONZERO_POSITION_EPISODE,2023-02-24T07:00:00Z,2023-02-24T08:00:00Z,1,-1,62.5,1.51,60.99,ACCOUNTING_ONLY_NOT_ALPHA_STATISTIC
ZN_2022_2023_INITIAL_TEST,INITIAL_TEST,575,NONZERO_POSITION_EPISODE,2023-02-24T20:00:00Z,2023-02-24T22:00:00Z,2,-1,31.25,1.51,29.740000000000002,ACCOUNTING_ONLY_NOT_ALPHA_STATISTIC
ZN_2022_2023_INITIAL_TEST,INITIAL_TEST,576,NONZERO_POSITION_EPISODE,2023-02-27T00:00:00Z,2023-02-27T01:00:00Z,1,-1,31.25,1.51,29.74,ACCOUNTING_ONLY_NOT_ALPHA_STATISTIC
ZN_2022_2023_INITIAL_TEST,INITIAL_TEST,577,NONZERO_POSITION_EPISODE,2023-02-27T02:00:00Z,2023-02-27T03:00:00Z,1,-1,109.375,1.51,107.865,ACCOUNTING_ONLY_NOT_ALPHA_STATISTIC
ZN_2022_2023_INITIAL_TEST,INITIAL_TEST,578,NONZERO_POSITION_EPISODE,2023-02-27T08:00:00Z,2023-02-27T09:00:00Z,1,-1,62.5,1.51,60.99,ACCOUNTING_ONLY_NOT_ALPHA_STATISTIC
ZN_2022_2023_INITIAL_TEST,INITIAL_TEST,579,NONZERO_POSITION_EPISODE,2023-02-27T14:00:00Z,2023-02-27T18:00:00Z,4,-1,390.625,10.57,380.05499999999995,ACCOUNTING_ONLY_NOT_ALPHA_STATISTIC
ZN_2022_2023_INITIAL_TEST,INITIAL_TEST,580,NONZERO_POSITION_EPISODE,2023-02-28T11:00:00Z,2023-02-28T12:00:00Z,1,-1,46.875,1.51,45.365,ACCOUNTING_ONLY_NOT_ALPHA_STATISTIC
ZN_2022_2023_INITIAL_TEST,INITIAL_TEST,581,NONZERO_POSITION_EPISODE,2023-02-28T13:00:00Z,2023-02-28T14:00:00Z,1,-1,46.875,1.51,45.365,ACCOUNTING_ONLY_NOT_ALPHA_STATISTIC
ZN_2022_2023_INITIAL_TEST,INITIAL_TEST,582,NONZERO_POSITION_EPISODE,2023-02-28T17:00:00Z,2023-02-28T19:00:00Z,2,-1,-31.25,1.51,-32.760000000000005,ACCOUNTING_ONLY_NOT_ALPHA_STATISTIC
ZN_2022_2023_INITIAL_TEST,INITIAL_TEST,583,NONZERO_POSITION_EPISODE,2023-02-28T20:00:00Z,2023-02-28T22:00:00Z,2,-1,125.0,4.53,120.47,ACCOUNTING_ONLY_NOT_ALPHA_STATISTIC
ZN_2022_2023_INITIAL_TEST,INITIAL_TEST,584,NONZERO_POSITION_EPISODE,2023-03-01T11:00:00Z,2023-03-01T14:00:00Z,3,-1,203.125,4.53,198.595,ACCOUNTING_ONLY_NOT_ALPHA_STATISTIC
ZN_2022_2023_INITIAL_TEST,INITIAL_TEST,585,NONZERO_POSITION_EPISODE,2023-03-02T11:00:00Z,2023-03-02T13:00:00Z,2,-1,156.25,1.51,154.74,ACCOUNTING_ONLY_NOT_ALPHA_STATISTIC
ZN_2022_2023_INITIAL_TEST,INITIAL_TEST,586,NONZERO_POSITION_EPISODE,2023-03-02T19:00:00Z,2023-03-02T20:00:00Z,1,-1,78.125,1.51,76.615,ACCOUNTING_ONLY_NOT_ALPHA_STATISTIC
ZN_2022_2023_INITIAL_TEST,INITIAL_TEST,587,NONZERO_POSITION_EPISODE,2023-03-03T02:00:00Z,2023-03-03T06:00:00Z,4,-1,-15.625,1.51,-17.135,ACCOUNTING_ONLY_NOT_ALPHA_STATISTIC
ZN_2022_2023_INITIAL_TEST,INITIAL_TEST,588,NONZERO_POSITION_EPISODE,2023-03-03T07:00:00Z,2023-03-03T08:00:00Z,1,-1,187.5,3.02,184.48,ACCOUNTING_ONLY_NOT_ALPHA_STATISTIC
ZN_2022_2023_INITIAL_TEST,INITIAL_TEST,589,NONZERO_POSITION_EPISODE,2023-03-03T09:00:00Z,2023-03-03T13:00:00Z,4,-1,62.5,7.55,54.949999999999996,ACCOUNTING_ONLY_NOT_ALPHA_STATISTIC
ZN_2022_2023_INITIAL_TEST,INITIAL_TEST,590,NONZERO_POSITION_EPISODE,2023-03-03T14:00:00Z,2023-03-03T16:00:00Z,2,-1,390.625,7.550000000000001,383.075,ACCOUNTING_ONLY_NOT_ALPHA_STATISTIC
ZN_2022_2023_INITIAL_TEST,INITIAL_TEST,591,NONZERO_POSITION_EPISODE,2023-03-03T17:00:00Z,2023-03-06T00:00:00Z,6,-1,-250.0,4.53,-254.53,ACCOUNTING_ONLY_NOT_ALPHA_STATISTIC
ZN_2022_2023_INITIAL_TEST,INITIAL_TEST,592,NONZERO_POSITION_EPISODE,2023-03-06T02:00:00Z,2023-03-06T05:00:00Z,3,-1,-31.25,1.51,-32.760000000000005,ACCOUNTING_ONLY_NOT_ALPHA_STATISTIC
ZN_2022_2023_INITIAL_TEST,INITIAL_TEST,593,NONZERO_POSITION_EPISODE,2023-03-06T09:00:00Z,2023-03-06T10:00:00Z,1,-1,31.25,1.51,29.74,ACCOUNTING_ONLY_NOT_ALPHA_STATISTIC
ZN_2022_2023_INITIAL_TEST,INITIAL_TEST,594,NONZERO_POSITION_EPISODE,2023-03-06T11:00:00Z,2023-03-06T12:00:00Z,1,-1,125.0,1.51,123.49,ACCOUNTING_ONLY_NOT_ALPHA_STATISTIC
ZN_2022_2023_INITIAL_TEST,INITIAL_TEST,595,NONZERO_POSITION_EPISODE,2023-03-06T13:00:00Z,2023-03-06T15:00:00Z,2,-1,218.75,4.53,214.22,ACCOUNTING_ONLY_NOT_ALPHA_STATISTIC
ZN_2022_2023_INITIAL_TEST,INITIAL_TEST,596,NONZERO_POSITION_EPISODE,2023-03-06T22:00:00Z,2023-03-07T00:00:00Z,1,-1,31.25,1.51,29.74,ACCOUNTING_ONLY_NOT_ALPHA_STATISTIC
ZN_2022_2023_INITIAL_TEST,INITIAL_TEST,597,NONZERO_POSITION_EPISODE,2023-03-07T04:00:00Z,2023-03-07T05:00:00Z,1,-1,15.625,1.51,14.115,ACCOUNTING_ONLY_NOT_ALPHA_STATISTIC
ZN_2022_2023_INITIAL_TEST,INITIAL_TEST,598,NONZERO_POSITION_EPISODE,2023-03-07T06:00:00Z,2023-03-07T08:00:00Z,2,-1,31.25,1.51,29.74,ACCOUNTING_ONLY_NOT_ALPHA_STATISTIC
ZN_2022_2023_INITIAL_TEST,INITIAL_TEST,599,NONZERO_POSITION_EPISODE,2023-03-07T09:00:00Z,2023-03-07T13:00:00Z,4,-1,0.0,4.53,-4.529999999999996,ACCOUNTING_ONLY_NOT_ALPHA_STATISTIC
ZN_2022_2023_INITIAL_TEST,INITIAL_TEST,600,NONZERO_POSITION_EPISODE,2023-03-07T14:00:00Z,2023-03-07T15:00:00Z,1,-1,156.25,1.51,154.74,ACCOUNTING_ONLY_NOT_ALPHA_STATISTIC
ZN_2022_2023_INITIAL_TEST,INITIAL_TEST,601,NONZERO_POSITION_EPISODE,2023-03-07T18:00:00Z,2023-03-07T19:00:00Z,1,-1,140.625,1.51,139.115,ACCOUNTING_ONLY_NOT_ALPHA_STATISTIC
ZN_2022_2023_INITIAL_TEST,INITIAL_TEST,602,NONZERO_POSITION_EPISODE,2023-03-08T08:00:00Z,2023-03-08T17:00:00Z,9,-1,-140.625,10.57,-151.19499999999994,ACCOUNTING_ONLY_NOT_ALPHA_STATISTIC
ZN_2022_2023_INITIAL_TEST,INITIAL_TEST,603,NONZERO_POSITION_EPISODE,2023-03-09T09:00:00Z,2023-03-09T10:00:00Z,1,-1,15.625,1.51,14.115,ACCOUNTING_ONLY_NOT_ALPHA_STATISTIC
ZN_2022_2023_INITIAL_TEST,INITIAL_TEST,604,NONZERO_POSITION_EPISODE,2023-03-09T11:00:00Z,2023-03-09T12:00:00Z,1,-1,0.0,1.51,-1.51,ACCOUNTING_ONLY_NOT_ALPHA_STATISTIC
ZN_2022_2023_INITIAL_TEST,INITIAL_TEST,605,NONZERO_POSITION_EPISODE,2023-03-09T14:00:00Z,2023-03-09T17:00:00Z,3,-1,156.25,10.57,145.68000000000004,ACCOUNTING_ONLY_NOT_ALPHA_STATISTIC
ZN_2022_2023_INITIAL_TEST,INITIAL_TEST,606,NONZERO_POSITION_EPISODE,2023-03-09T18:00:00Z,2023-03-10T08:00:00Z,13,-1,-2921.875,28.69,-2950.565,ACCOUNTING_ONLY_NOT_ALPHA_STATISTIC
ZN_2022_2023_INITIAL_TEST,INITIAL_TEST,607,NONZERO_POSITION_EPISODE,2023-03-10T13:00:00Z,2023-03-10T17:00:00Z,4,-1,468.75,9.06,459.69000000000005,ACCOUNTING_ONLY_NOT_ALPHA_STATISTIC
ZN_2022_2023_INITIAL_TEST,INITIAL_TEST,608,NONZERO_POSITION_EPISODE,2023-03-10T18:00:00Z,2023-03-10T22:00:00Z,4,-1,-187.5,6.04,-193.54,ACCOUNTING_ONLY_NOT_ALPHA_STATISTIC
ZN_2022_2023_INITIAL_TEST,INITIAL_TEST,609,NONZERO_POSITION_EPISODE,2023-03-12T23:00:00Z,2023-03-13T00:00:00Z,1,-1,2015.625,4.53,2011.095,ACCOUNTING_ONLY_NOT_ALPHA_STATISTIC
ZN_2022_2023_INITIAL_TEST,INITIAL_TEST,610,NONZERO_POSITION_EPISODE,2023-03-13T03:00:00Z,2023-03-13T05:00:00Z,2,-1,640.625,7.550000000000001,633.075,ACCOUNTING_ONLY_NOT_ALPHA_STATISTIC
ZN_2022_2023_INITIAL_TEST,INITIAL_TEST,611,NONZERO_POSITION_EPISODE,2023-03-13T07:00:00Z,2023-03-13T08:00:00Z,1,-1,140.625,1.51,139.115,ACCOUNTING_ONLY_NOT_ALPHA_STATISTIC
ZN_2022_2023_INITIAL_TEST,INITIAL_TEST,612,NONZERO_POSITION_EPISODE,2023-03-13T09:00:00Z,2023-03-13T16:00:00Z,7,-1,1437.5,28.69,1408.81,ACCOUNTING_ONLY_NOT_ALPHA_STATISTIC
ZN_2022_2023_INITIAL_TEST,INITIAL_TEST,613,NONZERO_POSITION_EPISODE,2023-03-14T07:00:00Z,2023-03-14T09:00:00Z,2,-1,468.75,1.51,467.24,ACCOUNTING_ONLY_NOT_ALPHA_STATISTIC
ZN_2022_2023_INITIAL_TEST,INITIAL_TEST,614,NONZERO_POSITION_EPISODE,2023-03-14T13:00:00Z,2023-03-14T14:00:00Z,1,-1,734.375,1.51,732.865,ACCOUNTING_ONLY_NOT_ALPHA_STATISTIC
ZN_2022_2023_INITIAL_TEST,INITIAL_TEST,615,NONZERO_POSITION_EPISODE,2023-03-15T10:00:00Z,2023-03-15T18:00:00Z,8,-1,-3546.875,16.61,-3563.485,ACCOUNTING_ONLY_NOT_ALPHA_STATISTIC
ZN_2022_2023_INITIAL_TEST,INITIAL_TEST,616,NONZERO_POSITION_EPISODE,2023-03-16T12:00:00Z,2023-03-16T14:00:00Z,2,-1,62.5,1.51,60.99,ACCOUNTING_ONLY_NOT_ALPHA_STATISTIC
ZN_2022_2023_INITIAL_TEST,INITIAL_TEST,617,NONZERO_POSITION_EPISODE,2023-03-17T12:00:00Z,2023-03-17T18:00:00Z,6,-1,-890.625,1.51,-892.135,ACCOUNTING_ONLY_NOT_ALPHA_STATISTIC
ZN_2022_2023_INITIAL_TEST,INITIAL_TEST,618,NONZERO_POSITION_EPISODE,2023-03-17T19:00:00Z,2023-03-17T20:00:00Z,1,-1,265.625,1.51,264.115,ACCOUNTING_ONLY_NOT_ALPHA_STATISTIC
ZN_2022_2023_INITIAL_TEST,INITIAL_TEST,619,NONZERO_POSITION_EPISODE,2023-03-19T23:00:00Z,2023-03-20T00:00:00Z,1,1,0.0,1.51,-1.51,ACCOUNTING_ONLY_NOT_ALPHA_STATISTIC
ZN_2022_2023_INITIAL_TEST,INITIAL_TEST,620,NONZERO_POSITION_EPISODE,2023-03-20T01:00:00Z,2023-03-20T02:00:00Z,1,1,187.5,1.51,185.99,ACCOUNTING_ONLY_NOT_ALPHA_STATISTIC
ZN_2022_2023_INITIAL_TEST,INITIAL_TEST,621,NONZERO_POSITION_EPISODE,2023-03-20T13:00:00Z,2023-03-20T19:00:00Z,6,1,-328.125,1.51,-329.635,ACCOUNTING_ONLY_NOT_ALPHA_STATISTIC
ZN_2022_2023_INITIAL_TEST,INITIAL_TEST,622,NONZERO_POSITION_EPISODE,2023-03-21T08:00:00Z,2023-03-21T14:00:00Z,6,1,-671.875,1.51,-673.385,ACCOUNTING_ONLY_NOT_ALPHA_STATISTIC
ZN_2022_2023_INITIAL_TEST,INITIAL_TEST,623,NONZERO_POSITION_EPISODE,2023-03-22T13:00:00Z,2023-03-22T14:00:00Z,1,1,125.0,1.51,123.49,ACCOUNTING_ONLY_NOT_ALPHA_STATISTIC
ZN_2022_2023_INITIAL_TEST,INITIAL_TEST,624,NONZERO_POSITION_EPISODE,2023-03-24T14:00:00Z,2023-03-24T15:00:00Z,1,1,109.375,1.51,107.865,ACCOUNTING_ONLY_NOT_ALPHA_STATISTIC
ZN_2022_2023_INITIAL_TEST,INITIAL_TEST,625,NONZERO_POSITION_EPISODE,2023-03-27T10:00:00Z,2023-03-27T12:00:00Z,2,1,-125.0,1.51,-126.51,ACCOUNTING_ONLY_NOT_ALPHA_STATISTIC
ZN_2022_2023_INITIAL_TEST,INITIAL_TEST,626,NONZERO_POSITION_EPISODE,2023-03-27T13:00:00Z,2023-03-27T14:00:00Z,1,1,31.25,1.51,29.74,ACCOUNTING_ONLY_NOT_ALPHA_STATISTIC
ZN_2022_2023_INITIAL_TEST,INITIAL_TEST,627,NONZERO_POSITION_EPISODE,2023-03-28T09:00:00Z,2023-03-28T10:00:00Z,1,1,203.125,1.51,201.615,ACCOUNTING_ONLY_NOT_ALPHA_STATISTIC
ZN_2022_2023_INITIAL_TEST,INITIAL_TEST,628,NONZERO_POSITION_EPISODE,2023-03-29T13:00:00Z,2023-03-29T14:00:00Z,1,1,78.125,1.51,76.615,ACCOUNTING_ONLY_NOT_ALPHA_STATISTIC
ZN_2022_2023_INITIAL_TEST,INITIAL_TEST,629,NONZERO_POSITION_EPISODE,2023-04-02T23:00:00Z,2023-04-03T00:00:00Z,1,1,46.875,1.51,45.365,ACCOUNTING_ONLY_NOT_ALPHA_STATISTIC
ZN_2022_2023_INITIAL_TEST,INITIAL_TEST,630,NONZERO_POSITION_EPISODE,2023-04-07T13:00:00Z,2023-04-09T23:00:00Z,4,1,-250.0,1.51,-251.51,ACCOUNTING_ONLY_NOT_ALPHA_STATISTIC
ZN_2022_2023_INITIAL_TEST,INITIAL_TEST,631,NONZERO_POSITION_EPISODE,2023-04-10T14:00:00Z,2023-04-10T16:00:00Z,2,1,15.625,1.51,14.115000000000002,ACCOUNTING_ONLY_NOT_ALPHA_STATISTIC
ZN_2022_2023_INITIAL_TEST,INITIAL_TEST,632,NONZERO_POSITION_EPISODE,2023-04-11T14:00:00Z,2023-04-11T17:00:00Z,3,1,-156.25,1.51,-157.76,ACCOUNTING_ONLY_NOT_ALPHA_STATISTIC
ZN_2022_2023_INITIAL_TEST,INITIAL_TEST,633,NONZERO_POSITION_EPISODE,2023-04-13T19:00:00Z,2023-04-13T20:00:00Z,1,1,46.875,1.51,45.365,ACCOUNTING_ONLY_NOT_ALPHA_STATISTIC
ZN_2022_2023_INITIAL_TEST,INITIAL_TEST,634,NONZERO_POSITION_EPISODE,2023-04-14T13:00:00Z,2023-04-14T19:00:00Z,6,1,46.875,4.53,42.34500000000001,ACCOUNTING_ONLY_NOT_ALPHA_STATISTIC
ZN_2022_2023_INITIAL_TEST,INITIAL_TEST,635,NONZERO_POSITION_EPISODE,2023-04-17T10:00:00Z,2023-04-17T11:00:00Z,1,1,15.625,1.51,14.115,ACCOUNTING_ONLY_NOT_ALPHA_STATISTIC
ZN_2022_2023_INITIAL_TEST,INITIAL_TEST,636,NONZERO_POSITION_EPISODE,2023-04-17T13:00:00Z,2023-04-17T14:00:00Z,1,1,31.25,1.51,29.74,ACCOUNTING_ONLY_NOT_ALPHA_STATISTIC
ZN_2022_2023_INITIAL_TEST,INITIAL_TEST,637,NONZERO_POSITION_EPISODE,2023-04-17T15:00:00Z,2023-04-17T17:00:00Z,2,1,0.0,1.51,-1.51,ACCOUNTING_ONLY_NOT_ALPHA_STATISTIC
ZN_2022_2023_INITIAL_TEST,INITIAL_TEST,638,NONZERO_POSITION_EPISODE,2023-04-19T07:00:00Z,2023-04-19T11:00:00Z,4,1,-125.0,1.51,-126.51,ACCOUNTING_ONLY_NOT_ALPHA_STATISTIC
ZN_2022_2023_INITIAL_TEST,INITIAL_TEST,639,NONZERO_POSITION_EPISODE,2023-04-19T15:00:00Z,2023-04-19T16:00:00Z,1,1,-15.625,1.51,-17.135,ACCOUNTING_ONLY_NOT_ALPHA_STATISTIC
ZN_2022_2023_INITIAL_TEST,INITIAL_TEST,640,NONZERO_POSITION_EPISODE,2023-04-21T14:00:00Z,2023-04-21T16:00:00Z,2,1,-31.25,1.51,-32.760000000000005,ACCOUNTING_ONLY_NOT_ALPHA_STATISTIC
ZN_2022_2023_INITIAL_TEST,INITIAL_TEST,641,NONZERO_POSITION_EPISODE,2023-04-25T23:00:00Z,2023-04-26T02:00:00Z,3,1,15.625,1.51,14.115000000000002,ACCOUNTING_ONLY_NOT_ALPHA_STATISTIC
ZN_2022_2023_INITIAL_TEST,INITIAL_TEST,642,NONZERO_POSITION_EPISODE,2023-04-26T12:00:00Z,2023-04-26T13:00:00Z,1,1,93.75,1.51,92.24,ACCOUNTING_ONLY_NOT_ALPHA_STATISTIC
ZN_2022_2023_INITIAL_TEST,INITIAL_TEST,643,NONZERO_POSITION_EPISODE,2023-04-26T16:00:00Z,2023-04-26T19:00:00Z,3,1,0.0,4.53,-4.530000000000015,ACCOUNTING_ONLY_NOT_ALPHA_STATISTIC
ZN_2022_2023_INITIAL_TEST,INITIAL_TEST,644,NONZERO_POSITION_EPISODE,2023-04-26T21:00:00Z,2023-04-26T23:00:00Z,1,1,15.625,1.51,14.115,ACCOUNTING_ONLY_NOT_ALPHA_STATISTIC
ZN_2022_2023_INITIAL_TEST,INITIAL_TEST,645,NONZERO_POSITION_EPISODE,2023-04-27T04:00:00Z,2023-04-27T07:00:00Z,3,1,-93.75,1.51,-95.25999999999999,ACCOUNTING_ONLY_NOT_ALPHA_STATISTIC
ZN_2022_2023_INITIAL_TEST,INITIAL_TEST,646,NONZERO_POSITION_EPISODE,2023-04-27T08:00:00Z,2023-04-27T10:00:00Z,2,1,15.625,1.51,14.114999999999995,ACCOUNTING_ONLY_NOT_ALPHA_STATISTIC
ZN_2022_2023_INITIAL_TEST,INITIAL_TEST,647,NONZERO_POSITION_EPISODE,2023-04-27T13:00:00Z,2023-04-27T21:00:00Z,8,1,-484.375,7.55,-491.925,ACCOUNTING_ONLY_NOT_ALPHA_STATISTIC
ZN_2022_2023_INITIAL_TEST,INITIAL_TEST,648,NONZERO_POSITION_EPISODE,2023-04-30T23:00:00Z,2023-05-01T00:00:00Z,1,1,0.0,1.51,-1.51,ACCOUNTING_ONLY_NOT_ALPHA_STATISTIC
ZN_2022_2023_INITIAL_TEST,INITIAL_TEST,649,NONZERO_POSITION_EPISODE,2023-05-01T01:00:00Z,2023-05-01T02:00:00Z,1,1,0.0,1.51,-1.51,ACCOUNTING_ONLY_NOT_ALPHA_STATISTIC
ZN_2022_2023_INITIAL_TEST,INITIAL_TEST,650,NONZERO_POSITION_EPISODE,2023-05-01T07:00:00Z,2023-05-01T09:00:00Z,2,1,-46.875,1.51,-48.385000000000005,ACCOUNTING_ONLY_NOT_ALPHA_STATISTIC
ZN_2022_2023_INITIAL_TEST,INITIAL_TEST,651,NONZERO_POSITION_EPISODE,2023-05-01T14:00:00Z,2023-05-01T23:00:00Z,8,1,-625.0,10.57,-635.5699999999999,ACCOUNTING_ONLY_NOT_ALPHA_STATISTIC
ZN_2022_2023_INITIAL_TEST,INITIAL_TEST,652,NONZERO_POSITION_EPISODE,2023-05-02T05:00:00Z,2023-05-02T06:00:00Z,1,1,62.5,1.51,60.99,ACCOUNTING_ONLY_NOT_ALPHA_STATISTIC
ZN_2022_2023_INITIAL_TEST,INITIAL_TEST,653,NONZERO_POSITION_EPISODE,2023-05-02T13:00:00Z,2023-05-02T14:00:00Z,1,1,187.5,1.51,185.99,ACCOUNTING_ONLY_NOT_ALPHA_STATISTIC
ZN_2022_2023_INITIAL_TEST,INITIAL_TEST,654,NONZERO_POSITION_EPISODE,2023-05-04T13:00:00Z,2023-05-04T14:00:00Z,1,1,265.625,1.51,264.115,ACCOUNTING_ONLY_NOT_ALPHA_STATISTIC
ZN_2022_2023_INITIAL_TEST,INITIAL_TEST,655,NONZERO_POSITION_EPISODE,2023-05-04T20:00:00Z,2023-05-05T00:00:00Z,3,1,-62.5,1.51,-64.01,ACCOUNTING_ONLY_NOT_ALPHA_STATISTIC
ZN_2022_2023_INITIAL_TEST,INITIAL_TEST,656,NONZERO_POSITION_EPISODE,2023-05-05T09:00:00Z,2023-05-05T10:00:00Z,1,1,-15.625,1.51,-17.135,ACCOUNTING_ONLY_NOT_ALPHA_STATISTIC
ZN_2022_2023_INITIAL_TEST,INITIAL_TEST,657,NONZERO_POSITION_EPISODE,2023-05-05T13:00:00Z,2023-05-05T17:00:00Z,4,1,78.125,4.53,73.59499999999998,ACCOUNTING_ONLY_NOT_ALPHA_STATISTIC
ZN_2022_2023_INITIAL_TEST,INITIAL_TEST,658,NONZERO_POSITION_EPISODE,2023-05-08T08:00:00Z,2023-05-08T11:00:00Z,3,1,-15.625,1.51,-17.134999999999998,ACCOUNTING_ONLY_NOT_ALPHA_STATISTIC
ZN_2022_2023_INITIAL_TEST,INITIAL_TEST,659,NONZERO_POSITION_EPISODE,2023-05-08T12:00:00Z,2023-05-08T15:00:00Z,3,1,0.0,1.51,-1.5100000000000051,ACCOUNTING_ONLY_NOT_ALPHA_STATISTIC
ZN_2022_2023_INITIAL_TEST,INITIAL_TEST,660,NONZERO_POSITION_EPISODE,2023-05-08T19:00:00Z,2023-05-08T21:00:00Z,2,1,62.5,1.51,60.989999999999995,ACCOUNTING_ONLY_NOT_ALPHA_STATISTIC
ZN_2022_2023_INITIAL_TEST,INITIAL_TEST,661,NONZERO_POSITION_EPISODE,2023-05-09T13:00:00Z,2023-05-09T15:00:00Z,2,1,-31.25,1.51,-32.760000000000005,ACCOUNTING_ONLY_NOT_ALPHA_STATISTIC
ZN_2022_2023_INITIAL_TEST,INITIAL_TEST,662,NONZERO_POSITION_EPISODE,2023-05-09T16:00:00Z,2023-05-09T18:00:00Z,2,1,0.0,1.51,-1.509999999999998,ACCOUNTING_ONLY_NOT_ALPHA_STATISTIC
ZN_2022_2023_INITIAL_TEST,INITIAL_TEST,663,NONZERO_POSITION_EPISODE,2023-05-11T19:00:00Z,2023-05-11T20:00:00Z,1,1,31.25,1.51,29.74,ACCOUNTING_ONLY_NOT_ALPHA_STATISTIC
ZN_2022_2023_INITIAL_TEST,INITIAL_TEST,664,NONZERO_POSITION_EPISODE,2023-05-12T07:00:00Z,2023-05-12T08:00:00Z,1,1,46.875,1.51,45.365,ACCOUNTING_ONLY_NOT_ALPHA_STATISTIC
ZN_2022_2023_INITIAL_TEST,INITIAL_TEST,665,NONZERO_POSITION_EPISODE,2023-05-12T09:00:00Z,2023-05-12T10:00:00Z,1,1,31.25,1.51,29.74,ACCOUNTING_ONLY_NOT_ALPHA_STATISTIC
ZN_2022_2023_INITIAL_TEST,INITIAL_TEST,666,NONZERO_POSITION_EPISODE,2023-05-12T12:00:00Z,2023-05-12T13:00:00Z,1,1,62.5,1.51,60.99,ACCOUNTING_ONLY_NOT_ALPHA_STATISTIC
ZN_2022_2023_INITIAL_TEST,INITIAL_TEST,667,NONZERO_POSITION_EPISODE,2023-05-12T15:00:00Z,2023-05-15T00:00:00Z,8,1,-296.875,4.53,-301.40500000000003,ACCOUNTING_ONLY_NOT_ALPHA_STATISTIC
ZN_2022_2023_INITIAL_TEST,INITIAL_TEST,668,NONZERO_POSITION_EPISODE,2023-05-15T06:00:00Z,2023-05-15T07:00:00Z,1,1,31.25,1.51,29.74,ACCOUNTING_ONLY_NOT_ALPHA_STATISTIC
ZN_2022_2023_INITIAL_TEST,INITIAL_TEST,669,NONZERO_POSITION_EPISODE,2023-05-15T14:00:00Z,2023-05-15T15:00:00Z,1,1,15.625,1.51,14.115,ACCOUNTING_ONLY_NOT_ALPHA_STATISTIC
ZN_2022_2023_INITIAL_TEST,INITIAL_TEST,670,NONZERO_POSITION_EPISODE,2023-05-15T16:00:00Z,2023-05-15T17:00:00Z,1,1,15.625,1.51,14.115,ACCOUNTING_ONLY_NOT_ALPHA_STATISTIC
ZN_2022_2023_INITIAL_TEST,INITIAL_TEST,671,NONZERO_POSITION_EPISODE,2023-05-16T13:00:00Z,2023-05-16T18:00:00Z,5,1,-187.5,7.55,-195.05,ACCOUNTING_ONLY_NOT_ALPHA_STATISTIC
ZN_2022_2023_INITIAL_TEST,INITIAL_TEST,672,NONZERO_POSITION_EPISODE,2023-05-17T14:00:00Z,2023-05-17T20:00:00Z,6,1,-250.0,7.55,-257.55,ACCOUNTING_ONLY_NOT_ALPHA_STATISTIC
ZN_2022_2023_INITIAL_TEST,INITIAL_TEST,673,NONZERO_POSITION_EPISODE,2023-05-18T07:00:00Z,2023-05-18T21:00:00Z,14,1,-687.5,7.55,-695.05,ACCOUNTING_ONLY_NOT_ALPHA_STATISTIC
ZN_2022_2023_INITIAL_TEST,INITIAL_TEST,674,NONZERO_POSITION_EPISODE,2023-05-19T11:00:00Z,2023-05-19T16:00:00Z,5,1,-15.625,6.04,-21.664999999999978,ACCOUNTING_ONLY_NOT_ALPHA_STATISTIC
ZN_2022_2023_INITIAL_TEST,INITIAL_TEST,675,NONZERO_POSITION_EPISODE,2023-05-19T19:00:00Z,2023-05-19T21:00:00Z,2,1,93.75,1.51,92.24,ACCOUNTING_ONLY_NOT_ALPHA_STATISTIC
ZN_2022_2023_INITIAL_TEST,INITIAL_TEST,676,NONZERO_POSITION_EPISODE,2023-05-22T12:00:00Z,2023-05-22T17:00:00Z,5,1,-343.75,4.53,-348.28,ACCOUNTING_ONLY_NOT_ALPHA_STATISTIC
ZN_2022_2023_INITIAL_TEST,INITIAL_TEST,677,NONZERO_POSITION_EPISODE,2023-05-22T20:00:00Z,2023-05-22T21:00:00Z,1,1,46.875,1.51,45.365,ACCOUNTING_ONLY_NOT_ALPHA_STATISTIC
ZN_2022_2023_INITIAL_TEST,INITIAL_TEST,678,NONZERO_POSITION_EPISODE,2023-05-23T15:00:00Z,2023-05-23T16:00:00Z,1,-1,62.5,1.51,60.99,ACCOUNTING_ONLY_NOT_ALPHA_STATISTIC
ZN_2022_2023_INITIAL_TEST,INITIAL_TEST,679,NONZERO_POSITION_EPISODE,2023-05-23T17:00:00Z,2023-05-24T00:00:00Z,6,-1,-93.75,4.53,-98.28,ACCOUNTING_ONLY_NOT_ALPHA_STATISTIC
ZN_2022_2023_INITIAL_TEST,INITIAL_TEST,680,NONZERO_POSITION_EPISODE,2023-05-24T01:00:00Z,2023-05-24T05:00:00Z,4,-1,-62.5,1.51,-64.00999999999999,ACCOUNTING_ONLY_NOT_ALPHA_STATISTIC
ZN_2022_2023_INITIAL_TEST,INITIAL_TEST,681,NONZERO_POSITION_EPISODE,2023-05-24T11:00:00Z,2023-05-24T13:00:00Z,2,-1,78.125,1.51,76.61500000000001,ACCOUNTING_ONLY_NOT_ALPHA_STATISTIC
ZN_2022_2023_INITIAL_TEST,INITIAL_TEST,682,NONZERO_POSITION_EPISODE,2023-05-26T08:00:00Z,2023-05-26T12:00:00Z,4,-1,62.5,1.51,60.99,ACCOUNTING_ONLY_NOT_ALPHA_STATISTIC
ZN_2022_2023_INITIAL_TEST,INITIAL_TEST,683,NONZERO_POSITION_EPISODE,2023-05-26T18:00:00Z,2023-05-26T21:00:00Z,3,-1,-31.25,1.51,-32.76,ACCOUNTING_ONLY_NOT_ALPHA_STATISTIC
ZN_2022_2023_INITIAL_TEST,INITIAL_TEST,684,NONZERO_POSITION_EPISODE,2023-05-29T09:00:00Z,2023-05-29T16:00:00Z,7,-1,-109.375,4.53,-113.905,ACCOUNTING_ONLY_NOT_ALPHA_STATISTIC
ZN_2022_2023_INITIAL_TEST,INITIAL_TEST,685,NONZERO_POSITION_EPISODE,2023-05-30T00:00:00Z,2023-05-30T03:00:00Z,3,-1,-46.875,1.51,-48.385000000000005,ACCOUNTING_ONLY_NOT_ALPHA_STATISTIC
ZN_2022_2023_INITIAL_TEST,INITIAL_TEST,686,NONZERO_POSITION_EPISODE,2023-05-30T08:00:00Z,2023-05-30T13:00:00Z,5,-1,62.5,6.04,56.459999999999994,ACCOUNTING_ONLY_NOT_ALPHA_STATISTIC
ZN_2022_2023_INITIAL_TEST,INITIAL_TEST,687,NONZERO_POSITION_EPISODE,2023-05-30T15:00:00Z,2023-05-30T21:00:00Z,6,-1,-15.625,9.06,-24.685000000000016,ACCOUNTING_ONLY_NOT_ALPHA_STATISTIC
ZN_2022_2023_INITIAL_TEST,INITIAL_TEST,688,NONZERO_POSITION_EPISODE,2023-05-31T02:00:00Z,2023-05-31T05:00:00Z,3,-1,-15.625,1.51,-17.135,ACCOUNTING_ONLY_NOT_ALPHA_STATISTIC
ZN_2022_2023_INITIAL_TEST,INITIAL_TEST,689,NONZERO_POSITION_EPISODE,2023-05-31T06:00:00Z,2023-05-31T08:00:00Z,2,-1,78.125,3.02,75.105,ACCOUNTING_ONLY_NOT_ALPHA_STATISTIC
ZN_2022_2023_INITIAL_TEST,INITIAL_TEST,690,NONZERO_POSITION_EPISODE,2023-05-31T10:00:00Z,2023-05-31T11:00:00Z,1,-1,15.625,1.51,14.115,ACCOUNTING_ONLY_NOT_ALPHA_STATISTIC
ZN_2022_2023_INITIAL_TEST,INITIAL_TEST,691,NONZERO_POSITION_EPISODE,2023-05-31T12:00:00Z,2023-05-31T13:00:00Z,1,-1,187.5,1.51,185.99,ACCOUNTING_ONLY_NOT_ALPHA_STATISTIC
ZN_2022_2023_INITIAL_TEST,INITIAL_TEST,692,NONZERO_POSITION_EPISODE,2023-05-31T14:00:00Z,2023-05-31T15:00:00Z,1,-1,78.125,1.51,76.615,ACCOUNTING_ONLY_NOT_ALPHA_STATISTIC
ZN_2022_2023_INITIAL_TEST,INITIAL_TEST,693,NONZERO_POSITION_EPISODE,2023-05-31T18:00:00Z,2023-05-31T20:00:00Z,2,-1,0.0,1.51,-1.509999999999998,ACCOUNTING_ONLY_NOT_ALPHA_STATISTIC
ZN_2022_2023_INITIAL_TEST,INITIAL_TEST,694,NONZERO_POSITION_EPISODE,2023-06-01T11:00:00Z,2023-06-01T17:00:00Z,6,-1,-734.375,10.57,-744.9449999999999,ACCOUNTING_ONLY_NOT_ALPHA_STATISTIC
ZN_2022_2023_INITIAL_TEST,INITIAL_TEST,695,NONZERO_POSITION_EPISODE,2023-06-01T18:00:00Z,2023-06-01T19:00:00Z,1,-1,-15.625,1.51,-17.135,ACCOUNTING_ONLY_NOT_ALPHA_STATISTIC
ZN_2022_2023_INITIAL_TEST,INITIAL_TEST,696,NONZERO_POSITION_EPISODE,2023-06-05T15:00:00Z,2023-06-05T20:00:00Z,5,-1,31.25,7.550000000000001,23.70000000000001,ACCOUNTING_ONLY_NOT_ALPHA_STATISTIC
ZN_2022_2023_INITIAL_TEST,INITIAL_TEST,697,NONZERO_POSITION_EPISODE,2023-06-05T21:00:00Z,2023-06-06T01:00:00Z,3,-1,31.25,1.51,29.740000000000002,ACCOUNTING_ONLY_NOT_ALPHA_STATISTIC
ZN_2022_2023_INITIAL_TEST,INITIAL_TEST,698,NONZERO_POSITION_EPISODE,2023-06-06T08:00:00Z,2023-06-06T12:00:00Z,4,-1,-31.25,4.53,-35.779999999999994,ACCOUNTING_ONLY_NOT_ALPHA_STATISTIC
ZN_2022_2023_INITIAL_TEST,INITIAL_TEST,699,NONZERO_POSITION_EPISODE,2023-06-06T21:00:00Z,2023-06-07T01:00:00Z,3,-1,93.75,4.53,89.22,ACCOUNTING_ONLY_NOT_ALPHA_STATISTIC
ZN_2022_2023_INITIAL_TEST,INITIAL_TEST,700,NONZERO_POSITION_EPISODE,2023-06-07T03:00:00Z,2023-06-07T05:00:00Z,2,-1,31.25,1.51,29.74,ACCOUNTING_ONLY_NOT_ALPHA_STATISTIC
ZN_2022_2023_INITIAL_TEST,INITIAL_TEST,701,NONZERO_POSITION_EPISODE,2023-06-08T13:00:00Z,2023-06-08T21:00:00Z,8,-1,-546.875,4.53,-551.405,ACCOUNTING_ONLY_NOT_ALPHA_STATISTIC
ZN_2022_2023_INITIAL_TEST,INITIAL_TEST,702,NONZERO_POSITION_EPISODE,2023-06-12T11:00:00Z,2023-06-12T12:00:00Z,1,-1,-15.625,1.51,-17.135,ACCOUNTING_ONLY_NOT_ALPHA_STATISTIC
ZN_2022_2023_INITIAL_TEST,INITIAL_TEST,703,NONZERO_POSITION_EPISODE,2023-06-12T13:00:00Z,2023-06-12T14:00:00Z,1,-1,1265.625,4.53,1261.095,ACCOUNTING_ONLY_NOT_ALPHA_STATISTIC
ZN_2022_2023_INITIAL_TEST,INITIAL_TEST,704,NONZERO_POSITION_EPISODE,2023-06-12T18:00:00Z,2023-06-13T01:00:00Z,6,-1,-93.75,4.53,-98.28,ACCOUNTING_ONLY_NOT_ALPHA_STATISTIC
ZN_2022_2023_INITIAL_TEST,INITIAL_TEST,705,NONZERO_POSITION_EPISODE,2023-06-13T02:00:00Z,2023-06-13T05:00:00Z,3,-1,31.25,1.51,29.74,ACCOUNTING_ONLY_NOT_ALPHA_STATISTIC
ZN_2022_2023_INITIAL_TEST,INITIAL_TEST,706,NONZERO_POSITION_EPISODE,2023-06-13T09:00:00Z,2023-06-13T10:00:00Z,1,-1,62.5,1.51,60.99,ACCOUNTING_ONLY_NOT_ALPHA_STATISTIC
ZN_2022_2023_INITIAL_TEST,INITIAL_TEST,707,NONZERO_POSITION_EPISODE,2023-06-13T13:00:00Z,2023-06-13T14:00:00Z,1,-1,1968.75,4.53,1964.22,ACCOUNTING_ONLY_NOT_ALPHA_STATISTIC
ZN_2022_2023_INITIAL_TEST,INITIAL_TEST,708,NONZERO_POSITION_EPISODE,2023-06-14T08:00:00Z,2023-06-14T09:00:00Z,1,-1,46.875,1.51,45.365,ACCOUNTING_ONLY_NOT_ALPHA_STATISTIC
ZN_2022_2023_INITIAL_TEST,INITIAL_TEST,709,NONZERO_POSITION_EPISODE,2023-06-14T13:00:00Z,2023-06-14T17:00:00Z,4,-1,234.375,7.550000000000001,226.82500000000002,ACCOUNTING_ONLY_NOT_ALPHA_STATISTIC
ZN_2022_2023_INITIAL_TEST,INITIAL_TEST,710,NONZERO_POSITION_EPISODE,2023-06-15T08:00:00Z,2023-06-15T09:00:00Z,1,-1,46.875,1.51,45.365,ACCOUNTING_ONLY_NOT_ALPHA_STATISTIC
ZN_2022_2023_INITIAL_TEST,INITIAL_TEST,711,NONZERO_POSITION_EPISODE,2023-06-15T13:00:00Z,2023-06-16T00:00:00Z,10,-1,-1046.875,13.59,-1060.465,ACCOUNTING_ONLY_NOT_ALPHA_STATISTIC
ZN_2022_2023_INITIAL_TEST,INITIAL_TEST,712,NONZERO_POSITION_EPISODE,2023-06-16T10:00:00Z,2023-06-16T12:00:00Z,2,-1,109.375,1.51,107.865,ACCOUNTING_ONLY_NOT_ALPHA_STATISTIC
ZN_2022_2023_INITIAL_TEST,INITIAL_TEST,713,NONZERO_POSITION_EPISODE,2023-06-18T23:00:00Z,2023-06-19T01:00:00Z,2,-1,-15.625,1.51,-17.134999999999998,ACCOUNTING_ONLY_NOT_ALPHA_STATISTIC
ZN_2022_2023_INITIAL_TEST,INITIAL_TEST,714,NONZERO_POSITION_EPISODE,2023-06-19T07:00:00Z,2023-06-19T08:00:00Z,1,-1,296.875,1.51,295.365,ACCOUNTING_ONLY_NOT_ALPHA_STATISTIC
ZN_2022_2023_INITIAL_TEST,INITIAL_TEST,715,NONZERO_POSITION_EPISODE,2023-06-20T02:00:00Z,2023-06-20T04:00:00Z,2,-1,-31.25,1.51,-32.760000000000005,ACCOUNTING_ONLY_NOT_ALPHA_STATISTIC
ZN_2022_2023_INITIAL_TEST,INITIAL_TEST,716,NONZERO_POSITION_EPISODE,2023-06-20T08:00:00Z,2023-06-20T09:00:00Z,1,-1,31.25,1.51,29.74,ACCOUNTING_ONLY_NOT_ALPHA_STATISTIC
ZN_2022_2023_INITIAL_TEST,INITIAL_TEST,717,NONZERO_POSITION_EPISODE,2023-06-20T11:00:00Z,2023-06-20T13:00:00Z,2,-1,93.75,3.02,90.73,ACCOUNTING_ONLY_NOT_ALPHA_STATISTIC
ZN_2022_2023_INITIAL_TEST,INITIAL_TEST,718,NONZERO_POSITION_EPISODE,2023-06-20T14:00:00Z,2023-06-20T19:00:00Z,5,-1,15.625,7.55,8.075000000000024,ACCOUNTING_ONLY_NOT_ALPHA_STATISTIC
ZN_2022_2023_INITIAL_TEST,INITIAL_TEST,719,NONZERO_POSITION_EPISODE,2023-06-21T06:00:00Z,2023-06-21T07:00:00Z,1,-1,218.75,1.51,217.24,ACCOUNTING_ONLY_NOT_ALPHA_STATISTIC
ZN_2022_2023_INITIAL_TEST,INITIAL_TEST,720,NONZERO_POSITION_EPISODE,2023-06-21T18:00:00Z,2023-06-22T00:00:00Z,5,-1,-93.75,4.53,-98.28,ACCOUNTING_ONLY_NOT_ALPHA_STATISTIC
ZN_2022_2023_INITIAL_TEST,INITIAL_TEST,721,NONZERO_POSITION_EPISODE,2023-06-23T03:00:00Z,2023-06-23T04:00:00Z,1,-1,0.0,1.51,-1.51,ACCOUNTING_ONLY_NOT_ALPHA_STATISTIC
ZN_2022_2023_INITIAL_TEST,INITIAL_TEST,722,NONZERO_POSITION_EPISODE,2023-06-23T05:00:00Z,2023-06-23T06:00:00Z,1,-1,62.5,1.51,60.99,ACCOUNTING_ONLY_NOT_ALPHA_STATISTIC
ZN_2022_2023_INITIAL_TEST,INITIAL_TEST,723,NONZERO_POSITION_EPISODE,2023-06-23T08:00:00Z,2023-06-23T15:00:00Z,7,-1,1000.0,22.650000000000002,977.35,ACCOUNTING_ONLY_NOT_ALPHA_STATISTIC
ZN_2022_2023_INITIAL_TEST,INITIAL_TEST,724,NONZERO_POSITION_EPISODE,2023-06-25T23:00:00Z,2023-06-26T02:00:00Z,3,-1,15.625,1.51,14.115,ACCOUNTING_ONLY_NOT_ALPHA_STATISTIC
ZN_2022_2023_INITIAL_TEST,INITIAL_TEST,725,NONZERO_POSITION_EPISODE,2023-06-26T08:00:00Z,2023-06-26T12:00:00Z,4,-1,-46.875,4.53,-51.405000000000015,ACCOUNTING_ONLY_NOT_ALPHA_STATISTIC
ZN_2022_2023_INITIAL_TEST,INITIAL_TEST,726,NONZERO_POSITION_EPISODE,2023-06-26T13:00:00Z,2023-06-26T14:00:00Z,1,-1,296.875,1.51,295.365,ACCOUNTING_ONLY_NOT_ALPHA_STATISTIC
ZN_2022_2023_INITIAL_TEST,INITIAL_TEST,727,NONZERO_POSITION_EPISODE,2023-06-27T12:00:00Z,2023-06-27T13:00:00Z,1,-1,78.125,1.51,76.615,ACCOUNTING_ONLY_NOT_ALPHA_STATISTIC
ZN_2022_2023_INITIAL_TEST,INITIAL_TEST,728,NONZERO_POSITION_EPISODE,2023-06-27T14:00:00Z,2023-06-27T15:00:00Z,1,-1,390.625,1.51,389.115,ACCOUNTING_ONLY_NOT_ALPHA_STATISTIC
ZN_2022_2023_INITIAL_TEST,INITIAL_TEST,729,NONZERO_POSITION_EPISODE,2023-06-28T07:00:00Z,2023-06-28T10:00:00Z,3,-1,-62.5,1.51,-64.00999999999999,ACCOUNTING_ONLY_NOT_ALPHA_STATISTIC
ZN_2022_2023_INITIAL_TEST,INITIAL_TEST,730,NONZERO_POSITION_EPISODE,2023-06-28T11:00:00Z,2023-06-28T13:00:00Z,2,-1,15.625,1.51,14.115000000000002,ACCOUNTING_ONLY_NOT_ALPHA_STATISTIC
ZN_2022_2023_INITIAL_TEST,INITIAL_TEST,731,NONZERO_POSITION_EPISODE,2023-06-28T16:00:00Z,2023-06-28T23:00:00Z,6,-1,-328.125,7.55,-335.675,ACCOUNTING_ONLY_NOT_ALPHA_STATISTIC
ZN_2022_2023_INITIAL_TEST,INITIAL_TEST,732,NONZERO_POSITION_EPISODE,2023-06-30T13:00:00Z,2023-06-30T14:00:00Z,1,-1,562.5,4.53,557.97,ACCOUNTING_ONLY_NOT_ALPHA_STATISTIC
ZN_2022_2023_INITIAL_TEST,INITIAL_TEST,733,NONZERO_POSITION_EPISODE,2023-06-30T15:00:00Z,2023-06-30T19:00:00Z,4,-1,-93.75,4.53,-98.28,ACCOUNTING_ONLY_NOT_ALPHA_STATISTIC
ZN_2022_2023_INITIAL_TEST,INITIAL_TEST,734,NONZERO_POSITION_EPISODE,2023-07-03T13:00:00Z,2023-07-03T15:00:00Z,2,-1,78.125,3.02,75.10500000000002,ACCOUNTING_ONLY_NOT_ALPHA_STATISTIC
ZN_2022_2023_INITIAL_TEST,INITIAL_TEST,735,NONZERO_POSITION_EPISODE,2023-07-04T01:00:00Z,2023-07-04T02:00:00Z,1,-1,46.875,1.51,45.365,ACCOUNTING_ONLY_NOT_ALPHA_STATISTIC
ZN_2022_2023_INITIAL_TEST,INITIAL_TEST,736,NONZERO_POSITION_EPISODE,2023-07-04T14:00:00Z,2023-07-04T16:00:00Z,2,-1,46.875,4.53,42.345,ACCOUNTING_ONLY_NOT_ALPHA_STATISTIC
ZN_2022_2023_INITIAL_TEST,INITIAL_TEST,737,NONZERO_POSITION_EPISODE,2023-07-04T23:00:00Z,2023-07-05T01:00:00Z,2,-1,62.5,1.51,60.99,ACCOUNTING_ONLY_NOT_ALPHA_STATISTIC
ZN_2022_2023_INITIAL_TEST,INITIAL_TEST,738,NONZERO_POSITION_EPISODE,2023-07-05T03:00:00Z,2023-07-05T04:00:00Z,1,-1,31.25,1.51,29.74,ACCOUNTING_ONLY_NOT_ALPHA_STATISTIC
ZN_2022_2023_INITIAL_TEST,INITIAL_TEST,739,NONZERO_POSITION_EPISODE,2023-07-05T10:00:00Z,2023-07-05T12:00:00Z,2,-1,156.25,1.51,154.74,ACCOUNTING_ONLY_NOT_ALPHA_STATISTIC
ZN_2022_2023_INITIAL_TEST,INITIAL_TEST,740,NONZERO_POSITION_EPISODE,2023-07-06T20:00:00Z,2023-07-06T23:00:00Z,2,-1,-31.25,1.51,-32.760000000000005,ACCOUNTING_ONLY_NOT_ALPHA_STATISTIC
ZN_2022_2023_INITIAL_TEST,INITIAL_TEST,741,NONZERO_POSITION_EPISODE,2023-07-07T07:00:00Z,2023-07-07T08:00:00Z,1,-1,93.75,1.51,92.24,ACCOUNTING_ONLY_NOT_ALPHA_STATISTIC
ZN_2022_2023_INITIAL_TEST,INITIAL_TEST,742,NONZERO_POSITION_EPISODE,2023-07-07T14:00:00Z,2023-07-07T17:00:00Z,3,-1,250.0,7.55,242.45000000000002,ACCOUNTING_ONLY_NOT_ALPHA_STATISTIC
ZN_2022_2023_INITIAL_TEST,INITIAL_TEST,743,NONZERO_POSITION_EPISODE,2023-07-10T07:00:00Z,2023-07-10T10:00:00Z,3,-1,-15.625,1.51,-17.134999999999998,ACCOUNTING_ONLY_NOT_ALPHA_STATISTIC
ZN_2022_2023_INITIAL_TEST,INITIAL_TEST,744,NONZERO_POSITION_EPISODE,2023-07-10T11:00:00Z,2023-07-10T13:00:00Z,2,-1,390.625,3.02,387.605,ACCOUNTING_ONLY_NOT_ALPHA_STATISTIC
ZN_2022_2023_INITIAL_TEST,INITIAL_TEST,745,NONZERO_POSITION_EPISODE,2023-07-10T14:00:00Z,2023-07-10T23:00:00Z,8,-1,-890.625,10.57,-901.1949999999999,ACCOUNTING_ONLY_NOT_ALPHA_STATISTIC
ZN_2022_2023_INITIAL_TEST,INITIAL_TEST,746,NONZERO_POSITION_EPISODE,2023-07-11T06:00:00Z,2023-07-11T09:00:00Z,3,-1,-15.625,1.51,-17.135,ACCOUNTING_ONLY_NOT_ALPHA_STATISTIC
ZN_2022_2023_INITIAL_TEST,INITIAL_TEST,747,NONZERO_POSITION_EPISODE,2023-07-11T10:00:00Z,2023-07-11T11:00:00Z,1,-1,93.75,1.51,92.24,ACCOUNTING_ONLY_NOT_ALPHA_STATISTIC
ZN_2022_2023_INITIAL_TEST,INITIAL_TEST,748,NONZERO_POSITION_EPISODE,2023-07-11T17:00:00Z,2023-07-11T18:00:00Z,1,-1,0.0,1.51,-1.51,ACCOUNTING_ONLY_NOT_ALPHA_STATISTIC
ZN_2022_2023_INITIAL_TEST,INITIAL_TEST,749,NONZERO_POSITION_EPISODE,2023-07-11T23:00:00Z,2023-07-12T02:00:00Z,3,-1,-15.625,1.51,-17.134999999999998,ACCOUNTING_ONLY_NOT_ALPHA_STATISTIC
ZN_2022_2023_INITIAL_TEST,INITIAL_TEST,750,NONZERO_POSITION_EPISODE,2023-07-12T04:00:00Z,2023-07-12T05:00:00Z,1,-1,31.25,1.51,29.74,ACCOUNTING_ONLY_NOT_ALPHA_STATISTIC
ZN_2022_2023_INITIAL_TEST,INITIAL_TEST,751,NONZERO_POSITION_EPISODE,2023-07-12T07:00:00Z,2023-07-12T10:00:00Z,3,-1,15.625,1.51,14.115,ACCOUNTING_ONLY_NOT_ALPHA_STATISTIC
ZN_2022_2023_INITIAL_TEST,INITIAL_TEST,752,NONZERO_POSITION_EPISODE,2023-07-12T12:00:00Z,2023-07-12T20:00:00Z,8,-1,-1921.875,10.57,-1932.445,ACCOUNTING_ONLY_NOT_ALPHA_STATISTIC
ZN_2022_2023_INITIAL_TEST,INITIAL_TEST,753,NONZERO_POSITION_EPISODE,2023-07-13T00:00:00Z,2023-07-13T02:00:00Z,2,-1,-15.625,1.51,-17.134999999999998,ACCOUNTING_ONLY_NOT_ALPHA_STATISTIC
ZN_2022_2023_INITIAL_TEST,INITIAL_TEST,754,NONZERO_POSITION_EPISODE,2023-07-13T03:00:00Z,2023-07-13T04:00:00Z,1,-1,31.25,1.51,29.74,ACCOUNTING_ONLY_NOT_ALPHA_STATISTIC
ZN_2022_2023_INITIAL_TEST,INITIAL_TEST,755,NONZERO_POSITION_EPISODE,2023-07-13T07:00:00Z,2023-07-13T12:00:00Z,5,-1,-218.75,4.53,-223.28,ACCOUNTING_ONLY_NOT_ALPHA_STATISTIC
ZN_2022_2023_INITIAL_TEST,INITIAL_TEST,756,NONZERO_POSITION_EPISODE,2023-07-13T14:00:00Z,2023-07-13T15:00:00Z,1,-1,62.5,1.51,60.99,ACCOUNTING_ONLY_NOT_ALPHA_STATISTIC
ZN_2022_2023_INITIAL_TEST,INITIAL_TEST,757,NONZERO_POSITION_EPISODE,2023-07-13T16:00:00Z,2023-07-13T21:00:00Z,5,-1,-390.625,4.53,-395.155,ACCOUNTING_ONLY_NOT_ALPHA_STATISTIC
ZN_2022_2023_INITIAL_TEST,INITIAL_TEST,758,NONZERO_POSITION_EPISODE,2023-07-14T12:00:00Z,2023-07-14T13:00:00Z,1,-1,93.75,1.51,92.24,ACCOUNTING_ONLY_NOT_ALPHA_STATISTIC
ZN_2022_2023_INITIAL_TEST,INITIAL_TEST,759,NONZERO_POSITION_EPISODE,2023-07-17T09:00:00Z,2023-07-17T12:00:00Z,3,-1,-31.25,4.53,-35.78,ACCOUNTING_ONLY_NOT_ALPHA_STATISTIC
ZN_2022_2023_INITIAL_TEST,INITIAL_TEST,760,NONZERO_POSITION_EPISODE,2023-07-17T19:00:00Z,2023-07-17T20:00:00Z,1,-1,78.125,1.51,76.615,ACCOUNTING_ONLY_NOT_ALPHA_STATISTIC
ZN_2022_2023_INITIAL_TEST,INITIAL_TEST,761,NONZERO_POSITION_EPISODE,2023-07-18T05:00:00Z,2023-07-18T06:00:00Z,1,-1,31.25,1.51,29.74,ACCOUNTING_ONLY_NOT_ALPHA_STATISTIC
ZN_2022_2023_INITIAL_TEST,INITIAL_TEST,762,NONZERO_POSITION_EPISODE,2023-07-18T07:00:00Z,2023-07-18T11:00:00Z,4,-1,-62.5,4.53,-67.03,ACCOUNTING_ONLY_NOT_ALPHA_STATISTIC
ZN_2022_2023_INITIAL_TEST,INITIAL_TEST,763,NONZERO_POSITION_EPISODE,2023-07-19T01:00:00Z,2023-07-19T02:00:00Z,1,-1,15.625,1.51,14.115,ACCOUNTING_ONLY_NOT_ALPHA_STATISTIC
ZN_2022_2023_INITIAL_TEST,INITIAL_TEST,764,NONZERO_POSITION_EPISODE,2023-07-19T03:00:00Z,2023-07-19T05:00:00Z,2,-1,15.625,1.51,14.115000000000002,ACCOUNTING_ONLY_NOT_ALPHA_STATISTIC
ZN_2022_2023_INITIAL_TEST,INITIAL_TEST,765,NONZERO_POSITION_EPISODE,2023-07-19T07:00:00Z,2023-07-19T08:00:00Z,1,-1,250.0,3.02,246.98,ACCOUNTING_ONLY_NOT_ALPHA_STATISTIC
ZN_2022_2023_INITIAL_TEST,INITIAL_TEST,766,NONZERO_POSITION_EPISODE,2023-07-19T09:00:00Z,2023-07-19T10:00:00Z,1,-1,78.125,1.51,76.615,ACCOUNTING_ONLY_NOT_ALPHA_STATISTIC
ZN_2022_2023_INITIAL_TEST,INITIAL_TEST,767,NONZERO_POSITION_EPISODE,2023-07-19T17:00:00Z,2023-07-19T21:00:00Z,4,-1,-46.875,1.51,-48.385000000000005,ACCOUNTING_ONLY_NOT_ALPHA_STATISTIC
ZN_2022_2023_INITIAL_TEST,INITIAL_TEST,768,NONZERO_POSITION_EPISODE,2023-07-21T13:00:00Z,2023-07-21T15:00:00Z,2,-1,78.125,1.51,76.61500000000001,ACCOUNTING_ONLY_NOT_ALPHA_STATISTIC
ZN_2022_2023_INITIAL_TEST,INITIAL_TEST,769,NONZERO_POSITION_EPISODE,2023-07-24T08:00:00Z,2023-07-24T14:00:00Z,6,-1,-78.125,4.53,-82.655,ACCOUNTING_ONLY_NOT_ALPHA_STATISTIC
ZN_2022_2023_INITIAL_TEST,INITIAL_TEST,770,NONZERO_POSITION_EPISODE,2023-07-25T02:00:00Z,2023-07-25T03:00:00Z,1,-1,15.625,1.51,14.115,ACCOUNTING_ONLY_NOT_ALPHA_STATISTIC
ZN_2022_2023_INITIAL_TEST,INITIAL_TEST,771,NONZERO_POSITION_EPISODE,2023-07-25T20:00:00Z,2023-07-26T00:00:00Z,3,-1,15.625,1.51,14.115000000000002,ACCOUNTING_ONLY_NOT_ALPHA_STATISTIC
ZN_2022_2023_INITIAL_TEST,INITIAL_TEST,772,NONZERO_POSITION_EPISODE,2023-07-26T04:00:00Z,2023-07-26T05:00:00Z,1,-1,15.625,1.51,14.115,ACCOUNTING_ONLY_NOT_ALPHA_STATISTIC
ZN_2022_2023_INITIAL_TEST,INITIAL_TEST,773,NONZERO_POSITION_EPISODE,2023-07-26T06:00:00Z,2023-07-26T08:00:00Z,2,-1,31.25,1.51,29.74,ACCOUNTING_ONLY_NOT_ALPHA_STATISTIC
ZN_2022_2023_INITIAL_TEST,INITIAL_TEST,774,NONZERO_POSITION_EPISODE,2023-07-26T09:00:00Z,2023-07-26T10:00:00Z,1,-1,15.625,1.51,14.115,ACCOUNTING_ONLY_NOT_ALPHA_STATISTIC
ZN_2022_2023_INITIAL_TEST,INITIAL_TEST,775,NONZERO_POSITION_EPISODE,2023-07-26T13:00:00Z,2023-07-26T14:00:00Z,1,-1,140.625,1.51,139.115,ACCOUNTING_ONLY_NOT_ALPHA_STATISTIC
ZN_2022_2023_INITIAL_TEST,INITIAL_TEST,776,NONZERO_POSITION_EPISODE,2023-07-26T16:00:00Z,2023-07-26T17:00:00Z,1,-1,109.375,1.51,107.865,ACCOUNTING_ONLY_NOT_ALPHA_STATISTIC
ZN_2022_2023_INITIAL_TEST,INITIAL_TEST,777,NONZERO_POSITION_EPISODE,2023-07-26T19:00:00Z,2023-07-26T21:00:00Z,2,-1,437.5,9.06,428.44,ACCOUNTING_ONLY_NOT_ALPHA_STATISTIC
ZN_2022_2023_INITIAL_TEST,INITIAL_TEST,778,NONZERO_POSITION_EPISODE,2023-07-27T02:00:00Z,2023-07-27T05:00:00Z,3,-1,-15.625,1.51,-17.134999999999998,ACCOUNTING_ONLY_NOT_ALPHA_STATISTIC
ZN_2022_2023_INITIAL_TEST,INITIAL_TEST,779,NONZERO_POSITION_EPISODE,2023-07-27T06:00:00Z,2023-07-27T08:00:00Z,2,-1,93.75,1.51,92.24,ACCOUNTING_ONLY_NOT_ALPHA_STATISTIC
ZN_2022_2023_INITIAL_TEST,INITIAL_TEST,780,NONZERO_POSITION_EPISODE,2023-07-28T02:00:00Z,2023-07-28T03:00:00Z,1,-1,62.5,1.51,60.99,ACCOUNTING_ONLY_NOT_ALPHA_STATISTIC
ZN_2022_2023_INITIAL_TEST,INITIAL_TEST,781,NONZERO_POSITION_EPISODE,2023-07-28T06:00:00Z,2023-07-28T07:00:00Z,1,-1,156.25,1.51,154.74,ACCOUNTING_ONLY_NOT_ALPHA_STATISTIC
ZN_2022_2023_INITIAL_TEST,INITIAL_TEST,782,NONZERO_POSITION_EPISODE,2023-07-28T09:00:00Z,2023-07-28T13:00:00Z,4,-1,-109.375,6.04,-115.41499999999999,ACCOUNTING_ONLY_NOT_ALPHA_STATISTIC
ZN_2022_2023_INITIAL_TEST,INITIAL_TEST,783,NONZERO_POSITION_EPISODE,2023-07-28T15:00:00Z,2023-07-28T16:00:00Z,1,-1,62.5,1.51,60.99,ACCOUNTING_ONLY_NOT_ALPHA_STATISTIC
ZN_2022_2023_INITIAL_TEST,INITIAL_TEST,784,NONZERO_POSITION_EPISODE,2023-07-28T20:00:00Z,2023-07-30T23:00:00Z,2,-1,-31.25,1.51,-32.76,ACCOUNTING_ONLY_NOT_ALPHA_STATISTIC
ZN_2022_2023_INITIAL_TEST,INITIAL_TEST,785,NONZERO_POSITION_EPISODE,2023-07-31T11:00:00Z,2023-07-31T19:00:00Z,8,-1,-78.125,4.53,-82.65500000000002,ACCOUNTING_ONLY_NOT_ALPHA_STATISTIC
ZN_2022_2023_INITIAL_TEST,INITIAL_TEST,786,NONZERO_POSITION_EPISODE,2023-08-01T07:00:00Z,2023-08-01T08:00:00Z,1,-1,156.25,1.51,154.74,ACCOUNTING_ONLY_NOT_ALPHA_STATISTIC
ZN_2022_2023_INITIAL_TEST,INITIAL_TEST,787,NONZERO_POSITION_EPISODE,2023-08-01T20:00:00Z,2023-08-02T02:00:00Z,5,-1,-93.75,4.53,-98.28000000000002,ACCOUNTING_ONLY_NOT_ALPHA_STATISTIC
ZN_2022_2023_INITIAL_TEST,INITIAL_TEST,788,NONZERO_POSITION_EPISODE,2023-08-02T07:00:00Z,2023-08-02T08:00:00Z,1,-1,93.75,1.51,92.24,ACCOUNTING_ONLY_NOT_ALPHA_STATISTIC
ZN_2022_2023_INITIAL_TEST,INITIAL_TEST,789,NONZERO_POSITION_EPISODE,2023-08-02T09:00:00Z,2023-08-02T10:00:00Z,1,-1,31.25,1.51,29.74,ACCOUNTING_ONLY_NOT_ALPHA_STATISTIC
ZN_2022_2023_INITIAL_TEST,INITIAL_TEST,790,NONZERO_POSITION_EPISODE,2023-08-02T11:00:00Z,2023-08-02T12:00:00Z,1,-1,62.5,1.51,60.99,ACCOUNTING_ONLY_NOT_ALPHA_STATISTIC
ZN_2022_2023_INITIAL_TEST,INITIAL_TEST,791,NONZERO_POSITION_EPISODE,2023-08-02T20:00:00Z,2023-08-02T21:00:00Z,1,-1,46.875,1.51,45.365,ACCOUNTING_ONLY_NOT_ALPHA_STATISTIC
ZN_2022_2023_INITIAL_TEST,INITIAL_TEST,792,NONZERO_POSITION_EPISODE,2023-08-03T17:00:00Z,2023-08-03T18:00:00Z,1,-1,78.125,1.51,76.615,ACCOUNTING_ONLY_NOT_ALPHA_STATISTIC
ZN_2022_2023_INITIAL_TEST,INITIAL_TEST,793,NONZERO_POSITION_EPISODE,2023-08-04T02:00:00Z,2023-08-04T03:00:00Z,1,-1,0.0,1.51,-1.51,ACCOUNTING_ONLY_NOT_ALPHA_STATISTIC
ZN_2022_2023_INITIAL_TEST,INITIAL_TEST,794,NONZERO_POSITION_EPISODE,2023-08-04T13:00:00Z,2023-08-06T23:00:00Z,9,-1,-2000.0,18.12,-2018.12,ACCOUNTING_ONLY_NOT_ALPHA_STATISTIC
ZN_2022_2023_INITIAL_TEST,INITIAL_TEST,795,NONZERO_POSITION_EPISODE,2023-08-07T13:00:00Z,2023-08-07T14:00:00Z,1,-1,62.5,1.51,60.99,ACCOUNTING_ONLY_NOT_ALPHA_STATISTIC
ZN_2022_2023_INITIAL_TEST,INITIAL_TEST,796,NONZERO_POSITION_EPISODE,2023-08-07T18:00:00Z,2023-08-07T19:00:00Z,1,-1,-15.625,1.51,-17.135,ACCOUNTING_ONLY_NOT_ALPHA_STATISTIC
ZN_2022_2023_INITIAL_TEST,INITIAL_TEST,797,NONZERO_POSITION_EPISODE,2023-08-08T02:00:00Z,2023-08-08T13:00:00Z,11,-1,-406.25,7.55,-413.8,ACCOUNTING_ONLY_NOT_ALPHA_STATISTIC
ZN_2022_2023_INITIAL_TEST,INITIAL_TEST,798,NONZERO_POSITION_EPISODE,2023-08-08T14:00:00Z,2023-08-08T15:00:00Z,1,-1,93.75,1.51,92.24,ACCOUNTING_ONLY_NOT_ALPHA_STATISTIC
ZN_2022_2023_INITIAL_TEST,INITIAL_TEST,799,NONZERO_POSITION_EPISODE,2023-08-09T00:00:00Z,2023-08-09T02:00:00Z,2,-1,31.25,1.51,29.739999999999995,ACCOUNTING_ONLY_NOT_ALPHA_STATISTIC
ZN_2022_2023_INITIAL_TEST,INITIAL_TEST,800,NONZERO_POSITION_EPISODE,2023-08-09T06:00:00Z,2023-08-09T07:00:00Z,1,-1,109.375,1.51,107.865,ACCOUNTING_ONLY_NOT_ALPHA_STATISTIC
ZN_2022_2023_INITIAL_TEST,INITIAL_TEST,801,NONZERO_POSITION_EPISODE,2023-08-09T14:00:00Z,2023-08-09T18:00:00Z,4,-1,-46.875,1.51,-48.385,ACCOUNTING_ONLY_NOT_ALPHA_STATISTIC
ZN_2022_2023_INITIAL_TEST,INITIAL_TEST,802,NONZERO_POSITION_EPISODE,2023-08-10T08:00:00Z,2023-08-10T09:00:00Z,1,-1,15.625,1.51,14.115,ACCOUNTING_ONLY_NOT_ALPHA_STATISTIC
ZN_2022_2023_INITIAL_TEST,INITIAL_TEST,803,NONZERO_POSITION_EPISODE,2023-08-10T11:00:00Z,2023-08-10T15:00:00Z,4,-1,93.75,4.53,89.22000000000001,ACCOUNTING_ONLY_NOT_ALPHA_STATISTIC
ZN_2022_2023_INITIAL_TEST,INITIAL_TEST,804,NONZERO_POSITION_EPISODE,2023-08-11T08:00:00Z,2023-08-11T11:00:00Z,3,-1,46.875,1.51,45.364999999999995,ACCOUNTING_ONLY_NOT_ALPHA_STATISTIC
ZN_2022_2023_INITIAL_TEST,INITIAL_TEST,805,NONZERO_POSITION_EPISODE,2023-08-14T09:00:00Z,2023-08-14T10:00:00Z,1,-1,46.875,1.51,45.365,ACCOUNTING_ONLY_NOT_ALPHA_STATISTIC
ZN_2022_2023_INITIAL_TEST,INITIAL_TEST,806,NONZERO_POSITION_EPISODE,2023-08-14T11:00:00Z,2023-08-14T12:00:00Z,1,-1,46.875,1.51,45.365,ACCOUNTING_ONLY_NOT_ALPHA_STATISTIC
ZN_2022_2023_INITIAL_TEST,INITIAL_TEST,807,NONZERO_POSITION_EPISODE,2023-08-14T17:00:00Z,2023-08-14T18:00:00Z,1,-1,93.75,1.51,92.24,ACCOUNTING_ONLY_NOT_ALPHA_STATISTIC
ZN_2022_2023_INITIAL_TEST,INITIAL_TEST,808,NONZERO_POSITION_EPISODE,2023-08-15T14:00:00Z,2023-08-15T17:00:00Z,3,-1,250.0,9.06,240.94,ACCOUNTING_ONLY_NOT_ALPHA_STATISTIC
ZN_2022_2023_INITIAL_TEST,INITIAL_TEST,809,NONZERO_POSITION_EPISODE,2023-08-16T01:00:00Z,2023-08-16T03:00:00Z,2,-1,-15.625,1.51,-17.134999999999998,ACCOUNTING_ONLY_NOT_ALPHA_STATISTIC
ZN_2022_2023_INITIAL_TEST,INITIAL_TEST,810,NONZERO_POSITION_EPISODE,2023-08-16T06:00:00Z,2023-08-16T10:00:00Z,4,-1,-78.125,4.53,-82.65500000000002,ACCOUNTING_ONLY_NOT_ALPHA_STATISTIC
ZN_2022_2023_INITIAL_TEST,INITIAL_TEST,811,NONZERO_POSITION_EPISODE,2023-08-17T08:00:00Z,2023-08-17T09:00:00Z,1,-1,46.875,1.51,45.365,ACCOUNTING_ONLY_NOT_ALPHA_STATISTIC
ZN_2022_2023_INITIAL_TEST,INITIAL_TEST,812,NONZERO_POSITION_EPISODE,2023-08-17T13:00:00Z,2023-08-17T14:00:00Z,1,-1,78.125,1.51,76.615,ACCOUNTING_ONLY_NOT_ALPHA_STATISTIC
ZN_2022_2023_INITIAL_TEST,INITIAL_TEST,813,NONZERO_POSITION_EPISODE,2023-08-17T20:00:00Z,2023-08-18T09:00:00Z,12,-1,-234.375,15.1,-249.47500000000002,ACCOUNTING_ONLY_NOT_ALPHA_STATISTIC
ZN_2022_2023_INITIAL_TEST,INITIAL_TEST,814,NONZERO_POSITION_EPISODE,2023-08-18T10:00:00Z,2023-08-18T13:00:00Z,3,-1,265.625,1.51,264.115,ACCOUNTING_ONLY_NOT_ALPHA_STATISTIC
ZN_2022_2023_INITIAL_TEST,INITIAL_TEST,815,NONZERO_POSITION_EPISODE,2023-08-18T15:00:00Z,2023-08-18T17:00:00Z,2,-1,93.75,4.53,89.22,ACCOUNTING_ONLY_NOT_ALPHA_STATISTIC
ZN_2022_2023_INITIAL_TEST,INITIAL_TEST,816,NONZERO_POSITION_EPISODE,2023-08-21T08:00:00Z,2023-08-21T09:00:00Z,1,-1,31.25,1.51,29.74,ACCOUNTING_ONLY_NOT_ALPHA_STATISTIC
ZN_2022_2023_INITIAL_TEST,INITIAL_TEST,817,NONZERO_POSITION_EPISODE,2023-08-22T07:00:00Z,2023-08-22T13:00:00Z,6,-1,-93.75,4.53,-98.28000000000002,ACCOUNTING_ONLY_NOT_ALPHA_STATISTIC
ZN_2022_2023_INITIAL_TEST,INITIAL_TEST,818,NONZERO_POSITION_EPISODE,2023-08-22T16:00:00Z,2023-08-22T17:00:00Z,1,-1,15.625,1.51,14.115,ACCOUNTING_ONLY_NOT_ALPHA_STATISTIC
ZN_2022_2023_INITIAL_TEST,INITIAL_TEST,819,NONZERO_POSITION_EPISODE,2023-08-23T01:00:00Z,2023-08-23T03:00:00Z,2,-1,46.875,3.02,43.855,ACCOUNTING_ONLY_NOT_ALPHA_STATISTIC
ZN_2022_2023_INITIAL_TEST,INITIAL_TEST,820,NONZERO_POSITION_EPISODE,2023-08-23T07:00:00Z,2023-08-23T12:00:00Z,5,-1,-421.875,9.06,-430.935,ACCOUNTING_ONLY_NOT_ALPHA_STATISTIC
ZN_2022_2023_INITIAL_TEST,INITIAL_TEST,821,NONZERO_POSITION_EPISODE,2023-08-23T14:00:00Z,2023-08-23T21:00:00Z,7,-1,453.125,21.14,431.9849999999999,ACCOUNTING_ONLY_NOT_ALPHA_STATISTIC
ZN_2022_2023_INITIAL_TEST,INITIAL_TEST,822,NONZERO_POSITION_EPISODE,2023-08-24T07:00:00Z,2023-08-24T08:00:00Z,1,-1,109.375,1.51,107.865,ACCOUNTING_ONLY_NOT_ALPHA_STATISTIC
ZN_2022_2023_INITIAL_TEST,INITIAL_TEST,823,NONZERO_POSITION_EPISODE,2023-08-24T09:00:00Z,2023-08-24T10:00:00Z,1,-1,109.375,1.51,107.865,ACCOUNTING_ONLY_NOT_ALPHA_STATISTIC
ZN_2022_2023_INITIAL_TEST,INITIAL_TEST,824,NONZERO_POSITION_EPISODE,2023-08-24T14:00:00Z,2023-08-24T15:00:00Z,1,-1,109.375,1.51,107.865,ACCOUNTING_ONLY_NOT_ALPHA_STATISTIC
ZN_2022_2023_INITIAL_TEST,INITIAL_TEST,825,NONZERO_POSITION_EPISODE,2023-08-25T12:00:00Z,2023-08-25T13:00:00Z,1,-1,31.25,1.51,29.74,ACCOUNTING_ONLY_NOT_ALPHA_STATISTIC
ZN_2022_2023_INITIAL_TEST,INITIAL_TEST,826,NONZERO_POSITION_EPISODE,2023-08-25T14:00:00Z,2023-08-25T15:00:00Z,1,-1,343.75,1.51,342.24,ACCOUNTING_ONLY_NOT_ALPHA_STATISTIC
ZN_2022_2023_INITIAL_TEST,INITIAL_TEST,827,NONZERO_POSITION_EPISODE,2023-08-25T17:00:00Z,2023-08-25T21:00:00Z,4,-1,0.0,1.51,-1.51,ACCOUNTING_ONLY_NOT_ALPHA_STATISTIC
ZN_2022_2023_INITIAL_TEST,INITIAL_TEST,828,NONZERO_POSITION_EPISODE,2023-08-28T03:00:00Z,2023-08-28T08:00:00Z,5,-1,-62.5,1.51,-64.01,ACCOUNTING_ONLY_NOT_ALPHA_STATISTIC
ZN_2022_2023_INITIAL_TEST,INITIAL_TEST,829,NONZERO_POSITION_EPISODE,2023-08-28T13:00:00Z,2023-08-28T14:00:00Z,1,-1,468.75,4.53,464.22,ACCOUNTING_ONLY_NOT_ALPHA_STATISTIC
ZN_2022_2023_INITIAL_TEST,INITIAL_TEST,830,NONZERO_POSITION_EPISODE,2023-08-28T16:00:00Z,2023-08-28T17:00:00Z,1,-1,31.25,1.51,29.74,ACCOUNTING_ONLY_NOT_ALPHA_STATISTIC
ZN_2022_2023_INITIAL_TEST,INITIAL_TEST,831,NONZERO_POSITION_EPISODE,2023-08-28T18:00:00Z,2023-08-28T21:00:00Z,3,-1,0.0,1.51,-1.5099999999999998,ACCOUNTING_ONLY_NOT_ALPHA_STATISTIC
ZN_2022_2023_INITIAL_TEST,INITIAL_TEST,832,NONZERO_POSITION_EPISODE,2023-08-28T23:00:00Z,2023-08-29T03:00:00Z,4,-1,-31.25,1.51,-32.76,ACCOUNTING_ONLY_NOT_ALPHA_STATISTIC
ZN_2022_2023_INITIAL_TEST,INITIAL_TEST,833,NONZERO_POSITION_EPISODE,2023-08-29T04:00:00Z,2023-08-29T05:00:00Z,1,-1,0.0,1.51,-1.51,ACCOUNTING_ONLY_NOT_ALPHA_STATISTIC
ZN_2022_2023_INITIAL_TEST,INITIAL_TEST,834,NONZERO_POSITION_EPISODE,2023-08-29T06:00:00Z,2023-08-29T08:00:00Z,2,-1,46.875,1.51,45.365,ACCOUNTING_ONLY_NOT_ALPHA_STATISTIC
ZN_2022_2023_INITIAL_TEST,INITIAL_TEST,835,NONZERO_POSITION_EPISODE,2023-08-29T15:00:00Z,2023-08-29T23:00:00Z,7,-1,-1312.5,19.63,-1332.1299999999999,ACCOUNTING_ONLY_NOT_ALPHA_STATISTIC
ZN_2022_2023_INITIAL_TEST,INITIAL_TEST,836,NONZERO_POSITION_EPISODE,2023-08-30T08:00:00Z,2023-08-30T09:00:00Z,1,-1,15.625,1.51,14.115,ACCOUNTING_ONLY_NOT_ALPHA_STATISTIC
ZN_2022_2023_INITIAL_TEST,INITIAL_TEST,837,NONZERO_POSITION_EPISODE,2023-08-30T13:00:00Z,2023-08-30T15:00:00Z,2,-1,531.25,10.57,520.6800000000001,ACCOUNTING_ONLY_NOT_ALPHA_STATISTIC
ZN_2022_2023_INITIAL_TEST,INITIAL_TEST,838,NONZERO_POSITION_EPISODE,2023-08-30T16:00:00Z,2023-08-30T18:00:00Z,2,-1,78.125,4.53,73.595,ACCOUNTING_ONLY_NOT_ALPHA_STATISTIC
ZN_2022_2023_INITIAL_TEST,INITIAL_TEST,839,NONZERO_POSITION_EPISODE,2023-08-31T03:00:00Z,2023-08-31T04:00:00Z,1,-1,31.25,1.51,29.74,ACCOUNTING_ONLY_NOT_ALPHA_STATISTIC
ZN_2022_2023_INITIAL_TEST,INITIAL_TEST,840,NONZERO_POSITION_EPISODE,2023-08-31T10:00:00Z,2023-08-31T13:00:00Z,3,-1,-31.25,1.51,-32.760000000000005,ACCOUNTING_ONLY_NOT_ALPHA_STATISTIC
ZN_2022_2023_INITIAL_TEST,INITIAL_TEST,841,NONZERO_POSITION_EPISODE,2023-08-31T15:00:00Z,2023-08-31T18:00:00Z,3,-1,-31.25,1.51,-32.760000000000005,ACCOUNTING_ONLY_NOT_ALPHA_STATISTIC
ZN_2022_2023_INITIAL_TEST,INITIAL_TEST,842,NONZERO_POSITION_EPISODE,2023-09-01T02:00:00Z,2023-09-01T03:00:00Z,1,-1,0.0,1.51,-1.51,ACCOUNTING_ONLY_NOT_ALPHA_STATISTIC
ZN_2022_2023_INITIAL_TEST,INITIAL_TEST,843,NONZERO_POSITION_EPISODE,2023-09-01T08:00:00Z,2023-09-01T09:00:00Z,1,-1,46.875,1.51,45.365,ACCOUNTING_ONLY_NOT_ALPHA_STATISTIC
ZN_2022_2023_INITIAL_TEST,INITIAL_TEST,844,NONZERO_POSITION_EPISODE,2023-09-01T11:00:00Z,2023-09-01T14:00:00Z,3,-1,1109.375,4.53,1104.845,ACCOUNTING_ONLY_NOT_ALPHA_STATISTIC
ZN_2022_2023_INITIAL_TEST,INITIAL_TEST,845,NONZERO_POSITION_EPISODE,2023-09-05T13:00:00Z,2023-09-05T14:00:00Z,1,-1,156.25,1.51,154.74,ACCOUNTING_ONLY_NOT_ALPHA_STATISTIC
ZN_2022_2023_INITIAL_TEST,INITIAL_TEST,846,NONZERO_POSITION_EPISODE,2023-09-05T23:00:00Z,2023-09-06T01:00:00Z,2,-1,46.875,1.51,45.365,ACCOUNTING_ONLY_NOT_ALPHA_STATISTIC
ZN_2022_2023_INITIAL_TEST,INITIAL_TEST,847,NONZERO_POSITION_EPISODE,2023-09-06T03:00:00Z,2023-09-06T07:00:00Z,4,-1,15.625,4.53,11.094999999999995,ACCOUNTING_ONLY_NOT_ALPHA_STATISTIC
ZN_2022_2023_INITIAL_TEST,INITIAL_TEST,848,NONZERO_POSITION_EPISODE,2023-09-06T11:00:00Z,2023-09-06T13:00:00Z,2,-1,0.0,1.51,-1.509999999999998,ACCOUNTING_ONLY_NOT_ALPHA_STATISTIC
ZN_2022_2023_INITIAL_TEST,INITIAL_TEST,849,NONZERO_POSITION_EPISODE,2023-09-06T21:00:00Z,2023-09-06T23:00:00Z,1,-1,250.0,3.02,246.98,ACCOUNTING_ONLY_NOT_ALPHA_STATISTIC
ZN_2022_2023_INITIAL_TEST,INITIAL_TEST,850,NONZERO_POSITION_EPISODE,2023-09-07T02:00:00Z,2023-09-07T04:00:00Z,2,-1,46.875,4.53,42.345,ACCOUNTING_ONLY_NOT_ALPHA_STATISTIC
ZN_2022_2023_INITIAL_TEST,INITIAL_TEST,851,NONZERO_POSITION_EPISODE,2023-09-07T07:00:00Z,2023-09-07T13:00:00Z,6,-1,-78.125,4.53,-82.655,ACCOUNTING_ONLY_NOT_ALPHA_STATISTIC
ZN_2022_2023_INITIAL_TEST,INITIAL_TEST,852,NONZERO_POSITION_EPISODE,2023-09-07T16:00:00Z,2023-09-07T18:00:00Z,2,-1,109.375,7.550000000000001,101.825,ACCOUNTING_ONLY_NOT_ALPHA_STATISTIC
ZN_2022_2023_INITIAL_TEST,INITIAL_TEST,853,NONZERO_POSITION_EPISODE,2023-09-07T19:00:00Z,2023-09-07T23:00:00Z,3,-1,46.875,6.04,40.83499999999999,ACCOUNTING_ONLY_NOT_ALPHA_STATISTIC
ZN_2022_2023_INITIAL_TEST,INITIAL_TEST,854,NONZERO_POSITION_EPISODE,2023-09-08T00:00:00Z,2023-09-08T07:00:00Z,7,-1,-171.875,10.57,-182.445,ACCOUNTING_ONLY_NOT_ALPHA_STATISTIC
ZN_2022_2023_INITIAL_TEST,INITIAL_TEST,855,NONZERO_POSITION_EPISODE,2023-09-08T14:00:00Z,2023-09-08T16:00:00Z,2,-1,609.375,10.57,598.805,ACCOUNTING_ONLY_NOT_ALPHA_STATISTIC
ZN_2022_2023_INITIAL_TEST,INITIAL_TEST,856,NONZERO_POSITION_EPISODE,2023-09-11T06:00:00Z,2023-09-11T07:00:00Z,1,-1,0.0,1.51,-1.51,ACCOUNTING_ONLY_NOT_ALPHA_STATISTIC
ZN_2022_2023_INITIAL_TEST,INITIAL_TEST,857,NONZERO_POSITION_EPISODE,2023-09-11T09:00:00Z,2023-09-11T10:00:00Z,1,-1,156.25,3.02,153.23,ACCOUNTING_ONLY_NOT_ALPHA_STATISTIC
ZN_2022_2023_INITIAL_TEST,INITIAL_TEST,858,NONZERO_POSITION_EPISODE,2023-09-11T14:00:00Z,2023-09-11T15:00:00Z,1,-1,250.0,3.02,246.98,ACCOUNTING_ONLY_NOT_ALPHA_STATISTIC
ZN_2022_2023_INITIAL_TEST,INITIAL_TEST,859,NONZERO_POSITION_EPISODE,2023-09-11T17:00:00Z,2023-09-11T19:00:00Z,2,-1,46.875,1.51,45.364999999999995,ACCOUNTING_ONLY_NOT_ALPHA_STATISTIC
ZN_2022_2023_INITIAL_TEST,INITIAL_TEST,860,NONZERO_POSITION_EPISODE,2023-09-11T20:00:00Z,2023-09-11T21:00:00Z,1,-1,62.5,1.51,60.99,ACCOUNTING_ONLY_NOT_ALPHA_STATISTIC
ZN_2022_2023_INITIAL_TEST,INITIAL_TEST,861,NONZERO_POSITION_EPISODE,2023-09-12T09:00:00Z,2023-09-12T10:00:00Z,1,-1,0.0,1.51,-1.51,ACCOUNTING_ONLY_NOT_ALPHA_STATISTIC
ZN_2022_2023_INITIAL_TEST,INITIAL_TEST,862,NONZERO_POSITION_EPISODE,2023-09-12T16:00:00Z,2023-09-12T17:00:00Z,1,-1,62.5,1.51,60.99,ACCOUNTING_ONLY_NOT_ALPHA_STATISTIC
ZN_2022_2023_INITIAL_TEST,INITIAL_TEST,863,NONZERO_POSITION_EPISODE,2023-09-12T19:00:00Z,2023-09-12T21:00:00Z,2,-1,156.25,1.51,154.74,ACCOUNTING_ONLY_NOT_ALPHA_STATISTIC
ZN_2022_2023_INITIAL_TEST,INITIAL_TEST,864,NONZERO_POSITION_EPISODE,2023-09-13T04:00:00Z,2023-09-13T05:00:00Z,1,-1,15.625,1.51,14.115,ACCOUNTING_ONLY_NOT_ALPHA_STATISTIC
ZN_2022_2023_INITIAL_TEST,INITIAL_TEST,865,NONZERO_POSITION_EPISODE,2023-09-13T13:00:00Z,2023-09-13T21:00:00Z,8,-1,-531.25,31.71,-562.9599999999999,ACCOUNTING_ONLY_NOT_ALPHA_STATISTIC
ZN_2022_2023_INITIAL_TEST,INITIAL_TEST,866,NONZERO_POSITION_EPISODE,2023-09-13T23:00:00Z,2023-09-14T07:00:00Z,8,-1,-93.75,10.57,-104.32000000000001,ACCOUNTING_ONLY_NOT_ALPHA_STATISTIC
ZN_2022_2023_INITIAL_TEST,INITIAL_TEST,867,NONZERO_POSITION_EPISODE,2023-09-14T13:00:00Z,2023-09-14T14:00:00Z,1,-1,140.625,1.51,139.115,ACCOUNTING_ONLY_NOT_ALPHA_STATISTIC
ZN_2022_2023_INITIAL_TEST,INITIAL_TEST,868,NONZERO_POSITION_EPISODE,2023-09-14T15:00:00Z,2023-09-14T16:00:00Z,1,-1,109.375,1.51,107.865,ACCOUNTING_ONLY_NOT_ALPHA_STATISTIC
ZN_2022_2023_INITIAL_TEST,INITIAL_TEST,869,NONZERO_POSITION_EPISODE,2023-09-14T23:00:00Z,2023-09-15T00:00:00Z,1,-1,46.875,1.51,45.365,ACCOUNTING_ONLY_NOT_ALPHA_STATISTIC
ZN_2022_2023_INITIAL_TEST,INITIAL_TEST,870,NONZERO_POSITION_EPISODE,2023-09-15T01:00:00Z,2023-09-15T03:00:00Z,2,-1,93.75,3.02,90.73,ACCOUNTING_ONLY_NOT_ALPHA_STATISTIC
ZN_2022_2023_INITIAL_TEST,INITIAL_TEST,871,NONZERO_POSITION_EPISODE,2023-09-15T06:00:00Z,2023-09-15T07:00:00Z,1,-1,125.0,1.51,123.49,ACCOUNTING_ONLY_NOT_ALPHA_STATISTIC
ZN_2022_2023_INITIAL_TEST,INITIAL_TEST,872,NONZERO_POSITION_EPISODE,2023-09-15T15:00:00Z,2023-09-15T16:00:00Z,1,-1,93.75,1.51,92.24,ACCOUNTING_ONLY_NOT_ALPHA_STATISTIC
ZN_2022_2023_INITIAL_TEST,INITIAL_TEST,873,NONZERO_POSITION_EPISODE,2023-09-15T18:00:00Z,2023-09-15T19:00:00Z,1,-1,187.5,4.53,182.97,ACCOUNTING_ONLY_NOT_ALPHA_STATISTIC
ZN_2022_2023_INITIAL_TEST,INITIAL_TEST,874,NONZERO_POSITION_EPISODE,2023-09-18T10:00:00Z,2023-09-18T11:00:00Z,1,-1,15.625,1.51,14.115,ACCOUNTING_ONLY_NOT_ALPHA_STATISTIC
ZN_2022_2023_INITIAL_TEST,INITIAL_TEST,875,NONZERO_POSITION_EPISODE,2023-09-18T14:00:00Z,2023-09-18T19:00:00Z,5,-1,-140.625,6.04,-146.66500000000002,ACCOUNTING_ONLY_NOT_ALPHA_STATISTIC
ZN_2022_2023_INITIAL_TEST,INITIAL_TEST,876,NONZERO_POSITION_EPISODE,2023-09-18T21:00:00Z,2023-09-19T02:00:00Z,4,-1,46.875,4.53,42.345,ACCOUNTING_ONLY_NOT_ALPHA_STATISTIC
ZN_2022_2023_INITIAL_TEST,INITIAL_TEST,877,NONZERO_POSITION_EPISODE,2023-09-19T03:00:00Z,2023-09-19T04:00:00Z,1,-1,46.875,1.51,45.365,ACCOUNTING_ONLY_NOT_ALPHA_STATISTIC
ZN_2022_2023_INITIAL_TEST,INITIAL_TEST,878,NONZERO_POSITION_EPISODE,2023-09-20T07:00:00Z,2023-09-20T08:00:00Z,1,-1,93.75,3.02,90.73,ACCOUNTING_ONLY_NOT_ALPHA_STATISTIC
ZN_2022_2023_INITIAL_TEST,INITIAL_TEST,879,NONZERO_POSITION_EPISODE,2023-09-20T09:00:00Z,2023-09-20T19:00:00Z,10,-1,93.75,18.12,75.63000000000001,ACCOUNTING_ONLY_NOT_ALPHA_STATISTIC
ZN_2022_2023_INITIAL_TEST,INITIAL_TEST,880,NONZERO_POSITION_EPISODE,2023-09-21T07:00:00Z,2023-09-21T09:00:00Z,2,-1,187.5,3.02,184.48,ACCOUNTING_ONLY_NOT_ALPHA_STATISTIC
ZN_2022_2023_INITIAL_TEST,INITIAL_TEST,881,NONZERO_POSITION_EPISODE,2023-09-21T11:00:00Z,2023-09-21T12:00:00Z,1,-1,171.875,1.51,170.365,ACCOUNTING_ONLY_NOT_ALPHA_STATISTIC
ZN_2022_2023_INITIAL_TEST,INITIAL_TEST,882,NONZERO_POSITION_EPISODE,2023-09-21T17:00:00Z,2023-09-21T18:00:00Z,1,-1,15.625,1.51,14.115,ACCOUNTING_ONLY_NOT_ALPHA_STATISTIC
ZN_2022_2023_INITIAL_TEST,INITIAL_TEST,883,NONZERO_POSITION_EPISODE,2023-09-22T05:00:00Z,2023-09-22T06:00:00Z,1,-1,31.25,1.51,29.74,ACCOUNTING_ONLY_NOT_ALPHA_STATISTIC
ZN_2022_2023_INITIAL_TEST,INITIAL_TEST,884,NONZERO_POSITION_EPISODE,2023-09-22T07:00:00Z,2023-09-22T10:00:00Z,3,-1,62.5,15.100000000000001,47.400000000000055,ACCOUNTING_ONLY_NOT_ALPHA_STATISTIC
ZN_2022_2023_INITIAL_TEST,INITIAL_TEST,885,NONZERO_POSITION_EPISODE,2023-09-22T13:00:00Z,2023-09-22T19:00:00Z,6,-1,-609.375,21.14,-630.515,ACCOUNTING_ONLY_NOT_ALPHA_STATISTIC
ZN_2022_2023_INITIAL_TEST,INITIAL_TEST,886,NONZERO_POSITION_EPISODE,2023-09-22T20:00:00Z,2023-09-22T21:00:00Z,1,-1,31.25,1.51,29.74,ACCOUNTING_ONLY_NOT_ALPHA_STATISTIC
ZN_2022_2023_INITIAL_TEST,INITIAL_TEST,887,NONZERO_POSITION_EPISODE,2023-09-24T23:00:00Z,2023-09-25T00:00:00Z,1,-1,46.875,1.51,45.365,ACCOUNTING_ONLY_NOT_ALPHA_STATISTIC
ZN_2022_2023_INITIAL_TEST,INITIAL_TEST,888,NONZERO_POSITION_EPISODE,2023-09-26T05:00:00Z,2023-09-26T06:00:00Z,1,-1,46.875,1.51,45.365,ACCOUNTING_ONLY_NOT_ALPHA_STATISTIC
ZN_2022_2023_INITIAL_TEST,INITIAL_TEST,889,NONZERO_POSITION_EPISODE,2023-09-26T08:00:00Z,2023-09-26T14:00:00Z,6,-1,-250.0,12.08,-262.08,ACCOUNTING_ONLY_NOT_ALPHA_STATISTIC
ZN_2022_2023_INITIAL_TEST,INITIAL_TEST,890,NONZERO_POSITION_EPISODE,2023-09-26T21:00:00Z,2023-09-27T05:00:00Z,7,-1,-78.125,10.57,-88.69500000000001,ACCOUNTING_ONLY_NOT_ALPHA_STATISTIC
ZN_2022_2023_INITIAL_TEST,INITIAL_TEST,891,NONZERO_POSITION_EPISODE,2023-09-27T07:00:00Z,2023-09-27T11:00:00Z,4,-1,-78.125,10.57,-88.695,ACCOUNTING_ONLY_NOT_ALPHA_STATISTIC
ZN_2022_2023_INITIAL_TEST,INITIAL_TEST,892,NONZERO_POSITION_EPISODE,2023-09-27T13:00:00Z,2023-09-27T14:00:00Z,1,-1,703.125,4.53,698.595,ACCOUNTING_ONLY_NOT_ALPHA_STATISTIC
ZN_2022_2023_INITIAL_TEST,INITIAL_TEST,893,NONZERO_POSITION_EPISODE,2023-09-28T05:00:00Z,2023-09-28T07:00:00Z,2,-1,78.125,1.51,76.615,ACCOUNTING_ONLY_NOT_ALPHA_STATISTIC
ZN_2022_2023_INITIAL_TEST,INITIAL_TEST,894,NONZERO_POSITION_EPISODE,2023-09-28T16:00:00Z,2023-09-28T18:00:00Z,2,-1,312.5,9.06,303.44,ACCOUNTING_ONLY_NOT_ALPHA_STATISTIC
ZN_2022_2023_INITIAL_TEST,INITIAL_TEST,895,NONZERO_POSITION_EPISODE,2023-09-28T19:00:00Z,2023-09-29T01:00:00Z,5,-1,-156.25,10.57,-166.81999999999996,ACCOUNTING_ONLY_NOT_ALPHA_STATISTIC
ZN_2022_2023_INITIAL_TEST,INITIAL_TEST,896,NONZERO_POSITION_EPISODE,2023-09-29T05:00:00Z,2023-09-29T12:00:00Z,7,-1,-734.375,16.61,-750.9849999999999,ACCOUNTING_ONLY_NOT_ALPHA_STATISTIC
ZN_2022_2023_INITIAL_TEST,INITIAL_TEST,897,NONZERO_POSITION_EPISODE,2023-09-29T13:00:00Z,2023-09-29T16:00:00Z,3,-1,343.75,12.08,331.67,ACCOUNTING_ONLY_NOT_ALPHA_STATISTIC
ZN_2022_2023_INITIAL_TEST,INITIAL_TEST,898,NONZERO_POSITION_EPISODE,2023-10-03T08:00:00Z,2023-10-03T10:00:00Z,2,-1,203.125,3.02,200.10500000000002,ACCOUNTING_ONLY_NOT_ALPHA_STATISTIC
ZN_2022_2023_INITIAL_TEST,INITIAL_TEST,899,NONZERO_POSITION_EPISODE,2023-10-03T14:00:00Z,2023-10-03T15:00:00Z,1,-1,984.375,4.53,979.845,ACCOUNTING_ONLY_NOT_ALPHA_STATISTIC
ZN_2022_2023_INITIAL_TEST,INITIAL_TEST,900,NONZERO_POSITION_EPISODE,2023-10-04T08:00:00Z,2023-10-05T01:00:00Z,16,-1,-609.375,52.85,-662.2249999999999,ACCOUNTING_ONLY_NOT_ALPHA_STATISTIC
ZN_2022_2023_INITIAL_TEST,INITIAL_TEST,901,NONZERO_POSITION_EPISODE,2023-10-05T02:00:00Z,2023-10-05T04:00:00Z,2,-1,93.75,3.02,90.73,ACCOUNTING_ONLY_NOT_ALPHA_STATISTIC
ZN_2022_2023_INITIAL_TEST,INITIAL_TEST,902,NONZERO_POSITION_EPISODE,2023-10-05T06:00:00Z,2023-10-05T07:00:00Z,1,-1,203.125,1.51,201.615,ACCOUNTING_ONLY_NOT_ALPHA_STATISTIC
ZN_2022_2023_INITIAL_TEST,INITIAL_TEST,903,NONZERO_POSITION_EPISODE,2023-10-05T11:00:00Z,2023-10-05T13:00:00Z,2,-1,265.625,6.04,259.58500000000004,ACCOUNTING_ONLY_NOT_ALPHA_STATISTIC
ZN_2022_2023_INITIAL_TEST,INITIAL_TEST,904,NONZERO_POSITION_EPISODE,2023-10-05T14:00:00Z,2023-10-05T15:00:00Z,1,-1,250.0,3.02,246.98,ACCOUNTING_ONLY_NOT_ALPHA_STATISTIC
ZN_2022_2023_INITIAL_TEST,INITIAL_TEST,905,NONZERO_POSITION_EPISODE,2023-10-05T16:00:00Z,2023-10-05T18:00:00Z,2,-1,0.0,1.51,-1.509999999999998,ACCOUNTING_ONLY_NOT_ALPHA_STATISTIC
ZN_2022_2023_INITIAL_TEST,INITIAL_TEST,906,NONZERO_POSITION_EPISODE,2023-10-05T20:00:00Z,2023-10-05T21:00:00Z,1,-1,62.5,1.51,60.99,ACCOUNTING_ONLY_NOT_ALPHA_STATISTIC
ZN_2022_2023_INITIAL_TEST,INITIAL_TEST,907,NONZERO_POSITION_EPISODE,2023-10-06T04:00:00Z,2023-10-06T05:00:00Z,1,-1,31.25,1.51,29.74,ACCOUNTING_ONLY_NOT_ALPHA_STATISTIC
ZN_2022_2023_INITIAL_TEST,INITIAL_TEST,908,NONZERO_POSITION_EPISODE,2023-10-06T16:00:00Z,2023-10-06T17:00:00Z,1,-1,625.0,6.04,618.96,ACCOUNTING_ONLY_NOT_ALPHA_STATISTIC
ZN_2022_2023_INITIAL_TEST,INITIAL_TEST,909,NONZERO_POSITION_EPISODE,2023-10-06T18:00:00Z,2023-10-06T19:00:00Z,1,-1,0.0,1.51,-1.51,ACCOUNTING_ONLY_NOT_ALPHA_STATISTIC
ZN_2022_2023_INITIAL_TEST,INITIAL_TEST,910,NONZERO_POSITION_EPISODE,2023-10-08T23:00:00Z,2023-10-09T05:00:00Z,6,-1,1281.25,19.63,1261.62,ACCOUNTING_ONLY_NOT_ALPHA_STATISTIC
ZN_2022_2023_INITIAL_TEST,INITIAL_TEST,911,NONZERO_POSITION_EPISODE,2023-10-09T06:00:00Z,2023-10-09T07:00:00Z,1,-1,78.125,1.51,76.615,ACCOUNTING_ONLY_NOT_ALPHA_STATISTIC
ZN_2022_2023_INITIAL_TEST,INITIAL_TEST,912,NONZERO_POSITION_EPISODE,2023-10-09T08:00:00Z,2023-10-09T11:00:00Z,3,-1,78.125,4.53,73.595,ACCOUNTING_ONLY_NOT_ALPHA_STATISTIC
ZN_2022_2023_INITIAL_TEST,INITIAL_TEST,913,NONZERO_POSITION_EPISODE,2023-10-09T13:00:00Z,2023-10-09T23:00:00Z,9,-1,-593.75,28.69,-622.4399999999999,ACCOUNTING_ONLY_NOT_ALPHA_STATISTIC
ZN_2022_2023_INITIAL_TEST,INITIAL_TEST,914,NONZERO_POSITION_EPISODE,2023-10-10T00:00:00Z,2023-10-10T01:00:00Z,1,-1,93.75,1.51,92.24,ACCOUNTING_ONLY_NOT_ALPHA_STATISTIC
ZN_2022_2023_INITIAL_TEST,INITIAL_TEST,915,NONZERO_POSITION_EPISODE,2023-10-10T09:00:00Z,2023-10-10T10:00:00Z,1,-1,125.0,1.51,123.49,ACCOUNTING_ONLY_NOT_ALPHA_STATISTIC
ZN_2022_2023_INITIAL_TEST,INITIAL_TEST,916,NONZERO_POSITION_EPISODE,2023-10-10T15:00:00Z,2023-10-10T18:00:00Z,3,-1,296.875,7.55,289.32500000000005,ACCOUNTING_ONLY_NOT_ALPHA_STATISTIC
ZN_2022_2023_INITIAL_TEST,INITIAL_TEST,917,NONZERO_POSITION_EPISODE,2023-10-11T01:00:00Z,2023-10-11T04:00:00Z,3,-1,31.25,1.51,29.74,ACCOUNTING_ONLY_NOT_ALPHA_STATISTIC
ZN_2022_2023_INITIAL_TEST,INITIAL_TEST,918,NONZERO_POSITION_EPISODE,2023-10-11T08:00:00Z,2023-10-11T13:00:00Z,5,-1,-484.375,13.59,-497.96500000000003,ACCOUNTING_ONLY_NOT_ALPHA_STATISTIC
ZN_2022_2023_INITIAL_TEST,INITIAL_TEST,919,NONZERO_POSITION_EPISODE,2023-10-11T16:00:00Z,2023-10-11T17:00:00Z,1,-1,171.875,1.51,170.365,ACCOUNTING_ONLY_NOT_ALPHA_STATISTIC
ZN_2022_2023_INITIAL_TEST,INITIAL_TEST,920,NONZERO_POSITION_EPISODE,2023-10-11T20:00:00Z,2023-10-12T01:00:00Z,4,-1,-46.875,4.53,-51.405,ACCOUNTING_ONLY_NOT_ALPHA_STATISTIC
ZN_2022_2023_INITIAL_TEST,INITIAL_TEST,921,NONZERO_POSITION_EPISODE,2023-10-12T06:00:00Z,2023-10-12T08:00:00Z,2,-1,296.875,3.02,293.855,ACCOUNTING_ONLY_NOT_ALPHA_STATISTIC
ZN_2022_2023_INITIAL_TEST,INITIAL_TEST,922,NONZERO_POSITION_EPISODE,2023-10-12T12:00:00Z,2023-10-12T13:00:00Z,1,-1,359.375,1.51,357.865,ACCOUNTING_ONLY_NOT_ALPHA_STATISTIC
ZN_2022_2023_INITIAL_TEST,INITIAL_TEST,923,NONZERO_POSITION_EPISODE,2023-10-13T01:00:00Z,2023-10-13T04:00:00Z,3,-1,-62.5,1.51,-64.01,ACCOUNTING_ONLY_NOT_ALPHA_STATISTIC
ZN_2022_2023_INITIAL_TEST,INITIAL_TEST,924,NONZERO_POSITION_EPISODE,2023-10-13T05:00:00Z,2023-10-13T07:00:00Z,2,-1,15.625,1.51,14.115000000000002,ACCOUNTING_ONLY_NOT_ALPHA_STATISTIC
ZN_2022_2023_INITIAL_TEST,INITIAL_TEST,925,NONZERO_POSITION_EPISODE,2023-10-13T08:00:00Z,2023-10-13T14:00:00Z,6,-1,218.75,10.57,208.18000000000004,ACCOUNTING_ONLY_NOT_ALPHA_STATISTIC
ZN_2022_2023_INITIAL_TEST,INITIAL_TEST,926,NONZERO_POSITION_EPISODE,2023-10-18T11:00:00Z,2023-10-18T12:00:00Z,1,-1,46.875,1.51,45.365,ACCOUNTING_ONLY_NOT_ALPHA_STATISTIC
ZN_2022_2023_INITIAL_TEST,INITIAL_TEST,927,NONZERO_POSITION_EPISODE,2023-10-18T18:00:00Z,2023-10-18T19:00:00Z,1,-1,171.875,1.51,170.365,ACCOUNTING_ONLY_NOT_ALPHA_STATISTIC
ZN_2022_2023_INITIAL_TEST,INITIAL_TEST,928,NONZERO_POSITION_EPISODE,2023-10-19T11:00:00Z,2023-10-19T12:00:00Z,1,-1,156.25,1.51,154.74,ACCOUNTING_ONLY_NOT_ALPHA_STATISTIC
ZN_2022_2023_INITIAL_TEST,INITIAL_TEST,929,NONZERO_POSITION_EPISODE,2023-10-19T13:00:00Z,2023-10-19T15:00:00Z,2,-1,140.625,4.53,136.095,ACCOUNTING_ONLY_NOT_ALPHA_STATISTIC
ZN_2022_2023_INITIAL_TEST,INITIAL_TEST,930,NONZERO_POSITION_EPISODE,2023-10-19T16:00:00Z,2023-10-19T17:00:00Z,1,-1,109.375,1.51,107.865,ACCOUNTING_ONLY_NOT_ALPHA_STATISTIC
ZN_2022_2023_INITIAL_TEST,INITIAL_TEST,931,NONZERO_POSITION_EPISODE,2023-10-20T01:00:00Z,2023-10-20T06:00:00Z,5,-1,-156.25,1.51,-157.76,ACCOUNTING_ONLY_NOT_ALPHA_STATISTIC
ZN_2022_2023_INITIAL_TEST,INITIAL_TEST,932,NONZERO_POSITION_EPISODE,2023-10-20T07:00:00Z,2023-10-20T09:00:00Z,2,-1,62.5,1.51,60.99,ACCOUNTING_ONLY_NOT_ALPHA_STATISTIC
ZN_2022_2023_INITIAL_TEST,INITIAL_TEST,933,NONZERO_POSITION_EPISODE,2023-10-20T14:00:00Z,2023-10-20T18:00:00Z,4,-1,-93.75,4.53,-98.28000000000002,ACCOUNTING_ONLY_NOT_ALPHA_STATISTIC
ZN_2022_2023_INITIAL_TEST,INITIAL_TEST,934,NONZERO_POSITION_EPISODE,2023-10-20T20:00:00Z,2023-10-20T21:00:00Z,1,-1,62.5,1.51,60.99,ACCOUNTING_ONLY_NOT_ALPHA_STATISTIC
ZN_2022_2023_INITIAL_TEST,INITIAL_TEST,935,NONZERO_POSITION_EPISODE,2023-10-23T13:00:00Z,2023-10-23T21:00:00Z,8,-1,-1843.75,10.57,-1854.32,ACCOUNTING_ONLY_NOT_ALPHA_STATISTIC
ZN_2022_2023_INITIAL_TEST,INITIAL_TEST,936,NONZERO_POSITION_EPISODE,2023-10-24T03:00:00Z,2023-10-24T04:00:00Z,1,-1,15.625,1.51,14.115,ACCOUNTING_ONLY_NOT_ALPHA_STATISTIC
ZN_2022_2023_INITIAL_TEST,INITIAL_TEST,937,NONZERO_POSITION_EPISODE,2023-10-24T07:00:00Z,2023-10-24T08:00:00Z,1,-1,281.25,3.02,278.23,ACCOUNTING_ONLY_NOT_ALPHA_STATISTIC
ZN_2022_2023_INITIAL_TEST,INITIAL_TEST,938,NONZERO_POSITION_EPISODE,2023-10-24T20:00:00Z,2023-10-24T21:00:00Z,1,-1,78.125,1.51,76.615,ACCOUNTING_ONLY_NOT_ALPHA_STATISTIC
ZN_2022_2023_INITIAL_TEST,INITIAL_TEST,939,NONZERO_POSITION_EPISODE,2023-10-24T23:00:00Z,2023-10-25T00:00:00Z,1,-1,0.0,1.51,-1.51,ACCOUNTING_ONLY_NOT_ALPHA_STATISTIC
ZN_2022_2023_INITIAL_TEST,INITIAL_TEST,940,NONZERO_POSITION_EPISODE,2023-10-26T08:00:00Z,2023-10-26T10:00:00Z,2,-1,-15.625,1.51,-17.135,ACCOUNTING_ONLY_NOT_ALPHA_STATISTIC
ZN_2022_2023_INITIAL_TEST,INITIAL_TEST,941,NONZERO_POSITION_EPISODE,2023-10-26T13:00:00Z,2023-10-26T23:00:00Z,9,-1,-343.75,13.59,-357.34000000000003,ACCOUNTING_ONLY_NOT_ALPHA_STATISTIC
ZN_2022_2023_INITIAL_TEST,INITIAL_TEST,942,NONZERO_POSITION_EPISODE,2023-10-27T14:00:00Z,2023-10-27T15:00:00Z,1,-1,78.125,1.51,76.615,ACCOUNTING_ONLY_NOT_ALPHA_STATISTIC
ZN_2022_2023_INITIAL_TEST,INITIAL_TEST,943,NONZERO_POSITION_EPISODE,2023-10-27T18:00:00Z,2023-10-27T21:00:00Z,3,-1,-46.875,1.51,-48.385,ACCOUNTING_ONLY_NOT_ALPHA_STATISTIC
ZN_2022_2023_INITIAL_TEST,INITIAL_TEST,944,NONZERO_POSITION_EPISODE,2023-10-30T08:00:00Z,2023-10-30T09:00:00Z,1,-1,46.875,1.51,45.365,ACCOUNTING_ONLY_NOT_ALPHA_STATISTIC
ZN_2022_2023_INITIAL_TEST,INITIAL_TEST,945,NONZERO_POSITION_EPISODE,2023-10-30T19:00:00Z,2023-10-30T20:00:00Z,1,-1,0.0,1.51,-1.51,ACCOUNTING_ONLY_NOT_ALPHA_STATISTIC
ZN_2022_2023_INITIAL_TEST,INITIAL_TEST,946,NONZERO_POSITION_EPISODE,2023-10-31T04:00:00Z,2023-10-31T05:00:00Z,1,-1,31.25,1.51,29.74,ACCOUNTING_ONLY_NOT_ALPHA_STATISTIC
ZN_2022_2023_INITIAL_TEST,INITIAL_TEST,947,NONZERO_POSITION_EPISODE,2023-10-31T08:00:00Z,2023-10-31T13:00:00Z,5,-1,78.125,4.53,73.59499999999998,ACCOUNTING_ONLY_NOT_ALPHA_STATISTIC
ZN_2022_2023_INITIAL_TEST,INITIAL_TEST,948,NONZERO_POSITION_EPISODE,2023-11-01T06:00:00Z,2023-11-01T07:00:00Z,1,-1,-15.625,1.51,-17.135,ACCOUNTING_ONLY_NOT_ALPHA_STATISTIC
ZN_2022_2023_INITIAL_TEST,INITIAL_TEST,949,NONZERO_POSITION_EPISODE,2023-11-01T10:00:00Z,2023-11-01T11:00:00Z,1,-1,31.25,1.51,29.74,ACCOUNTING_ONLY_NOT_ALPHA_STATISTIC
ZN_2022_2023_INITIAL_TEST,INITIAL_TEST,950,NONZERO_POSITION_EPISODE,2023-11-01T13:00:00Z,2023-11-02T02:00:00Z,12,-1,-2140.625,16.61,-2157.235,ACCOUNTING_ONLY_NOT_ALPHA_STATISTIC
ZN_2022_2023_INITIAL_TEST,INITIAL_TEST,951,NONZERO_POSITION_EPISODE,2023-11-02T11:00:00Z,2023-11-02T12:00:00Z,1,-1,-15.625,1.51,-17.135,ACCOUNTING_ONLY_NOT_ALPHA_STATISTIC
ZN_2022_2023_INITIAL_TEST,INITIAL_TEST,952,NONZERO_POSITION_EPISODE,2023-11-02T13:00:00Z,2023-11-02T16:00:00Z,3,-1,437.5,4.53,432.96999999999997,ACCOUNTING_ONLY_NOT_ALPHA_STATISTIC
ZN_2022_2023_INITIAL_TEST,INITIAL_TEST,953,NONZERO_POSITION_EPISODE,2023-11-03T12:00:00Z,2023-11-03T18:00:00Z,6,-1,-937.5,10.57,-948.0699999999999,ACCOUNTING_ONLY_NOT_ALPHA_STATISTIC
ZN_2022_2023_INITIAL_TEST,INITIAL_TEST,954,NONZERO_POSITION_EPISODE,2023-11-07T09:00:00Z,2023-11-07T10:00:00Z,1,-1,62.5,1.51,60.99,ACCOUNTING_ONLY_NOT_ALPHA_STATISTIC
ZN_2022_2023_INITIAL_TEST,INITIAL_TEST,955,NONZERO_POSITION_EPISODE,2023-11-07T11:00:00Z,2023-11-07T12:00:00Z,1,-1,156.25,1.51,154.74,ACCOUNTING_ONLY_NOT_ALPHA_STATISTIC
ZN_2022_2023_INITIAL_TEST,INITIAL_TEST,956,NONZERO_POSITION_EPISODE,2023-11-07T16:00:00Z,2023-11-07T17:00:00Z,1,-1,-15.625,1.51,-17.135,ACCOUNTING_ONLY_NOT_ALPHA_STATISTIC
ZN_2022_2023_INITIAL_TEST,INITIAL_TEST,957,NONZERO_POSITION_EPISODE,2023-11-07T19:00:00Z,2023-11-07T20:00:00Z,1,-1,156.25,1.51,154.74,ACCOUNTING_ONLY_NOT_ALPHA_STATISTIC
ZN_2022_2023_INITIAL_TEST,INITIAL_TEST,958,NONZERO_POSITION_EPISODE,2023-11-08T14:00:00Z,2023-11-08T20:00:00Z,6,-1,-234.375,1.51,-235.885,ACCOUNTING_ONLY_NOT_ALPHA_STATISTIC
ZN_2022_2023_INITIAL_TEST,INITIAL_TEST,959,NONZERO_POSITION_EPISODE,2023-11-08T22:00:00Z,2023-11-09T00:00:00Z,1,-1,0.0,1.51,-1.51,ACCOUNTING_ONLY_NOT_ALPHA_STATISTIC
ZN_2022_2023_INITIAL_TEST,INITIAL_TEST,960,NONZERO_POSITION_EPISODE,2023-11-09T02:00:00Z,2023-11-09T03:00:00Z,1,-1,46.875,1.51,45.365,ACCOUNTING_ONLY_NOT_ALPHA_STATISTIC
ZN_2022_2023_INITIAL_TEST,INITIAL_TEST,961,NONZERO_POSITION_EPISODE,2023-11-10T13:00:00Z,2023-11-10T15:00:00Z,2,-1,-46.875,1.51,-48.38499999999999,ACCOUNTING_ONLY_NOT_ALPHA_STATISTIC
ZN_2022_2023_INITIAL_TEST,INITIAL_TEST,962,NONZERO_POSITION_EPISODE,2023-11-13T10:00:00Z,2023-11-13T12:00:00Z,2,-1,15.625,1.51,14.115000000000002,ACCOUNTING_ONLY_NOT_ALPHA_STATISTIC
ZN_2022_2023_INITIAL_TEST,INITIAL_TEST,963,NONZERO_POSITION_EPISODE,2023-11-13T17:00:00Z,2023-11-13T18:00:00Z,1,-1,46.875,1.51,45.365,ACCOUNTING_ONLY_NOT_ALPHA_STATISTIC
ZN_2022_2023_INITIAL_TEST,INITIAL_TEST,964,NONZERO_POSITION_EPISODE,2023-11-13T19:00:00Z,2023-11-13T20:00:00Z,1,-1,-15.625,1.51,-17.135,ACCOUNTING_ONLY_NOT_ALPHA_STATISTIC
ZN_2022_2023_INITIAL_TEST,INITIAL_TEST,965,NONZERO_POSITION_EPISODE,2023-11-14T08:00:00Z,2023-11-14T09:00:00Z,1,-1,31.25,1.51,29.74,ACCOUNTING_ONLY_NOT_ALPHA_STATISTIC
ZN_2022_2023_INITIAL_TEST,INITIAL_TEST,966,NONZERO_POSITION_EPISODE,2023-11-14T14:00:00Z,2023-11-14T22:00:00Z,8,-1,-1406.25,13.59,-1419.84,ACCOUNTING_ONLY_NOT_ALPHA_STATISTIC
ZN_2022_2023_INITIAL_TEST,INITIAL_TEST,967,NONZERO_POSITION_EPISODE,2023-11-16T14:00:00Z,2023-11-16T16:00:00Z,2,-1,0.0,1.51,-1.5100000000000016,ACCOUNTING_ONLY_NOT_ALPHA_STATISTIC
ZN_2022_2023_INITIAL_TEST,INITIAL_TEST,968,NONZERO_POSITION_EPISODE,2023-11-17T09:00:00Z,2023-11-17T12:00:00Z,3,-1,140.625,1.51,139.115,ACCOUNTING_ONLY_NOT_ALPHA_STATISTIC
ZN_2022_2023_INITIAL_TEST,INITIAL_TEST,969,NONZERO_POSITION_EPISODE,2023-11-20T19:00:00Z,2023-11-20T20:00:00Z,1,-1,0.0,1.51,-1.51,ACCOUNTING_ONLY_NOT_ALPHA_STATISTIC
ZN_2022_2023_INITIAL_TEST,INITIAL_TEST,970,NONZERO_POSITION_EPISODE,2023-11-22T11:00:00Z,2023-11-22T14:00:00Z,3,-1,62.5,1.51,60.989999999999995,ACCOUNTING_ONLY_NOT_ALPHA_STATISTIC
ZN_2022_2023_INITIAL_TEST,INITIAL_TEST,971,NONZERO_POSITION_EPISODE,2023-11-23T11:00:00Z,2023-11-23T14:00:00Z,3,1,-125.0,1.51,-126.51,ACCOUNTING_ONLY_NOT_ALPHA_STATISTIC
ZN_2022_2023_INITIAL_TEST,INITIAL_TEST,972,NONZERO_POSITION_EPISODE,2023-11-23T15:00:00Z,2023-11-23T16:00:00Z,1,1,46.875,1.51,45.365,ACCOUNTING_ONLY_NOT_ALPHA_STATISTIC
ZN_2022_2023_INITIAL_TEST,INITIAL_TEST,973,NONZERO_POSITION_EPISODE,2023-11-27T00:00:00Z,2023-11-27T02:00:00Z,2,1,-15.625,1.51,-17.135000000000005,ACCOUNTING_ONLY_NOT_ALPHA_STATISTIC
ZN_2022_2023_INITIAL_TEST,INITIAL_TEST,974,NONZERO_POSITION_EPISODE,2023-11-29T10:00:00Z,2023-11-29T11:00:00Z,1,1,-15.625,1.51,-17.135,ACCOUNTING_ONLY_NOT_ALPHA_STATISTIC
ZN_2022_2023_INITIAL_TEST,INITIAL_TEST,975,NONZERO_POSITION_EPISODE,2023-11-29T17:00:00Z,2023-11-29T18:00:00Z,1,1,187.5,1.51,185.99,ACCOUNTING_ONLY_NOT_ALPHA_STATISTIC
ZN_2022_2023_INITIAL_TEST,INITIAL_TEST,976,NONZERO_POSITION_EPISODE,2023-11-30T06:00:00Z,2023-11-30T07:00:00Z,1,1,46.875,1.51,45.365,ACCOUNTING_ONLY_NOT_ALPHA_STATISTIC
ZN_2022_2023_INITIAL_TEST,INITIAL_TEST,977,NONZERO_POSITION_EPISODE,2023-11-30T14:00:00Z,2023-11-30T16:00:00Z,2,1,78.125,3.02,75.10500000000002,ACCOUNTING_ONLY_NOT_ALPHA_STATISTIC
ZN_2022_2023_INITIAL_TEST,INITIAL_TEST,978,NONZERO_POSITION_EPISODE,2023-11-30T18:00:00Z,2023-11-30T19:00:00Z,1,1,62.5,1.51,60.99,ACCOUNTING_ONLY_NOT_ALPHA_STATISTIC
ZN_2022_2023_INITIAL_TEST,INITIAL_TEST,979,NONZERO_POSITION_EPISODE,2023-12-01T12:00:00Z,2023-12-01T14:00:00Z,2,1,31.25,1.51,29.740000000000002,ACCOUNTING_ONLY_NOT_ALPHA_STATISTIC
ZN_2022_2023_INITIAL_TEST,INITIAL_TEST,980,NONZERO_POSITION_EPISODE,2023-12-04T01:00:00Z,2023-12-04T03:00:00Z,2,1,-46.875,1.51,-48.385,ACCOUNTING_ONLY_NOT_ALPHA_STATISTIC
ZN_2022_2023_INITIAL_TEST,INITIAL_TEST,981,NONZERO_POSITION_EPISODE,2023-12-04T04:00:00Z,2023-12-04T05:00:00Z,1,1,15.625,1.51,14.115,ACCOUNTING_ONLY_NOT_ALPHA_STATISTIC
ZN_2022_2023_INITIAL_TEST,INITIAL_TEST,982,NONZERO_POSITION_EPISODE,2023-12-04T16:00:00Z,2023-12-04T20:00:00Z,4,1,-15.625,1.51,-17.135,ACCOUNTING_ONLY_NOT_ALPHA_STATISTIC
ZN_2022_2023_INITIAL_TEST,INITIAL_TEST,983,NONZERO_POSITION_EPISODE,2023-12-06T01:00:00Z,2023-12-06T02:00:00Z,1,1,0.0,1.51,-1.51,ACCOUNTING_ONLY_NOT_ALPHA_STATISTIC
ZN_2022_2023_INITIAL_TEST,INITIAL_TEST,984,NONZERO_POSITION_EPISODE,2023-12-06T03:00:00Z,2023-12-06T04:00:00Z,1,1,15.625,1.51,14.115,ACCOUNTING_ONLY_NOT_ALPHA_STATISTIC
ZN_2022_2023_INITIAL_TEST,INITIAL_TEST,985,NONZERO_POSITION_EPISODE,2023-12-06T11:00:00Z,2023-12-06T12:00:00Z,1,1,-15.625,1.51,-17.135,ACCOUNTING_ONLY_NOT_ALPHA_STATISTIC
ZN_2022_2023_INITIAL_TEST,INITIAL_TEST,986,NONZERO_POSITION_EPISODE,2023-12-07T01:00:00Z,2023-12-07T03:00:00Z,2,1,0.0,1.51,-1.509999999999998,ACCOUNTING_ONLY_NOT_ALPHA_STATISTIC
ZN_2022_2023_INITIAL_TEST,INITIAL_TEST,987,NONZERO_POSITION_EPISODE,2023-12-07T04:00:00Z,2023-12-07T08:00:00Z,4,1,-218.75,4.53,-223.28000000000003,ACCOUNTING_ONLY_NOT_ALPHA_STATISTIC
ZN_2022_2023_INITIAL_TEST,INITIAL_TEST,988,NONZERO_POSITION_EPISODE,2023-12-07T21:00:00Z,2023-12-08T00:00:00Z,2,1,-15.625,1.51,-17.134999999999998,ACCOUNTING_ONLY_NOT_ALPHA_STATISTIC
ZN_2022_2023_INITIAL_TEST,INITIAL_TEST,989,NONZERO_POSITION_EPISODE,2023-12-08T01:00:00Z,2023-12-08T04:00:00Z,3,1,15.625,1.51,14.115000000000002,ACCOUNTING_ONLY_NOT_ALPHA_STATISTIC
ZN_2022_2023_INITIAL_TEST,INITIAL_TEST,990,NONZERO_POSITION_EPISODE,2023-12-08T09:00:00Z,2023-12-08T12:00:00Z,3,1,-46.875,1.51,-48.385,ACCOUNTING_ONLY_NOT_ALPHA_STATISTIC
ZN_2022_2023_INITIAL_TEST,INITIAL_TEST,991,NONZERO_POSITION_EPISODE,2023-12-08T14:00:00Z,2023-12-08T18:00:00Z,4,1,31.25,6.04,25.210000000000008,ACCOUNTING_ONLY_NOT_ALPHA_STATISTIC
ZN_2022_2023_INITIAL_TEST,INITIAL_TEST,992,NONZERO_POSITION_EPISODE,2023-12-08T20:00:00Z,2023-12-08T21:00:00Z,1,1,93.75,1.51,92.24,ACCOUNTING_ONLY_NOT_ALPHA_STATISTIC
ZN_2022_2023_INITIAL_TEST,INITIAL_TEST,993,NONZERO_POSITION_EPISODE,2023-12-11T01:00:00Z,2023-12-11T02:00:00Z,1,1,-15.625,1.51,-17.135,ACCOUNTING_ONLY_NOT_ALPHA_STATISTIC
ZN_2022_2023_INITIAL_TEST,INITIAL_TEST,994,NONZERO_POSITION_EPISODE,2023-12-11T13:00:00Z,2023-12-11T14:00:00Z,1,1,31.25,1.51,29.74,ACCOUNTING_ONLY_NOT_ALPHA_STATISTIC
ZN_2022_2023_INITIAL_TEST,INITIAL_TEST,995,NONZERO_POSITION_EPISODE,2023-12-11T17:00:00Z,2023-12-11T18:00:00Z,1,1,0.0,1.51,-1.51,ACCOUNTING_ONLY_NOT_ALPHA_STATISTIC
ZN_2022_2023_INITIAL_TEST,INITIAL_TEST,996,NONZERO_POSITION_EPISODE,2023-12-12T14:00:00Z,2023-12-12T16:00:00Z,2,1,125.0,1.51,123.49,ACCOUNTING_ONLY_NOT_ALPHA_STATISTIC
ZN_2022_2023_INITIAL_TEST,INITIAL_TEST,997,NONZERO_POSITION_EPISODE,2023-12-14T19:00:00Z,2023-12-14T20:00:00Z,1,1,31.25,1.51,29.74,ACCOUNTING_ONLY_NOT_ALPHA_STATISTIC
ZN_2022_2023_INITIAL_TEST,INITIAL_TEST,998,NONZERO_POSITION_EPISODE,2023-12-15T01:00:00Z,2023-12-15T03:00:00Z,2,1,46.875,1.51,45.365,ACCOUNTING_ONLY_NOT_ALPHA_STATISTIC
ZN_2022_2023_INITIAL_TEST,INITIAL_TEST,999,NONZERO_POSITION_EPISODE,2023-12-15T14:00:00Z,2023-12-15T15:00:00Z,1,1,437.5,3.02,434.48,ACCOUNTING_ONLY_NOT_ALPHA_STATISTIC
ZN_2022_2023_INITIAL_TEST,INITIAL_TEST,1000,NONZERO_POSITION_EPISODE,2023-12-15T19:00:00Z,2023-12-15T20:00:00Z,1,1,15.625,1.51,14.115,ACCOUNTING_ONLY_NOT_ALPHA_STATISTIC
ZN_2022_2023_INITIAL_TEST,INITIAL_TEST,1001,NONZERO_POSITION_EPISODE,2023-12-18T14:00:00Z,2023-12-18T17:00:00Z,3,1,-140.625,1.51,-142.135,ACCOUNTING_ONLY_NOT_ALPHA_STATISTIC
ZN_2022_2023_INITIAL_TEST,INITIAL_TEST,1002,NONZERO_POSITION_EPISODE,2023-12-19T18:00:00Z,2023-12-19T19:00:00Z,1,1,0.0,1.51,-1.51,ACCOUNTING_ONLY_NOT_ALPHA_STATISTIC
ZN_2022_2023_INITIAL_TEST,INITIAL_TEST,1003,NONZERO_POSITION_EPISODE,2023-12-20T16:00:00Z,2023-12-20T17:00:00Z,1,1,46.875,1.51,45.365,ACCOUNTING_ONLY_NOT_ALPHA_STATISTIC
ZN_2022_2023_INITIAL_TEST,INITIAL_TEST,1004,NONZERO_POSITION_EPISODE,2023-12-21T06:00:00Z,2023-12-21T08:00:00Z,2,1,-62.5,1.51,-64.01,ACCOUNTING_ONLY_NOT_ALPHA_STATISTIC
ZN_2022_2023_INITIAL_TEST,INITIAL_TEST,1005,NONZERO_POSITION_EPISODE,2023-12-21T11:00:00Z,2023-12-21T12:00:00Z,1,1,46.875,1.51,45.365,ACCOUNTING_ONLY_NOT_ALPHA_STATISTIC
ZN_2022_2023_INITIAL_TEST,INITIAL_TEST,1006,NONZERO_POSITION_EPISODE,2023-12-21T16:00:00Z,2023-12-21T20:00:00Z,4,1,-93.75,1.51,-95.26,ACCOUNTING_ONLY_NOT_ALPHA_STATISTIC
ZN_2022_2023_INITIAL_TEST,INITIAL_TEST,1007,NONZERO_POSITION_EPISODE,2023-12-22T16:00:00Z,2023-12-22T18:00:00Z,2,1,-15.625,1.51,-17.135000000000005,ACCOUNTING_ONLY_NOT_ALPHA_STATISTIC
ZN_2022_2023_INITIAL_TEST,INITIAL_TEST,1008,NONZERO_POSITION_EPISODE,2023-12-26T13:00:00Z,2023-12-26T15:00:00Z,2,1,15.625,1.51,14.114999999999998,ACCOUNTING_ONLY_NOT_ALPHA_STATISTIC
ZN_2022_2023_INITIAL_TEST,INITIAL_TEST,1009,NONZERO_POSITION_EPISODE,2023-12-28T01:00:00Z,2023-12-28T02:00:00Z,1,1,15.625,1.51,14.115,ACCOUNTING_ONLY_NOT_ALPHA_STATISTIC
ZN_2022_2023_INITIAL_TEST,INITIAL_TEST,1010,NONZERO_POSITION_EPISODE,2023-12-28T09:00:00Z,2023-12-28T10:00:00Z,1,1,46.875,1.51,45.365,ACCOUNTING_ONLY_NOT_ALPHA_STATISTIC
ZN_2022_2023_INITIAL_TEST,INITIAL_TEST,1011,NONZERO_POSITION_EPISODE,2023-12-28T14:00:00Z,2023-12-28T16:00:00Z,2,1,140.625,1.51,139.115,ACCOUNTING_ONLY_NOT_ALPHA_STATISTIC
ZN_2022_2023_INITIAL_TEST,INITIAL_TEST,1012,NONZERO_POSITION_EPISODE,2023-12-28T17:00:00Z,2023-12-28T22:00:00Z,5,1,-93.75,4.53,-98.28,ACCOUNTING_ONLY_NOT_ALPHA_STATISTIC
ZN_2022_2023_INITIAL_TEST,INITIAL_TEST,1013,NONZERO_POSITION_EPISODE,2023-12-29T09:00:00Z,2023-12-29T13:00:00Z,4,1,-171.875,4.53,-176.405,ACCOUNTING_ONLY_NOT_ALPHA_STATISTIC
ZN_2022_2023_INITIAL_TEST,INITIAL_TEST,1014,NONZERO_POSITION_EPISODE,2023-12-29T14:00:00Z,2023-12-29T15:00:00Z,1,1,187.5,3.02,184.48,ACCOUNTING_ONLY_NOT_ALPHA_STATISTIC
ZN_2022_2023_INITIAL_TEST,INITIAL_TEST,1015,NONZERO_POSITION_EPISODE,2023-12-29T19:00:00Z,2023-12-29T20:00:00Z,1,1,15.625,1.51,14.115,ACCOUNTING_ONLY_NOT_ALPHA_STATISTIC
ZN_2022_2023_INITIAL_TEST,INITIAL_TEST,ZERO_POSITION_ROWS,ZERO_POSITION_ACCOUNTING,,,9233,0,0.0,0.0,0.0,ACCOUNTING_ONLY_NOT_ALPHA_STATISTIC
ZN_2024_VALIDATION,VALIDATION,1,NONZERO_POSITION_EPISODE,2024-01-02T04:00:00Z,2024-01-02T05:00:00Z,1,1,15.625,0.0,15.625,ACCOUNTING_ONLY_NOT_ALPHA_STATISTIC
ZN_2024_VALIDATION,VALIDATION,2,NONZERO_POSITION_EPISODE,2024-01-02T06:00:00Z,2024-01-02T11:00:00Z,5,1,0.0,4.53,-4.530000000000015,ACCOUNTING_ONLY_NOT_ALPHA_STATISTIC
ZN_2024_VALIDATION,VALIDATION,3,NONZERO_POSITION_EPISODE,2024-01-02T12:00:00Z,2024-01-02T15:00:00Z,3,1,640.625,6.04,634.585,ACCOUNTING_ONLY_NOT_ALPHA_STATISTIC
ZN_2024_VALIDATION,VALIDATION,4,NONZERO_POSITION_EPISODE,2024-01-02T18:00:00Z,2024-01-02T19:00:00Z,1,1,0.0,1.51,-1.51,ACCOUNTING_ONLY_NOT_ALPHA_STATISTIC
ZN_2024_VALIDATION,VALIDATION,5,NONZERO_POSITION_EPISODE,2024-01-03T00:00:00Z,2024-01-03T01:00:00Z,1,1,46.875,1.51,45.365,ACCOUNTING_ONLY_NOT_ALPHA_STATISTIC
ZN_2024_VALIDATION,VALIDATION,6,NONZERO_POSITION_EPISODE,2024-01-03T05:00:00Z,2024-01-03T07:00:00Z,2,1,15.625,1.51,14.114999999999998,ACCOUNTING_ONLY_NOT_ALPHA_STATISTIC
ZN_2024_VALIDATION,VALIDATION,7,NONZERO_POSITION_EPISODE,2024-01-03T08:00:00Z,2024-01-03T11:00:00Z,3,1,46.875,4.53,42.34500000000001,ACCOUNTING_ONLY_NOT_ALPHA_STATISTIC
ZN_2024_VALIDATION,VALIDATION,8,NONZERO_POSITION_EPISODE,2024-01-03T14:00:00Z,2024-01-03T16:00:00Z,2,1,0.0,1.51,-1.5100000000000016,ACCOUNTING_ONLY_NOT_ALPHA_STATISTIC
ZN_2024_VALIDATION,VALIDATION,9,NONZERO_POSITION_EPISODE,2024-01-04T02:00:00Z,2024-01-04T03:00:00Z,1,1,15.625,1.51,14.115,ACCOUNTING_ONLY_NOT_ALPHA_STATISTIC
ZN_2024_VALIDATION,VALIDATION,10,NONZERO_POSITION_EPISODE,2024-01-04T05:00:00Z,2024-01-04T06:00:00Z,1,1,62.5,1.51,60.99,ACCOUNTING_ONLY_NOT_ALPHA_STATISTIC
ZN_2024_VALIDATION,VALIDATION,11,NONZERO_POSITION_EPISODE,2024-01-04T09:00:00Z,2024-01-04T20:00:00Z,11,1,-343.75,16.61,-360.36,ACCOUNTING_ONLY_NOT_ALPHA_STATISTIC
ZN_2024_VALIDATION,VALIDATION,12,NONZERO_POSITION_EPISODE,2024-01-04T22:00:00Z,2024-01-05T00:00:00Z,1,1,0.0,1.51,-1.51,ACCOUNTING_ONLY_NOT_ALPHA_STATISTIC
ZN_2024_VALIDATION,VALIDATION,13,NONZERO_POSITION_EPISODE,2024-01-05T07:00:00Z,2024-01-05T15:00:00Z,8,1,-62.5,9.06,-71.55999999999999,ACCOUNTING_ONLY_NOT_ALPHA_STATISTIC
ZN_2024_VALIDATION,VALIDATION,14,NONZERO_POSITION_EPISODE,2024-01-05T18:00:00Z,2024-01-08T02:00:00Z,7,1,0.0,4.53,-4.529999999999998,ACCOUNTING_ONLY_NOT_ALPHA_STATISTIC
ZN_2024_VALIDATION,VALIDATION,15,NONZERO_POSITION_EPISODE,2024-01-08T04:00:00Z,2024-01-08T05:00:00Z,1,1,15.625,1.51,14.115,ACCOUNTING_ONLY_NOT_ALPHA_STATISTIC
ZN_2024_VALIDATION,VALIDATION,16,NONZERO_POSITION_EPISODE,2024-01-08T13:00:00Z,2024-01-08T14:00:00Z,1,1,0.0,1.51,-1.51,ACCOUNTING_ONLY_NOT_ALPHA_STATISTIC
ZN_2024_VALIDATION,VALIDATION,17,NONZERO_POSITION_EPISODE,2024-01-08T21:00:00Z,2024-01-09T03:00:00Z,5,1,15.625,4.53,11.09499999999999,ACCOUNTING_ONLY_NOT_ALPHA_STATISTIC
ZN_2024_VALIDATION,VALIDATION,18,NONZERO_POSITION_EPISODE,2024-01-09T07:00:00Z,2024-01-09T11:00:00Z,4,1,-125.0,4.53,-129.53,ACCOUNTING_ONLY_NOT_ALPHA_STATISTIC
ZN_2024_VALIDATION,VALIDATION,19,NONZERO_POSITION_EPISODE,2024-01-09T12:00:00Z,2024-01-09T13:00:00Z,1,1,93.75,1.51,92.24,ACCOUNTING_ONLY_NOT_ALPHA_STATISTIC
ZN_2024_VALIDATION,VALIDATION,20,NONZERO_POSITION_EPISODE,2024-01-10T02:00:00Z,2024-01-10T04:00:00Z,2,1,-15.625,1.51,-17.135,ACCOUNTING_ONLY_NOT_ALPHA_STATISTIC
ZN_2024_VALIDATION,VALIDATION,21,NONZERO_POSITION_EPISODE,2024-01-10T06:00:00Z,2024-01-10T07:00:00Z,1,1,0.0,1.51,-1.51,ACCOUNTING_ONLY_NOT_ALPHA_STATISTIC
ZN_2024_VALIDATION,VALIDATION,22,NONZERO_POSITION_EPISODE,2024-01-10T16:00:00Z,2024-01-10T22:00:00Z,6,1,-109.375,6.04,-115.415,ACCOUNTING_ONLY_NOT_ALPHA_STATISTIC
ZN_2024_VALIDATION,VALIDATION,23,NONZERO_POSITION_EPISODE,2024-01-11T14:00:00Z,2024-01-11T15:00:00Z,1,1,1125.0,6.04,1118.96,ACCOUNTING_ONLY_NOT_ALPHA_STATISTIC
ZN_2024_VALIDATION,VALIDATION,24,NONZERO_POSITION_EPISODE,2024-01-11T18:00:00Z,2024-01-11T19:00:00Z,1,1,171.875,1.51,170.365,ACCOUNTING_ONLY_NOT_ALPHA_STATISTIC
ZN_2024_VALIDATION,VALIDATION,25,NONZERO_POSITION_EPISODE,2024-01-12T06:00:00Z,2024-01-12T07:00:00Z,1,1,62.5,1.51,60.99,ACCOUNTING_ONLY_NOT_ALPHA_STATISTIC
ZN_2024_VALIDATION,VALIDATION,26,NONZERO_POSITION_EPISODE,2024-01-12T08:00:00Z,2024-01-12T09:00:00Z,1,1,156.25,1.51,154.74,ACCOUNTING_ONLY_NOT_ALPHA_STATISTIC
ZN_2024_VALIDATION,VALIDATION,27,NONZERO_POSITION_EPISODE,2024-01-12T10:00:00Z,2024-01-12T11:00:00Z,1,1,62.5,1.51,60.99,ACCOUNTING_ONLY_NOT_ALPHA_STATISTIC
ZN_2024_VALIDATION,VALIDATION,28,NONZERO_POSITION_EPISODE,2024-01-12T12:00:00Z,2024-01-12T14:00:00Z,2,1,250.0,1.51,248.49,ACCOUNTING_ONLY_NOT_ALPHA_STATISTIC
ZN_2024_VALIDATION,VALIDATION,29,NONZERO_POSITION_EPISODE,2024-01-12T18:00:00Z,2024-01-12T19:00:00Z,1,1,31.25,1.51,29.74,ACCOUNTING_ONLY_NOT_ALPHA_STATISTIC
ZN_2024_VALIDATION,VALIDATION,30,NONZERO_POSITION_EPISODE,2024-01-15T00:00:00Z,2024-01-15T01:00:00Z,1,1,125.0,3.02,121.98,ACCOUNTING_ONLY_NOT_ALPHA_STATISTIC
ZN_2024_VALIDATION,VALIDATION,31,NONZERO_POSITION_EPISODE,2024-01-15T08:00:00Z,2024-01-15T11:00:00Z,3,1,78.125,4.53,73.595,ACCOUNTING_ONLY_NOT_ALPHA_STATISTIC
ZN_2024_VALIDATION,VALIDATION,32,NONZERO_POSITION_EPISODE,2024-01-15T12:00:00Z,2024-01-15T14:00:00Z,2,1,62.5,3.02,59.480000000000004,ACCOUNTING_ONLY_NOT_ALPHA_STATISTIC
ZN_2024_VALIDATION,VALIDATION,33,NONZERO_POSITION_EPISODE,2024-01-16T00:00:00Z,2024-01-16T07:00:00Z,7,1,-171.875,4.53,-176.405,ACCOUNTING_ONLY_NOT_ALPHA_STATISTIC
ZN_2024_VALIDATION,VALIDATION,34,NONZERO_POSITION_EPISODE,2024-01-16T09:00:00Z,2024-01-16T10:00:00Z,1,1,31.25,1.51,29.74,ACCOUNTING_ONLY_NOT_ALPHA_STATISTIC
ZN_2024_VALIDATION,VALIDATION,35,NONZERO_POSITION_EPISODE,2024-01-16T14:00:00Z,2024-01-16T15:00:00Z,1,1,46.875,1.51,45.365,ACCOUNTING_ONLY_NOT_ALPHA_STATISTIC
ZN_2024_VALIDATION,VALIDATION,36,NONZERO_POSITION_EPISODE,2024-01-16T17:00:00Z,2024-01-16T21:00:00Z,4,1,-281.25,19.630000000000003,-300.8799999999999,ACCOUNTING_ONLY_NOT_ALPHA_STATISTIC
ZN_2024_VALIDATION,VALIDATION,37,NONZERO_POSITION_EPISODE,2024-01-17T08:00:00Z,2024-01-17T10:00:00Z,2,1,343.75,10.57,333.18,ACCOUNTING_ONLY_NOT_ALPHA_STATISTIC
ZN_2024_VALIDATION,VALIDATION,38,NONZERO_POSITION_EPISODE,2024-01-17T11:00:00Z,2024-01-17T18:00:00Z,7,1,-515.625,16.61,-532.2349999999999,ACCOUNTING_ONLY_NOT_ALPHA_STATISTIC
ZN_2024_VALIDATION,VALIDATION,39,NONZERO_POSITION_EPISODE,2024-01-17T19:00:00Z,2024-01-17T21:00:00Z,2,1,78.125,4.53,73.595,ACCOUNTING_ONLY_NOT_ALPHA_STATISTIC
ZN_2024_VALIDATION,VALIDATION,40,NONZERO_POSITION_EPISODE,2024-01-17T22:00:00Z,2024-01-18T00:00:00Z,1,1,15.625,1.51,14.115,ACCOUNTING_ONLY_NOT_ALPHA_STATISTIC
ZN_2024_VALIDATION,VALIDATION,41,NONZERO_POSITION_EPISODE,2024-01-18T13:00:00Z,2024-01-18T19:00:00Z,6,1,31.25,12.08,19.170000000000044,ACCOUNTING_ONLY_NOT_ALPHA_STATISTIC
ZN_2024_VALIDATION,VALIDATION,42,NONZERO_POSITION_EPISODE,2024-01-18T20:00:00Z,2024-01-18T21:00:00Z,1,1,46.875,1.51,45.365,ACCOUNTING_ONLY_NOT_ALPHA_STATISTIC
ZN_2024_VALIDATION,VALIDATION,43,NONZERO_POSITION_EPISODE,2024-01-18T22:00:00Z,2024-01-19T03:00:00Z,4,1,-62.5,6.04,-68.53999999999999,ACCOUNTING_ONLY_NOT_ALPHA_STATISTIC
ZN_2024_VALIDATION,VALIDATION,44,NONZERO_POSITION_EPISODE,2024-01-19T05:00:00Z,2024-01-19T07:00:00Z,2,1,-15.625,1.51,-17.134999999999998,ACCOUNTING_ONLY_NOT_ALPHA_STATISTIC
ZN_2024_VALIDATION,VALIDATION,45,NONZERO_POSITION_EPISODE,2024-01-19T14:00:00Z,2024-01-19T18:00:00Z,4,1,-93.75,9.06,-102.80999999999997,ACCOUNTING_ONLY_NOT_ALPHA_STATISTIC
ZN_2024_VALIDATION,VALIDATION,46,NONZERO_POSITION_EPISODE,2024-01-22T07:00:00Z,2024-01-22T08:00:00Z,1,1,0.0,1.51,-1.51,ACCOUNTING_ONLY_NOT_ALPHA_STATISTIC
ZN_2024_VALIDATION,VALIDATION,47,NONZERO_POSITION_EPISODE,2024-01-22T09:00:00Z,2024-01-22T10:00:00Z,1,1,125.0,3.02,121.98,ACCOUNTING_ONLY_NOT_ALPHA_STATISTIC
ZN_2024_VALIDATION,VALIDATION,48,NONZERO_POSITION_EPISODE,2024-01-22T18:00:00Z,2024-01-22T20:00:00Z,2,1,171.875,3.02,168.85500000000002,ACCOUNTING_ONLY_NOT_ALPHA_STATISTIC
ZN_2024_VALIDATION,VALIDATION,49,NONZERO_POSITION_EPISODE,2024-01-22T22:00:00Z,2024-01-23T00:00:00Z,1,1,15.625,1.51,14.115,ACCOUNTING_ONLY_NOT_ALPHA_STATISTIC
ZN_2024_VALIDATION,VALIDATION,50,NONZERO_POSITION_EPISODE,2024-01-23T08:00:00Z,2024-01-23T12:00:00Z,4,1,-93.75,1.51,-95.25999999999999,ACCOUNTING_ONLY_NOT_ALPHA_STATISTIC
ZN_2024_VALIDATION,VALIDATION,51,NONZERO_POSITION_EPISODE,2024-01-23T16:00:00Z,2024-01-23T17:00:00Z,1,1,15.625,1.51,14.115,ACCOUNTING_ONLY_NOT_ALPHA_STATISTIC
ZN_2024_VALIDATION,VALIDATION,52,NONZERO_POSITION_EPISODE,2024-01-24T12:00:00Z,2024-01-24T13:00:00Z,1,1,0.0,1.51,-1.51,ACCOUNTING_ONLY_NOT_ALPHA_STATISTIC
ZN_2024_VALIDATION,VALIDATION,53,NONZERO_POSITION_EPISODE,2024-01-24T15:00:00Z,2024-01-25T02:00:00Z,10,1,-812.5,27.18,-839.68,ACCOUNTING_ONLY_NOT_ALPHA_STATISTIC
ZN_2024_VALIDATION,VALIDATION,54,NONZERO_POSITION_EPISODE,2024-01-25T09:00:00Z,2024-01-25T10:00:00Z,1,1,15.625,1.51,14.115,ACCOUNTING_ONLY_NOT_ALPHA_STATISTIC
ZN_2024_VALIDATION,VALIDATION,55,NONZERO_POSITION_EPISODE,2024-01-25T13:00:00Z,2024-01-25T14:00:00Z,1,1,375.0,3.02,371.98,ACCOUNTING_ONLY_NOT_ALPHA_STATISTIC
ZN_2024_VALIDATION,VALIDATION,56,NONZERO_POSITION_EPISODE,2024-01-26T08:00:00Z,2024-01-26T14:00:00Z,6,1,31.25,7.55,23.699999999999985,ACCOUNTING_ONLY_NOT_ALPHA_STATISTIC
ZN_2024_VALIDATION,VALIDATION,57,NONZERO_POSITION_EPISODE,2024-01-26T15:00:00Z,2024-01-26T21:00:00Z,6,1,437.5,25.67,411.83000000000004,ACCOUNTING_ONLY_NOT_ALPHA_STATISTIC
ZN_2024_VALIDATION,VALIDATION,58,NONZERO_POSITION_EPISODE,2024-01-29T13:00:00Z,2024-01-29T14:00:00Z,1,1,109.375,1.51,107.865,ACCOUNTING_ONLY_NOT_ALPHA_STATISTIC
ZN_2024_VALIDATION,VALIDATION,59,NONZERO_POSITION_EPISODE,2024-01-30T10:00:00Z,2024-01-30T14:00:00Z,4,1,46.875,6.04,40.835,ACCOUNTING_ONLY_NOT_ALPHA_STATISTIC
ZN_2024_VALIDATION,VALIDATION,60,NONZERO_POSITION_EPISODE,2024-01-30T16:00:00Z,2024-01-30T20:00:00Z,4,1,1265.625,24.16,1241.465,ACCOUNTING_ONLY_NOT_ALPHA_STATISTIC
ZN_2024_VALIDATION,VALIDATION,61,NONZERO_POSITION_EPISODE,2024-01-31T10:00:00Z,2024-01-31T13:00:00Z,3,1,31.25,3.02,28.229999999999993,ACCOUNTING_ONLY_NOT_ALPHA_STATISTIC
ZN_2024_VALIDATION,VALIDATION,62,NONZERO_POSITION_EPISODE,2024-02-01T01:00:00Z,2024-02-01T04:00:00Z,3,1,46.875,4.53,42.345,ACCOUNTING_ONLY_NOT_ALPHA_STATISTIC
ZN_2024_VALIDATION,VALIDATION,63,NONZERO_POSITION_EPISODE,2024-02-01T06:00:00Z,2024-02-01T07:00:00Z,1,1,0.0,1.51,-1.51,ACCOUNTING_ONLY_NOT_ALPHA_STATISTIC
ZN_2024_VALIDATION,VALIDATION,64,NONZERO_POSITION_EPISODE,2024-02-01T10:00:00Z,2024-02-01T11:00:00Z,1,1,0.0,1.51,-1.51,ACCOUNTING_ONLY_NOT_ALPHA_STATISTIC
ZN_2024_VALIDATION,VALIDATION,65,NONZERO_POSITION_EPISODE,2024-02-01T22:00:00Z,2024-02-02T00:00:00Z,1,1,93.75,3.02,90.73,ACCOUNTING_ONLY_NOT_ALPHA_STATISTIC
ZN_2024_VALIDATION,VALIDATION,66,NONZERO_POSITION_EPISODE,2024-02-02T01:00:00Z,2024-02-02T06:00:00Z,5,1,-62.5,7.55,-70.05000000000001,ACCOUNTING_ONLY_NOT_ALPHA_STATISTIC
ZN_2024_VALIDATION,VALIDATION,67,NONZERO_POSITION_EPISODE,2024-02-02T08:00:00Z,2024-02-02T09:00:00Z,1,1,187.5,4.53,182.97,ACCOUNTING_ONLY_NOT_ALPHA_STATISTIC
ZN_2024_VALIDATION,VALIDATION,68,NONZERO_POSITION_EPISODE,2024-02-02T14:00:00Z,2024-02-02T22:00:00Z,8,1,-1234.375,22.65,-1257.025,ACCOUNTING_ONLY_NOT_ALPHA_STATISTIC
ZN_2024_VALIDATION,VALIDATION,69,NONZERO_POSITION_EPISODE,2024-02-05T00:00:00Z,2024-02-05T04:00:00Z,4,1,-140.625,7.55,-148.17499999999998,ACCOUNTING_ONLY_NOT_ALPHA_STATISTIC
ZN_2024_VALIDATION,VALIDATION,70,NONZERO_POSITION_EPISODE,2024-02-05T08:00:00Z,2024-02-05T11:00:00Z,3,1,0.0,4.53,-4.529999999999998,ACCOUNTING_ONLY_NOT_ALPHA_STATISTIC
ZN_2024_VALIDATION,VALIDATION,71,NONZERO_POSITION_EPISODE,2024-02-05T13:00:00Z,2024-02-05T18:00:00Z,5,1,109.375,9.06,100.315,ACCOUNTING_ONLY_NOT_ALPHA_STATISTIC
ZN_2024_VALIDATION,VALIDATION,72,NONZERO_POSITION_EPISODE,2024-02-05T19:00:00Z,2024-02-05T22:00:00Z,3,1,-46.875,1.51,-48.385000000000005,ACCOUNTING_ONLY_NOT_ALPHA_STATISTIC
ZN_2024_VALIDATION,VALIDATION,73,NONZERO_POSITION_EPISODE,2024-02-06T09:00:00Z,2024-02-06T13:00:00Z,4,1,-46.875,1.51,-48.385,ACCOUNTING_ONLY_NOT_ALPHA_STATISTIC
ZN_2024_VALIDATION,VALIDATION,74,NONZERO_POSITION_EPISODE,2024-02-07T07:00:00Z,2024-02-07T08:00:00Z,1,1,78.125,1.51,76.615,ACCOUNTING_ONLY_NOT_ALPHA_STATISTIC
ZN_2024_VALIDATION,VALIDATION,75,NONZERO_POSITION_EPISODE,2024-02-07T11:00:00Z,2024-02-07T14:00:00Z,3,1,62.5,1.51,60.99,ACCOUNTING_ONLY_NOT_ALPHA_STATISTIC
ZN_2024_VALIDATION,VALIDATION,76,NONZERO_POSITION_EPISODE,2024-02-07T18:00:00Z,2024-02-07T19:00:00Z,1,1,46.875,1.51,45.365,ACCOUNTING_ONLY_NOT_ALPHA_STATISTIC
ZN_2024_VALIDATION,VALIDATION,77,NONZERO_POSITION_EPISODE,2024-02-07T21:00:00Z,2024-02-08T00:00:00Z,2,1,-15.625,1.51,-17.134999999999998,ACCOUNTING_ONLY_NOT_ALPHA_STATISTIC
ZN_2024_VALIDATION,VALIDATION,78,NONZERO_POSITION_EPISODE,2024-02-08T07:00:00Z,2024-02-08T09:00:00Z,2,1,-15.625,1.51,-17.135,ACCOUNTING_ONLY_NOT_ALPHA_STATISTIC
ZN_2024_VALIDATION,VALIDATION,79,NONZERO_POSITION_EPISODE,2024-02-08T11:00:00Z,2024-02-08T17:00:00Z,6,1,-312.5,4.53,-317.03000000000003,ACCOUNTING_ONLY_NOT_ALPHA_STATISTIC
ZN_2024_VALIDATION,VALIDATION,80,NONZERO_POSITION_EPISODE,2024-02-08T18:00:00Z,2024-02-08T19:00:00Z,1,1,46.875,1.51,45.365,ACCOUNTING_ONLY_NOT_ALPHA_STATISTIC
ZN_2024_VALIDATION,VALIDATION,81,NONZERO_POSITION_EPISODE,2024-02-08T20:00:00Z,2024-02-08T21:00:00Z,1,1,62.5,1.51,60.99,ACCOUNTING_ONLY_NOT_ALPHA_STATISTIC
ZN_2024_VALIDATION,VALIDATION,82,NONZERO_POSITION_EPISODE,2024-02-09T08:00:00Z,2024-02-09T12:00:00Z,4,1,-31.25,1.51,-32.76,ACCOUNTING_ONLY_NOT_ALPHA_STATISTIC
ZN_2024_VALIDATION,VALIDATION,83,NONZERO_POSITION_EPISODE,2024-02-09T13:00:00Z,2024-02-09T14:00:00Z,1,1,62.5,1.51,60.99,ACCOUNTING_ONLY_NOT_ALPHA_STATISTIC
ZN_2024_VALIDATION,VALIDATION,84,NONZERO_POSITION_EPISODE,2024-02-09T15:00:00Z,2024-02-09T18:00:00Z,3,1,-46.875,1.51,-48.385000000000005,ACCOUNTING_ONLY_NOT_ALPHA_STATISTIC
ZN_2024_VALIDATION,VALIDATION,85,NONZERO_POSITION_EPISODE,2024-02-12T06:00:00Z,2024-02-12T07:00:00Z,1,1,31.25,1.51,29.74,ACCOUNTING_ONLY_NOT_ALPHA_STATISTIC
ZN_2024_VALIDATION,VALIDATION,86,NONZERO_POSITION_EPISODE,2024-02-12T09:00:00Z,2024-02-12T10:00:00Z,1,1,46.875,1.51,45.365,ACCOUNTING_ONLY_NOT_ALPHA_STATISTIC
ZN_2024_VALIDATION,VALIDATION,87,NONZERO_POSITION_EPISODE,2024-02-12T14:00:00Z,2024-02-12T17:00:00Z,3,1,15.625,3.02,12.605000000000011,ACCOUNTING_ONLY_NOT_ALPHA_STATISTIC
ZN_2024_VALIDATION,VALIDATION,88,NONZERO_POSITION_EPISODE,2024-02-12T22:00:00Z,2024-02-13T01:00:00Z,2,1,62.5,1.51,60.99,ACCOUNTING_ONLY_NOT_ALPHA_STATISTIC
ZN_2024_VALIDATION,VALIDATION,89,NONZERO_POSITION_EPISODE,2024-02-13T03:00:00Z,2024-02-13T05:00:00Z,2,1,-15.625,1.51,-17.134999999999998,ACCOUNTING_ONLY_NOT_ALPHA_STATISTIC
ZN_2024_VALIDATION,VALIDATION,90,NONZERO_POSITION_EPISODE,2024-02-13T14:00:00Z,2024-02-14T00:00:00Z,9,1,-1218.75,24.16,-1242.91,ACCOUNTING_ONLY_NOT_ALPHA_STATISTIC
ZN_2024_VALIDATION,VALIDATION,91,NONZERO_POSITION_EPISODE,2024-02-14T05:00:00Z,2024-02-14T12:00:00Z,7,-1,-109.375,1.51,-110.88499999999999,ACCOUNTING_ONLY_NOT_ALPHA_STATISTIC
ZN_2024_VALIDATION,VALIDATION,92,NONZERO_POSITION_EPISODE,2024-02-14T16:00:00Z,2024-02-14T20:00:00Z,4,-1,-156.25,4.53,-160.78,ACCOUNTING_ONLY_NOT_ALPHA_STATISTIC
ZN_2024_VALIDATION,VALIDATION,93,NONZERO_POSITION_EPISODE,2024-02-14T22:00:00Z,2024-02-15T04:00:00Z,5,-1,-140.625,7.550000000000001,-148.175,ACCOUNTING_ONLY_NOT_ALPHA_STATISTIC
ZN_2024_VALIDATION,VALIDATION,94,NONZERO_POSITION_EPISODE,2024-02-15T09:00:00Z,2024-02-15T10:00:00Z,1,-1,31.25,1.51,29.74,ACCOUNTING_ONLY_NOT_ALPHA_STATISTIC
ZN_2024_VALIDATION,VALIDATION,95,NONZERO_POSITION_EPISODE,2024-02-15T14:00:00Z,2024-02-15T15:00:00Z,1,-1,281.25,3.02,278.23,ACCOUNTING_ONLY_NOT_ALPHA_STATISTIC
ZN_2024_VALIDATION,VALIDATION,96,NONZERO_POSITION_EPISODE,2024-02-16T22:00:00Z,2024-02-19T00:00:00Z,1,-1,78.125,1.51,76.615,ACCOUNTING_ONLY_NOT_ALPHA_STATISTIC
ZN_2024_VALIDATION,VALIDATION,97,NONZERO_POSITION_EPISODE,2024-02-20T04:00:00Z,2024-02-20T05:00:00Z,1,-1,15.625,1.51,14.115,ACCOUNTING_ONLY_NOT_ALPHA_STATISTIC
ZN_2024_VALIDATION,VALIDATION,98,NONZERO_POSITION_EPISODE,2024-02-20T08:00:00Z,2024-02-20T12:00:00Z,4,-1,-78.125,1.51,-79.635,ACCOUNTING_ONLY_NOT_ALPHA_STATISTIC
ZN_2024_VALIDATION,VALIDATION,99,NONZERO_POSITION_EPISODE,2024-02-20T13:00:00Z,2024-02-20T19:00:00Z,6,-1,-203.125,4.53,-207.655,ACCOUNTING_ONLY_NOT_ALPHA_STATISTIC
ZN_2024_VALIDATION,VALIDATION,100,NONZERO_POSITION_EPISODE,2024-02-21T03:00:00Z,2024-02-21T05:00:00Z,2,-1,-15.625,1.51,-17.134999999999998,ACCOUNTING_ONLY_NOT_ALPHA_STATISTIC
ZN_2024_VALIDATION,VALIDATION,101,NONZERO_POSITION_EPISODE,2024-02-21T11:00:00Z,2024-02-21T12:00:00Z,1,-1,15.625,1.51,14.115,ACCOUNTING_ONLY_NOT_ALPHA_STATISTIC
ZN_2024_VALIDATION,VALIDATION,102,NONZERO_POSITION_EPISODE,2024-02-22T02:00:00Z,2024-02-22T04:00:00Z,2,-1,-15.625,1.51,-17.135,ACCOUNTING_ONLY_NOT_ALPHA_STATISTIC
ZN_2024_VALIDATION,VALIDATION,103,NONZERO_POSITION_EPISODE,2024-02-22T15:00:00Z,2024-02-22T16:00:00Z,1,-1,62.5,1.51,60.99,ACCOUNTING_ONLY_NOT_ALPHA_STATISTIC
ZN_2024_VALIDATION,VALIDATION,104,NONZERO_POSITION_EPISODE,2024-02-23T08:00:00Z,2024-02-23T09:00:00Z,1,-1,93.75,1.51,92.24,ACCOUNTING_ONLY_NOT_ALPHA_STATISTIC
ZN_2024_VALIDATION,VALIDATION,105,NONZERO_POSITION_EPISODE,2024-02-23T12:00:00Z,2024-02-23T14:00:00Z,2,-1,78.125,3.02,75.10500000000002,ACCOUNTING_ONLY_NOT_ALPHA_STATISTIC
ZN_2024_VALIDATION,VALIDATION,106,NONZERO_POSITION_EPISODE,2024-02-23T15:00:00Z,2024-02-26T00:00:00Z,8,-1,-140.625,13.59,-154.215,ACCOUNTING_ONLY_NOT_ALPHA_STATISTIC
ZN_2024_VALIDATION,VALIDATION,107,NONZERO_POSITION_EPISODE,2024-02-26T01:00:00Z,2024-02-26T03:00:00Z,2,-1,31.25,3.02,28.230000000000004,ACCOUNTING_ONLY_NOT_ALPHA_STATISTIC
ZN_2024_VALIDATION,VALIDATION,108,NONZERO_POSITION_EPISODE,2024-02-26T04:00:00Z,2024-02-26T05:00:00Z,1,-1,31.25,1.51,29.74,ACCOUNTING_ONLY_NOT_ALPHA_STATISTIC
ZN_2024_VALIDATION,VALIDATION,109,NONZERO_POSITION_EPISODE,2024-02-26T06:00:00Z,2024-02-26T08:00:00Z,2,-1,-31.25,1.51,-32.76,ACCOUNTING_ONLY_NOT_ALPHA_STATISTIC
ZN_2024_VALIDATION,VALIDATION,110,NONZERO_POSITION_EPISODE,2024-02-26T21:00:00Z,2024-02-26T22:00:00Z,1,-1,46.875,1.51,45.365,ACCOUNTING_ONLY_NOT_ALPHA_STATISTIC
ZN_2024_VALIDATION,VALIDATION,111,NONZERO_POSITION_EPISODE,2024-02-27T01:00:00Z,2024-02-27T03:00:00Z,2,-1,-15.625,1.51,-17.135,ACCOUNTING_ONLY_NOT_ALPHA_STATISTIC
ZN_2024_VALIDATION,VALIDATION,112,NONZERO_POSITION_EPISODE,2024-02-27T08:00:00Z,2024-02-27T12:00:00Z,4,-1,0.0,1.51,-1.509999999999998,ACCOUNTING_ONLY_NOT_ALPHA_STATISTIC
ZN_2024_VALIDATION,VALIDATION,113,NONZERO_POSITION_EPISODE,2024-02-27T13:00:00Z,2024-02-27T14:00:00Z,1,-1,140.625,1.51,139.115,ACCOUNTING_ONLY_NOT_ALPHA_STATISTIC
ZN_2024_VALIDATION,VALIDATION,114,NONZERO_POSITION_EPISODE,2024-02-28T02:00:00Z,2024-02-28T05:00:00Z,3,-1,46.875,4.53,42.345,ACCOUNTING_ONLY_NOT_ALPHA_STATISTIC
ZN_2024_VALIDATION,VALIDATION,115,NONZERO_POSITION_EPISODE,2024-02-28T06:00:00Z,2024-02-28T07:00:00Z,1,-1,31.25,1.51,29.74,ACCOUNTING_ONLY_NOT_ALPHA_STATISTIC
ZN_2024_VALIDATION,VALIDATION,116,NONZERO_POSITION_EPISODE,2024-02-28T12:00:00Z,2024-02-28T14:00:00Z,2,-1,46.875,1.51,45.365,ACCOUNTING_ONLY_NOT_ALPHA_STATISTIC
ZN_2024_VALIDATION,VALIDATION,117,NONZERO_POSITION_EPISODE,2024-02-28T18:00:00Z,2024-02-29T01:00:00Z,6,-1,-140.625,4.53,-145.155,ACCOUNTING_ONLY_NOT_ALPHA_STATISTIC
ZN_2024_VALIDATION,VALIDATION,118,NONZERO_POSITION_EPISODE,2024-02-29T08:00:00Z,2024-02-29T09:00:00Z,1,-1,31.25,1.51,29.74,ACCOUNTING_ONLY_NOT_ALPHA_STATISTIC
ZN_2024_VALIDATION,VALIDATION,119,NONZERO_POSITION_EPISODE,2024-02-29T14:00:00Z,2024-02-29T18:00:00Z,4,-1,-437.5,13.59,-451.0899999999999,ACCOUNTING_ONLY_NOT_ALPHA_STATISTIC
ZN_2024_VALIDATION,VALIDATION,120,NONZERO_POSITION_EPISODE,2024-02-29T19:00:00Z,2024-02-29T20:00:00Z,1,-1,281.25,3.02,278.23,ACCOUNTING_ONLY_NOT_ALPHA_STATISTIC
ZN_2024_VALIDATION,VALIDATION,121,NONZERO_POSITION_EPISODE,2024-03-01T04:00:00Z,2024-03-01T06:00:00Z,2,-1,109.375,4.53,104.845,ACCOUNTING_ONLY_NOT_ALPHA_STATISTIC
ZN_2024_VALIDATION,VALIDATION,122,NONZERO_POSITION_EPISODE,2024-03-01T11:00:00Z,2024-03-01T13:00:00Z,2,-1,312.5,7.55,304.95,ACCOUNTING_ONLY_NOT_ALPHA_STATISTIC
ZN_2024_VALIDATION,VALIDATION,123,NONZERO_POSITION_EPISODE,2024-03-01T16:00:00Z,2024-03-04T00:00:00Z,7,-1,500.0,18.12,481.88000000000005,ACCOUNTING_ONLY_NOT_ALPHA_STATISTIC
ZN_2024_VALIDATION,VALIDATION,124,NONZERO_POSITION_EPISODE,2024-03-04T10:00:00Z,2024-03-04T11:00:00Z,1,-1,46.875,1.51,45.365,ACCOUNTING_ONLY_NOT_ALPHA_STATISTIC
ZN_2024_VALIDATION,VALIDATION,125,NONZERO_POSITION_EPISODE,2024-03-04T22:00:00Z,2024-03-05T00:00:00Z,1,-1,46.875,1.51,45.365,ACCOUNTING_ONLY_NOT_ALPHA_STATISTIC
ZN_2024_VALIDATION,VALIDATION,126,NONZERO_POSITION_EPISODE,2024-03-05T05:00:00Z,2024-03-05T07:00:00Z,2,-1,0.0,1.51,-1.51,ACCOUNTING_ONLY_NOT_ALPHA_STATISTIC
ZN_2024_VALIDATION,VALIDATION,127,NONZERO_POSITION_EPISODE,2024-03-05T08:00:00Z,2024-03-05T13:00:00Z,5,-1,15.625,4.53,11.094999999999999,ACCOUNTING_ONLY_NOT_ALPHA_STATISTIC
ZN_2024_VALIDATION,VALIDATION,128,NONZERO_POSITION_EPISODE,2024-03-05T14:00:00Z,2024-03-05T22:00:00Z,8,-1,-15.625,12.08,-27.705000000000002,ACCOUNTING_ONLY_NOT_ALPHA_STATISTIC
ZN_2024_VALIDATION,VALIDATION,129,NONZERO_POSITION_EPISODE,2024-03-06T03:00:00Z,2024-03-06T04:00:00Z,1,-1,0.0,1.51,-1.51,ACCOUNTING_ONLY_NOT_ALPHA_STATISTIC
ZN_2024_VALIDATION,VALIDATION,130,NONZERO_POSITION_EPISODE,2024-03-06T05:00:00Z,2024-03-06T06:00:00Z,1,-1,15.625,1.51,14.115,ACCOUNTING_ONLY_NOT_ALPHA_STATISTIC
ZN_2024_VALIDATION,VALIDATION,131,NONZERO_POSITION_EPISODE,2024-03-06T13:00:00Z,2024-03-06T20:00:00Z,7,-1,-703.125,16.61,-719.7349999999999,ACCOUNTING_ONLY_NOT_ALPHA_STATISTIC
ZN_2024_VALIDATION,VALIDATION,132,NONZERO_POSITION_EPISODE,2024-03-07T07:00:00Z,2024-03-07T10:00:00Z,3,-1,-31.25,1.51,-32.76,ACCOUNTING_ONLY_NOT_ALPHA_STATISTIC
ZN_2024_VALIDATION,VALIDATION,133,NONZERO_POSITION_EPISODE,2024-03-07T11:00:00Z,2024-03-07T15:00:00Z,4,-1,750.0,6.04,743.96,ACCOUNTING_ONLY_NOT_ALPHA_STATISTIC
ZN_2024_VALIDATION,VALIDATION,134,NONZERO_POSITION_EPISODE,2024-03-07T20:00:00Z,2024-03-08T01:00:00Z,4,-1,31.25,7.55,23.700000000000003,ACCOUNTING_ONLY_NOT_ALPHA_STATISTIC
ZN_2024_VALIDATION,VALIDATION,135,NONZERO_POSITION_EPISODE,2024-03-08T03:00:00Z,2024-03-08T07:00:00Z,4,-1,-46.875,1.51,-48.385000000000005,ACCOUNTING_ONLY_NOT_ALPHA_STATISTIC
ZN_2024_VALIDATION,VALIDATION,136,NONZERO_POSITION_EPISODE,2024-03-08T08:00:00Z,2024-03-08T11:00:00Z,3,-1,-15.625,1.51,-17.135,ACCOUNTING_ONLY_NOT_ALPHA_STATISTIC
ZN_2024_VALIDATION,VALIDATION,137,NONZERO_POSITION_EPISODE,2024-03-08T12:00:00Z,2024-03-08T13:00:00Z,1,-1,15.625,1.51,14.115,ACCOUNTING_ONLY_NOT_ALPHA_STATISTIC
ZN_2024_VALIDATION,VALIDATION,138,NONZERO_POSITION_EPISODE,2024-03-08T14:00:00Z,2024-03-08T15:00:00Z,1,-1,125.0,3.02,121.98,ACCOUNTING_ONLY_NOT_ALPHA_STATISTIC
ZN_2024_VALIDATION,VALIDATION,139,NONZERO_POSITION_EPISODE,2024-03-08T22:00:00Z,2024-03-10T23:00:00Z,1,-1,46.875,1.51,45.365,ACCOUNTING_ONLY_NOT_ALPHA_STATISTIC
ZN_2024_VALIDATION,VALIDATION,140,NONZERO_POSITION_EPISODE,2024-03-11T01:00:00Z,2024-03-11T03:00:00Z,2,-1,0.0,1.51,-1.509999999999998,ACCOUNTING_ONLY_NOT_ALPHA_STATISTIC
ZN_2024_VALIDATION,VALIDATION,141,NONZERO_POSITION_EPISODE,2024-03-11T04:00:00Z,2024-03-11T05:00:00Z,1,-1,15.625,1.51,14.115,ACCOUNTING_ONLY_NOT_ALPHA_STATISTIC
ZN_2024_VALIDATION,VALIDATION,142,NONZERO_POSITION_EPISODE,2024-03-11T06:00:00Z,2024-03-11T07:00:00Z,1,-1,15.625,1.51,14.115,ACCOUNTING_ONLY_NOT_ALPHA_STATISTIC
ZN_2024_VALIDATION,VALIDATION,143,NONZERO_POSITION_EPISODE,2024-03-11T08:00:00Z,2024-03-11T09:00:00Z,1,-1,78.125,1.51,76.615,ACCOUNTING_ONLY_NOT_ALPHA_STATISTIC
ZN_2024_VALIDATION,VALIDATION,144,NONZERO_POSITION_EPISODE,2024-03-13T00:00:00Z,2024-03-13T01:00:00Z,1,-1,15.625,1.51,14.115,ACCOUNTING_ONLY_NOT_ALPHA_STATISTIC
ZN_2024_VALIDATION,VALIDATION,145,NONZERO_POSITION_EPISODE,2024-03-13T03:00:00Z,2024-03-13T04:00:00Z,1,-1,15.625,1.51,14.115,ACCOUNTING_ONLY_NOT_ALPHA_STATISTIC
ZN_2024_VALIDATION,VALIDATION,146,NONZERO_POSITION_EPISODE,2024-03-13T06:00:00Z,2024-03-13T07:00:00Z,1,-1,15.625,1.51,14.115,ACCOUNTING_ONLY_NOT_ALPHA_STATISTIC
ZN_2024_VALIDATION,VALIDATION,147,NONZERO_POSITION_EPISODE,2024-03-13T08:00:00Z,2024-03-13T09:00:00Z,1,-1,218.75,3.02,215.73,ACCOUNTING_ONLY_NOT_ALPHA_STATISTIC
ZN_2024_VALIDATION,VALIDATION,148,NONZERO_POSITION_EPISODE,2024-03-14T10:00:00Z,2024-03-14T12:00:00Z,2,-1,0.0,1.51,-1.509999999999998,ACCOUNTING_ONLY_NOT_ALPHA_STATISTIC
ZN_2024_VALIDATION,VALIDATION,149,NONZERO_POSITION_EPISODE,2024-03-15T02:00:00Z,2024-03-15T03:00:00Z,1,-1,46.875,1.51,45.365,ACCOUNTING_ONLY_NOT_ALPHA_STATISTIC
ZN_2024_VALIDATION,VALIDATION,150,NONZERO_POSITION_EPISODE,2024-03-15T04:00:00Z,2024-03-15T06:00:00Z,2,-1,15.625,1.51,14.115,ACCOUNTING_ONLY_NOT_ALPHA_STATISTIC
ZN_2024_VALIDATION,VALIDATION,151,NONZERO_POSITION_EPISODE,2024-03-15T10:00:00Z,2024-03-15T11:00:00Z,1,-1,15.625,1.51,14.115,ACCOUNTING_ONLY_NOT_ALPHA_STATISTIC
ZN_2024_VALIDATION,VALIDATION,152,NONZERO_POSITION_EPISODE,2024-03-18T02:00:00Z,2024-03-18T03:00:00Z,1,-1,62.5,3.02,59.48,ACCOUNTING_ONLY_NOT_ALPHA_STATISTIC
ZN_2024_VALIDATION,VALIDATION,153,NONZERO_POSITION_EPISODE,2024-03-18T06:00:00Z,2024-03-18T09:00:00Z,3,-1,31.25,1.51,29.74,ACCOUNTING_ONLY_NOT_ALPHA_STATISTIC
ZN_2024_VALIDATION,VALIDATION,154,NONZERO_POSITION_EPISODE,2024-03-18T12:00:00Z,2024-03-18T13:00:00Z,1,-1,218.75,1.51,217.24,ACCOUNTING_ONLY_NOT_ALPHA_STATISTIC
ZN_2024_VALIDATION,VALIDATION,155,NONZERO_POSITION_EPISODE,2024-03-18T21:00:00Z,2024-03-19T00:00:00Z,2,-1,62.5,4.53,57.97,ACCOUNTING_ONLY_NOT_ALPHA_STATISTIC
ZN_2024_VALIDATION,VALIDATION,156,NONZERO_POSITION_EPISODE,2024-03-19T01:00:00Z,2024-03-19T03:00:00Z,2,-1,15.625,1.51,14.115,ACCOUNTING_ONLY_NOT_ALPHA_STATISTIC
ZN_2024_VALIDATION,VALIDATION,157,NONZERO_POSITION_EPISODE,2024-03-19T04:00:00Z,2024-03-19T06:00:00Z,2,-1,0.0,4.53,-4.530000000000005,ACCOUNTING_ONLY_NOT_ALPHA_STATISTIC
ZN_2024_VALIDATION,VALIDATION,158,NONZERO_POSITION_EPISODE,2024-03-19T11:00:00Z,2024-03-19T20:00:00Z,9,-1,0.0,16.61,-16.60999999999999,ACCOUNTING_ONLY_NOT_ALPHA_STATISTIC
ZN_2024_VALIDATION,VALIDATION,159,NONZERO_POSITION_EPISODE,2024-03-19T21:00:00Z,2024-03-20T00:00:00Z,2,-1,46.875,4.53,42.345,ACCOUNTING_ONLY_NOT_ALPHA_STATISTIC
ZN_2024_VALIDATION,VALIDATION,160,NONZERO_POSITION_EPISODE,2024-03-20T01:00:00Z,2024-03-20T02:00:00Z,1,-1,15.625,1.51,14.115,ACCOUNTING_ONLY_NOT_ALPHA_STATISTIC
ZN_2024_VALIDATION,VALIDATION,161,NONZERO_POSITION_EPISODE,2024-03-20T05:00:00Z,2024-03-20T10:00:00Z,5,-1,-62.5,7.55,-70.05000000000001,ACCOUNTING_ONLY_NOT_ALPHA_STATISTIC
ZN_2024_VALIDATION,VALIDATION,162,NONZERO_POSITION_EPISODE,2024-03-20T15:00:00Z,2024-03-20T18:00:00Z,3,-1,-31.25,1.51,-32.760000000000005,ACCOUNTING_ONLY_NOT_ALPHA_STATISTIC
ZN_2024_VALIDATION,VALIDATION,163,NONZERO_POSITION_EPISODE,2024-03-20T19:00:00Z,2024-03-21T01:00:00Z,5,-1,234.375,16.61,217.765,ACCOUNTING_ONLY_NOT_ALPHA_STATISTIC
ZN_2024_VALIDATION,VALIDATION,164,NONZERO_POSITION_EPISODE,2024-03-21T02:00:00Z,2024-03-21T05:00:00Z,3,-1,15.625,4.53,11.094999999999999,ACCOUNTING_ONLY_NOT_ALPHA_STATISTIC
ZN_2024_VALIDATION,VALIDATION,165,NONZERO_POSITION_EPISODE,2024-03-21T08:00:00Z,2024-03-21T13:00:00Z,5,-1,140.625,10.57,130.055,ACCOUNTING_ONLY_NOT_ALPHA_STATISTIC
ZN_2024_VALIDATION,VALIDATION,166,NONZERO_POSITION_EPISODE,2024-03-22T04:00:00Z,2024-03-22T07:00:00Z,3,-1,-15.625,1.51,-17.134999999999998,ACCOUNTING_ONLY_NOT_ALPHA_STATISTIC
ZN_2024_VALIDATION,VALIDATION,167,NONZERO_POSITION_EPISODE,2024-03-22T13:00:00Z,2024-03-22T17:00:00Z,4,-1,0.0,1.51,-1.509999999999998,ACCOUNTING_ONLY_NOT_ALPHA_STATISTIC
ZN_2024_VALIDATION,VALIDATION,168,NONZERO_POSITION_EPISODE,2024-03-22T21:00:00Z,2024-03-25T02:00:00Z,4,-1,140.625,6.04,134.585,ACCOUNTING_ONLY_NOT_ALPHA_STATISTIC
ZN_2024_VALIDATION,VALIDATION,169,NONZERO_POSITION_EPISODE,2024-03-25T21:00:00Z,2024-03-25T23:00:00Z,1,-1,15.625,1.51,14.115,ACCOUNTING_ONLY_NOT_ALPHA_STATISTIC
ZN_2024_VALIDATION,VALIDATION,170,NONZERO_POSITION_EPISODE,2024-03-26T00:00:00Z,2024-03-26T04:00:00Z,4,-1,31.25,7.55,23.7,ACCOUNTING_ONLY_NOT_ALPHA_STATISTIC
ZN_2024_VALIDATION,VALIDATION,171,NONZERO_POSITION_EPISODE,2024-03-26T09:00:00Z,2024-03-26T10:00:00Z,1,-1,0.0,1.51,-1.51,ACCOUNTING_ONLY_NOT_ALPHA_STATISTIC
ZN_2024_VALIDATION,VALIDATION,172,NONZERO_POSITION_EPISODE,2024-03-26T11:00:00Z,2024-03-26T12:00:00Z,1,-1,156.25,3.02,153.23,ACCOUNTING_ONLY_NOT_ALPHA_STATISTIC
ZN_2024_VALIDATION,VALIDATION,173,NONZERO_POSITION_EPISODE,2024-03-26T17:00:00Z,2024-03-27T00:00:00Z,6,-1,-125.0,7.55,-132.54999999999998,ACCOUNTING_ONLY_NOT_ALPHA_STATISTIC
ZN_2024_VALIDATION,VALIDATION,174,NONZERO_POSITION_EPISODE,2024-03-27T01:00:00Z,2024-03-27T03:00:00Z,2,-1,31.25,1.51,29.74,ACCOUNTING_ONLY_NOT_ALPHA_STATISTIC
ZN_2024_VALIDATION,VALIDATION,175,NONZERO_POSITION_EPISODE,2024-03-27T07:00:00Z,2024-03-27T09:00:00Z,2,-1,62.5,1.51,60.989999999999995,ACCOUNTING_ONLY_NOT_ALPHA_STATISTIC
ZN_2024_VALIDATION,VALIDATION,176,NONZERO_POSITION_EPISODE,2024-03-27T12:00:00Z,2024-03-27T21:00:00Z,9,-1,-406.25,24.16,-430.41,ACCOUNTING_ONLY_NOT_ALPHA_STATISTIC
ZN_2024_VALIDATION,VALIDATION,177,NONZERO_POSITION_EPISODE,2024-03-28T04:00:00Z,2024-03-28T05:00:00Z,1,-1,15.625,1.51,14.115,ACCOUNTING_ONLY_NOT_ALPHA_STATISTIC
ZN_2024_VALIDATION,VALIDATION,178,NONZERO_POSITION_EPISODE,2024-03-28T13:00:00Z,2024-03-28T18:00:00Z,5,-1,-156.25,10.57,-166.82,ACCOUNTING_ONLY_NOT_ALPHA_STATISTIC
ZN_2024_VALIDATION,VALIDATION,179,NONZERO_POSITION_EPISODE,2024-03-31T23:00:00Z,2024-04-01T01:00:00Z,2,-1,125.0,6.04,118.96,ACCOUNTING_ONLY_NOT_ALPHA_STATISTIC
ZN_2024_VALIDATION,VALIDATION,180,NONZERO_POSITION_EPISODE,2024-04-01T04:00:00Z,2024-04-01T08:00:00Z,4,-1,-62.5,7.55,-70.05,ACCOUNTING_ONLY_NOT_ALPHA_STATISTIC
ZN_2024_VALIDATION,VALIDATION,181,NONZERO_POSITION_EPISODE,2024-04-01T21:00:00Z,2024-04-02T04:00:00Z,6,-1,-15.625,4.53,-20.155,ACCOUNTING_ONLY_NOT_ALPHA_STATISTIC
ZN_2024_VALIDATION,VALIDATION,182,NONZERO_POSITION_EPISODE,2024-04-02T15:00:00Z,2024-04-02T17:00:00Z,2,-1,31.25,3.02,28.229999999999997,ACCOUNTING_ONLY_NOT_ALPHA_STATISTIC
ZN_2024_VALIDATION,VALIDATION,183,NONZERO_POSITION_EPISODE,2024-04-02T20:00:00Z,2024-04-02T23:00:00Z,2,-1,15.625,1.51,14.114999999999998,ACCOUNTING_ONLY_NOT_ALPHA_STATISTIC
ZN_2024_VALIDATION,VALIDATION,184,NONZERO_POSITION_EPISODE,2024-04-03T01:00:00Z,2024-04-03T03:00:00Z,2,-1,0.0,1.51,-1.5100000000000016,ACCOUNTING_ONLY_NOT_ALPHA_STATISTIC
ZN_2024_VALIDATION,VALIDATION,185,NONZERO_POSITION_EPISODE,2024-04-03T11:00:00Z,2024-04-03T12:00:00Z,1,-1,62.5,1.51,60.99,ACCOUNTING_ONLY_NOT_ALPHA_STATISTIC
ZN_2024_VALIDATION,VALIDATION,186,NONZERO_POSITION_EPISODE,2024-04-03T15:00:00Z,2024-04-04T01:00:00Z,9,-1,-578.125,16.61,-594.735,ACCOUNTING_ONLY_NOT_ALPHA_STATISTIC
ZN_2024_VALIDATION,VALIDATION,187,NONZERO_POSITION_EPISODE,2024-04-04T09:00:00Z,2024-04-04T10:00:00Z,1,-1,15.625,1.51,14.115,ACCOUNTING_ONLY_NOT_ALPHA_STATISTIC
ZN_2024_VALIDATION,VALIDATION,188,NONZERO_POSITION_EPISODE,2024-04-04T11:00:00Z,2024-04-04T12:00:00Z,1,-1,187.5,3.02,184.48,ACCOUNTING_ONLY_NOT_ALPHA_STATISTIC
ZN_2024_VALIDATION,VALIDATION,189,NONZERO_POSITION_EPISODE,2024-04-04T13:00:00Z,2024-04-04T16:00:00Z,3,-1,218.75,13.59,205.16000000000003,ACCOUNTING_ONLY_NOT_ALPHA_STATISTIC
ZN_2024_VALIDATION,VALIDATION,190,NONZERO_POSITION_EPISODE,2024-04-04T19:00:00Z,2024-04-05T01:00:00Z,5,-1,421.875,27.18,394.695,ACCOUNTING_ONLY_NOT_ALPHA_STATISTIC
ZN_2024_VALIDATION,VALIDATION,191,NONZERO_POSITION_EPISODE,2024-04-05T02:00:00Z,2024-04-05T04:00:00Z,2,-1,46.875,1.51,45.365,ACCOUNTING_ONLY_NOT_ALPHA_STATISTIC
ZN_2024_VALIDATION,VALIDATION,192,NONZERO_POSITION_EPISODE,2024-04-08T14:00:00Z,2024-04-08T15:00:00Z,1,-1,781.25,7.55,773.7,ACCOUNTING_ONLY_NOT_ALPHA_STATISTIC
ZN_2024_VALIDATION,VALIDATION,193,NONZERO_POSITION_EPISODE,2024-04-08T16:00:00Z,2024-04-08T17:00:00Z,1,-1,15.625,1.51,14.115,ACCOUNTING_ONLY_NOT_ALPHA_STATISTIC
ZN_2024_VALIDATION,VALIDATION,194,NONZERO_POSITION_EPISODE,2024-04-08T18:00:00Z,2024-04-08T19:00:00Z,1,-1,31.25,1.51,29.74,ACCOUNTING_ONLY_NOT_ALPHA_STATISTIC
ZN_2024_VALIDATION,VALIDATION,195,NONZERO_POSITION_EPISODE,2024-04-08T23:00:00Z,2024-04-09T00:00:00Z,1,-1,31.25,1.51,29.74,ACCOUNTING_ONLY_NOT_ALPHA_STATISTIC
ZN_2024_VALIDATION,VALIDATION,196,NONZERO_POSITION_EPISODE,2024-04-09T02:00:00Z,2024-04-09T19:00:00Z,17,-1,-500.0,18.12,-518.12,ACCOUNTING_ONLY_NOT_ALPHA_STATISTIC
ZN_2024_VALIDATION,VALIDATION,197,NONZERO_POSITION_EPISODE,2024-04-10T02:00:00Z,2024-04-10T05:00:00Z,3,-1,-15.625,1.51,-17.135,ACCOUNTING_ONLY_NOT_ALPHA_STATISTIC
ZN_2024_VALIDATION,VALIDATION,198,NONZERO_POSITION_EPISODE,2024-04-10T09:00:00Z,2024-04-10T10:00:00Z,1,-1,15.625,1.51,14.115,ACCOUNTING_ONLY_NOT_ALPHA_STATISTIC
ZN_2024_VALIDATION,VALIDATION,199,NONZERO_POSITION_EPISODE,2024-04-10T12:00:00Z,2024-04-10T13:00:00Z,1,-1,2250.0,3.02,2246.98,ACCOUNTING_ONLY_NOT_ALPHA_STATISTIC
ZN_2024_VALIDATION,VALIDATION,200,NONZERO_POSITION_EPISODE,2024-04-11T02:00:00Z,2024-04-11T04:00:00Z,2,-1,15.625,1.51,14.115,ACCOUNTING_ONLY_NOT_ALPHA_STATISTIC
ZN_2024_VALIDATION,VALIDATION,201,NONZERO_POSITION_EPISODE,2024-04-11T11:00:00Z,2024-04-11T12:00:00Z,1,-1,171.875,1.51,170.365,ACCOUNTING_ONLY_NOT_ALPHA_STATISTIC
ZN_2024_VALIDATION,VALIDATION,202,NONZERO_POSITION_EPISODE,2024-04-11T13:00:00Z,2024-04-11T14:00:00Z,1,-1,375.0,3.02,371.98,ACCOUNTING_ONLY_NOT_ALPHA_STATISTIC
ZN_2024_VALIDATION,VALIDATION,203,NONZERO_POSITION_EPISODE,2024-04-11T18:00:00Z,2024-04-11T19:00:00Z,1,-1,203.125,1.51,201.615,ACCOUNTING_ONLY_NOT_ALPHA_STATISTIC
ZN_2024_VALIDATION,VALIDATION,204,NONZERO_POSITION_EPISODE,2024-04-12T01:00:00Z,2024-04-12T03:00:00Z,2,-1,-31.25,1.51,-32.760000000000005,ACCOUNTING_ONLY_NOT_ALPHA_STATISTIC
ZN_2024_VALIDATION,VALIDATION,205,NONZERO_POSITION_EPISODE,2024-04-12T06:00:00Z,2024-04-12T16:00:00Z,10,-1,-421.875,10.57,-432.445,ACCOUNTING_ONLY_NOT_ALPHA_STATISTIC
ZN_2024_VALIDATION,VALIDATION,206,NONZERO_POSITION_EPISODE,2024-04-12T17:00:00Z,2024-04-12T19:00:00Z,2,-1,93.75,3.02,90.73,ACCOUNTING_ONLY_NOT_ALPHA_STATISTIC
ZN_2024_VALIDATION,VALIDATION,207,NONZERO_POSITION_EPISODE,2024-04-15T18:00:00Z,2024-04-15T19:00:00Z,1,-1,78.125,1.51,76.615,ACCOUNTING_ONLY_NOT_ALPHA_STATISTIC
ZN_2024_VALIDATION,VALIDATION,208,NONZERO_POSITION_EPISODE,2024-04-15T20:00:00Z,2024-04-16T00:00:00Z,3,-1,-15.625,1.51,-17.135000000000005,ACCOUNTING_ONLY_NOT_ALPHA_STATISTIC
ZN_2024_VALIDATION,VALIDATION,209,NONZERO_POSITION_EPISODE,2024-04-16T01:00:00Z,2024-04-16T02:00:00Z,1,-1,15.625,1.51,14.115,ACCOUNTING_ONLY_NOT_ALPHA_STATISTIC
ZN_2024_VALIDATION,VALIDATION,210,NONZERO_POSITION_EPISODE,2024-04-17T07:00:00Z,2024-04-17T11:00:00Z,4,-1,-93.75,4.53,-98.28,ACCOUNTING_ONLY_NOT_ALPHA_STATISTIC
ZN_2024_VALIDATION,VALIDATION,211,NONZERO_POSITION_EPISODE,2024-04-17T13:00:00Z,2024-04-17T21:00:00Z,8,-1,-375.0,7.55,-382.55,ACCOUNTING_ONLY_NOT_ALPHA_STATISTIC
ZN_2024_VALIDATION,VALIDATION,212,NONZERO_POSITION_EPISODE,2024-04-18T02:00:00Z,2024-04-18T03:00:00Z,1,-1,15.625,1.51,14.115,ACCOUNTING_ONLY_NOT_ALPHA_STATISTIC
ZN_2024_VALIDATION,VALIDATION,213,NONZERO_POSITION_EPISODE,2024-04-18T04:00:00Z,2024-04-18T06:00:00Z,2,-1,31.25,1.51,29.740000000000002,ACCOUNTING_ONLY_NOT_ALPHA_STATISTIC
ZN_2024_VALIDATION,VALIDATION,214,NONZERO_POSITION_EPISODE,2024-04-19T00:00:00Z,2024-04-19T06:00:00Z,6,-1,109.375,13.59,95.78500000000003,ACCOUNTING_ONLY_NOT_ALPHA_STATISTIC
ZN_2024_VALIDATION,VALIDATION,215,NONZERO_POSITION_EPISODE,2024-04-22T06:00:00Z,2024-04-22T07:00:00Z,1,-1,31.25,1.51,29.74,ACCOUNTING_ONLY_NOT_ALPHA_STATISTIC
ZN_2024_VALIDATION,VALIDATION,216,NONZERO_POSITION_EPISODE,2024-04-22T08:00:00Z,2024-04-22T09:00:00Z,1,-1,62.5,1.51,60.99,ACCOUNTING_ONLY_NOT_ALPHA_STATISTIC
ZN_2024_VALIDATION,VALIDATION,217,NONZERO_POSITION_EPISODE,2024-04-22T13:00:00Z,2024-04-22T18:00:00Z,5,-1,-140.625,4.53,-145.155,ACCOUNTING_ONLY_NOT_ALPHA_STATISTIC
ZN_2024_VALIDATION,VALIDATION,218,NONZERO_POSITION_EPISODE,2024-04-22T20:00:00Z,2024-04-22T23:00:00Z,2,-1,-31.25,1.51,-32.76,ACCOUNTING_ONLY_NOT_ALPHA_STATISTIC
ZN_2024_VALIDATION,VALIDATION,219,NONZERO_POSITION_EPISODE,2024-04-23T14:00:00Z,2024-04-23T18:00:00Z,4,-1,31.25,7.550000000000001,23.7,ACCOUNTING_ONLY_NOT_ALPHA_STATISTIC
ZN_2024_VALIDATION,VALIDATION,220,NONZERO_POSITION_EPISODE,2024-04-24T20:00:00Z,2024-04-24T23:00:00Z,2,-1,0.0,1.51,-1.51,ACCOUNTING_ONLY_NOT_ALPHA_STATISTIC
ZN_2024_VALIDATION,VALIDATION,221,NONZERO_POSITION_EPISODE,2024-04-25T08:00:00Z,2024-04-25T09:00:00Z,1,-1,0.0,1.51,-1.51,ACCOUNTING_ONLY_NOT_ALPHA_STATISTIC
ZN_2024_VALIDATION,VALIDATION,222,NONZERO_POSITION_EPISODE,2024-04-26T07:00:00Z,2024-04-26T09:00:00Z,2,-1,15.625,4.53,11.094999999999999,ACCOUNTING_ONLY_NOT_ALPHA_STATISTIC
ZN_2024_VALIDATION,VALIDATION,223,NONZERO_POSITION_EPISODE,2024-04-26T13:00:00Z,2024-04-26T16:00:00Z,3,-1,46.875,4.53,42.345000000000006,ACCOUNTING_ONLY_NOT_ALPHA_STATISTIC
ZN_2024_VALIDATION,VALIDATION,224,NONZERO_POSITION_EPISODE,2024-04-28T23:00:00Z,2024-04-29T01:00:00Z,2,-1,15.625,1.51,14.115000000000002,ACCOUNTING_ONLY_NOT_ALPHA_STATISTIC
ZN_2024_VALIDATION,VALIDATION,225,NONZERO_POSITION_EPISODE,2024-04-29T05:00:00Z,2024-04-29T06:00:00Z,1,-1,31.25,1.51,29.74,ACCOUNTING_ONLY_NOT_ALPHA_STATISTIC
ZN_2024_VALIDATION,VALIDATION,226,NONZERO_POSITION_EPISODE,2024-04-29T07:00:00Z,2024-04-29T11:00:00Z,4,-1,-93.75,4.53,-98.28,ACCOUNTING_ONLY_NOT_ALPHA_STATISTIC
ZN_2024_VALIDATION,VALIDATION,227,NONZERO_POSITION_EPISODE,2024-04-29T12:00:00Z,2024-04-29T13:00:00Z,1,-1,93.75,1.51,92.24,ACCOUNTING_ONLY_NOT_ALPHA_STATISTIC
ZN_2024_VALIDATION,VALIDATION,228,NONZERO_POSITION_EPISODE,2024-04-29T15:00:00Z,2024-04-29T16:00:00Z,1,-1,125.0,3.02,121.98,ACCOUNTING_ONLY_NOT_ALPHA_STATISTIC
ZN_2024_VALIDATION,VALIDATION,229,NONZERO_POSITION_EPISODE,2024-04-29T17:00:00Z,2024-04-29T20:00:00Z,3,-1,15.625,1.51,14.115,ACCOUNTING_ONLY_NOT_ALPHA_STATISTIC
ZN_2024_VALIDATION,VALIDATION,230,NONZERO_POSITION_EPISODE,2024-04-30T02:00:00Z,2024-04-30T04:00:00Z,2,-1,-15.625,1.51,-17.134999999999998,ACCOUNTING_ONLY_NOT_ALPHA_STATISTIC
ZN_2024_VALIDATION,VALIDATION,231,NONZERO_POSITION_EPISODE,2024-04-30T12:00:00Z,2024-04-30T13:00:00Z,1,-1,281.25,1.51,279.74,ACCOUNTING_ONLY_NOT_ALPHA_STATISTIC
ZN_2024_VALIDATION,VALIDATION,232,NONZERO_POSITION_EPISODE,2024-05-01T01:00:00Z,2024-05-01T03:00:00Z,2,-1,-31.25,1.51,-32.76,ACCOUNTING_ONLY_NOT_ALPHA_STATISTIC
ZN_2024_VALIDATION,VALIDATION,233,NONZERO_POSITION_EPISODE,2024-05-01T12:00:00Z,2024-05-01T18:00:00Z,6,-1,-187.5,4.53,-192.03,ACCOUNTING_ONLY_NOT_ALPHA_STATISTIC
ZN_2024_VALIDATION,VALIDATION,234,NONZERO_POSITION_EPISODE,2024-05-01T19:00:00Z,2024-05-02T00:00:00Z,4,-1,1578.125,16.61,1561.515,ACCOUNTING_ONLY_NOT_ALPHA_STATISTIC
ZN_2024_VALIDATION,VALIDATION,235,NONZERO_POSITION_EPISODE,2024-05-02T02:00:00Z,2024-05-02T09:00:00Z,7,-1,15.625,3.02,12.60500000000001,ACCOUNTING_ONLY_NOT_ALPHA_STATISTIC
ZN_2024_VALIDATION,VALIDATION,236,NONZERO_POSITION_EPISODE,2024-05-02T11:00:00Z,2024-05-02T12:00:00Z,1,-1,0.0,1.51,-1.51,ACCOUNTING_ONLY_NOT_ALPHA_STATISTIC
ZN_2024_VALIDATION,VALIDATION,237,NONZERO_POSITION_EPISODE,2024-05-02T15:00:00Z,2024-05-02T21:00:00Z,6,-1,-531.25,10.57,-541.82,ACCOUNTING_ONLY_NOT_ALPHA_STATISTIC
ZN_2024_VALIDATION,VALIDATION,238,NONZERO_POSITION_EPISODE,2024-05-03T02:00:00Z,2024-05-03T03:00:00Z,1,-1,15.625,1.51,14.115,ACCOUNTING_ONLY_NOT_ALPHA_STATISTIC
ZN_2024_VALIDATION,VALIDATION,239,NONZERO_POSITION_EPISODE,2024-05-03T10:00:00Z,2024-05-03T11:00:00Z,1,-1,0.0,1.51,-1.51,ACCOUNTING_ONLY_NOT_ALPHA_STATISTIC
ZN_2024_VALIDATION,VALIDATION,240,NONZERO_POSITION_EPISODE,2024-05-03T12:00:00Z,2024-05-03T20:00:00Z,8,-1,296.875,22.65,274.225,ACCOUNTING_ONLY_NOT_ALPHA_STATISTIC
ZN_2024_VALIDATION,VALIDATION,241,NONZERO_POSITION_EPISODE,2024-05-06T06:00:00Z,2024-05-06T12:00:00Z,6,-1,-46.875,4.53,-51.40500000000001,ACCOUNTING_ONLY_NOT_ALPHA_STATISTIC
ZN_2024_VALIDATION,VALIDATION,242,NONZERO_POSITION_EPISODE,2024-05-06T13:00:00Z,2024-05-06T14:00:00Z,1,-1,203.125,1.51,201.615,ACCOUNTING_ONLY_NOT_ALPHA_STATISTIC
ZN_2024_VALIDATION,VALIDATION,243,NONZERO_POSITION_EPISODE,2024-05-06T18:00:00Z,2024-05-06T19:00:00Z,1,-1,46.875,1.51,45.365,ACCOUNTING_ONLY_NOT_ALPHA_STATISTIC
ZN_2024_VALIDATION,VALIDATION,244,NONZERO_POSITION_EPISODE,2024-05-07T05:00:00Z,2024-05-07T07:00:00Z,2,-1,15.625,1.51,14.115,ACCOUNTING_ONLY_NOT_ALPHA_STATISTIC
ZN_2024_VALIDATION,VALIDATION,245,NONZERO_POSITION_EPISODE,2024-05-07T08:00:00Z,2024-05-07T10:00:00Z,2,-1,109.375,4.53,104.845,ACCOUNTING_ONLY_NOT_ALPHA_STATISTIC
ZN_2024_VALIDATION,VALIDATION,246,NONZERO_POSITION_EPISODE,2024-05-07T13:00:00Z,2024-05-07T18:00:00Z,5,-1,-15.625,7.55,-23.175,ACCOUNTING_ONLY_NOT_ALPHA_STATISTIC
ZN_2024_VALIDATION,VALIDATION,247,NONZERO_POSITION_EPISODE,2024-05-09T13:00:00Z,2024-05-09T14:00:00Z,1,-1,125.0,3.02,121.98,ACCOUNTING_ONLY_NOT_ALPHA_STATISTIC
ZN_2024_VALIDATION,VALIDATION,248,NONZERO_POSITION_EPISODE,2024-05-09T15:00:00Z,2024-05-09T21:00:00Z,6,-1,-187.5,4.53,-192.03,ACCOUNTING_ONLY_NOT_ALPHA_STATISTIC
ZN_2024_VALIDATION,VALIDATION,249,NONZERO_POSITION_EPISODE,2024-05-10T01:00:00Z,2024-05-10T02:00:00Z,1,-1,15.625,1.51,14.115,ACCOUNTING_ONLY_NOT_ALPHA_STATISTIC
ZN_2024_VALIDATION,VALIDATION,250,NONZERO_POSITION_EPISODE,2024-05-10T07:00:00Z,2024-05-10T10:00:00Z,3,-1,0.0,1.51,-1.51,ACCOUNTING_ONLY_NOT_ALPHA_STATISTIC
ZN_2024_VALIDATION,VALIDATION,251,NONZERO_POSITION_EPISODE,2024-05-12T23:00:00Z,2024-05-13T02:00:00Z,3,-1,0.0,1.51,-1.509999999999998,ACCOUNTING_ONLY_NOT_ALPHA_STATISTIC
ZN_2024_VALIDATION,VALIDATION,252,NONZERO_POSITION_EPISODE,2024-05-13T07:00:00Z,2024-05-13T08:00:00Z,1,-1,31.25,1.51,29.74,ACCOUNTING_ONLY_NOT_ALPHA_STATISTIC
ZN_2024_VALIDATION,VALIDATION,253,NONZERO_POSITION_EPISODE,2024-05-13T10:00:00Z,2024-05-13T16:00:00Z,6,-1,31.25,4.53,26.719999999999995,ACCOUNTING_ONLY_NOT_ALPHA_STATISTIC
ZN_2024_VALIDATION,VALIDATION,254,NONZERO_POSITION_EPISODE,2024-05-13T17:00:00Z,2024-05-13T19:00:00Z,2,-1,31.25,1.51,29.74,ACCOUNTING_ONLY_NOT_ALPHA_STATISTIC
ZN_2024_VALIDATION,VALIDATION,255,NONZERO_POSITION_EPISODE,2024-05-14T08:00:00Z,2024-05-14T11:00:00Z,3,-1,0.0,1.51,-1.5100000000000016,ACCOUNTING_ONLY_NOT_ALPHA_STATISTIC
ZN_2024_VALIDATION,VALIDATION,256,NONZERO_POSITION_EPISODE,2024-05-14T14:00:00Z,2024-05-14T16:00:00Z,2,-1,109.375,4.53,104.845,ACCOUNTING_ONLY_NOT_ALPHA_STATISTIC
ZN_2024_VALIDATION,VALIDATION,257,NONZERO_POSITION_EPISODE,2024-05-14T17:00:00Z,2024-05-14T20:00:00Z,3,-1,46.875,6.04,40.834999999999994,ACCOUNTING_ONLY_NOT_ALPHA_STATISTIC
ZN_2024_VALIDATION,VALIDATION,258,NONZERO_POSITION_EPISODE,2024-05-14T21:00:00Z,2024-05-14T23:00:00Z,1,-1,31.25,1.51,29.74,ACCOUNTING_ONLY_NOT_ALPHA_STATISTIC
ZN_2024_VALIDATION,VALIDATION,259,NONZERO_POSITION_EPISODE,2024-05-15T01:00:00Z,2024-05-15T02:00:00Z,1,-1,0.0,1.51,-1.51,ACCOUNTING_ONLY_NOT_ALPHA_STATISTIC
ZN_2024_VALIDATION,VALIDATION,260,NONZERO_POSITION_EPISODE,2024-05-15T05:00:00Z,2024-05-16T03:00:00Z,21,-1,-312.5,49.83,-362.33,ACCOUNTING_ONLY_NOT_ALPHA_STATISTIC
ZN_2024_VALIDATION,VALIDATION,261,NONZERO_POSITION_EPISODE,2024-05-16T04:00:00Z,2024-05-16T05:00:00Z,1,-1,125.0,3.02,121.98,ACCOUNTING_ONLY_NOT_ALPHA_STATISTIC
ZN_2024_VALIDATION,VALIDATION,262,NONZERO_POSITION_EPISODE,2024-05-17T02:00:00Z,2024-05-17T03:00:00Z,1,-1,46.875,1.51,45.365,ACCOUNTING_ONLY_NOT_ALPHA_STATISTIC
ZN_2024_VALIDATION,VALIDATION,263,NONZERO_POSITION_EPISODE,2024-05-20T00:00:00Z,2024-05-20T03:00:00Z,3,-1,15.625,1.51,14.115000000000002,ACCOUNTING_ONLY_NOT_ALPHA_STATISTIC
ZN_2024_VALIDATION,VALIDATION,264,NONZERO_POSITION_EPISODE,2024-05-20T10:00:00Z,2024-05-20T11:00:00Z,1,-1,31.25,1.51,29.74,ACCOUNTING_ONLY_NOT_ALPHA_STATISTIC
ZN_2024_VALIDATION,VALIDATION,265,NONZERO_POSITION_EPISODE,2024-05-20T12:00:00Z,2024-05-20T13:00:00Z,1,-1,265.625,1.51,264.115,ACCOUNTING_ONLY_NOT_ALPHA_STATISTIC
ZN_2024_VALIDATION,VALIDATION,266,NONZERO_POSITION_EPISODE,2024-05-21T08:00:00Z,2024-05-21T15:00:00Z,7,-1,-78.125,3.02,-81.14500000000001,ACCOUNTING_ONLY_NOT_ALPHA_STATISTIC
ZN_2024_VALIDATION,VALIDATION,267,NONZERO_POSITION_EPISODE,2024-05-21T16:00:00Z,2024-05-21T18:00:00Z,2,-1,31.25,1.51,29.740000000000002,ACCOUNTING_ONLY_NOT_ALPHA_STATISTIC
ZN_2024_VALIDATION,VALIDATION,268,NONZERO_POSITION_EPISODE,2024-05-22T14:00:00Z,2024-05-22T19:00:00Z,5,-1,234.375,12.08,222.295,ACCOUNTING_ONLY_NOT_ALPHA_STATISTIC
ZN_2024_VALIDATION,VALIDATION,269,NONZERO_POSITION_EPISODE,2024-05-23T02:00:00Z,2024-05-23T04:00:00Z,2,-1,46.875,1.51,45.365,ACCOUNTING_ONLY_NOT_ALPHA_STATISTIC
ZN_2024_VALIDATION,VALIDATION,270,NONZERO_POSITION_EPISODE,2024-05-23T10:00:00Z,2024-05-23T12:00:00Z,2,-1,156.25,7.550000000000001,148.7,ACCOUNTING_ONLY_NOT_ALPHA_STATISTIC
ZN_2024_VALIDATION,VALIDATION,271,NONZERO_POSITION_EPISODE,2024-05-24T01:00:00Z,2024-05-24T02:00:00Z,1,-1,31.25,1.51,29.74,ACCOUNTING_ONLY_NOT_ALPHA_STATISTIC
ZN_2024_VALIDATION,VALIDATION,272,NONZERO_POSITION_EPISODE,2024-05-24T03:00:00Z,2024-05-24T04:00:00Z,1,-1,15.625,1.51,14.115,ACCOUNTING_ONLY_NOT_ALPHA_STATISTIC
ZN_2024_VALIDATION,VALIDATION,273,NONZERO_POSITION_EPISODE,2024-05-24T07:00:00Z,2024-05-24T08:00:00Z,1,-1,31.25,1.51,29.74,ACCOUNTING_ONLY_NOT_ALPHA_STATISTIC
ZN_2024_VALIDATION,VALIDATION,274,NONZERO_POSITION_EPISODE,2024-05-24T09:00:00Z,2024-05-24T10:00:00Z,1,-1,93.75,1.51,92.24,ACCOUNTING_ONLY_NOT_ALPHA_STATISTIC
ZN_2024_VALIDATION,VALIDATION,275,NONZERO_POSITION_EPISODE,2024-05-24T16:00:00Z,2024-05-27T02:00:00Z,9,-1,-93.75,1.51,-95.25999999999999,ACCOUNTING_ONLY_NOT_ALPHA_STATISTIC
ZN_2024_VALIDATION,VALIDATION,276,NONZERO_POSITION_EPISODE,2024-05-27T04:00:00Z,2024-05-27T05:00:00Z,1,-1,0.0,1.51,-1.51,ACCOUNTING_ONLY_NOT_ALPHA_STATISTIC
ZN_2024_VALIDATION,VALIDATION,277,NONZERO_POSITION_EPISODE,2024-05-27T06:00:00Z,2024-05-27T07:00:00Z,1,-1,78.125,1.51,76.615,ACCOUNTING_ONLY_NOT_ALPHA_STATISTIC
ZN_2024_VALIDATION,VALIDATION,278,NONZERO_POSITION_EPISODE,2024-05-27T11:00:00Z,2024-05-27T16:00:00Z,5,-1,46.875,7.55,39.325,ACCOUNTING_ONLY_NOT_ALPHA_STATISTIC
ZN_2024_VALIDATION,VALIDATION,279,NONZERO_POSITION_EPISODE,2024-05-28T07:00:00Z,2024-05-28T10:00:00Z,3,-1,15.625,3.02,12.605000000000002,ACCOUNTING_ONLY_NOT_ALPHA_STATISTIC
ZN_2024_VALIDATION,VALIDATION,280,NONZERO_POSITION_EPISODE,2024-05-28T13:00:00Z,2024-05-28T14:00:00Z,1,-1,156.25,3.02,153.23,ACCOUNTING_ONLY_NOT_ALPHA_STATISTIC
ZN_2024_VALIDATION,VALIDATION,281,NONZERO_POSITION_EPISODE,2024-05-29T07:00:00Z,2024-05-29T08:00:00Z,1,-1,78.125,1.51,76.615,ACCOUNTING_ONLY_NOT_ALPHA_STATISTIC
ZN_2024_VALIDATION,VALIDATION,282,NONZERO_POSITION_EPISODE,2024-05-29T09:00:00Z,2024-05-29T10:00:00Z,1,-1,93.75,3.02,90.73,ACCOUNTING_ONLY_NOT_ALPHA_STATISTIC
ZN_2024_VALIDATION,VALIDATION,283,NONZERO_POSITION_EPISODE,2024-05-29T13:00:00Z,2024-05-29T14:00:00Z,1,-1,140.625,1.51,139.115,ACCOUNTING_ONLY_NOT_ALPHA_STATISTIC
ZN_2024_VALIDATION,VALIDATION,284,NONZERO_POSITION_EPISODE,2024-05-30T03:00:00Z,2024-05-30T21:00:00Z,18,-1,-765.625,25.67,-791.2950000000001,ACCOUNTING_ONLY_NOT_ALPHA_STATISTIC
ZN_2024_VALIDATION,VALIDATION,285,NONZERO_POSITION_EPISODE,2024-05-31T01:00:00Z,2024-05-31T03:00:00Z,2,-1,62.5,4.53,57.97,ACCOUNTING_ONLY_NOT_ALPHA_STATISTIC
ZN_2024_VALIDATION,VALIDATION,286,NONZERO_POSITION_EPISODE,2024-05-31T12:00:00Z,2024-05-31T17:00:00Z,5,-1,-796.875,21.14,-818.0149999999999,ACCOUNTING_ONLY_NOT_ALPHA_STATISTIC
ZN_2024_VALIDATION,VALIDATION,287,NONZERO_POSITION_EPISODE,2024-05-31T20:00:00Z,2024-06-02T23:00:00Z,2,-1,312.5,10.57,301.93,ACCOUNTING_ONLY_NOT_ALPHA_STATISTIC
ZN_2024_VALIDATION,VALIDATION,288,NONZERO_POSITION_EPISODE,2024-06-03T00:00:00Z,2024-06-03T01:00:00Z,1,-1,15.625,1.51,14.115,ACCOUNTING_ONLY_NOT_ALPHA_STATISTIC
ZN_2024_VALIDATION,VALIDATION,289,NONZERO_POSITION_EPISODE,2024-06-03T02:00:00Z,2024-06-03T03:00:00Z,1,-1,31.25,1.51,29.74,ACCOUNTING_ONLY_NOT_ALPHA_STATISTIC
ZN_2024_VALIDATION,VALIDATION,290,NONZERO_POSITION_EPISODE,2024-06-03T04:00:00Z,2024-06-03T05:00:00Z,1,-1,15.625,1.51,14.115,ACCOUNTING_ONLY_NOT_ALPHA_STATISTIC
ZN_2024_VALIDATION,VALIDATION,291,NONZERO_POSITION_EPISODE,2024-06-03T09:00:00Z,2024-06-04T01:00:00Z,15,-1,-1171.875,25.67,-1197.545,ACCOUNTING_ONLY_NOT_ALPHA_STATISTIC
ZN_2024_VALIDATION,VALIDATION,292,NONZERO_POSITION_EPISODE,2024-06-04T08:00:00Z,2024-06-04T10:00:00Z,2,-1,125.0,9.06,115.94,ACCOUNTING_ONLY_NOT_ALPHA_STATISTIC
ZN_2024_VALIDATION,VALIDATION,293,NONZERO_POSITION_EPISODE,2024-06-04T11:00:00Z,2024-06-04T19:00:00Z,8,-1,-625.0,15.1,-640.1,ACCOUNTING_ONLY_NOT_ALPHA_STATISTIC
ZN_2024_VALIDATION,VALIDATION,294,NONZERO_POSITION_EPISODE,2024-06-04T20:00:00Z,2024-06-04T23:00:00Z,2,-1,0.0,1.51,-1.51,ACCOUNTING_ONLY_NOT_ALPHA_STATISTIC
ZN_2024_VALIDATION,VALIDATION,295,NONZERO_POSITION_EPISODE,2024-06-05T11:00:00Z,2024-06-05T15:00:00Z,4,-1,765.625,12.08,753.5450000000001,ACCOUNTING_ONLY_NOT_ALPHA_STATISTIC
ZN_2024_VALIDATION,VALIDATION,296,NONZERO_POSITION_EPISODE,2024-06-05T16:00:00Z,2024-06-06T00:00:00Z,7,-1,-31.25,7.55,-38.800000000000004,ACCOUNTING_ONLY_NOT_ALPHA_STATISTIC
ZN_2024_VALIDATION,VALIDATION,297,NONZERO_POSITION_EPISODE,2024-06-06T10:00:00Z,2024-06-06T12:00:00Z,2,-1,93.75,1.51,92.24,ACCOUNTING_ONLY_NOT_ALPHA_STATISTIC
ZN_2024_VALIDATION,VALIDATION,298,NONZERO_POSITION_EPISODE,2024-06-06T14:00:00Z,2024-06-06T15:00:00Z,1,-1,62.5,1.51,60.99,ACCOUNTING_ONLY_NOT_ALPHA_STATISTIC
ZN_2024_VALIDATION,VALIDATION,299,NONZERO_POSITION_EPISODE,2024-06-06T16:00:00Z,2024-06-06T20:00:00Z,4,-1,-62.5,4.53,-67.03,ACCOUNTING_ONLY_NOT_ALPHA_STATISTIC
ZN_2024_VALIDATION,VALIDATION,300,NONZERO_POSITION_EPISODE,2024-06-07T09:00:00Z,2024-06-07T10:00:00Z,1,-1,46.875,1.51,45.365,ACCOUNTING_ONLY_NOT_ALPHA_STATISTIC
ZN_2024_VALIDATION,VALIDATION,301,NONZERO_POSITION_EPISODE,2024-06-10T10:00:00Z,2024-06-10T11:00:00Z,1,-1,62.5,1.51,60.99,ACCOUNTING_ONLY_NOT_ALPHA_STATISTIC
ZN_2024_VALIDATION,VALIDATION,302,NONZERO_POSITION_EPISODE,2024-06-11T01:00:00Z,2024-06-11T05:00:00Z,4,-1,-46.875,1.51,-48.385000000000005,ACCOUNTING_ONLY_NOT_ALPHA_STATISTIC
ZN_2024_VALIDATION,VALIDATION,303,NONZERO_POSITION_EPISODE,2024-06-11T07:00:00Z,2024-06-11T08:00:00Z,1,-1,15.625,1.51,14.115,ACCOUNTING_ONLY_NOT_ALPHA_STATISTIC
ZN_2024_VALIDATION,VALIDATION,304,NONZERO_POSITION_EPISODE,2024-06-11T09:00:00Z,2024-06-11T13:00:00Z,4,-1,156.25,4.53,151.72,ACCOUNTING_ONLY_NOT_ALPHA_STATISTIC
ZN_2024_VALIDATION,VALIDATION,305,NONZERO_POSITION_EPISODE,2024-06-11T18:00:00Z,2024-06-11T23:00:00Z,4,-1,-93.75,7.550000000000001,-101.30000000000001,ACCOUNTING_ONLY_NOT_ALPHA_STATISTIC
ZN_2024_VALIDATION,VALIDATION,306,NONZERO_POSITION_EPISODE,2024-06-12T06:00:00Z,2024-06-12T07:00:00Z,1,-1,46.875,1.51,45.365,ACCOUNTING_ONLY_NOT_ALPHA_STATISTIC
ZN_2024_VALIDATION,VALIDATION,307,NONZERO_POSITION_EPISODE,2024-06-12T12:00:00Z,2024-06-12T19:00:00Z,7,-1,-1312.5,16.61,-1329.11,ACCOUNTING_ONLY_NOT_ALPHA_STATISTIC
ZN_2024_VALIDATION,VALIDATION,308,NONZERO_POSITION_EPISODE,2024-06-13T02:00:00Z,2024-06-13T03:00:00Z,1,1,15.625,1.51,14.115,ACCOUNTING_ONLY_NOT_ALPHA_STATISTIC
ZN_2024_VALIDATION,VALIDATION,309,NONZERO_POSITION_EPISODE,2024-06-13T04:00:00Z,2024-06-13T07:00:00Z,3,1,-15.625,1.51,-17.135,ACCOUNTING_ONLY_NOT_ALPHA_STATISTIC
ZN_2024_VALIDATION,VALIDATION,310,NONZERO_POSITION_EPISODE,2024-06-14T01:00:00Z,2024-06-14T04:00:00Z,3,1,-15.625,1.51,-17.134999999999998,ACCOUNTING_ONLY_NOT_ALPHA_STATISTIC
ZN_2024_VALIDATION,VALIDATION,311,NONZERO_POSITION_EPISODE,2024-06-14T05:00:00Z,2024-06-14T07:00:00Z,2,1,156.25,1.51,154.74,ACCOUNTING_ONLY_NOT_ALPHA_STATISTIC
ZN_2024_VALIDATION,VALIDATION,312,NONZERO_POSITION_EPISODE,2024-06-14T17:00:00Z,2024-06-14T18:00:00Z,1,1,31.25,1.51,29.74,ACCOUNTING_ONLY_NOT_ALPHA_STATISTIC
ZN_2024_VALIDATION,VALIDATION,313,NONZERO_POSITION_EPISODE,2024-06-14T21:00:00Z,2024-06-17T03:00:00Z,5,1,-78.125,7.55,-85.67499999999998,ACCOUNTING_ONLY_NOT_ALPHA_STATISTIC
ZN_2024_VALIDATION,VALIDATION,314,NONZERO_POSITION_EPISODE,2024-06-17T12:00:00Z,2024-06-17T17:00:00Z,5,1,-281.25,4.53,-285.78,ACCOUNTING_ONLY_NOT_ALPHA_STATISTIC
ZN_2024_VALIDATION,VALIDATION,315,NONZERO_POSITION_EPISODE,2024-06-17T21:00:00Z,2024-06-17T23:00:00Z,1,1,31.25,1.51,29.74,ACCOUNTING_ONLY_NOT_ALPHA_STATISTIC
ZN_2024_VALIDATION,VALIDATION,316,NONZERO_POSITION_EPISODE,2024-06-18T06:00:00Z,2024-06-18T10:00:00Z,4,1,-62.5,1.51,-64.01,ACCOUNTING_ONLY_NOT_ALPHA_STATISTIC
ZN_2024_VALIDATION,VALIDATION,317,NONZERO_POSITION_EPISODE,2024-06-19T08:00:00Z,2024-06-19T10:00:00Z,2,1,-15.625,1.51,-17.135,ACCOUNTING_ONLY_NOT_ALPHA_STATISTIC
ZN_2024_VALIDATION,VALIDATION,318,NONZERO_POSITION_EPISODE,2024-06-19T12:00:00Z,2024-06-19T13:00:00Z,1,1,46.875,1.51,45.365,ACCOUNTING_ONLY_NOT_ALPHA_STATISTIC
ZN_2024_VALIDATION,VALIDATION,319,NONZERO_POSITION_EPISODE,2024-06-20T00:00:00Z,2024-06-20T04:00:00Z,4,1,-78.125,1.51,-79.635,ACCOUNTING_ONLY_NOT_ALPHA_STATISTIC
ZN_2024_VALIDATION,VALIDATION,320,NONZERO_POSITION_EPISODE,2024-06-20T09:00:00Z,2024-06-20T10:00:00Z,1,1,0.0,1.51,-1.51,ACCOUNTING_ONLY_NOT_ALPHA_STATISTIC
ZN_2024_VALIDATION,VALIDATION,321,NONZERO_POSITION_EPISODE,2024-06-20T13:00:00Z,2024-06-20T17:00:00Z,4,1,109.375,7.550000000000001,101.825,ACCOUNTING_ONLY_NOT_ALPHA_STATISTIC
ZN_2024_VALIDATION,VALIDATION,322,NONZERO_POSITION_EPISODE,2024-06-21T01:00:00Z,2024-06-21T02:00:00Z,1,1,0.0,1.51,-1.51,ACCOUNTING_ONLY_NOT_ALPHA_STATISTIC
ZN_2024_VALIDATION,VALIDATION,323,NONZERO_POSITION_EPISODE,2024-06-21T14:00:00Z,2024-06-21T18:00:00Z,4,1,-140.625,10.57,-151.19499999999996,ACCOUNTING_ONLY_NOT_ALPHA_STATISTIC
ZN_2024_VALIDATION,VALIDATION,324,NONZERO_POSITION_EPISODE,2024-06-24T10:00:00Z,2024-06-24T14:00:00Z,4,1,15.625,4.53,11.095000000000002,ACCOUNTING_ONLY_NOT_ALPHA_STATISTIC
ZN_2024_VALIDATION,VALIDATION,325,NONZERO_POSITION_EPISODE,2024-06-24T15:00:00Z,2024-06-24T16:00:00Z,1,1,0.0,1.51,-1.51,ACCOUNTING_ONLY_NOT_ALPHA_STATISTIC
ZN_2024_VALIDATION,VALIDATION,326,NONZERO_POSITION_EPISODE,2024-06-25T08:00:00Z,2024-06-25T10:00:00Z,2,1,15.625,1.51,14.115000000000002,ACCOUNTING_ONLY_NOT_ALPHA_STATISTIC
ZN_2024_VALIDATION,VALIDATION,327,NONZERO_POSITION_EPISODE,2024-06-25T13:00:00Z,2024-06-25T18:00:00Z,5,1,93.75,6.04,87.71000000000001,ACCOUNTING_ONLY_NOT_ALPHA_STATISTIC
ZN_2024_VALIDATION,VALIDATION,328,NONZERO_POSITION_EPISODE,2024-06-25T21:00:00Z,2024-06-25T23:00:00Z,1,1,31.25,1.51,29.74,ACCOUNTING_ONLY_NOT_ALPHA_STATISTIC
ZN_2024_VALIDATION,VALIDATION,329,NONZERO_POSITION_EPISODE,2024-06-26T01:00:00Z,2024-06-26T06:00:00Z,5,1,-109.375,4.53,-113.905,ACCOUNTING_ONLY_NOT_ALPHA_STATISTIC
ZN_2024_VALIDATION,VALIDATION,330,NONZERO_POSITION_EPISODE,2024-06-26T08:00:00Z,2024-06-27T05:00:00Z,20,1,-265.625,28.69,-294.31500000000005,ACCOUNTING_ONLY_NOT_ALPHA_STATISTIC
ZN_2024_VALIDATION,VALIDATION,331,NONZERO_POSITION_EPISODE,2024-06-27T08:00:00Z,2024-06-27T09:00:00Z,1,1,62.5,1.51,60.99,ACCOUNTING_ONLY_NOT_ALPHA_STATISTIC
ZN_2024_VALIDATION,VALIDATION,332,NONZERO_POSITION_EPISODE,2024-06-28T01:00:00Z,2024-06-28T05:00:00Z,4,1,-15.625,7.55,-23.175,ACCOUNTING_ONLY_NOT_ALPHA_STATISTIC
ZN_2024_VALIDATION,VALIDATION,333,NONZERO_POSITION_EPISODE,2024-06-28T11:00:00Z,2024-06-28T12:00:00Z,1,1,46.875,1.51,45.365,ACCOUNTING_ONLY_NOT_ALPHA_STATISTIC
ZN_2024_VALIDATION,VALIDATION,334,NONZERO_POSITION_EPISODE,2024-06-28T15:00:00Z,2024-07-01T02:00:00Z,10,1,-1484.375,28.69,-1513.065,ACCOUNTING_ONLY_NOT_ALPHA_STATISTIC
ZN_2024_VALIDATION,VALIDATION,335,NONZERO_POSITION_EPISODE,2024-07-01T08:00:00Z,2024-07-01T12:00:00Z,4,1,-78.125,4.53,-82.655,ACCOUNTING_ONLY_NOT_ALPHA_STATISTIC
ZN_2024_VALIDATION,VALIDATION,336,NONZERO_POSITION_EPISODE,2024-07-01T13:00:00Z,2024-07-01T19:00:00Z,6,1,-265.625,21.14,-286.765,ACCOUNTING_ONLY_NOT_ALPHA_STATISTIC
ZN_2024_VALIDATION,VALIDATION,337,NONZERO_POSITION_EPISODE,2024-07-02T08:00:00Z,2024-07-02T11:00:00Z,3,1,0.0,1.51,-1.5100000000000016,ACCOUNTING_ONLY_NOT_ALPHA_STATISTIC
ZN_2024_VALIDATION,VALIDATION,338,NONZERO_POSITION_EPISODE,2024-07-02T16:00:00Z,2024-07-02T19:00:00Z,3,1,31.25,1.51,29.740000000000002,ACCOUNTING_ONLY_NOT_ALPHA_STATISTIC
ZN_2024_VALIDATION,VALIDATION,339,NONZERO_POSITION_EPISODE,2024-07-03T04:00:00Z,2024-07-03T07:00:00Z,3,1,15.625,1.51,14.115,ACCOUNTING_ONLY_NOT_ALPHA_STATISTIC
ZN_2024_VALIDATION,VALIDATION,340,NONZERO_POSITION_EPISODE,2024-07-03T09:00:00Z,2024-07-03T10:00:00Z,1,1,78.125,1.51,76.615,ACCOUNTING_ONLY_NOT_ALPHA_STATISTIC
ZN_2024_VALIDATION,VALIDATION,341,NONZERO_POSITION_EPISODE,2024-07-03T12:00:00Z,2024-07-03T13:00:00Z,1,1,187.5,1.51,185.99,ACCOUNTING_ONLY_NOT_ALPHA_STATISTIC
ZN_2024_VALIDATION,VALIDATION,342,NONZERO_POSITION_EPISODE,2024-07-04T02:00:00Z,2024-07-04T03:00:00Z,1,1,15.625,1.51,14.115,ACCOUNTING_ONLY_NOT_ALPHA_STATISTIC
ZN_2024_VALIDATION,VALIDATION,343,NONZERO_POSITION_EPISODE,2024-07-04T04:00:00Z,2024-07-04T06:00:00Z,2,1,-15.625,1.51,-17.134999999999998,ACCOUNTING_ONLY_NOT_ALPHA_STATISTIC
ZN_2024_VALIDATION,VALIDATION,344,NONZERO_POSITION_EPISODE,2024-07-04T17:00:00Z,2024-07-04T23:00:00Z,1,1,15.625,1.51,14.115,ACCOUNTING_ONLY_NOT_ALPHA_STATISTIC
ZN_2024_VALIDATION,VALIDATION,345,NONZERO_POSITION_EPISODE,2024-07-07T23:00:00Z,2024-07-08T02:00:00Z,3,1,-15.625,3.02,-18.645000000000007,ACCOUNTING_ONLY_NOT_ALPHA_STATISTIC
ZN_2024_VALIDATION,VALIDATION,346,NONZERO_POSITION_EPISODE,2024-07-08T07:00:00Z,2024-07-08T08:00:00Z,1,1,15.625,1.51,14.115,ACCOUNTING_ONLY_NOT_ALPHA_STATISTIC
ZN_2024_VALIDATION,VALIDATION,347,NONZERO_POSITION_EPISODE,2024-07-08T09:00:00Z,2024-07-08T11:00:00Z,2,1,46.875,1.51,45.365,ACCOUNTING_ONLY_NOT_ALPHA_STATISTIC
ZN_2024_VALIDATION,VALIDATION,348,NONZERO_POSITION_EPISODE,2024-07-08T21:00:00Z,2024-07-08T23:00:00Z,1,1,15.625,1.51,14.115,ACCOUNTING_ONLY_NOT_ALPHA_STATISTIC
ZN_2024_VALIDATION,VALIDATION,349,NONZERO_POSITION_EPISODE,2024-07-09T00:00:00Z,2024-07-09T01:00:00Z,1,1,46.875,1.51,45.365,ACCOUNTING_ONLY_NOT_ALPHA_STATISTIC
ZN_2024_VALIDATION,VALIDATION,350,NONZERO_POSITION_EPISODE,2024-07-09T04:00:00Z,2024-07-09T06:00:00Z,2,1,-15.625,1.51,-17.135,ACCOUNTING_ONLY_NOT_ALPHA_STATISTIC
ZN_2024_VALIDATION,VALIDATION,351,NONZERO_POSITION_EPISODE,2024-07-09T07:00:00Z,2024-07-09T09:00:00Z,2,1,0.0,1.51,-1.509999999999998,ACCOUNTING_ONLY_NOT_ALPHA_STATISTIC
ZN_2024_VALIDATION,VALIDATION,352,NONZERO_POSITION_EPISODE,2024-07-09T12:00:00Z,2024-07-09T13:00:00Z,1,1,31.25,1.51,29.74,ACCOUNTING_ONLY_NOT_ALPHA_STATISTIC
ZN_2024_VALIDATION,VALIDATION,353,NONZERO_POSITION_EPISODE,2024-07-09T15:00:00Z,2024-07-09T18:00:00Z,3,1,140.625,7.550000000000001,133.075,ACCOUNTING_ONLY_NOT_ALPHA_STATISTIC
ZN_2024_VALIDATION,VALIDATION,354,NONZERO_POSITION_EPISODE,2024-07-10T01:00:00Z,2024-07-10T03:00:00Z,2,1,31.25,3.02,28.22999999999999,ACCOUNTING_ONLY_NOT_ALPHA_STATISTIC
ZN_2024_VALIDATION,VALIDATION,355,NONZERO_POSITION_EPISODE,2024-07-10T14:00:00Z,2024-07-10T17:00:00Z,3,1,31.25,4.53,26.719999999999995,ACCOUNTING_ONLY_NOT_ALPHA_STATISTIC
ZN_2024_VALIDATION,VALIDATION,356,NONZERO_POSITION_EPISODE,2024-07-11T06:00:00Z,2024-07-11T07:00:00Z,1,1,46.875,1.51,45.365,ACCOUNTING_ONLY_NOT_ALPHA_STATISTIC
ZN_2024_VALIDATION,VALIDATION,357,NONZERO_POSITION_EPISODE,2024-07-11T18:00:00Z,2024-07-11T19:00:00Z,1,1,46.875,1.51,45.365,ACCOUNTING_ONLY_NOT_ALPHA_STATISTIC
ZN_2024_VALIDATION,VALIDATION,358,NONZERO_POSITION_EPISODE,2024-07-11T20:00:00Z,2024-07-12T04:00:00Z,7,1,-187.5,4.53,-192.03,ACCOUNTING_ONLY_NOT_ALPHA_STATISTIC
ZN_2024_VALIDATION,VALIDATION,359,NONZERO_POSITION_EPISODE,2024-07-12T10:00:00Z,2024-07-12T11:00:00Z,1,1,46.875,1.51,45.365,ACCOUNTING_ONLY_NOT_ALPHA_STATISTIC
ZN_2024_VALIDATION,VALIDATION,360,NONZERO_POSITION_EPISODE,2024-07-14T23:00:00Z,2024-07-15T05:00:00Z,6,1,109.375,19.63,89.74499999999998,ACCOUNTING_ONLY_NOT_ALPHA_STATISTIC
ZN_2024_VALIDATION,VALIDATION,361,NONZERO_POSITION_EPISODE,2024-07-15T06:00:00Z,2024-07-15T07:00:00Z,1,1,78.125,1.51,76.615,ACCOUNTING_ONLY_NOT_ALPHA_STATISTIC
ZN_2024_VALIDATION,VALIDATION,362,NONZERO_POSITION_EPISODE,2024-07-15T12:00:00Z,2024-07-15T13:00:00Z,1,1,234.375,4.53,229.845,ACCOUNTING_ONLY_NOT_ALPHA_STATISTIC
ZN_2024_VALIDATION,VALIDATION,363,NONZERO_POSITION_EPISODE,2024-07-15T18:00:00Z,2024-07-15T20:00:00Z,2,1,31.25,1.51,29.74,ACCOUNTING_ONLY_NOT_ALPHA_STATISTIC
ZN_2024_VALIDATION,VALIDATION,364,NONZERO_POSITION_EPISODE,2024-07-15T21:00:00Z,2024-07-15T23:00:00Z,1,1,62.5,1.51,60.99,ACCOUNTING_ONLY_NOT_ALPHA_STATISTIC
ZN_2024_VALIDATION,VALIDATION,365,NONZERO_POSITION_EPISODE,2024-07-16T13:00:00Z,2024-07-16T16:00:00Z,3,1,140.625,4.53,136.095,ACCOUNTING_ONLY_NOT_ALPHA_STATISTIC
ZN_2024_VALIDATION,VALIDATION,366,NONZERO_POSITION_EPISODE,2024-07-17T01:00:00Z,2024-07-17T03:00:00Z,2,1,46.875,1.51,45.365,ACCOUNTING_ONLY_NOT_ALPHA_STATISTIC
ZN_2024_VALIDATION,VALIDATION,367,NONZERO_POSITION_EPISODE,2024-07-17T04:00:00Z,2024-07-17T05:00:00Z,1,1,15.625,1.51,14.115,ACCOUNTING_ONLY_NOT_ALPHA_STATISTIC
ZN_2024_VALIDATION,VALIDATION,368,NONZERO_POSITION_EPISODE,2024-07-17T07:00:00Z,2024-07-17T09:00:00Z,2,1,140.625,4.53,136.095,ACCOUNTING_ONLY_NOT_ALPHA_STATISTIC
ZN_2024_VALIDATION,VALIDATION,369,NONZERO_POSITION_EPISODE,2024-07-17T10:00:00Z,2024-07-17T14:00:00Z,4,1,125.0,4.53,120.47000000000001,ACCOUNTING_ONLY_NOT_ALPHA_STATISTIC
ZN_2024_VALIDATION,VALIDATION,370,NONZERO_POSITION_EPISODE,2024-07-17T15:00:00Z,2024-07-17T16:00:00Z,1,1,93.75,1.51,92.24,ACCOUNTING_ONLY_NOT_ALPHA_STATISTIC
ZN_2024_VALIDATION,VALIDATION,371,NONZERO_POSITION_EPISODE,2024-07-17T23:00:00Z,2024-07-18T00:00:00Z,1,1,15.625,1.51,14.115,ACCOUNTING_ONLY_NOT_ALPHA_STATISTIC
ZN_2024_VALIDATION,VALIDATION,372,NONZERO_POSITION_EPISODE,2024-07-18T01:00:00Z,2024-07-18T05:00:00Z,4,1,-31.25,4.53,-35.78,ACCOUNTING_ONLY_NOT_ALPHA_STATISTIC
ZN_2024_VALIDATION,VALIDATION,373,NONZERO_POSITION_EPISODE,2024-07-18T08:00:00Z,2024-07-18T13:00:00Z,5,1,0.0,7.55,-7.550000000000008,ACCOUNTING_ONLY_NOT_ALPHA_STATISTIC
ZN_2024_VALIDATION,VALIDATION,374,NONZERO_POSITION_EPISODE,2024-07-18T17:00:00Z,2024-07-18T18:00:00Z,1,1,15.625,1.51,14.115,ACCOUNTING_ONLY_NOT_ALPHA_STATISTIC
ZN_2024_VALIDATION,VALIDATION,375,NONZERO_POSITION_EPISODE,2024-07-18T19:00:00Z,2024-07-19T00:00:00Z,4,1,-93.75,7.55,-101.30000000000001,ACCOUNTING_ONLY_NOT_ALPHA_STATISTIC
ZN_2024_VALIDATION,VALIDATION,376,NONZERO_POSITION_EPISODE,2024-07-19T02:00:00Z,2024-07-19T05:00:00Z,3,1,-31.25,7.55,-38.8,ACCOUNTING_ONLY_NOT_ALPHA_STATISTIC
ZN_2024_VALIDATION,VALIDATION,377,NONZERO_POSITION_EPISODE,2024-07-19T06:00:00Z,2024-07-19T07:00:00Z,1,1,156.25,1.51,154.74,ACCOUNTING_ONLY_NOT_ALPHA_STATISTIC
ZN_2024_VALIDATION,VALIDATION,378,NONZERO_POSITION_EPISODE,2024-07-19T10:00:00Z,2024-07-19T15:00:00Z,5,1,-125.0,12.08,-137.07999999999996,ACCOUNTING_ONLY_NOT_ALPHA_STATISTIC
ZN_2024_VALIDATION,VALIDATION,379,NONZERO_POSITION_EPISODE,2024-07-19T16:00:00Z,2024-07-19T18:00:00Z,2,1,15.625,3.02,12.605000000000004,ACCOUNTING_ONLY_NOT_ALPHA_STATISTIC
ZN_2024_VALIDATION,VALIDATION,380,NONZERO_POSITION_EPISODE,2024-07-19T19:00:00Z,2024-07-19T20:00:00Z,1,1,15.625,1.51,14.115,ACCOUNTING_ONLY_NOT_ALPHA_STATISTIC
ZN_2024_VALIDATION,VALIDATION,381,NONZERO_POSITION_EPISODE,2024-07-19T21:00:00Z,2024-07-21T23:00:00Z,1,1,125.0,1.51,123.49,ACCOUNTING_ONLY_NOT_ALPHA_STATISTIC
ZN_2024_VALIDATION,VALIDATION,382,NONZERO_POSITION_EPISODE,2024-07-22T09:00:00Z,2024-07-22T11:00:00Z,2,1,93.75,3.02,90.73,ACCOUNTING_ONLY_NOT_ALPHA_STATISTIC
ZN_2024_VALIDATION,VALIDATION,383,NONZERO_POSITION_EPISODE,2024-07-22T16:00:00Z,2024-07-22T20:00:00Z,4,1,281.25,19.63,261.62,ACCOUNTING_ONLY_NOT_ALPHA_STATISTIC
ZN_2024_VALIDATION,VALIDATION,384,NONZERO_POSITION_EPISODE,2024-07-23T07:00:00Z,2024-07-23T08:00:00Z,1,1,187.5,3.02,184.48,ACCOUNTING_ONLY_NOT_ALPHA_STATISTIC
ZN_2024_VALIDATION,VALIDATION,385,NONZERO_POSITION_EPISODE,2024-07-23T19:00:00Z,2024-07-24T02:00:00Z,6,1,-125.0,10.57,-135.57000000000002,ACCOUNTING_ONLY_NOT_ALPHA_STATISTIC
ZN_2024_VALIDATION,VALIDATION,386,NONZERO_POSITION_EPISODE,2024-07-24T10:00:00Z,2024-07-24T11:00:00Z,1,1,31.25,1.51,29.74,ACCOUNTING_ONLY_NOT_ALPHA_STATISTIC
ZN_2024_VALIDATION,VALIDATION,387,NONZERO_POSITION_EPISODE,2024-07-24T17:00:00Z,2024-07-25T00:00:00Z,6,1,-1187.5,24.16,-1211.66,ACCOUNTING_ONLY_NOT_ALPHA_STATISTIC
ZN_2024_VALIDATION,VALIDATION,388,NONZERO_POSITION_EPISODE,2024-07-25T13:00:00Z,2024-07-25T14:00:00Z,1,1,390.625,7.55,383.075,ACCOUNTING_ONLY_NOT_ALPHA_STATISTIC
ZN_2024_VALIDATION,VALIDATION,389,NONZERO_POSITION_EPISODE,2024-07-25T16:00:00Z,2024-07-25T21:00:00Z,5,1,203.125,21.14,181.985,ACCOUNTING_ONLY_NOT_ALPHA_STATISTIC
ZN_2024_VALIDATION,VALIDATION,390,NONZERO_POSITION_EPISODE,2024-07-26T01:00:00Z,2024-07-26T04:00:00Z,3,1,46.875,4.53,42.345,ACCOUNTING_ONLY_NOT_ALPHA_STATISTIC
ZN_2024_VALIDATION,VALIDATION,391,NONZERO_POSITION_EPISODE,2024-07-26T07:00:00Z,2024-07-26T09:00:00Z,2,1,31.25,4.53,26.72,ACCOUNTING_ONLY_NOT_ALPHA_STATISTIC
ZN_2024_VALIDATION,VALIDATION,392,NONZERO_POSITION_EPISODE,2024-07-29T06:00:00Z,2024-07-29T07:00:00Z,1,1,46.875,1.51,45.365,ACCOUNTING_ONLY_NOT_ALPHA_STATISTIC
ZN_2024_VALIDATION,VALIDATION,393,NONZERO_POSITION_EPISODE,2024-07-29T14:00:00Z,2024-07-29T17:00:00Z,3,1,93.75,13.59,80.16,ACCOUNTING_ONLY_NOT_ALPHA_STATISTIC
ZN_2024_VALIDATION,VALIDATION,394,NONZERO_POSITION_EPISODE,2024-07-29T18:00:00Z,2024-07-29T20:00:00Z,2,1,78.125,4.53,73.595,ACCOUNTING_ONLY_NOT_ALPHA_STATISTIC
ZN_2024_VALIDATION,VALIDATION,395,NONZERO_POSITION_EPISODE,2024-07-29T21:00:00Z,2024-07-29T23:00:00Z,1,1,31.25,3.02,28.23,ACCOUNTING_ONLY_NOT_ALPHA_STATISTIC
ZN_2024_VALIDATION,VALIDATION,396,NONZERO_POSITION_EPISODE,2024-07-30T00:00:00Z,2024-07-30T02:00:00Z,2,1,62.5,7.550000000000001,54.95,ACCOUNTING_ONLY_NOT_ALPHA_STATISTIC
ZN_2024_VALIDATION,VALIDATION,397,NONZERO_POSITION_EPISODE,2024-07-30T05:00:00Z,2024-07-30T07:00:00Z,2,1,78.125,7.550000000000001,70.575,ACCOUNTING_ONLY_NOT_ALPHA_STATISTIC
ZN_2024_VALIDATION,VALIDATION,398,NONZERO_POSITION_EPISODE,2024-07-30T09:00:00Z,2024-07-30T10:00:00Z,1,1,62.5,1.51,60.99,ACCOUNTING_ONLY_NOT_ALPHA_STATISTIC
ZN_2024_VALIDATION,VALIDATION,399,NONZERO_POSITION_EPISODE,2024-07-30T13:00:00Z,2024-07-30T14:00:00Z,1,1,140.625,1.51,139.115,ACCOUNTING_ONLY_NOT_ALPHA_STATISTIC
ZN_2024_VALIDATION,VALIDATION,400,NONZERO_POSITION_EPISODE,2024-07-31T00:00:00Z,2024-07-31T02:00:00Z,2,1,46.875,1.51,45.365,ACCOUNTING_ONLY_NOT_ALPHA_STATISTIC
ZN_2024_VALIDATION,VALIDATION,401,NONZERO_POSITION_EPISODE,2024-07-31T06:00:00Z,2024-07-31T08:00:00Z,2,1,140.625,3.02,137.60500000000002,ACCOUNTING_ONLY_NOT_ALPHA_STATISTIC
ZN_2024_VALIDATION,VALIDATION,402,NONZERO_POSITION_EPISODE,2024-07-31T10:00:00Z,2024-07-31T11:00:00Z,1,1,46.875,1.51,45.365,ACCOUNTING_ONLY_NOT_ALPHA_STATISTIC
ZN_2024_VALIDATION,VALIDATION,403,NONZERO_POSITION_EPISODE,2024-07-31T18:00:00Z,2024-07-31T19:00:00Z,1,1,328.125,4.53,323.595,ACCOUNTING_ONLY_NOT_ALPHA_STATISTIC
ZN_2024_VALIDATION,VALIDATION,404,NONZERO_POSITION_EPISODE,2024-08-01T03:00:00Z,2024-08-01T04:00:00Z,1,1,0.0,1.51,-1.51,ACCOUNTING_ONLY_NOT_ALPHA_STATISTIC
ZN_2024_VALIDATION,VALIDATION,405,NONZERO_POSITION_EPISODE,2024-08-01T05:00:00Z,2024-08-01T07:00:00Z,2,1,15.625,1.51,14.115,ACCOUNTING_ONLY_NOT_ALPHA_STATISTIC
ZN_2024_VALIDATION,VALIDATION,406,NONZERO_POSITION_EPISODE,2024-08-01T08:00:00Z,2024-08-01T09:00:00Z,1,1,31.25,1.51,29.74,ACCOUNTING_ONLY_NOT_ALPHA_STATISTIC
ZN_2024_VALIDATION,VALIDATION,407,NONZERO_POSITION_EPISODE,2024-08-01T12:00:00Z,2024-08-01T13:00:00Z,1,1,218.75,1.51,217.24,ACCOUNTING_ONLY_NOT_ALPHA_STATISTIC
ZN_2024_VALIDATION,VALIDATION,408,NONZERO_POSITION_EPISODE,2024-08-02T05:00:00Z,2024-08-02T06:00:00Z,1,1,78.125,1.51,76.615,ACCOUNTING_ONLY_NOT_ALPHA_STATISTIC
ZN_2024_VALIDATION,VALIDATION,409,NONZERO_POSITION_EPISODE,2024-08-04T23:00:00Z,2024-08-05T00:00:00Z,1,1,203.125,1.51,201.615,ACCOUNTING_ONLY_NOT_ALPHA_STATISTIC
ZN_2024_VALIDATION,VALIDATION,410,NONZERO_POSITION_EPISODE,2024-08-05T08:00:00Z,2024-08-05T09:00:00Z,1,1,78.125,1.51,76.615,ACCOUNTING_ONLY_NOT_ALPHA_STATISTIC
ZN_2024_VALIDATION,VALIDATION,411,NONZERO_POSITION_EPISODE,2024-08-05T15:00:00Z,2024-08-05T20:00:00Z,5,1,-1093.75,16.61,-1110.36,ACCOUNTING_ONLY_NOT_ALPHA_STATISTIC
ZN_2024_VALIDATION,VALIDATION,412,NONZERO_POSITION_EPISODE,2024-08-05T21:00:00Z,2024-08-06T09:00:00Z,11,1,-500.0,7.55,-507.55,ACCOUNTING_ONLY_NOT_ALPHA_STATISTIC
ZN_2024_VALIDATION,VALIDATION,413,NONZERO_POSITION_EPISODE,2024-08-06T15:00:00Z,2024-08-06T19:00:00Z,4,1,-203.125,3.02,-206.14499999999998,ACCOUNTING_ONLY_NOT_ALPHA_STATISTIC
ZN_2024_VALIDATION,VALIDATION,414,NONZERO_POSITION_EPISODE,2024-08-06T20:00:00Z,2024-08-06T21:00:00Z,1,1,62.5,1.51,60.99,ACCOUNTING_ONLY_NOT_ALPHA_STATISTIC
ZN_2024_VALIDATION,VALIDATION,415,NONZERO_POSITION_EPISODE,2024-08-07T02:00:00Z,2024-08-07T06:00:00Z,4,1,93.75,4.53,89.22,ACCOUNTING_ONLY_NOT_ALPHA_STATISTIC
ZN_2024_VALIDATION,VALIDATION,416,NONZERO_POSITION_EPISODE,2024-08-07T08:00:00Z,2024-08-07T12:00:00Z,4,1,0.0,7.55,-7.54999999999999,ACCOUNTING_ONLY_NOT_ALPHA_STATISTIC
ZN_2024_VALIDATION,VALIDATION,417,NONZERO_POSITION_EPISODE,2024-08-07T14:00:00Z,2024-08-07T17:00:00Z,3,1,46.875,1.51,45.365,ACCOUNTING_ONLY_NOT_ALPHA_STATISTIC
ZN_2024_VALIDATION,VALIDATION,418,NONZERO_POSITION_EPISODE,2024-08-07T18:00:00Z,2024-08-07T20:00:00Z,2,1,31.25,1.51,29.739999999999995,ACCOUNTING_ONLY_NOT_ALPHA_STATISTIC
ZN_2024_VALIDATION,VALIDATION,419,NONZERO_POSITION_EPISODE,2024-08-08T11:00:00Z,2024-08-08T19:00:00Z,8,1,-453.125,18.12,-471.245,ACCOUNTING_ONLY_NOT_ALPHA_STATISTIC
ZN_2024_VALIDATION,VALIDATION,420,NONZERO_POSITION_EPISODE,2024-08-11T23:00:00Z,2024-08-12T01:00:00Z,2,1,93.75,4.53,89.22,ACCOUNTING_ONLY_NOT_ALPHA_STATISTIC
ZN_2024_VALIDATION,VALIDATION,421,NONZERO_POSITION_EPISODE,2024-08-12T07:00:00Z,2024-08-12T08:00:00Z,1,1,78.125,1.51,76.615,ACCOUNTING_ONLY_NOT_ALPHA_STATISTIC
ZN_2024_VALIDATION,VALIDATION,422,NONZERO_POSITION_EPISODE,2024-08-13T01:00:00Z,2024-08-13T02:00:00Z,1,1,62.5,1.51,60.99,ACCOUNTING_ONLY_NOT_ALPHA_STATISTIC
ZN_2024_VALIDATION,VALIDATION,423,NONZERO_POSITION_EPISODE,2024-08-13T09:00:00Z,2024-08-13T11:00:00Z,2,1,109.375,1.51,107.865,ACCOUNTING_ONLY_NOT_ALPHA_STATISTIC
ZN_2024_VALIDATION,VALIDATION,424,NONZERO_POSITION_EPISODE,2024-08-14T02:00:00Z,2024-08-14T03:00:00Z,1,1,31.25,1.51,29.74,ACCOUNTING_ONLY_NOT_ALPHA_STATISTIC
ZN_2024_VALIDATION,VALIDATION,425,NONZERO_POSITION_EPISODE,2024-08-14T13:00:00Z,2024-08-14T14:00:00Z,1,1,437.5,3.02,434.48,ACCOUNTING_ONLY_NOT_ALPHA_STATISTIC
ZN_2024_VALIDATION,VALIDATION,426,NONZERO_POSITION_EPISODE,2024-08-14T20:00:00Z,2024-08-15T01:00:00Z,4,1,0.0,1.51,-1.509999999999998,ACCOUNTING_ONLY_NOT_ALPHA_STATISTIC
ZN_2024_VALIDATION,VALIDATION,427,NONZERO_POSITION_EPISODE,2024-08-15T02:00:00Z,2024-08-15T05:00:00Z,3,1,31.25,1.51,29.740000000000002,ACCOUNTING_ONLY_NOT_ALPHA_STATISTIC
ZN_2024_VALIDATION,VALIDATION,428,NONZERO_POSITION_EPISODE,2024-08-15T09:00:00Z,2024-08-15T11:00:00Z,2,1,46.875,1.51,45.364999999999995,ACCOUNTING_ONLY_NOT_ALPHA_STATISTIC
ZN_2024_VALIDATION,VALIDATION,429,NONZERO_POSITION_EPISODE,2024-08-15T13:00:00Z,2024-08-15T19:00:00Z,6,1,15.625,19.63,-4.005000000000052,ACCOUNTING_ONLY_NOT_ALPHA_STATISTIC
ZN_2024_VALIDATION,VALIDATION,430,NONZERO_POSITION_EPISODE,2024-08-15T23:00:00Z,2024-08-16T00:00:00Z,1,1,0.0,1.51,-1.51,ACCOUNTING_ONLY_NOT_ALPHA_STATISTIC
ZN_2024_VALIDATION,VALIDATION,431,NONZERO_POSITION_EPISODE,2024-08-16T14:00:00Z,2024-08-16T17:00:00Z,3,1,-78.125,4.53,-82.65499999999999,ACCOUNTING_ONLY_NOT_ALPHA_STATISTIC
ZN_2024_VALIDATION,VALIDATION,432,NONZERO_POSITION_EPISODE,2024-08-18T23:00:00Z,2024-08-19T01:00:00Z,2,1,46.875,1.51,45.365,ACCOUNTING_ONLY_NOT_ALPHA_STATISTIC
ZN_2024_VALIDATION,VALIDATION,433,NONZERO_POSITION_EPISODE,2024-08-19T13:00:00Z,2024-08-19T14:00:00Z,1,1,0.0,1.51,-1.51,ACCOUNTING_ONLY_NOT_ALPHA_STATISTIC
ZN_2024_VALIDATION,VALIDATION,434,NONZERO_POSITION_EPISODE,2024-08-20T03:00:00Z,2024-08-20T05:00:00Z,2,1,0.0,1.51,-1.509999999999998,ACCOUNTING_ONLY_NOT_ALPHA_STATISTIC
ZN_2024_VALIDATION,VALIDATION,435,NONZERO_POSITION_EPISODE,2024-08-21T08:00:00Z,2024-08-21T09:00:00Z,1,1,46.875,1.51,45.365,ACCOUNTING_ONLY_NOT_ALPHA_STATISTIC
ZN_2024_VALIDATION,VALIDATION,436,NONZERO_POSITION_EPISODE,2024-08-21T20:00:00Z,2024-08-21T23:00:00Z,2,1,-15.625,1.51,-17.134999999999998,ACCOUNTING_ONLY_NOT_ALPHA_STATISTIC
ZN_2024_VALIDATION,VALIDATION,437,NONZERO_POSITION_EPISODE,2024-08-22T00:00:00Z,2024-08-22T02:00:00Z,2,1,-15.625,1.51,-17.134999999999998,ACCOUNTING_ONLY_NOT_ALPHA_STATISTIC
ZN_2024_VALIDATION,VALIDATION,438,NONZERO_POSITION_EPISODE,2024-08-22T09:00:00Z,2024-08-22T20:00:00Z,11,1,-15.625,19.63,-35.25500000000002,ACCOUNTING_ONLY_NOT_ALPHA_STATISTIC
ZN_2024_VALIDATION,VALIDATION,439,NONZERO_POSITION_EPISODE,2024-08-23T05:00:00Z,2024-08-23T06:00:00Z,1,1,0.0,1.51,-1.51,ACCOUNTING_ONLY_NOT_ALPHA_STATISTIC
ZN_2024_VALIDATION,VALIDATION,440,NONZERO_POSITION_EPISODE,2024-08-23T08:00:00Z,2024-08-23T11:00:00Z,3,1,62.5,1.51,60.989999999999995,ACCOUNTING_ONLY_NOT_ALPHA_STATISTIC
ZN_2024_VALIDATION,VALIDATION,441,NONZERO_POSITION_EPISODE,2024-08-26T08:00:00Z,2024-08-26T09:00:00Z,1,1,31.25,1.51,29.74,ACCOUNTING_ONLY_NOT_ALPHA_STATISTIC
ZN_2024_VALIDATION,VALIDATION,442,NONZERO_POSITION_EPISODE,2024-08-26T12:00:00Z,2024-08-26T13:00:00Z,1,1,140.625,1.51,139.115,ACCOUNTING_ONLY_NOT_ALPHA_STATISTIC
ZN_2024_VALIDATION,VALIDATION,443,NONZERO_POSITION_EPISODE,2024-08-26T14:00:00Z,2024-08-26T15:00:00Z,1,1,656.25,4.53,651.72,ACCOUNTING_ONLY_NOT_ALPHA_STATISTIC
ZN_2024_VALIDATION,VALIDATION,444,NONZERO_POSITION_EPISODE,2024-08-26T16:00:00Z,2024-08-26T23:00:00Z,6,1,-46.875,7.55,-54.425000000000004,ACCOUNTING_ONLY_NOT_ALPHA_STATISTIC
ZN_2024_VALIDATION,VALIDATION,445,NONZERO_POSITION_EPISODE,2024-08-27T03:00:00Z,2024-08-27T07:00:00Z,4,1,0.0,1.51,-1.509999999999998,ACCOUNTING_ONLY_NOT_ALPHA_STATISTIC
ZN_2024_VALIDATION,VALIDATION,446,NONZERO_POSITION_EPISODE,2024-08-27T09:00:00Z,2024-08-27T15:00:00Z,6,1,-62.5,7.55,-70.04999999999998,ACCOUNTING_ONLY_NOT_ALPHA_STATISTIC
ZN_2024_VALIDATION,VALIDATION,447,NONZERO_POSITION_EPISODE,2024-08-28T02:00:00Z,2024-08-28T04:00:00Z,2,1,0.0,1.51,-1.5100000000000016,ACCOUNTING_ONLY_NOT_ALPHA_STATISTIC
ZN_2024_VALIDATION,VALIDATION,448,NONZERO_POSITION_EPISODE,2024-08-28T13:00:00Z,2024-08-28T15:00:00Z,2,1,93.75,3.02,90.73,ACCOUNTING_ONLY_NOT_ALPHA_STATISTIC
ZN_2024_VALIDATION,VALIDATION,449,NONZERO_POSITION_EPISODE,2024-08-28T16:00:00Z,2024-08-28T18:00:00Z,2,1,-15.625,1.51,-17.135000000000005,ACCOUNTING_ONLY_NOT_ALPHA_STATISTIC
ZN_2024_VALIDATION,VALIDATION,450,NONZERO_POSITION_EPISODE,2024-08-28T19:00:00Z,2024-08-28T20:00:00Z,1,1,0.0,1.51,-1.51,ACCOUNTING_ONLY_NOT_ALPHA_STATISTIC
ZN_2024_VALIDATION,VALIDATION,451,NONZERO_POSITION_EPISODE,2024-08-29T13:00:00Z,2024-08-29T17:00:00Z,4,1,-15.625,13.59,-29.21499999999999,ACCOUNTING_ONLY_NOT_ALPHA_STATISTIC
ZN_2024_VALIDATION,VALIDATION,452,NONZERO_POSITION_EPISODE,2024-08-29T20:00:00Z,2024-08-29T21:00:00Z,1,1,46.875,1.51,45.365,ACCOUNTING_ONLY_NOT_ALPHA_STATISTIC
ZN_2024_VALIDATION,VALIDATION,453,NONZERO_POSITION_EPISODE,2024-08-30T12:00:00Z,2024-08-30T14:00:00Z,2,1,125.0,4.53,120.46999999999998,ACCOUNTING_ONLY_NOT_ALPHA_STATISTIC
ZN_2024_VALIDATION,VALIDATION,454,NONZERO_POSITION_EPISODE,2024-08-30T16:00:00Z,2024-08-30T21:00:00Z,5,1,62.5,13.59,48.91000000000002,ACCOUNTING_ONLY_NOT_ALPHA_STATISTIC
ZN_2024_VALIDATION,VALIDATION,455,NONZERO_POSITION_EPISODE,2024-09-01T23:00:00Z,2024-09-02T00:00:00Z,1,1,31.25,1.51,29.74,ACCOUNTING_ONLY_NOT_ALPHA_STATISTIC
ZN_2024_VALIDATION,VALIDATION,456,NONZERO_POSITION_EPISODE,2024-09-02T01:00:00Z,2024-09-02T03:00:00Z,2,1,15.625,1.51,14.115,ACCOUNTING_ONLY_NOT_ALPHA_STATISTIC
ZN_2024_VALIDATION,VALIDATION,457,NONZERO_POSITION_EPISODE,2024-09-02T05:00:00Z,2024-09-02T11:00:00Z,6,1,-109.375,7.55,-116.925,ACCOUNTING_ONLY_NOT_ALPHA_STATISTIC
ZN_2024_VALIDATION,VALIDATION,458,NONZERO_POSITION_EPISODE,2024-09-02T14:00:00Z,2024-09-02T15:00:00Z,1,1,62.5,1.51,60.99,ACCOUNTING_ONLY_NOT_ALPHA_STATISTIC
ZN_2024_VALIDATION,VALIDATION,459,NONZERO_POSITION_EPISODE,2024-09-03T12:00:00Z,2024-09-03T13:00:00Z,1,1,250.0,1.51,248.49,ACCOUNTING_ONLY_NOT_ALPHA_STATISTIC
ZN_2024_VALIDATION,VALIDATION,460,NONZERO_POSITION_EPISODE,2024-09-04T13:00:00Z,2024-09-04T14:00:00Z,1,1,328.125,4.53,323.595,ACCOUNTING_ONLY_NOT_ALPHA_STATISTIC
ZN_2024_VALIDATION,VALIDATION,461,NONZERO_POSITION_EPISODE,2024-09-05T01:00:00Z,2024-09-05T03:00:00Z,2,1,15.625,1.51,14.115,ACCOUNTING_ONLY_NOT_ALPHA_STATISTIC
ZN_2024_VALIDATION,VALIDATION,462,NONZERO_POSITION_EPISODE,2024-09-05T08:00:00Z,2024-09-05T10:00:00Z,2,1,15.625,1.51,14.115,ACCOUNTING_ONLY_NOT_ALPHA_STATISTIC
ZN_2024_VALIDATION,VALIDATION,463,NONZERO_POSITION_EPISODE,2024-09-05T15:00:00Z,2024-09-05T16:00:00Z,1,1,625.0,6.04,618.96,ACCOUNTING_ONLY_NOT_ALPHA_STATISTIC
ZN_2024_VALIDATION,VALIDATION,464,NONZERO_POSITION_EPISODE,2024-09-06T12:00:00Z,2024-09-06T13:00:00Z,1,1,0.0,1.51,-1.51,ACCOUNTING_ONLY_NOT_ALPHA_STATISTIC
ZN_2024_VALIDATION,VALIDATION,465,NONZERO_POSITION_EPISODE,2024-09-06T14:00:00Z,2024-09-06T15:00:00Z,1,1,3187.5,9.06,3178.44,ACCOUNTING_ONLY_NOT_ALPHA_STATISTIC
ZN_2024_VALIDATION,VALIDATION,466,NONZERO_POSITION_EPISODE,2024-09-06T17:00:00Z,2024-09-06T18:00:00Z,1,1,187.5,3.02,184.48,ACCOUNTING_ONLY_NOT_ALPHA_STATISTIC
ZN_2024_VALIDATION,VALIDATION,467,NONZERO_POSITION_EPISODE,2024-09-06T20:00:00Z,2024-09-06T21:00:00Z,1,1,78.125,1.51,76.615,ACCOUNTING_ONLY_NOT_ALPHA_STATISTIC
ZN_2024_VALIDATION,VALIDATION,468,NONZERO_POSITION_EPISODE,2024-09-08T23:00:00Z,2024-09-09T07:00:00Z,8,1,-156.25,4.53,-160.78,ACCOUNTING_ONLY_NOT_ALPHA_STATISTIC
ZN_2024_VALIDATION,VALIDATION,469,NONZERO_POSITION_EPISODE,2024-09-09T09:00:00Z,2024-09-09T11:00:00Z,2,1,93.75,4.53,89.22,ACCOUNTING_ONLY_NOT_ALPHA_STATISTIC
ZN_2024_VALIDATION,VALIDATION,470,NONZERO_POSITION_EPISODE,2024-09-10T08:00:00Z,2024-09-10T09:00:00Z,1,1,15.625,1.51,14.115,ACCOUNTING_ONLY_NOT_ALPHA_STATISTIC
ZN_2024_VALIDATION,VALIDATION,471,NONZERO_POSITION_EPISODE,2024-09-11T01:00:00Z,2024-09-11T02:00:00Z,1,1,93.75,1.51,92.24,ACCOUNTING_ONLY_NOT_ALPHA_STATISTIC
ZN_2024_VALIDATION,VALIDATION,472,NONZERO_POSITION_EPISODE,2024-09-11T10:00:00Z,2024-09-11T12:00:00Z,2,1,0.0,1.51,-1.509999999999998,ACCOUNTING_ONLY_NOT_ALPHA_STATISTIC
ZN_2024_VALIDATION,VALIDATION,473,NONZERO_POSITION_EPISODE,2024-09-11T13:00:00Z,2024-09-11T15:00:00Z,2,1,2062.5,22.65,2039.8500000000001,ACCOUNTING_ONLY_NOT_ALPHA_STATISTIC
ZN_2024_VALIDATION,VALIDATION,474,NONZERO_POSITION_EPISODE,2024-09-11T16:00:00Z,2024-09-11T19:00:00Z,3,1,-46.875,6.04,-52.91499999999999,ACCOUNTING_ONLY_NOT_ALPHA_STATISTIC
ZN_2024_VALIDATION,VALIDATION,475,NONZERO_POSITION_EPISODE,2024-09-12T01:00:00Z,2024-09-12T04:00:00Z,3,1,31.25,4.53,26.72,ACCOUNTING_ONLY_NOT_ALPHA_STATISTIC
ZN_2024_VALIDATION,VALIDATION,476,NONZERO_POSITION_EPISODE,2024-09-12T07:00:00Z,2024-09-12T11:00:00Z,4,1,-15.625,1.51,-17.134999999999998,ACCOUNTING_ONLY_NOT_ALPHA_STATISTIC
ZN_2024_VALIDATION,VALIDATION,477,NONZERO_POSITION_EPISODE,2024-09-12T15:00:00Z,2024-09-12T19:00:00Z,4,1,281.25,13.59,267.65999999999997,ACCOUNTING_ONLY_NOT_ALPHA_STATISTIC
ZN_2024_VALIDATION,VALIDATION,478,NONZERO_POSITION_EPISODE,2024-09-13T10:00:00Z,2024-09-13T16:00:00Z,6,1,46.875,9.06,37.815000000000005,ACCOUNTING_ONLY_NOT_ALPHA_STATISTIC
ZN_2024_VALIDATION,VALIDATION,479,NONZERO_POSITION_EPISODE,2024-09-13T20:00:00Z,2024-09-13T21:00:00Z,1,1,93.75,3.02,90.73,ACCOUNTING_ONLY_NOT_ALPHA_STATISTIC
ZN_2024_VALIDATION,VALIDATION,480,NONZERO_POSITION_EPISODE,2024-09-16T10:00:00Z,2024-09-16T11:00:00Z,1,1,125.0,3.02,121.98,ACCOUNTING_ONLY_NOT_ALPHA_STATISTIC
ZN_2024_VALIDATION,VALIDATION,481,NONZERO_POSITION_EPISODE,2024-09-16T13:00:00Z,2024-09-16T15:00:00Z,2,1,250.0,3.02,246.98000000000002,ACCOUNTING_ONLY_NOT_ALPHA_STATISTIC
ZN_2024_VALIDATION,VALIDATION,482,NONZERO_POSITION_EPISODE,2024-09-17T01:00:00Z,2024-09-17T03:00:00Z,2,1,31.25,1.51,29.74,ACCOUNTING_ONLY_NOT_ALPHA_STATISTIC
ZN_2024_VALIDATION,VALIDATION,483,NONZERO_POSITION_EPISODE,2024-09-17T05:00:00Z,2024-09-17T07:00:00Z,2,1,93.75,3.02,90.72999999999999,ACCOUNTING_ONLY_NOT_ALPHA_STATISTIC
ZN_2024_VALIDATION,VALIDATION,484,NONZERO_POSITION_EPISODE,2024-09-17T11:00:00Z,2024-09-17T12:00:00Z,1,1,62.5,1.51,60.99,ACCOUNTING_ONLY_NOT_ALPHA_STATISTIC
ZN_2024_VALIDATION,VALIDATION,485,NONZERO_POSITION_EPISODE,2024-09-17T13:00:00Z,2024-09-17T19:00:00Z,6,1,-15.625,27.18,-42.80499999999995,ACCOUNTING_ONLY_NOT_ALPHA_STATISTIC
ZN_2024_VALIDATION,VALIDATION,486,NONZERO_POSITION_EPISODE,2024-09-17T21:00:00Z,2024-09-17T23:00:00Z,1,1,15.625,1.51,14.115,ACCOUNTING_ONLY_NOT_ALPHA_STATISTIC
ZN_2024_VALIDATION,VALIDATION,487,NONZERO_POSITION_EPISODE,2024-09-18T03:00:00Z,2024-09-18T04:00:00Z,1,1,46.875,1.51,45.365,ACCOUNTING_ONLY_NOT_ALPHA_STATISTIC
ZN_2024_VALIDATION,VALIDATION,488,NONZERO_POSITION_EPISODE,2024-09-18T06:00:00Z,2024-09-18T17:00:00Z,11,1,-234.375,25.67,-260.045,ACCOUNTING_ONLY_NOT_ALPHA_STATISTIC
ZN_2024_VALIDATION,VALIDATION,489,NONZERO_POSITION_EPISODE,2024-09-18T18:00:00Z,2024-09-18T19:00:00Z,1,1,125.0,3.02,121.98,ACCOUNTING_ONLY_NOT_ALPHA_STATISTIC
ZN_2024_VALIDATION,VALIDATION,490,NONZERO_POSITION_EPISODE,2024-09-18T20:00:00Z,2024-09-19T05:00:00Z,8,1,-140.625,22.65,-163.275,ACCOUNTING_ONLY_NOT_ALPHA_STATISTIC
ZN_2024_VALIDATION,VALIDATION,491,NONZERO_POSITION_EPISODE,2024-09-19T12:00:00Z,2024-09-19T15:00:00Z,3,1,1484.375,19.63,1464.7450000000001,ACCOUNTING_ONLY_NOT_ALPHA_STATISTIC
ZN_2024_VALIDATION,VALIDATION,492,NONZERO_POSITION_EPISODE,2024-09-19T16:00:00Z,2024-09-19T19:00:00Z,3,1,0.0,4.53,-4.530000000000008,ACCOUNTING_ONLY_NOT_ALPHA_STATISTIC
ZN_2024_VALIDATION,VALIDATION,493,NONZERO_POSITION_EPISODE,2024-09-20T05:00:00Z,2024-09-20T08:00:00Z,3,1,46.875,3.02,43.85499999999999,ACCOUNTING_ONLY_NOT_ALPHA_STATISTIC
ZN_2024_VALIDATION,VALIDATION,494,NONZERO_POSITION_EPISODE,2024-09-20T10:00:00Z,2024-09-20T16:00:00Z,6,1,312.5,18.12,294.38,ACCOUNTING_ONLY_NOT_ALPHA_STATISTIC
ZN_2024_VALIDATION,VALIDATION,495,NONZERO_POSITION_EPISODE,2024-09-20T20:00:00Z,2024-09-23T03:00:00Z,6,1,-156.25,7.55,-163.8,ACCOUNTING_ONLY_NOT_ALPHA_STATISTIC
ZN_2024_VALIDATION,VALIDATION,496,NONZERO_POSITION_EPISODE,2024-09-23T05:00:00Z,2024-09-23T06:00:00Z,1,1,15.625,1.51,14.115,ACCOUNTING_ONLY_NOT_ALPHA_STATISTIC
ZN_2024_VALIDATION,VALIDATION,497,NONZERO_POSITION_EPISODE,2024-09-23T12:00:00Z,2024-09-23T16:00:00Z,4,1,62.5,12.08,50.42000000000003,ACCOUNTING_ONLY_NOT_ALPHA_STATISTIC
ZN_2024_VALIDATION,VALIDATION,498,NONZERO_POSITION_EPISODE,2024-09-23T21:00:00Z,2024-09-23T23:00:00Z,1,1,31.25,1.51,29.74,ACCOUNTING_ONLY_NOT_ALPHA_STATISTIC
ZN_2024_VALIDATION,VALIDATION,499,NONZERO_POSITION_EPISODE,2024-09-24T03:00:00Z,2024-09-24T06:00:00Z,3,1,0.0,6.04,-6.040000000000003,ACCOUNTING_ONLY_NOT_ALPHA_STATISTIC
ZN_2024_VALIDATION,VALIDATION,500,NONZERO_POSITION_EPISODE,2024-09-24T07:00:00Z,2024-09-24T14:00:00Z,7,1,-109.375,31.71,-141.08499999999998,ACCOUNTING_ONLY_NOT_ALPHA_STATISTIC
ZN_2024_VALIDATION,VALIDATION,501,NONZERO_POSITION_EPISODE,2024-09-25T02:00:00Z,2024-09-25T03:00:00Z,1,1,62.5,3.02,59.48,ACCOUNTING_ONLY_NOT_ALPHA_STATISTIC
ZN_2024_VALIDATION,VALIDATION,502,NONZERO_POSITION_EPISODE,2024-09-25T04:00:00Z,2024-09-25T06:00:00Z,2,1,31.25,3.02,28.230000000000004,ACCOUNTING_ONLY_NOT_ALPHA_STATISTIC
ZN_2024_VALIDATION,VALIDATION,503,NONZERO_POSITION_EPISODE,2024-09-25T08:00:00Z,2024-09-25T13:00:00Z,5,1,-93.75,6.04,-99.79000000000002,ACCOUNTING_ONLY_NOT_ALPHA_STATISTIC
ZN_2024_VALIDATION,VALIDATION,504,NONZERO_POSITION_EPISODE,2024-09-25T14:00:00Z,2024-09-25T23:00:00Z,8,1,-218.75,19.63,-238.38000000000002,ACCOUNTING_ONLY_NOT_ALPHA_STATISTIC
ZN_2024_VALIDATION,VALIDATION,505,NONZERO_POSITION_EPISODE,2024-09-26T02:00:00Z,2024-09-26T03:00:00Z,1,1,31.25,3.02,28.23,ACCOUNTING_ONLY_NOT_ALPHA_STATISTIC
ZN_2024_VALIDATION,VALIDATION,506,NONZERO_POSITION_EPISODE,2024-09-26T04:00:00Z,2024-09-26T05:00:00Z,1,1,15.625,1.51,14.115,ACCOUNTING_ONLY_NOT_ALPHA_STATISTIC
ZN_2024_VALIDATION,VALIDATION,507,NONZERO_POSITION_EPISODE,2024-09-26T13:00:00Z,2024-09-26T18:00:00Z,5,1,62.5,27.18,35.320000000000064,ACCOUNTING_ONLY_NOT_ALPHA_STATISTIC
ZN_2024_VALIDATION,VALIDATION,508,NONZERO_POSITION_EPISODE,2024-09-26T21:00:00Z,2024-09-27T00:00:00Z,2,1,62.5,4.53,57.97,ACCOUNTING_ONLY_NOT_ALPHA_STATISTIC
ZN_2024_VALIDATION,VALIDATION,509,NONZERO_POSITION_EPISODE,2024-09-27T01:00:00Z,2024-09-27T02:00:00Z,1,1,31.25,1.51,29.74,ACCOUNTING_ONLY_NOT_ALPHA_STATISTIC
ZN_2024_VALIDATION,VALIDATION,510,NONZERO_POSITION_EPISODE,2024-09-27T04:00:00Z,2024-09-27T06:00:00Z,2,1,78.125,3.02,75.10499999999999,ACCOUNTING_ONLY_NOT_ALPHA_STATISTIC
ZN_2024_VALIDATION,VALIDATION,511,NONZERO_POSITION_EPISODE,2024-09-27T10:00:00Z,2024-09-27T12:00:00Z,2,1,93.75,3.02,90.72999999999999,ACCOUNTING_ONLY_NOT_ALPHA_STATISTIC
ZN_2024_VALIDATION,VALIDATION,512,NONZERO_POSITION_EPISODE,2024-09-27T15:00:00Z,2024-09-27T16:00:00Z,1,1,140.625,1.51,139.115,ACCOUNTING_ONLY_NOT_ALPHA_STATISTIC
ZN_2024_VALIDATION,VALIDATION,513,NONZERO_POSITION_EPISODE,2024-09-30T00:00:00Z,2024-09-30T02:00:00Z,2,1,15.625,1.51,14.114999999999998,ACCOUNTING_ONLY_NOT_ALPHA_STATISTIC
ZN_2024_VALIDATION,VALIDATION,514,NONZERO_POSITION_EPISODE,2024-09-30T04:00:00Z,2024-09-30T05:00:00Z,1,1,15.625,1.51,14.115,ACCOUNTING_ONLY_NOT_ALPHA_STATISTIC
ZN_2024_VALIDATION,VALIDATION,515,NONZERO_POSITION_EPISODE,2024-09-30T07:00:00Z,2024-09-30T14:00:00Z,7,1,421.875,22.650000000000002,399.225,ACCOUNTING_ONLY_NOT_ALPHA_STATISTIC
ZN_2024_VALIDATION,VALIDATION,516,NONZERO_POSITION_EPISODE,2024-09-30T15:00:00Z,2024-09-30T17:00:00Z,2,1,156.25,3.02,153.23,ACCOUNTING_ONLY_NOT_ALPHA_STATISTIC
ZN_2024_VALIDATION,VALIDATION,517,NONZERO_POSITION_EPISODE,2024-09-30T19:00:00Z,2024-09-30T23:00:00Z,3,1,1187.5,28.69,1158.8100000000002,ACCOUNTING_ONLY_NOT_ALPHA_STATISTIC
ZN_2024_VALIDATION,VALIDATION,518,NONZERO_POSITION_EPISODE,2024-10-01T03:00:00Z,2024-10-01T07:00:00Z,4,1,0.0,4.53,-4.530000000000003,ACCOUNTING_ONLY_NOT_ALPHA_STATISTIC
ZN_2024_VALIDATION,VALIDATION,519,NONZERO_POSITION_EPISODE,2024-10-01T18:00:00Z,2024-10-01T21:00:00Z,3,1,62.5,9.06,53.440000000000005,ACCOUNTING_ONLY_NOT_ALPHA_STATISTIC
ZN_2024_VALIDATION,VALIDATION,520,NONZERO_POSITION_EPISODE,2024-10-02T02:00:00Z,2024-10-02T05:00:00Z,3,1,93.75,3.02,90.72999999999999,ACCOUNTING_ONLY_NOT_ALPHA_STATISTIC
ZN_2024_VALIDATION,VALIDATION,521,NONZERO_POSITION_EPISODE,2024-10-02T07:00:00Z,2024-10-02T12:00:00Z,5,1,-281.25,18.12,-299.36999999999995,ACCOUNTING_ONLY_NOT_ALPHA_STATISTIC
ZN_2024_VALIDATION,VALIDATION,522,NONZERO_POSITION_EPISODE,2024-10-02T13:00:00Z,2024-10-02T16:00:00Z,3,1,937.5,24.16,913.34,ACCOUNTING_ONLY_NOT_ALPHA_STATISTIC
ZN_2024_VALIDATION,VALIDATION,523,NONZERO_POSITION_EPISODE,2024-10-02T23:00:00Z,2024-10-03T03:00:00Z,4,1,0.0,3.02,-3.019999999999996,ACCOUNTING_ONLY_NOT_ALPHA_STATISTIC
ZN_2024_VALIDATION,VALIDATION,524,NONZERO_POSITION_EPISODE,2024-10-03T04:00:00Z,2024-10-03T06:00:00Z,2,1,93.75,3.02,90.72999999999999,ACCOUNTING_ONLY_NOT_ALPHA_STATISTIC
ZN_2024_VALIDATION,VALIDATION,525,NONZERO_POSITION_EPISODE,2024-10-03T07:00:00Z,2024-10-03T23:00:00Z,15,1,-500.0,51.34,-551.34,ACCOUNTING_ONLY_NOT_ALPHA_STATISTIC
ZN_2024_VALIDATION,VALIDATION,526,NONZERO_POSITION_EPISODE,2024-10-04T00:00:00Z,2024-10-04T02:00:00Z,2,1,46.875,1.51,45.365,ACCOUNTING_ONLY_NOT_ALPHA_STATISTIC
ZN_2024_VALIDATION,VALIDATION,527,NONZERO_POSITION_EPISODE,2024-10-04T04:00:00Z,2024-10-04T06:00:00Z,2,1,15.625,1.51,14.115,ACCOUNTING_ONLY_NOT_ALPHA_STATISTIC
ZN_2024_VALIDATION,VALIDATION,528,NONZERO_POSITION_EPISODE,2024-10-04T10:00:00Z,2024-10-07T02:00:00Z,15,1,-7046.875,37.75,-7084.625,ACCOUNTING_ONLY_NOT_ALPHA_STATISTIC
ZN_2024_VALIDATION,VALIDATION,529,NONZERO_POSITION_EPISODE,2024-10-07T05:00:00Z,2024-10-07T12:00:00Z,7,1,-109.375,13.59,-122.965,ACCOUNTING_ONLY_NOT_ALPHA_STATISTIC
ZN_2024_VALIDATION,VALIDATION,530,NONZERO_POSITION_EPISODE,2024-10-07T13:00:00Z,2024-10-07T14:00:00Z,1,1,437.5,6.04,431.46,ACCOUNTING_ONLY_NOT_ALPHA_STATISTIC
ZN_2024_VALIDATION,VALIDATION,531,NONZERO_POSITION_EPISODE,2024-10-07T15:00:00Z,2024-10-07T17:00:00Z,2,1,62.5,4.53,57.97,ACCOUNTING_ONLY_NOT_ALPHA_STATISTIC
ZN_2024_VALIDATION,VALIDATION,532,NONZERO_POSITION_EPISODE,2024-10-07T19:00:00Z,2024-10-07T20:00:00Z,1,1,15.625,1.51,14.115,ACCOUNTING_ONLY_NOT_ALPHA_STATISTIC
ZN_2024_VALIDATION,VALIDATION,533,NONZERO_POSITION_EPISODE,2024-10-07T21:00:00Z,2024-10-07T23:00:00Z,1,1,62.5,1.51,60.99,ACCOUNTING_ONLY_NOT_ALPHA_STATISTIC
ZN_2024_VALIDATION,VALIDATION,534,NONZERO_POSITION_EPISODE,2024-10-08T08:00:00Z,2024-10-08T15:00:00Z,7,1,-78.125,6.04,-84.16499999999998,ACCOUNTING_ONLY_NOT_ALPHA_STATISTIC
ZN_2024_VALIDATION,VALIDATION,535,NONZERO_POSITION_EPISODE,2024-10-08T19:00:00Z,2024-10-08T20:00:00Z,1,1,109.375,1.51,107.865,ACCOUNTING_ONLY_NOT_ALPHA_STATISTIC
ZN_2024_VALIDATION,VALIDATION,536,NONZERO_POSITION_EPISODE,2024-10-09T05:00:00Z,2024-10-09T07:00:00Z,2,1,93.75,3.02,90.73,ACCOUNTING_ONLY_NOT_ALPHA_STATISTIC
ZN_2024_VALIDATION,VALIDATION,537,NONZERO_POSITION_EPISODE,2024-10-09T08:00:00Z,2024-10-09T10:00:00Z,2,1,15.625,1.51,14.114999999999998,ACCOUNTING_ONLY_NOT_ALPHA_STATISTIC
ZN_2024_VALIDATION,VALIDATION,538,NONZERO_POSITION_EPISODE,2024-10-09T12:00:00Z,2024-10-09T23:00:00Z,10,1,-437.5,18.12,-455.62,ACCOUNTING_ONLY_NOT_ALPHA_STATISTIC
ZN_2024_VALIDATION,VALIDATION,539,NONZERO_POSITION_EPISODE,2024-10-10T13:00:00Z,2024-10-10T14:00:00Z,1,-1,437.5,6.04,431.46,ACCOUNTING_ONLY_NOT_ALPHA_STATISTIC
ZN_2024_VALIDATION,VALIDATION,540,NONZERO_POSITION_EPISODE,2024-10-10T16:00:00Z,2024-10-10T17:00:00Z,1,-1,468.75,3.02,465.73,ACCOUNTING_ONLY_NOT_ALPHA_STATISTIC
ZN_2024_VALIDATION,VALIDATION,541,NONZERO_POSITION_EPISODE,2024-10-10T20:00:00Z,2024-10-11T03:00:00Z,6,-1,93.75,10.57,83.18,ACCOUNTING_ONLY_NOT_ALPHA_STATISTIC
ZN_2024_VALIDATION,VALIDATION,542,NONZERO_POSITION_EPISODE,2024-10-11T16:00:00Z,2024-10-11T20:00:00Z,4,-1,-15.625,7.55,-23.175000000000015,ACCOUNTING_ONLY_NOT_ALPHA_STATISTIC
ZN_2024_VALIDATION,VALIDATION,543,NONZERO_POSITION_EPISODE,2024-10-14T07:00:00Z,2024-10-14T08:00:00Z,1,-1,93.75,3.02,90.73,ACCOUNTING_ONLY_NOT_ALPHA_STATISTIC
ZN_2024_VALIDATION,VALIDATION,544,NONZERO_POSITION_EPISODE,2024-10-14T19:00:00Z,2024-10-15T05:00:00Z,9,-1,-250.0,13.59,-263.59,ACCOUNTING_ONLY_NOT_ALPHA_STATISTIC
ZN_2024_VALIDATION,VALIDATION,545,NONZERO_POSITION_EPISODE,2024-10-15T07:00:00Z,2024-10-15T18:00:00Z,11,-1,-187.5,25.67,-213.17000000000002,ACCOUNTING_ONLY_NOT_ALPHA_STATISTIC
ZN_2024_VALIDATION,VALIDATION,546,NONZERO_POSITION_EPISODE,2024-10-15T19:00:00Z,2024-10-16T00:00:00Z,4,-1,0.0,1.51,-1.5100000000000016,ACCOUNTING_ONLY_NOT_ALPHA_STATISTIC
ZN_2024_VALIDATION,VALIDATION,547,NONZERO_POSITION_EPISODE,2024-10-16T02:00:00Z,2024-10-16T04:00:00Z,2,-1,31.25,1.51,29.74,ACCOUNTING_ONLY_NOT_ALPHA_STATISTIC
ZN_2024_VALIDATION,VALIDATION,548,NONZERO_POSITION_EPISODE,2024-10-16T06:00:00Z,2024-10-16T11:00:00Z,5,-1,93.75,10.57,83.18,ACCOUNTING_ONLY_NOT_ALPHA_STATISTIC
ZN_2024_VALIDATION,VALIDATION,549,NONZERO_POSITION_EPISODE,2024-10-16T12:00:00Z,2024-10-16T13:00:00Z,1,-1,250.0,3.02,246.98,ACCOUNTING_ONLY_NOT_ALPHA_STATISTIC
ZN_2024_VALIDATION,VALIDATION,550,NONZERO_POSITION_EPISODE,2024-10-16T14:00:00Z,2024-10-16T15:00:00Z,1,-1,62.5,3.02,59.48,ACCOUNTING_ONLY_NOT_ALPHA_STATISTIC
ZN_2024_VALIDATION,VALIDATION,551,NONZERO_POSITION_EPISODE,2024-10-17T11:00:00Z,2024-10-17T12:00:00Z,1,-1,46.875,1.51,45.365,ACCOUNTING_ONLY_NOT_ALPHA_STATISTIC
ZN_2024_VALIDATION,VALIDATION,552,NONZERO_POSITION_EPISODE,2024-10-18T10:00:00Z,2024-10-18T12:00:00Z,2,-1,93.75,1.51,92.24,ACCOUNTING_ONLY_NOT_ALPHA_STATISTIC
ZN_2024_VALIDATION,VALIDATION,553,NONZERO_POSITION_EPISODE,2024-10-18T13:00:00Z,2024-10-18T18:00:00Z,5,-1,-78.125,12.08,-90.205,ACCOUNTING_ONLY_NOT_ALPHA_STATISTIC
ZN_2024_VALIDATION,VALIDATION,554,NONZERO_POSITION_EPISODE,2024-10-21T02:00:00Z,2024-10-21T04:00:00Z,2,-1,15.625,1.51,14.115,ACCOUNTING_ONLY_NOT_ALPHA_STATISTIC
ZN_2024_VALIDATION,VALIDATION,555,NONZERO_POSITION_EPISODE,2024-10-21T05:00:00Z,2024-10-21T06:00:00Z,1,-1,0.0,1.51,-1.51,ACCOUNTING_ONLY_NOT_ALPHA_STATISTIC
ZN_2024_VALIDATION,VALIDATION,556,NONZERO_POSITION_EPISODE,2024-10-22T12:00:00Z,2024-10-22T15:00:00Z,3,-1,0.0,4.53,-4.530000000000001,ACCOUNTING_ONLY_NOT_ALPHA_STATISTIC
ZN_2024_VALIDATION,VALIDATION,557,NONZERO_POSITION_EPISODE,2024-10-22T18:00:00Z,2024-10-22T19:00:00Z,1,-1,78.125,1.51,76.615,ACCOUNTING_ONLY_NOT_ALPHA_STATISTIC
ZN_2024_VALIDATION,VALIDATION,558,NONZERO_POSITION_EPISODE,2024-10-23T08:00:00Z,2024-10-23T09:00:00Z,1,-1,62.5,1.51,60.99,ACCOUNTING_ONLY_NOT_ALPHA_STATISTIC
ZN_2024_VALIDATION,VALIDATION,559,NONZERO_POSITION_EPISODE,2024-10-23T11:00:00Z,2024-10-23T12:00:00Z,1,-1,78.125,1.51,76.615,ACCOUNTING_ONLY_NOT_ALPHA_STATISTIC
ZN_2024_VALIDATION,VALIDATION,560,NONZERO_POSITION_EPISODE,2024-10-23T16:00:00Z,2024-10-23T18:00:00Z,2,-1,203.125,7.550000000000001,195.575,ACCOUNTING_ONLY_NOT_ALPHA_STATISTIC
ZN_2024_VALIDATION,VALIDATION,561,NONZERO_POSITION_EPISODE,2024-10-23T20:00:00Z,2024-10-23T21:00:00Z,1,-1,93.75,1.51,92.24,ACCOUNTING_ONLY_NOT_ALPHA_STATISTIC
ZN_2024_VALIDATION,VALIDATION,562,NONZERO_POSITION_EPISODE,2024-10-24T01:00:00Z,2024-10-24T13:00:00Z,12,-1,-234.375,15.1,-249.475,ACCOUNTING_ONLY_NOT_ALPHA_STATISTIC
ZN_2024_VALIDATION,VALIDATION,563,NONZERO_POSITION_EPISODE,2024-10-24T15:00:00Z,2024-10-24T19:00:00Z,4,-1,140.625,6.04,134.585,ACCOUNTING_ONLY_NOT_ALPHA_STATISTIC
ZN_2024_VALIDATION,VALIDATION,564,NONZERO_POSITION_EPISODE,2024-10-25T01:00:00Z,2024-10-25T03:00:00Z,2,-1,46.875,4.53,42.345,ACCOUNTING_ONLY_NOT_ALPHA_STATISTIC
ZN_2024_VALIDATION,VALIDATION,565,NONZERO_POSITION_EPISODE,2024-10-25T04:00:00Z,2024-10-25T09:00:00Z,5,-1,78.125,7.55,70.575,ACCOUNTING_ONLY_NOT_ALPHA_STATISTIC
ZN_2024_VALIDATION,VALIDATION,566,NONZERO_POSITION_EPISODE,2024-10-25T12:00:00Z,2024-10-25T14:00:00Z,2,-1,-15.625,1.51,-17.134999999999998,ACCOUNTING_ONLY_NOT_ALPHA_STATISTIC
ZN_2024_VALIDATION,VALIDATION,567,NONZERO_POSITION_EPISODE,2024-10-28T09:00:00Z,2024-10-28T15:00:00Z,6,-1,31.25,18.12,13.129999999999995,ACCOUNTING_ONLY_NOT_ALPHA_STATISTIC
ZN_2024_VALIDATION,VALIDATION,568,NONZERO_POSITION_EPISODE,2024-10-28T20:00:00Z,2024-10-28T21:00:00Z,1,-1,187.5,3.02,184.48,ACCOUNTING_ONLY_NOT_ALPHA_STATISTIC
ZN_2024_VALIDATION,VALIDATION,569,NONZERO_POSITION_EPISODE,2024-10-29T00:00:00Z,2024-10-29T03:00:00Z,3,-1,31.25,4.53,26.72,ACCOUNTING_ONLY_NOT_ALPHA_STATISTIC
ZN_2024_VALIDATION,VALIDATION,570,NONZERO_POSITION_EPISODE,2024-10-29T07:00:00Z,2024-10-29T08:00:00Z,1,-1,46.875,1.51,45.365,ACCOUNTING_ONLY_NOT_ALPHA_STATISTIC
ZN_2024_VALIDATION,VALIDATION,571,NONZERO_POSITION_EPISODE,2024-10-29T15:00:00Z,2024-10-29T16:00:00Z,1,-1,46.875,1.51,45.365,ACCOUNTING_ONLY_NOT_ALPHA_STATISTIC
ZN_2024_VALIDATION,VALIDATION,572,NONZERO_POSITION_EPISODE,2024-10-29T18:00:00Z,2024-10-30T05:00:00Z,10,-1,-1625.0,22.65,-1647.65,ACCOUNTING_ONLY_NOT_ALPHA_STATISTIC
ZN_2024_VALIDATION,VALIDATION,573,NONZERO_POSITION_EPISODE,2024-10-30T06:00:00Z,2024-10-30T08:00:00Z,2,-1,31.25,4.53,26.72,ACCOUNTING_ONLY_NOT_ALPHA_STATISTIC
ZN_2024_VALIDATION,VALIDATION,574,NONZERO_POSITION_EPISODE,2024-10-30T09:00:00Z,2024-10-30T12:00:00Z,3,-1,78.125,12.08,66.04500000000002,ACCOUNTING_ONLY_NOT_ALPHA_STATISTIC
ZN_2024_VALIDATION,VALIDATION,575,NONZERO_POSITION_EPISODE,2024-10-30T14:00:00Z,2024-10-30T15:00:00Z,1,-1,1781.25,9.06,1772.19,ACCOUNTING_ONLY_NOT_ALPHA_STATISTIC
ZN_2024_VALIDATION,VALIDATION,576,NONZERO_POSITION_EPISODE,2024-10-31T04:00:00Z,2024-10-31T05:00:00Z,1,-1,15.625,1.51,14.115,ACCOUNTING_ONLY_NOT_ALPHA_STATISTIC
ZN_2024_VALIDATION,VALIDATION,577,NONZERO_POSITION_EPISODE,2024-10-31T06:00:00Z,2024-10-31T09:00:00Z,3,-1,31.25,1.51,29.74,ACCOUNTING_ONLY_NOT_ALPHA_STATISTIC
ZN_2024_VALIDATION,VALIDATION,578,NONZERO_POSITION_EPISODE,2024-10-31T11:00:00Z,2024-10-31T12:00:00Z,1,-1,328.125,4.53,323.595,ACCOUNTING_ONLY_NOT_ALPHA_STATISTIC
ZN_2024_VALIDATION,VALIDATION,579,NONZERO_POSITION_EPISODE,2024-10-31T16:00:00Z,2024-10-31T19:00:00Z,3,-1,93.75,6.04,87.71000000000002,ACCOUNTING_ONLY_NOT_ALPHA_STATISTIC
ZN_2024_VALIDATION,VALIDATION,580,NONZERO_POSITION_EPISODE,2024-11-01T01:00:00Z,2024-11-01T03:00:00Z,2,-1,31.25,3.02,28.230000000000004,ACCOUNTING_ONLY_NOT_ALPHA_STATISTIC
ZN_2024_VALIDATION,VALIDATION,581,NONZERO_POSITION_EPISODE,2024-11-01T04:00:00Z,2024-11-01T05:00:00Z,1,-1,15.625,1.51,14.115,ACCOUNTING_ONLY_NOT_ALPHA_STATISTIC
ZN_2024_VALIDATION,VALIDATION,582,NONZERO_POSITION_EPISODE,2024-11-01T06:00:00Z,2024-11-01T08:00:00Z,2,-1,203.125,3.02,200.10500000000002,ACCOUNTING_ONLY_NOT_ALPHA_STATISTIC
ZN_2024_VALIDATION,VALIDATION,583,NONZERO_POSITION_EPISODE,2024-11-01T13:00:00Z,2024-11-01T14:00:00Z,1,-1,3093.75,13.59,3080.16,ACCOUNTING_ONLY_NOT_ALPHA_STATISTIC
ZN_2024_VALIDATION,VALIDATION,584,NONZERO_POSITION_EPISODE,2024-11-04T00:00:00Z,2024-11-04T08:00:00Z,8,-1,-125.0,24.16,-149.16,ACCOUNTING_ONLY_NOT_ALPHA_STATISTIC
ZN_2024_VALIDATION,VALIDATION,585,NONZERO_POSITION_EPISODE,2024-11-04T10:00:00Z,2024-11-04T13:00:00Z,3,-1,125.0,6.04,118.96000000000001,ACCOUNTING_ONLY_NOT_ALPHA_STATISTIC
ZN_2024_VALIDATION,VALIDATION,586,NONZERO_POSITION_EPISODE,2024-11-04T14:00:00Z,2024-11-04T16:00:00Z,2,-1,156.25,6.04,150.21,ACCOUNTING_ONLY_NOT_ALPHA_STATISTIC
ZN_2024_VALIDATION,VALIDATION,587,NONZERO_POSITION_EPISODE,2024-11-04T21:00:00Z,2024-11-05T01:00:00Z,3,-1,15.625,4.53,11.094999999999995,ACCOUNTING_ONLY_NOT_ALPHA_STATISTIC
ZN_2024_VALIDATION,VALIDATION,588,NONZERO_POSITION_EPISODE,2024-11-05T04:00:00Z,2024-11-05T05:00:00Z,1,-1,15.625,1.51,14.115,ACCOUNTING_ONLY_NOT_ALPHA_STATISTIC
ZN_2024_VALIDATION,VALIDATION,589,NONZERO_POSITION_EPISODE,2024-11-05T19:00:00Z,2024-11-06T01:00:00Z,5,-1,1546.875,13.59,1533.2849999999999,ACCOUNTING_ONLY_NOT_ALPHA_STATISTIC
ZN_2024_VALIDATION,VALIDATION,590,NONZERO_POSITION_EPISODE,2024-11-06T08:00:00Z,2024-11-06T10:00:00Z,2,-1,359.375,6.04,353.33500000000004,ACCOUNTING_ONLY_NOT_ALPHA_STATISTIC
ZN_2024_VALIDATION,VALIDATION,591,NONZERO_POSITION_EPISODE,2024-11-06T18:00:00Z,2024-11-06T21:00:00Z,3,-1,234.375,10.57,223.805,ACCOUNTING_ONLY_NOT_ALPHA_STATISTIC
ZN_2024_VALIDATION,VALIDATION,592,NONZERO_POSITION_EPISODE,2024-11-06T22:00:00Z,2024-11-07T01:00:00Z,2,-1,15.625,1.51,14.115000000000002,ACCOUNTING_ONLY_NOT_ALPHA_STATISTIC
ZN_2024_VALIDATION,VALIDATION,593,NONZERO_POSITION_EPISODE,2024-11-07T02:00:00Z,2024-11-07T04:00:00Z,2,-1,-15.625,1.51,-17.134999999999998,ACCOUNTING_ONLY_NOT_ALPHA_STATISTIC
ZN_2024_VALIDATION,VALIDATION,594,NONZERO_POSITION_EPISODE,2024-11-07T07:00:00Z,2024-11-07T10:00:00Z,3,-1,62.5,3.02,59.47999999999999,ACCOUNTING_ONLY_NOT_ALPHA_STATISTIC
ZN_2024_VALIDATION,VALIDATION,595,NONZERO_POSITION_EPISODE,2024-11-07T13:00:00Z,2024-11-08T00:00:00Z,10,-1,-1609.375,19.63,-1629.0049999999999,ACCOUNTING_ONLY_NOT_ALPHA_STATISTIC
ZN_2024_VALIDATION,VALIDATION,596,NONZERO_POSITION_EPISODE,2024-11-08T04:00:00Z,2024-11-08T05:00:00Z,1,-1,15.625,1.51,14.115,ACCOUNTING_ONLY_NOT_ALPHA_STATISTIC
ZN_2024_VALIDATION,VALIDATION,597,NONZERO_POSITION_EPISODE,2024-11-08T08:00:00Z,2024-11-08T12:00:00Z,4,-1,-109.375,7.55,-116.925,ACCOUNTING_ONLY_NOT_ALPHA_STATISTIC
ZN_2024_VALIDATION,VALIDATION,598,NONZERO_POSITION_EPISODE,2024-11-08T15:00:00Z,2024-11-08T17:00:00Z,2,-1,250.0,3.02,246.98000000000002,ACCOUNTING_ONLY_NOT_ALPHA_STATISTIC
ZN_2024_VALIDATION,VALIDATION,599,NONZERO_POSITION_EPISODE,2024-11-11T08:00:00Z,2024-11-11T09:00:00Z,1,-1,93.75,1.51,92.24,ACCOUNTING_ONLY_NOT_ALPHA_STATISTIC
ZN_2024_VALIDATION,VALIDATION,600,NONZERO_POSITION_EPISODE,2024-11-11T10:00:00Z,2024-11-11T11:00:00Z,1,-1,93.75,1.51,92.24,ACCOUNTING_ONLY_NOT_ALPHA_STATISTIC
ZN_2024_VALIDATION,VALIDATION,601,NONZERO_POSITION_EPISODE,2024-11-11T21:00:00Z,2024-11-12T01:00:00Z,3,-1,-31.25,1.51,-32.76,ACCOUNTING_ONLY_NOT_ALPHA_STATISTIC
ZN_2024_VALIDATION,VALIDATION,602,NONZERO_POSITION_EPISODE,2024-11-12T03:00:00Z,2024-11-12T04:00:00Z,1,-1,31.25,1.51,29.74,ACCOUNTING_ONLY_NOT_ALPHA_STATISTIC
ZN_2024_VALIDATION,VALIDATION,603,NONZERO_POSITION_EPISODE,2024-11-13T09:00:00Z,2024-11-13T11:00:00Z,2,-1,125.0,3.02,121.98,ACCOUNTING_ONLY_NOT_ALPHA_STATISTIC
ZN_2024_VALIDATION,VALIDATION,604,NONZERO_POSITION_EPISODE,2024-11-13T12:00:00Z,2024-11-13T13:00:00Z,1,-1,62.5,1.51,60.99,ACCOUNTING_ONLY_NOT_ALPHA_STATISTIC
ZN_2024_VALIDATION,VALIDATION,605,NONZERO_POSITION_EPISODE,2024-11-13T14:00:00Z,2024-11-13T16:00:00Z,2,-1,593.75,9.06,584.6899999999999,ACCOUNTING_ONLY_NOT_ALPHA_STATISTIC
ZN_2024_VALIDATION,VALIDATION,606,NONZERO_POSITION_EPISODE,2024-11-14T07:00:00Z,2024-11-14T08:00:00Z,1,-1,15.625,1.51,14.115,ACCOUNTING_ONLY_NOT_ALPHA_STATISTIC
ZN_2024_VALIDATION,VALIDATION,607,NONZERO_POSITION_EPISODE,2024-11-14T09:00:00Z,2024-11-14T10:00:00Z,1,-1,31.25,1.51,29.74,ACCOUNTING_ONLY_NOT_ALPHA_STATISTIC
ZN_2024_VALIDATION,VALIDATION,608,NONZERO_POSITION_EPISODE,2024-11-14T11:00:00Z,2024-11-14T14:00:00Z,3,-1,93.75,4.53,89.22,ACCOUNTING_ONLY_NOT_ALPHA_STATISTIC
ZN_2024_VALIDATION,VALIDATION,609,NONZERO_POSITION_EPISODE,2024-11-14T15:00:00Z,2024-11-14T19:00:00Z,4,-1,515.625,9.06,506.56500000000005,ACCOUNTING_ONLY_NOT_ALPHA_STATISTIC
ZN_2024_VALIDATION,VALIDATION,610,NONZERO_POSITION_EPISODE,2024-11-15T07:00:00Z,2024-11-15T12:00:00Z,5,-1,-125.0,7.55,-132.55,ACCOUNTING_ONLY_NOT_ALPHA_STATISTIC
ZN_2024_VALIDATION,VALIDATION,611,NONZERO_POSITION_EPISODE,2024-11-15T13:00:00Z,2024-11-15T14:00:00Z,1,-1,156.25,1.51,154.74,ACCOUNTING_ONLY_NOT_ALPHA_STATISTIC
ZN_2024_VALIDATION,VALIDATION,612,NONZERO_POSITION_EPISODE,2024-11-15T16:00:00Z,2024-11-15T21:00:00Z,5,-1,187.5,13.59,173.91000000000003,ACCOUNTING_ONLY_NOT_ALPHA_STATISTIC
ZN_2024_VALIDATION,VALIDATION,613,NONZERO_POSITION_EPISODE,2024-11-18T01:00:00Z,2024-11-18T03:00:00Z,2,-1,46.875,1.51,45.364999999999995,ACCOUNTING_ONLY_NOT_ALPHA_STATISTIC
ZN_2024_VALIDATION,VALIDATION,614,NONZERO_POSITION_EPISODE,2024-11-18T07:00:00Z,2024-11-18T08:00:00Z,1,-1,62.5,1.51,60.99,ACCOUNTING_ONLY_NOT_ALPHA_STATISTIC
ZN_2024_VALIDATION,VALIDATION,615,NONZERO_POSITION_EPISODE,2024-11-18T10:00:00Z,2024-11-18T11:00:00Z,1,-1,156.25,1.51,154.74,ACCOUNTING_ONLY_NOT_ALPHA_STATISTIC
ZN_2024_VALIDATION,VALIDATION,616,NONZERO_POSITION_EPISODE,2024-11-18T14:00:00Z,2024-11-18T15:00:00Z,1,-1,0.0,1.51,-1.51,ACCOUNTING_ONLY_NOT_ALPHA_STATISTIC
ZN_2024_VALIDATION,VALIDATION,617,NONZERO_POSITION_EPISODE,2024-11-18T17:00:00Z,2024-11-19T06:00:00Z,12,-1,-515.625,7.550000000000001,-523.175,ACCOUNTING_ONLY_NOT_ALPHA_STATISTIC
ZN_2024_VALIDATION,VALIDATION,618,NONZERO_POSITION_EPISODE,2024-11-19T08:00:00Z,2024-11-19T12:00:00Z,4,-1,-296.875,7.550000000000001,-304.42499999999995,ACCOUNTING_ONLY_NOT_ALPHA_STATISTIC
ZN_2024_VALIDATION,VALIDATION,619,NONZERO_POSITION_EPISODE,2024-11-19T13:00:00Z,2024-11-19T15:00:00Z,2,-1,812.5,6.04,806.46,ACCOUNTING_ONLY_NOT_ALPHA_STATISTIC
ZN_2024_VALIDATION,VALIDATION,620,NONZERO_POSITION_EPISODE,2024-11-20T02:00:00Z,2024-11-20T03:00:00Z,1,-1,62.5,1.51,60.99,ACCOUNTING_ONLY_NOT_ALPHA_STATISTIC
ZN_2024_VALIDATION,VALIDATION,621,NONZERO_POSITION_EPISODE,2024-11-20T15:00:00Z,2024-11-20T19:00:00Z,4,-1,218.75,7.55,211.2,ACCOUNTING_ONLY_NOT_ALPHA_STATISTIC
ZN_2024_VALIDATION,VALIDATION,622,NONZERO_POSITION_EPISODE,2024-11-21T01:00:00Z,2024-11-21T03:00:00Z,2,-1,15.625,1.51,14.114999999999998,ACCOUNTING_ONLY_NOT_ALPHA_STATISTIC
ZN_2024_VALIDATION,VALIDATION,623,NONZERO_POSITION_EPISODE,2024-11-21T09:00:00Z,2024-11-21T12:00:00Z,3,-1,15.625,4.53,11.094999999999995,ACCOUNTING_ONLY_NOT_ALPHA_STATISTIC
ZN_2024_VALIDATION,VALIDATION,624,NONZERO_POSITION_EPISODE,2024-11-21T13:00:00Z,2024-11-21T16:00:00Z,3,-1,218.75,3.02,215.73,ACCOUNTING_ONLY_NOT_ALPHA_STATISTIC
ZN_2024_VALIDATION,VALIDATION,625,NONZERO_POSITION_EPISODE,2024-11-22T01:00:00Z,2024-11-22T02:00:00Z,1,-1,15.625,1.51,14.115,ACCOUNTING_ONLY_NOT_ALPHA_STATISTIC
ZN_2024_VALIDATION,VALIDATION,626,NONZERO_POSITION_EPISODE,2024-11-22T03:00:00Z,2024-11-22T05:00:00Z,2,-1,-15.625,1.51,-17.134999999999998,ACCOUNTING_ONLY_NOT_ALPHA_STATISTIC
ZN_2024_VALIDATION,VALIDATION,627,NONZERO_POSITION_EPISODE,2024-11-22T09:00:00Z,2024-11-22T14:00:00Z,5,-1,0.0,10.57,-10.570000000000014,ACCOUNTING_ONLY_NOT_ALPHA_STATISTIC
ZN_2024_VALIDATION,VALIDATION,628,NONZERO_POSITION_EPISODE,2024-11-22T17:00:00Z,2024-11-22T18:00:00Z,1,-1,46.875,1.51,45.365,ACCOUNTING_ONLY_NOT_ALPHA_STATISTIC
ZN_2024_VALIDATION,VALIDATION,629,NONZERO_POSITION_EPISODE,2024-11-22T22:00:00Z,2024-11-25T08:00:00Z,9,-1,640.625,25.67,614.955,ACCOUNTING_ONLY_NOT_ALPHA_STATISTIC
ZN_2024_VALIDATION,VALIDATION,630,NONZERO_POSITION_EPISODE,2024-11-25T13:00:00Z,2024-11-25T22:00:00Z,9,-1,-859.375,30.2,-889.5749999999999,ACCOUNTING_ONLY_NOT_ALPHA_STATISTIC
ZN_2024_VALIDATION,VALIDATION,631,NONZERO_POSITION_EPISODE,2024-11-26T11:00:00Z,2024-11-26T14:00:00Z,3,-1,156.25,4.53,151.72000000000003,ACCOUNTING_ONLY_NOT_ALPHA_STATISTIC
ZN_2024_VALIDATION,VALIDATION,632,NONZERO_POSITION_EPISODE,2024-11-26T20:00:00Z,2024-11-26T22:00:00Z,2,-1,93.75,3.02,90.72999999999999,ACCOUNTING_ONLY_NOT_ALPHA_STATISTIC
ZN_2024_VALIDATION,VALIDATION,633,NONZERO_POSITION_EPISODE,2024-11-27T01:00:00Z,2024-11-27T12:00:00Z,11,-1,-109.375,16.61,-125.985,ACCOUNTING_ONLY_NOT_ALPHA_STATISTIC
ZN_2024_VALIDATION,VALIDATION,634,NONZERO_POSITION_EPISODE,2024-11-27T13:00:00Z,2024-11-27T20:00:00Z,7,-1,-93.75,12.08,-105.83000000000001,ACCOUNTING_ONLY_NOT_ALPHA_STATISTIC
ZN_2024_VALIDATION,VALIDATION,635,NONZERO_POSITION_EPISODE,2024-11-28T13:00:00Z,2024-11-28T16:00:00Z,3,-1,-46.875,1.51,-48.385,ACCOUNTING_ONLY_NOT_ALPHA_STATISTIC
ZN_2024_VALIDATION,VALIDATION,636,NONZERO_POSITION_EPISODE,2024-11-28T17:00:00Z,2024-11-29T00:00:00Z,2,-1,78.125,1.51,76.615,ACCOUNTING_ONLY_NOT_ALPHA_STATISTIC
ZN_2024_VALIDATION,VALIDATION,637,NONZERO_POSITION_EPISODE,2024-11-29T01:00:00Z,2024-11-29T03:00:00Z,2,-1,15.625,4.53,11.095,ACCOUNTING_ONLY_NOT_ALPHA_STATISTIC
ZN_2024_VALIDATION,VALIDATION,638,NONZERO_POSITION_EPISODE,2024-11-29T05:00:00Z,2024-11-29T13:00:00Z,8,-1,-15.625,19.63,-35.255,ACCOUNTING_ONLY_NOT_ALPHA_STATISTIC
ZN_2024_VALIDATION,VALIDATION,639,NONZERO_POSITION_EPISODE,2024-11-29T14:00:00Z,2024-11-29T16:00:00Z,2,-1,93.75,4.53,89.22,ACCOUNTING_ONLY_NOT_ALPHA_STATISTIC
ZN_2024_VALIDATION,VALIDATION,640,NONZERO_POSITION_EPISODE,2024-11-29T18:00:00Z,2024-12-02T00:00:00Z,2,-1,93.75,4.53,89.22,ACCOUNTING_ONLY_NOT_ALPHA_STATISTIC
ZN_2024_VALIDATION,VALIDATION,641,NONZERO_POSITION_EPISODE,2024-12-02T04:00:00Z,2024-12-02T05:00:00Z,1,-1,46.875,1.51,45.365,ACCOUNTING_ONLY_NOT_ALPHA_STATISTIC
ZN_2024_VALIDATION,VALIDATION,642,NONZERO_POSITION_EPISODE,2024-12-02T08:00:00Z,2024-12-02T10:00:00Z,2,-1,250.0,4.53,245.47000000000003,ACCOUNTING_ONLY_NOT_ALPHA_STATISTIC
ZN_2024_VALIDATION,VALIDATION,643,NONZERO_POSITION_EPISODE,2024-12-02T12:00:00Z,2024-12-02T14:00:00Z,2,-1,203.125,1.51,201.615,ACCOUNTING_ONLY_NOT_ALPHA_STATISTIC
ZN_2024_VALIDATION,VALIDATION,644,NONZERO_POSITION_EPISODE,2024-12-02T16:00:00Z,2024-12-02T20:00:00Z,4,-1,171.875,18.12,153.75500000000005,ACCOUNTING_ONLY_NOT_ALPHA_STATISTIC
ZN_2024_VALIDATION,VALIDATION,645,NONZERO_POSITION_EPISODE,2024-12-02T21:00:00Z,2024-12-03T00:00:00Z,2,-1,46.875,4.53,42.345,ACCOUNTING_ONLY_NOT_ALPHA_STATISTIC
ZN_2024_VALIDATION,VALIDATION,646,NONZERO_POSITION_EPISODE,2024-12-03T02:00:00Z,2024-12-03T04:00:00Z,2,-1,109.375,4.53,104.845,ACCOUNTING_ONLY_NOT_ALPHA_STATISTIC
ZN_2024_VALIDATION,VALIDATION,647,NONZERO_POSITION_EPISODE,2024-12-03T12:00:00Z,2024-12-03T13:00:00Z,1,-1,93.75,3.02,90.73,ACCOUNTING_ONLY_NOT_ALPHA_STATISTIC
ZN_2024_VALIDATION,VALIDATION,648,NONZERO_POSITION_EPISODE,2024-12-03T14:00:00Z,2024-12-03T16:00:00Z,2,-1,1296.875,21.14,1275.7350000000001,ACCOUNTING_ONLY_NOT_ALPHA_STATISTIC
ZN_2024_VALIDATION,VALIDATION,649,NONZERO_POSITION_EPISODE,2024-12-04T03:00:00Z,2024-12-04T06:00:00Z,3,-1,-15.625,1.51,-17.135,ACCOUNTING_ONLY_NOT_ALPHA_STATISTIC
ZN_2024_VALIDATION,VALIDATION,650,NONZERO_POSITION_EPISODE,2024-12-04T15:00:00Z,2024-12-05T00:00:00Z,8,-1,-1265.625,31.71,-1297.335,ACCOUNTING_ONLY_NOT_ALPHA_STATISTIC
ZN_2024_VALIDATION,VALIDATION,651,NONZERO_POSITION_EPISODE,2024-12-05T04:00:00Z,2024-12-05T05:00:00Z,1,-1,15.625,1.51,14.115,ACCOUNTING_ONLY_NOT_ALPHA_STATISTIC
ZN_2024_VALIDATION,VALIDATION,652,NONZERO_POSITION_EPISODE,2024-12-05T06:00:00Z,2024-12-05T07:00:00Z,1,-1,0.0,1.51,-1.51,ACCOUNTING_ONLY_NOT_ALPHA_STATISTIC
ZN_2024_VALIDATION,VALIDATION,653,NONZERO_POSITION_EPISODE,2024-12-05T11:00:00Z,2024-12-05T13:00:00Z,2,-1,78.125,1.51,76.615,ACCOUNTING_ONLY_NOT_ALPHA_STATISTIC
ZN_2024_VALIDATION,VALIDATION,654,NONZERO_POSITION_EPISODE,2024-12-05T16:00:00Z,2024-12-05T17:00:00Z,1,-1,0.0,1.51,-1.51,ACCOUNTING_ONLY_NOT_ALPHA_STATISTIC
ZN_2024_VALIDATION,VALIDATION,655,NONZERO_POSITION_EPISODE,2024-12-05T18:00:00Z,2024-12-06T00:00:00Z,5,-1,-15.625,18.12,-33.74499999999999,ACCOUNTING_ONLY_NOT_ALPHA_STATISTIC
ZN_2024_VALIDATION,VALIDATION,656,NONZERO_POSITION_EPISODE,2024-12-06T01:00:00Z,2024-12-06T02:00:00Z,1,-1,15.625,1.51,14.115,ACCOUNTING_ONLY_NOT_ALPHA_STATISTIC
ZN_2024_VALIDATION,VALIDATION,657,NONZERO_POSITION_EPISODE,2024-12-06T06:00:00Z,2024-12-06T08:00:00Z,2,-1,46.875,1.51,45.365,ACCOUNTING_ONLY_NOT_ALPHA_STATISTIC
ZN_2024_VALIDATION,VALIDATION,658,NONZERO_POSITION_EPISODE,2024-12-06T13:00:00Z,2024-12-06T16:00:00Z,3,-1,187.5,15.100000000000001,172.39999999999998,ACCOUNTING_ONLY_NOT_ALPHA_STATISTIC
ZN_2024_VALIDATION,VALIDATION,659,NONZERO_POSITION_EPISODE,2024-12-06T17:00:00Z,2024-12-09T02:00:00Z,8,-1,-31.25,10.57,-41.82000000000001,ACCOUNTING_ONLY_NOT_ALPHA_STATISTIC
ZN_2024_VALIDATION,VALIDATION,660,NONZERO_POSITION_EPISODE,2024-12-09T03:00:00Z,2024-12-09T04:00:00Z,1,-1,93.75,3.02,90.73,ACCOUNTING_ONLY_NOT_ALPHA_STATISTIC
ZN_2024_VALIDATION,VALIDATION,661,NONZERO_POSITION_EPISODE,2024-12-09T05:00:00Z,2024-12-09T08:00:00Z,3,-1,31.25,1.51,29.74,ACCOUNTING_ONLY_NOT_ALPHA_STATISTIC
ZN_2024_VALIDATION,VALIDATION,662,NONZERO_POSITION_EPISODE,2024-12-09T19:00:00Z,2024-12-09T20:00:00Z,1,-1,78.125,1.51,76.615,ACCOUNTING_ONLY_NOT_ALPHA_STATISTIC
ZN_2024_VALIDATION,VALIDATION,663,NONZERO_POSITION_EPISODE,2024-12-10T00:00:00Z,2024-12-10T01:00:00Z,1,-1,31.25,1.51,29.74,ACCOUNTING_ONLY_NOT_ALPHA_STATISTIC
ZN_2024_VALIDATION,VALIDATION,664,NONZERO_POSITION_EPISODE,2024-12-10T03:00:00Z,2024-12-10T08:00:00Z,5,-1,109.375,4.53,104.845,ACCOUNTING_ONLY_NOT_ALPHA_STATISTIC
ZN_2024_VALIDATION,VALIDATION,665,NONZERO_POSITION_EPISODE,2024-12-10T19:00:00Z,2024-12-10T21:00:00Z,2,-1,31.25,3.02,28.229999999999997,ACCOUNTING_ONLY_NOT_ALPHA_STATISTIC
ZN_2024_VALIDATION,VALIDATION,666,NONZERO_POSITION_EPISODE,2024-12-10T22:00:00Z,2024-12-11T00:00:00Z,1,-1,0.0,1.51,-1.51,ACCOUNTING_ONLY_NOT_ALPHA_STATISTIC
ZN_2024_VALIDATION,VALIDATION,667,NONZERO_POSITION_EPISODE,2024-12-11T08:00:00Z,2024-12-11T09:00:00Z,1,-1,93.75,3.02,90.73,ACCOUNTING_ONLY_NOT_ALPHA_STATISTIC
ZN_2024_VALIDATION,VALIDATION,668,NONZERO_POSITION_EPISODE,2024-12-11T14:00:00Z,2024-12-11T16:00:00Z,2,-1,890.625,10.57,880.0550000000001,ACCOUNTING_ONLY_NOT_ALPHA_STATISTIC
ZN_2024_VALIDATION,VALIDATION,669,NONZERO_POSITION_EPISODE,2024-12-11T17:00:00Z,2024-12-11T18:00:00Z,1,-1,125.0,1.51,123.49,ACCOUNTING_ONLY_NOT_ALPHA_STATISTIC
ZN_2024_VALIDATION,VALIDATION,670,NONZERO_POSITION_EPISODE,2024-12-12T14:00:00Z,2024-12-12T15:00:00Z,1,-1,1875.0,15.1,1859.9,ACCOUNTING_ONLY_NOT_ALPHA_STATISTIC
ZN_2024_VALIDATION,VALIDATION,671,NONZERO_POSITION_EPISODE,2024-12-12T16:00:00Z,2024-12-12T17:00:00Z,1,-1,62.5,1.51,60.99,ACCOUNTING_ONLY_NOT_ALPHA_STATISTIC
ZN_2024_VALIDATION,VALIDATION,672,NONZERO_POSITION_EPISODE,2024-12-13T08:00:00Z,2024-12-13T09:00:00Z,1,-1,125.0,3.02,121.98,ACCOUNTING_ONLY_NOT_ALPHA_STATISTIC
ZN_2024_VALIDATION,VALIDATION,673,NONZERO_POSITION_EPISODE,2024-12-16T00:00:00Z,2024-12-16T01:00:00Z,1,-1,31.25,1.51,29.74,ACCOUNTING_ONLY_NOT_ALPHA_STATISTIC
ZN_2024_VALIDATION,VALIDATION,674,NONZERO_POSITION_EPISODE,2024-12-16T03:00:00Z,2024-12-16T04:00:00Z,1,-1,15.625,1.51,14.115,ACCOUNTING_ONLY_NOT_ALPHA_STATISTIC
ZN_2024_VALIDATION,VALIDATION,675,NONZERO_POSITION_EPISODE,2024-12-16T06:00:00Z,2024-12-16T09:00:00Z,3,-1,15.625,1.51,14.115,ACCOUNTING_ONLY_NOT_ALPHA_STATISTIC
ZN_2024_VALIDATION,VALIDATION,676,NONZERO_POSITION_EPISODE,2024-12-16T12:00:00Z,2024-12-16T15:00:00Z,3,-1,265.625,6.04,259.58500000000004,ACCOUNTING_ONLY_NOT_ALPHA_STATISTIC
ZN_2024_VALIDATION,VALIDATION,677,NONZERO_POSITION_EPISODE,2024-12-17T01:00:00Z,2024-12-17T03:00:00Z,2,-1,15.625,4.53,11.095,ACCOUNTING_ONLY_NOT_ALPHA_STATISTIC
ZN_2024_VALIDATION,VALIDATION,678,NONZERO_POSITION_EPISODE,2024-12-17T14:00:00Z,2024-12-17T20:00:00Z,6,-1,-875.0,27.18,-902.1800000000001,ACCOUNTING_ONLY_NOT_ALPHA_STATISTIC
ZN_2024_VALIDATION,VALIDATION,679,NONZERO_POSITION_EPISODE,2024-12-18T01:00:00Z,2024-12-18T03:00:00Z,2,-1,15.625,1.51,14.115,ACCOUNTING_ONLY_NOT_ALPHA_STATISTIC
ZN_2024_VALIDATION,VALIDATION,680,NONZERO_POSITION_EPISODE,2024-12-18T05:00:00Z,2024-12-18T08:00:00Z,3,-1,31.25,4.53,26.72,ACCOUNTING_ONLY_NOT_ALPHA_STATISTIC
ZN_2024_VALIDATION,VALIDATION,681,NONZERO_POSITION_EPISODE,2024-12-18T15:00:00Z,2024-12-18T17:00:00Z,2,-1,515.625,19.63,495.995,ACCOUNTING_ONLY_NOT_ALPHA_STATISTIC
ZN_2024_VALIDATION,VALIDATION,682,NONZERO_POSITION_EPISODE,2024-12-18T18:00:00Z,2024-12-18T20:00:00Z,2,-1,2609.375,7.55,2601.825,ACCOUNTING_ONLY_NOT_ALPHA_STATISTIC
ZN_2024_VALIDATION,VALIDATION,683,NONZERO_POSITION_EPISODE,2024-12-19T11:00:00Z,2024-12-19T12:00:00Z,1,-1,46.875,1.51,45.365,ACCOUNTING_ONLY_NOT_ALPHA_STATISTIC
ZN_2024_VALIDATION,VALIDATION,684,NONZERO_POSITION_EPISODE,2024-12-20T00:00:00Z,2024-12-20T03:00:00Z,3,-1,-31.25,1.51,-32.76,ACCOUNTING_ONLY_NOT_ALPHA_STATISTIC
ZN_2024_VALIDATION,VALIDATION,685,NONZERO_POSITION_EPISODE,2024-12-20T04:00:00Z,2024-12-20T05:00:00Z,1,-1,78.125,1.51,76.615,ACCOUNTING_ONLY_NOT_ALPHA_STATISTIC
ZN_2024_VALIDATION,VALIDATION,686,NONZERO_POSITION_EPISODE,2024-12-20T07:00:00Z,2024-12-20T09:00:00Z,2,-1,46.875,1.51,45.365,ACCOUNTING_ONLY_NOT_ALPHA_STATISTIC
ZN_2024_VALIDATION,VALIDATION,687,NONZERO_POSITION_EPISODE,2024-12-20T10:00:00Z,2024-12-20T19:00:00Z,9,-1,156.25,19.63,136.61999999999998,ACCOUNTING_ONLY_NOT_ALPHA_STATISTIC
ZN_2024_VALIDATION,VALIDATION,688,NONZERO_POSITION_EPISODE,2024-12-23T04:00:00Z,2024-12-23T05:00:00Z,1,-1,15.625,1.51,14.115,ACCOUNTING_ONLY_NOT_ALPHA_STATISTIC
ZN_2024_VALIDATION,VALIDATION,689,NONZERO_POSITION_EPISODE,2024-12-23T07:00:00Z,2024-12-23T08:00:00Z,1,-1,62.5,1.51,60.99,ACCOUNTING_ONLY_NOT_ALPHA_STATISTIC
ZN_2024_VALIDATION,VALIDATION,690,NONZERO_POSITION_EPISODE,2024-12-24T01:00:00Z,2024-12-24T02:00:00Z,1,-1,0.0,1.51,-1.51,ACCOUNTING_ONLY_NOT_ALPHA_STATISTIC
ZN_2024_VALIDATION,VALIDATION,691,NONZERO_POSITION_EPISODE,2024-12-24T18:00:00Z,2024-12-26T00:00:00Z,2,-1,375.0,12.08,362.91999999999996,ACCOUNTING_ONLY_NOT_ALPHA_STATISTIC
ZN_2024_VALIDATION,VALIDATION,692,NONZERO_POSITION_EPISODE,2024-12-26T16:00:00Z,2024-12-26T18:00:00Z,2,-1,156.25,4.53,151.71999999999997,ACCOUNTING_ONLY_NOT_ALPHA_STATISTIC
ZN_2024_VALIDATION,VALIDATION,693,NONZERO_POSITION_EPISODE,2024-12-26T19:00:00Z,2024-12-27T01:00:00Z,5,-1,93.75,24.16,69.58999999999999,ACCOUNTING_ONLY_NOT_ALPHA_STATISTIC
ZN_2024_VALIDATION,VALIDATION,694,NONZERO_POSITION_EPISODE,2024-12-27T02:00:00Z,2024-12-27T06:00:00Z,4,-1,15.625,7.55,8.075000000000001,ACCOUNTING_ONLY_NOT_ALPHA_STATISTIC
ZN_2024_VALIDATION,VALIDATION,695,NONZERO_POSITION_EPISODE,2024-12-27T13:00:00Z,2024-12-27T17:00:00Z,4,-1,156.25,6.04,150.21,ACCOUNTING_ONLY_NOT_ALPHA_STATISTIC
ZN_2024_VALIDATION,VALIDATION,696,NONZERO_POSITION_EPISODE,2024-12-30T01:00:00Z,2024-12-30T02:00:00Z,1,-1,15.625,1.51,14.115,ACCOUNTING_ONLY_NOT_ALPHA_STATISTIC
ZN_2024_VALIDATION,VALIDATION,697,NONZERO_POSITION_EPISODE,2024-12-30T04:00:00Z,2024-12-31T08:00:00Z,27,-1,-1640.625,52.85,-1693.475,ACCOUNTING_ONLY_NOT_ALPHA_STATISTIC
ZN_2024_VALIDATION,VALIDATION,698,NONZERO_POSITION_EPISODE,2024-12-31T09:00:00Z,2024-12-31T10:00:00Z,1,-1,46.875,1.51,45.365,ACCOUNTING_ONLY_NOT_ALPHA_STATISTIC
ZN_2024_VALIDATION,VALIDATION,699,NONZERO_POSITION_EPISODE,2024-12-31T15:00:00Z,2024-12-31T16:00:00Z,1,-1,93.75,1.51,92.24,ACCOUNTING_ONLY_NOT_ALPHA_STATISTIC
ZN_2024_VALIDATION,VALIDATION,ZERO_POSITION_ROWS,ZERO_POSITION_ACCOUNTING,,,3877,0,0.0,0.0,0.0,ACCOUNTING_ONLY_NOT_ALPHA_STATISTIC
