ts_event,rtype,publisher_id,instrument_id,open,high,low,close,volume,symbol
2022-07-21 12:00:00+00:00,34,1,2922,4060.5,4060.5,4060.5,4060.5,1,MESU3
2022-07-22 16:00:00+00:00,34,1,2922,4053.0,4053.0,4053.0,4053.0,1,MESU3
2022-08-18 10:00:00+00:00,34,1,2922,4379.0,4379.0,4379.0,4379.0,1,MESU3
2022-08-26 13:00:00+00:00,34,1,2922,4300.0,4300.0,4300.0,4300.0,1,MESU3
2022-08-28 22:00:00+00:00,34,1,2922,4120.0,4120.0,4120.0,4120.0,1,MESU3
2022-08-29 12:00:00+00:00,34,1,2922,4125.0,4125.0,4125.0,4125.0,1,MESU3
2022-08-30 15:00:00+00:00,34,1,2922,4080.0,4080.0,4080.0,4080.0,1,MESU3
2022-09-01 13:00:00+00:00,34,1,2922,4030.0,4030.0,4030.0,4030.0,1,MESU3
2022-09-01 16:00:00+00:00,34,1,2922,4013.25,4013.25,4013.25,4013.25,1,MESU3
2022-09-01 18:00:00+00:00,34,1,2922,4032.0,4032.0,4032.0,4032.0,1,MESU3
2022-09-02 19:00:00+00:00,34,1,2922,4031.75,4031.75,4031.75,4031.75,1,MESU3
2022-09-09 07:00:00+00:00,34,1,2922,4120.0,4120.0,4120.0,4120.0,1,MESU3
2022-09-09 14:00:00+00:00,34,1,2922,4155.0,4155.0,4155.0,4155.0,1,MESU3
2022-09-12 13:00:00+00:00,34,1,2922,4200.0,4200.0,4200.0,4200.0,7,MESU3
2022-09-13 13:00:00+00:00,34,1,2922,4120.0,4120.0,4120.0,4120.0,1,MESU3
2022-09-13 14:00:00+00:00,34,1,2922,4105.0,4105.0,4105.0,4105.0,1,MESU3
2022-09-13 17:00:00+00:00,34,1,2922,4100.0,4100.0,4100.0,4100.0,2,MESU3
2022-09-13 18:00:00+00:00,34,1,2922,4069.0,4069.0,4069.0,4069.0,1,MESU3
2022-09-13 20:00:00+00:00,34,1,2922,4046.0,4046.0,4046.0,4046.0,1,MESU3
2022-09-13 22:00:00+00:00,34,1,2922,4030.0,4030.0,4030.0,4030.0,1,MESU3
2022-09-14 00:00:00+00:00,34,1,2922,4020.0,4020.0,4020.0,4020.0,1,MESU3
2022-09-14 13:00:00+00:00,34,1,2922,4055.0,4055.0,4055.0,4055.0,1,MESU3
2022-09-15 13:00:00+00:00,34,1,2922,4055.0,4055.0,4055.0,4055.0,1,MESU3
2022-09-15 14:00:00+00:00,34,1,2922,4065.0,4065.0,4027.0,4027.0,2,MESU3
2022-09-15 16:00:00+00:00,34,1,2922,4013.0,4013.0,4013.0,4013.0,1,MESU3
2022-09-16 18:00:00+00:00,34,1,2922,3970.0,3970.0,3970.0,3970.0,1,MESU3
2022-09-20 00:00:00+00:00,34,1,2922,4020.0,4020.0,4020.0,4020.0,1,MESU3
2022-09-20 12:00:00+00:00,34,1,2922,3985.0,3985.0,3985.0,3985.0,1,MESU3
2022-09-20 17:00:00+00:00,34,1,2922,3945.0,3945.0,3930.0,3930.0,6,MESU3
2022-09-20 18:00:00+00:00,34,1,2922,3935.0,3935.0,3935.0,3935.0,1,MESU3
2022-09-22 00:00:00+00:00,34,1,2922,3865.0,3865.0,3865.0,3865.0,1,MESU3
2022-09-22 01:00:00+00:00,34,1,2922,3855.0,3855.0,3855.0,3855.0,1,MESU3
2022-09-22 19:00:00+00:00,34,1,2922,3885.0,3885.0,3885.0,3885.0,1,MESU3
2022-09-23 10:00:00+00:00,34,1,2922,3810.0,3810.0,3810.0,3810.0,1,MESU3
2022-09-23 16:00:00+00:00,34,1,2922,3773.0,3773.0,3773.0,3773.0,1,MESU3
2022-09-26 14:00:00+00:00,34,1,2922,3811.0,3811.0,3811.0,3811.0,3,MESU3
2022-09-27 16:00:00+00:00,34,1,2922,3733.0,3733.0,3733.0,3733.0,1,MESU3
2022-09-28 12:00:00+00:00,34,1,2922,3745.0,3745.0,3745.0,3745.0,1,MESU3
2022-09-28 13:00:00+00:00,34,1,2922,3750.0,3750.0,3750.0,3750.0,2,MESU3
2022-09-28 14:00:00+00:00,34,1,2922,3785.0,3785.0,3785.0,3785.0,1,MESU3
2022-09-28 19:00:00+00:00,34,1,2922,3825.0,3825.0,3825.0,3825.0,1,MESU3
2022-09-29 13:00:00+00:00,34,1,2922,3740.0,3740.0,3740.0,3740.0,1,MESU3
2022-09-29 16:00:00+00:00,34,1,2922,3740.0,3740.0,3740.0,3740.0,1,MESU3
2022-09-29 17:00:00+00:00,34,1,2922,3715.0,3715.0,3715.0,3715.0,1,MESU3
2022-09-30 18:00:00+00:00,34,1,2922,3706.0,3706.0,3705.5,3705.5,2,MESU3
2022-09-30 19:00:00+00:00,34,1,2922,3700.0,3700.0,3700.0,3700.0,1,MESU3
2022-10-03 00:00:00+00:00,34,1,2922,3672.0,3672.0,3672.0,3672.0,1,MESU3
2022-10-03 04:00:00+00:00,34,1,2922,3673.5,3673.5,3673.5,3673.5,1,MESU3
2022-10-03 18:00:00+00:00,34,1,2922,3785.0,3785.0,3785.0,3785.0,1,MESU3
2022-10-03 19:00:00+00:00,34,1,2922,3778.0,3778.0,3778.0,3778.0,1,MESU3
2022-10-04 05:00:00+00:00,34,1,2922,3805.0,3805.0,3805.0,3805.0,1,MESU3
2022-10-04 16:00:00+00:00,34,1,2922,3890.0,3890.0,3890.0,3890.0,1,MESU3
2022-10-05 13:00:00+00:00,34,1,2922,3858.25,3858.25,3849.75,3849.75,2,MESU3
2022-10-05 19:00:00+00:00,34,1,2922,3905.0,3905.0,3884.0,3884.0,2,MESU3
2022-10-07 12:00:00+00:00,34,1,2922,3800.0,3800.0,3800.0,3800.0,1,MESU3
2022-10-07 13:00:00+00:00,34,1,2922,3780.0,3780.0,3780.0,3780.0,1,MESU3
2022-10-07 17:00:00+00:00,34,1,2922,3745.0,3745.0,3745.0,3745.0,1,MESU3
2022-10-10 08:00:00+00:00,34,1,2922,3715.0,3715.0,3715.0,3715.0,1,MESU3
2022-10-11 14:00:00+00:00,34,1,2922,3674.0,3674.0,3674.0,3674.0,1,MESU3
2022-10-13 12:00:00+00:00,34,1,2922,3710.0,3710.0,3635.0,3635.0,2,MESU3
2022-10-13 13:00:00+00:00,34,1,2922,3595.0,3595.0,3595.0,3595.0,1,MESU3
2022-10-13 15:00:00+00:00,34,1,2922,3720.0,3735.0,3720.0,3735.0,2,MESU3
2022-10-13 16:00:00+00:00,34,1,2922,3732.0,3732.0,3732.0,3732.0,1,MESU3
2022-10-13 17:00:00+00:00,34,1,2922,3770.0,3770.0,3770.0,3770.0,1,MESU3
2022-10-14 03:00:00+00:00,34,1,2922,3800.5,3801.0,3800.5,3801.0,2,MESU3
2022-10-14 13:00:00+00:00,34,1,2922,3800.0,3815.0,3800.0,3815.0,4,MESU3
2022-10-14 14:00:00+00:00,34,1,2922,3774.0,3774.0,3720.0,3720.0,7,MESU3
2022-10-17 12:00:00+00:00,34,1,2922,3740.0,3740.0,3740.0,3740.0,1,MESU3
2022-10-17 13:00:00+00:00,34,1,2922,3780.0,3780.0,3780.0,3780.0,1,MESU3
2022-10-17 22:00:00+00:00,34,1,2922,3805.0,3805.0,3805.0,3805.0,1,MESU3
2022-10-18 06:00:00+00:00,34,1,2922,3855.0,3855.0,3855.0,3855.0,1,MESU3
2022-10-19 14:00:00+00:00,34,1,2922,3820.0,3820.0,3820.0,3820.0,1,MESU3
2022-10-19 16:00:00+00:00,34,1,2922,3800.0,3800.0,3800.0,3800.0,1,MESU3
2022-10-20 14:00:00+00:00,34,1,2922,3845.0,3845.0,3845.0,3845.0,1,MESU3
2022-10-20 16:00:00+00:00,34,1,2922,3799.0,3799.0,3799.0,3799.0,1,MESU3
2022-10-20 23:00:00+00:00,34,1,2922,3757.0,3757.0,3757.0,3757.0,3,MESU3
2022-10-21 08:00:00+00:00,34,1,2922,3750.0,3750.0,3750.0,3750.0,1,MESU3
2022-10-24 11:00:00+00:00,34,1,2922,3876.0,3876.0,3876.0,3876.0,1,MESU3
2022-10-24 15:00:00+00:00,34,1,2922,3900.0,3900.0,3900.0,3900.0,1,MESU3
2022-10-24 16:00:00+00:00,34,1,2922,3900.0,3900.0,3900.0,3900.0,1,MESU3
2022-10-25 13:00:00+00:00,34,1,2922,3930.0,3930.0,3930.0,3930.0,1,MESU3
2022-10-25 16:00:00+00:00,34,1,2922,3960.0,3960.0,3960.0,3960.0,1,MESU3
2022-10-26 08:00:00+00:00,34,1,2922,3950.0,3950.0,3950.0,3950.0,1,MESU3
2022-10-26 14:00:00+00:00,34,1,2922,3970.0,3970.0,3970.0,3970.0,1,MESU3
2022-10-27 20:00:00+00:00,34,1,2922,3890.0,3890.0,3885.0,3885.0,4,MESU3
2022-10-28 13:00:00+00:00,34,1,2922,3915.0,3945.0,3915.0,3945.0,2,MESU3
2022-10-28 14:00:00+00:00,34,1,2922,3960.0,3960.0,3960.0,3960.0,1,MESU3
2022-10-28 15:00:00+00:00,34,1,2922,3979.75,3980.0,3979.75,3980.0,2,MESU3
2022-10-28 17:00:00+00:00,34,1,2922,3999.0,4000.0,3999.0,4000.0,3,MESU3
2022-10-28 19:00:00+00:00,34,1,2922,4020.0,4020.0,4020.0,4020.0,1,MESU3
2022-10-28 20:00:00+00:00,34,1,2922,4022.0,4022.0,4022.0,4022.0,1,MESU3
2022-10-31 13:00:00+00:00,34,1,2922,3979.0,3979.0,3979.0,3979.0,1,MESU3
2022-10-31 16:00:00+00:00,34,1,2922,3987.75,3987.75,3987.75,3987.75,2,MESU3
2022-11-01 14:00:00+00:00,34,1,2922,3960.0,3960.0,3960.0,3960.0,5,MESU3
2022-11-02 13:00:00+00:00,34,1,2922,3952.0,3952.0,3952.0,3952.0,1,MESU3
2022-11-02 16:00:00+00:00,34,1,2922,3940.0,3940.0,3940.0,3940.0,1,MESU3
2022-11-02 18:00:00+00:00,34,1,2922,3995.0,3995.0,3920.0,3920.0,3,MESU3
2022-11-03 19:00:00+00:00,34,1,2922,3825.0,3825.0,3825.0,3825.0,2,MESU3
2022-11-03 20:00:00+00:00,34,1,2922,3828.0,3830.0,3828.0,3830.0,2,MESU3
2022-11-04 13:00:00+00:00,34,1,2922,3877.0,3877.0,3873.0,3873.0,2,MESU3
2022-11-04 14:00:00+00:00,34,1,2922,3892.0,3892.0,3888.0,3888.0,2,MESU3
2022-11-04 16:00:00+00:00,34,1,2922,3820.0,3820.0,3820.0,3820.0,2,MESU3
2022-11-07 19:00:00+00:00,34,1,2922,3900.0,3900.0,3900.0,3900.0,10,MESU3
2022-11-07 20:00:00+00:00,34,1,2922,3922.0,3922.0,3922.0,3922.0,10,MESU3
2022-11-07 21:00:00+00:00,34,1,2922,3914.25,3914.25,3914.25,3914.25,3,MESU3
2022-11-08 15:00:00+00:00,34,1,2922,3930.5,3930.5,3930.5,3930.5,5,MESU3
2022-11-10 13:00:00+00:00,34,1,2922,3960.0,3960.0,3960.0,3960.0,1,MESU3
2022-11-10 14:00:00+00:00,34,1,2922,4005.0,4005.0,4005.0,4005.0,1,MESU3
2022-11-10 15:00:00+00:00,34,1,2922,4015.5,4015.5,4015.5,4015.5,1,MESU3
2022-11-10 16:00:00+00:00,34,1,2922,4028.5,4028.5,4028.5,4028.5,1,MESU3
2022-11-10 17:00:00+00:00,34,1,2922,4016.5,4016.5,4016.5,4016.5,1,MESU3
2022-11-10 20:00:00+00:00,34,1,2922,4035.0,4035.0,4035.0,4035.0,1,MESU3
2022-11-11 07:00:00+00:00,34,1,2922,4091.0,4091.0,4091.0,4091.0,1,MESU3
2022-11-14 17:00:00+00:00,34,1,2922,4107.0,4107.0,4107.0,4107.0,1,MESU3
2022-11-15 13:00:00+00:00,34,1,2922,4129.0,4149.0,4129.0,4149.0,2,MESU3
2022-11-15 15:00:00+00:00,34,1,2922,4126.0,4126.0,4126.0,4126.0,1,MESU3
2022-11-15 17:00:00+00:00,34,1,2922,4118.0,4118.0,4118.0,4118.0,1,MESU3
2022-11-15 18:00:00+00:00,34,1,2922,4115.0,4115.0,4115.0,4115.0,1,MESU3
2022-11-16 03:00:00+00:00,34,1,2922,4105.0,4105.0,4105.0,4105.0,1,MESU3
2022-11-16 14:00:00+00:00,34,1,2922,4080.0,4080.0,4080.0,4080.0,1,MESU3
2022-11-17 16:00:00+00:00,34,1,2922,4045.0,4045.0,4045.0,4045.0,1,MESU3
2022-11-18 09:00:00+00:00,34,1,2922,4068.0,4068.0,4068.0,4068.0,1,MESU3
2022-11-18 15:00:00+00:00,34,1,2922,4065.0,4065.0,4065.0,4065.0,1,MESU3
2022-11-18 20:00:00+00:00,34,1,2922,4086.0,4086.0,4086.0,4086.0,1,MESU3
2022-11-22 18:00:00+00:00,34,1,2922,4098.0,4098.0,4098.0,4098.0,1,MESU3
2022-11-23 00:00:00+00:00,34,1,2922,4120.0,4120.0,4120.0,4120.0,1,MESU3
2022-11-28 05:00:00+00:00,34,1,2922,4115.0,4115.0,4115.0,4115.0,1,MESU3
2022-11-28 16:00:00+00:00,34,1,2922,4105.0,4105.0,4105.0,4105.0,2,MESU3
2022-11-28 23:00:00+00:00,34,1,2922,4075.0,4075.0,4075.0,4075.0,1,MESU3
2022-11-29 03:00:00+00:00,34,1,2922,4082.5,4082.5,4082.5,4082.5,1,MESU3
2022-11-29 05:00:00+00:00,34,1,2922,4085.0,4085.0,4085.0,4085.0,8,MESU3
2022-11-29 16:00:00+00:00,34,1,2922,4063.25,4063.25,4059.0,4059.5,10,MESU3
2022-11-30 18:00:00+00:00,34,1,2922,4100.0,4100.0,4100.0,4100.0,2,MESU3
2022-11-30 19:00:00+00:00,34,1,2922,4150.0,4150.0,4150.0,4150.0,1,MESU3
2022-11-30 20:00:00+00:00,34,1,2922,4159.5,4159.5,4159.5,4159.5,1,MESU3
2022-12-05 19:00:00+00:00,34,1,2922,4099.75,4099.75,4099.75,4099.75,1,MESU3
2022-12-05 20:00:00+00:00,34,1,2922,4101.75,4101.75,4101.75,4101.75,1,MESU3
2022-12-06 15:00:00+00:00,34,1,2922,4070.0,4070.0,4070.0,4070.0,1,MESU3
2022-12-09 04:00:00+00:00,34,1,2922,4080.0,4080.0,4080.0,4080.0,1,MESU3
2022-12-09 06:00:00+00:00,34,1,2922,4080.0,4080.0,4080.0,4080.0,1,MESU3
2022-12-13 12:00:00+00:00,34,1,2922,4129.0,4129.0,4129.0,4129.0,1,MESU3
2022-12-13 13:00:00+00:00,34,1,2922,4130.0,4130.0,4130.0,4130.0,1,MESU3
2022-12-13 14:00:00+00:00,34,1,2922,4220.0,4220.0,4199.0,4199.0,2,MESU3
2022-12-13 16:00:00+00:00,34,1,2922,4151.25,4151.25,4151.25,4151.25,4,MESU3
2022-12-14 14:00:00+00:00,34,1,2922,4150.5,4150.5,4150.5,4150.5,1,MESU3
2022-12-14 15:00:00+00:00,34,1,2922,4145.0,4145.0,4145.0,4145.0,2,MESU3
2022-12-14 16:00:00+00:00,34,1,2922,4152.0,4152.0,4152.0,4152.0,1,MESU3
2022-12-14 19:00:00+00:00,34,1,2922,4115.0,4115.0,4115.0,4115.0,1,MESU3
2022-12-15 11:00:00+00:00,34,1,2922,4067.5,4067.5,4067.5,4067.5,3,MESU3
2022-12-15 14:00:00+00:00,34,1,2922,4033.75,4033.75,4033.75,4033.75,1,MESU3
2022-12-15 15:00:00+00:00,34,1,2922,4002.5,4002.5,4002.5,4002.5,1,MESU3
2022-12-15 16:00:00+00:00,34,1,2922,3995.0,3995.0,3995.0,3995.0,11,MESU3
2022-12-15 20:00:00+00:00,34,1,2922,4012.0,4012.0,4012.0,4012.0,1,MESU3
2022-12-16 09:00:00+00:00,34,1,2922,3950.0,3950.0,3950.0,3950.0,1,MESU3
2022-12-16 10:00:00+00:00,34,1,2922,3940.0,3942.0,3940.0,3942.0,3,MESU3
2022-12-16 13:00:00+00:00,34,1,2922,3964.0,3968.75,3964.0,3968.75,3,MESU3
2022-12-16 14:00:00+00:00,34,1,2922,3968.75,3968.75,3968.75,3968.75,2,MESU3
2022-12-16 16:00:00+00:00,34,1,2922,3939.0,3939.0,3924.0,3924.0,4,MESU3
2022-12-16 17:00:00+00:00,34,1,2922,3925.0,3925.0,3925.0,3925.0,1,MESU3
2022-12-19 14:00:00+00:00,34,1,2922,3935.0,3935.0,3935.0,3935.0,6,MESU3
2022-12-19 15:00:00+00:00,34,1,2922,3935.0,3935.0,3935.0,3935.0,1,MESU3
2022-12-19 18:00:00+00:00,34,1,2922,3920.25,3920.25,3920.0,3920.0,6,MESU3
2022-12-19 19:00:00+00:00,34,1,2922,3908.0,3908.0,3903.0,3907.0,3,MESU3
2022-12-19 20:00:00+00:00,34,1,2922,3904.0,3918.75,3904.0,3910.25,3,MESU3
2022-12-19 21:00:00+00:00,34,1,2922,3910.0,3910.0,3910.0,3910.0,1,MESU3
2022-12-20 04:00:00+00:00,34,1,2922,3875.5,3876.0,3875.5,3876.0,2,MESU3
2022-12-20 05:00:00+00:00,34,1,2922,3881.5,3881.5,3881.5,3881.5,1,MESU3
2022-12-20 09:00:00+00:00,34,1,2922,3903.0,3903.0,3903.0,3903.0,4,MESU3
2022-12-20 19:00:00+00:00,34,1,2922,3925.0,3925.0,3922.75,3922.75,13,MESU3
2022-12-20 20:00:00+00:00,34,1,2922,3923.0,3923.0,3919.75,3919.75,18,MESU3
2022-12-21 14:00:00+00:00,34,1,2922,3946.5,3946.5,3946.5,3946.5,1,MESU3
2022-12-21 15:00:00+00:00,34,1,2922,3961.5,3966.75,3961.5,3966.75,7,MESU3
2022-12-21 16:00:00+00:00,34,1,2922,3967.5,3967.5,3967.5,3967.5,2,MESU3
2022-12-21 20:00:00+00:00,34,1,2922,3968.25,3968.25,3968.25,3968.25,5,MESU3
2022-12-22 14:00:00+00:00,34,1,2922,3924.0,3924.0,3924.0,3924.0,1,MESU3
2022-12-22 15:00:00+00:00,34,1,2922,3917.0,3917.0,3917.0,3917.0,1,MESU3
2022-12-22 16:00:00+00:00,34,1,2922,3902.5,3902.5,3885.75,3885.75,3,MESU3
2022-12-22 19:00:00+00:00,34,1,2922,3880.0,3880.0,3880.0,3880.0,1,MESU3
2022-12-22 20:00:00+00:00,34,1,2922,3900.0,3900.0,3900.0,3900.0,1,MESU3
2022-12-23 14:00:00+00:00,34,1,2922,3890.0,3890.0,3890.0,3890.0,1,MESU3
2022-12-23 15:00:00+00:00,34,1,2922,3898.25,3900.0,3898.0,3900.0,4,MESU3
2022-12-23 19:00:00+00:00,34,1,2922,3925.0,3926.75,3925.0,3926.75,3,MESU3
2022-12-27 15:00:00+00:00,34,1,2922,3910.0,3910.0,3910.0,3910.0,1,MESU3
2022-12-27 18:00:00+00:00,34,1,2922,3925.0,3925.0,3925.0,3925.0,1,MESU3
2022-12-27 19:00:00+00:00,34,1,2922,3925.75,3925.75,3925.75,3925.75,1,MESU3
2022-12-27 20:00:00+00:00,34,1,2922,3927.25,3927.25,3927.25,3927.25,2,MESU3
2022-12-28 01:00:00+00:00,34,1,2922,3920.0,3920.0,3920.0,3920.0,1,MESU3
2022-12-28 10:00:00+00:00,34,1,2922,3925.25,3925.25,3925.25,3925.25,3,MESU3
2022-12-28 14:00:00+00:00,34,1,2922,3925.0,3925.0,3925.0,3925.0,1,MESU3
2022-12-28 17:00:00+00:00,34,1,2922,3888.0,3893.0,3888.0,3893.0,8,MESU3
2022-12-28 19:00:00+00:00,34,1,2922,3890.0,3890.0,3890.0,3890.0,2,MESU3
2022-12-28 20:00:00+00:00,34,1,2922,3879.0,3888.25,3875.0,3875.0,4,MESU3
2022-12-28 21:00:00+00:00,34,1,2922,3876.0,3876.0,3876.0,3876.0,1,MESU3
2022-12-29 03:00:00+00:00,34,1,2922,3875.25,3875.25,3875.25,3875.25,4,MESU3
2022-12-29 06:00:00+00:00,34,1,2922,3876.25,3876.25,3876.25,3876.25,1,MESU3
2022-12-29 15:00:00+00:00,34,1,2922,3925.0,3935.0,3925.0,3935.0,2,MESU3
2022-12-29 16:00:00+00:00,34,1,2922,3934.75,3935.0,3934.75,3935.0,5,MESU3
2022-12-29 17:00:00+00:00,34,1,2922,3945.0,3945.0,3939.75,3939.75,2,MESU3
2022-12-30 10:00:00+00:00,34,1,2922,3930.0,3930.0,3930.0,3930.0,1,MESU3
2022-12-30 14:00:00+00:00,34,1,2922,3908.0,3908.0,3908.0,3908.0,1,MESU3
2022-12-30 15:00:00+00:00,34,1,2922,3915.0,3917.75,3915.0,3917.75,2,MESU3
2022-12-30 21:00:00+00:00,34,1,2922,3932.0,3935.0,3932.0,3935.0,2,MESU3
2023-01-02 23:00:00+00:00,34,1,2922,3950.0,3950.0,3950.0,3950.0,3,MESU3
2023-01-03 01:00:00+00:00,34,1,2922,3924.0,3924.0,3916.25,3916.25,13,MESU3
2023-01-03 06:00:00+00:00,34,1,2922,3938.25,3938.25,3938.0,3938.0,11,MESU3
2023-01-03 08:00:00+00:00,34,1,2922,3962.75,3963.0,3962.75,3963.0,24,MESU3
2023-01-03 11:00:00+00:00,34,1,2922,3954.25,3954.25,3954.25,3954.25,2,MESU3
2023-01-03 14:00:00+00:00,34,1,2922,3973.0,3973.0,3933.0,3933.0,3,MESU3
2023-01-03 17:00:00+00:00,34,1,2922,3890.0,3890.0,3890.0,3890.0,1,MESU3
2023-01-03 18:00:00+00:00,34,1,2922,3895.0,3895.0,3895.0,3895.0,1,MESU3
2023-01-03 19:00:00+00:00,34,1,2922,3904.5,3904.5,3904.5,3904.5,2,MESU3
2023-01-04 00:00:00+00:00,34,1,2922,3906.75,3906.75,3906.75,3906.75,1,MESU3
2023-01-04 08:00:00+00:00,34,1,2922,3932.75,3933.0,3932.75,3933.0,2,MESU3
2023-01-04 09:00:00+00:00,34,1,2922,3930.0,3930.0,3930.0,3930.0,1,MESU3
2023-01-04 13:00:00+00:00,34,1,2922,3929.75,3929.75,3929.75,3929.75,1,MESU3
2023-01-04 14:00:00+00:00,34,1,2922,3940.0,3940.0,3940.0,3940.0,1,MESU3
2023-01-04 15:00:00+00:00,34,1,2922,3911.0,3911.0,3911.0,3911.0,2,MESU3
2023-01-04 16:00:00+00:00,34,1,2922,3950.0,3950.0,3950.0,3950.0,4,MESU3
2023-01-04 17:00:00+00:00,34,1,2922,3959.0,3959.0,3955.0,3955.0,2,MESU3
2023-01-04 23:00:00+00:00,34,1,2922,3947.75,3947.75,3939.5,3939.5,2,MESU3
2023-01-05 13:00:00+00:00,34,1,2922,3928.25,3928.25,3928.25,3928.25,1,MESU3
2023-01-05 14:00:00+00:00,34,1,2922,3901.5,3901.5,3901.5,3901.5,3,MESU3
2023-01-05 16:00:00+00:00,34,1,2922,3893.5,3893.5,3893.25,3893.25,11,MESU3
2023-01-05 20:00:00+00:00,34,1,2922,3894.25,3894.25,3894.25,3894.25,1,MESU3
2023-01-06 13:00:00+00:00,34,1,2922,3886.0,3915.25,3886.0,3915.25,2,MESU3
2023-01-06 14:00:00+00:00,34,1,2922,3924.5,3924.5,3915.0,3915.0,2,MESU3
2023-01-06 15:00:00+00:00,34,1,2922,3915.5,3932.25,3915.5,3932.25,5,MESU3
2023-01-06 16:00:00+00:00,34,1,2922,3961.0,3966.75,3960.75,3966.75,18,MESU3
2023-01-06 18:00:00+00:00,34,1,2922,3970.0,3970.0,3970.0,3970.0,1,MESU3
2023-01-06 19:00:00+00:00,34,1,2922,3975.0,3980.0,3975.0,3980.0,2,MESU3
2023-01-09 09:00:00+00:00,34,1,2922,3990.0,4000.0,3990.0,4000.0,2,MESU3
2023-01-09 12:00:00+00:00,34,1,2922,3998.0,3998.0,3998.0,3998.0,1,MESU3
2023-01-09 13:00:00+00:00,34,1,2922,4005.0,4006.0,4005.0,4006.0,3,MESU3
2023-01-09 14:00:00+00:00,34,1,2922,4010.0,4020.0,4010.0,4020.0,2,MESU3
2023-01-09 15:00:00+00:00,34,1,2922,4034.0,4036.5,4034.0,4036.5,4,MESU3
2023-01-09 16:00:00+00:00,34,1,2922,4035.0,4035.0,4035.0,4035.0,1,MESU3
2023-01-09 18:00:00+00:00,34,1,2922,4020.0,4020.0,4020.0,4020.0,1,MESU3
2023-01-09 19:00:00+00:00,34,1,2922,3997.0,3997.0,3997.0,3997.0,1,MESU3
2023-01-09 20:00:00+00:00,34,1,2922,3982.0,3985.0,3982.0,3985.0,2,MESU3
2023-01-09 21:00:00+00:00,34,1,2922,3980.75,3981.25,3980.0,3981.25,3,MESU3
2023-01-09 23:00:00+00:00,34,1,2922,3985.5,3985.5,3985.5,3985.5,1,MESU3
2023-01-10 00:00:00+00:00,34,1,2922,3975.25,3975.25,3975.25,3975.25,10,MESU3
2023-01-10 06:00:00+00:00,34,1,2922,3977.0,3977.0,3977.0,3977.0,1,MESU3
2023-01-10 14:00:00+00:00,34,1,2922,3995.0,3995.0,3995.0,3995.0,1,MESU3
2023-01-10 15:00:00+00:00,34,1,2922,3988.0,3990.0,3988.0,3990.0,2,MESU3
2023-01-10 16:00:00+00:00,34,1,2922,3990.5,3990.5,3990.5,3990.5,1,MESU3
2023-01-10 19:00:00+00:00,34,1,2922,4003.75,4003.75,4003.75,4003.75,10,MESU3
2023-01-11 00:00:00+00:00,34,1,2922,4011.0,4011.0,4011.0,4011.0,1,MESU3
2023-01-11 06:00:00+00:00,34,1,2922,4008.0,4008.0,4008.0,4008.0,1,MESU3
2023-01-11 07:00:00+00:00,34,1,2922,4004.0,4004.0,4004.0,4004.0,1,MESU3
2023-01-11 12:00:00+00:00,34,1,2922,4013.25,4013.25,4013.0,4013.0,26,MESU3
2023-01-11 15:00:00+00:00,34,1,2922,4033.0,4033.0,4033.0,4033.0,1,MESU3
2023-01-11 16:00:00+00:00,34,1,2922,4020.0,4020.0,4020.0,4020.0,2,MESU3
2023-01-11 17:00:00+00:00,34,1,2922,4034.5,4034.5,4034.5,4034.5,1,MESU3
2023-01-11 19:00:00+00:00,34,1,2922,4048.75,4050.0,4048.75,4050.0,12,MESU3
2023-01-11 20:00:00+00:00,34,1,2922,4050.75,4050.75,4050.75,4050.75,1,MESU3
2023-01-11 21:00:00+00:00,34,1,2922,4060.0,4060.0,4060.0,4060.0,1,MESU3
2023-01-12 05:00:00+00:00,34,1,2922,4064.0,4067.0,4064.0,4067.0,2,MESU3
2023-01-12 11:00:00+00:00,34,1,2922,4060.0,4060.5,4060.0,4060.5,21,MESU3
2023-01-12 13:00:00+00:00,34,1,2922,4070.0,4085.0,4056.0,4080.0,8,MESU3
2023-01-12 14:00:00+00:00,34,1,2922,4090.0,4090.0,4040.0,4040.0,2,MESU3
2023-01-12 15:00:00+00:00,34,1,2922,4070.0,4070.0,4062.0,4068.0,3,MESU3
2023-01-13 01:00:00+00:00,34,1,2922,4065.0,4067.25,4065.0,4067.25,2,MESU3
2023-01-13 02:00:00+00:00,34,1,2922,4065.5,4065.5,4065.5,4065.5,1,MESU3
2023-01-13 03:00:00+00:00,34,1,2922,4063.75,4063.75,4063.5,4063.5,26,MESU3
2023-01-13 07:00:00+00:00,34,1,2922,4066.25,4066.25,4066.0,4066.0,6,MESU3
2023-01-13 08:00:00+00:00,34,1,2922,4067.0,4067.0,4064.5,4064.5,3,MESU3
2023-01-13 11:00:00+00:00,34,1,2922,4065.0,4065.0,4063.75,4063.75,2,MESU3
2023-01-13 12:00:00+00:00,34,1,2922,4050.0,4050.0,4050.0,4050.0,1,MESU3
2023-01-13 15:00:00+00:00,34,1,2922,4050.25,4055.0,4050.25,4055.0,2,MESU3
2023-01-13 16:00:00+00:00,34,1,2922,4063.0,4063.0,4058.5,4058.5,31,MESU3
2023-01-13 18:00:00+00:00,34,1,2922,4075.25,4075.25,4075.25,4075.25,3,MESU3
2023-01-13 19:00:00+00:00,34,1,2922,4077.25,4080.0,4075.75,4080.0,11,MESU3
2023-01-13 20:00:00+00:00,34,1,2922,4081.0,4085.0,4081.0,4081.75,30,MESU3
2023-01-13 21:00:00+00:00,34,1,2922,4085.75,4085.75,4085.75,4085.75,5,MESU3
2023-01-16 08:00:00+00:00,34,1,2922,4075.25,4075.25,4070.25,4070.25,11,MESU3
2023-01-16 09:00:00+00:00,34,1,2922,4070.25,4070.25,4070.0,4070.0,6,MESU3
2023-01-16 12:00:00+00:00,34,1,2922,4071.75,4071.75,4071.75,4071.75,3,MESU3
2023-01-16 15:00:00+00:00,34,1,2922,4094.5,4094.5,4094.5,4094.5,3,MESU3
2023-01-17 02:00:00+00:00,34,1,2922,4075.0,4075.0,4075.0,4075.0,2,MESU3
2023-01-17 12:00:00+00:00,34,1,2922,4080.25,4080.25,4080.0,4080.0,6,MESU3
2023-01-17 14:00:00+00:00,34,1,2922,4087.0,4088.0,4087.0,4088.0,3,MESU3
2023-01-17 15:00:00+00:00,34,1,2922,4101.0,4105.0,4085.0,4085.0,4,MESU3
2023-01-17 16:00:00+00:00,34,1,2922,4075.0,4075.0,4075.0,4075.0,1,MESU3
2023-01-17 18:00:00+00:00,34,1,2922,4090.0,4090.0,4090.0,4090.0,1,MESU3
2023-01-17 19:00:00+00:00,34,1,2922,4085.0,4085.0,4081.75,4081.75,2,MESU3
2023-01-17 20:00:00+00:00,34,1,2922,4075.0,4075.0,4075.0,4075.0,1,MESU3
2023-01-18 01:00:00+00:00,34,1,2922,4075.0,4075.0,4075.0,4075.0,1,MESU3
2023-01-18 02:00:00+00:00,34,1,2922,4072.0,4097.0,4072.0,4097.0,11,MESU3
2023-01-18 08:00:00+00:00,34,1,2922,4080.25,4080.25,4080.0,4080.0,6,MESU3
2023-01-18 11:00:00+00:00,34,1,2922,4084.5,4084.5,4084.5,4084.5,1,MESU3
2023-01-18 14:00:00+00:00,34,1,2922,4096.0,4096.0,4096.0,4096.0,1,MESU3
2023-01-18 15:00:00+00:00,34,1,2922,4097.75,4102.0,4071.25,4071.25,15,MESU3
2023-01-18 16:00:00+00:00,34,1,2922,4067.0,4067.0,4045.0,4045.75,16,MESU3
2023-01-18 17:00:00+00:00,34,1,2922,4045.5,4045.5,4042.0,4042.0,5,MESU3
2023-01-18 19:00:00+00:00,34,1,2922,4033.25,4033.25,4033.25,4033.25,10,MESU3
2023-01-18 20:00:00+00:00,34,1,2922,4025.75,4025.75,4020.0,4020.0,3,MESU3
2023-01-19 00:00:00+00:00,34,1,2922,4008.0,4008.0,4008.0,4008.0,1,MESU3
2023-01-19 06:00:00+00:00,34,1,2922,4002.75,4002.75,4002.75,4002.75,1,MESU3
2023-01-19 07:00:00+00:00,34,1,2922,4002.5,4002.5,4002.5,4002.5,2,MESU3
2023-01-19 09:00:00+00:00,34,1,2922,4000.25,4000.25,4000.0,4000.0,2,MESU3
2023-01-19 12:00:00+00:00,34,1,2922,3985.0,3985.0,3985.0,3985.0,1,MESU3
2023-01-19 13:00:00+00:00,34,1,2922,3991.0,3991.0,3991.0,3991.0,1,MESU3
2023-01-19 14:00:00+00:00,34,1,2922,4000.0,4000.0,3990.0,3990.0,2,MESU3
2023-01-19 15:00:00+00:00,34,1,2922,3980.0,3980.0,3980.0,3980.0,1,MESU3
2023-01-19 16:00:00+00:00,34,1,2922,3972.25,3975.25,3971.75,3971.75,4,MESU3
2023-01-19 19:00:00+00:00,34,1,2922,4003.75,4006.75,4003.75,4006.75,10,MESU3
2023-01-19 20:00:00+00:00,34,1,2922,4006.0,4006.0,4006.0,4006.0,1,MESU3
2023-01-19 23:00:00+00:00,34,1,2922,3995.0,3995.0,3995.0,3995.0,1,MESU3
2023-01-20 00:00:00+00:00,34,1,2922,3996.5,3996.5,3996.5,3996.5,2,MESU3
2023-01-20 16:00:00+00:00,34,1,2922,4012.75,4022.25,4012.75,4022.25,11,MESU3
2023-01-20 17:00:00+00:00,34,1,2922,4019.75,4020.0,4019.75,4020.0,6,MESU3
2023-01-20 18:00:00+00:00,34,1,2922,4022.0,4022.0,4010.0,4016.5,6,MESU3
2023-01-20 19:00:00+00:00,34,1,2922,4032.75,4032.75,4032.75,4032.75,1,MESU3
2023-01-20 20:00:00+00:00,34,1,2922,4043.75,4059.75,4043.75,4059.75,30,MESU3
2023-01-20 21:00:00+00:00,34,1,2922,4056.0,4057.25,4056.0,4057.25,2,MESU3
2023-01-22 23:00:00+00:00,34,1,2922,4060.5,4060.5,4051.5,4051.5,2,MESU3
2023-01-23 07:00:00+00:00,34,1,2922,4062.0,4062.0,4050.25,4050.25,2,MESU3
2023-01-23 11:00:00+00:00,34,1,2922,4050.5,4050.5,4050.5,4050.5,1,MESU3
2023-01-23 13:00:00+00:00,34,1,2922,4067.25,4067.5,4067.25,4067.5,6,MESU3
2023-01-23 14:00:00+00:00,34,1,2922,4055.0,4080.75,4054.5,4080.75,10,MESU3
2023-01-23 15:00:00+00:00,34,1,2922,4092.5,4095.25,4092.5,4095.25,3,MESU3
2023-01-23 16:00:00+00:00,34,1,2922,4105.25,4118.5,4104.0,4110.25,11,MESU3
2023-01-23 18:00:00+00:00,34,1,2922,4117.75,4122.0,4116.75,4116.75,14,MESU3
2023-01-23 19:00:00+00:00,34,1,2922,4100.5,4100.5,4088.75,4088.75,14,MESU3
2023-01-23 20:00:00+00:00,34,1,2922,4103.5,4106.0,4102.0,4102.0,9,MESU3
2023-01-24 07:00:00+00:00,34,1,2922,4100.0,4100.0,4097.25,4097.25,4,MESU3
2023-01-24 08:00:00+00:00,34,1,2922,4106.25,4110.75,4097.5,4110.75,29,MESU3
2023-01-24 14:00:00+00:00,34,1,2922,4085.0,4090.5,4080.0,4090.5,5,MESU3
2023-01-24 15:00:00+00:00,34,1,2922,4078.0,4100.75,4078.0,4100.75,6,MESU3
2023-01-24 18:00:00+00:00,34,1,2922,4105.0,4105.0,4105.0,4105.0,2,MESU3
2023-01-24 21:00:00+00:00,34,1,2922,4113.25,4115.0,4111.0,4111.0,3,MESU3
2023-01-24 23:00:00+00:00,34,1,2922,4094.75,4094.75,4088.0,4088.0,2,MESU3
2023-01-25 00:00:00+00:00,34,1,2922,4085.25,4085.25,4085.0,4085.0,31,MESU3
2023-01-25 01:00:00+00:00,34,1,2922,4085.25,4085.25,4085.25,4085.25,2,MESU3
2023-01-25 02:00:00+00:00,34,1,2922,4082.25,4082.5,4082.25,4082.5,12,MESU3
2023-01-25 10:00:00+00:00,34,1,2922,4075.5,4075.5,4075.25,4075.25,11,MESU3
2023-01-25 11:00:00+00:00,34,1,2922,4074.25,4074.25,4074.25,4074.25,1,MESU3
2023-01-25 13:00:00+00:00,34,1,2922,4065.0,4065.0,4060.0,4060.0,4,MESU3
2023-01-25 14:00:00+00:00,34,1,2922,4058.0,4067.5,4044.5,4044.5,7,MESU3
2023-01-25 15:00:00+00:00,34,1,2922,4050.0,4050.0,4050.0,4050.0,1,MESU3
2023-01-25 16:00:00+00:00,34,1,2922,4067.75,4068.0,4067.75,4068.0,3,MESU3
2023-01-25 18:00:00+00:00,34,1,2922,4090.0,4091.0,4090.0,4091.0,5,MESU3
2023-01-25 19:00:00+00:00,34,1,2922,4092.25,4092.25,4092.25,4092.25,1,MESU3
2023-01-25 20:00:00+00:00,34,1,2922,4107.0,4109.5,4107.0,4107.25,6,MESU3
2023-01-25 21:00:00+00:00,34,1,2922,4107.25,4107.25,4098.0,4098.0,8,MESU3
2023-01-25 23:00:00+00:00,34,1,2922,4105.25,4105.25,4105.25,4105.25,5,MESU3
2023-01-26 00:00:00+00:00,34,1,2922,4108.0,4108.0,4108.0,4108.0,1,MESU3
2023-01-26 03:00:00+00:00,34,1,2922,4106.5,4106.5,4106.5,4106.5,1,MESU3
2023-01-26 05:00:00+00:00,34,1,2922,4106.5,4110.5,4106.5,4110.5,2,MESU3
2023-01-26 13:00:00+00:00,34,1,2922,4120.25,4120.25,4120.25,4120.25,1,MESU3
2023-01-26 14:00:00+00:00,34,1,2922,4130.0,4135.0,4120.0,4122.0,15,MESU3
2023-01-26 15:00:00+00:00,34,1,2922,4110.0,4130.0,4110.0,4130.0,3,MESU3
2023-01-26 17:00:00+00:00,34,1,2922,4117.5,4117.5,4117.5,4117.5,1,MESU3
2023-01-26 18:00:00+00:00,34,1,2922,4114.25,4127.0,4114.25,4127.0,3,MESU3
2023-01-26 20:00:00+00:00,34,1,2922,4141.0,4143.5,4141.0,4143.5,2,MESU3
2023-01-27 02:00:00+00:00,34,1,2922,4132.75,4135.0,4132.75,4135.0,3,MESU3
2023-01-27 04:00:00+00:00,34,1,2922,4130.0,4134.75,4130.0,4134.75,5,MESU3
2023-01-27 14:00:00+00:00,34,1,2922,4136.75,4150.0,4129.75,4150.0,7,MESU3
2023-01-27 15:00:00+00:00,34,1,2922,4159.5,4165.0,4150.25,4150.25,7,MESU3
2023-01-27 16:00:00+00:00,34,1,2922,4144.0,4144.0,4144.0,4144.0,1,MESU3
2023-01-27 17:00:00+00:00,34,1,2922,4154.0,4166.0,4154.0,4165.0,10,MESU3
2023-01-27 18:00:00+00:00,34,1,2922,4165.0,4165.0,4165.0,4165.0,1,MESU3
2023-01-27 19:00:00+00:00,34,1,2922,4165.0,4177.25,4165.0,4175.0,4,MESU3
2023-01-27 20:00:00+00:00,34,1,2922,4177.5,4177.5,4156.5,4156.5,4,MESU3
2023-01-27 21:00:00+00:00,34,1,2922,4153.25,4153.25,4153.25,4153.25,1,MESU3
2023-01-29 23:00:00+00:00,34,1,2922,4150.0,4158.0,4150.0,4158.0,3,MESU3
2023-01-30 04:00:00+00:00,34,1,2922,4145.0,4145.0,4145.0,4145.0,1,MESU3
2023-01-30 08:00:00+00:00,34,1,2922,4135.25,4135.25,4125.25,4125.25,9,MESU3
2023-01-30 09:00:00+00:00,34,1,2922,4125.0,4125.0,4120.0,4120.0,6,MESU3
2023-01-30 11:00:00+00:00,34,1,2922,4116.0,4116.0,4116.0,4116.0,2,MESU3
2023-01-30 13:00:00+00:00,34,1,2922,4126.25,4126.5,4126.25,4126.5,2,MESU3
2023-01-30 14:00:00+00:00,34,1,2922,4127.5,4141.0,4127.5,4135.0,4,MESU3
2023-01-30 15:00:00+00:00,34,1,2922,4148.0,4148.0,4120.0,4120.0,4,MESU3
2023-01-30 16:00:00+00:00,34,1,2922,4127.5,4134.0,4127.5,4134.0,3,MESU3
2023-01-30 18:00:00+00:00,34,1,2922,4116.0,4116.0,4116.0,4116.0,10,MESU3
2023-01-30 19:00:00+00:00,34,1,2922,4116.0,4116.0,4113.5,4114.0,3,MESU3
2023-01-30 23:00:00+00:00,34,1,2922,4110.0,4110.0,4106.25,4106.25,2,MESU3
2023-01-31 02:00:00+00:00,34,1,2922,4108.0,4108.0,4108.0,4108.0,1,MESU3
2023-01-31 03:00:00+00:00,34,1,2922,4100.0,4100.0,4100.0,4100.0,3,MESU3
2023-01-31 10:00:00+00:00,34,1,2922,4090.0,4092.0,4090.0,4092.0,4,MESU3
2023-01-31 13:00:00+00:00,34,1,2922,4098.5,4116.0,4098.5,4116.0,5,MESU3
2023-01-31 14:00:00+00:00,34,1,2922,4112.0,4118.25,4109.25,4118.25,7,MESU3
2023-01-31 15:00:00+00:00,34,1,2922,4109.75,4128.75,4109.75,4128.75,7,MESU3
2023-01-31 17:00:00+00:00,34,1,2922,4125.0,4134.75,4125.0,4134.75,12,MESU3
2023-01-31 19:00:00+00:00,34,1,2922,4137.0,4143.0,4137.0,4143.0,9,MESU3
2023-01-31 20:00:00+00:00,34,1,2922,4145.25,4152.5,4145.25,4152.5,5,MESU3
2023-01-31 21:00:00+00:00,34,1,2922,4155.0,4155.0,4155.0,4155.0,1,MESU3
2023-01-31 23:00:00+00:00,34,1,2922,4151.0,4155.75,4150.25,4150.25,8,MESU3
2023-02-01 14:00:00+00:00,34,1,2922,4145.0,4145.25,4145.0,4145.25,2,MESU3
2023-02-01 15:00:00+00:00,34,1,2922,4134.5,4134.5,4134.5,4134.5,5,MESU3
2023-02-01 18:00:00+00:00,34,1,2922,4145.0,4145.0,4145.0,4145.0,1,MESU3
2023-02-01 19:00:00+00:00,34,1,2922,4150.0,4203.0,4125.0,4190.0,28,MESU3
2023-02-01 20:00:00+00:00,34,1,2922,4204.0,4231.5,4200.0,4200.0,42,MESU3
2023-02-01 21:00:00+00:00,34,1,2922,4217.5,4217.5,4217.5,4217.5,3,MESU3
2023-02-01 23:00:00+00:00,34,1,2922,4222.5,4223.75,4222.5,4223.0,3,MESU3
2023-02-02 00:00:00+00:00,34,1,2922,4215.0,4216.0,4215.0,4216.0,2,MESU3
2023-02-02 03:00:00+00:00,34,1,2922,4215.75,4215.75,4213.75,4213.75,2,MESU3
2023-02-02 04:00:00+00:00,34,1,2922,4221.5,4221.5,4221.5,4221.5,1,MESU3
2023-02-02 05:00:00+00:00,34,1,2922,4220.25,4220.25,4220.25,4220.25,1,MESU3
2023-02-02 08:00:00+00:00,34,1,2922,4224.0,4237.25,4224.0,4237.25,5,MESU3
2023-02-02 09:00:00+00:00,34,1,2922,4225.5,4225.5,4225.0,4225.0,4,MESU3
2023-02-02 13:00:00+00:00,34,1,2922,4225.0,4231.75,4225.0,4231.75,7,MESU3
2023-02-02 14:00:00+00:00,34,1,2922,4247.5,4249.75,4234.0,4234.0,17,MESU3
2023-02-02 15:00:00+00:00,34,1,2922,4244.25,4270.0,4244.25,4270.0,17,MESU3
2023-02-02 16:00:00+00:00,34,1,2922,4262.5,4265.5,4256.0,4265.5,4,MESU3
2023-02-02 17:00:00+00:00,34,1,2922,4267.5,4267.5,4260.0,4260.0,2,MESU3
2023-02-02 18:00:00+00:00,34,1,2922,4267.5,4279.75,4267.5,4279.75,9,MESU3
2023-02-02 19:00:00+00:00,34,1,2922,4280.0,4280.0,4244.0,4250.0,9,MESU3
2023-02-02 20:00:00+00:00,34,1,2922,4235.25,4254.5,4235.25,4254.5,6,MESU3
2023-02-02 21:00:00+00:00,34,1,2922,4257.25,4257.25,4236.75,4236.75,25,MESU3
2023-02-02 23:00:00+00:00,34,1,2922,4247.0,4247.0,4247.0,4247.0,1,MESU3
2023-02-03 04:00:00+00:00,34,1,2922,4243.5,4243.5,4243.5,4243.5,1,MESU3
2023-02-03 05:00:00+00:00,34,1,2922,4244.25,4244.25,4243.75,4243.75,2,MESU3
2023-02-03 06:00:00+00:00,34,1,2922,4242.0,4242.0,4242.0,4242.0,1,MESU3
2023-02-03 07:00:00+00:00,34,1,2922,4240.0,4240.0,4235.0,4235.0,7,MESU3
2023-02-03 13:00:00+00:00,34,1,2922,4250.0,4250.0,4210.0,4210.0,10,MESU3
2023-02-03 14:00:00+00:00,34,1,2922,4208.5,4232.75,4207.0,4232.75,13,MESU3
2023-02-03 15:00:00+00:00,34,1,2922,4242.5,4264.75,4242.5,4251.0,9,MESU3
2023-02-03 16:00:00+00:00,34,1,2922,4264.75,4264.75,4250.0,4250.0,6,MESU3
2023-02-03 17:00:00+00:00,34,1,2922,4265.75,4265.75,4250.0,4250.0,3,MESU3
2023-02-03 18:00:00+00:00,34,1,2922,4237.5,4237.5,4220.0,4220.0,3,MESU3
2023-02-03 19:00:00+00:00,34,1,2922,4229.25,4229.25,4225.0,4225.0,3,MESU3
2023-02-03 20:00:00+00:00,34,1,2922,4212.5,4228.5,4212.5,4215.75,5,MESU3
2023-02-03 21:00:00+00:00,34,1,2922,4221.0,4223.0,4221.0,4223.0,3,MESU3
2023-02-06 00:00:00+00:00,34,1,2922,4212.75,4212.75,4212.75,4212.75,5,MESU3
2023-02-06 01:00:00+00:00,34,1,2922,4212.5,4212.5,4212.5,4212.5,1,MESU3
2023-02-06 03:00:00+00:00,34,1,2922,4211.25,4214.25,4211.25,4214.25,2,MESU3
2023-02-06 09:00:00+00:00,34,1,2922,4200.0,4200.0,4197.0,4197.0,3,MESU3
2023-02-06 10:00:00+00:00,34,1,2922,4185.0,4185.0,4185.0,4185.0,1,MESU3
2023-02-06 11:00:00+00:00,34,1,2922,4184.75,4185.0,4184.75,4185.0,3,MESU3
2023-02-06 13:00:00+00:00,34,1,2922,4194.0,4194.0,4194.0,4194.0,1,MESU3
2023-02-06 15:00:00+00:00,34,1,2922,4200.0,4200.0,4180.0,4180.0,3,MESU3
2023-02-06 16:00:00+00:00,34,1,2922,4210.0,4210.0,4210.0,4210.0,1,MESU3
2023-02-06 18:00:00+00:00,34,1,2922,4197.5,4197.5,4192.25,4192.25,2,MESU3
2023-02-06 19:00:00+00:00,34,1,2922,4208.0,4208.0,4208.0,4208.0,1,MESU3
2023-02-06 20:00:00+00:00,34,1,2922,4187.5,4187.5,4187.5,4187.5,1,MESU3
2023-02-07 00:00:00+00:00,34,1,2922,4206.25,4206.5,4206.25,4206.5,2,MESU3
2023-02-07 04:00:00+00:00,34,1,2922,4206.75,4206.75,4206.5,4206.5,5,MESU3
2023-02-07 13:00:00+00:00,34,1,2922,4197.0,4197.0,4197.0,4197.0,5,MESU3
2023-02-07 14:00:00+00:00,34,1,2922,4187.5,4187.5,4187.5,4187.5,1,MESU3
2023-02-07 15:00:00+00:00,34,1,2922,4185.0,4185.0,4185.0,4185.0,5,MESU3
2023-02-07 17:00:00+00:00,34,1,2922,4217.0,4250.0,4217.0,4250.0,15,MESU3
2023-02-07 18:00:00+00:00,34,1,2922,4187.5,4187.5,4181.75,4181.75,12,MESU3
2023-02-07 19:00:00+00:00,34,1,2922,4220.0,4235.5,4220.0,4235.5,4,MESU3
2023-02-07 20:00:00+00:00,34,1,2922,4238.5,4262.25,4228.25,4262.25,8,MESU3
2023-02-07 23:00:00+00:00,34,1,2922,4251.75,4251.75,4251.0,4251.0,2,MESU3
2023-02-08 01:00:00+00:00,34,1,2922,4251.0,4251.0,4251.0,4251.0,1,MESU3
2023-02-08 04:00:00+00:00,34,1,2922,4250.0,4250.0,4250.0,4250.0,1,MESU3
2023-02-08 05:00:00+00:00,34,1,2922,4250.0,4250.0,4250.0,4250.0,1,MESU3
2023-02-08 07:00:00+00:00,34,1,2922,4250.0,4250.0,4250.0,4250.0,1,MESU3
2023-02-08 08:00:00+00:00,34,1,2922,4237.5,4237.5,4237.5,4237.5,1,MESU3
2023-02-08 11:00:00+00:00,34,1,2922,4238.0,4238.0,4238.0,4238.0,1,MESU3
2023-02-08 12:00:00+00:00,34,1,2922,4244.0,4244.0,4244.0,4244.0,1,MESU3
2023-02-08 15:00:00+00:00,34,1,2922,4225.0,4225.0,4225.0,4225.0,1,MESU3
2023-02-08 16:00:00+00:00,34,1,2922,4215.0,4215.0,4208.75,4208.75,5,MESU3
2023-02-08 18:00:00+00:00,34,1,2922,4212.5,4212.5,4212.5,4212.5,1,MESU3
2023-02-08 20:00:00+00:00,34,1,2922,4202.0,4202.0,4200.0,4200.0,11,MESU3
2023-02-09 08:00:00+00:00,34,1,2922,4222.5,4222.5,4222.5,4222.5,10,MESU3
2023-02-09 09:00:00+00:00,34,1,2922,4237.5,4242.5,4237.5,4242.5,2,MESU3
2023-02-09 14:00:00+00:00,34,1,2922,4240.75,4240.75,4232.5,4234.0,5,MESU3
2023-02-09 16:00:00+00:00,34,1,2922,4217.75,4221.0,4217.75,4221.0,2,MESU3
2023-02-09 17:00:00+00:00,34,1,2922,4218.0,4219.0,4196.0,4200.75,14,MESU3
2023-02-09 18:00:00+00:00,34,1,2922,4197.0,4197.0,4190.0,4191.5,4,MESU3
2023-02-09 19:00:00+00:00,34,1,2922,4181.5,4181.5,4181.5,4181.5,2,MESU3
2023-02-09 20:00:00+00:00,34,1,2922,4175.25,4175.25,4160.0,4160.0,14,MESU3
2023-02-10 00:00:00+00:00,34,1,2922,4169.25,4169.25,4169.25,4169.25,1,MESU3
2023-02-10 06:00:00+00:00,34,1,2922,4165.0,4165.0,4165.0,4165.0,1,MESU3
2023-02-10 07:00:00+00:00,34,1,2922,4167.0,4167.0,4167.0,4167.0,2,MESU3
2023-02-10 08:00:00+00:00,34,1,2922,4167.0,4167.0,4167.0,4167.0,1,MESU3
2023-02-10 10:00:00+00:00,34,1,2922,4150.0,4150.0,4150.0,4150.0,1,MESU3
2023-02-10 11:00:00+00:00,34,1,2922,4149.0,4149.0,4143.0,4143.0,5,MESU3
2023-02-10 12:00:00+00:00,34,1,2922,4142.0,4142.0,4142.0,4142.0,2,MESU3
2023-02-10 14:00:00+00:00,34,1,2922,4157.0,4157.0,4150.0,4154.25,3,MESU3
2023-02-10 16:00:00+00:00,34,1,2922,4160.0,4167.25,4160.0,4167.25,3,MESU3
2023-02-10 18:00:00+00:00,34,1,2922,4170.75,4180.0,4170.0,4170.0,4,MESU3
2023-02-10 20:00:00+00:00,34,1,2922,4179.5,4179.5,4179.5,4179.5,1,MESU3
2023-02-13 10:00:00+00:00,34,1,2922,4179.25,4179.25,4179.25,4179.25,1,MESU3
2023-02-13 11:00:00+00:00,34,1,2922,4179.5,4179.5,4179.5,4179.5,2,MESU3
2023-02-13 13:00:00+00:00,34,1,2922,4189.75,4189.75,4175.75,4175.75,4,MESU3
2023-02-13 14:00:00+00:00,34,1,2922,4190.0,4190.0,4190.0,4190.0,1,MESU3
2023-02-13 15:00:00+00:00,34,1,2922,4200.0,4205.75,4199.5,4205.75,20,MESU3
2023-02-13 16:00:00+00:00,34,1,2922,4215.75,4218.0,4208.5,4218.0,5,MESU3
2023-02-13 17:00:00+00:00,34,1,2922,4213.75,4220.75,4213.75,4220.75,2,MESU3
2023-02-13 18:00:00+00:00,34,1,2922,4222.0,4222.75,4222.0,4222.75,2,MESU3
2023-02-13 20:00:00+00:00,34,1,2922,4224.0,4225.0,4224.0,4225.0,3,MESU3
2023-02-13 21:00:00+00:00,34,1,2922,4225.0,4230.25,4225.0,4230.25,2,MESU3
2023-02-13 23:00:00+00:00,34,1,2922,4229.75,4229.75,4229.75,4229.75,1,MESU3
2023-02-14 08:00:00+00:00,34,1,2922,4229.0,4229.0,4229.0,4229.0,2,MESU3
2023-02-14 09:00:00+00:00,34,1,2922,4232.75,4232.75,4232.75,4232.75,1,MESU3
2023-02-14 13:00:00+00:00,34,1,2922,4249.25,4249.25,4217.25,4230.0,4,MESU3
2023-02-14 14:00:00+00:00,34,1,2922,4217.5,4233.75,4200.0,4233.75,12,MESU3
2023-02-14 15:00:00+00:00,34,1,2922,4231.25,4237.0,4192.5,4204.0,12,MESU3
2023-02-14 16:00:00+00:00,34,1,2922,4188.0,4188.0,4184.75,4184.75,3,MESU3
2023-02-14 18:00:00+00:00,34,1,2922,4216.25,4217.5,4216.25,4217.5,2,MESU3
2023-02-14 19:00:00+00:00,34,1,2922,4231.0,4231.0,4231.0,4231.0,3,MESU3
2023-02-14 20:00:00+00:00,34,1,2922,4225.5,4225.75,4225.5,4225.75,2,MESU3
2023-02-15 02:00:00+00:00,34,1,2922,4209.0,4209.0,4202.0,4202.0,2,MESU3
2023-02-15 03:00:00+00:00,34,1,2922,4205.0,4205.0,4205.0,4205.0,2,MESU3
2023-02-15 12:00:00+00:00,34,1,2922,4213.0,4213.0,4213.0,4213.0,1,MESU3
2023-02-15 13:00:00+00:00,34,1,2922,4200.0,4200.0,4200.0,4200.0,1,MESU3
2023-02-15 14:00:00+00:00,34,1,2922,4196.75,4196.75,4195.0,4195.0,2,MESU3
2023-02-15 15:00:00+00:00,34,1,2922,4208.75,4210.0,4208.75,4210.0,2,MESU3
2023-02-15 19:00:00+00:00,34,1,2922,4229.5,4233.5,4229.5,4233.5,3,MESU3
2023-02-15 20:00:00+00:00,34,1,2922,4222.25,4236.0,4222.0,4236.0,3,MESU3
2023-02-15 21:00:00+00:00,34,1,2922,4238.0,4238.0,4234.25,4234.25,2,MESU3
2023-02-16 01:00:00+00:00,34,1,2922,4240.0,4240.0,4240.0,4240.0,1,MESU3
2023-02-16 02:00:00+00:00,34,1,2922,4240.0,4241.25,4240.0,4241.25,3,MESU3
2023-02-16 03:00:00+00:00,34,1,2922,4245.0,4245.0,4245.0,4245.0,2,MESU3
2023-02-16 04:00:00+00:00,34,1,2922,4240.25,4240.25,4240.25,4240.25,1,MESU3
2023-02-16 08:00:00+00:00,34,1,2922,4240.0,4240.0,4240.0,4240.0,1,MESU3
2023-02-16 10:00:00+00:00,34,1,2922,4235.0,4235.0,4235.0,4235.0,1,MESU3
2023-02-16 12:00:00+00:00,34,1,2922,4230.0,4230.0,4230.0,4230.0,1,MESU3
2023-02-16 13:00:00+00:00,34,1,2922,4225.0,4225.0,4195.0,4195.0,7,MESU3
2023-02-16 14:00:00+00:00,34,1,2922,4185.0,4190.0,4178.0,4190.0,5,MESU3
2023-02-16 15:00:00+00:00,34,1,2922,4180.0,4210.0,4180.0,4210.0,7,MESU3
2023-02-16 16:00:00+00:00,34,1,2922,4210.0,4210.0,4210.0,4210.0,2,MESU3
2023-02-16 17:00:00+00:00,34,1,2922,4209.0,4224.75,4209.0,4224.75,4,MESU3
2023-02-16 19:00:00+00:00,34,1,2922,4222.5,4222.5,4214.0,4214.0,4,MESU3
2023-02-16 20:00:00+00:00,34,1,2922,4210.0,4210.0,4178.0,4178.5,16,MESU3
2023-02-16 21:00:00+00:00,34,1,2922,4174.5,4179.0,4174.25,4178.75,15,MESU3
2023-02-16 23:00:00+00:00,34,1,2922,4167.25,4167.25,4163.75,4163.75,5,MESU3
2023-02-17 08:00:00+00:00,34,1,2922,4145.0,4145.0,4145.0,4145.0,1,MESU3
2023-02-17 11:00:00+00:00,34,1,2922,4145.0,4154.0,4145.0,4154.0,5,MESU3
2023-02-17 12:00:00+00:00,34,1,2922,4149.5,4149.5,4149.5,4149.5,1,MESU3
2023-02-17 13:00:00+00:00,34,1,2922,4149.25,4149.25,4149.25,4149.25,1,MESU3
2023-02-17 14:00:00+00:00,34,1,2922,4135.0,4135.0,4135.0,4135.0,1,MESU3
2023-02-17 16:00:00+00:00,34,1,2922,4146.0,4146.0,4135.0,4142.0,5,MESU3
2023-02-17 17:00:00+00:00,34,1,2922,4137.5,4137.5,4134.5,4134.5,3,MESU3
2023-02-17 19:00:00+00:00,34,1,2922,4157.25,4157.5,4157.25,4157.5,2,MESU3
2023-02-17 21:00:00+00:00,34,1,2922,4163.5,4163.5,4163.5,4163.5,4,MESU3
2023-02-20 00:00:00+00:00,34,1,2922,4155.0,4155.0,4155.0,4155.0,1,MESU3
2023-02-20 11:00:00+00:00,34,1,2922,4159.5,4159.5,4159.5,4159.5,2,MESU3
2023-02-20 15:00:00+00:00,34,1,2922,4155.0,4155.5,4155.0,4155.5,2,MESU3
2023-02-21 07:00:00+00:00,34,1,2922,4145.0,4145.0,4145.0,4145.0,1,MESU3
2023-02-21 09:00:00+00:00,34,1,2922,4145.0,4145.0,4145.0,4145.0,1,MESU3
2023-02-21 10:00:00+00:00,34,1,2922,4137.0,4137.0,4137.0,4137.0,1,MESU3
2023-02-21 11:00:00+00:00,34,1,2922,4134.0,4134.0,4134.0,4134.0,2,MESU3
2023-02-21 13:00:00+00:00,34,1,2922,4128.0,4133.0,4127.75,4127.75,4,MESU3
2023-02-21 14:00:00+00:00,34,1,2922,4123.25,4128.0,4117.0,4117.0,9,MESU3
2023-02-21 15:00:00+00:00,34,1,2922,4111.0,4115.0,4104.0,4104.0,8,MESU3
2023-02-21 16:00:00+00:00,34,1,2922,4100.75,4100.75,4100.75,4100.75,2,MESU3
2023-02-21 17:00:00+00:00,34,1,2922,4093.5,4100.0,4088.75,4100.0,6,MESU3
2023-02-21 18:00:00+00:00,34,1,2922,4095.0,4095.0,4085.25,4085.25,4,MESU3
2023-02-21 19:00:00+00:00,34,1,2922,4081.25,4087.0,4081.25,4087.0,3,MESU3
2023-02-21 20:00:00+00:00,34,1,2922,4085.0,4095.75,4085.0,4095.75,3,MESU3
2023-02-21 21:00:00+00:00,34,1,2922,4087.0,4087.0,4087.0,4087.0,1,MESU3
2023-02-21 23:00:00+00:00,34,1,2922,4081.75,4081.75,4081.75,4081.75,1,MESU3
2023-02-22 07:00:00+00:00,34,1,2922,4085.5,4085.5,4085.5,4085.5,1,MESU3
2023-02-22 08:00:00+00:00,34,1,2922,4081.5,4081.5,4081.5,4081.5,1,MESU3
2023-02-22 11:00:00+00:00,34,1,2922,4076.0,4076.0,4075.0,4075.0,3,MESU3
2023-02-22 14:00:00+00:00,34,1,2922,4086.5,4095.75,4086.5,4095.75,2,MESU3
2023-02-22 15:00:00+00:00,34,1,2922,4080.0,4080.0,4080.0,4080.0,1,MESU3
2023-02-22 17:00:00+00:00,34,1,2922,4095.75,4095.75,4087.0,4087.0,7,MESU3
2023-02-22 18:00:00+00:00,34,1,2922,4091.5,4091.5,4091.5,4091.5,5,MESU3
2023-02-22 19:00:00+00:00,34,1,2922,4073.75,4073.75,4067.0,4067.0,4,MESU3
2023-02-22 20:00:00+00:00,34,1,2922,4065.0,4065.0,4060.0,4060.0,5,MESU3
2023-02-23 04:00:00+00:00,34,1,2922,4087.5,4095.0,4087.5,4089.0,18,MESU3
2023-02-23 06:00:00+00:00,34,1,2922,4092.0,4092.0,4092.0,4092.0,1,MESU3
2023-02-23 08:00:00+00:00,34,1,2922,4095.0,4099.75,4095.0,4099.75,2,MESU3
2023-02-23 13:00:00+00:00,34,1,2922,4098.75,4098.75,4086.25,4096.5,6,MESU3
2023-02-23 14:00:00+00:00,34,1,2922,4105.0,4105.0,4098.5,4100.5,6,MESU3
2023-02-23 15:00:00+00:00,34,1,2922,4113.25,4113.25,4094.0,4094.0,3,MESU3
2023-02-23 16:00:00+00:00,34,1,2922,4075.0,4075.75,4055.0,4060.0,13,MESU3
2023-02-23 17:00:00+00:00,34,1,2922,4053.25,4060.0,4050.0,4055.0,5,MESU3
2023-02-23 20:00:00+00:00,34,1,2922,4097.5,4105.0,4096.0,4096.0,7,MESU3
2023-02-23 21:00:00+00:00,34,1,2922,4093.75,4093.75,4093.75,4093.75,1,MESU3
2023-02-24 05:00:00+00:00,34,1,2922,4090.0,4090.0,4090.0,4090.0,1,MESU3
2023-02-24 09:00:00+00:00,34,1,2922,4083.25,4083.25,4083.25,4083.25,1,MESU3
2023-02-24 10:00:00+00:00,34,1,2922,4080.0,4080.0,4080.0,4080.0,2,MESU3
2023-02-24 11:00:00+00:00,34,1,2922,4073.0,4073.0,4070.0,4070.0,2,MESU3
2023-02-24 12:00:00+00:00,34,1,2922,4073.0,4073.0,4073.0,4073.0,1,MESU3
2023-02-24 13:00:00+00:00,34,1,2922,4056.0,4056.0,4036.25,4053.5,14,MESU3
2023-02-24 15:00:00+00:00,34,1,2922,4025.75,4025.75,4025.75,4025.75,2,MESU3
2023-02-24 16:00:00+00:00,34,1,2922,4034.75,4051.75,4034.75,4051.75,5,MESU3
2023-02-24 17:00:00+00:00,34,1,2922,4040.0,4040.0,4035.0,4035.0,2,MESU3
2023-02-24 19:00:00+00:00,34,1,2922,4050.5,4050.5,4050.5,4050.5,2,MESU3
2023-02-24 20:00:00+00:00,34,1,2922,4052.0,4057.0,4038.0,4050.0,8,MESU3
2023-02-26 23:00:00+00:00,34,1,2922,4054.0,4054.0,4054.0,4054.0,1,MESU3
2023-02-27 02:00:00+00:00,34,1,2922,4058.5,4058.5,4058.5,4058.5,1,MESU3
2023-02-27 07:00:00+00:00,34,1,2922,4052.25,4052.25,4052.25,4052.25,1,MESU3
2023-02-27 08:00:00+00:00,34,1,2922,4065.0,4065.0,4065.0,4065.0,2,MESU3
2023-02-27 10:00:00+00:00,34,1,2922,4066.75,4066.75,4066.75,4066.75,1,MESU3
2023-02-27 13:00:00+00:00,34,1,2922,4069.0,4085.5,4069.0,4085.5,9,MESU3
2023-02-27 14:00:00+00:00,34,1,2922,4083.5,4092.25,4083.5,4092.25,7,MESU3
2023-02-27 15:00:00+00:00,34,1,2922,4092.75,4097.25,4076.0,4076.0,15,MESU3
2023-02-27 16:00:00+00:00,34,1,2922,4080.0,4080.0,4075.75,4075.75,6,MESU3
2023-02-27 17:00:00+00:00,34,1,2922,4067.75,4070.25,4066.0,4066.0,4,MESU3
2023-02-27 18:00:00+00:00,34,1,2922,4075.0,4075.5,4075.0,4075.5,2,MESU3
2023-02-27 19:00:00+00:00,34,1,2922,4079.5,4080.0,4068.75,4068.75,9,MESU3
2023-02-27 20:00:00+00:00,34,1,2922,4060.25,4062.75,4060.25,4062.75,3,MESU3
2023-02-28 01:00:00+00:00,34,1,2922,4071.25,4071.25,4071.25,4071.25,1,MESU3
2023-02-28 02:00:00+00:00,34,1,2922,4071.25,4071.25,4071.25,4071.25,1,MESU3
2023-02-28 05:00:00+00:00,34,1,2922,4067.5,4067.5,4067.5,4067.5,1,MESU3
2023-02-28 07:00:00+00:00,34,1,2922,4055.75,4057.0,4055.0,4055.0,3,MESU3
2023-02-28 08:00:00+00:00,34,1,2922,4050.75,4050.75,4050.0,4050.0,2,MESU3
2023-02-28 10:00:00+00:00,34,1,2922,4065.0,4065.0,4065.0,4065.0,1,MESU3
2023-02-28 11:00:00+00:00,34,1,2922,4069.25,4073.0,4069.25,4073.0,6,MESU3
2023-02-28 12:00:00+00:00,34,1,2922,4076.5,4076.5,4076.5,4076.5,1,MESU3
2023-02-28 13:00:00+00:00,34,1,2922,4066.5,4066.5,4066.5,4066.5,2,MESU3
2023-02-28 14:00:00+00:00,34,1,2922,4065.5,4065.5,4050.25,4050.25,4,MESU3
2023-02-28 15:00:00+00:00,34,1,2922,4060.0,4060.0,4055.0,4055.0,5,MESU3
2023-02-28 16:00:00+00:00,34,1,2922,4065.0,4068.0,4065.0,4068.0,3,MESU3
2023-02-28 17:00:00+00:00,34,1,2922,4071.5,4076.5,4069.75,4076.0,8,MESU3
2023-02-28 18:00:00+00:00,34,1,2922,4077.0,4077.0,4077.0,4077.0,5,MESU3
2023-02-28 19:00:00+00:00,34,1,2922,4073.5,4073.5,4067.0,4069.0,11,MESU3
2023-02-28 20:00:00+00:00,34,1,2922,4062.75,4064.75,4050.0,4050.0,5,MESU3
2023-02-28 21:00:00+00:00,34,1,2922,4048.5,4048.5,4043.0,4043.0,6,MESU3
2023-02-28 23:00:00+00:00,34,1,2922,4037.25,4037.25,4037.25,4037.25,1,MESU3
2023-03-01 01:00:00+00:00,34,1,2922,4040.5,4040.5,4040.5,4040.5,1,MESU3
2023-03-01 02:00:00+00:00,34,1,2922,4048.5,4048.5,4047.5,4047.5,2,MESU3
2023-03-01 05:00:00+00:00,34,1,2922,4052.0,4054.25,4052.0,4054.25,2,MESU3
2023-03-01 08:00:00+00:00,34,1,2922,4054.25,4054.25,4054.25,4054.25,1,MESU3
2023-03-01 09:00:00+00:00,34,1,2922,4064.75,4065.0,4064.75,4065.0,4,MESU3
2023-03-01 11:00:00+00:00,34,1,2922,4065.0,4065.0,4065.0,4065.0,1,MESU3
2023-03-01 12:00:00+00:00,34,1,2922,4061.25,4061.25,4061.25,4061.25,1,MESU3
2023-03-01 13:00:00+00:00,34,1,2922,4052.75,4052.75,4042.0,4042.0,7,MESU3
2023-03-01 14:00:00+00:00,34,1,2922,4040.0,4045.75,4037.5,4045.75,6,MESU3
2023-03-01 15:00:00+00:00,34,1,2922,4040.5,4046.0,4030.0,4046.0,11,MESU3
2023-03-01 16:00:00+00:00,34,1,2922,4030.0,4045.0,4018.75,4043.25,15,MESU3
2023-03-01 17:00:00+00:00,34,1,2922,4042.25,4048.5,4041.75,4046.5,11,MESU3
2023-03-01 18:00:00+00:00,34,1,2922,4040.0,4040.0,4031.0,4031.0,7,MESU3
2023-03-01 19:00:00+00:00,34,1,2922,4030.0,4030.0,4025.5,4025.5,3,MESU3
2023-03-01 21:00:00+00:00,34,1,2922,4031.75,4031.75,4031.75,4031.75,1,MESU3
2023-03-02 01:00:00+00:00,34,1,2922,4024.25,4024.25,4010.0,4010.0,17,MESU3
2023-03-02 02:00:00+00:00,34,1,2922,4017.5,4018.5,4014.0,4018.5,3,MESU3
2023-03-02 03:00:00+00:00,34,1,2922,4021.0,4021.0,4019.0,4019.0,8,MESU3
2023-03-02 05:00:00+00:00,34,1,2922,4017.5,4017.5,4016.25,4016.25,6,MESU3
2023-03-02 06:00:00+00:00,34,1,2922,4012.0,4012.0,4012.0,4012.0,1,MESU3
2023-03-02 07:00:00+00:00,34,1,2922,4011.25,4011.25,4008.0,4008.0,3,MESU3
2023-03-02 08:00:00+00:00,34,1,2922,4005.0,4005.0,4004.0,4004.0,5,MESU3
2023-03-02 09:00:00+00:00,34,1,2922,4013.0,4013.0,4013.0,4013.0,2,MESU3
2023-03-02 10:00:00+00:00,34,1,2922,4007.5,4007.5,4007.5,4007.5,1,MESU3
2023-03-02 12:00:00+00:00,34,1,2922,4017.0,4017.0,4017.0,4017.0,1,MESU3
2023-03-02 14:00:00+00:00,34,1,2922,4011.5,4013.25,4009.0,4012.5,11,MESU3
2023-03-02 15:00:00+00:00,34,1,2922,4023.75,4025.75,4016.5,4021.75,23,MESU3
2023-03-02 16:00:00+00:00,34,1,2922,4030.0,4030.0,4020.0,4020.0,5,MESU3
2023-03-02 18:00:00+00:00,34,1,2922,4029.0,4041.0,4027.25,4039.5,14,MESU3
2023-03-02 19:00:00+00:00,34,1,2922,4052.5,4054.0,4050.0,4054.0,6,MESU3
2023-03-02 20:00:00+00:00,34,1,2922,4056.5,4061.0,4054.0,4061.0,6,MESU3
2023-03-02 21:00:00+00:00,34,1,2922,4059.5,4060.75,4059.5,4060.75,5,MESU3
2023-03-02 23:00:00+00:00,34,1,2922,4055.0,4055.0,4055.0,4055.0,1,MESU3
2023-03-03 00:00:00+00:00,34,1,2922,4055.0,4055.0,4055.0,4055.0,1,MESU3
2023-03-03 01:00:00+00:00,34,1,2922,4057.25,4057.25,4057.25,4057.25,1,MESU3
2023-03-03 02:00:00+00:00,34,1,2922,4053.25,4053.75,4052.0,4052.0,5,MESU3
2023-03-03 09:00:00+00:00,34,1,2922,4066.75,4066.75,4066.75,4066.75,2,MESU3
2023-03-03 11:00:00+00:00,34,1,2922,4072.5,4075.0,4072.5,4075.0,3,MESU3
2023-03-03 12:00:00+00:00,34,1,2922,4075.75,4075.75,4074.0,4074.5,6,MESU3
2023-03-03 13:00:00+00:00,34,1,2922,4073.0,4081.75,4070.5,4081.75,6,MESU3
2023-03-03 14:00:00+00:00,34,1,2922,4084.0,4091.0,4081.5,4091.0,8,MESU3
2023-03-03 15:00:00+00:00,34,1,2922,4084.5,4100.75,4076.5,4092.5,39,MESU3
2023-03-03 16:00:00+00:00,34,1,2922,4097.0,4106.0,4097.0,4106.0,14,MESU3
2023-03-03 17:00:00+00:00,34,1,2922,4109.25,4115.5,4106.5,4115.5,12,MESU3
2023-03-03 18:00:00+00:00,34,1,2922,4118.0,4118.0,4118.0,4118.0,2,MESU3
2023-03-03 19:00:00+00:00,34,1,2922,4115.0,4122.75,4115.0,4122.75,8,MESU3
2023-03-03 20:00:00+00:00,34,1,2922,4126.5,4131.0,4125.0,4126.0,8,MESU3
2023-03-03 21:00:00+00:00,34,1,2922,4130.0,4135.5,4130.0,4135.5,16,MESU3
2023-03-05 23:00:00+00:00,34,1,2922,4128.0,4128.0,4121.25,4125.0,11,MESU3
2023-03-06 00:00:00+00:00,34,1,2922,4123.0,4125.0,4122.5,4122.5,11,MESU3
2023-03-06 01:00:00+00:00,34,1,2922,4124.0,4127.75,4121.5,4127.75,5,MESU3
2023-03-06 02:00:00+00:00,34,1,2922,4128.0,4140.25,4126.75,4137.5,19,MESU3
2023-03-06 04:00:00+00:00,34,1,2922,4132.75,4132.75,4131.75,4132.5,5,MESU3
2023-03-06 08:00:00+00:00,34,1,2922,4132.75,4132.75,4132.75,4132.75,1,MESU3
2023-03-06 10:00:00+00:00,34,1,2922,4125.75,4126.0,4125.5,4126.0,3,MESU3
2023-03-06 11:00:00+00:00,34,1,2922,4128.25,4128.25,4127.0,4127.0,6,MESU3
2023-03-06 12:00:00+00:00,34,1,2922,4126.0,4126.0,4126.0,4126.0,1,MESU3
2023-03-06 13:00:00+00:00,34,1,2922,4136.5,4137.75,4136.5,4137.75,2,MESU3
2023-03-06 14:00:00+00:00,34,1,2922,4137.0,4138.75,4137.0,4137.0,5,MESU3
2023-03-06 15:00:00+00:00,34,1,2922,4150.0,4160.5,4148.25,4154.5,14,MESU3
2023-03-06 16:00:00+00:00,34,1,2922,4154.5,4159.75,4147.75,4153.5,17,MESU3
2023-03-06 17:00:00+00:00,34,1,2922,4160.0,4160.0,4141.75,4143.25,5,MESU3
2023-03-06 18:00:00+00:00,34,1,2922,4140.0,4141.5,4140.0,4141.5,2,MESU3
2023-03-06 19:00:00+00:00,34,1,2922,4134.0,4134.25,4134.0,4134.25,2,MESU3
2023-03-06 20:00:00+00:00,34,1,2922,4131.75,4134.5,4128.0,4132.0,10,MESU3
2023-03-06 21:00:00+00:00,34,1,2922,4136.0,4136.0,4136.0,4136.0,1,MESU3
2023-03-06 23:00:00+00:00,34,1,2922,4132.0,4132.0,4132.0,4132.0,1,MESU3
2023-03-07 01:00:00+00:00,34,1,2922,4136.5,4136.5,4136.5,4136.5,1,MESU3
2023-03-07 06:00:00+00:00,34,1,2922,4138.0,4138.0,4138.0,4138.0,1,MESU3
2023-03-07 07:00:00+00:00,34,1,2922,4136.75,4136.75,4136.75,4136.75,1,MESU3
2023-03-07 09:00:00+00:00,34,1,2922,4140.0,4140.0,4140.0,4140.0,1,MESU3
2023-03-07 10:00:00+00:00,34,1,2922,4140.0,4140.0,4138.5,4138.5,2,MESU3
2023-03-07 12:00:00+00:00,34,1,2922,4135.0,4135.0,4135.0,4135.0,1,MESU3
2023-03-07 13:00:00+00:00,34,1,2922,4137.5,4137.5,4135.5,4135.5,2,MESU3
2023-03-07 14:00:00+00:00,34,1,2922,4132.0,4134.0,4127.0,4130.0,12,MESU3
2023-03-07 15:00:00+00:00,34,1,2922,4127.75,4127.75,4090.0,4090.0,40,MESU3
2023-03-07 16:00:00+00:00,34,1,2922,4090.0,4097.0,4087.0,4090.75,20,MESU3
2023-03-07 17:00:00+00:00,34,1,2922,4084.0,4105.0,4084.0,4100.0,13,MESU3
2023-03-07 18:00:00+00:00,34,1,2922,4084.0,4084.0,4070.0,4072.25,35,MESU3
2023-03-07 19:00:00+00:00,34,1,2922,4069.75,4074.5,4062.0,4062.0,19,MESU3
2023-03-07 20:00:00+00:00,34,1,2922,4065.5,4071.5,4065.5,4069.5,10,MESU3
2023-03-07 21:00:00+00:00,34,1,2922,4067.5,4070.25,4067.5,4070.25,8,MESU3
2023-03-07 23:00:00+00:00,34,1,2922,4069.0,4074.0,4066.0,4070.25,9,MESU3
2023-03-08 02:00:00+00:00,34,1,2922,4069.25,4069.25,4064.25,4064.25,4,MESU3
2023-03-08 03:00:00+00:00,34,1,2922,4063.75,4063.75,4063.75,4063.75,1,MESU3
2023-03-08 04:00:00+00:00,34,1,2922,4069.0,4069.0,4069.0,4069.0,1,MESU3
2023-03-08 05:00:00+00:00,34,1,2922,4071.5,4071.5,4069.5,4069.5,2,MESU3
2023-03-08 06:00:00+00:00,34,1,2922,4067.0,4067.25,4067.0,4067.25,2,MESU3
2023-03-08 07:00:00+00:00,34,1,2922,4068.5,4068.5,4068.25,4068.25,2,MESU3
2023-03-08 09:00:00+00:00,34,1,2922,4071.5,4071.5,4071.5,4071.5,1,MESU3
2023-03-08 10:00:00+00:00,34,1,2922,4073.25,4075.0,4073.25,4075.0,3,MESU3
2023-03-08 11:00:00+00:00,34,1,2922,4075.0,4075.0,4075.0,4075.0,1,MESU3
2023-03-08 12:00:00+00:00,34,1,2922,4070.5,4070.5,4066.75,4066.75,7,MESU3
2023-03-08 13:00:00+00:00,34,1,2922,4069.75,4071.75,4062.75,4071.75,8,MESU3
2023-03-08 15:00:00+00:00,34,1,2922,4051.25,4081.75,4051.25,4076.75,7,MESU3
2023-03-08 16:00:00+00:00,34,1,2922,4069.0,4081.0,4069.0,4079.75,13,MESU3
2023-03-08 17:00:00+00:00,34,1,2922,4075.0,4075.0,4062.5,4067.75,6,MESU3
2023-03-08 18:00:00+00:00,34,1,2922,4064.25,4064.25,4055.0,4055.0,13,MESU3
2023-03-08 19:00:00+00:00,34,1,2922,4060.0,4066.5,4058.5,4058.5,11,MESU3
2023-03-08 20:00:00+00:00,34,1,2922,4059.25,4070.0,4059.25,4070.0,5,MESU3
2023-03-08 21:00:00+00:00,34,1,2922,4075.75,4078.0,4074.0,4078.0,22,MESU3
2023-03-08 23:00:00+00:00,34,1,2922,4074.25,4074.75,4073.0,4073.5,27,MESU3
2023-03-09 01:00:00+00:00,34,1,2922,4070.75,4071.75,4066.5,4066.5,3,MESU3
2023-03-09 02:00:00+00:00,34,1,2922,4065.25,4065.25,4065.25,4065.25,1,MESU3
2023-03-09 03:00:00+00:00,34,1,2922,4067.5,4067.5,4067.5,4067.5,1,MESU3
2023-03-09 04:00:00+00:00,34,1,2922,4068.5,4068.5,4068.5,4068.5,1,MESU3
2023-03-09 07:00:00+00:00,34,1,2922,4071.0,4071.0,4067.5,4070.25,6,MESU3
2023-03-09 08:00:00+00:00,34,1,2922,4066.75,4066.75,4066.75,4066.75,2,MESU3
2023-03-09 09:00:00+00:00,34,1,2922,4063.0,4063.0,4063.0,4063.0,1,MESU3
2023-03-09 10:00:00+00:00,34,1,2922,4065.5,4065.5,4065.5,4065.5,1,MESU3
2023-03-09 11:00:00+00:00,34,1,2922,4068.0,4068.25,4068.0,4068.25,2,MESU3
2023-03-09 12:00:00+00:00,34,1,2922,4066.25,4066.25,4064.25,4064.25,2,MESU3
2023-03-09 13:00:00+00:00,34,1,2922,4062.75,4081.5,4060.0,4081.5,14,MESU3
2023-03-09 14:00:00+00:00,34,1,2922,4081.0,4099.25,4080.75,4092.75,19,MESU3
2023-03-09 15:00:00+00:00,34,1,2922,4092.25,4095.0,4081.5,4087.5,18,MESU3
2023-03-09 16:00:00+00:00,34,1,2922,4080.5,4084.0,4075.0,4075.0,6,MESU3
2023-03-09 17:00:00+00:00,34,1,2922,4073.5,4073.5,4062.5,4063.25,22,MESU3
2023-03-09 18:00:00+00:00,34,1,2922,4060.75,4060.75,4033.0,4035.75,66,MESU3
2023-03-09 19:00:00+00:00,34,1,2922,4032.75,4033.0,4016.0,4016.0,43,MESU3
2023-03-09 20:00:00+00:00,34,1,2922,4012.5,4012.5,3985.75,3996.0,48,MESU3
2023-03-09 21:00:00+00:00,34,1,2922,3996.0,3996.25,3990.0,3995.75,15,MESU3
2023-03-09 23:00:00+00:00,34,1,2922,3987.75,3989.0,3980.75,3986.0,19,MESU3
2023-03-10 00:00:00+00:00,34,1,2922,3987.25,3987.25,3976.5,3979.75,15,MESU3
2023-03-10 01:00:00+00:00,34,1,2922,3978.5,3985.25,3978.0,3985.25,4,MESU3
2023-03-10 02:00:00+00:00,34,1,2922,3979.75,3979.75,3970.0,3974.0,9,MESU3
2023-03-10 03:00:00+00:00,34,1,2922,3972.0,3972.0,3972.0,3972.0,1,MESU3
2023-03-10 04:00:00+00:00,34,1,2922,3968.0,3968.25,3964.0,3964.5,15,MESU3
2023-03-10 05:00:00+00:00,34,1,2922,3970.0,3970.0,3970.0,3970.0,1,MESU3
2023-03-10 06:00:00+00:00,34,1,2922,3965.75,3966.0,3962.5,3962.5,4,MESU3
2023-03-10 07:00:00+00:00,34,1,2922,3966.0,3979.25,3966.0,3976.25,17,MESU3
2023-03-10 09:00:00+00:00,34,1,2922,3976.25,3983.0,3975.5,3975.5,6,MESU3
2023-03-10 10:00:00+00:00,34,1,2922,3982.25,3985.0,3982.25,3983.0,4,MESU3
2023-03-10 11:00:00+00:00,34,1,2922,3983.0,3993.5,3983.0,3990.0,9,MESU3
2023-03-10 12:00:00+00:00,34,1,2922,3991.25,3991.25,3987.0,3990.0,5,MESU3
2023-03-10 13:00:00+00:00,34,1,2922,3990.0,4013.5,3975.5,4006.75,30,MESU3
2023-03-10 14:00:00+00:00,34,1,2922,4000.0,4001.0,3950.0,3970.0,40,MESU3
2023-03-10 15:00:00+00:00,34,1,2922,3977.75,3987.5,3960.25,3987.5,32,MESU3
2023-03-10 16:00:00+00:00,34,1,2922,3986.25,4008.0,3975.0,3975.0,57,MESU3
2023-03-10 17:00:00+00:00,34,1,2922,3968.5,3975.0,3959.5,3959.5,18,MESU3
2023-03-10 18:00:00+00:00,34,1,2922,3958.25,3958.25,3918.75,3920.75,49,MESU3
2023-03-10 19:00:00+00:00,34,1,2922,3931.0,3958.75,3926.75,3958.75,8,MESU3
2023-03-10 20:00:00+00:00,34,1,2922,3941.0,3948.0,3917.25,3934.5,46,MESU3
2023-03-10 21:00:00+00:00,34,1,2922,3939.75,3948.5,3939.75,3948.5,6,MESU3
2023-03-12 22:00:00+00:00,34,1,2922,3943.5,3991.0,3929.5,3988.0,50,MESU3
2023-03-12 23:00:00+00:00,34,1,2922,3970.25,3982.0,3959.5,3982.0,12,MESU3
2023-03-13 00:00:00+00:00,34,1,2922,3984.75,3990.0,3982.25,3982.25,4,MESU3
2023-03-13 01:00:00+00:00,34,1,2922,3971.0,3978.75,3971.0,3978.75,10,MESU3
2023-03-13 02:00:00+00:00,34,1,2922,3980.0,3996.0,3980.0,3993.25,13,MESU3
2023-03-13 03:00:00+00:00,34,1,2922,3999.0,4004.75,3994.0,4000.5,15,MESU3
2023-03-13 04:00:00+00:00,34,1,2922,4000.0,4000.0,3993.0,3997.0,3,MESU3
2023-03-13 05:00:00+00:00,34,1,2922,3995.0,3995.0,3995.0,3995.0,1,MESU3
2023-03-13 07:00:00+00:00,34,1,2922,3993.0,3993.0,3993.0,3993.0,1,MESU3
2023-03-13 08:00:00+00:00,34,1,2922,3970.0,3970.0,3955.0,3955.0,6,MESU3
2023-03-13 09:00:00+00:00,34,1,2922,3950.0,3950.0,3922.0,3930.0,19,MESU3
2023-03-13 10:00:00+00:00,34,1,2922,3926.0,3938.0,3926.0,3932.0,9,MESU3
2023-03-13 11:00:00+00:00,34,1,2922,3950.0,3957.75,3930.25,3930.25,6,MESU3
2023-03-13 12:00:00+00:00,34,1,2922,3930.25,3930.25,3870.0,3895.0,74,MESU3
2023-03-13 13:00:00+00:00,34,1,2922,3895.0,3925.75,3873.75,3925.75,35,MESU3
2023-03-13 14:00:00+00:00,34,1,2922,3920.75,3943.0,3907.0,3938.75,45,MESU3
2023-03-13 15:00:00+00:00,34,1,2922,3944.0,3964.0,3938.75,3945.0,51,MESU3
2023-03-13 16:00:00+00:00,34,1,2922,3957.5,3967.0,3930.25,3930.25,21,MESU3
2023-03-13 17:00:00+00:00,34,1,2922,3931.75,3943.0,3922.0,3939.25,13,MESU3
2023-03-13 18:00:00+00:00,34,1,2922,3946.0,3955.0,3946.0,3955.0,22,MESU3
2023-03-13 19:00:00+00:00,34,1,2922,3948.0,3955.25,3915.25,3916.0,52,MESU3
2023-03-13 20:00:00+00:00,34,1,2922,3920.0,3920.25,3918.0,3920.25,7,MESU3
2023-03-13 22:00:00+00:00,34,1,2922,3928.0,3931.75,3923.0,3930.0,11,MESU3
2023-03-13 23:00:00+00:00,34,1,2922,3929.75,3930.5,3923.5,3924.25,7,MESU3
2023-03-14 00:00:00+00:00,34,1,2922,3930.0,3930.25,3930.0,3930.25,2,MESU3
2023-03-14 01:00:00+00:00,34,1,2922,3926.75,3926.75,3926.75,3926.75,1,MESU3
2023-03-14 02:00:00+00:00,34,1,2922,3935.0,3940.0,3935.0,3940.0,12,MESU3
2023-03-14 03:00:00+00:00,34,1,2922,3934.0,3941.75,3934.0,3941.75,5,MESU3
2023-03-14 04:00:00+00:00,34,1,2922,3939.0,3941.0,3936.25,3936.25,10,MESU3
2023-03-14 05:00:00+00:00,34,1,2922,3936.25,3936.25,3930.0,3930.0,2,MESU3
2023-03-14 06:00:00+00:00,34,1,2922,3925.0,3927.75,3916.0,3927.75,4,MESU3
2023-03-14 07:00:00+00:00,34,1,2922,3926.5,3926.5,3926.5,3926.5,1,MESU3
2023-03-14 09:00:00+00:00,34,1,2922,3942.0,3942.0,3930.25,3930.25,12,MESU3
2023-03-14 11:00:00+00:00,34,1,2922,3933.25,3953.75,3933.25,3953.75,23,MESU3
2023-03-14 12:00:00+00:00,34,1,2922,3949.75,3965.0,3937.0,3965.0,20,MESU3
2023-03-14 13:00:00+00:00,34,1,2922,3970.0,3990.0,3964.25,3982.25,68,MESU3
2023-03-14 14:00:00+00:00,34,1,2922,3982.25,4000.75,3982.25,4000.0,30,MESU3
2023-03-14 15:00:00+00:00,34,1,2922,3999.5,4006.75,3995.0,3995.0,29,MESU3
2023-03-14 16:00:00+00:00,34,1,2922,3998.0,3998.0,3982.5,3982.5,25,MESU3
2023-03-14 17:00:00+00:00,34,1,2922,3981.5,3981.5,3953.25,3960.5,63,MESU3
2023-03-14 18:00:00+00:00,34,1,2922,3960.0,3967.25,3950.0,3965.0,38,MESU3
2023-03-14 19:00:00+00:00,34,1,2922,3954.5,3987.5,3942.5,3985.5,39,MESU3
2023-03-14 20:00:00+00:00,34,1,2922,3985.5,3988.5,3977.0,3988.5,16,MESU3
2023-03-14 22:00:00+00:00,34,1,2922,3990.0,3992.0,3977.25,3981.0,13,MESU3
2023-03-15 00:00:00+00:00,34,1,2922,3978.0,3978.0,3977.5,3977.5,10,MESU3
2023-03-15 01:00:00+00:00,34,1,2922,3984.75,3988.0,3984.75,3987.25,20,MESU3
2023-03-15 02:00:00+00:00,34,1,2922,3992.5,3995.5,3992.25,3993.75,4,MESU3
2023-03-15 03:00:00+00:00,34,1,2922,3996.75,3996.75,3993.0,3993.0,3,MESU3
2023-03-15 04:00:00+00:00,34,1,2922,3988.25,3988.25,3988.25,3988.25,1,MESU3
2023-03-15 07:00:00+00:00,34,1,2922,3992.0,3992.5,3990.0,3990.0,3,MESU3
2023-03-15 08:00:00+00:00,34,1,2922,3986.0,3989.5,3980.0,3980.0,5,MESU3
2023-03-15 09:00:00+00:00,34,1,2922,3980.0,3981.75,3954.75,3954.75,25,MESU3
2023-03-15 10:00:00+00:00,34,1,2922,3955.0,3955.0,3905.0,3907.0,41,MESU3
2023-03-15 11:00:00+00:00,34,1,2922,3916.0,3922.25,3912.5,3918.75,23,MESU3
2023-03-15 12:00:00+00:00,34,1,2922,3915.0,3926.25,3895.0,3909.25,58,MESU3
2023-03-15 13:00:00+00:00,34,1,2922,3908.5,3932.0,3908.5,3915.0,53,MESU3
2023-03-15 14:00:00+00:00,34,1,2922,3912.25,3929.75,3909.75,3920.0,61,MESU3
2023-03-15 15:00:00+00:00,34,1,2922,3921.5,3932.0,3917.0,3917.25,42,MESU3
2023-03-15 16:00:00+00:00,34,1,2922,3917.25,3917.25,3900.0,3900.25,51,MESU3
2023-03-15 17:00:00+00:00,34,1,2922,3904.5,3925.0,3895.25,3922.0,55,MESU3
2023-03-15 18:00:00+00:00,34,1,2922,3926.5,3955.0,3925.0,3945.5,62,MESU3
2023-03-15 19:00:00+00:00,34,1,2922,3944.75,3955.0,3931.75,3955.0,42,MESU3
2023-03-15 20:00:00+00:00,34,1,2922,3955.0,3958.25,3950.25,3958.25,35,MESU3
2023-03-15 22:00:00+00:00,34,1,2922,3946.75,3956.0,3946.75,3954.75,9,MESU3
2023-03-15 23:00:00+00:00,34,1,2922,3960.0,3962.0,3953.75,3953.75,8,MESU3
2023-03-16 00:00:00+00:00,34,1,2922,3955.0,3973.5,3955.0,3968.0,15,MESU3
2023-03-16 01:00:00+00:00,34,1,2922,3971.25,3975.0,3969.0,3969.0,4,MESU3
2023-03-16 02:00:00+00:00,34,1,2922,3970.0,3973.75,3969.75,3973.75,6,MESU3
2023-03-16 03:00:00+00:00,34,1,2922,3966.0,3972.25,3963.5,3963.5,9,MESU3
2023-03-16 04:00:00+00:00,34,1,2922,3967.5,3972.25,3967.5,3972.25,8,MESU3
2023-03-16 05:00:00+00:00,34,1,2922,3968.25,3968.25,3968.25,3968.25,5,MESU3
2023-03-16 06:00:00+00:00,34,1,2922,3968.0,3968.0,3960.0,3960.0,4,MESU3
2023-03-16 07:00:00+00:00,34,1,2922,3955.0,3959.0,3953.0,3953.0,8,MESU3
2023-03-16 08:00:00+00:00,34,1,2922,3958.75,3958.75,3956.5,3956.5,3,MESU3
2023-03-16 09:00:00+00:00,34,1,2922,3950.0,3950.0,3941.25,3941.25,4,MESU3
2023-03-16 10:00:00+00:00,34,1,2922,3947.0,3954.75,3946.5,3946.5,4,MESU3
2023-03-16 11:00:00+00:00,34,1,2922,3941.0,3949.75,3937.5,3949.75,10,MESU3
2023-03-16 12:00:00+00:00,34,1,2922,3945.0,3945.0,3938.75,3943.0,9,MESU3
2023-03-16 13:00:00+00:00,34,1,2922,3945.75,3947.5,3924.25,3947.5,118,MESU3
2023-03-16 14:00:00+00:00,34,1,2922,3945.5,3985.5,3930.0,3980.0,105,MESU3
2023-03-16 15:00:00+00:00,34,1,2922,3980.75,4008.0,3973.75,4003.5,103,MESU3
2023-03-16 16:00:00+00:00,34,1,2922,4003.5,4020.0,3995.0,4020.0,100,MESU3
2023-03-16 17:00:00+00:00,34,1,2922,4020.0,4029.75,4012.0,4012.0,55,MESU3
2023-03-16 18:00:00+00:00,34,1,2922,4014.5,4020.25,4007.25,4020.25,37,MESU3
2023-03-16 19:00:00+00:00,34,1,2922,4023.75,4030.75,4018.5,4030.25,59,MESU3
2023-03-16 20:00:00+00:00,34,1,2922,4027.0,4033.75,4024.0,4024.25,35,MESU3
2023-03-16 22:00:00+00:00,34,1,2922,4026.5,4026.5,4019.25,4019.5,15,MESU3
2023-03-16 23:00:00+00:00,34,1,2922,4024.5,4027.75,4024.5,4027.75,8,MESU3
2023-03-17 00:00:00+00:00,34,1,2922,4025.25,4025.25,4023.75,4025.0,26,MESU3
2023-03-17 01:00:00+00:00,34,1,2922,4023.25,4023.25,4022.25,4022.25,2,MESU3
2023-03-17 02:00:00+00:00,34,1,2922,4026.0,4026.0,4025.0,4025.0,3,MESU3
2023-03-17 03:00:00+00:00,34,1,2922,4027.0,4027.0,4027.0,4027.0,1,MESU3
2023-03-17 04:00:00+00:00,34,1,2922,4030.0,4031.5,4028.75,4028.75,8,MESU3
2023-03-17 05:00:00+00:00,34,1,2922,4031.5,4033.25,4031.5,4031.75,5,MESU3
2023-03-17 06:00:00+00:00,34,1,2922,4030.5,4035.0,4030.5,4035.0,14,MESU3
2023-03-17 07:00:00+00:00,34,1,2922,4034.25,4034.25,4031.0,4033.25,21,MESU3
2023-03-17 08:00:00+00:00,34,1,2922,4034.0,4042.25,4030.25,4031.75,28,MESU3
2023-03-17 09:00:00+00:00,34,1,2922,4033.0,4037.5,4029.75,4029.75,13,MESU3
2023-03-17 10:00:00+00:00,34,1,2922,4029.0,4029.0,4025.0,4025.0,13,MESU3
2023-03-17 11:00:00+00:00,34,1,2922,4022.5,4024.0,4013.0,4020.75,39,MESU3
2023-03-17 12:00:00+00:00,34,1,2922,4018.0,4021.25,3995.0,3996.25,105,MESU3
2023-03-17 13:00:00+00:00,34,1,2922,4001.0,4021.0,4001.0,4006.75,143,MESU3
2023-03-17 14:00:00+00:00,34,1,2922,4016.5,4025.25,3973.25,3982.75,465,MESU3
2023-03-17 15:00:00+00:00,34,1,2922,3978.25,3987.25,3965.0,3970.0,201,MESU3
2023-03-17 16:00:00+00:00,34,1,2922,3975.0,3995.0,3975.0,3984.25,149,MESU3
2023-03-17 17:00:00+00:00,34,1,2922,3983.5,3994.75,3981.25,3983.5,76,MESU3
2023-03-17 18:00:00+00:00,34,1,2922,3989.5,3992.75,3963.0,3974.75,144,MESU3
2023-03-17 19:00:00+00:00,34,1,2922,3973.25,3985.5,3968.0,3976.0,129,MESU3
2023-03-17 20:00:00+00:00,34,1,2922,3983.0,3984.75,3975.25,3980.5,31,MESU3
2023-03-19 22:00:00+00:00,34,1,2922,3988.5,4004.0,3983.5,3997.0,120,MESU3
2023-03-19 23:00:00+00:00,34,1,2922,3997.25,4001.75,3992.0,4001.0,37,MESU3
2023-03-20 00:00:00+00:00,34,1,2922,4001.0,4008.25,4001.0,4006.25,23,MESU3
2023-03-20 01:00:00+00:00,34,1,2922,4002.75,4003.75,3989.5,3989.5,20,MESU3
2023-03-20 02:00:00+00:00,34,1,2922,3993.25,3993.25,3989.0,3991.75,19,MESU3
2023-03-20 03:00:00+00:00,34,1,2922,3992.5,3992.75,3981.5,3981.5,43,MESU3
2023-03-20 04:00:00+00:00,34,1,2922,3981.75,3983.25,3975.0,3977.0,30,MESU3
2023-03-20 05:00:00+00:00,34,1,2922,3977.0,3980.0,3973.75,3973.75,33,MESU3
2023-03-20 06:00:00+00:00,34,1,2922,3975.5,3975.75,3930.25,3936.0,140,MESU3
2023-03-20 07:00:00+00:00,34,1,2922,3943.25,3949.5,3934.5,3947.25,48,MESU3
2023-03-20 08:00:00+00:00,34,1,2922,3954.75,3957.75,3927.75,3955.5,44,MESU3
2023-03-20 09:00:00+00:00,34,1,2922,3959.0,3974.0,3955.25,3974.0,38,MESU3
2023-03-20 10:00:00+00:00,34,1,2922,3970.0,3982.0,3970.0,3982.0,77,MESU3
2023-03-20 11:00:00+00:00,34,1,2922,3975.0,3979.5,3968.0,3970.25,24,MESU3
2023-03-20 12:00:00+00:00,34,1,2922,3975.0,3995.25,3969.0,3990.0,103,MESU3
2023-03-20 13:00:00+00:00,34,1,2922,3990.0,3998.0,3977.0,3994.0,314,MESU3
2023-03-20 14:00:00+00:00,34,1,2922,3998.0,4009.75,3986.5,4009.75,189,MESU3
2023-03-20 15:00:00+00:00,34,1,2922,4009.75,4020.0,4002.75,4003.25,243,MESU3
2023-03-20 16:00:00+00:00,34,1,2922,4002.0,4010.0,3985.0,4007.0,210,MESU3
2023-03-20 17:00:00+00:00,34,1,2922,4007.25,4018.25,4007.0,4010.0,134,MESU3
2023-03-20 18:00:00+00:00,34,1,2922,4006.75,4012.0,3998.0,4007.0,162,MESU3
2023-03-20 19:00:00+00:00,34,1,2922,4005.25,4019.5,4001.75,4013.75,190,MESU3
2023-03-20 20:00:00+00:00,34,1,2922,4015.75,4019.5,4014.75,4019.5,29,MESU3
2023-03-20 22:00:00+00:00,34,1,2922,4013.5,4021.25,4013.5,4021.25,34,MESU3
2023-03-20 23:00:00+00:00,34,1,2922,4015.75,4016.25,4013.5,4014.0,34,MESU3
2023-03-21 00:00:00+00:00,34,1,2922,4014.0,4029.0,4013.75,4022.25,80,MESU3
2023-03-21 01:00:00+00:00,34,1,2922,4019.75,4022.75,4017.0,4022.0,20,MESU3
2023-03-21 02:00:00+00:00,34,1,2922,4023.5,4024.25,4021.5,4021.5,25,MESU3
2023-03-21 03:00:00+00:00,34,1,2922,4021.25,4022.5,4019.75,4019.75,8,MESU3
2023-03-21 04:00:00+00:00,34,1,2922,4017.75,4017.75,4017.75,4017.75,1,MESU3
2023-03-21 05:00:00+00:00,34,1,2922,4017.25,4020.5,4017.25,4019.0,12,MESU3
2023-03-21 06:00:00+00:00,34,1,2922,4019.0,4023.0,4019.0,4022.75,8,MESU3
2023-03-21 07:00:00+00:00,34,1,2922,4023.25,4030.25,4023.25,4027.5,31,MESU3
2023-03-21 08:00:00+00:00,34,1,2922,4023.0,4030.5,4023.0,4029.5,13,MESU3
2023-03-21 09:00:00+00:00,34,1,2922,4029.25,4037.5,4027.25,4037.5,64,MESU3
2023-03-21 10:00:00+00:00,34,1,2922,4038.5,4047.25,4036.0,4039.75,80,MESU3
2023-03-21 11:00:00+00:00,34,1,2922,4039.0,4051.0,4039.0,4050.75,57,MESU3
2023-03-21 12:00:00+00:00,34,1,2922,4052.0,4053.0,4047.75,4051.0,66,MESU3
2023-03-21 13:00:00+00:00,34,1,2922,4050.0,4060.5,4050.0,4059.5,141,MESU3
2023-03-21 14:00:00+00:00,34,1,2922,4060.0,4065.0,4040.0,4044.5,217,MESU3
2023-03-21 15:00:00+00:00,34,1,2922,4045.0,4054.5,4037.5,4041.25,175,MESU3
2023-03-21 16:00:00+00:00,34,1,2922,4040.5,4048.0,4037.75,4047.5,67,MESU3
2023-03-21 17:00:00+00:00,34,1,2922,4044.5,4056.0,4044.25,4049.75,70,MESU3
2023-03-21 18:00:00+00:00,34,1,2922,4045.0,4061.25,4045.0,4061.0,56,MESU3
2023-03-21 19:00:00+00:00,34,1,2922,4059.0,4078.0,4059.0,4070.25,247,MESU3
2023-03-21 20:00:00+00:00,34,1,2922,4071.25,4075.25,4071.25,4074.25,46,MESU3
2023-03-21 22:00:00+00:00,34,1,2922,4069.5,4072.5,4067.5,4071.75,19,MESU3
2023-03-21 23:00:00+00:00,34,1,2922,4070.75,4070.75,4070.75,4070.75,4,MESU3
2023-03-22 00:00:00+00:00,34,1,2922,4068.0,4069.0,4067.25,4068.5,15,MESU3
2023-03-22 01:00:00+00:00,34,1,2922,4067.0,4070.5,4067.0,4070.5,13,MESU3
2023-03-22 02:00:00+00:00,34,1,2922,4073.25,4073.25,4070.0,4070.0,15,MESU3
2023-03-22 03:00:00+00:00,34,1,2922,4070.0,4070.0,4070.0,4070.0,3,MESU3
2023-03-22 04:00:00+00:00,34,1,2922,4072.5,4074.75,4071.75,4072.5,7,MESU3
2023-03-22 05:00:00+00:00,34,1,2922,4072.25,4072.25,4072.0,4072.0,6,MESU3
2023-03-22 06:00:00+00:00,34,1,2922,4069.5,4069.5,4069.5,4069.5,1,MESU3
2023-03-22 07:00:00+00:00,34,1,2922,4068.0,4068.0,4058.5,4060.5,36,MESU3
2023-03-22 08:00:00+00:00,34,1,2922,4060.75,4063.25,4056.0,4062.5,89,MESU3
2023-03-22 09:00:00+00:00,34,1,2922,4066.5,4067.0,4065.75,4066.0,35,MESU3
2023-03-22 10:00:00+00:00,34,1,2922,4070.0,4073.25,4070.0,4071.75,15,MESU3
2023-03-22 11:00:00+00:00,34,1,2922,4072.5,4075.0,4067.75,4067.75,42,MESU3
2023-03-22 12:00:00+00:00,34,1,2922,4070.0,4070.5,4065.5,4069.5,17,MESU3
2023-03-22 13:00:00+00:00,34,1,2922,4072.0,4072.5,4063.5,4068.5,86,MESU3
2023-03-22 14:00:00+00:00,34,1,2922,4068.5,4081.75,4066.5,4076.0,210,MESU3
2023-03-22 15:00:00+00:00,34,1,2922,4074.5,4074.5,4067.5,4073.0,41,MESU3
2023-03-22 16:00:00+00:00,34,1,2922,4070.75,4071.0,4061.0,4063.5,123,MESU3
2023-03-22 17:00:00+00:00,34,1,2922,4061.0,4068.0,4056.5,4066.25,121,MESU3
2023-03-22 18:00:00+00:00,34,1,2922,4070.0,4107.5,4059.25,4069.0,732,MESU3
2023-03-22 19:00:00+00:00,34,1,2922,4066.25,4081.25,4003.75,4003.75,626,MESU3
2023-03-22 20:00:00+00:00,34,1,2922,4002.75,4009.75,3999.0,4006.0,134,MESU3
2023-03-22 22:00:00+00:00,34,1,2922,4003.25,4011.0,4002.5,4008.75,14,MESU3
2023-03-22 23:00:00+00:00,34,1,2922,4008.75,4009.25,4005.75,4009.25,20,MESU3
2023-03-23 00:00:00+00:00,34,1,2922,4007.5,4011.75,4004.0,4006.5,24,MESU3
2023-03-23 01:00:00+00:00,34,1,2922,4009.25,4014.25,4009.25,4012.75,28,MESU3
2023-03-23 02:00:00+00:00,34,1,2922,4014.75,4022.25,4014.75,4022.0,35,MESU3
2023-03-23 03:00:00+00:00,34,1,2922,4020.5,4022.0,4020.5,4021.75,10,MESU3
2023-03-23 04:00:00+00:00,34,1,2922,4021.0,4022.25,4019.5,4022.25,42,MESU3
2023-03-23 05:00:00+00:00,34,1,2922,4022.75,4029.0,4021.25,4029.0,45,MESU3
2023-03-23 06:00:00+00:00,34,1,2922,4026.25,4026.5,4023.75,4024.0,15,MESU3
2023-03-23 07:00:00+00:00,34,1,2922,4025.0,4031.0,4025.0,4028.0,15,MESU3
2023-03-23 08:00:00+00:00,34,1,2922,4030.75,4032.25,4029.25,4030.75,30,MESU3
2023-03-23 09:00:00+00:00,34,1,2922,4027.75,4027.75,4019.25,4023.0,29,MESU3
2023-03-23 10:00:00+00:00,34,1,2922,4023.0,4023.0,4010.0,4017.0,45,MESU3
2023-03-23 11:00:00+00:00,34,1,2922,4021.0,4027.0,4020.75,4023.0,67,MESU3
2023-03-23 12:00:00+00:00,34,1,2922,4017.75,4029.0,4017.75,4021.75,148,MESU3
2023-03-23 13:00:00+00:00,34,1,2922,4018.0,4043.0,4016.0,4037.75,296,MESU3
2023-03-23 14:00:00+00:00,34,1,2922,4040.0,4064.0,4035.75,4063.25,338,MESU3
2023-03-23 15:00:00+00:00,34,1,2922,4064.0,4072.0,4057.75,4063.75,208,MESU3
2023-03-23 16:00:00+00:00,34,1,2922,4060.5,4062.0,4045.0,4048.0,107,MESU3
2023-03-23 17:00:00+00:00,34,1,2922,4048.25,4048.25,4025.5,4025.5,190,MESU3
2023-03-23 18:00:00+00:00,34,1,2922,4029.75,4032.0,3981.75,3996.25,440,MESU3
2023-03-23 19:00:00+00:00,34,1,2922,3999.5,4026.25,3980.0,4014.0,405,MESU3
2023-03-23 20:00:00+00:00,34,1,2922,4010.5,4026.0,4004.0,4018.75,37,MESU3
2023-03-23 22:00:00+00:00,34,1,2922,4016.25,4019.25,4010.0,4011.5,9,MESU3
2023-03-23 23:00:00+00:00,34,1,2922,4014.0,4017.25,4014.0,4016.0,30,MESU3
2023-03-24 00:00:00+00:00,34,1,2922,4013.0,4014.5,4011.0,4012.75,11,MESU3
2023-03-24 01:00:00+00:00,34,1,2922,4011.0,4011.0,4003.0,4011.0,26,MESU3
2023-03-24 02:00:00+00:00,34,1,2922,4012.75,4014.0,4010.75,4010.75,5,MESU3
2023-03-24 03:00:00+00:00,34,1,2922,4011.5,4015.0,4011.5,4013.0,21,MESU3
2023-03-24 04:00:00+00:00,34,1,2922,4011.75,4011.75,4011.75,4011.75,2,MESU3
2023-03-24 05:00:00+00:00,34,1,2922,4015.75,4019.0,4015.75,4018.0,5,MESU3
2023-03-24 06:00:00+00:00,34,1,2922,4015.0,4017.5,4015.0,4017.5,23,MESU3
2023-03-24 07:00:00+00:00,34,1,2922,4016.5,4030.0,4016.5,4026.0,77,MESU3
2023-03-24 08:00:00+00:00,34,1,2922,4020.5,4020.5,3994.75,4003.5,74,MESU3
2023-03-24 09:00:00+00:00,34,1,2922,4001.25,4007.75,3982.0,3982.25,42,MESU3
2023-03-24 10:00:00+00:00,34,1,2922,3980.75,3986.25,3973.25,3979.75,162,MESU3
2023-03-24 11:00:00+00:00,34,1,2922,3973.5,3983.75,3972.0,3972.0,57,MESU3
2023-03-24 12:00:00+00:00,34,1,2922,3973.5,3988.25,3968.25,3984.75,94,MESU3
2023-03-24 13:00:00+00:00,34,1,2922,3981.5,3994.5,3968.0,3991.75,209,MESU3
2023-03-24 14:00:00+00:00,34,1,2922,3995.0,4000.25,3977.0,3983.25,231,MESU3
2023-03-24 15:00:00+00:00,34,1,2922,3989.75,4008.25,3974.5,4006.25,249,MESU3
2023-03-24 16:00:00+00:00,34,1,2922,4007.5,4015.75,3992.25,4010.5,278,MESU3
2023-03-24 17:00:00+00:00,34,1,2922,4010.0,4020.0,4003.5,4011.75,256,MESU3
2023-03-24 18:00:00+00:00,34,1,2922,4012.0,4027.0,4010.75,4022.25,167,MESU3
2023-03-24 19:00:00+00:00,34,1,2922,4023.25,4034.5,4017.5,4034.5,220,MESU3
2023-03-24 20:00:00+00:00,34,1,2922,4033.0,4042.5,4032.5,4039.0,105,MESU3
2023-03-26 22:00:00+00:00,34,1,2922,4041.0,4051.75,4037.0,4051.0,64,MESU3
2023-03-26 23:00:00+00:00,34,1,2922,4050.25,4058.0,4048.75,4056.0,63,MESU3
2023-03-27 00:00:00+00:00,34,1,2922,4054.0,4054.0,4045.75,4050.5,31,MESU3
2023-03-27 01:00:00+00:00,34,1,2922,4048.25,4048.5,4044.5,4046.75,7,MESU3
2023-03-27 02:00:00+00:00,34,1,2922,4045.75,4048.5,4045.75,4046.0,14,MESU3
2023-03-27 03:00:00+00:00,34,1,2922,4052.0,4056.0,4052.0,4056.0,7,MESU3
2023-03-27 04:00:00+00:00,34,1,2922,4053.75,4054.75,4051.5,4051.5,14,MESU3
2023-03-27 05:00:00+00:00,34,1,2922,4052.75,4056.0,4051.75,4056.0,9,MESU3
2023-03-27 06:00:00+00:00,34,1,2922,4056.0,4058.0,4054.25,4056.0,11,MESU3
2023-03-27 07:00:00+00:00,34,1,2922,4055.75,4055.75,4030.0,4033.5,45,MESU3
2023-03-27 08:00:00+00:00,34,1,2922,4040.75,4047.75,4038.0,4047.75,18,MESU3
2023-03-27 09:00:00+00:00,34,1,2922,4046.25,4050.0,4043.75,4049.0,5,MESU3
2023-03-27 10:00:00+00:00,34,1,2922,4051.5,4060.25,4051.5,4057.0,41,MESU3
2023-03-27 11:00:00+00:00,34,1,2922,4058.0,4066.75,4058.0,4061.0,97,MESU3
2023-03-27 12:00:00+00:00,34,1,2922,4063.0,4065.0,4058.0,4058.0,32,MESU3
2023-03-27 13:00:00+00:00,34,1,2922,4058.5,4067.0,4052.5,4059.0,144,MESU3
2023-03-27 14:00:00+00:00,34,1,2922,4058.0,4059.75,4040.0,4043.0,282,MESU3
2023-03-27 15:00:00+00:00,34,1,2922,4041.0,4046.0,4034.0,4036.75,156,MESU3
2023-03-27 16:00:00+00:00,34,1,2922,4038.0,4048.0,4034.5,4041.25,97,MESU3
2023-03-27 17:00:00+00:00,34,1,2922,4045.75,4053.75,4039.0,4048.0,73,MESU3
2023-03-27 18:00:00+00:00,34,1,2922,4045.25,4060.0,4042.5,4058.5,93,MESU3
2023-03-27 19:00:00+00:00,34,1,2922,4060.0,4061.25,4038.0,4041.75,141,MESU3
2023-03-27 20:00:00+00:00,34,1,2922,4043.5,4052.25,4043.5,4052.25,34,MESU3
2023-03-27 22:00:00+00:00,34,1,2922,4046.0,4046.0,4044.0,4044.0,4,MESU3
2023-03-27 23:00:00+00:00,34,1,2922,4047.25,4048.0,4046.5,4047.25,25,MESU3
2023-03-28 00:00:00+00:00,34,1,2922,4046.5,4046.5,4044.5,4044.75,9,MESU3
2023-03-28 01:00:00+00:00,34,1,2922,4044.5,4047.75,4043.5,4043.5,3,MESU3
2023-03-28 02:00:00+00:00,34,1,2922,4042.5,4043.5,4042.5,4043.25,7,MESU3
2023-03-28 03:00:00+00:00,34,1,2922,4047.0,4047.5,4047.0,4047.5,6,MESU3
2023-03-28 04:00:00+00:00,34,1,2922,4048.0,4048.0,4046.75,4046.75,3,MESU3
2023-03-28 05:00:00+00:00,34,1,2922,4046.75,4047.0,4046.75,4047.0,3,MESU3
2023-03-28 06:00:00+00:00,34,1,2922,4047.5,4052.5,4047.5,4052.5,10,MESU3
2023-03-28 07:00:00+00:00,34,1,2922,4054.0,4055.5,4043.5,4044.0,51,MESU3
2023-03-28 08:00:00+00:00,34,1,2922,4041.5,4043.0,4039.25,4040.25,16,MESU3
2023-03-28 09:00:00+00:00,34,1,2922,4042.25,4042.5,4036.25,4036.25,17,MESU3
2023-03-28 10:00:00+00:00,34,1,2922,4037.25,4039.25,4034.25,4034.25,47,MESU3
2023-03-28 11:00:00+00:00,34,1,2922,4037.75,4042.5,4036.0,4040.5,18,MESU3
2023-03-28 12:00:00+00:00,34,1,2922,4040.25,4041.5,4030.75,4033.75,68,MESU3
2023-03-28 13:00:00+00:00,34,1,2922,4034.0,4038.25,4026.5,4031.75,70,MESU3
2023-03-28 14:00:00+00:00,34,1,2922,4032.75,4041.5,4023.75,4026.5,165,MESU3
2023-03-28 15:00:00+00:00,34,1,2922,4027.25,4039.75,4027.25,4035.0,94,MESU3
2023-03-28 16:00:00+00:00,34,1,2922,4037.25,4037.25,4029.5,4030.75,61,MESU3
2023-03-28 17:00:00+00:00,34,1,2922,4032.25,4032.25,4015.0,4015.5,130,MESU3
2023-03-28 18:00:00+00:00,34,1,2922,4015.5,4026.5,4014.75,4025.75,101,MESU3
2023-03-28 19:00:00+00:00,34,1,2922,4028.5,4035.0,4022.0,4035.0,122,MESU3
2023-03-28 20:00:00+00:00,34,1,2922,4035.75,4042.0,4035.75,4042.0,53,MESU3
2023-03-28 22:00:00+00:00,34,1,2922,4044.75,4044.75,4041.0,4041.75,15,MESU3
2023-03-28 23:00:00+00:00,34,1,2922,4043.25,4045.5,4041.5,4045.5,25,MESU3
2023-03-29 00:00:00+00:00,34,1,2922,4044.0,4050.0,4044.0,4049.75,48,MESU3
2023-03-29 01:00:00+00:00,34,1,2922,4050.25,4051.75,4049.25,4049.5,18,MESU3
2023-03-29 02:00:00+00:00,34,1,2922,4049.25,4051.75,4049.0,4050.75,13,MESU3
2023-03-29 03:00:00+00:00,34,1,2922,4050.0,4051.5,4049.5,4050.75,15,MESU3
2023-03-29 04:00:00+00:00,34,1,2922,4051.25,4055.0,4051.25,4054.5,16,MESU3
2023-03-29 05:00:00+00:00,34,1,2922,4055.0,4063.0,4055.0,4062.75,55,MESU3
2023-03-29 06:00:00+00:00,34,1,2922,4060.75,4063.0,4059.0,4063.0,13,MESU3
2023-03-29 07:00:00+00:00,34,1,2922,4063.75,4069.0,4063.75,4068.0,57,MESU3
2023-03-29 08:00:00+00:00,34,1,2922,4068.0,4072.25,4065.0,4069.25,62,MESU3
2023-03-29 09:00:00+00:00,34,1,2922,4069.75,4074.0,4069.75,4074.0,34,MESU3
2023-03-29 10:00:00+00:00,34,1,2922,4072.25,4072.25,4069.75,4070.25,13,MESU3
2023-03-29 11:00:00+00:00,34,1,2922,4070.0,4072.0,4067.25,4068.25,53,MESU3
2023-03-29 12:00:00+00:00,34,1,2922,4068.5,4071.5,4065.75,4070.75,51,MESU3
2023-03-29 13:00:00+00:00,34,1,2922,4071.75,4080.5,4071.5,4078.0,443,MESU3
2023-03-29 14:00:00+00:00,34,1,2922,4079.5,4082.25,4066.5,4066.75,165,MESU3
2023-03-29 15:00:00+00:00,34,1,2922,4067.5,4078.5,4067.0,4078.5,87,MESU3
2023-03-29 16:00:00+00:00,34,1,2922,4079.25,4081.0,4075.0,4077.0,94,MESU3
2023-03-29 17:00:00+00:00,34,1,2922,4075.75,4083.75,4073.75,4075.0,75,MESU3
2023-03-29 18:00:00+00:00,34,1,2922,4075.0,4087.25,4072.0,4086.75,155,MESU3
2023-03-29 19:00:00+00:00,34,1,2922,4085.75,4099.0,4081.75,4091.5,355,MESU3
2023-03-29 20:00:00+00:00,34,1,2922,4091.5,4097.0,4088.5,4094.5,69,MESU3
2023-03-29 22:00:00+00:00,34,1,2922,4093.0,4094.5,4091.0,4091.5,13,MESU3
2023-03-29 23:00:00+00:00,34,1,2922,4092.0,4092.0,4088.75,4089.75,7,MESU3
2023-03-30 00:00:00+00:00,34,1,2922,4088.25,4088.25,4087.25,4088.0,5,MESU3
2023-03-30 01:00:00+00:00,34,1,2922,4090.5,4091.25,4087.75,4091.25,8,MESU3
2023-03-30 02:00:00+00:00,34,1,2922,4090.5,4094.25,4088.75,4088.75,13,MESU3
2023-03-30 03:00:00+00:00,34,1,2922,4089.5,4090.25,4089.5,4090.0,30,MESU3
2023-03-30 05:00:00+00:00,34,1,2922,4092.0,4101.25,4092.0,4100.25,43,MESU3
2023-03-30 06:00:00+00:00,34,1,2922,4099.0,4101.5,4098.75,4101.5,12,MESU3
2023-03-30 07:00:00+00:00,34,1,2922,4100.25,4108.75,4098.0,4106.5,37,MESU3
2023-03-30 08:00:00+00:00,34,1,2922,4106.0,4109.5,4105.0,4107.0,34,MESU3
2023-03-30 09:00:00+00:00,34,1,2922,4107.25,4109.5,4107.0,4109.25,15,MESU3
2023-03-30 10:00:00+00:00,34,1,2922,4110.0,4117.0,4109.75,4117.0,68,MESU3
2023-03-30 11:00:00+00:00,34,1,2922,4116.5,4118.0,4114.5,4114.75,48,MESU3
2023-03-30 12:00:00+00:00,34,1,2922,4115.25,4120.75,4111.0,4118.0,93,MESU3
2023-03-30 13:00:00+00:00,34,1,2922,4118.5,4122.0,4114.0,4118.25,204,MESU3
2023-03-30 14:00:00+00:00,34,1,2922,4121.0,4122.25,4107.75,4114.0,273,MESU3
2023-03-30 15:00:00+00:00,34,1,2922,4115.25,4118.75,4107.0,4111.0,128,MESU3
2023-03-30 16:00:00+00:00,34,1,2922,4109.75,4111.25,4099.0,4103.25,131,MESU3
2023-03-30 17:00:00+00:00,34,1,2922,4102.0,4107.5,4097.0,4101.5,75,MESU3
2023-03-30 18:00:00+00:00,34,1,2922,4102.75,4113.5,4102.25,4111.0,95,MESU3
2023-03-30 19:00:00+00:00,34,1,2922,4109.75,4116.5,4107.75,4116.0,85,MESU3
2023-03-30 20:00:00+00:00,34,1,2922,4116.75,4121.25,4116.75,4121.25,34,MESU3
2023-03-30 22:00:00+00:00,34,1,2922,4114.0,4115.5,4113.0,4115.0,6,MESU3
2023-03-30 23:00:00+00:00,34,1,2922,4118.5,4122.0,4118.5,4122.0,10,MESU3
2023-03-31 00:00:00+00:00,34,1,2922,4121.25,4129.25,4121.25,4127.5,67,MESU3
2023-03-31 01:00:00+00:00,34,1,2922,4127.0,4128.5,4125.5,4125.5,25,MESU3
2023-03-31 02:00:00+00:00,34,1,2922,4127.0,4127.0,4125.25,4125.25,9,MESU3
2023-03-31 03:00:00+00:00,34,1,2922,4125.25,4127.5,4125.25,4127.5,11,MESU3
2023-03-31 04:00:00+00:00,34,1,2922,4126.75,4128.0,4126.75,4128.0,2,MESU3
2023-03-31 05:00:00+00:00,34,1,2922,4124.5,4124.5,4122.0,4122.0,6,MESU3
2023-03-31 06:00:00+00:00,34,1,2922,4120.25,4120.5,4118.0,4119.5,32,MESU3
2023-03-31 07:00:00+00:00,34,1,2922,4120.75,4122.5,4115.0,4117.0,19,MESU3
2023-03-31 08:00:00+00:00,34,1,2922,4117.75,4119.0,4114.25,4119.0,24,MESU3
2023-03-31 09:00:00+00:00,34,1,2922,4117.75,4123.0,4117.75,4123.0,25,MESU3
2023-03-31 10:00:00+00:00,34,1,2922,4121.5,4123.25,4120.5,4121.0,17,MESU3
2023-03-31 11:00:00+00:00,34,1,2922,4122.75,4125.75,4121.0,4122.25,32,MESU3
2023-03-31 12:00:00+00:00,34,1,2922,4121.0,4133.25,4120.75,4127.75,92,MESU3
2023-03-31 13:00:00+00:00,34,1,2922,4129.25,4137.0,4126.0,4134.25,97,MESU3
2023-03-31 14:00:00+00:00,34,1,2922,4135.0,4143.0,4133.25,4141.5,165,MESU3
2023-03-31 15:00:00+00:00,34,1,2922,4142.0,4151.5,4141.0,4151.5,237,MESU3
2023-03-31 16:00:00+00:00,34,1,2922,4152.0,4158.75,4151.0,4152.25,196,MESU3
2023-03-31 17:00:00+00:00,34,1,2922,4151.75,4154.0,4147.5,4151.25,83,MESU3
2023-03-31 18:00:00+00:00,34,1,2922,4152.25,4157.5,4150.25,4155.5,122,MESU3
2023-03-31 19:00:00+00:00,34,1,2922,4155.5,4176.75,4155.5,4172.0,370,MESU3
2023-03-31 20:00:00+00:00,34,1,2922,4172.25,4179.25,4171.5,4175.75,90,MESU3
2023-04-02 22:00:00+00:00,34,1,2922,4164.75,4171.25,4162.25,4171.25,88,MESU3
2023-04-02 23:00:00+00:00,34,1,2922,4169.5,4169.75,4165.75,4166.0,45,MESU3
2023-04-03 00:00:00+00:00,34,1,2922,4166.0,4166.0,4159.0,4164.75,30,MESU3
2023-04-03 01:00:00+00:00,34,1,2922,4163.75,4165.75,4161.25,4162.0,10,MESU3
2023-04-03 02:00:00+00:00,34,1,2922,4162.0,4162.0,4162.0,4162.0,2,MESU3
2023-04-03 03:00:00+00:00,34,1,2922,4161.5,4163.25,4159.75,4159.75,13,MESU3
2023-04-03 04:00:00+00:00,34,1,2922,4162.5,4162.5,4162.0,4162.25,14,MESU3
2023-04-03 05:00:00+00:00,34,1,2922,4163.25,4163.25,4163.25,4163.25,1,MESU3
2023-04-03 06:00:00+00:00,34,1,2922,4162.25,4165.75,4162.25,4165.75,13,MESU3
2023-04-03 07:00:00+00:00,34,1,2922,4167.25,4173.0,4164.25,4173.0,99,MESU3
2023-04-03 08:00:00+00:00,34,1,2922,4171.25,4171.75,4164.25,4165.25,10,MESU3
2023-04-03 09:00:00+00:00,34,1,2922,4169.0,4169.0,4168.25,4168.25,2,MESU3
2023-04-03 10:00:00+00:00,34,1,2922,4171.5,4173.5,4171.25,4172.0,26,MESU3
2023-04-03 11:00:00+00:00,34,1,2922,4172.5,4172.75,4169.5,4170.0,17,MESU3
2023-04-03 12:00:00+00:00,34,1,2922,4168.75,4171.0,4164.75,4171.0,21,MESU3
2023-04-03 13:00:00+00:00,34,1,2922,4168.5,4187.25,4168.5,4181.0,159,MESU3
2023-04-03 14:00:00+00:00,34,1,2922,4182.0,4193.25,4170.0,4170.0,219,MESU3
2023-04-03 15:00:00+00:00,34,1,2922,4172.25,4174.75,4164.25,4174.75,89,MESU3
2023-04-03 16:00:00+00:00,34,1,2922,4174.75,4178.75,4172.5,4172.5,57,MESU3
2023-04-03 17:00:00+00:00,34,1,2922,4172.5,4176.0,4169.25,4172.75,32,MESU3
2023-04-03 18:00:00+00:00,34,1,2922,4174.0,4185.0,4174.0,4183.0,56,MESU3
2023-04-03 19:00:00+00:00,34,1,2922,4184.75,4192.25,4184.75,4191.0,107,MESU3
2023-04-03 20:00:00+00:00,34,1,2922,4190.25,4191.0,4189.0,4191.0,28,MESU3
2023-04-03 22:00:00+00:00,34,1,2922,4188.0,4189.25,4185.75,4185.75,9,MESU3
2023-04-03 23:00:00+00:00,34,1,2922,4187.0,4188.0,4187.0,4188.0,3,MESU3
2023-04-04 00:00:00+00:00,34,1,2922,4185.75,4189.75,4185.0,4187.0,23,MESU3
2023-04-04 01:00:00+00:00,34,1,2922,4187.75,4189.0,4185.75,4185.75,29,MESU3
2023-04-04 02:00:00+00:00,34,1,2922,4186.0,4186.0,4184.0,4186.0,4,MESU3
2023-04-04 03:00:00+00:00,34,1,2922,4186.0,4186.75,4186.0,4186.75,2,MESU3
2023-04-04 04:00:00+00:00,34,1,2922,4188.0,4191.25,4188.0,4189.0,11,MESU3
2023-04-04 05:00:00+00:00,34,1,2922,4188.25,4189.5,4186.0,4187.75,9,MESU3
2023-04-04 06:00:00+00:00,34,1,2922,4184.75,4191.5,4184.75,4191.5,6,MESU3
2023-04-04 07:00:00+00:00,34,1,2922,4192.0,4193.25,4186.75,4187.75,29,MESU3
2023-04-04 08:00:00+00:00,34,1,2922,4188.25,4195.0,4188.25,4192.75,22,MESU3
2023-04-04 09:00:00+00:00,34,1,2922,4193.75,4203.75,4193.5,4202.25,60,MESU3
2023-04-04 10:00:00+00:00,34,1,2922,4202.25,4208.0,4200.25,4204.25,44,MESU3
2023-04-04 11:00:00+00:00,34,1,2922,4204.75,4205.5,4201.0,4202.0,38,MESU3
2023-04-04 12:00:00+00:00,34,1,2922,4202.25,4204.25,4197.0,4200.75,25,MESU3
2023-04-04 13:00:00+00:00,34,1,2922,4199.75,4199.75,4185.5,4190.5,114,MESU3
2023-04-04 14:00:00+00:00,34,1,2922,4194.75,4199.25,4174.75,4175.0,210,MESU3
2023-04-04 15:00:00+00:00,34,1,2922,4173.75,4174.25,4160.0,4162.0,229,MESU3
2023-04-04 16:00:00+00:00,34,1,2922,4162.25,4162.25,4149.75,4161.5,143,MESU3
2023-04-04 17:00:00+00:00,34,1,2922,4161.5,4170.0,4161.5,4166.0,80,MESU3
2023-04-04 18:00:00+00:00,34,1,2922,4163.75,4167.0,4155.0,4156.25,54,MESU3
2023-04-04 19:00:00+00:00,34,1,2922,4154.75,4163.25,4152.75,4163.0,81,MESU3
2023-04-04 20:00:00+00:00,34,1,2922,4164.0,4168.25,4163.0,4164.75,33,MESU3
2023-04-04 22:00:00+00:00,34,1,2922,4164.0,4167.75,4164.0,4167.0,16,MESU3
2023-04-04 23:00:00+00:00,34,1,2922,4168.25,4169.75,4166.5,4168.75,10,MESU3
2023-04-05 00:00:00+00:00,34,1,2922,4169.0,4170.0,4167.5,4169.5,12,MESU3
2023-04-05 01:00:00+00:00,34,1,2922,4167.0,4168.0,4167.0,4168.0,8,MESU3
2023-04-05 02:00:00+00:00,34,1,2922,4168.25,4168.25,4168.25,4168.25,1,MESU3
2023-04-05 03:00:00+00:00,34,1,2922,4168.0,4168.0,4167.0,4167.0,2,MESU3
2023-04-05 04:00:00+00:00,34,1,2922,4164.0,4165.0,4164.0,4164.0,4,MESU3
2023-04-05 05:00:00+00:00,34,1,2922,4164.0,4164.0,4161.75,4162.25,12,MESU3
2023-04-05 06:00:00+00:00,34,1,2922,4162.75,4165.75,4162.0,4165.0,20,MESU3
2023-04-05 07:00:00+00:00,34,1,2922,4167.0,4167.25,4157.0,4158.25,22,MESU3
2023-04-05 08:00:00+00:00,34,1,2922,4158.0,4158.0,4154.5,4154.75,15,MESU3
2023-04-05 09:00:00+00:00,34,1,2922,4155.0,4160.0,4153.5,4153.5,14,MESU3
2023-04-05 10:00:00+00:00,34,1,2922,4155.0,4158.75,4155.0,4158.75,7,MESU3
2023-04-05 11:00:00+00:00,34,1,2922,4159.25,4160.75,4159.0,4160.75,11,MESU3
2023-04-05 12:00:00+00:00,34,1,2922,4158.75,4162.0,4151.0,4153.0,34,MESU3
2023-04-05 13:00:00+00:00,34,1,2922,4155.5,4160.25,4151.25,4157.0,60,MESU3
2023-04-05 14:00:00+00:00,34,1,2922,4161.0,4161.0,4136.25,4139.75,217,MESU3
2023-04-05 15:00:00+00:00,34,1,2922,4136.25,4148.5,4136.0,4144.0,211,MESU3
2023-04-05 16:00:00+00:00,34,1,2922,4143.0,4143.0,4132.75,4135.5,236,MESU3
2023-04-05 17:00:00+00:00,34,1,2922,4135.75,4147.0,4134.25,4146.0,140,MESU3
2023-04-05 18:00:00+00:00,34,1,2922,4147.5,4152.0,4145.5,4149.5,123,MESU3
2023-04-05 19:00:00+00:00,34,1,2922,4148.5,4153.5,4143.25,4152.0,83,MESU3
2023-04-05 20:00:00+00:00,34,1,2922,4150.5,4152.75,4148.0,4148.0,8,MESU3
2023-04-05 22:00:00+00:00,34,1,2922,4147.75,4148.0,4147.5,4148.0,7,MESU3
2023-04-05 23:00:00+00:00,34,1,2922,4147.5,4148.25,4147.5,4148.25,6,MESU3
2023-04-06 00:00:00+00:00,34,1,2922,4145.0,4145.5,4143.0,4145.5,7,MESU3
2023-04-06 01:00:00+00:00,34,1,2922,4143.5,4143.5,4140.5,4140.5,11,MESU3
2023-04-06 02:00:00+00:00,34,1,2922,4143.25,4144.0,4143.25,4144.0,7,MESU3
2023-04-06 03:00:00+00:00,34,1,2922,4143.5,4143.5,4140.5,4140.5,4,MESU3
2023-04-06 04:00:00+00:00,34,1,2922,4141.5,4142.0,4141.25,4141.25,5,MESU3
2023-04-06 05:00:00+00:00,34,1,2922,4140.5,4143.25,4140.0,4143.25,18,MESU3
2023-04-06 06:00:00+00:00,34,1,2922,4144.0,4147.0,4144.0,4147.0,12,MESU3
2023-04-06 07:00:00+00:00,34,1,2922,4146.0,4152.5,4145.5,4150.0,38,MESU3
2023-04-06 08:00:00+00:00,34,1,2922,4151.5,4152.0,4149.25,4149.75,15,MESU3
2023-04-06 09:00:00+00:00,34,1,2922,4152.0,4152.0,4148.25,4148.75,9,MESU3
2023-04-06 10:00:00+00:00,34,1,2922,4143.25,4150.5,4143.25,4149.25,22,MESU3
2023-04-06 11:00:00+00:00,34,1,2922,4151.0,4156.5,4151.0,4156.5,55,MESU3
2023-04-06 12:00:00+00:00,34,1,2922,4157.0,4157.0,4143.25,4144.5,60,MESU3
2023-04-06 13:00:00+00:00,34,1,2922,4144.75,4144.75,4131.0,4136.0,135,MESU3
2023-04-06 14:00:00+00:00,34,1,2922,4135.25,4147.25,4135.25,4137.75,193,MESU3
2023-04-06 15:00:00+00:00,34,1,2922,4138.0,4155.5,4136.5,4155.5,118,MESU3
2023-04-06 16:00:00+00:00,34,1,2922,4156.0,4166.0,4156.0,4160.75,191,MESU3
2023-04-06 17:00:00+00:00,34,1,2922,4160.0,4167.0,4160.0,4162.5,66,MESU3
2023-04-06 18:00:00+00:00,34,1,2922,4165.5,4170.0,4164.0,4164.0,58,MESU3
2023-04-06 19:00:00+00:00,34,1,2922,4165.5,4167.0,4161.25,4165.0,71,MESU3
2023-04-06 20:00:00+00:00,34,1,2922,4164.0,4166.25,4163.0,4166.0,10,MESU3
2023-04-06 22:00:00+00:00,34,1,2922,4164.5,4166.5,4164.5,4166.5,3,MESU3
2023-04-06 23:00:00+00:00,34,1,2922,4165.25,4165.25,4162.25,4162.5,8,MESU3
2023-04-07 00:00:00+00:00,34,1,2922,4163.0,4163.75,4163.0,4163.75,6,MESU3
2023-04-07 01:00:00+00:00,34,1,2922,4162.5,4164.5,4162.5,4163.0,4,MESU3
2023-04-07 02:00:00+00:00,34,1,2922,4162.25,4162.25,4161.75,4161.75,2,MESU3
2023-04-07 04:00:00+00:00,34,1,2922,4164.75,4164.75,4164.75,4164.75,1,MESU3
2023-04-07 05:00:00+00:00,34,1,2922,4164.5,4164.5,4164.5,4164.5,1,MESU3
2023-04-07 06:00:00+00:00,34,1,2922,4163.0,4163.0,4163.0,4163.0,1,MESU3
2023-04-07 07:00:00+00:00,34,1,2922,4161.25,4161.25,4161.25,4161.25,5,MESU3
2023-04-07 08:00:00+00:00,34,1,2922,4162.5,4162.5,4162.5,4162.5,1,MESU3
2023-04-07 09:00:00+00:00,34,1,2922,4163.5,4164.5,4163.5,4164.5,2,MESU3
2023-04-07 10:00:00+00:00,34,1,2922,4163.5,4163.5,4163.5,4163.5,1,MESU3
2023-04-07 11:00:00+00:00,34,1,2922,4165.0,4165.25,4163.75,4163.75,9,MESU3
2023-04-07 12:00:00+00:00,34,1,2922,4159.0,4182.0,4155.0,4173.0,109,MESU3
2023-04-07 13:00:00+00:00,34,1,2922,4175.0,4177.0,4174.0,4176.0,11,MESU3
2023-04-09 22:00:00+00:00,34,1,2922,4173.0,4178.5,4173.0,4177.5,14,MESU3
2023-04-09 23:00:00+00:00,34,1,2922,4173.5,4173.75,4170.0,4170.25,12,MESU3
2023-04-10 00:00:00+00:00,34,1,2922,4172.0,4172.75,4167.5,4167.5,4,MESU3
2023-04-10 01:00:00+00:00,34,1,2922,4168.0,4169.0,4167.0,4168.5,11,MESU3
2023-04-10 02:00:00+00:00,34,1,2922,4168.0,4168.0,4166.0,4167.5,4,MESU3
2023-04-10 03:00:00+00:00,34,1,2922,4167.5,4167.5,4167.25,4167.25,4,MESU3
2023-04-10 04:00:00+00:00,34,1,2922,4167.5,4167.5,4167.5,4167.5,1,MESU3
2023-04-10 05:00:00+00:00,34,1,2922,4165.5,4165.5,4162.25,4162.25,43,MESU3
2023-04-10 06:00:00+00:00,34,1,2922,4163.0,4165.5,4163.0,4163.75,8,MESU3
2023-04-10 07:00:00+00:00,34,1,2922,4163.75,4165.75,4163.0,4163.5,39,MESU3
2023-04-10 08:00:00+00:00,34,1,2922,4165.25,4165.25,4165.25,4165.25,10,MESU3
2023-04-10 09:00:00+00:00,34,1,2922,4168.5,4170.0,4168.5,4170.0,15,MESU3
2023-04-10 10:00:00+00:00,34,1,2922,4170.0,4170.0,4169.25,4169.25,3,MESU3
2023-04-10 11:00:00+00:00,34,1,2922,4168.25,4168.25,4158.5,4159.75,54,MESU3
2023-04-10 12:00:00+00:00,34,1,2922,4158.0,4158.0,4143.0,4143.0,98,MESU3
2023-04-10 13:00:00+00:00,34,1,2922,4143.0,4145.5,4135.0,4135.25,163,MESU3
2023-04-10 14:00:00+00:00,34,1,2922,4136.25,4148.5,4136.25,4142.5,81,MESU3
2023-04-10 15:00:00+00:00,34,1,2922,4144.25,4153.5,4144.25,4146.0,78,MESU3
2023-04-10 16:00:00+00:00,34,1,2922,4141.0,4159.75,4139.25,4158.5,111,MESU3
2023-04-10 17:00:00+00:00,34,1,2922,4160.0,4165.0,4158.75,4163.25,93,MESU3
2023-04-10 18:00:00+00:00,34,1,2922,4163.0,4167.25,4160.75,4167.25,41,MESU3
2023-04-10 19:00:00+00:00,34,1,2922,4168.0,4174.0,4164.25,4174.0,44,MESU3
2023-04-10 20:00:00+00:00,34,1,2922,4174.5,4177.75,4173.0,4176.0,74,MESU3
2023-04-10 22:00:00+00:00,34,1,2922,4175.0,4177.5,4175.0,4177.25,8,MESU3
2023-04-10 23:00:00+00:00,34,1,2922,4175.25,4178.75,4175.25,4178.75,18,MESU3
2023-04-11 00:00:00+00:00,34,1,2922,4178.75,4180.5,4174.75,4175.0,49,MESU3
2023-04-11 01:00:00+00:00,34,1,2922,4175.25,4176.5,4175.25,4176.5,6,MESU3
2023-04-11 02:00:00+00:00,34,1,2922,4179.0,4179.5,4178.75,4179.5,5,MESU3
2023-04-11 03:00:00+00:00,34,1,2922,4179.0,4179.25,4179.0,4179.0,11,MESU3
2023-04-11 04:00:00+00:00,34,1,2922,4177.75,4177.75,4174.5,4174.5,14,MESU3
2023-04-11 05:00:00+00:00,34,1,2922,4175.5,4175.5,4175.5,4175.5,2,MESU3
2023-04-11 06:00:00+00:00,34,1,2922,4178.5,4179.0,4177.5,4177.5,7,MESU3
2023-04-11 07:00:00+00:00,34,1,2922,4175.75,4175.75,4175.0,4175.0,4,MESU3
2023-04-11 08:00:00+00:00,34,1,2922,4177.5,4178.5,4177.5,4177.75,5,MESU3
2023-04-11 09:00:00+00:00,34,1,2922,4180.5,4184.25,4179.5,4184.0,52,MESU3
2023-04-11 10:00:00+00:00,34,1,2922,4184.5,4184.5,4178.75,4180.0,24,MESU3
2023-04-11 11:00:00+00:00,34,1,2922,4178.25,4178.25,4169.25,4171.75,47,MESU3
2023-04-11 12:00:00+00:00,34,1,2922,4171.75,4177.5,4171.75,4175.0,31,MESU3
2023-04-11 13:00:00+00:00,34,1,2922,4173.75,4178.5,4172.0,4172.0,86,MESU3
2023-04-11 14:00:00+00:00,34,1,2922,4170.75,4176.5,4166.25,4170.0,73,MESU3
2023-04-11 15:00:00+00:00,34,1,2922,4171.25,4177.0,4170.25,4177.0,39,MESU3
2023-04-11 16:00:00+00:00,34,1,2922,4177.5,4181.5,4175.25,4180.25,70,MESU3
2023-04-11 17:00:00+00:00,34,1,2922,4181.0,4185.0,4178.75,4184.75,58,MESU3
2023-04-11 18:00:00+00:00,34,1,2922,4185.5,4188.0,4183.5,4185.75,58,MESU3
2023-04-11 19:00:00+00:00,34,1,2922,4184.75,4187.75,4170.0,4170.0,86,MESU3
2023-04-11 20:00:00+00:00,34,1,2922,4175.75,4177.25,4172.25,4172.25,36,MESU3
2023-04-11 22:00:00+00:00,34,1,2922,4175.0,4175.75,4175.0,4175.75,19,MESU3
2023-04-11 23:00:00+00:00,34,1,2922,4177.0,4178.0,4177.0,4178.0,3,MESU3
2023-04-12 00:00:00+00:00,34,1,2922,4175.5,4176.0,4174.25,4174.25,9,MESU3
2023-04-12 01:00:00+00:00,34,1,2922,4174.25,4174.5,4174.25,4174.5,3,MESU3
2023-04-12 02:00:00+00:00,34,1,2922,4175.0,4175.0,4175.0,4175.0,2,MESU3
2023-04-12 04:00:00+00:00,34,1,2922,4173.5,4173.5,4173.5,4173.5,6,MESU3
2023-04-12 05:00:00+00:00,34,1,2922,4174.25,4174.75,4174.25,4174.75,5,MESU3
2023-04-12 06:00:00+00:00,34,1,2922,4174.75,4174.75,4170.75,4170.75,6,MESU3
2023-04-12 07:00:00+00:00,34,1,2922,4173.25,4174.75,4172.25,4174.5,10,MESU3
2023-04-12 08:00:00+00:00,34,1,2922,4176.5,4180.5,4176.0,4176.0,18,MESU3
2023-04-12 09:00:00+00:00,34,1,2922,4177.5,4181.5,4175.75,4181.5,15,MESU3
2023-04-12 10:00:00+00:00,34,1,2922,4181.5,4182.5,4179.25,4179.25,31,MESU3
2023-04-12 11:00:00+00:00,34,1,2922,4178.5,4182.25,4177.0,4182.25,13,MESU3
2023-04-12 12:00:00+00:00,34,1,2922,4180.5,4213.5,4176.75,4199.0,347,MESU3
2023-04-12 13:00:00+00:00,34,1,2922,4198.0,4200.75,4178.5,4183.75,232,MESU3
2023-04-12 14:00:00+00:00,34,1,2922,4183.0,4194.0,4167.25,4169.25,187,MESU3
2023-04-12 15:00:00+00:00,34,1,2922,4168.0,4180.25,4158.0,4180.0,154,MESU3
2023-04-12 16:00:00+00:00,34,1,2922,4180.0,4186.0,4179.5,4185.5,82,MESU3
2023-04-12 17:00:00+00:00,34,1,2922,4182.25,4190.75,4181.5,4186.0,102,MESU3
2023-04-12 18:00:00+00:00,34,1,2922,4182.0,4191.0,4160.75,4166.0,159,MESU3
2023-04-12 19:00:00+00:00,34,1,2922,4167.0,4169.25,4148.75,4155.0,193,MESU3
2023-04-12 20:00:00+00:00,34,1,2922,4158.75,4158.75,4152.25,4154.0,31,MESU3
2023-04-12 22:00:00+00:00,34,1,2922,4153.75,4156.5,4147.75,4148.0,31,MESU3
2023-04-12 23:00:00+00:00,34,1,2922,4149.25,4150.5,4148.0,4148.0,8,MESU3
2023-04-13 00:00:00+00:00,34,1,2922,4148.5,4153.5,4148.5,4151.75,22,MESU3
2023-04-13 01:00:00+00:00,34,1,2922,4154.0,4155.0,4154.0,4154.25,9,MESU3
2023-04-13 02:00:00+00:00,34,1,2922,4157.25,4158.25,4156.5,4158.25,9,MESU3
2023-04-13 03:00:00+00:00,34,1,2922,4156.75,4159.5,4156.75,4158.25,19,MESU3
2023-04-13 04:00:00+00:00,34,1,2922,4157.5,4159.75,4157.5,4159.75,5,MESU3
2023-04-13 05:00:00+00:00,34,1,2922,4160.0,4160.75,4157.75,4157.75,5,MESU3
2023-04-13 06:00:00+00:00,34,1,2922,4158.5,4165.0,4158.5,4164.75,35,MESU3
2023-04-13 07:00:00+00:00,34,1,2922,4165.75,4167.0,4163.0,4163.0,23,MESU3
2023-04-13 08:00:00+00:00,34,1,2922,4161.25,4162.75,4159.75,4159.75,5,MESU3
2023-04-13 09:00:00+00:00,34,1,2922,4163.0,4167.5,4162.5,4163.75,35,MESU3
2023-04-13 10:00:00+00:00,34,1,2922,4163.0,4163.75,4157.5,4159.5,18,MESU3
2023-04-13 11:00:00+00:00,34,1,2922,4161.0,4162.0,4155.0,4155.0,77,MESU3
2023-04-13 12:00:00+00:00,34,1,2922,4154.75,4172.5,4154.5,4171.25,80,MESU3
2023-04-13 13:00:00+00:00,34,1,2922,4169.75,4171.25,4162.75,4165.0,98,MESU3
2023-04-13 14:00:00+00:00,34,1,2922,4166.0,4182.75,4164.5,4176.5,219,MESU3
2023-04-13 15:00:00+00:00,34,1,2922,4178.0,4184.5,4176.75,4184.5,79,MESU3
2023-04-13 16:00:00+00:00,34,1,2922,4184.5,4190.0,4184.0,4189.75,113,MESU3
2023-04-13 17:00:00+00:00,34,1,2922,4189.0,4202.5,4186.0,4201.5,165,MESU3
2023-04-13 18:00:00+00:00,34,1,2922,4202.0,4212.0,4202.0,4212.0,104,MESU3
2023-04-13 19:00:00+00:00,34,1,2922,4209.75,4213.0,4208.0,4210.0,102,MESU3
2023-04-13 20:00:00+00:00,34,1,2922,4208.0,4209.75,4205.0,4205.0,49,MESU3
2023-04-13 22:00:00+00:00,34,1,2922,4203.25,4207.75,4200.0,4207.75,9,MESU3
2023-04-13 23:00:00+00:00,34,1,2922,4205.75,4205.75,4205.5,4205.5,3,MESU3
2023-04-14 00:00:00+00:00,34,1,2922,4205.75,4212.5,4205.75,4210.75,43,MESU3
2023-04-14 01:00:00+00:00,34,1,2922,4207.75,4208.0,4207.25,4207.25,4,MESU3
2023-04-14 02:00:00+00:00,34,1,2922,4207.25,4207.25,4206.75,4206.75,3,MESU3
2023-04-14 03:00:00+00:00,34,1,2922,4206.0,4208.25,4205.75,4208.25,7,MESU3
2023-04-14 04:00:00+00:00,34,1,2922,4208.0,4208.0,4207.5,4207.5,12,MESU3
2023-04-14 05:00:00+00:00,34,1,2922,4207.25,4207.25,4207.25,4207.25,2,MESU3
2023-04-14 06:00:00+00:00,34,1,2922,4207.25,4207.25,4202.25,4203.5,38,MESU3
2023-04-14 07:00:00+00:00,34,1,2922,4206.25,4209.0,4206.25,4206.75,6,MESU3
2023-04-14 08:00:00+00:00,34,1,2922,4203.25,4203.25,4202.75,4202.75,2,MESU3
2023-04-14 09:00:00+00:00,34,1,2922,4201.75,4203.5,4201.75,4203.5,2,MESU3
2023-04-14 10:00:00+00:00,34,1,2922,4200.0,4205.5,4198.75,4205.25,34,MESU3
2023-04-14 11:00:00+00:00,34,1,2922,4206.0,4210.5,4205.0,4206.5,55,MESU3
2023-04-14 12:00:00+00:00,34,1,2922,4208.25,4220.0,4200.75,4203.75,136,MESU3
2023-04-14 13:00:00+00:00,34,1,2922,4203.75,4227.5,4201.0,4218.5,183,MESU3
2023-04-14 14:00:00+00:00,34,1,2922,4221.5,4224.5,4192.75,4198.0,575,MESU3
2023-04-14 15:00:00+00:00,34,1,2922,4197.25,4200.5,4189.0,4193.0,116,MESU3
2023-04-14 16:00:00+00:00,34,1,2922,4193.0,4193.0,4177.0,4178.25,154,MESU3
2023-04-14 17:00:00+00:00,34,1,2922,4178.25,4190.75,4176.25,4185.5,146,MESU3
2023-04-14 18:00:00+00:00,34,1,2922,4185.5,4197.0,4185.0,4195.25,106,MESU3
2023-04-14 19:00:00+00:00,34,1,2922,4195.25,4203.5,4182.0,4199.75,131,MESU3
2023-04-14 20:00:00+00:00,34,1,2922,4201.0,4212.5,4200.0,4209.25,166,MESU3
2023-04-16 22:00:00+00:00,34,1,2922,4209.0,4211.25,4208.75,4211.25,37,MESU3
2023-04-16 23:00:00+00:00,34,1,2922,4211.5,4211.5,4208.5,4208.75,10,MESU3
2023-04-17 00:00:00+00:00,34,1,2922,4209.5,4211.0,4208.0,4208.0,31,MESU3
2023-04-17 01:00:00+00:00,34,1,2922,4208.0,4211.5,4208.0,4211.5,12,MESU3
2023-04-17 02:00:00+00:00,34,1,2922,4209.0,4209.75,4209.0,4209.75,3,MESU3
2023-04-17 03:00:00+00:00,34,1,2922,4208.25,4209.0,4208.25,4209.0,2,MESU3
2023-04-17 04:00:00+00:00,34,1,2922,4209.25,4209.25,4207.25,4207.25,16,MESU3
2023-04-17 05:00:00+00:00,34,1,2922,4208.75,4210.5,4208.75,4210.5,2,MESU3
2023-04-17 06:00:00+00:00,34,1,2922,4211.0,4211.75,4208.75,4208.75,42,MESU3
2023-04-17 07:00:00+00:00,34,1,2922,4209.25,4213.5,4209.25,4210.25,24,MESU3
2023-04-17 08:00:00+00:00,34,1,2922,4208.25,4208.25,4205.5,4205.5,21,MESU3
2023-04-17 09:00:00+00:00,34,1,2922,4204.5,4206.25,4202.0,4202.0,24,MESU3
2023-04-17 10:00:00+00:00,34,1,2922,4205.0,4205.5,4204.0,4205.5,3,MESU3
2023-04-17 11:00:00+00:00,34,1,2922,4207.5,4207.5,4202.5,4205.5,16,MESU3
2023-04-17 12:00:00+00:00,34,1,2922,4207.5,4208.0,4200.0,4201.5,47,MESU3
2023-04-17 13:00:00+00:00,34,1,2922,4200.25,4206.75,4198.0,4202.25,128,MESU3
2023-04-17 14:00:00+00:00,34,1,2922,4204.25,4207.25,4195.5,4195.75,104,MESU3
2023-04-17 15:00:00+00:00,34,1,2922,4196.75,4202.25,4187.0,4191.75,114,MESU3
2023-04-17 16:00:00+00:00,34,1,2922,4192.75,4195.25,4189.0,4190.75,62,MESU3
2023-04-17 17:00:00+00:00,34,1,2922,4194.0,4196.5,4189.25,4189.25,25,MESU3
2023-04-17 18:00:00+00:00,34,1,2922,4188.5,4202.75,4186.75,4202.75,55,MESU3
2023-04-17 19:00:00+00:00,34,1,2922,4203.25,4215.25,4203.25,4215.25,175,MESU3
2023-04-17 20:00:00+00:00,34,1,2922,4215.0,4219.0,4214.75,4216.5,45,MESU3
2023-04-17 22:00:00+00:00,34,1,2922,4215.0,4215.0,4213.0,4213.0,5,MESU3
2023-04-17 23:00:00+00:00,34,1,2922,4214.25,4215.75,4213.75,4214.5,14,MESU3
2023-04-18 00:00:00+00:00,34,1,2922,4212.75,4214.0,4212.25,4212.25,5,MESU3
2023-04-18 01:00:00+00:00,34,1,2922,4213.75,4216.5,4212.25,4215.0,17,MESU3
2023-04-18 02:00:00+00:00,34,1,2922,4215.0,4215.0,4215.0,4215.0,1,MESU3
2023-04-18 03:00:00+00:00,34,1,2922,4214.25,4214.25,4212.5,4212.5,16,MESU3
2023-04-18 04:00:00+00:00,34,1,2922,4211.75,4211.75,4211.0,4211.25,6,MESU3
2023-04-18 05:00:00+00:00,34,1,2922,4212.0,4215.0,4212.0,4215.0,10,MESU3
2023-04-18 06:00:00+00:00,34,1,2922,4216.0,4219.5,4216.0,4216.25,27,MESU3
2023-04-18 07:00:00+00:00,34,1,2922,4216.5,4216.5,4216.25,4216.25,2,MESU3
2023-04-18 08:00:00+00:00,34,1,2922,4218.75,4226.0,4218.75,4224.5,32,MESU3
2023-04-18 09:00:00+00:00,34,1,2922,4224.25,4230.75,4224.25,4228.75,51,MESU3
2023-04-18 10:00:00+00:00,34,1,2922,4228.25,4234.5,4228.25,4232.75,33,MESU3
2023-04-18 11:00:00+00:00,34,1,2922,4233.5,4233.5,4229.75,4231.0,28,MESU3
2023-04-18 12:00:00+00:00,34,1,2922,4233.0,4236.75,4232.0,4233.75,41,MESU3
2023-04-18 13:00:00+00:00,34,1,2922,4232.5,4233.0,4221.0,4222.0,112,MESU3
2023-04-18 14:00:00+00:00,34,1,2922,4222.25,4222.25,4204.5,4209.25,233,MESU3
2023-04-18 15:00:00+00:00,34,1,2922,4210.25,4214.0,4203.0,4207.25,81,MESU3
2023-04-18 16:00:00+00:00,34,1,2922,4207.5,4218.0,4207.5,4214.0,55,MESU3
2023-04-18 17:00:00+00:00,34,1,2922,4213.0,4220.0,4212.0,4215.0,50,MESU3
2023-04-18 18:00:00+00:00,34,1,2922,4215.75,4220.5,4207.25,4211.25,102,MESU3
2023-04-18 19:00:00+00:00,34,1,2922,4214.25,4221.25,4214.25,4220.25,38,MESU3
2023-04-18 20:00:00+00:00,34,1,2922,4217.0,4219.0,4212.25,4219.0,13,MESU3
2023-04-18 22:00:00+00:00,34,1,2922,4220.25,4220.25,4212.0,4216.5,12,MESU3
2023-04-18 23:00:00+00:00,34,1,2922,4215.75,4215.75,4213.75,4213.75,4,MESU3
2023-04-19 00:00:00+00:00,34,1,2922,4215.0,4216.0,4215.0,4215.75,11,MESU3
2023-04-19 01:00:00+00:00,34,1,2922,4216.0,4216.0,4212.25,4212.25,15,MESU3
2023-04-19 02:00:00+00:00,34,1,2922,4212.75,4214.25,4212.75,4214.25,2,MESU3
2023-04-19 03:00:00+00:00,34,1,2922,4213.0,4213.25,4213.0,4213.25,7,MESU3
2023-04-19 04:00:00+00:00,34,1,2922,4212.75,4212.75,4212.5,4212.5,2,MESU3
2023-04-19 05:00:00+00:00,34,1,2922,4212.0,4213.0,4212.0,4212.0,4,MESU3
2023-04-19 06:00:00+00:00,34,1,2922,4211.25,4211.25,4203.75,4207.25,42,MESU3
2023-04-19 07:00:00+00:00,34,1,2922,4205.25,4207.0,4202.0,4206.25,51,MESU3
2023-04-19 08:00:00+00:00,34,1,2922,4204.0,4204.0,4197.25,4200.5,39,MESU3
2023-04-19 09:00:00+00:00,34,1,2922,4195.75,4197.25,4191.25,4191.25,25,MESU3
2023-04-19 10:00:00+00:00,34,1,2922,4193.25,4198.0,4192.75,4198.0,74,MESU3
2023-04-19 11:00:00+00:00,34,1,2922,4197.5,4200.0,4194.75,4196.0,38,MESU3
2023-04-19 12:00:00+00:00,34,1,2922,4193.25,4196.0,4188.5,4192.25,85,MESU3
2023-04-19 13:00:00+00:00,34,1,2922,4193.5,4201.75,4193.25,4199.0,321,MESU3
2023-04-19 14:00:00+00:00,34,1,2922,4200.25,4210.5,4197.25,4208.5,362,MESU3
2023-04-19 15:00:00+00:00,34,1,2922,4209.0,4212.75,4204.75,4211.25,160,MESU3
2023-04-19 16:00:00+00:00,34,1,2922,4213.0,4217.25,4211.5,4216.0,114,MESU3
2023-04-19 17:00:00+00:00,34,1,2922,4215.75,4221.0,4214.75,4221.0,133,MESU3
2023-04-19 18:00:00+00:00,34,1,2922,4221.5,4226.0,4217.75,4220.5,65,MESU3
2023-04-19 19:00:00+00:00,34,1,2922,4218.0,4223.0,4212.0,4215.25,47,MESU3
2023-04-19 20:00:00+00:00,34,1,2922,4214.5,4215.25,4212.5,4214.0,13,MESU3
2023-04-19 22:00:00+00:00,34,1,2922,4210.0,4213.0,4206.75,4207.5,21,MESU3
2023-04-19 23:00:00+00:00,34,1,2922,4208.0,4208.0,4204.5,4205.25,14,MESU3
2023-04-20 00:00:00+00:00,34,1,2922,4205.25,4208.75,4205.0,4207.0,25,MESU3
2023-04-20 01:00:00+00:00,34,1,2922,4207.75,4209.0,4206.0,4209.0,7,MESU3
2023-04-20 02:00:00+00:00,34,1,2922,4210.25,4211.0,4207.0,4207.75,16,MESU3
2023-04-20 03:00:00+00:00,34,1,2922,4206.75,4209.5,4206.75,4209.0,5,MESU3
2023-04-20 04:00:00+00:00,34,1,2922,4209.75,4209.75,4207.75,4207.75,3,MESU3
2023-04-20 05:00:00+00:00,34,1,2922,4206.0,4206.75,4203.25,4203.75,19,MESU3
2023-04-20 06:00:00+00:00,34,1,2922,4205.0,4209.25,4205.0,4205.5,25,MESU3
2023-04-20 07:00:00+00:00,34,1,2922,4205.5,4205.5,4185.75,4188.25,82,MESU3
2023-04-20 08:00:00+00:00,34,1,2922,4187.5,4189.5,4182.75,4185.0,77,MESU3
2023-04-20 09:00:00+00:00,34,1,2922,4186.0,4188.75,4184.25,4187.0,24,MESU3
2023-04-20 10:00:00+00:00,34,1,2922,4187.75,4190.5,4185.25,4190.25,37,MESU3
2023-04-20 11:00:00+00:00,34,1,2922,4190.0,4192.25,4187.0,4187.0,37,MESU3
2023-04-20 12:00:00+00:00,34,1,2922,4183.0,4188.0,4182.5,4188.0,34,MESU3
2023-04-20 13:00:00+00:00,34,1,2922,4188.5,4195.75,4184.0,4189.75,150,MESU3
2023-04-20 14:00:00+00:00,34,1,2922,4190.75,4201.75,4187.0,4199.0,174,MESU3
2023-04-20 15:00:00+00:00,34,1,2922,4198.25,4198.25,4191.0,4195.5,88,MESU3
2023-04-20 16:00:00+00:00,34,1,2922,4195.25,4205.5,4191.75,4205.5,90,MESU3
2023-04-20 17:00:00+00:00,34,1,2922,4206.25,4210.25,4204.25,4205.0,129,MESU3
2023-04-20 18:00:00+00:00,34,1,2922,4203.5,4205.0,4184.0,4189.0,258,MESU3
2023-04-20 19:00:00+00:00,34,1,2922,4190.0,4192.0,4175.75,4191.0,269,MESU3
2023-04-20 20:00:00+00:00,34,1,2922,4191.5,4196.75,4189.75,4191.75,80,MESU3
2023-04-20 22:00:00+00:00,34,1,2922,4189.0,4191.75,4189.0,4191.75,9,MESU3
2023-04-20 23:00:00+00:00,34,1,2922,4191.5,4192.5,4189.0,4190.0,12,MESU3
2023-04-21 00:00:00+00:00,34,1,2922,4190.0,4195.25,4190.0,4195.25,8,MESU3
2023-04-21 01:00:00+00:00,34,1,2922,4195.5,4195.5,4192.0,4193.0,13,MESU3
2023-04-21 02:00:00+00:00,34,1,2922,4191.25,4192.0,4191.0,4191.5,7,MESU3
2023-04-21 03:00:00+00:00,34,1,2922,4192.5,4192.5,4192.5,4192.5,1,MESU3
2023-04-21 04:00:00+00:00,34,1,2922,4191.25,4191.25,4189.5,4190.25,6,MESU3
2023-04-21 05:00:00+00:00,34,1,2922,4190.0,4191.0,4189.75,4189.75,8,MESU3
2023-04-21 06:00:00+00:00,34,1,2922,4190.5,4190.5,4184.5,4184.5,28,MESU3
2023-04-21 07:00:00+00:00,34,1,2922,4185.5,4188.0,4180.25,4186.0,42,MESU3
2023-04-21 08:00:00+00:00,34,1,2922,4186.75,4191.75,4185.0,4191.75,34,MESU3
2023-04-21 09:00:00+00:00,34,1,2922,4193.0,4193.25,4191.0,4193.0,20,MESU3
2023-04-21 10:00:00+00:00,34,1,2922,4187.0,4188.75,4180.0,4180.0,49,MESU3
2023-04-21 11:00:00+00:00,34,1,2922,4179.0,4184.25,4179.0,4183.75,41,MESU3
2023-04-21 12:00:00+00:00,34,1,2922,4182.0,4192.0,4181.5,4192.0,29,MESU3
2023-04-21 13:00:00+00:00,34,1,2922,4193.0,4197.0,4181.75,4184.25,82,MESU3
2023-04-21 14:00:00+00:00,34,1,2922,4181.5,4196.0,4174.25,4180.0,214,MESU3
2023-04-21 15:00:00+00:00,34,1,2922,4182.75,4192.0,4181.25,4189.75,116,MESU3
2023-04-21 16:00:00+00:00,34,1,2922,4190.0,4192.5,4185.5,4188.0,88,MESU3
2023-04-21 17:00:00+00:00,34,1,2922,4190.0,4195.75,4187.0,4195.0,53,MESU3
2023-04-21 18:00:00+00:00,34,1,2922,4196.25,4199.0,4189.75,4191.5,69,MESU3
2023-04-21 19:00:00+00:00,34,1,2922,4194.0,4195.5,4186.5,4194.75,76,MESU3
2023-04-21 20:00:00+00:00,34,1,2922,4194.25,4194.5,4189.25,4194.5,8,MESU3
2023-04-23 22:00:00+00:00,34,1,2922,4188.5,4190.0,4187.0,4190.0,29,MESU3
2023-04-23 23:00:00+00:00,34,1,2922,4188.75,4191.0,4188.75,4189.25,19,MESU3
2023-04-24 00:00:00+00:00,34,1,2922,4189.0,4189.0,4183.5,4185.75,34,MESU3
2023-04-24 01:00:00+00:00,34,1,2922,4185.5,4187.0,4185.25,4186.5,14,MESU3
2023-04-24 02:00:00+00:00,34,1,2922,4184.0,4185.25,4182.0,4183.75,15,MESU3
2023-04-24 03:00:00+00:00,34,1,2922,4184.25,4184.25,4182.5,4182.5,5,MESU3
2023-04-24 04:00:00+00:00,34,1,2922,4183.0,4183.0,4180.25,4180.25,11,MESU3
2023-04-24 05:00:00+00:00,34,1,2922,4180.5,4180.5,4177.0,4177.0,19,MESU3
2023-04-24 06:00:00+00:00,34,1,2922,4176.5,4176.5,4173.0,4175.25,66,MESU3
2023-04-24 07:00:00+00:00,34,1,2922,4175.25,4179.5,4172.25,4178.0,20,MESU3
2023-04-24 08:00:00+00:00,34,1,2922,4180.0,4181.0,4178.0,4178.5,25,MESU3
2023-04-24 09:00:00+00:00,34,1,2922,4181.0,4187.5,4181.0,4186.5,24,MESU3
2023-04-24 10:00:00+00:00,34,1,2922,4186.0,4189.0,4186.0,4189.0,15,MESU3
2023-04-24 11:00:00+00:00,34,1,2922,4190.0,4194.75,4189.0,4191.25,29,MESU3
2023-04-24 12:00:00+00:00,34,1,2922,4191.0,4195.0,4189.75,4193.75,37,MESU3
2023-04-24 13:00:00+00:00,34,1,2922,4193.5,4201.0,4190.75,4198.25,82,MESU3
2023-04-24 14:00:00+00:00,34,1,2922,4200.5,4202.5,4186.0,4189.0,148,MESU3
2023-04-24 15:00:00+00:00,34,1,2922,4188.75,4188.75,4179.75,4181.0,108,MESU3
2023-04-24 16:00:00+00:00,34,1,2922,4180.0,4188.75,4177.5,4188.5,64,MESU3
2023-04-24 17:00:00+00:00,34,1,2922,4187.5,4194.0,4185.5,4194.0,50,MESU3
2023-04-24 18:00:00+00:00,34,1,2922,4194.5,4195.75,4189.5,4191.0,75,MESU3
2023-04-24 19:00:00+00:00,34,1,2922,4193.25,4198.5,4193.25,4197.75,144,MESU3
2023-04-24 20:00:00+00:00,34,1,2922,4198.75,4199.5,4195.25,4195.25,167,MESU3
2023-04-24 22:00:00+00:00,34,1,2922,4195.25,4195.25,4193.75,4194.5,38,MESU3
2023-04-24 23:00:00+00:00,34,1,2922,4193.5,4195.0,4193.5,4194.75,7,MESU3
2023-04-25 00:00:00+00:00,34,1,2922,4195.0,4197.25,4193.25,4193.25,9,MESU3
2023-04-25 01:00:00+00:00,34,1,2922,4192.5,4192.5,4192.5,4192.5,3,MESU3
2023-04-25 02:00:00+00:00,34,1,2922,4190.5,4190.75,4189.75,4190.25,10,MESU3
2023-04-25 03:00:00+00:00,34,1,2922,4188.25,4191.0,4187.25,4187.25,12,MESU3
2023-04-25 04:00:00+00:00,34,1,2922,4186.25,4186.25,4184.25,4185.0,18,MESU3
2023-04-25 05:00:00+00:00,34,1,2922,4185.25,4186.0,4182.25,4186.0,7,MESU3
2023-04-25 06:00:00+00:00,34,1,2922,4186.25,4188.0,4182.75,4188.0,5,MESU3
2023-04-25 07:00:00+00:00,34,1,2922,4185.25,4185.25,4174.75,4175.5,54,MESU3
2023-04-25 08:00:00+00:00,34,1,2922,4178.0,4178.0,4168.75,4176.0,50,MESU3
2023-04-25 09:00:00+00:00,34,1,2922,4174.75,4177.75,4173.0,4176.75,72,MESU3
2023-04-25 10:00:00+00:00,34,1,2922,4178.5,4179.5,4175.0,4177.5,10,MESU3
2023-04-25 11:00:00+00:00,34,1,2922,4179.25,4181.5,4177.5,4177.75,31,MESU3
2023-04-25 12:00:00+00:00,34,1,2922,4180.75,4181.25,4178.0,4178.25,16,MESU3
2023-04-25 13:00:00+00:00,34,1,2922,4179.25,4181.75,4171.0,4172.75,93,MESU3
2023-04-25 14:00:00+00:00,34,1,2922,4171.75,4177.25,4161.5,4168.25,325,MESU3
2023-04-25 15:00:00+00:00,34,1,2922,4168.5,4174.25,4159.25,4161.0,221,MESU3
2023-04-25 16:00:00+00:00,34,1,2922,4160.25,4162.25,4154.5,4155.75,118,MESU3
2023-04-25 17:00:00+00:00,34,1,2922,4157.75,4159.25,4137.25,4138.75,277,MESU3
2023-04-25 18:00:00+00:00,34,1,2922,4140.75,4142.5,4134.25,4136.0,189,MESU3
2023-04-25 19:00:00+00:00,34,1,2922,4134.5,4142.25,4126.5,4131.5,221,MESU3
2023-04-25 20:00:00+00:00,34,1,2922,4128.25,4146.0,4128.25,4145.0,162,MESU3
2023-04-25 22:00:00+00:00,34,1,2922,4150.0,4152.5,4147.0,4148.0,80,MESU3
2023-04-25 23:00:00+00:00,34,1,2922,4145.0,4148.0,4145.0,4148.0,29,MESU3
2023-04-26 00:00:00+00:00,34,1,2922,4146.0,4151.0,4145.0,4151.0,48,MESU3
2023-04-26 01:00:00+00:00,34,1,2922,4149.5,4151.25,4148.25,4150.75,22,MESU3
2023-04-26 02:00:00+00:00,34,1,2922,4150.75,4151.5,4148.0,4151.5,38,MESU3
2023-04-26 03:00:00+00:00,34,1,2922,4151.5,4151.5,4147.0,4147.0,8,MESU3
2023-04-26 04:00:00+00:00,34,1,2922,4146.0,4147.0,4145.0,4146.75,14,MESU3
2023-04-26 05:00:00+00:00,34,1,2922,4147.5,4151.25,4147.5,4150.5,11,MESU3
2023-04-26 06:00:00+00:00,34,1,2922,4150.0,4150.25,4147.25,4149.0,6,MESU3
2023-04-26 07:00:00+00:00,34,1,2922,4149.25,4150.0,4138.25,4141.25,95,MESU3
2023-04-26 08:00:00+00:00,34,1,2922,4143.0,4148.75,4137.0,4148.75,52,MESU3
2023-04-26 09:00:00+00:00,34,1,2922,4147.0,4148.75,4141.0,4141.0,17,MESU3
2023-04-26 10:00:00+00:00,34,1,2922,4144.0,4144.0,4135.0,4136.25,43,MESU3
2023-04-26 11:00:00+00:00,34,1,2922,4135.25,4140.0,4126.75,4134.0,76,MESU3
2023-04-26 12:00:00+00:00,34,1,2922,4134.5,4143.5,4134.5,4142.0,67,MESU3
2023-04-26 13:00:00+00:00,34,1,2922,4143.25,4144.0,4132.0,4137.0,186,MESU3
2023-04-26 14:00:00+00:00,34,1,2922,4135.25,4137.75,4117.5,4130.5,295,MESU3
2023-04-26 15:00:00+00:00,34,1,2922,4132.0,4143.0,4132.0,4141.75,131,MESU3
2023-04-26 16:00:00+00:00,34,1,2922,4142.25,4146.25,4134.0,4135.25,143,MESU3
2023-04-26 17:00:00+00:00,34,1,2922,4136.25,4137.5,4118.25,4119.75,132,MESU3
2023-04-26 18:00:00+00:00,34,1,2922,4119.5,4121.25,4108.75,4110.75,201,MESU3
2023-04-26 19:00:00+00:00,34,1,2922,4110.5,4116.25,4105.0,4113.25,206,MESU3
2023-04-26 20:00:00+00:00,34,1,2922,4112.0,4125.0,4111.0,4118.5,48,MESU3
2023-04-26 22:00:00+00:00,34,1,2922,4121.0,4122.0,4119.25,4121.25,16,MESU3
2023-04-26 23:00:00+00:00,34,1,2922,4121.25,4122.5,4120.0,4122.5,16,MESU3
2023-04-27 00:00:00+00:00,34,1,2922,4120.75,4121.5,4118.5,4118.5,15,MESU3
2023-04-27 01:00:00+00:00,34,1,2922,4119.0,4119.5,4117.5,4119.5,9,MESU3
2023-04-27 02:00:00+00:00,34,1,2922,4120.75,4123.5,4120.75,4122.5,16,MESU3
2023-04-27 03:00:00+00:00,34,1,2922,4122.5,4122.75,4121.5,4121.5,6,MESU3
2023-04-27 04:00:00+00:00,34,1,2922,4122.75,4125.5,4122.75,4125.5,14,MESU3
2023-04-27 05:00:00+00:00,34,1,2922,4125.0,4127.75,4123.0,4127.25,19,MESU3
2023-04-27 06:00:00+00:00,34,1,2922,4127.0,4129.0,4125.5,4127.0,21,MESU3
2023-04-27 07:00:00+00:00,34,1,2922,4129.0,4133.0,4127.5,4133.0,28,MESU3
2023-04-27 08:00:00+00:00,34,1,2922,4130.75,4133.0,4129.25,4133.0,18,MESU3
2023-04-27 09:00:00+00:00,34,1,2922,4133.0,4133.0,4131.5,4131.5,8,MESU3
2023-04-27 10:00:00+00:00,34,1,2922,4131.25,4134.25,4131.25,4134.25,7,MESU3
2023-04-27 11:00:00+00:00,34,1,2922,4135.0,4138.0,4133.25,4134.5,37,MESU3
2023-04-27 12:00:00+00:00,34,1,2922,4137.0,4140.25,4128.25,4137.0,136,MESU3
2023-04-27 13:00:00+00:00,34,1,2922,4138.5,4145.5,4135.0,4142.0,173,MESU3
2023-04-27 14:00:00+00:00,34,1,2922,4143.5,4153.0,4142.5,4144.5,434,MESU3
2023-04-27 15:00:00+00:00,34,1,2922,4144.5,4160.5,4142.25,4158.75,205,MESU3
2023-04-27 16:00:00+00:00,34,1,2922,4161.0,4166.5,4161.0,4166.0,194,MESU3
2023-04-27 17:00:00+00:00,34,1,2922,4166.25,4180.0,4164.5,4176.25,390,MESU3
2023-04-27 18:00:00+00:00,34,1,2922,4176.0,4193.5,4176.0,4193.5,383,MESU3
2023-04-27 19:00:00+00:00,34,1,2922,4192.75,4196.0,4189.5,4192.0,231,MESU3
2023-04-27 20:00:00+00:00,34,1,2922,4192.0,4204.25,4187.0,4197.0,261,MESU3
2023-04-27 22:00:00+00:00,34,1,2922,4197.75,4197.75,4185.0,4187.5,43,MESU3
2023-04-27 23:00:00+00:00,34,1,2922,4190.0,4190.5,4187.5,4187.5,11,MESU3
2023-04-28 00:00:00+00:00,34,1,2922,4186.25,4186.5,4184.75,4185.25,93,MESU3
2023-04-28 01:00:00+00:00,34,1,2922,4187.0,4191.5,4183.5,4190.0,32,MESU3
2023-04-28 02:00:00+00:00,34,1,2922,4190.0,4191.0,4190.0,4191.0,5,MESU3
2023-04-28 03:00:00+00:00,34,1,2922,4190.0,4190.0,4186.75,4186.75,4,MESU3
2023-04-28 04:00:00+00:00,34,1,2922,4188.5,4188.5,4187.75,4187.75,3,MESU3
2023-04-28 05:00:00+00:00,34,1,2922,4186.25,4192.75,4186.25,4191.75,35,MESU3
2023-04-28 06:00:00+00:00,34,1,2922,4190.25,4190.25,4184.75,4185.0,10,MESU3
2023-04-28 07:00:00+00:00,34,1,2922,4184.0,4185.75,4179.0,4181.0,18,MESU3
2023-04-28 08:00:00+00:00,34,1,2922,4178.5,4180.5,4171.75,4171.75,15,MESU3
2023-04-28 09:00:00+00:00,34,1,2922,4171.25,4178.0,4169.25,4176.0,47,MESU3
2023-04-28 10:00:00+00:00,34,1,2922,4177.5,4179.0,4175.0,4175.0,27,MESU3
2023-04-28 11:00:00+00:00,34,1,2922,4177.0,4181.0,4176.0,4176.0,10,MESU3
2023-04-28 12:00:00+00:00,34,1,2922,4175.25,4183.25,4173.5,4181.0,99,MESU3
2023-04-28 13:00:00+00:00,34,1,2922,4184.0,4195.5,4181.0,4195.0,115,MESU3
2023-04-28 14:00:00+00:00,34,1,2922,4193.0,4216.5,4192.25,4200.0,527,MESU3
2023-04-28 15:00:00+00:00,34,1,2922,4199.0,4217.25,4192.0,4217.0,226,MESU3
2023-04-28 16:00:00+00:00,34,1,2922,4216.75,4224.25,4212.25,4224.25,165,MESU3
2023-04-28 17:00:00+00:00,34,1,2922,4223.75,4224.0,4214.5,4217.25,204,MESU3
2023-04-28 18:00:00+00:00,34,1,2922,4219.5,4223.25,4209.5,4216.5,145,MESU3
2023-04-28 19:00:00+00:00,34,1,2922,4216.25,4228.0,4214.25,4228.0,186,MESU3
2023-04-28 20:00:00+00:00,34,1,2922,4228.0,4231.75,4226.25,4229.0,115,MESU3
2023-04-30 22:00:00+00:00,34,1,2922,4227.0,4228.75,4221.5,4222.25,51,MESU3
2023-04-30 23:00:00+00:00,34,1,2922,4222.5,4224.0,4220.0,4222.25,36,MESU3
2023-05-01 00:00:00+00:00,34,1,2922,4220.5,4224.5,4220.5,4224.5,46,MESU3
2023-05-01 01:00:00+00:00,34,1,2922,4223.75,4223.75,4223.5,4223.75,6,MESU3
2023-05-01 02:00:00+00:00,34,1,2922,4224.25,4229.75,4224.0,4229.5,17,MESU3
2023-05-01 03:00:00+00:00,34,1,2922,4229.5,4230.0,4228.0,4230.0,15,MESU3
2023-05-01 04:00:00+00:00,34,1,2922,4229.0,4229.75,4228.5,4229.75,26,MESU3
2023-05-01 05:00:00+00:00,34,1,2922,4227.75,4234.25,4227.75,4230.25,26,MESU3
2023-05-01 06:00:00+00:00,34,1,2922,4230.25,4234.5,4227.25,4233.0,53,MESU3
2023-05-01 07:00:00+00:00,34,1,2922,4231.25,4234.0,4228.75,4229.5,36,MESU3
2023-05-01 08:00:00+00:00,34,1,2922,4229.0,4229.0,4223.5,4225.0,25,MESU3
2023-05-01 09:00:00+00:00,34,1,2922,4225.25,4229.25,4225.25,4227.75,48,MESU3
2023-05-01 10:00:00+00:00,34,1,2922,4226.0,4226.25,4225.75,4226.25,13,MESU3
2023-05-01 11:00:00+00:00,34,1,2922,4225.75,4225.75,4222.25,4222.25,18,MESU3
2023-05-01 12:00:00+00:00,34,1,2922,4221.0,4226.0,4221.0,4225.25,28,MESU3
2023-05-01 13:00:00+00:00,34,1,2922,4223.75,4235.75,4220.25,4232.25,98,MESU3
2023-05-01 14:00:00+00:00,34,1,2922,4230.5,4239.75,4227.25,4238.5,175,MESU3
2023-05-01 15:00:00+00:00,34,1,2922,4239.5,4240.5,4225.0,4232.75,151,MESU3
2023-05-01 16:00:00+00:00,34,1,2922,4234.75,4245.25,4234.0,4242.0,185,MESU3
2023-05-01 17:00:00+00:00,34,1,2922,4240.5,4242.0,4236.0,4239.0,63,MESU3
2023-05-01 18:00:00+00:00,34,1,2922,4240.0,4240.0,4223.25,4228.75,144,MESU3
2023-05-01 19:00:00+00:00,34,1,2922,4230.5,4231.0,4222.0,4228.25,74,MESU3
2023-05-01 20:00:00+00:00,34,1,2922,4226.5,4227.5,4215.0,4216.0,31,MESU3
2023-05-01 22:00:00+00:00,34,1,2922,4217.75,4219.5,4216.25,4218.5,24,MESU3
2023-05-01 23:00:00+00:00,34,1,2922,4219.0,4219.0,4217.5,4217.5,8,MESU3
2023-05-02 00:00:00+00:00,34,1,2922,4220.5,4220.5,4215.75,4216.0,45,MESU3
2023-05-02 01:00:00+00:00,34,1,2922,4216.75,4221.75,4216.5,4218.25,39,MESU3
2023-05-02 02:00:00+00:00,34,1,2922,4219.75,4220.0,4219.5,4219.5,6,MESU3
2023-05-02 03:00:00+00:00,34,1,2922,4220.25,4222.0,4220.25,4222.0,6,MESU3
2023-05-02 04:00:00+00:00,34,1,2922,4223.0,4223.75,4221.5,4223.25,18,MESU3
2023-05-02 05:00:00+00:00,34,1,2922,4223.75,4226.25,4223.75,4224.25,15,MESU3
2023-05-02 06:00:00+00:00,34,1,2922,4223.0,4227.0,4223.0,4227.0,10,MESU3
2023-05-02 07:00:00+00:00,34,1,2922,4226.0,4230.0,4221.25,4221.25,6,MESU3
2023-05-02 08:00:00+00:00,34,1,2922,4219.75,4220.5,4217.75,4218.0,25,MESU3
2023-05-02 09:00:00+00:00,34,1,2922,4216.75,4220.0,4216.75,4220.0,12,MESU3
2023-05-02 10:00:00+00:00,34,1,2922,4217.0,4218.75,4215.0,4218.75,45,MESU3
2023-05-02 11:00:00+00:00,34,1,2922,4219.75,4221.0,4217.25,4217.5,12,MESU3
2023-05-02 12:00:00+00:00,34,1,2922,4216.5,4218.0,4215.0,4216.0,37,MESU3
2023-05-02 13:00:00+00:00,34,1,2922,4215.0,4217.0,4204.0,4204.0,118,MESU3
2023-05-02 14:00:00+00:00,34,1,2922,4207.25,4207.25,4154.75,4154.75,1041,MESU3
2023-05-02 15:00:00+00:00,34,1,2922,4155.75,4158.75,4142.5,4151.0,1054,MESU3
2023-05-02 16:00:00+00:00,34,1,2922,4150.5,4163.5,4150.0,4160.5,187,MESU3
2023-05-02 17:00:00+00:00,34,1,2922,4161.25,4176.75,4161.25,4173.75,277,MESU3
2023-05-02 18:00:00+00:00,34,1,2922,4171.5,4176.5,4164.5,4175.5,126,MESU3
2023-05-02 19:00:00+00:00,34,1,2922,4177.25,4181.0,4170.75,4175.0,318,MESU3
2023-05-02 20:00:00+00:00,34,1,2922,4174.75,4175.5,4170.25,4170.25,15,MESU3
2023-05-02 22:00:00+00:00,34,1,2922,4170.25,4172.0,4166.0,4170.0,47,MESU3
2023-05-02 23:00:00+00:00,34,1,2922,4171.0,4172.75,4171.0,4172.75,3,MESU3
2023-05-03 00:00:00+00:00,34,1,2922,4174.0,4179.75,4173.25,4178.5,14,MESU3
2023-05-03 01:00:00+00:00,34,1,2922,4178.25,4178.25,4176.5,4176.5,9,MESU3
2023-05-03 02:00:00+00:00,34,1,2922,4178.5,4180.0,4177.75,4180.0,4,MESU3
2023-05-03 03:00:00+00:00,34,1,2922,4179.75,4180.0,4178.0,4178.75,5,MESU3
2023-05-03 04:00:00+00:00,34,1,2922,4180.5,4180.75,4178.75,4179.25,8,MESU3
2023-05-03 05:00:00+00:00,34,1,2922,4179.75,4182.0,4179.25,4182.0,13,MESU3
2023-05-03 06:00:00+00:00,34,1,2922,4182.5,4183.0,4181.5,4182.0,15,MESU3
2023-05-03 07:00:00+00:00,34,1,2922,4182.75,4183.25,4178.75,4178.75,8,MESU3
2023-05-03 08:00:00+00:00,34,1,2922,4178.0,4181.75,4177.25,4178.75,34,MESU3
2023-05-03 09:00:00+00:00,34,1,2922,4180.75,4180.75,4177.75,4177.75,2,MESU3
2023-05-03 10:00:00+00:00,34,1,2922,4180.25,4183.5,4180.25,4182.5,11,MESU3
2023-05-03 11:00:00+00:00,34,1,2922,4182.75,4185.5,4182.5,4183.25,20,MESU3
2023-05-03 12:00:00+00:00,34,1,2922,4181.75,4187.0,4178.75,4179.0,45,MESU3
2023-05-03 13:00:00+00:00,34,1,2922,4177.75,4191.25,4176.0,4187.25,88,MESU3
2023-05-03 14:00:00+00:00,34,1,2922,4189.0,4190.0,4170.5,4172.75,80,MESU3
2023-05-03 15:00:00+00:00,34,1,2922,4172.0,4180.25,4168.25,4180.0,72,MESU3
2023-05-03 16:00:00+00:00,34,1,2922,4180.0,4186.25,4176.25,4186.25,157,MESU3
2023-05-03 17:00:00+00:00,34,1,2922,4187.0,4191.5,4185.0,4191.5,141,MESU3
2023-05-03 18:00:00+00:00,34,1,2922,4182.25,4202.5,4170.0,4188.25,455,MESU3
2023-05-03 19:00:00+00:00,34,1,2922,4187.75,4195.75,4142.0,4147.0,724,MESU3
2023-05-03 20:00:00+00:00,34,1,2922,4142.0,4155.5,4133.0,4137.25,144,MESU3
2023-05-03 22:00:00+00:00,34,1,2922,4130.0,4130.0,4114.5,4125.0,142,MESU3
2023-05-03 23:00:00+00:00,34,1,2922,4123.5,4129.75,4123.5,4129.75,40,MESU3
2023-05-04 00:00:00+00:00,34,1,2922,4130.0,4135.25,4129.75,4132.5,27,MESU3
2023-05-04 01:00:00+00:00,34,1,2922,4132.5,4141.0,4131.75,4141.0,82,MESU3
2023-05-04 02:00:00+00:00,34,1,2922,4141.25,4149.0,4141.25,4148.5,40,MESU3
2023-05-04 03:00:00+00:00,34,1,2922,4147.75,4150.5,4147.5,4149.25,32,MESU3
2023-05-04 04:00:00+00:00,34,1,2922,4148.25,4153.5,4146.0,4152.0,15,MESU3
2023-05-04 05:00:00+00:00,34,1,2922,4153.25,4154.25,4152.25,4152.25,11,MESU3
2023-05-04 06:00:00+00:00,34,1,2922,4152.5,4152.5,4144.5,4149.0,40,MESU3
2023-05-04 07:00:00+00:00,34,1,2922,4148.0,4152.0,4135.0,4149.5,53,MESU3
2023-05-04 08:00:00+00:00,34,1,2922,4149.25,4149.25,4140.5,4140.5,36,MESU3
2023-05-04 09:00:00+00:00,34,1,2922,4144.0,4144.0,4138.75,4138.75,24,MESU3
2023-05-04 10:00:00+00:00,34,1,2922,4137.75,4140.5,4130.5,4133.25,28,MESU3
2023-05-04 11:00:00+00:00,34,1,2922,4132.0,4134.0,4128.25,4134.0,32,MESU3
2023-05-04 12:00:00+00:00,34,1,2922,4131.25,4137.0,4124.25,4132.5,120,MESU3
2023-05-04 13:00:00+00:00,34,1,2922,4133.0,4136.0,4110.25,4118.25,410,MESU3
2023-05-04 14:00:00+00:00,34,1,2922,4117.25,4121.0,4100.0,4110.25,671,MESU3
2023-05-04 15:00:00+00:00,34,1,2922,4110.25,4126.0,4102.75,4105.5,420,MESU3
2023-05-04 16:00:00+00:00,34,1,2922,4104.75,4119.25,4098.0,4119.25,257,MESU3
2023-05-04 17:00:00+00:00,34,1,2922,4119.25,4131.75,4116.75,4121.0,249,MESU3
2023-05-04 18:00:00+00:00,34,1,2922,4122.5,4123.25,4107.5,4113.0,251,MESU3
2023-05-04 19:00:00+00:00,34,1,2922,4113.0,4123.75,4107.0,4110.75,221,MESU3
2023-05-04 20:00:00+00:00,34,1,2922,4108.75,4118.0,4108.0,4115.75,79,MESU3
2023-05-04 22:00:00+00:00,34,1,2922,4118.5,4123.5,4118.5,4123.5,40,MESU3
2023-05-04 23:00:00+00:00,34,1,2922,4125.0,4126.25,4122.75,4123.25,31,MESU3
2023-05-05 00:00:00+00:00,34,1,2922,4122.25,4129.25,4119.75,4128.0,24,MESU3
2023-05-05 01:00:00+00:00,34,1,2922,4125.0,4128.0,4125.0,4128.0,34,MESU3
2023-05-05 02:00:00+00:00,34,1,2922,4127.25,4127.5,4123.0,4126.0,12,MESU3
2023-05-05 03:00:00+00:00,34,1,2922,4126.75,4128.5,4125.5,4128.0,11,MESU3
2023-05-05 04:00:00+00:00,34,1,2922,4128.0,4128.25,4128.0,4128.25,3,MESU3
2023-05-05 05:00:00+00:00,34,1,2922,4128.0,4128.0,4125.0,4125.0,5,MESU3
2023-05-05 06:00:00+00:00,34,1,2922,4125.5,4130.0,4125.5,4130.0,14,MESU3
2023-05-05 07:00:00+00:00,34,1,2922,4130.5,4131.0,4123.25,4128.75,27,MESU3
2023-05-05 08:00:00+00:00,34,1,2922,4126.0,4132.0,4121.75,4130.75,22,MESU3
2023-05-05 09:00:00+00:00,34,1,2922,4129.75,4133.5,4129.75,4133.5,9,MESU3
2023-05-05 10:00:00+00:00,34,1,2922,4133.25,4138.75,4133.25,4137.25,51,MESU3
2023-05-05 11:00:00+00:00,34,1,2922,4136.5,4142.75,4136.5,4141.75,54,MESU3
2023-05-05 12:00:00+00:00,34,1,2922,4142.0,4149.25,4127.0,4141.0,851,MESU3
2023-05-05 13:00:00+00:00,34,1,2922,4142.0,4165.5,4142.0,4163.0,279,MESU3
2023-05-05 14:00:00+00:00,34,1,2922,4164.75,4179.0,4164.0,4173.0,336,MESU3
2023-05-05 15:00:00+00:00,34,1,2922,4173.0,4177.5,4170.25,4171.25,412,MESU3
2023-05-05 16:00:00+00:00,34,1,2922,4174.0,4174.25,4165.0,4174.0,116,MESU3
2023-05-05 17:00:00+00:00,34,1,2922,4173.5,4182.75,4173.5,4180.0,173,MESU3
2023-05-05 18:00:00+00:00,34,1,2922,4182.0,4201.75,4181.25,4196.25,430,MESU3
2023-05-05 19:00:00+00:00,34,1,2922,4196.75,4199.0,4185.0,4190.0,640,MESU3
2023-05-05 20:00:00+00:00,34,1,2922,4188.75,4189.5,4184.75,4186.0,129,MESU3
2023-05-07 22:00:00+00:00,34,1,2922,4190.0,4192.25,4186.0,4190.0,756,MESU3
2023-05-07 23:00:00+00:00,34,1,2922,4188.25,4190.0,4184.0,4184.0,21,MESU3
2023-05-08 00:00:00+00:00,34,1,2922,4182.25,4184.75,4181.0,4183.75,48,MESU3
2023-05-08 01:00:00+00:00,34,1,2922,4182.75,4186.0,4181.25,4184.25,15,MESU3
2023-05-08 02:00:00+00:00,34,1,2922,4185.0,4188.5,4184.25,4188.0,7,MESU3
2023-05-08 03:00:00+00:00,34,1,2922,4188.5,4190.25,4184.75,4184.75,45,MESU3
2023-05-08 04:00:00+00:00,34,1,2922,4185.0,4185.0,4183.5,4183.5,10,MESU3
2023-05-08 05:00:00+00:00,34,1,2922,4184.5,4186.75,4184.5,4184.5,23,MESU3
2023-05-08 06:00:00+00:00,34,1,2922,4186.0,4187.5,4186.0,4187.5,11,MESU3
2023-05-08 07:00:00+00:00,34,1,2922,4187.25,4194.0,4187.25,4190.0,72,MESU3
2023-05-08 08:00:00+00:00,34,1,2922,4190.0,4191.0,4187.75,4187.75,700,MESU3
2023-05-08 09:00:00+00:00,34,1,2922,4187.75,4191.5,4187.75,4191.25,40,MESU3
2023-05-08 10:00:00+00:00,34,1,2922,4193.0,4195.0,4192.25,4193.5,20,MESU3
2023-05-08 11:00:00+00:00,34,1,2922,4195.25,4197.0,4194.5,4195.75,36,MESU3
2023-05-08 12:00:00+00:00,34,1,2922,4195.25,4198.0,4193.75,4195.5,743,MESU3
2023-05-08 13:00:00+00:00,34,1,2922,4193.75,4194.0,4182.0,4184.75,129,MESU3
2023-05-08 14:00:00+00:00,34,1,2922,4185.75,4188.5,4179.25,4186.75,1403,MESU3
2023-05-08 15:00:00+00:00,34,1,2922,4188.5,4191.0,4182.25,4190.25,1096,MESU3
2023-05-08 16:00:00+00:00,34,1,2922,4190.0,4190.75,4183.5,4185.75,300,MESU3
2023-05-08 17:00:00+00:00,34,1,2922,4185.75,4191.5,4184.0,4190.75,50,MESU3
2023-05-08 18:00:00+00:00,34,1,2922,4192.0,4195.75,4175.75,4194.0,972,MESU3
2023-05-08 19:00:00+00:00,34,1,2922,4193.0,4193.75,4187.5,4189.75,111,MESU3
2023-05-08 20:00:00+00:00,34,1,2922,4190.0,4191.75,4188.75,4191.75,515,MESU3
2023-05-08 22:00:00+00:00,34,1,2922,4191.75,4191.75,4186.75,4188.0,107,MESU3
2023-05-08 23:00:00+00:00,34,1,2922,4187.75,4188.75,4187.25,4187.75,11,MESU3
2023-05-09 00:00:00+00:00,34,1,2922,4187.25,4187.25,4186.0,4187.0,12,MESU3
2023-05-09 01:00:00+00:00,34,1,2922,4187.5,4189.5,4187.0,4188.25,12,MESU3
2023-05-09 02:00:00+00:00,34,1,2922,4188.75,4189.0,4188.75,4189.0,2,MESU3
2023-05-09 03:00:00+00:00,34,1,2922,4189.0,4189.25,4186.75,4188.25,26,MESU3
2023-05-09 04:00:00+00:00,34,1,2922,4190.0,4190.0,4190.0,4190.0,1,MESU3
2023-05-09 05:00:00+00:00,34,1,2922,4188.5,4190.5,4188.5,4189.0,4,MESU3
2023-05-09 06:00:00+00:00,34,1,2922,4186.5,4186.5,4185.25,4185.25,18,MESU3
2023-05-09 07:00:00+00:00,34,1,2922,4182.75,4184.75,4181.5,4182.0,7,MESU3
2023-05-09 08:00:00+00:00,34,1,2922,4181.5,4181.5,4174.0,4175.0,40,MESU3
2023-05-09 09:00:00+00:00,34,1,2922,4176.5,4176.5,4173.5,4173.5,22,MESU3
2023-05-09 10:00:00+00:00,34,1,2922,4175.0,4176.75,4174.25,4175.0,11,MESU3
2023-05-09 11:00:00+00:00,34,1,2922,4174.5,4175.75,4171.75,4175.5,43,MESU3
2023-05-09 12:00:00+00:00,34,1,2922,4175.0,4178.0,4173.5,4174.0,52,MESU3
2023-05-09 13:00:00+00:00,34,1,2922,4173.5,4178.75,4168.75,4178.75,239,MESU3
2023-05-09 14:00:00+00:00,34,1,2922,4180.0,4180.5,4170.75,4177.25,106,MESU3
2023-05-09 15:00:00+00:00,34,1,2922,4177.5,4178.5,4172.25,4172.5,104,MESU3
2023-05-09 16:00:00+00:00,34,1,2922,4172.0,4176.0,4170.75,4175.75,89,MESU3
2023-05-09 17:00:00+00:00,34,1,2922,4175.75,4182.75,4175.0,4181.25,139,MESU3
2023-05-09 18:00:00+00:00,34,1,2922,4181.0,4183.0,4174.0,4177.75,52,MESU3
2023-05-09 19:00:00+00:00,34,1,2922,4176.75,4180.25,4170.5,4172.0,65,MESU3
2023-05-09 20:00:00+00:00,34,1,2922,4172.75,4177.0,4172.25,4174.75,50,MESU3
2023-05-09 22:00:00+00:00,34,1,2922,4171.0,4175.25,4171.0,4175.25,16,MESU3
2023-05-09 23:00:00+00:00,34,1,2922,4174.25,4180.0,4173.5,4175.5,607,MESU3
2023-05-10 00:00:00+00:00,34,1,2922,4177.0,4179.25,4177.0,4177.75,15,MESU3
2023-05-10 01:00:00+00:00,34,1,2922,4178.0,4178.0,4175.75,4175.75,4,MESU3
2023-05-10 02:00:00+00:00,34,1,2922,4176.75,4177.0,4176.0,4176.75,6,MESU3
2023-05-10 03:00:00+00:00,34,1,2922,4176.75,4176.75,4175.5,4175.5,4,MESU3
2023-05-10 04:00:00+00:00,34,1,2922,4175.75,4176.0,4174.25,4176.0,8,MESU3
2023-05-10 05:00:00+00:00,34,1,2922,4176.0,4176.0,4172.0,4173.75,602,MESU3
2023-05-10 06:00:00+00:00,34,1,2922,4176.0,4178.75,4176.0,4178.75,612,MESU3
2023-05-10 07:00:00+00:00,34,1,2922,4179.5,4180.5,4164.0,4164.5,57,MESU3
2023-05-10 08:00:00+00:00,34,1,2922,4162.5,4168.0,4158.75,4167.25,34,MESU3
2023-05-10 09:00:00+00:00,34,1,2922,4165.75,4168.25,4165.75,4166.0,6,MESU3
2023-05-10 10:00:00+00:00,34,1,2922,4165.25,4166.5,4164.5,4166.0,36,MESU3
2023-05-10 11:00:00+00:00,34,1,2922,4165.25,4169.0,4165.25,4167.0,33,MESU3
2023-05-10 12:00:00+00:00,34,1,2922,4166.0,4206.75,4165.5,4204.25,574,MESU3
2023-05-10 13:00:00+00:00,34,1,2922,4204.5,4210.5,4176.75,4185.5,1262,MESU3
2023-05-10 14:00:00+00:00,34,1,2922,4187.0,4198.25,4163.0,4170.5,674,MESU3
2023-05-10 15:00:00+00:00,34,1,2922,4173.0,4185.75,4170.5,4177.75,307,MESU3
2023-05-10 16:00:00+00:00,34,1,2922,4177.0,4177.0,4165.5,4167.75,184,MESU3
2023-05-10 17:00:00+00:00,34,1,2922,4167.0,4168.25,4149.25,4163.5,399,MESU3
2023-05-10 18:00:00+00:00,34,1,2922,4163.5,4183.5,4163.5,4180.75,258,MESU3
2023-05-10 19:00:00+00:00,34,1,2922,4180.75,4199.75,4179.5,4191.0,363,MESU3
2023-05-10 20:00:00+00:00,34,1,2922,4191.0,4195.0,4190.5,4190.5,65,MESU3
2023-05-10 22:00:00+00:00,34,1,2922,4190.5,4193.0,4189.75,4193.0,17,MESU3
2023-05-10 23:00:00+00:00,34,1,2922,4192.0,4196.5,4191.5,4195.75,27,MESU3
2023-05-11 00:00:00+00:00,34,1,2922,4196.0,4201.25,4195.25,4199.0,64,MESU3
2023-05-11 01:00:00+00:00,34,1,2922,4199.75,4201.5,4197.5,4198.75,50,MESU3
2023-05-11 02:00:00+00:00,34,1,2922,4196.75,4199.0,4196.25,4197.5,15,MESU3
2023-05-11 03:00:00+00:00,34,1,2922,4197.75,4199.75,4197.75,4198.75,9,MESU3
2023-05-11 04:00:00+00:00,34,1,2922,4199.25,4200.5,4199.25,4200.5,11,MESU3
2023-05-11 05:00:00+00:00,34,1,2922,4198.75,4200.5,4196.75,4198.75,579,MESU3
2023-05-11 06:00:00+00:00,34,1,2922,4199.25,4200.0,4194.5,4195.25,238,MESU3
2023-05-11 07:00:00+00:00,34,1,2922,4195.75,4205.5,4195.75,4202.0,41,MESU3
2023-05-11 08:00:00+00:00,34,1,2922,4202.75,4205.5,4199.75,4201.75,48,MESU3
2023-05-11 09:00:00+00:00,34,1,2922,4199.25,4205.25,4198.0,4201.0,54,MESU3
2023-05-11 10:00:00+00:00,34,1,2922,4201.75,4201.75,4197.0,4197.0,14,MESU3
2023-05-11 11:00:00+00:00,34,1,2922,4196.5,4199.75,4182.0,4185.0,911,MESU3
2023-05-11 12:00:00+00:00,34,1,2922,4185.0,4200.0,4183.5,4184.0,129,MESU3
2023-05-11 13:00:00+00:00,34,1,2922,4183.0,4183.0,4161.0,4162.0,513,MESU3
2023-05-11 14:00:00+00:00,34,1,2922,4162.75,4173.25,4159.0,4172.0,418,MESU3
2023-05-11 15:00:00+00:00,34,1,2922,4172.75,4179.75,4169.75,4177.75,297,MESU3
2023-05-11 16:00:00+00:00,34,1,2922,4179.25,4182.75,4171.75,4178.5,534,MESU3
2023-05-11 17:00:00+00:00,34,1,2922,4179.75,4179.75,4162.25,4171.5,315,MESU3
2023-05-11 18:00:00+00:00,34,1,2922,4173.0,4184.5,4169.5,4182.0,219,MESU3
2023-05-11 19:00:00+00:00,34,1,2922,4182.75,4183.0,4174.5,4183.0,125,MESU3
2023-05-11 20:00:00+00:00,34,1,2922,4181.0,4183.5,4178.0,4182.75,133,MESU3
2023-05-11 22:00:00+00:00,34,1,2922,4177.75,4186.25,4177.75,4186.25,23,MESU3
2023-05-11 23:00:00+00:00,34,1,2922,4185.5,4185.5,4185.0,4185.25,10,MESU3
2023-05-12 00:00:00+00:00,34,1,2922,4182.75,4189.5,4182.75,4187.5,43,MESU3
2023-05-12 01:00:00+00:00,34,1,2922,4189.5,4192.0,4189.5,4191.0,40,MESU3
2023-05-12 02:00:00+00:00,34,1,2922,4190.0,4190.0,4186.0,4188.0,13,MESU3
2023-05-12 03:00:00+00:00,34,1,2922,4187.75,4188.0,4185.25,4187.5,19,MESU3
2023-05-12 04:00:00+00:00,34,1,2922,4187.5,4190.25,4187.5,4190.25,15,MESU3
2023-05-12 05:00:00+00:00,34,1,2922,4190.0,4190.25,4189.0,4189.0,10,MESU3
2023-05-12 06:00:00+00:00,34,1,2922,4188.0,4190.0,4187.0,4190.0,23,MESU3
2023-05-12 07:00:00+00:00,34,1,2922,4191.5,4195.0,4191.5,4192.5,17,MESU3
2023-05-12 08:00:00+00:00,34,1,2922,4190.25,4199.0,4190.25,4198.75,36,MESU3
2023-05-12 09:00:00+00:00,34,1,2922,4198.75,4202.5,4198.0,4199.25,312,MESU3
2023-05-12 10:00:00+00:00,34,1,2922,4195.5,4199.0,4195.25,4198.25,31,MESU3
2023-05-12 11:00:00+00:00,34,1,2922,4199.25,4199.25,4194.0,4194.0,18,MESU3
2023-05-12 12:00:00+00:00,34,1,2922,4193.75,4196.0,4192.25,4195.0,39,MESU3
2023-05-12 13:00:00+00:00,34,1,2922,4194.0,4196.5,4185.0,4187.0,137,MESU3
2023-05-12 14:00:00+00:00,34,1,2922,4186.25,4188.25,4171.5,4173.5,336,MESU3
2023-05-12 15:00:00+00:00,34,1,2922,4176.25,4179.0,4165.5,4174.25,298,MESU3
2023-05-12 16:00:00+00:00,34,1,2922,4175.0,4175.5,4153.5,4155.0,394,MESU3
2023-05-12 17:00:00+00:00,34,1,2922,4154.5,4165.5,4151.25,4152.25,360,MESU3
2023-05-12 18:00:00+00:00,34,1,2922,4151.25,4159.5,4149.75,4157.75,334,MESU3
2023-05-12 19:00:00+00:00,34,1,2922,4155.5,4176.0,4155.5,4175.75,279,MESU3
2023-05-12 20:00:00+00:00,34,1,2922,4176.0,4176.0,4168.0,4169.75,46,MESU3
2023-05-14 22:00:00+00:00,34,1,2922,4168.0,4170.0,4167.0,4167.0,86,MESU3
2023-05-14 23:00:00+00:00,34,1,2922,4166.75,4170.0,4166.5,4168.75,19,MESU3
2023-05-15 00:00:00+00:00,34,1,2922,4168.25,4168.25,4164.75,4165.25,13,MESU3
2023-05-15 01:00:00+00:00,34,1,2922,4168.75,4173.75,4168.75,4173.75,39,MESU3
2023-05-15 02:00:00+00:00,34,1,2922,4173.0,4173.5,4173.0,4173.5,8,MESU3
2023-05-15 03:00:00+00:00,34,1,2922,4174.25,4175.0,4174.25,4175.0,12,MESU3
2023-05-15 04:00:00+00:00,34,1,2922,4175.0,4178.0,4175.0,4177.75,20,MESU3
2023-05-15 05:00:00+00:00,34,1,2922,4177.75,4183.75,4177.0,4183.5,78,MESU3
2023-05-15 06:00:00+00:00,34,1,2922,4183.0,4188.5,4182.5,4188.5,48,MESU3
2023-05-15 07:00:00+00:00,34,1,2922,4189.0,4192.0,4187.5,4191.0,89,MESU3
2023-05-15 08:00:00+00:00,34,1,2922,4190.75,4194.0,4187.75,4188.0,77,MESU3
2023-05-15 09:00:00+00:00,34,1,2922,4190.0,4190.5,4188.5,4188.75,33,MESU3
2023-05-15 10:00:00+00:00,34,1,2922,4189.5,4192.25,4187.75,4192.25,108,MESU3
2023-05-15 11:00:00+00:00,34,1,2922,4192.25,4193.25,4190.0,4190.0,81,MESU3
2023-05-15 12:00:00+00:00,34,1,2922,4190.5,4192.75,4182.5,4182.75,96,MESU3
2023-05-15 13:00:00+00:00,34,1,2922,4182.25,4183.75,4166.5,4167.5,373,MESU3
2023-05-15 14:00:00+00:00,34,1,2922,4167.5,4178.5,4161.25,4173.25,518,MESU3
2023-05-15 15:00:00+00:00,34,1,2922,4174.0,4181.0,4174.0,4179.25,229,MESU3
2023-05-15 16:00:00+00:00,34,1,2922,4178.25,4187.0,4176.0,4187.0,191,MESU3
2023-05-15 17:00:00+00:00,34,1,2922,4187.0,4193.5,4175.0,4181.75,561,MESU3
2023-05-15 18:00:00+00:00,34,1,2922,4183.25,4187.25,4180.5,4183.75,249,MESU3
2023-05-15 19:00:00+00:00,34,1,2922,4183.25,4190.0,4183.25,4190.0,145,MESU3
2023-05-15 20:00:00+00:00,34,1,2922,4189.0,4189.25,4186.5,4187.25,32,MESU3
2023-05-15 22:00:00+00:00,34,1,2922,4183.0,4186.0,4183.0,4186.0,11,MESU3
2023-05-15 23:00:00+00:00,34,1,2922,4185.5,4185.5,4184.0,4184.0,8,MESU3
2023-05-16 00:00:00+00:00,34,1,2922,4184.0,4184.0,4184.0,4184.0,2,MESU3
2023-05-16 01:00:00+00:00,34,1,2922,4183.5,4183.5,4180.5,4182.0,20,MESU3
2023-05-16 02:00:00+00:00,34,1,2922,4181.5,4182.25,4180.0,4181.5,12,MESU3
2023-05-16 03:00:00+00:00,34,1,2922,4182.0,4183.0,4181.25,4181.25,11,MESU3
2023-05-16 04:00:00+00:00,34,1,2922,4180.0,4181.25,4179.75,4179.75,5,MESU3
2023-05-16 05:00:00+00:00,34,1,2922,4179.25,4179.25,4177.5,4178.75,63,MESU3
2023-05-16 06:00:00+00:00,34,1,2922,4178.25,4178.25,4175.0,4178.25,23,MESU3
2023-05-16 07:00:00+00:00,34,1,2922,4177.25,4189.0,4174.25,4187.75,58,MESU3
2023-05-16 08:00:00+00:00,34,1,2922,4186.25,4187.5,4184.5,4184.5,13,MESU3
2023-05-16 09:00:00+00:00,34,1,2922,4186.5,4186.5,4183.0,4185.0,8,MESU3
2023-05-16 10:00:00+00:00,34,1,2922,4182.25,4185.0,4178.75,4185.0,20,MESU3
2023-05-16 11:00:00+00:00,34,1,2922,4186.0,4186.25,4181.0,4181.75,19,MESU3
2023-05-16 12:00:00+00:00,34,1,2922,4182.5,4186.0,4176.25,4177.75,54,MESU3
2023-05-16 13:00:00+00:00,34,1,2922,4176.25,4186.75,4171.75,4173.5,435,MESU3
2023-05-16 14:00:00+00:00,34,1,2922,4174.5,4178.75,4165.0,4173.0,374,MESU3
2023-05-16 15:00:00+00:00,34,1,2922,4173.5,4179.5,4169.0,4178.25,187,MESU3
2023-05-16 16:00:00+00:00,34,1,2922,4177.75,4181.5,4174.75,4178.25,203,MESU3
2023-05-16 17:00:00+00:00,34,1,2922,4179.25,4179.5,4172.25,4178.0,155,MESU3
2023-05-16 18:00:00+00:00,34,1,2922,4177.5,4178.25,4170.0,4175.25,179,MESU3
2023-05-16 19:00:00+00:00,34,1,2922,4176.5,4177.0,4161.0,4161.5,278,MESU3
2023-05-16 20:00:00+00:00,34,1,2922,4160.75,4169.75,4158.25,4164.25,98,MESU3
2023-05-16 22:00:00+00:00,34,1,2922,4168.0,4168.0,4163.0,4164.5,38,MESU3
2023-05-16 23:00:00+00:00,34,1,2922,4165.5,4167.25,4165.5,4166.0,7,MESU3
2023-05-17 00:00:00+00:00,34,1,2922,4168.0,4168.0,4165.0,4167.0,12,MESU3
2023-05-17 01:00:00+00:00,34,1,2922,4168.75,4170.25,4168.0,4170.0,32,MESU3
2023-05-17 02:00:00+00:00,34,1,2922,4169.75,4171.0,4169.75,4171.0,42,MESU3
2023-05-17 03:00:00+00:00,34,1,2922,4171.5,4171.5,4170.0,4170.0,4,MESU3
2023-05-17 04:00:00+00:00,34,1,2922,4168.0,4170.25,4168.0,4170.25,4,MESU3
2023-05-17 05:00:00+00:00,34,1,2922,4171.25,4171.25,4166.0,4167.5,18,MESU3
2023-05-17 06:00:00+00:00,34,1,2922,4164.75,4166.0,4164.0,4166.0,13,MESU3
2023-05-17 07:00:00+00:00,34,1,2922,4166.25,4169.75,4160.5,4165.75,55,MESU3
2023-05-17 08:00:00+00:00,34,1,2922,4165.5,4172.5,4165.5,4172.0,47,MESU3
2023-05-17 09:00:00+00:00,34,1,2922,4171.5,4174.0,4170.25,4174.0,9,MESU3
2023-05-17 10:00:00+00:00,34,1,2922,4173.25,4174.5,4170.25,4174.5,28,MESU3
2023-05-17 11:00:00+00:00,34,1,2922,4174.75,4178.0,4174.75,4175.0,65,MESU3
2023-05-17 12:00:00+00:00,34,1,2922,4176.5,4179.0,4172.75,4179.0,66,MESU3
2023-05-17 13:00:00+00:00,34,1,2922,4180.0,4182.0,4164.5,4165.5,496,MESU3
2023-05-17 14:00:00+00:00,34,1,2922,4166.75,4177.75,4165.5,4177.0,327,MESU3
2023-05-17 15:00:00+00:00,34,1,2922,4177.5,4186.25,4170.25,4183.75,412,MESU3
2023-05-17 16:00:00+00:00,34,1,2922,4184.5,4205.25,4182.5,4203.5,613,MESU3
2023-05-17 17:00:00+00:00,34,1,2922,4204.0,4217.75,4204.0,4216.75,815,MESU3
2023-05-17 18:00:00+00:00,34,1,2922,4217.25,4217.25,4204.25,4205.0,252,MESU3
2023-05-17 19:00:00+00:00,34,1,2922,4205.0,4214.25,4204.0,4208.25,287,MESU3
2023-05-17 20:00:00+00:00,34,1,2922,4209.0,4211.5,4206.75,4206.75,54,MESU3
2023-05-17 22:00:00+00:00,34,1,2922,4206.0,4208.5,4206.0,4207.75,5,MESU3
2023-05-17 23:00:00+00:00,34,1,2922,4207.25,4208.0,4206.75,4208.0,28,MESU3
2023-05-18 00:00:00+00:00,34,1,2922,4208.0,4210.75,4207.5,4207.75,17,MESU3
2023-05-18 01:00:00+00:00,34,1,2922,4206.0,4207.75,4204.75,4205.75,75,MESU3
2023-05-18 02:00:00+00:00,34,1,2922,4206.0,4209.0,4206.0,4208.75,5,MESU3
2023-05-18 03:00:00+00:00,34,1,2922,4208.5,4209.25,4208.0,4208.0,5,MESU3
2023-05-18 04:00:00+00:00,34,1,2922,4207.5,4209.75,4207.5,4209.5,18,MESU3
2023-05-18 05:00:00+00:00,34,1,2922,4207.5,4209.5,4206.25,4206.75,28,MESU3
2023-05-18 06:00:00+00:00,34,1,2922,4206.0,4206.0,4205.25,4205.25,5,MESU3
2023-05-18 07:00:00+00:00,34,1,2922,4209.0,4215.0,4208.75,4214.75,40,MESU3
2023-05-18 08:00:00+00:00,34,1,2922,4216.0,4220.75,4215.75,4217.5,100,MESU3
2023-05-18 09:00:00+00:00,34,1,2922,4215.75,4218.0,4214.0,4218.0,22,MESU3
2023-05-18 10:00:00+00:00,34,1,2922,4217.75,4222.0,4217.75,4219.5,49,MESU3
2023-05-18 11:00:00+00:00,34,1,2922,4220.5,4222.75,4218.5,4219.0,33,MESU3
2023-05-18 12:00:00+00:00,34,1,2922,4218.0,4218.0,4204.0,4204.0,119,MESU3
2023-05-18 13:00:00+00:00,34,1,2922,4203.0,4212.25,4200.75,4205.0,321,MESU3
2023-05-18 14:00:00+00:00,34,1,2922,4211.0,4233.5,4207.0,4230.75,741,MESU3
2023-05-18 15:00:00+00:00,34,1,2922,4231.0,4239.0,4226.25,4229.0,562,MESU3
2023-05-18 16:00:00+00:00,34,1,2922,4228.75,4229.25,4215.25,4220.25,678,MESU3
2023-05-18 17:00:00+00:00,34,1,2922,4221.0,4230.0,4212.5,4214.25,403,MESU3
2023-05-18 18:00:00+00:00,34,1,2922,4215.0,4229.75,4213.25,4229.25,194,MESU3
2023-05-18 19:00:00+00:00,34,1,2922,4229.75,4255.5,4226.75,4251.25,818,MESU3
2023-05-18 20:00:00+00:00,34,1,2922,4248.5,4257.0,4248.5,4252.75,155,MESU3
2023-05-18 22:00:00+00:00,34,1,2922,4253.0,4265.0,4247.0,4261.25,271,MESU3
2023-05-18 23:00:00+00:00,34,1,2922,4260.0,4260.5,4257.5,4257.5,51,MESU3
2023-05-19 00:00:00+00:00,34,1,2922,4258.0,4259.75,4256.25,4256.75,58,MESU3
2023-05-19 01:00:00+00:00,34,1,2922,4258.0,4258.0,4253.0,4256.5,37,MESU3
2023-05-19 02:00:00+00:00,34,1,2922,4255.5,4261.25,4255.0,4260.25,30,MESU3
2023-05-19 03:00:00+00:00,34,1,2922,4260.75,4261.75,4258.0,4258.25,95,MESU3
2023-05-19 04:00:00+00:00,34,1,2922,4258.75,4259.0,4256.0,4258.25,20,MESU3
2023-05-19 05:00:00+00:00,34,1,2922,4257.25,4258.0,4256.0,4256.25,24,MESU3
2023-05-19 06:00:00+00:00,34,1,2922,4255.0,4260.0,4254.0,4255.0,58,MESU3
2023-05-19 07:00:00+00:00,34,1,2922,4254.0,4255.75,4252.0,4255.25,45,MESU3
2023-05-19 08:00:00+00:00,34,1,2922,4256.75,4261.75,4254.25,4259.75,63,MESU3
2023-05-19 09:00:00+00:00,34,1,2922,4260.5,4260.5,4256.25,4258.5,34,MESU3
2023-05-19 10:00:00+00:00,34,1,2922,4257.75,4257.75,4254.5,4255.0,28,MESU3
2023-05-19 11:00:00+00:00,34,1,2922,4257.75,4265.0,4257.75,4261.0,72,MESU3
2023-05-19 12:00:00+00:00,34,1,2922,4263.0,4267.5,4258.5,4266.5,89,MESU3
2023-05-19 13:00:00+00:00,34,1,2922,4266.25,4266.25,4256.5,4264.25,399,MESU3
2023-05-19 14:00:00+00:00,34,1,2922,4261.25,4265.75,4257.75,4261.5,239,MESU3
2023-05-19 15:00:00+00:00,34,1,2922,4262.0,4264.0,4231.25,4243.25,696,MESU3
2023-05-19 16:00:00+00:00,34,1,2922,4242.0,4247.0,4233.0,4244.25,421,MESU3
2023-05-19 17:00:00+00:00,34,1,2922,4245.0,4248.5,4238.0,4238.0,205,MESU3
2023-05-19 18:00:00+00:00,34,1,2922,4237.75,4244.75,4233.0,4244.75,289,MESU3
2023-05-19 19:00:00+00:00,34,1,2922,4245.0,4248.5,4239.0,4244.5,205,MESU3
2023-05-19 20:00:00+00:00,34,1,2922,4245.75,4245.75,4235.5,4238.5,91,MESU3
2023-05-21 22:00:00+00:00,34,1,2922,4229.75,4235.75,4227.0,4235.75,81,MESU3
2023-05-21 23:00:00+00:00,34,1,2922,4237.0,4239.0,4237.0,4239.0,40,MESU3
2023-05-22 00:00:00+00:00,34,1,2922,4239.25,4242.75,4239.0,4241.75,59,MESU3
2023-05-22 01:00:00+00:00,34,1,2922,4242.25,4242.5,4238.0,4240.25,49,MESU3
2023-05-22 02:00:00+00:00,34,1,2922,4238.75,4240.75,4238.75,4240.0,34,MESU3
2023-05-22 03:00:00+00:00,34,1,2922,4241.0,4243.5,4239.5,4242.25,23,MESU3
2023-05-22 04:00:00+00:00,34,1,2922,4244.0,4245.0,4243.5,4245.0,60,MESU3
2023-05-22 05:00:00+00:00,34,1,2922,4244.0,4244.5,4242.25,4242.5,27,MESU3
2023-05-22 06:00:00+00:00,34,1,2922,4241.25,4243.0,4239.0,4240.0,11,MESU3
2023-05-22 07:00:00+00:00,34,1,2922,4237.75,4243.25,4237.75,4243.0,25,MESU3
2023-05-22 08:00:00+00:00,34,1,2922,4242.0,4245.25,4240.75,4244.75,20,MESU3
2023-05-22 09:00:00+00:00,34,1,2922,4245.5,4245.5,4242.75,4242.75,10,MESU3
2023-05-22 10:00:00+00:00,34,1,2922,4241.25,4244.75,4240.0,4240.0,21,MESU3
2023-05-22 11:00:00+00:00,34,1,2922,4240.75,4246.75,4239.5,4246.75,29,MESU3
2023-05-22 12:00:00+00:00,34,1,2922,4246.5,4250.0,4245.75,4247.0,100,MESU3
2023-05-22 13:00:00+00:00,34,1,2922,4247.0,4262.0,4244.25,4249.25,325,MESU3
2023-05-22 14:00:00+00:00,34,1,2922,4249.0,4251.0,4231.5,4245.75,492,MESU3
2023-05-22 15:00:00+00:00,34,1,2922,4246.25,4254.0,4245.0,4251.25,158,MESU3
2023-05-22 16:00:00+00:00,34,1,2922,4252.5,4252.75,4246.0,4249.5,70,MESU3
2023-05-22 17:00:00+00:00,34,1,2922,4250.5,4253.0,4241.75,4250.25,284,MESU3
2023-05-22 18:00:00+00:00,34,1,2922,4249.75,4260.75,4249.25,4256.5,221,MESU3
2023-05-22 19:00:00+00:00,34,1,2922,4255.75,4256.75,4242.5,4245.5,217,MESU3
2023-05-22 20:00:00+00:00,34,1,2922,4246.25,4248.75,4246.25,4248.75,68,MESU3
2023-05-22 22:00:00+00:00,34,1,2922,4250.0,4251.5,4248.5,4249.0,11,MESU3
2023-05-22 23:00:00+00:00,34,1,2922,4249.0,4258.0,4249.0,4257.75,58,MESU3
2023-05-23 00:00:00+00:00,34,1,2922,4258.0,4258.75,4256.75,4257.25,26,MESU3
2023-05-23 01:00:00+00:00,34,1,2922,4257.0,4262.5,4256.75,4258.5,37,MESU3
2023-05-23 02:00:00+00:00,34,1,2922,4258.75,4258.75,4256.25,4256.25,31,MESU3
2023-05-23 03:00:00+00:00,34,1,2922,4256.25,4256.25,4251.25,4254.0,15,MESU3
2023-05-23 04:00:00+00:00,34,1,2922,4252.0,4253.25,4250.0,4251.0,25,MESU3
2023-05-23 05:00:00+00:00,34,1,2922,4251.0,4252.0,4250.75,4250.75,5,MESU3
2023-05-23 06:00:00+00:00,34,1,2922,4251.5,4251.5,4248.0,4248.75,30,MESU3
2023-05-23 07:00:00+00:00,34,1,2922,4246.75,4246.75,4241.25,4242.5,69,MESU3
2023-05-23 08:00:00+00:00,34,1,2922,4242.5,4243.5,4242.0,4243.25,7,MESU3
2023-05-23 09:00:00+00:00,34,1,2922,4241.5,4242.75,4239.75,4239.75,10,MESU3
2023-05-23 10:00:00+00:00,34,1,2922,4239.0,4245.0,4238.75,4242.25,23,MESU3
2023-05-23 11:00:00+00:00,34,1,2922,4243.0,4243.0,4232.5,4233.5,84,MESU3
2023-05-23 12:00:00+00:00,34,1,2922,4233.0,4237.25,4232.0,4233.5,63,MESU3
2023-05-23 13:00:00+00:00,34,1,2922,4233.5,4238.0,4226.0,4230.75,326,MESU3
2023-05-23 14:00:00+00:00,34,1,2922,4238.0,4238.75,4227.25,4232.25,135,MESU3
2023-05-23 15:00:00+00:00,34,1,2922,4231.5,4237.25,4231.5,4233.5,134,MESU3
2023-05-23 16:00:00+00:00,34,1,2922,4235.25,4235.5,4216.0,4220.25,450,MESU3
2023-05-23 17:00:00+00:00,34,1,2922,4221.0,4226.75,4209.0,4214.0,452,MESU3
2023-05-23 18:00:00+00:00,34,1,2922,4213.75,4219.0,4193.75,4204.25,791,MESU3
2023-05-23 19:00:00+00:00,34,1,2922,4205.0,4207.0,4195.5,4197.75,330,MESU3
2023-05-23 20:00:00+00:00,34,1,2922,4202.5,4202.5,4195.25,4200.75,83,MESU3
2023-05-23 22:00:00+00:00,34,1,2922,4203.75,4204.0,4201.25,4203.5,31,MESU3
2023-05-23 23:00:00+00:00,34,1,2922,4203.25,4204.25,4203.0,4204.25,23,MESU3
2023-05-24 00:00:00+00:00,34,1,2922,4204.0,4205.75,4203.0,4204.75,33,MESU3
2023-05-24 01:00:00+00:00,34,1,2922,4204.25,4204.25,4201.5,4203.0,23,MESU3
2023-05-24 02:00:00+00:00,34,1,2922,4200.75,4202.75,4200.0,4202.0,13,MESU3
2023-05-24 03:00:00+00:00,34,1,2922,4202.25,4203.0,4201.0,4203.0,22,MESU3
2023-05-24 04:00:00+00:00,34,1,2922,4204.0,4205.0,4203.25,4205.0,34,MESU3
2023-05-24 05:00:00+00:00,34,1,2922,4205.75,4205.75,4197.5,4199.75,36,MESU3
2023-05-24 06:00:00+00:00,34,1,2922,4197.25,4198.0,4194.5,4197.5,61,MESU3
2023-05-24 07:00:00+00:00,34,1,2922,4194.25,4196.0,4183.25,4186.0,160,MESU3
2023-05-24 08:00:00+00:00,34,1,2922,4186.75,4197.0,4186.75,4197.0,100,MESU3
2023-05-24 09:00:00+00:00,34,1,2922,4196.5,4197.5,4189.75,4190.75,51,MESU3
2023-05-24 10:00:00+00:00,34,1,2922,4189.5,4191.75,4181.25,4184.0,85,MESU3
2023-05-24 11:00:00+00:00,34,1,2922,4185.0,4186.0,4179.0,4180.75,64,MESU3
2023-05-24 12:00:00+00:00,34,1,2922,4181.75,4187.0,4178.25,4178.25,146,MESU3
2023-05-24 13:00:00+00:00,34,1,2922,4178.75,4181.25,4165.5,4168.25,479,MESU3
2023-05-24 14:00:00+00:00,34,1,2922,4166.75,4169.5,4158.5,4160.0,650,MESU3
2023-05-24 15:00:00+00:00,34,1,2922,4160.75,4174.25,4157.5,4159.5,664,MESU3
2023-05-24 16:00:00+00:00,34,1,2922,4160.0,4165.0,4154.0,4161.75,354,MESU3
2023-05-24 17:00:00+00:00,34,1,2922,4161.5,4170.5,4156.0,4164.75,319,MESU3
2023-05-24 18:00:00+00:00,34,1,2922,4168.0,4170.0,4156.75,4159.5,338,MESU3
2023-05-24 19:00:00+00:00,34,1,2922,4159.75,4184.75,4156.5,4166.0,672,MESU3
2023-05-24 20:00:00+00:00,34,1,2922,4167.25,4193.0,4164.5,4188.25,298,MESU3
2023-05-24 22:00:00+00:00,34,1,2922,4190.5,4198.0,4172.5,4182.75,283,MESU3
2023-05-24 23:00:00+00:00,34,1,2922,4182.75,4188.5,4182.0,4185.75,28,MESU3
2023-05-25 00:00:00+00:00,34,1,2922,4185.0,4186.0,4183.5,4185.0,30,MESU3
2023-05-25 01:00:00+00:00,34,1,2922,4184.5,4185.75,4178.0,4179.75,27,MESU3
2023-05-25 02:00:00+00:00,34,1,2922,4179.0,4183.25,4179.0,4183.25,17,MESU3
2023-05-25 03:00:00+00:00,34,1,2922,4183.25,4183.25,4181.75,4181.75,5,MESU3
2023-05-25 04:00:00+00:00,34,1,2922,4182.75,4182.75,4180.75,4181.0,19,MESU3
2023-05-25 05:00:00+00:00,34,1,2922,4181.5,4184.0,4179.5,4184.0,16,MESU3
2023-05-25 06:00:00+00:00,34,1,2922,4182.0,4194.25,4182.0,4194.25,51,MESU3
2023-05-25 07:00:00+00:00,34,1,2922,4186.0,4188.75,4176.25,4179.25,64,MESU3
2023-05-25 08:00:00+00:00,34,1,2922,4179.0,4191.0,4179.0,4191.0,47,MESU3
2023-05-25 09:00:00+00:00,34,1,2922,4191.0,4196.0,4191.0,4194.75,46,MESU3
2023-05-25 10:00:00+00:00,34,1,2922,4196.0,4196.25,4190.0,4190.0,78,MESU3
2023-05-25 11:00:00+00:00,34,1,2922,4190.0,4193.5,4186.0,4193.5,69,MESU3
2023-05-25 12:00:00+00:00,34,1,2922,4193.5,4207.5,4191.75,4205.0,311,MESU3
2023-05-25 13:00:00+00:00,34,1,2922,4205.75,4207.75,4180.25,4185.75,513,MESU3
2023-05-25 14:00:00+00:00,34,1,2922,4186.75,4194.0,4178.25,4191.5,372,MESU3
2023-05-25 15:00:00+00:00,34,1,2922,4191.5,4200.5,4180.0,4184.5,524,MESU3
2023-05-25 16:00:00+00:00,34,1,2922,4187.0,4200.5,4187.0,4191.75,347,MESU3
2023-05-25 17:00:00+00:00,34,1,2922,4192.25,4205.75,4189.25,4204.75,331,MESU3
2023-05-25 18:00:00+00:00,34,1,2922,4205.0,4217.0,4193.5,4196.25,507,MESU3
2023-05-25 19:00:00+00:00,34,1,2922,4197.75,4211.75,4196.5,4202.0,277,MESU3
2023-05-25 20:00:00+00:00,34,1,2922,4200.25,4202.5,4198.25,4202.5,100,MESU3
2023-05-25 22:00:00+00:00,34,1,2922,4196.75,4199.0,4195.0,4196.75,43,MESU3
2023-05-25 23:00:00+00:00,34,1,2922,4196.0,4196.0,4193.0,4194.0,12,MESU3
2023-05-26 00:00:00+00:00,34,1,2922,4192.5,4194.75,4192.5,4192.5,12,MESU3
2023-05-26 01:00:00+00:00,34,1,2922,4196.0,4196.0,4187.0,4193.75,46,MESU3
2023-05-26 02:00:00+00:00,34,1,2922,4195.75,4195.75,4192.25,4192.25,25,MESU3
2023-05-26 03:00:00+00:00,34,1,2922,4193.75,4194.25,4191.25,4193.25,12,MESU3
2023-05-26 04:00:00+00:00,34,1,2922,4192.5,4193.0,4192.0,4193.0,8,MESU3
2023-05-26 05:00:00+00:00,34,1,2922,4193.0,4195.5,4192.5,4194.25,15,MESU3
2023-05-26 06:00:00+00:00,34,1,2922,4195.5,4202.5,4195.5,4201.75,39,MESU3
2023-05-26 07:00:00+00:00,34,1,2922,4200.25,4204.5,4189.0,4192.0,92,MESU3
2023-05-26 08:00:00+00:00,34,1,2922,4195.75,4199.0,4194.0,4198.0,19,MESU3
2023-05-26 09:00:00+00:00,34,1,2922,4198.5,4198.5,4192.25,4194.5,32,MESU3
2023-05-26 10:00:00+00:00,34,1,2922,4193.75,4208.0,4193.0,4207.75,122,MESU3
2023-05-26 11:00:00+00:00,34,1,2922,4208.25,4212.5,4207.0,4211.75,139,MESU3
2023-05-26 12:00:00+00:00,34,1,2922,4210.25,4212.75,4197.25,4208.25,105,MESU3
2023-05-26 13:00:00+00:00,34,1,2922,4208.0,4229.0,4206.5,4226.0,503,MESU3
2023-05-26 14:00:00+00:00,34,1,2922,4226.0,4253.75,4224.0,4250.5,1199,MESU3
2023-05-26 15:00:00+00:00,34,1,2922,4251.0,4252.75,4238.0,4246.0,425,MESU3
2023-05-26 16:00:00+00:00,34,1,2922,4246.25,4255.25,4245.75,4253.0,417,MESU3
2023-05-26 17:00:00+00:00,34,1,2922,4253.0,4256.0,4247.25,4251.0,198,MESU3
2023-05-26 18:00:00+00:00,34,1,2922,4252.5,4260.5,4246.0,4256.5,475,MESU3
2023-05-26 19:00:00+00:00,34,1,2922,4257.5,4264.0,4252.5,4255.75,456,MESU3
2023-05-26 20:00:00+00:00,34,1,2922,4257.25,4262.5,4256.25,4260.5,169,MESU3
2023-05-28 22:00:00+00:00,34,1,2922,4271.25,4281.0,4271.0,4274.0,370,MESU3
2023-05-28 23:00:00+00:00,34,1,2922,4273.0,4275.5,4273.0,4274.5,67,MESU3
2023-05-29 00:00:00+00:00,34,1,2922,4272.75,4276.25,4267.5,4268.25,65,MESU3
2023-05-29 01:00:00+00:00,34,1,2922,4268.25,4269.5,4265.0,4266.75,81,MESU3
2023-05-29 02:00:00+00:00,34,1,2922,4267.0,4269.5,4265.5,4267.75,35,MESU3
2023-05-29 03:00:00+00:00,34,1,2922,4267.5,4269.0,4265.0,4265.25,21,MESU3
2023-05-29 04:00:00+00:00,34,1,2922,4264.5,4267.75,4264.5,4267.75,11,MESU3
2023-05-29 05:00:00+00:00,34,1,2922,4266.0,4269.5,4266.0,4269.5,2,MESU3
2023-05-29 06:00:00+00:00,34,1,2922,4268.25,4274.0,4268.0,4274.0,29,MESU3
2023-05-29 07:00:00+00:00,34,1,2922,4275.0,4275.0,4270.5,4271.0,28,MESU3
2023-05-29 08:00:00+00:00,34,1,2922,4269.75,4270.25,4269.0,4269.0,11,MESU3
2023-05-29 09:00:00+00:00,34,1,2922,4269.5,4270.25,4263.5,4266.5,25,MESU3
2023-05-29 10:00:00+00:00,34,1,2922,4266.0,4270.0,4266.0,4266.5,62,MESU3
2023-05-29 11:00:00+00:00,34,1,2922,4264.0,4265.5,4263.5,4265.0,33,MESU3
2023-05-29 12:00:00+00:00,34,1,2922,4265.0,4265.0,4262.0,4264.0,45,MESU3
2023-05-29 13:00:00+00:00,34,1,2922,4264.25,4265.25,4262.5,4263.75,40,MESU3
2023-05-29 14:00:00+00:00,34,1,2922,4263.0,4267.5,4263.0,4265.75,33,MESU3
2023-05-29 15:00:00+00:00,34,1,2922,4265.75,4268.25,4265.75,4266.25,24,MESU3
2023-05-29 16:00:00+00:00,34,1,2922,4266.25,4268.5,4266.25,4268.5,24,MESU3
2023-05-29 22:00:00+00:00,34,1,2922,4268.0,4271.75,4266.75,4269.0,106,MESU3
2023-05-29 23:00:00+00:00,34,1,2922,4267.75,4269.0,4262.5,4262.5,58,MESU3
2023-05-30 00:00:00+00:00,34,1,2922,4263.75,4266.5,4263.75,4265.75,57,MESU3
2023-05-30 01:00:00+00:00,34,1,2922,4266.25,4267.5,4266.25,4267.0,10,MESU3
2023-05-30 02:00:00+00:00,34,1,2922,4266.5,4266.75,4264.0,4265.0,37,MESU3
2023-05-30 03:00:00+00:00,34,1,2922,4266.0,4266.0,4263.0,4263.75,17,MESU3
2023-05-30 04:00:00+00:00,34,1,2922,4265.25,4266.5,4265.25,4266.5,10,MESU3
2023-05-30 05:00:00+00:00,34,1,2922,4265.25,4266.75,4264.75,4266.25,12,MESU3
2023-05-30 06:00:00+00:00,34,1,2922,4268.0,4270.0,4268.0,4269.25,23,MESU3
2023-05-30 07:00:00+00:00,34,1,2922,4269.5,4272.25,4266.0,4269.75,12,MESU3
2023-05-30 08:00:00+00:00,34,1,2922,4271.0,4277.5,4270.0,4275.0,134,MESU3
2023-05-30 09:00:00+00:00,34,1,2922,4275.25,4281.0,4275.25,4278.75,148,MESU3
2023-05-30 10:00:00+00:00,34,1,2922,4279.75,4280.5,4277.0,4277.0,67,MESU3
2023-05-30 11:00:00+00:00,34,1,2922,4278.25,4283.0,4273.75,4280.0,155,MESU3
2023-05-30 12:00:00+00:00,34,1,2922,4280.5,4285.25,4277.75,4280.0,209,MESU3
2023-05-30 13:00:00+00:00,34,1,2922,4280.0,4281.5,4264.5,4269.25,512,MESU3
2023-05-30 14:00:00+00:00,34,1,2922,4267.5,4275.0,4257.0,4262.25,882,MESU3
2023-05-30 15:00:00+00:00,34,1,2922,4261.75,4266.0,4251.5,4260.25,392,MESU3
2023-05-30 16:00:00+00:00,34,1,2922,4261.25,4262.5,4249.0,4259.75,314,MESU3
2023-05-30 17:00:00+00:00,34,1,2922,4259.75,4260.0,4244.0,4244.0,335,MESU3
2023-05-30 18:00:00+00:00,34,1,2922,4244.25,4265.0,4242.25,4257.75,493,MESU3
2023-05-30 19:00:00+00:00,34,1,2922,4257.25,4260.75,4251.5,4254.25,258,MESU3
2023-05-30 20:00:00+00:00,34,1,2922,4255.0,4260.0,4255.0,4260.0,145,MESU3
2023-05-30 22:00:00+00:00,34,1,2922,4252.0,4256.75,4252.0,4255.75,28,MESU3
2023-05-30 23:00:00+00:00,34,1,2922,4256.25,4260.5,4256.25,4258.0,29,MESU3
2023-05-31 00:00:00+00:00,34,1,2922,4260.0,4260.0,4256.5,4257.5,42,MESU3
2023-05-31 01:00:00+00:00,34,1,2922,4258.5,4258.5,4254.0,4256.25,22,MESU3
2023-05-31 02:00:00+00:00,34,1,2922,4253.25,4253.5,4249.0,4250.0,115,MESU3
2023-05-31 03:00:00+00:00,34,1,2922,4249.5,4249.5,4246.0,4246.0,44,MESU3
2023-05-31 04:00:00+00:00,34,1,2922,4247.0,4248.0,4246.75,4247.0,39,MESU3
2023-05-31 05:00:00+00:00,34,1,2922,4245.75,4246.0,4242.25,4245.25,74,MESU3
2023-05-31 06:00:00+00:00,34,1,2922,4243.5,4243.5,4236.75,4240.0,141,MESU3
2023-05-31 07:00:00+00:00,34,1,2922,4240.0,4249.0,4238.75,4246.25,135,MESU3
2023-05-31 08:00:00+00:00,34,1,2922,4246.0,4249.0,4243.0,4249.0,82,MESU3
2023-05-31 09:00:00+00:00,34,1,2922,4249.0,4252.0,4246.25,4246.25,143,MESU3
2023-05-31 10:00:00+00:00,34,1,2922,4247.75,4248.5,4242.75,4248.0,80,MESU3
2023-05-31 11:00:00+00:00,34,1,2922,4248.75,4249.0,4238.5,4239.75,95,MESU3
2023-05-31 12:00:00+00:00,34,1,2922,4239.75,4240.25,4234.75,4236.25,194,MESU3
2023-05-31 13:00:00+00:00,34,1,2922,4236.0,4245.75,4234.0,4236.0,811,MESU3
2023-05-31 14:00:00+00:00,34,1,2922,4235.75,4237.0,4216.75,4222.75,1243,MESU3
2023-05-31 15:00:00+00:00,34,1,2922,4222.0,4224.75,4215.0,4220.5,928,MESU3
2023-05-31 16:00:00+00:00,34,1,2922,4222.75,4228.0,4218.5,4223.0,202,MESU3
2023-05-31 17:00:00+00:00,34,1,2922,4225.0,4238.0,4222.75,4236.5,397,MESU3
2023-05-31 18:00:00+00:00,34,1,2922,4236.5,4240.5,4229.75,4234.25,439,MESU3
2023-05-31 19:00:00+00:00,34,1,2922,4235.25,4245.0,4230.0,4231.75,447,MESU3
2023-05-31 20:00:00+00:00,34,1,2922,4235.5,4237.0,4229.0,4230.0,144,MESU3
2023-05-31 22:00:00+00:00,34,1,2922,4234.75,4234.75,4229.0,4234.0,78,MESU3
2023-05-31 23:00:00+00:00,34,1,2922,4235.0,4238.25,4233.0,4238.0,39,MESU3
2023-06-01 00:00:00+00:00,34,1,2922,4237.0,4239.5,4229.75,4231.0,94,MESU3
2023-06-01 01:00:00+00:00,34,1,2922,4232.0,4244.0,4224.25,4231.0,334,MESU3
2023-06-01 02:00:00+00:00,34,1,2922,4231.25,4233.0,4227.0,4232.5,96,MESU3
2023-06-01 03:00:00+00:00,34,1,2922,4232.5,4235.25,4232.5,4235.0,119,MESU3
2023-06-01 04:00:00+00:00,34,1,2922,4234.25,4237.25,4234.0,4234.0,115,MESU3
2023-06-01 05:00:00+00:00,34,1,2922,4234.5,4237.25,4234.5,4235.75,32,MESU3
2023-06-01 06:00:00+00:00,34,1,2922,4235.5,4238.75,4234.0,4238.0,48,MESU3
2023-06-01 07:00:00+00:00,34,1,2922,4237.0,4241.5,4235.0,4237.5,170,MESU3
2023-06-01 08:00:00+00:00,34,1,2922,4238.0,4242.5,4233.5,4242.25,81,MESU3
2023-06-01 09:00:00+00:00,34,1,2922,4240.5,4241.5,4237.75,4241.25,109,MESU3
2023-06-01 10:00:00+00:00,34,1,2922,4241.5,4245.0,4240.0,4240.0,139,MESU3
2023-06-01 11:00:00+00:00,34,1,2922,4240.75,4244.25,4237.5,4238.0,176,MESU3
2023-06-01 12:00:00+00:00,34,1,2922,4238.75,4240.25,4229.5,4232.0,488,MESU3
2023-06-01 13:00:00+00:00,34,1,2922,4231.5,4235.0,4219.75,4223.0,1117,MESU3
2023-06-01 14:00:00+00:00,34,1,2922,4226.75,4249.75,4223.25,4246.0,1221,MESU3
2023-06-01 15:00:00+00:00,34,1,2922,4246.0,4262.75,4244.0,4261.75,944,MESU3
2023-06-01 16:00:00+00:00,34,1,2922,4262.75,4270.5,4262.75,4268.75,637,MESU3
2023-06-01 17:00:00+00:00,34,1,2922,4269.75,4274.0,4265.0,4274.0,489,MESU3
2023-06-01 18:00:00+00:00,34,1,2922,4273.0,4277.5,4269.75,4277.0,399,MESU3
2023-06-01 19:00:00+00:00,34,1,2922,4277.5,4281.75,4261.25,4270.25,922,MESU3
2023-06-01 20:00:00+00:00,34,1,2922,4270.25,4274.5,4268.25,4273.25,288,MESU3
2023-06-01 22:00:00+00:00,34,1,2922,4273.25,4274.5,4272.75,4274.25,39,MESU3
2023-06-01 23:00:00+00:00,34,1,2922,4273.5,4274.25,4271.25,4272.0,77,MESU3
2023-06-02 00:00:00+00:00,34,1,2922,4272.0,4273.25,4271.0,4271.5,91,MESU3
2023-06-02 01:00:00+00:00,34,1,2922,4270.75,4273.75,4270.5,4272.5,101,MESU3
2023-06-02 02:00:00+00:00,34,1,2922,4272.25,4274.25,4271.75,4272.75,62,MESU3
2023-06-02 03:00:00+00:00,34,1,2922,4273.0,4279.0,4273.0,4277.0,127,MESU3
2023-06-02 04:00:00+00:00,34,1,2922,4277.0,4279.0,4276.75,4277.25,127,MESU3
2023-06-02 05:00:00+00:00,34,1,2922,4277.25,4279.75,4277.25,4278.5,99,MESU3
2023-06-02 06:00:00+00:00,34,1,2922,4278.5,4282.0,4276.25,4281.75,102,MESU3
2023-06-02 07:00:00+00:00,34,1,2922,4280.0,4284.25,4279.0,4284.0,133,MESU3
2023-06-02 08:00:00+00:00,34,1,2922,4284.25,4288.0,4283.0,4286.75,185,MESU3
2023-06-02 09:00:00+00:00,34,1,2922,4286.0,4293.5,4285.25,4289.25,395,MESU3
2023-06-02 10:00:00+00:00,34,1,2922,4289.5,4292.5,4288.25,4290.25,173,MESU3
2023-06-02 11:00:00+00:00,34,1,2922,4290.5,4296.0,4289.0,4289.75,342,MESU3
2023-06-02 12:00:00+00:00,34,1,2922,4289.5,4298.0,4280.0,4291.25,1698,MESU3
2023-06-02 13:00:00+00:00,34,1,2922,4291.25,4316.25,4291.0,4296.0,2926,MESU3
2023-06-02 14:00:00+00:00,34,1,2922,4296.25,4321.25,4291.75,4321.0,1939,MESU3
2023-06-02 15:00:00+00:00,34,1,2922,4321.5,4330.5,4320.75,4327.5,1200,MESU3
2023-06-02 16:00:00+00:00,34,1,2922,4328.25,4334.5,4323.0,4333.5,430,MESU3
2023-06-02 17:00:00+00:00,34,1,2922,4333.75,4338.75,4330.0,4334.75,520,MESU3
2023-06-02 18:00:00+00:00,34,1,2922,4335.0,4337.75,4328.25,4336.25,510,MESU3
2023-06-02 19:00:00+00:00,34,1,2922,4337.5,4341.0,4330.0,4332.25,658,MESU3
2023-06-02 20:00:00+00:00,34,1,2922,4332.5,4333.5,4328.25,4331.25,250,MESU3
2023-06-04 22:00:00+00:00,34,1,2922,4331.0,4336.25,4328.0,4334.75,215,MESU3
2023-06-04 23:00:00+00:00,34,1,2922,4334.0,4335.0,4326.5,4327.5,149,MESU3
2023-06-05 00:00:00+00:00,34,1,2922,4326.75,4329.0,4324.0,4327.0,112,MESU3
2023-06-05 01:00:00+00:00,34,1,2922,4327.0,4329.5,4324.5,4327.0,128,MESU3
2023-06-05 02:00:00+00:00,34,1,2922,4327.0,4328.25,4326.0,4328.0,65,MESU3
2023-06-05 03:00:00+00:00,34,1,2922,4328.0,4330.5,4326.5,4326.5,75,MESU3
2023-06-05 04:00:00+00:00,34,1,2922,4326.75,4326.75,4324.75,4326.5,47,MESU3
2023-06-05 05:00:00+00:00,34,1,2922,4325.5,4329.0,4325.5,4328.25,83,MESU3
2023-06-05 06:00:00+00:00,34,1,2922,4328.5,4330.5,4328.0,4329.5,115,MESU3
2023-06-05 07:00:00+00:00,34,1,2922,4329.75,4335.25,4327.5,4333.0,271,MESU3
2023-06-05 08:00:00+00:00,34,1,2922,4332.75,4334.25,4330.0,4330.75,207,MESU3
2023-06-05 09:00:00+00:00,34,1,2922,4331.75,4332.0,4329.75,4330.5,100,MESU3
2023-06-05 10:00:00+00:00,34,1,2922,4329.75,4334.25,4329.5,4333.5,137,MESU3
2023-06-05 11:00:00+00:00,34,1,2922,4333.75,4335.0,4331.5,4332.25,163,MESU3
2023-06-05 12:00:00+00:00,34,1,2922,4332.0,4334.0,4330.5,4332.0,192,MESU3
2023-06-05 13:00:00+00:00,34,1,2922,4331.75,4344.5,4331.75,4335.25,1691,MESU3
2023-06-05 14:00:00+00:00,34,1,2922,4336.75,4347.0,4328.75,4338.25,2463,MESU3
2023-06-05 15:00:00+00:00,34,1,2922,4338.5,4344.0,4336.25,4342.0,1237,MESU3
2023-06-05 16:00:00+00:00,34,1,2922,4342.75,4348.25,4337.75,4348.0,1033,MESU3
2023-06-05 17:00:00+00:00,34,1,2922,4348.25,4349.0,4333.25,4337.5,1442,MESU3
2023-06-05 18:00:00+00:00,34,1,2922,4337.75,4337.75,4316.5,4329.0,2724,MESU3
2023-06-05 19:00:00+00:00,34,1,2922,4329.0,4330.0,4316.0,4323.5,2303,MESU3
2023-06-05 20:00:00+00:00,34,1,2922,4323.75,4326.5,4321.25,4323.0,387,MESU3
2023-06-05 22:00:00+00:00,34,1,2922,4320.75,4322.75,4319.0,4319.25,207,MESU3
2023-06-05 23:00:00+00:00,34,1,2922,4318.75,4321.5,4317.25,4318.75,212,MESU3
2023-06-06 00:00:00+00:00,34,1,2922,4319.25,4321.75,4317.5,4321.5,139,MESU3
2023-06-06 01:00:00+00:00,34,1,2922,4321.25,4324.5,4321.0,4324.5,125,MESU3
2023-06-06 02:00:00+00:00,34,1,2922,4324.5,4326.0,4323.25,4324.25,158,MESU3
2023-06-06 03:00:00+00:00,34,1,2922,4324.5,4325.25,4322.5,4324.25,92,MESU3
2023-06-06 04:00:00+00:00,34,1,2922,4324.25,4327.25,4324.0,4325.25,175,MESU3
2023-06-06 05:00:00+00:00,34,1,2922,4325.0,4327.25,4322.75,4323.25,141,MESU3
2023-06-06 06:00:00+00:00,34,1,2922,4322.5,4324.0,4318.75,4318.75,215,MESU3
2023-06-06 07:00:00+00:00,34,1,2922,4320.0,4327.75,4319.75,4324.5,343,MESU3
2023-06-06 08:00:00+00:00,34,1,2922,4325.75,4327.5,4318.0,4319.25,247,MESU3
2023-06-06 09:00:00+00:00,34,1,2922,4319.5,4321.0,4315.75,4319.0,439,MESU3
2023-06-06 10:00:00+00:00,34,1,2922,4319.75,4321.25,4318.0,4320.5,180,MESU3
2023-06-06 11:00:00+00:00,34,1,2922,4320.5,4323.25,4319.25,4321.25,211,MESU3
2023-06-06 12:00:00+00:00,34,1,2922,4321.0,4323.5,4318.25,4321.0,373,MESU3
2023-06-06 13:00:00+00:00,34,1,2922,4320.25,4323.25,4311.5,4317.75,1976,MESU3
2023-06-06 14:00:00+00:00,34,1,2922,4318.0,4336.25,4317.0,4332.0,3213,MESU3
2023-06-06 15:00:00+00:00,34,1,2922,4332.75,4334.5,4320.25,4333.75,2247,MESU3
2023-06-06 16:00:00+00:00,34,1,2922,4334.0,4336.5,4319.25,4321.25,1969,MESU3
2023-06-06 17:00:00+00:00,34,1,2922,4321.25,4330.5,4317.5,4320.25,2507,MESU3
2023-06-06 18:00:00+00:00,34,1,2922,4320.5,4329.5,4317.5,4329.0,1498,MESU3
2023-06-06 19:00:00+00:00,34,1,2922,4329.25,4337.75,4327.0,4332.75,2947,MESU3
2023-06-06 20:00:00+00:00,34,1,2922,4333.0,4336.25,4332.5,4336.25,269,MESU3
2023-06-06 22:00:00+00:00,34,1,2922,4336.0,4336.0,4331.25,4333.25,145,MESU3
2023-06-06 23:00:00+00:00,34,1,2922,4333.0,4337.25,4333.0,4336.75,187,MESU3
2023-06-07 00:00:00+00:00,34,1,2922,4336.25,4338.5,4335.75,4336.25,209,MESU3
2023-06-07 01:00:00+00:00,34,1,2922,4336.0,4336.5,4331.0,4333.75,355,MESU3
2023-06-07 02:00:00+00:00,34,1,2922,4333.25,4334.25,4331.75,4334.25,88,MESU3
2023-06-07 03:00:00+00:00,34,1,2922,4333.75,4337.5,4333.75,4337.0,154,MESU3
2023-06-07 04:00:00+00:00,34,1,2922,4336.75,4337.25,4334.5,4336.0,86,MESU3
2023-06-07 05:00:00+00:00,34,1,2922,4336.0,4336.25,4334.0,4334.25,146,MESU3
2023-06-07 06:00:00+00:00,34,1,2922,4334.5,4334.75,4331.0,4332.25,194,MESU3
2023-06-07 07:00:00+00:00,34,1,2922,4332.0,4332.0,4325.0,4327.0,462,MESU3
2023-06-07 08:00:00+00:00,34,1,2922,4326.75,4329.0,4324.5,4328.5,213,MESU3
2023-06-07 09:00:00+00:00,34,1,2922,4328.5,4330.75,4326.75,4328.75,220,MESU3
2023-06-07 10:00:00+00:00,34,1,2922,4329.0,4334.75,4329.0,4334.25,292,MESU3
2023-06-07 11:00:00+00:00,34,1,2922,4334.75,4339.5,4333.75,4339.0,475,MESU3
2023-06-07 12:00:00+00:00,34,1,2922,4338.5,4340.0,4334.75,4336.25,476,MESU3
2023-06-07 13:00:00+00:00,34,1,2922,4336.5,4348.0,4335.0,4344.5,3541,MESU3
2023-06-07 14:00:00+00:00,34,1,2922,4344.5,4345.5,4322.0,4327.75,5009,MESU3
2023-06-07 15:00:00+00:00,34,1,2922,4327.75,4333.5,4319.75,4320.75,2704,MESU3
2023-06-07 16:00:00+00:00,34,1,2922,4320.0,4326.75,4317.75,4320.25,1706,MESU3
2023-06-07 17:00:00+00:00,34,1,2922,4320.0,4323.25,4312.75,4318.75,3207,MESU3
2023-06-07 18:00:00+00:00,34,1,2922,4318.75,4325.25,4314.0,4321.0,1875,MESU3
2023-06-07 19:00:00+00:00,34,1,2922,4320.75,4324.0,4312.25,4317.5,3429,MESU3
2023-06-07 20:00:00+00:00,34,1,2922,4317.5,4318.75,4315.5,4315.75,673,MESU3
2023-06-07 22:00:00+00:00,34,1,2922,4315.75,4319.5,4315.25,4315.5,279,MESU3
2023-06-07 23:00:00+00:00,34,1,2922,4315.5,4317.5,4315.25,4317.25,151,MESU3
2023-06-08 00:00:00+00:00,34,1,2922,4317.25,4319.0,4316.0,4318.0,321,MESU3
2023-06-08 01:00:00+00:00,34,1,2922,4317.75,4319.0,4314.75,4317.25,340,MESU3
2023-06-08 02:00:00+00:00,34,1,2922,4317.5,4317.75,4315.75,4316.25,176,MESU3
2023-06-08 03:00:00+00:00,34,1,2922,4316.0,4317.0,4312.25,4312.75,403,MESU3
2023-06-08 04:00:00+00:00,34,1,2922,4312.75,4312.75,4305.75,4307.75,865,MESU3
2023-06-08 05:00:00+00:00,34,1,2922,4307.5,4313.25,4307.0,4312.25,709,MESU3
2023-06-08 06:00:00+00:00,34,1,2922,4311.75,4311.75,4307.5,4310.0,594,MESU3
2023-06-08 07:00:00+00:00,34,1,2922,4310.5,4316.5,4308.25,4314.75,1498,MESU3
2023-06-08 08:00:00+00:00,34,1,2922,4315.0,4320.25,4313.5,4318.0,818,MESU3
2023-06-08 09:00:00+00:00,34,1,2922,4318.25,4320.5,4316.5,4319.75,578,MESU3
2023-06-08 10:00:00+00:00,34,1,2922,4319.5,4321.75,4313.5,4316.0,917,MESU3
2023-06-08 11:00:00+00:00,34,1,2922,4316.0,4317.75,4313.0,4317.0,1165,MESU3
2023-06-08 12:00:00+00:00,34,1,2922,4316.5,4321.75,4311.75,4318.5,2170,MESU3
2023-06-08 13:00:00+00:00,34,1,2922,4318.5,4320.5,4307.5,4314.25,7905,MESU3
2023-06-08 14:00:00+00:00,34,1,2922,4314.75,4330.5,4312.5,4329.25,7299,MESU3
2023-06-08 15:00:00+00:00,34,1,2922,4329.5,4333.25,4327.5,4330.0,5323,MESU3
2023-06-08 16:00:00+00:00,34,1,2922,4329.75,4341.75,4326.75,4335.75,5138,MESU3
2023-06-08 17:00:00+00:00,34,1,2922,4336.0,4338.25,4327.0,4332.0,4110,MESU3
2023-06-08 18:00:00+00:00,34,1,2922,4332.25,4341.0,4329.5,4339.5,3676,MESU3
2023-06-08 19:00:00+00:00,34,1,2922,4339.75,4346.25,4337.5,4341.5,4999,MESU3
2023-06-08 20:00:00+00:00,34,1,2922,4341.5,4343.25,4338.5,4341.5,1927,MESU3
2023-06-08 22:00:00+00:00,34,1,2922,4342.0,4343.0,4338.25,4340.25,611,MESU3
2023-06-08 23:00:00+00:00,34,1,2922,4339.75,4340.5,4338.0,4338.25,542,MESU3
2023-06-09 00:00:00+00:00,34,1,2922,4338.5,4339.0,4335.25,4336.5,956,MESU3
2023-06-09 01:00:00+00:00,34,1,2922,4336.75,4338.0,4336.0,4337.25,580,MESU3
2023-06-09 02:00:00+00:00,34,1,2922,4337.5,4337.75,4336.25,4337.5,494,MESU3
2023-06-09 03:00:00+00:00,34,1,2922,4337.75,4340.0,4337.25,4338.75,706,MESU3
2023-06-09 04:00:00+00:00,34,1,2922,4338.5,4338.5,4336.25,4336.25,554,MESU3
2023-06-09 05:00:00+00:00,34,1,2922,4336.5,4339.25,4336.25,4338.75,589,MESU3
2023-06-09 06:00:00+00:00,34,1,2922,4338.75,4338.75,4334.5,4335.5,1272,MESU3
2023-06-09 07:00:00+00:00,34,1,2922,4335.75,4336.0,4327.5,4334.25,4305,MESU3
2023-06-09 08:00:00+00:00,34,1,2922,4334.25,4338.0,4331.0,4337.75,2433,MESU3
2023-06-09 09:00:00+00:00,34,1,2922,4337.75,4341.25,4335.25,4336.0,2698,MESU3
2023-06-09 10:00:00+00:00,34,1,2922,4336.0,4338.5,4333.25,4336.5,2482,MESU3
2023-06-09 11:00:00+00:00,34,1,2922,4336.5,4343.0,4336.0,4340.75,3611,MESU3
2023-06-09 12:00:00+00:00,34,1,2922,4340.75,4345.5,4340.25,4345.5,4550,MESU3
2023-06-09 13:00:00+00:00,34,1,2922,4345.75,4362.75,4343.75,4359.0,15554,MESU3
2023-06-09 14:00:00+00:00,34,1,2922,4359.5,4369.5,4354.5,4360.75,20474,MESU3
2023-06-09 15:00:00+00:00,34,1,2922,4360.75,4366.25,4342.5,4344.25,20729,MESU3
2023-06-09 16:00:00+00:00,34,1,2922,4344.25,4348.75,4338.25,4348.0,11697,MESU3
2023-06-09 17:00:00+00:00,34,1,2922,4348.0,4356.25,4346.25,4355.5,8526,MESU3
2023-06-09 18:00:00+00:00,34,1,2922,4355.75,4357.5,4347.75,4352.25,8524,MESU3
2023-06-09 19:00:00+00:00,34,1,2922,4352.5,4354.75,4345.75,4349.25,11787,MESU3
2023-06-09 20:00:00+00:00,34,1,2922,4349.25,4353.0,4347.5,4347.5,3126,MESU3
2023-06-11 22:00:00+00:00,34,1,2922,4348.75,4355.75,4348.25,4354.5,4441,MESU3
2023-06-11 23:00:00+00:00,34,1,2922,4354.5,4357.5,4352.0,4354.5,3694,MESU3
2023-06-12 00:00:00+00:00,34,1,2922,4354.25,4357.25,4352.5,4356.25,4367,MESU3
2023-06-12 01:00:00+00:00,34,1,2922,4356.5,4357.25,4353.5,4354.5,2417,MESU3
2023-06-12 02:00:00+00:00,34,1,2922,4354.25,4356.0,4352.75,4353.5,2325,MESU3
2023-06-12 03:00:00+00:00,34,1,2922,4353.5,4355.0,4352.75,4353.25,1726,MESU3
2023-06-12 04:00:00+00:00,34,1,2922,4353.25,4353.5,4351.5,4353.0,1896,MESU3
2023-06-12 05:00:00+00:00,34,1,2922,4353.25,4356.0,4352.75,4355.5,2905,MESU3
2023-06-12 06:00:00+00:00,34,1,2922,4355.5,4359.75,4354.25,4359.75,3816,MESU3
2023-06-12 07:00:00+00:00,34,1,2922,4359.5,4363.5,4356.25,4363.0,9496,MESU3
2023-06-12 08:00:00+00:00,34,1,2922,4363.25,4365.75,4361.25,4364.75,7383,MESU3
2023-06-12 09:00:00+00:00,34,1,2922,4364.75,4367.0,4358.0,4359.5,6612,MESU3
2023-06-12 10:00:00+00:00,34,1,2922,4359.25,4359.5,4353.0,4356.5,9038,MESU3
2023-06-12 11:00:00+00:00,34,1,2922,4356.5,4361.75,4354.75,4360.25,7036,MESU3
2023-06-12 12:00:00+00:00,34,1,2922,4360.25,4362.75,4355.25,4361.75,14955,MESU3
2023-06-12 13:00:00+00:00,34,1,2922,4362.0,4362.75,4351.75,4359.25,106533,MESU3
2023-06-12 14:00:00+00:00,34,1,2922,4359.25,4359.75,4351.0,4354.75,123963,MESU3
2023-06-12 15:00:00+00:00,34,1,2922,4354.5,4361.75,4352.75,4360.75,64242,MESU3
2023-06-12 16:00:00+00:00,34,1,2922,4360.75,4365.0,4359.5,4364.25,33665,MESU3
2023-06-12 17:00:00+00:00,34,1,2922,4364.25,4368.25,4361.25,4367.75,40222,MESU3
2023-06-12 18:00:00+00:00,34,1,2922,4367.75,4376.25,4365.5,4375.25,47049,MESU3
2023-06-12 19:00:00+00:00,34,1,2922,4375.5,4389.5,4374.5,4388.75,101132,MESU3
2023-06-12 20:00:00+00:00,34,1,2922,4388.75,4391.25,4384.25,4390.75,19728,MESU3
2023-06-12 22:00:00+00:00,34,1,2922,4390.0,4393.25,4388.0,4392.5,4028,MESU3
2023-06-12 23:00:00+00:00,34,1,2922,4392.25,4393.25,4387.25,4389.0,5064,MESU3
2023-06-13 00:00:00+00:00,34,1,2922,4389.0,4390.5,4387.5,4387.75,3261,MESU3
2023-06-13 01:00:00+00:00,34,1,2922,4387.75,4391.25,4387.5,4390.75,3615,MESU3
2023-06-13 02:00:00+00:00,34,1,2922,4390.75,4392.0,4388.75,4391.5,2337,MESU3
2023-06-13 03:00:00+00:00,34,1,2922,4391.5,4397.75,4391.0,4397.0,5449,MESU3
2023-06-13 04:00:00+00:00,34,1,2922,4397.0,4398.75,4396.0,4396.5,2939,MESU3
2023-06-13 05:00:00+00:00,34,1,2922,4396.25,4398.0,4395.75,4397.75,3298,MESU3
2023-06-13 06:00:00+00:00,34,1,2922,4397.75,4402.75,4396.5,4400.0,7444,MESU3
2023-06-13 07:00:00+00:00,34,1,2922,4399.75,4402.0,4395.5,4397.75,9473,MESU3
2023-06-13 08:00:00+00:00,34,1,2922,4397.5,4400.75,4395.5,4399.0,5654,MESU3
2023-06-13 09:00:00+00:00,34,1,2922,4399.0,4401.25,4395.0,4395.0,5393,MESU3
2023-06-13 10:00:00+00:00,34,1,2922,4395.0,4395.75,4390.0,4392.75,8105,MESU3
2023-06-13 11:00:00+00:00,34,1,2922,4392.5,4394.5,4389.0,4389.75,7231,MESU3
2023-06-13 12:00:00+00:00,34,1,2922,4390.0,4411.0,4381.5,4410.75,48665,MESU3
2023-06-13 13:00:00+00:00,34,1,2922,4410.75,4421.5,4400.25,4407.0,186261,MESU3
2023-06-13 14:00:00+00:00,34,1,2922,4407.0,4414.25,4396.0,4410.25,190082,MESU3
2023-06-13 15:00:00+00:00,34,1,2922,4410.25,4423.0,4406.75,4410.5,140664,MESU3
2023-06-13 16:00:00+00:00,34,1,2922,4410.5,4419.75,4407.25,4419.75,87736,MESU3
2023-06-13 17:00:00+00:00,34,1,2922,4419.75,4423.25,4414.0,4417.75,78055,MESU3
2023-06-13 18:00:00+00:00,34,1,2922,4417.75,4419.25,4402.5,4409.75,113539,MESU3
2023-06-13 19:00:00+00:00,34,1,2922,4410.0,4417.75,4409.75,4416.5,89310,MESU3
2023-06-13 20:00:00+00:00,34,1,2922,4416.25,4420.25,4413.75,4418.0,15600,MESU3
2023-06-13 22:00:00+00:00,34,1,2922,4416.75,4419.5,4414.75,4419.0,4052,MESU3
2023-06-13 23:00:00+00:00,34,1,2922,4419.0,4419.5,4416.25,4417.0,1686,MESU3
2023-06-14 00:00:00+00:00,34,1,2922,4416.75,4416.75,4413.0,4414.0,4663,MESU3
2023-06-14 01:00:00+00:00,34,1,2922,4414.0,4417.75,4414.0,4417.0,2683,MESU3
2023-06-14 02:00:00+00:00,34,1,2922,4417.0,4417.25,4414.0,4415.5,2203,MESU3
2023-06-14 03:00:00+00:00,34,1,2922,4415.5,4416.0,4414.0,4415.75,1569,MESU3
2023-06-14 04:00:00+00:00,34,1,2922,4415.75,4417.5,4414.75,4417.25,2440,MESU3
2023-06-14 05:00:00+00:00,34,1,2922,4417.0,4418.5,4414.25,4416.75,3707,MESU3
2023-06-14 06:00:00+00:00,34,1,2922,4416.5,4417.5,4414.0,4415.0,2868,MESU3
2023-06-14 07:00:00+00:00,34,1,2922,4415.0,4425.25,4415.0,4425.0,10243,MESU3
2023-06-14 08:00:00+00:00,34,1,2922,4425.0,4428.0,4422.5,4426.25,7049,MESU3
2023-06-14 09:00:00+00:00,34,1,2922,4426.25,4427.25,4420.75,4422.0,6151,MESU3
2023-06-14 10:00:00+00:00,34,1,2922,4422.0,4426.25,4420.75,4424.5,7310,MESU3
2023-06-14 11:00:00+00:00,34,1,2922,4424.5,4427.25,4420.5,4422.0,8871,MESU3
2023-06-14 12:00:00+00:00,34,1,2922,4422.0,4427.0,4418.75,4420.0,19439,MESU3
2023-06-14 13:00:00+00:00,34,1,2922,4420.0,4426.0,4413.75,4424.0,88266,MESU3
2023-06-14 14:00:00+00:00,34,1,2922,4424.0,4432.25,4422.5,4427.25,101318,MESU3
2023-06-14 15:00:00+00:00,34,1,2922,4427.25,4439.5,4426.25,4431.0,69024,MESU3
2023-06-14 16:00:00+00:00,34,1,2922,4431.0,4432.5,4424.25,4429.25,49366,MESU3
2023-06-14 17:00:00+00:00,34,1,2922,4429.0,4429.25,4414.75,4420.5,50976,MESU3
2023-06-14 18:00:00+00:00,34,1,2922,4420.25,4421.0,4384.0,4411.5,280422,MESU3
2023-06-14 19:00:00+00:00,34,1,2922,4411.5,4429.5,4398.75,4419.5,211655,MESU3
2023-06-14 20:00:00+00:00,34,1,2922,4419.5,4427.0,4417.75,4424.5,18649,MESU3
2023-06-14 22:00:00+00:00,34,1,2922,4422.5,4425.5,4421.25,4423.25,6070,MESU3
2023-06-14 23:00:00+00:00,34,1,2922,4423.0,4423.75,4420.0,4420.25,3042,MESU3
2023-06-15 00:00:00+00:00,34,1,2922,4420.0,4421.75,4418.75,4420.5,3608,MESU3
2023-06-15 01:00:00+00:00,34,1,2922,4420.5,4421.75,4411.75,4413.75,8222,MESU3
2023-06-15 02:00:00+00:00,34,1,2922,4413.75,4416.0,4411.75,4415.25,3962,MESU3
2023-06-15 03:00:00+00:00,34,1,2922,4415.25,4418.5,4414.75,4418.0,3632,MESU3
2023-06-15 04:00:00+00:00,34,1,2922,4418.25,4419.75,4417.75,4418.5,2658,MESU3
2023-06-15 05:00:00+00:00,34,1,2922,4418.75,4421.25,4416.25,4418.5,5169,MESU3
2023-06-15 06:00:00+00:00,34,1,2922,4418.5,4419.0,4411.5,4414.25,7165,MESU3
2023-06-15 07:00:00+00:00,34,1,2922,4414.0,4416.25,4408.0,4415.75,10550,MESU3
2023-06-15 08:00:00+00:00,34,1,2922,4415.75,4417.0,4407.75,4408.75,8661,MESU3
2023-06-15 09:00:00+00:00,34,1,2922,4408.75,4410.5,4404.25,4406.5,9562,MESU3
2023-06-15 10:00:00+00:00,34,1,2922,4406.75,4408.0,4399.5,4401.0,8733,MESU3
2023-06-15 11:00:00+00:00,34,1,2922,4401.25,4404.25,4398.75,4403.0,9428,MESU3
2023-06-15 12:00:00+00:00,34,1,2922,4403.0,4406.5,4394.0,4405.0,34266,MESU3
2023-06-15 13:00:00+00:00,34,1,2922,4405.0,4434.25,4403.25,4432.75,169053,MESU3
2023-06-15 14:00:00+00:00,34,1,2922,4432.75,4444.25,4429.25,4439.75,176388,MESU3
2023-06-15 15:00:00+00:00,34,1,2922,4440.0,4457.5,4437.75,4453.25,130270,MESU3
2023-06-15 16:00:00+00:00,34,1,2922,4453.25,4458.25,4449.75,4454.5,58472,MESU3
2023-06-15 17:00:00+00:00,34,1,2922,4454.75,4465.25,4447.0,4463.5,68146,MESU3
2023-06-15 18:00:00+00:00,34,1,2922,4463.75,4485.5,4458.75,4483.0,96850,MESU3
2023-06-15 19:00:00+00:00,34,1,2922,4483.0,4485.25,4467.0,4472.5,154620,MESU3
2023-06-15 20:00:00+00:00,34,1,2922,4472.75,4472.75,4465.25,4467.75,23529,MESU3
2023-06-15 22:00:00+00:00,34,1,2922,4468.5,4469.75,4464.5,4465.0,5288,MESU3
2023-06-15 23:00:00+00:00,34,1,2922,4465.0,4466.75,4464.0,4465.5,3235,MESU3
2023-06-16 00:00:00+00:00,34,1,2922,4465.25,4465.75,4461.5,4462.75,4896,MESU3
2023-06-16 01:00:00+00:00,34,1,2922,4462.75,4464.75,4460.75,4461.25,3814,MESU3
2023-06-16 02:00:00+00:00,34,1,2922,4461.0,4463.25,4459.75,4461.25,4185,MESU3
2023-06-16 03:00:00+00:00,34,1,2922,4461.5,4465.25,4460.25,4465.25,3980,MESU3
2023-06-16 04:00:00+00:00,34,1,2922,4465.0,4467.75,4464.25,4465.5,4159,MESU3
2023-06-16 05:00:00+00:00,34,1,2922,4465.5,4470.25,4464.25,4469.25,6143,MESU3
2023-06-16 06:00:00+00:00,34,1,2922,4469.25,4472.5,4465.5,4469.0,8854,MESU3
2023-06-16 07:00:00+00:00,34,1,2922,4469.0,4469.5,4462.25,4468.25,9462,MESU3
2023-06-16 08:00:00+00:00,34,1,2922,4468.25,4478.0,4467.0,4476.0,12601,MESU3
2023-06-16 09:00:00+00:00,34,1,2922,4476.5,4478.0,4473.5,4474.75,10819,MESU3
2023-06-16 10:00:00+00:00,34,1,2922,4474.75,4475.75,4468.5,4471.5,8864,MESU3
2023-06-16 11:00:00+00:00,34,1,2922,4471.75,4477.75,4471.0,4474.0,10630,MESU3
2023-06-16 12:00:00+00:00,34,1,2922,4473.75,4484.5,4472.0,4483.0,23099,MESU3
2023-06-16 13:00:00+00:00,34,1,2922,4483.0,4494.0,4469.0,4474.75,167300,MESU3
2023-06-16 14:00:00+00:00,34,1,2922,4474.75,4486.25,4470.75,4477.0,181267,MESU3
2023-06-16 15:00:00+00:00,34,1,2922,4477.0,4482.0,4465.0,4474.5,147486,MESU3
2023-06-16 16:00:00+00:00,34,1,2922,4474.5,4486.25,4471.75,4483.5,76267,MESU3
2023-06-16 17:00:00+00:00,34,1,2922,4483.75,4484.75,4471.25,4475.5,63671,MESU3
2023-06-16 18:00:00+00:00,34,1,2922,4475.25,4476.5,4462.25,4462.75,67826,MESU3
2023-06-16 19:00:00+00:00,34,1,2922,4462.75,4465.25,4451.0,4456.0,129653,MESU3
2023-06-16 20:00:00+00:00,34,1,2922,4455.75,4463.0,4455.25,4459.25,22568,MESU3
2023-06-18 22:00:00+00:00,34,1,2922,4458.25,4462.0,4457.5,4460.25,4006,MESU3
2023-06-18 23:00:00+00:00,34,1,2922,4460.25,4460.5,4457.0,4457.25,1793,MESU3
2023-06-19 00:00:00+00:00,34,1,2922,4457.25,4457.5,4449.75,4452.0,5952,MESU3
2023-06-19 01:00:00+00:00,34,1,2922,4452.25,4453.25,4449.25,4450.75,3313,MESU3
2023-06-19 02:00:00+00:00,34,1,2922,4451.0,4455.0,4450.5,4454.0,2600,MESU3
2023-06-19 03:00:00+00:00,34,1,2922,4454.0,4454.5,4447.75,4449.25,3378,MESU3
2023-06-19 04:00:00+00:00,34,1,2922,4449.25,4449.75,4446.5,4448.0,2313,MESU3
2023-06-19 05:00:00+00:00,34,1,2922,4448.0,4453.5,4447.0,4453.0,2708,MESU3
2023-06-19 06:00:00+00:00,34,1,2922,4453.25,4454.5,4451.5,4453.0,2633,MESU3
2023-06-19 07:00:00+00:00,34,1,2922,4452.75,4460.75,4451.0,4453.75,8716,MESU3
2023-06-19 08:00:00+00:00,34,1,2922,4453.75,4455.75,4450.0,4452.25,4846,MESU3
2023-06-19 09:00:00+00:00,34,1,2922,4452.0,4455.5,4450.5,4454.75,4044,MESU3
2023-06-19 10:00:00+00:00,34,1,2922,4454.75,4455.25,4449.5,4450.5,3199,MESU3
2023-06-19 11:00:00+00:00,34,1,2922,4450.5,4452.25,4447.75,4448.75,3858,MESU3
2023-06-19 12:00:00+00:00,34,1,2922,4449.0,4450.0,4445.75,4449.75,5557,MESU3
2023-06-19 13:00:00+00:00,34,1,2922,4450.0,4450.5,4444.25,4444.75,10489,MESU3
2023-06-19 14:00:00+00:00,34,1,2922,4444.75,4447.0,4443.25,4445.0,11509,MESU3
2023-06-19 15:00:00+00:00,34,1,2922,4445.0,4448.0,4444.0,4447.75,7866,MESU3
2023-06-19 16:00:00+00:00,34,1,2922,4448.0,4448.75,4446.25,4447.25,4517,MESU3
2023-06-19 22:00:00+00:00,34,1,2922,4448.25,4451.0,4445.0,4445.75,3553,MESU3
2023-06-19 23:00:00+00:00,34,1,2922,4445.75,4448.0,4444.75,4446.75,2854,MESU3
2023-06-20 00:00:00+00:00,34,1,2922,4446.5,4448.5,4444.5,4446.25,3186,MESU3
2023-06-20 01:00:00+00:00,34,1,2922,4446.25,4448.0,4442.25,4443.5,3944,MESU3
2023-06-20 02:00:00+00:00,34,1,2922,4443.0,4444.75,4441.5,4443.25,3182,MESU3
2023-06-20 03:00:00+00:00,34,1,2922,4443.25,4444.75,4442.25,4444.0,1754,MESU3
2023-06-20 04:00:00+00:00,34,1,2922,4444.0,4444.5,4442.0,4442.5,1799,MESU3
2023-06-20 05:00:00+00:00,34,1,2922,4442.25,4443.5,4438.25,4441.75,4993,MESU3
2023-06-20 06:00:00+00:00,34,1,2922,4441.75,4445.25,4440.0,4441.75,4331,MESU3
2023-06-20 07:00:00+00:00,34,1,2922,4441.5,4447.75,4435.75,4447.0,10251,MESU3
2023-06-20 08:00:00+00:00,34,1,2922,4447.0,4448.0,4432.0,4433.5,11689,MESU3
2023-06-20 09:00:00+00:00,34,1,2922,4433.5,4437.5,4432.5,4435.5,6074,MESU3
2023-06-20 10:00:00+00:00,34,1,2922,4435.25,4439.0,4434.5,4438.5,4527,MESU3
2023-06-20 11:00:00+00:00,34,1,2922,4438.75,4442.0,4436.5,4441.0,7297,MESU3
2023-06-20 12:00:00+00:00,34,1,2922,4440.5,4444.25,4438.5,4443.75,12749,MESU3
2023-06-20 13:00:00+00:00,34,1,2922,4443.75,4445.0,4431.0,4433.25,103667,MESU3
2023-06-20 14:00:00+00:00,34,1,2922,4433.5,4434.75,4410.5,4417.75,188868,MESU3
2023-06-20 15:00:00+00:00,34,1,2922,4418.25,4425.0,4417.25,4421.0,92808,MESU3
2023-06-20 16:00:00+00:00,34,1,2922,4421.25,4440.75,4419.0,4439.0,99944,MESU3
2023-06-20 17:00:00+00:00,34,1,2922,4439.25,4444.75,4434.0,4435.25,79870,MESU3
2023-06-20 18:00:00+00:00,34,1,2922,4435.25,4441.25,4433.0,4437.0,63155,MESU3
2023-06-20 19:00:00+00:00,34,1,2922,4437.25,4441.5,4432.25,4434.0,88344,MESU3
2023-06-20 20:00:00+00:00,34,1,2922,4434.0,4434.75,4428.0,4430.5,21121,MESU3
2023-06-20 22:00:00+00:00,34,1,2922,4430.5,4434.0,4429.5,4431.75,3781,MESU3
2023-06-20 23:00:00+00:00,34,1,2922,4431.75,4436.75,4431.5,4436.0,3036,MESU3
2023-06-21 00:00:00+00:00,34,1,2922,4435.75,4438.5,4434.25,4436.75,3897,MESU3
2023-06-21 01:00:00+00:00,34,1,2922,4437.0,4437.5,4435.25,4437.0,3054,MESU3
2023-06-21 02:00:00+00:00,34,1,2922,4437.0,4437.25,4432.25,4433.75,3277,MESU3
2023-06-21 03:00:00+00:00,34,1,2922,4434.0,4435.0,4432.25,4434.5,1746,MESU3
2023-06-21 04:00:00+00:00,34,1,2922,4434.5,4436.5,4434.0,4436.25,1289,MESU3
2023-06-21 05:00:00+00:00,34,1,2922,4436.5,4436.5,4431.5,4432.5,2611,MESU3
2023-06-21 06:00:00+00:00,34,1,2922,4432.25,4433.0,4426.5,4427.5,6078,MESU3
2023-06-21 07:00:00+00:00,34,1,2922,4427.25,4433.25,4423.75,4430.25,10480,MESU3
2023-06-21 08:00:00+00:00,34,1,2922,4430.25,4435.75,4428.75,4433.0,5319,MESU3
2023-06-21 09:00:00+00:00,34,1,2922,4433.25,4436.0,4430.25,4434.25,4243,MESU3
2023-06-21 10:00:00+00:00,34,1,2922,4434.0,4437.5,4432.5,4434.0,4645,MESU3
2023-06-21 11:00:00+00:00,34,1,2922,4433.5,4434.25,4429.5,4431.0,5157,MESU3
2023-06-21 12:00:00+00:00,34,1,2922,4431.0,4431.0,4419.5,4421.75,22170,MESU3
2023-06-21 13:00:00+00:00,34,1,2922,4422.0,4423.75,4409.0,4412.5,109478,MESU3
2023-06-21 14:00:00+00:00,34,1,2922,4412.5,4418.5,4403.0,4413.0,192796,MESU3
2023-06-21 15:00:00+00:00,34,1,2922,4413.0,4421.0,4404.25,4411.5,138582,MESU3
2023-06-21 16:00:00+00:00,34,1,2922,4411.25,4422.75,4410.75,4413.5,86865,MESU3
2023-06-21 17:00:00+00:00,34,1,2922,4413.75,4419.5,4409.0,4419.25,70626,MESU3
2023-06-21 18:00:00+00:00,34,1,2922,4419.25,4430.5,4417.75,4425.75,78888,MESU3
2023-06-21 19:00:00+00:00,34,1,2922,4425.75,4426.0,4406.5,4409.5,120718,MESU3
2023-06-21 20:00:00+00:00,34,1,2922,4409.5,4412.75,4408.0,4410.0,18042,MESU3
2023-06-21 22:00:00+00:00,34,1,2922,4410.0,4413.75,4407.75,4409.25,4958,MESU3
2023-06-21 23:00:00+00:00,34,1,2922,4409.0,4412.0,4409.0,4410.5,2528,MESU3
2023-06-22 00:00:00+00:00,34,1,2922,4410.5,4413.5,4409.0,4410.25,4610,MESU3
2023-06-22 01:00:00+00:00,34,1,2922,4410.25,4411.0,4406.25,4406.75,3600,MESU3
2023-06-22 02:00:00+00:00,34,1,2922,4406.75,4407.25,4402.0,4406.5,6739,MESU3
2023-06-22 03:00:00+00:00,34,1,2922,4406.5,4408.5,4404.5,4408.25,4094,MESU3
2023-06-22 04:00:00+00:00,34,1,2922,4408.25,4408.5,4404.0,4404.5,2436,MESU3
2023-06-22 05:00:00+00:00,34,1,2922,4404.5,4404.75,4400.5,4402.5,5372,MESU3
2023-06-22 06:00:00+00:00,34,1,2922,4402.5,4402.75,4395.5,4398.5,9267,MESU3
2023-06-22 07:00:00+00:00,34,1,2922,4398.5,4401.5,4393.5,4396.75,16919,MESU3
2023-06-22 08:00:00+00:00,34,1,2922,4396.75,4403.0,4395.5,4399.0,9440,MESU3
2023-06-22 09:00:00+00:00,34,1,2922,4399.25,4404.0,4398.75,4402.0,5233,MESU3
2023-06-22 10:00:00+00:00,34,1,2922,4402.0,4402.5,4394.5,4397.0,7917,MESU3
2023-06-22 11:00:00+00:00,34,1,2922,4396.5,4399.0,4391.5,4398.75,12838,MESU3
2023-06-22 12:00:00+00:00,34,1,2922,4398.75,4404.5,4396.5,4398.0,21339,MESU3
2023-06-22 13:00:00+00:00,34,1,2922,4397.75,4409.5,4393.75,4406.0,109663,MESU3
2023-06-22 14:00:00+00:00,34,1,2922,4406.0,4418.75,4398.5,4403.25,147372,MESU3
2023-06-22 15:00:00+00:00,34,1,2922,4403.25,4417.0,4402.75,4414.0,88289,MESU3
2023-06-22 16:00:00+00:00,34,1,2922,4414.25,4415.25,4406.75,4410.5,58061,MESU3
2023-06-22 17:00:00+00:00,34,1,2922,4410.75,4415.5,4402.0,4415.25,61326,MESU3
2023-06-22 18:00:00+00:00,34,1,2922,4415.25,4423.0,4413.0,4422.75,60863,MESU3
2023-06-22 19:00:00+00:00,34,1,2922,4422.75,4424.5,4411.5,4423.75,74468,MESU3
2023-06-22 20:00:00+00:00,34,1,2922,4424.0,4427.0,4420.25,4425.5,15928,MESU3
2023-06-22 22:00:00+00:00,34,1,2922,4425.5,4426.25,4422.5,4425.25,2888,MESU3
2023-06-22 23:00:00+00:00,34,1,2922,4425.25,4426.0,4423.5,4424.0,1904,MESU3
2023-06-23 00:00:00+00:00,34,1,2922,4423.75,4424.0,4420.0,4420.75,4578,MESU3
2023-06-23 01:00:00+00:00,34,1,2922,4420.5,4420.75,4411.0,4412.5,8581,MESU3
2023-06-23 02:00:00+00:00,34,1,2922,4412.5,4413.0,4407.0,4408.5,6765,MESU3
2023-06-23 03:00:00+00:00,34,1,2922,4408.5,4410.5,4405.25,4406.0,5388,MESU3
2023-06-23 04:00:00+00:00,34,1,2922,4406.0,4407.0,4400.5,4403.25,8102,MESU3
2023-06-23 05:00:00+00:00,34,1,2922,4403.25,4407.5,4401.0,4406.5,6537,MESU3
2023-06-23 06:00:00+00:00,34,1,2922,4406.25,4407.5,4402.25,4406.5,5062,MESU3
2023-06-23 07:00:00+00:00,34,1,2922,4406.5,4412.75,4396.0,4402.75,21904,MESU3
2023-06-23 08:00:00+00:00,34,1,2922,4403.0,4406.5,4399.5,4400.75,11534,MESU3
2023-06-23 09:00:00+00:00,34,1,2922,4400.75,4404.75,4400.0,4404.25,6846,MESU3
2023-06-23 10:00:00+00:00,34,1,2922,4404.0,4404.5,4399.0,4400.5,6683,MESU3
2023-06-23 11:00:00+00:00,34,1,2922,4400.5,4407.5,4400.25,4403.5,9652,MESU3
2023-06-23 12:00:00+00:00,34,1,2922,4403.5,4403.75,4386.5,4388.75,36978,MESU3
2023-06-23 13:00:00+00:00,34,1,2922,4388.5,4393.75,4384.0,4391.0,111644,MESU3
2023-06-23 14:00:00+00:00,34,1,2922,4391.0,4399.75,4388.0,4392.75,124150,MESU3
2023-06-23 15:00:00+00:00,34,1,2922,4393.0,4397.0,4385.5,4396.0,75939,MESU3
2023-06-23 16:00:00+00:00,34,1,2922,4395.75,4406.25,4394.25,4403.0,65765,MESU3
2023-06-23 17:00:00+00:00,34,1,2922,4403.0,4408.0,4398.25,4403.0,45420,MESU3
2023-06-23 18:00:00+00:00,34,1,2922,4403.25,4404.0,4386.0,4387.0,76351,MESU3
2023-06-23 19:00:00+00:00,34,1,2922,4387.0,4397.75,4381.75,4390.25,123611,MESU3
2023-06-23 20:00:00+00:00,34,1,2922,4390.25,4392.0,4383.25,4388.25,24211,MESU3
2023-06-25 22:00:00+00:00,34,1,2922,4389.0,4397.75,4388.0,4397.25,8124,MESU3
2023-06-25 23:00:00+00:00,34,1,2922,4397.5,4399.0,4396.0,4398.0,4930,MESU3
2023-06-26 00:00:00+00:00,34,1,2922,4397.75,4398.25,4393.25,4397.25,7113,MESU3
2023-06-26 01:00:00+00:00,34,1,2922,4397.25,4400.75,4393.5,4397.75,7271,MESU3
2023-06-26 02:00:00+00:00,34,1,2922,4398.0,4400.5,4397.5,4399.75,3089,MESU3
2023-06-26 03:00:00+00:00,34,1,2922,4399.75,4402.0,4399.25,4400.25,3778,MESU3
2023-06-26 04:00:00+00:00,34,1,2922,4400.25,4400.5,4396.5,4397.25,2894,MESU3
2023-06-26 05:00:00+00:00,34,1,2922,4397.5,4397.5,4394.5,4395.75,3018,MESU3
2023-06-26 06:00:00+00:00,34,1,2922,4395.75,4396.0,4392.75,4395.0,3655,MESU3
2023-06-26 07:00:00+00:00,34,1,2922,4394.75,4395.25,4375.75,4384.75,24431,MESU3
2023-06-26 08:00:00+00:00,34,1,2922,4385.0,4385.25,4375.5,4378.25,14583,MESU3
2023-06-26 09:00:00+00:00,34,1,2922,4378.5,4386.25,4378.0,4384.75,7671,MESU3
2023-06-26 10:00:00+00:00,34,1,2922,4384.5,4385.25,4381.25,4381.5,5761,MESU3
2023-06-26 11:00:00+00:00,34,1,2922,4381.5,4388.5,4380.75,4387.25,8099,MESU3
2023-06-26 12:00:00+00:00,34,1,2922,4387.25,4390.0,4383.25,4386.5,11968,MESU3
2023-06-26 13:00:00+00:00,34,1,2922,4386.5,4401.25,4382.0,4399.25,80651,MESU3
2023-06-26 14:00:00+00:00,34,1,2922,4399.5,4403.25,4379.75,4391.25,192781,MESU3
2023-06-26 15:00:00+00:00,34,1,2922,4391.5,4391.75,4379.0,4388.0,117950,MESU3
2023-06-26 16:00:00+00:00,34,1,2922,4388.0,4389.25,4372.75,4380.5,134799,MESU3
2023-06-26 17:00:00+00:00,34,1,2922,4380.25,4383.5,4376.0,4378.25,73281,MESU3
2023-06-26 18:00:00+00:00,34,1,2922,4378.0,4385.75,4373.75,4383.25,77638,MESU3
2023-06-26 19:00:00+00:00,34,1,2922,4383.25,4385.75,4368.5,4371.0,105300,MESU3
2023-06-26 20:00:00+00:00,34,1,2922,4371.0,4376.25,4370.75,4374.75,22270,MESU3
2023-06-26 22:00:00+00:00,34,1,2922,4375.5,4377.0,4373.25,4377.0,3777,MESU3
2023-06-26 23:00:00+00:00,34,1,2922,4377.0,4379.25,4376.5,4379.25,3190,MESU3
2023-06-27 00:00:00+00:00,34,1,2922,4379.5,4379.75,4375.75,4376.0,3708,MESU3
2023-06-27 01:00:00+00:00,34,1,2922,4375.75,4379.75,4373.75,4379.5,5644,MESU3
2023-06-27 02:00:00+00:00,34,1,2922,4379.5,4380.5,4378.0,4379.25,3636,MESU3
2023-06-27 03:00:00+00:00,34,1,2922,4379.25,4380.75,4377.75,4378.75,3776,MESU3
2023-06-27 04:00:00+00:00,34,1,2922,4378.75,4381.0,4378.0,4380.0,2049,MESU3
2023-06-27 05:00:00+00:00,34,1,2922,4380.25,4384.0,4379.25,4383.5,3805,MESU3
2023-06-27 06:00:00+00:00,34,1,2922,4383.5,4385.75,4382.0,4382.5,6289,MESU3
2023-06-27 07:00:00+00:00,34,1,2922,4382.5,4387.5,4380.0,4381.5,14072,MESU3
2023-06-27 08:00:00+00:00,34,1,2922,4381.25,4383.5,4376.25,4378.0,9454,MESU3
2023-06-27 09:00:00+00:00,34,1,2922,4378.0,4379.25,4376.5,4377.75,5871,MESU3
2023-06-27 10:00:00+00:00,34,1,2922,4377.75,4381.75,4376.5,4380.75,5109,MESU3
2023-06-27 11:00:00+00:00,34,1,2922,4381.0,4381.25,4371.75,4373.5,10177,MESU3
2023-06-27 12:00:00+00:00,34,1,2922,4373.5,4381.25,4371.25,4377.25,18470,MESU3
2023-06-27 13:00:00+00:00,34,1,2922,4377.25,4389.0,4375.5,4383.25,99591,MESU3
2023-06-27 14:00:00+00:00,34,1,2922,4383.25,4390.25,4374.5,4389.5,181873,MESU3
2023-06-27 15:00:00+00:00,34,1,2922,4389.25,4399.5,4381.0,4398.0,119997,MESU3
2023-06-27 16:00:00+00:00,34,1,2922,4398.25,4410.0,4397.0,4407.25,74504,MESU3
2023-06-27 17:00:00+00:00,34,1,2922,4407.25,4419.5,4404.0,4419.0,67193,MESU3
2023-06-27 18:00:00+00:00,34,1,2922,4419.0,4423.0,4417.5,4418.0,59135,MESU3
2023-06-27 19:00:00+00:00,34,1,2922,4418.25,4424.75,4417.5,4418.25,77699,MESU3
2023-06-27 20:00:00+00:00,34,1,2922,4418.0,4418.5,4413.25,4414.5,18595,MESU3
2023-06-27 22:00:00+00:00,34,1,2922,4414.25,4415.75,4411.0,4411.5,5682,MESU3
2023-06-27 23:00:00+00:00,34,1,2922,4411.25,4412.75,4409.0,4411.0,5573,MESU3
2023-06-28 00:00:00+00:00,34,1,2922,4411.0,4413.25,4407.5,4409.25,5652,MESU3
2023-06-28 01:00:00+00:00,34,1,2922,4409.25,4410.25,4407.25,4408.5,5527,MESU3
2023-06-28 02:00:00+00:00,34,1,2922,4408.5,4412.75,4407.25,4411.5,4793,MESU3
2023-06-28 03:00:00+00:00,34,1,2922,4411.25,4413.0,4410.75,4411.25,2761,MESU3
2023-06-28 04:00:00+00:00,34,1,2922,4411.25,4411.75,4408.75,4409.75,2480,MESU3
2023-06-28 05:00:00+00:00,34,1,2922,4409.5,4413.25,4409.0,4412.75,4926,MESU3
2023-06-28 06:00:00+00:00,34,1,2922,4413.0,4413.5,4410.25,4411.25,4976,MESU3
2023-06-28 07:00:00+00:00,34,1,2922,4411.25,4414.75,4408.25,4410.25,11519,MESU3
2023-06-28 08:00:00+00:00,34,1,2922,4410.0,4413.5,4406.5,4407.5,7747,MESU3
2023-06-28 09:00:00+00:00,34,1,2922,4407.5,4411.0,4407.0,4409.75,5425,MESU3
2023-06-28 10:00:00+00:00,34,1,2922,4410.25,4414.0,4409.75,4413.0,5575,MESU3
2023-06-28 11:00:00+00:00,34,1,2922,4412.75,4416.75,4410.0,4410.25,9676,MESU3
2023-06-28 12:00:00+00:00,34,1,2922,4410.25,4412.25,4406.0,4408.25,16288,MESU3
2023-06-28 13:00:00+00:00,34,1,2922,4408.0,4409.25,4399.25,4407.5,127824,MESU3
2023-06-28 14:00:00+00:00,34,1,2922,4407.5,4420.5,4399.75,4414.5,181968,MESU3
2023-06-28 15:00:00+00:00,34,1,2922,4414.5,4423.0,4409.25,4422.0,113671,MESU3
2023-06-28 16:00:00+00:00,34,1,2922,4421.75,4430.25,4400.75,4406.75,133810,MESU3
2023-06-28 17:00:00+00:00,34,1,2922,4406.75,4415.0,4402.5,4409.5,79119,MESU3
2023-06-28 18:00:00+00:00,34,1,2922,4409.5,4416.25,4408.25,4410.75,60307,MESU3
2023-06-28 19:00:00+00:00,34,1,2922,4411.0,4421.0,4401.25,4420.75,104376,MESU3
2023-06-28 20:00:00+00:00,34,1,2922,4421.0,4425.75,4418.5,4422.5,29208,MESU3
2023-06-28 22:00:00+00:00,34,1,2922,4423.0,4429.75,4422.5,4428.0,5412,MESU3
2023-06-28 23:00:00+00:00,34,1,2922,4428.0,4428.5,4425.75,4426.25,2279,MESU3
2023-06-29 00:00:00+00:00,34,1,2922,4426.25,4428.25,4425.25,4427.0,3726,MESU3
2023-06-29 01:00:00+00:00,34,1,2922,4427.0,4429.0,4424.75,4425.0,2916,MESU3
2023-06-29 02:00:00+00:00,34,1,2922,4424.75,4425.25,4421.75,4421.75,4139,MESU3
2023-06-29 03:00:00+00:00,34,1,2922,4422.0,4422.75,4418.75,4420.5,4240,MESU3
2023-06-29 04:00:00+00:00,34,1,2922,4420.5,4421.5,4419.25,4419.75,2192,MESU3
2023-06-29 05:00:00+00:00,34,1,2922,4420.0,4423.0,4417.25,4419.75,4330,MESU3
2023-06-29 06:00:00+00:00,34,1,2922,4419.5,4419.75,4416.5,4417.5,3713,MESU3
2023-06-29 07:00:00+00:00,34,1,2922,4417.0,4419.75,4414.75,4417.0,7713,MESU3
2023-06-29 08:00:00+00:00,34,1,2922,4417.25,4424.5,4416.5,4423.5,8538,MESU3
2023-06-29 09:00:00+00:00,34,1,2922,4423.75,4427.75,4421.25,4427.25,5624,MESU3
2023-06-29 10:00:00+00:00,34,1,2922,4427.25,4432.5,4425.75,4430.25,7891,MESU3
2023-06-29 11:00:00+00:00,34,1,2922,4430.25,4432.5,4428.5,4430.25,7636,MESU3
2023-06-29 12:00:00+00:00,34,1,2922,4430.25,4437.0,4420.5,4422.0,35579,MESU3
2023-06-29 13:00:00+00:00,34,1,2922,4422.0,4424.0,4409.75,4421.0,126049,MESU3
2023-06-29 14:00:00+00:00,34,1,2922,4421.25,4428.0,4413.0,4418.25,187724,MESU3
2023-06-29 15:00:00+00:00,34,1,2922,4418.0,4433.25,4417.0,4431.75,98922,MESU3
2023-06-29 16:00:00+00:00,34,1,2922,4431.75,4437.75,4427.0,4431.25,72917,MESU3
2023-06-29 17:00:00+00:00,34,1,2922,4431.25,4432.25,4423.5,4425.25,74641,MESU3
2023-06-29 18:00:00+00:00,34,1,2922,4425.25,4428.5,4418.0,4428.25,73897,MESU3
2023-06-29 19:00:00+00:00,34,1,2922,4428.5,4436.75,4425.75,4436.25,89005,MESU3
2023-06-29 20:00:00+00:00,34,1,2922,4436.25,4438.0,4434.75,4435.5,15612,MESU3
2023-06-29 22:00:00+00:00,34,1,2922,4435.25,4436.5,4434.0,4435.75,2696,MESU3
2023-06-29 23:00:00+00:00,34,1,2922,4435.75,4438.75,4435.5,4437.25,2915,MESU3
2023-06-30 00:00:00+00:00,34,1,2922,4437.25,4438.0,4433.0,4435.25,5561,MESU3
2023-06-30 01:00:00+00:00,34,1,2922,4435.25,4440.5,4435.25,4439.5,5939,MESU3
2023-06-30 02:00:00+00:00,34,1,2922,4439.5,4442.25,4438.75,4439.25,3445,MESU3
2023-06-30 03:00:00+00:00,34,1,2922,4439.25,4440.25,4436.0,4437.0,3166,MESU3
2023-06-30 04:00:00+00:00,34,1,2922,4437.25,4438.0,4436.25,4437.5,1530,MESU3
2023-06-30 05:00:00+00:00,34,1,2922,4437.75,4443.0,4437.75,4441.25,3862,MESU3
2023-06-30 06:00:00+00:00,34,1,2922,4441.25,4441.5,4436.5,4436.75,3973,MESU3
2023-06-30 07:00:00+00:00,34,1,2922,4436.75,4441.25,4435.75,4440.5,7035,MESU3
2023-06-30 08:00:00+00:00,34,1,2922,4440.5,4447.0,4440.25,4445.75,7880,MESU3
2023-06-30 09:00:00+00:00,34,1,2922,4446.0,4451.0,4445.5,4449.0,8722,MESU3
2023-06-30 10:00:00+00:00,34,1,2922,4449.25,4456.0,4448.75,4453.25,9766,MESU3
2023-06-30 11:00:00+00:00,34,1,2922,4453.25,4454.75,4449.75,4451.25,8185,MESU3
2023-06-30 12:00:00+00:00,34,1,2922,4451.25,4466.5,4451.25,4464.5,36525,MESU3
2023-06-30 13:00:00+00:00,34,1,2922,4464.5,4480.75,4464.25,4477.25,101571,MESU3
2023-06-30 14:00:00+00:00,34,1,2922,4477.75,4487.5,4474.5,4480.75,123357,MESU3
2023-06-30 15:00:00+00:00,34,1,2922,4481.0,4485.5,4474.0,4478.75,79418,MESU3
2023-06-30 16:00:00+00:00,34,1,2922,4478.75,4490.5,4476.75,4489.5,60186,MESU3
2023-06-30 17:00:00+00:00,34,1,2922,4489.5,4494.0,4487.0,4492.75,50253,MESU3
2023-06-30 18:00:00+00:00,34,1,2922,4492.75,4496.0,4491.0,4493.75,54628,MESU3
2023-06-30 19:00:00+00:00,34,1,2922,4493.75,4498.25,4485.5,4486.5,112534,MESU3
2023-06-30 20:00:00+00:00,34,1,2922,4486.5,4488.0,4480.75,4482.5,34094,MESU3
2023-07-02 22:00:00+00:00,34,1,2922,4485.0,4491.75,4485.0,4486.5,6214,MESU3
2023-07-02 23:00:00+00:00,34,1,2922,4486.25,4489.5,4486.25,4489.25,3700,MESU3
2023-07-03 00:00:00+00:00,34,1,2922,4489.5,4490.75,4485.0,4486.0,4628,MESU3
2023-07-03 01:00:00+00:00,34,1,2922,4486.25,4488.75,4484.75,4487.25,3397,MESU3
2023-07-03 02:00:00+00:00,34,1,2922,4487.25,4488.25,4486.25,4487.75,1967,MESU3
2023-07-03 03:00:00+00:00,34,1,2922,4487.75,4489.5,4486.25,4488.75,2136,MESU3
2023-07-03 04:00:00+00:00,34,1,2922,4488.75,4489.5,4487.5,4488.75,1240,MESU3
2023-07-03 05:00:00+00:00,34,1,2922,4488.75,4490.0,4487.5,4487.75,1552,MESU3
2023-07-03 06:00:00+00:00,34,1,2922,4487.75,4488.0,4484.75,4486.5,3822,MESU3
2023-07-03 07:00:00+00:00,34,1,2922,4486.5,4489.0,4486.25,4489.0,4222,MESU3
2023-07-03 08:00:00+00:00,34,1,2922,4489.0,4492.5,4488.25,4490.75,6639,MESU3
2023-07-03 09:00:00+00:00,34,1,2922,4490.75,4491.25,4488.5,4489.25,2951,MESU3
2023-07-03 10:00:00+00:00,34,1,2922,4489.5,4493.25,4486.25,4489.5,5535,MESU3
2023-07-03 11:00:00+00:00,34,1,2922,4489.5,4490.25,4484.0,4484.75,7403,MESU3
2023-07-03 12:00:00+00:00,34,1,2922,4485.0,4486.25,4482.75,4484.5,11330,MESU3
2023-07-03 13:00:00+00:00,34,1,2922,4484.5,4488.5,4479.5,4488.0,53792,MESU3
2023-07-03 14:00:00+00:00,34,1,2922,4486.75,4490.0,4483.0,4485.0,70537,MESU3
2023-07-03 15:00:00+00:00,34,1,2922,4485.0,4490.0,4484.25,4489.0,36274,MESU3
2023-07-03 16:00:00+00:00,34,1,2922,4489.25,4494.0,4488.5,4492.25,45073,MESU3
2023-07-03 17:00:00+00:00,34,1,2922,4492.25,4492.5,4489.0,4491.75,7019,MESU3
2023-07-03 22:00:00+00:00,34,1,2922,4491.75,4492.25,4487.25,4489.25,1708,MESU3
2023-07-03 23:00:00+00:00,34,1,2922,4489.25,4490.25,4487.25,4488.25,970,MESU3
2023-07-04 00:00:00+00:00,34,1,2922,4488.0,4491.25,4487.0,4490.0,1600,MESU3
2023-07-04 01:00:00+00:00,34,1,2922,4490.0,4491.5,4488.25,4491.25,1162,MESU3
2023-07-04 02:00:00+00:00,34,1,2922,4491.25,4491.5,4489.25,4490.0,511,MESU3
2023-07-04 03:00:00+00:00,34,1,2922,4490.0,4492.0,4490.0,4491.25,805,MESU3
2023-07-04 04:00:00+00:00,34,1,2922,4491.5,4493.0,4491.0,4491.75,1195,MESU3
2023-07-04 05:00:00+00:00,34,1,2922,4491.75,4493.0,4490.75,4491.0,1266,MESU3
2023-07-04 06:00:00+00:00,34,1,2922,4491.0,4492.25,4489.5,4492.25,1598,MESU3
2023-07-04 07:00:00+00:00,34,1,2922,4492.25,4493.75,4490.75,4493.0,2192,MESU3
2023-07-04 08:00:00+00:00,34,1,2922,4492.75,4492.75,4487.25,4488.5,2252,MESU3
2023-07-04 09:00:00+00:00,34,1,2922,4488.25,4490.5,4487.25,4490.0,2536,MESU3
2023-07-04 10:00:00+00:00,34,1,2922,4490.0,4490.25,4486.25,4488.5,1645,MESU3
2023-07-04 11:00:00+00:00,34,1,2922,4488.75,4491.5,4488.25,4490.25,1436,MESU3
2023-07-04 12:00:00+00:00,34,1,2922,4490.25,4491.75,4489.5,4490.25,2060,MESU3
2023-07-04 13:00:00+00:00,34,1,2922,4490.25,4491.75,4487.75,4490.75,4047,MESU3
2023-07-04 14:00:00+00:00,34,1,2922,4490.75,4491.25,4488.25,4489.75,3561,MESU3
2023-07-04 15:00:00+00:00,34,1,2922,4489.75,4491.5,4489.5,4490.25,2680,MESU3
2023-07-04 16:00:00+00:00,34,1,2922,4490.0,4490.5,4489.25,4490.25,1895,MESU3
2023-07-04 22:00:00+00:00,34,1,2922,4490.25,4491.0,4488.25,4489.25,2048,MESU3
2023-07-04 23:00:00+00:00,34,1,2922,4489.0,4490.0,4488.0,4489.25,1324,MESU3
2023-07-05 00:00:00+00:00,34,1,2922,4489.25,4491.0,4487.75,4491.0,2795,MESU3
2023-07-05 01:00:00+00:00,34,1,2922,4491.0,4492.75,4489.75,4491.75,2514,MESU3
2023-07-05 02:00:00+00:00,34,1,2922,4492.0,4492.0,4489.25,4489.5,1625,MESU3
2023-07-05 03:00:00+00:00,34,1,2922,4489.25,4489.75,4488.0,4489.0,1394,MESU3
2023-07-05 04:00:00+00:00,34,1,2922,4489.0,4489.25,4487.75,4488.25,1119,MESU3
2023-07-05 05:00:00+00:00,34,1,2922,4488.25,4489.25,4487.75,4488.0,1178,MESU3
2023-07-05 06:00:00+00:00,34,1,2922,4488.0,4488.5,4478.75,4480.0,6961,MESU3
2023-07-05 07:00:00+00:00,34,1,2922,4480.0,4484.0,4478.75,4481.25,8424,MESU3
2023-07-05 08:00:00+00:00,34,1,2922,4481.25,4483.25,4479.0,4480.0,5874,MESU3
2023-07-05 09:00:00+00:00,34,1,2922,4480.0,4480.5,4467.75,4471.75,12409,MESU3
2023-07-05 10:00:00+00:00,34,1,2922,4471.5,4475.25,4470.25,4474.0,5817,MESU3
2023-07-05 11:00:00+00:00,34,1,2922,4474.0,4474.5,4468.75,4469.25,8002,MESU3
2023-07-05 12:00:00+00:00,34,1,2922,4469.0,4470.0,4466.25,4468.25,13576,MESU3
2023-07-05 13:00:00+00:00,34,1,2922,4468.25,4485.75,4467.5,4484.25,86186,MESU3
2023-07-05 14:00:00+00:00,34,1,2922,4484.5,4490.75,4481.5,4490.25,101180,MESU3
2023-07-05 15:00:00+00:00,34,1,2922,4490.25,4491.0,4483.75,4485.25,62381,MESU3
2023-07-05 16:00:00+00:00,34,1,2922,4485.0,4486.0,4479.25,4483.75,67435,MESU3
2023-07-05 17:00:00+00:00,34,1,2922,4483.75,4486.0,4481.75,4485.0,30638,MESU3
2023-07-05 18:00:00+00:00,34,1,2922,4485.25,4488.25,4475.0,4487.25,80415,MESU3
2023-07-05 19:00:00+00:00,34,1,2922,4487.0,4490.0,4483.0,4483.5,54404,MESU3
2023-07-05 20:00:00+00:00,34,1,2922,4483.5,4484.25,4481.75,4482.25,10899,MESU3
2023-07-05 22:00:00+00:00,34,1,2922,4482.0,4483.25,4480.5,4481.0,2276,MESU3
2023-07-05 23:00:00+00:00,34,1,2922,4480.75,4483.0,4479.75,4480.75,1971,MESU3
2023-07-06 00:00:00+00:00,34,1,2922,4480.75,4481.0,4476.5,4477.0,4856,MESU3
2023-07-06 01:00:00+00:00,34,1,2922,4477.0,4480.0,4476.5,4479.75,2578,MESU3
2023-07-06 02:00:00+00:00,34,1,2922,4480.0,4480.5,4476.25,4477.0,3100,MESU3
2023-07-06 03:00:00+00:00,34,1,2922,4477.0,4477.5,4469.0,4469.75,6355,MESU3
2023-07-06 04:00:00+00:00,34,1,2922,4469.5,4470.0,4464.0,4467.5,8316,MESU3
2023-07-06 05:00:00+00:00,34,1,2922,4468.0,4468.75,4464.25,4467.5,5113,MESU3
2023-07-06 06:00:00+00:00,34,1,2922,4467.25,4471.0,4466.75,4469.0,6215,MESU3
2023-07-06 07:00:00+00:00,34,1,2922,4468.75,4469.0,4461.75,4464.0,13932,MESU3
2023-07-06 08:00:00+00:00,34,1,2922,4464.0,4467.5,4462.25,4464.5,7896,MESU3
2023-07-06 09:00:00+00:00,34,1,2922,4464.25,4466.25,4461.25,4464.75,5711,MESU3
2023-07-06 10:00:00+00:00,34,1,2922,4464.75,4466.75,4462.5,4463.75,6292,MESU3
2023-07-06 11:00:00+00:00,34,1,2922,4464.0,4467.25,4461.0,4462.0,9251,MESU3
2023-07-06 12:00:00+00:00,34,1,2922,4461.5,4462.0,4442.0,4446.5,50124,MESU3
2023-07-06 13:00:00+00:00,34,1,2922,4446.5,4448.0,4428.75,4434.25,126338,MESU3
2023-07-06 14:00:00+00:00,34,1,2922,4434.25,4434.5,4420.5,4421.0,136337,MESU3
2023-07-06 15:00:00+00:00,34,1,2922,4421.25,4431.5,4419.25,4430.5,96106,MESU3
2023-07-06 16:00:00+00:00,34,1,2922,4430.75,4442.5,4430.5,4441.5,72994,MESU3
2023-07-06 17:00:00+00:00,34,1,2922,4441.5,4447.5,4439.5,4446.75,63203,MESU3
2023-07-06 18:00:00+00:00,34,1,2922,4446.75,4450.75,4442.0,4450.25,55962,MESU3
2023-07-06 19:00:00+00:00,34,1,2922,4450.25,4450.5,4444.25,4446.5,78053,MESU3
2023-07-06 20:00:00+00:00,34,1,2922,4446.5,4448.75,4443.75,4445.0,13081,MESU3
2023-07-06 22:00:00+00:00,34,1,2922,4442.25,4446.5,4441.0,4445.25,2766,MESU3
2023-07-06 23:00:00+00:00,34,1,2922,4445.25,4447.25,4444.75,4445.25,2253,MESU3
2023-07-07 00:00:00+00:00,34,1,2922,4445.25,4447.0,4441.75,4446.75,4632,MESU3
2023-07-07 01:00:00+00:00,34,1,2922,4446.75,4448.0,4442.75,4444.0,3805,MESU3
2023-07-07 02:00:00+00:00,34,1,2922,4444.0,4446.25,4442.5,4445.5,2967,MESU3
2023-07-07 03:00:00+00:00,34,1,2922,4445.5,4447.0,4444.75,4445.75,1432,MESU3
2023-07-07 04:00:00+00:00,34,1,2922,4445.75,4445.75,4442.75,4443.25,2459,MESU3
2023-07-07 05:00:00+00:00,34,1,2922,4443.25,4446.75,4442.0,4442.5,4081,MESU3
2023-07-07 06:00:00+00:00,34,1,2922,4442.5,4444.5,4439.5,4439.75,5029,MESU3
2023-07-07 07:00:00+00:00,34,1,2922,4440.0,4440.75,4434.25,4438.5,13817,MESU3
2023-07-07 08:00:00+00:00,34,1,2922,4438.75,4443.0,4435.0,4441.5,8292,MESU3
2023-07-07 09:00:00+00:00,34,1,2922,4441.75,4446.0,4441.0,4443.5,5725,MESU3
2023-07-07 10:00:00+00:00,34,1,2922,4443.75,4444.75,4440.5,4444.0,4773,MESU3
2023-07-07 11:00:00+00:00,34,1,2922,4444.0,4445.5,4441.75,4442.25,5534,MESU3
2023-07-07 12:00:00+00:00,34,1,2922,4442.0,4454.0,4434.75,4439.0,63691,MESU3
2023-07-07 13:00:00+00:00,34,1,2922,4439.0,4450.75,4431.25,4450.5,126286,MESU3
2023-07-07 14:00:00+00:00,34,1,2922,4450.25,4451.25,4436.75,4447.5,114478,MESU3
2023-07-07 15:00:00+00:00,34,1,2922,4447.5,4453.0,4445.5,4452.75,57087,MESU3
2023-07-07 16:00:00+00:00,34,1,2922,4452.75,4472.5,4452.5,4472.0,87481,MESU3
2023-07-07 17:00:00+00:00,34,1,2922,4472.25,4476.0,4464.25,4467.25,63833,MESU3
2023-07-07 18:00:00+00:00,34,1,2922,4467.25,4468.25,4460.0,4461.0,45019,MESU3
2023-07-07 19:00:00+00:00,34,1,2922,4461.25,4462.0,4431.75,4434.75,129336,MESU3
2023-07-07 20:00:00+00:00,34,1,2922,4434.75,4440.25,4434.0,4438.0,18453,MESU3
2023-07-09 22:00:00+00:00,34,1,2922,4437.75,4440.0,4430.5,4439.0,11148,MESU3
2023-07-09 23:00:00+00:00,34,1,2922,4439.0,4439.75,4436.25,4437.5,3526,MESU3
2023-07-10 00:00:00+00:00,34,1,2922,4437.25,4437.5,4427.75,4430.75,10275,MESU3
2023-07-10 01:00:00+00:00,34,1,2922,4431.0,4434.25,4423.5,4425.5,11443,MESU3
2023-07-10 02:00:00+00:00,34,1,2922,4425.75,4428.0,4425.25,4426.75,4929,MESU3
2023-07-10 03:00:00+00:00,34,1,2922,4426.75,4428.75,4422.5,4424.5,6139,MESU3
2023-07-10 04:00:00+00:00,34,1,2922,4424.25,4428.5,4422.5,4426.5,4118,MESU3
2023-07-10 05:00:00+00:00,34,1,2922,4426.5,4427.0,4413.5,4414.25,13265,MESU3
2023-07-10 06:00:00+00:00,34,1,2922,4414.0,4416.75,4411.0,4416.0,10015,MESU3
2023-07-10 07:00:00+00:00,34,1,2922,4415.75,4420.0,4411.25,4418.5,13788,MESU3
2023-07-10 08:00:00+00:00,34,1,2922,4418.5,4427.25,4417.75,4423.75,10688,MESU3
2023-07-10 09:00:00+00:00,34,1,2922,4423.75,4427.25,4423.25,4425.0,5307,MESU3
2023-07-10 10:00:00+00:00,34,1,2922,4425.25,4430.0,4422.75,4429.5,5433,MESU3
2023-07-10 11:00:00+00:00,34,1,2922,4429.75,4436.0,4429.25,4434.75,13661,MESU3
2023-07-10 12:00:00+00:00,34,1,2922,4435.0,4438.5,4429.75,4431.75,19123,MESU3
2023-07-10 13:00:00+00:00,34,1,2922,4431.75,4442.0,4428.5,4439.25,104926,MESU3
2023-07-10 14:00:00+00:00,34,1,2922,4439.25,4446.75,4431.75,4434.75,127040,MESU3
2023-07-10 15:00:00+00:00,34,1,2922,4434.5,4439.25,4428.0,4432.5,90094,MESU3
2023-07-10 16:00:00+00:00,34,1,2922,4432.75,4438.25,4423.75,4437.25,82305,MESU3
2023-07-10 17:00:00+00:00,34,1,2922,4437.25,4442.75,4435.75,4438.0,47025,MESU3
2023-07-10 18:00:00+00:00,34,1,2922,4438.25,4442.75,4433.5,4441.0,49931,MESU3
2023-07-10 19:00:00+00:00,34,1,2922,4441.25,4445.75,4434.75,4445.5,55057,MESU3
2023-07-10 20:00:00+00:00,34,1,2922,4445.5,4448.25,4444.5,4445.25,16294,MESU3
2023-07-10 22:00:00+00:00,34,1,2922,4445.5,4446.5,4442.75,4445.25,3175,MESU3
2023-07-10 23:00:00+00:00,34,1,2922,4445.5,4446.0,4443.25,4446.0,2336,MESU3
2023-07-11 00:00:00+00:00,34,1,2922,4445.75,4447.75,4442.75,4447.25,4399,MESU3
2023-07-11 01:00:00+00:00,34,1,2922,4447.5,4449.25,4444.25,4444.75,4063,MESU3
2023-07-11 02:00:00+00:00,34,1,2922,4444.75,4447.75,4443.75,4447.5,3467,MESU3
2023-07-11 03:00:00+00:00,34,1,2922,4447.25,4448.0,4446.5,4447.0,2014,MESU3
2023-07-11 04:00:00+00:00,34,1,2922,4447.25,4447.25,4445.25,4447.25,1910,MESU3
2023-07-11 05:00:00+00:00,34,1,2922,4447.0,4449.25,4444.0,4449.25,3813,MESU3
2023-07-11 06:00:00+00:00,34,1,2922,4448.75,4456.0,4448.25,4452.5,8126,MESU3
2023-07-11 07:00:00+00:00,34,1,2922,4452.5,4454.0,4444.5,4444.75,9415,MESU3
2023-07-11 08:00:00+00:00,34,1,2922,4444.75,4447.0,4439.0,4442.25,10193,MESU3
2023-07-11 09:00:00+00:00,34,1,2922,4442.25,4451.0,4440.25,4450.5,9087,MESU3
2023-07-11 10:00:00+00:00,34,1,2922,4450.5,4451.5,4447.25,4447.5,6896,MESU3
2023-07-11 11:00:00+00:00,34,1,2922,4447.75,4454.25,4447.25,4453.75,9417,MESU3
2023-07-11 12:00:00+00:00,34,1,2922,4453.75,4457.25,4450.25,4456.25,18480,MESU3
2023-07-11 13:00:00+00:00,34,1,2922,4456.25,4458.75,4444.25,4451.75,99180,MESU3
2023-07-11 14:00:00+00:00,34,1,2922,4451.75,4455.75,4442.0,4454.25,110334,MESU3
2023-07-11 15:00:00+00:00,34,1,2922,4454.25,4463.0,4451.5,4462.75,73534,MESU3
2023-07-11 16:00:00+00:00,34,1,2922,4462.75,4465.25,4452.25,4459.25,67912,MESU3
2023-07-11 17:00:00+00:00,34,1,2922,4459.5,4461.5,4453.0,4458.25,42543,MESU3
2023-07-11 18:00:00+00:00,34,1,2922,4458.25,4462.5,4450.5,4462.0,61394,MESU3
2023-07-11 19:00:00+00:00,34,1,2922,4462.0,4478.5,4459.0,4473.0,93796,MESU3
2023-07-11 20:00:00+00:00,34,1,2922,4473.25,4473.25,4470.25,4472.25,14805,MESU3
2023-07-11 22:00:00+00:00,34,1,2922,4471.5,4475.0,4469.0,4475.0,3601,MESU3
2023-07-11 23:00:00+00:00,34,1,2922,4474.75,4476.5,4471.5,4472.25,5087,MESU3
2023-07-12 00:00:00+00:00,34,1,2922,4472.25,4473.25,4470.25,4471.25,3352,MESU3
2023-07-12 01:00:00+00:00,34,1,2922,4471.25,4473.25,4470.25,4471.25,3372,MESU3
2023-07-12 02:00:00+00:00,34,1,2922,4471.0,4475.25,4471.0,4475.0,2687,MESU3
2023-07-12 03:00:00+00:00,34,1,2922,4475.0,4476.25,4474.25,4475.0,2552,MESU3
2023-07-12 04:00:00+00:00,34,1,2922,4474.75,4478.0,4474.75,4476.25,2198,MESU3
2023-07-12 05:00:00+00:00,34,1,2922,4476.5,4477.5,4475.25,4476.0,2130,MESU3
2023-07-12 06:00:00+00:00,34,1,2922,4476.0,4479.5,4474.5,4475.5,4327,MESU3
2023-07-12 07:00:00+00:00,34,1,2922,4475.75,4480.75,4474.25,4479.5,6142,MESU3
2023-07-12 08:00:00+00:00,34,1,2922,4479.5,4481.75,4478.0,4481.0,6175,MESU3
2023-07-12 09:00:00+00:00,34,1,2922,4480.75,4484.0,4480.5,4482.5,5798,MESU3
2023-07-12 10:00:00+00:00,34,1,2922,4482.5,4482.75,4480.0,4480.25,4325,MESU3
2023-07-12 11:00:00+00:00,34,1,2922,4480.25,4486.5,4479.75,4485.0,8633,MESU3
2023-07-12 12:00:00+00:00,34,1,2922,4485.0,4510.75,4482.0,4505.0,72087,MESU3
2023-07-12 13:00:00+00:00,34,1,2922,4505.0,4519.25,4504.25,4517.75,129192,MESU3
2023-07-12 14:00:00+00:00,34,1,2922,4517.75,4523.5,4513.75,4518.5,111479,MESU3
2023-07-12 15:00:00+00:00,34,1,2922,4518.5,4519.75,4498.25,4500.0,139860,MESU3
2023-07-12 16:00:00+00:00,34,1,2922,4500.0,4510.25,4496.75,4506.75,101902,MESU3
2023-07-12 17:00:00+00:00,34,1,2922,4506.5,4513.0,4504.75,4512.0,52060,MESU3
2023-07-12 18:00:00+00:00,34,1,2922,4512.0,4516.0,4508.5,4511.25,60517,MESU3
2023-07-12 19:00:00+00:00,34,1,2922,4511.25,4512.25,4500.0,4509.25,105477,MESU3
2023-07-12 20:00:00+00:00,34,1,2922,4509.25,4512.25,4507.75,4509.75,19520,MESU3
2023-07-12 22:00:00+00:00,34,1,2922,4510.0,4515.5,4509.25,4513.25,4543,MESU3
2023-07-12 23:00:00+00:00,34,1,2922,4513.25,4514.25,4511.75,4512.75,1870,MESU3
2023-07-13 00:00:00+00:00,34,1,2922,4512.75,4515.75,4511.75,4514.75,3223,MESU3
2023-07-13 01:00:00+00:00,34,1,2922,4514.5,4514.75,4511.5,4513.75,3006,MESU3
2023-07-13 02:00:00+00:00,34,1,2922,4514.0,4515.75,4513.25,4515.25,2017,MESU3
2023-07-13 03:00:00+00:00,34,1,2922,4515.25,4519.25,4515.0,4519.0,5313,MESU3
2023-07-13 04:00:00+00:00,34,1,2922,4519.0,4520.75,4516.5,4516.75,5157,MESU3
2023-07-13 05:00:00+00:00,34,1,2922,4516.75,4519.0,4515.75,4516.75,3590,MESU3
2023-07-13 06:00:00+00:00,34,1,2922,4516.75,4519.25,4515.0,4517.5,4550,MESU3
2023-07-13 07:00:00+00:00,34,1,2922,4517.25,4521.75,4515.0,4520.75,8156,MESU3
2023-07-13 08:00:00+00:00,34,1,2922,4520.5,4523.75,4519.0,4522.75,7707,MESU3
2023-07-13 09:00:00+00:00,34,1,2922,4523.0,4525.5,4519.5,4520.5,8274,MESU3
2023-07-13 10:00:00+00:00,34,1,2922,4520.25,4523.5,4518.25,4522.5,5600,MESU3
2023-07-13 11:00:00+00:00,34,1,2922,4522.25,4524.5,4519.75,4524.25,6572,MESU3
2023-07-13 12:00:00+00:00,34,1,2922,4524.5,4527.5,4517.75,4524.25,25580,MESU3
2023-07-13 13:00:00+00:00,34,1,2922,4524.25,4532.25,4521.5,4531.25,93925,MESU3
2023-07-13 14:00:00+00:00,34,1,2922,4531.25,4531.75,4525.0,4530.75,116181,MESU3
2023-07-13 15:00:00+00:00,34,1,2922,4531.0,4533.75,4525.75,4531.5,72529,MESU3
2023-07-13 16:00:00+00:00,34,1,2922,4531.75,4536.5,4530.75,4533.75,57803,MESU3
2023-07-13 17:00:00+00:00,34,1,2922,4533.5,4535.75,4528.75,4534.0,39648,MESU3
2023-07-13 18:00:00+00:00,34,1,2922,4534.0,4540.25,4533.5,4540.25,59538,MESU3
2023-07-13 19:00:00+00:00,34,1,2922,4540.25,4551.5,4539.25,4542.5,104461,MESU3
2023-07-13 20:00:00+00:00,34,1,2922,4542.5,4543.75,4538.25,4539.25,19802,MESU3
2023-07-13 22:00:00+00:00,34,1,2922,4539.0,4542.5,4538.75,4541.5,3852,MESU3
2023-07-13 23:00:00+00:00,34,1,2922,4541.5,4543.0,4538.0,4540.75,3477,MESU3
2023-07-14 00:00:00+00:00,34,1,2922,4540.5,4540.5,4534.25,4536.25,7233,MESU3
2023-07-14 01:00:00+00:00,34,1,2922,4536.25,4538.5,4535.25,4538.0,4227,MESU3
2023-07-14 02:00:00+00:00,34,1,2922,4538.25,4541.75,4537.75,4540.75,4395,MESU3
2023-07-14 03:00:00+00:00,34,1,2922,4541.0,4543.0,4540.25,4541.75,2876,MESU3
2023-07-14 04:00:00+00:00,34,1,2922,4541.75,4542.0,4540.0,4540.5,1837,MESU3
2023-07-14 05:00:00+00:00,34,1,2922,4540.75,4542.5,4538.5,4542.5,2876,MESU3
2023-07-14 06:00:00+00:00,34,1,2922,4542.25,4543.5,4536.0,4536.75,4659,MESU3
2023-07-14 07:00:00+00:00,34,1,2922,4536.5,4542.25,4536.5,4541.5,5586,MESU3
2023-07-14 08:00:00+00:00,34,1,2922,4541.5,4543.0,4540.0,4540.25,5680,MESU3
2023-07-14 09:00:00+00:00,34,1,2922,4540.25,4541.75,4538.0,4540.25,4847,MESU3
2023-07-14 10:00:00+00:00,34,1,2922,4540.0,4547.0,4539.75,4545.75,12284,MESU3
2023-07-14 11:00:00+00:00,34,1,2922,4545.75,4550.25,4545.75,4548.0,10672,MESU3
2023-07-14 12:00:00+00:00,34,1,2922,4548.25,4553.5,4547.75,4551.5,15490,MESU3
2023-07-14 13:00:00+00:00,34,1,2922,4551.75,4557.5,4548.5,4556.75,82249,MESU3
2023-07-14 14:00:00+00:00,34,1,2922,4556.75,4560.5,4541.75,4548.25,161448,MESU3
2023-07-14 15:00:00+00:00,34,1,2922,4548.0,4555.0,4547.0,4551.5,79323,MESU3
2023-07-14 16:00:00+00:00,34,1,2922,4551.75,4552.0,4542.0,4544.5,69508,MESU3
2023-07-14 17:00:00+00:00,34,1,2922,4544.5,4548.0,4538.25,4545.0,66272,MESU3
2023-07-14 18:00:00+00:00,34,1,2922,4545.0,4549.25,4538.25,4539.0,64239,MESU3
2023-07-14 19:00:00+00:00,34,1,2922,4539.0,4541.75,4531.0,4539.25,111597,MESU3
2023-07-14 20:00:00+00:00,34,1,2922,4539.0,4539.25,4535.0,4535.0,16178,MESU3
2023-07-16 22:00:00+00:00,34,1,2922,4535.75,4536.5,4529.5,4530.5,6339,MESU3
2023-07-16 23:00:00+00:00,34,1,2922,4530.5,4531.0,4527.75,4529.5,3680,MESU3
2023-07-17 00:00:00+00:00,34,1,2922,4529.25,4532.25,4528.25,4530.75,3848,MESU3
2023-07-17 01:00:00+00:00,34,1,2922,4531.0,4534.75,4530.25,4532.0,3919,MESU3
2023-07-17 02:00:00+00:00,34,1,2922,4531.75,4534.0,4530.0,4532.25,2701,MESU3
2023-07-17 03:00:00+00:00,34,1,2922,4532.5,4533.75,4532.0,4532.5,1091,MESU3
2023-07-17 04:00:00+00:00,34,1,2922,4532.5,4533.5,4531.5,4533.0,1032,MESU3
2023-07-17 05:00:00+00:00,34,1,2922,4533.0,4534.75,4532.75,4533.5,1732,MESU3
2023-07-17 06:00:00+00:00,34,1,2922,4533.5,4534.0,4531.5,4533.5,2234,MESU3
2023-07-17 07:00:00+00:00,34,1,2922,4533.75,4538.0,4531.5,4537.5,7268,MESU3
2023-07-17 08:00:00+00:00,34,1,2922,4537.5,4539.25,4534.25,4535.0,6042,MESU3
2023-07-17 09:00:00+00:00,34,1,2922,4535.0,4536.75,4529.5,4530.25,6986,MESU3
2023-07-17 10:00:00+00:00,34,1,2922,4530.25,4532.5,4528.75,4529.25,5352,MESU3
2023-07-17 11:00:00+00:00,34,1,2922,4529.25,4534.0,4529.0,4530.25,5690,MESU3
2023-07-17 12:00:00+00:00,34,1,2922,4530.25,4533.75,4528.5,4533.0,10040,MESU3
2023-07-17 13:00:00+00:00,34,1,2922,4533.0,4543.75,4532.75,4542.0,74570,MESU3
2023-07-17 14:00:00+00:00,34,1,2922,4542.0,4547.5,4541.75,4545.5,77862,MESU3
2023-07-17 15:00:00+00:00,34,1,2922,4545.75,4553.75,4543.5,4552.75,57071,MESU3
2023-07-17 16:00:00+00:00,34,1,2922,4553.0,4553.5,4546.25,4552.0,48624,MESU3
2023-07-17 17:00:00+00:00,34,1,2922,4552.0,4554.75,4548.75,4553.75,38239,MESU3
2023-07-17 18:00:00+00:00,34,1,2922,4554.0,4557.5,4552.5,4554.75,37050,MESU3
2023-07-17 19:00:00+00:00,34,1,2922,4555.0,4565.75,4551.5,4554.25,94042,MESU3
2023-07-17 20:00:00+00:00,34,1,2922,4554.5,4554.5,4549.25,4549.75,14868,MESU3
2023-07-17 22:00:00+00:00,34,1,2922,4550.0,4552.0,4548.0,4549.5,3045,MESU3
2023-07-17 23:00:00+00:00,34,1,2922,4549.25,4550.5,4548.25,4548.5,1839,MESU3
2023-07-18 00:00:00+00:00,34,1,2922,4548.5,4551.0,4548.25,4550.5,2533,MESU3
2023-07-18 01:00:00+00:00,34,1,2922,4550.25,4552.5,4546.5,4549.0,5171,MESU3
2023-07-18 02:00:00+00:00,34,1,2922,4549.0,4549.5,4547.75,4548.75,1877,MESU3
2023-07-18 03:00:00+00:00,34,1,2922,4549.0,4551.0,4548.75,4549.25,1704,MESU3
2023-07-18 04:00:00+00:00,34,1,2922,4549.5,4550.75,4548.75,4550.5,828,MESU3
2023-07-18 05:00:00+00:00,34,1,2922,4550.75,4553.5,4550.0,4552.75,3319,MESU3
2023-07-18 06:00:00+00:00,34,1,2922,4552.5,4552.5,4550.25,4551.5,1910,MESU3
2023-07-18 07:00:00+00:00,34,1,2922,4551.5,4554.75,4548.75,4552.75,6421,MESU3
2023-07-18 08:00:00+00:00,34,1,2922,4553.0,4555.75,4549.75,4551.5,5304,MESU3
2023-07-18 09:00:00+00:00,34,1,2922,4551.5,4555.25,4551.25,4554.25,2814,MESU3
2023-07-18 10:00:00+00:00,34,1,2922,4554.5,4555.5,4550.0,4551.75,4547,MESU3
2023-07-18 11:00:00+00:00,34,1,2922,4551.5,4552.75,4549.25,4550.75,4982,MESU3
2023-07-18 12:00:00+00:00,34,1,2922,4551.0,4553.75,4544.75,4548.25,20695,MESU3
2023-07-18 13:00:00+00:00,34,1,2922,4548.25,4561.0,4545.25,4560.5,107462,MESU3
2023-07-18 14:00:00+00:00,34,1,2922,4560.25,4568.5,4558.5,4568.0,87037,MESU3
2023-07-18 15:00:00+00:00,34,1,2922,4568.25,4579.5,4565.75,4577.25,87505,MESU3
2023-07-18 16:00:00+00:00,34,1,2922,4577.75,4578.5,4569.75,4573.75,59088,MESU3
2023-07-18 17:00:00+00:00,34,1,2922,4574.0,4580.75,4573.5,4580.25,43461,MESU3
2023-07-18 18:00:00+00:00,34,1,2922,4580.25,4590.0,4579.75,4587.0,69497,MESU3
2023-07-18 19:00:00+00:00,34,1,2922,4587.25,4594.75,4584.0,4587.75,92962,MESU3
2023-07-18 20:00:00+00:00,34,1,2922,4587.5,4587.75,4582.75,4582.75,15786,MESU3
2023-07-18 22:00:00+00:00,34,1,2922,4582.75,4586.5,4581.5,4585.0,2983,MESU3
2023-07-18 23:00:00+00:00,34,1,2922,4584.75,4587.0,4584.75,4585.75,2001,MESU3
2023-07-19 00:00:00+00:00,34,1,2922,4585.75,4586.5,4584.25,4585.5,2734,MESU3
2023-07-19 01:00:00+00:00,34,1,2922,4585.25,4587.25,4584.5,4586.0,2384,MESU3
2023-07-19 02:00:00+00:00,34,1,2922,4586.25,4586.5,4584.5,4585.25,2134,MESU3
2023-07-19 03:00:00+00:00,34,1,2922,4585.5,4587.0,4585.25,4586.25,1047,MESU3
2023-07-19 04:00:00+00:00,34,1,2922,4586.5,4586.5,4585.5,4585.75,991,MESU3
2023-07-19 05:00:00+00:00,34,1,2922,4586.0,4587.75,4586.0,4586.5,2999,MESU3
2023-07-19 06:00:00+00:00,34,1,2922,4586.5,4590.25,4585.5,4590.25,7157,MESU3
2023-07-19 07:00:00+00:00,34,1,2922,4590.5,4592.75,4585.0,4586.0,9145,MESU3
2023-07-19 08:00:00+00:00,34,1,2922,4585.75,4591.25,4585.0,4590.75,5389,MESU3
2023-07-19 09:00:00+00:00,34,1,2922,4590.75,4591.5,4588.75,4590.5,5337,MESU3
2023-07-19 10:00:00+00:00,34,1,2922,4590.5,4590.75,4588.5,4590.5,3697,MESU3
2023-07-19 11:00:00+00:00,34,1,2922,4590.75,4590.75,4584.5,4587.0,8953,MESU3
2023-07-19 12:00:00+00:00,34,1,2922,4587.25,4590.5,4586.25,4589.5,12323,MESU3
2023-07-19 13:00:00+00:00,34,1,2922,4589.5,4606.5,4588.75,4605.5,96992,MESU3
2023-07-19 14:00:00+00:00,34,1,2922,4605.25,4608.5,4590.75,4597.75,137500,MESU3
2023-07-19 15:00:00+00:00,34,1,2922,4597.75,4606.5,4595.75,4604.75,85934,MESU3
2023-07-19 16:00:00+00:00,34,1,2922,4604.75,4609.5,4592.5,4598.5,107892,MESU3
2023-07-19 17:00:00+00:00,34,1,2922,4598.5,4599.0,4591.25,4595.75,57318,MESU3
2023-07-19 18:00:00+00:00,34,1,2922,4595.75,4599.75,4588.5,4598.75,67551,MESU3
2023-07-19 19:00:00+00:00,34,1,2922,4598.75,4605.75,4594.75,4596.0,89246,MESU3
2023-07-19 20:00:00+00:00,34,1,2922,4595.75,4598.5,4591.25,4595.5,24753,MESU3
2023-07-19 22:00:00+00:00,34,1,2922,4594.0,4594.25,4580.75,4582.75,11287,MESU3
2023-07-19 23:00:00+00:00,34,1,2922,4582.5,4585.5,4581.75,4584.75,4401,MESU3
2023-07-20 00:00:00+00:00,34,1,2922,4585.0,4589.0,4584.5,4588.25,4652,MESU3
2023-07-20 01:00:00+00:00,34,1,2922,4588.25,4591.75,4587.75,4589.75,5588,MESU3
2023-07-20 02:00:00+00:00,34,1,2922,4590.0,4591.0,4586.75,4589.0,4706,MESU3
2023-07-20 03:00:00+00:00,34,1,2922,4588.75,4590.0,4587.75,4589.5,2334,MESU3
2023-07-20 04:00:00+00:00,34,1,2922,4589.75,4592.5,4589.75,4590.5,2908,MESU3
2023-07-20 05:00:00+00:00,34,1,2922,4590.75,4592.0,4589.75,4591.75,1805,MESU3
2023-07-20 06:00:00+00:00,34,1,2922,4591.75,4593.25,4583.5,4584.5,6836,MESU3
2023-07-20 07:00:00+00:00,34,1,2922,4584.5,4590.25,4583.75,4590.0,10223,MESU3
2023-07-20 08:00:00+00:00,34,1,2922,4590.25,4592.5,4588.75,4590.25,6798,MESU3
2023-07-20 09:00:00+00:00,34,1,2922,4590.0,4590.5,4586.0,4590.0,5399,MESU3
2023-07-20 10:00:00+00:00,34,1,2922,4590.0,4593.75,4589.25,4592.0,5506,MESU3
2023-07-20 11:00:00+00:00,34,1,2922,4592.0,4592.0,4588.5,4591.0,6309,MESU3
2023-07-20 12:00:00+00:00,34,1,2922,4591.25,4591.5,4583.0,4583.75,19047,MESU3
2023-07-20 13:00:00+00:00,34,1,2922,4583.75,4594.75,4579.0,4591.25,100710,MESU3
2023-07-20 14:00:00+00:00,34,1,2922,4591.0,4592.5,4570.75,4579.5,173165,MESU3
2023-07-20 15:00:00+00:00,34,1,2922,4579.25,4586.5,4577.0,4583.5,85660,MESU3
2023-07-20 16:00:00+00:00,34,1,2922,4583.5,4590.75,4576.0,4577.75,75586,MESU3
2023-07-20 17:00:00+00:00,34,1,2922,4577.75,4581.0,4574.75,4576.5,53241,MESU3
2023-07-20 18:00:00+00:00,34,1,2922,4576.75,4577.75,4563.25,4567.5,92186,MESU3
2023-07-20 19:00:00+00:00,34,1,2922,4567.75,4570.25,4557.0,4564.75,119230,MESU3
2023-07-20 20:00:00+00:00,34,1,2922,4565.0,4568.25,4564.5,4566.5,17114,MESU3
2023-07-20 22:00:00+00:00,34,1,2922,4566.5,4568.0,4564.0,4564.5,3926,MESU3
2023-07-20 23:00:00+00:00,34,1,2922,4564.75,4567.0,4564.5,4565.25,1967,MESU3
2023-07-21 00:00:00+00:00,34,1,2922,4565.5,4566.25,4561.75,4566.0,4601,MESU3
2023-07-21 01:00:00+00:00,34,1,2922,4566.0,4569.25,4563.75,4567.5,4182,MESU3
2023-07-21 02:00:00+00:00,34,1,2922,4567.75,4571.75,4567.5,4570.25,4644,MESU3
2023-07-21 03:00:00+00:00,34,1,2922,4570.25,4571.5,4568.5,4569.5,2579,MESU3
2023-07-21 04:00:00+00:00,34,1,2922,4569.5,4571.25,4568.5,4570.25,1831,MESU3
2023-07-21 05:00:00+00:00,34,1,2922,4570.25,4571.0,4568.25,4570.75,1897,MESU3
2023-07-21 06:00:00+00:00,34,1,2922,4570.5,4573.0,4568.0,4572.5,3644,MESU3
2023-07-21 07:00:00+00:00,34,1,2922,4572.5,4576.0,4570.5,4572.0,7773,MESU3
2023-07-21 08:00:00+00:00,34,1,2922,4571.75,4576.75,4570.75,4575.5,6703,MESU3
2023-07-21 09:00:00+00:00,34,1,2922,4575.25,4576.0,4571.75,4575.25,5265,MESU3
2023-07-21 10:00:00+00:00,34,1,2922,4575.0,4578.75,4574.75,4578.0,5433,MESU3
2023-07-21 11:00:00+00:00,34,1,2922,4578.0,4578.25,4572.5,4573.25,6285,MESU3
2023-07-21 12:00:00+00:00,34,1,2922,4573.25,4587.0,4573.25,4587.0,17908,MESU3
2023-07-21 13:00:00+00:00,34,1,2922,4586.75,4590.0,4567.75,4570.25,112228,MESU3
2023-07-21 14:00:00+00:00,34,1,2922,4570.5,4578.0,4563.75,4573.0,135026,MESU3
2023-07-21 15:00:00+00:00,34,1,2922,4573.0,4582.75,4572.75,4579.25,86677,MESU3
2023-07-21 16:00:00+00:00,34,1,2922,4579.25,4579.25,4568.25,4572.0,60845,MESU3
2023-07-21 17:00:00+00:00,34,1,2922,4571.75,4584.0,4571.25,4582.75,59527,MESU3
2023-07-21 18:00:00+00:00,34,1,2922,4583.0,4583.5,4573.0,4574.0,62775,MESU3
2023-07-21 19:00:00+00:00,34,1,2922,4574.25,4574.75,4563.75,4563.75,106379,MESU3
2023-07-21 20:00:00+00:00,34,1,2922,4564.0,4565.5,4562.25,4564.0,17920,MESU3
2023-07-23 22:00:00+00:00,34,1,2922,4564.25,4566.5,4561.0,4561.5,4471,MESU3
2023-07-23 23:00:00+00:00,34,1,2922,4561.25,4562.5,4559.75,4561.0,3012,MESU3
2023-07-24 00:00:00+00:00,34,1,2922,4561.25,4565.75,4560.25,4563.5,5081,MESU3
2023-07-24 01:00:00+00:00,34,1,2922,4563.5,4564.5,4560.0,4562.75,4313,MESU3
2023-07-24 02:00:00+00:00,34,1,2922,4563.0,4566.5,4562.0,4565.0,3194,MESU3
2023-07-24 03:00:00+00:00,34,1,2922,4565.0,4566.0,4562.75,4563.5,2271,MESU3
2023-07-24 04:00:00+00:00,34,1,2922,4563.25,4564.25,4562.25,4563.75,1268,MESU3
2023-07-24 05:00:00+00:00,34,1,2922,4563.75,4564.75,4561.25,4562.5,1876,MESU3
2023-07-24 06:00:00+00:00,34,1,2922,4562.5,4565.0,4560.0,4562.25,4106,MESU3
2023-07-24 07:00:00+00:00,34,1,2922,4562.25,4573.75,4562.0,4572.25,13461,MESU3
2023-07-24 08:00:00+00:00,34,1,2922,4572.25,4574.75,4569.0,4572.5,6213,MESU3
2023-07-24 09:00:00+00:00,34,1,2922,4572.25,4577.0,4572.25,4575.25,5024,MESU3
2023-07-24 10:00:00+00:00,34,1,2922,4575.0,4575.75,4572.5,4572.75,4706,MESU3
2023-07-24 11:00:00+00:00,34,1,2922,4572.75,4576.0,4570.5,4572.0,5878,MESU3
2023-07-24 12:00:00+00:00,34,1,2922,4572.0,4573.75,4568.25,4573.75,9756,MESU3
2023-07-24 13:00:00+00:00,34,1,2922,4573.5,4586.5,4568.75,4573.5,120315,MESU3
2023-07-24 14:00:00+00:00,34,1,2922,4573.5,4585.25,4570.25,4584.0,101025,MESU3
2023-07-24 15:00:00+00:00,34,1,2922,4584.0,4587.5,4579.0,4586.5,65729,MESU3
2023-07-24 16:00:00+00:00,34,1,2922,4586.5,4588.75,4581.5,4584.5,40262,MESU3
2023-07-24 17:00:00+00:00,34,1,2922,4584.5,4590.0,4581.75,4589.5,32372,MESU3
2023-07-24 18:00:00+00:00,34,1,2922,4589.5,4592.5,4580.0,4584.5,48671,MESU3
2023-07-24 19:00:00+00:00,34,1,2922,4584.75,4586.25,4576.0,4584.0,71517,MESU3
2023-07-24 20:00:00+00:00,34,1,2922,4584.25,4587.0,4582.75,4585.5,11852,MESU3
2023-07-24 22:00:00+00:00,34,1,2922,4585.25,4585.75,4583.75,4584.25,2028,MESU3
2023-07-24 23:00:00+00:00,34,1,2922,4584.25,4586.25,4583.5,4584.75,1902,MESU3
2023-07-25 00:00:00+00:00,34,1,2922,4584.75,4585.25,4581.25,4582.25,3568,MESU3
2023-07-25 01:00:00+00:00,34,1,2922,4582.25,4583.5,4579.5,4581.5,4129,MESU3
2023-07-25 02:00:00+00:00,34,1,2922,4581.75,4582.75,4580.75,4582.25,1317,MESU3
2023-07-25 03:00:00+00:00,34,1,2922,4582.25,4582.75,4581.25,4582.75,1133,MESU3
2023-07-25 04:00:00+00:00,34,1,2922,4582.75,4583.75,4582.25,4582.5,1443,MESU3
2023-07-25 05:00:00+00:00,34,1,2922,4582.75,4585.25,4582.5,4585.0,2029,MESU3
2023-07-25 06:00:00+00:00,34,1,2922,4585.0,4588.5,4583.0,4588.25,3573,MESU3
2023-07-25 07:00:00+00:00,34,1,2922,4588.25,4588.75,4582.75,4585.25,6039,MESU3
2023-07-25 08:00:00+00:00,34,1,2922,4585.25,4593.0,4583.75,4590.75,7427,MESU3
2023-07-25 09:00:00+00:00,34,1,2922,4590.75,4591.25,4588.5,4589.5,3861,MESU3
2023-07-25 10:00:00+00:00,34,1,2922,4589.5,4590.0,4585.0,4587.25,5443,MESU3
2023-07-25 11:00:00+00:00,34,1,2922,4587.25,4590.25,4587.0,4588.75,5259,MESU3
2023-07-25 12:00:00+00:00,34,1,2922,4588.75,4590.5,4583.75,4584.25,11666,MESU3
2023-07-25 13:00:00+00:00,34,1,2922,4584.25,4592.5,4579.25,4589.75,83072,MESU3
2023-07-25 14:00:00+00:00,34,1,2922,4589.5,4591.75,4585.0,4587.25,79388,MESU3
2023-07-25 15:00:00+00:00,34,1,2922,4587.0,4597.25,4586.25,4595.25,53367,MESU3
2023-07-25 16:00:00+00:00,34,1,2922,4595.25,4600.25,4593.25,4600.25,48417,MESU3
2023-07-25 17:00:00+00:00,34,1,2922,4600.25,4602.5,4596.25,4599.25,49221,MESU3
2023-07-25 18:00:00+00:00,34,1,2922,4599.25,4608.75,4598.0,4599.75,61597,MESU3
2023-07-25 19:00:00+00:00,34,1,2922,4599.5,4604.25,4594.5,4595.5,72334,MESU3
2023-07-25 20:00:00+00:00,34,1,2922,4595.25,4605.75,4590.25,4604.5,40651,MESU3
2023-07-25 22:00:00+00:00,34,1,2922,4604.5,4606.75,4591.0,4593.5,13259,MESU3
2023-07-25 23:00:00+00:00,34,1,2922,4593.75,4595.0,4592.25,4594.75,3113,MESU3
2023-07-26 00:00:00+00:00,34,1,2922,4595.0,4595.25,4592.25,4592.5,3498,MESU3
2023-07-26 01:00:00+00:00,34,1,2922,4592.75,4594.5,4591.75,4594.0,3345,MESU3
2023-07-26 02:00:00+00:00,34,1,2922,4594.0,4596.25,4592.75,4595.5,2264,MESU3
2023-07-26 03:00:00+00:00,34,1,2922,4595.75,4598.0,4595.0,4595.25,2324,MESU3
2023-07-26 04:00:00+00:00,34,1,2922,4595.5,4597.5,4594.5,4594.75,1170,MESU3
2023-07-26 05:00:00+00:00,34,1,2922,4595.0,4596.75,4594.75,4596.0,1877,MESU3
2023-07-26 06:00:00+00:00,34,1,2922,4596.0,4599.5,4595.0,4599.0,2962,MESU3
2023-07-26 07:00:00+00:00,34,1,2922,4598.75,4601.0,4596.25,4598.75,6562,MESU3
2023-07-26 08:00:00+00:00,34,1,2922,4599.0,4599.25,4592.5,4593.25,5805,MESU3
2023-07-26 09:00:00+00:00,34,1,2922,4593.0,4595.25,4588.75,4592.0,6419,MESU3
2023-07-26 10:00:00+00:00,34,1,2922,4592.0,4592.75,4586.0,4588.25,8951,MESU3
2023-07-26 11:00:00+00:00,34,1,2922,4588.25,4592.25,4587.0,4589.75,7651,MESU3
2023-07-26 12:00:00+00:00,34,1,2922,4589.75,4590.0,4584.25,4584.5,15542,MESU3
2023-07-26 13:00:00+00:00,34,1,2922,4584.75,4592.0,4583.75,4588.5,75185,MESU3
2023-07-26 14:00:00+00:00,34,1,2922,4588.5,4590.5,4581.0,4582.0,75776,MESU3
2023-07-26 15:00:00+00:00,34,1,2922,4582.0,4590.25,4580.5,4589.75,51650,MESU3
2023-07-26 16:00:00+00:00,34,1,2922,4590.0,4592.0,4580.5,4583.0,38565,MESU3
2023-07-26 17:00:00+00:00,34,1,2922,4582.75,4585.25,4581.0,4583.25,26747,MESU3
2023-07-26 18:00:00+00:00,34,1,2922,4583.25,4611.5,4573.5,4600.5,165035,MESU3
2023-07-26 19:00:00+00:00,34,1,2922,4600.75,4602.75,4574.0,4596.0,170635,MESU3
2023-07-26 20:00:00+00:00,34,1,2922,4596.25,4607.75,4592.25,4592.75,24261,MESU3
2023-07-26 22:00:00+00:00,34,1,2922,4594.25,4596.0,4591.25,4595.25,4069,MESU3
2023-07-26 23:00:00+00:00,34,1,2922,4595.25,4598.0,4595.0,4597.0,1798,MESU3
2023-07-27 00:00:00+00:00,34,1,2922,4597.0,4601.0,4594.25,4601.0,4413,MESU3
2023-07-27 01:00:00+00:00,34,1,2922,4601.0,4604.75,4600.5,4604.0,5411,MESU3
2023-07-27 02:00:00+00:00,34,1,2922,4604.0,4607.25,4603.5,4606.25,5811,MESU3
2023-07-27 03:00:00+00:00,34,1,2922,4606.25,4608.0,4605.75,4607.0,2706,MESU3
2023-07-27 04:00:00+00:00,34,1,2922,4607.25,4611.25,4606.5,4609.5,6021,MESU3
2023-07-27 05:00:00+00:00,34,1,2922,4609.25,4610.0,4605.25,4608.25,3969,MESU3
2023-07-27 06:00:00+00:00,34,1,2922,4608.25,4611.0,4607.5,4609.5,5442,MESU3
2023-07-27 07:00:00+00:00,34,1,2922,4609.75,4618.25,4608.25,4616.25,12811,MESU3
2023-07-27 08:00:00+00:00,34,1,2922,4616.5,4622.0,4616.25,4621.25,13170,MESU3
2023-07-27 09:00:00+00:00,34,1,2922,4621.25,4623.0,4619.5,4620.5,6478,MESU3
2023-07-27 10:00:00+00:00,34,1,2922,4620.75,4623.5,4619.75,4620.75,5218,MESU3
2023-07-27 11:00:00+00:00,34,1,2922,4620.75,4626.5,4619.25,4625.25,10043,MESU3
2023-07-27 12:00:00+00:00,34,1,2922,4625.25,4634.5,4624.0,4629.5,33189,MESU3
2023-07-27 13:00:00+00:00,34,1,2922,4629.5,4633.5,4625.5,4628.5,93131,MESU3
2023-07-27 14:00:00+00:00,34,1,2922,4628.5,4629.5,4611.5,4613.5,156271,MESU3
2023-07-27 15:00:00+00:00,34,1,2922,4613.75,4619.0,4609.25,4613.25,89341,MESU3
2023-07-27 16:00:00+00:00,34,1,2922,4613.25,4625.0,4612.5,4622.75,58623,MESU3
2023-07-27 17:00:00+00:00,34,1,2922,4622.75,4625.0,4595.5,4599.25,158671,MESU3
2023-07-27 18:00:00+00:00,34,1,2922,4599.0,4600.75,4565.75,4565.75,164304,MESU3
2023-07-27 19:00:00+00:00,34,1,2922,4565.75,4577.25,4553.75,4563.25,133712,MESU3
2023-07-27 20:00:00+00:00,34,1,2922,4563.5,4569.25,4562.25,4567.25,15011,MESU3
2023-07-27 22:00:00+00:00,34,1,2922,4567.0,4569.0,4565.0,4567.5,4049,MESU3
2023-07-27 23:00:00+00:00,34,1,2922,4568.0,4568.75,4564.5,4566.0,3310,MESU3
2023-07-28 00:00:00+00:00,34,1,2922,4566.25,4571.25,4565.25,4570.25,6261,MESU3
2023-07-28 01:00:00+00:00,34,1,2922,4570.25,4572.0,4568.5,4571.0,5053,MESU3
2023-07-28 02:00:00+00:00,34,1,2922,4570.75,4571.75,4569.0,4571.5,2716,MESU3
2023-07-28 03:00:00+00:00,34,1,2922,4571.5,4583.0,4562.5,4570.0,35841,MESU3
2023-07-28 04:00:00+00:00,34,1,2922,4570.0,4574.25,4558.25,4572.5,18558,MESU3
2023-07-28 05:00:00+00:00,34,1,2922,4572.5,4581.0,4572.0,4579.5,8456,MESU3
2023-07-28 06:00:00+00:00,34,1,2922,4579.75,4581.75,4575.25,4577.5,7339,MESU3
2023-07-28 07:00:00+00:00,34,1,2922,4577.5,4587.75,4576.5,4580.5,14721,MESU3
2023-07-28 08:00:00+00:00,34,1,2922,4580.25,4582.0,4573.75,4578.5,9884,MESU3
2023-07-28 09:00:00+00:00,34,1,2922,4578.75,4585.25,4576.75,4583.75,6883,MESU3
2023-07-28 10:00:00+00:00,34,1,2922,4584.0,4584.5,4579.0,4582.25,5971,MESU3
2023-07-28 11:00:00+00:00,34,1,2922,4582.5,4589.25,4580.5,4588.5,8447,MESU3
2023-07-28 12:00:00+00:00,34,1,2922,4588.25,4597.0,4587.25,4596.0,22393,MESU3
2023-07-28 13:00:00+00:00,34,1,2922,4596.0,4604.5,4589.5,4599.0,103322,MESU3
2023-07-28 14:00:00+00:00,34,1,2922,4599.75,4607.25,4597.75,4606.5,122313,MESU3
2023-07-28 15:00:00+00:00,34,1,2922,4606.5,4616.5,4604.25,4615.25,87655,MESU3
2023-07-28 16:00:00+00:00,34,1,2922,4615.5,4615.5,4607.25,4609.0,63984,MESU3
2023-07-28 17:00:00+00:00,34,1,2922,4608.75,4608.75,4588.75,4600.75,106194,MESU3
2023-07-28 18:00:00+00:00,34,1,2922,4600.75,4612.25,4599.75,4608.75,80652,MESU3
2023-07-28 19:00:00+00:00,34,1,2922,4608.75,4611.5,4601.5,4606.75,92558,MESU3
2023-07-28 20:00:00+00:00,34,1,2922,4606.75,4607.75,4605.0,4607.25,15153,MESU3
2023-07-30 22:00:00+00:00,34,1,2922,4608.75,4618.0,4607.5,4615.25,10548,MESU3
2023-07-30 23:00:00+00:00,34,1,2922,4615.5,4616.25,4611.75,4612.25,5124,MESU3
2023-07-31 00:00:00+00:00,34,1,2922,4612.25,4612.5,4608.0,4608.75,6347,MESU3
2023-07-31 01:00:00+00:00,34,1,2922,4608.75,4611.5,4601.75,4602.5,11370,MESU3
2023-07-31 02:00:00+00:00,34,1,2922,4602.25,4604.75,4598.75,4600.25,9267,MESU3
2023-07-31 03:00:00+00:00,34,1,2922,4600.5,4601.0,4596.5,4598.0,7417,MESU3
2023-07-31 04:00:00+00:00,34,1,2922,4597.75,4599.25,4595.25,4598.25,4511,MESU3
2023-07-31 05:00:00+00:00,34,1,2922,4598.0,4603.0,4596.5,4601.5,5553,MESU3
2023-07-31 06:00:00+00:00,34,1,2922,4601.75,4607.25,4600.25,4603.0,7130,MESU3
2023-07-31 07:00:00+00:00,34,1,2922,4602.75,4608.5,4600.75,4603.75,8571,MESU3
2023-07-31 08:00:00+00:00,34,1,2922,4603.75,4611.0,4603.75,4610.75,6015,MESU3
2023-07-31 09:00:00+00:00,34,1,2922,4610.5,4612.25,4606.75,4608.25,4693,MESU3
2023-07-31 10:00:00+00:00,34,1,2922,4608.25,4611.5,4607.0,4611.25,4077,MESU3
2023-07-31 11:00:00+00:00,34,1,2922,4611.25,4614.25,4610.75,4614.0,6880,MESU3
2023-07-31 12:00:00+00:00,34,1,2922,4614.25,4618.75,4612.25,4617.5,12871,MESU3
2023-07-31 13:00:00+00:00,34,1,2922,4617.25,4619.25,4602.25,4607.0,115848,MESU3
2023-07-31 14:00:00+00:00,34,1,2922,4607.0,4615.75,4603.75,4612.75,103457,MESU3
2023-07-31 15:00:00+00:00,34,1,2922,4612.5,4615.75,4604.0,4606.5,83510,MESU3
2023-07-31 16:00:00+00:00,34,1,2922,4606.75,4609.75,4602.0,4603.5,45452,MESU3
2023-07-31 17:00:00+00:00,34,1,2922,4603.5,4609.25,4599.5,4606.0,59199,MESU3
2023-07-31 18:00:00+00:00,34,1,2922,4606.25,4609.25,4602.0,4607.75,48453,MESU3
2023-07-31 19:00:00+00:00,34,1,2922,4608.0,4616.5,4597.75,4616.0,98363,MESU3
2023-07-31 20:00:00+00:00,34,1,2922,4616.0,4618.5,4614.25,4617.5,23929,MESU3
2023-07-31 22:00:00+00:00,34,1,2922,4617.5,4618.75,4615.0,4615.5,3166,MESU3
2023-07-31 23:00:00+00:00,34,1,2922,4615.5,4616.25,4614.5,4615.5,1809,MESU3
2023-08-01 00:00:00+00:00,34,1,2922,4615.5,4618.75,4614.75,4618.75,3984,MESU3
2023-08-01 01:00:00+00:00,34,1,2922,4619.0,4622.0,4617.5,4620.5,7164,MESU3
2023-08-01 02:00:00+00:00,34,1,2922,4620.5,4620.75,4617.5,4617.75,3720,MESU3
2023-08-01 03:00:00+00:00,34,1,2922,4618.0,4618.75,4616.75,4617.5,2369,MESU3
2023-08-01 04:00:00+00:00,34,1,2922,4617.25,4619.0,4617.25,4617.75,2089,MESU3
2023-08-01 05:00:00+00:00,34,1,2922,4617.5,4618.25,4615.0,4616.0,3231,MESU3
2023-08-01 06:00:00+00:00,34,1,2922,4616.0,4616.0,4612.25,4613.25,4192,MESU3
2023-08-01 07:00:00+00:00,34,1,2922,4613.0,4614.0,4607.5,4608.75,10135,MESU3
2023-08-01 08:00:00+00:00,34,1,2922,4608.75,4609.25,4599.5,4603.5,14264,MESU3
2023-08-01 09:00:00+00:00,34,1,2922,4603.5,4603.75,4598.25,4602.0,10156,MESU3
2023-08-01 10:00:00+00:00,34,1,2922,4602.25,4608.0,4601.25,4607.5,9348,MESU3
2023-08-01 11:00:00+00:00,34,1,2922,4607.75,4608.5,4599.25,4600.25,15514,MESU3
2023-08-01 12:00:00+00:00,34,1,2922,4600.0,4601.5,4592.25,4595.5,23971,MESU3
2023-08-01 13:00:00+00:00,34,1,2922,4595.25,4606.25,4593.5,4604.5,96925,MESU3
2023-08-01 14:00:00+00:00,34,1,2922,4604.75,4609.25,4591.5,4600.0,142880,MESU3
2023-08-01 15:00:00+00:00,34,1,2922,4600.0,4601.25,4594.25,4598.0,57705,MESU3
2023-08-01 16:00:00+00:00,34,1,2922,4597.75,4600.0,4590.5,4599.75,45421,MESU3
2023-08-01 17:00:00+00:00,34,1,2922,4599.75,4601.5,4596.0,4600.75,37878,MESU3
2023-08-01 18:00:00+00:00,34,1,2922,4600.75,4606.25,4600.25,4603.75,54801,MESU3
2023-08-01 19:00:00+00:00,34,1,2922,4603.75,4606.5,4598.25,4601.0,62913,MESU3
2023-08-01 20:00:00+00:00,34,1,2922,4601.0,4601.5,4597.5,4598.75,15406,MESU3
2023-08-01 22:00:00+00:00,34,1,2922,4584.75,4587.75,4571.25,4587.25,17100,MESU3
2023-08-01 23:00:00+00:00,34,1,2922,4587.0,4588.0,4583.25,4586.25,4954,MESU3
2023-08-02 00:00:00+00:00,34,1,2922,4586.5,4590.25,4581.5,4588.5,8745,MESU3
2023-08-02 01:00:00+00:00,34,1,2922,4589.0,4593.5,4588.25,4591.25,6988,MESU3
2023-08-02 02:00:00+00:00,34,1,2922,4591.25,4591.75,4579.5,4580.5,11837,MESU3
2023-08-02 03:00:00+00:00,34,1,2922,4580.5,4582.25,4579.25,4580.5,5517,MESU3
2023-08-02 04:00:00+00:00,34,1,2922,4580.5,4581.25,4577.75,4578.75,5296,MESU3
2023-08-02 05:00:00+00:00,34,1,2922,4578.75,4583.75,4577.25,4580.5,7873,MESU3
2023-08-02 06:00:00+00:00,34,1,2922,4580.25,4580.75,4574.25,4575.75,10440,MESU3
2023-08-02 07:00:00+00:00,34,1,2922,4575.75,4577.5,4561.25,4561.75,21259,MESU3
2023-08-02 08:00:00+00:00,34,1,2922,4561.75,4562.75,4552.25,4562.0,24183,MESU3
2023-08-02 09:00:00+00:00,34,1,2922,4562.0,4568.0,4558.0,4566.5,17391,MESU3
2023-08-02 10:00:00+00:00,34,1,2922,4566.25,4579.5,4566.0,4579.5,18343,MESU3
2023-08-02 11:00:00+00:00,34,1,2922,4579.25,4583.5,4576.75,4578.25,18600,MESU3
2023-08-02 12:00:00+00:00,34,1,2922,4578.0,4580.75,4570.0,4571.75,30837,MESU3
2023-08-02 13:00:00+00:00,34,1,2922,4571.75,4572.0,4558.5,4564.75,122735,MESU3
2023-08-02 14:00:00+00:00,34,1,2922,4565.0,4566.0,4539.25,4541.0,161500,MESU3
2023-08-02 15:00:00+00:00,34,1,2922,4541.0,4551.5,4537.5,4537.5,112535,MESU3
2023-08-02 16:00:00+00:00,34,1,2922,4537.75,4545.75,4534.0,4543.25,91283,MESU3
2023-08-02 17:00:00+00:00,34,1,2922,4543.0,4549.0,4539.25,4540.25,61562,MESU3
2023-08-02 18:00:00+00:00,34,1,2922,4540.5,4545.5,4537.25,4541.0,63137,MESU3
2023-08-02 19:00:00+00:00,34,1,2922,4541.0,4543.75,4527.75,4536.25,125865,MESU3
2023-08-02 20:00:00+00:00,34,1,2922,4536.5,4539.5,4532.0,4534.25,20266,MESU3
2023-08-02 22:00:00+00:00,34,1,2922,4534.25,4542.5,4534.25,4542.25,5956,MESU3
2023-08-02 23:00:00+00:00,34,1,2922,4542.25,4544.25,4541.5,4543.75,4336,MESU3
2023-08-03 00:00:00+00:00,34,1,2922,4543.5,4545.5,4537.75,4542.5,8131,MESU3
2023-08-03 01:00:00+00:00,34,1,2922,4542.25,4547.75,4540.5,4544.25,8284,MESU3
2023-08-03 02:00:00+00:00,34,1,2922,4544.5,4544.75,4537.25,4539.25,8206,MESU3
2023-08-03 03:00:00+00:00,34,1,2922,4539.0,4542.5,4538.25,4542.5,4255,MESU3
2023-08-03 04:00:00+00:00,34,1,2922,4542.5,4542.5,4536.0,4536.75,4304,MESU3
2023-08-03 05:00:00+00:00,34,1,2922,4536.75,4541.25,4533.75,4537.5,8908,MESU3
2023-08-03 06:00:00+00:00,34,1,2922,4537.0,4538.5,4525.0,4525.25,11961,MESU3
2023-08-03 07:00:00+00:00,34,1,2922,4525.25,4527.75,4510.25,4511.0,34268,MESU3
2023-08-03 08:00:00+00:00,34,1,2922,4511.0,4522.75,4511.0,4518.25,24946,MESU3
2023-08-03 09:00:00+00:00,34,1,2922,4518.25,4527.0,4518.0,4526.25,13756,MESU3
2023-08-03 10:00:00+00:00,34,1,2922,4526.5,4531.0,4524.25,4526.25,10907,MESU3
2023-08-03 11:00:00+00:00,34,1,2922,4526.25,4532.0,4521.75,4524.5,20502,MESU3
2023-08-03 12:00:00+00:00,34,1,2922,4524.75,4527.0,4516.5,4521.5,37726,MESU3
2023-08-03 13:00:00+00:00,34,1,2922,4521.5,4522.75,4506.5,4518.5,128603,MESU3
2023-08-03 14:00:00+00:00,34,1,2922,4518.0,4525.75,4505.75,4517.25,159045,MESU3
2023-08-03 15:00:00+00:00,34,1,2922,4517.25,4531.5,4516.25,4525.0,105683,MESU3
2023-08-03 16:00:00+00:00,34,1,2922,4525.25,4540.0,4523.5,4538.0,66063,MESU3
2023-08-03 17:00:00+00:00,34,1,2922,4538.25,4540.5,4526.75,4527.5,75473,MESU3
2023-08-03 18:00:00+00:00,34,1,2922,4527.5,4533.75,4524.75,4532.0,70086,MESU3
2023-08-03 19:00:00+00:00,34,1,2922,4532.25,4532.75,4519.75,4520.25,93578,MESU3
2023-08-03 20:00:00+00:00,34,1,2922,4520.25,4543.75,4517.5,4525.0,62002,MESU3
2023-08-03 22:00:00+00:00,34,1,2922,4524.0,4532.5,4522.0,4530.75,6845,MESU3
2023-08-03 23:00:00+00:00,34,1,2922,4531.0,4534.25,4527.25,4530.75,5649,MESU3
2023-08-04 00:00:00+00:00,34,1,2922,4530.5,4537.0,4527.5,4537.0,7959,MESU3
2023-08-04 01:00:00+00:00,34,1,2922,4537.0,4540.75,4534.5,4537.0,8085,MESU3
2023-08-04 02:00:00+00:00,34,1,2922,4537.0,4540.0,4532.5,4535.25,8624,MESU3
2023-08-04 03:00:00+00:00,34,1,2922,4535.5,4539.5,4534.75,4536.25,3747,MESU3
2023-08-04 04:00:00+00:00,34,1,2922,4536.25,4538.25,4536.0,4537.25,2126,MESU3
2023-08-04 05:00:00+00:00,34,1,2922,4537.25,4545.0,4536.25,4543.75,7458,MESU3
2023-08-04 06:00:00+00:00,34,1,2922,4543.75,4544.5,4540.25,4540.75,6939,MESU3
2023-08-04 07:00:00+00:00,34,1,2922,4541.0,4542.25,4530.25,4541.5,16628,MESU3
2023-08-04 08:00:00+00:00,34,1,2922,4541.5,4547.0,4536.75,4539.0,12462,MESU3
2023-08-04 09:00:00+00:00,34,1,2922,4538.75,4544.0,4537.75,4538.5,9165,MESU3
2023-08-04 10:00:00+00:00,34,1,2922,4538.5,4538.75,4529.5,4530.75,8713,MESU3
2023-08-04 11:00:00+00:00,34,1,2922,4531.0,4531.25,4519.5,4524.0,16606,MESU3
2023-08-04 12:00:00+00:00,34,1,2922,4524.25,4540.75,4514.25,4536.75,78803,MESU3
2023-08-04 13:00:00+00:00,34,1,2922,4536.75,4550.75,4533.0,4534.25,162278,MESU3
2023-08-04 14:00:00+00:00,34,1,2922,4534.5,4546.0,4518.75,4544.5,190037,MESU3
2023-08-04 15:00:00+00:00,34,1,2922,4544.75,4551.0,4542.75,4550.0,74058,MESU3
2023-08-04 16:00:00+00:00,34,1,2922,4550.0,4560.75,4546.75,4559.0,69888,MESU3
2023-08-04 17:00:00+00:00,34,1,2922,4559.25,4559.75,4537.5,4539.25,89237,MESU3
2023-08-04 18:00:00+00:00,34,1,2922,4539.0,4539.0,4498.75,4502.0,232352,MESU3
2023-08-04 19:00:00+00:00,34,1,2922,4502.0,4508.5,4493.25,4499.25,136202,MESU3
2023-08-04 20:00:00+00:00,34,1,2922,4499.25,4502.75,4497.5,4498.25,21724,MESU3
2023-08-06 22:00:00+00:00,34,1,2922,4500.0,4507.25,4499.75,4506.5,8816,MESU3
2023-08-06 23:00:00+00:00,34,1,2922,4506.5,4507.75,4503.25,4507.0,5181,MESU3
2023-08-07 00:00:00+00:00,34,1,2922,4507.25,4513.0,4506.5,4512.5,8880,MESU3
2023-08-07 01:00:00+00:00,34,1,2922,4512.5,4514.5,4509.25,4514.0,8164,MESU3
2023-08-07 02:00:00+00:00,34,1,2922,4514.0,4516.5,4513.5,4515.75,4845,MESU3
2023-08-07 03:00:00+00:00,34,1,2922,4515.75,4517.0,4514.75,4515.5,4095,MESU3
2023-08-07 04:00:00+00:00,34,1,2922,4515.5,4515.75,4512.25,4513.5,3687,MESU3
2023-08-07 05:00:00+00:00,34,1,2922,4513.75,4516.25,4511.5,4515.0,5201,MESU3
2023-08-07 06:00:00+00:00,34,1,2922,4515.0,4516.5,4509.25,4511.75,7049,MESU3
2023-08-07 07:00:00+00:00,34,1,2922,4512.0,4522.0,4510.5,4521.5,14479,MESU3
2023-08-07 08:00:00+00:00,34,1,2922,4521.5,4521.75,4508.25,4512.25,14145,MESU3
2023-08-07 09:00:00+00:00,34,1,2922,4512.25,4515.75,4509.0,4513.75,7227,MESU3
2023-08-07 10:00:00+00:00,34,1,2922,4513.75,4515.25,4504.75,4509.25,10567,MESU3
2023-08-07 11:00:00+00:00,34,1,2922,4509.0,4511.5,4507.5,4509.75,10687,MESU3
2023-08-07 12:00:00+00:00,34,1,2922,4509.5,4518.5,4505.25,4518.0,20925,MESU3
2023-08-07 13:00:00+00:00,34,1,2922,4518.0,4527.75,4513.25,4516.0,146864,MESU3
2023-08-07 14:00:00+00:00,34,1,2922,4515.75,4530.0,4510.5,4521.75,142667,MESU3
2023-08-07 15:00:00+00:00,34,1,2922,4521.5,4527.25,4513.25,4526.25,96610,MESU3
2023-08-07 16:00:00+00:00,34,1,2922,4526.25,4529.0,4520.25,4527.5,62898,MESU3
2023-08-07 17:00:00+00:00,34,1,2922,4527.5,4533.25,4525.75,4533.25,52174,MESU3
2023-08-07 18:00:00+00:00,34,1,2922,4533.25,4536.0,4525.5,4531.75,59380,MESU3
2023-08-07 19:00:00+00:00,34,1,2922,4532.0,4539.75,4527.0,4538.0,78718,MESU3
2023-08-07 20:00:00+00:00,34,1,2922,4538.0,4541.75,4536.75,4539.75,16940,MESU3
2023-08-07 22:00:00+00:00,34,1,2922,4539.0,4541.0,4537.5,4538.25,3250,MESU3
2023-08-07 23:00:00+00:00,34,1,2922,4538.25,4539.25,4537.25,4538.75,1704,MESU3
2023-08-08 00:00:00+00:00,34,1,2922,4538.75,4539.5,4536.0,4537.25,3517,MESU3
2023-08-08 01:00:00+00:00,34,1,2922,4537.0,4537.25,4527.0,4527.5,12986,MESU3
2023-08-08 02:00:00+00:00,34,1,2922,4527.5,4532.25,4526.25,4530.5,6041,MESU3
2023-08-08 03:00:00+00:00,34,1,2922,4530.75,4531.75,4526.75,4527.5,4904,MESU3
2023-08-08 04:00:00+00:00,34,1,2922,4527.5,4530.25,4527.0,4529.5,2378,MESU3
2023-08-08 05:00:00+00:00,34,1,2922,4529.5,4530.25,4522.5,4523.5,5661,MESU3
2023-08-08 06:00:00+00:00,34,1,2922,4523.25,4524.0,4520.5,4522.25,7934,MESU3
2023-08-08 07:00:00+00:00,34,1,2922,4522.25,4528.5,4520.0,4528.25,13777,MESU3
2023-08-08 08:00:00+00:00,34,1,2922,4528.25,4529.25,4519.5,4524.0,11630,MESU3
2023-08-08 09:00:00+00:00,34,1,2922,4524.0,4524.75,4513.5,4518.25,15799,MESU3
2023-08-08 10:00:00+00:00,34,1,2922,4518.25,4520.25,4511.0,4513.0,13509,MESU3
2023-08-08 11:00:00+00:00,34,1,2922,4513.0,4513.25,4501.25,4506.5,22652,MESU3
2023-08-08 12:00:00+00:00,34,1,2922,4506.5,4509.75,4495.5,4507.0,32953,MESU3
2023-08-08 13:00:00+00:00,34,1,2922,4506.75,4511.5,4490.25,4495.5,142051,MESU3
2023-08-08 14:00:00+00:00,34,1,2922,4495.25,4498.5,4483.25,4484.75,163856,MESU3
2023-08-08 15:00:00+00:00,34,1,2922,4484.75,4492.75,4482.0,4486.25,78850,MESU3
2023-08-08 16:00:00+00:00,34,1,2922,4486.25,4499.25,4485.5,4495.5,57888,MESU3
2023-08-08 17:00:00+00:00,34,1,2922,4495.5,4503.75,4494.75,4502.25,70187,MESU3
2023-08-08 18:00:00+00:00,34,1,2922,4502.25,4515.5,4499.0,4513.25,77302,MESU3
2023-08-08 19:00:00+00:00,34,1,2922,4513.25,4522.25,4511.25,4517.25,90951,MESU3
2023-08-08 20:00:00+00:00,34,1,2922,4517.5,4518.75,4515.5,4517.0,11973,MESU3
2023-08-08 22:00:00+00:00,34,1,2922,4516.5,4518.0,4515.5,4516.25,3423,MESU3
2023-08-08 23:00:00+00:00,34,1,2922,4516.0,4517.75,4515.5,4516.25,2255,MESU3
2023-08-09 00:00:00+00:00,34,1,2922,4516.5,4521.75,4515.5,4520.0,5694,MESU3
2023-08-09 01:00:00+00:00,34,1,2922,4520.25,4524.5,4520.0,4522.0,7045,MESU3
2023-08-09 02:00:00+00:00,34,1,2922,4521.5,4523.5,4520.25,4523.5,4153,MESU3
2023-08-09 03:00:00+00:00,34,1,2922,4523.5,4523.75,4520.0,4520.75,2698,MESU3
2023-08-09 04:00:00+00:00,34,1,2922,4521.0,4522.75,4520.0,4522.5,2165,MESU3
2023-08-09 05:00:00+00:00,34,1,2922,4522.5,4527.0,4522.25,4524.25,4841,MESU3
2023-08-09 06:00:00+00:00,34,1,2922,4524.25,4527.5,4522.5,4526.25,6221,MESU3
2023-08-09 07:00:00+00:00,34,1,2922,4526.5,4534.0,4522.75,4529.5,18313,MESU3
2023-08-09 08:00:00+00:00,34,1,2922,4529.75,4535.75,4527.25,4534.25,8918,MESU3
2023-08-09 09:00:00+00:00,34,1,2922,4534.25,4536.25,4528.75,4530.25,6761,MESU3
2023-08-09 10:00:00+00:00,34,1,2922,4530.0,4533.25,4526.5,4527.0,7543,MESU3
2023-08-09 11:00:00+00:00,34,1,2922,4526.75,4532.75,4523.0,4531.5,13456,MESU3
2023-08-09 12:00:00+00:00,34,1,2922,4531.25,4532.5,4523.0,4524.5,19396,MESU3
2023-08-09 13:00:00+00:00,34,1,2922,4524.5,4525.5,4509.25,4512.5,123847,MESU3
2023-08-09 14:00:00+00:00,34,1,2922,4512.25,4517.25,4501.5,4502.75,134403,MESU3
2023-08-09 15:00:00+00:00,34,1,2922,4502.75,4506.0,4478.25,4482.75,154462,MESU3
2023-08-09 16:00:00+00:00,34,1,2922,4482.5,4495.25,4481.0,4491.5,86406,MESU3
2023-08-09 17:00:00+00:00,34,1,2922,4491.25,4507.75,4489.25,4504.0,80379,MESU3
2023-08-09 18:00:00+00:00,34,1,2922,4504.25,4518.0,4502.5,4511.25,79207,MESU3
2023-08-09 19:00:00+00:00,34,1,2922,4511.25,4511.75,4482.75,4486.5,154942,MESU3
2023-08-09 20:00:00+00:00,34,1,2922,4486.5,4493.5,4486.25,4493.5,24213,MESU3
2023-08-09 22:00:00+00:00,34,1,2922,4493.5,4496.5,4493.0,4495.75,4149,MESU3
2023-08-09 23:00:00+00:00,34,1,2922,4495.75,4498.25,4494.5,4497.0,3411,MESU3
2023-08-10 00:00:00+00:00,34,1,2922,4497.0,4500.5,4495.75,4500.0,5738,MESU3
2023-08-10 01:00:00+00:00,34,1,2922,4499.75,4500.0,4494.75,4496.75,5392,MESU3
2023-08-10 02:00:00+00:00,34,1,2922,4496.5,4502.25,4496.0,4501.0,5018,MESU3
2023-08-10 03:00:00+00:00,34,1,2922,4501.25,4503.75,4501.25,4502.75,3932,MESU3
2023-08-10 04:00:00+00:00,34,1,2922,4502.75,4504.25,4501.0,4501.0,2805,MESU3
2023-08-10 05:00:00+00:00,34,1,2922,4501.0,4503.5,4498.0,4503.5,4713,MESU3
2023-08-10 06:00:00+00:00,34,1,2922,4503.25,4506.5,4501.75,4501.75,6627,MESU3
2023-08-10 07:00:00+00:00,34,1,2922,4502.0,4516.0,4502.0,4512.25,16996,MESU3
2023-08-10 08:00:00+00:00,34,1,2922,4512.0,4514.25,4507.75,4511.25,9531,MESU3
2023-08-10 09:00:00+00:00,34,1,2922,4511.0,4513.75,4509.0,4511.0,6257,MESU3
2023-08-10 10:00:00+00:00,34,1,2922,4511.25,4511.75,4506.0,4508.5,8791,MESU3
2023-08-10 11:00:00+00:00,34,1,2922,4508.5,4510.75,4504.0,4505.5,9327,MESU3
2023-08-10 12:00:00+00:00,34,1,2922,4505.5,4525.0,4494.0,4516.5,90640,MESU3
2023-08-10 13:00:00+00:00,34,1,2922,4516.75,4539.75,4506.75,4539.5,179443,MESU3
2023-08-10 14:00:00+00:00,34,1,2922,4539.75,4545.0,4514.25,4522.25,244267,MESU3
2023-08-10 15:00:00+00:00,34,1,2922,4522.5,4523.5,4495.25,4502.75,243093,MESU3
2023-08-10 16:00:00+00:00,34,1,2922,4502.75,4506.25,4485.75,4489.25,161599,MESU3
2023-08-10 17:00:00+00:00,34,1,2922,4489.5,4495.0,4473.5,4475.0,168644,MESU3
2023-08-10 18:00:00+00:00,34,1,2922,4475.25,4501.5,4474.5,4501.25,171970,MESU3
2023-08-10 19:00:00+00:00,34,1,2922,4501.25,4501.5,4476.5,4486.25,178420,MESU3
2023-08-10 20:00:00+00:00,34,1,2922,4486.25,4488.5,4482.0,4486.75,17987,MESU3
2023-08-10 22:00:00+00:00,34,1,2922,4487.25,4491.25,4486.75,4490.25,4214,MESU3
2023-08-10 23:00:00+00:00,34,1,2922,4490.25,4492.5,4488.25,4491.25,2813,MESU3
2023-08-11 00:00:00+00:00,34,1,2922,4491.5,4496.0,4491.0,4495.0,4846,MESU3
2023-08-11 01:00:00+00:00,34,1,2922,4495.0,4496.0,4491.25,4491.5,5330,MESU3
2023-08-11 02:00:00+00:00,34,1,2922,4491.5,4492.0,4486.75,4488.0,5967,MESU3
2023-08-11 03:00:00+00:00,34,1,2922,4488.25,4490.5,4483.75,4485.25,5853,MESU3
2023-08-11 04:00:00+00:00,34,1,2922,4485.0,4485.25,4482.75,4484.0,3548,MESU3
2023-08-11 05:00:00+00:00,34,1,2922,4484.25,4489.5,4482.25,4488.75,4696,MESU3
2023-08-11 06:00:00+00:00,34,1,2922,4488.5,4491.0,4484.25,4489.75,6065,MESU3
2023-08-11 07:00:00+00:00,34,1,2922,4490.0,4494.5,4487.5,4488.75,9695,MESU3
2023-08-11 08:00:00+00:00,34,1,2922,4488.75,4489.0,4477.5,4481.5,14047,MESU3
2023-08-11 09:00:00+00:00,34,1,2922,4481.5,4486.75,4476.0,4479.25,9951,MESU3
2023-08-11 10:00:00+00:00,34,1,2922,4479.25,4486.5,4478.25,4481.5,7912,MESU3
2023-08-11 11:00:00+00:00,34,1,2922,4481.25,4487.0,4480.25,4481.75,9298,MESU3
2023-08-11 12:00:00+00:00,34,1,2922,4481.25,4485.5,4466.25,4467.5,47673,MESU3
2023-08-11 13:00:00+00:00,34,1,2922,4467.5,4474.5,4458.75,4468.25,124289,MESU3
2023-08-11 14:00:00+00:00,34,1,2922,4468.25,4493.0,4468.25,4478.5,196487,MESU3
2023-08-11 15:00:00+00:00,34,1,2922,4478.5,4482.5,4469.0,4479.25,107096,MESU3
2023-08-11 16:00:00+00:00,34,1,2922,4479.0,4485.25,4470.5,4473.0,76718,MESU3
2023-08-11 17:00:00+00:00,34,1,2922,4473.0,4481.75,4470.25,4475.25,72308,MESU3
2023-08-11 18:00:00+00:00,34,1,2922,4475.5,4488.5,4474.25,4486.75,80858,MESU3
2023-08-11 19:00:00+00:00,34,1,2922,4486.5,4487.75,4475.75,4482.0,110635,MESU3
2023-08-11 20:00:00+00:00,34,1,2922,4482.25,4486.25,4481.75,4483.5,15445,MESU3
2023-08-13 22:00:00+00:00,34,1,2922,4484.5,4491.5,4482.75,4489.5,7468,MESU3
2023-08-13 23:00:00+00:00,34,1,2922,4489.75,4491.25,4487.75,4489.0,3716,MESU3
2023-08-14 00:00:00+00:00,34,1,2922,4489.25,4490.75,4482.25,4483.25,10319,MESU3
2023-08-14 01:00:00+00:00,34,1,2922,4483.0,4485.0,4475.0,4480.0,16059,MESU3
2023-08-14 02:00:00+00:00,34,1,2922,4479.75,4480.5,4470.25,4471.25,14648,MESU3
2023-08-14 03:00:00+00:00,34,1,2922,4471.25,4473.0,4464.75,4470.75,12502,MESU3
2023-08-14 04:00:00+00:00,34,1,2922,4470.75,4473.0,4468.5,4469.25,7875,MESU3
2023-08-14 05:00:00+00:00,34,1,2922,4469.25,4476.25,4469.25,4475.0,7162,MESU3
2023-08-14 06:00:00+00:00,34,1,2922,4475.0,4479.25,4472.5,4477.75,8049,MESU3
2023-08-14 07:00:00+00:00,34,1,2922,4477.75,4501.25,4475.5,4496.75,23553,MESU3
2023-08-14 08:00:00+00:00,34,1,2922,4496.5,4499.25,4488.0,4489.5,18866,MESU3
2023-08-14 09:00:00+00:00,34,1,2922,4489.5,4492.75,4486.5,4489.75,7489,MESU3
2023-08-14 10:00:00+00:00,34,1,2922,4490.0,4495.5,4488.0,4492.5,8039,MESU3
2023-08-14 11:00:00+00:00,34,1,2922,4492.25,4493.75,4485.0,4488.0,9523,MESU3
2023-08-14 12:00:00+00:00,34,1,2922,4488.0,4488.25,4469.5,4476.0,31474,MESU3
2023-08-14 13:00:00+00:00,34,1,2922,4475.75,4478.5,4468.0,4477.0,111077,MESU3
2023-08-14 14:00:00+00:00,34,1,2922,4477.0,4501.5,4474.5,4497.75,144876,MESU3
2023-08-14 15:00:00+00:00,34,1,2922,4497.75,4503.25,4491.0,4496.5,87009,MESU3
2023-08-14 16:00:00+00:00,34,1,2922,4496.75,4500.25,4489.0,4497.75,71000,MESU3
2023-08-14 17:00:00+00:00,34,1,2922,4497.75,4502.25,4492.75,4496.5,51601,MESU3
2023-08-14 18:00:00+00:00,34,1,2922,4496.75,4497.5,4488.25,4493.25,64272,MESU3
2023-08-14 19:00:00+00:00,34,1,2922,4493.25,4507.0,4490.25,4507.0,86525,MESU3
2023-08-14 20:00:00+00:00,34,1,2922,4506.75,4507.75,4505.0,4506.75,16290,MESU3
2023-08-14 22:00:00+00:00,34,1,2922,4506.0,4514.5,4504.5,4513.25,8870,MESU3
2023-08-14 23:00:00+00:00,34,1,2922,4513.5,4514.0,4509.75,4511.0,4331,MESU3
2023-08-15 00:00:00+00:00,34,1,2922,4510.75,4512.25,4509.25,4510.25,5097,MESU3
2023-08-15 01:00:00+00:00,34,1,2922,4510.25,4517.75,4509.25,4514.75,13479,MESU3
2023-08-15 02:00:00+00:00,34,1,2922,4515.0,4515.25,4510.25,4512.0,7546,MESU3
2023-08-15 03:00:00+00:00,34,1,2922,4512.0,4515.0,4511.75,4515.0,2968,MESU3
2023-08-15 04:00:00+00:00,34,1,2922,4515.0,4516.25,4513.5,4514.25,2754,MESU3
2023-08-15 05:00:00+00:00,34,1,2922,4514.5,4515.75,4510.25,4512.5,4471,MESU3
2023-08-15 06:00:00+00:00,34,1,2922,4512.5,4516.25,4507.0,4507.25,8409,MESU3
2023-08-15 07:00:00+00:00,34,1,2922,4507.25,4510.5,4484.5,4484.75,34046,MESU3
2023-08-15 08:00:00+00:00,34,1,2922,4485.0,4492.0,4480.75,4490.5,18483,MESU3
2023-08-15 09:00:00+00:00,34,1,2922,4490.5,4491.25,4483.75,4486.25,10765,MESU3
2023-08-15 10:00:00+00:00,34,1,2922,4486.0,4488.75,4475.25,4481.0,18966,MESU3
2023-08-15 11:00:00+00:00,34,1,2922,4481.0,4483.5,4471.25,4474.25,19570,MESU3
2023-08-15 12:00:00+00:00,34,1,2922,4474.25,4482.0,4469.75,4474.75,39788,MESU3
2023-08-15 13:00:00+00:00,34,1,2922,4475.0,4491.25,4473.75,4476.75,131846,MESU3
2023-08-15 14:00:00+00:00,34,1,2922,4476.75,4477.0,4458.25,4463.5,180536,MESU3
2023-08-15 15:00:00+00:00,34,1,2922,4463.5,4476.25,4463.25,4475.75,95958,MESU3
2023-08-15 16:00:00+00:00,34,1,2922,4475.5,4478.0,4462.25,4465.5,84374,MESU3
2023-08-15 17:00:00+00:00,34,1,2922,4465.5,4471.25,4460.5,4464.75,66278,MESU3
2023-08-15 18:00:00+00:00,34,1,2922,4464.75,4470.5,4461.25,4466.75,57157,MESU3
2023-08-15 19:00:00+00:00,34,1,2922,4466.75,4468.0,4447.0,4454.0,139660,MESU3
2023-08-15 20:00:00+00:00,34,1,2922,4454.0,4455.75,4451.5,4452.75,19469,MESU3
2023-08-15 22:00:00+00:00,34,1,2922,4453.25,4455.5,4452.5,4454.5,4195,MESU3
2023-08-15 23:00:00+00:00,34,1,2922,4454.5,4457.25,4454.25,4456.25,3321,MESU3
2023-08-16 00:00:00+00:00,34,1,2922,4456.25,4456.5,4447.0,4452.5,10941,MESU3
2023-08-16 01:00:00+00:00,34,1,2922,4452.5,4458.0,4450.5,4454.0,9648,MESU3
2023-08-16 02:00:00+00:00,34,1,2922,4454.25,4457.5,4451.75,4454.75,6047,MESU3
2023-08-16 03:00:00+00:00,34,1,2922,4454.75,4457.75,4454.75,4455.75,4424,MESU3
2023-08-16 04:00:00+00:00,34,1,2922,4456.0,4456.5,4452.0,4453.75,4008,MESU3
2023-08-16 05:00:00+00:00,34,1,2922,4454.0,4455.5,4451.75,4453.0,4857,MESU3
2023-08-16 06:00:00+00:00,34,1,2922,4453.0,4455.5,4448.5,4455.0,7834,MESU3
2023-08-16 07:00:00+00:00,34,1,2922,4454.5,4463.75,4453.75,4460.5,13688,MESU3
2023-08-16 08:00:00+00:00,34,1,2922,4460.75,4467.25,4460.5,4463.5,10446,MESU3
2023-08-16 09:00:00+00:00,34,1,2922,4463.5,4464.25,4452.0,4455.0,11665,MESU3
2023-08-16 10:00:00+00:00,34,1,2922,4455.0,4456.75,4451.75,4453.75,7948,MESU3
2023-08-16 11:00:00+00:00,34,1,2922,4453.5,4456.0,4447.75,4455.5,11055,MESU3
2023-08-16 12:00:00+00:00,34,1,2922,4455.75,4457.5,4444.25,4445.5,22276,MESU3
2023-08-16 13:00:00+00:00,34,1,2922,4445.25,4465.5,4444.25,4458.75,120267,MESU3
2023-08-16 14:00:00+00:00,34,1,2922,4458.5,4465.25,4453.0,4463.25,122630,MESU3
2023-08-16 15:00:00+00:00,34,1,2922,4463.25,4465.5,4446.25,4448.5,85950,MESU3
2023-08-16 16:00:00+00:00,34,1,2922,4448.75,4452.0,4440.5,4441.0,72904,MESU3
2023-08-16 17:00:00+00:00,34,1,2922,4441.0,4449.75,4433.25,4446.0,80005,MESU3
2023-08-16 18:00:00+00:00,34,1,2922,4446.0,4454.5,4431.75,4441.75,135431,MESU3
2023-08-16 19:00:00+00:00,34,1,2922,4441.5,4441.5,4418.5,4419.75,165059,MESU3
2023-08-16 20:00:00+00:00,34,1,2922,4419.75,4423.0,4417.0,4419.5,24704,MESU3
2023-08-16 22:00:00+00:00,34,1,2922,4420.75,4423.75,4419.5,4420.5,4819,MESU3
2023-08-16 23:00:00+00:00,34,1,2922,4420.75,4422.0,4418.0,4419.0,5076,MESU3
2023-08-17 00:00:00+00:00,34,1,2922,4418.75,4419.0,4412.25,4414.75,12526,MESU3
2023-08-17 01:00:00+00:00,34,1,2922,4414.75,4417.0,4408.75,4417.0,13599,MESU3
2023-08-17 02:00:00+00:00,34,1,2922,4417.0,4420.5,4415.25,4419.0,8287,MESU3
2023-08-17 03:00:00+00:00,34,1,2922,4418.75,4423.25,4418.25,4423.25,7081,MESU3
2023-08-17 04:00:00+00:00,34,1,2922,4423.25,4424.25,4421.75,4421.75,4131,MESU3
2023-08-17 05:00:00+00:00,34,1,2922,4422.0,4422.25,4413.5,4418.0,8269,MESU3
2023-08-17 06:00:00+00:00,34,1,2922,4418.0,4426.75,4417.0,4425.5,9473,MESU3
2023-08-17 07:00:00+00:00,34,1,2922,4425.75,4428.5,4419.25,4424.25,14237,MESU3
2023-08-17 08:00:00+00:00,34,1,2922,4424.25,4430.25,4422.75,4425.25,10026,MESU3
2023-08-17 09:00:00+00:00,34,1,2922,4425.25,4429.5,4423.5,4429.0,8192,MESU3
2023-08-17 10:00:00+00:00,34,1,2922,4429.0,4431.25,4424.75,4427.25,8676,MESU3
2023-08-17 11:00:00+00:00,34,1,2922,4427.25,4431.75,4425.75,4431.25,10850,MESU3
2023-08-17 12:00:00+00:00,34,1,2922,4431.25,4436.75,4425.25,4435.0,23052,MESU3
2023-08-17 13:00:00+00:00,34,1,2922,4435.25,4436.0,4420.0,4425.25,125308,MESU3
2023-08-17 14:00:00+00:00,34,1,2922,4425.5,4429.0,4415.25,4421.0,156185,MESU3
2023-08-17 15:00:00+00:00,34,1,2922,4421.0,4422.25,4411.0,4417.0,103244,MESU3
2023-08-17 16:00:00+00:00,34,1,2922,4417.25,4427.75,4411.25,4426.5,76859,MESU3
2023-08-17 17:00:00+00:00,34,1,2922,4426.5,4427.5,4406.25,4409.25,87180,MESU3
2023-08-17 18:00:00+00:00,34,1,2922,4409.25,4410.25,4390.75,4392.75,107013,MESU3
2023-08-17 19:00:00+00:00,34,1,2922,4393.0,4395.75,4378.5,4383.5,176568,MESU3
2023-08-17 20:00:00+00:00,34,1,2922,4383.5,4385.0,4377.75,4379.0,23279,MESU3
2023-08-17 22:00:00+00:00,34,1,2922,4380.25,4383.0,4375.25,4378.75,7317,MESU3
2023-08-17 23:00:00+00:00,34,1,2922,4379.0,4384.5,4379.0,4381.25,6493,MESU3
2023-08-18 00:00:00+00:00,34,1,2922,4381.25,4386.25,4378.25,4385.0,8916,MESU3
2023-08-18 01:00:00+00:00,34,1,2922,4385.0,4389.75,4383.75,4388.5,8624,MESU3
2023-08-18 02:00:00+00:00,34,1,2922,4388.5,4390.25,4385.0,4386.5,6340,MESU3
2023-08-18 03:00:00+00:00,34,1,2922,4386.75,4387.25,4381.75,4384.5,6996,MESU3
2023-08-18 04:00:00+00:00,34,1,2922,4384.75,4386.0,4383.25,4384.5,3555,MESU3
2023-08-18 05:00:00+00:00,34,1,2922,4384.5,4384.75,4379.75,4384.0,5751,MESU3
2023-08-18 06:00:00+00:00,34,1,2922,4384.25,4388.75,4383.5,4386.75,7804,MESU3
2023-08-18 07:00:00+00:00,34,1,2922,4386.75,4388.5,4375.5,4379.0,18037,MESU3
2023-08-18 08:00:00+00:00,34,1,2922,4379.0,4384.5,4377.5,4382.25,10430,MESU3
2023-08-18 09:00:00+00:00,34,1,2922,4382.0,4383.25,4372.75,4376.75,12827,MESU3
2023-08-18 10:00:00+00:00,34,1,2922,4376.5,4380.75,4373.25,4375.0,10132,MESU3
2023-08-18 11:00:00+00:00,34,1,2922,4374.75,4376.25,4359.25,4362.25,27387,MESU3
2023-08-18 12:00:00+00:00,34,1,2922,4362.0,4365.75,4353.25,4358.75,37133,MESU3
2023-08-18 13:00:00+00:00,34,1,2922,4358.5,4372.5,4350.0,4362.5,161630,MESU3
2023-08-18 14:00:00+00:00,34,1,2922,4362.25,4371.0,4354.5,4370.5,178417,MESU3
2023-08-18 15:00:00+00:00,34,1,2922,4370.5,4385.5,4367.0,4384.5,139039,MESU3
2023-08-18 16:00:00+00:00,34,1,2922,4384.5,4385.75,4376.0,4378.75,77889,MESU3
2023-08-18 17:00:00+00:00,34,1,2922,4378.75,4381.75,4367.25,4379.25,88191,MESU3
2023-08-18 18:00:00+00:00,34,1,2922,4379.25,4388.0,4374.75,4379.75,86440,MESU3
2023-08-18 19:00:00+00:00,34,1,2922,4379.75,4396.0,4373.5,4384.75,115462,MESU3
2023-08-18 20:00:00+00:00,34,1,2922,4384.75,4390.0,4379.25,4380.25,21607,MESU3
2023-08-20 22:00:00+00:00,34,1,2922,4382.5,4387.75,4382.0,4384.5,6330,MESU3
2023-08-20 23:00:00+00:00,34,1,2922,4384.5,4386.5,4381.75,4386.25,4280,MESU3
2023-08-21 00:00:00+00:00,34,1,2922,4386.25,4390.5,4384.25,4388.75,6704,MESU3
2023-08-21 01:00:00+00:00,34,1,2922,4388.5,4388.5,4378.25,4383.5,14569,MESU3
2023-08-21 02:00:00+00:00,34,1,2922,4383.5,4389.0,4382.5,4387.5,6154,MESU3
2023-08-21 03:00:00+00:00,34,1,2922,4387.5,4388.5,4383.75,4384.75,3264,MESU3
2023-08-21 04:00:00+00:00,34,1,2922,4384.5,4385.5,4382.0,4382.75,2466,MESU3
2023-08-21 05:00:00+00:00,34,1,2922,4383.0,4385.0,4376.75,4378.75,7426,MESU3
2023-08-21 06:00:00+00:00,34,1,2922,4378.75,4381.75,4375.75,4378.75,5461,MESU3
2023-08-21 07:00:00+00:00,34,1,2922,4378.75,4397.5,4378.5,4396.75,15803,MESU3
2023-08-21 08:00:00+00:00,34,1,2922,4397.0,4399.5,4394.0,4399.5,10338,MESU3
2023-08-21 09:00:00+00:00,34,1,2922,4399.0,4405.5,4399.0,4404.5,9588,MESU3
2023-08-21 10:00:00+00:00,34,1,2922,4404.25,4406.75,4399.5,4401.25,9135,MESU3
2023-08-21 11:00:00+00:00,34,1,2922,4401.25,4407.0,4400.0,4405.5,11715,MESU3
2023-08-21 12:00:00+00:00,34,1,2922,4405.5,4407.5,4394.5,4395.0,20635,MESU3
2023-08-21 13:00:00+00:00,34,1,2922,4395.0,4406.5,4390.5,4406.5,126380,MESU3
2023-08-21 14:00:00+00:00,34,1,2922,4406.75,4408.5,4383.25,4386.5,179226,MESU3
2023-08-21 15:00:00+00:00,34,1,2922,4386.5,4390.0,4372.0,4375.5,130050,MESU3
2023-08-21 16:00:00+00:00,34,1,2922,4375.25,4393.5,4374.25,4392.5,94577,MESU3
2023-08-21 17:00:00+00:00,34,1,2922,4392.5,4404.0,4388.75,4400.0,92727,MESU3
2023-08-21 18:00:00+00:00,34,1,2922,4399.75,4412.0,4398.25,4409.5,92619,MESU3
2023-08-21 19:00:00+00:00,34,1,2922,4409.5,4420.75,4409.5,4412.75,113922,MESU3
2023-08-21 20:00:00+00:00,34,1,2922,4413.0,4413.0,4408.0,4409.25,17440,MESU3
2023-08-21 22:00:00+00:00,34,1,2922,4409.5,4410.25,4405.5,4406.25,4397,MESU3
2023-08-21 23:00:00+00:00,34,1,2922,4406.5,4410.0,4405.0,4406.0,4133,MESU3
2023-08-22 00:00:00+00:00,34,1,2922,4405.75,4408.5,4402.5,4408.0,7424,MESU3
2023-08-22 01:00:00+00:00,34,1,2922,4407.75,4410.25,4403.25,4406.75,8165,MESU3
2023-08-22 02:00:00+00:00,34,1,2922,4407.0,4410.75,4406.75,4409.0,5407,MESU3
2023-08-22 03:00:00+00:00,34,1,2922,4409.0,4411.75,4408.25,4410.25,3791,MESU3
2023-08-22 04:00:00+00:00,34,1,2922,4410.25,4410.5,4407.5,4408.0,2446,MESU3
2023-08-22 05:00:00+00:00,34,1,2922,4408.0,4410.0,4405.75,4409.25,4149,MESU3
2023-08-22 06:00:00+00:00,34,1,2922,4409.25,4416.0,4407.5,4415.25,7356,MESU3
2023-08-22 07:00:00+00:00,34,1,2922,4415.0,4425.75,4414.0,4424.5,20226,MESU3
2023-08-22 08:00:00+00:00,34,1,2922,4424.5,4428.25,4424.0,4427.75,12089,MESU3
2023-08-22 09:00:00+00:00,34,1,2922,4427.75,4431.5,4424.25,4429.75,9174,MESU3
2023-08-22 10:00:00+00:00,34,1,2922,4429.75,4432.75,4428.5,4430.25,7570,MESU3
2023-08-22 11:00:00+00:00,34,1,2922,4430.0,4438.25,4428.25,4436.75,15255,MESU3
2023-08-22 12:00:00+00:00,34,1,2922,4436.75,4440.0,4430.75,4430.75,20739,MESU3
2023-08-22 13:00:00+00:00,34,1,2922,4431.0,4432.0,4414.5,4415.5,128739,MESU3
2023-08-22 14:00:00+00:00,34,1,2922,4415.25,4423.0,4405.0,4416.5,169843,MESU3
2023-08-22 15:00:00+00:00,34,1,2922,4416.5,4417.5,4404.25,4405.5,113793,MESU3
2023-08-22 16:00:00+00:00,34,1,2922,4405.5,4412.5,4396.0,4405.5,108929,MESU3
2023-08-22 17:00:00+00:00,34,1,2922,4405.5,4406.5,4394.5,4400.25,106190,MESU3
2023-08-22 18:00:00+00:00,34,1,2922,4400.0,4407.75,4396.0,4403.75,85169,MESU3
2023-08-22 19:00:00+00:00,34,1,2922,4403.5,4413.5,4393.75,4399.75,106540,MESU3
2023-08-22 20:00:00+00:00,34,1,2922,4399.5,4400.75,4398.0,4400.0,11807,MESU3
2023-08-22 22:00:00+00:00,34,1,2922,4400.0,4404.0,4399.0,4402.0,4225,MESU3
2023-08-22 23:00:00+00:00,34,1,2922,4402.0,4402.5,4399.0,4400.75,2537,MESU3
2023-08-23 00:00:00+00:00,34,1,2922,4400.75,4407.0,4400.0,4406.75,6056,MESU3
2023-08-23 01:00:00+00:00,34,1,2922,4406.75,4413.5,4405.75,4411.0,10485,MESU3
2023-08-23 02:00:00+00:00,34,1,2922,4411.0,4414.0,4409.75,4411.25,5894,MESU3
2023-08-23 03:00:00+00:00,34,1,2922,4411.25,4412.5,4409.0,4411.0,3903,MESU3
2023-08-23 04:00:00+00:00,34,1,2922,4411.0,4412.0,4409.0,4411.5,2561,MESU3
2023-08-23 05:00:00+00:00,34,1,2922,4411.25,4415.75,4410.25,4415.0,5278,MESU3
2023-08-23 06:00:00+00:00,34,1,2922,4415.0,4416.5,4412.5,4413.75,5503,MESU3
2023-08-23 07:00:00+00:00,34,1,2922,4414.0,4422.5,4413.75,4416.5,15921,MESU3
2023-08-23 08:00:00+00:00,34,1,2922,4416.5,4425.25,4416.25,4422.75,10205,MESU3
2023-08-23 09:00:00+00:00,34,1,2922,4422.75,4424.75,4418.25,4421.75,6869,MESU3
2023-08-23 10:00:00+00:00,34,1,2922,4422.0,4423.25,4409.25,4411.75,11273,MESU3
2023-08-23 11:00:00+00:00,34,1,2922,4411.75,4412.75,4402.5,4408.25,18752,MESU3
2023-08-23 12:00:00+00:00,34,1,2922,4408.0,4409.5,4399.75,4403.75,28410,MESU3
2023-08-23 13:00:00+00:00,34,1,2922,4403.75,4424.25,4402.75,4421.75,101741,MESU3
2023-08-23 14:00:00+00:00,34,1,2922,4421.5,4438.25,4420.25,4437.5,129533,MESU3
2023-08-23 15:00:00+00:00,34,1,2922,4437.75,4444.0,4433.5,4441.25,84454,MESU3
2023-08-23 16:00:00+00:00,34,1,2922,4441.25,4445.0,4437.25,4440.25,48448,MESU3
2023-08-23 17:00:00+00:00,34,1,2922,4440.25,4456.0,4439.5,4454.25,63474,MESU3
2023-08-23 18:00:00+00:00,34,1,2922,4454.0,4454.5,4443.0,4445.5,62175,MESU3
2023-08-23 19:00:00+00:00,34,1,2922,4445.25,4452.75,4442.25,4448.0,92382,MESU3
2023-08-23 20:00:00+00:00,34,1,2922,4448.0,4476.0,4445.0,4475.75,48100,MESU3
2023-08-23 22:00:00+00:00,34,1,2922,4473.0,4473.5,4464.75,4469.25,12013,MESU3
2023-08-23 23:00:00+00:00,34,1,2922,4469.5,4471.0,4467.5,4469.5,5009,MESU3
2023-08-24 00:00:00+00:00,34,1,2922,4469.5,4471.75,4468.0,4470.5,6428,MESU3
2023-08-24 01:00:00+00:00,34,1,2922,4470.5,4473.0,4467.75,4471.5,5965,MESU3
2023-08-24 02:00:00+00:00,34,1,2922,4471.5,4478.75,4471.25,4478.5,8712,MESU3
2023-08-24 03:00:00+00:00,34,1,2922,4478.75,4481.0,4476.75,4477.25,7178,MESU3
2023-08-24 04:00:00+00:00,34,1,2922,4477.25,4480.5,4476.0,4479.75,3860,MESU3
2023-08-24 05:00:00+00:00,34,1,2922,4480.0,4482.5,4479.0,4481.25,7184,MESU3
2023-08-24 06:00:00+00:00,34,1,2922,4481.0,4481.25,4476.0,4477.25,6743,MESU3
2023-08-24 07:00:00+00:00,34,1,2922,4477.25,4485.5,4471.25,4474.0,22567,MESU3
2023-08-24 08:00:00+00:00,34,1,2922,4474.0,4480.5,4472.25,4473.5,10993,MESU3
2023-08-24 09:00:00+00:00,34,1,2922,4473.5,4474.75,4463.25,4466.0,12768,MESU3
2023-08-24 10:00:00+00:00,34,1,2922,4466.0,4474.25,4465.25,4473.5,9485,MESU3
2023-08-24 11:00:00+00:00,34,1,2922,4473.25,4476.75,4468.25,4469.5,11409,MESU3
2023-08-24 12:00:00+00:00,34,1,2922,4469.75,4470.25,4461.75,4464.5,26404,MESU3
2023-08-24 13:00:00+00:00,34,1,2922,4464.5,4468.5,4451.0,4466.25,127430,MESU3
2023-08-24 14:00:00+00:00,34,1,2922,4466.25,4468.75,4426.75,4427.5,235290,MESU3
2023-08-24 15:00:00+00:00,34,1,2922,4427.5,4427.5,4407.5,4408.0,137701,MESU3
2023-08-24 16:00:00+00:00,34,1,2922,4408.0,4424.75,4407.0,4414.75,87663,MESU3
2023-08-24 17:00:00+00:00,34,1,2922,4415.0,4417.0,4405.5,4409.5,73515,MESU3
2023-08-24 18:00:00+00:00,34,1,2922,4409.5,4415.0,4401.25,4406.5,83911,MESU3
2023-08-24 19:00:00+00:00,34,1,2922,4406.75,4409.5,4384.25,4385.0,139475,MESU3
2023-08-24 20:00:00+00:00,34,1,2922,4385.25,4388.25,4378.5,4383.5,33521,MESU3
2023-08-24 22:00:00+00:00,34,1,2922,4384.5,4390.75,4383.75,4390.25,6661,MESU3
2023-08-24 23:00:00+00:00,34,1,2922,4390.0,4390.25,4384.25,4387.75,5134,MESU3
2023-08-25 00:00:00+00:00,34,1,2922,4388.0,4392.75,4387.25,4391.25,6444,MESU3
2023-08-25 01:00:00+00:00,34,1,2922,4391.5,4392.75,4386.0,4389.75,7028,MESU3
2023-08-25 02:00:00+00:00,34,1,2922,4389.75,4390.5,4385.5,4387.5,6013,MESU3
2023-08-25 03:00:00+00:00,34,1,2922,4387.25,4388.75,4385.25,4387.5,4192,MESU3
2023-08-25 04:00:00+00:00,34,1,2922,4387.5,4389.0,4387.0,4387.25,2443,MESU3
2023-08-25 05:00:00+00:00,34,1,2922,4387.25,4391.0,4384.25,4389.75,5869,MESU3
2023-08-25 06:00:00+00:00,34,1,2922,4389.75,4390.75,4379.5,4382.5,10754,MESU3
2023-08-25 07:00:00+00:00,34,1,2922,4382.5,4393.75,4382.5,4389.75,12625,MESU3
2023-08-25 08:00:00+00:00,34,1,2922,4389.75,4398.0,4389.75,4395.25,11506,MESU3
2023-08-25 09:00:00+00:00,34,1,2922,4395.25,4397.25,4389.5,4391.0,6448,MESU3
2023-08-25 10:00:00+00:00,34,1,2922,4390.75,4399.0,4390.5,4397.25,6925,MESU3
2023-08-25 11:00:00+00:00,34,1,2922,4397.0,4399.0,4393.25,4396.75,7610,MESU3
2023-08-25 12:00:00+00:00,34,1,2922,4396.75,4406.0,4395.75,4403.5,18530,MESU3
2023-08-25 13:00:00+00:00,34,1,2922,4403.5,4410.75,4395.75,4406.5,108769,MESU3
2023-08-25 14:00:00+00:00,34,1,2922,4405.75,4427.75,4366.5,4367.75,417622,MESU3
2023-08-25 15:00:00+00:00,34,1,2922,4367.75,4403.25,4365.25,4385.25,201930,MESU3
2023-08-25 16:00:00+00:00,34,1,2922,4385.25,4406.5,4384.5,4402.25,103559,MESU3
2023-08-25 17:00:00+00:00,34,1,2922,4402.0,4407.25,4389.0,4401.25,87854,MESU3
2023-08-25 18:00:00+00:00,34,1,2922,4401.25,4424.5,4399.75,4423.25,114525,MESU3
2023-08-25 19:00:00+00:00,34,1,2922,4423.5,4429.0,4410.5,4415.0,112987,MESU3
2023-08-25 20:00:00+00:00,34,1,2922,4415.0,4418.25,4412.5,4413.5,13321,MESU3
2023-08-27 22:00:00+00:00,34,1,2922,4417.75,4424.75,4416.25,4421.25,7352,MESU3
2023-08-27 23:00:00+00:00,34,1,2922,4421.25,4423.0,4419.25,4421.5,4088,MESU3
2023-08-28 00:00:00+00:00,34,1,2922,4421.5,4421.75,4414.5,4416.0,9492,MESU3
2023-08-28 01:00:00+00:00,34,1,2922,4416.25,4422.25,4416.25,4419.75,8045,MESU3
2023-08-28 02:00:00+00:00,34,1,2922,4420.0,4421.5,4417.25,4420.75,3814,MESU3
2023-08-28 03:00:00+00:00,34,1,2922,4420.75,4420.75,4415.5,4415.75,3431,MESU3
2023-08-28 04:00:00+00:00,34,1,2922,4415.75,4417.75,4415.5,4417.75,1622,MESU3
2023-08-28 05:00:00+00:00,34,1,2922,4417.5,4423.25,4415.75,4422.5,4409,MESU3
2023-08-28 06:00:00+00:00,34,1,2922,4422.5,4423.75,4420.5,4421.25,3997,MESU3
2023-08-28 07:00:00+00:00,34,1,2922,4421.25,4423.75,4415.5,4418.25,8444,MESU3
2023-08-28 08:00:00+00:00,34,1,2922,4418.0,4424.75,4417.5,4421.5,6021,MESU3
2023-08-28 09:00:00+00:00,34,1,2922,4421.5,4423.0,4416.5,4421.0,5128,MESU3
2023-08-28 10:00:00+00:00,34,1,2922,4420.75,4421.75,4416.5,4420.25,4184,MESU3
2023-08-28 11:00:00+00:00,34,1,2922,4420.25,4424.5,4419.0,4424.25,7937,MESU3
2023-08-28 12:00:00+00:00,34,1,2922,4424.5,4436.75,4423.5,4436.25,21244,MESU3
2023-08-28 13:00:00+00:00,34,1,2922,4436.0,4447.25,4432.75,4440.75,127841,MESU3
2023-08-28 14:00:00+00:00,34,1,2922,4441.0,4447.25,4428.5,4435.5,156517,MESU3
2023-08-28 15:00:00+00:00,34,1,2922,4435.5,4435.75,4423.5,4429.5,118202,MESU3
2023-08-28 16:00:00+00:00,34,1,2922,4429.75,4441.0,4424.25,4440.75,75826,MESU3
2023-08-28 17:00:00+00:00,34,1,2922,4440.75,4448.0,4422.75,4426.25,110768,MESU3
2023-08-28 18:00:00+00:00,34,1,2922,4426.25,4434.25,4423.5,4433.25,80942,MESU3
2023-08-28 19:00:00+00:00,34,1,2922,4433.5,4449.5,4428.5,4442.0,126263,MESU3
2023-08-28 20:00:00+00:00,34,1,2922,4441.75,4444.5,4440.75,4444.0,12321,MESU3
2023-08-28 22:00:00+00:00,34,1,2922,4444.0,4447.0,4444.0,4445.5,3717,MESU3
2023-08-28 23:00:00+00:00,34,1,2922,4445.75,4446.0,4442.5,4443.0,2802,MESU3
2023-08-29 00:00:00+00:00,34,1,2922,4443.0,4444.25,4439.25,4443.75,5011,MESU3
2023-08-29 01:00:00+00:00,34,1,2922,4443.5,4446.5,4440.0,4440.5,5162,MESU3
2023-08-29 02:00:00+00:00,34,1,2922,4440.5,4443.75,4440.25,4443.75,2525,MESU3
2023-08-29 03:00:00+00:00,34,1,2922,4443.75,4445.75,4443.25,4445.0,2011,MESU3
2023-08-29 04:00:00+00:00,34,1,2922,4444.75,4446.25,4444.0,4444.25,1736,MESU3
2023-08-29 05:00:00+00:00,34,1,2922,4444.25,4448.75,4444.25,4448.5,3775,MESU3
2023-08-29 06:00:00+00:00,34,1,2922,4448.5,4451.0,4446.0,4446.75,5577,MESU3
2023-08-29 07:00:00+00:00,34,1,2922,4447.0,4454.0,4438.75,4440.25,12977,MESU3
2023-08-29 08:00:00+00:00,34,1,2922,4440.25,4445.0,4437.75,4439.0,12799,MESU3
2023-08-29 09:00:00+00:00,34,1,2922,4439.0,4448.75,4437.75,4448.25,6521,MESU3
2023-08-29 10:00:00+00:00,34,1,2922,4448.25,4449.25,4440.75,4441.0,7035,MESU3
2023-08-29 11:00:00+00:00,34,1,2922,4440.75,4443.75,4436.75,4438.5,9022,MESU3
2023-08-29 12:00:00+00:00,34,1,2922,4438.25,4442.5,4433.25,4439.75,20055,MESU3
2023-08-29 13:00:00+00:00,34,1,2922,4439.75,4456.75,4435.75,4452.5,100944,MESU3
2023-08-29 14:00:00+00:00,34,1,2922,4452.25,4482.25,4452.25,4472.5,207633,MESU3
2023-08-29 15:00:00+00:00,34,1,2922,4472.5,4494.25,4471.5,4490.75,103273,MESU3
2023-08-29 16:00:00+00:00,34,1,2922,4490.75,4499.25,4489.5,4495.0,64039,MESU3
2023-08-29 17:00:00+00:00,34,1,2922,4495.25,4502.5,4491.25,4495.5,77127,MESU3
2023-08-29 18:00:00+00:00,34,1,2922,4495.25,4504.0,4494.0,4500.0,74402,MESU3
2023-08-29 19:00:00+00:00,34,1,2922,4500.0,4509.0,4495.25,4506.0,104408,MESU3
2023-08-29 20:00:00+00:00,34,1,2922,4506.0,4509.5,4505.25,4508.0,17613,MESU3
2023-08-29 22:00:00+00:00,34,1,2922,4508.25,4511.5,4507.25,4509.5,5152,MESU3
2023-08-29 23:00:00+00:00,34,1,2922,4509.5,4510.5,4508.25,4509.0,2473,MESU3
2023-08-30 00:00:00+00:00,34,1,2922,4508.75,4511.75,4508.0,4510.75,4933,MESU3
2023-08-30 01:00:00+00:00,34,1,2922,4510.75,4514.0,4509.25,4513.5,5238,MESU3
2023-08-30 02:00:00+00:00,34,1,2922,4513.5,4516.5,4513.0,4513.25,5658,MESU3
2023-08-30 03:00:00+00:00,34,1,2922,4513.25,4514.75,4513.0,4514.0,2174,MESU3
2023-08-30 04:00:00+00:00,34,1,2922,4514.0,4515.0,4511.75,4511.75,2811,MESU3
2023-08-30 05:00:00+00:00,34,1,2922,4511.75,4513.75,4507.75,4509.5,5389,MESU3
2023-08-30 06:00:00+00:00,34,1,2922,4509.5,4509.5,4504.5,4505.75,5690,MESU3
2023-08-30 07:00:00+00:00,34,1,2922,4505.75,4508.25,4499.25,4507.5,12720,MESU3
2023-08-30 08:00:00+00:00,34,1,2922,4507.25,4507.75,4498.75,4500.0,8450,MESU3
2023-08-30 09:00:00+00:00,34,1,2922,4499.5,4500.75,4496.5,4498.75,8038,MESU3
2023-08-30 10:00:00+00:00,34,1,2922,4498.5,4505.25,4498.5,4503.75,7638,MESU3
2023-08-30 11:00:00+00:00,34,1,2922,4503.5,4504.25,4500.5,4501.5,8487,MESU3
2023-08-30 12:00:00+00:00,34,1,2922,4501.75,4514.0,4500.25,4510.0,28725,MESU3
2023-08-30 13:00:00+00:00,34,1,2922,4509.75,4527.25,4506.0,4526.0,115620,MESU3
2023-08-30 14:00:00+00:00,34,1,2922,4526.0,4530.0,4501.5,4519.75,210304,MESU3
2023-08-30 15:00:00+00:00,34,1,2922,4519.75,4525.75,4511.0,4524.5,90458,MESU3
2023-08-30 16:00:00+00:00,34,1,2922,4524.5,4530.75,4521.5,4528.0,65423,MESU3
2023-08-30 17:00:00+00:00,34,1,2922,4528.25,4528.5,4517.25,4521.25,57392,MESU3
2023-08-30 18:00:00+00:00,34,1,2922,4521.5,4526.75,4514.0,4525.75,77998,MESU3
2023-08-30 19:00:00+00:00,34,1,2922,4525.75,4528.0,4519.25,4524.25,78806,MESU3
2023-08-30 20:00:00+00:00,34,1,2922,4524.0,4527.75,4523.0,4526.75,14006,MESU3
2023-08-30 22:00:00+00:00,34,1,2922,4527.0,4528.0,4525.0,4525.0,2353,MESU3
2023-08-30 23:00:00+00:00,34,1,2922,4525.25,4525.5,4524.0,4524.75,1791,MESU3
2023-08-31 00:00:00+00:00,34,1,2922,4524.75,4528.0,4524.5,4525.5,4038,MESU3
2023-08-31 01:00:00+00:00,34,1,2922,4525.5,4528.5,4525.25,4526.75,4532,MESU3
2023-08-31 02:00:00+00:00,34,1,2922,4527.0,4531.5,4526.5,4526.75,5382,MESU3
2023-08-31 03:00:00+00:00,34,1,2922,4527.0,4529.0,4525.5,4527.75,3264,MESU3
2023-08-31 04:00:00+00:00,34,1,2922,4527.75,4529.5,4527.5,4527.5,2418,MESU3
2023-08-31 05:00:00+00:00,34,1,2922,4527.5,4528.0,4524.25,4528.0,4812,MESU3
2023-08-31 06:00:00+00:00,34,1,2922,4528.0,4528.75,4524.5,4525.25,5346,MESU3
2023-08-31 07:00:00+00:00,34,1,2922,4525.0,4531.75,4524.25,4531.25,11784,MESU3
2023-08-31 08:00:00+00:00,34,1,2922,4531.0,4531.25,4527.75,4530.5,6769,MESU3
2023-08-31 09:00:00+00:00,34,1,2922,4530.5,4531.25,4522.25,4525.25,11354,MESU3
2023-08-31 10:00:00+00:00,34,1,2922,4525.25,4529.25,4525.0,4527.25,6226,MESU3
2023-08-31 11:00:00+00:00,34,1,2922,4527.0,4537.25,4524.75,4535.5,11597,MESU3
2023-08-31 12:00:00+00:00,34,1,2922,4535.25,4542.0,4531.5,4534.0,29846,MESU3
2023-08-31 13:00:00+00:00,34,1,2922,4534.0,4537.25,4524.25,4536.0,107563,MESU3
2023-08-31 14:00:00+00:00,34,1,2922,4535.5,4539.75,4529.25,4534.75,107589,MESU3
2023-08-31 15:00:00+00:00,34,1,2922,4535.0,4535.0,4525.75,4530.25,81927,MESU3
2023-08-31 16:00:00+00:00,34,1,2922,4530.5,4534.0,4515.0,4521.0,91751,MESU3
2023-08-31 17:00:00+00:00,34,1,2922,4521.25,4530.25,4518.75,4526.25,66936,MESU3
2023-08-31 18:00:00+00:00,34,1,2922,4526.0,4533.5,4519.0,4520.25,76991,MESU3
2023-08-31 19:00:00+00:00,34,1,2922,4520.0,4528.25,4513.0,4514.25,111023,MESU3
2023-08-31 20:00:00+00:00,34,1,2922,4514.25,4519.5,4513.5,4517.25,21975,MESU3
2023-08-31 22:00:00+00:00,34,1,2922,4517.25,4518.0,4514.5,4516.75,3356,MESU3
2023-08-31 23:00:00+00:00,34,1,2922,4516.5,4518.75,4516.0,4518.5,2186,MESU3
2023-09-01 00:00:00+00:00,34,1,2922,4518.25,4521.0,4517.25,4519.5,4106,MESU3
2023-09-01 01:00:00+00:00,34,1,2922,4519.75,4522.25,4518.25,4520.75,5025,MESU3
2023-09-01 02:00:00+00:00,34,1,2922,4520.75,4521.75,4519.5,4519.5,2091,MESU3
2023-09-01 03:00:00+00:00,34,1,2922,4519.5,4520.5,4519.0,4520.5,1789,MESU3
2023-09-01 04:00:00+00:00,34,1,2922,4520.5,4522.75,4520.5,4521.75,2094,MESU3
2023-09-01 05:00:00+00:00,34,1,2922,4521.75,4522.25,4519.25,4519.75,1643,MESU3
2023-09-01 06:00:00+00:00,34,1,2922,4520.0,4521.0,4513.5,4518.25,5484,MESU3
2023-09-01 07:00:00+00:00,34,1,2922,4518.0,4528.0,4516.0,4526.75,13929,MESU3
2023-09-01 08:00:00+00:00,34,1,2922,4526.75,4527.25,4523.75,4525.0,4719,MESU3
2023-09-01 09:00:00+00:00,34,1,2922,4525.25,4531.0,4524.75,4528.0,6019,MESU3
2023-09-01 10:00:00+00:00,34,1,2922,4528.25,4532.75,4525.75,4531.25,6539,MESU3
2023-09-01 11:00:00+00:00,34,1,2922,4531.25,4534.25,4529.5,4531.5,7204,MESU3
2023-09-01 12:00:00+00:00,34,1,2922,4531.25,4546.25,4527.0,4542.25,48749,MESU3
2023-09-01 13:00:00+00:00,34,1,2922,4542.5,4547.75,4522.25,4534.5,154912,MESU3
2023-09-01 14:00:00+00:00,34,1,2922,4534.0,4541.25,4517.0,4520.5,183939,MESU3
2023-09-01 15:00:00+00:00,34,1,2922,4520.25,4523.25,4507.25,4509.25,103968,MESU3
2023-09-01 16:00:00+00:00,34,1,2922,4509.25,4520.75,4507.5,4518.0,77344,MESU3
2023-09-01 17:00:00+00:00,34,1,2922,4518.0,4519.75,4512.25,4517.25,42996,MESU3
2023-09-01 18:00:00+00:00,34,1,2922,4517.25,4518.75,4509.25,4516.0,43253,MESU3
2023-09-01 19:00:00+00:00,34,1,2922,4516.0,4523.75,4514.25,4522.75,62014,MESU3
2023-09-01 20:00:00+00:00,34,1,2922,4523.0,4523.5,4518.0,4519.0,10246,MESU3
2023-09-03 22:00:00+00:00,34,1,2922,4520.5,4523.75,4517.5,4518.0,4508,MESU3
2023-09-03 23:00:00+00:00,34,1,2922,4518.25,4520.25,4517.5,4519.75,1319,MESU3
2023-09-04 00:00:00+00:00,34,1,2922,4519.5,4523.0,4519.0,4522.5,3154,MESU3
2023-09-04 01:00:00+00:00,34,1,2922,4522.25,4524.0,4519.5,4520.5,3838,MESU3
2023-09-04 02:00:00+00:00,34,1,2922,4520.5,4524.0,4519.5,4523.75,3079,MESU3
2023-09-04 03:00:00+00:00,34,1,2922,4524.0,4524.25,4521.75,4522.25,1468,MESU3
2023-09-04 04:00:00+00:00,34,1,2922,4522.0,4522.5,4521.5,4522.25,882,MESU3
2023-09-04 05:00:00+00:00,34,1,2922,4522.25,4525.5,4521.25,4525.25,2630,MESU3
2023-09-04 06:00:00+00:00,34,1,2922,4525.25,4526.5,4522.0,4525.0,3473,MESU3
2023-09-04 07:00:00+00:00,34,1,2922,4524.75,4530.25,4524.0,4528.0,5787,MESU3
2023-09-04 08:00:00+00:00,34,1,2922,4528.0,4531.0,4527.25,4529.25,2652,MESU3
2023-09-04 09:00:00+00:00,34,1,2922,4529.5,4530.25,4527.75,4529.5,2524,MESU3
2023-09-04 10:00:00+00:00,34,1,2922,4529.5,4531.25,4527.5,4529.25,2185,MESU3
2023-09-04 11:00:00+00:00,34,1,2922,4529.25,4530.0,4526.25,4527.75,2230,MESU3
2023-09-04 12:00:00+00:00,34,1,2922,4527.5,4531.25,4525.0,4526.25,5064,MESU3
2023-09-04 13:00:00+00:00,34,1,2922,4526.5,4528.25,4524.25,4526.75,6837,MESU3
2023-09-04 14:00:00+00:00,34,1,2922,4526.5,4526.75,4515.5,4515.5,13628,MESU3
2023-09-04 15:00:00+00:00,34,1,2922,4515.75,4519.5,4515.25,4518.25,7537,MESU3
2023-09-04 16:00:00+00:00,34,1,2922,4518.5,4521.0,4517.5,4519.0,4437,MESU3
2023-09-04 22:00:00+00:00,34,1,2922,4520.0,4521.5,4517.25,4519.0,2849,MESU3
2023-09-04 23:00:00+00:00,34,1,2922,4519.0,4521.25,4518.0,4520.0,1727,MESU3
2023-09-05 00:00:00+00:00,34,1,2922,4519.75,4520.75,4513.0,4513.5,5975,MESU3
2023-09-05 01:00:00+00:00,34,1,2922,4513.5,4517.0,4512.5,4514.5,4366,MESU3
2023-09-05 02:00:00+00:00,34,1,2922,4514.5,4515.75,4512.75,4515.0,3237,MESU3
2023-09-05 03:00:00+00:00,34,1,2922,4515.0,4515.25,4513.0,4513.75,1433,MESU3
2023-09-05 04:00:00+00:00,34,1,2922,4514.0,4516.5,4513.75,4515.75,1410,MESU3
2023-09-05 05:00:00+00:00,34,1,2922,4515.75,4517.0,4512.75,4513.75,3182,MESU3
2023-09-05 06:00:00+00:00,34,1,2922,4513.75,4514.5,4509.25,4511.5,6447,MESU3
2023-09-05 07:00:00+00:00,34,1,2922,4511.5,4512.75,4504.0,4506.0,15320,MESU3
2023-09-05 08:00:00+00:00,34,1,2922,4505.75,4511.0,4500.0,4509.75,15659,MESU3
2023-09-05 09:00:00+00:00,34,1,2922,4509.75,4516.25,4509.0,4513.5,8359,MESU3
2023-09-05 10:00:00+00:00,34,1,2922,4513.5,4518.0,4512.5,4514.75,6801,MESU3
2023-09-05 11:00:00+00:00,34,1,2922,4514.75,4517.25,4510.25,4515.5,9234,MESU3
2023-09-05 12:00:00+00:00,34,1,2922,4515.25,4520.25,4507.25,4519.25,26158,MESU3
2023-09-05 13:00:00+00:00,34,1,2922,4519.25,4520.25,4503.75,4505.75,99272,MESU3
2023-09-05 14:00:00+00:00,34,1,2922,4505.75,4514.5,4501.5,4511.25,130155,MESU3
2023-09-05 15:00:00+00:00,34,1,2922,4511.25,4520.75,4508.75,4512.25,78701,MESU3
2023-09-05 16:00:00+00:00,34,1,2922,4512.25,4517.25,4511.75,4513.0,40491,MESU3
2023-09-05 17:00:00+00:00,34,1,2922,4513.0,4513.5,4504.75,4510.25,47579,MESU3
2023-09-05 18:00:00+00:00,34,1,2922,4510.25,4516.5,4506.75,4516.25,42119,MESU3
2023-09-05 19:00:00+00:00,34,1,2922,4516.25,4516.5,4501.5,4502.25,73469,MESU3
2023-09-05 20:00:00+00:00,34,1,2922,4502.25,4504.5,4499.0,4500.5,13470,MESU3
2023-09-05 22:00:00+00:00,34,1,2922,4500.5,4502.75,4498.5,4502.0,3482,MESU3
2023-09-05 23:00:00+00:00,34,1,2922,4502.0,4502.25,4500.0,4501.25,2216,MESU3
2023-09-06 00:00:00+00:00,34,1,2922,4501.5,4503.75,4500.25,4502.25,3537,MESU3
2023-09-06 01:00:00+00:00,34,1,2922,4502.0,4502.75,4496.5,4497.0,5721,MESU3
2023-09-06 02:00:00+00:00,34,1,2922,4497.0,4502.25,4496.75,4499.75,4441,MESU3
2023-09-06 03:00:00+00:00,34,1,2922,4499.75,4499.75,4496.5,4497.25,2861,MESU3
2023-09-06 04:00:00+00:00,34,1,2922,4497.5,4500.5,4497.0,4498.25,1921,MESU3
2023-09-06 05:00:00+00:00,34,1,2922,4498.5,4500.5,4495.5,4500.5,4877,MESU3
2023-09-06 06:00:00+00:00,34,1,2922,4500.25,4500.5,4494.25,4495.75,4931,MESU3
2023-09-06 07:00:00+00:00,34,1,2922,4495.5,4495.75,4486.25,4489.5,17174,MESU3
2023-09-06 08:00:00+00:00,34,1,2922,4489.75,4495.25,4488.75,4493.5,13074,MESU3
2023-09-06 09:00:00+00:00,34,1,2922,4493.5,4495.0,4490.25,4493.5,5860,MESU3
2023-09-06 10:00:00+00:00,34,1,2922,4493.75,4496.0,4491.5,4493.0,5480,MESU3
2023-09-06 11:00:00+00:00,34,1,2922,4493.25,4495.5,4490.5,4493.25,8033,MESU3
2023-09-06 12:00:00+00:00,34,1,2922,4493.25,4494.25,4487.75,4493.5,15566,MESU3
2023-09-06 13:00:00+00:00,34,1,2922,4493.5,4494.25,4483.0,4488.5,94379,MESU3
2023-09-06 14:00:00+00:00,34,1,2922,4488.25,4488.25,4464.5,4465.75,180539,MESU3
2023-09-06 15:00:00+00:00,34,1,2922,4466.0,4469.0,4460.5,4464.5,101721,MESU3
2023-09-06 16:00:00+00:00,34,1,2922,4464.25,4466.5,4448.75,4451.5,84125,MESU3
2023-09-06 17:00:00+00:00,34,1,2922,4451.25,4464.75,4446.75,4462.0,91791,MESU3
2023-09-06 18:00:00+00:00,34,1,2922,4462.0,4470.75,4460.5,4468.5,62625,MESU3
2023-09-06 19:00:00+00:00,34,1,2922,4468.25,4473.25,4462.25,4471.0,97723,MESU3
2023-09-06 20:00:00+00:00,34,1,2922,4470.75,4471.25,4467.75,4469.25,14589,MESU3
2023-09-06 22:00:00+00:00,34,1,2922,4469.75,4470.75,4467.75,4468.75,2402,MESU3
2023-09-06 23:00:00+00:00,34,1,2922,4468.75,4471.0,4468.75,4470.25,2013,MESU3
2023-09-07 00:00:00+00:00,34,1,2922,4470.25,4471.75,4467.5,4468.25,3236,MESU3
2023-09-07 01:00:00+00:00,34,1,2922,4468.0,4470.75,4466.75,4468.5,3864,MESU3
2023-09-07 02:00:00+00:00,34,1,2922,4468.5,4469.25,4466.75,4467.75,1788,MESU3
2023-09-07 03:00:00+00:00,34,1,2922,4467.75,4469.75,4466.5,4468.5,1848,MESU3
2023-09-07 04:00:00+00:00,34,1,2922,4468.75,4469.0,4462.5,4463.5,4862,MESU3
2023-09-07 05:00:00+00:00,34,1,2922,4463.75,4464.25,4460.25,4461.5,5237,MESU3
2023-09-07 06:00:00+00:00,34,1,2922,4461.5,4463.0,4456.75,4458.5,7013,MESU3
2023-09-07 07:00:00+00:00,34,1,2922,4458.5,4463.0,4453.75,4462.5,14993,MESU3
2023-09-07 08:00:00+00:00,34,1,2922,4462.5,4462.75,4452.5,4458.25,14156,MESU3
2023-09-07 09:00:00+00:00,34,1,2922,4458.25,4464.75,4457.75,4460.25,9925,MESU3
2023-09-07 10:00:00+00:00,34,1,2922,4460.0,4462.0,4455.5,4456.75,7795,MESU3
2023-09-07 11:00:00+00:00,34,1,2922,4456.5,4460.0,4451.0,4451.25,14295,MESU3
2023-09-07 12:00:00+00:00,34,1,2922,4451.25,4453.25,4434.75,4436.75,45286,MESU3
2023-09-07 13:00:00+00:00,34,1,2922,4436.75,4451.0,4434.75,4441.0,141727,MESU3
2023-09-07 14:00:00+00:00,34,1,2922,4441.0,4453.5,4433.25,4447.25,175798,MESU3
2023-09-07 15:00:00+00:00,34,1,2922,4447.25,4457.0,4445.5,4446.75,104671,MESU3
2023-09-07 16:00:00+00:00,34,1,2922,4446.75,4459.25,4446.0,4451.75,76497,MESU3
2023-09-07 17:00:00+00:00,34,1,2922,4451.5,4459.25,4450.0,4457.75,60551,MESU3
2023-09-07 18:00:00+00:00,34,1,2922,4457.75,4460.5,4447.75,4456.75,72092,MESU3
2023-09-07 19:00:00+00:00,34,1,2922,4456.75,4463.0,4449.5,4455.25,105141,MESU3
2023-09-07 20:00:00+00:00,34,1,2922,4455.25,4457.75,4452.0,4457.25,13396,MESU3
2023-09-07 22:00:00+00:00,34,1,2922,4457.75,4459.0,4456.75,4458.0,1945,MESU3
2023-09-07 23:00:00+00:00,34,1,2922,4458.0,4458.25,4454.75,4457.0,2813,MESU3
2023-09-08 00:00:00+00:00,34,1,2922,4456.75,4458.0,4451.25,4454.25,6707,MESU3
2023-09-08 01:00:00+00:00,34,1,2922,4454.5,4456.25,4451.0,4455.5,5034,MESU3
2023-09-08 02:00:00+00:00,34,1,2922,4455.5,4458.0,4454.75,4457.0,3341,MESU3
2023-09-08 03:00:00+00:00,34,1,2922,4457.0,4458.25,4456.0,4457.75,2035,MESU3
2023-09-08 04:00:00+00:00,34,1,2922,4457.75,4457.75,4454.25,4454.5,2391,MESU3
2023-09-08 05:00:00+00:00,34,1,2922,4454.5,4463.25,4454.5,4462.75,6180,MESU3
2023-09-08 06:00:00+00:00,34,1,2922,4463.0,4467.25,4461.25,4465.75,8177,MESU3
2023-09-08 07:00:00+00:00,34,1,2922,4465.5,4469.0,4456.75,4462.75,12985,MESU3
2023-09-08 08:00:00+00:00,34,1,2922,4463.0,4465.25,4448.75,4448.75,20803,MESU3
2023-09-08 09:00:00+00:00,34,1,2922,4448.75,4449.5,4443.0,4445.25,16414,MESU3
2023-09-08 10:00:00+00:00,34,1,2922,4445.25,4452.5,4444.25,4452.0,12389,MESU3
2023-09-08 11:00:00+00:00,34,1,2922,4451.75,4453.0,4444.75,4449.75,11501,MESU3
2023-09-08 12:00:00+00:00,34,1,2922,4449.75,4459.5,4448.5,4454.75,18656,MESU3
2023-09-08 13:00:00+00:00,34,1,2922,4454.5,4467.25,4454.0,4464.75,118786,MESU3
2023-09-08 14:00:00+00:00,34,1,2922,4464.5,4477.5,4463.75,4465.25,164164,MESU3
2023-09-08 15:00:00+00:00,34,1,2922,4465.25,4475.5,4463.75,4468.0,92636,MESU3
2023-09-08 16:00:00+00:00,34,1,2922,4468.0,4474.25,4462.0,4467.25,79708,MESU3
2023-09-08 17:00:00+00:00,34,1,2922,4467.25,4468.25,4461.25,4465.0,66409,MESU3
2023-09-08 18:00:00+00:00,34,1,2922,4465.25,4468.75,4454.75,4455.25,94195,MESU3
2023-09-08 19:00:00+00:00,34,1,2922,4455.25,4462.75,4451.5,4461.25,97885,MESU3
2023-09-08 20:00:00+00:00,34,1,2922,4461.25,4467.25,4460.25,4463.5,15949,MESU3
2023-09-10 22:00:00+00:00,34,1,2922,4463.5,4465.25,4459.0,4465.0,4280,MESU3
2023-09-10 23:00:00+00:00,34,1,2922,4464.75,4466.0,4462.75,4465.75,1758,MESU3
2023-09-11 00:00:00+00:00,34,1,2922,4465.75,4468.0,4461.75,4462.5,4711,MESU3
2023-09-11 01:00:00+00:00,34,1,2922,4462.5,4464.5,4459.5,4464.25,3964,MESU3
2023-09-11 02:00:00+00:00,34,1,2922,4464.25,4467.0,4462.25,4466.0,3167,MESU3
2023-09-11 03:00:00+00:00,34,1,2922,4466.0,4466.5,4463.75,4464.5,2121,MESU3
2023-09-11 04:00:00+00:00,34,1,2922,4464.5,4470.0,4464.5,4469.75,2073,MESU3
2023-09-11 05:00:00+00:00,34,1,2922,4469.75,4474.75,4469.5,4474.0,3902,MESU3
2023-09-11 06:00:00+00:00,34,1,2922,4474.25,4476.5,4472.25,4475.0,3825,MESU3
2023-09-11 07:00:00+00:00,34,1,2922,4474.75,4483.5,4474.75,4480.25,10094,MESU3
2023-09-11 08:00:00+00:00,34,1,2922,4480.25,4482.5,4473.5,4475.0,5781,MESU3
2023-09-11 09:00:00+00:00,34,1,2922,4475.0,4480.25,4474.75,4479.75,4431,MESU3
2023-09-11 10:00:00+00:00,34,1,2922,4479.5,4481.25,4475.5,4480.5,4307,MESU3
2023-09-11 11:00:00+00:00,34,1,2922,4480.5,4483.25,4477.75,4479.0,9326,MESU3
2023-09-11 12:00:00+00:00,34,1,2922,4478.75,4486.0,4477.25,4485.5,11511,MESU3
2023-09-11 13:00:00+00:00,34,1,2922,4485.5,4493.75,4474.5,4475.5,64990,MESU3
2023-09-11 14:00:00+00:00,34,1,2922,4475.25,4484.25,4472.75,4474.5,61923,MESU3
2023-09-11 15:00:00+00:00,34,1,2922,4474.25,4480.75,4469.75,4474.5,33737,MESU3
2023-09-11 16:00:00+00:00,34,1,2922,4474.75,4483.75,4474.25,4482.75,23224,MESU3
2023-09-11 17:00:00+00:00,34,1,2922,4483.0,4490.5,4480.75,4489.75,21208,MESU3
2023-09-11 18:00:00+00:00,34,1,2922,4489.75,4491.25,4486.25,4490.0,17282,MESU3
2023-09-11 19:00:00+00:00,34,1,2922,4490.25,4492.75,4485.75,4490.5,25896,MESU3
2023-09-11 20:00:00+00:00,34,1,2922,4490.5,4491.75,4488.0,4488.25,5400,MESU3
2023-09-11 22:00:00+00:00,34,1,2922,4488.0,4488.25,4484.75,4485.5,1976,MESU3
2023-09-11 23:00:00+00:00,34,1,2922,4485.5,4487.25,4484.75,4485.5,1166,MESU3
2023-09-12 00:00:00+00:00,34,1,2922,4485.5,4485.75,4482.0,4483.0,2204,MESU3
2023-09-12 01:00:00+00:00,34,1,2922,4482.5,4485.5,4480.5,4482.5,2120,MESU3
2023-09-12 02:00:00+00:00,34,1,2922,4482.25,4485.5,4481.5,4485.5,1438,MESU3
2023-09-12 03:00:00+00:00,34,1,2922,4485.75,4487.5,4484.25,4487.0,1145,MESU3
2023-09-12 04:00:00+00:00,34,1,2922,4487.0,4488.0,4484.5,4484.75,1129,MESU3
2023-09-12 05:00:00+00:00,34,1,2922,4484.5,4486.5,4483.25,4485.75,1663,MESU3
2023-09-12 06:00:00+00:00,34,1,2922,4485.75,4488.5,4485.0,4486.75,2020,MESU3
2023-09-12 07:00:00+00:00,34,1,2922,4486.25,4488.0,4478.25,4479.75,4671,MESU3
2023-09-12 08:00:00+00:00,34,1,2922,4479.75,4482.75,4477.0,4478.5,3530,MESU3
2023-09-12 09:00:00+00:00,34,1,2922,4478.5,4481.75,4476.0,4480.0,2965,MESU3
2023-09-12 10:00:00+00:00,34,1,2922,4480.0,4483.0,4479.0,4482.5,2449,MESU3
2023-09-12 11:00:00+00:00,34,1,2922,4482.25,4482.75,4475.5,4476.0,4101,MESU3
2023-09-12 12:00:00+00:00,34,1,2922,4475.75,4483.25,4475.25,4477.25,5813,MESU3
2023-09-12 13:00:00+00:00,34,1,2922,4477.0,4483.25,4470.5,4481.75,28296,MESU3
2023-09-12 14:00:00+00:00,34,1,2922,4481.5,4482.0,4467.0,4467.25,37948,MESU3
2023-09-12 15:00:00+00:00,34,1,2922,4467.25,4477.0,4465.75,4475.5,23257,MESU3
2023-09-12 16:00:00+00:00,34,1,2922,4475.5,4480.75,4474.5,4477.75,18789,MESU3
2023-09-12 17:00:00+00:00,34,1,2922,4477.75,4490.25,4473.5,4475.25,23161,MESU3
2023-09-12 18:00:00+00:00,34,1,2922,4475.25,4476.0,4464.25,4465.5,19066,MESU3
2023-09-12 19:00:00+00:00,34,1,2922,4465.5,4467.0,4458.5,4464.5,25684,MESU3
2023-09-12 20:00:00+00:00,34,1,2922,4464.75,4467.5,4464.25,4465.25,3701,MESU3
2023-09-12 22:00:00+00:00,34,1,2922,4463.75,4465.25,4462.75,4464.25,804,MESU3
2023-09-12 23:00:00+00:00,34,1,2922,4464.25,4466.0,4463.25,4465.25,462,MESU3
2023-09-13 00:00:00+00:00,34,1,2922,4465.0,4466.25,4463.5,4464.75,1110,MESU3
2023-09-13 01:00:00+00:00,34,1,2922,4464.75,4466.75,4459.5,4461.25,2263,MESU3
2023-09-13 02:00:00+00:00,34,1,2922,4461.25,4462.75,4456.5,4458.5,2204,MESU3
2023-09-13 03:00:00+00:00,34,1,2922,4458.5,4459.5,4456.75,4457.25,696,MESU3
2023-09-13 04:00:00+00:00,34,1,2922,4457.25,4462.75,4456.5,4462.5,1033,MESU3
2023-09-13 05:00:00+00:00,34,1,2922,4462.75,4463.5,4456.75,4459.0,1532,MESU3
2023-09-13 06:00:00+00:00,34,1,2922,4458.75,4462.5,4456.25,4462.5,1939,MESU3
2023-09-13 07:00:00+00:00,34,1,2922,4462.25,4469.75,4460.0,4464.5,6817,MESU3
2023-09-13 08:00:00+00:00,34,1,2922,4464.5,4466.5,4459.0,4459.75,3581,MESU3
2023-09-13 09:00:00+00:00,34,1,2922,4459.5,4464.0,4458.75,4463.0,2543,MESU3
2023-09-13 10:00:00+00:00,34,1,2922,4463.0,4463.0,4456.0,4461.0,2676,MESU3
2023-09-13 11:00:00+00:00,34,1,2922,4460.75,4466.75,4456.5,4465.5,2869,MESU3
2023-09-13 12:00:00+00:00,34,1,2922,4465.25,4470.5,4446.5,4465.75,23830,MESU3
2023-09-13 13:00:00+00:00,34,1,2922,4466.0,4477.0,4459.5,4473.5,36989,MESU3
2023-09-13 14:00:00+00:00,34,1,2922,4473.5,4476.5,4454.75,4474.75,31788,MESU3
2023-09-13 15:00:00+00:00,34,1,2922,4475.0,4480.0,4469.0,4476.75,16166,MESU3
2023-09-13 16:00:00+00:00,34,1,2922,4476.75,4479.5,4471.0,4477.0,13028,MESU3
2023-09-13 17:00:00+00:00,34,1,2922,4476.75,4481.25,4473.75,4478.0,10081,MESU3
2023-09-13 18:00:00+00:00,34,1,2922,4478.0,4479.25,4459.0,4466.25,18661,MESU3
2023-09-13 19:00:00+00:00,34,1,2922,4466.25,4472.0,4457.0,4469.25,19656,MESU3
2023-09-13 20:00:00+00:00,34,1,2922,4469.0,4474.0,4467.5,4473.0,2690,MESU3
2023-09-13 22:00:00+00:00,34,1,2922,4472.75,4473.25,4470.0,4471.25,569,MESU3
2023-09-13 23:00:00+00:00,34,1,2922,4471.25,4474.5,4471.0,4474.0,420,MESU3
2023-09-14 00:00:00+00:00,34,1,2922,4474.25,4478.75,4473.0,4478.0,1059,MESU3
2023-09-14 01:00:00+00:00,34,1,2922,4478.25,4480.75,4476.0,4478.25,1499,MESU3
2023-09-14 02:00:00+00:00,34,1,2922,4478.0,4480.0,4475.75,4479.75,1256,MESU3
2023-09-14 03:00:00+00:00,34,1,2922,4480.0,4483.0,4479.5,4482.75,1270,MESU3
2023-09-14 04:00:00+00:00,34,1,2922,4482.75,4483.5,4480.5,4480.75,975,MESU3
2023-09-14 05:00:00+00:00,34,1,2922,4480.75,4485.0,4480.5,4482.5,1716,MESU3
2023-09-14 06:00:00+00:00,34,1,2922,4482.5,4483.5,4479.75,4480.75,1993,MESU3
2023-09-14 07:00:00+00:00,34,1,2922,4480.75,4481.25,4476.5,4478.0,3333,MESU3
2023-09-14 08:00:00+00:00,34,1,2922,4478.25,4481.5,4473.0,4479.75,2378,MESU3
2023-09-14 09:00:00+00:00,34,1,2922,4479.5,4483.5,4477.75,4482.0,1868,MESU3
2023-09-14 10:00:00+00:00,34,1,2922,4482.0,4488.0,4481.5,4487.25,3653,MESU3
2023-09-14 11:00:00+00:00,34,1,2922,4487.25,4489.0,4482.25,4483.25,2826,MESU3
2023-09-14 12:00:00+00:00,34,1,2922,4483.25,4492.25,4478.75,4490.0,9796,MESU3
2023-09-14 13:00:00+00:00,34,1,2922,4489.75,4498.25,4482.75,4491.5,25071,MESU3
2023-09-14 14:00:00+00:00,34,1,2922,4491.75,4498.5,4479.25,4497.25,19802,MESU3
2023-09-14 15:00:00+00:00,34,1,2922,4497.25,4502.5,4492.5,4501.0,13867,MESU3
2023-09-14 16:00:00+00:00,34,1,2922,4501.25,4509.25,4499.75,4508.5,8478,MESU3
2023-09-14 17:00:00+00:00,34,1,2922,4508.75,4509.0,4503.75,4503.75,5566,MESU3
2023-09-14 18:00:00+00:00,34,1,2922,4504.0,4508.5,4501.5,4508.25,6473,MESU3
2023-09-14 19:00:00+00:00,34,1,2922,4508.25,4513.0,4502.5,4506.25,9992,MESU3
2023-09-14 20:00:00+00:00,34,1,2922,4506.0,4514.75,4504.5,4510.25,2227,MESU3
2023-09-14 22:00:00+00:00,34,1,2922,4510.0,4510.0,4507.5,4509.25,371,MESU3
2023-09-14 23:00:00+00:00,34,1,2922,4509.25,4511.0,4508.0,4509.0,227,MESU3
2023-09-15 00:00:00+00:00,34,1,2922,4509.5,4512.5,4508.5,4510.75,352,MESU3
2023-09-15 01:00:00+00:00,34,1,2922,4510.75,4512.25,4508.5,4512.25,398,MESU3
2023-09-15 02:00:00+00:00,34,1,2922,4512.5,4515.5,4512.5,4514.25,400,MESU3
2023-09-15 03:00:00+00:00,34,1,2922,4514.5,4517.5,4513.5,4515.75,395,MESU3
2023-09-15 04:00:00+00:00,34,1,2922,4515.5,4517.5,4515.25,4516.25,190,MESU3
2023-09-15 05:00:00+00:00,34,1,2922,4516.5,4517.25,4514.5,4516.25,354,MESU3
2023-09-15 06:00:00+00:00,34,1,2922,4516.25,4516.5,4513.0,4515.0,462,MESU3
2023-09-15 07:00:00+00:00,34,1,2922,4515.5,4517.0,4508.75,4511.5,1024,MESU3
2023-09-15 08:00:00+00:00,34,1,2922,4512.0,4512.75,4508.0,4508.5,509,MESU3
2023-09-15 09:00:00+00:00,34,1,2922,4509.25,4512.5,4508.25,4511.75,492,MESU3
2023-09-15 10:00:00+00:00,34,1,2922,4511.5,4513.75,4510.25,4513.5,413,MESU3
2023-09-15 11:00:00+00:00,34,1,2922,4513.0,4513.5,4508.0,4508.5,691,MESU3
2023-09-15 12:00:00+00:00,34,1,2922,4508.75,4512.5,4498.75,4499.25,1766,MESU3
2023-09-15 13:00:00+00:00,34,1,2922,4499.0,4502.0,4480.0,4481.5,1821,MESU3
