completed_trading_date,sigma_i_t,ten_year_average_sigma,relative_volatility_v,historical_v_observation_count,quantile_q,raw_multiplier_2_minus_1_5q,vol_multiplier_m_ewma10,method_status,no_lookahead_status
2023-05-18,0.06169484960916464,0.04428617731022109,1.3930949419498821,1,0.5,1.25,1.25,LOCKED_S13_STYLE_V_Q_M_ATTENUATION_RUNTIME,PASS_NO_LOOKAHEAD_DAILY_RUNTIME
2023-05-19,0.06403506567133666,0.044279139028874315,1.446167813461313,2,1.0,0.5,1.1136363636363635,LOCKED_S13_STYLE_V_Q_M_ATTENUATION_RUNTIME,PASS_NO_LOOKAHEAD_DAILY_RUNTIME
2023-05-21,0.061240880678963244,0.044276454037133,1.3831478154868233,3,0.0,2.0,1.2747933884297518,LOCKED_S13_STYLE_V_Q_M_ATTENUATION_RUNTIME,PASS_NO_LOOKAHEAD_DAILY_RUNTIME
2023-05-22,0.06520744276349644,0.04427244339641059,1.4728674941122215,4,1.0,0.5,1.1339218632607058,LOCKED_S13_STYLE_V_Q_M_ATTENUATION_RUNTIME,PASS_NO_LOOKAHEAD_DAILY_RUNTIME
2023-05-23,0.056030535944446624,0.044268547843436,1.2656962713710216,5,0.0,2.0,1.2913906153951227,LOCKED_S13_STYLE_V_Q_M_ATTENUATION_RUNTIME,PASS_NO_LOOKAHEAD_DAILY_RUNTIME
2023-05-24,0.060506745046388616,0.04426473099928864,1.3669290127926226,6,0.2,1.7,1.3656832307778275,LOCKED_S13_STYLE_V_Q_M_ATTENUATION_RUNTIME,PASS_NO_LOOKAHEAD_DAILY_RUNTIME
2023-05-25,0.05853454481955779,0.044263373828810834,1.32241489421798,7,0.16666666666666666,1.75,1.4355590070000406,LOCKED_S13_STYLE_V_Q_M_ATTENUATION_RUNTIME,PASS_NO_LOOKAHEAD_DAILY_RUNTIME
2023-05-26,0.0567710274919657,0.04425910551126127,1.2826971272051781,8,0.14285714285714285,1.7857142857142858,1.4992236031299033,LOCKED_S13_STYLE_V_Q_M_ATTENUATION_RUNTIME,PASS_NO_LOOKAHEAD_DAILY_RUNTIME
2023-05-28,0.05937971217114423,0.04425441865876757,1.3417804135899563,9,0.375,1.4375,1.4880011298335574,LOCKED_S13_STYLE_V_Q_M_ATTENUATION_RUNTIME,PASS_NO_LOOKAHEAD_DAILY_RUNTIME
2023-05-29,0.05659894845901006,0.04424968690384625,1.2790813318520993,10,0.1111111111111111,1.8333333333333333,1.5507888031971528,LOCKED_S13_STYLE_V_Q_M_ATTENUATION_RUNTIME,PASS_NO_LOOKAHEAD_DAILY_RUNTIME
2023-05-30,0.05666296790959935,0.044244742686475,1.2806712045117268,11,0.2,1.7,1.5779181117067613,LOCKED_S13_STYLE_V_Q_M_ATTENUATION_RUNTIME,PASS_NO_LOOKAHEAD_DAILY_RUNTIME
2023-05-31,0.06578231210406241,0.044239883110546246,1.4869458840948138,12,1.0,0.5,1.38193300048735,LOCKED_S13_STYLE_V_Q_M_ATTENUATION_RUNTIME,PASS_NO_LOOKAHEAD_DAILY_RUNTIME
2023-06-01,0.05898549497444055,0.04423172269676247,1.3335563567990532,13,0.4166666666666667,1.375,1.3806724549441953,LOCKED_S13_STYLE_V_Q_M_ATTENUATION_RUNTIME,PASS_NO_LOOKAHEAD_DAILY_RUNTIME
2023-06-02,0.06146580413632137,0.04422388752321804,1.389877904877791,14,0.6923076923076923,0.9615384615384617,1.3044662743249709,LOCKED_S13_STYLE_V_Q_M_ATTENUATION_RUNTIME,PASS_NO_LOOKAHEAD_DAILY_RUNTIME
2023-06-04,0.06777648937411719,0.044222626155512486,1.5326201826136607,15,1.0,0.5,1.158199678993158,LOCKED_S13_STYLE_V_Q_M_ATTENUATION_RUNTIME,PASS_NO_LOOKAHEAD_DAILY_RUNTIME
2023-06-05,0.06626740725332055,0.044224333530616874,1.4984376691045682,16,0.9333333333333333,0.6000000000000001,1.056708828267129,LOCKED_S13_STYLE_V_Q_M_ATTENUATION_RUNTIME,PASS_NO_LOOKAHEAD_DAILY_RUNTIME
2023-06-06,0.05569924206325842,0.04422564012686276,1.2594332587043,17,0.0,2.0,1.228216314036742,LOCKED_S13_STYLE_V_Q_M_ATTENUATION_RUNTIME,PASS_NO_LOOKAHEAD_DAILY_RUNTIME
2023-06-07,0.06979857813725808,0.044221428324896964,1.5783881430614264,18,1.0,0.5,1.0958133478482432,LOCKED_S13_STYLE_V_Q_M_ATTENUATION_RUNTIME,PASS_NO_LOOKAHEAD_DAILY_RUNTIME
2023-06-08,0.08006070852435247,0.044225512546822617,1.810283339047575,19,1.0,0.5,0.9874836482394717,LOCKED_S13_STYLE_V_Q_M_ATTENUATION_RUNTIME,PASS_NO_LOOKAHEAD_DAILY_RUNTIME
2023-06-09,0.07111435148354861,0.04423079237021108,1.6078018880675375,20,0.9473684210526315,0.5789473684210527,0.9132043246361227,LOCKED_S13_STYLE_V_Q_M_ATTENUATION_RUNTIME,PASS_NO_LOOKAHEAD_DAILY_RUNTIME
2023-06-11,0.05551830065767914,0.044235179274968034,1.2550712253831882,21,0.0,2.0,1.1108035383386459,LOCKED_S13_STYLE_V_Q_M_ATTENUATION_RUNTIME,PASS_NO_LOOKAHEAD_DAILY_RUNTIME
2023-06-12,0.05931570475022465,0.0442323821909063,1.341001813879681,22,0.38095238095238093,1.4285714285714286,1.16857951838097,LOCKED_S13_STYLE_V_Q_M_ATTENUATION_RUNTIME,PASS_NO_LOOKAHEAD_DAILY_RUNTIME
2023-06-13,0.056828188529833824,0.04423402887237932,1.2847165401503493,23,0.2727272727272727,1.5909090909090908,1.2453667133860828,LOCKED_S13_STYLE_V_Q_M_ATTENUATION_RUNTIME,PASS_NO_LOOKAHEAD_DAILY_RUNTIME
2023-06-14,0.05995152184575412,0.044228192901982454,1.3555046659631191,24,0.4782608695652174,1.2826086956521738,1.2521379828890085,LOCKED_S13_STYLE_V_Q_M_ATTENUATION_RUNTIME,PASS_NO_LOOKAHEAD_DAILY_RUNTIME
2023-06-15,0.05611068301462077,0.044227877874359896,1.2686722879631913,25,0.125,1.8125,1.3540219860000977,LOCKED_S13_STYLE_V_Q_M_ATTENUATION_RUNTIME,PASS_NO_LOOKAHEAD_DAILY_RUNTIME
2023-06-16,0.06367735655673842,0.044220801800431156,1.4399864761411352,26,0.68,0.98,1.2860179885455345,LOCKED_S13_STYLE_V_Q_M_ATTENUATION_RUNTIME,PASS_NO_LOOKAHEAD_DAILY_RUNTIME
2023-06-18,0.055800966641268754,0.04422262909409081,1.26181929442827,27,0.07692307692307693,1.8846153846153846,1.3948538787400526,LOCKED_S13_STYLE_V_Q_M_ATTENUATION_RUNTIME,PASS_NO_LOOKAHEAD_DAILY_RUNTIME
2023-06-19,0.0636106872505592,0.04422200898821215,1.4384395622441148,28,0.6666666666666666,1.0,1.3230622644236794,LOCKED_S13_STYLE_V_Q_M_ATTENUATION_RUNTIME,PASS_NO_LOOKAHEAD_DAILY_RUNTIME
2023-06-20,0.05479361408215935,0.04421975813360043,1.2391206192628261,29,0.0,2.0,1.4461418527102832,LOCKED_S13_STYLE_V_Q_M_ATTENUATION_RUNTIME,PASS_NO_LOOKAHEAD_DAILY_RUNTIME
2023-06-21,0.05397831935276301,0.044218552132159646,1.2207165714389188,30,0.0,2.0,1.5468433340356862,LOCKED_S13_STYLE_V_Q_M_ATTENUATION_RUNTIME,PASS_NO_LOOKAHEAD_DAILY_RUNTIME
2023-06-22,0.056410503496685305,0.04421652433872751,1.27577878045194,31,0.23333333333333334,1.65,1.5655990914837432,LOCKED_S13_STYLE_V_Q_M_ATTENUATION_RUNTIME,PASS_NO_LOOKAHEAD_DAILY_RUNTIME
2023-06-23,0.05483848475298937,0.04420801334212497,1.2404648073324487,32,0.06451612903225806,1.903225806451613,1.6269857669324468,LOCKED_S13_STYLE_V_Q_M_ATTENUATION_RUNTIME,PASS_NO_LOOKAHEAD_DAILY_RUNTIME
2023-06-25,0.0610728544531106,0.04421151274521423,1.3813789816482034,33,0.59375,1.109375,1.5328747183992746,LOCKED_S13_STYLE_V_Q_M_ATTENUATION_RUNTIME,PASS_NO_LOOKAHEAD_DAILY_RUNTIME
2023-06-26,0.05200474057589367,0.04421086063694727,1.176288808375583,34,0.0,2.0,1.6178065877812244,LOCKED_S13_STYLE_V_Q_M_ATTENUATION_RUNTIME,PASS_NO_LOOKAHEAD_DAILY_RUNTIME
2023-06-27,0.04963569785050433,0.0442067498467177,1.1228081237053378,35,0.0,2.0,1.6872962990937288,LOCKED_S13_STYLE_V_Q_M_ATTENUATION_RUNTIME,PASS_NO_LOOKAHEAD_DAILY_RUNTIME
2023-06-28,0.05189891111587409,0.04420218277850779,1.1741255262423067,36,0.02857142857142857,1.957142857142857,1.7363593096481156,LOCKED_S13_STYLE_V_Q_M_ATTENUATION_RUNTIME,PASS_NO_LOOKAHEAD_DAILY_RUNTIME
2023-06-29,0.05973875364581866,0.044198980951745556,1.3515866737072224,37,0.5555555555555556,1.1666666666666665,1.632778829106034,LOCKED_S13_STYLE_V_Q_M_ATTENUATION_RUNTIME,PASS_NO_LOOKAHEAD_DAILY_RUNTIME
2023-06-30,0.06013948955635845,0.04419881963189802,1.3606582722620073,38,0.5945945945945946,1.1081081081081081,1.5373841525609564,LOCKED_S13_STYLE_V_Q_M_ATTENUATION_RUNTIME,PASS_NO_LOOKAHEAD_DAILY_RUNTIME
2023-07-02,0.06542472471232223,0.04420006443675671,1.4801952337860196,39,0.8421052631578947,0.736842105263158,1.3918310530522657,LOCKED_S13_STYLE_V_Q_M_ATTENUATION_RUNTIME,PASS_NO_LOOKAHEAD_DAILY_RUNTIME
2023-07-03,0.05329087377837492,0.044202397642048835,1.2056104786424617,40,0.07692307692307693,1.8846153846153846,1.48142820424556,LOCKED_S13_STYLE_V_Q_M_ATTENUATION_RUNTIME,PASS_NO_LOOKAHEAD_DAILY_RUNTIME
2023-07-04,0.052894918969568626,0.04419464137002917,1.19686272656213,41,0.075,1.8875,1.5552594398372763,LOCKED_S13_STYLE_V_Q_M_ATTENUATION_RUNTIME,PASS_NO_LOOKAHEAD_DAILY_RUNTIME
2023-07-05,0.0586968806607226,0.0441912900573473,1.3282454661212946,42,0.4634146341463415,1.3048780487804876,1.5097355505542238,LOCKED_S13_STYLE_V_Q_M_ATTENUATION_RUNTIME,PASS_NO_LOOKAHEAD_DAILY_RUNTIME
2023-07-06,0.06520566593252598,0.04419250497724307,1.4754915107460786,43,0.8333333333333334,0.75,1.3716018140898192,LOCKED_S13_STYLE_V_Q_M_ATTENUATION_RUNTIME,PASS_NO_LOOKAHEAD_DAILY_RUNTIME
2023-07-07,0.05971958097386824,0.04419862580008836,1.351163749841038,44,0.5348837209302325,1.1976744186046513,1.3399786512743341,LOCKED_S13_STYLE_V_Q_M_ATTENUATION_RUNTIME,PASS_NO_LOOKAHEAD_DAILY_RUNTIME
2023-07-09,0.05702293113056038,0.044202957471953554,1.2900252469926023,45,0.4090909090909091,1.3863636363636362,1.3484122849269344,LOCKED_S13_STYLE_V_Q_M_ATTENUATION_RUNTIME,PASS_NO_LOOKAHEAD_DAILY_RUNTIME
2023-07-10,0.07277107136408682,0.044203767848358486,1.6462639930091205,46,0.9777777777777777,0.5333333333333334,1.200216111909916,LOCKED_S13_STYLE_V_Q_M_ATTENUATION_RUNTIME,PASS_NO_LOOKAHEAD_DAILY_RUNTIME
2023-07-11,0.05550138072974854,0.044208579122925994,1.2554436679681986,47,0.1956521739130435,1.7065217391304348,1.2922716804954648,LOCKED_S13_STYLE_V_Q_M_ATTENUATION_RUNTIME,PASS_NO_LOOKAHEAD_DAILY_RUNTIME
2023-07-12,0.06350165464831094,0.044209423960057906,1.436382765486451,48,0.723404255319149,0.9148936170212765,1.2236574871365213,LOCKED_S13_STYLE_V_Q_M_ATTENUATION_RUNTIME,PASS_NO_LOOKAHEAD_DAILY_RUNTIME
2023-07-13,0.06402711603244386,0.044212180837643555,1.448178190249536,49,0.7916666666666666,0.8125,1.1489015803844265,LOCKED_S13_STYLE_V_Q_M_ATTENUATION_RUNTIME,PASS_NO_LOOKAHEAD_DAILY_RUNTIME
2023-07-14,0.07584102767511332,0.04421637833798873,1.7152247770133202,50,0.9795918367346939,0.5306122448979593,1.036485337568705,LOCKED_S13_STYLE_V_Q_M_ATTENUATION_RUNTIME,PASS_NO_LOOKAHEAD_DAILY_RUNTIME
2023-07-16,0.06585413659999044,0.044226096787334725,1.4890334301183337,51,0.86,0.71,0.9771243671016678,LOCKED_S13_STYLE_V_Q_M_ATTENUATION_RUNTIME,PASS_NO_LOOKAHEAD_DAILY_RUNTIME
2023-07-17,0.06079108478979141,0.04422982151826722,1.374436583803176,52,0.5882352941176471,1.1176470588235294,1.0026739474147335,LOCKED_S13_STYLE_V_Q_M_ATTENUATION_RUNTIME,PASS_NO_LOOKAHEAD_DAILY_RUNTIME
2023-07-18,0.05753850978056677,0.04423342830848218,1.3007924545051195,53,0.38461538461538464,1.423076923076923,1.079110852080586,LOCKED_S13_STYLE_V_Q_M_ATTENUATION_RUNTIME,PASS_NO_LOOKAHEAD_DAILY_RUNTIME
2023-07-19,0.05675243761146467,0.044236811515531334,1.2829233316587287,54,0.33962264150943394,1.490566037735849,1.1539208858360883,LOCKED_S13_STYLE_V_Q_M_ATTENUATION_RUNTIME,PASS_NO_LOOKAHEAD_DAILY_RUNTIME
2023-07-20,0.06936208515198032,0.04424074827392837,1.5678325493616543,55,0.9074074074074074,0.6388888888888888,1.0602787045729611,LOCKED_S13_STYLE_V_Q_M_ATTENUATION_RUNTIME,PASS_NO_LOOKAHEAD_DAILY_RUNTIME
2023-07-21,0.05769751648850068,0.04424251907634168,1.3041191526400664,56,0.4,1.4,1.1220462128324227,LOCKED_S13_STYLE_V_Q_M_ATTENUATION_RUNTIME,PASS_NO_LOOKAHEAD_DAILY_RUNTIME
2023-07-23,0.0610173348016093,0.04424770608669439,1.3789943072316162,57,0.6071428571428571,1.0892857142857144,1.1160897585512028,LOCKED_S13_STYLE_V_Q_M_ATTENUATION_RUNTIME,PASS_NO_LOOKAHEAD_DAILY_RUNTIME
2023-07-24,0.057627730220742,0.04425302401961159,1.3022325930811678,58,0.38596491228070173,1.4210526315789473,1.1715375536471564,LOCKED_S13_STYLE_V_Q_M_ATTENUATION_RUNTIME,PASS_NO_LOOKAHEAD_DAILY_RUNTIME
2023-07-25,0.05274807516163873,0.04425655924217267,1.191870223643016,59,0.05172413793103448,1.9224137931034482,1.308060506275573,LOCKED_S13_STYLE_V_Q_M_ATTENUATION_RUNTIME,PASS_NO_LOOKAHEAD_DAILY_RUNTIME
2023-07-26,0.05510928891471285,0.04426146148380332,1.2450851613853533,60,0.15254237288135594,1.771186440677966,1.3922652216214626,LOCKED_S13_STYLE_V_Q_M_ATTENUATION_RUNTIME,PASS_NO_LOOKAHEAD_DAILY_RUNTIME
2023-07-27,0.06419610995664281,0.044267941876976566,1.450171551572194,61,0.7833333333333333,0.825,1.28912609041756,LOCKED_S13_STYLE_V_Q_M_ATTENUATION_RUNTIME,PASS_NO_LOOKAHEAD_DAILY_RUNTIME
2023-07-28,0.05838728736576427,0.04427842967252079,1.318639522620637,62,0.4262295081967213,1.360655737704918,1.3021314808334432,LOCKED_S13_STYLE_V_Q_M_ATTENUATION_RUNTIME,PASS_NO_LOOKAHEAD_DAILY_RUNTIME
2023-07-30,0.061757325566062136,0.044286835065122224,1.3944849632006933,63,0.6935483870967742,0.9596774193548385,1.2398671060191515,LOCKED_S13_STYLE_V_Q_M_ATTENUATION_RUNTIME,PASS_NO_LOOKAHEAD_DAILY_RUNTIME
2023-07-31,0.05648424633301592,0.0442948581653061,1.2751874297061672,64,0.25396825396825395,1.619047619047619,1.308809017478873,LOCKED_S13_STYLE_V_Q_M_ATTENUATION_RUNTIME,PASS_NO_LOOKAHEAD_DAILY_RUNTIME
2023-08-01,0.05340049431707996,0.04430088986221954,1.2054045524403945,65,0.078125,1.8828125,1.4131732870281686,LOCKED_S13_STYLE_V_Q_M_ATTENUATION_RUNTIME,PASS_NO_LOOKAHEAD_DAILY_RUNTIME
2023-08-02,0.05367784148435083,0.044292302672035974,1.2118999972029096,66,0.1076923076923077,1.8384615384615384,1.4904984236524175,LOCKED_S13_STYLE_V_Q_M_ATTENUATION_RUNTIME,PASS_NO_LOOKAHEAD_DAILY_RUNTIME
2023-08-03,0.05726003248429228,0.044296364115006495,1.2926576171269557,67,0.3939393939393939,1.4090909090909092,1.4756970573685069,LOCKED_S13_STYLE_V_Q_M_ATTENUATION_RUNTIME,PASS_NO_LOOKAHEAD_DAILY_RUNTIME
2023-08-04,0.06562131576127342,0.044303689271260036,1.4811704587284158,68,0.8507462686567164,0.7238805970149254,1.3390031554860373,LOCKED_S13_STYLE_V_Q_M_ATTENUATION_RUNTIME,PASS_NO_LOOKAHEAD_DAILY_RUNTIME
2023-08-06,0.07954820662166885,0.04431447930537014,1.79508386127035,69,0.9852941176470589,0.5220588235294117,1.1904678224030145,LOCKED_S13_STYLE_V_Q_M_ATTENUATION_RUNTIME,PASS_NO_LOOKAHEAD_DAILY_RUNTIME
2023-08-07,0.058406630262641875,0.04433090570024312,1.3175149332065546,70,0.43478260869565216,1.3478260869565217,1.2190784159581975,LOCKED_S13_STYLE_V_Q_M_ATTENUATION_RUNTIME,PASS_NO_LOOKAHEAD_DAILY_RUNTIME
2023-08-08,0.05840826763052182,0.04433827978260207,1.3173327408484776,71,0.42857142857142855,1.3571428571428572,1.2441810416281356,LOCKED_S13_STYLE_V_Q_M_ATTENUATION_RUNTIME,PASS_NO_LOOKAHEAD_DAILY_RUNTIME
2023-08-09,0.05700784287006264,0.04434427478194328,1.2855739134395743,72,0.352112676056338,1.471830985915493,1.2855719405894732,LOCKED_S13_STYLE_V_Q_M_ATTENUATION_RUNTIME,PASS_NO_LOOKAHEAD_DAILY_RUNTIME
2023-08-10,0.05871875635577948,0.04434956806947044,1.3239983817610292,73,0.4861111111111111,1.2708333333333335,1.2828921938156297,LOCKED_S13_STYLE_V_Q_M_ATTENUATION_RUNTIME,PASS_NO_LOOKAHEAD_DAILY_RUNTIME
2023-08-11,0.06875497338617037,0.0443577833464141,1.5500092249701778,74,0.9041095890410958,0.6438356164383563,1.1667000888379435,LOCKED_S13_STYLE_V_Q_M_ATTENUATION_RUNTIME,PASS_NO_LOOKAHEAD_DAILY_RUNTIME
2023-08-13,0.06771096543601603,0.044369995710283154,1.5260530083919612,75,0.8783783783783784,0.6824324324324325,1.0786514240369414,LOCKED_S13_STYLE_V_Q_M_ATTENUATION_RUNTIME,PASS_NO_LOOKAHEAD_DAILY_RUNTIME
2023-08-14,0.056002265229263694,0.04438175676553931,1.261830745572182,76,0.21333333333333335,1.68,1.1879875287574975,LOCKED_S13_STYLE_V_Q_M_ATTENUATION_RUNTIME,PASS_NO_LOOKAHEAD_DAILY_RUNTIME
2023-08-15,0.053736767099279166,0.044387888740943696,1.2106177748821831,77,0.09210526315789473,1.861842105263158,1.3105065426676175,LOCKED_S13_STYLE_V_Q_M_ATTENUATION_RUNTIME,PASS_NO_LOOKAHEAD_DAILY_RUNTIME
2023-08-16,0.06193396419807485,0.0443905407454012,1.3952063470749931,78,0.7012987012987013,0.948051948051948,1.2446057072829502,LOCKED_S13_STYLE_V_Q_M_ATTENUATION_RUNTIME,PASS_NO_LOOKAHEAD_DAILY_RUNTIME
2023-08-17,0.05146305459236766,0.044398819970375474,1.1591086120465748,79,0.01282051282051282,1.9807692307692308,1.378453620644092,LOCKED_S13_STYLE_V_Q_M_ATTENUATION_RUNTIME,PASS_NO_LOOKAHEAD_DAILY_RUNTIME
2023-08-18,0.0674277263191531,0.04439490114288615,1.5188169042686952,80,0.8734177215189873,0.6898734177215191,1.253257220112715,LOCKED_S13_STYLE_V_Q_M_ATTENUATION_RUNTIME,PASS_NO_LOOKAHEAD_DAILY_RUNTIME
2023-08-20,0.05523985904487942,0.04440230478764458,1.2440763899321394,81,0.1625,1.75625,1.344710452819494,LOCKED_S13_STYLE_V_Q_M_ATTENUATION_RUNTIME,PASS_NO_LOOKAHEAD_DAILY_RUNTIME
2023-08-21,0.05517908744273265,0.04440332205087501,1.2426792612388626,82,0.16049382716049382,1.7592592592592593,1.4200829630812695,LOCKED_S13_STYLE_V_Q_M_ATTENUATION_RUNTIME,PASS_NO_LOOKAHEAD_DAILY_RUNTIME
2023-08-22,0.048609684069499344,0.044406179032586285,1.0946603632307212,83,0.0,2.0,1.5255224243392203,LOCKED_S13_STYLE_V_Q_M_ATTENUATION_RUNTIME,PASS_NO_LOOKAHEAD_DAILY_RUNTIME
2023-08-23,0.05515154756268375,0.044405674704065354,1.2419932346537368,84,0.1686746987951807,1.7469879518072289,1.565788883878858,LOCKED_S13_STYLE_V_Q_M_ATTENUATION_RUNTIME,PASS_NO_LOOKAHEAD_DAILY_RUNTIME
2023-08-24,0.05363717704760278,0.04440646944052631,1.2078685318462252,85,0.10714285714285714,1.8392857142857144,1.6155155803164682,LOCKED_S13_STYLE_V_Q_M_ATTENUATION_RUNTIME,PASS_NO_LOOKAHEAD_DAILY_RUNTIME
2023-08-25,0.05317913095579775,0.04440781246388281,1.1975174638257338,86,0.08235294117647059,1.8764705882352941,1.662961945392618,LOCKED_S13_STYLE_V_Q_M_ATTENUATION_RUNTIME,PASS_NO_LOOKAHEAD_DAILY_RUNTIME
2023-08-27,0.061909057040604024,0.0444086844061282,1.3940754577287333,87,0.6976744186046512,0.9534883720930232,1.5339667502472372,LOCKED_S13_STYLE_V_Q_M_ATTENUATION_RUNTIME,PASS_NO_LOOKAHEAD_DAILY_RUNTIME
2023-08-28,0.050443776951109444,0.04441249251630216,1.1358015299995474,88,0.022988505747126436,1.9655172413793103,1.612430475907614,LOCKED_S13_STYLE_V_Q_M_ATTENUATION_RUNTIME,PASS_NO_LOOKAHEAD_DAILY_RUNTIME
2023-08-29,0.05199483702420465,0.04441126039921302,1.1707579689660421,89,0.045454545454545456,1.9318181818181819,1.6705009678913536,LOCKED_S13_STYLE_V_Q_M_ATTENUATION_RUNTIME,PASS_NO_LOOKAHEAD_DAILY_RUNTIME
2023-08-30,0.052106100417529465,0.04441192868037507,1.1732456113880576,90,0.056179775280898875,1.9157303370786516,1.7150881259254076,LOCKED_S13_STYLE_V_Q_M_ATTENUATION_RUNTIME,PASS_NO_LOOKAHEAD_DAILY_RUNTIME
2023-08-31,0.049829405758251274,0.04441311318124646,1.121952553852763,91,0.011111111111111112,1.9833333333333334,1.7638599818177576,LOCKED_S13_STYLE_V_Q_M_ATTENUATION_RUNTIME,PASS_NO_LOOKAHEAD_DAILY_RUNTIME
2023-09-01,0.04990476376713482,0.04441410014493198,1.1236243356115674,92,0.03296703296703297,1.9505494505494505,1.7978035215871562,LOCKED_S13_STYLE_V_Q_M_ATTENUATION_RUNTIME,PASS_NO_LOOKAHEAD_DAILY_RUNTIME
2023-09-03,0.06557625246168682,0.044414916710212526,1.4764465931466797,93,0.8260869565217391,0.7608695652173914,1.6092700749744717,LOCKED_S13_STYLE_V_Q_M_ATTENUATION_RUNTIME,PASS_NO_LOOKAHEAD_DAILY_RUNTIME
2023-09-04,0.050267037751992615,0.044422396144610285,1.1315697061535357,94,0.043010752688172046,1.935483870967742,1.6685816742459751,LOCKED_S13_STYLE_V_Q_M_ATTENUATION_RUNTIME,PASS_NO_LOOKAHEAD_DAILY_RUNTIME
2023-09-05,0.044627357223677985,0.04442412073344874,1.0045749130624035,95,0.0,2.0,1.7288395516557977,LOCKED_S13_STYLE_V_Q_M_ATTENUATION_RUNTIME,PASS_NO_LOOKAHEAD_DAILY_RUNTIME
2023-09-06,0.04485365775662701,0.04442119987773985,1.0097353939127582,96,0.010526315789473684,1.9842105263157894,1.7752706379576142,LOCKED_S13_STYLE_V_Q_M_ATTENUATION_RUNTIME,PASS_NO_LOOKAHEAD_DAILY_RUNTIME
2023-09-07,0.045995454627111666,0.044421749964331646,1.0354264445692396,97,0.020833333333333332,1.96875,1.8104487037835024,LOCKED_S13_STYLE_V_Q_M_ATTENUATION_RUNTIME,PASS_NO_LOOKAHEAD_DAILY_RUNTIME
2023-09-08,0.04861474560806557,0.04442116216535664,1.09440508168378,98,0.030927835051546393,1.9536082474226804,1.8364777117178983,LOCKED_S13_STYLE_V_Q_M_ATTENUATION_RUNTIME,PASS_NO_LOOKAHEAD_DAILY_RUNTIME
2023-09-10,0.04846859985152847,0.04442210250841589,1.0910919815725957,99,0.030612244897959183,1.9540816326530612,1.8578602427970186,LOCKED_S13_STYLE_V_Q_M_ATTENUATION_RUNTIME,PASS_NO_LOOKAHEAD_DAILY_RUNTIME
2023-09-11,0.06491700562060629,0.04442015925714716,1.4614311768853285,100,0.8080808080808081,0.7878787878787878,1.663318160084613,LOCKED_S13_STYLE_V_Q_M_ATTENUATION_RUNTIME,PASS_NO_LOOKAHEAD_DAILY_RUNTIME
2023-09-12,0.03752600760399982,0.04442288252800484,0.8447449933115636,101,0.0,2.0,1.724533040069229,LOCKED_S13_STYLE_V_Q_M_ATTENUATION_RUNTIME,PASS_NO_LOOKAHEAD_DAILY_RUNTIME
2023-09-13,0.03877268609326176,0.044414689954302734,0.8729698694993503,102,0.009900990099009901,1.9851485148514851,1.7719176718478207,LOCKED_S13_STYLE_V_Q_M_ATTENUATION_RUNTIME,PASS_NO_LOOKAHEAD_DAILY_RUNTIME
2023-09-14,0.0440952000828835,0.044407721256557224,0.9929624586709102,103,0.0196078431372549,1.9705882352941178,1.8080395924744201,LOCKED_S13_STYLE_V_Q_M_ATTENUATION_RUNTIME,PASS_NO_LOOKAHEAD_DAILY_RUNTIME
2023-09-15,0.03937394791824761,0.04440132732862172,0.8867741188643838,104,0.019417475728155338,1.970873786407767,1.8376458095532104,LOCKED_S13_STYLE_V_Q_M_ATTENUATION_RUNTIME,PASS_NO_LOOKAHEAD_DAILY_RUNTIME
2023-09-17,0.046714096873747134,0.044395436345322906,1.0522274521729866,105,0.0673076923076923,1.8990384615384615,1.8488081099141649,LOCKED_S13_STYLE_V_Q_M_ATTENUATION_RUNTIME,PASS_NO_LOOKAHEAD_DAILY_RUNTIME
2023-09-18,0.04451878572195708,0.04439283017045903,1.0028372949193465,106,0.0380952380952381,1.9428571428571428,1.8659079340856155,LOCKED_S13_STYLE_V_Q_M_ATTENUATION_RUNTIME,PASS_NO_LOOKAHEAD_DAILY_RUNTIME
2023-09-19,0.03772183394506836,0.044387404377705886,0.8498319393511239,107,0.009433962264150943,1.9858490566037736,1.8877154109070986,LOCKED_S13_STYLE_V_Q_M_ATTENUATION_RUNTIME,PASS_NO_LOOKAHEAD_DAILY_RUNTIME
2023-09-20,0.04037636414132489,0.04438036624525318,0.9097798769437475,108,0.037383177570093455,1.9439252336448598,1.8979353786776005,LOCKED_S13_STYLE_V_Q_M_ATTENUATION_RUNTIME,PASS_NO_LOOKAHEAD_DAILY_RUNTIME
2023-09-21,0.0396354112227868,0.04437378946847705,0.8932167321644598,109,0.037037037037037035,1.9444444444444444,1.9063915724533902,LOCKED_S13_STYLE_V_Q_M_ATTENUATION_RUNTIME,PASS_NO_LOOKAHEAD_DAILY_RUNTIME
2023-09-22,0.042259682370123765,0.044367906692165636,0.9524831239691068,110,0.05504587155963303,1.9174311926605505,1.9083987761274193,LOCKED_S13_STYLE_V_Q_M_ATTENUATION_RUNTIME,PASS_NO_LOOKAHEAD_DAILY_RUNTIME
2023-09-24,0.03906934395469935,0.0443643027132654,0.8806482141106029,111,0.02727272727272727,1.959090909090909,1.9176155275753266,LOCKED_S13_STYLE_V_Q_M_ATTENUATION_RUNTIME,PASS_NO_LOOKAHEAD_DAILY_RUNTIME
2023-09-25,0.04265486562705814,0.04435183009330008,0.961738569464391,112,0.07207207207207207,1.8918918918918919,1.912938502905611,LOCKED_S13_STYLE_V_Q_M_ATTENUATION_RUNTIME,PASS_NO_LOOKAHEAD_DAILY_RUNTIME
2023-09-26,0.04140005948738364,0.04434945417030136,0.9334964829196752,113,0.0625,1.90625,1.9117224114682272,LOCKED_S13_STYLE_V_Q_M_ATTENUATION_RUNTIME,PASS_NO_LOOKAHEAD_DAILY_RUNTIME
2023-09-27,0.056457381327914405,0.044346510161123794,1.2730963749523534,114,0.45132743362831856,1.3230088495575223,1.804683582029917,LOCKED_S13_STYLE_V_Q_M_ATTENUATION_RUNTIME,PASS_NO_LOOKAHEAD_DAILY_RUNTIME
2023-09-28,0.04386505090376089,0.04434784369890732,0.9891135001190976,115,0.08771929824561403,1.868421052631579,1.8162722130484008,LOCKED_S13_STYLE_V_Q_M_ATTENUATION_RUNTIME,PASS_NO_LOOKAHEAD_DAILY_RUNTIME
2023-09-29,0.05868711360139779,0.04434281403251404,1.3234864516799927,116,0.6086956521739131,1.0869565217391304,1.6836693600830788,LOCKED_S13_STYLE_V_Q_M_ATTENUATION_RUNTIME,PASS_NO_LOOKAHEAD_DAILY_RUNTIME
2023-10-01,0.042325761504651595,0.044346536001482396,0.9544321906729479,117,0.07758620689655173,1.8836206896551724,1.720024147278005,LOCKED_S13_STYLE_V_Q_M_ATTENUATION_RUNTIME,PASS_NO_LOOKAHEAD_DAILY_RUNTIME
2023-10-02,0.0428875317394758,0.04434122462782673,0.9672157704133717,118,0.09401709401709402,1.858974358974359,1.7452878221318873,LOCKED_S13_STYLE_V_Q_M_ATTENUATION_RUNTIME,PASS_NO_LOOKAHEAD_DAILY_RUNTIME
2023-10-03,0.048404096084983854,0.044337615094407735,1.0917162770689717,119,0.1694915254237288,1.7457627118644068,1.745374165719618,LOCKED_S13_STYLE_V_Q_M_ATTENUATION_RUNTIME,PASS_NO_LOOKAHEAD_DAILY_RUNTIME
2023-10-04,0.0540187359410143,0.04433604615058317,1.218393172849577,120,0.3445378151260504,1.4831932773109244,1.6977049132816737,LOCKED_S13_STYLE_V_Q_M_ATTENUATION_RUNTIME,PASS_NO_LOOKAHEAD_DAILY_RUNTIME
2023-10-05,0.054532007749277425,0.04432947276603527,1.2301524098220094,121,0.35833333333333334,1.4625,1.6549403835940966,LOCKED_S13_STYLE_V_Q_M_ATTENUATION_RUNTIME,PASS_NO_LOOKAHEAD_DAILY_RUNTIME
2023-10-06,0.05014702825758208,0.04432470430923373,1.1313561824965281,122,0.21487603305785125,1.677685950413223,1.659075941197574,LOCKED_S13_STYLE_V_Q_M_ATTENUATION_RUNTIME,PASS_NO_LOOKAHEAD_DAILY_RUNTIME
2023-10-08,0.05211574698615926,0.0443191385655803,1.1759196742744018,123,0.27049180327868855,1.5942622950819672,1.647291641903827,LOCKED_S13_STYLE_V_Q_M_ATTENUATION_RUNTIME,PASS_NO_LOOKAHEAD_DAILY_RUNTIME
2023-10-09,0.05801489499060492,0.04431407579771843,1.3091753341630539,124,0.5934959349593496,1.1097560975609757,1.5495579065687632,LOCKED_S13_STYLE_V_Q_M_ATTENUATION_RUNTIME,PASS_NO_LOOKAHEAD_DAILY_RUNTIME
2023-10-10,0.05363223412245817,0.04431028170728032,1.2103789923241726,125,0.33064516129032256,1.504032258064516,1.5412805159316272,LOCKED_S13_STYLE_V_Q_M_ATTENUATION_RUNTIME,PASS_NO_LOOKAHEAD_DAILY_RUNTIME
2023-10-11,0.055121901890413945,0.0443061186021663,1.244114890436799,126,0.416,1.376,1.5112295130349676,LOCKED_S13_STYLE_V_Q_M_ATTENUATION_RUNTIME,PASS_NO_LOOKAHEAD_DAILY_RUNTIME
2023-10-12,0.062174068976734456,0.04430228861035622,1.4034053527925527,127,0.7936507936507936,0.8095238095238095,1.3836466578511204,LOCKED_S13_STYLE_V_Q_M_ATTENUATION_RUNTIME,PASS_NO_LOOKAHEAD_DAILY_RUNTIME
2023-10-13,0.06325591374120368,0.044301684387562004,1.4278444401306603,128,0.7952755905511811,0.8070866141732282,1.2788175590005946,LOCKED_S13_STYLE_V_Q_M_ATTENUATION_RUNTIME,PASS_NO_LOOKAHEAD_DAILY_RUNTIME
2023-10-15,0.0612576078904167,0.04430208055988182,1.382725305815301,129,0.734375,0.8984375,1.2096575482732137,LOCKED_S13_STYLE_V_Q_M_ATTENUATION_RUNTIME,PASS_NO_LOOKAHEAD_DAILY_RUNTIME
2023-10-16,0.05955779693408738,0.044299846860376496,1.3444244428609569,130,0.6666666666666666,1.0,1.1715379940417203,LOCKED_S13_STYLE_V_Q_M_ATTENUATION_RUNTIME,PASS_NO_LOOKAHEAD_DAILY_RUNTIME
2023-10-17,0.06619606537441441,0.04429324522873372,1.4944957189876886,131,0.9076923076923077,0.6384615384615384,1.0746150021180507,LOCKED_S13_STYLE_V_Q_M_ATTENUATION_RUNTIME,PASS_NO_LOOKAHEAD_DAILY_RUNTIME
2023-10-18,0.06778601667876012,0.044287580379529644,1.5305874942332995,132,0.9312977099236641,0.6030534351145038,0.9888765353901331,LOCKED_S13_STYLE_V_Q_M_ATTENUATION_RUNTIME,PASS_NO_LOOKAHEAD_DAILY_RUNTIME
2023-10-19,0.06594891383561033,0.04428693378152977,1.489128015972848,133,0.8939393939393939,0.6590909090909092,0.9289155124266378,LOCKED_S13_STYLE_V_Q_M_ATTENUATION_RUNTIME,PASS_NO_LOOKAHEAD_DAILY_RUNTIME
2023-10-20,0.06873561867793883,0.04428240212189791,1.5522107063823591,134,0.9473684210526315,0.5789473684210527,0.8652849407892587,LOCKED_S13_STYLE_V_Q_M_ATTENUATION_RUNTIME,PASS_NO_LOOKAHEAD_DAILY_RUNTIME
2023-10-22,0.06685251825050602,0.0442831770097882,1.5096594861685098,135,0.9029850746268657,0.6455223880597014,0.8253281130202482,LOCKED_S13_STYLE_V_Q_M_ATTENUATION_RUNTIME,PASS_NO_LOOKAHEAD_DAILY_RUNTIME
2023-10-23,0.0689090116746738,0.04428327478877953,1.556095659215653,136,0.9481481481481482,0.5777777777777777,0.7803189611579808,LOCKED_S13_STYLE_V_Q_M_ATTENUATION_RUNTIME,PASS_NO_LOOKAHEAD_DAILY_RUNTIME
2023-10-24,0.06481587446212896,0.04428483010916843,1.4636134834964607,137,0.8161764705882353,0.7757352941176472,0.7794855671506474,LOCKED_S13_STYLE_V_Q_M_ATTENUATION_RUNTIME,PASS_NO_LOOKAHEAD_DAILY_RUNTIME
2023-10-25,0.0686142152583556,0.04428603857324468,1.5493419025247548,138,0.927007299270073,0.6094890510948905,0.7485771096859642,LOCKED_S13_STYLE_V_Q_M_ATTENUATION_RUNTIME,PASS_NO_LOOKAHEAD_DAILY_RUNTIME
2023-10-26,0.07330759999907109,0.044287120394408644,1.6552803466609303,139,0.9782608695652174,0.5326086956521738,0.7093101253161841,LOCKED_S13_STYLE_V_Q_M_ATTENUATION_RUNTIME,PASS_NO_LOOKAHEAD_DAILY_RUNTIME
2023-10-27,0.07058420718622103,0.04429351273319157,1.5935563207956727,140,0.9568345323741008,0.564748201438849,0.6830261391566685,LOCKED_S13_STYLE_V_Q_M_ATTENUATION_RUNTIME,PASS_NO_LOOKAHEAD_DAILY_RUNTIME
2023-10-29,0.06888071774361845,0.04429803455558716,1.554938462499591,141,0.9285714285714286,0.6071428571428572,0.6692291787905209,LOCKED_S13_STYLE_V_Q_M_ATTENUATION_RUNTIME,PASS_NO_LOOKAHEAD_DAILY_RUNTIME
2023-10-30,0.0663671214104405,0.04430370474631907,1.4980038755326563,142,0.8581560283687943,0.7127659574468086,0.6771449567280277,LOCKED_S13_STYLE_V_Q_M_ATTENUATION_RUNTIME,PASS_NO_LOOKAHEAD_DAILY_RUNTIME
2023-10-31,0.06226361547308225,0.044307567502567716,1.4052591686391709,143,0.7253521126760564,0.9119718309859155,0.7198407520476435,LOCKED_S13_STYLE_V_Q_M_ATTENUATION_RUNTIME,PASS_NO_LOOKAHEAD_DAILY_RUNTIME
2023-11-01,0.08379077939486493,0.04431089366437295,1.8909747122124685,144,1.0,0.5,0.6798697062207992,LOCKED_S13_STYLE_V_Q_M_ATTENUATION_RUNTIME,PASS_NO_LOOKAHEAD_DAILY_RUNTIME
2023-11-02,0.07650257023942851,0.04432370456557429,1.7259967547669104,145,0.9791666666666666,0.53125,0.6528479414533811,LOCKED_S13_STYLE_V_Q_M_ATTENUATION_RUNTIME,PASS_NO_LOOKAHEAD_DAILY_RUNTIME
2023-11-03,0.08483045079660007,0.04433183998306737,1.9135332715493247,146,1.0,0.5,0.6250574066436755,LOCKED_S13_STYLE_V_Q_M_ATTENUATION_RUNTIME,PASS_NO_LOOKAHEAD_DAILY_RUNTIME
2023-11-05,0.07782202381120742,0.044345057283119736,1.7549199071805222,147,0.9726027397260274,0.5410958904109588,0.6097916764195451,LOCKED_S13_STYLE_V_Q_M_ATTENUATION_RUNTIME,PASS_NO_LOOKAHEAD_DAILY_RUNTIME
2023-11-06,0.07591886032326436,0.04435300421287831,1.7116960095618645,148,0.9523809523809523,0.5714285714285716,0.6028165664211862,LOCKED_S13_STYLE_V_Q_M_ATTENUATION_RUNTIME,PASS_NO_LOOKAHEAD_DAILY_RUNTIME
2023-11-07,0.0754860522370897,0.04436371285947684,1.7015269320715702,149,0.9459459459459459,0.5810810810810811,0.5988646599957125,LOCKED_S13_STYLE_V_Q_M_ATTENUATION_RUNTIME,PASS_NO_LOOKAHEAD_DAILY_RUNTIME
2023-11-08,0.07651324656073033,0.04437242881013256,1.724342088374895,150,0.959731543624161,0.5604026845637584,0.591871573553539,LOCKED_S13_STYLE_V_Q_M_ATTENUATION_RUNTIME,PASS_NO_LOOKAHEAD_DAILY_RUNTIME
2023-11-09,0.08698823107233238,0.044382233816087566,1.9599786579647347,151,1.0,0.5,0.5751676510892592,LOCKED_S13_STYLE_V_Q_M_ATTENUATION_RUNTIME,PASS_NO_LOOKAHEAD_DAILY_RUNTIME
2023-11-10,0.0802880449126253,0.044394095162872585,1.808529819519136,152,0.9735099337748344,0.5397350993377483,0.5687253689526208,LOCKED_S13_STYLE_V_Q_M_ATTENUATION_RUNTIME,PASS_NO_LOOKAHEAD_DAILY_RUNTIME
2023-11-12,0.07375634861497428,0.044390816969361015,1.6615226673093593,153,0.9210526315789473,0.618421052631579,0.5777609478033404,LOCKED_S13_STYLE_V_Q_M_ATTENUATION_RUNTIME,PASS_NO_LOOKAHEAD_DAILY_RUNTIME
2023-11-13,0.0756771026791929,0.044399524498841006,1.704457503394397,154,0.9281045751633987,0.607843137254902,0.5832304367945333,LOCKED_S13_STYLE_V_Q_M_ATTENUATION_RUNTIME,PASS_NO_LOOKAHEAD_DAILY_RUNTIME
2023-11-14,0.0917491989340093,0.04440890850224204,2.066008871381679,155,1.0,0.5,0.5680976301046181,LOCKED_S13_STYLE_V_Q_M_ATTENUATION_RUNTIME,PASS_NO_LOOKAHEAD_DAILY_RUNTIME
2023-11-15,0.09168564733314104,0.044422283168637826,2.063956212810583,156,0.9935483870967742,0.5096774193548388,0.5574757736046582,LOCKED_S13_STYLE_V_Q_M_ATTENUATION_RUNTIME,PASS_NO_LOOKAHEAD_DAILY_RUNTIME
2023-11-16,0.08605375003216914,0.04443715674250344,1.9365269144202488,157,0.9807692307692307,0.528846153846154,0.552270388194021,LOCKED_S13_STYLE_V_Q_M_ATTENUATION_RUNTIME,PASS_NO_LOOKAHEAD_DAILY_RUNTIME
2023-11-17,0.08581098659156806,0.044450056523797465,1.930503430195347,158,0.9745222929936306,0.5382165605095541,0.5497151467968451,LOCKED_S13_STYLE_V_Q_M_ATTENUATION_RUNTIME,PASS_NO_LOOKAHEAD_DAILY_RUNTIME
2023-11-19,0.09145689917104974,0.0444606678308902,2.0570293617476363,159,0.9873417721518988,0.5189873417721518,0.5441282731559918,LOCKED_S13_STYLE_V_Q_M_ATTENUATION_RUNTIME,PASS_NO_LOOKAHEAD_DAILY_RUNTIME
2023-11-20,0.08107843191608159,0.04447607728620413,1.8229672413405713,160,0.949685534591195,0.5754716981132075,0.5498270776936673,LOCKED_S13_STYLE_V_Q_M_ATTENUATION_RUNTIME,PASS_NO_LOOKAHEAD_DAILY_RUNTIME
2023-11-21,0.0758575608205289,0.04448720543972505,1.7051545510833896,161,0.89375,0.6593749999999998,0.5697448817493641,LOCKED_S13_STYLE_V_Q_M_ATTENUATION_RUNTIME,PASS_NO_LOOKAHEAD_DAILY_RUNTIME
2023-11-22,0.07613234805847927,0.04449523595431683,1.711022459497556,162,0.8944099378881988,0.6583850931677018,0.5858612838254255,LOCKED_S13_STYLE_V_Q_M_ATTENUATION_RUNTIME,PASS_NO_LOOKAHEAD_DAILY_RUNTIME
2023-11-23,0.08576852202253848,0.044496841110816546,1.9275193447763506,163,0.9629629629629629,0.5555555555555556,0.5803511514127219,LOCKED_S13_STYLE_V_Q_M_ATTENUATION_RUNTIME,PASS_NO_LOOKAHEAD_DAILY_RUNTIME
2023-11-24,0.07595605809775806,0.04451143091123455,1.7064393694561497,164,0.8834355828220859,0.6748466257668713,0.5975321467498399,LOCKED_S13_STYLE_V_Q_M_ATTENUATION_RUNTIME,PASS_NO_LOOKAHEAD_DAILY_RUNTIME
2023-11-26,0.06653021734622504,0.04452381970002053,1.4942612245416662,165,0.7378048780487805,0.8932926829268293,0.6513067896911107,LOCKED_S13_STYLE_V_Q_M_ATTENUATION_RUNTIME,PASS_NO_LOOKAHEAD_DAILY_RUNTIME
2023-11-27,0.07257676100823124,0.04452911796802608,1.6298719651340192,166,0.8424242424242424,0.7363636363636363,0.6667716709042972,LOCKED_S13_STYLE_V_Q_M_ATTENUATION_RUNTIME,PASS_NO_LOOKAHEAD_DAILY_RUNTIME
2023-11-28,0.07069264701648387,0.04453647206073262,1.5872978649966505,167,0.8253012048192772,0.7620481927710843,0.6840946748800767,LOCKED_S13_STYLE_V_Q_M_ATTENUATION_RUNTIME,PASS_NO_LOOKAHEAD_DAILY_RUNTIME
2023-11-29,0.0754839275586967,0.04454594723943655,1.6945184070947479,168,0.8622754491017964,0.7065868263473054,0.6881841569650273,LOCKED_S13_STYLE_V_Q_M_ATTENUATION_RUNTIME,PASS_NO_LOOKAHEAD_DAILY_RUNTIME
2023-11-30,0.06680865379166247,0.04455792047478893,1.4993665117173298,169,0.7440476190476191,0.8839285714285714,0.7237740505038535,LOCKED_S13_STYLE_V_Q_M_ATTENUATION_RUNTIME,PASS_NO_LOOKAHEAD_DAILY_RUNTIME
2023-12-01,0.08129286321699941,0.044566915951484966,1.82406301808036,170,0.9467455621301775,0.5798816568047338,0.6976117971040136,LOCKED_S13_STYLE_V_Q_M_ATTENUATION_RUNTIME,PASS_NO_LOOKAHEAD_DAILY_RUNTIME
2023-12-03,0.0753834886985793,0.04458178493253739,1.6909033322163314,171,0.8529411764705882,0.7205882352941178,0.701789331320396,LOCKED_S13_STYLE_V_Q_M_ATTENUATION_RUNTIME,PASS_NO_LOOKAHEAD_DAILY_RUNTIME
2023-12-04,0.06717466564639296,0.04459182871226121,1.5064344205269666,172,0.7368421052631579,0.8947368421052633,0.7368706969176446,LOCKED_S13_STYLE_V_Q_M_ATTENUATION_RUNTIME,PASS_NO_LOOKAHEAD_DAILY_RUNTIME
2023-12-05,0.06838714463153885,0.04459808266537232,1.5334099706630948,173,0.7674418604651163,0.8488372093023255,0.7572282446239502,LOCKED_S13_STYLE_V_Q_M_ATTENUATION_RUNTIME,PASS_NO_LOOKAHEAD_DAILY_RUNTIME
2023-12-06,0.06588573623320171,0.04460668928793809,1.477037127949722,174,0.6705202312138728,0.9942196531791907,0.8003175916339939,LOCKED_S13_STYLE_V_Q_M_ATTENUATION_RUNTIME,PASS_NO_LOOKAHEAD_DAILY_RUNTIME
2023-12-07,0.06511956727365766,0.04461363625085048,1.4596337072259218,175,0.6379310344827587,1.043103448275862,0.844460474659788,LOCKED_S13_STYLE_V_Q_M_ATTENUATION_RUNTIME,PASS_NO_LOOKAHEAD_DAILY_RUNTIME
2023-12-08,0.09881121982059826,0.044621693511945185,2.2144211042583266,176,1.0,0.5,0.7818312974489174,LOCKED_S13_STYLE_V_Q_M_ATTENUATION_RUNTIME,PASS_NO_LOOKAHEAD_DAILY_RUNTIME
2023-12-10,0.0615428711763063,0.04464272634358129,1.37856435341017,177,0.5284090909090909,1.2073863636363635,0.8592049458466349,LOCKED_S13_STYLE_V_Q_M_ATTENUATION_RUNTIME,PASS_NO_LOOKAHEAD_DAILY_RUNTIME
2023-12-11,0.07350576778727888,0.04464807802743458,1.6463366629603253,178,0.8361581920903954,0.7457627118644068,0.8385790851225933,LOCKED_S13_STYLE_V_Q_M_ATTENUATION_RUNTIME,PASS_NO_LOOKAHEAD_DAILY_RUNTIME
2023-12-12,0.05767646687907791,0.04465928293918495,1.2914776745882641,179,0.398876404494382,1.401685393258427,0.9409620502381993,LOCKED_S13_STYLE_V_Q_M_ATTENUATION_RUNTIME,PASS_NO_LOOKAHEAD_DAILY_RUNTIME
2023-12-13,0.07798287294864213,0.04466468419958522,1.7459627073634683,180,0.9106145251396648,0.6340782122905029,0.8851649887931635,LOCKED_S13_STYLE_V_Q_M_ATTENUATION_RUNTIME,PASS_NO_LOOKAHEAD_DAILY_RUNTIME
2023-12-14,0.07663849150508799,0.044678525759797166,1.7153316991056402,181,0.8944444444444445,0.6583333333333332,0.8439228696186488,LOCKED_S13_STYLE_V_Q_M_ATTENUATION_RUNTIME,PASS_NO_LOOKAHEAD_DAILY_RUNTIME
2023-12-15,0.07446596042037085,0.044688063309962216,1.6663501370346991,182,0.8397790055248618,0.7403314917127073,0.8250880736357503,LOCKED_S13_STYLE_V_Q_M_ATTENUATION_RUNTIME,PASS_NO_LOOKAHEAD_DAILY_RUNTIME
2023-12-17,0.08654738853922998,0.044701955274408574,1.936098499672955,183,0.967032967032967,0.5494505494505495,0.774972160147532,LOCKED_S13_STYLE_V_Q_M_ATTENUATION_RUNTIME,PASS_NO_LOOKAHEAD_DAILY_RUNTIME
2023-12-18,0.06726886822055907,0.044719736337641404,1.504232218917124,184,0.7103825136612022,0.9344262295081966,0.8039638091221982,LOCKED_S13_STYLE_V_Q_M_ATTENUATION_RUNTIME,PASS_NO_LOOKAHEAD_DAILY_RUNTIME
2023-12-19,0.06459282552144895,0.0447258006385927,1.4441960702591317,185,0.5978260869565217,1.1032608695652173,0.8583814564754744,LOCKED_S13_STYLE_V_Q_M_ATTENUATION_RUNTIME,PASS_NO_LOOKAHEAD_DAILY_RUNTIME
2023-12-20,0.06417039451580232,0.04473594799319979,1.4344257223644108,186,0.5783783783783784,1.1324324324324324,0.9082089066494667,LOCKED_S13_STYLE_V_Q_M_ATTENUATION_RUNTIME,PASS_NO_LOOKAHEAD_DAILY_RUNTIME
2023-12-21,0.098719900544575,0.04474624049051822,2.2062166444015303,187,0.9946236559139785,0.5080645161290323,0.8354553811002968,LOCKED_S13_STYLE_V_Q_M_ATTENUATION_RUNTIME,PASS_NO_LOOKAHEAD_DAILY_RUNTIME
2023-12-22,0.0634192677382787,0.044768918080802106,1.4165914758943947,188,0.5668449197860963,1.1497326203208555,0.8925966973222166,LOCKED_S13_STYLE_V_Q_M_ATTENUATION_RUNTIME,PASS_NO_LOOKAHEAD_DAILY_RUNTIME
2023-12-25,0.06273259895319229,0.04477749642068704,1.4009849582436693,189,0.5531914893617021,1.1702127659574468,0.9430723461649856,LOCKED_S13_STYLE_V_Q_M_ATTENUATION_RUNTIME,PASS_NO_LOOKAHEAD_DAILY_RUNTIME
2023-12-26,0.053323314961481835,0.04478482222019616,1.190655948109026,190,0.18518518518518517,1.7222222222222223,1.084735959993574,LOCKED_S13_STYLE_V_Q_M_ATTENUATION_RUNTIME,PASS_NO_LOOKAHEAD_DAILY_RUNTIME
2023-12-27,0.056348266744360116,0.04478235635273675,1.2582693572558414,191,0.3,1.55,1.169329421812924,LOCKED_S13_STYLE_V_Q_M_ATTENUATION_RUNTIME,PASS_NO_LOOKAHEAD_DAILY_RUNTIME
2023-12-28,0.05657897912168445,0.044784889828866345,1.2633497444760076,192,0.3193717277486911,1.5209424083769634,1.2332590557336585,LOCKED_S13_STYLE_V_Q_M_ATTENUATION_RUNTIME,PASS_NO_LOOKAHEAD_DAILY_RUNTIME
2023-12-29,0.05511550272308829,0.044786772448436415,1.2306201074556884,193,0.25,1.625,1.3044846819639022,LOCKED_S13_STYLE_V_Q_M_ATTENUATION_RUNTIME,PASS_NO_LOOKAHEAD_DAILY_RUNTIME
2024-01-01,0.05328803069948426,0.04478945924522838,1.1897448997480644,194,0.18134715025906736,1.7279792746113989,1.3814836988089017,LOCKED_S13_STYLE_V_Q_M_ATTENUATION_RUNTIME,PASS_NO_LOOKAHEAD_DAILY_RUNTIME
2024-01-02,0.055093086866288596,0.04479083739668631,1.2300079674412263,195,0.24742268041237114,1.6288659793814433,1.4264622952766364,LOCKED_S13_STYLE_V_Q_M_ATTENUATION_RUNTIME,PASS_NO_LOOKAHEAD_DAILY_RUNTIME
2024-01-03,0.052289698057604556,0.04479272121147566,1.1673704263407916,196,0.15384615384615385,1.7692307692307692,1.4887838359955696,LOCKED_S13_STYLE_V_Q_M_ATTENUATION_RUNTIME,PASS_NO_LOOKAHEAD_DAILY_RUNTIME
2024-01-04,0.05438605936630432,0.044794458221873,1.2141247271464435,197,0.23979591836734693,1.6403061224489797,1.5163333426234622,LOCKED_S13_STYLE_V_Q_M_ATTENUATION_RUNTIME,PASS_NO_LOOKAHEAD_DAILY_RUNTIME
2024-01-05,0.060801088074400454,0.04479480952177774,1.3573244026150173,198,0.5025380710659898,1.2461928934010154,1.46721689731029,LOCKED_S13_STYLE_V_Q_M_ATTENUATION_RUNTIME,PASS_NO_LOOKAHEAD_DAILY_RUNTIME
2024-01-07,0.06250626584590713,0.04480041750291273,1.395216145962105,199,0.5707070707070707,1.143939393939394,1.4084391694246723,LOCKED_S13_STYLE_V_Q_M_ATTENUATION_RUNTIME,PASS_NO_LOOKAHEAD_DAILY_RUNTIME
2024-01-08,0.05277080467782467,0.04480623897582949,1.1777557296494272,200,0.18090452261306533,1.728643216080402,1.4666580869984414,LOCKED_S13_STYLE_V_Q_M_ATTENUATION_RUNTIME,PASS_NO_LOOKAHEAD_DAILY_RUNTIME
2024-01-09,0.05106022671719588,0.04480960593732763,1.1394928754475235,201,0.145,1.7825,1.5240838893623612,LOCKED_S13_STYLE_V_Q_M_ATTENUATION_RUNTIME,PASS_NO_LOOKAHEAD_DAILY_RUNTIME
2024-01-10,0.06381916296505945,0.04481254337677634,1.4241361493026325,202,0.5970149253731343,1.1044776119402986,1.447791838921986,LOCKED_S13_STYLE_V_Q_M_ATTENUATION_RUNTIME,PASS_NO_LOOKAHEAD_DAILY_RUNTIME
2024-01-11,0.048725378742822005,0.04482059424894798,1.0871203195608161,203,0.09405940594059406,1.858910891089109,1.5225407574978262,LOCKED_S13_STYLE_V_Q_M_ATTENUATION_RUNTIME,PASS_NO_LOOKAHEAD_DAILY_RUNTIME
2024-01-12,0.04892477309042234,0.044817230749132464,1.0916509626460886,204,0.10344827586206896,1.8448275862068966,1.5811383627176572,LOCKED_S13_STYLE_V_Q_M_ATTENUATION_RUNTIME,PASS_NO_LOOKAHEAD_DAILY_RUNTIME
2024-01-14,0.052375001798426565,0.04481956531869363,1.1685745148577258,205,0.16666666666666666,1.75,1.6118404785871738,LOCKED_S13_STYLE_V_Q_M_ATTENUATION_RUNTIME,PASS_NO_LOOKAHEAD_DAILY_RUNTIME
2024-01-15,0.04702788087684714,0.04482309742459734,1.0491885563231935,206,0.08780487804878048,1.8682926829268292,1.6584681521034745,LOCKED_S13_STYLE_V_Q_M_ATTENUATION_RUNTIME,PASS_NO_LOOKAHEAD_DAILY_RUNTIME
2024-01-16,0.04656953396599141,0.04482475353194576,1.0389244847225356,207,0.08737864077669903,1.8689320388349515,1.6967343133273793,LOCKED_S13_STYLE_V_Q_M_ATTENUATION_RUNTIME,PASS_NO_LOOKAHEAD_DAILY_RUNTIME
2024-01-17,0.05643352825580928,0.044826590710270224,1.2589297415134404,208,0.33816425120772947,1.4927536231884058,1.6596469151202933,LOCKED_S13_STYLE_V_Q_M_ATTENUATION_RUNTIME,PASS_NO_LOOKAHEAD_DAILY_RUNTIME
2024-01-18,0.045817435324404784,0.04483071693799808,1.0220098730022844,209,0.08173076923076923,1.8774038461538463,1.699239084399121,LOCKED_S13_STYLE_V_Q_M_ATTENUATION_RUNTIME,PASS_NO_LOOKAHEAD_DAILY_RUNTIME
2024-01-19,0.04440059929275493,0.044833083257680546,0.9903534637035805,210,0.06220095693779904,1.9066985645933014,1.736958989888972,LOCKED_S13_STYLE_V_Q_M_ATTENUATION_RUNTIME,PASS_NO_LOOKAHEAD_DAILY_RUNTIME
2024-01-21,0.04516393505672493,0.04483531186740541,1.0073295618036824,211,0.08095238095238096,1.8785714285714286,1.7627067060130548,LOCKED_S13_STYLE_V_Q_M_ATTENUATION_RUNTIME,PASS_NO_LOOKAHEAD_DAILY_RUNTIME
2024-01-22,0.08532783499961526,0.044837478103330566,1.903047151826254,212,0.9478672985781991,0.5781990521327014,1.5473416780348086,LOCKED_S13_STYLE_V_Q_M_ATTENUATION_RUNTIME,PASS_NO_LOOKAHEAD_DAILY_RUNTIME
2024-01-23,0.04377064162447783,0.04485632834150326,0.9757963534429345,213,0.05660377358490566,1.9150943396226414,1.6142057983235054,LOCKED_S13_STYLE_V_Q_M_ATTENUATION_RUNTIME,PASS_NO_LOOKAHEAD_DAILY_RUNTIME
2024-01-24,0.03778782581500518,0.04485745285480511,0.8423979385837411,214,0.0,2.0,1.6843501986283225,LOCKED_S13_STYLE_V_Q_M_ATTENUATION_RUNTIME,PASS_NO_LOOKAHEAD_DAILY_RUNTIME
2024-01-25,0.04124158156262058,0.04485531244702624,0.9194358329646362,215,0.037383177570093455,1.9439252336448598,1.73154565954042,LOCKED_S13_STYLE_V_Q_M_ATTENUATION_RUNTIME,PASS_NO_LOOKAHEAD_DAILY_RUNTIME
2024-01-26,0.040852946801792495,0.04485530570523064,0.9107717840618479,216,0.037209302325581395,1.9441860465116279,1.7702075480806396,LOCKED_S13_STYLE_V_Q_M_ATTENUATION_RUNTIME,PASS_NO_LOOKAHEAD_DAILY_RUNTIME
2024-01-28,0.03962259013203395,0.044854943992830826,0.8833494505837938,217,0.023148148148148147,1.9652777777777777,1.8056748625710282,LOCKED_S13_STYLE_V_Q_M_ATTENUATION_RUNTIME,PASS_NO_LOOKAHEAD_DAILY_RUNTIME
2024-01-29,0.04535057527685188,0.04485440601735106,1.0110617730465294,218,0.11059907834101383,1.8341013824884793,1.8108433207378374,LOCKED_S13_STYLE_V_Q_M_ATTENUATION_RUNTIME,PASS_NO_LOOKAHEAD_DAILY_RUNTIME
2024-01-30,0.03994258446638135,0.044856948343412806,0.8904436423225138,219,0.03211009174311927,1.951834862385321,1.836478146491925,LOCKED_S13_STYLE_V_Q_M_ATTENUATION_RUNTIME,PASS_NO_LOOKAHEAD_DAILY_RUNTIME
2024-01-31,0.04587916477112717,0.0448571327226471,1.022784159094593,220,0.1232876712328767,1.8150684931506849,1.8325854822480632,LOCKED_S13_STYLE_V_Q_M_ATTENUATION_RUNTIME,PASS_NO_LOOKAHEAD_DAILY_RUNTIME
2024-02-01,0.04652938021274689,0.04485442221306253,1.0373420928649613,221,0.1318181818181818,1.8022727272727272,1.8270740722525476,LOCKED_S13_STYLE_V_Q_M_ATTENUATION_RUNTIME,PASS_NO_LOOKAHEAD_DAILY_RUNTIME
2024-02-02,0.05861262792049938,0.04485725721713354,1.3066476097007527,222,0.47058823529411764,1.2941176470588236,1.7301729040355067,LOCKED_S13_STYLE_V_Q_M_ATTENUATION_RUNTIME,PASS_NO_LOOKAHEAD_DAILY_RUNTIME
2024-02-04,0.06602781056336829,0.04485745668170821,1.4719472624557612,223,0.6846846846846847,0.972972972972973,1.5925001892968642,LOCKED_S13_STYLE_V_Q_M_ATTENUATION_RUNTIME,PASS_NO_LOOKAHEAD_DAILY_RUNTIME
2024-02-05,0.06072763153788179,0.044867576165406306,1.353485896229533,224,0.5336322869955157,1.1995515695067265,1.5210549856986573,LOCKED_S13_STYLE_V_Q_M_ATTENUATION_RUNTIME,PASS_NO_LOOKAHEAD_DAILY_RUNTIME
2024-02-06,0.05972444921890575,0.04487784205269234,1.330822661855746,225,0.5044642857142857,1.2433035714285714,1.4705547285586416,LOCKED_S13_STYLE_V_Q_M_ATTENUATION_RUNTIME,PASS_NO_LOOKAHEAD_DAILY_RUNTIME
2024-02-07,0.056542212199217005,0.04488464140249922,1.2597229348939096,226,0.37333333333333335,1.44,1.4649993233661611,LOCKED_S13_STYLE_V_Q_M_ATTENUATION_RUNTIME,PASS_NO_LOOKAHEAD_DAILY_RUNTIME
2024-02-08,0.059609470589412746,0.04488771186726148,1.327968571124439,227,0.5,1.25,1.4259085372995863,LOCKED_S13_STYLE_V_Q_M_ATTENUATION_RUNTIME,PASS_NO_LOOKAHEAD_DAILY_RUNTIME
2024-02-09,0.05556079216109427,0.04489569793358433,1.2375526992204722,228,0.31718061674008813,1.5242290748898677,1.4437849986796374,LOCKED_S13_STYLE_V_Q_M_ATTENUATION_RUNTIME,PASS_NO_LOOKAHEAD_DAILY_RUNTIME
2024-02-11,0.059499477830540125,0.04490267093782167,1.3250765842622407,229,0.5,1.25,1.4085513625560668,LOCKED_S13_STYLE_V_Q_M_ATTENUATION_RUNTIME,PASS_NO_LOOKAHEAD_DAILY_RUNTIME
2024-02-12,0.0519216788973267,0.04491109510021088,1.1560991505879112,230,0.20087336244541484,1.6986899563318778,1.4613038341516686,LOCKED_S13_STYLE_V_Q_M_ATTENUATION_RUNTIME,PASS_NO_LOOKAHEAD_DAILY_RUNTIME
2024-02-13,0.06271593631731796,0.044916497262109396,1.3962784308700713,231,0.6173913043478261,1.0739130434782609,1.3908691449383217,LOCKED_S13_STYLE_V_Q_M_ATTENUATION_RUNTIME,PASS_NO_LOOKAHEAD_DAILY_RUNTIME
2024-02-14,0.06566256720834239,0.04492392211758058,1.4616392361397563,232,0.6883116883116883,0.9675324675324675,1.313898839955439,LOCKED_S13_STYLE_V_Q_M_ATTENUATION_RUNTIME,PASS_NO_LOOKAHEAD_DAILY_RUNTIME
2024-02-15,0.06159311149977235,0.044934651128163514,1.3707263760454096,233,0.5603448275862069,1.1594827586206897,1.2858231888036664,LOCKED_S13_STYLE_V_Q_M_ATTENUATION_RUNTIME,PASS_NO_LOOKAHEAD_DAILY_RUNTIME
2024-02-16,0.06073376491995992,0.04494141426106919,1.3513986134737856,234,0.5321888412017167,1.201716738197425,1.2705311068752587,LOCKED_S13_STYLE_V_Q_M_ATTENUATION_RUNTIME,PASS_NO_LOOKAHEAD_DAILY_RUNTIME
2024-02-18,0.06411318964887627,0.04494841466613162,1.4263726568578001,235,0.6410256410256411,1.0384615384615383,1.2283366398909459,LOCKED_S13_STYLE_V_Q_M_ATTENUATION_RUNTIME,PASS_NO_LOOKAHEAD_DAILY_RUNTIME
2024-02-19,0.05750602895340813,0.04495458415883828,1.2792027783022475,236,0.4085106382978723,1.3872340425531915,1.2572270767386269,LOCKED_S13_STYLE_V_Q_M_ATTENUATION_RUNTIME,PASS_NO_LOOKAHEAD_DAILY_RUNTIME
2024-02-20,0.0565228058063334,0.0449613476236473,1.257142163074431,237,0.3516949152542373,1.472457627118644,1.296359904080448,LOCKED_S13_STYLE_V_Q_M_ATTENUATION_RUNTIME,PASS_NO_LOOKAHEAD_DAILY_RUNTIME
2024-02-21,0.055095716520119145,0.04496604989884113,1.2252736596624887,238,0.29535864978902954,1.5569620253164556,1.3437421079415401,LOCKED_S13_STYLE_V_Q_M_ATTENUATION_RUNTIME,PASS_NO_LOOKAHEAD_DAILY_RUNTIME
2024-02-22,0.05799142488153188,0.04497294477623787,1.2894735972942675,239,0.4369747899159664,1.3445378151260505,1.3438867819750875,LOCKED_S13_STYLE_V_Q_M_ATTENUATION_RUNTIME,PASS_NO_LOOKAHEAD_DAILY_RUNTIME
2024-02-23,0.05851522148559795,0.04497980909373535,1.3009219617552306,240,0.4560669456066946,1.3158995815899581,1.3387982000868819,LOCKED_S13_STYLE_V_Q_M_ATTENUATION_RUNTIME,PASS_NO_LOOKAHEAD_DAILY_RUNTIME
2024-02-25,0.05352477161815629,0.04498737043113891,1.1897732875960239,241,0.2375,1.64375,1.394243981889267,LOCKED_S13_STYLE_V_Q_M_ATTENUATION_RUNTIME,PASS_NO_LOOKAHEAD_DAILY_RUNTIME
2024-02-26,0.05056679338728527,0.044993637384613275,1.1238654246828659,242,0.17427385892116182,1.7385892116182573,1.456852205476356,LOCKED_S13_STYLE_V_Q_M_ATTENUATION_RUNTIME,PASS_NO_LOOKAHEAD_DAILY_RUNTIME
2024-02-27,0.04905269098894938,0.04499919947775588,1.090079191590891,243,0.14049586776859505,1.7892561983471074,1.5172892950892198,LOCKED_S13_STYLE_V_Q_M_ATTENUATION_RUNTIME,PASS_NO_LOOKAHEAD_DAILY_RUNTIME
2024-02-28,0.0502142662568643,0.045004195181726644,1.1157685645549138,244,0.1646090534979424,1.7530864197530864,1.5601614995735593,LOCKED_S13_STYLE_V_Q_M_ATTENUATION_RUNTIME,PASS_NO_LOOKAHEAD_DAILY_RUNTIME
2024-02-29,0.047681213771222586,0.04500976267214492,1.0593527035131634,245,0.13524590163934427,1.7971311475409837,1.6032468901130907,LOCKED_S13_STYLE_V_Q_M_ATTENUATION_RUNTIME,PASS_NO_LOOKAHEAD_DAILY_RUNTIME
2024-03-01,0.05307312001931542,0.04501094890941452,1.179115777499519,246,0.24489795918367346,1.6326530612244898,1.6085934666787995,LOCKED_S13_STYLE_V_Q_M_ATTENUATION_RUNTIME,PASS_NO_LOOKAHEAD_DAILY_RUNTIME
2024-03-03,0.05550867585719101,0.0450166760814257,1.2330691798920803,247,0.3252032520325203,1.5121951219512195,1.5910664949101485,LOCKED_S13_STYLE_V_Q_M_ATTENUATION_RUNTIME,PASS_NO_LOOKAHEAD_DAILY_RUNTIME
2024-03-04,0.04890117647921149,0.045025524128204576,1.0860767848025816,248,0.13765182186234817,1.7935222672064777,1.627876635327663,LOCKED_S13_STYLE_V_Q_M_ATTENUATION_RUNTIME,PASS_NO_LOOKAHEAD_DAILY_RUNTIME
2024-03-05,0.04819160369024512,0.04503235833929711,1.0701550055883065,249,0.13709677419354838,1.7943548387096775,1.6581453995789381,LOCKED_S13_STYLE_V_Q_M_ATTENUATION_RUNTIME,PASS_NO_LOOKAHEAD_DAILY_RUNTIME
2024-03-06,0.051978015381069234,0.04503931995552715,1.154058618833355,250,0.20883534136546184,1.6867469879518073,1.663345688374005,LOCKED_S13_STYLE_V_Q_M_ATTENUATION_RUNTIME,PASS_NO_LOOKAHEAD_DAILY_RUNTIME
2024-03-07,0.04692011892445871,0.045046653366330104,1.0415894504502508,251,0.124,1.814,1.690737381396913,LOCKED_S13_STYLE_V_Q_M_ATTENUATION_RUNTIME,PASS_NO_LOOKAHEAD_DAILY_RUNTIME
2024-03-08,0.057958105966571305,0.04505265635954551,1.2864525790451302,252,0.4581673306772908,1.312749003984064,1.622012221867304,LOCKED_S13_STYLE_V_Q_M_ATTENUATION_RUNTIME,PASS_NO_LOOKAHEAD_DAILY_RUNTIME
2024-03-10,0.04689605352337688,0.04506440894491261,1.040645037211146,253,0.12301587301587301,1.8154761904761905,1.6571874888871014,LOCKED_S13_STYLE_V_Q_M_ATTENUATION_RUNTIME,PASS_NO_LOOKAHEAD_DAILY_RUNTIME
2024-03-11,0.06864207636824544,0.045069288122398146,1.5230344038678592,254,0.7944664031620553,0.808300395256917,1.5028443809543406,LOCKED_S13_STYLE_V_Q_M_ATTENUATION_RUNTIME,PASS_NO_LOOKAHEAD_DAILY_RUNTIME
2024-03-12,0.04207707774959241,0.04508444518439898,0.9332947888677304,255,0.047244094488188976,1.9291338582677164,1.5803515586476817,LOCKED_S13_STYLE_V_Q_M_ATTENUATION_RUNTIME,PASS_NO_LOOKAHEAD_DAILY_RUNTIME
2024-03-13,0.05107346851863583,0.04508836589248515,1.1327416176585858,256,0.20784313725490197,1.688235294117647,1.5999667832785844,LOCKED_S13_STYLE_V_Q_M_ATTENUATION_RUNTIME,PASS_NO_LOOKAHEAD_DAILY_RUNTIME
2024-03-14,0.048933917323979684,0.04509179586459461,1.085206663112787,257,0.1484375,1.77734375,1.6322171408642963,LOCKED_S13_STYLE_V_Q_M_ATTENUATION_RUNTIME,PASS_NO_LOOKAHEAD_DAILY_RUNTIME
2024-03-15,0.044967462914918134,0.04509137286147345,0.9972520254165694,258,0.08560311284046693,1.8715953307392996,1.6757404481142968,LOCKED_S13_STYLE_V_Q_M_ATTENUATION_RUNTIME,PASS_NO_LOOKAHEAD_DAILY_RUNTIME
2024-03-17,0.045669396094717415,0.045091521161415626,1.0128156007696691,259,0.10852713178294573,1.8372093023255813,1.7050984216072576,LOCKED_S13_STYLE_V_Q_M_ATTENUATION_RUNTIME,PASS_NO_LOOKAHEAD_DAILY_RUNTIME
2024-03-18,0.04297114805385746,0.04509397331157361,0.9529244131350183,260,0.05791505791505792,1.9131274131274132,1.742921874610922,LOCKED_S13_STYLE_V_Q_M_ATTENUATION_RUNTIME,PASS_NO_LOOKAHEAD_DAILY_RUNTIME
2024-03-19,0.04180254045794401,0.04509571669546974,0.9269736356611323,261,0.046153846153846156,1.9307692307692308,1.777075939366978,LOCKED_S13_STYLE_V_Q_M_ATTENUATION_RUNTIME,PASS_NO_LOOKAHEAD_DAILY_RUNTIME
2024-03-20,0.04200398905279214,0.04509618234899485,0.931431151482568,262,0.04980842911877394,1.9252873563218391,1.8040234697224071,LOCKED_S13_STYLE_V_Q_M_ATTENUATION_RUNTIME,PASS_NO_LOOKAHEAD_DAILY_RUNTIME
2024-03-21,0.06951591026316377,0.04509709689375421,1.5414719583156022,263,0.816793893129771,0.7748091603053435,1.616893595282941,LOCKED_S13_STYLE_V_Q_M_ATTENUATION_RUNTIME,PASS_NO_LOOKAHEAD_DAILY_RUNTIME
2024-03-22,0.04836490251483194,0.04510560290294458,1.0722593070954072,264,0.1634980988593156,1.7547528517110267,1.641958914633502,LOCKED_S13_STYLE_V_Q_M_ATTENUATION_RUNTIME,PASS_NO_LOOKAHEAD_DAILY_RUNTIME
2024-03-24,0.03824778731643149,0.045106702135074075,0.8479402285251701,265,0.007575757575757576,1.9886363636363635,1.7049911780885676,LOCKED_S13_STYLE_V_Q_M_ATTENUATION_RUNTIME,PASS_NO_LOOKAHEAD_DAILY_RUNTIME
2024-03-25,0.04202829405583182,0.04509739225045462,0.931945107212006,266,0.05660377358490566,1.9150943396226414,1.7431917529129446,LOCKED_S13_STYLE_V_Q_M_ATTENUATION_RUNTIME,PASS_NO_LOOKAHEAD_DAILY_RUNTIME
2024-03-26,0.03720486462630392,0.04509522462497547,0.8250289234771532,267,0.0,2.0,1.7898841614742271,LOCKED_S13_STYLE_V_Q_M_ATTENUATION_RUNTIME,PASS_NO_LOOKAHEAD_DAILY_RUNTIME
2024-03-27,0.03701139408263612,0.04509119179296464,0.8208120613128445,268,0.0,2.0,1.8280870412061856,LOCKED_S13_STYLE_V_Q_M_ATTENUATION_RUNTIME,PASS_NO_LOOKAHEAD_DAILY_RUNTIME
2024-03-28,0.038027769922626874,0.04508649452467179,0.843440376625814,269,0.011194029850746268,1.9832089552238805,1.856291025573039,LOCKED_S13_STYLE_V_Q_M_ATTENUATION_RUNTIME,PASS_NO_LOOKAHEAD_DAILY_RUNTIME
2024-03-31,0.03799377117862113,0.04508279898792827,0.8427553752550866,270,0.011152416356877323,1.983271375464684,1.8793783619169742,LOCKED_S13_STYLE_V_Q_M_ATTENUATION_RUNTIME,PASS_NO_LOOKAHEAD_DAILY_RUNTIME
2024-04-01,0.04268266599614958,0.04507962660047714,0.9468282950617389,271,0.08148148148148149,1.8777777777777778,1.8790873466189384,LOCKED_S13_STYLE_V_Q_M_ATTENUATION_RUNTIME,PASS_NO_LOOKAHEAD_DAILY_RUNTIME
2024-04-02,0.047762450128075534,0.04507694979256388,1.0595759107009204,272,0.18081180811808117,1.7287822878228782,1.8517591541105636,LOCKED_S13_STYLE_V_Q_M_ATTENUATION_RUNTIME,PASS_NO_LOOKAHEAD_DAILY_RUNTIME
2024-04-03,0.04115589486646998,0.04507776235497547,0.9129977336137091,273,0.058823529411764705,1.911764705882353,1.862669254432707,LOCKED_S13_STYLE_V_Q_M_ATTENUATION_RUNTIME,PASS_NO_LOOKAHEAD_DAILY_RUNTIME
2024-04-04,0.04173564070019007,0.045076440609396716,0.9258858981755934,274,0.06593406593406594,1.901098901098901,1.8696564629174695,LOCKED_S13_STYLE_V_Q_M_ATTENUATION_RUNTIME,PASS_NO_LOOKAHEAD_DAILY_RUNTIME
2024-04-05,0.04667590373005467,0.045076319921039595,1.0354861224655667,275,0.16058394160583941,1.7591240875912408,1.8495596674036094,LOCKED_S13_STYLE_V_Q_M_ATTENUATION_RUNTIME,PASS_NO_LOOKAHEAD_DAILY_RUNTIME
2024-04-07,0.047244677291271964,0.045078567273599164,1.0480518824949747,276,0.1781818181818182,1.7327272727272727,1.8283174138260936,LOCKED_S13_STYLE_V_Q_M_ATTENUATION_RUNTIME,PASS_NO_LOOKAHEAD_DAILY_RUNTIME
2024-04-08,0.043534228539806166,0.04508108555640249,0.9656872278583221,277,0.10507246376811594,1.8423913043478262,1.8308763030118629,LOCKED_S13_STYLE_V_Q_M_ATTENUATION_RUNTIME,PASS_NO_LOOKAHEAD_DAILY_RUNTIME
2024-04-09,0.05379557562729901,0.04508137662671067,1.193299310106364,278,0.33212996389891697,1.5018050541516246,1.7710451668554559,LOCKED_S13_STYLE_V_Q_M_ATTENUATION_RUNTIME,PASS_NO_LOOKAHEAD_DAILY_RUNTIME
2024-04-10,0.06409489241180723,0.045086157437836435,1.4216091158395905,279,0.6834532374100719,0.9748201438848922,1.626276980860808,LOCKED_S13_STYLE_V_Q_M_ATTENUATION_RUNTIME,PASS_NO_LOOKAHEAD_DAILY_RUNTIME
2024-04-11,0.06316608471950942,0.04509427090392725,1.4007563145678512,280,0.6666666666666666,1.0,1.5124084388861156,LOCKED_S13_STYLE_V_Q_M_ATTENUATION_RUNTIME,PASS_NO_LOOKAHEAD_DAILY_RUNTIME
2024-04-12,0.06664846249655756,0.04510361330513529,1.4776745722269944,281,0.7571428571428571,0.8642857142857143,1.3945679435042244,LOCKED_S13_STYLE_V_Q_M_ATTENUATION_RUNTIME,PASS_NO_LOOKAHEAD_DAILY_RUNTIME
2024-04-14,0.06199434296083307,0.04511375428080999,1.3741783176578493,282,0.6156583629893239,1.0765124555160142,1.3367396729609133,LOCKED_S13_STYLE_V_Q_M_ATTENUATION_RUNTIME,PASS_NO_LOOKAHEAD_DAILY_RUNTIME
2024-04-15,0.06185732646389846,0.04512243402149594,1.3708774317101369,283,0.6134751773049646,1.0797872340425532,1.2900210477030296,LOCKED_S13_STYLE_V_Q_M_ATTENUATION_RUNTIME,PASS_NO_LOOKAHEAD_DAILY_RUNTIME
2024-04-16,0.06175648396611654,0.0451305376912305,1.3683968134533593,284,0.607773851590106,1.088339222614841,1.2533516249597225,LOCKED_S13_STYLE_V_Q_M_ATTENUATION_RUNTIME,PASS_NO_LOOKAHEAD_DAILY_RUNTIME
2024-04-17,0.06297877593573847,0.04513852006382522,1.3952335133426481,285,0.6619718309859155,1.0070422535211268,1.2085681028799777,LOCKED_S13_STYLE_V_Q_M_ATTENUATION_RUNTIME,PASS_NO_LOOKAHEAD_DAILY_RUNTIME
2024-04-18,0.06215713515163605,0.04514670230027985,1.3767812926449505,286,0.6210526315789474,1.068421052631579,1.1830868210166325,LOCKED_S13_STYLE_V_Q_M_ATTENUATION_RUNTIME,PASS_NO_LOOKAHEAD_DAILY_RUNTIME
2024-04-19,0.06334735923109291,0.045152732260198565,1.4029573861897309,287,0.6748251748251748,0.9877622377622379,1.1475732604249245,LOCKED_S13_STYLE_V_Q_M_ATTENUATION_RUNTIME,PASS_NO_LOOKAHEAD_DAILY_RUNTIME
2024-04-21,0.06005480036677301,0.04516044865249769,1.329809648900633,288,0.554006968641115,1.1689895470383276,1.1514671307182704,LOCKED_S13_STYLE_V_Q_M_ATTENUATION_RUNTIME,PASS_NO_LOOKAHEAD_DAILY_RUNTIME
2024-04-22,0.06625818320182862,0.04516040701334975,1.46717418162866,289,0.7430555555555556,0.8854166666666665,1.1030943190725242,LOCKED_S13_STYLE_V_Q_M_ATTENUATION_RUNTIME,PASS_NO_LOOKAHEAD_DAILY_RUNTIME
2024-04-23,0.05476404081033597,0.045169773503400214,1.2124045918940358,290,0.3494809688581315,1.4757785467128026,1.170855087734393,LOCKED_S13_STYLE_V_Q_M_ATTENUATION_RUNTIME,PASS_NO_LOOKAHEAD_DAILY_RUNTIME
2024-04-24,0.05302216470717952,0.045175370410295755,1.1736962912670537,291,0.28620689655172415,1.5706896551724139,1.2435522818140332,LOCKED_S13_STYLE_V_Q_M_ATTENUATION_RUNTIME,PASS_NO_LOOKAHEAD_DAILY_RUNTIME
2024-04-25,0.05501583250785643,0.04517737153051518,1.2177740900817091,292,0.35738831615120276,1.463917525773196,1.2836186898066082,LOCKED_S13_STYLE_V_Q_M_ATTENUATION_RUNTIME,PASS_NO_LOOKAHEAD_DAILY_RUNTIME
2024-04-26,0.05489579584654353,0.04518233780501618,1.2149835204067052,293,0.3561643835616438,1.4657534246575343,1.3167340961431402,LOCKED_S13_STYLE_V_Q_M_ATTENUATION_RUNTIME,PASS_NO_LOOKAHEAD_DAILY_RUNTIME
2024-04-28,0.054303729418925945,0.04518746931710374,1.2017430991288474,294,0.32764505119453924,1.5085324232081911,1.3516065192458766,LOCKED_S13_STYLE_V_Q_M_ATTENUATION_RUNTIME,PASS_NO_LOOKAHEAD_DAILY_RUNTIME
2024-04-29,0.05075695679929908,0.04519254522718893,1.1231267578344417,295,0.23469387755102042,1.6479591836734695,1.4054888218690753,LOCKED_S13_STYLE_V_Q_M_ATTENUATION_RUNTIME,PASS_NO_LOOKAHEAD_DAILY_RUNTIME
2024-04-30,0.05699637886458309,0.04518899259223817,1.26128899085865,296,0.4406779661016949,1.3389830508474576,1.3933968635015084,LOCKED_S13_STYLE_V_Q_M_ATTENUATION_RUNTIME,PASS_NO_LOOKAHEAD_DAILY_RUNTIME
2024-05-01,0.05277849058196966,0.045195563748010634,1.1677803351726705,297,0.27364864864864863,1.5895270270270272,1.4290568932334209,LOCKED_S13_STYLE_V_Q_M_ATTENUATION_RUNTIME,PASS_NO_LOOKAHEAD_DAILY_RUNTIME
2024-05-02,0.055408537325652325,0.04519718067922663,1.2259290622328354,298,0.3771043771043771,1.4343434343434343,1.4300180825261506,LOCKED_S13_STYLE_V_Q_M_ATTENUATION_RUNTIME,PASS_NO_LOOKAHEAD_DAILY_RUNTIME
2024-05-03,0.05436946468302665,0.045202783133342486,1.2027902025997739,299,0.33221476510067116,1.5016778523489933,1.4430471315848492,LOCKED_S13_STYLE_V_Q_M_ATTENUATION_RUNTIME,PASS_NO_LOOKAHEAD_DAILY_RUNTIME
2024-05-05,0.05356705009985375,0.04520794423096265,1.1849034724115146,300,0.30434782608695654,1.5434782608695652,1.4613073369093428,LOCKED_S13_STYLE_V_Q_M_ATTENUATION_RUNTIME,PASS_NO_LOOKAHEAD_DAILY_RUNTIME
2024-05-06,0.05127588083410121,0.045211827628055826,1.1341253721466986,301,0.25,1.625,1.4910696392894622,LOCKED_S13_STYLE_V_Q_M_ATTENUATION_RUNTIME,PASS_NO_LOOKAHEAD_DAILY_RUNTIME
2024-05-07,0.05043838603764049,0.04521734710165287,1.115465397035572,302,0.21926910299003322,1.6710963455149501,1.5238017676940963,LOCKED_S13_STYLE_V_Q_M_ATTENUATION_RUNTIME,PASS_NO_LOOKAHEAD_DAILY_RUNTIME
2024-05-08,0.06247746030757802,0.04522353335957708,1.3815254064916411,303,0.6456953642384106,1.031456953642384,1.434284528775603,LOCKED_S13_STYLE_V_Q_M_ATTENUATION_RUNTIME,PASS_NO_LOOKAHEAD_DAILY_RUNTIME
2024-05-09,0.0501313091990379,0.0452327311729008,1.1082971976070255,304,0.21782178217821782,1.6732673267326732,1.4777359465859794,LOCKED_S13_STYLE_V_Q_M_ATTENUATION_RUNTIME,PASS_NO_LOOKAHEAD_DAILY_RUNTIME
2024-05-10,0.04717483490421186,0.04523611150002099,1.0428578704027194,305,0.16447368421052633,1.7532894736842106,1.5278365878765667,LOCKED_S13_STYLE_V_Q_M_ATTENUATION_RUNTIME,PASS_NO_LOOKAHEAD_DAILY_RUNTIME
2024-05-12,0.04721679055563738,0.045240173184843475,1.0436916402313003,306,0.16721311475409836,1.7491803278688525,1.5680809042388004,LOCKED_S13_STYLE_V_Q_M_ATTENUATION_RUNTIME,PASS_NO_LOOKAHEAD_DAILY_RUNTIME
2024-05-13,0.0558514232372293,0.04524157880034638,1.234515344473383,307,0.40522875816993464,1.392156862745098,1.536094714876309,LOCKED_S13_STYLE_V_Q_M_ATTENUATION_RUNTIME,PASS_NO_LOOKAHEAD_DAILY_RUNTIME
2024-05-14,0.04278993488713088,0.04524681106159002,0.9457005672484887,308,0.0781758957654723,1.8827361563517915,1.599120431508215,LOCKED_S13_STYLE_V_Q_M_ATTENUATION_RUNTIME,PASS_NO_LOOKAHEAD_DAILY_RUNTIME
2024-05-15,0.05014246096551651,0.045246651064760786,1.1082027019800522,309,0.22402597402597402,1.6639610389610389,1.610909632863274,LOCKED_S13_STYLE_V_Q_M_ATTENUATION_RUNTIME,PASS_NO_LOOKAHEAD_DAILY_RUNTIME
2024-05-16,0.05308358537032346,0.0452473201424409,1.173187388848966,310,0.29449838187702265,1.558252427184466,1.6013355954671271,LOCKED_S13_STYLE_V_Q_M_ATTENUATION_RUNTIME,PASS_NO_LOOKAHEAD_DAILY_RUNTIME
2024-05-17,0.0849713636389954,0.045252634434658254,1.8777108714341992,311,0.9580645161290322,0.5629032258064517,1.4125297100742769,LOCKED_S13_STYLE_V_Q_M_ATTENUATION_RUNTIME,PASS_NO_LOOKAHEAD_DAILY_RUNTIME
2024-05-19,0.04598874048223308,0.045266958732677595,1.0159450020448235,312,0.1382636655948553,1.792604501607717,1.4816342176258113,LOCKED_S13_STYLE_V_Q_M_ATTENUATION_RUNTIME,PASS_NO_LOOKAHEAD_DAILY_RUNTIME
2024-05-20,0.049324840533071033,0.0452669052265991,1.0896446374268032,313,0.20512820512820512,1.6923076923076923,1.5199384857497895,LOCKED_S13_STYLE_V_Q_M_ATTENUATION_RUNTIME,PASS_NO_LOOKAHEAD_DAILY_RUNTIME
2024-05-21,0.042629280518680736,0.04526611360649512,0.9417481891479185,314,0.07667731629392971,1.8849840255591055,1.586310402078756,LOCKED_S13_STYLE_V_Q_M_ATTENUATION_RUNTIME,PASS_NO_LOOKAHEAD_DAILY_RUNTIME
2024-05-22,0.04951749649159935,0.045264915427532984,1.0939487243906276,315,0.2229299363057325,1.6656050955414012,1.6007276190719641,LOCKED_S13_STYLE_V_Q_M_ATTENUATION_RUNTIME,PASS_NO_LOOKAHEAD_DAILY_RUNTIME
2024-05-23,0.047124142807773745,0.04526257962452589,1.0411280841412573,316,0.16507936507936508,1.7523809523809524,1.628300952400871,LOCKED_S13_STYLE_V_Q_M_ATTENUATION_RUNTIME,PASS_NO_LOOKAHEAD_DAILY_RUNTIME
2024-05-24,0.05029506019837186,0.04526089375650126,1.1112255199588827,317,0.24050632911392406,1.6392405063291138,1.6302899622060059,LOCKED_S13_STYLE_V_Q_M_ATTENUATION_RUNTIME,PASS_NO_LOOKAHEAD_DAILY_RUNTIME
2024-05-26,0.040855946469520975,0.04526066118709775,0.9026811672200581,318,0.04416403785488959,1.9337539432176656,1.685465231480853,LOCKED_S13_STYLE_V_Q_M_ATTENUATION_RUNTIME,PASS_NO_LOOKAHEAD_DAILY_RUNTIME
2024-05-27,0.03677039361327631,0.04525828002833354,0.8124567170969939,319,0.0,2.0,1.742653371211607,LOCKED_S13_STYLE_V_Q_M_ATTENUATION_RUNTIME,PASS_NO_LOOKAHEAD_DAILY_RUNTIME
2024-05-28,0.04062546646664985,0.045252832495837454,0.8977441681774672,320,0.047021943573667714,1.9294670846394983,1.776619500925769,LOCKED_S13_STYLE_V_Q_M_ATTENUATION_RUNTIME,PASS_NO_LOOKAHEAD_DAILY_RUNTIME
2024-05-29,0.04374039639655523,0.045248472662177776,0.9666712227640974,321,0.109375,1.8359375,1.7874045916665382,LOCKED_S13_STYLE_V_Q_M_ATTENUATION_RUNTIME,PASS_NO_LOOKAHEAD_DAILY_RUNTIME
2024-05-30,0.04588137283217004,0.045246701245706816,1.0140269139846618,322,0.14953271028037382,1.7757009345794392,1.7852766540143383,LOCKED_S13_STYLE_V_Q_M_ATTENUATION_RUNTIME,PASS_NO_LOOKAHEAD_DAILY_RUNTIME
2024-05-31,0.047050234194245734,0.04524705738065872,1.039851802923162,323,0.17391304347826086,1.7391304347826086,1.776886432335842,LOCKED_S13_STYLE_V_Q_M_ATTENUATION_RUNTIME,PASS_NO_LOOKAHEAD_DAILY_RUNTIME
2024-06-02,0.050766314795210744,0.0452453135947321,1.1220237138796503,324,0.26625386996904027,1.6006191950464395,1.7448378437377687,LOCKED_S13_STYLE_V_Q_M_ATTENUATION_RUNTIME,PASS_NO_LOOKAHEAD_DAILY_RUNTIME
2024-06-03,0.049794616368047544,0.04524859058182807,1.1004677875656346,325,0.24691358024691357,1.6296296296296298,1.723890895718107,LOCKED_S13_STYLE_V_Q_M_ATTENUATION_RUNTIME,PASS_NO_LOOKAHEAD_DAILY_RUNTIME
2024-06-04,0.04972579300013117,0.04525160420591822,1.0988735951515238,326,0.24615384615384617,1.6307692307692307,1.7069596839092203,LOCKED_S13_STYLE_V_Q_M_ATTENUATION_RUNTIME,PASS_NO_LOOKAHEAD_DAILY_RUNTIME
2024-06-05,0.04989366878715957,0.0452546347738286,1.1025095890512808,327,0.25153374233128833,1.6226993865030674,1.6916396298353742,LOCKED_S13_STYLE_V_Q_M_ATTENUATION_RUNTIME,PASS_NO_LOOKAHEAD_DAILY_RUNTIME
2024-06-06,0.053786143763351404,0.04525501410132745,1.1885123633576267,328,0.3547400611620795,1.4678899082568808,1.6509578622756482,LOCKED_S13_STYLE_V_Q_M_ATTENUATION_RUNTIME,PASS_NO_LOOKAHEAD_DAILY_RUNTIME
2024-06-07,0.0618486327792699,0.04525947275514887,1.3665345399374718,329,0.6371951219512195,1.0442073170731707,1.540639581329743,LOCKED_S13_STYLE_V_Q_M_ATTENUATION_RUNTIME,PASS_NO_LOOKAHEAD_DAILY_RUNTIME
2024-06-09,0.059457568678820995,0.04526711402971977,1.3134826452551092,330,0.5683890577507599,1.1474164133738602,1.4691444598832188,LOCKED_S13_STYLE_V_Q_M_ATTENUATION_RUNTIME,PASS_NO_LOOKAHEAD_DAILY_RUNTIME
2024-06-10,0.0598745847677716,0.045271981090902365,1.3225527870659872,331,0.5818181818181818,1.1272727272727274,1.4069859630449475,LOCKED_S13_STYLE_V_Q_M_ATTENUATION_RUNTIME,PASS_NO_LOOKAHEAD_DAILY_RUNTIME
2024-06-11,0.05371020660530557,0.045275829195372826,1.1862887452273263,332,0.3504531722054381,1.4743202416918428,1.4192285591625649,LOCKED_S13_STYLE_V_Q_M_ATTENUATION_RUNTIME,PASS_NO_LOOKAHEAD_DAILY_RUNTIME
2024-06-12,0.058559639062162744,0.0452791872204784,1.293301462701124,333,0.5481927710843374,1.177710843373494,1.3753162472009155,LOCKED_S13_STYLE_V_Q_M_ATTENUATION_RUNTIME,PASS_NO_LOOKAHEAD_DAILY_RUNTIME
2024-06-13,0.05897331856219727,0.045284773309637386,1.3022769962645862,334,0.5585585585585585,1.1621621621621623,1.3365609590120513,LOCKED_S13_STYLE_V_Q_M_ATTENUATION_RUNTIME,PASS_NO_LOOKAHEAD_DAILY_RUNTIME
2024-06-14,0.057866846707356784,0.04529104322728886,1.2776664564107618,335,0.5089820359281437,1.2365269461077844,1.3183729566658209,LOCKED_S13_STYLE_V_Q_M_ATTENUATION_RUNTIME,PASS_NO_LOOKAHEAD_DAILY_RUNTIME
2024-06-16,0.05580079637671896,0.04529396821067757,1.231969698860797,336,0.4298507462686567,1.355223880597015,1.3250731246533105,LOCKED_S13_STYLE_V_Q_M_ATTENUATION_RUNTIME,PASS_NO_LOOKAHEAD_DAILY_RUNTIME
2024-06-17,0.05534833403347132,0.04529806821024271,1.2218696341879778,337,0.41369047619047616,1.3794642857142858,1.3349624266643967,LOCKED_S13_STYLE_V_Q_M_ATTENUATION_RUNTIME,PASS_NO_LOOKAHEAD_DAILY_RUNTIME
2024-06-18,0.05300286980225698,0.04530179064381472,1.1699950277681512,338,0.314540059347181,1.5281899109792285,1.3700946965398206,LOCKED_S13_STYLE_V_Q_M_ATTENUATION_RUNTIME,PASS_NO_LOOKAHEAD_DAILY_RUNTIME
2024-06-19,0.05134954175597245,0.04529918767638064,1.1335642952985339,339,0.2869822485207101,1.5695266272189348,1.4063550475723867,LOCKED_S13_STYLE_V_Q_M_ATTENUATION_RUNTIME,PASS_NO_LOOKAHEAD_DAILY_RUNTIME
2024-06-20,0.05172738820774489,0.0453010034169125,1.141859656654607,340,0.29793510324483774,1.5530973451327434,1.4330354653106332,LOCKED_S13_STYLE_V_Q_M_ATTENUATION_RUNTIME,PASS_NO_LOOKAHEAD_DAILY_RUNTIME
2024-06-21,0.06261915118153577,0.045302528158651524,1.382244076141637,341,0.6823529411764706,0.9764705882352942,1.3500236694787533,LOCKED_S13_STYLE_V_Q_M_ATTENUATION_RUNTIME,PASS_NO_LOOKAHEAD_DAILY_RUNTIME
2024-06-23,0.04814006709266929,0.045309994093202424,1.0624602376607117,342,0.19648093841642228,1.7052785923753666,1.4146154736417738,LOCKED_S13_STYLE_V_Q_M_ATTENUATION_RUNTIME,PASS_NO_LOOKAHEAD_DAILY_RUNTIME
2024-06-24,0.04854981019353928,0.045312205076547964,1.0714510607356647,343,0.20175438596491227,1.6973684210526316,1.4660251004437477,LOCKED_S13_STYLE_V_Q_M_ATTENUATION_RUNTIME,PASS_NO_LOOKAHEAD_DAILY_RUNTIME
2024-06-25,0.04309946667869521,0.045306881503072424,0.951278597176733,344,0.08746355685131195,1.868804664723032,1.5392577484945267,LOCKED_S13_STYLE_V_Q_M_ATTENUATION_RUNTIME,PASS_NO_LOOKAHEAD_DAILY_RUNTIME
2024-06-26,0.04712256265049815,0.04530623091644563,1.0400901089609997,345,0.1686046511627907,1.747093023255814,1.5770459802693062,LOCKED_S13_STYLE_V_Q_M_ATTENUATION_RUNTIME,PASS_NO_LOOKAHEAD_DAILY_RUNTIME
2024-06-27,0.04676164697102799,0.045305242889704514,1.0321464799310112,346,0.1536231884057971,1.7695652173913043,1.6120494779278514,LOCKED_S13_STYLE_V_Q_M_ATTENUATION_RUNTIME,PASS_NO_LOOKAHEAD_DAILY_RUNTIME
2024-06-28,0.04988843741614821,0.045306738589920806,1.1011262114383724,347,0.2514450867052023,1.6228323699421965,1.6140100037486413,LOCKED_S13_STYLE_V_Q_M_ATTENUATION_RUNTIME,PASS_NO_LOOKAHEAD_DAILY_RUNTIME
2024-06-30,0.05106397587926343,0.045304192069800964,1.1271357802957453,348,0.2881844380403458,1.5677233429394812,1.6055942472378848,LOCKED_S13_STYLE_V_Q_M_ATTENUATION_RUNTIME,PASS_NO_LOOKAHEAD_DAILY_RUNTIME
2024-07-01,0.04742880739202932,0.04530797868976646,1.046809166146754,349,0.1867816091954023,1.7198275862068966,1.6263639452322503,LOCKED_S13_STYLE_V_Q_M_ATTENUATION_RUNTIME,PASS_NO_LOOKAHEAD_DAILY_RUNTIME
2024-07-02,0.04637109899177271,0.04530897992920437,1.0234416900187977,350,0.1518624641833811,1.7722063037249285,1.6528807376854644,LOCKED_S13_STYLE_V_Q_M_ATTENUATION_RUNTIME,PASS_NO_LOOKAHEAD_DAILY_RUNTIME
2024-07-03,0.047589514493748306,0.04531038923949476,1.0503002797483574,351,0.19714285714285715,1.7042857142857142,1.6622270970673279,LOCKED_S13_STYLE_V_Q_M_ATTENUATION_RUNTIME,PASS_NO_LOOKAHEAD_DAILY_RUNTIME
2024-07-04,0.0537747133460991,0.04531134104996403,1.1867826486707302,352,0.37037037037037035,1.4444444444444444,1.6226302511358943,LOCKED_S13_STYLE_V_Q_M_ATTENUATION_RUNTIME,PASS_NO_LOOKAHEAD_DAILY_RUNTIME
2024-07-05,0.056417618885132255,0.045313373133269635,1.245054494601501,353,0.48011363636363635,1.2798295454545454,1.5603028501029217,LOCKED_S13_STYLE_V_Q_M_ATTENUATION_RUNTIME,PASS_NO_LOOKAHEAD_DAILY_RUNTIME
2024-07-07,0.05439581169120237,0.04531767628904558,1.20032217327858,354,0.3937677053824363,1.4093484419263456,1.5328565940708168,LOCKED_S13_STYLE_V_Q_M_ATTENUATION_RUNTIME,PASS_NO_LOOKAHEAD_DAILY_RUNTIME
2024-07-08,0.04927392325422385,0.04532180643600716,1.0872012200969292,355,0.22598870056497175,1.6610169491525424,1.5561584768129486,LOCKED_S13_STYLE_V_Q_M_ATTENUATION_RUNTIME,PASS_NO_LOOKAHEAD_DAILY_RUNTIME
2024-07-09,0.04472974407823443,0.04532413056660668,0.986885871147627,356,0.10985915492957747,1.8352112676056338,1.606895347866164,LOCKED_S13_STYLE_V_Q_M_ATTENUATION_RUNTIME,PASS_NO_LOOKAHEAD_DAILY_RUNTIME
2024-07-10,0.054662320406274535,0.04532429301112262,1.2060269840912987,357,0.4101123595505618,1.3848314606741572,1.5665200956494354,LOCKED_S13_STYLE_V_Q_M_ATTENUATION_RUNTIME,PASS_NO_LOOKAHEAD_DAILY_RUNTIME
2024-07-11,0.051193686002930776,0.045329190172465506,1.1293757026797175,358,0.2969187675070028,1.5546218487394958,1.5643567780294463,LOCKED_S13_STYLE_V_Q_M_ATTENUATION_RUNTIME,PASS_NO_LOOKAHEAD_DAILY_RUNTIME
2024-07-12,0.04637829753469143,0.04533276279200797,1.0230635566484332,359,0.15083798882681565,1.7737430167597765,1.6024270032531425,LOCKED_S13_STYLE_V_Q_M_ATTENUATION_RUNTIME,PASS_NO_LOOKAHEAD_DAILY_RUNTIME
2024-07-14,0.04450157533607982,0.04533362546019255,0.9816460714168259,360,0.10863509749303621,1.8370473537604457,1.6450852487999248,LOCKED_S13_STYLE_V_Q_M_ATTENUATION_RUNTIME,PASS_NO_LOOKAHEAD_DAILY_RUNTIME
2024-07-15,0.06794813533414437,0.045336494669429336,1.4987514105267208,361,0.8333333333333334,0.75,1.4823424762908473,LOCKED_S13_STYLE_V_Q_M_ATTENUATION_RUNTIME,PASS_NO_LOOKAHEAD_DAILY_RUNTIME
2024-07-16,0.04230353952404136,0.04534758610916752,0.9328730182506723,362,0.06925207756232687,1.8961218836565097,1.5575750958118766,LOCKED_S13_STYLE_V_Q_M_ATTENUATION_RUNTIME,PASS_NO_LOOKAHEAD_DAILY_RUNTIME
2024-07-17,0.0406430175977805,0.04534302888020887,0.8963454493777805,363,0.04143646408839779,1.9378453038674033,1.626715133640154,LOCKED_S13_STYLE_V_Q_M_ATTENUATION_RUNTIME,PASS_NO_LOOKAHEAD_DAILY_RUNTIME
2024-07-18,0.04469403329356527,0.04534422867973599,0.9856609009547165,364,0.11570247933884298,1.8264462809917354,1.6630298877040777,LOCKED_S13_STYLE_V_Q_M_ATTENUATION_RUNTIME,PASS_NO_LOOKAHEAD_DAILY_RUNTIME
2024-07-19,0.05567263818832964,0.04534807601740134,1.2276736540480013,365,0.45604395604395603,1.315934065934066,1.5999215564731664,LOCKED_S13_STYLE_V_Q_M_ATTENUATION_RUNTIME,PASS_NO_LOOKAHEAD_DAILY_RUNTIME
2024-07-21,0.04322618244786798,0.04535449273632071,0.9530738817689755,366,0.0958904109589041,1.856164383561644,1.646511161398344,LOCKED_S13_STYLE_V_Q_M_ATTENUATION_RUNTIME,PASS_NO_LOOKAHEAD_DAILY_RUNTIME
2024-07-22,0.03845856414912088,0.04535757015547019,0.8478973634896693,367,0.01912568306010929,1.971311475409836,1.7055657639458879,LOCKED_S13_STYLE_V_Q_M_ATTENUATION_RUNTIME,PASS_NO_LOOKAHEAD_DAILY_RUNTIME
2024-07-23,0.037273180827067924,0.04535853496142393,0.8217456948018194,368,0.005449591280653951,1.991825613079019,1.7576130092428206,LOCKED_S13_STYLE_V_Q_M_ATTENUATION_RUNTIME,PASS_NO_LOOKAHEAD_DAILY_RUNTIME
2024-07-24,0.037200358091819125,0.0453551614453452,0.8202012054713343,369,0.002717391304347826,1.9959239130434783,1.8009422644793038,LOCKED_S13_STYLE_V_Q_M_ATTENUATION_RUNTIME,PASS_NO_LOOKAHEAD_DAILY_RUNTIME
2024-07-25,0.038088563476458746,0.045354951519605224,0.8397884288332775,370,0.013550135501355014,1.9796747967479675,1.8334390885281517,LOCKED_S13_STYLE_V_Q_M_ATTENUATION_RUNTIME,PASS_NO_LOOKAHEAD_DAILY_RUNTIME
2024-07-26,0.035786253863219805,0.04535278661558623,0.789064058324506,371,0.0,2.0,1.8637228906139423,LOCKED_S13_STYLE_V_Q_M_ATTENUATION_RUNTIME,PASS_NO_LOOKAHEAD_DAILY_RUNTIME
2024-07-28,0.03538897286137869,0.045352142256983356,0.7803153522682706,372,0.0,2.0,1.8885005468659526,LOCKED_S13_STYLE_V_Q_M_ATTENUATION_RUNTIME,PASS_NO_LOOKAHEAD_DAILY_RUNTIME
2024-07-29,0.03337948975827507,0.0453518141103871,0.7360122282435895,373,0.0,2.0,1.9087731747085064,LOCKED_S13_STYLE_V_Q_M_ATTENUATION_RUNTIME,PASS_NO_LOOKAHEAD_DAILY_RUNTIME
2024-07-30,0.03338713845115805,0.04535085689458686,0.7361964191495396,374,0.002680965147453083,1.9959785522788205,1.9246286979031089,LOCKED_S13_STYLE_V_Q_M_ATTENUATION_RUNTIME,PASS_NO_LOOKAHEAD_DAILY_RUNTIME
2024-07-31,0.03919200923520458,0.04535022818809371,0.8642075420801099,375,0.045454545454545456,1.9318181818181819,1.9259358767967585,LOCKED_S13_STYLE_V_Q_M_ATTENUATION_RUNTIME,PASS_NO_LOOKAHEAD_DAILY_RUNTIME
2024-08-01,0.0441918963198812,0.04534668145927321,0.9745342966181738,376,0.13333333333333333,1.8,1.903038444651893,LOCKED_S13_STYLE_V_Q_M_ATTENUATION_RUNTIME,PASS_NO_LOOKAHEAD_DAILY_RUNTIME
2024-08-02,0.0695285541326182,0.04535153402148541,1.533102586996922,377,0.8643617021276596,0.7034574468085106,1.6849328086803688,LOCKED_S13_STYLE_V_Q_M_ATTENUATION_RUNTIME,PASS_NO_LOOKAHEAD_DAILY_RUNTIME
2024-08-04,0.06297274848003408,0.045365548463127015,1.3881183103345074,378,0.713527851458886,0.9297082228116711,1.5476192476133326,LOCKED_S13_STYLE_V_Q_M_ATTENUATION_RUNTIME,PASS_NO_LOOKAHEAD_DAILY_RUNTIME
2024-08-05,0.06945545729499887,0.045375448362764484,1.5306836582576817,379,0.8597883597883598,0.7103174603174605,1.3953825590140831,LOCKED_S13_STYLE_V_Q_M_ATTENUATION_RUNTIME,PASS_NO_LOOKAHEAD_DAILY_RUNTIME
2024-08-06,0.05986162301646314,0.04538712979321692,1.318911843273452,380,0.6174142480211082,1.0738786279683377,1.3369272988239476,LOCKED_S13_STYLE_V_Q_M_ATTENUATION_RUNTIME,PASS_NO_LOOKAHEAD_DAILY_RUNTIME
2024-08-07,0.06013953228888695,0.04539554091553392,1.3247894193129393,381,0.6289473684210526,1.056578947368421,1.2859548712865791,LOCKED_S13_STYLE_V_Q_M_ATTENUATION_RUNTIME,PASS_NO_LOOKAHEAD_DAILY_RUNTIME
2024-08-08,0.05996608668012006,0.04540207043323082,1.3207786805297208,382,0.6167979002624672,1.0748031496062993,1.2475636491628919,LOCKED_S13_STYLE_V_Q_M_ATTENUATION_RUNTIME,PASS_NO_LOOKAHEAD_DAILY_RUNTIME
2024-08-09,0.06195087403436278,0.0454120500536081,1.364194612690484,383,0.6727748691099477,0.9908376963350785,1.2008862031941985,LOCKED_S13_STYLE_V_Q_M_ATTENUATION_RUNTIME,PASS_NO_LOOKAHEAD_DAILY_RUNTIME
2024-08-11,0.05575423093332563,0.04542076407554082,1.227505350649735,384,0.4621409921671018,1.3067885117493474,1.2201411683860437,LOCKED_S13_STYLE_V_Q_M_ATTENUATION_RUNTIME,PASS_NO_LOOKAHEAD_DAILY_RUNTIME
2024-08-12,0.06550837291975421,0.045426513335155974,1.4420735405430447,385,0.7734375,0.83984375,1.1509961832249447,LOCKED_S13_STYLE_V_Q_M_ATTENUATION_RUNTIME,PASS_NO_LOOKAHEAD_DAILY_RUNTIME
2024-08-13,0.05534512820491072,0.045433542167254086,1.2181556965373557,386,0.44675324675324674,1.3298701298701299,1.1835187189786147,LOCKED_S13_STYLE_V_Q_M_ATTENUATION_RUNTIME,PASS_NO_LOOKAHEAD_DAILY_RUNTIME
2024-08-14,0.053562742572553584,0.045441169694429254,1.178727196785165,387,0.37823834196891193,1.432642487046632,1.228813949536436,LOCKED_S13_STYLE_V_Q_M_ATTENUATION_RUNTIME,PASS_NO_LOOKAHEAD_DAILY_RUNTIME
2024-08-15,0.057426769709901404,0.045447866937704494,1.2635745873093762,388,0.5348837209302325,1.1976744186046513,1.223152216639748,LOCKED_S13_STYLE_V_Q_M_ATTENUATION_RUNTIME,PASS_NO_LOOKAHEAD_DAILY_RUNTIME
2024-08-16,0.056082439296562696,0.04545654761180605,1.2337593205603865,389,0.4793814432989691,1.2809278350515463,1.233656874532802,LOCKED_S13_STYLE_V_Q_M_ATTENUATION_RUNTIME,PASS_NO_LOOKAHEAD_DAILY_RUNTIME
2024-08-18,0.061472610579197735,0.04546512339960552,1.3520827830796365,390,0.6632390745501285,1.0051413881748072,1.192108604285894,LOCKED_S13_STYLE_V_Q_M_ATTENUATION_RUNTIME,PASS_NO_LOOKAHEAD_DAILY_RUNTIME
2024-08-19,0.054265026415245186,0.04547593773168584,1.1932689928334443,391,0.4,1.4,1.2299070398702767,LOCKED_S13_STYLE_V_Q_M_ATTENUATION_RUNTIME,PASS_NO_LOOKAHEAD_DAILY_RUNTIME
2024-08-20,0.057305586438827084,0.0454835408068748,1.2599192020284709,392,0.5242966751918159,1.2135549872122762,1.2269339393870038,LOCKED_S13_STYLE_V_Q_M_ATTENUATION_RUNTIME,PASS_NO_LOOKAHEAD_DAILY_RUNTIME
2024-08-21,0.0533094078394905,0.045492202018108704,1.171836171356798,393,0.35459183673469385,1.4681122448979593,1.2707845403889957,LOCKED_S13_STYLE_V_Q_M_ATTENUATION_RUNTIME,PASS_NO_LOOKAHEAD_DAILY_RUNTIME
2024-08-22,0.05526388807114325,0.04549707154233017,1.2146691247968806,394,0.4402035623409669,1.3396946564885497,1.2833136524070963,LOCKED_S13_STYLE_V_Q_M_ATTENUATION_RUNTIME,PASS_NO_LOOKAHEAD_DAILY_RUNTIME
2024-08-23,0.0521105084694396,0.04550461772451593,1.1451696789305121,395,0.33248730964467005,1.501269035532995,1.3229419038845323,LOCKED_S13_STYLE_V_Q_M_ATTENUATION_RUNTIME,PASS_NO_LOOKAHEAD_DAILY_RUNTIME
2024-08-25,0.0513547503143899,0.04551117384482308,1.1283987200482093,396,0.30886075949367087,1.5367088607594936,1.3618086233163433,LOCKED_S13_STYLE_V_Q_M_ATTENUATION_RUNTIME,PASS_NO_LOOKAHEAD_DAILY_RUNTIME
2024-08-26,0.05335318795570495,0.04551555648862705,1.1721967624198177,397,0.35858585858585856,1.4621212121212122,1.3800472758263194,LOCKED_S13_STYLE_V_Q_M_ATTENUATION_RUNTIME,PASS_NO_LOOKAHEAD_DAILY_RUNTIME
2024-08-27,0.048397208074959855,0.045519249386136974,1.0632250910907897,398,0.22921914357682618,1.6561712846347607,1.4302516410642179,LOCKED_S13_STYLE_V_Q_M_ATTENUATION_RUNTIME,PASS_NO_LOOKAHEAD_DAILY_RUNTIME
2024-08-28,0.04728068150413068,0.04552345868855995,1.0386003802477408,399,0.1884422110552764,1.7173366834170853,1.4824489214920118,LOCKED_S13_STYLE_V_Q_M_ATTENUATION_RUNTIME,PASS_NO_LOOKAHEAD_DAILY_RUNTIME
2024-08-29,0.045535968062199866,0.0455272237099174,1.0001920686475017,400,0.14786967418546365,1.7781954887218046,1.5362210246247012,LOCKED_S13_STYLE_V_Q_M_ATTENUATION_RUNTIME,PASS_NO_LOOKAHEAD_DAILY_RUNTIME
2024-08-30,0.04519287065308999,0.045530339156589564,0.9925880520604307,401,0.1425,1.78625,1.5816808383293008,LOCKED_S13_STYLE_V_Q_M_ATTENUATION_RUNTIME,PASS_NO_LOOKAHEAD_DAILY_RUNTIME
2024-09-01,0.044731460203822515,0.04553371040703109,0.9823811809747731,402,0.13216957605985039,1.8017456359102244,1.6216926197076504,LOCKED_S13_STYLE_V_Q_M_ATTENUATION_RUNTIME,PASS_NO_LOOKAHEAD_DAILY_RUNTIME
2024-09-02,0.04564299292181891,0.04553575362137506,1.0023550571126052,403,0.15422885572139303,1.7686567164179103,1.6484133645640613,LOCKED_S13_STYLE_V_Q_M_ATTENUATION_RUNTIME,PASS_NO_LOOKAHEAD_DAILY_RUNTIME
2024-09-03,0.04560858160908369,0.04554035600945379,1.00149813496442,404,0.15384615384615385,1.7692307692307692,1.6703801654125536,LOCKED_S13_STYLE_V_Q_M_ATTENUATION_RUNTIME,PASS_NO_LOOKAHEAD_DAILY_RUNTIME
2024-09-04,0.04895200276376657,0.04554190022587874,1.0748783542402578,405,0.25,1.625,1.6621292262466347,LOCKED_S13_STYLE_V_Q_M_ATTENUATION_RUNTIME,PASS_NO_LOOKAHEAD_DAILY_RUNTIME
2024-09-05,0.04894653404398322,0.045547646425443296,1.0746226838329296,406,0.24938271604938272,1.6259259259259258,1.6555468080065059,LOCKED_S13_STYLE_V_Q_M_ATTENUATION_RUNTIME,PASS_NO_LOOKAHEAD_DAILY_RUNTIME
2024-09-06,0.0562244337767889,0.04555394368203565,1.234238558339378,407,0.4975369458128079,1.2536945812807883,1.582482766783648,LOCKED_S13_STYLE_V_Q_M_ATTENUATION_RUNTIME,PASS_NO_LOOKAHEAD_DAILY_RUNTIME
2024-09-08,0.056085594997442936,0.04556361273271727,1.230929499081847,408,0.48894348894348894,1.2665847665847667,1.5250467667474878,LOCKED_S13_STYLE_V_Q_M_ATTENUATION_RUNTIME,PASS_NO_LOOKAHEAD_DAILY_RUNTIME
2024-09-09,0.08103510341647571,0.045573548054192295,1.7781170629970584,409,0.9534313725490197,0.5698529411764706,1.3513751620982117,LOCKED_S13_STYLE_V_Q_M_ATTENUATION_RUNTIME,PASS_NO_LOOKAHEAD_DAILY_RUNTIME
2024-09-10,0.04190974482276133,0.04559286458206753,0.9192171890696502,410,0.07334963325183375,1.8899755501222493,1.4493025053753092,LOCKED_S13_STYLE_V_Q_M_ATTENUATION_RUNTIME,PASS_NO_LOOKAHEAD_DAILY_RUNTIME
2024-09-11,0.04761611994126285,0.04558734325162592,1.044503069161956,411,0.21951219512195122,1.670731707317073,1.4895623602738117,LOCKED_S13_STYLE_V_Q_M_ATTENUATION_RUNTIME,PASS_NO_LOOKAHEAD_DAILY_RUNTIME
2024-09-12,0.04139589156760316,0.04558887736500971,0.9080261230423555,412,0.06569343065693431,1.9014598540145986,1.5644528136812275,LOCKED_S13_STYLE_V_Q_M_ATTENUATION_RUNTIME,PASS_NO_LOOKAHEAD_DAILY_RUNTIME
2024-09-13,0.03946342173348763,0.04558831310860696,0.8656477733552512,413,0.043689320388349516,1.9344660194174756,1.6317279419969088,LOCKED_S13_STYLE_V_Q_M_ATTENUATION_RUNTIME,PASS_NO_LOOKAHEAD_DAILY_RUNTIME
2024-09-15,0.04457787482864554,0.045587543955048965,0.9778520832927741,414,0.13317191283292978,1.8002421307506054,1.6623668854066718,LOCKED_S13_STYLE_V_Q_M_ATTENUATION_RUNTIME,PASS_NO_LOOKAHEAD_DAILY_RUNTIME
2024-09-16,0.037271829211820866,0.04558840305063315,0.817572599997078,415,0.012077294685990338,1.9818840579710144,1.7204609167820069,LOCKED_S13_STYLE_V_Q_M_ATTENUATION_RUNTIME,PASS_NO_LOOKAHEAD_DAILY_RUNTIME
2024-09-17,0.035410990982292744,0.045584032867959805,0.7768288313775434,416,0.004819277108433735,1.9927710843373494,1.7699718563375237,LOCKED_S13_STYLE_V_Q_M_ATTENUATION_RUNTIME,PASS_NO_LOOKAHEAD_DAILY_RUNTIME
2024-09-18,0.04353014496723684,0.04558223005820129,0.9549805902794957,417,0.12259615384615384,1.8161057692307692,1.778359840499932,LOCKED_S13_STYLE_V_Q_M_ATTENUATION_RUNTIME,PASS_NO_LOOKAHEAD_DAILY_RUNTIME
2024-09-19,0.0406091078315832,0.04558399693998693,0.8908632537214022,418,0.06235011990407674,1.9064748201438848,1.8016534731624687,LOCKED_S13_STYLE_V_Q_M_ATTENUATION_RUNTIME,PASS_NO_LOOKAHEAD_DAILY_RUNTIME
2024-09-20,0.03504163254748858,0.04558502648348588,0.7687092725542923,419,0.004784688995215311,1.992822966507177,1.8364115628615065,LOCKED_S13_STYLE_V_Q_M_ATTENUATION_RUNTIME,PASS_NO_LOOKAHEAD_DAILY_RUNTIME
2024-09-22,0.048820305899631024,0.04558447580008343,1.0709853528586957,420,0.26014319809069214,1.6097852028639617,1.7952067701346799,LOCKED_S13_STYLE_V_Q_M_ATTENUATION_RUNTIME,PASS_NO_LOOKAHEAD_DAILY_RUNTIME
2024-09-23,0.03359615976087661,0.04558692178781246,0.7369692544114365,421,0.004761904761904762,1.9928571428571429,1.831143201538764,LOCKED_S13_STYLE_V_Q_M_ATTENUATION_RUNTIME,PASS_NO_LOOKAHEAD_DAILY_RUNTIME
2024-09-24,0.03259947578636198,0.04558480363642642,0.7151391074615054,422,0.0,2.0,1.8618444376226249,LOCKED_S13_STYLE_V_Q_M_ATTENUATION_RUNTIME,PASS_NO_LOOKAHEAD_DAILY_RUNTIME
2024-09-25,0.034730617407722146,0.04558237457805334,0.761930850009819,423,0.009478672985781991,1.985781990521327,1.8843785381496614,LOCKED_S13_STYLE_V_Q_M_ATTENUATION_RUNTIME,PASS_NO_LOOKAHEAD_DAILY_RUNTIME
2024-09-26,0.04088370460949262,0.04558004584858261,0.8969649733418155,424,0.07801418439716312,1.8829787234042552,1.8841240263777692,LOCKED_S13_STYLE_V_Q_M_ATTENUATION_RUNTIME,PASS_NO_LOOKAHEAD_DAILY_RUNTIME
2024-09-27,0.0321128773730968,0.04558005817904827,0.7045378759050837,425,0.0,2.0,1.9051923852181747,LOCKED_S13_STYLE_V_Q_M_ATTENUATION_RUNTIME,PASS_NO_LOOKAHEAD_DAILY_RUNTIME
2024-09-29,0.03553859217445649,0.04557840113651401,0.7797244152556643,426,0.018823529411764704,1.9717647058823529,1.9172964435207525,LOCKED_S13_STYLE_V_Q_M_ATTENUATION_RUNTIME,PASS_NO_LOOKAHEAD_DAILY_RUNTIME
2024-09-30,0.03590703753450389,0.04557594965001822,0.7878505617598148,427,0.023474178403755867,1.9647887323943662,1.9259314051341367,LOCKED_S13_STYLE_V_Q_M_ATTENUATION_RUNTIME,PASS_NO_LOOKAHEAD_DAILY_RUNTIME
2024-10-01,0.03202493916240364,0.04557623629179637,0.7026674813024889,428,0.0,2.0,1.9393984223824754,LOCKED_S13_STYLE_V_Q_M_ATTENUATION_RUNTIME,PASS_NO_LOOKAHEAD_DAILY_RUNTIME
2024-10-02,0.03477686586795439,0.04556571465407517,0.7632244140572066,429,0.016355140186915886,1.9754672897196262,1.9459563982619572,LOCKED_S13_STYLE_V_Q_M_ATTENUATION_RUNTIME,PASS_NO_LOOKAHEAD_DAILY_RUNTIME
2024-10-03,0.03531290831124899,0.045559568531157835,0.7750931242269945,430,0.02097902097902098,1.9685314685314685,1.9500609564927776,LOCKED_S13_STYLE_V_Q_M_ATTENUATION_RUNTIME,PASS_NO_LOOKAHEAD_DAILY_RUNTIME
2024-10-04,0.04952902361670898,0.04555365447758192,1.0872678423875617,431,0.29767441860465116,1.5534883720930233,1.8779568502382766,LOCKED_S13_STYLE_V_Q_M_ATTENUATION_RUNTIME,PASS_NO_LOOKAHEAD_DAILY_RUNTIME
2024-10-06,0.049449535769052845,0.04555380027315312,1.0855194401463726,432,0.2900232018561485,1.5649651972157772,1.8210492769614584,LOCKED_S13_STYLE_V_Q_M_ATTENUATION_RUNTIME,PASS_NO_LOOKAHEAD_DAILY_RUNTIME
2024-10-07,0.049027068570091294,0.04555390156959706,1.0762430193863406,433,0.28703703703703703,1.5694444444444444,1.7753029437765466,LOCKED_S13_STYLE_V_Q_M_ATTENUATION_RUNTIME,PASS_NO_LOOKAHEAD_DAILY_RUNTIME
2024-10-08,0.04562746459411129,0.04555356635328823,1.001622227341103,434,0.18937644341801385,1.7159353348729791,1.764508833066807,LOCKED_S13_STYLE_V_Q_M_ATTENUATION_RUNTIME,PASS_NO_LOOKAHEAD_DAILY_RUNTIME
2024-10-09,0.04676542060670004,0.04555295179412679,1.0266166903530842,435,0.22119815668202766,1.6682027649769586,1.7469986388686527,LOCKED_S13_STYLE_V_Q_M_ATTENUATION_RUNTIME,PASS_NO_LOOKAHEAD_DAILY_RUNTIME
2024-10-10,0.05361706907237756,0.04555250927219146,1.177038760960404,436,0.42298850574712643,1.3655172413793104,1.6776383847796814,LOCKED_S13_STYLE_V_Q_M_ATTENUATION_RUNTIME,PASS_NO_LOOKAHEAD_DAILY_RUNTIME
2024-10-11,0.05305390118123984,0.04555514280930913,1.1646083824897668,437,0.3922018348623853,1.411697247706422,1.6292854507663614,LOCKED_S13_STYLE_V_Q_M_ATTENUATION_RUNTIME,PASS_NO_LOOKAHEAD_DAILY_RUNTIME
2024-10-13,0.041568349508855344,0.045557534823841686,0.9124363218859095,438,0.10297482837528604,1.845537757437071,1.6686040519792176,LOCKED_S13_STYLE_V_Q_M_ATTENUATION_RUNTIME,PASS_NO_LOOKAHEAD_DAILY_RUNTIME
2024-10-14,0.042532712314242146,0.045555945110598677,0.9336369207352221,439,0.1278538812785388,1.808219178082192,1.6939886203615764,LOCKED_S13_STYLE_V_Q_M_ATTENUATION_RUNTIME,PASS_NO_LOOKAHEAD_DAILY_RUNTIME
2024-10-15,0.04201325939164479,0.04555491488707177,0.9222552494235461,440,0.11161731207289294,1.8325740318906605,1.7191859679123187,LOCKED_S13_STYLE_V_Q_M_ATTENUATION_RUNTIME,PASS_NO_LOOKAHEAD_DAILY_RUNTIME
2024-10-16,0.0409837201263604,0.045554441172558455,0.899664644575831,441,0.09318181818181819,1.8602272727272728,1.7448298415150376,LOCKED_S13_STYLE_V_Q_M_ATTENUATION_RUNTIME,PASS_NO_LOOKAHEAD_DAILY_RUNTIME
2024-10-17,0.04741861766998542,0.04555325181060889,1.0409491262474944,442,0.2494331065759637,1.6258503401360545,1.723197204900677,LOCKED_S13_STYLE_V_Q_M_ATTENUATION_RUNTIME,PASS_NO_LOOKAHEAD_DAILY_RUNTIME
2024-10-18,0.040905342759179,0.045545954334415814,0.8981114427603456,443,0.09276018099547512,1.8608597285067874,1.7482267546472423,LOCKED_S13_STYLE_V_Q_M_ATTENUATION_RUNTIME,PASS_NO_LOOKAHEAD_DAILY_RUNTIME
2024-10-20,0.038884034373207005,0.04554390594660633,0.8537703028544134,444,0.0654627539503386,1.9018058690744921,1.7761502299976515,LOCKED_S13_STYLE_V_Q_M_ATTENUATION_RUNTIME,PASS_NO_LOOKAHEAD_DAILY_RUNTIME
2024-10-21,0.0434406815659916,0.04554099994427312,0.9538807145022815,445,0.15315315315315314,1.7702702702702702,1.7750811464108547,LOCKED_S13_STYLE_V_Q_M_ATTENUATION_RUNTIME,PASS_NO_LOOKAHEAD_DAILY_RUNTIME
2024-10-22,0.04247071557505438,0.04554020592452125,0.9325982329865993,446,0.12808988764044943,1.8078651685393259,1.7810418777069403,LOCKED_S13_STYLE_V_Q_M_ATTENUATION_RUNTIME,PASS_NO_LOOKAHEAD_DAILY_RUNTIME
2024-10-23,0.04330703680452969,0.04553948255058138,0.9509777972647784,447,0.14573991031390135,1.7813901345291479,1.7811051971291598,LOCKED_S13_STYLE_V_Q_M_ATTENUATION_RUNTIME,PASS_NO_LOOKAHEAD_DAILY_RUNTIME
2024-10-24,0.043263365880479104,0.04553911405223781,0.9500265163448678,448,0.14541387024608501,1.7818791946308725,1.7812459239476528,LOCKED_S13_STYLE_V_Q_M_ATTENUATION_RUNTIME,PASS_NO_LOOKAHEAD_DAILY_RUNTIME
2024-10-25,0.047670618237329376,0.045537736043416537,1.0468376862626485,449,0.27455357142857145,1.5881696428571428,1.74614114556756,LOCKED_S13_STYLE_V_Q_M_ATTENUATION_RUNTIME,PASS_NO_LOOKAHEAD_DAILY_RUNTIME
2024-10-27,0.04044283352130307,0.04553992911684187,0.888074142968884,450,0.0801781737193764,1.8797327394209353,1.7704305262681737,LOCKED_S13_STYLE_V_Q_M_ATTENUATION_RUNTIME,PASS_NO_LOOKAHEAD_DAILY_RUNTIME
2024-10-28,0.03997251097246008,0.04553960709590823,0.8777526536027502,451,0.07333333333333333,1.89,1.792170430583051,LOCKED_S13_STYLE_V_Q_M_ATTENUATION_RUNTIME,PASS_NO_LOOKAHEAD_DAILY_RUNTIME
2024-10-29,0.03824951016881099,0.04553902336318004,0.8399282053935552,452,0.04878048780487805,1.9268292682926829,1.8166538556211658,LOCKED_S13_STYLE_V_Q_M_ATTENUATION_RUNTIME,PASS_NO_LOOKAHEAD_DAILY_RUNTIME
2024-10-30,0.03995912387216865,0.04553508696138396,0.8775457902618258,453,0.0752212389380531,1.8871681415929205,1.8294746348887574,LOCKED_S13_STYLE_V_Q_M_ATTENUATION_RUNTIME,PASS_NO_LOOKAHEAD_DAILY_RUNTIME
2024-10-31,0.039842815041584184,0.045534735794429536,0.8749982699242614,454,0.07505518763796909,1.8874172185430464,1.840009650098628,LOCKED_S13_STYLE_V_Q_M_ATTENUATION_RUNTIME,PASS_NO_LOOKAHEAD_DAILY_RUNTIME
2024-11-01,0.04480482335027652,0.045535285463697235,0.983958328009098,455,0.19383259911894274,1.7092511013215859,1.816235368502802,LOCKED_S13_STYLE_V_Q_M_ATTENUATION_RUNTIME,PASS_NO_LOOKAHEAD_DAILY_RUNTIME
2024-11-03,0.043805269392902246,0.045537066024199414,0.9619695166487702,456,0.17582417582417584,1.7362637362637363,1.8016950717320628,LOCKED_S13_STYLE_V_Q_M_ATTENUATION_RUNTIME,PASS_NO_LOOKAHEAD_DAILY_RUNTIME
2024-11-04,0.045047779016156954,0.04553902042146281,0.989212736664965,457,0.20394736842105263,1.694078947368421,1.782128503665946,LOCKED_S13_STYLE_V_Q_M_ATTENUATION_RUNTIME,PASS_NO_LOOKAHEAD_DAILY_RUNTIME
2024-11-05,0.04082376047656708,0.04554155509946928,0.8964068176284745,458,0.09846827133479212,1.8522975929978118,1.7948865199081032,LOCKED_S13_STYLE_V_Q_M_ATTENUATION_RUNTIME,PASS_NO_LOOKAHEAD_DAILY_RUNTIME
2024-11-06,0.0560991034347739,0.045542447591491765,1.2317981663606137,459,0.5436681222707423,1.1844978165938864,1.6839067556691545,LOCKED_S13_STYLE_V_Q_M_ATTENUATION_RUNTIME,PASS_NO_LOOKAHEAD_DAILY_RUNTIME
2024-11-07,0.060002044986052924,0.04554947527943132,1.317293879193114,460,0.6623093681917211,1.0065359477124183,1.5607484269497478,LOCKED_S13_STYLE_V_Q_M_ATTENUATION_RUNTIME,PASS_NO_LOOKAHEAD_DAILY_RUNTIME
2024-11-08,0.05909066917086531,0.04554689806757656,1.2973588032975214,461,0.6434782608695652,1.0347826086956522,1.4651182781762757,LOCKED_S13_STYLE_V_Q_M_ATTENUATION_RUNTIME,PASS_NO_LOOKAHEAD_DAILY_RUNTIME
2024-11-10,0.058312175662472876,0.04555350589433608,1.2800809623244203,462,0.6182212581344902,1.0726681127982647,1.393763702653001,LOCKED_S13_STYLE_V_Q_M_ATTENUATION_RUNTIME,PASS_NO_LOOKAHEAD_DAILY_RUNTIME
2024-11-11,0.07360301995783708,0.04556154535628307,1.6154636411534056,463,0.9134199134199135,0.6298701298701297,1.2548739621470244,LOCKED_S13_STYLE_V_Q_M_ATTENUATION_RUNTIME,PASS_NO_LOOKAHEAD_DAILY_RUNTIME
2024-11-12,0.055191819880684556,0.04557589080841563,1.2109871886583803,464,0.49892008639308855,1.2516198704103672,1.2542823091039959,LOCKED_S13_STYLE_V_Q_M_ATTENUATION_RUNTIME,PASS_NO_LOOKAHEAD_DAILY_RUNTIME
2024-11-13,0.05442673716814511,0.04557894700125618,1.1941201091513827,465,0.47413793103448276,1.2887931034482758,1.260556998984774,LOCKED_S13_STYLE_V_Q_M_ATTENUATION_RUNTIME,PASS_NO_LOOKAHEAD_DAILY_RUNTIME
2024-11-14,0.05148215405958612,0.04558283182404203,1.1294198275858889,466,0.3870967741935484,1.4193548387096775,1.289429333480211,LOCKED_S13_STYLE_V_Q_M_ATTENUATION_RUNTIME,PASS_NO_LOOKAHEAD_DAILY_RUNTIME
2024-11-15,0.054114383947939985,0.04558680739407995,1.1870623770632258,467,0.4592274678111588,1.3111587982832618,1.2933801452625837,LOCKED_S13_STYLE_V_Q_M_ATTENUATION_RUNTIME,PASS_NO_LOOKAHEAD_DAILY_RUNTIME
2024-11-17,0.04842358011153444,0.045592001770419235,1.0621069097903129,468,0.29764453961456105,1.5535331905781584,1.3406806989563245,LOCKED_S13_STYLE_V_Q_M_ATTENUATION_RUNTIME,PASS_NO_LOOKAHEAD_DAILY_RUNTIME
2024-11-18,0.04791034282242549,0.04559470580803408,1.0507874099273906,469,0.2905982905982906,1.564102564102564,1.3813028562556409,LOCKED_S13_STYLE_V_Q_M_ATTENUATION_RUNTIME,PASS_NO_LOOKAHEAD_DAILY_RUNTIME
2024-11-19,0.045904150227752814,0.04559275622137652,1.0068299008918065,470,0.22388059701492538,1.664179104477612,1.4327349013869084,LOCKED_S13_STYLE_V_Q_M_ATTENUATION_RUNTIME,PASS_NO_LOOKAHEAD_DAILY_RUNTIME
2024-11-20,0.044526580221078554,0.04559303797970263,0.9766091972397443,471,0.1851063829787234,1.722340425531915,1.4853904512314549,LOCKED_S13_STYLE_V_Q_M_ATTENUATION_RUNTIME,PASS_NO_LOOKAHEAD_DAILY_RUNTIME
2024-11-21,0.047623719053024725,0.045593346899378544,1.0445322024313564,472,0.2823779193205945,1.5764331210191083,1.501943663920119,LOCKED_S13_STYLE_V_Q_M_ATTENUATION_RUNTIME,PASS_NO_LOOKAHEAD_DAILY_RUNTIME
2024-11-22,0.042089745617024055,0.04559473516256719,0.9231273186904988,473,0.125,1.8125,1.558408452298279,LOCKED_S13_STYLE_V_Q_M_ATTENUATION_RUNTIME,PASS_NO_LOOKAHEAD_DAILY_RUNTIME
2024-11-24,0.04797637961820697,0.045594567783098935,1.0522389387796967,474,0.30021141649048627,1.5496828752642706,1.556821983746641,LOCKED_S13_STYLE_V_Q_M_ATTENUATION_RUNTIME,PASS_NO_LOOKAHEAD_DAILY_RUNTIME
2024-11-25,0.04329066716631571,0.04559446445609092,0.949471995838577,475,0.1518987341772152,1.7721518987341773,1.5959728773807385,LOCKED_S13_STYLE_V_Q_M_ATTENUATION_RUNTIME,PASS_NO_LOOKAHEAD_DAILY_RUNTIME
2024-11-26,0.041993113917582724,0.04559139763139517,0.9210753804280263,476,0.12210526315789473,1.8168421052631578,1.6361309188139055,LOCKED_S13_STYLE_V_Q_M_ATTENUATION_RUNTIME,PASS_NO_LOOKAHEAD_DAILY_RUNTIME
2024-11-27,0.052282256212063234,0.045591609072601395,1.1467517219847947,477,0.4180672268907563,1.3728991596638656,1.5882705989684436,LOCKED_S13_STYLE_V_Q_M_ATTENUATION_RUNTIME,PASS_NO_LOOKAHEAD_DAILY_RUNTIME
2024-11-28,0.04045999347840626,0.045596006122998925,0.8873582780312412,478,0.08385744234800839,1.8742138364779874,1.6402602785156333,LOCKED_S13_STYLE_V_Q_M_ATTENUATION_RUNTIME,PASS_NO_LOOKAHEAD_DAILY_RUNTIME
2024-11-29,0.04319861339102482,0.045595738187856664,0.9474265601983332,479,0.15481171548117154,1.7677824267782427,1.6634461236542895,LOCKED_S13_STYLE_V_Q_M_ATTENUATION_RUNTIME,PASS_NO_LOOKAHEAD_DAILY_RUNTIME
2024-12-01,0.04058016114460464,0.04559671013720542,0.8899800231747983,480,0.08768267223382047,1.8684759916492693,1.7007242814715584,LOCKED_S13_STYLE_V_Q_M_ATTENUATION_RUNTIME,PASS_NO_LOOKAHEAD_DAILY_RUNTIME
2024-12-02,0.03957917983036786,0.04559777947620913,0.8680067381574686,481,0.06875,1.896875,1.7363880484767296,LOCKED_S13_STYLE_V_Q_M_ATTENUATION_RUNTIME,PASS_NO_LOOKAHEAD_DAILY_RUNTIME
2024-12-03,0.038021175325370776,0.045598945431885966,0.8338169877670837,482,0.04365904365904366,1.9345114345114345,1.7724104823012214,LOCKED_S13_STYLE_V_Q_M_ATTENUATION_RUNTIME,PASS_NO_LOOKAHEAD_DAILY_RUNTIME
2024-12-04,0.0367705415559268,0.045597545383304613,0.8064149341115675,483,0.03112033195020747,1.9533195020746887,1.8053030313509428,LOCKED_S13_STYLE_V_Q_M_ATTENUATION_RUNTIME,PASS_NO_LOOKAHEAD_DAILY_RUNTIME
2024-12-05,0.036216863085137,0.04559511290035853,0.7943145828870666,484,0.031055900621118012,1.953416149068323,1.8322326891177392,LOCKED_S13_STYLE_V_Q_M_ATTENUATION_RUNTIME,PASS_NO_LOOKAHEAD_DAILY_RUNTIME
2024-12-06,0.04195457104547844,0.04559300832286018,0.9201974730068988,485,0.1322314049586777,1.8016528925619835,1.8266727261076017,LOCKED_S13_STYLE_V_Q_M_ATTENUATION_RUNTIME,PASS_NO_LOOKAHEAD_DAILY_RUNTIME
2024-12-08,0.034866668737967385,0.04559430771597165,0.7647153884903404,486,0.016494845360824743,1.975257731958763,1.8536881817169037,LOCKED_S13_STYLE_V_Q_M_ATTENUATION_RUNTIME,PASS_NO_LOOKAHEAD_DAILY_RUNTIME
2024-12-09,0.042963312458942735,0.04559315254732777,0.9423194067211048,487,0.16255144032921812,1.7561728395061729,1.8359581194967707,LOCKED_S13_STYLE_V_Q_M_ATTENUATION_RUNTIME,PASS_NO_LOOKAHEAD_DAILY_RUNTIME
2024-12-10,0.041483036576774664,0.045595455908755175,0.9098063776309154,488,0.12320328542094455,1.8151950718685832,1.8321830199280091,LOCKED_S13_STYLE_V_Q_M_ATTENUATION_RUNTIME,PASS_NO_LOOKAHEAD_DAILY_RUNTIME
2024-12-11,0.03428288248272749,0.04559483797073578,0.7519027154944894,489,0.012295081967213115,1.9815573770491803,1.8593419939500402,LOCKED_S13_STYLE_V_Q_M_ATTENUATION_RUNTIME,PASS_NO_LOOKAHEAD_DAILY_RUNTIME
2024-12-12,0.03617150576786328,0.04559457552428596,0.7933291483017869,490,0.034764826175869123,1.9478527607361964,1.8754348606384321,LOCKED_S13_STYLE_V_Q_M_ATTENUATION_RUNTIME,PASS_NO_LOOKAHEAD_DAILY_RUNTIME
2024-12-13,0.06687878217263464,0.045593610263849234,1.466845502815166,491,0.8346938775510204,0.7479591836734694,1.670439283008439,LOCKED_S13_STYLE_V_Q_M_ATTENUATION_RUNTIME,PASS_NO_LOOKAHEAD_DAILY_RUNTIME
2024-12-15,0.048766625685908845,0.04560456988597421,1.069336380275941,492,0.3319755600814664,1.5020366598778003,1.6398206242574136,LOCKED_S13_STYLE_V_Q_M_ATTENUATION_RUNTIME,PASS_NO_LOOKAHEAD_DAILY_RUNTIME
2024-12-16,0.03301870484553129,0.045607354209692516,0.7239776439062567,493,0.006097560975609756,1.9908536585365855,1.703644812308172,LOCKED_S13_STYLE_V_Q_M_ATTENUATION_RUNTIME,PASS_NO_LOOKAHEAD_DAILY_RUNTIME
2024-12-17,0.03265791189773356,0.04560394431311125,0.716120335414591,494,0.006085192697768763,1.9908722109533468,1.7558679756982036,LOCKED_S13_STYLE_V_Q_M_ATTENUATION_RUNTIME,PASS_NO_LOOKAHEAD_DAILY_RUNTIME
2024-12-18,0.045731019428702745,0.04560012077275176,1.002870576957533,495,0.24898785425101214,1.626518218623482,1.732349838048254,LOCKED_S13_STYLE_V_Q_M_ATTENUATION_RUNTIME,PASS_NO_LOOKAHEAD_DAILY_RUNTIME
2024-12-19,0.05680771729868436,0.04560104541187096,1.2457547142964416,496,0.5959595959595959,1.1060606060606062,1.6184790685959545,LOCKED_S13_STYLE_V_Q_M_ATTENUATION_RUNTIME,PASS_NO_LOOKAHEAD_DAILY_RUNTIME
2024-12-20,0.04388536096517294,0.04560140364057054,0.9623686435416897,497,0.20161290322580644,1.6975806451612905,1.6328611734260154,LOCKED_S13_STYLE_V_Q_M_ATTENUATION_RUNTIME,PASS_NO_LOOKAHEAD_DAILY_RUNTIME
2024-12-22,0.04272130849752027,0.045603146019340915,0.9368061685788428,498,0.16700201207243462,1.749496981891348,1.6540676840560757,LOCKED_S13_STYLE_V_Q_M_ATTENUATION_RUNTIME,PASS_NO_LOOKAHEAD_DAILY_RUNTIME
2024-12-23,0.04393305769497589,0.04560457261011623,0.9633476465303051,499,0.20481927710843373,1.6927710843373494,1.661104665925398,LOCKED_S13_STYLE_V_Q_M_ATTENUATION_RUNTIME,PASS_NO_LOOKAHEAD_DAILY_RUNTIME
2024-12-24,0.04228959793107122,0.04560566226884354,0.9272883196339906,500,0.1523046092184369,1.7715430861723447,1.68118437869757,LOCKED_S13_STYLE_V_Q_M_ATTENUATION_RUNTIME,PASS_NO_LOOKAHEAD_DAILY_RUNTIME
2024-12-25,0.04211886025330626,0.04560602497584988,0.9235371921935707,501,0.148,1.778,1.6987872189343753,LOCKED_S13_STYLE_V_Q_M_ATTENUATION_RUNTIME,PASS_NO_LOOKAHEAD_DAILY_RUNTIME
2024-12-26,0.04033770462153165,0.04560463142312905,0.8845089492615391,502,0.09580838323353294,1.8562874251497006,1.7274236200644344,LOCKED_S13_STYLE_V_Q_M_ATTENUATION_RUNTIME,PASS_NO_LOOKAHEAD_DAILY_RUNTIME
2024-12-27,0.04010217991457195,0.045605010213573216,0.8793371545531748,503,0.09163346613545817,1.8625498007968129,1.7519920165612306,LOCKED_S13_STYLE_V_Q_M_ATTENUATION_RUNTIME,PASS_NO_LOOKAHEAD_DAILY_RUNTIME
2024-12-29,0.03903741474210575,0.04560759958274834,0.8559410076226014,504,0.0775347912524851,1.8836978131212723,1.7759385250266928,LOCKED_S13_STYLE_V_Q_M_ATTENUATION_RUNTIME,PASS_NO_LOOKAHEAD_DAILY_RUNTIME
2024-12-30,0.04464316766044269,0.045608507670518474,0.9788342118744705,505,0.22817460317460317,1.6577380952380953,1.7544475377924025,LOCKED_S13_STYLE_V_Q_M_ATTENUATION_RUNTIME,PASS_NO_LOOKAHEAD_DAILY_RUNTIME
2024-12-31,0.04820342150696408,0.045613087474609446,1.056789272021907,506,0.33663366336633666,1.495049504950495,1.7072842590938737,LOCKED_S13_STYLE_V_Q_M_ATTENUATION_RUNTIME,PASS_NO_LOOKAHEAD_DAILY_RUNTIME
2025-01-01,0.045732796181767704,0.04561895006203952,1.0024955883371574,507,0.25889328063241107,1.6116600790513833,1.6898980445406935,LOCKED_S13_STYLE_V_Q_M_ATTENUATION_RUNTIME,PASS_NO_LOOKAHEAD_DAILY_RUNTIME
2025-01-02,0.042470634642336996,0.045624996786611374,0.9308632905986303,508,0.15976331360946747,1.7603550295857988,1.7027084054579853,LOCKED_S13_STYLE_V_Q_M_ATTENUATION_RUNTIME,PASS_NO_LOOKAHEAD_DAILY_RUNTIME
2025-01-03,0.044179080490381814,0.04562819892536739,0.9682407268067746,509,0.2204724409448819,1.6692913385826773,1.6966325751170201,LOCKED_S13_STYLE_V_Q_M_ATTENUATION_RUNTIME,PASS_NO_LOOKAHEAD_DAILY_RUNTIME
2025-01-05,0.04126742352171965,0.045633335451465966,0.9043262587195768,510,0.12770137524557956,1.8084479371316307,1.7169626409378584,LOCKED_S13_STYLE_V_Q_M_ATTENUATION_RUNTIME,PASS_NO_LOOKAHEAD_DAILY_RUNTIME
2025-01-06,0.04306647628093758,0.0456353971624555,0.9437077128446383,511,0.18235294117647058,1.7264705882352942,1.7186913586283012,LOCKED_S13_STYLE_V_Q_M_ATTENUATION_RUNTIME,PASS_NO_LOOKAHEAD_DAILY_RUNTIME
2025-01-07,0.03979463463253844,0.04564060432480556,0.8719129648094986,512,0.08414872798434442,1.8737769080234834,1.746888731245607,LOCKED_S13_STYLE_V_Q_M_ATTENUATION_RUNTIME,PASS_NO_LOOKAHEAD_DAILY_RUNTIME
2025-01-08,0.038461452740181104,0.045644225832683544,0.8426356683355287,513,0.0625,1.90625,1.7758635073827693,LOCKED_S13_STYLE_V_Q_M_ATTENUATION_RUNTIME,PASS_NO_LOOKAHEAD_DAILY_RUNTIME
2025-01-09,0.03907511531583041,0.045647437201847704,0.8560199150511946,514,0.07992202729044834,1.8801169590643274,1.7948186804157797,LOCKED_S13_STYLE_V_Q_M_ATTENUATION_RUNTIME,PASS_NO_LOOKAHEAD_DAILY_RUNTIME
2025-01-10,0.04756472026819157,0.045646516323027915,1.042023008537805,515,0.3229571984435798,1.5155642023346303,1.7440451389464797,LOCKED_S13_STYLE_V_Q_M_ATTENUATION_RUNTIME,PASS_NO_LOOKAHEAD_DAILY_RUNTIME
2025-01-12,0.045003795546072374,0.0456531876697249,0.9857755360184154,516,0.24660194174757283,1.630097087378641,1.7233273113886907,LOCKED_S13_STYLE_V_Q_M_ATTENUATION_RUNTIME,PASS_NO_LOOKAHEAD_DAILY_RUNTIME
2025-01-13,0.04611156433680549,0.04565671697255235,1.0099623318191402,517,0.28294573643410853,1.5755813953488373,1.6964644175632626,LOCKED_S13_STYLE_V_Q_M_ATTENUATION_RUNTIME,PASS_NO_LOOKAHEAD_DAILY_RUNTIME
2025-01-14,0.04249410262672309,0.0456630955716794,0.9306005669286743,518,0.1644100580270793,1.753384912959381,1.706813598544375,LOCKED_S13_STYLE_V_Q_M_ATTENUATION_RUNTIME,PASS_NO_LOOKAHEAD_DAILY_RUNTIME
2025-01-15,0.056139372390512934,0.045667871678837894,1.2292968848059422,519,0.5752895752895753,1.1370656370656371,1.6032230600936952,LOCKED_S13_STYLE_V_Q_M_ATTENUATION_RUNTIME,PASS_NO_LOOKAHEAD_DAILY_RUNTIME
2025-01-16,0.05411562318204234,0.045678408896761655,1.1847090231262156,520,0.5009633911368016,1.2485549132947977,1.5387379424938956,LOCKED_S13_STYLE_V_Q_M_ATTENUATION_RUNTIME,PASS_NO_LOOKAHEAD_DAILY_RUNTIME
2025-01-17,0.05282850697152028,0.04568746374218036,1.1563020278306024,521,0.4634615384615385,1.3048076923076923,1.4962051697327676,LOCKED_S13_STYLE_V_Q_M_ATTENUATION_RUNTIME,PASS_NO_LOOKAHEAD_DAILY_RUNTIME
2025-01-19,0.05368467193504474,0.04569687875157149,1.1747995355853174,522,0.4894433781190019,1.2658349328214973,1.4543196721125364,LOCKED_S13_STYLE_V_Q_M_ATTENUATION_RUNTIME,PASS_NO_LOOKAHEAD_DAILY_RUNTIME
2025-01-20,0.05728091016597695,0.0457069595863403,1.25322074984606,523,0.6168582375478927,1.0747126436781609,1.3853002123971954,LOCKED_S13_STYLE_V_Q_M_ATTENUATION_RUNTIME,PASS_NO_LOOKAHEAD_DAILY_RUNTIME
2025-01-21,0.05052647770093731,0.04571320023681729,1.1052929446896045,524,0.4091778202676864,1.3862332695984705,1.3854698591610635,LOCKED_S13_STYLE_V_Q_M_ATTENUATION_RUNTIME,PASS_NO_LOOKAHEAD_DAILY_RUNTIME
2025-01-22,0.049371323977703836,0.04572234013411748,1.079807460267405,525,0.37404580152671757,1.4389312977099236,1.3951901207154016,LOCKED_S13_STYLE_V_Q_M_ATTENUATION_RUNTIME,PASS_NO_LOOKAHEAD_DAILY_RUNTIME
2025-01-23,0.048011250001959806,0.045727425475956415,1.0499443059002793,526,0.33904761904761904,1.4914285714285715,1.4126880208450687,LOCKED_S13_STYLE_V_Q_M_ATTENUATION_RUNTIME,PASS_NO_LOOKAHEAD_DAILY_RUNTIME
2025-01-24,0.06748195928340071,0.04573332512142963,1.4755533105066125,527,0.8536121673003803,0.7195817490494296,1.286668698700407,LOCKED_S13_STYLE_V_Q_M_ATTENUATION_RUNTIME,PASS_NO_LOOKAHEAD_DAILY_RUNTIME
2025-01-26,0.04541745848198696,0.045749709371378365,0.9927376393433601,528,0.25426944971537,1.618595825426945,1.3470190853779593,LOCKED_S13_STYLE_V_Q_M_ATTENUATION_RUNTIME,PASS_NO_LOOKAHEAD_DAILY_RUNTIME
2025-01-27,0.047527424048800684,0.0457574022983617,1.038682741185733,529,0.3087121212121212,1.5369318181818181,1.381548673160479,LOCKED_S13_STYLE_V_Q_M_ATTENUATION_RUNTIME,PASS_NO_LOOKAHEAD_DAILY_RUNTIME
2025-01-28,0.04381193760439241,0.04576337367926929,0.9573581246751292,530,0.20982986767485823,1.6852551984877127,1.436768041401794,LOCKED_S13_STYLE_V_Q_M_ATTENUATION_RUNTIME,PASS_NO_LOOKAHEAD_DAILY_RUNTIME
2025-01-29,0.04721940315249116,0.04577031516612262,1.0316599958097097,531,0.3,1.55,1.4573556702378316,LOCKED_S13_STYLE_V_Q_M_ATTENUATION_RUNTIME,PASS_NO_LOOKAHEAD_DAILY_RUNTIME
2025-01-30,0.04116731934866018,0.0457792622984522,0.8992569404084094,532,0.12429378531073447,1.8135593220338984,1.522119970564389,LOCKED_S13_STYLE_V_Q_M_ATTENUATION_RUNTIME,PASS_NO_LOOKAHEAD_DAILY_RUNTIME
2025-01-31,0.0399943646491718,0.04578646583785229,0.8734975263390587,533,0.08834586466165413,1.8674812030075187,1.5849129219176854,LOCKED_S13_STYLE_V_Q_M_ATTENUATION_RUNTIME,PASS_NO_LOOKAHEAD_DAILY_RUNTIME
2025-02-02,0.04060987918744156,0.045793590168248535,0.8868026952732534,534,0.1050656660412758,1.8424015009380863,1.6317290271941216,LOCKED_S13_STYLE_V_Q_M_ATTENUATION_RUNTIME,PASS_NO_LOOKAHEAD_DAILY_RUNTIME
2025-02-03,0.04095899106060173,0.04579990316439654,0.8943030056980996,535,0.11797752808988764,1.8230337078651686,1.6665116964070392,LOCKED_S13_STYLE_V_Q_M_ATTENUATION_RUNTIME,PASS_NO_LOOKAHEAD_DAILY_RUNTIME
2025-02-04,0.03868989045030046,0.045805048997352535,0.8446643175195966,536,0.06542056074766354,1.9018691588785046,1.7093039623109418,LOCKED_S13_STYLE_V_Q_M_ATTENUATION_RUNTIME,PASS_NO_LOOKAHEAD_DAILY_RUNTIME
2025-02-05,0.05481263769265797,0.045809466175325816,1.19653517643874,537,0.5354477611940298,1.1968283582089554,1.6161265797469442,LOCKED_S13_STYLE_V_Q_M_ATTENUATION_RUNTIME,PASS_NO_LOOKAHEAD_DAILY_RUNTIME
2025-02-06,0.04325444709886352,0.04582084626257805,0.9439905769306904,538,0.19180633147113593,1.7122905027932962,1.6336109293917354,LOCKED_S13_STYLE_V_Q_M_ATTENUATION_RUNTIME,PASS_NO_LOOKAHEAD_DAILY_RUNTIME
2025-02-07,0.04360146698135546,0.045828265985912185,0.9514099223121107,539,0.20631970260223048,1.6905204460966543,1.643958114247175,LOCKED_S13_STYLE_V_Q_M_ATTENUATION_RUNTIME,PASS_NO_LOOKAHEAD_DAILY_RUNTIME
2025-02-09,0.04406998960583728,0.0458360630015912,0.961469784268064,540,0.22077922077922077,1.6688311688311688,1.6484804878079014,LOCKED_S13_STYLE_V_Q_M_ATTENUATION_RUNTIME,PASS_NO_LOOKAHEAD_DAILY_RUNTIME
2025-02-10,0.04248463843456264,0.045842539229255144,0.9267514223437779,541,0.16296296296296298,1.7555555555555555,1.6679486819438385,LOCKED_S13_STYLE_V_Q_M_ATTENUATION_RUNTIME,PASS_NO_LOOKAHEAD_DAILY_RUNTIME
2025-02-11,0.04152531918607728,0.04584965260035201,0.9056844889978178,542,0.1367837338262477,1.7948243992606285,1.6910169941832547,LOCKED_S13_STYLE_V_Q_M_ATTENUATION_RUNTIME,PASS_NO_LOOKAHEAD_DAILY_RUNTIME
2025-02-12,0.045051700663187706,0.04585573583737472,0.9824659846908032,543,0.25276752767527677,1.6208487084870848,1.6782591240566784,LOCKED_S13_STYLE_V_Q_M_ATTENUATION_RUNTIME,PASS_NO_LOOKAHEAD_DAILY_RUNTIME
2025-02-13,0.05021639844216926,0.045861388674266326,1.0949602681862665,544,0.4180478821362799,1.37292817679558,1.6227444063728422,LOCKED_S13_STYLE_V_Q_M_ATTENUATION_RUNTIME,PASS_NO_LOOKAHEAD_DAILY_RUNTIME
2025-02-14,0.04876957512096925,0.045869028848119546,1.0632353975152586,545,0.375,1.4375,1.5890636052141436,LOCKED_S13_STYLE_V_Q_M_ATTENUATION_RUNTIME,PASS_NO_LOOKAHEAD_DAILY_RUNTIME
2025-02-16,0.04752808605408791,0.04587671189522467,1.0359959136268249,546,0.3192660550458716,1.5211009174311927,1.5767067528899708,LOCKED_S13_STYLE_V_Q_M_ATTENUATION_RUNTIME,PASS_NO_LOOKAHEAD_DAILY_RUNTIME
2025-02-17,0.06161159599186499,0.04587491888826174,1.343034439841372,547,0.7435897435897436,0.8846153846153846,1.4508719586582277,LOCKED_S13_STYLE_V_Q_M_ATTENUATION_RUNTIME,PASS_NO_LOOKAHEAD_DAILY_RUNTIME
2025-02-18,0.04674940223038279,0.04587707703368345,1.0190144022484011,548,0.3016453382084095,1.5475319926873858,1.4684465102998927,LOCKED_S13_STYLE_V_Q_M_ATTENUATION_RUNTIME,PASS_NO_LOOKAHEAD_DAILY_RUNTIME
2025-02-19,0.04547685675598427,0.045874581730716374,0.9913301667344512,549,0.2645985401459854,1.6031021897810218,1.4929293611146432,LOCKED_S13_STYLE_V_Q_M_ATTENUATION_RUNTIME,PASS_NO_LOOKAHEAD_DAILY_RUNTIME
2025-02-20,0.04432048477029347,0.04587212771888282,0.9661746026236617,550,0.23132969034608378,1.6530054644808743,1.5220341071812307,LOCKED_S13_STYLE_V_Q_M_ATTENUATION_RUNTIME,PASS_NO_LOOKAHEAD_DAILY_RUNTIME
2025-02-21,0.06830895159142891,0.04586858316938679,1.489231776337471,551,0.8745454545454545,0.6881818181818182,1.3704246000904283,LOCKED_S13_STYLE_V_Q_M_ATTENUATION_RUNTIME,PASS_NO_LOOKAHEAD_DAILY_RUNTIME
2025-02-23,0.04441768548964236,0.045875147601468144,0.9682298109536951,552,0.23593466424682397,1.646098003629764,1.4205470370975801,LOCKED_S13_STYLE_V_Q_M_ATTENUATION_RUNTIME,PASS_NO_LOOKAHEAD_DAILY_RUNTIME
2025-02-24,0.04355453898824582,0.0458718963427186,0.9494819804884604,553,0.19927536231884058,1.7010869565217392,1.4715542951747,LOCKED_S13_STYLE_V_Q_M_ATTENUATION_RUNTIME,PASS_NO_LOOKAHEAD_DAILY_RUNTIME
2025-02-25,0.04873999075707532,0.045866811775936545,1.0626417854193684,554,0.3779385171790235,1.4330922242314648,1.464561191366839,LOCKED_S13_STYLE_V_Q_M_ATTENUATION_RUNTIME,PASS_NO_LOOKAHEAD_DAILY_RUNTIME
2025-02-26,0.054819124772337365,0.04586402604203956,1.1952532192025498,555,0.5451263537906137,1.1823104693140793,1.4132428782663373,LOCKED_S13_STYLE_V_Q_M_ATTENUATION_RUNTIME,PASS_NO_LOOKAHEAD_DAILY_RUNTIME
2025-02-27,0.04763403654328573,0.04586407269216629,1.0385915106798127,556,0.3261261261261261,1.5108108108108107,1.4309825023653324,LOCKED_S13_STYLE_V_Q_M_ATTENUATION_RUNTIME,PASS_NO_LOOKAHEAD_DAILY_RUNTIME
2025-02-28,0.04651211598104048,0.045860553720548716,1.0142074660603109,557,0.302158273381295,1.5467625899280575,1.4520334273767368,LOCKED_S13_STYLE_V_Q_M_ATTENUATION_RUNTIME,PASS_NO_LOOKAHEAD_DAILY_RUNTIME
2025-03-02,0.045996421102635354,0.04585773248905441,1.003024323403126,558,0.2872531418312388,1.5691202872531418,1.4733219473542647,LOCKED_S13_STYLE_V_Q_M_ATTENUATION_RUNTIME,PASS_NO_LOOKAHEAD_DAILY_RUNTIME
2025-03-03,0.05118199715456489,0.04585446034494926,1.1161836115731856,559,0.44623655913978494,1.3306451612903225,1.447380713524457,LOCKED_S13_STYLE_V_Q_M_ATTENUATION_RUNTIME,PASS_NO_LOOKAHEAD_DAILY_RUNTIME
2025-03-04,0.05426700416925202,0.045853490757712514,1.1834868681208173,560,0.5241502683363148,1.2137745974955276,1.4049068742464699,LOCKED_S13_STYLE_V_Q_M_ATTENUATION_RUNTIME,PASS_NO_LOOKAHEAD_DAILY_RUNTIME
2025-03-05,0.05826895447960955,0.04585469277626391,1.2707304520372171,561,0.6642857142857143,1.0035714285714286,1.331936793214644,LOCKED_S13_STYLE_V_Q_M_ATTENUATION_RUNTIME,PASS_NO_LOOKAHEAD_DAILY_RUNTIME
2025-03-06,0.05255274836323037,0.045857941243074615,1.1459901369027725,562,0.47950089126559714,1.2807486631016043,1.3226298604668185,LOCKED_S13_STYLE_V_Q_M_ATTENUATION_RUNTIME,PASS_NO_LOOKAHEAD_DAILY_RUNTIME
2025-03-07,0.05114371248586426,0.04585902916538438,1.1152375751658716,563,0.4395017793594306,1.3407473309608542,1.3259239460111885,LOCKED_S13_STYLE_V_Q_M_ATTENUATION_RUNTIME,PASS_NO_LOOKAHEAD_DAILY_RUNTIME
2025-03-09,0.050804088871118376,0.0458604038928623,1.107798548608629,564,0.433392539964476,1.349911190053286,1.3302852631097515,LOCKED_S13_STYLE_V_Q_M_ATTENUATION_RUNTIME,PASS_NO_LOOKAHEAD_DAILY_RUNTIME
2025-03-10,0.052132363543142414,0.0458592452618534,1.1367907004458948,565,0.475177304964539,1.2872340425531914,1.322457768463104,LOCKED_S13_STYLE_V_Q_M_ATTENUATION_RUNTIME,PASS_NO_LOOKAHEAD_DAILY_RUNTIME
2025-03-11,0.055177940733575896,0.04585931819273719,1.2032001980856861,566,0.5628318584070796,1.1557522123893806,1.2921476673587906,LOCKED_S13_STYLE_V_Q_M_ATTENUATION_RUNTIME,PASS_NO_LOOKAHEAD_DAILY_RUNTIME
2025-03-12,0.05263508353232223,0.0458594192250114,1.147748585172126,567,0.4840989399293286,1.273851590106007,1.2888211078582845,LOCKED_S13_STYLE_V_Q_M_ATTENUATION_RUNTIME,PASS_NO_LOOKAHEAD_DAILY_RUNTIME
2025-03-13,0.05414622639664549,0.045858763003699475,1.1807171159910586,568,0.5255731922398589,1.2116402116402116,1.2747882176368166,LOCKED_S13_STYLE_V_Q_M_ATTENUATION_RUNTIME,PASS_NO_LOOKAHEAD_DAILY_RUNTIME
2025-03-14,0.0599958443070576,0.04586013746344561,1.3082351607619873,569,0.7130281690140845,0.9304577464788732,1.2121826774262814,LOCKED_S13_STYLE_V_Q_M_ATTENUATION_RUNTIME,PASS_NO_LOOKAHEAD_DAILY_RUNTIME
2025-03-16,0.049801409101121366,0.04586447569553841,1.085838404252508,570,0.39718804920913886,1.4042179261862917,1.2470981772008287,LOCKED_S13_STYLE_V_Q_M_ATTENUATION_RUNTIME,PASS_NO_LOOKAHEAD_DAILY_RUNTIME
2025-03-17,0.053257240834153126,0.045864936379885854,1.161175508738069,571,0.49122807017543857,1.263157894736842,1.2500181258437402,LOCKED_S13_STYLE_V_Q_M_ATTENUATION_RUNTIME,PASS_NO_LOOKAHEAD_DAILY_RUNTIME
2025-03-18,0.04648663053429195,0.04586637318197768,1.013523139269228,572,0.29422066549912435,1.5586690017513134,1.3061364669178444,LOCKED_S13_STYLE_V_Q_M_ATTENUATION_RUNTIME,PASS_NO_LOOKAHEAD_DAILY_RUNTIME
2025-03-19,0.04749317050875655,0.0458646349255098,1.0355074358684355,573,0.3181818181818182,1.5227272727272727,1.3455166134286496,LOCKED_S13_STYLE_V_Q_M_ATTENUATION_RUNTIME,PASS_NO_LOOKAHEAD_DAILY_RUNTIME
2025-03-20,0.049603168712661044,0.04586427554471996,1.0815208160062504,574,0.3944153577661431,1.4083769633507854,1.356945767959947,LOCKED_S13_STYLE_V_Q_M_ATTENUATION_RUNTIME,PASS_NO_LOOKAHEAD_DAILY_RUNTIME
2025-03-21,0.05410441258648743,0.04586448392951828,1.1796581570531082,575,0.5278745644599303,1.2081881533101044,1.329898928932703,LOCKED_S13_STYLE_V_Q_M_ATTENUATION_RUNTIME,PASS_NO_LOOKAHEAD_DAILY_RUNTIME
2025-03-23,0.05101479164291341,0.0458654216551765,1.1122712885199375,576,0.43826086956521737,1.342608695652174,1.3322097956089705,LOCKED_S13_STYLE_V_Q_M_ATTENUATION_RUNTIME,PASS_NO_LOOKAHEAD_DAILY_RUNTIME
2025-03-24,0.04911231584000018,0.04586427826387228,1.0708184604462947,577,0.3802083333333333,1.4296875,1.3499330145891577,LOCKED_S13_STYLE_V_Q_M_ATTENUATION_RUNTIME,PASS_NO_LOOKAHEAD_DAILY_RUNTIME
2025-03-25,0.041874702626688055,0.04586130511403739,0.9130726332921324,578,0.14038128249566725,1.7894280762564991,1.4298412076195834,LOCKED_S13_STYLE_V_Q_M_ATTENUATION_RUNTIME,PASS_NO_LOOKAHEAD_DAILY_RUNTIME
2025-03-26,0.040620346336227214,0.04584655273522261,0.8860065569339906,579,0.09688581314878893,1.8546712802768166,1.5070830390118077,LOCKED_S13_STYLE_V_Q_M_ATTENUATION_RUNTIME,PASS_NO_LOOKAHEAD_DAILY_RUNTIME
2025-03-27,0.045180646000850234,0.045839731375897405,0.9856219625363312,580,0.24870466321243523,1.6269430051813472,1.528875760133542,LOCKED_S13_STYLE_V_Q_M_ATTENUATION_RUNTIME,PASS_NO_LOOKAHEAD_DAILY_RUNTIME
2025-03-28,0.04723646030907017,0.04583861254133164,1.0304949842554272,581,0.3120689655172414,1.5318965517241379,1.5294249949681957,LOCKED_S13_STYLE_V_Q_M_ATTENUATION_RUNTIME,PASS_NO_LOOKAHEAD_DAILY_RUNTIME
2025-03-30,0.046026223151708234,0.04583889781366321,1.0040866021431516,582,0.2822719449225473,1.576592082616179,1.5380008290860108,LOCKED_S13_STYLE_V_Q_M_ATTENUATION_RUNTIME,PASS_NO_LOOKAHEAD_DAILY_RUNTIME
2025-03-31,0.0502505724633328,0.045835756776884604,1.0963181585053403,583,0.42783505154639173,1.3582474226804124,1.5053183915577202,LOCKED_S13_STYLE_V_Q_M_ATTENUATION_RUNTIME,PASS_NO_LOOKAHEAD_DAILY_RUNTIME
2025-04-01,0.0422444941345279,0.04583835383201564,0.9215971037996216,584,0.14922813036020582,1.7761578044596913,1.5545619211762602,LOCKED_S13_STYLE_V_Q_M_ATTENUATION_RUNTIME,PASS_NO_LOOKAHEAD_DAILY_RUNTIME
2025-04-02,0.0597385574196062,0.04583825689515452,1.3032467084480488,585,0.7157534246575342,0.9263698630136987,1.4403451833285217,LOCKED_S13_STYLE_V_Q_M_ATTENUATION_RUNTIME,PASS_NO_LOOKAHEAD_DAILY_RUNTIME
2025-04-03,0.06634259771716812,0.045838525380339806,1.4473109064198328,586,0.8461538461538461,0.7307692307692308,1.311331373772287,LOCKED_S13_STYLE_V_Q_M_ATTENUATION_RUNTIME,PASS_NO_LOOKAHEAD_DAILY_RUNTIME
2025-04-04,0.054285405270427634,0.04584825230527192,1.1840234369017717,587,0.537542662116041,1.1936860068259385,1.289941307054769,LOCKED_S13_STYLE_V_Q_M_ATTENUATION_RUNTIME,PASS_NO_LOOKAHEAD_DAILY_RUNTIME
2025-04-06,0.060926133199320005,0.04585375400976842,1.328705457492982,588,0.747870528109029,0.8781942078364566,1.2150781981059848,LOCKED_S13_STYLE_V_Q_M_ATTENUATION_RUNTIME,PASS_NO_LOOKAHEAD_DAILY_RUNTIME
2025-04-07,0.0932111576888135,0.045858908957564025,2.032563787661571,589,0.9914965986394558,0.5127551020408163,1.0873830897304997,LOCKED_S13_STYLE_V_Q_M_ATTENUATION_RUNTIME,PASS_NO_LOOKAHEAD_DAILY_RUNTIME
2025-04-08,0.09184726070439865,0.045879867570423734,2.001907711773946,590,0.9898132427843803,0.5152801358234296,0.9833643708383051,LOCKED_S13_STYLE_V_Q_M_ATTENUATION_RUNTIME,PASS_NO_LOOKAHEAD_DAILY_RUNTIME
2025-04-09,0.09694397893836015,0.0458989484069368,2.112117647638934,591,0.9966101694915255,0.5050847457627117,0.896404439006379,LOCKED_S13_STYLE_V_Q_M_ATTENUATION_RUNTIME,PASS_NO_LOOKAHEAD_DAILY_RUNTIME
2025-04-10,0.09470021397849594,0.045922191660488915,2.062188466060849,592,0.9915397631133672,0.5126903553299491,0.8266382419743008,LOCKED_S13_STYLE_V_Q_M_ATTENUATION_RUNTIME,PASS_NO_LOOKAHEAD_DAILY_RUNTIME
2025-04-11,0.09021514298101425,0.045944870653083274,1.9635520069738206,593,0.9847972972972973,0.5228040540540542,0.7713956623524377,LOCKED_S13_STYLE_V_Q_M_ATTENUATION_RUNTIME,PASS_NO_LOOKAHEAD_DAILY_RUNTIME
2025-04-13,0.08563362832524479,0.04596358503144056,1.8630754817464446,594,0.9679595278246206,0.5480607082630691,0.7307893070634616,LOCKED_S13_STYLE_V_Q_M_ATTENUATION_RUNTIME,PASS_NO_LOOKAHEAD_DAILY_RUNTIME
2025-04-14,0.0880410594295112,0.04597874553191807,1.9148208245132268,595,0.9747474747474747,0.5378787878787881,0.6957146672117027,LOCKED_S13_STYLE_V_Q_M_ATTENUATION_RUNTIME,PASS_NO_LOOKAHEAD_DAILY_RUNTIME
2025-04-15,0.08696602927516744,0.04599624707235743,1.890720108933231,596,0.9680672268907563,0.5478991596638656,0.6688391203848232,LOCKED_S13_STYLE_V_Q_M_ATTENUATION_RUNTIME,PASS_NO_LOOKAHEAD_DAILY_RUNTIME
2025-04-16,0.08728379779439133,0.04600751902447485,1.8971637602966274,597,0.9697986577181208,0.5453020134228188,0.6463778282099133,LOCKED_S13_STYLE_V_Q_M_ATTENUATION_RUNTIME,PASS_NO_LOOKAHEAD_DAILY_RUNTIME
2025-04-17,0.08588162146920561,0.04602469429110019,1.8659900471259092,598,0.9631490787269682,0.5552763819095476,0.629813928882574,LOCKED_S13_STYLE_V_Q_M_ATTENUATION_RUNTIME,PASS_NO_LOOKAHEAD_DAILY_RUNTIME
2025-04-20,0.07971443963356155,0.04604018643654402,1.7314100094583647,599,0.9464882943143813,0.580267558528428,0.6208054979090929,LOCKED_S13_STYLE_V_Q_M_ATTENUATION_RUNTIME,PASS_NO_LOOKAHEAD_DAILY_RUNTIME
2025-04-21,0.07853841571187298,0.0460556149125894,1.7052951276610646,600,0.9332220367278798,0.6001669449081803,0.6170530337271087,LOCKED_S13_STYLE_V_Q_M_ATTENUATION_RUNTIME,PASS_NO_LOOKAHEAD_DAILY_RUNTIME
2025-04-22,0.07658503996163583,0.04607016065039048,1.662356694234508,601,0.9216666666666666,0.6175000000000002,0.6171343003221799,LOCKED_S13_STYLE_V_Q_M_ATTENUATION_RUNTIME,PASS_NO_LOOKAHEAD_DAILY_RUNTIME
2025-04-23,0.07292163354460891,0.0460853250966874,1.5823178721560218,602,0.9051580698835274,0.6422628951747089,0.6217031357499123,LOCKED_S13_STYLE_V_Q_M_ATTENUATION_RUNTIME,PASS_NO_LOOKAHEAD_DAILY_RUNTIME
2025-04-24,0.0718683887612864,0.04609822357857332,1.5590272939430831,603,0.9003322259136213,0.6495016611295681,0.6267574130916679,LOCKED_S13_STYLE_V_Q_M_ATTENUATION_RUNTIME,PASS_NO_LOOKAHEAD_DAILY_RUNTIME
2025-04-25,0.07239720394931062,0.04610973395855093,1.5701067374275046,604,0.9021558872305141,0.6467661691542288,0.6303953687394063,LOCKED_S13_STYLE_V_Q_M_ATTENUATION_RUNTIME,PASS_NO_LOOKAHEAD_DAILY_RUNTIME
2025-04-27,0.07342378966718749,0.04611900037391887,1.5920507615492459,605,0.9072847682119205,0.6390728476821192,0.6319730921835359,LOCKED_S13_STYLE_V_Q_M_ATTENUATION_RUNTIME,PASS_NO_LOOKAHEAD_DAILY_RUNTIME
2025-04-28,0.06826343307732775,0.04613032327101361,1.4797952460962198,606,0.8479338842975207,0.728099173553719,0.6494505615235692,LOCKED_S13_STYLE_V_Q_M_ATTENUATION_RUNTIME,PASS_NO_LOOKAHEAD_DAILY_RUNTIME
2025-04-29,0.067473247548721,0.04613938421552993,1.4623785881825957,607,0.83003300330033,0.754950495049505,0.6686323676191939,LOCKED_S13_STYLE_V_Q_M_ATTENUATION_RUNTIME,PASS_NO_LOOKAHEAD_DAILY_RUNTIME
2025-04-30,0.06599359214286334,0.04614926120837807,1.4300032203090323,608,0.8072487644151565,0.7891268533772653,0.6905404559388433,LOCKED_S13_STYLE_V_Q_M_ATTENUATION_RUNTIME,PASS_NO_LOOKAHEAD_DAILY_RUNTIME
2025-05-01,0.06734125358871783,0.04615120026127068,1.4591441437597774,609,0.8240131578947368,0.7639802631578947,0.7038931481604889,LOCKED_S13_STYLE_V_Q_M_ATTENUATION_RUNTIME,PASS_NO_LOOKAHEAD_DAILY_RUNTIME
2025-05-02,0.06753664039297518,0.04615966288864166,1.463109480584913,610,0.8308702791461412,0.7536945812807883,0.7129479541823613,LOCKED_S13_STYLE_V_Q_M_ATTENUATION_RUNTIME,PASS_NO_LOOKAHEAD_DAILY_RUNTIME
2025-05-04,0.06561244864644471,0.04616918033297643,1.421130896698655,611,0.7967213114754098,0.8049180327868852,0.7296697866559111,LOCKED_S13_STYLE_V_Q_M_ATTENUATION_RUNTIME,PASS_NO_LOOKAHEAD_DAILY_RUNTIME
2025-05-05,0.06488116174354942,0.04617842148134145,1.4050103849860889,612,0.7921440261865794,0.8117839607201309,0.7445996364857692,LOCKED_S13_STYLE_V_Q_M_ATTENUATION_RUNTIME,PASS_NO_LOOKAHEAD_DAILY_RUNTIME
2025-05-06,0.0734475888451311,0.04618642061537809,1.5902420639341819,613,0.9068627450980392,0.6397058823529411,0.725528044825255,LOCKED_S13_STYLE_V_Q_M_ATTENUATION_RUNTIME,PASS_NO_LOOKAHEAD_DAILY_RUNTIME
2025-05-07,0.06262639432984442,0.04619944780634949,1.3555658628724403,614,0.7389885807504079,0.8915171288743882,0.7557078782887338,LOCKED_S13_STYLE_V_Q_M_ATTENUATION_RUNTIME,PASS_NO_LOOKAHEAD_DAILY_RUNTIME
2025-05-08,0.06492875082535227,0.04620852446571059,1.4051249542394104,615,0.7915309446254072,0.8127035830618892,0.7660707337020347,LOCKED_S13_STYLE_V_Q_M_ATTENUATION_RUNTIME,PASS_NO_LOOKAHEAD_DAILY_RUNTIME
2025-05-09,0.06299514865144472,0.046219128450305125,1.362967039051314,616,0.7414634146341463,0.8878048780487804,0.788204214492352,LOCKED_S13_STYLE_V_Q_M_ATTENUATION_RUNTIME,PASS_NO_LOOKAHEAD_DAILY_RUNTIME
2025-05-11,0.08416244361490396,0.04622938214583404,1.8205400917842087,617,0.9577922077922078,0.5633116883116884,0.7473146642776859,LOCKED_S13_STYLE_V_Q_M_ATTENUATION_RUNTIME,PASS_NO_LOOKAHEAD_DAILY_RUNTIME
2025-05-12,0.06032783993187212,0.04624841401859965,1.3044304591203963,618,0.6823338735818476,0.9764991896272286,0.7889845779776027,LOCKED_S13_STYLE_V_Q_M_ATTENUATION_RUNTIME,PASS_NO_LOOKAHEAD_DAILY_RUNTIME
2025-05-13,0.05904637328370788,0.046258278082726964,1.276449875157719,619,0.6456310679611651,1.0315533980582523,0.8330879998104481,LOCKED_S13_STYLE_V_Q_M_ATTENUATION_RUNTIME,PASS_NO_LOOKAHEAD_DAILY_RUNTIME
2025-05-14,0.07410800477420403,0.0462656658419016,1.6017926776941864,620,0.9095315024232633,0.635702746365105,0.7971997719112948,LOCKED_S13_STYLE_V_Q_M_ATTENUATION_RUNTIME,PASS_NO_LOOKAHEAD_DAILY_RUNTIME
2025-05-15,0.11856745639055305,0.046279034371037364,2.562012323765244,621,1.0,0.5,0.7431634497456048,LOCKED_S13_STYLE_V_Q_M_ATTENUATION_RUNTIME,PASS_NO_LOOKAHEAD_DAILY_RUNTIME
2025-05-16,0.06157482596170167,0.046311136805882405,1.3295900340300106,622,0.711755233494364,0.932367149758454,0.7775641224752137,LOCKED_S13_STYLE_V_Q_M_ATTENUATION_RUNTIME,PASS_NO_LOOKAHEAD_DAILY_RUNTIME
2025-05-18,0.05564239684670945,0.04632081038831264,1.2012397101918746,623,0.5369774919614148,1.194533762057878,0.8533767842175163,LOCKED_S13_STYLE_V_Q_M_ATTENUATION_RUNTIME,PASS_NO_LOOKAHEAD_DAILY_RUNTIME
2025-05-19,0.06151330149534889,0.04632693328859509,1.3278086229483363,624,0.7062600321027287,0.940609951845907,0.8692373601499509,LOCKED_S13_STYLE_V_Q_M_ATTENUATION_RUNTIME,PASS_NO_LOOKAHEAD_DAILY_RUNTIME
2025-05-20,0.05382625918059206,0.04633554210955908,1.1616624459323557,625,0.46955128205128205,1.2956730769230769,0.9467711268359738,LOCKED_S13_STYLE_V_Q_M_ATTENUATION_RUNTIME,PASS_NO_LOOKAHEAD_DAILY_RUNTIME
2025-05-21,0.05564567715087377,0.04633664538061901,1.200899993812422,626,0.536,1.196,0.9920854674112511,LOCKED_S13_STYLE_V_Q_M_ATTENUATION_RUNTIME,PASS_NO_LOOKAHEAD_DAILY_RUNTIME
2025-05-22,0.0708780947476574,0.04634074489828774,1.5294983907407216,627,0.8753993610223643,0.6869009584664536,0.9365973748758334,LOCKED_S13_STYLE_V_Q_M_ATTENUATION_RUNTIME,PASS_NO_LOOKAHEAD_DAILY_RUNTIME
2025-05-23,0.056255872418929063,0.04635427934897143,1.2136068818029708,628,0.5566188197767146,1.165071770334928,0.9781381740502142,LOCKED_S13_STYLE_V_Q_M_ATTENUATION_RUNTIME,PASS_NO_LOOKAHEAD_DAILY_RUNTIME
2025-05-25,0.05716296472714583,0.04636024084996199,1.2330169921279153,629,0.5875796178343949,1.1186305732484076,1.003682246631704,LOCKED_S13_STYLE_V_Q_M_ATTENUATION_RUNTIME,PASS_NO_LOOKAHEAD_DAILY_RUNTIME
2025-05-26,0.05390236467325043,0.046368159591090134,1.1624866103939142,630,0.46740858505564387,1.2988871224165341,1.0573558604107638,LOCKED_S13_STYLE_V_Q_M_ATTENUATION_RUNTIME,PASS_NO_LOOKAHEAD_DAILY_RUNTIME
2025-05-27,0.05277098020503307,0.046374467409491735,1.1379317791201657,631,0.44761904761904764,1.3285714285714285,1.106667781894521,LOCKED_S13_STYLE_V_Q_M_ATTENUATION_RUNTIME,PASS_NO_LOOKAHEAD_DAILY_RUNTIME
2025-05-28,0.05748507775227187,0.04638088840193997,1.2394130369841612,632,0.5990491283676703,1.1014263074484945,1.1057147865406978,LOCKED_S13_STYLE_V_Q_M_ATTENUATION_RUNTIME,PASS_NO_LOOKAHEAD_DAILY_RUNTIME
2025-05-29,0.05804400281662651,0.04638877536640325,1.2512510269599502,633,0.6123417721518988,1.0814873417721518,1.1013097965827803,LOCKED_S13_STYLE_V_Q_M_ATTENUATION_RUNTIME,PASS_NO_LOOKAHEAD_DAILY_RUNTIME
2025-05-30,0.0566127557640819,0.04639771646985988,1.2201625440092025,634,0.5655608214849921,1.1516587677725119,1.110464154980913,LOCKED_S13_STYLE_V_Q_M_ATTENUATION_RUNTIME,PASS_NO_LOOKAHEAD_DAILY_RUNTIME
2025-06-01,0.05849004096301237,0.04640668079177311,1.2603797549205755,635,0.6277602523659306,1.0583596214511042,1.1009906034300387,LOCKED_S13_STYLE_V_Q_M_ATTENUATION_RUNTIME,PASS_NO_LOOKAHEAD_DAILY_RUNTIME
2025-06-02,0.061109746460005054,0.046414500213083784,1.3166089515012989,636,0.6897637795275591,0.9653543307086614,1.076329462935243,LOCKED_S13_STYLE_V_Q_M_ATTENUATION_RUNTIME,PASS_NO_LOOKAHEAD_DAILY_RUNTIME
2025-06-03,0.051354420124480174,0.046417716107690084,1.1063538758636213,637,0.4025157232704403,1.3962264150943395,1.1344925451459877,LOCKED_S13_STYLE_V_Q_M_ATTENUATION_RUNTIME,PASS_NO_LOOKAHEAD_DAILY_RUNTIME
2025-06-04,0.05552480790871013,0.046422797851305035,1.1960676753382975,638,0.5243328100470958,1.2135007849293564,1.1488576796520547,LOCKED_S13_STYLE_V_Q_M_ATTENUATION_RUNTIME,PASS_NO_LOOKAHEAD_DAILY_RUNTIME
2025-06-05,0.05740534497693464,0.04643015864895434,1.2363805476298426,639,0.5940438871473355,1.1089341692789967,1.141598859584226,LOCKED_S13_STYLE_V_Q_M_ATTENUATION_RUNTIME,PASS_NO_LOOKAHEAD_DAILY_RUNTIME
2025-06-06,0.060560505530921106,0.046436775254942594,1.3041496787500382,640,0.6823161189358372,0.9765258215962442,1.1115855799500474,LOCKED_S13_STYLE_V_Q_M_ATTENUATION_RUNTIME,PASS_NO_LOOKAHEAD_DAILY_RUNTIME
2025-06-08,0.0595773197969099,0.04644341481479534,1.28279369711485,641,0.65625,1.015625,1.0941382017773114,LOCKED_S13_STYLE_V_Q_M_ATTENUATION_RUNTIME,PASS_NO_LOOKAHEAD_DAILY_RUNTIME
2025-06-09,0.06980751557202701,0.04644930767831308,1.5028752646967813,642,0.8673946957878315,0.6989079563182528,1.0222781571483917,LOCKED_S13_STYLE_V_Q_M_ATTENUATION_RUNTIME,PASS_NO_LOOKAHEAD_DAILY_RUNTIME
2025-06-10,0.05532567333277672,0.04646024480185633,1.1908175165397787,643,0.5124610591900312,1.2313084112149533,1.0602836578877666,LOCKED_S13_STYLE_V_Q_M_ATTENUATION_RUNTIME,PASS_NO_LOOKAHEAD_DAILY_RUNTIME
2025-06-11,0.05833117803125544,0.046467831722754066,1.2553023429042893,644,0.614307931570762,1.078538102643857,1.0636026478434193,LOCKED_S13_STYLE_V_Q_M_ATTENUATION_RUNTIME,PASS_NO_LOOKAHEAD_DAILY_RUNTIME
2025-06-12,0.05839307139332093,0.04647665675224549,1.2563956935327476,645,0.6164596273291926,1.075310559006211,1.0657313589639268,LOCKED_S13_STYLE_V_Q_M_ATTENUATION_RUNTIME,PASS_NO_LOOKAHEAD_DAILY_RUNTIME
2025-06-13,0.06161062208555455,0.04648592979482833,1.3253606490712568,646,0.7116279069767442,0.9325581395348839,1.0415180463404643,LOCKED_S13_STYLE_V_Q_M_ATTENUATION_RUNTIME,PASS_NO_LOOKAHEAD_DAILY_RUNTIME
2025-06-15,0.06845506890710269,0.04649633907197242,1.4722679306243875,647,0.8374613003095975,0.7438080495356036,0.9873889560123078,LOCKED_S13_STYLE_V_Q_M_ATTENUATION_RUNTIME,PASS_NO_LOOKAHEAD_DAILY_RUNTIME
2025-06-16,0.05479035016355039,0.046508584855558324,1.17806960443352,648,0.4853168469860896,1.2720247295208655,1.0391409148320454,LOCKED_S13_STYLE_V_Q_M_ATTENUATION_RUNTIME,PASS_NO_LOOKAHEAD_DAILY_RUNTIME
2025-06-17,0.054364203792058696,0.04651570515893605,1.168727929767069,649,0.4645061728395062,1.3032407407407407,1.0871590649972627,LOCKED_S13_STYLE_V_Q_M_ATTENUATION_RUNTIME,PASS_NO_LOOKAHEAD_DAILY_RUNTIME
2025-06-18,0.056191833932455686,0.04652322491850793,1.207823276027913,650,0.539291217257319,1.1910631741140216,1.1060507212003097,LOCKED_S13_STYLE_V_Q_M_ATTENUATION_RUNTIME,PASS_NO_LOOKAHEAD_DAILY_RUNTIME
2025-06-19,0.0501296734683809,0.04653133924192658,1.0773314133028882,651,0.3569230769230769,1.4646153846153847,1.171244296366687,LOCKED_S13_STYLE_V_Q_M_ATTENUATION_RUNTIME,PASS_NO_LOOKAHEAD_DAILY_RUNTIME
2025-06-20,0.0539380256479475,0.04653765135928805,1.1590190753617065,652,0.45161290322580644,1.3225806451612905,1.198759996147524,LOCKED_S13_STYLE_V_Q_M_ATTENUATION_RUNTIME,PASS_NO_LOOKAHEAD_DAILY_RUNTIME
2025-06-22,0.05933877532299759,0.04653842506852327,1.2750490639858796,653,0.6426380368098159,1.0360429447852761,1.1691750777180243,LOCKED_S13_STYLE_V_Q_M_ATTENUATION_RUNTIME,PASS_NO_LOOKAHEAD_DAILY_RUNTIME
2025-06-23,0.04694855002740642,0.04654414433642239,1.0086886480941828,654,0.25880551301684535,1.611791730474732,1.2496508327646985,LOCKED_S13_STYLE_V_Q_M_ATTENUATION_RUNTIME,PASS_NO_LOOKAHEAD_DAILY_RUNTIME
2025-06-24,0.04605703781942608,0.04654369389289166,0.9895441029114385,655,0.2308868501529052,1.6536697247706422,1.3231088131294155,LOCKED_S13_STYLE_V_Q_M_ATTENUATION_RUNTIME,PASS_NO_LOOKAHEAD_DAILY_RUNTIME
2025-06-25,0.04538019728809641,0.04654190926850886,0.9750394429736365,656,0.20916030534351146,1.6862595419847328,1.389136218375837,LOCKED_S13_STYLE_V_Q_M_ATTENUATION_RUNTIME,PASS_NO_LOOKAHEAD_DAILY_RUNTIME
2025-06-26,0.04461387919911305,0.04654320327698603,0.9585476730857723,657,0.19054878048780488,1.7141768292682926,1.4482345112653743,LOCKED_S13_STYLE_V_Q_M_ATTENUATION_RUNTIME,PASS_NO_LOOKAHEAD_DAILY_RUNTIME
2025-06-27,0.06193183853189829,0.04654378597571221,1.3306145435658367,658,0.7245053272450532,0.91324200913242,1.3509631472412007,LOCKED_S13_STYLE_V_Q_M_ATTENUATION_RUNTIME,PASS_NO_LOOKAHEAD_DAILY_RUNTIME
2025-06-29,0.05008933806840335,0.04655163293467891,1.0759952962055817,659,0.35714285714285715,1.4642857142857144,1.371567250340203,LOCKED_S13_STYLE_V_Q_M_ATTENUATION_RUNTIME,PASS_NO_LOOKAHEAD_DAILY_RUNTIME
2025-06-30,0.04077779648282508,0.04655393745752774,0.8759258337713673,660,0.07587253414264036,1.8861911987860394,1.4651352409667187,LOCKED_S13_STYLE_V_Q_M_ATTENUATION_RUNTIME,PASS_NO_LOOKAHEAD_DAILY_RUNTIME
2025-07-01,0.042036160303755184,0.04655439654126861,0.9029471634648257,661,0.11363636363636363,1.8295454545454546,1.5313916434355797,LOCKED_S13_STYLE_V_Q_M_ATTENUATION_RUNTIME,PASS_NO_LOOKAHEAD_DAILY_RUNTIME
2025-07-02,0.041582292510540735,0.04655387710061969,0.8932079367023811,662,0.09833585476550681,1.8524962178517397,1.589774293329427,LOCKED_S13_STYLE_V_Q_M_ATTENUATION_RUNTIME,PASS_NO_LOOKAHEAD_DAILY_RUNTIME
2025-07-03,0.045556989622049904,0.04655420579069099,0.9785794612601791,663,0.2190332326283988,1.6714501510574018,1.6046244492799677,LOCKED_S13_STYLE_V_Q_M_ATTENUATION_RUNTIME,PASS_NO_LOOKAHEAD_DAILY_RUNTIME
2025-07-04,0.047526944698475335,0.04655718230247425,1.0208294907045856,664,0.28054298642533937,1.579185520361991,1.5999991894766992,LOCKED_S13_STYLE_V_Q_M_ATTENUATION_RUNTIME,PASS_NO_LOOKAHEAD_DAILY_RUNTIME
2025-07-06,0.05279980080313636,0.0465605575313666,1.1340027611904464,665,0.4382530120481928,1.3426204819277108,1.5532030608314285,LOCKED_S13_STYLE_V_Q_M_ATTENUATION_RUNTIME,PASS_NO_LOOKAHEAD_DAILY_RUNTIME
2025-07-07,0.039450246680893905,0.04656645972684223,0.8471815747279938,666,0.055639097744360905,1.9165413533834585,1.619264568568161,LOCKED_S13_STYLE_V_Q_M_ATTENUATION_RUNTIME,PASS_NO_LOOKAHEAD_DAILY_RUNTIME
2025-07-08,0.03774307196576927,0.046566869341728115,0.8105134079079711,667,0.03303303303303303,1.9504504504504505,1.67948018345585,LOCKED_S13_STYLE_V_Q_M_ATTENUATION_RUNTIME,PASS_NO_LOOKAHEAD_DAILY_RUNTIME
2025-07-09,0.040928188150861994,0.04656624204379352,0.8789240092075891,668,0.08245877061469266,1.876311844077961,1.7152677581144153,LOCKED_S13_STYLE_V_Q_M_ATTENUATION_RUNTIME,PASS_NO_LOOKAHEAD_DAILY_RUNTIME
2025-07-10,0.03905087810658913,0.04656378064187634,0.8386535106960235,669,0.04491017964071856,1.9326347305389222,1.754789025827962,LOCKED_S13_STYLE_V_Q_M_ATTENUATION_RUNTIME,PASS_NO_LOOKAHEAD_DAILY_RUNTIME
2025-07-11,0.0503272885877049,0.046563659383098414,1.080827607934367,670,0.37070254110612855,1.4439461883408071,1.698272146284843,LOCKED_S13_STYLE_V_Q_M_ATTENUATION_RUNTIME,PASS_NO_LOOKAHEAD_DAILY_RUNTIME
2025-07-13,0.041957798776725945,0.04656643894932997,0.9010308652199325,671,0.11791044776119403,1.8231343283582089,1.720974361207273,LOCKED_S13_STYLE_V_Q_M_ATTENUATION_RUNTIME,PASS_NO_LOOKAHEAD_DAILY_RUNTIME
2025-07-14,0.05704961018793635,0.0465650961603838,1.2251582170353696,672,0.5752608047690015,1.1371087928464978,1.6148169851416774,LOCKED_S13_STYLE_V_Q_M_ATTENUATION_RUNTIME,PASS_NO_LOOKAHEAD_DAILY_RUNTIME
2025-07-15,0.03683831321098519,0.04657062806014103,0.7910203221526757,673,0.028273809523809524,1.9575892857142858,1.6771392216094243,LOCKED_S13_STYLE_V_Q_M_ATTENUATION_RUNTIME,PASS_NO_LOOKAHEAD_DAILY_RUNTIME
2025-07-16,0.03851897160643067,0.04657084014741906,0.8271049327111051,674,0.04457652303120357,1.9331352154531947,1.723683947762837,LOCKED_S13_STYLE_V_Q_M_ATTENUATION_RUNTIME,PASS_NO_LOOKAHEAD_DAILY_RUNTIME
2025-07-17,0.03599748091666254,0.0465717293667433,0.7729470519161826,675,0.019287833827893175,1.9710682492581602,1.7686629116710773,LOCKED_S13_STYLE_V_Q_M_ATTENUATION_RUNTIME,PASS_NO_LOOKAHEAD_DAILY_RUNTIME
2025-07-18,0.042960596755686226,0.04657089453365454,0.9224773796140135,676,0.14814814814814814,1.7777777777777777,1.7703201600541134,LOCKED_S13_STYLE_V_Q_M_ATTENUATION_RUNTIME,PASS_NO_LOOKAHEAD_DAILY_RUNTIME
2025-07-20,0.04629556341897587,0.04657213692732868,0.9940613953621159,677,0.25443786982248523,1.6183431952662721,1.7426879846381422,LOCKED_S13_STYLE_V_Q_M_ATTENUATION_RUNTIME,PASS_NO_LOOKAHEAD_DAILY_RUNTIME
2025-07-21,0.04314405122332881,0.04657460932435357,0.9263427401584035,678,0.1536189069423929,1.7695716395864105,1.7475759219014635,LOCKED_S13_STYLE_V_Q_M_ATTENUATION_RUNTIME,PASS_NO_LOOKAHEAD_DAILY_RUNTIME
2025-07-22,0.03348390826749102,0.04657513110828943,0.718922469367597,679,0.0058997050147492625,1.991150442477876,1.791862198369902,LOCKED_S13_STYLE_V_Q_M_ATTENUATION_RUNTIME,PASS_NO_LOOKAHEAD_DAILY_RUNTIME
2025-07-23,0.03291347336247732,0.04657094548795914,0.7067383540878949,680,0.0029455081001472753,1.995581737849779,1.8289021146389703,LOCKED_S13_STYLE_V_Q_M_ATTENUATION_RUNTIME,PASS_NO_LOOKAHEAD_DAILY_RUNTIME
2025-07-24,0.033705057071593096,0.04656553535627621,0.7238198125225731,681,0.008823529411764706,1.986764705882353,1.857604403955949,LOCKED_S13_STYLE_V_Q_M_ATTENUATION_RUNTIME,PASS_NO_LOOKAHEAD_DAILY_RUNTIME
2025-07-25,0.03095033614547862,0.04656178042576515,0.664715478284248,682,0.0,2.0,1.8834945123275944,LOCKED_S13_STYLE_V_Q_M_ATTENUATION_RUNTIME,PASS_NO_LOOKAHEAD_DAILY_RUNTIME
2025-07-27,0.030693313002630583,0.046556540291407426,0.6592696280804913,683,0.0,2.0,1.9046773282680318,LOCKED_S13_STYLE_V_Q_M_ATTENUATION_RUNTIME,PASS_NO_LOOKAHEAD_DAILY_RUNTIME
2025-07-28,0.02931477679565219,0.04655213192829995,0.6297193185653258,684,0.0,2.0,1.9220087231283896,LOCKED_S13_STYLE_V_Q_M_ATTENUATION_RUNTIME,PASS_NO_LOOKAHEAD_DAILY_RUNTIME
2025-07-29,0.03436014391510839,0.046539235411622124,0.7383048649425753,685,0.02046783625730994,1.969298245614035,1.9306068181257794,LOCKED_S13_STYLE_V_Q_M_ATTENUATION_RUNTIME,PASS_NO_LOOKAHEAD_DAILY_RUNTIME
2025-07-30,0.03817072959019861,0.04653426101859959,0.8202715323005109,686,0.051094890510948905,1.9233576642335766,1.9292887901453788,LOCKED_S13_STYLE_V_Q_M_ATTENUATION_RUNTIME,PASS_NO_LOOKAHEAD_DAILY_RUNTIME
2025-07-31,0.03985969835467379,0.046530646018866736,0.8566332463665326,687,0.08309037900874636,1.8753644314868805,1.919484361298379,LOCKED_S13_STYLE_V_Q_M_ATTENUATION_RUNTIME,PASS_NO_LOOKAHEAD_DAILY_RUNTIME
2025-08-01,0.05705572428850858,0.04652913851017236,1.2262364212059258,688,0.5880640465793304,1.1179039301310043,1.7737424647224924,LOCKED_S13_STYLE_V_Q_M_ATTENUATION_RUNTIME,PASS_NO_LOOKAHEAD_DAILY_RUNTIME
2025-08-03,0.056872321452331794,0.046534189615030544,1.2221620688536077,689,0.5828488372093024,1.1257267441860463,1.6559214246249565,LOCKED_S13_STYLE_V_Q_M_ATTENUATION_RUNTIME,PASS_NO_LOOKAHEAD_DAILY_RUNTIME
2025-08-04,0.054639413365097124,0.04653857645278832,1.1740671402041445,690,0.49782293178519593,1.2532656023222062,1.5827112751153654,LOCKED_S13_STYLE_V_Q_M_ATTENUATION_RUNTIME,PASS_NO_LOOKAHEAD_DAILY_RUNTIME
2025-08-05,0.052427649732667836,0.04654439751684557,1.1264008673373196,691,0.4405797101449275,1.3391304347826087,1.5384238496003184,LOCKED_S13_STYLE_V_Q_M_ATTENUATION_RUNTIME,PASS_NO_LOOKAHEAD_DAILY_RUNTIME
2025-08-06,0.05260464426529365,0.04654967219151135,1.1300755040523458,692,0.447178002894356,1.329232995658466,1.5003891488836179,LOCKED_S13_STYLE_V_Q_M_ATTENUATION_RUNTIME,PASS_NO_LOOKAHEAD_DAILY_RUNTIME
2025-08-07,0.049816233260435015,0.046555343671710436,1.070043293240816,693,0.36560693641618497,1.4515895953757225,1.4915165027912731,LOCKED_S13_STYLE_V_Q_M_ATTENUATION_RUNTIME,PASS_NO_LOOKAHEAD_DAILY_RUNTIME
2025-08-08,0.04958517998445263,0.046558984688643244,1.0649970207908666,694,0.36363636363636365,1.4545454545454546,1.484794494019306,LOCKED_S13_STYLE_V_Q_M_ATTENUATION_RUNTIME,PASS_NO_LOOKAHEAD_DAILY_RUNTIME
2025-08-10,0.05360529192259294,0.046563500556459844,1.151229853468484,695,0.4711815561959654,1.293227665706052,1.4499641615987142,LOCKED_S13_STYLE_V_Q_M_ATTENUATION_RUNTIME,PASS_NO_LOOKAHEAD_DAILY_RUNTIME
2025-08-11,0.0458133814329319,0.04656836278653664,0.9837876766880236,696,0.24316546762589927,1.6352517985611512,1.4836528228646118,LOCKED_S13_STYLE_V_Q_M_ATTENUATION_RUNTIME,PASS_NO_LOOKAHEAD_DAILY_RUNTIME
2025-08-12,0.04398055508409367,0.04657097412145675,0.9443769625559627,697,0.1882183908045977,1.7176724137931034,1.5262018393970647,LOCKED_S13_STYLE_V_Q_M_ATTENUATION_RUNTIME,PASS_NO_LOOKAHEAD_DAILY_RUNTIME
2025-08-13,0.04970766914740676,0.04657406284699421,1.0672822190906368,698,0.36585365853658536,1.451219512195122,1.5125686889967114,LOCKED_S13_STYLE_V_Q_M_ATTENUATION_RUNTIME,PASS_NO_LOOKAHEAD_DAILY_RUNTIME
2025-08-14,0.046328016702241855,0.0465795654658954,0.9945995897313012,699,0.26504297994269344,1.6024355300859598,1.528908114649302,LOCKED_S13_STYLE_V_Q_M_ATTENUATION_RUNTIME,PASS_NO_LOOKAHEAD_DAILY_RUNTIME
2025-08-15,0.05044880155468646,0.04658478942274671,1.0829457893836267,700,0.38912732474964234,1.4163090128755365,1.5084355506904354,LOCKED_S13_STYLE_V_Q_M_ATTENUATION_RUNTIME,PASS_NO_LOOKAHEAD_DAILY_RUNTIME
2025-08-17,0.04403574777577764,0.0465875645050632,0.9452253674044664,701,0.18857142857142858,1.717142857142857,1.5463823336817848,LOCKED_S13_STYLE_V_Q_M_ATTENUATION_RUNTIME,PASS_NO_LOOKAHEAD_DAILY_RUNTIME
2025-08-18,0.04451096902452766,0.046590874597891976,0.9553580912289116,702,0.21112696148359486,1.6833095577746078,1.5712781926077524,LOCKED_S13_STYLE_V_Q_M_ATTENUATION_RUNTIME,PASS_NO_LOOKAHEAD_DAILY_RUNTIME
2025-08-19,0.0407395396664968,0.04659451092397939,0.8743420385496655,703,0.09116809116809117,1.8632478632478633,1.6243635872695905,LOCKED_S13_STYLE_V_Q_M_ATTENUATION_RUNTIME,PASS_NO_LOOKAHEAD_DAILY_RUNTIME
2025-08-20,0.04008022403323738,0.04659773543309238,0.8601324433627637,704,0.08250355618776671,1.87624466571835,1.6701601469875467,LOCKED_S13_STYLE_V_Q_M_ATTENUATION_RUNTIME,PASS_NO_LOOKAHEAD_DAILY_RUNTIME
2025-08-21,0.046032288573645955,0.046599021257450586,0.9878380989876688,705,0.2556818181818182,1.6164772727272727,1.6603996243947696,LOCKED_S13_STYLE_V_Q_M_ATTENUATION_RUNTIME,PASS_NO_LOOKAHEAD_DAILY_RUNTIME
2025-08-22,0.04530618378953558,0.0466032898240379,0.9721670714792914,706,0.2326241134751773,1.651063829787234,1.6587022071933994,LOCKED_S13_STYLE_V_Q_M_ATTENUATION_RUNTIME,PASS_NO_LOOKAHEAD_DAILY_RUNTIME
2025-08-24,0.042617705115908885,0.046606855406391895,0.9144085080252825,707,0.14872521246458922,1.7769121813031161,1.6801949297588024,LOCKED_S13_STYLE_V_Q_M_ATTENUATION_RUNTIME,PASS_NO_LOOKAHEAD_DAILY_RUNTIME
2025-08-25,0.042088277087859144,0.04660813011121138,0.9030243647928496,708,0.13578500707213578,1.7963224893917964,1.7013090315102557,LOCKED_S13_STYLE_V_Q_M_ATTENUATION_RUNTIME,PASS_NO_LOOKAHEAD_DAILY_RUNTIME
2025-08-26,0.04037906295190932,0.046609784999668884,0.8663215878853802,709,0.08615819209039548,1.8707627118644068,1.7321187915746465,LOCKED_S13_STYLE_V_Q_M_ATTENUATION_RUNTIME,PASS_NO_LOOKAHEAD_DAILY_RUNTIME
2025-08-27,0.04362540190584643,0.046613618979935365,0.9358939052688614,710,0.1847672778561354,1.722849083215797,1.7304333900548556,LOCKED_S13_STYLE_V_Q_M_ATTENUATION_RUNTIME,PASS_NO_LOOKAHEAD_DAILY_RUNTIME
2025-08-28,0.03981938967319947,0.04661621088799496,0.8541961887222826,711,0.07746478873239436,1.8838028169014085,1.7583187403905924,LOCKED_S13_STYLE_V_Q_M_ATTENUATION_RUNTIME,PASS_NO_LOOKAHEAD_DAILY_RUNTIME
2025-08-29,0.03975450809822872,0.04661605039601529,0.8528073005006642,712,0.0759493670886076,1.8860759493670887,1.7815473238408643,LOCKED_S13_STYLE_V_Q_M_ATTENUATION_RUNTIME,PASS_NO_LOOKAHEAD_DAILY_RUNTIME
2025-08-31,0.03702391026537632,0.0466152507295863,0.794244580601978,713,0.04073033707865169,1.9389044943820224,1.810157718484711,LOCKED_S13_STYLE_V_Q_M_ATTENUATION_RUNTIME,PASS_NO_LOOKAHEAD_DAILY_RUNTIME
2025-09-01,0.03571095615220735,0.04661761829922423,0.7660399105546245,714,0.02664796633941094,1.9600280504908836,1.8374068697585604,LOCKED_S13_STYLE_V_Q_M_ATTENUATION_RUNTIME,PASS_NO_LOOKAHEAD_DAILY_RUNTIME
2025-09-02,0.03515678249474041,0.04661918254496114,0.7541269618109242,715,0.022408963585434174,1.9663865546218486,1.8608577215518853,LOCKED_S13_STYLE_V_Q_M_ATTENUATION_RUNTIME,PASS_NO_LOOKAHEAD_DAILY_RUNTIME
2025-09-03,0.036026909532324305,0.04662227541536738,0.7727402665647098,716,0.03076923076923077,1.9538461538461538,1.8777647092417522,LOCKED_S13_STYLE_V_Q_M_ATTENUATION_RUNTIME,PASS_NO_LOOKAHEAD_DAILY_RUNTIME
2025-09-04,0.04674042126640791,0.04662177013821704,1.0025449726134188,717,0.2905027932960894,1.5642458100558658,1.8207612730261364,LOCKED_S13_STYLE_V_Q_M_ATTENUATION_RUNTIME,PASS_NO_LOOKAHEAD_DAILY_RUNTIME
2025-09-05,0.04299189179262096,0.04662716406116725,0.9220353126392717,718,0.16596931659693165,1.7510460251046025,1.8080857734040392,LOCKED_S13_STYLE_V_Q_M_ATTENUATION_RUNTIME,PASS_NO_LOOKAHEAD_DAILY_RUNTIME
2025-09-07,0.03776506744564116,0.04663113448295126,0.8098680820096366,719,0.04874651810584958,1.9268802228412256,1.8296847642108003,LOCKED_S13_STYLE_V_Q_M_ATTENUATION_RUNTIME,PASS_NO_LOOKAHEAD_DAILY_RUNTIME
2025-09-08,0.07659819047015327,0.046635135504682804,1.6424995797956194,720,0.9248956884561892,0.6126564673157162,1.6084068920480576,LOCKED_S13_STYLE_V_Q_M_ATTENUATION_RUNTIME,PASS_NO_LOOKAHEAD_DAILY_RUNTIME
2025-09-09,0.03447262805383607,0.046654788804345315,0.7388872383155097,721,0.020833333333333332,1.96875,1.6739238207665925,LOCKED_S13_STYLE_V_Q_M_ATTENUATION_RUNTIME,PASS_NO_LOOKAHEAD_DAILY_RUNTIME
2025-09-10,0.034151496357601285,0.04665837604873681,0.7319478140844098,722,0.015256588072122053,1.977115117891817,1.7290495111529967,LOCKED_S13_STYLE_V_Q_M_ATTENUATION_RUNTIME,PASS_NO_LOOKAHEAD_DAILY_RUNTIME
2025-09-11,0.035460901369533795,0.04666177659368405,0.7599560916489759,723,0.02631578947368421,1.9605263157894737,1.7711362029050832,LOCKED_S13_STYLE_V_Q_M_ATTENUATION_RUNTIME,PASS_NO_LOOKAHEAD_DAILY_RUNTIME
2025-09-12,0.03297093026934583,0.04666502911511654,0.7065447272734118,724,0.006915629322268326,1.9896265560165975,1.8108617216526313,LOCKED_S13_STYLE_V_Q_M_ATTENUATION_RUNTIME,PASS_NO_LOOKAHEAD_DAILY_RUNTIME
2025-09-14,0.0324711049869263,0.04666757645842822,0.6957958276631693,725,0.004143646408839779,1.9937845303867403,1.844120414149742,LOCKED_S13_STYLE_V_Q_M_ATTENUATION_RUNTIME,PASS_NO_LOOKAHEAD_DAILY_RUNTIME
2025-09-15,0.03490527727651476,0.046668646789704823,0.7479384914202166,726,0.02620689655172414,1.9606896551724138,1.8653148216084094,LOCKED_S13_STYLE_V_Q_M_ATTENUATION_RUNTIME,PASS_NO_LOOKAHEAD_DAILY_RUNTIME
2025-09-16,0.03127126037790398,0.04667154892926759,0.6700283383629865,727,0.004132231404958678,1.993801652892562,1.8886760636600735,LOCKED_S13_STYLE_V_Q_M_ATTENUATION_RUNTIME,PASS_NO_LOOKAHEAD_DAILY_RUNTIME
2025-09-18,0.03659371448816166,0.04667430029842799,0.7840227760070814,728,0.048143053645116916,1.9277854195323245,1.8957868556368465,LOCKED_S13_STYLE_V_Q_M_ATTENUATION_RUNTIME,PASS_NO_LOOKAHEAD_DAILY_RUNTIME
2025-09-19,0.03544930711809919,0.04667937203461084,0.7594212512502306,729,0.03159340659340659,1.95260989010989,1.906118316450127,LOCKED_S13_STYLE_V_Q_M_ATTENUATION_RUNTIME,PASS_NO_LOOKAHEAD_DAILY_RUNTIME
2025-09-21,0.04142989224779552,0.0466810602528178,0.8875096671630268,730,0.13168724279835392,1.8024691358024691,1.8872730108778255,LOCKED_S13_STYLE_V_Q_M_ATTENUATION_RUNTIME,PASS_NO_LOOKAHEAD_DAILY_RUNTIME
2025-09-22,0.038053636542650586,0.0466850484611958,0.8151139989557992,731,0.06438356164383562,1.9034246575342466,1.8902096739062655,LOCKED_S13_STYLE_V_Q_M_ATTENUATION_RUNTIME,PASS_NO_LOOKAHEAD_DAILY_RUNTIME
2025-09-23,0.03390899488675675,0.046687759276254105,0.7262930458091876,732,0.019151846785225718,1.9712722298221614,1.9049483204364284,LOCKED_S13_STYLE_V_Q_M_ATTENUATION_RUNTIME,PASS_NO_LOOKAHEAD_DAILY_RUNTIME
2025-09-25,0.03699176863115378,0.046689031563213294,0.7923010478610982,733,0.056010928961748634,1.915983606557377,1.9069547360947827,LOCKED_S13_STYLE_V_Q_M_ATTENUATION_RUNTIME,PASS_NO_LOOKAHEAD_DAILY_RUNTIME
2025-09-26,0.036557780452779055,0.04668861605270726,0.7830127243760792,734,0.0504774897680764,1.9242837653478855,1.9101054686862557,LOCKED_S13_STYLE_V_Q_M_ATTENUATION_RUNTIME,PASS_NO_LOOKAHEAD_DAILY_RUNTIME
2025-09-28,0.03586237946701907,0.04669101158033358,0.7680788711402524,735,0.04087193460490463,1.938692098092643,1.915303037669235,LOCKED_S13_STYLE_V_Q_M_ATTENUATION_RUNTIME,PASS_NO_LOOKAHEAD_DAILY_RUNTIME
2025-09-29,0.03501331821161775,0.04669340753281926,0.7498557090100576,736,0.029931972789115645,1.9551020408163264,1.9225392200596152,LOCKED_S13_STYLE_V_Q_M_ATTENUATION_RUNTIME,PASS_NO_LOOKAHEAD_DAILY_RUNTIME
2025-09-30,0.036034551496969554,0.04669433947407846,0.7717113445190397,737,0.04483695652173913,1.9327445652173914,1.924394737361029,LOCKED_S13_STYLE_V_Q_M_ATTENUATION_RUNTIME,PASS_NO_LOOKAHEAD_DAILY_RUNTIME
2025-10-01,0.04740734053473062,0.04669462357087673,1.0152633624462584,738,0.32971506105834464,1.505427408412483,1.8482188593703843,LOCKED_S13_STYLE_V_Q_M_ATTENUATION_RUNTIME,PASS_NO_LOOKAHEAD_DAILY_RUNTIME
2025-10-02,0.03457323961230536,0.046702981030433875,0.7402790753287418,739,0.028455284552845527,1.9573170731707317,1.8680548982431746,LOCKED_S13_STYLE_V_Q_M_ATTENUATION_RUNTIME,PASS_NO_LOOKAHEAD_DAILY_RUNTIME
2025-10-03,0.03588159732509936,0.04670662601271196,0.7682335545995895,740,0.044654939106901215,1.9330175913396481,1.8798662969879878,LOCKED_S13_STYLE_V_Q_M_ATTENUATION_RUNTIME,PASS_NO_LOOKAHEAD_DAILY_RUNTIME
2025-10-05,0.03535012111922967,0.04670942728467511,0.7568091319935256,741,0.03513513513513514,1.9472972972972973,1.8921264788624075,LOCKED_S13_STYLE_V_Q_M_ATTENUATION_RUNTIME,PASS_NO_LOOKAHEAD_DAILY_RUNTIME
2025-10-06,0.036509668166044756,0.04671222919701829,0.7815869375888236,742,0.058029689608636977,1.9129554655870444,1.8959135673577958,LOCKED_S13_STYLE_V_Q_M_ATTENUATION_RUNTIME,PASS_NO_LOOKAHEAD_DAILY_RUNTIME
2025-10-07,0.033389447274268964,0.04671293858277574,0.7147794227310827,743,0.012129380053908356,1.9818059299191375,1.911530360550767,LOCKED_S13_STYLE_V_Q_M_ATTENUATION_RUNTIME,PASS_NO_LOOKAHEAD_DAILY_RUNTIME
2025-10-08,0.03216222675794243,0.04671313120168594,0.6885050505195348,744,0.005383580080753701,1.9919246298788695,1.9261475004286037,LOCKED_S13_STYLE_V_Q_M_ATTENUATION_RUNTIME,PASS_NO_LOOKAHEAD_DAILY_RUNTIME
2025-10-09,0.03144911819330081,0.04671453109801717,0.6732191772901193,745,0.005376344086021506,1.9919354838709677,1.9381089519635788,LOCKED_S13_STYLE_V_Q_M_ATTENUATION_RUNTIME,PASS_NO_LOOKAHEAD_DAILY_RUNTIME
2025-10-10,0.0396238985062203,0.04671525229157334,0.8482004605028708,746,0.1087248322147651,1.8369127516778523,1.9197096428207192,LOCKED_S13_STYLE_V_Q_M_ATTENUATION_RUNTIME,PASS_NO_LOOKAHEAD_DAILY_RUNTIME
2025-10-12,0.040018335026789496,0.04671941877560948,0.8565674846897202,747,0.11796246648793565,1.8230563002680964,1.9021363078111513,LOCKED_S13_STYLE_V_Q_M_ATTENUATION_RUNTIME,PASS_NO_LOOKAHEAD_DAILY_RUNTIME
2025-10-13,0.043105502000321434,0.04672404001526147,0.9225551126623873,748,0.1994645247657296,1.7008032128514057,1.865530290545743,LOCKED_S13_STYLE_V_Q_M_ATTENUATION_RUNTIME,PASS_NO_LOOKAHEAD_DAILY_RUNTIME
2025-10-14,0.04245577299761518,0.04672937667360973,0.9085456734027431,749,0.17914438502673796,1.7312834224598932,1.8411217690755883,LOCKED_S13_STYLE_V_Q_M_ATTENUATION_RUNTIME,PASS_NO_LOOKAHEAD_DAILY_RUNTIME
2025-10-15,0.043086468819326845,0.04673504390493547,0.9219306374670311,750,0.19626168224299065,1.705607476635514,1.8164828068137564,LOCKED_S13_STYLE_V_Q_M_ATTENUATION_RUNTIME,PASS_NO_LOOKAHEAD_DAILY_RUNTIME
2025-10-16,0.040523189625145124,0.046741374989058934,0.8669661436924065,751,0.12533333333333332,1.812,1.815667751029437,LOCKED_S13_STYLE_V_Q_M_ATTENUATION_RUNTIME,PASS_NO_LOOKAHEAD_DAILY_RUNTIME
2025-10-17,0.04353895782358747,0.04674449428739928,0.9314242989965149,752,0.21571238348868177,1.6764314247669774,1.7903520553453534,LOCKED_S13_STYLE_V_Q_M_ATTENUATION_RUNTIME,PASS_NO_LOOKAHEAD_DAILY_RUNTIME
2025-10-19,0.042726302114553666,0.04675142581590664,0.9139037231248791,753,0.18882978723404256,1.7167553191489362,1.7769708305823684,LOCKED_S13_STYLE_V_Q_M_ATTENUATION_RUNTIME,PASS_NO_LOOKAHEAD_DAILY_RUNTIME
2025-10-20,0.040405947196156436,0.04675724864785421,0.8641643459491869,754,0.12084993359893759,1.8187250996015936,1.784562515858591,LOCKED_S13_STYLE_V_Q_M_ATTENUATION_RUNTIME,PASS_NO_LOOKAHEAD_DAILY_RUNTIME
2025-10-21,0.03801295276810207,0.046761879386551575,0.8129047263877585,755,0.07957559681697612,1.8806366047745358,1.8020305320251262,LOCKED_S13_STYLE_V_Q_M_ATTENUATION_RUNTIME,PASS_NO_LOOKAHEAD_DAILY_RUNTIME
2025-10-22,0.03935957723608743,0.04676563151174793,0.8416346783684502,756,0.09668874172185431,1.8549668874172185,1.8116553239145974,LOCKED_S13_STYLE_V_Q_M_ATTENUATION_RUNTIME,PASS_NO_LOOKAHEAD_DAILY_RUNTIME
2025-10-23,0.0389416326556882,0.04677071372561103,0.8326071927006808,757,0.09126984126984126,1.8630952380952381,1.8210080355838048,LOCKED_S13_STYLE_V_Q_M_ATTENUATION_RUNTIME,PASS_NO_LOOKAHEAD_DAILY_RUNTIME
2025-10-24,0.03968452888876283,0.04677527823749343,0.8484081844959096,758,0.11228533685601057,1.831571994715984,1.8229287554260192,LOCKED_S13_STYLE_V_Q_M_ATTENUATION_RUNTIME,PASS_NO_LOOKAHEAD_DAILY_RUNTIME
2025-10-26,0.03696658591009883,0.046780342186689985,0.7902162357550395,759,0.06728232189973615,1.8990765171503958,1.8367738030122693,LOCKED_S13_STYLE_V_Q_M_ATTENUATION_RUNTIME,PASS_NO_LOOKAHEAD_DAILY_RUNTIME
2025-10-27,0.04636305365764449,0.04678463630586034,0.9909888655442418,760,0.310935441370224,1.533596837944664,1.781650718454523,LOCKED_S13_STYLE_V_Q_M_ATTENUATION_RUNTIME,PASS_NO_LOOKAHEAD_DAILY_RUNTIME
2025-10-28,0.034855221464769395,0.04679283325541573,0.7448837576154956,761,0.03289473684210526,1.950657894736842,1.8123792959603988,LOCKED_S13_STYLE_V_Q_M_ATTENUATION_RUNTIME,PASS_NO_LOOKAHEAD_DAILY_RUNTIME
2025-10-29,0.04064455629897307,0.046791346024997196,0.8686340477843841,762,0.13534822601839686,1.7969776609724046,1.8095789986898543,LOCKED_S13_STYLE_V_Q_M_ATTENUATION_RUNTIME,PASS_NO_LOOKAHEAD_DAILY_RUNTIME
2025-10-30,0.039825117190832204,0.0467960513017111,0.8510358477484616,763,0.1167979002624672,1.824803149606299,1.8123470261292076,LOCKED_S13_STYLE_V_Q_M_ATTENUATION_RUNTIME,PASS_NO_LOOKAHEAD_DAILY_RUNTIME
2025-10-31,0.04087655193620351,0.04680221644567012,0.8733892332568189,764,0.1402359108781127,1.7896461336828309,1.8082195911389574,LOCKED_S13_STYLE_V_Q_M_ATTENUATION_RUNTIME,PASS_NO_LOOKAHEAD_DAILY_RUNTIME
2025-11-02,0.046735902298464006,0.04680639011299496,0.9984940557398084,765,0.32460732984293195,1.513089005235602,1.7545594846110746,LOCKED_S13_STYLE_V_Q_M_ATTENUATION_RUNTIME,PASS_NO_LOOKAHEAD_DAILY_RUNTIME
2025-11-03,0.0362999834203468,0.04681040162849129,0.7754683180981876,766,0.05751633986928104,1.9137254901960785,1.7834987583538024,LOCKED_S13_STYLE_V_Q_M_ATTENUATION_RUNTIME,PASS_NO_LOOKAHEAD_DAILY_RUNTIME
2025-11-04,0.035508151950099875,0.04681148517476096,0.7585350436444723,767,0.04046997389033943,1.9392950391644908,1.8118253548648366,LOCKED_S13_STYLE_V_Q_M_ATTENUATION_RUNTIME,PASS_NO_LOOKAHEAD_DAILY_RUNTIME
2025-11-05,0.03850265304911785,0.046813441615437684,0.8224700368199551,768,0.09256844850065189,1.8611473272490222,1.8207929862074157,LOCKED_S13_STYLE_V_Q_M_ATTENUATION_RUNTIME,PASS_NO_LOOKAHEAD_DAILY_RUNTIME
2025-11-06,0.04038494348647143,0.04681686754690746,0.8626152410989125,769,0.13151041666666666,1.802734375,1.8175096023515218,LOCKED_S13_STYLE_V_Q_M_ATTENUATION_RUNTIME,PASS_NO_LOOKAHEAD_DAILY_RUNTIME
2025-11-07,0.04589908237237022,0.0468210666879189,0.9803083444959921,770,0.29908972691807545,1.5513654096228868,1.7691197491281336,LOCKED_S13_STYLE_V_Q_M_ATTENUATION_RUNTIME,PASS_NO_LOOKAHEAD_DAILY_RUNTIME
2025-11-09,0.037773229546327884,0.04682688049436699,0.8066569702603142,771,0.07922077922077922,1.8811688311688313,1.7894923094991695,LOCKED_S13_STYLE_V_Q_M_ATTENUATION_RUNTIME,PASS_NO_LOOKAHEAD_DAILY_RUNTIME
2025-11-10,0.03987624350635493,0.04682985682920783,0.8515132483062403,772,0.1219195849546044,1.8171206225680934,1.7945156391480648,LOCKED_S13_STYLE_V_Q_M_ATTENUATION_RUNTIME,PASS_NO_LOOKAHEAD_DAILY_RUNTIME
2025-11-11,0.037678208186671586,0.04683088805599689,0.8045589086762307,773,0.07772020725388601,1.883419689119171,1.8106800118700839,LOCKED_S13_STYLE_V_Q_M_ATTENUATION_RUNTIME,PASS_NO_LOOKAHEAD_DAILY_RUNTIME
2025-11-12,0.036316361090675806,0.04683331543003057,0.7754386115356878,774,0.05821474773609314,1.9126778783958602,1.8292250785111341,LOCKED_S13_STYLE_V_Q_M_ATTENUATION_RUNTIME,PASS_NO_LOOKAHEAD_DAILY_RUNTIME
2025-11-13,0.03821946860954026,0.04683422186765755,0.8160585803590257,775,0.08914728682170543,1.8662790697674418,1.8359621678304627,LOCKED_S13_STYLE_V_Q_M_ATTENUATION_RUNTIME,PASS_NO_LOOKAHEAD_DAILY_RUNTIME
2025-11-14,0.03605648824022134,0.04683618023167865,0.7698426315268504,776,0.05290322580645161,1.9206451612903226,1.8513590757322556,LOCKED_S13_STYLE_V_Q_M_ATTENUATION_RUNTIME,PASS_NO_LOOKAHEAD_DAILY_RUNTIME
2025-11-16,0.035528747005996626,0.04683919723238451,0.7585259591390293,777,0.03994845360824742,1.9400773195876289,1.8674896655241415,LOCKED_S13_STYLE_V_Q_M_ATTENUATION_RUNTIME,PASS_NO_LOOKAHEAD_DAILY_RUNTIME
2025-11-17,0.04965192139526706,0.046840910826393585,1.0600118682425266,778,0.4195624195624196,1.3706563706563706,1.7771563391845469,LOCKED_S13_STYLE_V_Q_M_ATTENUATION_RUNTIME,PASS_NO_LOOKAHEAD_DAILY_RUNTIME
2025-11-18,0.03649646487159959,0.04684845167824372,0.7790324666919236,779,0.06426735218508997,1.9035989717223651,1.8001459087368772,LOCKED_S13_STYLE_V_Q_M_ATTENUATION_RUNTIME,PASS_NO_LOOKAHEAD_DAILY_RUNTIME
2025-11-19,0.03428831683791951,0.046851383655359125,0.7318528112242298,780,0.023106546854942234,1.9653401797175867,1.8301812307333698,LOCKED_S13_STYLE_V_Q_M_ATTENUATION_RUNTIME,PASS_NO_LOOKAHEAD_DAILY_RUNTIME
2025-11-20,0.035547362392082685,0.04685292164790157,0.7587010829168807,781,0.04358974358974359,1.9346153846153846,1.849169258711918,LOCKED_S13_STYLE_V_Q_M_ATTENUATION_RUNTIME,PASS_NO_LOOKAHEAD_DAILY_RUNTIME
2025-11-21,0.03428936985895392,0.046855618743079044,0.7318091357830749,782,0.023047375160051217,1.9654289372599232,1.8703073820842824,LOCKED_S13_STYLE_V_Q_M_ATTENUATION_RUNTIME,PASS_NO_LOOKAHEAD_DAILY_RUNTIME
2025-11-23,0.04367440574127642,0.04685764930615301,0.9320656581793448,783,0.2442455242966752,1.6336317135549872,1.827275442351683,LOCKED_S13_STYLE_V_Q_M_ATTENUATION_RUNTIME,PASS_NO_LOOKAHEAD_DAILY_RUNTIME
2025-11-24,0.03865279560983837,0.04686286787291265,0.8248064483518345,784,0.10472541507024266,1.842911877394636,1.8301184305413107,LOCKED_S13_STYLE_V_Q_M_ATTENUATION_RUNTIME,PASS_NO_LOOKAHEAD_DAILY_RUNTIME
2025-11-25,0.03163992695044575,0.04686543481317519,0.6751228720393921,785,0.006377551020408163,1.9904336734693877,1.8592666565282336,LOCKED_S13_STYLE_V_Q_M_ATTENUATION_RUNTIME,PASS_NO_LOOKAHEAD_DAILY_RUNTIME
2025-11-26,0.031865972711954495,0.0468649145238655,0.6799537145368538,786,0.007643312101910828,1.9885350318471338,1.8827699974953063,LOCKED_S13_STYLE_V_Q_M_ATTENUATION_RUNTIME,PASS_NO_LOOKAHEAD_DAILY_RUNTIME
2025-11-27,0.030142954173497688,0.04686574043358996,0.6431767405064491,787,0.001272264631043257,1.998091603053435,1.9037375621422388,LOCKED_S13_STYLE_V_Q_M_ATTENUATION_RUNTIME,PASS_NO_LOOKAHEAD_DAILY_RUNTIME
2025-11-30,0.0307586026555577,0.04686570137154743,0.6563137167564405,788,0.0025412960609911056,1.9961880559085134,1.920546742827016,LOCKED_S13_STYLE_V_Q_M_ATTENUATION_RUNTIME,PASS_NO_LOOKAHEAD_DAILY_RUNTIME
2025-12-01,0.03912648971358798,0.046866205011222,0.8348550881006738,789,0.11548223350253807,1.8267766497461928,1.903497634994139,LOCKED_S13_STYLE_V_Q_M_ATTENUATION_RUNTIME,PASS_NO_LOOKAHEAD_DAILY_RUNTIME
2025-12-02,0.03100953973453743,0.04686950491097231,0.6616144077783503,790,0.005069708491761723,1.9923954372623573,1.9196608717701786,LOCKED_S13_STYLE_V_Q_M_ATTENUATION_RUNTIME,PASS_NO_LOOKAHEAD_DAILY_RUNTIME
2025-12-03,0.031010807751113024,0.04686795994322211,0.66166327249321,791,0.006329113924050633,1.990506329113924,1.932541864014496,LOCKED_S13_STYLE_V_Q_M_ATTENUATION_RUNTIME,PASS_NO_LOOKAHEAD_DAILY_RUNTIME
2025-12-04,0.0315086480352453,0.04686830290755216,0.6722805410171601,792,0.010113780025284451,1.9848293299620734,1.9420486760049644,LOCKED_S13_STYLE_V_Q_M_ATTENUATION_RUNTIME,PASS_NO_LOOKAHEAD_DAILY_RUNTIME
2025-12-05,0.030527546610895455,0.04686920075374066,0.6513349090651824,793,0.0025252525252525255,1.996212121212121,1.9518965751335382,LOCKED_S13_STYLE_V_Q_M_ATTENUATION_RUNTIME,PASS_NO_LOOKAHEAD_DAILY_RUNTIME
2025-12-07,0.044908046244702175,0.04686817361646001,0.958177858864348,794,0.29255989911727615,1.5611601513240858,1.880853588986365,LOCKED_S13_STYLE_V_Q_M_ATTENUATION_RUNTIME,PASS_NO_LOOKAHEAD_DAILY_RUNTIME
2025-12-08,0.029348640081140322,0.04687373277523475,0.6261212483731693,795,0.0,2.0,1.9025165728070257,LOCKED_S13_STYLE_V_Q_M_ATTENUATION_RUNTIME,PASS_NO_LOOKAHEAD_DAILY_RUNTIME
2025-12-09,0.02975214430532663,0.04687304381897109,0.6347389006831458,796,0.0025157232704402514,1.9962264150943396,1.9195547259501735,LOCKED_S13_STYLE_V_Q_M_ATTENUATION_RUNTIME,PASS_NO_LOOKAHEAD_DAILY_RUNTIME
2025-12-10,0.030856462536278013,0.04686851770904434,0.6583622449472849,797,0.007537688442211055,1.9886934673366834,1.9321254062022661,LOCKED_S13_STYLE_V_Q_M_ATTENUATION_RUNTIME,PASS_NO_LOOKAHEAD_DAILY_RUNTIME
2025-12-11,0.029837356479303474,0.046866502965673094,0.6366456763620181,798,0.0037641154328732747,1.9943538268506902,1.9434396645019794,LOCKED_S13_STYLE_V_Q_M_ATTENUATION_RUNTIME,PASS_NO_LOOKAHEAD_DAILY_RUNTIME
2025-12-12,0.030439777940224077,0.046866625852382056,0.6494979612166156,799,0.006265664160401002,1.9906015037593985,1.9520145443669645,LOCKED_S13_STYLE_V_Q_M_ATTENUATION_RUNTIME,PASS_NO_LOOKAHEAD_DAILY_RUNTIME
2025-12-14,0.03655402556961607,0.04686741351911165,0.779945442363915,800,0.0851063829787234,1.872340425531915,1.93752834094241,LOCKED_S13_STYLE_V_Q_M_ATTENUATION_RUNTIME,PASS_NO_LOOKAHEAD_DAILY_RUNTIME
2025-12-15,0.036159163524901644,0.04686776679177423,0.7715145397379579,801,0.07375,1.889375,1.92877318804379,LOCKED_S13_STYLE_V_Q_M_ATTENUATION_RUNTIME,PASS_NO_LOOKAHEAD_DAILY_RUNTIME
2025-12-16,0.026094281150862292,0.04686740075411645,0.5567682596217026,802,0.0,2.0,1.9417235174903733,LOCKED_S13_STYLE_V_Q_M_ATTENUATION_RUNTIME,PASS_NO_LOOKAHEAD_DAILY_RUNTIME
2025-12-17,0.0274256116099189,0.04686147607979732,0.5852485645825076,803,0.0012468827930174563,1.9981296758104738,1.9519791826394823,LOCKED_S13_STYLE_V_Q_M_ATTENUATION_RUNTIME,PASS_NO_LOOKAHEAD_DAILY_RUNTIME
2025-12-18,0.025116210276145665,0.0468579538040827,0.5360074061526201,804,0.0,2.0,1.9607102403413945,LOCKED_S13_STYLE_V_Q_M_ATTENUATION_RUNTIME,PASS_NO_LOOKAHEAD_DAILY_RUNTIME
2025-12-19,0.030804046055236487,0.04685245144470254,0.6574692487882489,805,0.013681592039800995,1.9794776119402986,1.9641224897230134,LOCKED_S13_STYLE_V_Q_M_ATTENUATION_RUNTIME,PASS_NO_LOOKAHEAD_DAILY_RUNTIME
2025-12-21,0.02428559054090343,0.04684946200143946,0.5183750144272147,806,0.0,2.0,1.970645673409738,LOCKED_S13_STYLE_V_Q_M_ATTENUATION_RUNTIME,PASS_NO_LOOKAHEAD_DAILY_RUNTIME
2025-12-22,0.02896674682502568,0.04684486251269003,0.6183548263628427,807,0.004962779156327543,1.9925558312655087,1.9746293384744236,LOCKED_S13_STYLE_V_Q_M_ATTENUATION_RUNTIME,PASS_NO_LOOKAHEAD_DAILY_RUNTIME
2025-12-23,0.023758067780728177,0.04684225645310868,0.5071930683892466,808,0.0,2.0,1.9792421860245284,LOCKED_S13_STYLE_V_Q_M_ATTENUATION_RUNTIME,PASS_NO_LOOKAHEAD_DAILY_RUNTIME
2025-12-24,0.022725601060772673,0.046838198612044565,0.4851937464334661,809,0.0,2.0,1.9830163340200686,LOCKED_S13_STYLE_V_Q_M_ATTENUATION_RUNTIME,PASS_NO_LOOKAHEAD_DAILY_RUNTIME
2025-12-25,0.022075743580674215,0.046833758515448715,0.4713639110000588,810,0.0,2.0,1.986104273289147,LOCKED_S13_STYLE_V_Q_M_ATTENUATION_RUNTIME,PASS_NO_LOOKAHEAD_DAILY_RUNTIME
2025-12-26,0.025813641646422206,0.046827150797964144,0.5512537322160647,811,0.006172839506172839,1.9907407407407407,1.986947267371255,LOCKED_S13_STYLE_V_Q_M_ATTENUATION_RUNTIME,PASS_NO_LOOKAHEAD_DAILY_RUNTIME
2025-12-28,0.023735087232849016,0.046824760067818376,0.5068918067806955,812,0.002466091245376079,1.9963008631319359,1.988647921145924,LOCKED_S13_STYLE_V_Q_M_ATTENUATION_RUNTIME,PASS_NO_LOOKAHEAD_DAILY_RUNTIME
2025-12-29,0.029385561939666217,0.046821843926059946,0.6276036882714672,813,0.013546798029556651,1.979679802955665,1.9870173542022405,LOCKED_S13_STYLE_V_Q_M_ATTENUATION_RUNTIME,PASS_NO_LOOKAHEAD_DAILY_RUNTIME
2025-12-30,0.02272231332762152,0.04682001861466189,0.48531192425681635,814,0.0024600246002460025,1.996309963099631,1.9887069194563112,LOCKED_S13_STYLE_V_Q_M_ATTENUATION_RUNTIME,PASS_NO_LOOKAHEAD_DAILY_RUNTIME
2025-12-31,0.022631421455303644,0.04681535887741282,0.48341873261218793,815,0.0012285012285012285,1.9981572481572483,1.9904251610382997,LOCKED_S13_STYLE_V_Q_M_ATTENUATION_RUNTIME,PASS_NO_LOOKAHEAD_DAILY_RUNTIME
2026-01-01,0.024541201570032655,0.04681090281421048,0.5242625135309852,816,0.008588957055214725,1.987116564417178,1.9898235980162773,LOCKED_S13_STYLE_V_Q_M_ATTENUATION_RUNTIME,PASS_NO_LOOKAHEAD_DAILY_RUNTIME
2026-01-02,0.023406441767481544,0.046807680523869,0.5000555786041506,817,0.004901960784313725,1.9926470588235294,1.9903369545266867,LOCKED_S13_STYLE_V_Q_M_ATTENUATION_RUNTIME,PASS_NO_LOOKAHEAD_DAILY_RUNTIME
2026-01-04,0.020770286250293077,0.04680506243724078,0.44376153280733693,818,0.0,2.0,1.9920938718854706,LOCKED_S13_STYLE_V_Q_M_ATTENUATION_RUNTIME,PASS_NO_LOOKAHEAD_DAILY_RUNTIME
2026-01-05,0.021587796285658552,0.04680139118809944,0.46126398676686886,819,0.0012224938875305623,1.9981662591687042,1.9931979423006039,LOCKED_S13_STYLE_V_Q_M_ATTENUATION_RUNTIME,PASS_NO_LOOKAHEAD_DAILY_RUNTIME
2026-01-06,0.024115481127269682,0.04679700064504718,0.5153210845751495,820,0.01098901098901099,1.9835164835164836,1.9914376770671272,LOCKED_S13_STYLE_V_Q_M_ATTENUATION_RUNTIME,PASS_NO_LOOKAHEAD_DAILY_RUNTIME
2026-01-07,0.02854538396726861,0.04679360233798075,0.6100274939529352,821,0.01951219512195122,1.9707317073170731,1.98767295529439,LOCKED_S13_STYLE_V_Q_M_ATTENUATION_RUNTIME,PASS_NO_LOOKAHEAD_DAILY_RUNTIME
2026-01-08,0.01926858936930438,0.04679111278558996,0.4118001949985349,822,0.0,2.0,1.9899142361499553,LOCKED_S13_STYLE_V_Q_M_ATTENUATION_RUNTIME,PASS_NO_LOOKAHEAD_DAILY_RUNTIME
2026-01-09,0.019401965296277864,0.04678656100152593,0.4146909899115063,823,0.0012165450121654502,1.9981751824817517,1.9914162263921,LOCKED_S13_STYLE_V_Q_M_ATTENUATION_RUNTIME,PASS_NO_LOOKAHEAD_DAILY_RUNTIME
2026-01-11,0.02100537487726565,0.04678241639059093,0.4490014945335388,824,0.0036452004860267314,1.99453219927096,1.991982766915529,LOCKED_S13_STYLE_V_Q_M_ATTENUATION_RUNTIME,PASS_NO_LOOKAHEAD_DAILY_RUNTIME
2026-01-12,0.022160042189557735,0.04677974706831393,0.4737101754140896,825,0.007281553398058253,1.9890776699029127,1.9914545674586894,LOCKED_S13_STYLE_V_Q_M_ATTENUATION_RUNTIME,PASS_NO_LOOKAHEAD_DAILY_RUNTIME
2026-01-13,0.016837478113025623,0.046775184504557595,0.35996604377658936,826,0.0,2.0,1.9930082824662003,LOCKED_S13_STYLE_V_Q_M_ATTENUATION_RUNTIME,PASS_NO_LOOKAHEAD_DAILY_RUNTIME
2026-01-14,0.022012325084284537,0.046771579639975816,0.4706346301263371,827,0.007263922518159807,1.9891041162227603,1.992298434058302,LOCKED_S13_STYLE_V_Q_M_ATTENUATION_RUNTIME,PASS_NO_LOOKAHEAD_DAILY_RUNTIME
2026-01-15,0.023891360383329292,0.04677005824482185,0.5108259702878267,828,0.018137847642079808,1.9727932285368803,1.988752033054407,LOCKED_S13_STYLE_V_Q_M_ATTENUATION_RUNTIME,PASS_NO_LOOKAHEAD_DAILY_RUNTIME
2026-01-16,0.030882107447357615,0.046769574150202595,0.6603033704813804,829,0.04468599033816425,1.9329710144927537,1.9786100296795608,LOCKED_S13_STYLE_V_Q_M_ATTENUATION_RUNTIME,PASS_NO_LOOKAHEAD_DAILY_RUNTIME
2026-01-18,0.023230855048311457,0.046770556281154764,0.4966982840371273,830,0.014475271411338963,1.9782870928829916,1.9785513138983664,LOCKED_S13_STYLE_V_Q_M_ATTENUATION_RUNTIME,PASS_NO_LOOKAHEAD_DAILY_RUNTIME
2026-01-19,0.025693158545237793,0.046769722815390345,0.5493545182350971,831,0.02530120481927711,1.9620481927710844,1.9755507464206785,LOCKED_S13_STYLE_V_Q_M_ATTENUATION_RUNTIME,PASS_NO_LOOKAHEAD_DAILY_RUNTIME
2026-01-20,0.023783016922044948,0.04677105301933878,0.5084986415039919,832,0.019253910950661854,1.9711191335740073,1.9747449986303747,LOCKED_S13_STYLE_V_Q_M_ATTENUATION_RUNTIME,PASS_NO_LOOKAHEAD_DAILY_RUNTIME
2026-01-21,0.024840874515120775,0.04676494893184785,0.5311857509204645,833,0.025240384615384616,1.9621394230769231,1.9724530758024743,LOCKED_S13_STYLE_V_Q_M_ATTENUATION_RUNTIME,PASS_NO_LOOKAHEAD_DAILY_RUNTIME
2026-01-22,0.024594084172298598,0.046764223771686084,0.5259166556975838,834,0.025210084033613446,1.9621848739495797,1.9705861300110388,LOCKED_S13_STYLE_V_Q_M_ATTENUATION_RUNTIME,PASS_NO_LOOKAHEAD_DAILY_RUNTIME
2026-01-23,0.0237296038430802,0.046761904370176195,0.5074558909156502,835,0.019184652278177457,1.9712230215827338,1.9707019284786196,LOCKED_S13_STYLE_V_Q_M_ATTENUATION_RUNTIME,PASS_NO_LOOKAHEAD_DAILY_RUNTIME
2026-01-25,0.02385267183259174,0.04676266103823039,0.5100794373761409,836,0.02155688622754491,1.9676646706586827,1.9701496997840855,LOCKED_S13_STYLE_V_Q_M_ATTENUATION_RUNTIME,PASS_NO_LOOKAHEAD_DAILY_RUNTIME
2026-01-26,0.024648465958246962,0.04676249945658033,0.5270989841151119,837,0.028708133971291867,1.9569377990430623,1.9677475360129904,LOCKED_S13_STYLE_V_Q_M_ATTENUATION_RUNTIME,PASS_NO_LOOKAHEAD_DAILY_RUNTIME
2026-01-27,0.02129019655498351,0.04676229765646024,0.4552855103783006,838,0.005973715651135006,1.9910394265232976,1.9719824251966824,LOCKED_S13_STYLE_V_Q_M_ATTENUATION_RUNTIME,PASS_NO_LOOKAHEAD_DAILY_RUNTIME
2026-01-28,0.021145683019064693,0.04676050646990535,0.45221244625897855,839,0.0059665871121718375,1.9910501193317423,1.9754492786757842,LOCKED_S13_STYLE_V_Q_M_ATTENUATION_RUNTIME,PASS_NO_LOOKAHEAD_DAILY_RUNTIME
2026-01-29,0.019950773716458314,0.04675772589613894,0.42668400428143505,840,0.003575685339690107,1.9946364719904648,1.9789378592784532,LOCKED_S13_STYLE_V_Q_M_ATTENUATION_RUNTIME,PASS_NO_LOOKAHEAD_DAILY_RUNTIME
2026-01-30,0.021458001831190718,0.046755139472238263,0.4589442374336581,841,0.009523809523809525,1.9857142857142858,1.9801699368122407,LOCKED_S13_STYLE_V_Q_M_ATTENUATION_RUNTIME,PASS_NO_LOOKAHEAD_DAILY_RUNTIME
2026-02-01,0.018924770127251786,0.04675209562410155,0.40478977197966987,842,0.0011890606420927466,1.9982164090368608,1.9834511135803534,LOCKED_S13_STYLE_V_Q_M_ATTENUATION_RUNTIME,PASS_NO_LOOKAHEAD_DAILY_RUNTIME
2026-02-02,0.02006940595850143,0.04674871066768645,0.4293039459668727,843,0.0059382422802850355,1.9910926365795725,1.984840481398393,LOCKED_S13_STYLE_V_Q_M_ATTENUATION_RUNTIME,PASS_NO_LOOKAHEAD_DAILY_RUNTIME
2026-02-03,0.019092096730899902,0.04674591286922193,0.4084228023166998,844,0.002372479240806643,1.99644128113879,1.9869497177148288,LOCKED_S13_STYLE_V_Q_M_ATTENUATION_RUNTIME,PASS_NO_LOOKAHEAD_DAILY_RUNTIME
2026-02-04,0.021227087611357835,0.04674260076267118,0.45412722580703874,845,0.011848341232227487,1.9822274881516588,1.986091130521525,LOCKED_S13_STYLE_V_Q_M_ATTENUATION_RUNTIME,PASS_NO_LOOKAHEAD_DAILY_RUNTIME
2026-02-05,0.034514750644170505,0.04673775868579265,0.7384768036525958,846,0.0970414201183432,1.8544378698224853,1.9621541740307904,LOCKED_S13_STYLE_V_Q_M_ATTENUATION_RUNTIME,PASS_NO_LOOKAHEAD_DAILY_RUNTIME
2026-02-06,0.03843474629562399,0.04674035154647245,0.8223033208770272,847,0.16666666666666666,1.75,1.9235806878433739,LOCKED_S13_STYLE_V_Q_M_ATTENUATION_RUNTIME,PASS_NO_LOOKAHEAD_DAILY_RUNTIME
2026-02-08,0.03344832907285742,0.04674384299032201,0.7155665202748235,848,0.08264462809917356,1.8760330578512396,1.9149356642084403,LOCKED_S13_STYLE_V_Q_M_ATTENUATION_RUNTIME,PASS_NO_LOOKAHEAD_DAILY_RUNTIME
2026-02-09,0.0334434063453526,0.04674575433986892,0.7154319535031891,849,0.08254716981132075,1.8761792452830188,1.9078890425856363,LOCKED_S13_STYLE_V_Q_M_ATTENUATION_RUNTIME,PASS_NO_LOOKAHEAD_DAILY_RUNTIME
2026-02-10,0.03377812484146948,0.04674672646658474,0.7225773309627271,850,0.08716136631330977,1.8692579505300353,1.900865207666436,LOCKED_S13_STYLE_V_Q_M_ATTENUATION_RUNTIME,PASS_NO_LOOKAHEAD_DAILY_RUNTIME
2026-02-11,0.035289616111124245,0.04674906445786417,0.754873204851649,851,0.10941176470588235,1.8358823529411765,1.8890501431709341,LOCKED_S13_STYLE_V_Q_M_ATTENUATION_RUNTIME,PASS_NO_LOOKAHEAD_DAILY_RUNTIME
2026-02-12,0.038440450645344335,0.046750265565419794,0.822250957944888,852,0.17038777908343125,1.7444183313748531,1.862753450117101,LOCKED_S13_STYLE_V_Q_M_ATTENUATION_RUNTIME,PASS_NO_LOOKAHEAD_DAILY_RUNTIME
2026-02-13,0.0393129957627989,0.046755439101679404,0.8408218705272905,853,0.18427230046948356,1.7235915492957745,1.8374512863314052,LOCKED_S13_STYLE_V_Q_M_ATTENUATION_RUNTIME,PASS_NO_LOOKAHEAD_DAILY_RUNTIME
2026-02-15,0.03843865370776137,0.046759804210657126,0.8220447958804912,854,0.16998827667057445,1.7450175849941383,1.8206451588155383,LOCKED_S13_STYLE_V_Q_M_ATTENUATION_RUNTIME,PASS_NO_LOOKAHEAD_DAILY_RUNTIME
2026-02-16,0.037083237341415214,0.04676531496996375,0.7929645585672394,855,0.14988290398126464,1.775175644028103,1.8123779743087318,LOCKED_S13_STYLE_V_Q_M_ATTENUATION_RUNTIME,PASS_NO_LOOKAHEAD_DAILY_RUNTIME
2026-02-17,0.035968532898276714,0.04677017163149344,0.7690485547428851,856,0.12514619883040937,1.812280701754386,1.8123602883897598,LOCKED_S13_STYLE_V_Q_M_ATTENUATION_RUNTIME,PASS_NO_LOOKAHEAD_DAILY_RUNTIME
2026-02-18,0.03536167862418646,0.046774559618136424,0.7560023849048764,857,0.10981308411214953,1.8352803738317758,1.8165275766519444,LOCKED_S13_STYLE_V_Q_M_ATTENUATION_RUNTIME,PASS_NO_LOOKAHEAD_DAILY_RUNTIME
2026-02-19,0.034354097788981554,0.0467778330074669,0.7344097744651359,858,0.09451575262543757,1.8582263710618436,1.8241091756355623,LOCKED_S13_STYLE_V_Q_M_ATTENUATION_RUNTIME,PASS_NO_LOOKAHEAD_DAILY_RUNTIME
2026-02-20,0.03629577622336112,0.046780745550509616,0.7758699823236512,859,0.13752913752913754,1.7937062937062938,1.8185813789211496,LOCKED_S13_STYLE_V_Q_M_ATTENUATION_RUNTIME,PASS_NO_LOOKAHEAD_DAILY_RUNTIME
2026-02-22,0.03623127108385555,0.04678484673772143,0.774423207731558,860,0.13387660069848661,1.79918509895227,1.8150547825631713,LOCKED_S13_STYLE_V_Q_M_ATTENUATION_RUNTIME,PASS_NO_LOOKAHEAD_DAILY_RUNTIME
2026-02-23,0.039251677764337314,0.04678860840216948,0.8389152638811396,861,0.1883720930232558,1.7174418604651163,1.7973069785453433,LOCKED_S13_STYLE_V_Q_M_ATTENUATION_RUNTIME,PASS_NO_LOOKAHEAD_DAILY_RUNTIME
2026-02-24,0.03346512538571265,0.04679328249144462,0.7151694346689869,862,0.08130081300813008,1.8780487804878048,1.811987306171245,LOCKED_S13_STYLE_V_Q_M_ATTENUATION_RUNTIME,PASS_NO_LOOKAHEAD_DAILY_RUNTIME
2026-02-25,0.034640151255332964,0.04679587733246972,0.740239380687871,863,0.10324825986078887,1.8451276102088168,1.818012815996258,LOCKED_S13_STYLE_V_Q_M_ATTENUATION_RUNTIME,PASS_NO_LOOKAHEAD_DAILY_RUNTIME
2026-02-26,0.034514722011040125,0.046799113848962834,0.7375080246696817,864,0.0996523754345307,1.850521436848204,1.8239234743329753,LOCKED_S13_STYLE_V_Q_M_ATTENUATION_RUNTIME,PASS_NO_LOOKAHEAD_DAILY_RUNTIME
2026-02-27,0.03759862356456384,0.04680163085371292,0.8033613974283339,865,0.16203703703703703,1.7569444444444444,1.811745468898697,LOCKED_S13_STYLE_V_Q_M_ATTENUATION_RUNTIME,PASS_NO_LOOKAHEAD_DAILY_RUNTIME
2026-03-01,0.034845728926465744,0.04680449753369707,0.7444953105495563,866,0.10635838150289018,1.8404624277456647,1.8169667341436,LOCKED_S13_STYLE_V_Q_M_ATTENUATION_RUNTIME,PASS_NO_LOOKAHEAD_DAILY_RUNTIME
2026-03-02,0.043857032386689074,0.04680744174896265,0.9369670878810855,867,0.3244803695150115,1.5132794457274827,1.7617508635224877,LOCKED_S13_STYLE_V_Q_M_ATTENUATION_RUNTIME,PASS_NO_LOOKAHEAD_DAILY_RUNTIME
2026-03-03,0.04326608703980201,0.046814043152540064,0.9242117135412273,868,0.3033448673587082,1.5449826989619377,1.722338469966024,LOCKED_S13_STYLE_V_Q_M_ATTENUATION_RUNTIME,PASS_NO_LOOKAHEAD_DAILY_RUNTIME
2026-03-04,0.042533113627147096,0.04682090808122778,0.9084213734889132,869,0.27880184331797236,1.5817972350230414,1.696785518158209,LOCKED_S13_STYLE_V_Q_M_ATTENUATION_RUNTIME,PASS_NO_LOOKAHEAD_DAILY_RUNTIME
2026-03-05,0.0428262015350948,0.04682665035422035,0.9145689732478377,870,0.2899884925201381,1.565017261219793,1.672827653260315,LOCKED_S13_STYLE_V_Q_M_ATTENUATION_RUNTIME,PASS_NO_LOOKAHEAD_DAILY_RUNTIME
2026-03-06,0.04148429367429693,0.046832990888179916,0.8857921069646454,871,0.2482758620689655,1.6275862068965519,1.664601935739631,LOCKED_S13_STYLE_V_Q_M_ATTENUATION_RUNTIME,PASS_NO_LOOKAHEAD_DAILY_RUNTIME
2026-03-08,0.0421048649365995,0.04683575334176469,0.8989898086907352,872,0.26865671641791045,1.5970149253731343,1.6523133884002679,LOCKED_S13_STYLE_V_Q_M_ATTENUATION_RUNTIME,PASS_NO_LOOKAHEAD_DAILY_RUNTIME
2026-03-09,0.045367418100931825,0.046842279456158605,0.9685143128739677,873,0.3704128440366973,1.4443807339449541,1.6145074512265745,LOCKED_S13_STYLE_V_Q_M_ATTENUATION_RUNTIME,PASS_NO_LOOKAHEAD_DAILY_RUNTIME
2026-03-10,0.04450137661655678,0.04684915378660038,0.9498864551377425,874,0.3413516609392898,1.4879725085910653,1.5915010980201183,LOCKED_S13_STYLE_V_Q_M_ATTENUATION_RUNTIME,PASS_NO_LOOKAHEAD_DAILY_RUNTIME
2026-03-11,0.04945433260045656,0.04685462956915737,1.055484443163979,875,0.4794050343249428,1.2808924485125859,1.535026798109658,LOCKED_S13_STYLE_V_Q_M_ATTENUATION_RUNTIME,PASS_NO_LOOKAHEAD_DAILY_RUNTIME
2026-03-12,0.047087087907920995,0.0468623107640927,1.0047965441772564,876,0.4205714285714286,1.3691428571428572,1.5048660815702395,LOCKED_S13_STYLE_V_Q_M_ATTENUATION_RUNTIME,PASS_NO_LOOKAHEAD_DAILY_RUNTIME
2026-03-13,0.045726107873173,0.04686805875758628,0.9756347731336655,877,0.3744292237442922,1.4383561643835616,1.4927733693544798,LOCKED_S13_STYLE_V_Q_M_ATTENUATION_RUNTIME,PASS_NO_LOOKAHEAD_DAILY_RUNTIME
2026-03-17,0.06306672504332539,0.04687240066148492,1.3454980788971485,878,0.7993158494868872,0.8010262257696692,1.3670011614299686,LOCKED_S13_STYLE_V_Q_M_ATTENUATION_RUNTIME,PASS_NO_LOOKAHEAD_DAILY_RUNTIME
2026-03-18,0.051351430819921814,0.04688566495358951,1.0952480010841865,879,0.5296127562642369,1.2055808656036446,1.3376520167342734,LOCKED_S13_STYLE_V_Q_M_ATTENUATION_RUNTIME,PASS_NO_LOOKAHEAD_DAILY_RUNTIME
2026-03-19,0.04707251528744058,0.04689332971748479,1.0038211313002365,880,0.41751990898748575,1.3737201365187715,1.3442098566950913,LOCKED_S13_STYLE_V_Q_M_ATTENUATION_RUNTIME,PASS_NO_LOOKAHEAD_DAILY_RUNTIME
2026-03-20,0.05660281745057878,0.04690022737349865,1.2068772502915979,881,0.6511363636363636,1.0232954545454547,1.2858617835769754,LOCKED_S13_STYLE_V_Q_M_ATTENUATION_RUNTIME,PASS_NO_LOOKAHEAD_DAILY_RUNTIME
2026-03-22,0.0567737103688683,0.04691172089451747,1.210224423370139,882,0.6538024971623155,1.0192962542565267,1.2373953237005302,LOCKED_S13_STYLE_V_Q_M_ATTENUATION_RUNTIME,PASS_NO_LOOKAHEAD_DAILY_RUNTIME
2026-03-23,0.0570547598698749,0.04692316128963456,1.2159189257881147,883,0.6643990929705216,1.0034013605442176,1.1948509667630187,LOCKED_S13_STYLE_V_Q_M_ATTENUATION_RUNTIME,PASS_NO_LOOKAHEAD_DAILY_RUNTIME
2026-03-24,0.061574362486277436,0.046935339627719105,1.3118976654834476,884,0.7678369195922989,0.8482446206115517,1.1318316310991157,LOCKED_S13_STYLE_V_Q_M_ATTENUATION_RUNTIME,PASS_NO_LOOKAHEAD_DAILY_RUNTIME
2026-03-25,0.05478482445010743,0.04694815081055726,1.1669218809314197,885,0.5882352941176471,1.1176470588235294,1.1292526179581,LOCKED_S13_STYLE_V_Q_M_ATTENUATION_RUNTIME,PASS_NO_LOOKAHEAD_DAILY_RUNTIME
2026-03-26,0.053829374491144936,0.04695820137245977,1.1463253045870492,886,0.5740112994350283,1.1389830508474577,1.1310217875743467,LOCKED_S13_STYLE_V_Q_M_ATTENUATION_RUNTIME,PASS_NO_LOOKAHEAD_DAILY_RUNTIME
2026-03-27,0.05231855667008601,0.04696854870474856,1.1139061800475978,887,0.5406320541760722,1.1890519187358917,1.1415727205128092,LOCKED_S13_STYLE_V_Q_M_ATTENUATION_RUNTIME,PASS_NO_LOOKAHEAD_DAILY_RUNTIME
2026-03-29,0.05115729603878575,0.04697779492846153,1.088967588127302,888,0.5152198421645998,1.2271702367531003,1.1571359052837713,LOCKED_S13_STYLE_V_Q_M_ATTENUATION_RUNTIME,PASS_NO_LOOKAHEAD_DAILY_RUNTIME
2026-03-30,0.052550302350457906,0.04698759503295987,1.118386721295185,889,0.5461711711711712,1.1807432432432432,1.1614281485491298,LOCKED_S13_STYLE_V_Q_M_ATTENUATION_RUNTIME,PASS_NO_LOOKAHEAD_DAILY_RUNTIME
2026-03-31,0.051669009442463665,0.04699434544650525,1.0994729036343254,890,0.5286839145106862,1.2069741282339708,1.1697092357645553,LOCKED_S13_STYLE_V_Q_M_ATTENUATION_RUNTIME,PASS_NO_LOOKAHEAD_DAILY_RUNTIME
2026-04-01,0.05027041146247577,0.047003389390298786,1.0695060955083224,891,0.4887640449438202,1.2668539325842696,1.1873719079135943,LOCKED_S13_STYLE_V_Q_M_ATTENUATION_RUNTIME,PASS_NO_LOOKAHEAD_DAILY_RUNTIME
2026-04-02,0.048706995196253274,0.047012096701860295,1.0360523910503636,892,0.44556677890011226,1.3316498316498318,1.2136042576838193,LOCKED_S13_STYLE_V_Q_M_ATTENUATION_RUNTIME,PASS_NO_LOOKAHEAD_DAILY_RUNTIME
2026-04-03,0.05316383190491446,0.04701924583570945,1.1306823612329915,893,0.5616591928251121,1.1575112107623318,1.2034055218799125,LOCKED_S13_STYLE_V_Q_M_ATTENUATION_RUNTIME,PASS_NO_LOOKAHEAD_DAILY_RUNTIME
2026-04-05,0.04634618049041057,0.0470287442552861,0.9854862430268099,894,0.3807390817469205,1.4288913773796192,1.2444029501525864,LOCKED_S13_STYLE_V_Q_M_ATTENUATION_RUNTIME,PASS_NO_LOOKAHEAD_DAILY_RUNTIME
2026-04-06,0.04555258790099236,0.04703674572539954,0.9684468429624854,895,0.3624161073825503,1.4563758389261745,1.282943475384148,LOCKED_S13_STYLE_V_Q_M_ATTENUATION_RUNTIME,PASS_NO_LOOKAHEAD_DAILY_RUNTIME
2026-04-07,0.05215975302612849,0.04704411171829749,1.1087413731704345,896,0.5396648044692738,1.1905027932960892,1.2661360786408644,LOCKED_S13_STYLE_V_Q_M_ATTENUATION_RUNTIME,PASS_NO_LOOKAHEAD_DAILY_RUNTIME
2026-04-08,0.052665051422288625,0.04705317499344728,1.119266689859353,897,0.5491071428571429,1.1763392857142856,1.2498093890178499,LOCKED_S13_STYLE_V_Q_M_ATTENUATION_RUNTIME,PASS_NO_LOOKAHEAD_DAILY_RUNTIME
2026-04-09,0.04683666858661629,0.04706372441618192,0.9951755660568257,898,0.399108138238573,1.4013377926421406,1.27736000785863,LOCKED_S13_STYLE_V_Q_M_ATTENUATION_RUNTIME,PASS_NO_LOOKAHEAD_DAILY_RUNTIME
2026-04-12,0.06303195596328175,0.04707065636734342,1.3390923523856344,899,0.7984409799554566,0.8023385300668151,1.1909924664419365,LOCKED_S13_STYLE_V_Q_M_ATTENUATION_RUNTIME,PASS_NO_LOOKAHEAD_DAILY_RUNTIME
2026-04-13,0.05217616857847607,0.047085271642528966,1.1081207935805735,900,0.5361512791991101,1.195773081201335,1.1918616691254633,LOCKED_S13_STYLE_V_Q_M_ATTENUATION_RUNTIME,PASS_NO_LOOKAHEAD_DAILY_RUNTIME
2026-04-14,0.05088257034880978,0.047095680514100124,1.0804084322250294,901,0.5022222222222222,1.2466666666666666,1.2018262141329548,LOCKED_S13_STYLE_V_Q_M_ATTENUATION_RUNTIME,PASS_NO_LOOKAHEAD_DAILY_RUNTIME
2026-04-15,0.051210469858778834,0.04710606582610536,1.0871311148722356,902,0.51165371809101,1.232519422863485,1.2074067975385057,LOCKED_S13_STYLE_V_Q_M_ATTENUATION_RUNTIME,PASS_NO_LOOKAHEAD_DAILY_RUNTIME
2026-04-16,0.04753001521048293,0.047116186284622094,1.0087831583685691,903,0.417960088691796,1.373059866962306,1.2375255374337422,LOCKED_S13_STYLE_V_Q_M_ATTENUATION_RUNTIME,PASS_NO_LOOKAHEAD_DAILY_RUNTIME
2026-04-17,0.0518897950006671,0.04712557573464922,1.1010962559448367,904,0.53156146179402,1.20265780730897,1.2311859501383289,LOCKED_S13_STYLE_V_Q_M_ATTENUATION_RUNTIME,PASS_NO_LOOKAHEAD_DAILY_RUNTIME
2026-04-19,0.05491677976574181,0.04713459417987956,1.165105602822486,905,0.5951327433628318,1.1073008849557522,1.2086613928324057,LOCKED_S13_STYLE_V_Q_M_ATTENUATION_RUNTIME,PASS_NO_LOOKAHEAD_DAILY_RUNTIME
2026-04-20,0.04735589186967088,0.04714477055237796,1.0044781492161123,906,0.41104972375690607,1.383425414364641,1.2404366694746303,LOCKED_S13_STYLE_V_Q_M_ATTENUATION_RUNTIME,PASS_NO_LOOKAHEAD_DAILY_RUNTIME
2026-04-21,0.05597854114266975,0.04715193686333039,1.1871949460935871,907,0.630242825607064,1.054635761589404,1.206654686222771,LOCKED_S13_STYLE_V_Q_M_ATTENUATION_RUNTIME,PASS_NO_LOOKAHEAD_DAILY_RUNTIME
2026-04-22,0.0447107014308428,0.04716133422419709,0.9480372463233463,908,0.3263506063947078,1.5104740904079383,1.2618945778928012,LOCKED_S13_STYLE_V_Q_M_ATTENUATION_RUNTIME,PASS_NO_LOOKAHEAD_DAILY_RUNTIME
2026-04-23,0.04321088675352504,0.047168078081458474,0.9161044611336626,909,0.28083700440528636,1.5787444933920705,1.3195036534381228,LOCKED_S13_STYLE_V_Q_M_ATTENUATION_RUNTIME,PASS_NO_LOOKAHEAD_DAILY_RUNTIME
2026-04-24,0.0490887987322418,0.04717635377093317,1.040538210532221,910,0.45324532453245325,1.3201320132013201,1.319617900667795,LOCKED_S13_STYLE_V_Q_M_ATTENUATION_RUNTIME,PASS_NO_LOOKAHEAD_DAILY_RUNTIME
2026-04-26,0.049254024862977655,0.047186599733105794,1.0438138187868062,911,0.46153846153846156,1.3076923076923077,1.3174496110358882,LOCKED_S13_STYLE_V_Q_M_ATTENUATION_RUNTIME,PASS_NO_LOOKAHEAD_DAILY_RUNTIME
2026-04-27,0.03934074256647164,0.047196770655661385,0.8335473385137762,912,0.1800219538968167,1.729967069154775,1.392452785239322,LOCKED_S13_STYLE_V_Q_M_ATTENUATION_RUNTIME,PASS_NO_LOOKAHEAD_DAILY_RUNTIME
2026-04-28,0.06090317132477974,0.04720242385723319,1.2902551680181795,913,0.756578947368421,0.8651315789473686,1.2965762022771485,LOCKED_S13_STYLE_V_Q_M_ATTENUATION_RUNTIME,PASS_NO_LOOKAHEAD_DAILY_RUNTIME
2026-04-29,0.042219575761876245,0.047216632554340984,0.8941674464667997,914,0.2508214676889376,1.6237677984665937,1.3560655834025022,LOCKED_S13_STYLE_V_Q_M_ATTENUATION_RUNTIME,PASS_NO_LOOKAHEAD_DAILY_RUNTIME
2026-04-30,0.049175197023026675,0.04722318326912393,1.0413359205959973,915,0.4573304157549234,1.314004376367615,1.3484180912143409,LOCKED_S13_STYLE_V_Q_M_ATTENUATION_RUNTIME,PASS_NO_LOOKAHEAD_DAILY_RUNTIME
2026-05-01,0.03987277791863477,0.047232494555258846,0.8441810726720415,916,0.19344262295081968,1.7098360655737705,1.4141304501887826,LOCKED_S13_STYLE_V_Q_M_ATTENUATION_RUNTIME,PASS_NO_LOOKAHEAD_DAILY_RUNTIME
2026-05-03,0.03841357006181214,0.04723565704962484,0.8132324701539688,917,0.16266375545851527,1.7560043668122272,1.476289344120318,LOCKED_S13_STYLE_V_Q_M_ATTENUATION_RUNTIME,PASS_NO_LOOKAHEAD_DAILY_RUNTIME
2026-05-04,0.04972617440400017,0.0472402615206359,1.052622758709292,918,0.4765539803707743,1.2851690294438387,1.4415401959973217,LOCKED_S13_STYLE_V_Q_M_ATTENUATION_RUNTIME,PASS_NO_LOOKAHEAD_DAILY_RUNTIME
2026-05-05,0.04021359621972665,0.04724905123487842,0.8510984912654008,919,0.2047930283224401,1.6928104575163399,1.4872256980916887,LOCKED_S13_STYLE_V_Q_M_ATTENUATION_RUNTIME,PASS_NO_LOOKAHEAD_DAILY_RUNTIME
2026-05-06,0.041472562386646,0.047254045706226426,0.8776510406003474,920,0.23286180631120784,1.6507072905331883,1.5169496239901432,LOCKED_S13_STYLE_V_Q_M_ATTENUATION_RUNTIME,PASS_NO_LOOKAHEAD_DAILY_RUNTIME
2026-05-07,0.04651157348677601,0.04725890939064541,0.9841863489127126,921,0.3793478260869565,1.4309782608695651,1.501318467059129,LOCKED_S13_STYLE_V_Q_M_ATTENUATION_RUNTIME,PASS_NO_LOOKAHEAD_DAILY_RUNTIME
2026-05-08,0.043528782331523894,0.04726355961221156,0.9209797714913815,922,0.28773072747014117,1.5684039087947883,1.513515820101976,LOCKED_S13_STYLE_V_Q_M_ATTENUATION_RUNTIME,PASS_NO_LOOKAHEAD_DAILY_RUNTIME
2026-05-10,0.039634995537262865,0.0472688254294767,0.8385018069974424,923,0.1822125813449024,1.7266811279826464,1.5522731488075525,LOCKED_S13_STYLE_V_Q_M_ATTENUATION_RUNTIME,PASS_NO_LOOKAHEAD_DAILY_RUNTIME
2026-05-11,0.03839318891868626,0.04727355048084112,0.8121494689561372,924,0.15926327193932827,1.7611050920910076,1.5902425930409079,LOCKED_S13_STYLE_V_Q_M_ATTENUATION_RUNTIME,PASS_NO_LOOKAHEAD_DAILY_RUNTIME
2026-05-12,0.04150759097941065,0.04727802893274916,0.877946731629893,925,0.23593073593073594,1.646103896103896,1.6003991935978148,LOCKED_S13_STYLE_V_Q_M_ATTENUATION_RUNTIME,PASS_NO_LOOKAHEAD_DAILY_RUNTIME
2026-05-13,0.038640132190809744,0.047282570876615714,0.8172172425150381,926,0.1654054054054054,1.751891891891892,1.6279433205603742,LOCKED_S13_STYLE_V_Q_M_ATTENUATION_RUNTIME,PASS_NO_LOOKAHEAD_DAILY_RUNTIME
2026-05-14,0.03898257658741948,0.04728562075789543,0.8244065735546136,927,0.17602591792656588,1.735961123110151,1.6475829210239699,LOCKED_S13_STYLE_V_Q_M_ATTENUATION_RUNTIME,PASS_NO_LOOKAHEAD_DAILY_RUNTIME
2026-05-15,0.054440358262461394,0.0472877625365974,1.151256801806353,928,0.5922330097087378,1.1116504854368934,1.5501406600081378,LOCKED_S13_STYLE_V_Q_M_ATTENUATION_RUNTIME,PASS_NO_LOOKAHEAD_DAILY_RUNTIME
2026-05-17,0.043693949322161224,0.04729204763711381,0.9239174767275488,929,0.3017241379310345,1.5474137931034484,1.5496448660254667,LOCKED_S13_STYLE_V_Q_M_ATTENUATION_RUNTIME,PASS_NO_LOOKAHEAD_DAILY_RUNTIME
2026-05-18,0.041281878095716644,0.04729074704936831,0.8729377451496205,930,0.2271259418729817,1.6593110871905274,1.5695841789645686,LOCKED_S13_STYLE_V_Q_M_ATTENUATION_RUNTIME,PASS_NO_LOOKAHEAD_DAILY_RUNTIME
2026-05-19,0.050741714524310866,0.04728938610433449,1.0730042976738905,931,0.5043010752688172,1.2435483870967743,1.5103049440795149,LOCKED_S13_STYLE_V_Q_M_ATTENUATION_RUNTIME,PASS_NO_LOOKAHEAD_DAILY_RUNTIME
2026-05-20,0.05216585542083283,0.04729132555960014,1.103074502639801,932,0.5435016111707841,1.184747583243824,1.4511126966548438,LOCKED_S13_STYLE_V_Q_M_ATTENUATION_RUNTIME,PASS_NO_LOOKAHEAD_DAILY_RUNTIME
2026-05-21,0.04472077776691995,0.047295143270000964,0.9455680789804495,933,0.33047210300429186,1.504291845493562,1.460781632807338,LOCKED_S13_STYLE_V_Q_M_ATTENUATION_RUNTIME,PASS_NO_LOOKAHEAD_DAILY_RUNTIME
2026-05-22,0.04171392803365662,0.04729643436274339,0.8819677126975084,934,0.24115755627009647,1.6382636655948553,1.4930510933141592,LOCKED_S13_STYLE_V_Q_M_ATTENUATION_RUNTIME,PASS_NO_LOOKAHEAD_DAILY_RUNTIME
