ts_event,rtype,publisher_id,instrument_id,open,high,low,close,volume,symbol
2022-01-04 18:00:00+00:00,34,1,20332,16167.25,16167.25,16166.0,16166.0,2,MNQZ2
2022-01-10 08:00:00+00:00,34,1,20332,15580.0,15580.0,15580.0,15580.0,1,MNQZ2
2022-01-10 14:00:00+00:00,34,1,20332,15300.5,15300.5,15300.0,15300.0,2,MNQZ2
2022-01-10 15:00:00+00:00,34,1,20332,15228.0,15228.0,15228.0,15228.0,1,MNQZ2
2022-01-14 14:00:00+00:00,34,1,20332,15537.5,15537.5,15537.5,15537.5,2,MNQZ2
2022-01-17 06:00:00+00:00,34,1,20332,15593.25,15593.25,15593.25,15593.25,1,MNQZ2
2022-01-17 09:00:00+00:00,34,1,20332,15604.5,15604.5,15604.5,15604.5,1,MNQZ2
2022-01-18 03:00:00+00:00,34,1,20332,15560.5,15560.5,15560.5,15560.5,1,MNQZ2
2022-01-18 18:00:00+00:00,34,1,20332,15273.0,15273.0,15273.0,15273.0,2,MNQZ2
2022-01-18 20:00:00+00:00,34,1,20332,15248.0,15248.0,15248.0,15248.0,1,MNQZ2
2022-01-20 03:00:00+00:00,34,1,20332,15091.5,15091.5,15091.5,15091.5,1,MNQZ2
2022-01-20 21:00:00+00:00,34,1,20332,14713.0,14713.0,14713.0,14713.0,1,MNQZ2
2022-01-23 23:00:00+00:00,34,1,20332,14430.0,14540.0,14430.0,14540.0,8,MNQZ2
2022-01-24 02:00:00+00:00,34,1,20332,14550.0,14550.0,14550.0,14550.0,2,MNQZ2
2022-01-24 03:00:00+00:00,34,1,20332,14540.0,14540.0,14540.0,14540.0,3,MNQZ2
2022-01-24 04:00:00+00:00,34,1,20332,14510.0,14510.0,14510.0,14510.0,2,MNQZ2
2022-01-24 12:00:00+00:00,34,1,20332,14360.0,14360.0,14360.0,14360.0,10,MNQZ2
2022-01-24 14:00:00+00:00,34,1,20332,14175.5,14186.25,14149.75,14149.75,5,MNQZ2
2022-01-24 15:00:00+00:00,34,1,20332,14174.5,14174.5,14174.5,14174.5,1,MNQZ2
2022-01-24 16:00:00+00:00,34,1,20332,13900.25,13950.75,13900.25,13950.75,4,MNQZ2
2022-01-24 17:00:00+00:00,34,1,20332,13870.75,13888.5,13804.5,13888.5,4,MNQZ2
2022-01-25 16:00:00+00:00,34,1,20332,14080.25,14080.25,14080.25,14080.25,1,MNQZ2
2022-01-26 19:00:00+00:00,34,1,20332,14253.0,14253.0,14253.0,14253.0,1,MNQZ2
2022-01-26 20:00:00+00:00,34,1,20332,14150.0,14150.0,14100.0,14100.0,3,MNQZ2
2022-01-26 23:00:00+00:00,34,1,20332,14230.0,14230.0,14230.0,14230.0,1,MNQZ2
2022-01-28 14:00:00+00:00,34,1,20332,13950.0,13950.0,13942.0,13942.0,2,MNQZ2
2022-01-31 07:00:00+00:00,34,1,20332,14485.0,14485.0,14485.0,14485.0,1,MNQZ2
2022-01-31 09:00:00+00:00,34,1,20332,14552.5,14552.5,14552.5,14552.5,1,MNQZ2
2022-01-31 14:00:00+00:00,34,1,20332,14500.0,14500.0,14500.0,14500.0,1,MNQZ2
2022-02-01 07:00:00+00:00,34,1,20332,14948.5,14948.5,14948.5,14948.5,1,MNQZ2
2022-02-02 17:00:00+00:00,34,1,20332,15077.0,15077.0,15077.0,15077.0,1,MNQZ2
2022-02-03 20:00:00+00:00,34,1,20332,14587.0,14587.0,14587.0,14587.0,1,MNQZ2
2022-02-03 21:00:00+00:00,34,1,20332,14550.25,14550.25,14550.25,14550.25,1,MNQZ2
2022-02-11 17:00:00+00:00,34,1,20332,14570.0,14570.0,14570.0,14570.0,1,MNQZ2
2022-02-11 19:00:00+00:00,34,1,20332,14319.0,14319.0,14300.0,14300.0,2,MNQZ2
2022-02-14 17:00:00+00:00,34,1,20332,14347.0,14347.0,14347.0,14347.0,1,MNQZ2
2022-02-17 19:00:00+00:00,34,1,20332,14350.5,14350.5,14350.25,14350.25,2,MNQZ2
2022-02-18 18:00:00+00:00,34,1,20332,14000.0,14000.0,14000.0,14000.0,1,MNQZ2
2022-02-21 23:00:00+00:00,34,1,20332,13750.0,13750.0,13720.0,13720.0,2,MNQZ2
2022-02-22 09:00:00+00:00,34,1,20332,13800.0,13800.0,13800.0,13800.0,1,MNQZ2
2022-02-22 16:00:00+00:00,34,1,20332,14000.0,14000.0,14000.0,14000.0,1,MNQZ2
2022-02-22 19:00:00+00:00,34,1,20332,13999.75,14000.0,13999.75,14000.0,2,MNQZ2
2022-02-23 05:00:00+00:00,34,1,20332,14000.0,14000.0,14000.0,14000.0,2,MNQZ2
2022-02-23 15:00:00+00:00,34,1,20332,13925.0,13925.0,13925.0,13925.0,1,MNQZ2
2022-02-23 19:00:00+00:00,34,1,20332,13705.0,13705.0,13700.0,13700.0,2,MNQZ2
2022-02-23 20:00:00+00:00,34,1,20332,13600.0,13600.0,13600.0,13600.0,1,MNQZ2
2022-02-24 10:00:00+00:00,34,1,20332,13200.0,13200.0,13200.0,13200.0,1,MNQZ2
2022-02-24 13:00:00+00:00,34,1,20332,13100.0,13100.0,13100.0,13100.0,1,MNQZ2
2022-02-24 15:00:00+00:00,34,1,20332,13538.25,13538.25,13538.25,13538.25,1,MNQZ2
2022-02-24 19:00:00+00:00,34,1,20332,13800.0,13850.0,13800.0,13850.0,4,MNQZ2
2022-02-25 12:00:00+00:00,34,1,20332,14000.0,14000.0,14000.0,14000.0,1,MNQZ2
2022-03-04 00:00:00+00:00,34,1,20332,14000.0,14000.0,13850.25,13850.25,2,MNQZ2
2022-03-06 23:00:00+00:00,34,1,20332,13750.0,13750.0,13750.0,13750.0,1,MNQZ2
2022-03-07 17:00:00+00:00,34,1,20332,13600.0,13600.0,13600.0,13600.0,1,MNQZ2
2022-03-07 19:00:00+00:00,34,1,20332,13500.0,13500.0,13500.0,13500.0,1,MNQZ2
2022-03-07 20:00:00+00:00,34,1,20332,13400.0,13400.0,13400.0,13400.0,1,MNQZ2
2022-03-08 17:00:00+00:00,34,1,20332,13606.75,13606.75,13606.75,13606.75,2,MNQZ2
2022-03-08 21:00:00+00:00,34,1,20332,13250.0,13250.0,13250.0,13250.0,1,MNQZ2
2022-03-10 13:00:00+00:00,34,1,20332,13550.0,13550.0,13550.0,13550.0,1,MNQZ2
2022-03-10 19:00:00+00:00,34,1,20332,13517.5,13517.5,13517.5,13517.5,1,MNQZ2
2022-03-11 16:00:00+00:00,34,1,20332,13500.0,13500.0,13500.0,13500.0,1,MNQZ2
2022-03-11 20:00:00+00:00,34,1,20332,13400.0,13400.0,13400.0,13400.0,1,MNQZ2
2022-03-13 23:00:00+00:00,34,1,20332,13405.5,13405.5,13405.5,13405.5,1,MNQZ2
2022-03-14 15:00:00+00:00,34,1,20332,13300.0,13300.0,13300.0,13300.0,1,MNQZ2
2022-03-14 17:00:00+00:00,34,1,20332,13100.0,13100.0,13100.0,13100.0,2,MNQZ2
2022-03-15 07:00:00+00:00,34,1,20332,13040.0,13040.0,13040.0,13040.0,1,MNQZ2
2022-03-15 08:00:00+00:00,34,1,20332,13043.0,13043.0,13043.0,13043.0,1,MNQZ2
2022-03-15 09:00:00+00:00,34,1,20332,13043.0,13043.0,13043.0,13043.0,1,MNQZ2
2022-03-15 13:00:00+00:00,34,1,20332,13200.0,13223.25,13161.75,13223.25,3,MNQZ2
2022-03-15 14:00:00+00:00,34,1,20332,13299.75,13299.75,13299.75,13299.75,1,MNQZ2
2022-03-15 15:00:00+00:00,34,1,20332,13450.0,13450.0,13450.0,13450.0,1,MNQZ2
2022-03-15 19:00:00+00:00,34,1,20332,13500.0,13500.0,13500.0,13500.0,1,MNQZ2
2022-03-15 20:00:00+00:00,34,1,20332,13502.0,13502.0,13502.0,13502.0,1,MNQZ2
2022-03-16 00:00:00+00:00,34,1,20332,13496.0,13496.0,13496.0,13496.0,1,MNQZ2
2022-03-16 08:00:00+00:00,34,1,20332,13700.0,13700.0,13700.0,13700.0,1,MNQZ2
2022-03-16 09:00:00+00:00,34,1,20332,13750.0,13750.0,13750.0,13750.0,1,MNQZ2
2022-03-16 10:00:00+00:00,34,1,20332,13750.0,13750.0,13750.0,13750.0,1,MNQZ2
2022-03-16 11:00:00+00:00,34,1,20332,13750.0,13750.0,13750.0,13750.0,2,MNQZ2
2022-03-16 14:00:00+00:00,34,1,20332,13785.0,13880.0,13785.0,13880.0,3,MNQZ2
2022-03-16 18:00:00+00:00,34,1,20332,13590.5,13590.5,13590.5,13590.5,1,MNQZ2
2022-03-16 19:00:00+00:00,34,1,20332,13900.0,13900.0,13900.0,13900.0,3,MNQZ2
2022-03-16 20:00:00+00:00,34,1,20332,14025.5,14025.5,14025.5,14025.5,2,MNQZ2
2022-03-17 07:00:00+00:00,34,1,20332,14079.5,14079.5,14079.5,14079.5,1,MNQZ2
2022-03-17 14:00:00+00:00,34,1,20332,14041.5,14050.0,14041.5,14050.0,2,MNQZ2
2022-03-17 16:00:00+00:00,34,1,20332,14050.0,14050.0,14044.75,14044.75,2,MNQZ2
2022-03-17 19:00:00+00:00,34,1,20332,14125.0,14180.0,14125.0,14180.0,2,MNQZ2
2022-03-18 00:00:00+00:00,34,1,20332,14080.0,14080.0,14080.0,14080.0,1,MNQZ2
2022-03-18 16:00:00+00:00,34,1,20332,14350.0,14350.0,14350.0,14350.0,1,MNQZ2
2022-03-18 17:00:00+00:00,34,1,20332,14400.0,14400.0,14400.0,14400.0,2,MNQZ2
2022-03-18 19:00:00+00:00,34,1,20332,14425.0,14425.0,14425.0,14425.0,1,MNQZ2
2022-03-20 22:00:00+00:00,34,1,20332,14524.75,14524.75,14524.75,14524.75,1,MNQZ2
2022-03-21 14:00:00+00:00,34,1,20332,14370.25,14370.25,14370.25,14370.25,1,MNQZ2
2022-03-22 14:00:00+00:00,34,1,20332,14671.5,14671.5,14671.5,14671.5,1,MNQZ2
2022-03-22 17:00:00+00:00,34,1,20332,14712.75,14712.75,14712.75,14712.75,1,MNQZ2
2022-03-22 20:00:00+00:00,34,1,20332,14762.0,14774.0,14762.0,14774.0,8,MNQZ2
2022-03-22 23:00:00+00:00,34,1,20332,14750.0,14750.0,14750.0,14750.0,2,MNQZ2
2022-03-23 13:00:00+00:00,34,1,20332,14550.0,14567.0,14550.0,14567.0,2,MNQZ2
2022-03-23 14:00:00+00:00,34,1,20332,14645.0,14645.0,14645.0,14645.0,1,MNQZ2
2022-03-23 17:00:00+00:00,34,1,20332,14645.0,14645.0,14645.0,14645.0,2,MNQZ2
2022-03-24 15:00:00+00:00,34,1,20332,14645.0,14645.0,14645.0,14645.0,1,MNQZ2
2022-03-24 16:00:00+00:00,34,1,20332,14701.0,14701.0,14701.0,14701.0,1,MNQZ2
2022-03-24 19:00:00+00:00,34,1,20332,14850.0,14850.0,14850.0,14850.0,1,MNQZ2
2022-03-25 12:00:00+00:00,34,1,20332,14898.75,14899.0,14898.75,14899.0,2,MNQZ2
2022-03-25 15:00:00+00:00,34,1,20332,14700.0,14700.0,14700.0,14700.0,1,MNQZ2
2022-03-28 01:00:00+00:00,34,1,20332,14788.0,14788.0,14772.0,14772.0,2,MNQZ2
2022-03-28 04:00:00+00:00,34,1,20332,14777.0,14790.75,14777.0,14790.75,2,MNQZ2
2022-03-28 08:00:00+00:00,34,1,20332,14790.0,14815.25,14790.0,14815.25,2,MNQZ2
2022-03-28 12:00:00+00:00,34,1,20332,14900.0,14900.0,14900.0,14900.0,1,MNQZ2
2022-03-28 13:00:00+00:00,34,1,20332,14850.0,14900.0,14850.0,14900.0,2,MNQZ2
2022-03-28 19:00:00+00:00,34,1,20332,15040.0,15040.0,15040.0,15040.0,2,MNQZ2
2022-03-29 00:00:00+00:00,34,1,20332,15091.5,15091.5,15091.5,15091.5,2,MNQZ2
2022-03-29 13:00:00+00:00,34,1,20332,15260.0,15260.0,15260.0,15260.0,1,MNQZ2
2022-03-29 14:00:00+00:00,34,1,20332,15160.0,15200.0,15160.0,15200.0,2,MNQZ2
2022-03-29 15:00:00+00:00,34,1,20332,15255.0,15255.0,15248.25,15248.25,8,MNQZ2
2022-03-29 17:00:00+00:00,34,1,20332,15262.0,15267.25,15262.0,15267.25,2,MNQZ2
2022-03-29 18:00:00+00:00,34,1,20332,15319.5,15319.5,15319.5,15319.5,1,MNQZ2
2022-03-29 19:00:00+00:00,34,1,20332,15348.0,15348.0,15324.25,15324.25,2,MNQZ2
2022-03-29 22:00:00+00:00,34,1,20332,15294.25,15294.25,15294.25,15294.25,1,MNQZ2
2022-03-30 00:00:00+00:00,34,1,20332,15352.25,15352.25,15352.25,15352.25,1,MNQZ2
2022-03-30 01:00:00+00:00,34,1,20332,15299.5,15299.5,15299.5,15299.5,1,MNQZ2
2022-03-30 08:00:00+00:00,34,1,20332,15242.0,15242.0,15242.0,15242.0,1,MNQZ2
2022-03-30 13:00:00+00:00,34,1,20332,15250.0,15250.0,15250.0,15250.0,1,MNQZ2
2022-03-30 14:00:00+00:00,34,1,20332,15300.0,15300.0,15300.0,15300.0,1,MNQZ2
2022-03-30 15:00:00+00:00,34,1,20332,15200.0,15200.0,15200.0,15200.0,2,MNQZ2
2022-03-30 18:00:00+00:00,34,1,20332,15163.25,15163.25,15163.25,15163.25,1,MNQZ2
2022-03-30 19:00:00+00:00,34,1,20332,15153.5,15160.0,15153.5,15160.0,2,MNQZ2
2022-03-31 19:00:00+00:00,34,1,20332,15056.5,15056.5,15000.0,15000.0,3,MNQZ2
2022-03-31 20:00:00+00:00,34,1,20332,14995.75,14995.75,14995.75,14995.75,1,MNQZ2
2022-04-01 07:00:00+00:00,34,1,20332,15050.0,15050.0,15050.0,15050.0,1,MNQZ2
2022-04-01 10:00:00+00:00,34,1,20332,15050.0,15050.0,15050.0,15050.0,1,MNQZ2
2022-04-01 13:00:00+00:00,34,1,20332,14950.0,14950.0,14950.0,14950.0,1,MNQZ2
2022-04-01 15:00:00+00:00,34,1,20332,14950.0,14950.0,14950.0,14950.0,1,MNQZ2
2022-04-01 17:00:00+00:00,34,1,20332,14817.0,14817.0,14817.0,14817.0,1,MNQZ2
2022-04-04 09:00:00+00:00,34,1,20332,15010.0,15010.0,15010.0,15010.0,1,MNQZ2
2022-04-04 13:00:00+00:00,34,1,20332,15100.0,15110.0,15100.0,15110.0,3,MNQZ2
2022-04-04 14:00:00+00:00,34,1,20332,15141.25,15141.25,15141.25,15141.25,1,MNQZ2
2022-04-04 17:00:00+00:00,34,1,20332,15222.25,15222.25,15222.25,15222.25,1,MNQZ2
2022-04-04 19:00:00+00:00,34,1,20332,15211.0,15211.0,15211.0,15211.0,1,MNQZ2
2022-04-05 09:00:00+00:00,34,1,20332,15220.0,15220.0,15220.0,15220.0,1,MNQZ2
2022-04-05 14:00:00+00:00,34,1,20332,15065.75,15065.75,15036.75,15036.75,5,MNQZ2
2022-04-05 15:00:00+00:00,34,1,20332,15040.0,15040.0,15018.75,15018.75,2,MNQZ2
2022-04-05 16:00:00+00:00,34,1,20332,15000.0,15000.0,14967.25,14967.25,2,MNQZ2
2022-04-05 17:00:00+00:00,34,1,20332,14970.0,14970.0,14970.0,14970.0,1,MNQZ2
2022-04-06 10:00:00+00:00,34,1,20332,14800.0,14800.0,14800.0,14800.0,1,MNQZ2
2022-04-06 11:00:00+00:00,34,1,20332,14740.0,14740.0,14700.0,14700.0,2,MNQZ2
2022-04-06 12:00:00+00:00,34,1,20332,14705.0,14705.0,14705.0,14705.0,1,MNQZ2
2022-04-06 13:00:00+00:00,34,1,20332,14680.5,14720.0,14680.0,14680.0,4,MNQZ2
2022-04-06 14:00:00+00:00,34,1,20332,14600.0,14600.0,14590.0,14590.0,6,MNQZ2
2022-04-06 15:00:00+00:00,34,1,20332,14560.0,14560.0,14560.0,14560.0,2,MNQZ2
2022-04-06 16:00:00+00:00,34,1,20332,14560.0,14560.0,14560.0,14560.0,1,MNQZ2
2022-04-06 17:00:00+00:00,34,1,20332,14606.0,14667.5,14606.0,14655.0,3,MNQZ2
2022-04-06 18:00:00+00:00,34,1,20332,14700.0,14700.0,14513.25,14514.0,4,MNQZ2
2022-04-06 19:00:00+00:00,34,1,20332,14694.0,14694.0,14666.75,14666.75,2,MNQZ2
2022-04-07 04:00:00+00:00,34,1,20332,14560.0,14560.0,14560.0,14560.0,1,MNQZ2
2022-04-07 13:00:00+00:00,34,1,20332,14580.0,14580.0,14580.0,14580.0,7,MNQZ2
2022-04-07 14:00:00+00:00,34,1,20332,14556.75,14556.75,14550.0,14550.0,3,MNQZ2
2022-04-07 15:00:00+00:00,34,1,20332,14545.0,14545.0,14500.0,14500.0,2,MNQZ2
2022-04-07 16:00:00+00:00,34,1,20332,14486.0,14500.0,14446.75,14446.75,4,MNQZ2
2022-04-07 18:00:00+00:00,34,1,20332,14615.0,14650.0,14555.0,14650.0,8,MNQZ2
2022-04-07 19:00:00+00:00,34,1,20332,14700.0,14725.0,14700.0,14725.0,3,MNQZ2
2022-04-07 20:00:00+00:00,34,1,20332,14636.75,14636.75,14603.75,14603.75,2,MNQZ2
2022-04-08 01:00:00+00:00,34,1,20332,14650.0,14650.0,14650.0,14650.0,2,MNQZ2
2022-04-08 13:00:00+00:00,34,1,20332,14550.0,14550.0,14439.0,14439.0,5,MNQZ2
2022-04-08 14:00:00+00:00,34,1,20332,14439.0,14500.0,14439.0,14500.0,4,MNQZ2
2022-04-08 15:00:00+00:00,34,1,20332,14563.75,14563.75,14513.25,14513.25,3,MNQZ2
2022-04-08 16:00:00+00:00,34,1,20332,14565.0,14565.0,14565.0,14565.0,1,MNQZ2
2022-04-08 18:00:00+00:00,34,1,20332,14510.0,14510.0,14456.75,14456.75,3,MNQZ2
2022-04-08 19:00:00+00:00,34,1,20332,14460.0,14460.0,14443.25,14443.25,5,MNQZ2
2022-04-10 23:00:00+00:00,34,1,20332,14464.0,14464.0,14464.0,14464.0,2,MNQZ2
2022-04-11 05:00:00+00:00,34,1,20332,14288.0,14288.0,14288.0,14288.0,2,MNQZ2
2022-04-11 07:00:00+00:00,34,1,20332,14369.25,14369.25,14369.25,14369.25,1,MNQZ2
2022-04-11 13:00:00+00:00,34,1,20332,14275.0,14275.0,14251.25,14251.25,2,MNQZ2
2022-04-11 14:00:00+00:00,34,1,20332,14200.0,14200.0,14164.75,14171.5,5,MNQZ2
2022-04-11 19:00:00+00:00,34,1,20332,14170.0,14170.0,14094.75,14094.75,4,MNQZ2
2022-04-11 20:00:00+00:00,34,1,20332,14088.75,14088.75,14088.75,14088.75,1,MNQZ2
2022-04-12 00:00:00+00:00,34,1,20332,14050.0,14050.0,14050.0,14050.0,1,MNQZ2
2022-04-12 08:00:00+00:00,34,1,20332,14080.0,14080.0,14080.0,14080.0,1,MNQZ2
2022-04-12 10:00:00+00:00,34,1,20332,14094.5,14094.5,14094.5,14094.5,1,MNQZ2
2022-04-12 13:00:00+00:00,34,1,20332,14250.0,14250.0,14250.0,14250.0,1,MNQZ2
2022-04-12 14:00:00+00:00,34,1,20332,14312.5,14312.5,14206.0,14206.0,2,MNQZ2
2022-04-12 16:00:00+00:00,34,1,20332,14180.0,14180.0,14180.0,14180.0,1,MNQZ2
2022-04-12 18:00:00+00:00,34,1,20332,14021.0,14021.0,14021.0,14021.0,1,MNQZ2
2022-04-12 19:00:00+00:00,34,1,20332,14027.75,14027.75,14000.0,14000.25,7,MNQZ2
2022-04-13 14:00:00+00:00,34,1,20332,14105.25,14105.25,14105.25,14105.25,1,MNQZ2
2022-04-13 19:00:00+00:00,34,1,20332,14343.0,14343.0,14343.0,14343.0,1,MNQZ2
2022-04-14 14:00:00+00:00,34,1,20332,14171.75,14171.75,14171.75,14171.75,2,MNQZ2
2022-04-14 16:00:00+00:00,34,1,20332,14080.75,14080.75,14080.75,14080.75,1,MNQZ2
2022-04-14 20:00:00+00:00,34,1,20332,13985.0,13985.0,13970.0,13985.0,5,MNQZ2
2022-04-17 22:00:00+00:00,34,1,20332,13963.25,13963.25,13900.0,13900.0,2,MNQZ2
2022-04-18 08:00:00+00:00,34,1,20332,13915.0,13915.0,13915.0,13915.0,1,MNQZ2
2022-04-18 11:00:00+00:00,34,1,20332,13950.0,13950.0,13950.0,13950.0,1,MNQZ2
2022-04-18 13:00:00+00:00,34,1,20332,13950.0,14000.0,13950.0,14000.0,4,MNQZ2
2022-04-18 14:00:00+00:00,34,1,20332,14077.75,14077.75,14077.75,14077.75,1,MNQZ2
2022-04-18 16:00:00+00:00,34,1,20332,13900.0,13900.0,13900.0,13900.0,1,MNQZ2
2022-04-18 17:00:00+00:00,34,1,20332,13940.0,13940.0,13940.0,13940.0,1,MNQZ2
2022-04-18 19:00:00+00:00,34,1,20332,14010.0,14010.0,14010.0,14010.0,1,MNQZ2
2022-04-19 04:00:00+00:00,34,1,20332,14123.5,14123.5,14099.5,14099.5,2,MNQZ2
2022-04-19 13:00:00+00:00,34,1,20332,14035.0,14079.75,14026.0,14079.75,4,MNQZ2
2022-04-19 14:00:00+00:00,34,1,20332,14150.0,14150.0,14150.0,14150.0,1,MNQZ2
2022-04-19 15:00:00+00:00,34,1,20332,14262.5,14278.0,14262.5,14278.0,3,MNQZ2
2022-04-19 16:00:00+00:00,34,1,20332,14250.0,14250.0,14250.0,14250.0,1,MNQZ2
2022-04-19 17:00:00+00:00,34,1,20332,14250.0,14250.0,14250.0,14250.0,1,MNQZ2
2022-04-19 20:00:00+00:00,34,1,20332,14160.0,14160.0,14160.0,14160.0,1,MNQZ2
2022-04-19 22:00:00+00:00,34,1,20332,14224.75,14224.75,14224.75,14224.75,1,MNQZ2
2022-04-20 00:00:00+00:00,34,1,20332,14186.0,14186.0,14186.0,14186.0,1,MNQZ2
2022-04-20 02:00:00+00:00,34,1,20332,14185.0,14185.0,14185.0,14185.0,3,MNQZ2
2022-04-20 11:00:00+00:00,34,1,20332,14350.0,14350.0,14350.0,14350.0,1,MNQZ2
2022-04-20 12:00:00+00:00,34,1,20332,14385.0,14393.5,14385.0,14393.5,2,MNQZ2
2022-04-20 15:00:00+00:00,34,1,20332,14200.0,14200.0,14190.0,14190.0,2,MNQZ2
2022-04-20 16:00:00+00:00,34,1,20332,14125.0,14125.0,14100.0,14100.0,3,MNQZ2
2022-04-20 18:00:00+00:00,34,1,20332,14100.5,14100.5,14100.5,14100.5,1,MNQZ2
2022-04-21 13:00:00+00:00,34,1,20332,14325.0,14325.0,14325.0,14325.0,1,MNQZ2
2022-04-21 15:00:00+00:00,34,1,20332,14138.75,14138.75,14096.75,14096.75,4,MNQZ2
2022-04-21 16:00:00+00:00,34,1,20332,14063.75,14063.75,14040.0,14040.0,3,MNQZ2
2022-04-21 17:00:00+00:00,34,1,20332,14000.0,14000.0,13990.0,13990.0,6,MNQZ2
2022-04-21 18:00:00+00:00,34,1,20332,13900.0,13900.0,13880.0,13880.0,5,MNQZ2
2022-04-21 19:00:00+00:00,34,1,20332,13825.25,13825.25,13795.0,13820.0,7,MNQZ2
2022-04-22 00:00:00+00:00,34,1,20332,13750.0,13751.25,13750.0,13751.25,2,MNQZ2
2022-04-22 01:00:00+00:00,34,1,20332,13751.25,13751.25,13751.25,13751.25,2,MNQZ2
2022-04-22 07:00:00+00:00,34,1,20332,13810.0,13810.0,13801.75,13801.75,2,MNQZ2
2022-04-22 13:00:00+00:00,34,1,20332,13750.0,13750.0,13750.0,13750.0,1,MNQZ2
2022-04-22 14:00:00+00:00,34,1,20332,13830.0,13830.0,13720.0,13737.25,3,MNQZ2
2022-04-22 15:00:00+00:00,34,1,20332,13708.0,13720.0,13660.0,13660.0,14,MNQZ2
2022-04-22 17:00:00+00:00,34,1,20332,13563.75,13563.75,13550.0,13550.0,2,MNQZ2
2022-04-22 18:00:00+00:00,34,1,20332,13537.0,13537.0,13500.0,13500.0,6,MNQZ2
2022-04-22 19:00:00+00:00,34,1,20332,13565.0,13565.0,13500.0,13500.0,2,MNQZ2
2022-04-25 00:00:00+00:00,34,1,20332,13438.5,13438.5,13438.5,13438.5,1,MNQZ2
2022-04-25 07:00:00+00:00,34,1,20332,13330.0,13388.0,13330.0,13388.0,2,MNQZ2
2022-04-25 13:00:00+00:00,34,1,20332,13481.25,13481.25,13370.0,13370.0,3,MNQZ2
2022-04-25 19:00:00+00:00,34,1,20332,13572.0,13601.75,13572.0,13598.0,4,MNQZ2
2022-04-25 20:00:00+00:00,34,1,20332,13606.75,13606.75,13606.75,13606.75,1,MNQZ2
2022-04-26 07:00:00+00:00,34,1,20332,13584.5,13584.5,13584.5,13584.5,1,MNQZ2
2022-04-26 09:00:00+00:00,34,1,20332,13603.75,13603.75,13603.75,13603.75,1,MNQZ2
2022-04-26 14:00:00+00:00,34,1,20332,13309.75,13325.0,13300.0,13311.25,4,MNQZ2
2022-04-26 15:00:00+00:00,34,1,20332,13275.0,13275.0,13275.0,13275.0,1,MNQZ2
2022-04-26 16:00:00+00:00,34,1,20332,13275.0,13311.25,13275.0,13311.25,3,MNQZ2
2022-04-26 17:00:00+00:00,34,1,20332,13250.0,13250.0,13250.0,13250.0,1,MNQZ2
2022-04-26 19:00:00+00:00,34,1,20332,13200.0,13207.5,13188.25,13188.25,3,MNQZ2
2022-04-26 20:00:00+00:00,34,1,20332,13100.0,13100.0,12915.5,12917.25,8,MNQZ2
2022-04-26 22:00:00+00:00,34,1,20332,12927.0,13086.0,12927.0,13086.0,2,MNQZ2
2022-04-26 23:00:00+00:00,34,1,20332,13086.0,13086.0,13086.0,13086.0,1,MNQZ2
2022-04-27 01:00:00+00:00,34,1,20332,13150.0,13150.0,13150.0,13150.0,1,MNQZ2
2022-04-27 02:00:00+00:00,34,1,20332,13127.0,13127.0,13127.0,13127.0,1,MNQZ2
2022-04-27 03:00:00+00:00,34,1,20332,13150.0,13150.0,13150.0,13150.0,2,MNQZ2
2022-04-27 06:00:00+00:00,34,1,20332,13150.0,13150.0,13150.0,13150.0,1,MNQZ2
2022-04-27 07:00:00+00:00,34,1,20332,13176.25,13176.25,13176.25,13176.25,1,MNQZ2
2022-04-27 08:00:00+00:00,34,1,20332,13250.0,13250.0,13250.0,13250.0,1,MNQZ2
2022-04-27 10:00:00+00:00,34,1,20332,13250.0,13250.0,13250.0,13250.0,1,MNQZ2
2022-04-27 12:00:00+00:00,34,1,20332,13153.5,13153.5,13153.5,13153.5,1,MNQZ2
2022-04-27 13:00:00+00:00,34,1,20332,13167.25,13326.0,13167.25,13326.0,4,MNQZ2
2022-04-27 14:00:00+00:00,34,1,20332,13150.0,13234.0,13088.75,13234.0,17,MNQZ2
2022-04-27 15:00:00+00:00,34,1,20332,13250.0,13250.0,13249.0,13249.0,4,MNQZ2
2022-04-27 16:00:00+00:00,34,1,20332,13220.0,13220.0,13220.0,13220.0,1,MNQZ2
2022-04-27 17:00:00+00:00,34,1,20332,13220.0,13220.0,13220.0,13220.0,1,MNQZ2
2022-04-27 18:00:00+00:00,34,1,20332,13195.0,13195.0,13174.0,13174.0,2,MNQZ2
2022-04-28 01:00:00+00:00,34,1,20332,13255.0,13255.0,13255.0,13255.0,1,MNQZ2
2022-04-28 05:00:00+00:00,34,1,20332,13301.0,13301.0,13301.0,13301.0,1,MNQZ2
2022-04-28 07:00:00+00:00,34,1,20332,13350.0,13350.0,13350.0,13350.0,1,MNQZ2
2022-04-28 08:00:00+00:00,34,1,20332,13423.5,13423.5,13423.5,13423.5,1,MNQZ2
2022-04-28 11:00:00+00:00,34,1,20332,13406.0,13406.0,13406.0,13406.0,2,MNQZ2
2022-04-28 12:00:00+00:00,34,1,20332,13339.0,13339.0,13339.0,13339.0,1,MNQZ2
2022-04-28 13:00:00+00:00,34,1,20332,13347.75,13347.75,13347.75,13347.75,1,MNQZ2
2022-04-28 14:00:00+00:00,34,1,20332,13200.0,13219.5,13199.0,13199.0,4,MNQZ2
2022-04-28 15:00:00+00:00,34,1,20332,13280.0,13280.0,13280.0,13280.0,1,MNQZ2
2022-04-28 16:00:00+00:00,34,1,20332,13351.0,13423.5,13351.0,13423.5,3,MNQZ2
2022-04-28 17:00:00+00:00,34,1,20332,13475.0,13550.0,13475.0,13550.0,4,MNQZ2
2022-04-28 18:00:00+00:00,34,1,20332,13591.25,13591.25,13591.25,13591.25,1,MNQZ2
2022-04-28 19:00:00+00:00,34,1,20332,13591.0,13591.0,13591.0,13591.0,1,MNQZ2
2022-04-28 20:00:00+00:00,34,1,20332,13424.0,13481.25,13415.0,13481.25,6,MNQZ2
2022-04-28 22:00:00+00:00,34,1,20332,13355.75,13355.75,13345.25,13345.25,2,MNQZ2
2022-04-29 06:00:00+00:00,34,1,20332,13500.0,13500.0,13500.0,13500.0,1,MNQZ2
2022-04-29 11:00:00+00:00,34,1,20332,13375.0,13375.0,13375.0,13375.0,1,MNQZ2
2022-04-29 13:00:00+00:00,34,1,20332,13375.0,13500.0,13350.0,13500.0,4,MNQZ2
2022-04-29 14:00:00+00:00,34,1,20332,13500.0,13500.0,13289.5,13289.5,9,MNQZ2
2022-04-29 16:00:00+00:00,34,1,20332,13260.0,13260.0,13212.25,13224.25,4,MNQZ2
2022-04-29 17:00:00+00:00,34,1,20332,13215.0,13215.0,13189.0,13189.0,3,MNQZ2
2022-04-29 18:00:00+00:00,34,1,20332,13170.0,13170.0,13100.0,13100.0,3,MNQZ2
2022-04-29 19:00:00+00:00,34,1,20332,13000.0,13000.0,13000.0,13000.0,1,MNQZ2
2022-05-01 22:00:00+00:00,34,1,20332,13000.0,13010.0,12950.0,12950.0,3,MNQZ2
2022-05-01 23:00:00+00:00,34,1,20332,12950.25,12950.25,12950.25,12950.25,1,MNQZ2
2022-05-02 03:00:00+00:00,34,1,20332,13025.0,13025.0,13025.0,13025.0,1,MNQZ2
2022-05-02 07:00:00+00:00,34,1,20332,13030.0,13030.0,13030.0,13030.0,1,MNQZ2
2022-05-02 08:00:00+00:00,34,1,20332,13030.0,13030.0,13030.0,13030.0,1,MNQZ2
2022-05-02 11:00:00+00:00,34,1,20332,12950.0,12950.0,12950.0,12950.0,1,MNQZ2
2022-05-02 12:00:00+00:00,34,1,20332,12900.0,12900.0,12900.0,12900.0,1,MNQZ2
2022-05-02 13:00:00+00:00,34,1,20332,12895.0,13025.0,12895.0,13025.0,2,MNQZ2
2022-05-02 14:00:00+00:00,34,1,20332,13050.0,13050.0,13050.0,13050.0,1,MNQZ2
2022-05-02 15:00:00+00:00,34,1,20332,12950.0,12990.75,12950.0,12990.75,2,MNQZ2
2022-05-02 16:00:00+00:00,34,1,20332,12925.0,12925.0,12913.0,12913.0,2,MNQZ2
2022-05-02 17:00:00+00:00,34,1,20332,12900.0,12900.0,12900.0,12900.0,2,MNQZ2
2022-05-02 18:00:00+00:00,34,1,20332,12830.0,12830.0,12830.0,12830.0,1,MNQZ2
2022-05-02 19:00:00+00:00,34,1,20332,12935.0,13180.0,12935.0,13180.0,5,MNQZ2
2022-05-03 01:00:00+00:00,34,1,20332,13200.0,13200.0,13200.0,13200.0,1,MNQZ2
2022-05-03 02:00:00+00:00,34,1,20332,13250.0,13250.0,13250.0,13250.0,1,MNQZ2
2022-05-03 13:00:00+00:00,34,1,20332,13120.0,13120.0,13120.0,13120.0,3,MNQZ2
2022-05-03 14:00:00+00:00,34,1,20332,13265.0,13265.0,13150.0,13150.0,4,MNQZ2
2022-05-04 02:00:00+00:00,34,1,20332,13195.25,13195.25,13195.25,13195.25,1,MNQZ2
2022-05-04 12:00:00+00:00,34,1,20332,13220.0,13220.0,13220.0,13220.0,1,MNQZ2
2022-05-04 13:00:00+00:00,34,1,20332,13200.0,13200.0,13200.0,13200.0,1,MNQZ2
2022-05-04 14:00:00+00:00,34,1,20332,13080.0,13080.0,13057.5,13057.5,4,MNQZ2
2022-05-04 15:00:00+00:00,34,1,20332,13015.0,13015.0,13015.0,13015.0,3,MNQZ2
2022-05-04 16:00:00+00:00,34,1,20332,13100.0,13185.0,13100.0,13185.0,5,MNQZ2
2022-05-04 17:00:00+00:00,34,1,20332,13200.0,13200.0,13200.0,13200.0,1,MNQZ2
2022-05-04 18:00:00+00:00,34,1,20332,13275.0,13450.0,13070.0,13450.0,11,MNQZ2
2022-05-04 19:00:00+00:00,34,1,20332,13500.0,13615.0,13500.0,13615.0,3,MNQZ2
2022-05-05 06:00:00+00:00,34,1,20332,13560.0,13560.0,13560.0,13560.0,3,MNQZ2
2022-05-05 11:00:00+00:00,34,1,20332,13550.0,13550.0,13550.0,13550.0,2,MNQZ2
2022-05-05 13:00:00+00:00,34,1,20332,13350.0,13350.0,13350.0,13350.0,1,MNQZ2
2022-05-05 14:00:00+00:00,34,1,20332,13200.0,13200.0,13107.75,13107.75,8,MNQZ2
2022-05-05 15:00:00+00:00,34,1,20332,13094.75,13094.75,12980.0,12980.0,6,MNQZ2
2022-05-05 16:00:00+00:00,34,1,20332,12981.0,12981.0,12980.0,12980.0,2,MNQZ2
2022-05-05 17:00:00+00:00,34,1,20332,13050.0,13050.0,13000.0,13000.0,2,MNQZ2
2022-05-05 18:00:00+00:00,34,1,20332,12944.0,12944.0,12944.0,12944.0,1,MNQZ2
2022-05-05 19:00:00+00:00,34,1,20332,12862.0,12862.0,12862.0,12862.0,1,MNQZ2
2022-05-06 00:00:00+00:00,34,1,20332,12957.25,12957.25,12957.25,12957.25,1,MNQZ2
2022-05-06 03:00:00+00:00,34,1,20332,12957.25,12957.25,12957.25,12957.25,1,MNQZ2
2022-05-06 06:00:00+00:00,34,1,20332,12957.25,12957.25,12957.25,12957.25,1,MNQZ2
2022-05-06 07:00:00+00:00,34,1,20332,12870.5,12870.5,12870.5,12870.5,1,MNQZ2
2022-05-06 10:00:00+00:00,34,1,20332,12925.0,12925.0,12925.0,12925.0,1,MNQZ2
2022-05-06 11:00:00+00:00,34,1,20332,12850.0,12850.0,12850.0,12850.0,2,MNQZ2
2022-05-06 12:00:00+00:00,34,1,20332,12980.0,12980.0,12888.75,12888.75,4,MNQZ2
2022-05-06 13:00:00+00:00,34,1,20332,12720.0,12744.5,12668.0,12671.25,4,MNQZ2
2022-05-06 14:00:00+00:00,34,1,20332,12888.0,12888.0,12888.0,12888.0,2,MNQZ2
2022-05-06 15:00:00+00:00,34,1,20332,13020.0,13020.0,12973.75,12973.75,7,MNQZ2
2022-05-06 16:00:00+00:00,34,1,20332,12910.0,12910.0,12910.0,12910.0,3,MNQZ2
2022-05-06 17:00:00+00:00,34,1,20332,12850.0,12850.0,12850.0,12850.0,2,MNQZ2
2022-05-06 18:00:00+00:00,34,1,20332,12801.0,12801.0,12801.0,12801.0,1,MNQZ2
2022-05-06 19:00:00+00:00,34,1,20332,12744.0,12795.0,12683.0,12783.75,4,MNQZ2
2022-05-09 01:00:00+00:00,34,1,20332,12625.0,12625.0,12625.0,12625.0,1,MNQZ2
2022-05-09 04:00:00+00:00,34,1,20332,12662.0,12662.0,12662.0,12662.0,1,MNQZ2
2022-05-09 08:00:00+00:00,34,1,20332,12570.0,12622.25,12570.0,12622.25,3,MNQZ2
2022-05-09 09:00:00+00:00,34,1,20332,12550.0,12550.0,12550.0,12550.0,1,MNQZ2
2022-05-09 10:00:00+00:00,34,1,20332,12458.0,12458.0,12458.0,12458.0,1,MNQZ2
2022-05-09 11:00:00+00:00,34,1,20332,12521.5,12521.5,12521.5,12521.5,1,MNQZ2
2022-05-09 15:00:00+00:00,34,1,20332,12357.0,12413.0,12357.0,12400.0,4,MNQZ2
2022-05-09 16:00:00+00:00,34,1,20332,12486.25,12486.25,12425.0,12425.0,2,MNQZ2
2022-05-09 19:00:00+00:00,34,1,20332,12400.0,12400.0,12250.0,12250.0,2,MNQZ2
2022-05-09 20:00:00+00:00,34,1,20332,12325.0,12342.75,12325.0,12342.75,2,MNQZ2
2022-05-10 00:00:00+00:00,34,1,20332,12200.0,12200.0,12200.0,12200.0,1,MNQZ2
2022-05-10 02:00:00+00:00,34,1,20332,12325.0,12325.0,12325.0,12325.0,1,MNQZ2
2022-05-10 05:00:00+00:00,34,1,20332,12415.0,12415.0,12415.0,12415.0,1,MNQZ2
2022-05-10 06:00:00+00:00,34,1,20332,12485.0,12485.0,12485.0,12485.0,1,MNQZ2
2022-05-10 13:00:00+00:00,34,1,20332,12586.5,12586.5,12586.5,12586.5,1,MNQZ2
2022-05-10 14:00:00+00:00,34,1,20332,12541.0,12541.0,12530.0,12530.0,2,MNQZ2
2022-05-10 15:00:00+00:00,34,1,20332,12306.75,12306.75,12297.5,12297.5,3,MNQZ2
2022-05-10 19:00:00+00:00,34,1,20332,12479.75,12479.75,12425.0,12425.0,3,MNQZ2
2022-05-11 12:00:00+00:00,34,1,20332,12360.0,12360.0,12360.0,12360.0,2,MNQZ2
2022-05-11 13:00:00+00:00,34,1,20332,12450.0,12450.0,12450.0,12450.0,2,MNQZ2
2022-05-11 14:00:00+00:00,34,1,20332,12380.0,12500.0,12380.0,12500.0,4,MNQZ2
2022-05-11 15:00:00+00:00,34,1,20332,12388.25,12388.25,12388.25,12388.25,1,MNQZ2
2022-05-11 16:00:00+00:00,34,1,20332,12370.0,12370.0,12250.0,12250.0,5,MNQZ2
2022-05-11 17:00:00+00:00,34,1,20332,12170.0,12170.0,12110.0,12110.0,2,MNQZ2
2022-05-11 18:00:00+00:00,34,1,20332,12150.0,12150.0,12150.0,12150.0,2,MNQZ2
2022-05-11 19:00:00+00:00,34,1,20332,12120.75,12120.75,12028.0,12035.75,5,MNQZ2
2022-05-11 22:00:00+00:00,34,1,20332,12050.0,12050.0,12050.0,12050.0,1,MNQZ2
2022-05-12 05:00:00+00:00,34,1,20332,12005.0,12005.0,12005.0,12005.0,1,MNQZ2
2022-05-12 07:00:00+00:00,34,1,20332,11970.0,12010.0,11970.0,12010.0,3,MNQZ2
2022-05-12 09:00:00+00:00,34,1,20332,11900.0,11900.0,11900.0,11900.0,1,MNQZ2
2022-05-12 13:00:00+00:00,34,1,20332,11850.0,11985.0,11812.5,11985.0,6,MNQZ2
2022-05-12 15:00:00+00:00,34,1,20332,12178.0,12178.0,12090.0,12090.0,2,MNQZ2
2022-05-12 16:00:00+00:00,34,1,20332,12000.0,12000.0,12000.0,12000.0,1,MNQZ2
2022-05-12 17:00:00+00:00,34,1,20332,11900.0,11900.0,11900.0,11900.0,1,MNQZ2
2022-05-13 10:00:00+00:00,34,1,20332,12217.5,12217.5,12217.5,12217.5,1,MNQZ2
2022-05-13 11:00:00+00:00,34,1,20332,12217.5,12244.0,12217.5,12244.0,2,MNQZ2
2022-05-13 13:00:00+00:00,34,1,20332,12250.0,12354.0,12221.25,12354.0,5,MNQZ2
2022-05-13 14:00:00+00:00,34,1,20332,12401.0,12401.75,12393.25,12393.25,4,MNQZ2
2022-05-13 15:00:00+00:00,34,1,20332,12406.25,12406.25,12406.25,12406.25,1,MNQZ2
2022-05-13 16:00:00+00:00,34,1,20332,12479.0,12511.75,12469.0,12469.0,5,MNQZ2
2022-05-13 17:00:00+00:00,34,1,20332,12455.25,12455.25,12455.25,12455.25,6,MNQZ2
2022-05-13 18:00:00+00:00,34,1,20332,12326.25,12326.25,12326.25,12326.25,4,MNQZ2
2022-05-13 19:00:00+00:00,34,1,20332,12475.0,12475.0,12475.0,12475.0,1,MNQZ2
2022-05-16 01:00:00+00:00,34,1,20332,12465.75,12465.75,12465.75,12465.75,1,MNQZ2
2022-05-16 02:00:00+00:00,34,1,20332,12402.0,12402.0,12402.0,12402.0,1,MNQZ2
2022-05-16 03:00:00+00:00,34,1,20332,12385.0,12385.0,12385.0,12385.0,1,MNQZ2
2022-05-16 04:00:00+00:00,34,1,20332,12385.0,12385.0,12385.0,12385.0,1,MNQZ2
2022-05-16 13:00:00+00:00,34,1,20332,12385.0,12385.0,12317.75,12317.75,5,MNQZ2
2022-05-16 14:00:00+00:00,34,1,20332,12300.0,12337.0,12300.0,12337.0,2,MNQZ2
2022-05-16 15:00:00+00:00,34,1,20332,12330.0,12330.0,12330.0,12330.0,1,MNQZ2
2022-05-16 16:00:00+00:00,34,1,20332,12330.0,12330.0,12330.0,12330.0,1,MNQZ2
2022-05-16 18:00:00+00:00,34,1,20332,12443.0,12443.0,12443.0,12443.0,1,MNQZ2
2022-05-16 19:00:00+00:00,34,1,20332,12347.75,12347.75,12316.25,12316.25,2,MNQZ2
2022-05-17 00:00:00+00:00,34,1,20332,12370.0,12370.0,12370.0,12370.0,1,MNQZ2
2022-05-17 02:00:00+00:00,34,1,20332,12370.0,12370.0,12370.0,12370.0,1,MNQZ2
2022-05-17 09:00:00+00:00,34,1,20332,12566.25,12600.0,12566.25,12600.0,2,MNQZ2
2022-05-17 10:00:00+00:00,34,1,20332,12625.0,12625.0,12625.0,12625.0,1,MNQZ2
2022-05-17 13:00:00+00:00,34,1,20332,12580.0,12610.0,12575.0,12575.0,8,MNQZ2
2022-05-17 14:00:00+00:00,34,1,20332,12520.0,12520.0,12520.0,12520.0,1,MNQZ2
2022-05-17 17:00:00+00:00,34,1,20332,12580.0,12580.0,12580.0,12580.0,1,MNQZ2
2022-05-17 19:00:00+00:00,34,1,20332,12650.0,12650.0,12622.0,12635.0,3,MNQZ2
2022-05-18 11:00:00+00:00,34,1,20332,12533.5,12533.5,12533.5,12533.5,1,MNQZ2
2022-05-18 13:00:00+00:00,34,1,20332,12456.0,12456.0,12392.0,12392.0,2,MNQZ2
2022-05-18 14:00:00+00:00,34,1,20332,12459.25,12459.25,12421.75,12450.25,5,MNQZ2
2022-05-18 17:00:00+00:00,34,1,20332,12085.0,12123.0,12085.0,12123.0,2,MNQZ2
2022-05-18 18:00:00+00:00,34,1,20332,12050.0,12050.0,12050.0,12050.0,1,MNQZ2
2022-05-18 19:00:00+00:00,34,1,20332,12000.0,12000.0,12000.0,12000.0,1,MNQZ2
2022-05-18 20:00:00+00:00,34,1,20332,11974.75,11974.75,11950.0,11950.0,2,MNQZ2
2022-05-18 22:00:00+00:00,34,1,20332,12015.75,12015.75,11969.0,11969.0,3,MNQZ2
2022-05-18 23:00:00+00:00,34,1,20332,11950.0,11950.0,11950.0,11950.0,1,MNQZ2
2022-05-19 07:00:00+00:00,34,1,20332,11902.75,11902.75,11860.0,11860.0,6,MNQZ2
2022-05-19 09:00:00+00:00,34,1,20332,11830.25,11830.25,11820.0,11820.0,2,MNQZ2
2022-05-19 11:00:00+00:00,34,1,20332,11904.5,11904.5,11904.5,11904.5,2,MNQZ2
2022-05-19 13:00:00+00:00,34,1,20332,12001.0,12001.0,12001.0,12001.0,1,MNQZ2
2022-05-19 14:00:00+00:00,34,1,20332,12014.0,12014.0,12001.0,12001.0,2,MNQZ2
2022-05-19 15:00:00+00:00,34,1,20332,12101.0,12150.0,12101.0,12150.0,3,MNQZ2
2022-05-19 16:00:00+00:00,34,1,20332,12100.0,12100.0,12000.0,12000.0,3,MNQZ2
2022-05-19 17:00:00+00:00,34,1,20332,11980.0,11980.0,11927.25,11939.25,11,MNQZ2
2022-05-19 19:00:00+00:00,34,1,20332,12101.0,12101.0,12101.0,12101.0,1,MNQZ2
2022-05-19 22:00:00+00:00,34,1,20332,12007.75,12007.75,12007.75,12007.75,1,MNQZ2
2022-05-20 08:00:00+00:00,34,1,20332,12176.5,12176.5,12176.5,12176.5,1,MNQZ2
2022-05-20 11:00:00+00:00,34,1,20332,12146.0,12146.75,12146.0,12146.75,2,MNQZ2
2022-05-20 14:00:00+00:00,34,1,20332,12010.0,12051.25,11900.0,11900.0,13,MNQZ2
2022-05-20 15:00:00+00:00,34,1,20332,11887.75,11887.75,11795.0,11886.5,7,MNQZ2
2022-05-20 16:00:00+00:00,34,1,20332,11765.5,11765.5,11642.75,11660.0,9,MNQZ2
2022-05-20 17:00:00+00:00,34,1,20332,11665.0,11728.75,11600.0,11686.25,10,MNQZ2
2022-05-20 18:00:00+00:00,34,1,20332,11727.0,11727.0,11682.75,11682.75,2,MNQZ2
2022-05-20 19:00:00+00:00,34,1,20332,11754.0,11924.25,11754.0,11914.0,37,MNQZ2
2022-05-20 20:00:00+00:00,34,1,20332,11923.0,11923.0,11923.0,11923.0,1,MNQZ2
2022-05-22 22:00:00+00:00,34,1,20332,11983.25,11983.25,11971.25,11971.25,3,MNQZ2
2022-05-23 00:00:00+00:00,34,1,20332,12057.75,12057.75,12057.75,12057.75,1,MNQZ2
2022-05-23 05:00:00+00:00,34,1,20332,12104.0,12104.0,12104.0,12104.0,1,MNQZ2
2022-05-23 06:00:00+00:00,34,1,20332,12103.25,12103.25,12103.25,12103.25,1,MNQZ2
2022-05-23 07:00:00+00:00,34,1,20332,12060.0,12060.0,12060.0,12060.0,1,MNQZ2
2022-05-23 08:00:00+00:00,34,1,20332,12020.0,12020.0,12020.0,12020.0,1,MNQZ2
2022-05-23 11:00:00+00:00,34,1,20332,12046.75,12046.75,12000.0,12000.0,2,MNQZ2
2022-05-23 12:00:00+00:00,34,1,20332,11989.25,12001.25,11989.25,12001.25,4,MNQZ2
2022-05-23 13:00:00+00:00,34,1,20332,11950.0,12000.0,11950.0,11950.0,3,MNQZ2
2022-05-23 14:00:00+00:00,34,1,20332,11954.0,11998.25,11954.0,11986.25,3,MNQZ2
2022-05-23 15:00:00+00:00,34,1,20332,12004.0,12085.0,12004.0,12085.0,12,MNQZ2
2022-05-23 16:00:00+00:00,34,1,20332,12122.0,12122.0,12122.0,12122.0,1,MNQZ2
2022-05-23 17:00:00+00:00,34,1,20332,12020.0,12075.0,12020.0,12075.0,3,MNQZ2
2022-05-23 18:00:00+00:00,34,1,20332,12113.5,12113.5,12113.5,12113.5,1,MNQZ2
2022-05-23 19:00:00+00:00,34,1,20332,12094.75,12094.75,12090.0,12090.0,2,MNQZ2
2022-05-23 22:00:00+00:00,34,1,20332,12015.0,12015.0,11930.0,11935.0,15,MNQZ2
2022-05-24 05:00:00+00:00,34,1,20332,11900.0,11900.0,11900.0,11900.0,2,MNQZ2
2022-05-24 06:00:00+00:00,34,1,20332,11855.0,11855.0,11855.0,11855.0,1,MNQZ2
2022-05-24 07:00:00+00:00,34,1,20332,11895.0,11895.0,11895.0,11895.0,1,MNQZ2
2022-05-24 11:00:00+00:00,34,1,20332,11955.0,11955.0,11955.0,11955.0,1,MNQZ2
2022-05-24 13:00:00+00:00,34,1,20332,11900.0,11910.0,11800.0,11800.0,14,MNQZ2
2022-05-24 14:00:00+00:00,34,1,20332,11720.0,11735.0,11685.25,11685.25,9,MNQZ2
2022-05-24 15:00:00+00:00,34,1,20332,11724.0,11724.0,11724.0,11724.0,1,MNQZ2
2022-05-24 16:00:00+00:00,34,1,20332,11801.0,11867.0,11801.0,11867.0,4,MNQZ2
2022-05-24 17:00:00+00:00,34,1,20332,11800.0,11800.0,11800.0,11800.0,3,MNQZ2
2022-05-24 18:00:00+00:00,34,1,20332,11850.0,11875.5,11781.0,11781.0,5,MNQZ2
2022-05-24 19:00:00+00:00,34,1,20332,11876.0,11876.0,11876.0,11876.0,1,MNQZ2
2022-05-24 22:00:00+00:00,34,1,20332,11925.75,11925.75,11925.75,11925.75,1,MNQZ2
2022-05-24 23:00:00+00:00,34,1,20332,11950.0,11950.0,11950.0,11950.0,1,MNQZ2
2022-05-25 00:00:00+00:00,34,1,20332,11905.0,11905.0,11900.0,11900.0,2,MNQZ2
2022-05-25 03:00:00+00:00,34,1,20332,11955.0,11955.0,11955.0,11955.0,1,MNQZ2
2022-05-25 08:00:00+00:00,34,1,20332,11875.0,11875.0,11875.0,11875.0,1,MNQZ2
2022-05-25 13:00:00+00:00,34,1,20332,11804.25,11926.0,11804.25,11870.0,5,MNQZ2
2022-05-25 14:00:00+00:00,34,1,20332,11950.0,12005.0,11950.0,11964.0,6,MNQZ2
2022-05-25 15:00:00+00:00,34,1,20332,11970.0,11970.0,11970.0,11970.0,1,MNQZ2
2022-05-25 16:00:00+00:00,34,1,20332,11925.0,11925.0,11925.0,11925.0,1,MNQZ2
2022-05-25 18:00:00+00:00,34,1,20332,11995.0,12046.75,11995.0,12046.75,7,MNQZ2
2022-05-25 19:00:00+00:00,34,1,20332,12100.0,12112.0,11994.75,11994.75,3,MNQZ2
2022-05-25 20:00:00+00:00,34,1,20332,11946.75,11946.75,11938.0,11938.25,6,MNQZ2
2022-05-26 00:00:00+00:00,34,1,20332,12050.0,12050.0,12050.0,12050.0,1,MNQZ2
2022-05-26 07:00:00+00:00,34,1,20332,12050.0,12050.0,12050.0,12050.0,1,MNQZ2
2022-05-26 08:00:00+00:00,34,1,20332,11975.0,11975.0,11975.0,11975.0,1,MNQZ2
2022-05-26 13:00:00+00:00,34,1,20332,12117.25,12173.75,12117.25,12173.75,3,MNQZ2
2022-05-26 14:00:00+00:00,34,1,20332,12173.0,12265.0,12173.0,12265.0,10,MNQZ2
2022-05-26 15:00:00+00:00,34,1,20332,12300.0,12300.0,12265.0,12300.0,6,MNQZ2
2022-05-26 16:00:00+00:00,34,1,20332,12370.0,12400.0,12370.0,12380.0,6,MNQZ2
2022-05-26 17:00:00+00:00,34,1,20332,12402.25,12424.0,12379.0,12379.0,3,MNQZ2
2022-05-26 18:00:00+00:00,34,1,20332,12385.0,12397.75,12385.0,12397.75,2,MNQZ2
2022-05-26 19:00:00+00:00,34,1,20332,12370.0,12370.0,12335.0,12335.0,6,MNQZ2
2022-05-26 20:00:00+00:00,34,1,20332,12353.0,12353.0,12353.0,12353.0,1,MNQZ2
2022-05-26 23:00:00+00:00,34,1,20332,12391.5,12391.5,12391.5,12391.5,1,MNQZ2
2022-05-27 06:00:00+00:00,34,1,20332,12355.0,12355.0,12355.0,12355.0,5,MNQZ2
2022-05-27 07:00:00+00:00,34,1,20332,12325.0,12325.0,12325.0,12325.0,1,MNQZ2
2022-05-27 10:00:00+00:00,34,1,20332,12430.0,12430.0,12430.0,12430.0,1,MNQZ2
2022-05-27 11:00:00+00:00,34,1,20332,12385.0,12385.0,12385.0,12385.0,1,MNQZ2
2022-05-27 12:00:00+00:00,34,1,20332,12500.0,12512.0,12500.0,12512.0,2,MNQZ2
2022-05-27 13:00:00+00:00,34,1,20332,12512.0,12595.0,12512.0,12595.0,27,MNQZ2
2022-05-27 14:00:00+00:00,34,1,20332,12610.0,12672.25,12610.0,12639.75,7,MNQZ2
2022-05-27 15:00:00+00:00,34,1,20332,12605.0,12654.75,12605.0,12654.75,3,MNQZ2
2022-05-27 18:00:00+00:00,34,1,20332,12706.0,12706.0,12663.0,12700.0,3,MNQZ2
2022-05-27 19:00:00+00:00,34,1,20332,12745.0,12754.0,12745.0,12754.0,2,MNQZ2
2022-05-27 20:00:00+00:00,34,1,20332,12795.25,12795.25,12785.0,12785.0,21,MNQZ2
2022-05-30 03:00:00+00:00,34,1,20332,12891.0,12891.0,12887.0,12887.0,2,MNQZ2
2022-05-30 07:00:00+00:00,34,1,20332,12915.0,12915.0,12915.0,12915.0,3,MNQZ2
2022-05-30 08:00:00+00:00,34,1,20332,12920.0,12928.0,12920.0,12928.0,3,MNQZ2
2022-05-30 09:00:00+00:00,34,1,20332,12950.0,12950.0,12950.0,12950.0,1,MNQZ2
2022-05-30 14:00:00+00:00,34,1,20332,12850.0,12850.0,12850.0,12850.0,6,MNQZ2
2022-05-30 22:00:00+00:00,34,1,20332,12836.0,12836.0,12836.0,12836.0,1,MNQZ2
2022-05-31 00:00:00+00:00,34,1,20332,12800.0,12800.0,12800.0,12800.0,1,MNQZ2
2022-05-31 01:00:00+00:00,34,1,20332,12814.75,12819.0,12814.75,12819.0,2,MNQZ2
2022-05-31 02:00:00+00:00,34,1,20332,12819.0,12819.0,12819.0,12819.0,1,MNQZ2
2022-05-31 06:00:00+00:00,34,1,20332,12813.25,12813.25,12813.25,12813.25,1,MNQZ2
2022-05-31 07:00:00+00:00,34,1,20332,12750.0,12750.0,12745.0,12745.0,6,MNQZ2
2022-05-31 08:00:00+00:00,34,1,20332,12737.75,12737.75,12737.75,12737.75,1,MNQZ2
2022-05-31 09:00:00+00:00,34,1,20332,12713.75,12713.75,12710.0,12710.0,2,MNQZ2
2022-05-31 13:00:00+00:00,34,1,20332,12707.75,12739.75,12635.0,12638.75,23,MNQZ2
2022-05-31 14:00:00+00:00,34,1,20332,12652.5,12722.0,12633.5,12700.0,14,MNQZ2
2022-05-31 15:00:00+00:00,34,1,20332,12722.75,12722.75,12680.5,12680.5,3,MNQZ2
2022-05-31 17:00:00+00:00,34,1,20332,12766.25,12766.25,12766.25,12766.25,2,MNQZ2
2022-05-31 18:00:00+00:00,34,1,20332,12729.0,12729.0,12729.0,12729.0,1,MNQZ2
2022-05-31 19:00:00+00:00,34,1,20332,12730.0,12730.0,12730.0,12730.0,1,MNQZ2
2022-06-01 00:00:00+00:00,34,1,20332,12800.0,12800.0,12800.0,12800.0,1,MNQZ2
2022-06-01 02:00:00+00:00,34,1,20332,12765.0,12765.0,12765.0,12765.0,1,MNQZ2
2022-06-01 08:00:00+00:00,34,1,20332,12680.0,12680.0,12680.0,12680.0,1,MNQZ2
2022-06-01 09:00:00+00:00,34,1,20332,12721.5,12721.5,12721.5,12721.5,1,MNQZ2
2022-06-01 13:00:00+00:00,34,1,20332,12790.0,12877.75,12790.0,12877.0,3,MNQZ2
2022-06-01 14:00:00+00:00,34,1,20332,12735.0,12737.0,12662.5,12700.25,4,MNQZ2
2022-06-01 15:00:00+00:00,34,1,20332,12650.0,12650.0,12615.0,12617.75,5,MNQZ2
2022-06-01 16:00:00+00:00,34,1,20332,12550.0,12550.0,12526.0,12526.0,3,MNQZ2
2022-06-01 17:00:00+00:00,34,1,20332,12620.25,12644.25,12588.0,12588.0,5,MNQZ2
2022-06-01 18:00:00+00:00,34,1,20332,12670.5,12674.5,12627.75,12627.75,3,MNQZ2
2022-06-01 20:00:00+00:00,34,1,20332,12600.25,12600.25,12600.25,12600.25,1,MNQZ2
2022-06-01 22:00:00+00:00,34,1,20332,12638.75,12638.75,12638.75,12638.75,1,MNQZ2
2022-06-02 01:00:00+00:00,34,1,20332,12638.75,12638.75,12638.75,12638.75,1,MNQZ2
2022-06-02 06:00:00+00:00,34,1,20332,12635.75,12635.75,12635.75,12635.75,1,MNQZ2
2022-06-02 09:00:00+00:00,34,1,20332,12700.0,12700.0,12700.0,12700.0,1,MNQZ2
2022-06-02 12:00:00+00:00,34,1,20332,12695.0,12695.0,12695.0,12695.0,1,MNQZ2
2022-06-02 13:00:00+00:00,34,1,20332,12650.0,12650.0,12590.0,12650.0,4,MNQZ2
2022-06-02 14:00:00+00:00,34,1,20332,12650.0,12650.0,12650.0,12650.0,1,MNQZ2
2022-06-02 15:00:00+00:00,34,1,20332,12750.0,12800.0,12750.0,12800.0,3,MNQZ2
2022-06-02 16:00:00+00:00,34,1,20332,12885.0,12885.0,12873.0,12873.0,6,MNQZ2
2022-06-02 17:00:00+00:00,34,1,20332,12900.0,12900.0,12900.0,12900.0,5,MNQZ2
2022-06-02 18:00:00+00:00,34,1,20332,12930.0,12930.0,12914.5,12914.5,2,MNQZ2
2022-06-02 20:00:00+00:00,34,1,20332,12950.0,12950.0,12950.0,12950.0,1,MNQZ2
2022-06-02 22:00:00+00:00,34,1,20332,13000.0,13020.0,13000.0,13020.0,2,MNQZ2
2022-06-03 01:00:00+00:00,34,1,20332,12984.0,12984.0,12984.0,12984.0,1,MNQZ2
2022-06-03 06:00:00+00:00,34,1,20332,12990.5,12990.5,12990.5,12990.5,1,MNQZ2
2022-06-03 09:00:00+00:00,34,1,20332,12900.0,12910.0,12900.0,12910.0,2,MNQZ2
2022-06-03 10:00:00+00:00,34,1,20332,12895.0,12895.0,12895.0,12895.0,1,MNQZ2
2022-06-03 11:00:00+00:00,34,1,20332,12840.0,12840.0,12828.0,12828.0,2,MNQZ2
2022-06-03 13:00:00+00:00,34,1,20332,12790.0,12790.0,12790.0,12790.0,1,MNQZ2
2022-06-03 14:00:00+00:00,34,1,20332,12790.0,12790.0,12690.0,12690.0,16,MNQZ2
2022-06-03 15:00:00+00:00,34,1,20332,12651.25,12651.25,12594.0,12648.0,6,MNQZ2
2022-06-03 16:00:00+00:00,34,1,20332,12676.5,12676.5,12676.5,12676.5,1,MNQZ2
2022-06-03 17:00:00+00:00,34,1,20332,12650.0,12660.0,12650.0,12650.0,4,MNQZ2
2022-06-03 18:00:00+00:00,34,1,20332,12660.0,12680.0,12660.0,12680.0,3,MNQZ2
2022-06-03 19:00:00+00:00,34,1,20332,12632.75,12633.75,12632.75,12633.75,6,MNQZ2
2022-06-05 22:00:00+00:00,34,1,20332,12650.0,12665.0,12644.75,12645.0,14,MNQZ2
2022-06-06 01:00:00+00:00,34,1,20332,12665.0,12675.0,12665.0,12675.0,2,MNQZ2
2022-06-06 02:00:00+00:00,34,1,20332,12700.0,12700.0,12700.0,12700.0,3,MNQZ2
2022-06-06 03:00:00+00:00,34,1,20332,12721.25,12721.25,12721.25,12721.25,1,MNQZ2
2022-06-06 06:00:00+00:00,34,1,20332,12731.0,12738.0,12731.0,12738.0,2,MNQZ2
2022-06-06 08:00:00+00:00,34,1,20332,12800.0,12821.0,12789.25,12821.0,4,MNQZ2
2022-06-06 09:00:00+00:00,34,1,20332,12799.25,12799.25,12799.25,12799.25,1,MNQZ2
2022-06-06 10:00:00+00:00,34,1,20332,12792.0,12792.0,12792.0,12792.0,1,MNQZ2
2022-06-06 13:00:00+00:00,34,1,20332,12830.0,12848.25,12786.25,12848.25,6,MNQZ2
2022-06-06 14:00:00+00:00,34,1,20332,12859.0,12886.0,12856.0,12886.0,11,MNQZ2
2022-06-06 15:00:00+00:00,34,1,20332,12780.0,12780.0,12727.75,12750.0,8,MNQZ2
2022-06-06 16:00:00+00:00,34,1,20332,12661.0,12689.0,12631.25,12631.25,16,MNQZ2
2022-06-06 17:00:00+00:00,34,1,20332,12636.0,12750.0,12636.0,12750.0,13,MNQZ2
2022-06-06 18:00:00+00:00,34,1,20332,12695.0,12695.0,12660.75,12660.75,2,MNQZ2
2022-06-06 19:00:00+00:00,34,1,20332,12656.25,12656.25,12656.25,12656.25,1,MNQZ2
2022-06-07 01:00:00+00:00,34,1,20332,12590.0,12590.0,12590.0,12590.0,1,MNQZ2
2022-06-07 02:00:00+00:00,34,1,20332,12610.0,12610.0,12610.0,12610.0,1,MNQZ2
2022-06-07 03:00:00+00:00,34,1,20332,12605.0,12605.0,12605.0,12605.0,1,MNQZ2
2022-06-07 05:00:00+00:00,34,1,20332,12580.0,12580.0,12566.25,12566.25,3,MNQZ2
2022-06-07 06:00:00+00:00,34,1,20332,12578.75,12578.75,12565.75,12565.75,2,MNQZ2
2022-06-07 08:00:00+00:00,34,1,20332,12637.75,12645.0,12637.75,12645.0,2,MNQZ2
2022-06-07 11:00:00+00:00,34,1,20332,12570.0,12570.0,12542.5,12549.25,13,MNQZ2
2022-06-07 12:00:00+00:00,34,1,20332,12540.0,12546.75,12540.0,12546.75,5,MNQZ2
2022-06-07 13:00:00+00:00,34,1,20332,12516.25,12650.0,12507.5,12650.0,26,MNQZ2
2022-06-07 14:00:00+00:00,34,1,20332,12627.75,12778.5,12571.25,12778.5,33,MNQZ2
2022-06-07 15:00:00+00:00,34,1,20332,12749.5,12749.5,12682.5,12682.5,30,MNQZ2
2022-06-07 16:00:00+00:00,34,1,20332,12690.5,12720.75,12690.5,12720.75,3,MNQZ2
2022-06-07 17:00:00+00:00,34,1,20332,12728.0,12750.0,12728.0,12730.0,4,MNQZ2
2022-06-07 18:00:00+00:00,34,1,20332,12780.0,12790.25,12764.25,12764.25,6,MNQZ2
2022-06-07 19:00:00+00:00,34,1,20332,12790.0,12800.0,12788.75,12796.5,5,MNQZ2
2022-06-07 20:00:00+00:00,34,1,20332,12790.0,12790.0,12790.0,12790.0,1,MNQZ2
2022-06-07 22:00:00+00:00,34,1,20332,12785.0,12785.0,12785.0,12785.0,2,MNQZ2
2022-06-07 23:00:00+00:00,34,1,20332,12785.0,12785.0,12785.0,12785.0,1,MNQZ2
2022-06-08 01:00:00+00:00,34,1,20332,12760.0,12760.0,12760.0,12760.0,4,MNQZ2
2022-06-08 04:00:00+00:00,34,1,20332,12753.0,12753.0,12722.5,12722.5,4,MNQZ2
2022-06-08 07:00:00+00:00,34,1,20332,12723.5,12732.0,12712.75,12712.75,6,MNQZ2
2022-06-08 11:00:00+00:00,34,1,20332,12764.25,12800.0,12764.25,12800.0,3,MNQZ2
2022-06-08 12:00:00+00:00,34,1,20332,12739.25,12739.25,12739.25,12739.25,2,MNQZ2
2022-06-08 13:00:00+00:00,34,1,20332,12732.0,12857.0,12732.0,12857.0,27,MNQZ2
2022-06-08 14:00:00+00:00,34,1,20332,12853.75,12866.75,12823.5,12824.0,13,MNQZ2
2022-06-08 15:00:00+00:00,34,1,20332,12850.0,12852.0,12820.0,12820.0,8,MNQZ2
2022-06-08 16:00:00+00:00,34,1,20332,12750.0,12770.0,12720.0,12720.0,6,MNQZ2
2022-06-08 17:00:00+00:00,34,1,20332,12730.0,12730.0,12730.0,12730.0,1,MNQZ2
2022-06-08 18:00:00+00:00,34,1,20332,12709.0,12715.75,12693.5,12715.75,48,MNQZ2
2022-06-08 19:00:00+00:00,34,1,20332,12750.25,12750.25,12750.25,12750.25,1,MNQZ2
2022-06-09 00:00:00+00:00,34,1,20332,12686.0,12686.0,12686.0,12686.0,1,MNQZ2
2022-06-09 05:00:00+00:00,34,1,20332,12668.0,12668.0,12652.25,12652.25,2,MNQZ2
2022-06-09 08:00:00+00:00,34,1,20332,12722.0,12748.25,12722.0,12748.25,4,MNQZ2
2022-06-09 09:00:00+00:00,34,1,20332,12758.0,12758.0,12750.0,12750.0,6,MNQZ2
2022-06-09 10:00:00+00:00,34,1,20332,12775.0,12800.0,12770.5,12770.5,8,MNQZ2
2022-06-09 11:00:00+00:00,34,1,20332,12779.25,12788.75,12779.25,12788.75,3,MNQZ2
2022-06-09 12:00:00+00:00,34,1,20332,12720.0,12720.0,12638.0,12638.0,6,MNQZ2
2022-06-09 13:00:00+00:00,34,1,20332,12642.0,12728.0,12593.25,12728.0,14,MNQZ2
2022-06-09 14:00:00+00:00,34,1,20332,12676.25,12750.0,12665.75,12665.75,10,MNQZ2
2022-06-09 15:00:00+00:00,34,1,20332,12640.75,12685.25,12640.75,12659.0,5,MNQZ2
2022-06-09 16:00:00+00:00,34,1,20332,12661.25,12661.25,12660.5,12660.5,2,MNQZ2
2022-06-09 17:00:00+00:00,34,1,20332,12610.0,12613.75,12610.0,12613.75,2,MNQZ2
2022-06-09 18:00:00+00:00,34,1,20332,12554.75,12554.75,12550.75,12550.75,2,MNQZ2
2022-06-09 19:00:00+00:00,34,1,20332,12505.0,12505.0,12366.5,12366.5,16,MNQZ2
2022-06-09 20:00:00+00:00,34,1,20332,12350.0,12370.0,12350.0,12370.0,2,MNQZ2
2022-06-09 22:00:00+00:00,34,1,20332,12388.5,12388.5,12388.5,12388.5,1,MNQZ2
2022-06-09 23:00:00+00:00,34,1,20332,12380.0,12380.0,12350.0,12360.0,13,MNQZ2
2022-06-10 00:00:00+00:00,34,1,20332,12390.0,12390.0,12367.0,12370.0,11,MNQZ2
2022-06-10 01:00:00+00:00,34,1,20332,12365.0,12365.0,12365.0,12365.0,4,MNQZ2
2022-06-10 03:00:00+00:00,34,1,20332,12389.5,12400.0,12389.5,12400.0,2,MNQZ2
2022-06-10 04:00:00+00:00,34,1,20332,12375.0,12399.75,12375.0,12384.0,3,MNQZ2
2022-06-10 05:00:00+00:00,34,1,20332,12415.5,12415.5,12414.75,12414.75,2,MNQZ2
2022-06-10 07:00:00+00:00,34,1,20332,12350.0,12350.0,12350.0,12350.0,1,MNQZ2
2022-06-10 08:00:00+00:00,34,1,20332,12366.5,12404.0,12366.5,12374.0,3,MNQZ2
2022-06-10 09:00:00+00:00,34,1,20332,12400.0,12400.0,12400.0,12400.0,1,MNQZ2
2022-06-10 11:00:00+00:00,34,1,20332,12403.25,12403.25,12403.25,12403.25,1,MNQZ2
2022-06-10 12:00:00+00:00,34,1,20332,12385.0,12385.0,12146.0,12146.0,29,MNQZ2
2022-06-10 13:00:00+00:00,34,1,20332,12122.5,12165.75,12046.5,12047.75,25,MNQZ2
2022-06-10 14:00:00+00:00,34,1,20332,12000.0,12006.5,11955.0,12000.0,16,MNQZ2
2022-06-10 15:00:00+00:00,34,1,20332,11948.0,11958.25,11920.75,11932.0,13,MNQZ2
2022-06-10 16:00:00+00:00,34,1,20332,11952.0,11961.5,11924.75,11952.25,6,MNQZ2
2022-06-10 17:00:00+00:00,34,1,20332,11927.0,12033.0,11927.0,11977.5,9,MNQZ2
2022-06-10 18:00:00+00:00,34,1,20332,11994.0,12003.0,11970.75,12003.0,5,MNQZ2
2022-06-10 19:00:00+00:00,34,1,20332,11977.75,12059.75,11977.75,12015.0,7,MNQZ2
2022-06-10 20:00:00+00:00,34,1,20332,11940.0,11951.0,11938.0,11938.0,3,MNQZ2
2022-06-12 22:00:00+00:00,34,1,20332,11800.0,11832.25,11735.25,11735.25,24,MNQZ2
2022-06-12 23:00:00+00:00,34,1,20332,11750.0,11755.0,11742.25,11750.0,6,MNQZ2
2022-06-13 00:00:00+00:00,34,1,20332,11755.0,11757.75,11695.0,11695.0,13,MNQZ2
2022-06-13 01:00:00+00:00,34,1,20332,11700.0,11705.75,11656.75,11704.0,11,MNQZ2
2022-06-13 02:00:00+00:00,34,1,20332,11694.0,11719.5,11680.25,11718.0,14,MNQZ2
2022-06-13 03:00:00+00:00,34,1,20332,11699.0,11714.25,11698.5,11710.75,5,MNQZ2
2022-06-13 04:00:00+00:00,34,1,20332,11724.5,11724.5,11693.25,11693.25,8,MNQZ2
2022-06-13 05:00:00+00:00,34,1,20332,11672.25,11672.25,11672.25,11672.25,2,MNQZ2
2022-06-13 06:00:00+00:00,34,1,20332,11650.0,11650.0,11640.0,11650.0,5,MNQZ2
2022-06-13 07:00:00+00:00,34,1,20332,11700.25,11701.25,11634.0,11634.0,17,MNQZ2
2022-06-13 08:00:00+00:00,34,1,20332,11625.25,11625.25,11517.75,11575.0,32,MNQZ2
2022-06-13 09:00:00+00:00,34,1,20332,11575.0,11581.5,11545.5,11545.5,11,MNQZ2
2022-06-13 10:00:00+00:00,34,1,20332,11590.0,11600.0,11590.0,11600.0,4,MNQZ2
2022-06-13 11:00:00+00:00,34,1,20332,11550.0,11550.0,11550.0,11550.0,1,MNQZ2
2022-06-13 12:00:00+00:00,34,1,20332,11562.5,11613.75,11562.5,11580.5,9,MNQZ2
2022-06-13 13:00:00+00:00,34,1,20332,11569.25,11659.0,11565.0,11596.0,38,MNQZ2
2022-06-13 14:00:00+00:00,34,1,20332,11577.5,11580.5,11425.0,11464.5,74,MNQZ2
2022-06-13 15:00:00+00:00,34,1,20332,11425.25,11525.0,11399.25,11505.5,51,MNQZ2
2022-06-13 16:00:00+00:00,34,1,20332,11489.0,11601.0,11489.0,11502.75,38,MNQZ2
2022-06-13 17:00:00+00:00,34,1,20332,11500.0,11538.75,11467.75,11538.75,14,MNQZ2
2022-06-13 18:00:00+00:00,34,1,20332,11490.25,11491.5,11462.0,11462.0,16,MNQZ2
2022-06-13 19:00:00+00:00,34,1,20332,11427.25,11467.5,11362.5,11399.25,31,MNQZ2
2022-06-13 20:00:00+00:00,34,1,20332,11399.25,11433.5,11399.25,11432.75,13,MNQZ2
2022-06-13 22:00:00+00:00,34,1,20332,11429.5,11450.0,11428.75,11439.0,4,MNQZ2
2022-06-13 23:00:00+00:00,34,1,20332,11422.0,11434.25,11422.0,11434.25,4,MNQZ2
2022-06-14 00:00:00+00:00,34,1,20332,11430.0,11486.75,11430.0,11460.0,10,MNQZ2
2022-06-14 01:00:00+00:00,34,1,20332,11460.0,11460.0,11443.0,11454.75,3,MNQZ2
2022-06-14 02:00:00+00:00,34,1,20332,11465.75,11465.75,11465.75,11465.75,1,MNQZ2
2022-06-14 03:00:00+00:00,34,1,20332,11481.25,11484.5,11481.25,11482.5,10,MNQZ2
2022-06-14 04:00:00+00:00,34,1,20332,11522.25,11525.0,11520.75,11525.0,9,MNQZ2
2022-06-14 05:00:00+00:00,34,1,20332,11525.0,11566.0,11525.0,11566.0,15,MNQZ2
2022-06-14 06:00:00+00:00,34,1,20332,11575.0,11584.0,11571.5,11571.5,4,MNQZ2
2022-06-14 07:00:00+00:00,34,1,20332,11567.25,11567.25,11520.0,11520.5,13,MNQZ2
2022-06-14 08:00:00+00:00,34,1,20332,11518.0,11536.0,11497.0,11497.0,23,MNQZ2
2022-06-14 09:00:00+00:00,34,1,20332,11470.0,11484.75,11469.5,11480.0,6,MNQZ2
2022-06-14 10:00:00+00:00,34,1,20332,11450.0,11480.0,11421.75,11480.0,18,MNQZ2
2022-06-14 11:00:00+00:00,34,1,20332,11443.0,11443.0,11443.0,11443.0,3,MNQZ2
2022-06-14 12:00:00+00:00,34,1,20332,11450.0,11488.0,11437.0,11488.0,10,MNQZ2
2022-06-14 13:00:00+00:00,34,1,20332,11455.25,11500.0,11367.75,11470.0,27,MNQZ2
2022-06-14 14:00:00+00:00,34,1,20332,11473.5,11488.0,11344.0,11437.0,39,MNQZ2
2022-06-14 15:00:00+00:00,34,1,20332,11425.25,11445.0,11350.5,11436.75,18,MNQZ2
2022-06-14 16:00:00+00:00,34,1,20332,11405.0,11420.0,11377.75,11377.75,25,MNQZ2
2022-06-14 17:00:00+00:00,34,1,20332,11430.0,11520.75,11389.25,11405.5,41,MNQZ2
2022-06-14 18:00:00+00:00,34,1,20332,11398.0,11432.5,11368.0,11379.25,16,MNQZ2
2022-06-14 19:00:00+00:00,34,1,20332,11364.0,11455.0,11310.0,11415.0,44,MNQZ2
2022-06-14 20:00:00+00:00,34,1,20332,11401.0,11434.75,11397.75,11434.75,15,MNQZ2
2022-06-14 22:00:00+00:00,34,1,20332,11425.0,11455.0,11425.0,11455.0,4,MNQZ2
2022-06-14 23:00:00+00:00,34,1,20332,11455.0,11500.0,11455.0,11500.0,4,MNQZ2
2022-06-15 00:00:00+00:00,34,1,20332,11501.75,11501.75,11501.75,11501.75,2,MNQZ2
2022-06-15 01:00:00+00:00,34,1,20332,11500.0,11508.0,11500.0,11508.0,2,MNQZ2
2022-06-15 02:00:00+00:00,34,1,20332,11493.5,11510.0,11493.5,11510.0,2,MNQZ2
2022-06-15 03:00:00+00:00,34,1,20332,11482.25,11494.5,11482.25,11494.5,4,MNQZ2
2022-06-15 04:00:00+00:00,34,1,20332,11468.0,11468.0,11449.0,11449.0,2,MNQZ2
2022-06-15 05:00:00+00:00,34,1,20332,11441.75,11478.0,11441.75,11478.0,5,MNQZ2
2022-06-15 06:00:00+00:00,34,1,20332,11466.0,11490.0,11456.25,11490.0,7,MNQZ2
2022-06-15 07:00:00+00:00,34,1,20332,11466.25,11466.25,11461.25,11461.25,3,MNQZ2
2022-06-15 08:00:00+00:00,34,1,20332,11519.5,11520.0,11519.5,11519.5,4,MNQZ2
2022-06-15 09:00:00+00:00,34,1,20332,11469.75,11497.25,11469.75,11497.25,4,MNQZ2
2022-06-15 10:00:00+00:00,34,1,20332,11481.25,11488.0,11481.25,11488.0,2,MNQZ2
2022-06-15 11:00:00+00:00,34,1,20332,11478.5,11542.5,11478.5,11542.5,12,MNQZ2
2022-06-15 12:00:00+00:00,34,1,20332,11527.75,11577.0,11505.75,11562.0,17,MNQZ2
2022-06-15 13:00:00+00:00,34,1,20332,11565.25,11611.5,11544.0,11582.0,34,MNQZ2
2022-06-15 14:00:00+00:00,34,1,20332,11606.25,11634.0,11530.0,11530.0,49,MNQZ2
2022-06-15 15:00:00+00:00,34,1,20332,11580.0,11600.0,11567.25,11594.75,41,MNQZ2
2022-06-15 16:00:00+00:00,34,1,20332,11610.0,11633.0,11554.5,11554.5,15,MNQZ2
2022-06-15 17:00:00+00:00,34,1,20332,11572.75,11630.0,11571.25,11571.25,29,MNQZ2
2022-06-15 18:00:00+00:00,34,1,20332,11633.75,11814.0,11455.0,11676.25,164,MNQZ2
2022-06-15 19:00:00+00:00,34,1,20332,11724.0,11859.75,11650.0,11695.0,143,MNQZ2
2022-06-15 20:00:00+00:00,34,1,20332,11693.0,11703.25,11657.75,11686.25,14,MNQZ2
2022-06-15 22:00:00+00:00,34,1,20332,11732.25,11765.0,11724.75,11760.0,29,MNQZ2
2022-06-15 23:00:00+00:00,34,1,20332,11750.0,11790.0,11747.5,11785.25,18,MNQZ2
2022-06-16 00:00:00+00:00,34,1,20332,11784.75,11804.0,11784.75,11801.0,21,MNQZ2
2022-06-16 01:00:00+00:00,34,1,20332,11805.75,11833.0,11767.75,11773.75,47,MNQZ2
2022-06-16 02:00:00+00:00,34,1,20332,11776.0,11777.0,11740.0,11765.25,20,MNQZ2
2022-06-16 03:00:00+00:00,34,1,20332,11783.0,11783.0,11751.25,11751.25,11,MNQZ2
2022-06-16 04:00:00+00:00,34,1,20332,11740.0,11740.0,11713.0,11713.0,17,MNQZ2
2022-06-16 05:00:00+00:00,34,1,20332,11700.5,11700.75,11638.0,11638.5,29,MNQZ2
2022-06-16 06:00:00+00:00,34,1,20332,11645.5,11650.0,11539.5,11548.5,75,MNQZ2
2022-06-16 07:00:00+00:00,34,1,20332,11541.0,11560.0,11395.0,11448.0,52,MNQZ2
2022-06-16 08:00:00+00:00,34,1,20332,11456.5,11464.5,11376.75,11376.75,50,MNQZ2
2022-06-16 09:00:00+00:00,34,1,20332,11366.5,11390.5,11332.75,11390.5,50,MNQZ2
2022-06-16 10:00:00+00:00,34,1,20332,11417.0,11417.0,11365.25,11365.25,6,MNQZ2
2022-06-16 11:00:00+00:00,34,1,20332,11399.0,11399.0,11364.0,11394.75,11,MNQZ2
2022-06-16 12:00:00+00:00,34,1,20332,11420.0,11489.0,11414.25,11414.25,42,MNQZ2
2022-06-16 13:00:00+00:00,34,1,20332,11407.25,11439.0,11339.0,11356.25,56,MNQZ2
2022-06-16 14:00:00+00:00,34,1,20332,11325.0,11325.25,11193.5,11214.75,151,MNQZ2
2022-06-16 15:00:00+00:00,34,1,20332,11235.75,11300.0,11223.0,11239.75,47,MNQZ2
2022-06-16 16:00:00+00:00,34,1,20332,11250.0,11278.75,11210.5,11246.5,55,MNQZ2
2022-06-16 17:00:00+00:00,34,1,20332,11260.5,11285.0,11185.0,11185.0,21,MNQZ2
2022-06-16 18:00:00+00:00,34,1,20332,11189.5,11203.0,11134.0,11150.0,86,MNQZ2
2022-06-16 19:00:00+00:00,34,1,20332,11165.0,11234.0,11165.0,11197.0,55,MNQZ2
2022-06-16 20:00:00+00:00,34,1,20332,11246.0,11282.75,11221.5,11282.75,22,MNQZ2
2022-06-16 22:00:00+00:00,34,1,20332,11265.0,11295.75,11257.75,11257.75,16,MNQZ2
2022-06-16 23:00:00+00:00,34,1,20332,11265.75,11270.25,11239.5,11255.0,7,MNQZ2
2022-06-17 00:00:00+00:00,34,1,20332,11250.0,11293.75,11232.25,11253.25,24,MNQZ2
2022-06-17 01:00:00+00:00,34,1,20332,11269.0,11308.5,11266.0,11305.25,25,MNQZ2
2022-06-17 02:00:00+00:00,34,1,20332,11305.25,11334.0,11281.5,11285.0,16,MNQZ2
2022-06-17 03:00:00+00:00,34,1,20332,11287.75,11307.25,11287.75,11307.25,3,MNQZ2
2022-06-17 04:00:00+00:00,34,1,20332,11306.5,11358.25,11306.25,11358.25,23,MNQZ2
2022-06-17 05:00:00+00:00,34,1,20332,11345.0,11356.0,11335.0,11356.0,7,MNQZ2
2022-06-17 06:00:00+00:00,34,1,20332,11313.75,11321.25,11266.0,11280.75,60,MNQZ2
2022-06-17 07:00:00+00:00,34,1,20332,11290.0,11331.0,11272.0,11307.25,11,MNQZ2
2022-06-17 08:00:00+00:00,34,1,20332,11324.0,11360.25,11315.0,11336.0,32,MNQZ2
2022-06-17 09:00:00+00:00,34,1,20332,11339.75,11360.0,11316.5,11316.5,13,MNQZ2
2022-06-17 10:00:00+00:00,34,1,20332,11350.0,11370.0,11349.0,11353.0,23,MNQZ2
2022-06-17 11:00:00+00:00,34,1,20332,11358.75,11383.0,11340.0,11340.0,9,MNQZ2
2022-06-17 12:00:00+00:00,34,1,20332,11352.5,11364.0,11296.25,11296.25,23,MNQZ2
2022-06-17 13:00:00+00:00,34,1,20332,11300.25,11410.0,11238.5,11368.75,192,MNQZ2
2022-06-17 14:00:00+00:00,34,1,20332,11379.75,11379.75,11195.5,11243.75,264,MNQZ2
2022-06-17 15:00:00+00:00,34,1,20332,11215.25,11385.0,11215.25,11322.0,113,MNQZ2
2022-06-17 16:00:00+00:00,34,1,20332,11292.25,11375.25,11282.75,11363.0,128,MNQZ2
2022-06-17 17:00:00+00:00,34,1,20332,11364.25,11459.75,11364.25,11404.5,91,MNQZ2
2022-06-17 18:00:00+00:00,34,1,20332,11414.0,11450.0,11403.5,11403.5,34,MNQZ2
2022-06-17 19:00:00+00:00,34,1,20332,11396.0,11402.25,11344.0,11400.0,23,MNQZ2
2022-06-17 20:00:00+00:00,34,1,20332,11361.75,11385.25,11361.75,11366.75,13,MNQZ2
2022-06-19 22:00:00+00:00,34,1,20332,11419.0,11498.25,11394.0,11485.0,57,MNQZ2
2022-06-19 23:00:00+00:00,34,1,20332,11463.25,11505.75,11463.25,11505.75,17,MNQZ2
2022-06-20 00:00:00+00:00,34,1,20332,11453.5,11453.5,11430.0,11450.0,19,MNQZ2
2022-06-20 01:00:00+00:00,34,1,20332,11438.0,11438.0,11345.75,11365.0,47,MNQZ2
2022-06-20 02:00:00+00:00,34,1,20332,11373.75,11420.25,11370.25,11420.25,20,MNQZ2
2022-06-20 03:00:00+00:00,34,1,20332,11433.5,11442.5,11419.25,11442.5,11,MNQZ2
2022-06-20 04:00:00+00:00,34,1,20332,11437.75,11439.5,11413.0,11413.0,58,MNQZ2
2022-06-20 05:00:00+00:00,34,1,20332,11407.25,11432.75,11401.25,11432.75,13,MNQZ2
2022-06-20 06:00:00+00:00,34,1,20332,11437.75,11448.5,11437.75,11446.25,9,MNQZ2
2022-06-20 07:00:00+00:00,34,1,20332,11459.0,11462.25,11405.75,11439.75,12,MNQZ2
2022-06-20 08:00:00+00:00,34,1,20332,11446.5,11465.5,11446.25,11457.25,18,MNQZ2
2022-06-20 09:00:00+00:00,34,1,20332,11450.0,11451.0,11441.5,11451.0,20,MNQZ2
2022-06-20 10:00:00+00:00,34,1,20332,11467.5,11467.5,11467.5,11467.5,1,MNQZ2
2022-06-20 11:00:00+00:00,34,1,20332,11464.75,11464.75,11464.75,11464.75,1,MNQZ2
2022-06-20 12:00:00+00:00,34,1,20332,11453.5,11458.0,11440.0,11440.0,6,MNQZ2
2022-06-20 13:00:00+00:00,34,1,20332,11433.25,11443.25,11409.75,11436.0,31,MNQZ2
2022-06-20 14:00:00+00:00,34,1,20332,11445.0,11453.0,11438.75,11447.0,24,MNQZ2
2022-06-20 15:00:00+00:00,34,1,20332,11448.25,11490.0,11448.25,11486.5,44,MNQZ2
2022-06-20 16:00:00+00:00,34,1,20332,11491.5,11497.0,11474.5,11490.0,75,MNQZ2
2022-06-20 22:00:00+00:00,34,1,20332,11467.25,11497.0,11467.25,11483.0,4,MNQZ2
2022-06-20 23:00:00+00:00,34,1,20332,11492.0,11507.25,11468.0,11500.5,125,MNQZ2
2022-06-21 00:00:00+00:00,34,1,20332,11490.0,11525.0,11482.75,11525.0,99,MNQZ2
2022-06-21 01:00:00+00:00,34,1,20332,11508.75,11525.0,11500.0,11525.0,25,MNQZ2
2022-06-21 02:00:00+00:00,34,1,20332,11533.0,11538.0,11526.0,11534.25,94,MNQZ2
2022-06-21 03:00:00+00:00,34,1,20332,11544.75,11570.75,11544.75,11559.0,122,MNQZ2
2022-06-21 04:00:00+00:00,34,1,20332,11556.75,11563.5,11556.25,11563.5,11,MNQZ2
2022-06-21 05:00:00+00:00,34,1,20332,11568.25,11568.25,11537.0,11539.25,15,MNQZ2
2022-06-21 06:00:00+00:00,34,1,20332,11540.0,11540.0,11508.0,11511.0,26,MNQZ2
2022-06-21 07:00:00+00:00,34,1,20332,11530.5,11610.0,11530.0,11587.75,153,MNQZ2
2022-06-21 08:00:00+00:00,34,1,20332,11600.0,11614.5,11583.0,11583.0,88,MNQZ2
2022-06-21 09:00:00+00:00,34,1,20332,11604.0,11605.0,11570.25,11570.25,26,MNQZ2
2022-06-21 10:00:00+00:00,34,1,20332,11567.75,11583.0,11562.0,11579.0,7,MNQZ2
2022-06-21 11:00:00+00:00,34,1,20332,11562.0,11562.0,11537.5,11537.5,17,MNQZ2
2022-06-21 12:00:00+00:00,34,1,20332,11528.0,11559.5,11512.0,11530.0,36,MNQZ2
2022-06-21 13:00:00+00:00,34,1,20332,11530.0,11699.25,11530.0,11699.25,384,MNQZ2
2022-06-21 14:00:00+00:00,34,1,20332,11699.25,11748.0,11689.75,11741.5,392,MNQZ2
2022-06-21 15:00:00+00:00,34,1,20332,11733.5,11745.0,11680.0,11680.0,53,MNQZ2
2022-06-21 16:00:00+00:00,34,1,20332,11670.0,11700.75,11662.0,11698.25,41,MNQZ2
2022-06-21 17:00:00+00:00,34,1,20332,11682.25,11702.25,11672.25,11672.25,18,MNQZ2
2022-06-21 18:00:00+00:00,34,1,20332,11661.25,11685.0,11647.25,11685.0,29,MNQZ2
2022-06-21 19:00:00+00:00,34,1,20332,11697.0,11700.0,11633.5,11644.5,53,MNQZ2
2022-06-21 20:00:00+00:00,34,1,20332,11638.25,11662.75,11638.25,11662.75,15,MNQZ2
2022-06-21 22:00:00+00:00,34,1,20332,11639.0,11644.75,11628.0,11644.75,20,MNQZ2
2022-06-21 23:00:00+00:00,34,1,20332,11644.75,11644.75,11629.75,11643.5,14,MNQZ2
2022-06-22 00:00:00+00:00,34,1,20332,11643.5,11643.5,11598.25,11604.25,31,MNQZ2
2022-06-22 01:00:00+00:00,34,1,20332,11598.25,11614.5,11575.0,11578.0,47,MNQZ2
2022-06-22 02:00:00+00:00,34,1,20332,11586.5,11586.5,11544.5,11551.5,62,MNQZ2
2022-06-22 03:00:00+00:00,34,1,20332,11543.25,11548.75,11520.75,11540.0,63,MNQZ2
2022-06-22 04:00:00+00:00,34,1,20332,11532.25,11541.0,11525.25,11541.0,22,MNQZ2
2022-06-22 05:00:00+00:00,34,1,20332,11553.5,11556.5,11499.25,11500.0,44,MNQZ2
2022-06-22 06:00:00+00:00,34,1,20332,11513.0,11515.5,11483.75,11501.0,23,MNQZ2
2022-06-22 07:00:00+00:00,34,1,20332,11496.75,11496.75,11407.5,11417.0,69,MNQZ2
2022-06-22 08:00:00+00:00,34,1,20332,11409.75,11429.25,11400.0,11428.25,29,MNQZ2
2022-06-22 09:00:00+00:00,34,1,20332,11429.5,11454.75,11427.5,11454.75,20,MNQZ2
2022-06-22 10:00:00+00:00,34,1,20332,11461.0,11474.0,11448.0,11460.0,16,MNQZ2
2022-06-22 11:00:00+00:00,34,1,20332,11478.25,11500.0,11468.0,11468.0,48,MNQZ2
2022-06-22 12:00:00+00:00,34,1,20332,11463.75,11479.0,11440.0,11479.0,21,MNQZ2
2022-06-22 13:00:00+00:00,34,1,20332,11479.0,11684.25,11464.5,11660.0,416,MNQZ2
2022-06-22 14:00:00+00:00,34,1,20332,11665.0,11813.0,11628.0,11767.0,591,MNQZ2
2022-06-22 15:00:00+00:00,34,1,20332,11755.5,11783.75,11652.0,11652.0,171,MNQZ2
2022-06-22 16:00:00+00:00,34,1,20332,11665.0,11728.0,11645.75,11728.0,91,MNQZ2
2022-06-22 17:00:00+00:00,34,1,20332,11720.75,11750.0,11713.5,11720.0,39,MNQZ2
2022-06-22 18:00:00+00:00,34,1,20332,11755.75,11788.0,11713.5,11734.75,119,MNQZ2
2022-06-22 19:00:00+00:00,34,1,20332,11728.5,11745.0,11622.0,11651.5,76,MNQZ2
2022-06-22 20:00:00+00:00,34,1,20332,11637.0,11637.0,11619.0,11619.0,11,MNQZ2
2022-06-22 22:00:00+00:00,34,1,20332,11611.5,11611.5,11595.0,11596.0,10,MNQZ2
2022-06-22 23:00:00+00:00,34,1,20332,11605.75,11605.75,11534.0,11548.25,46,MNQZ2
2022-06-23 00:00:00+00:00,34,1,20332,11554.0,11665.75,11553.75,11663.75,51,MNQZ2
2022-06-23 01:00:00+00:00,34,1,20332,11654.0,11663.5,11575.25,11575.25,91,MNQZ2
2022-06-23 02:00:00+00:00,34,1,20332,11586.5,11615.75,11564.25,11603.0,26,MNQZ2
2022-06-23 03:00:00+00:00,34,1,20332,11595.0,11613.75,11590.75,11607.75,22,MNQZ2
2022-06-23 04:00:00+00:00,34,1,20332,11585.5,11643.5,11585.5,11632.5,37,MNQZ2
2022-06-23 05:00:00+00:00,34,1,20332,11632.25,11655.25,11625.75,11641.25,22,MNQZ2
2022-06-23 06:00:00+00:00,34,1,20332,11629.75,11639.75,11625.75,11631.5,6,MNQZ2
2022-06-23 07:00:00+00:00,34,1,20332,11618.75,11624.0,11563.75,11595.5,23,MNQZ2
2022-06-23 08:00:00+00:00,34,1,20332,11589.0,11690.0,11587.5,11660.75,64,MNQZ2
2022-06-23 09:00:00+00:00,34,1,20332,11680.0,11711.0,11674.0,11711.0,25,MNQZ2
2022-06-23 10:00:00+00:00,34,1,20332,11710.25,11773.5,11708.75,11769.5,65,MNQZ2
2022-06-23 11:00:00+00:00,34,1,20332,11764.5,11773.75,11740.0,11747.25,61,MNQZ2
2022-06-23 12:00:00+00:00,34,1,20332,11745.5,11746.5,11686.0,11710.0,59,MNQZ2
2022-06-23 13:00:00+00:00,34,1,20332,11722.75,11751.25,11611.0,11721.75,256,MNQZ2
2022-06-23 14:00:00+00:00,34,1,20332,11719.75,11799.0,11667.75,11781.0,285,MNQZ2
2022-06-23 15:00:00+00:00,34,1,20332,11784.25,11811.0,11719.75,11720.0,209,MNQZ2
2022-06-23 16:00:00+00:00,34,1,20332,11707.5,11720.25,11639.5,11656.5,169,MNQZ2
2022-06-23 17:00:00+00:00,34,1,20332,11642.5,11689.0,11620.0,11689.0,36,MNQZ2
2022-06-23 18:00:00+00:00,34,1,20332,11687.75,11748.25,11679.0,11738.5,46,MNQZ2
2022-06-23 19:00:00+00:00,34,1,20332,11725.5,11834.5,11725.5,11800.0,85,MNQZ2
2022-06-23 20:00:00+00:00,34,1,20332,11791.5,11791.5,11750.0,11760.75,50,MNQZ2
2022-06-23 22:00:00+00:00,34,1,20332,11772.5,11780.5,11764.0,11780.0,11,MNQZ2
2022-06-23 23:00:00+00:00,34,1,20332,11778.25,11778.25,11768.25,11768.25,2,MNQZ2
2022-06-24 00:00:00+00:00,34,1,20332,11773.75,11801.5,11773.75,11801.5,22,MNQZ2
2022-06-24 01:00:00+00:00,34,1,20332,11801.5,11853.0,11791.5,11850.25,201,MNQZ2
2022-06-24 02:00:00+00:00,34,1,20332,11849.5,11900.0,11847.5,11893.25,212,MNQZ2
2022-06-24 03:00:00+00:00,34,1,20332,11901.0,11905.75,11879.0,11888.75,140,MNQZ2
2022-06-24 04:00:00+00:00,34,1,20332,11889.75,11932.0,11889.75,11926.0,172,MNQZ2
2022-06-24 05:00:00+00:00,34,1,20332,11922.0,11940.0,11912.75,11929.25,38,MNQZ2
2022-06-24 06:00:00+00:00,34,1,20332,11915.0,11920.0,11889.25,11905.5,10,MNQZ2
2022-06-24 07:00:00+00:00,34,1,20332,11876.0,11926.5,11875.0,11923.0,27,MNQZ2
2022-06-24 08:00:00+00:00,34,1,20332,11922.25,11928.0,11884.0,11913.25,9,MNQZ2
2022-06-24 09:00:00+00:00,34,1,20332,11916.75,11916.75,11900.0,11914.0,12,MNQZ2
2022-06-24 10:00:00+00:00,34,1,20332,11929.5,11930.0,11908.25,11913.0,24,MNQZ2
2022-06-24 11:00:00+00:00,34,1,20332,11913.0,11921.75,11882.0,11895.5,17,MNQZ2
2022-06-24 12:00:00+00:00,34,1,20332,11884.0,11900.25,11880.5,11889.0,22,MNQZ2
2022-06-24 13:00:00+00:00,34,1,20332,11908.0,12050.0,11908.0,12014.0,617,MNQZ2
2022-06-24 14:00:00+00:00,34,1,20332,12028.75,12154.0,12028.75,12083.5,777,MNQZ2
2022-06-24 15:00:00+00:00,34,1,20332,12090.25,12109.75,12040.5,12078.25,221,MNQZ2
2022-06-24 16:00:00+00:00,34,1,20332,12085.5,12098.0,12063.0,12097.25,52,MNQZ2
2022-06-24 17:00:00+00:00,34,1,20332,12095.25,12109.0,12071.5,12071.5,50,MNQZ2
2022-06-24 18:00:00+00:00,34,1,20332,12077.75,12125.0,12070.25,12121.0,69,MNQZ2
2022-06-24 19:00:00+00:00,34,1,20332,12118.5,12200.5,12110.0,12200.5,183,MNQZ2
2022-06-24 20:00:00+00:00,34,1,20332,12204.75,12204.75,12171.75,12195.0,87,MNQZ2
2022-06-26 22:00:00+00:00,34,1,20332,12230.0,12240.0,12165.75,12170.0,73,MNQZ2
2022-06-26 23:00:00+00:00,34,1,20332,12185.25,12202.0,12165.0,12165.0,39,MNQZ2
2022-06-27 00:00:00+00:00,34,1,20332,12160.25,12172.0,12145.0,12155.0,50,MNQZ2
2022-06-27 01:00:00+00:00,34,1,20332,12164.25,12199.0,12164.25,12194.75,25,MNQZ2
2022-06-27 02:00:00+00:00,34,1,20332,12200.0,12300.0,12200.0,12260.25,193,MNQZ2
2022-06-27 03:00:00+00:00,34,1,20332,12265.0,12280.0,12259.75,12274.0,38,MNQZ2
2022-06-27 04:00:00+00:00,34,1,20332,12274.0,12282.0,12274.0,12282.0,10,MNQZ2
2022-06-27 05:00:00+00:00,34,1,20332,12274.25,12274.25,12216.25,12233.75,22,MNQZ2
2022-06-27 06:00:00+00:00,34,1,20332,12229.75,12229.75,12200.0,12210.0,34,MNQZ2
2022-06-27 07:00:00+00:00,34,1,20332,12230.0,12320.75,12230.0,12311.0,179,MNQZ2
2022-06-27 08:00:00+00:00,34,1,20332,12311.0,12326.0,12290.0,12290.0,44,MNQZ2
2022-06-27 09:00:00+00:00,34,1,20332,12290.0,12299.75,12271.75,12290.0,60,MNQZ2
2022-06-27 10:00:00+00:00,34,1,20332,12287.5,12287.5,12250.0,12267.0,20,MNQZ2
2022-06-27 11:00:00+00:00,34,1,20332,12266.5,12285.75,12265.5,12285.75,39,MNQZ2
2022-06-27 12:00:00+00:00,34,1,20332,12274.0,12277.75,12226.5,12228.25,53,MNQZ2
2022-06-27 13:00:00+00:00,34,1,20332,12243.0,12280.25,12088.5,12127.5,238,MNQZ2
2022-06-27 14:00:00+00:00,34,1,20332,12155.0,12220.0,12098.0,12210.0,154,MNQZ2
2022-06-27 15:00:00+00:00,34,1,20332,12208.25,12220.0,12158.0,12188.5,69,MNQZ2
2022-06-27 16:00:00+00:00,34,1,20332,12161.0,12171.5,12113.0,12163.5,63,MNQZ2
2022-06-27 17:00:00+00:00,34,1,20332,12166.0,12166.0,12104.25,12111.0,59,MNQZ2
2022-06-27 18:00:00+00:00,34,1,20332,12110.0,12137.25,12104.0,12118.25,36,MNQZ2
2022-06-27 19:00:00+00:00,34,1,20332,12120.0,12132.75,12069.75,12104.75,62,MNQZ2
2022-06-27 20:00:00+00:00,34,1,20332,12119.75,12151.25,12119.75,12148.5,21,MNQZ2
2022-06-27 22:00:00+00:00,34,1,20332,12137.5,12138.75,12124.75,12138.75,6,MNQZ2
2022-06-27 23:00:00+00:00,34,1,20332,12138.75,12140.0,12130.25,12130.25,10,MNQZ2
2022-06-28 00:00:00+00:00,34,1,20332,12139.0,12163.0,12139.0,12153.25,17,MNQZ2
2022-06-28 01:00:00+00:00,34,1,20332,12153.0,12155.75,12085.25,12085.25,30,MNQZ2
2022-06-28 02:00:00+00:00,34,1,20332,12085.75,12094.0,12042.75,12072.5,65,MNQZ2
2022-06-28 03:00:00+00:00,34,1,20332,12073.0,12106.0,12073.0,12092.5,15,MNQZ2
2022-06-28 04:00:00+00:00,34,1,20332,12103.75,12103.75,12093.25,12102.25,3,MNQZ2
2022-06-28 05:00:00+00:00,34,1,20332,12098.75,12126.0,12098.75,12126.0,11,MNQZ2
2022-06-28 06:00:00+00:00,34,1,20332,12150.0,12194.0,12150.0,12172.25,31,MNQZ2
2022-06-28 07:00:00+00:00,34,1,20332,12184.75,12222.75,12120.0,12128.0,58,MNQZ2
2022-06-28 08:00:00+00:00,34,1,20332,12153.0,12185.0,12153.0,12185.0,39,MNQZ2
2022-06-28 09:00:00+00:00,34,1,20332,12183.0,12190.25,12153.25,12153.25,13,MNQZ2
2022-06-28 10:00:00+00:00,34,1,20332,12155.75,12175.0,12153.0,12175.0,14,MNQZ2
2022-06-28 11:00:00+00:00,34,1,20332,12175.0,12192.75,12170.25,12170.25,10,MNQZ2
2022-06-28 12:00:00+00:00,34,1,20332,12178.0,12178.0,12125.0,12135.0,20,MNQZ2
2022-06-28 13:00:00+00:00,34,1,20332,12151.0,12234.0,12128.0,12173.0,120,MNQZ2
2022-06-28 14:00:00+00:00,34,1,20332,12186.5,12188.5,12005.0,12020.5,182,MNQZ2
2022-06-28 15:00:00+00:00,34,1,20332,12038.0,12050.0,11857.5,11865.25,306,MNQZ2
2022-06-28 16:00:00+00:00,34,1,20332,11860.0,11897.25,11829.0,11888.25,124,MNQZ2
2022-06-28 17:00:00+00:00,34,1,20332,11875.0,11875.0,11809.25,11836.75,159,MNQZ2
2022-06-28 18:00:00+00:00,34,1,20332,11818.0,11820.0,11756.0,11791.0,72,MNQZ2
2022-06-28 19:00:00+00:00,34,1,20332,11787.0,11795.0,11740.0,11747.75,79,MNQZ2
2022-06-28 20:00:00+00:00,34,1,20332,11750.0,11756.0,11728.75,11756.0,39,MNQZ2
2022-06-28 22:00:00+00:00,34,1,20332,11741.0,11764.5,11741.0,11764.25,26,MNQZ2
2022-06-28 23:00:00+00:00,34,1,20332,11750.0,11765.0,11746.0,11765.0,18,MNQZ2
2022-06-29 00:00:00+00:00,34,1,20332,11753.25,11772.5,11730.0,11732.5,40,MNQZ2
2022-06-29 01:00:00+00:00,34,1,20332,11732.5,11770.0,11732.5,11757.0,13,MNQZ2
2022-06-29 02:00:00+00:00,34,1,20332,11756.5,11773.5,11756.5,11767.5,10,MNQZ2
2022-06-29 03:00:00+00:00,34,1,20332,11770.0,11770.0,11752.5,11763.75,14,MNQZ2
2022-06-29 04:00:00+00:00,34,1,20332,11763.75,11790.5,11755.5,11781.5,21,MNQZ2
2022-06-29 05:00:00+00:00,34,1,20332,11782.75,11790.0,11772.0,11776.25,33,MNQZ2
2022-06-29 06:00:00+00:00,34,1,20332,11765.0,11765.0,11702.5,11702.75,43,MNQZ2
2022-06-29 07:00:00+00:00,34,1,20332,11702.75,11755.0,11697.5,11745.75,40,MNQZ2
2022-06-29 08:00:00+00:00,34,1,20332,11748.5,11770.0,11742.5,11750.0,12,MNQZ2
2022-06-29 09:00:00+00:00,34,1,20332,11750.25,11762.0,11687.5,11687.5,54,MNQZ2
2022-06-29 10:00:00+00:00,34,1,20332,11706.0,11720.0,11706.0,11714.75,13,MNQZ2
2022-06-29 11:00:00+00:00,34,1,20332,11712.0,11758.5,11693.25,11758.5,32,MNQZ2
2022-06-29 12:00:00+00:00,34,1,20332,11768.5,11791.25,11713.25,11726.75,57,MNQZ2
2022-06-29 13:00:00+00:00,34,1,20332,11744.0,11780.5,11640.25,11752.5,181,MNQZ2
2022-06-29 14:00:00+00:00,34,1,20332,11737.25,11815.75,11700.0,11764.75,154,MNQZ2
2022-06-29 15:00:00+00:00,34,1,20332,11758.5,11780.0,11707.5,11752.0,87,MNQZ2
2022-06-29 16:00:00+00:00,34,1,20332,11745.0,11745.0,11673.75,11725.0,124,MNQZ2
2022-06-29 17:00:00+00:00,34,1,20332,11728.5,11758.5,11692.5,11758.5,104,MNQZ2
2022-06-29 18:00:00+00:00,34,1,20332,11758.25,11796.5,11721.75,11736.0,66,MNQZ2
2022-06-29 19:00:00+00:00,34,1,20332,11728.5,11780.0,11723.0,11765.0,71,MNQZ2
2022-06-29 20:00:00+00:00,34,1,20332,11759.0,11766.0,11750.25,11751.5,9,MNQZ2
2022-06-29 22:00:00+00:00,34,1,20332,11765.25,11765.25,11755.25,11758.25,6,MNQZ2
2022-06-29 23:00:00+00:00,34,1,20332,11745.5,11750.0,11745.5,11748.5,7,MNQZ2
2022-06-30 00:00:00+00:00,34,1,20332,11747.0,11752.5,11741.25,11744.0,5,MNQZ2
2022-06-30 01:00:00+00:00,34,1,20332,11730.0,11730.0,11702.5,11720.5,32,MNQZ2
2022-06-30 02:00:00+00:00,34,1,20332,11732.75,11734.25,11728.75,11732.75,11,MNQZ2
2022-06-30 03:00:00+00:00,34,1,20332,11727.25,11727.25,11725.5,11725.5,7,MNQZ2
2022-06-30 04:00:00+00:00,34,1,20332,11722.75,11726.5,11722.75,11726.5,5,MNQZ2
2022-06-30 05:00:00+00:00,34,1,20332,11711.0,11711.0,11650.0,11671.75,37,MNQZ2
2022-06-30 06:00:00+00:00,34,1,20332,11653.25,11653.25,11570.75,11589.0,70,MNQZ2
2022-06-30 07:00:00+00:00,34,1,20332,11598.25,11619.5,11561.25,11619.0,62,MNQZ2
2022-06-30 08:00:00+00:00,34,1,20332,11622.75,11633.0,11590.0,11596.25,33,MNQZ2
2022-06-30 09:00:00+00:00,34,1,20332,11590.0,11590.0,11532.75,11576.0,88,MNQZ2
2022-06-30 10:00:00+00:00,34,1,20332,11574.0,11575.0,11553.75,11575.0,31,MNQZ2
2022-06-30 11:00:00+00:00,34,1,20332,11562.75,11583.5,11546.5,11560.0,52,MNQZ2
2022-06-30 12:00:00+00:00,34,1,20332,11565.75,11650.5,11560.25,11585.25,171,MNQZ2
2022-06-30 13:00:00+00:00,34,1,20332,11577.0,11650.0,11459.5,11466.25,328,MNQZ2
2022-06-30 14:00:00+00:00,34,1,20332,11452.5,11559.75,11418.5,11553.5,214,MNQZ2
2022-06-30 15:00:00+00:00,34,1,20332,11544.5,11680.0,11524.0,11678.75,142,MNQZ2
2022-06-30 16:00:00+00:00,34,1,20332,11669.75,11750.0,11615.25,11697.25,101,MNQZ2
2022-06-30 17:00:00+00:00,34,1,20332,11705.0,11730.0,11631.0,11712.0,67,MNQZ2
2022-06-30 18:00:00+00:00,34,1,20332,11713.0,11719.75,11606.75,11614.25,76,MNQZ2
2022-06-30 19:00:00+00:00,34,1,20332,11611.25,11668.5,11534.25,11600.5,129,MNQZ2
2022-06-30 20:00:00+00:00,34,1,20332,11600.0,11600.0,11561.5,11587.75,26,MNQZ2
2022-06-30 22:00:00+00:00,34,1,20332,11567.75,11568.25,11550.0,11568.25,14,MNQZ2
2022-06-30 23:00:00+00:00,34,1,20332,11572.75,11610.0,11558.5,11606.0,12,MNQZ2
2022-07-01 00:00:00+00:00,34,1,20332,11610.0,11619.75,11598.0,11608.0,33,MNQZ2
2022-07-01 01:00:00+00:00,34,1,20332,11590.0,11590.0,11550.25,11570.0,30,MNQZ2
2022-07-01 02:00:00+00:00,34,1,20332,11560.75,11589.0,11507.0,11509.0,26,MNQZ2
2022-07-01 03:00:00+00:00,34,1,20332,11515.0,11515.0,11464.0,11491.25,43,MNQZ2
2022-07-01 04:00:00+00:00,34,1,20332,11494.0,11497.0,11450.0,11482.25,65,MNQZ2
2022-07-01 05:00:00+00:00,34,1,20332,11482.75,11494.75,11452.0,11494.75,11,MNQZ2
2022-07-01 06:00:00+00:00,34,1,20332,11473.25,11503.75,11466.0,11502.0,17,MNQZ2
2022-07-01 07:00:00+00:00,34,1,20332,11483.0,11540.75,11460.0,11508.0,33,MNQZ2
2022-07-01 08:00:00+00:00,34,1,20332,11492.25,11565.0,11480.5,11556.75,18,MNQZ2
2022-07-01 09:00:00+00:00,34,1,20332,11556.75,11588.5,11556.75,11588.5,15,MNQZ2
2022-07-01 10:00:00+00:00,34,1,20332,11591.25,11591.25,11530.0,11530.0,29,MNQZ2
2022-07-01 11:00:00+00:00,34,1,20332,11545.75,11557.75,11505.0,11505.0,38,MNQZ2
2022-07-01 12:00:00+00:00,34,1,20332,11505.0,11569.0,11505.0,11556.25,26,MNQZ2
2022-07-01 13:00:00+00:00,34,1,20332,11564.75,11666.0,11488.0,11625.0,218,MNQZ2
2022-07-01 14:00:00+00:00,34,1,20332,11629.25,11678.5,11476.0,11535.5,245,MNQZ2
2022-07-01 15:00:00+00:00,34,1,20332,11516.25,11591.5,11498.25,11522.0,72,MNQZ2
2022-07-01 16:00:00+00:00,34,1,20332,11503.25,11560.75,11492.5,11507.5,57,MNQZ2
2022-07-01 17:00:00+00:00,34,1,20332,11500.0,11585.5,11498.5,11585.0,62,MNQZ2
2022-07-01 18:00:00+00:00,34,1,20332,11588.5,11652.0,11555.0,11649.0,54,MNQZ2
2022-07-01 19:00:00+00:00,34,1,20332,11650.0,11688.5,11607.75,11668.5,94,MNQZ2
2022-07-01 20:00:00+00:00,34,1,20332,11670.25,11680.0,11661.5,11678.75,26,MNQZ2
2022-07-03 22:00:00+00:00,34,1,20332,11677.0,11677.0,11655.0,11662.75,14,MNQZ2
2022-07-03 23:00:00+00:00,34,1,20332,11666.0,11675.5,11633.0,11633.75,15,MNQZ2
2022-07-04 00:00:00+00:00,34,1,20332,11625.75,11640.0,11599.5,11603.25,30,MNQZ2
2022-07-04 01:00:00+00:00,34,1,20332,11595.0,11605.0,11568.25,11604.25,26,MNQZ2
2022-07-04 02:00:00+00:00,34,1,20332,11598.5,11604.25,11575.0,11600.0,22,MNQZ2
2022-07-04 03:00:00+00:00,34,1,20332,11602.5,11606.25,11590.0,11604.5,15,MNQZ2
2022-07-04 04:00:00+00:00,34,1,20332,11590.25,11590.25,11581.0,11588.25,5,MNQZ2
2022-07-04 05:00:00+00:00,34,1,20332,11613.5,11613.5,11613.5,11613.5,1,MNQZ2
2022-07-04 06:00:00+00:00,34,1,20332,11625.75,11636.75,11623.75,11623.75,10,MNQZ2
2022-07-04 07:00:00+00:00,34,1,20332,11612.75,11619.5,11595.25,11595.25,8,MNQZ2
2022-07-04 08:00:00+00:00,34,1,20332,11587.0,11602.75,11584.5,11584.5,5,MNQZ2
2022-07-04 09:00:00+00:00,34,1,20332,11606.5,11641.0,11606.5,11641.0,4,MNQZ2
2022-07-04 10:00:00+00:00,34,1,20332,11625.5,11632.5,11619.0,11632.5,9,MNQZ2
2022-07-04 11:00:00+00:00,34,1,20332,11618.25,11618.25,11618.25,11618.25,1,MNQZ2
2022-07-04 12:00:00+00:00,34,1,20332,11628.75,11634.75,11615.75,11630.0,11,MNQZ2
2022-07-04 13:00:00+00:00,34,1,20332,11635.5,11635.5,11616.25,11616.25,17,MNQZ2
2022-07-04 14:00:00+00:00,34,1,20332,11609.75,11609.75,11598.75,11598.75,13,MNQZ2
2022-07-04 15:00:00+00:00,34,1,20332,11619.75,11630.25,11614.5,11614.5,6,MNQZ2
2022-07-04 16:00:00+00:00,34,1,20332,11622.0,11639.0,11621.0,11621.0,8,MNQZ2
2022-07-04 22:00:00+00:00,34,1,20332,11616.75,11718.75,11616.75,11718.75,69,MNQZ2
2022-07-04 23:00:00+00:00,34,1,20332,11725.0,11801.75,11725.0,11757.0,47,MNQZ2
2022-07-05 00:00:00+00:00,34,1,20332,11763.75,11782.75,11761.0,11770.0,11,MNQZ2
2022-07-05 01:00:00+00:00,34,1,20332,11763.0,11767.0,11729.75,11755.25,32,MNQZ2
2022-07-05 02:00:00+00:00,34,1,20332,11755.25,11759.5,11724.5,11730.0,16,MNQZ2
2022-07-05 03:00:00+00:00,34,1,20332,11722.0,11737.25,11713.75,11714.5,16,MNQZ2
2022-07-05 04:00:00+00:00,34,1,20332,11726.0,11742.75,11726.0,11738.5,3,MNQZ2
2022-07-05 05:00:00+00:00,34,1,20332,11744.0,11746.25,11731.75,11746.25,5,MNQZ2
2022-07-05 06:00:00+00:00,34,1,20332,11745.0,11766.0,11745.0,11746.25,10,MNQZ2
2022-07-05 07:00:00+00:00,34,1,20332,11733.0,11736.5,11696.25,11696.25,21,MNQZ2
2022-07-05 08:00:00+00:00,34,1,20332,11700.25,11700.25,11588.5,11594.0,47,MNQZ2
2022-07-05 09:00:00+00:00,34,1,20332,11600.0,11605.0,11576.75,11602.0,31,MNQZ2
2022-07-05 10:00:00+00:00,34,1,20332,11610.0,11622.75,11604.75,11612.75,8,MNQZ2
2022-07-05 11:00:00+00:00,34,1,20332,11608.75,11608.75,11547.5,11551.0,29,MNQZ2
2022-07-05 12:00:00+00:00,34,1,20332,11552.75,11552.75,11497.5,11503.75,75,MNQZ2
2022-07-05 13:00:00+00:00,34,1,20332,11500.0,11546.25,11458.5,11514.5,154,MNQZ2
2022-07-05 14:00:00+00:00,34,1,20332,11501.0,11672.0,11474.75,11601.75,253,MNQZ2
2022-07-05 15:00:00+00:00,34,1,20332,11579.0,11651.25,11529.5,11634.0,130,MNQZ2
2022-07-05 16:00:00+00:00,34,1,20332,11635.0,11708.5,11615.0,11640.25,110,MNQZ2
2022-07-05 17:00:00+00:00,34,1,20332,11659.0,11765.0,11650.0,11735.0,190,MNQZ2
2022-07-05 18:00:00+00:00,34,1,20332,11730.75,11843.0,11730.75,11825.0,128,MNQZ2
2022-07-05 19:00:00+00:00,34,1,20332,11817.5,11875.0,11795.5,11875.0,162,MNQZ2
2022-07-05 20:00:00+00:00,34,1,20332,11877.0,11877.5,11860.0,11875.75,40,MNQZ2
2022-07-05 22:00:00+00:00,34,1,20332,11895.5,11895.5,11867.0,11867.25,31,MNQZ2
2022-07-05 23:00:00+00:00,34,1,20332,11877.5,11877.5,11837.75,11840.0,42,MNQZ2
2022-07-06 00:00:00+00:00,34,1,20332,11850.0,11925.0,11850.0,11920.0,47,MNQZ2
2022-07-06 01:00:00+00:00,34,1,20332,11915.0,11934.5,11852.5,11869.0,29,MNQZ2
2022-07-06 02:00:00+00:00,34,1,20332,11874.5,11884.25,11848.25,11848.25,17,MNQZ2
2022-07-06 03:00:00+00:00,34,1,20332,11845.25,11888.0,11845.25,11888.0,5,MNQZ2
2022-07-06 04:00:00+00:00,34,1,20332,11881.0,11881.0,11857.0,11857.0,3,MNQZ2
2022-07-06 05:00:00+00:00,34,1,20332,11852.0,11860.0,11829.0,11829.0,12,MNQZ2
2022-07-06 06:00:00+00:00,34,1,20332,11825.0,11855.0,11793.75,11855.0,36,MNQZ2
2022-07-06 07:00:00+00:00,34,1,20332,11889.25,11921.75,11872.0,11903.5,62,MNQZ2
2022-07-06 08:00:00+00:00,34,1,20332,11899.75,11899.75,11829.25,11840.0,24,MNQZ2
2022-07-06 09:00:00+00:00,34,1,20332,11824.75,11862.5,11820.0,11862.5,21,MNQZ2
2022-07-06 10:00:00+00:00,34,1,20332,11865.5,11875.0,11862.25,11865.0,8,MNQZ2
2022-07-06 11:00:00+00:00,34,1,20332,11843.25,11844.25,11806.25,11814.75,35,MNQZ2
2022-07-06 12:00:00+00:00,34,1,20332,11812.25,11885.0,11796.75,11865.25,32,MNQZ2
2022-07-06 13:00:00+00:00,34,1,20332,11870.0,11945.75,11820.0,11896.0,185,MNQZ2
2022-07-06 14:00:00+00:00,34,1,20332,11866.25,11940.0,11840.25,11916.75,137,MNQZ2
2022-07-06 15:00:00+00:00,34,1,20332,11913.5,11917.25,11818.25,11865.0,226,MNQZ2
2022-07-06 16:00:00+00:00,34,1,20332,11857.0,11890.0,11849.5,11885.0,94,MNQZ2
2022-07-06 17:00:00+00:00,34,1,20332,11888.0,11921.25,11888.0,11920.0,36,MNQZ2
2022-07-06 18:00:00+00:00,34,1,20332,11907.75,12004.75,11860.0,11989.25,245,MNQZ2
2022-07-06 19:00:00+00:00,34,1,20332,12012.0,12039.75,11922.0,11946.75,123,MNQZ2
2022-07-06 20:00:00+00:00,34,1,20332,11955.5,11971.25,11944.25,11968.75,74,MNQZ2
2022-07-06 22:00:00+00:00,34,1,20332,11980.75,11980.75,11954.0,11955.0,15,MNQZ2
2022-07-06 23:00:00+00:00,34,1,20332,11960.25,11967.5,11950.25,11967.25,10,MNQZ2
2022-07-07 00:00:00+00:00,34,1,20332,11952.25,11958.0,11927.75,11949.75,31,MNQZ2
2022-07-07 01:00:00+00:00,34,1,20332,11940.0,11940.0,11907.0,11923.0,31,MNQZ2
2022-07-07 02:00:00+00:00,34,1,20332,11931.5,11967.0,11926.0,11967.0,18,MNQZ2
2022-07-07 03:00:00+00:00,34,1,20332,11969.25,11971.5,11960.0,11964.25,10,MNQZ2
2022-07-07 04:00:00+00:00,34,1,20332,11969.0,11980.0,11969.0,11980.0,7,MNQZ2
2022-07-07 05:00:00+00:00,34,1,20332,11990.0,12007.0,11987.5,11997.0,77,MNQZ2
2022-07-07 06:00:00+00:00,34,1,20332,11997.0,11997.0,11969.75,11985.5,7,MNQZ2
2022-07-07 07:00:00+00:00,34,1,20332,11982.75,12000.0,11964.5,11988.25,10,MNQZ2
2022-07-07 08:00:00+00:00,34,1,20332,11992.0,12028.0,11981.5,12028.0,27,MNQZ2
2022-07-07 09:00:00+00:00,34,1,20332,11987.0,12010.5,11983.75,11987.5,13,MNQZ2
2022-07-07 10:00:00+00:00,34,1,20332,11982.25,11989.75,11957.0,11983.0,18,MNQZ2
2022-07-07 11:00:00+00:00,34,1,20332,11982.0,12010.0,11982.0,12010.0,14,MNQZ2
2022-07-07 12:00:00+00:00,34,1,20332,12014.0,12014.0,11987.75,11999.25,14,MNQZ2
2022-07-07 13:00:00+00:00,34,1,20332,12001.0,12111.0,11981.25,12100.0,149,MNQZ2
2022-07-07 14:00:00+00:00,34,1,20332,12097.0,12136.25,12059.25,12119.0,119,MNQZ2
2022-07-07 15:00:00+00:00,34,1,20332,12118.5,12157.0,12098.25,12157.0,95,MNQZ2
2022-07-07 16:00:00+00:00,34,1,20332,12156.5,12174.75,12145.0,12172.0,107,MNQZ2
2022-07-07 17:00:00+00:00,34,1,20332,12173.5,12196.0,12147.75,12193.0,44,MNQZ2
2022-07-07 18:00:00+00:00,34,1,20332,12195.0,12215.0,12190.5,12203.0,78,MNQZ2
2022-07-07 19:00:00+00:00,34,1,20332,12207.0,12232.0,12194.25,12208.0,48,MNQZ2
2022-07-07 20:00:00+00:00,34,1,20332,12195.0,12195.0,12184.25,12187.25,32,MNQZ2
2022-07-07 22:00:00+00:00,34,1,20332,12193.25,12193.5,12169.75,12170.75,12,MNQZ2
2022-07-07 23:00:00+00:00,34,1,20332,12175.25,12184.0,12169.75,12173.0,23,MNQZ2
2022-07-08 00:00:00+00:00,34,1,20332,12180.0,12185.25,12164.0,12182.5,17,MNQZ2
2022-07-08 01:00:00+00:00,34,1,20332,12182.5,12199.25,12180.0,12182.75,21,MNQZ2
2022-07-08 02:00:00+00:00,34,1,20332,12187.0,12190.5,12138.0,12138.0,44,MNQZ2
2022-07-08 03:00:00+00:00,34,1,20332,12152.25,12170.0,12146.0,12150.0,42,MNQZ2
2022-07-08 04:00:00+00:00,34,1,20332,12146.0,12170.5,12146.0,12170.5,3,MNQZ2
2022-07-08 05:00:00+00:00,34,1,20332,12164.75,12164.75,12150.25,12150.25,3,MNQZ2
2022-07-08 06:00:00+00:00,34,1,20332,12150.0,12159.0,12139.75,12155.0,34,MNQZ2
2022-07-08 07:00:00+00:00,34,1,20332,12160.0,12184.0,12150.0,12184.0,14,MNQZ2
2022-07-08 08:00:00+00:00,34,1,20332,12165.0,12175.25,12149.75,12150.5,19,MNQZ2
2022-07-08 09:00:00+00:00,34,1,20332,12141.75,12157.0,12123.75,12152.5,30,MNQZ2
2022-07-08 10:00:00+00:00,34,1,20332,12165.0,12188.5,12135.0,12135.0,24,MNQZ2
2022-07-08 11:00:00+00:00,34,1,20332,12140.0,12165.75,12140.0,12152.75,14,MNQZ2
2022-07-08 12:00:00+00:00,34,1,20332,12155.0,12176.75,12030.0,12079.75,123,MNQZ2
2022-07-08 13:00:00+00:00,34,1,20332,12090.75,12150.0,12055.25,12080.75,174,MNQZ2
2022-07-08 14:00:00+00:00,34,1,20332,12060.0,12229.25,12058.5,12214.5,172,MNQZ2
2022-07-08 15:00:00+00:00,34,1,20332,12222.25,12283.25,12219.5,12257.0,210,MNQZ2
2022-07-08 16:00:00+00:00,34,1,20332,12260.0,12260.0,12131.25,12135.75,77,MNQZ2
2022-07-08 17:00:00+00:00,34,1,20332,12134.5,12221.0,12119.5,12193.25,141,MNQZ2
2022-07-08 18:00:00+00:00,34,1,20332,12189.5,12260.0,12182.5,12228.0,46,MNQZ2
2022-07-08 19:00:00+00:00,34,1,20332,12251.0,12251.0,12212.25,12230.0,43,MNQZ2
2022-07-08 20:00:00+00:00,34,1,20332,12230.0,12237.75,12226.25,12226.25,22,MNQZ2
2022-07-10 22:00:00+00:00,34,1,20332,12200.0,12204.5,12170.0,12179.5,36,MNQZ2
2022-07-10 23:00:00+00:00,34,1,20332,12167.0,12194.75,12166.0,12194.75,16,MNQZ2
2022-07-11 00:00:00+00:00,34,1,20332,12170.0,12188.75,12169.5,12188.75,7,MNQZ2
2022-07-11 01:00:00+00:00,34,1,20332,12177.25,12177.25,12130.25,12130.25,28,MNQZ2
2022-07-11 02:00:00+00:00,34,1,20332,12132.75,12132.75,12110.0,12111.5,26,MNQZ2
2022-07-11 03:00:00+00:00,34,1,20332,12111.75,12120.0,12098.0,12120.0,25,MNQZ2
2022-07-11 04:00:00+00:00,34,1,20332,12120.0,12120.0,12109.25,12113.25,10,MNQZ2
2022-07-11 05:00:00+00:00,34,1,20332,12110.0,12114.25,12093.25,12093.25,14,MNQZ2
2022-07-11 06:00:00+00:00,34,1,20332,12098.0,12105.0,12065.75,12089.0,54,MNQZ2
2022-07-11 07:00:00+00:00,34,1,20332,12089.0,12132.25,12080.0,12120.0,47,MNQZ2
2022-07-11 08:00:00+00:00,34,1,20332,12114.75,12146.75,12114.75,12141.25,49,MNQZ2
2022-07-11 09:00:00+00:00,34,1,20332,12138.75,12146.5,12120.0,12120.0,87,MNQZ2
2022-07-11 10:00:00+00:00,34,1,20332,12130.75,12149.5,12130.75,12133.25,12,MNQZ2
2022-07-11 11:00:00+00:00,34,1,20332,12145.0,12145.0,12108.5,12110.25,18,MNQZ2
2022-07-11 12:00:00+00:00,34,1,20332,12113.75,12138.25,12112.0,12133.0,32,MNQZ2
2022-07-11 13:00:00+00:00,34,1,20332,12143.75,12144.0,11927.5,11961.25,216,MNQZ2
2022-07-11 14:00:00+00:00,34,1,20332,11950.0,12034.5,11927.0,11982.0,145,MNQZ2
2022-07-11 15:00:00+00:00,34,1,20332,11976.75,12022.5,11971.0,11990.0,61,MNQZ2
2022-07-11 16:00:00+00:00,34,1,20332,11980.0,12008.5,11971.5,11989.25,23,MNQZ2
2022-07-11 17:00:00+00:00,34,1,20332,12010.25,12073.0,12010.25,12060.5,79,MNQZ2
2022-07-11 18:00:00+00:00,34,1,20332,12052.5,12052.5,11977.5,11977.5,67,MNQZ2
2022-07-11 19:00:00+00:00,34,1,20332,11979.0,11981.5,11930.0,11961.0,82,MNQZ2
2022-07-11 20:00:00+00:00,34,1,20332,11967.0,11984.5,11967.0,11976.75,17,MNQZ2
2022-07-11 22:00:00+00:00,34,1,20332,11963.25,11967.5,11948.5,11950.75,19,MNQZ2
2022-07-11 23:00:00+00:00,34,1,20332,11952.0,11973.25,11952.0,11973.25,5,MNQZ2
2022-07-12 00:00:00+00:00,34,1,20332,11979.5,11979.5,11881.0,11887.25,102,MNQZ2
2022-07-12 01:00:00+00:00,34,1,20332,11885.0,11901.5,11880.0,11900.75,14,MNQZ2
2022-07-12 02:00:00+00:00,34,1,20332,11895.25,11901.0,11895.25,11895.75,9,MNQZ2
2022-07-12 03:00:00+00:00,34,1,20332,11885.0,11885.75,11865.0,11885.75,23,MNQZ2
2022-07-12 04:00:00+00:00,34,1,20332,11882.75,11882.75,11867.5,11880.75,10,MNQZ2
2022-07-12 05:00:00+00:00,34,1,20332,11890.0,11890.0,11879.75,11888.0,20,MNQZ2
2022-07-12 06:00:00+00:00,34,1,20332,11865.0,11886.75,11855.0,11868.0,15,MNQZ2
2022-07-12 07:00:00+00:00,34,1,20332,11882.25,11882.25,11832.5,11872.25,19,MNQZ2
2022-07-12 08:00:00+00:00,34,1,20332,11865.25,11898.5,11865.25,11891.75,22,MNQZ2
2022-07-12 09:00:00+00:00,34,1,20332,11900.0,11906.0,11867.75,11867.75,17,MNQZ2
2022-07-12 10:00:00+00:00,34,1,20332,11880.0,11921.0,11880.0,11895.5,55,MNQZ2
2022-07-12 11:00:00+00:00,34,1,20332,11889.0,11981.75,11886.25,11952.0,51,MNQZ2
2022-07-12 12:00:00+00:00,34,1,20332,11961.5,11993.75,11939.5,11979.75,57,MNQZ2
2022-07-12 13:00:00+00:00,34,1,20332,11983.5,12092.0,11930.0,11930.0,179,MNQZ2
2022-07-12 14:00:00+00:00,34,1,20332,11923.0,11976.0,11881.0,11942.5,238,MNQZ2
2022-07-12 15:00:00+00:00,34,1,20332,11938.5,12000.0,11937.0,11960.5,95,MNQZ2
2022-07-12 16:00:00+00:00,34,1,20332,11965.25,11999.75,11949.5,11982.5,48,MNQZ2
2022-07-12 17:00:00+00:00,34,1,20332,11999.0,12008.5,11941.75,11978.5,74,MNQZ2
2022-07-12 18:00:00+00:00,34,1,20332,11970.0,11970.0,11898.5,11898.5,32,MNQZ2
2022-07-12 19:00:00+00:00,34,1,20332,11895.0,11895.0,11780.75,11846.5,181,MNQZ2
2022-07-12 20:00:00+00:00,34,1,20332,11845.0,11853.0,11840.5,11851.0,20,MNQZ2
2022-07-12 22:00:00+00:00,34,1,20332,11845.5,11855.5,11836.5,11853.75,16,MNQZ2
2022-07-12 23:00:00+00:00,34,1,20332,11849.75,11859.75,11828.75,11851.75,22,MNQZ2
2022-07-13 00:00:00+00:00,34,1,20332,11849.75,11870.75,11841.5,11869.25,42,MNQZ2
2022-07-13 01:00:00+00:00,34,1,20332,11872.0,11882.25,11857.5,11857.5,9,MNQZ2
2022-07-13 02:00:00+00:00,34,1,20332,11866.75,11875.0,11852.0,11875.0,24,MNQZ2
2022-07-13 03:00:00+00:00,34,1,20332,11875.25,11887.5,11875.25,11887.5,6,MNQZ2
2022-07-13 04:00:00+00:00,34,1,20332,11873.5,11883.75,11872.0,11872.0,10,MNQZ2
2022-07-13 05:00:00+00:00,34,1,20332,11871.5,11871.5,11870.75,11870.75,5,MNQZ2
2022-07-13 06:00:00+00:00,34,1,20332,11859.0,11911.5,11858.0,11905.0,163,MNQZ2
2022-07-13 07:00:00+00:00,34,1,20332,11882.25,11898.5,11858.5,11866.5,21,MNQZ2
2022-07-13 08:00:00+00:00,34,1,20332,11857.25,11900.0,11838.5,11900.0,18,MNQZ2
2022-07-13 09:00:00+00:00,34,1,20332,11888.25,11893.0,11878.75,11882.25,17,MNQZ2
2022-07-13 10:00:00+00:00,34,1,20332,11878.5,11886.75,11865.0,11886.75,16,MNQZ2
2022-07-13 11:00:00+00:00,34,1,20332,11893.0,11900.25,11880.25,11900.25,8,MNQZ2
2022-07-13 12:00:00+00:00,34,1,20332,11901.0,12074.0,11552.0,11638.75,351,MNQZ2
2022-07-13 13:00:00+00:00,34,1,20332,11629.5,11771.25,11597.5,11762.0,333,MNQZ2
2022-07-13 14:00:00+00:00,34,1,20332,11722.0,11908.0,11672.5,11869.5,346,MNQZ2
2022-07-13 15:00:00+00:00,34,1,20332,11853.75,11900.0,11782.75,11827.0,135,MNQZ2
2022-07-13 16:00:00+00:00,34,1,20332,11814.25,11885.75,11804.25,11885.0,38,MNQZ2
2022-07-13 17:00:00+00:00,34,1,20332,11889.25,11925.25,11867.25,11886.5,107,MNQZ2
2022-07-13 18:00:00+00:00,34,1,20332,11859.0,11905.0,11815.5,11885.25,40,MNQZ2
2022-07-13 19:00:00+00:00,34,1,20332,11904.0,11908.0,11838.0,11843.0,61,MNQZ2
2022-07-13 20:00:00+00:00,34,1,20332,11832.5,11836.75,11805.75,11805.75,36,MNQZ2
2022-07-13 22:00:00+00:00,34,1,20332,11811.0,11811.0,11766.0,11772.25,33,MNQZ2
2022-07-13 23:00:00+00:00,34,1,20332,11783.5,11783.5,11742.5,11756.25,34,MNQZ2
2022-07-14 00:00:00+00:00,34,1,20332,11750.0,11780.25,11746.75,11771.0,27,MNQZ2
2022-07-14 01:00:00+00:00,34,1,20332,11765.75,11800.75,11765.75,11800.0,29,MNQZ2
2022-07-14 02:00:00+00:00,34,1,20332,11801.75,11823.75,11798.0,11813.75,15,MNQZ2
2022-07-14 03:00:00+00:00,34,1,20332,11815.0,11835.0,11815.0,11818.75,15,MNQZ2
2022-07-14 04:00:00+00:00,34,1,20332,11820.75,11834.0,11811.5,11824.25,18,MNQZ2
2022-07-14 05:00:00+00:00,34,1,20332,11824.0,11829.0,11799.0,11799.0,23,MNQZ2
2022-07-14 06:00:00+00:00,34,1,20332,11794.5,11804.0,11767.25,11795.0,26,MNQZ2
2022-07-14 07:00:00+00:00,34,1,20332,11800.0,11800.0,11745.0,11745.0,29,MNQZ2
2022-07-14 08:00:00+00:00,34,1,20332,11742.75,11774.5,11685.25,11709.25,63,MNQZ2
2022-07-14 09:00:00+00:00,34,1,20332,11705.75,11738.0,11700.0,11738.0,20,MNQZ2
2022-07-14 10:00:00+00:00,34,1,20332,11740.0,11751.0,11710.0,11741.25,37,MNQZ2
2022-07-14 11:00:00+00:00,34,1,20332,11748.25,11748.25,11706.75,11715.0,75,MNQZ2
2022-07-14 12:00:00+00:00,34,1,20332,11711.0,11760.0,11692.5,11740.25,51,MNQZ2
2022-07-14 13:00:00+00:00,34,1,20332,11743.25,11758.5,11626.0,11642.75,225,MNQZ2
2022-07-14 14:00:00+00:00,34,1,20332,11633.5,11678.5,11595.25,11660.0,204,MNQZ2
2022-07-14 15:00:00+00:00,34,1,20332,11680.25,11788.75,11664.25,11766.5,180,MNQZ2
2022-07-14 16:00:00+00:00,34,1,20332,11777.0,11788.5,11695.75,11722.25,56,MNQZ2
2022-07-14 17:00:00+00:00,34,1,20332,11715.0,11815.75,11710.75,11800.0,81,MNQZ2
2022-07-14 18:00:00+00:00,34,1,20332,11806.0,11900.0,11806.0,11887.25,137,MNQZ2
2022-07-14 19:00:00+00:00,34,1,20332,11883.25,11908.5,11837.25,11870.0,47,MNQZ2
2022-07-14 20:00:00+00:00,34,1,20332,11881.0,11891.0,11869.75,11883.5,26,MNQZ2
2022-07-14 22:00:00+00:00,34,1,20332,11899.5,11916.5,11889.25,11904.5,91,MNQZ2
2022-07-14 23:00:00+00:00,34,1,20332,11905.25,11939.75,11902.0,11939.75,24,MNQZ2
2022-07-15 00:00:00+00:00,34,1,20332,11938.5,11940.0,11883.75,11886.75,33,MNQZ2
2022-07-15 01:00:00+00:00,34,1,20332,11884.0,11920.5,11880.75,11917.0,19,MNQZ2
2022-07-15 02:00:00+00:00,34,1,20332,11925.25,11932.0,11916.5,11927.0,32,MNQZ2
2022-07-15 03:00:00+00:00,34,1,20332,11928.75,11928.75,11905.0,11924.75,8,MNQZ2
2022-07-15 04:00:00+00:00,34,1,20332,11918.0,11918.0,11918.0,11918.0,1,MNQZ2
2022-07-15 05:00:00+00:00,34,1,20332,11902.5,11903.0,11882.0,11890.0,37,MNQZ2
2022-07-15 06:00:00+00:00,34,1,20332,11901.75,11909.0,11861.75,11867.0,48,MNQZ2
2022-07-15 07:00:00+00:00,34,1,20332,11863.0,11896.0,11838.0,11875.75,17,MNQZ2
2022-07-15 08:00:00+00:00,34,1,20332,11862.75,11920.25,11859.0,11920.25,24,MNQZ2
2022-07-15 09:00:00+00:00,34,1,20332,11919.5,11923.5,11891.25,11891.25,11,MNQZ2
2022-07-15 10:00:00+00:00,34,1,20332,11888.0,11905.0,11882.25,11892.25,8,MNQZ2
2022-07-15 11:00:00+00:00,34,1,20332,11906.0,11910.75,11887.0,11887.0,13,MNQZ2
2022-07-15 12:00:00+00:00,34,1,20332,11882.25,11980.0,11831.0,11963.0,177,MNQZ2
2022-07-15 13:00:00+00:00,34,1,20332,11965.0,12055.0,11929.0,11970.0,288,MNQZ2
2022-07-15 14:00:00+00:00,34,1,20332,11998.75,12059.0,11968.0,12022.0,175,MNQZ2
2022-07-15 15:00:00+00:00,34,1,20332,12019.75,12072.75,12019.75,12038.5,112,MNQZ2
2022-07-15 16:00:00+00:00,34,1,20332,12024.25,12039.25,12003.0,12032.5,102,MNQZ2
2022-07-15 17:00:00+00:00,34,1,20332,12026.25,12062.0,12026.25,12050.0,59,MNQZ2
2022-07-15 18:00:00+00:00,34,1,20332,12054.0,12067.25,12029.0,12052.5,33,MNQZ2
2022-07-15 19:00:00+00:00,34,1,20332,12044.0,12080.0,12035.5,12080.0,69,MNQZ2
2022-07-15 20:00:00+00:00,34,1,20332,12080.75,12096.75,12080.75,12093.5,37,MNQZ2
2022-07-17 22:00:00+00:00,34,1,20332,12110.25,12150.0,12110.25,12120.0,47,MNQZ2
2022-07-17 23:00:00+00:00,34,1,20332,12116.5,12141.0,12116.5,12140.0,10,MNQZ2
2022-07-18 00:00:00+00:00,34,1,20332,12129.0,12130.0,12103.25,12110.0,32,MNQZ2
2022-07-18 01:00:00+00:00,34,1,20332,12115.0,12131.5,12115.0,12120.0,21,MNQZ2
2022-07-18 02:00:00+00:00,34,1,20332,12127.25,12131.0,12127.25,12131.0,5,MNQZ2
2022-07-18 03:00:00+00:00,34,1,20332,12144.5,12175.0,12144.5,12169.25,26,MNQZ2
2022-07-18 04:00:00+00:00,34,1,20332,12177.75,12177.75,12163.25,12175.0,11,MNQZ2
2022-07-18 05:00:00+00:00,34,1,20332,12172.25,12196.0,12162.75,12185.0,28,MNQZ2
2022-07-18 06:00:00+00:00,34,1,20332,12180.25,12200.0,12176.25,12200.0,35,MNQZ2
2022-07-18 07:00:00+00:00,34,1,20332,12188.75,12240.0,12188.75,12221.5,48,MNQZ2
2022-07-18 08:00:00+00:00,34,1,20332,12218.25,12251.0,12212.5,12251.0,24,MNQZ2
2022-07-18 09:00:00+00:00,34,1,20332,12239.5,12239.5,12216.25,12225.75,28,MNQZ2
2022-07-18 10:00:00+00:00,34,1,20332,12218.5,12225.0,12215.0,12222.0,6,MNQZ2
2022-07-18 11:00:00+00:00,34,1,20332,12214.0,12236.0,12207.75,12222.0,19,MNQZ2
2022-07-18 12:00:00+00:00,34,1,20332,12231.0,12231.0,12177.75,12202.25,94,MNQZ2
2022-07-18 13:00:00+00:00,34,1,20332,12191.5,12260.75,12169.5,12237.75,236,MNQZ2
2022-07-18 14:00:00+00:00,34,1,20332,12240.0,12250.5,12169.0,12210.25,162,MNQZ2
2022-07-18 15:00:00+00:00,34,1,20332,12208.0,12257.0,12193.75,12252.75,69,MNQZ2
2022-07-18 16:00:00+00:00,34,1,20332,12250.0,12256.5,12214.0,12215.25,57,MNQZ2
2022-07-18 17:00:00+00:00,34,1,20332,12217.75,12222.0,12049.5,12063.0,146,MNQZ2
2022-07-18 18:00:00+00:00,34,1,20332,12060.0,12092.75,11994.75,12005.5,92,MNQZ2
2022-07-18 19:00:00+00:00,34,1,20332,12002.75,12027.0,11938.25,11976.25,92,MNQZ2
2022-07-18 20:00:00+00:00,34,1,20332,11985.75,11991.0,11977.0,11987.75,35,MNQZ2
2022-07-18 22:00:00+00:00,34,1,20332,11979.75,12000.0,11973.25,11993.25,13,MNQZ2
2022-07-18 23:00:00+00:00,34,1,20332,11990.5,12016.0,11983.75,12015.0,22,MNQZ2
2022-07-19 00:00:00+00:00,34,1,20332,12004.75,12004.75,11998.25,12000.0,11,MNQZ2
2022-07-19 01:00:00+00:00,34,1,20332,12000.0,12023.0,12000.0,12009.0,22,MNQZ2
2022-07-19 02:00:00+00:00,34,1,20332,12017.0,12022.5,12017.0,12019.0,7,MNQZ2
2022-07-19 03:00:00+00:00,34,1,20332,12021.0,12021.0,11993.0,11996.0,30,MNQZ2
2022-07-19 04:00:00+00:00,34,1,20332,11990.0,11999.0,11990.0,11995.75,4,MNQZ2
2022-07-19 05:00:00+00:00,34,1,20332,11980.25,12012.25,11980.25,12012.25,18,MNQZ2
2022-07-19 06:00:00+00:00,34,1,20332,12004.0,12010.0,12001.0,12007.0,11,MNQZ2
2022-07-19 07:00:00+00:00,34,1,20332,12027.0,12029.25,11970.25,11989.0,33,MNQZ2
2022-07-19 08:00:00+00:00,34,1,20332,11991.0,12034.75,11987.0,12027.25,26,MNQZ2
2022-07-19 09:00:00+00:00,34,1,20332,12032.0,12062.75,12028.25,12059.0,47,MNQZ2
2022-07-19 10:00:00+00:00,34,1,20332,12069.75,12099.75,12065.0,12079.0,27,MNQZ2
2022-07-19 11:00:00+00:00,34,1,20332,12075.0,12089.75,12066.5,12086.25,35,MNQZ2
2022-07-19 12:00:00+00:00,34,1,20332,12086.5,12099.75,12059.5,12099.75,23,MNQZ2
2022-07-19 13:00:00+00:00,34,1,20332,12092.0,12151.0,12066.0,12140.25,232,MNQZ2
2022-07-19 14:00:00+00:00,34,1,20332,12135.25,12218.5,12087.5,12216.25,290,MNQZ2
2022-07-19 15:00:00+00:00,34,1,20332,12218.0,12263.5,12213.0,12261.25,265,MNQZ2
2022-07-19 16:00:00+00:00,34,1,20332,12258.75,12284.0,12223.5,12283.5,109,MNQZ2
2022-07-19 17:00:00+00:00,34,1,20332,12282.75,12329.0,12262.5,12329.0,275,MNQZ2
2022-07-19 18:00:00+00:00,34,1,20332,12330.0,12355.0,12300.75,12324.0,166,MNQZ2
2022-07-19 19:00:00+00:00,34,1,20332,12319.25,12359.0,12319.25,12355.0,82,MNQZ2
2022-07-19 20:00:00+00:00,34,1,20332,12350.0,12403.25,12348.0,12395.0,233,MNQZ2
2022-07-19 22:00:00+00:00,34,1,20332,12305.0,12400.0,12300.0,12387.0,29,MNQZ2
2022-07-19 23:00:00+00:00,34,1,20332,12390.0,12403.25,12382.25,12385.5,19,MNQZ2
2022-07-20 00:00:00+00:00,34,1,20332,12385.0,12420.0,12370.0,12415.25,46,MNQZ2
2022-07-20 01:00:00+00:00,34,1,20332,12399.0,12417.25,12393.25,12417.0,24,MNQZ2
2022-07-20 02:00:00+00:00,34,1,20332,12409.5,12430.0,12402.5,12421.5,94,MNQZ2
2022-07-20 03:00:00+00:00,34,1,20332,12418.5,12423.5,12415.75,12416.75,13,MNQZ2
2022-07-20 04:00:00+00:00,34,1,20332,12424.5,12425.5,12407.75,12413.75,20,MNQZ2
2022-07-20 05:00:00+00:00,34,1,20332,12400.0,12400.0,12390.25,12395.0,15,MNQZ2
2022-07-20 06:00:00+00:00,34,1,20332,12390.25,12412.75,12387.5,12408.25,17,MNQZ2
2022-07-20 07:00:00+00:00,34,1,20332,12380.0,12410.75,12353.5,12362.5,102,MNQZ2
2022-07-20 08:00:00+00:00,34,1,20332,12366.0,12389.75,12365.0,12370.0,30,MNQZ2
2022-07-20 09:00:00+00:00,34,1,20332,12382.25,12397.5,12380.0,12393.5,18,MNQZ2
2022-07-20 10:00:00+00:00,34,1,20332,12390.0,12396.75,12316.75,12337.5,171,MNQZ2
2022-07-20 11:00:00+00:00,34,1,20332,12342.0,12342.0,12329.25,12330.0,6,MNQZ2
2022-07-20 12:00:00+00:00,34,1,20332,12340.25,12355.0,12312.75,12350.25,84,MNQZ2
2022-07-20 13:00:00+00:00,34,1,20332,12345.5,12420.5,12335.25,12358.75,112,MNQZ2
2022-07-20 14:00:00+00:00,34,1,20332,12366.5,12555.5,12347.25,12554.25,492,MNQZ2
2022-07-20 15:00:00+00:00,34,1,20332,12560.25,12584.0,12520.0,12570.0,228,MNQZ2
2022-07-20 16:00:00+00:00,34,1,20332,12568.0,12593.0,12480.0,12535.5,325,MNQZ2
2022-07-20 17:00:00+00:00,34,1,20332,12526.5,12526.5,12442.75,12454.5,160,MNQZ2
2022-07-20 18:00:00+00:00,34,1,20332,12461.5,12535.25,12461.5,12518.5,24,MNQZ2
2022-07-20 19:00:00+00:00,34,1,20332,12536.0,12573.25,12532.5,12532.5,43,MNQZ2
2022-07-20 20:00:00+00:00,34,1,20332,12541.75,12568.0,12493.75,12502.5,64,MNQZ2
2022-07-20 22:00:00+00:00,34,1,20332,12520.0,12520.0,12490.0,12490.25,23,MNQZ2
2022-07-20 23:00:00+00:00,34,1,20332,12504.75,12516.75,12500.5,12508.25,14,MNQZ2
2022-07-21 00:00:00+00:00,34,1,20332,12505.25,12517.75,12495.0,12517.75,20,MNQZ2
2022-07-21 01:00:00+00:00,34,1,20332,12500.0,12500.0,12471.75,12480.0,34,MNQZ2
2022-07-21 02:00:00+00:00,34,1,20332,12500.0,12505.0,12500.0,12505.0,2,MNQZ2
2022-07-21 03:00:00+00:00,34,1,20332,12506.75,12506.75,12499.5,12502.75,9,MNQZ2
2022-07-21 04:00:00+00:00,34,1,20332,12513.0,12530.0,12496.5,12523.0,18,MNQZ2
2022-07-21 05:00:00+00:00,34,1,20332,12518.5,12565.0,12518.5,12555.0,41,MNQZ2
2022-07-21 06:00:00+00:00,34,1,20332,12559.25,12563.0,12516.5,12516.5,26,MNQZ2
2022-07-21 07:00:00+00:00,34,1,20332,12509.25,12541.75,12497.0,12513.5,34,MNQZ2
2022-07-21 08:00:00+00:00,34,1,20332,12510.0,12510.0,12481.25,12501.25,45,MNQZ2
2022-07-21 09:00:00+00:00,34,1,20332,12503.75,12540.0,12503.75,12540.0,14,MNQZ2
2022-07-21 10:00:00+00:00,34,1,20332,12540.0,12572.75,12540.0,12551.5,65,MNQZ2
2022-07-21 11:00:00+00:00,34,1,20332,12538.5,12551.0,12533.0,12547.25,25,MNQZ2
2022-07-21 12:00:00+00:00,34,1,20332,12555.75,12631.5,12522.0,12606.75,348,MNQZ2
2022-07-21 13:00:00+00:00,34,1,20332,12599.75,12600.0,12490.0,12573.25,226,MNQZ2
2022-07-21 14:00:00+00:00,34,1,20332,12585.0,12611.0,12448.25,12555.0,260,MNQZ2
2022-07-21 15:00:00+00:00,34,1,20332,12544.25,12613.25,12544.25,12606.75,140,MNQZ2
2022-07-21 16:00:00+00:00,34,1,20332,12602.5,12694.5,12602.5,12687.75,403,MNQZ2
2022-07-21 17:00:00+00:00,34,1,20332,12688.5,12695.25,12622.0,12643.25,106,MNQZ2
2022-07-21 18:00:00+00:00,34,1,20332,12656.5,12695.25,12650.75,12680.0,90,MNQZ2
2022-07-21 19:00:00+00:00,34,1,20332,12680.75,12723.0,12677.0,12723.0,130,MNQZ2
2022-07-21 20:00:00+00:00,34,1,20332,12724.5,12732.75,12620.25,12649.0,231,MNQZ2
2022-07-21 22:00:00+00:00,34,1,20332,12640.0,12643.5,12608.75,12627.0,44,MNQZ2
2022-07-21 23:00:00+00:00,34,1,20332,12627.0,12633.5,12624.0,12633.5,14,MNQZ2
2022-07-22 00:00:00+00:00,34,1,20332,12620.0,12629.75,12602.25,12626.25,29,MNQZ2
2022-07-22 01:00:00+00:00,34,1,20332,12617.0,12640.0,12613.0,12636.5,21,MNQZ2
2022-07-22 02:00:00+00:00,34,1,20332,12635.5,12635.5,12606.0,12615.0,9,MNQZ2
2022-07-22 03:00:00+00:00,34,1,20332,12615.25,12624.75,12612.0,12624.75,10,MNQZ2
2022-07-22 04:00:00+00:00,34,1,20332,12624.75,12624.75,12610.75,12610.75,2,MNQZ2
2022-07-22 05:00:00+00:00,34,1,20332,12606.25,12612.5,12600.0,12603.25,42,MNQZ2
2022-07-22 06:00:00+00:00,34,1,20332,12615.0,12627.0,12607.75,12625.25,21,MNQZ2
2022-07-22 07:00:00+00:00,34,1,20332,12620.25,12644.75,12610.0,12630.0,39,MNQZ2
2022-07-22 08:00:00+00:00,34,1,20332,12630.75,12644.0,12623.0,12644.0,15,MNQZ2
2022-07-22 09:00:00+00:00,34,1,20332,12644.25,12663.0,12644.25,12645.75,235,MNQZ2
2022-07-22 10:00:00+00:00,34,1,20332,12642.75,12670.0,12638.5,12670.0,17,MNQZ2
2022-07-22 11:00:00+00:00,34,1,20332,12655.0,12692.75,12644.25,12687.0,49,MNQZ2
2022-07-22 12:00:00+00:00,34,1,20332,12690.25,12690.25,12666.25,12672.0,25,MNQZ2
2022-07-22 13:00:00+00:00,34,1,20332,12672.0,12768.75,12642.0,12657.25,480,MNQZ2
2022-07-22 14:00:00+00:00,34,1,20332,12654.5,12683.5,12616.5,12674.5,130,MNQZ2
2022-07-22 15:00:00+00:00,34,1,20332,12654.75,12654.75,12496.0,12527.0,257,MNQZ2
2022-07-22 16:00:00+00:00,34,1,20332,12537.0,12542.0,12480.75,12506.0,108,MNQZ2
2022-07-22 17:00:00+00:00,34,1,20332,12496.5,12496.5,12432.0,12471.25,118,MNQZ2
2022-07-22 18:00:00+00:00,34,1,20332,12439.75,12466.75,12420.0,12457.5,113,MNQZ2
2022-07-22 19:00:00+00:00,34,1,20332,12463.25,12501.0,12445.75,12500.0,95,MNQZ2
2022-07-22 20:00:00+00:00,34,1,20332,12488.25,12504.5,12487.75,12501.0,29,MNQZ2
2022-07-24 22:00:00+00:00,34,1,20332,12504.25,12525.0,12475.25,12497.0,27,MNQZ2
2022-07-24 23:00:00+00:00,34,1,20332,12497.5,12497.5,12488.25,12488.25,5,MNQZ2
2022-07-25 00:00:00+00:00,34,1,20332,12500.0,12500.0,12466.25,12466.25,10,MNQZ2
2022-07-25 01:00:00+00:00,34,1,20332,12464.75,12483.75,12457.75,12472.75,28,MNQZ2
2022-07-25 02:00:00+00:00,34,1,20332,12474.5,12486.0,12474.5,12486.0,7,MNQZ2
2022-07-25 03:00:00+00:00,34,1,20332,12482.0,12490.0,12476.25,12490.0,6,MNQZ2
2022-07-25 04:00:00+00:00,34,1,20332,12490.0,12498.25,12487.75,12493.5,13,MNQZ2
2022-07-25 05:00:00+00:00,34,1,20332,12487.5,12487.5,12474.75,12474.75,4,MNQZ2
2022-07-25 06:00:00+00:00,34,1,20332,12499.75,12499.75,12490.0,12490.0,3,MNQZ2
2022-07-25 07:00:00+00:00,34,1,20332,12505.0,12507.75,12465.5,12490.25,21,MNQZ2
2022-07-25 08:00:00+00:00,34,1,20332,12505.0,12537.5,12505.0,12530.75,29,MNQZ2
2022-07-25 09:00:00+00:00,34,1,20332,12526.0,12566.5,12526.0,12566.5,21,MNQZ2
2022-07-25 10:00:00+00:00,34,1,20332,12554.0,12568.0,12548.0,12553.75,14,MNQZ2
2022-07-25 11:00:00+00:00,34,1,20332,12559.0,12570.0,12538.5,12547.5,76,MNQZ2
2022-07-25 12:00:00+00:00,34,1,20332,12551.5,12551.5,12513.0,12513.0,6,MNQZ2
2022-07-25 13:00:00+00:00,34,1,20332,12527.75,12527.75,12435.5,12478.5,133,MNQZ2
2022-07-25 14:00:00+00:00,34,1,20332,12459.25,12468.75,12364.0,12427.75,341,MNQZ2
2022-07-25 15:00:00+00:00,34,1,20332,12423.5,12454.75,12378.5,12440.5,46,MNQZ2
2022-07-25 16:00:00+00:00,34,1,20332,12452.0,12475.5,12416.0,12468.0,18,MNQZ2
2022-07-25 17:00:00+00:00,34,1,20332,12447.75,12461.75,12394.5,12395.5,18,MNQZ2
2022-07-25 18:00:00+00:00,34,1,20332,12384.25,12396.25,12356.0,12356.0,37,MNQZ2
2022-07-25 19:00:00+00:00,34,1,20332,12367.0,12425.0,12342.5,12425.0,39,MNQZ2
2022-07-25 20:00:00+00:00,34,1,20332,12435.0,12443.25,12392.5,12406.0,13,MNQZ2
2022-07-25 22:00:00+00:00,34,1,20332,12381.5,12381.5,12377.75,12377.75,3,MNQZ2
2022-07-25 23:00:00+00:00,34,1,20332,12379.75,12379.75,12362.0,12364.25,11,MNQZ2
2022-07-26 00:00:00+00:00,34,1,20332,12365.25,12370.0,12362.0,12363.25,39,MNQZ2
2022-07-26 01:00:00+00:00,34,1,20332,12363.25,12381.5,12363.25,12375.0,10,MNQZ2
2022-07-26 02:00:00+00:00,34,1,20332,12376.0,12390.0,12370.0,12385.5,8,MNQZ2
2022-07-26 04:00:00+00:00,34,1,20332,12373.0,12373.0,12373.0,12373.0,1,MNQZ2
2022-07-26 05:00:00+00:00,34,1,20332,12377.0,12387.0,12370.25,12387.0,4,MNQZ2
2022-07-26 06:00:00+00:00,34,1,20332,12390.5,12394.25,12374.0,12374.0,8,MNQZ2
2022-07-26 07:00:00+00:00,34,1,20332,12390.25,12405.25,12385.25,12405.25,4,MNQZ2
2022-07-26 08:00:00+00:00,34,1,20332,12382.5,12391.75,12380.5,12391.75,15,MNQZ2
2022-07-26 09:00:00+00:00,34,1,20332,12402.25,12402.25,12382.5,12400.5,11,MNQZ2
2022-07-26 10:00:00+00:00,34,1,20332,12395.5,12395.5,12350.0,12372.5,97,MNQZ2
2022-07-26 11:00:00+00:00,34,1,20332,12365.25,12389.25,12353.25,12375.75,38,MNQZ2
2022-07-26 12:00:00+00:00,34,1,20332,12365.75,12384.25,12339.25,12351.25,45,MNQZ2
2022-07-26 13:00:00+00:00,34,1,20332,12352.5,12367.75,12269.0,12320.75,155,MNQZ2
2022-07-26 14:00:00+00:00,34,1,20332,12300.25,12331.5,12233.75,12266.0,152,MNQZ2
2022-07-26 15:00:00+00:00,34,1,20332,12260.0,12260.0,12180.0,12195.25,164,MNQZ2
2022-07-26 16:00:00+00:00,34,1,20332,12189.75,12219.5,12185.75,12212.75,78,MNQZ2
2022-07-26 17:00:00+00:00,34,1,20332,12209.25,12232.75,12191.5,12191.5,51,MNQZ2
2022-07-26 18:00:00+00:00,34,1,20332,12228.0,12228.0,12156.25,12167.5,184,MNQZ2
2022-07-26 19:00:00+00:00,34,1,20332,12174.75,12206.5,12150.0,12179.5,41,MNQZ2
2022-07-26 20:00:00+00:00,34,1,20332,12182.25,12260.25,12145.75,12260.25,230,MNQZ2
2022-07-26 22:00:00+00:00,34,1,20332,12275.5,12375.0,12273.25,12320.0,80,MNQZ2
2022-07-26 23:00:00+00:00,34,1,20332,12320.0,12356.0,12316.25,12356.0,18,MNQZ2
2022-07-27 00:00:00+00:00,34,1,20332,12354.5,12358.0,12343.25,12354.25,23,MNQZ2
2022-07-27 01:00:00+00:00,34,1,20332,12352.75,12352.75,12328.0,12341.5,17,MNQZ2
2022-07-27 02:00:00+00:00,34,1,20332,12344.0,12348.75,12333.25,12348.75,10,MNQZ2
2022-07-27 03:00:00+00:00,34,1,20332,12349.75,12351.5,12346.25,12346.25,4,MNQZ2
2022-07-27 04:00:00+00:00,34,1,20332,12350.0,12374.0,12350.0,12370.75,35,MNQZ2
2022-07-27 05:00:00+00:00,34,1,20332,12366.0,12370.0,12356.0,12356.0,3,MNQZ2
2022-07-27 06:00:00+00:00,34,1,20332,12356.5,12367.5,12337.0,12343.0,18,MNQZ2
2022-07-27 07:00:00+00:00,34,1,20332,12358.5,12385.75,12358.5,12369.25,14,MNQZ2
2022-07-27 08:00:00+00:00,34,1,20332,12388.0,12400.0,12384.25,12395.0,78,MNQZ2
2022-07-27 09:00:00+00:00,34,1,20332,12385.0,12385.0,12360.25,12360.25,13,MNQZ2
2022-07-27 10:00:00+00:00,34,1,20332,12355.0,12363.0,12344.75,12363.0,5,MNQZ2
2022-07-27 11:00:00+00:00,34,1,20332,12355.25,12356.75,12341.0,12351.5,40,MNQZ2
2022-07-27 12:00:00+00:00,34,1,20332,12348.75,12376.75,12337.0,12370.0,21,MNQZ2
2022-07-27 13:00:00+00:00,34,1,20332,12370.0,12470.0,12351.25,12464.75,185,MNQZ2
2022-07-27 14:00:00+00:00,34,1,20332,12462.75,12509.0,12455.0,12500.75,155,MNQZ2
2022-07-27 15:00:00+00:00,34,1,20332,12509.0,12519.0,12483.75,12512.25,81,MNQZ2
2022-07-27 16:00:00+00:00,34,1,20332,12512.5,12548.25,12496.75,12496.75,85,MNQZ2
2022-07-27 17:00:00+00:00,34,1,20332,12500.25,12524.75,12485.0,12524.75,58,MNQZ2
2022-07-27 18:00:00+00:00,34,1,20332,12518.0,12680.25,12480.0,12650.75,399,MNQZ2
2022-07-27 19:00:00+00:00,34,1,20332,12649.25,12761.0,12642.0,12716.0,373,MNQZ2
2022-07-27 20:00:00+00:00,34,1,20332,12676.75,12677.0,12613.0,12648.5,160,MNQZ2
2022-07-27 22:00:00+00:00,34,1,20332,12651.5,12656.75,12643.25,12648.5,12,MNQZ2
2022-07-27 23:00:00+00:00,34,1,20332,12655.0,12664.25,12654.5,12657.0,17,MNQZ2
2022-07-28 00:00:00+00:00,34,1,20332,12655.0,12655.0,12626.25,12634.0,24,MNQZ2
2022-07-28 01:00:00+00:00,34,1,20332,12641.25,12641.25,12631.5,12637.75,14,MNQZ2
2022-07-28 02:00:00+00:00,34,1,20332,12640.0,12659.0,12635.0,12653.25,10,MNQZ2
2022-07-28 03:00:00+00:00,34,1,20332,12651.5,12651.5,12635.0,12640.5,16,MNQZ2
2022-07-28 04:00:00+00:00,34,1,20332,12637.0,12640.0,12635.25,12640.0,12,MNQZ2
2022-07-28 05:00:00+00:00,34,1,20332,12640.0,12646.25,12630.25,12646.25,10,MNQZ2
2022-07-28 06:00:00+00:00,34,1,20332,12648.75,12651.5,12635.5,12635.75,20,MNQZ2
2022-07-28 07:00:00+00:00,34,1,20332,12630.0,12641.25,12605.0,12608.0,32,MNQZ2
2022-07-28 08:00:00+00:00,34,1,20332,12601.5,12601.5,12575.0,12575.0,29,MNQZ2
2022-07-28 09:00:00+00:00,34,1,20332,12586.25,12600.5,12555.5,12600.5,41,MNQZ2
2022-07-28 10:00:00+00:00,34,1,20332,12606.5,12615.0,12606.5,12614.0,11,MNQZ2
2022-07-28 11:00:00+00:00,34,1,20332,12619.75,12622.25,12610.25,12612.25,8,MNQZ2
2022-07-28 12:00:00+00:00,34,1,20332,12601.5,12695.0,12561.5,12645.0,141,MNQZ2
2022-07-28 13:00:00+00:00,34,1,20332,12651.0,12724.0,12525.75,12555.75,272,MNQZ2
2022-07-28 14:00:00+00:00,34,1,20332,12578.0,12643.5,12524.75,12643.5,175,MNQZ2
2022-07-28 15:00:00+00:00,34,1,20332,12650.0,12765.0,12649.5,12742.5,252,MNQZ2
2022-07-28 16:00:00+00:00,34,1,20332,12740.0,12750.0,12711.0,12720.0,60,MNQZ2
2022-07-28 17:00:00+00:00,34,1,20332,12715.0,12812.25,12698.5,12803.25,266,MNQZ2
2022-07-28 18:00:00+00:00,34,1,20332,12799.0,12810.0,12766.5,12806.0,78,MNQZ2
2022-07-28 19:00:00+00:00,34,1,20332,12811.0,12836.0,12780.5,12810.0,75,MNQZ2
2022-07-28 20:00:00+00:00,34,1,20332,12812.75,13019.5,12810.75,12996.5,369,MNQZ2
2022-07-28 22:00:00+00:00,34,1,20332,12967.5,12972.5,12944.25,12951.0,57,MNQZ2
2022-07-28 23:00:00+00:00,34,1,20332,12952.5,12965.0,12946.0,12965.0,30,MNQZ2
2022-07-29 00:00:00+00:00,34,1,20332,12962.5,12962.75,12951.25,12955.25,58,MNQZ2
2022-07-29 01:00:00+00:00,34,1,20332,12956.0,12980.0,12955.5,12980.0,25,MNQZ2
2022-07-29 02:00:00+00:00,34,1,20332,12980.0,12996.5,12975.75,12978.75,46,MNQZ2
2022-07-29 03:00:00+00:00,34,1,20332,12985.0,12985.0,12962.5,12969.5,37,MNQZ2
2022-07-29 04:00:00+00:00,34,1,20332,12963.0,12975.0,12961.5,12975.0,13,MNQZ2
2022-07-29 05:00:00+00:00,34,1,20332,12960.0,12991.0,12960.0,12987.0,16,MNQZ2
2022-07-29 06:00:00+00:00,34,1,20332,12984.0,13007.0,12984.0,13002.0,16,MNQZ2
2022-07-29 07:00:00+00:00,34,1,20332,12980.5,13012.0,12966.75,12971.0,19,MNQZ2
2022-07-29 08:00:00+00:00,34,1,20332,12975.25,12990.25,12927.75,12949.5,40,MNQZ2
2022-07-29 09:00:00+00:00,34,1,20332,12937.25,12962.0,12937.0,12958.5,10,MNQZ2
2022-07-29 10:00:00+00:00,34,1,20332,12952.0,12968.25,12952.0,12965.25,16,MNQZ2
2022-07-29 11:00:00+00:00,34,1,20332,12951.75,12951.75,12920.0,12934.75,47,MNQZ2
2022-07-29 12:00:00+00:00,34,1,20332,12936.0,12936.5,12875.0,12911.0,140,MNQZ2
2022-07-29 13:00:00+00:00,34,1,20332,12900.0,12951.0,12820.5,12940.5,175,MNQZ2
2022-07-29 14:00:00+00:00,34,1,20332,12923.5,13004.75,12920.75,12949.0,238,MNQZ2
2022-07-29 15:00:00+00:00,34,1,20332,12936.5,12936.5,12864.25,12930.75,213,MNQZ2
2022-07-29 16:00:00+00:00,34,1,20332,12936.0,12975.75,12901.25,12975.75,113,MNQZ2
2022-07-29 17:00:00+00:00,34,1,20332,12967.5,13013.0,12960.75,12997.5,94,MNQZ2
2022-07-29 18:00:00+00:00,34,1,20332,13000.0,13042.25,12985.0,13026.0,136,MNQZ2
2022-07-29 19:00:00+00:00,34,1,20332,13030.0,13080.0,13029.0,13047.75,153,MNQZ2
2022-07-29 20:00:00+00:00,34,1,20332,13046.0,13050.0,13036.5,13037.0,58,MNQZ2
2022-07-31 22:00:00+00:00,34,1,20332,13047.0,13047.5,12993.0,12997.75,112,MNQZ2
2022-07-31 23:00:00+00:00,34,1,20332,12990.75,13012.75,12987.0,12987.0,24,MNQZ2
2022-08-01 00:00:00+00:00,34,1,20332,12989.25,12994.75,12985.5,12993.25,15,MNQZ2
2022-08-01 01:00:00+00:00,34,1,20332,12993.75,13004.25,12978.25,13000.0,39,MNQZ2
2022-08-01 02:00:00+00:00,34,1,20332,13006.25,13009.0,12995.5,13009.0,30,MNQZ2
2022-08-01 03:00:00+00:00,34,1,20332,13004.0,13004.0,12988.0,12988.0,8,MNQZ2
2022-08-01 04:00:00+00:00,34,1,20332,12987.0,12997.5,12987.0,12997.5,2,MNQZ2
2022-08-01 05:00:00+00:00,34,1,20332,12998.75,12999.75,12980.0,12995.25,10,MNQZ2
2022-08-01 06:00:00+00:00,34,1,20332,12995.25,13001.5,12988.75,13001.5,12,MNQZ2
2022-08-01 07:00:00+00:00,34,1,20332,13001.75,13038.75,13001.75,13027.0,52,MNQZ2
2022-08-01 08:00:00+00:00,34,1,20332,13027.0,13027.0,12987.5,12987.5,30,MNQZ2
2022-08-01 09:00:00+00:00,34,1,20332,13004.25,13017.0,13004.25,13012.5,9,MNQZ2
2022-08-01 10:00:00+00:00,34,1,20332,13015.75,13026.75,13007.75,13019.25,19,MNQZ2
2022-08-01 11:00:00+00:00,34,1,20332,13020.5,13061.25,13020.5,13041.5,51,MNQZ2
2022-08-01 12:00:00+00:00,34,1,20332,13037.25,13037.25,12977.0,12977.0,66,MNQZ2
2022-08-01 13:00:00+00:00,34,1,20332,12975.0,13094.0,12926.25,13067.0,522,MNQZ2
2022-08-01 14:00:00+00:00,34,1,20332,13060.5,13179.75,13044.5,13160.25,502,MNQZ2
2022-08-01 15:00:00+00:00,34,1,20332,13169.5,13170.75,13103.5,13153.75,184,MNQZ2
2022-08-01 16:00:00+00:00,34,1,20332,13144.25,13144.25,13068.25,13081.25,115,MNQZ2
2022-08-01 17:00:00+00:00,34,1,20332,13076.5,13076.5,12972.75,13011.0,126,MNQZ2
2022-08-01 18:00:00+00:00,34,1,20332,13010.0,13067.75,12990.0,13067.75,54,MNQZ2
2022-08-01 19:00:00+00:00,34,1,20332,13056.75,13071.0,13022.0,13032.25,35,MNQZ2
2022-08-01 20:00:00+00:00,34,1,20332,13041.0,13053.75,13036.5,13053.0,22,MNQZ2
2022-08-01 22:00:00+00:00,34,1,20332,13040.0,13040.0,13026.5,13034.75,20,MNQZ2
2022-08-01 23:00:00+00:00,34,1,20332,13034.75,13047.5,13026.0,13027.5,13,MNQZ2
2022-08-02 00:00:00+00:00,34,1,20332,13019.0,13019.0,12998.0,12998.5,15,MNQZ2
2022-08-02 01:00:00+00:00,34,1,20332,12994.25,13002.75,12966.0,12975.0,52,MNQZ2
2022-08-02 02:00:00+00:00,34,1,20332,12980.5,12980.5,12957.0,12979.0,39,MNQZ2
2022-08-02 03:00:00+00:00,34,1,20332,12981.25,12993.75,12980.0,12980.0,40,MNQZ2
2022-08-02 04:00:00+00:00,34,1,20332,12980.0,12980.0,12974.25,12977.25,8,MNQZ2
2022-08-02 05:00:00+00:00,34,1,20332,12984.75,12988.0,12968.5,12968.5,19,MNQZ2
2022-08-02 06:00:00+00:00,34,1,20332,12985.5,12988.0,12973.5,12975.0,23,MNQZ2
2022-08-02 07:00:00+00:00,34,1,20332,12970.75,12970.75,12917.75,12953.5,51,MNQZ2
2022-08-02 08:00:00+00:00,34,1,20332,12949.5,12957.5,12917.75,12917.75,46,MNQZ2
2022-08-02 09:00:00+00:00,34,1,20332,12935.0,12943.75,12902.0,12902.0,18,MNQZ2
2022-08-02 10:00:00+00:00,34,1,20332,12900.0,12914.5,12892.75,12914.5,60,MNQZ2
2022-08-02 11:00:00+00:00,34,1,20332,12924.75,12951.0,12923.0,12930.0,16,MNQZ2
2022-08-02 12:00:00+00:00,34,1,20332,12938.0,12942.75,12902.5,12905.0,24,MNQZ2
2022-08-02 13:00:00+00:00,34,1,20332,12925.0,13026.5,12919.5,12952.0,192,MNQZ2
2022-08-02 14:00:00+00:00,34,1,20332,12965.75,13070.0,12899.0,13038.75,152,MNQZ2
2022-08-02 15:00:00+00:00,34,1,20332,13043.75,13067.0,13000.0,13048.25,90,MNQZ2
2022-08-02 16:00:00+00:00,34,1,20332,13064.0,13165.75,13064.0,13147.5,174,MNQZ2
2022-08-02 17:00:00+00:00,34,1,20332,13134.75,13141.0,12980.0,12992.0,88,MNQZ2
2022-08-02 18:00:00+00:00,34,1,20332,13007.5,13071.75,12995.0,13023.5,79,MNQZ2
2022-08-02 19:00:00+00:00,34,1,20332,13030.0,13050.0,12993.75,12993.75,37,MNQZ2
2022-08-02 20:00:00+00:00,34,1,20332,12997.75,13002.25,12962.0,12994.75,56,MNQZ2
2022-08-02 22:00:00+00:00,34,1,20332,12999.75,13005.0,12985.75,13003.25,21,MNQZ2
2022-08-02 23:00:00+00:00,34,1,20332,13004.25,13007.75,12975.75,12976.25,8,MNQZ2
2022-08-03 00:00:00+00:00,34,1,20332,12975.75,12988.25,12942.0,12951.0,28,MNQZ2
2022-08-03 01:00:00+00:00,34,1,20332,12962.0,12991.75,12957.0,12991.75,23,MNQZ2
2022-08-03 02:00:00+00:00,34,1,20332,12990.0,13001.75,12982.0,12982.75,16,MNQZ2
2022-08-03 03:00:00+00:00,34,1,20332,12989.5,13004.75,12989.5,12997.75,127,MNQZ2
2022-08-03 04:00:00+00:00,34,1,20332,13005.5,13013.5,13002.25,13012.0,55,MNQZ2
2022-08-03 05:00:00+00:00,34,1,20332,13002.25,13021.0,13002.25,13018.75,38,MNQZ2
2022-08-03 06:00:00+00:00,34,1,20332,13019.25,13025.5,13010.25,13014.0,7,MNQZ2
2022-08-03 07:00:00+00:00,34,1,20332,12994.25,13000.75,12975.0,12979.75,45,MNQZ2
2022-08-03 08:00:00+00:00,34,1,20332,12985.5,13010.75,12969.0,13010.75,18,MNQZ2
2022-08-03 09:00:00+00:00,34,1,20332,13010.5,13063.25,13010.5,13046.75,163,MNQZ2
2022-08-03 10:00:00+00:00,34,1,20332,13046.5,13046.5,13031.0,13034.75,15,MNQZ2
2022-08-03 11:00:00+00:00,34,1,20332,13058.5,13070.0,13042.5,13058.75,21,MNQZ2
2022-08-03 12:00:00+00:00,34,1,20332,13058.75,13090.0,13051.0,13087.75,66,MNQZ2
2022-08-03 13:00:00+00:00,34,1,20332,13077.25,13201.25,13067.0,13190.25,490,MNQZ2
2022-08-03 14:00:00+00:00,34,1,20332,13171.75,13246.25,13144.5,13220.0,403,MNQZ2
2022-08-03 15:00:00+00:00,34,1,20332,13217.5,13300.0,13210.25,13295.75,292,MNQZ2
2022-08-03 16:00:00+00:00,34,1,20332,13285.5,13350.0,13267.25,13331.0,352,MNQZ2
2022-08-03 17:00:00+00:00,34,1,20332,13332.75,13355.0,13325.0,13337.75,94,MNQZ2
2022-08-03 18:00:00+00:00,34,1,20332,13334.25,13372.5,13332.5,13355.0,253,MNQZ2
2022-08-03 19:00:00+00:00,34,1,20332,13350.0,13386.0,13343.25,13345.0,148,MNQZ2
2022-08-03 20:00:00+00:00,34,1,20332,13341.0,13348.25,13317.0,13327.0,65,MNQZ2
2022-08-03 22:00:00+00:00,34,1,20332,13317.25,13320.75,13309.0,13320.0,28,MNQZ2
2022-08-03 23:00:00+00:00,34,1,20332,13317.0,13317.0,13310.5,13312.0,20,MNQZ2
2022-08-04 00:00:00+00:00,34,1,20332,13310.25,13338.25,13304.75,13338.25,21,MNQZ2
2022-08-04 01:00:00+00:00,34,1,20332,13340.0,13343.0,13335.5,13335.5,20,MNQZ2
2022-08-04 02:00:00+00:00,34,1,20332,13335.75,13337.0,13320.75,13328.75,11,MNQZ2
2022-08-04 03:00:00+00:00,34,1,20332,13328.75,13333.5,13309.75,13315.25,28,MNQZ2
2022-08-04 04:00:00+00:00,34,1,20332,13312.0,13324.0,13312.0,13321.0,4,MNQZ2
2022-08-04 05:00:00+00:00,34,1,20332,13320.75,13324.75,13314.5,13319.75,17,MNQZ2
2022-08-04 06:00:00+00:00,34,1,20332,13313.25,13327.5,13313.25,13318.25,14,MNQZ2
2022-08-04 07:00:00+00:00,34,1,20332,13309.0,13345.0,13305.75,13328.0,46,MNQZ2
2022-08-04 08:00:00+00:00,34,1,20332,13339.0,13347.0,13322.5,13335.0,16,MNQZ2
2022-08-04 09:00:00+00:00,34,1,20332,13339.25,13374.75,13339.0,13371.75,84,MNQZ2
2022-08-04 10:00:00+00:00,34,1,20332,13373.75,13429.0,13373.75,13413.5,387,MNQZ2
2022-08-04 11:00:00+00:00,34,1,20332,13402.0,13412.25,13346.75,13346.75,74,MNQZ2
2022-08-04 12:00:00+00:00,34,1,20332,13346.25,13397.0,13342.5,13397.0,52,MNQZ2
2022-08-04 13:00:00+00:00,34,1,20332,13386.0,13416.5,13323.75,13399.75,165,MNQZ2
2022-08-04 14:00:00+00:00,34,1,20332,13369.5,13408.0,13265.0,13335.0,350,MNQZ2
2022-08-04 15:00:00+00:00,34,1,20332,13332.75,13364.5,13276.0,13360.0,127,MNQZ2
2022-08-04 16:00:00+00:00,34,1,20332,13360.0,13390.25,13322.5,13336.75,144,MNQZ2
2022-08-04 17:00:00+00:00,34,1,20332,13328.75,13394.0,13328.75,13375.0,151,MNQZ2
2022-08-04 18:00:00+00:00,34,1,20332,13377.5,13404.25,13350.0,13396.25,77,MNQZ2
2022-08-04 19:00:00+00:00,34,1,20332,13393.75,13423.75,13367.0,13402.25,124,MNQZ2
2022-08-04 20:00:00+00:00,34,1,20332,13410.0,13422.5,13401.0,13404.0,76,MNQZ2
2022-08-04 22:00:00+00:00,34,1,20332,13400.0,13413.25,13394.75,13413.25,15,MNQZ2
2022-08-04 23:00:00+00:00,34,1,20332,13413.0,13420.0,13409.5,13409.5,21,MNQZ2
2022-08-05 00:00:00+00:00,34,1,20332,13416.0,13430.0,13408.5,13425.0,27,MNQZ2
2022-08-05 01:00:00+00:00,34,1,20332,13422.25,13451.75,13421.0,13444.75,62,MNQZ2
2022-08-05 02:00:00+00:00,34,1,20332,13447.0,13459.5,13442.0,13445.0,63,MNQZ2
2022-08-05 03:00:00+00:00,34,1,20332,13450.5,13450.5,13435.5,13444.0,12,MNQZ2
2022-08-05 04:00:00+00:00,34,1,20332,13447.75,13453.25,13445.0,13453.0,15,MNQZ2
2022-08-05 05:00:00+00:00,34,1,20332,13438.0,13440.0,13434.5,13436.25,10,MNQZ2
2022-08-05 06:00:00+00:00,34,1,20332,13436.0,13436.0,13420.75,13420.75,9,MNQZ2
2022-08-05 07:00:00+00:00,34,1,20332,13423.0,13436.0,13420.0,13425.0,15,MNQZ2
2022-08-05 08:00:00+00:00,34,1,20332,13429.5,13429.75,13390.5,13394.5,52,MNQZ2
2022-08-05 09:00:00+00:00,34,1,20332,13405.5,13411.0,13389.0,13389.0,10,MNQZ2
2022-08-05 10:00:00+00:00,34,1,20332,13386.0,13393.75,13374.75,13374.75,46,MNQZ2
2022-08-05 11:00:00+00:00,34,1,20332,13382.75,13413.5,13367.75,13413.5,56,MNQZ2
2022-08-05 12:00:00+00:00,34,1,20332,13405.25,13416.0,13200.0,13214.25,465,MNQZ2
2022-08-05 13:00:00+00:00,34,1,20332,13222.75,13290.0,13189.0,13249.25,274,MNQZ2
2022-08-05 14:00:00+00:00,34,1,20332,13261.25,13386.75,13251.25,13306.0,241,MNQZ2
2022-08-05 15:00:00+00:00,34,1,20332,13307.25,13307.25,13169.0,13203.25,194,MNQZ2
2022-08-05 16:00:00+00:00,34,1,20332,13217.5,13280.75,13216.75,13277.75,129,MNQZ2
2022-08-05 17:00:00+00:00,34,1,20332,13269.0,13322.0,13259.75,13271.0,101,MNQZ2
2022-08-05 18:00:00+00:00,34,1,20332,13271.0,13276.25,13226.75,13226.75,55,MNQZ2
2022-08-05 19:00:00+00:00,34,1,20332,13259.0,13321.5,13253.0,13299.0,41,MNQZ2
2022-08-05 20:00:00+00:00,34,1,20332,13305.25,13305.25,13281.25,13290.25,48,MNQZ2
2022-08-07 22:00:00+00:00,34,1,20332,13315.0,13340.0,13248.75,13260.0,136,MNQZ2
2022-08-07 23:00:00+00:00,34,1,20332,13260.5,13265.75,13258.0,13258.0,8,MNQZ2
2022-08-08 00:00:00+00:00,34,1,20332,13263.25,13275.0,13263.25,13273.0,34,MNQZ2
2022-08-08 01:00:00+00:00,34,1,20332,13270.75,13277.0,13263.75,13277.0,18,MNQZ2
2022-08-08 02:00:00+00:00,34,1,20332,13277.0,13296.75,13275.25,13295.25,75,MNQZ2
2022-08-08 03:00:00+00:00,34,1,20332,13300.0,13300.5,13296.75,13300.0,10,MNQZ2
2022-08-08 04:00:00+00:00,34,1,20332,13298.0,13311.0,13297.75,13311.0,15,MNQZ2
2022-08-08 05:00:00+00:00,34,1,20332,13314.5,13343.5,13312.0,13329.75,46,MNQZ2
2022-08-08 06:00:00+00:00,34,1,20332,13332.75,13352.0,13332.25,13350.5,35,MNQZ2
2022-08-08 07:00:00+00:00,34,1,20332,13351.0,13385.5,13351.0,13361.75,85,MNQZ2
2022-08-08 08:00:00+00:00,34,1,20332,13375.0,13384.25,13351.25,13374.0,23,MNQZ2
2022-08-08 09:00:00+00:00,34,1,20332,13372.0,13372.0,13345.25,13354.0,19,MNQZ2
2022-08-08 10:00:00+00:00,34,1,20332,13361.0,13401.25,13358.0,13401.25,65,MNQZ2
2022-08-08 11:00:00+00:00,34,1,20332,13392.25,13410.0,13376.0,13399.5,72,MNQZ2
2022-08-08 12:00:00+00:00,34,1,20332,13408.25,13429.25,13396.0,13423.0,71,MNQZ2
2022-08-08 13:00:00+00:00,34,1,20332,13400.5,13490.0,13311.75,13466.0,395,MNQZ2
2022-08-08 14:00:00+00:00,34,1,20332,13465.0,13500.0,13398.5,13410.0,344,MNQZ2
2022-08-08 15:00:00+00:00,34,1,20332,13415.0,13437.5,13276.5,13335.0,378,MNQZ2
2022-08-08 16:00:00+00:00,34,1,20332,13337.75,13339.75,13237.5,13281.75,159,MNQZ2
2022-08-08 17:00:00+00:00,34,1,20332,13270.75,13312.5,13252.25,13287.25,44,MNQZ2
2022-08-08 18:00:00+00:00,34,1,20332,13270.0,13273.25,13203.75,13234.0,81,MNQZ2
2022-08-08 19:00:00+00:00,34,1,20332,13238.0,13265.5,13227.0,13260.75,53,MNQZ2
2022-08-08 20:00:00+00:00,34,1,20332,13274.5,13288.25,13271.5,13288.25,29,MNQZ2
2022-08-08 22:00:00+00:00,34,1,20332,13282.0,13286.25,13281.0,13286.25,6,MNQZ2
2022-08-08 23:00:00+00:00,34,1,20332,13283.25,13317.0,13283.25,13303.5,52,MNQZ2
2022-08-09 00:00:00+00:00,34,1,20332,13303.5,13306.5,13285.25,13285.25,37,MNQZ2
2022-08-09 01:00:00+00:00,34,1,20332,13281.5,13281.5,13260.0,13267.25,19,MNQZ2
2022-08-09 02:00:00+00:00,34,1,20332,13257.0,13275.0,13257.0,13274.5,8,MNQZ2
2022-08-09 03:00:00+00:00,34,1,20332,13282.0,13304.0,13281.75,13302.75,16,MNQZ2
2022-08-09 04:00:00+00:00,34,1,20332,13308.25,13308.25,13291.0,13293.0,4,MNQZ2
2022-08-09 05:00:00+00:00,34,1,20332,13294.0,13296.0,13288.25,13288.25,6,MNQZ2
2022-08-09 06:00:00+00:00,34,1,20332,13291.5,13291.5,13267.25,13281.5,16,MNQZ2
2022-08-09 07:00:00+00:00,34,1,20332,13289.5,13296.75,13254.0,13266.5,109,MNQZ2
2022-08-09 08:00:00+00:00,34,1,20332,13267.5,13282.5,13246.25,13275.75,18,MNQZ2
2022-08-09 09:00:00+00:00,34,1,20332,13280.0,13280.0,13242.0,13242.0,14,MNQZ2
2022-08-09 10:00:00+00:00,34,1,20332,13243.0,13243.0,13182.0,13197.5,108,MNQZ2
2022-08-09 11:00:00+00:00,34,1,20332,13206.25,13211.5,13165.0,13172.0,68,MNQZ2
2022-08-09 12:00:00+00:00,34,1,20332,13172.5,13191.0,13160.0,13188.25,99,MNQZ2
2022-08-09 13:00:00+00:00,34,1,20332,13181.75,13192.0,13075.0,13084.0,295,MNQZ2
2022-08-09 14:00:00+00:00,34,1,20332,13081.5,13140.0,13054.75,13106.5,247,MNQZ2
2022-08-09 15:00:00+00:00,34,1,20332,13092.25,13145.75,13065.0,13090.0,206,MNQZ2
2022-08-09 16:00:00+00:00,34,1,20332,13097.0,13097.0,13047.5,13066.75,129,MNQZ2
2022-08-09 17:00:00+00:00,34,1,20332,13071.75,13113.0,13054.75,13105.0,68,MNQZ2
2022-08-09 18:00:00+00:00,34,1,20332,13097.75,13127.75,13068.5,13114.5,61,MNQZ2
2022-08-09 19:00:00+00:00,34,1,20332,13115.0,13139.0,13101.5,13105.75,67,MNQZ2
2022-08-09 20:00:00+00:00,34,1,20332,13115.5,13135.75,13115.5,13135.75,52,MNQZ2
2022-08-09 22:00:00+00:00,34,1,20332,13119.25,13139.75,13119.25,13120.25,47,MNQZ2
2022-08-09 23:00:00+00:00,34,1,20332,13128.25,13130.0,13125.0,13130.0,15,MNQZ2
2022-08-10 00:00:00+00:00,34,1,20332,13126.5,13126.5,13095.5,13098.75,31,MNQZ2
2022-08-10 01:00:00+00:00,34,1,20332,13100.0,13119.25,13100.0,13108.25,31,MNQZ2
2022-08-10 02:00:00+00:00,34,1,20332,13106.0,13106.0,13093.0,13097.25,23,MNQZ2
2022-08-10 03:00:00+00:00,34,1,20332,13100.0,13100.25,13089.75,13089.75,22,MNQZ2
2022-08-10 04:00:00+00:00,34,1,20332,13092.5,13105.25,13092.5,13103.25,25,MNQZ2
2022-08-10 05:00:00+00:00,34,1,20332,13101.5,13101.5,13080.0,13080.0,57,MNQZ2
2022-08-10 06:00:00+00:00,34,1,20332,13080.25,13082.75,13064.5,13082.75,65,MNQZ2
2022-08-10 07:00:00+00:00,34,1,20332,13082.0,13116.25,13063.0,13112.0,94,MNQZ2
2022-08-10 08:00:00+00:00,34,1,20332,13110.0,13172.25,13110.0,13172.25,104,MNQZ2
2022-08-10 09:00:00+00:00,34,1,20332,13174.75,13180.0,13150.0,13150.0,31,MNQZ2
2022-08-10 10:00:00+00:00,34,1,20332,13141.0,13150.0,13128.25,13139.0,32,MNQZ2
2022-08-10 11:00:00+00:00,34,1,20332,13135.0,13166.25,13132.25,13166.25,54,MNQZ2
2022-08-10 12:00:00+00:00,34,1,20332,13165.75,13453.0,13125.25,13403.75,909,MNQZ2
2022-08-10 13:00:00+00:00,34,1,20332,13405.0,13430.0,13350.25,13389.75,537,MNQZ2
2022-08-10 14:00:00+00:00,34,1,20332,13390.25,13416.25,13314.75,13409.0,210,MNQZ2
2022-08-10 15:00:00+00:00,34,1,20332,13416.0,13462.25,13413.5,13454.25,208,MNQZ2
2022-08-10 16:00:00+00:00,34,1,20332,13460.0,13464.75,13395.75,13416.75,101,MNQZ2
2022-08-10 17:00:00+00:00,34,1,20332,13406.5,13468.0,13406.5,13445.75,101,MNQZ2
2022-08-10 18:00:00+00:00,34,1,20332,13452.0,13452.0,13418.75,13427.0,77,MNQZ2
2022-08-10 19:00:00+00:00,34,1,20332,13425.25,13485.75,13422.25,13470.0,154,MNQZ2
2022-08-10 20:00:00+00:00,34,1,20332,13469.0,13471.5,13457.5,13463.0,69,MNQZ2
2022-08-10 22:00:00+00:00,34,1,20332,13480.0,13495.5,13450.5,13457.0,56,MNQZ2
2022-08-10 23:00:00+00:00,34,1,20332,13456.5,13485.75,13456.5,13481.25,40,MNQZ2
2022-08-11 00:00:00+00:00,34,1,20332,13479.0,13532.5,13479.0,13530.25,216,MNQZ2
2022-08-11 01:00:00+00:00,34,1,20332,13528.0,13536.5,13519.5,13521.0,73,MNQZ2
2022-08-11 02:00:00+00:00,34,1,20332,13518.0,13531.5,13510.0,13510.0,29,MNQZ2
2022-08-11 03:00:00+00:00,34,1,20332,13514.0,13530.0,13514.0,13523.0,34,MNQZ2
2022-08-11 04:00:00+00:00,34,1,20332,13524.0,13532.25,13515.0,13523.25,90,MNQZ2
2022-08-11 05:00:00+00:00,34,1,20332,13520.25,13526.0,13515.5,13520.0,13,MNQZ2
2022-08-11 06:00:00+00:00,34,1,20332,13523.0,13562.0,13508.25,13545.5,154,MNQZ2
2022-08-11 07:00:00+00:00,34,1,20332,13540.0,13550.0,13510.0,13527.25,84,MNQZ2
2022-08-11 08:00:00+00:00,34,1,20332,13505.0,13516.25,13470.75,13470.75,254,MNQZ2
2022-08-11 09:00:00+00:00,34,1,20332,13496.5,13521.5,13488.25,13506.25,27,MNQZ2
2022-08-11 10:00:00+00:00,34,1,20332,13506.25,13506.25,13482.25,13499.0,51,MNQZ2
2022-08-11 11:00:00+00:00,34,1,20332,13498.5,13533.0,13498.5,13525.75,46,MNQZ2
2022-08-11 12:00:00+00:00,34,1,20332,13535.0,13589.75,13535.0,13583.5,189,MNQZ2
2022-08-11 13:00:00+00:00,34,1,20332,13582.0,13590.0,13537.25,13571.25,312,MNQZ2
2022-08-11 14:00:00+00:00,34,1,20332,13580.0,13653.0,13547.0,13560.75,530,MNQZ2
2022-08-11 15:00:00+00:00,34,1,20332,13567.5,13571.0,13443.75,13470.0,383,MNQZ2
2022-08-11 16:00:00+00:00,34,1,20332,13475.25,13510.0,13453.25,13504.0,129,MNQZ2
2022-08-11 17:00:00+00:00,34,1,20332,13498.5,13520.75,13465.0,13472.0,99,MNQZ2
2022-08-11 18:00:00+00:00,34,1,20332,13459.75,13460.75,13376.0,13405.0,150,MNQZ2
2022-08-11 19:00:00+00:00,34,1,20332,13399.0,13410.5,13371.25,13400.0,148,MNQZ2
2022-08-11 20:00:00+00:00,34,1,20332,13403.75,13425.0,13403.75,13425.0,87,MNQZ2
2022-08-11 22:00:00+00:00,34,1,20332,13366.0,13411.75,13350.0,13401.25,56,MNQZ2
2022-08-11 23:00:00+00:00,34,1,20332,13408.25,13416.0,13404.75,13416.0,15,MNQZ2
2022-08-12 00:00:00+00:00,34,1,20332,13416.25,13435.0,13392.5,13396.25,46,MNQZ2
2022-08-12 01:00:00+00:00,34,1,20332,13395.5,13417.5,13395.25,13400.0,50,MNQZ2
2022-08-12 02:00:00+00:00,34,1,20332,13401.0,13421.0,13401.0,13418.75,39,MNQZ2
2022-08-12 03:00:00+00:00,34,1,20332,13417.75,13428.0,13415.25,13428.0,12,MNQZ2
2022-08-12 04:00:00+00:00,34,1,20332,13421.0,13421.0,13420.0,13421.0,7,MNQZ2
2022-08-12 05:00:00+00:00,34,1,20332,13423.0,13431.0,13422.5,13431.0,16,MNQZ2
2022-08-12 06:00:00+00:00,34,1,20332,13432.75,13442.0,13428.0,13429.5,15,MNQZ2
2022-08-12 07:00:00+00:00,34,1,20332,13425.0,13478.5,13425.0,13470.0,58,MNQZ2
2022-08-12 08:00:00+00:00,34,1,20332,13465.0,13480.5,13458.25,13480.5,21,MNQZ2
2022-08-12 09:00:00+00:00,34,1,20332,13466.25,13484.75,13458.5,13484.75,20,MNQZ2
2022-08-12 10:00:00+00:00,34,1,20332,13469.75,13469.75,13445.25,13450.5,39,MNQZ2
2022-08-12 11:00:00+00:00,34,1,20332,13445.5,13450.25,13423.75,13442.75,100,MNQZ2
2022-08-12 12:00:00+00:00,34,1,20332,13446.5,13476.0,13439.25,13464.75,51,MNQZ2
2022-08-12 13:00:00+00:00,34,1,20332,13475.5,13512.0,13439.0,13505.5,286,MNQZ2
2022-08-12 14:00:00+00:00,34,1,20332,13490.0,13540.0,13445.0,13512.0,408,MNQZ2
2022-08-12 15:00:00+00:00,34,1,20332,13515.0,13567.75,13514.0,13539.5,219,MNQZ2
2022-08-12 16:00:00+00:00,34,1,20332,13536.5,13577.5,13536.5,13559.75,166,MNQZ2
2022-08-12 17:00:00+00:00,34,1,20332,13560.25,13592.0,13560.25,13584.0,98,MNQZ2
2022-08-12 18:00:00+00:00,34,1,20332,13584.5,13621.0,13581.75,13615.25,205,MNQZ2
2022-08-12 19:00:00+00:00,34,1,20332,13619.0,13659.75,13615.25,13654.5,238,MNQZ2
2022-08-12 20:00:00+00:00,34,1,20332,13652.0,13663.5,13642.5,13658.75,231,MNQZ2
2022-08-14 22:00:00+00:00,34,1,20332,13656.75,13656.75,13627.5,13630.0,51,MNQZ2
2022-08-14 23:00:00+00:00,34,1,20332,13638.5,13643.0,13621.25,13621.25,54,MNQZ2
2022-08-15 00:00:00+00:00,34,1,20332,13626.75,13634.5,13621.0,13628.75,58,MNQZ2
2022-08-15 01:00:00+00:00,34,1,20332,13623.0,13640.25,13610.25,13634.0,38,MNQZ2
2022-08-15 02:00:00+00:00,34,1,20332,13638.0,13638.0,13615.25,13616.5,68,MNQZ2
2022-08-15 03:00:00+00:00,34,1,20332,13617.75,13627.25,13617.5,13622.5,19,MNQZ2
2022-08-15 04:00:00+00:00,34,1,20332,13625.0,13626.0,13620.25,13625.0,15,MNQZ2
2022-08-15 05:00:00+00:00,34,1,20332,13626.0,13631.0,13620.0,13625.0,176,MNQZ2
2022-08-15 06:00:00+00:00,34,1,20332,13629.5,13635.25,13625.0,13625.0,10,MNQZ2
2022-08-15 07:00:00+00:00,34,1,20332,13618.75,13618.75,13582.25,13590.0,57,MNQZ2
2022-08-15 08:00:00+00:00,34,1,20332,13593.75,13603.5,13592.25,13597.75,16,MNQZ2
2022-08-15 09:00:00+00:00,34,1,20332,13597.75,13605.0,13577.0,13602.25,37,MNQZ2
2022-08-15 10:00:00+00:00,34,1,20332,13600.25,13627.5,13596.25,13627.5,75,MNQZ2
2022-08-15 11:00:00+00:00,34,1,20332,13628.5,13628.5,13596.0,13605.25,57,MNQZ2
2022-08-15 12:00:00+00:00,34,1,20332,13601.25,13629.0,13584.5,13585.75,45,MNQZ2
2022-08-15 13:00:00+00:00,34,1,20332,13587.5,13710.0,13587.5,13703.75,497,MNQZ2
2022-08-15 14:00:00+00:00,34,1,20332,13695.0,13695.0,13620.0,13631.75,188,MNQZ2
2022-08-15 15:00:00+00:00,34,1,20332,13631.0,13741.0,13625.0,13738.75,272,MNQZ2
2022-08-15 16:00:00+00:00,34,1,20332,13733.0,13751.25,13718.25,13746.25,225,MNQZ2
2022-08-15 17:00:00+00:00,34,1,20332,13747.25,13757.25,13725.25,13737.0,140,MNQZ2
2022-08-15 18:00:00+00:00,34,1,20332,13735.0,13764.25,13727.0,13763.0,54,MNQZ2
2022-08-15 19:00:00+00:00,34,1,20332,13760.5,13785.0,13756.0,13761.25,208,MNQZ2
2022-08-15 20:00:00+00:00,34,1,20332,13762.5,13767.25,13750.0,13759.0,27,MNQZ2
2022-08-15 22:00:00+00:00,34,1,20332,13748.25,13755.0,13748.25,13752.0,14,MNQZ2
2022-08-15 23:00:00+00:00,34,1,20332,13752.0,13761.75,13752.0,13761.75,18,MNQZ2
2022-08-16 00:00:00+00:00,34,1,20332,13761.0,13761.0,13740.0,13743.0,23,MNQZ2
2022-08-16 01:00:00+00:00,34,1,20332,13748.0,13748.0,13728.0,13739.0,62,MNQZ2
2022-08-16 02:00:00+00:00,34,1,20332,13743.0,13756.75,13743.0,13756.75,32,MNQZ2
2022-08-16 03:00:00+00:00,34,1,20332,13756.25,13756.25,13739.0,13740.25,13,MNQZ2
2022-08-16 04:00:00+00:00,34,1,20332,13746.25,13752.0,13742.25,13752.0,28,MNQZ2
2022-08-16 05:00:00+00:00,34,1,20332,13744.5,13750.5,13737.25,13750.5,17,MNQZ2
2022-08-16 06:00:00+00:00,34,1,20332,13747.5,13747.5,13730.0,13736.0,12,MNQZ2
2022-08-16 07:00:00+00:00,34,1,20332,13725.25,13734.5,13706.0,13734.5,112,MNQZ2
2022-08-16 08:00:00+00:00,34,1,20332,13732.0,13767.0,13730.0,13752.0,57,MNQZ2
2022-08-16 09:00:00+00:00,34,1,20332,13750.75,13750.75,13730.75,13733.75,31,MNQZ2
2022-08-16 10:00:00+00:00,34,1,20332,13730.0,13736.75,13722.75,13735.0,10,MNQZ2
2022-08-16 11:00:00+00:00,34,1,20332,13738.5,13756.25,13738.25,13747.0,23,MNQZ2
2022-08-16 12:00:00+00:00,34,1,20332,13742.0,13760.0,13711.5,13727.75,93,MNQZ2
2022-08-16 13:00:00+00:00,34,1,20332,13728.25,13738.5,13665.0,13693.25,347,MNQZ2
2022-08-16 14:00:00+00:00,34,1,20332,13691.5,13693.25,13605.25,13646.0,474,MNQZ2
2022-08-16 15:00:00+00:00,34,1,20332,13639.5,13760.0,13639.5,13754.75,238,MNQZ2
2022-08-16 16:00:00+00:00,34,1,20332,13755.0,13765.25,13715.5,13729.0,249,MNQZ2
2022-08-16 17:00:00+00:00,34,1,20332,13732.25,13783.5,13728.5,13783.5,149,MNQZ2
2022-08-16 18:00:00+00:00,34,1,20332,13784.0,13821.5,13661.5,13701.0,392,MNQZ2
2022-08-16 19:00:00+00:00,34,1,20332,13691.5,13767.5,13675.0,13739.75,158,MNQZ2
2022-08-16 20:00:00+00:00,34,1,20332,13728.0,13738.25,13718.75,13735.75,48,MNQZ2
2022-08-16 22:00:00+00:00,34,1,20332,13729.5,13730.0,13721.0,13728.25,18,MNQZ2
2022-08-16 23:00:00+00:00,34,1,20332,13727.75,13735.0,13722.25,13735.0,19,MNQZ2
2022-08-17 00:00:00+00:00,34,1,20332,13733.5,13750.0,13727.5,13735.0,27,MNQZ2
2022-08-17 01:00:00+00:00,34,1,20332,13734.0,13734.0,13720.0,13733.0,31,MNQZ2
2022-08-17 02:00:00+00:00,34,1,20332,13729.25,13732.25,13722.0,13723.0,19,MNQZ2
2022-08-17 03:00:00+00:00,34,1,20332,13725.5,13726.75,13723.0,13725.5,11,MNQZ2
2022-08-17 04:00:00+00:00,34,1,20332,13730.5,13734.5,13730.5,13733.5,10,MNQZ2
2022-08-17 05:00:00+00:00,34,1,20332,13740.0,13752.0,13738.75,13752.0,33,MNQZ2
2022-08-17 06:00:00+00:00,34,1,20332,13747.75,13748.0,13710.0,13715.5,55,MNQZ2
2022-08-17 07:00:00+00:00,34,1,20332,13712.75,13718.0,13685.25,13685.25,53,MNQZ2
2022-08-17 08:00:00+00:00,34,1,20332,13678.25,13691.0,13658.0,13663.0,39,MNQZ2
2022-08-17 09:00:00+00:00,34,1,20332,13661.25,13677.75,13645.0,13645.25,46,MNQZ2
2022-08-17 10:00:00+00:00,34,1,20332,13645.25,13649.5,13620.0,13625.0,43,MNQZ2
2022-08-17 11:00:00+00:00,34,1,20332,13640.0,13640.0,13597.0,13606.5,147,MNQZ2
2022-08-17 12:00:00+00:00,34,1,20332,13609.25,13633.0,13588.5,13605.25,177,MNQZ2
2022-08-17 13:00:00+00:00,34,1,20332,13602.5,13644.0,13566.25,13623.5,340,MNQZ2
2022-08-17 14:00:00+00:00,34,1,20332,13613.0,13638.75,13505.25,13510.25,297,MNQZ2
2022-08-17 15:00:00+00:00,34,1,20332,13520.75,13557.25,13489.25,13506.75,248,MNQZ2
2022-08-17 16:00:00+00:00,34,1,20332,13512.25,13575.0,13508.25,13558.0,118,MNQZ2
2022-08-17 17:00:00+00:00,34,1,20332,13551.0,13589.75,13539.0,13567.25,56,MNQZ2
2022-08-17 18:00:00+00:00,34,1,20332,13585.0,13692.25,13580.0,13638.5,327,MNQZ2
2022-08-17 19:00:00+00:00,34,1,20332,13641.25,13652.0,13560.0,13577.5,91,MNQZ2
2022-08-17 20:00:00+00:00,34,1,20332,13573.25,13594.0,13568.5,13594.0,34,MNQZ2
2022-08-17 22:00:00+00:00,34,1,20332,13578.75,13578.75,13554.75,13554.75,17,MNQZ2
2022-08-17 23:00:00+00:00,34,1,20332,13546.0,13546.0,13528.0,13530.5,28,MNQZ2
2022-08-18 00:00:00+00:00,34,1,20332,13536.0,13541.25,13521.25,13537.5,36,MNQZ2
2022-08-18 01:00:00+00:00,34,1,20332,13548.75,13559.25,13539.25,13543.75,39,MNQZ2
2022-08-18 02:00:00+00:00,34,1,20332,13549.5,13559.5,13547.25,13555.5,24,MNQZ2
2022-08-18 03:00:00+00:00,34,1,20332,13553.75,13560.0,13549.0,13553.75,10,MNQZ2
2022-08-18 04:00:00+00:00,34,1,20332,13551.25,13556.0,13549.75,13556.0,18,MNQZ2
2022-08-18 05:00:00+00:00,34,1,20332,13558.75,13558.75,13537.5,13537.5,6,MNQZ2
2022-08-18 06:00:00+00:00,34,1,20332,13525.0,13542.25,13498.25,13506.5,58,MNQZ2
2022-08-18 07:00:00+00:00,34,1,20332,13498.5,13537.5,13495.0,13527.75,72,MNQZ2
2022-08-18 08:00:00+00:00,34,1,20332,13536.25,13549.75,13525.25,13549.75,22,MNQZ2
2022-08-18 09:00:00+00:00,34,1,20332,13559.75,13599.5,13553.75,13592.25,56,MNQZ2
2022-08-18 10:00:00+00:00,34,1,20332,13599.0,13609.5,13578.25,13578.5,52,MNQZ2
2022-08-18 11:00:00+00:00,34,1,20332,13578.0,13612.75,13574.75,13612.75,37,MNQZ2
2022-08-18 12:00:00+00:00,34,1,20332,13612.25,13637.75,13580.75,13589.0,237,MNQZ2
2022-08-18 13:00:00+00:00,34,1,20332,13600.5,13601.0,13521.25,13525.0,220,MNQZ2
2022-08-18 14:00:00+00:00,34,1,20332,13527.0,13608.5,13510.0,13583.25,247,MNQZ2
2022-08-18 15:00:00+00:00,34,1,20332,13592.25,13654.75,13573.0,13643.5,239,MNQZ2
2022-08-18 16:00:00+00:00,34,1,20332,13640.0,13645.5,13563.25,13588.5,111,MNQZ2
2022-08-18 17:00:00+00:00,34,1,20332,13587.25,13640.0,13584.5,13624.75,62,MNQZ2
2022-08-18 18:00:00+00:00,34,1,20332,13609.25,13633.0,13600.0,13625.0,29,MNQZ2
2022-08-18 19:00:00+00:00,34,1,20332,13629.25,13651.25,13595.25,13597.75,70,MNQZ2
2022-08-18 20:00:00+00:00,34,1,20332,13609.0,13620.0,13605.5,13618.5,28,MNQZ2
2022-08-18 22:00:00+00:00,34,1,20332,13615.0,13615.0,13605.0,13605.0,16,MNQZ2
2022-08-18 23:00:00+00:00,34,1,20332,13606.5,13606.5,13600.0,13603.5,12,MNQZ2
2022-08-19 00:00:00+00:00,34,1,20332,13596.0,13596.0,13577.0,13583.75,44,MNQZ2
2022-08-19 01:00:00+00:00,34,1,20332,13588.5,13590.0,13569.75,13589.0,29,MNQZ2
2022-08-19 02:00:00+00:00,34,1,20332,13591.25,13600.0,13584.75,13600.0,28,MNQZ2
2022-08-19 03:00:00+00:00,34,1,20332,13600.5,13600.5,13580.0,13580.0,26,MNQZ2
2022-08-19 04:00:00+00:00,34,1,20332,13576.5,13576.5,13571.0,13573.75,9,MNQZ2
2022-08-19 05:00:00+00:00,34,1,20332,13575.5,13575.5,13550.0,13565.0,44,MNQZ2
2022-08-19 06:00:00+00:00,34,1,20332,13559.0,13559.0,13510.25,13511.0,92,MNQZ2
2022-08-19 07:00:00+00:00,34,1,20332,13510.0,13535.0,13510.0,13525.25,45,MNQZ2
2022-08-19 08:00:00+00:00,34,1,20332,13518.25,13518.25,13451.0,13477.75,164,MNQZ2
2022-08-19 09:00:00+00:00,34,1,20332,13470.75,13500.0,13470.25,13474.75,41,MNQZ2
2022-08-19 10:00:00+00:00,34,1,20332,13476.0,13480.0,13438.5,13458.75,99,MNQZ2
2022-08-19 11:00:00+00:00,34,1,20332,13444.75,13470.5,13444.75,13454.0,58,MNQZ2
2022-08-19 12:00:00+00:00,34,1,20332,13466.75,13479.25,13444.75,13461.5,62,MNQZ2
2022-08-19 13:00:00+00:00,34,1,20332,13470.0,13505.0,13382.5,13385.5,341,MNQZ2
2022-08-19 14:00:00+00:00,34,1,20332,13382.0,13405.25,13344.5,13344.75,265,MNQZ2
2022-08-19 15:00:00+00:00,34,1,20332,13349.75,13375.5,13325.75,13346.5,247,MNQZ2
2022-08-19 16:00:00+00:00,34,1,20332,13346.0,13390.0,13337.5,13381.0,82,MNQZ2
2022-08-19 17:00:00+00:00,34,1,20332,13372.5,13380.25,13310.0,13355.0,72,MNQZ2
2022-08-19 18:00:00+00:00,34,1,20332,13354.25,13354.25,13327.0,13329.0,76,MNQZ2
2022-08-19 19:00:00+00:00,34,1,20332,13321.5,13366.25,13307.0,13351.5,88,MNQZ2
2022-08-19 20:00:00+00:00,34,1,20332,13346.0,13346.0,13321.25,13330.0,62,MNQZ2
2022-08-21 22:00:00+00:00,34,1,20332,13312.0,13312.0,13258.0,13273.0,190,MNQZ2
2022-08-21 23:00:00+00:00,34,1,20332,13276.0,13287.5,13256.0,13265.0,88,MNQZ2
2022-08-22 00:00:00+00:00,34,1,20332,13263.5,13274.5,13259.5,13264.0,74,MNQZ2
2022-08-22 01:00:00+00:00,34,1,20332,13267.25,13281.25,13262.5,13275.0,75,MNQZ2
2022-08-22 02:00:00+00:00,34,1,20332,13275.5,13296.0,13272.75,13296.0,46,MNQZ2
2022-08-22 03:00:00+00:00,34,1,20332,13295.0,13295.0,13282.0,13283.75,27,MNQZ2
2022-08-22 04:00:00+00:00,34,1,20332,13283.25,13283.25,13267.25,13272.5,37,MNQZ2
2022-08-22 05:00:00+00:00,34,1,20332,13266.25,13273.75,13255.0,13265.75,42,MNQZ2
2022-08-22 06:00:00+00:00,34,1,20332,13257.0,13257.0,13231.0,13243.75,79,MNQZ2
2022-08-22 07:00:00+00:00,34,1,20332,13239.0,13266.5,13170.0,13183.75,143,MNQZ2
2022-08-22 08:00:00+00:00,34,1,20332,13185.0,13185.0,13130.25,13147.0,131,MNQZ2
2022-08-22 09:00:00+00:00,34,1,20332,13141.25,13150.0,13125.75,13149.75,109,MNQZ2
2022-08-22 10:00:00+00:00,34,1,20332,13150.0,13169.5,13142.75,13153.0,89,MNQZ2
2022-08-22 11:00:00+00:00,34,1,20332,13161.75,13163.25,13132.25,13147.5,77,MNQZ2
2022-08-22 12:00:00+00:00,34,1,20332,13140.25,13153.25,13129.5,13144.0,85,MNQZ2
2022-08-22 13:00:00+00:00,34,1,20332,13139.75,13169.5,13085.25,13109.0,463,MNQZ2
2022-08-22 14:00:00+00:00,34,1,20332,13103.5,13108.75,13030.0,13030.0,374,MNQZ2
2022-08-22 15:00:00+00:00,34,1,20332,13028.0,13074.25,13021.25,13065.0,253,MNQZ2
2022-08-22 16:00:00+00:00,34,1,20332,13064.75,13074.5,13038.0,13050.75,130,MNQZ2
2022-08-22 17:00:00+00:00,34,1,20332,13045.25,13045.25,12998.75,13002.0,217,MNQZ2
2022-08-22 18:00:00+00:00,34,1,20332,13000.0,13014.5,12968.25,12981.5,154,MNQZ2
2022-08-22 19:00:00+00:00,34,1,20332,12988.0,13005.5,12953.25,12995.0,147,MNQZ2
2022-08-22 20:00:00+00:00,34,1,20332,12987.25,13013.75,12987.25,13010.5,179,MNQZ2
2022-08-22 22:00:00+00:00,34,1,20332,13005.0,13020.0,13001.0,13016.5,32,MNQZ2
2022-08-22 23:00:00+00:00,34,1,20332,13015.0,13031.25,13013.75,13030.75,154,MNQZ2
2022-08-23 00:00:00+00:00,34,1,20332,13031.0,13033.0,13002.25,13004.5,122,MNQZ2
2022-08-23 01:00:00+00:00,34,1,20332,13005.0,13019.5,12998.0,12998.0,69,MNQZ2
2022-08-23 02:00:00+00:00,34,1,20332,13007.25,13024.0,13004.25,13018.0,76,MNQZ2
2022-08-23 03:00:00+00:00,34,1,20332,13019.5,13020.0,13011.0,13011.0,25,MNQZ2
2022-08-23 04:00:00+00:00,34,1,20332,13010.75,13011.5,12992.5,12992.5,44,MNQZ2
2022-08-23 05:00:00+00:00,34,1,20332,12995.25,12996.5,12954.0,12976.5,115,MNQZ2
2022-08-23 06:00:00+00:00,34,1,20332,12975.0,12982.0,12900.0,12927.5,319,MNQZ2
2022-08-23 07:00:00+00:00,34,1,20332,12928.75,13015.0,12928.75,13013.75,287,MNQZ2
2022-08-23 08:00:00+00:00,34,1,20332,13013.25,13041.5,13008.0,13015.5,134,MNQZ2
2022-08-23 09:00:00+00:00,34,1,20332,13012.75,13028.0,12997.5,13028.0,94,MNQZ2
2022-08-23 10:00:00+00:00,34,1,20332,13024.5,13024.5,12986.0,13000.0,89,MNQZ2
2022-08-23 11:00:00+00:00,34,1,20332,13000.75,13020.0,12989.0,13016.5,67,MNQZ2
2022-08-23 12:00:00+00:00,34,1,20332,13016.0,13024.75,12977.0,12978.75,149,MNQZ2
2022-08-23 13:00:00+00:00,34,1,20332,12975.75,13060.0,12945.0,13025.0,570,MNQZ2
2022-08-23 14:00:00+00:00,34,1,20332,13017.5,13093.5,12973.0,12973.0,590,MNQZ2
2022-08-23 15:00:00+00:00,34,1,20332,12977.75,13019.75,12955.0,13000.25,297,MNQZ2
2022-08-23 16:00:00+00:00,34,1,20332,12988.25,13013.25,12957.0,13011.0,116,MNQZ2
2022-08-23 17:00:00+00:00,34,1,20332,13011.0,13035.5,12976.75,12996.5,144,MNQZ2
2022-08-23 18:00:00+00:00,34,1,20332,12993.5,13028.0,12986.0,12992.5,79,MNQZ2
2022-08-23 19:00:00+00:00,34,1,20332,13013.5,13028.0,12956.75,12983.25,146,MNQZ2
2022-08-23 20:00:00+00:00,34,1,20332,12974.25,12980.5,12960.0,12960.0,80,MNQZ2
2022-08-23 22:00:00+00:00,34,1,20332,12965.0,12981.0,12965.0,12974.0,45,MNQZ2
2022-08-23 23:00:00+00:00,34,1,20332,12976.0,12983.5,12964.75,12968.25,23,MNQZ2
2022-08-24 00:00:00+00:00,34,1,20332,12977.5,12977.5,12959.75,12962.0,22,MNQZ2
2022-08-24 01:00:00+00:00,34,1,20332,12958.0,12959.0,12918.5,12930.0,62,MNQZ2
2022-08-24 02:00:00+00:00,34,1,20332,12930.0,12930.0,12907.75,12912.25,74,MNQZ2
2022-08-24 03:00:00+00:00,34,1,20332,12914.25,12922.0,12911.25,12920.75,35,MNQZ2
2022-08-24 04:00:00+00:00,34,1,20332,12916.5,12949.75,12907.5,12947.75,62,MNQZ2
2022-08-24 05:00:00+00:00,34,1,20332,12948.0,12962.5,12943.0,12951.25,42,MNQZ2
2022-08-24 06:00:00+00:00,34,1,20332,12958.0,12974.75,12936.25,12956.75,89,MNQZ2
2022-08-24 07:00:00+00:00,34,1,20332,12957.75,12980.25,12902.0,12930.0,123,MNQZ2
2022-08-24 08:00:00+00:00,34,1,20332,12935.75,12994.75,12935.75,12985.0,84,MNQZ2
2022-08-24 09:00:00+00:00,34,1,20332,12987.25,12991.75,12960.5,12960.5,42,MNQZ2
2022-08-24 10:00:00+00:00,34,1,20332,12960.25,12971.5,12950.0,12950.0,53,MNQZ2
2022-08-24 11:00:00+00:00,34,1,20332,12948.5,13002.25,12948.5,12998.5,90,MNQZ2
2022-08-24 12:00:00+00:00,34,1,20332,13003.5,13015.0,12969.0,12982.0,144,MNQZ2
2022-08-24 13:00:00+00:00,34,1,20332,12980.25,12988.75,12934.25,12985.0,168,MNQZ2
2022-08-24 14:00:00+00:00,34,1,20332,12981.75,13028.25,12958.0,13012.75,271,MNQZ2
2022-08-24 15:00:00+00:00,34,1,20332,13014.75,13079.0,13004.0,13068.75,326,MNQZ2
2022-08-24 16:00:00+00:00,34,1,20332,13071.25,13086.0,13007.75,13023.0,205,MNQZ2
2022-08-24 17:00:00+00:00,34,1,20332,13020.0,13032.5,12985.75,13009.25,104,MNQZ2
2022-08-24 18:00:00+00:00,34,1,20332,13012.75,13026.0,12995.0,13019.0,44,MNQZ2
2022-08-24 19:00:00+00:00,34,1,20332,13020.5,13045.75,13007.75,13008.0,98,MNQZ2
2022-08-24 20:00:00+00:00,34,1,20332,13008.0,13035.0,13007.75,13029.75,36,MNQZ2
2022-08-24 22:00:00+00:00,34,1,20332,13024.75,13026.0,13015.5,13015.5,20,MNQZ2
2022-08-24 23:00:00+00:00,34,1,20332,13016.0,13021.5,13004.0,13005.5,20,MNQZ2
2022-08-25 00:00:00+00:00,34,1,20332,13005.5,13040.5,13002.5,13039.5,63,MNQZ2
2022-08-25 01:00:00+00:00,34,1,20332,13040.25,13054.75,13037.5,13050.25,87,MNQZ2
2022-08-25 02:00:00+00:00,34,1,20332,13050.25,13052.25,13044.0,13046.5,21,MNQZ2
2022-08-25 03:00:00+00:00,34,1,20332,13047.5,13051.5,13035.75,13039.0,37,MNQZ2
2022-08-25 04:00:00+00:00,34,1,20332,13042.0,13060.0,13042.0,13059.25,18,MNQZ2
2022-08-25 05:00:00+00:00,34,1,20332,13061.5,13067.75,13051.0,13055.0,37,MNQZ2
2022-08-25 06:00:00+00:00,34,1,20332,13057.25,13160.0,13051.75,13142.25,208,MNQZ2
2022-08-25 07:00:00+00:00,34,1,20332,13145.75,13148.25,13130.0,13146.0,136,MNQZ2
2022-08-25 08:00:00+00:00,34,1,20332,13150.0,13156.5,13123.5,13137.0,79,MNQZ2
2022-08-25 09:00:00+00:00,34,1,20332,13137.0,13137.0,13069.25,13080.0,71,MNQZ2
2022-08-25 10:00:00+00:00,34,1,20332,13079.0,13107.0,13074.75,13102.5,53,MNQZ2
2022-08-25 11:00:00+00:00,34,1,20332,13100.25,13120.25,13094.75,13098.0,114,MNQZ2
2022-08-25 12:00:00+00:00,34,1,20332,13109.5,13109.5,13063.25,13081.75,106,MNQZ2
2022-08-25 13:00:00+00:00,34,1,20332,13085.0,13122.75,13035.25,13116.25,276,MNQZ2
2022-08-25 14:00:00+00:00,34,1,20332,13125.25,13193.0,13120.0,13151.0,642,MNQZ2
2022-08-25 15:00:00+00:00,34,1,20332,13155.0,13159.5,13077.5,13123.5,382,MNQZ2
2022-08-25 16:00:00+00:00,34,1,20332,13121.0,13130.0,13075.0,13104.0,138,MNQZ2
2022-08-25 17:00:00+00:00,34,1,20332,13109.75,13170.75,13101.75,13159.75,154,MNQZ2
2022-08-25 18:00:00+00:00,34,1,20332,13161.25,13165.0,13119.75,13143.75,79,MNQZ2
2022-08-25 19:00:00+00:00,34,1,20332,13145.0,13236.5,13133.5,13236.5,248,MNQZ2
2022-08-25 20:00:00+00:00,34,1,20332,13237.0,13237.0,13217.5,13220.0,72,MNQZ2
2022-08-25 22:00:00+00:00,34,1,20332,13241.75,13241.75,13214.25,13215.75,60,MNQZ2
2022-08-25 23:00:00+00:00,34,1,20332,13226.0,13237.0,13224.5,13224.5,76,MNQZ2
2022-08-26 00:00:00+00:00,34,1,20332,13222.5,13228.0,13207.25,13228.0,52,MNQZ2
2022-08-26 01:00:00+00:00,34,1,20332,13227.0,13231.0,13216.0,13228.0,41,MNQZ2
2022-08-26 02:00:00+00:00,34,1,20332,13226.25,13227.25,13218.5,13223.0,33,MNQZ2
2022-08-26 03:00:00+00:00,34,1,20332,13223.25,13235.75,13223.25,13229.0,36,MNQZ2
2022-08-26 04:00:00+00:00,34,1,20332,13227.5,13227.5,13216.5,13224.25,31,MNQZ2
2022-08-26 05:00:00+00:00,34,1,20332,13214.0,13222.5,13196.25,13196.5,87,MNQZ2
2022-08-26 06:00:00+00:00,34,1,20332,13196.75,13205.0,13190.0,13204.75,42,MNQZ2
2022-08-26 07:00:00+00:00,34,1,20332,13207.25,13218.5,13182.75,13187.25,93,MNQZ2
2022-08-26 08:00:00+00:00,34,1,20332,13183.75,13190.75,13165.0,13175.0,94,MNQZ2
2022-08-26 09:00:00+00:00,34,1,20332,13173.5,13175.5,13156.0,13161.5,83,MNQZ2
2022-08-26 10:00:00+00:00,34,1,20332,13160.5,13174.5,13157.0,13165.0,37,MNQZ2
2022-08-26 11:00:00+00:00,34,1,20332,13170.0,13193.25,13146.25,13187.5,72,MNQZ2
2022-08-26 12:00:00+00:00,34,1,20332,13190.75,13240.5,13175.75,13235.0,259,MNQZ2
2022-08-26 13:00:00+00:00,34,1,20332,13234.75,13295.0,13161.25,13200.25,704,MNQZ2
2022-08-26 14:00:00+00:00,34,1,20332,13187.75,13274.0,12946.0,12979.75,1632,MNQZ2
2022-08-26 15:00:00+00:00,34,1,20332,12964.0,12964.0,12853.0,12897.25,682,MNQZ2
2022-08-26 16:00:00+00:00,34,1,20332,12875.0,12885.75,12837.0,12885.75,281,MNQZ2
2022-08-26 17:00:00+00:00,34,1,20332,12881.75,12895.75,12813.0,12814.5,445,MNQZ2
2022-08-26 18:00:00+00:00,34,1,20332,12821.75,12825.5,12777.0,12777.0,312,MNQZ2
2022-08-26 19:00:00+00:00,34,1,20332,12788.0,12805.75,12693.25,12693.25,476,MNQZ2
2022-08-26 20:00:00+00:00,34,1,20332,12695.25,12701.75,12632.0,12632.5,399,MNQZ2
2022-08-28 22:00:00+00:00,34,1,20332,12593.0,12593.0,12532.5,12566.0,485,MNQZ2
2022-08-28 23:00:00+00:00,34,1,20332,12564.5,12568.5,12488.75,12490.0,314,MNQZ2
2022-08-29 00:00:00+00:00,34,1,20332,12495.75,12525.5,12483.0,12490.0,249,MNQZ2
2022-08-29 01:00:00+00:00,34,1,20332,12489.75,12518.5,12481.5,12518.5,206,MNQZ2
2022-08-29 02:00:00+00:00,34,1,20332,12518.0,12560.75,12511.75,12538.75,224,MNQZ2
2022-08-29 03:00:00+00:00,34,1,20332,12543.0,12556.75,12534.25,12556.75,78,MNQZ2
2022-08-29 04:00:00+00:00,34,1,20332,12559.0,12567.0,12532.75,12543.5,48,MNQZ2
2022-08-29 05:00:00+00:00,34,1,20332,12550.75,12550.75,12512.25,12512.25,74,MNQZ2
2022-08-29 06:00:00+00:00,34,1,20332,12523.75,12570.0,12521.5,12568.25,173,MNQZ2
2022-08-29 07:00:00+00:00,34,1,20332,12570.0,12604.0,12520.0,12573.25,212,MNQZ2
2022-08-29 08:00:00+00:00,34,1,20332,12582.5,12584.0,12532.75,12532.75,129,MNQZ2
2022-08-29 09:00:00+00:00,34,1,20332,12531.75,12556.25,12522.0,12555.25,74,MNQZ2
2022-08-29 10:00:00+00:00,34,1,20332,12554.75,12571.0,12549.75,12557.0,45,MNQZ2
2022-08-29 11:00:00+00:00,34,1,20332,12548.0,12552.0,12530.0,12548.0,53,MNQZ2
2022-08-29 12:00:00+00:00,34,1,20332,12553.0,12592.0,12536.5,12569.25,164,MNQZ2
2022-08-29 13:00:00+00:00,34,1,20332,12566.0,12678.75,12551.0,12609.5,578,MNQZ2
2022-08-29 14:00:00+00:00,34,1,20332,12611.75,12686.0,12533.25,12540.0,758,MNQZ2
2022-08-29 15:00:00+00:00,34,1,20332,12537.25,12597.75,12525.25,12586.75,366,MNQZ2
2022-08-29 16:00:00+00:00,34,1,20332,12589.75,12662.5,12576.5,12639.5,220,MNQZ2
2022-08-29 17:00:00+00:00,34,1,20332,12645.0,12680.0,12613.0,12647.75,222,MNQZ2
2022-08-29 18:00:00+00:00,34,1,20332,12647.75,12649.5,12599.25,12630.5,130,MNQZ2
2022-08-29 19:00:00+00:00,34,1,20332,12631.5,12668.75,12560.0,12560.0,177,MNQZ2
2022-08-29 20:00:00+00:00,34,1,20332,12567.5,12585.5,12556.5,12585.5,98,MNQZ2
2022-08-29 22:00:00+00:00,34,1,20332,12586.0,12586.0,12568.25,12572.25,18,MNQZ2
2022-08-29 23:00:00+00:00,34,1,20332,12565.0,12610.0,12565.0,12601.5,44,MNQZ2
2022-08-30 00:00:00+00:00,34,1,20332,12609.25,12610.0,12560.0,12579.5,85,MNQZ2
2022-08-30 01:00:00+00:00,34,1,20332,12599.5,12602.0,12570.0,12574.75,111,MNQZ2
2022-08-30 02:00:00+00:00,34,1,20332,12573.25,12584.75,12560.0,12579.0,54,MNQZ2
2022-08-30 03:00:00+00:00,34,1,20332,12581.75,12601.25,12572.75,12601.25,44,MNQZ2
2022-08-30 04:00:00+00:00,34,1,20332,12598.5,12639.75,12598.5,12624.5,90,MNQZ2
2022-08-30 05:00:00+00:00,34,1,20332,12612.75,12625.0,12602.75,12614.75,22,MNQZ2
2022-08-30 06:00:00+00:00,34,1,20332,12618.25,12630.0,12605.0,12623.0,43,MNQZ2
2022-08-30 07:00:00+00:00,34,1,20332,12615.0,12691.75,12615.0,12670.0,169,MNQZ2
2022-08-30 08:00:00+00:00,34,1,20332,12680.0,12730.5,12677.75,12706.0,238,MNQZ2
2022-08-30 09:00:00+00:00,34,1,20332,12709.0,12720.75,12685.25,12708.25,327,MNQZ2
2022-08-30 10:00:00+00:00,34,1,20332,12708.25,12726.0,12701.75,12706.25,56,MNQZ2
2022-08-30 11:00:00+00:00,34,1,20332,12702.5,12709.0,12675.0,12679.25,129,MNQZ2
2022-08-30 12:00:00+00:00,34,1,20332,12682.25,12700.0,12635.75,12640.25,344,MNQZ2
2022-08-30 13:00:00+00:00,34,1,20332,12637.5,12654.0,12545.0,12545.0,488,MNQZ2
2022-08-30 14:00:00+00:00,34,1,20332,12540.0,12569.5,12345.0,12422.25,1354,MNQZ2
2022-08-30 15:00:00+00:00,34,1,20332,12413.0,12453.5,12381.75,12420.0,670,MNQZ2
2022-08-30 16:00:00+00:00,34,1,20332,12421.0,12470.0,12366.25,12388.25,235,MNQZ2
2022-08-30 17:00:00+00:00,34,1,20332,12385.5,12403.0,12321.5,12376.75,322,MNQZ2
2022-08-30 18:00:00+00:00,34,1,20332,12370.75,12392.75,12354.5,12376.5,101,MNQZ2
2022-08-30 19:00:00+00:00,34,1,20332,12379.0,12457.75,12374.75,12426.75,366,MNQZ2
2022-08-30 20:00:00+00:00,34,1,20332,12436.0,12454.0,12423.25,12436.5,176,MNQZ2
2022-08-30 22:00:00+00:00,34,1,20332,12429.0,12443.0,12423.75,12441.0,48,MNQZ2
2022-08-30 23:00:00+00:00,34,1,20332,12442.5,12445.0,12420.0,12437.0,48,MNQZ2
2022-08-31 00:00:00+00:00,34,1,20332,12444.0,12486.75,12436.25,12479.5,121,MNQZ2
2022-08-31 01:00:00+00:00,34,1,20332,12479.75,12500.0,12472.0,12480.0,248,MNQZ2
2022-08-31 02:00:00+00:00,34,1,20332,12489.0,12503.0,12481.25,12493.0,81,MNQZ2
2022-08-31 03:00:00+00:00,34,1,20332,12489.0,12526.5,12486.5,12509.75,164,MNQZ2
2022-08-31 04:00:00+00:00,34,1,20332,12511.75,12550.0,12504.75,12525.5,91,MNQZ2
2022-08-31 05:00:00+00:00,34,1,20332,12525.0,12545.5,12507.25,12521.0,117,MNQZ2
2022-08-31 06:00:00+00:00,34,1,20332,12527.25,12537.25,12500.5,12512.0,103,MNQZ2
2022-08-31 07:00:00+00:00,34,1,20332,12520.0,12521.0,12460.5,12475.25,233,MNQZ2
2022-08-31 08:00:00+00:00,34,1,20332,12469.25,12491.75,12439.5,12464.75,218,MNQZ2
2022-08-31 09:00:00+00:00,34,1,20332,12462.75,12465.75,12435.0,12453.0,168,MNQZ2
2022-08-31 10:00:00+00:00,34,1,20332,12462.0,12543.0,12448.5,12518.25,195,MNQZ2
2022-08-31 11:00:00+00:00,34,1,20332,12523.0,12527.75,12485.0,12509.5,231,MNQZ2
2022-08-31 12:00:00+00:00,34,1,20332,12510.5,12547.0,12499.75,12529.5,308,MNQZ2
2022-08-31 13:00:00+00:00,34,1,20332,12531.0,12585.25,12465.25,12532.75,776,MNQZ2
2022-08-31 14:00:00+00:00,34,1,20332,12531.0,12540.0,12427.0,12428.0,730,MNQZ2
2022-08-31 15:00:00+00:00,34,1,20332,12433.0,12474.5,12376.5,12465.5,866,MNQZ2
2022-08-31 16:00:00+00:00,34,1,20332,12465.25,12470.75,12405.25,12419.25,173,MNQZ2
2022-08-31 17:00:00+00:00,34,1,20332,12419.75,12438.5,12360.0,12391.5,326,MNQZ2
2022-08-31 18:00:00+00:00,34,1,20332,12390.25,12415.75,12350.25,12365.0,253,MNQZ2
2022-08-31 19:00:00+00:00,34,1,20332,12369.75,12460.0,12357.0,12359.0,484,MNQZ2
2022-08-31 20:00:00+00:00,34,1,20332,12354.25,12385.75,12354.25,12379.0,183,MNQZ2
2022-08-31 22:00:00+00:00,34,1,20332,12350.0,12366.25,12282.25,12300.75,375,MNQZ2
2022-08-31 23:00:00+00:00,34,1,20332,12299.75,12299.75,12225.25,12255.0,340,MNQZ2
2022-09-01 00:00:00+00:00,34,1,20332,12248.5,12259.5,12200.0,12220.75,290,MNQZ2
2022-09-01 01:00:00+00:00,34,1,20332,12225.25,12253.5,12222.5,12253.5,121,MNQZ2
2022-09-01 02:00:00+00:00,34,1,20332,12251.75,12261.5,12239.0,12239.0,107,MNQZ2
2022-09-01 03:00:00+00:00,34,1,20332,12245.25,12246.5,12210.5,12213.25,133,MNQZ2
2022-09-01 04:00:00+00:00,34,1,20332,12213.25,12239.5,12211.5,12238.0,77,MNQZ2
2022-09-01 05:00:00+00:00,34,1,20332,12229.75,12243.5,12220.25,12230.25,67,MNQZ2
2022-09-01 06:00:00+00:00,34,1,20332,12225.0,12244.0,12188.0,12227.0,232,MNQZ2
2022-09-01 07:00:00+00:00,34,1,20332,12227.0,12260.0,12208.25,12234.25,175,MNQZ2
2022-09-01 08:00:00+00:00,34,1,20332,12237.0,12244.25,12200.0,12210.75,119,MNQZ2
2022-09-01 09:00:00+00:00,34,1,20332,12213.25,12236.25,12191.0,12231.25,124,MNQZ2
2022-09-01 10:00:00+00:00,34,1,20332,12229.75,12244.0,12220.75,12243.75,64,MNQZ2
2022-09-01 11:00:00+00:00,34,1,20332,12243.0,12310.0,12243.0,12282.0,282,MNQZ2
2022-09-01 12:00:00+00:00,34,1,20332,12285.0,12293.0,12233.75,12254.25,262,MNQZ2
2022-09-01 13:00:00+00:00,34,1,20332,12247.75,12296.25,12213.5,12274.75,876,MNQZ2
2022-09-01 14:00:00+00:00,34,1,20332,12279.75,12288.0,12128.75,12130.0,1306,MNQZ2
2022-09-01 15:00:00+00:00,34,1,20332,12125.0,12171.0,12098.0,12109.0,1064,MNQZ2
2022-09-01 16:00:00+00:00,34,1,20332,12112.75,12152.75,12091.75,12111.5,444,MNQZ2
2022-09-01 17:00:00+00:00,34,1,20332,12113.0,12199.0,12106.75,12157.0,604,MNQZ2
2022-09-01 18:00:00+00:00,34,1,20332,12162.0,12294.0,12148.0,12256.25,764,MNQZ2
2022-09-01 19:00:00+00:00,34,1,20332,12256.25,12372.0,12256.25,12364.5,774,MNQZ2
2022-09-01 20:00:00+00:00,34,1,20332,12358.75,12373.0,12332.5,12367.5,263,MNQZ2
2022-09-01 22:00:00+00:00,34,1,20332,12366.25,12392.75,12354.5,12367.75,247,MNQZ2
2022-09-01 23:00:00+00:00,34,1,20332,12367.25,12370.75,12350.5,12370.5,119,MNQZ2
2022-09-02 00:00:00+00:00,34,1,20332,12369.25,12380.25,12355.0,12365.5,99,MNQZ2
2022-09-02 01:00:00+00:00,34,1,20332,12369.75,12374.25,12357.0,12365.5,81,MNQZ2
2022-09-02 02:00:00+00:00,34,1,20332,12363.0,12363.0,12331.5,12346.5,105,MNQZ2
2022-09-02 03:00:00+00:00,34,1,20332,12344.5,12357.25,12344.5,12349.5,63,MNQZ2
2022-09-02 04:00:00+00:00,34,1,20332,12350.25,12386.5,12350.25,12375.0,147,MNQZ2
2022-09-02 05:00:00+00:00,34,1,20332,12374.5,12381.5,12334.0,12340.0,81,MNQZ2
2022-09-02 06:00:00+00:00,34,1,20332,12333.5,12388.0,12319.0,12387.5,146,MNQZ2
2022-09-02 07:00:00+00:00,34,1,20332,12387.5,12387.5,12332.5,12351.0,99,MNQZ2
2022-09-02 08:00:00+00:00,34,1,20332,12348.5,12385.0,12348.5,12382.0,102,MNQZ2
2022-09-02 09:00:00+00:00,34,1,20332,12374.0,12374.0,12350.0,12363.75,70,MNQZ2
2022-09-02 10:00:00+00:00,34,1,20332,12358.5,12358.5,12316.25,12336.75,84,MNQZ2
2022-09-02 11:00:00+00:00,34,1,20332,12333.75,12360.0,12317.25,12349.25,132,MNQZ2
2022-09-02 12:00:00+00:00,34,1,20332,12349.0,12477.0,12340.5,12432.25,904,MNQZ2
2022-09-02 13:00:00+00:00,34,1,20332,12439.75,12494.25,12366.25,12384.0,1015,MNQZ2
2022-09-02 14:00:00+00:00,34,1,20332,12385.75,12535.0,12349.0,12468.75,1491,MNQZ2
2022-09-02 15:00:00+00:00,34,1,20332,12474.0,12506.0,12457.5,12486.0,625,MNQZ2
2022-09-02 16:00:00+00:00,34,1,20332,12495.0,12495.0,12272.5,12309.5,990,MNQZ2
2022-09-02 17:00:00+00:00,34,1,20332,12301.75,12301.75,12157.0,12157.0,1346,MNQZ2
2022-09-02 18:00:00+00:00,34,1,20332,12161.25,12225.0,12154.0,12178.5,650,MNQZ2
2022-09-02 19:00:00+00:00,34,1,20332,12175.5,12231.75,12112.25,12181.0,895,MNQZ2
2022-09-02 20:00:00+00:00,34,1,20332,12188.0,12208.0,12179.5,12200.0,265,MNQZ2
2022-09-04 22:00:00+00:00,34,1,20332,12188.5,12200.0,12126.75,12139.75,410,MNQZ2
2022-09-04 23:00:00+00:00,34,1,20332,12138.25,12200.5,12138.25,12194.5,195,MNQZ2
2022-09-05 00:00:00+00:00,34,1,20332,12195.25,12220.5,12158.0,12183.5,232,MNQZ2
2022-09-05 01:00:00+00:00,34,1,20332,12186.0,12206.0,12168.0,12180.0,138,MNQZ2
2022-09-05 02:00:00+00:00,34,1,20332,12179.5,12189.75,12160.0,12174.25,96,MNQZ2
2022-09-05 03:00:00+00:00,34,1,20332,12169.0,12198.0,12165.0,12192.25,64,MNQZ2
2022-09-05 04:00:00+00:00,34,1,20332,12190.0,12200.0,12180.25,12191.25,48,MNQZ2
2022-09-05 05:00:00+00:00,34,1,20332,12175.5,12176.0,12152.0,12158.0,66,MNQZ2
2022-09-05 06:00:00+00:00,34,1,20332,12156.0,12202.0,12156.0,12190.75,95,MNQZ2
2022-09-05 07:00:00+00:00,34,1,20332,12199.0,12213.25,12141.75,12153.0,158,MNQZ2
2022-09-05 08:00:00+00:00,34,1,20332,12155.0,12178.5,12139.25,12169.0,100,MNQZ2
2022-09-05 09:00:00+00:00,34,1,20332,12176.75,12192.0,12149.0,12182.5,112,MNQZ2
2022-09-05 10:00:00+00:00,34,1,20332,12192.0,12192.0,12165.0,12167.0,32,MNQZ2
2022-09-05 11:00:00+00:00,34,1,20332,12164.75,12173.25,12136.75,12143.75,90,MNQZ2
2022-09-05 12:00:00+00:00,34,1,20332,12145.0,12167.25,12127.0,12164.5,208,MNQZ2
2022-09-05 13:00:00+00:00,34,1,20332,12165.5,12214.75,12165.5,12203.25,334,MNQZ2
2022-09-05 14:00:00+00:00,34,1,20332,12203.25,12230.5,12195.0,12213.25,195,MNQZ2
2022-09-05 15:00:00+00:00,34,1,20332,12217.25,12230.0,12200.0,12210.0,126,MNQZ2
2022-09-05 16:00:00+00:00,34,1,20332,12211.5,12238.25,12198.0,12204.25,237,MNQZ2
2022-09-05 22:00:00+00:00,34,1,20332,12211.25,12255.5,12182.25,12240.0,169,MNQZ2
2022-09-05 23:00:00+00:00,34,1,20332,12240.0,12240.5,12211.25,12215.0,70,MNQZ2
2022-09-06 00:00:00+00:00,34,1,20332,12212.5,12299.0,12206.5,12286.5,314,MNQZ2
2022-09-06 01:00:00+00:00,34,1,20332,12290.5,12305.0,12258.75,12261.0,238,MNQZ2
2022-09-06 02:00:00+00:00,34,1,20332,12260.75,12270.25,12241.0,12265.75,166,MNQZ2
2022-09-06 03:00:00+00:00,34,1,20332,12265.75,12265.75,12228.5,12236.0,99,MNQZ2
2022-09-06 04:00:00+00:00,34,1,20332,12237.25,12253.0,12227.25,12228.0,322,MNQZ2
2022-09-06 05:00:00+00:00,34,1,20332,12229.75,12248.75,12219.25,12236.25,327,MNQZ2
2022-09-06 06:00:00+00:00,34,1,20332,12234.0,12270.0,12225.5,12256.75,960,MNQZ2
2022-09-06 07:00:00+00:00,34,1,20332,12262.75,12315.0,12254.75,12271.0,873,MNQZ2
2022-09-06 08:00:00+00:00,34,1,20332,12271.0,12282.0,12233.5,12281.25,336,MNQZ2
2022-09-06 09:00:00+00:00,34,1,20332,12280.5,12280.5,12243.25,12267.5,279,MNQZ2
2022-09-06 10:00:00+00:00,34,1,20332,12266.25,12307.5,12256.75,12270.5,492,MNQZ2
2022-09-06 11:00:00+00:00,34,1,20332,12268.0,12269.0,12215.0,12252.0,499,MNQZ2
2022-09-06 12:00:00+00:00,34,1,20332,12254.25,12275.0,12230.0,12246.5,610,MNQZ2
2022-09-06 13:00:00+00:00,34,1,20332,12242.0,12260.75,12092.75,12117.5,1584,MNQZ2
2022-09-06 14:00:00+00:00,34,1,20332,12110.75,12196.25,12003.0,12177.75,3021,MNQZ2
2022-09-06 15:00:00+00:00,34,1,20332,12175.0,12214.25,12131.0,12197.75,1762,MNQZ2
2022-09-06 16:00:00+00:00,34,1,20332,12195.25,12211.0,12088.0,12129.75,943,MNQZ2
2022-09-06 17:00:00+00:00,34,1,20332,12128.75,12133.5,12037.75,12083.25,1104,MNQZ2
2022-09-06 18:00:00+00:00,34,1,20332,12077.5,12136.5,12077.5,12084.75,604,MNQZ2
2022-09-06 19:00:00+00:00,34,1,20332,12094.75,12138.25,12065.0,12096.0,771,MNQZ2
2022-09-06 20:00:00+00:00,34,1,20332,12097.25,12099.0,12075.0,12094.75,190,MNQZ2
2022-09-06 22:00:00+00:00,34,1,20332,12090.75,12107.5,12084.0,12093.0,70,MNQZ2
2022-09-06 23:00:00+00:00,34,1,20332,12093.25,12093.25,12075.5,12080.75,93,MNQZ2
2022-09-07 00:00:00+00:00,34,1,20332,12083.25,12086.75,11997.0,12022.5,680,MNQZ2
2022-09-07 01:00:00+00:00,34,1,20332,12023.0,12046.25,12007.75,12042.0,355,MNQZ2
2022-09-07 02:00:00+00:00,34,1,20332,12041.5,12055.0,12025.75,12028.5,351,MNQZ2
2022-09-07 03:00:00+00:00,34,1,20332,12031.25,12042.25,12004.5,12034.75,288,MNQZ2
2022-09-07 04:00:00+00:00,34,1,20332,12035.25,12059.0,12026.5,12056.25,207,MNQZ2
2022-09-07 05:00:00+00:00,34,1,20332,12054.0,12081.0,12052.5,12061.75,279,MNQZ2
2022-09-07 06:00:00+00:00,34,1,20332,12061.25,12098.0,12044.0,12073.25,805,MNQZ2
2022-09-07 07:00:00+00:00,34,1,20332,12080.5,12122.5,12044.0,12117.25,257,MNQZ2
2022-09-07 08:00:00+00:00,34,1,20332,12108.0,12151.75,12103.75,12135.25,293,MNQZ2
2022-09-07 09:00:00+00:00,34,1,20332,12130.25,12130.25,12105.0,12120.75,108,MNQZ2
2022-09-07 10:00:00+00:00,34,1,20332,12131.25,12131.25,12105.25,12115.0,74,MNQZ2
2022-09-07 11:00:00+00:00,34,1,20332,12105.0,12116.75,12052.0,12082.25,236,MNQZ2
2022-09-07 12:00:00+00:00,34,1,20332,12082.25,12095.0,12051.0,12086.75,256,MNQZ2
2022-09-07 13:00:00+00:00,34,1,20332,12088.0,12200.0,12079.0,12159.5,1394,MNQZ2
2022-09-07 14:00:00+00:00,34,1,20332,12155.0,12180.5,12103.5,12151.0,944,MNQZ2
2022-09-07 15:00:00+00:00,34,1,20332,12147.5,12238.0,12136.0,12215.25,894,MNQZ2
2022-09-07 16:00:00+00:00,34,1,20332,12221.25,12248.0,12174.75,12232.75,941,MNQZ2
2022-09-07 17:00:00+00:00,34,1,20332,12234.75,12290.75,12222.75,12279.0,1044,MNQZ2
2022-09-07 18:00:00+00:00,34,1,20332,12284.0,12355.0,12284.0,12348.75,936,MNQZ2
2022-09-07 19:00:00+00:00,34,1,20332,12345.75,12380.0,12331.25,12341.5,742,MNQZ2
2022-09-07 20:00:00+00:00,34,1,20332,12334.0,12345.75,12322.25,12338.75,322,MNQZ2
2022-09-07 22:00:00+00:00,34,1,20332,12340.5,12363.75,12339.0,12347.5,346,MNQZ2
2022-09-07 23:00:00+00:00,34,1,20332,12346.75,12355.75,12329.75,12333.0,949,MNQZ2
2022-09-08 00:00:00+00:00,34,1,20332,12333.5,12360.75,12324.5,12353.0,2636,MNQZ2
2022-09-08 01:00:00+00:00,34,1,20332,12352.5,12369.0,12349.25,12351.5,2063,MNQZ2
2022-09-08 02:00:00+00:00,34,1,20332,12350.25,12355.5,12333.75,12336.5,1462,MNQZ2
2022-09-08 03:00:00+00:00,34,1,20332,12336.75,12353.75,12336.0,12342.25,1450,MNQZ2
2022-09-08 04:00:00+00:00,34,1,20332,12342.75,12363.0,12342.75,12361.5,993,MNQZ2
2022-09-08 05:00:00+00:00,34,1,20332,12361.75,12367.25,12350.5,12364.5,1415,MNQZ2
2022-09-08 06:00:00+00:00,34,1,20332,12364.0,12406.25,12354.0,12374.75,5213,MNQZ2
2022-09-08 07:00:00+00:00,34,1,20332,12375.5,12385.25,12305.5,12321.25,6352,MNQZ2
2022-09-08 08:00:00+00:00,34,1,20332,12321.5,12342.75,12299.25,12342.0,4442,MNQZ2
2022-09-08 09:00:00+00:00,34,1,20332,12342.0,12347.0,12320.5,12338.0,2504,MNQZ2
2022-09-08 10:00:00+00:00,34,1,20332,12336.5,12359.75,12326.25,12347.75,3337,MNQZ2
2022-09-08 11:00:00+00:00,34,1,20332,12348.0,12369.25,12317.0,12327.25,6217,MNQZ2
2022-09-08 12:00:00+00:00,34,1,20332,12327.0,12364.5,12251.0,12256.75,9972,MNQZ2
2022-09-08 13:00:00+00:00,34,1,20332,12256.25,12345.75,12191.75,12321.5,20072,MNQZ2
2022-09-08 14:00:00+00:00,34,1,20332,12321.75,12416.25,12253.25,12414.75,32929,MNQZ2
2022-09-08 15:00:00+00:00,34,1,20332,12416.25,12454.0,12381.0,12392.0,16670,MNQZ2
2022-09-08 16:00:00+00:00,34,1,20332,12391.25,12399.25,12213.0,12303.5,28796,MNQZ2
2022-09-08 17:00:00+00:00,34,1,20332,12303.5,12377.5,12269.0,12334.25,19573,MNQZ2
2022-09-08 18:00:00+00:00,34,1,20332,12333.75,12376.5,12314.0,12331.25,30591,MNQZ2
2022-09-08 19:00:00+00:00,34,1,20332,12331.75,12403.0,12304.5,12401.75,19426,MNQZ2
2022-09-08 20:00:00+00:00,34,1,20332,12402.25,12425.5,12393.25,12423.25,3859,MNQZ2
2022-09-08 22:00:00+00:00,34,1,20332,12411.25,12421.25,12404.5,12414.25,2215,MNQZ2
2022-09-08 23:00:00+00:00,34,1,20332,12414.25,12434.25,12414.0,12426.5,3794,MNQZ2
2022-09-09 00:00:00+00:00,34,1,20332,12426.0,12475.0,12421.0,12464.0,7612,MNQZ2
2022-09-09 01:00:00+00:00,34,1,20332,12463.75,12464.5,12435.5,12442.25,5612,MNQZ2
2022-09-09 02:00:00+00:00,34,1,20332,12441.75,12465.5,12441.5,12451.0,4859,MNQZ2
2022-09-09 03:00:00+00:00,34,1,20332,12451.25,12464.0,12446.25,12462.25,3883,MNQZ2
2022-09-09 04:00:00+00:00,34,1,20332,12462.25,12490.25,12462.25,12483.25,3838,MNQZ2
2022-09-09 05:00:00+00:00,34,1,20332,12482.75,12485.25,12460.25,12465.75,5218,MNQZ2
2022-09-09 06:00:00+00:00,34,1,20332,12466.0,12466.0,12430.75,12455.0,8119,MNQZ2
2022-09-09 07:00:00+00:00,34,1,20332,12456.0,12531.5,12451.5,12495.0,19119,MNQZ2
2022-09-09 08:00:00+00:00,34,1,20332,12495.25,12529.5,12484.0,12527.0,11755,MNQZ2
2022-09-09 09:00:00+00:00,34,1,20332,12526.75,12539.0,12513.75,12528.0,5887,MNQZ2
2022-09-09 10:00:00+00:00,34,1,20332,12527.0,12556.25,12510.25,12538.0,7407,MNQZ2
2022-09-09 11:00:00+00:00,34,1,20332,12538.5,12539.25,12510.0,12520.0,4624,MNQZ2
2022-09-09 12:00:00+00:00,34,1,20332,12520.0,12549.75,12502.5,12520.75,8918,MNQZ2
2022-09-09 13:00:00+00:00,34,1,20332,12520.75,12580.5,12481.75,12578.5,103260,MNQZ2
2022-09-09 14:00:00+00:00,34,1,20332,12578.75,12646.75,12564.5,12636.75,100543,MNQZ2
2022-09-09 15:00:00+00:00,34,1,20332,12637.0,12658.0,12599.0,12635.75,65508,MNQZ2
2022-09-09 16:00:00+00:00,34,1,20332,12635.75,12654.25,12588.0,12652.75,47891,MNQZ2
2022-09-09 17:00:00+00:00,34,1,20332,12653.0,12682.25,12635.0,12665.5,28629,MNQZ2
2022-09-09 18:00:00+00:00,34,1,20332,12665.25,12677.25,12637.0,12655.5,31863,MNQZ2
2022-09-09 19:00:00+00:00,34,1,20332,12655.5,12691.75,12649.5,12668.0,40226,MNQZ2
2022-09-09 20:00:00+00:00,34,1,20332,12668.0,12672.0,12651.5,12668.5,8001,MNQZ2
2022-09-11 22:00:00+00:00,34,1,20332,12700.0,12755.75,12697.5,12716.75,7822,MNQZ2
2022-09-11 23:00:00+00:00,34,1,20332,12717.0,12723.5,12704.0,12708.5,4821,MNQZ2
2022-09-12 00:00:00+00:00,34,1,20332,12708.5,12708.5,12677.25,12688.25,8597,MNQZ2
2022-09-12 01:00:00+00:00,34,1,20332,12689.5,12693.75,12670.5,12691.75,6681,MNQZ2
2022-09-12 02:00:00+00:00,34,1,20332,12692.25,12695.0,12655.25,12668.0,7274,MNQZ2
2022-09-12 03:00:00+00:00,34,1,20332,12667.75,12672.5,12652.75,12661.75,5059,MNQZ2
2022-09-12 04:00:00+00:00,34,1,20332,12662.0,12666.5,12648.25,12657.5,4493,MNQZ2
2022-09-12 05:00:00+00:00,34,1,20332,12657.5,12682.75,12656.75,12682.25,5212,MNQZ2
2022-09-12 06:00:00+00:00,34,1,20332,12682.5,12718.25,12657.0,12713.5,12407,MNQZ2
2022-09-12 07:00:00+00:00,34,1,20332,12713.0,12745.0,12695.75,12725.5,18690,MNQZ2
2022-09-12 08:00:00+00:00,34,1,20332,12726.0,12765.0,12705.5,12762.25,16676,MNQZ2
2022-09-12 09:00:00+00:00,34,1,20332,12761.75,12775.5,12741.25,12744.5,11254,MNQZ2
2022-09-12 10:00:00+00:00,34,1,20332,12743.25,12743.5,12721.25,12731.0,10182,MNQZ2
2022-09-12 11:00:00+00:00,34,1,20332,12730.0,12761.0,12720.5,12755.25,13189,MNQZ2
2022-09-12 12:00:00+00:00,34,1,20332,12754.75,12755.75,12689.0,12721.75,28133,MNQZ2
2022-09-12 13:00:00+00:00,34,1,20332,12722.0,12818.0,12707.5,12816.5,116625,MNQZ2
2022-09-12 14:00:00+00:00,34,1,20332,12816.5,12837.5,12777.25,12785.25,133454,MNQZ2
2022-09-12 15:00:00+00:00,34,1,20332,12785.75,12823.75,12727.0,12745.75,113477,MNQZ2
2022-09-12 16:00:00+00:00,34,1,20332,12746.25,12801.25,12722.0,12797.25,100225,MNQZ2
2022-09-12 17:00:00+00:00,34,1,20332,12797.75,12828.0,12770.25,12821.75,63163,MNQZ2
2022-09-12 18:00:00+00:00,34,1,20332,12821.75,12825.25,12764.0,12795.5,72534,MNQZ2
2022-09-12 19:00:00+00:00,34,1,20332,12795.5,12827.5,12784.25,12825.0,70762,MNQZ2
2022-09-12 20:00:00+00:00,34,1,20332,12825.25,12856.5,12822.25,12854.5,15622,MNQZ2
2022-09-12 22:00:00+00:00,34,1,20332,12865.5,12865.5,12835.75,12845.0,5058,MNQZ2
2022-09-12 23:00:00+00:00,34,1,20332,12844.75,12855.5,12840.0,12845.5,4555,MNQZ2
2022-09-13 00:00:00+00:00,34,1,20332,12845.75,12855.0,12833.0,12840.5,8665,MNQZ2
2022-09-13 01:00:00+00:00,34,1,20332,12840.25,12849.25,12823.5,12831.75,8520,MNQZ2
2022-09-13 02:00:00+00:00,34,1,20332,12831.5,12839.25,12816.25,12837.75,6647,MNQZ2
2022-09-13 03:00:00+00:00,34,1,20332,12837.75,12843.25,12829.5,12833.0,4648,MNQZ2
2022-09-13 04:00:00+00:00,34,1,20332,12833.5,12834.0,12819.25,12827.5,4450,MNQZ2
2022-09-13 05:00:00+00:00,34,1,20332,12827.25,12854.0,12820.75,12852.25,6633,MNQZ2
2022-09-13 06:00:00+00:00,34,1,20332,12852.0,12885.5,12845.5,12867.25,12915,MNQZ2
2022-09-13 07:00:00+00:00,34,1,20332,12866.25,12892.5,12848.5,12883.5,18153,MNQZ2
2022-09-13 08:00:00+00:00,34,1,20332,12884.25,12887.0,12864.25,12876.25,12966,MNQZ2
2022-09-13 09:00:00+00:00,34,1,20332,12876.0,12879.75,12857.25,12871.5,11318,MNQZ2
2022-09-13 10:00:00+00:00,34,1,20332,12871.25,12907.0,12865.0,12901.0,12969,MNQZ2
2022-09-13 11:00:00+00:00,34,1,20332,12901.0,12924.5,12900.0,12914.25,17216,MNQZ2
2022-09-13 12:00:00+00:00,34,1,20332,12915.25,12976.5,12456.75,12456.75,129709,MNQZ2
2022-09-13 13:00:00+00:00,34,1,20332,12457.25,12508.25,12385.75,12388.25,248789,MNQZ2
2022-09-13 14:00:00+00:00,34,1,20332,12388.75,12412.0,12292.25,12309.75,219044,MNQZ2
2022-09-13 15:00:00+00:00,34,1,20332,12309.5,12318.5,12262.5,12276.5,117530,MNQZ2
2022-09-13 16:00:00+00:00,34,1,20332,12276.0,12322.25,12263.25,12293.25,86177,MNQZ2
2022-09-13 17:00:00+00:00,34,1,20332,12292.75,12338.5,12278.25,12290.25,91243,MNQZ2
2022-09-13 18:00:00+00:00,34,1,20332,12290.75,12297.0,12204.75,12213.25,90948,MNQZ2
2022-09-13 19:00:00+00:00,34,1,20332,12213.0,12220.75,12082.25,12119.75,148680,MNQZ2
2022-09-13 20:00:00+00:00,34,1,20332,12120.25,12138.25,12107.25,12126.5,20154,MNQZ2
2022-09-13 22:00:00+00:00,34,1,20332,12126.5,12152.75,12107.75,12145.5,11762,MNQZ2
2022-09-13 23:00:00+00:00,34,1,20332,12145.25,12146.0,12118.25,12138.75,10774,MNQZ2
2022-09-14 00:00:00+00:00,34,1,20332,12138.5,12140.75,12089.25,12108.0,21017,MNQZ2
2022-09-14 01:00:00+00:00,34,1,20332,12107.75,12140.0,12105.0,12132.75,15081,MNQZ2
2022-09-14 02:00:00+00:00,34,1,20332,12132.5,12155.25,12131.0,12137.25,11543,MNQZ2
2022-09-14 03:00:00+00:00,34,1,20332,12136.75,12149.5,12124.25,12132.5,9307,MNQZ2
2022-09-14 04:00:00+00:00,34,1,20332,12132.5,12145.75,12125.25,12139.5,8103,MNQZ2
2022-09-14 05:00:00+00:00,34,1,20332,12139.75,12152.0,12103.0,12105.25,13509,MNQZ2
2022-09-14 06:00:00+00:00,34,1,20332,12105.0,12155.0,12097.0,12140.75,24889,MNQZ2
2022-09-14 07:00:00+00:00,34,1,20332,12141.5,12186.25,12116.0,12162.75,41046,MNQZ2
2022-09-14 08:00:00+00:00,34,1,20332,12162.75,12219.75,12157.0,12197.75,34218,MNQZ2
2022-09-14 09:00:00+00:00,34,1,20332,12197.5,12205.75,12165.75,12178.25,19912,MNQZ2
2022-09-14 10:00:00+00:00,34,1,20332,12178.0,12196.25,12159.0,12171.75,17005,MNQZ2
2022-09-14 11:00:00+00:00,34,1,20332,12172.0,12174.0,12080.75,12088.0,38708,MNQZ2
2022-09-14 12:00:00+00:00,34,1,20332,12087.75,12177.0,12083.5,12161.75,67522,MNQZ2
2022-09-14 13:00:00+00:00,34,1,20332,12162.25,12213.75,12098.25,12193.5,200358,MNQZ2
2022-09-14 14:00:00+00:00,34,1,20332,12193.25,12227.0,12093.5,12215.0,250651,MNQZ2
2022-09-14 15:00:00+00:00,34,1,20332,12214.75,12252.75,12184.0,12209.25,140849,MNQZ2
2022-09-14 16:00:00+00:00,34,1,20332,12210.0,12245.5,12179.5,12226.75,98662,MNQZ2
2022-09-14 17:00:00+00:00,34,1,20332,12227.0,12247.25,12135.75,12148.5,98182,MNQZ2
2022-09-14 18:00:00+00:00,34,1,20332,12148.25,12179.25,12117.75,12137.75,112604,MNQZ2
2022-09-14 19:00:00+00:00,34,1,20332,12138.0,12229.25,12092.75,12218.0,143082,MNQZ2
2022-09-14 20:00:00+00:00,34,1,20332,12218.0,12252.0,12212.25,12249.5,19428,MNQZ2
2022-09-14 22:00:00+00:00,34,1,20332,12239.75,12267.75,12229.25,12260.0,8715,MNQZ2
2022-09-14 23:00:00+00:00,34,1,20332,12259.5,12260.0,12238.5,12248.0,7152,MNQZ2
2022-09-15 00:00:00+00:00,34,1,20332,12248.25,12248.25,12225.75,12239.75,10064,MNQZ2
2022-09-15 01:00:00+00:00,34,1,20332,12239.75,12258.5,12212.25,12257.5,14349,MNQZ2
2022-09-15 02:00:00+00:00,34,1,20332,12257.0,12260.0,12230.75,12237.0,8166,MNQZ2
2022-09-15 03:00:00+00:00,34,1,20332,12237.25,12244.25,12225.75,12229.25,5774,MNQZ2
2022-09-15 04:00:00+00:00,34,1,20332,12229.0,12233.0,12214.25,12223.0,7248,MNQZ2
2022-09-15 05:00:00+00:00,34,1,20332,12223.25,12226.0,12204.25,12213.5,8994,MNQZ2
2022-09-15 06:00:00+00:00,34,1,20332,12213.25,12227.5,12203.0,12215.25,11533,MNQZ2
2022-09-15 07:00:00+00:00,34,1,20332,12215.25,12248.75,12210.25,12243.5,18157,MNQZ2
2022-09-15 08:00:00+00:00,34,1,20332,12243.5,12252.75,12203.0,12218.0,18252,MNQZ2
2022-09-15 09:00:00+00:00,34,1,20332,12218.75,12236.5,12204.5,12229.0,14112,MNQZ2
2022-09-15 10:00:00+00:00,34,1,20332,12229.5,12237.5,12156.5,12178.0,24166,MNQZ2
2022-09-15 11:00:00+00:00,34,1,20332,12178.0,12216.25,12169.0,12179.0,25338,MNQZ2
2022-09-15 12:00:00+00:00,34,1,20332,12179.0,12203.25,12140.5,12181.25,65474,MNQZ2
2022-09-15 13:00:00+00:00,34,1,20332,12181.75,12220.5,12110.5,12203.25,170667,MNQZ2
2022-09-15 14:00:00+00:00,34,1,20332,12204.25,12233.25,12010.5,12012.5,232551,MNQZ2
2022-09-15 15:00:00+00:00,34,1,20332,12013.0,12071.5,11988.0,12024.0,163698,MNQZ2
2022-09-15 16:00:00+00:00,34,1,20332,12024.25,12071.5,11997.25,12070.25,103991,MNQZ2
2022-09-15 17:00:00+00:00,34,1,20332,12070.5,12150.5,12070.0,12091.25,125422,MNQZ2
2022-09-15 18:00:00+00:00,34,1,20332,12091.5,12093.25,12011.5,12022.75,102406,MNQZ2
2022-09-15 19:00:00+00:00,34,1,20332,12023.5,12031.0,11937.5,12004.25,148612,MNQZ2
2022-09-15 20:00:00+00:00,34,1,20332,12004.5,12036.75,11955.0,11973.0,26684,MNQZ2
2022-09-15 22:00:00+00:00,34,1,20332,11965.0,11966.0,11891.75,11931.5,19458,MNQZ2
2022-09-15 23:00:00+00:00,34,1,20332,11931.0,11932.75,11905.0,11915.5,9039,MNQZ2
2022-09-16 00:00:00+00:00,34,1,20332,11916.0,11935.0,11905.0,11907.25,13833,MNQZ2
2022-09-16 01:00:00+00:00,34,1,20332,11907.25,11924.5,11902.25,11911.25,9714,MNQZ2
2022-09-16 02:00:00+00:00,34,1,20332,11911.5,11920.5,11906.0,11914.0,6637,MNQZ2
2022-09-16 03:00:00+00:00,34,1,20332,11914.25,11915.5,11901.0,11903.0,5923,MNQZ2
2022-09-16 04:00:00+00:00,34,1,20332,11903.25,11907.5,11894.25,11904.75,6655,MNQZ2
2022-09-16 05:00:00+00:00,34,1,20332,11904.5,11911.5,11892.5,11893.75,7609,MNQZ2
2022-09-16 06:00:00+00:00,34,1,20332,11893.75,11909.5,11875.5,11883.75,23000,MNQZ2
2022-09-16 07:00:00+00:00,34,1,20332,11883.5,11902.5,11877.0,11892.75,26021,MNQZ2
2022-09-16 08:00:00+00:00,34,1,20332,11893.5,11899.5,11851.0,11866.0,25536,MNQZ2
2022-09-16 09:00:00+00:00,34,1,20332,11866.25,11883.0,11858.25,11864.5,22015,MNQZ2
2022-09-16 10:00:00+00:00,34,1,20332,11865.25,11918.25,11856.0,11913.75,22840,MNQZ2
2022-09-16 11:00:00+00:00,34,1,20332,11913.5,11913.75,11876.5,11894.25,25509,MNQZ2
2022-09-16 12:00:00+00:00,34,1,20332,11894.75,11896.25,11833.75,11837.75,48732,MNQZ2
2022-09-16 13:00:00+00:00,34,1,20332,11838.0,11871.5,11781.75,11792.0,198736,MNQZ2
2022-09-16 14:00:00+00:00,34,1,20332,11792.5,11915.25,11780.0,11816.5,272826,MNQZ2
2022-09-16 15:00:00+00:00,34,1,20332,11816.5,11866.75,11794.25,11859.75,166154,MNQZ2
2022-09-16 16:00:00+00:00,34,1,20332,11860.25,11864.75,11778.0,11842.75,121017,MNQZ2
2022-09-16 17:00:00+00:00,34,1,20332,11842.0,11853.0,11802.75,11815.25,97985,MNQZ2
2022-09-16 18:00:00+00:00,34,1,20332,11815.25,11905.5,11810.75,11889.25,122433,MNQZ2
2022-09-16 19:00:00+00:00,34,1,20332,11889.25,11948.0,11870.0,11926.75,167497,MNQZ2
2022-09-16 20:00:00+00:00,34,1,20332,11926.75,11960.0,11920.75,11958.0,23901,MNQZ2
2022-09-18 22:00:00+00:00,34,1,20332,11920.5,11928.25,11881.0,11920.75,18460,MNQZ2
2022-09-18 23:00:00+00:00,34,1,20332,11919.75,11944.0,11913.75,11930.25,11574,MNQZ2
2022-09-19 00:00:00+00:00,34,1,20332,11930.5,11950.5,11928.5,11939.75,12267,MNQZ2
2022-09-19 01:00:00+00:00,34,1,20332,11939.5,11946.0,11916.25,11931.75,12865,MNQZ2
2022-09-19 02:00:00+00:00,34,1,20332,11930.75,11933.5,11856.25,11881.25,22691,MNQZ2
2022-09-19 03:00:00+00:00,34,1,20332,11880.5,11888.0,11866.25,11883.5,9163,MNQZ2
2022-09-19 04:00:00+00:00,34,1,20332,11883.5,11887.75,11869.5,11880.5,6616,MNQZ2
2022-09-19 05:00:00+00:00,34,1,20332,11880.75,11891.5,11856.25,11856.75,10468,MNQZ2
2022-09-19 06:00:00+00:00,34,1,20332,11856.75,11864.0,11824.0,11861.25,22812,MNQZ2
2022-09-19 07:00:00+00:00,34,1,20332,11861.25,11862.0,11815.5,11827.25,29043,MNQZ2
2022-09-19 08:00:00+00:00,34,1,20332,11827.0,11859.0,11810.75,11815.0,25098,MNQZ2
2022-09-19 09:00:00+00:00,34,1,20332,11815.25,11832.0,11801.5,11818.25,20016,MNQZ2
2022-09-19 10:00:00+00:00,34,1,20332,11818.0,11830.0,11792.25,11828.75,20882,MNQZ2
2022-09-19 11:00:00+00:00,34,1,20332,11828.75,11841.0,11805.0,11806.0,24684,MNQZ2
2022-09-19 12:00:00+00:00,34,1,20332,11806.25,11866.75,11804.5,11848.5,40187,MNQZ2
2022-09-19 13:00:00+00:00,34,1,20332,11848.75,11930.5,11814.75,11914.5,163488,MNQZ2
2022-09-19 14:00:00+00:00,34,1,20332,11914.75,11975.0,11870.75,11946.0,204449,MNQZ2
2022-09-19 15:00:00+00:00,34,1,20332,11946.75,11978.75,11868.25,11876.75,144022,MNQZ2
2022-09-19 16:00:00+00:00,34,1,20332,11876.5,11952.0,11848.25,11942.25,108238,MNQZ2
2022-09-19 17:00:00+00:00,34,1,20332,11943.25,11948.5,11902.0,11918.0,79899,MNQZ2
2022-09-19 18:00:00+00:00,34,1,20332,11918.25,11948.5,11897.5,11945.5,93216,MNQZ2
2022-09-19 19:00:00+00:00,34,1,20332,11945.75,12031.25,11945.25,12027.25,130146,MNQZ2
2022-09-19 20:00:00+00:00,34,1,20332,12027.0,12066.5,12019.5,12045.75,23246,MNQZ2
2022-09-19 22:00:00+00:00,34,1,20332,12043.75,12064.75,12041.0,12051.5,7394,MNQZ2
2022-09-19 23:00:00+00:00,34,1,20332,12051.5,12078.75,12049.25,12078.25,9316,MNQZ2
2022-09-20 00:00:00+00:00,34,1,20332,12077.75,12092.5,12053.25,12061.25,16350,MNQZ2
2022-09-20 01:00:00+00:00,34,1,20332,12060.5,12062.0,12032.5,12048.75,14070,MNQZ2
2022-09-20 02:00:00+00:00,34,1,20332,12048.5,12057.5,12040.25,12052.75,7236,MNQZ2
2022-09-20 03:00:00+00:00,34,1,20332,12053.25,12059.0,12045.5,12056.25,5137,MNQZ2
2022-09-20 04:00:00+00:00,34,1,20332,12056.25,12062.25,12051.25,12055.5,5168,MNQZ2
2022-09-20 05:00:00+00:00,34,1,20332,12055.25,12068.75,12051.25,12062.25,6299,MNQZ2
2022-09-20 06:00:00+00:00,34,1,20332,12062.25,12064.25,12036.75,12049.0,14704,MNQZ2
2022-09-20 07:00:00+00:00,34,1,20332,12048.25,12088.5,12004.75,12012.25,41641,MNQZ2
2022-09-20 08:00:00+00:00,34,1,20332,12012.0,12013.75,11974.5,11991.5,32324,MNQZ2
2022-09-20 09:00:00+00:00,34,1,20332,11991.25,11996.25,11947.75,11963.75,28918,MNQZ2
2022-09-20 10:00:00+00:00,34,1,20332,11964.0,11972.25,11943.25,11969.5,22427,MNQZ2
2022-09-20 11:00:00+00:00,34,1,20332,11969.25,11987.25,11950.0,11950.75,30822,MNQZ2
2022-09-20 12:00:00+00:00,34,1,20332,11951.5,11958.5,11914.75,11938.5,49345,MNQZ2
2022-09-20 13:00:00+00:00,34,1,20332,11938.5,11950.75,11886.5,11920.5,173883,MNQZ2
2022-09-20 14:00:00+00:00,34,1,20332,11921.0,11966.0,11890.25,11957.5,224881,MNQZ2
2022-09-20 15:00:00+00:00,34,1,20332,11957.75,12017.5,11940.5,12014.0,150680,MNQZ2
2022-09-20 16:00:00+00:00,34,1,20332,12014.25,12023.0,11935.0,11950.25,106279,MNQZ2
2022-09-20 17:00:00+00:00,34,1,20332,11950.25,11954.5,11828.5,11835.75,124485,MNQZ2
2022-09-20 18:00:00+00:00,34,1,20332,11836.25,11916.75,11832.5,11906.75,119124,MNQZ2
2022-09-20 19:00:00+00:00,34,1,20332,11906.25,11969.75,11891.5,11925.75,126203,MNQZ2
2022-09-20 20:00:00+00:00,34,1,20332,11925.75,11956.5,11925.75,11948.75,17432,MNQZ2
2022-09-20 22:00:00+00:00,34,1,20332,11948.0,11948.75,11924.0,11934.0,6498,MNQZ2
2022-09-20 23:00:00+00:00,34,1,20332,11934.0,11938.25,11910.75,11927.0,9352,MNQZ2
2022-09-21 00:00:00+00:00,34,1,20332,11926.75,11953.25,11920.5,11943.0,13398,MNQZ2
2022-09-21 01:00:00+00:00,34,1,20332,11943.25,11949.0,11910.5,11919.75,13911,MNQZ2
2022-09-21 02:00:00+00:00,34,1,20332,11919.75,11945.25,11916.75,11938.0,9379,MNQZ2
2022-09-21 03:00:00+00:00,34,1,20332,11937.75,11942.5,11925.75,11940.5,5572,MNQZ2
2022-09-21 04:00:00+00:00,34,1,20332,11940.75,11941.5,11926.25,11931.0,4706,MNQZ2
2022-09-21 05:00:00+00:00,34,1,20332,11930.75,11952.25,11903.5,11915.0,15886,MNQZ2
2022-09-21 06:00:00+00:00,34,1,20332,11914.5,11941.25,11883.0,11894.75,43814,MNQZ2
2022-09-21 07:00:00+00:00,34,1,20332,11894.5,11946.25,11862.5,11921.0,46227,MNQZ2
2022-09-21 08:00:00+00:00,34,1,20332,11921.0,11937.25,11903.5,11926.0,22002,MNQZ2
2022-09-21 09:00:00+00:00,34,1,20332,11925.75,11946.0,11904.25,11938.25,20322,MNQZ2
2022-09-21 10:00:00+00:00,34,1,20332,11937.75,11941.25,11906.25,11926.25,22479,MNQZ2
2022-09-21 11:00:00+00:00,34,1,20332,11926.25,11949.5,11914.0,11940.0,23715,MNQZ2
2022-09-21 12:00:00+00:00,34,1,20332,11940.0,11989.25,11935.0,11976.5,41367,MNQZ2
2022-09-21 13:00:00+00:00,34,1,20332,11976.0,11997.5,11938.25,11971.0,126107,MNQZ2
2022-09-21 14:00:00+00:00,34,1,20332,11970.25,11999.75,11941.0,11956.5,144104,MNQZ2
2022-09-21 15:00:00+00:00,34,1,20332,11956.25,11978.75,11938.5,11967.75,76279,MNQZ2
2022-09-21 16:00:00+00:00,34,1,20332,11968.0,12010.0,11958.0,11981.5,57890,MNQZ2
2022-09-21 17:00:00+00:00,34,1,20332,11982.0,12066.0,11965.0,12032.5,55056,MNQZ2
2022-09-21 18:00:00+00:00,34,1,20332,12032.5,12139.0,11764.0,12074.75,492963,MNQZ2
2022-09-21 19:00:00+00:00,34,1,20332,12075.25,12096.5,11703.25,11703.75,268304,MNQZ2
2022-09-21 20:00:00+00:00,34,1,20332,11703.5,11709.5,11647.0,11666.75,38902,MNQZ2
2022-09-21 22:00:00+00:00,34,1,20332,11663.75,11678.5,11618.5,11623.5,17046,MNQZ2
2022-09-21 23:00:00+00:00,34,1,20332,11623.25,11634.5,11606.5,11612.5,15571,MNQZ2
2022-09-22 00:00:00+00:00,34,1,20332,11612.0,11627.75,11572.75,11581.5,19957,MNQZ2
2022-09-22 01:00:00+00:00,34,1,20332,11581.25,11600.75,11550.25,11599.75,23871,MNQZ2
2022-09-22 02:00:00+00:00,34,1,20332,11599.25,11632.0,11591.5,11616.5,19985,MNQZ2
2022-09-22 03:00:00+00:00,34,1,20332,11616.25,11622.5,11602.5,11610.25,10201,MNQZ2
2022-09-22 04:00:00+00:00,34,1,20332,11610.5,11630.0,11607.5,11618.0,7358,MNQZ2
2022-09-22 05:00:00+00:00,34,1,20332,11617.5,11645.5,11612.5,11625.25,14790,MNQZ2
2022-09-22 06:00:00+00:00,34,1,20332,11625.5,11649.25,11596.75,11615.0,24812,MNQZ2
2022-09-22 07:00:00+00:00,34,1,20332,11615.0,11724.5,11600.5,11712.75,49287,MNQZ2
2022-09-22 08:00:00+00:00,34,1,20332,11713.5,11795.75,11709.75,11754.0,56022,MNQZ2
2022-09-22 09:00:00+00:00,34,1,20332,11754.0,11757.25,11682.75,11701.5,44040,MNQZ2
2022-09-22 10:00:00+00:00,34,1,20332,11701.0,11734.25,11680.5,11725.5,27680,MNQZ2
2022-09-22 11:00:00+00:00,34,1,20332,11725.25,11737.5,11640.0,11699.5,60465,MNQZ2
2022-09-22 12:00:00+00:00,34,1,20332,11699.75,11755.5,11662.5,11717.0,70418,MNQZ2
2022-09-22 13:00:00+00:00,34,1,20332,11717.0,11721.5,11571.5,11592.0,197351,MNQZ2
2022-09-22 14:00:00+00:00,34,1,20332,11592.0,11641.25,11536.0,11544.0,231895,MNQZ2
2022-09-22 15:00:00+00:00,34,1,20332,11544.25,11590.75,11510.0,11564.25,157393,MNQZ2
2022-09-22 16:00:00+00:00,34,1,20332,11565.0,11610.0,11540.25,11578.5,128407,MNQZ2
2022-09-22 17:00:00+00:00,34,1,20332,11579.0,11605.5,11536.0,11591.0,100668,MNQZ2
2022-09-22 18:00:00+00:00,34,1,20332,11590.75,11599.75,11521.25,11583.25,112280,MNQZ2
2022-09-22 19:00:00+00:00,34,1,20332,11583.25,11685.0,11560.25,11562.75,176938,MNQZ2
2022-09-22 20:00:00+00:00,34,1,20332,11563.0,11577.75,11543.5,11565.75,22225,MNQZ2
2022-09-22 22:00:00+00:00,34,1,20332,11580.0,11586.5,11557.75,11570.75,10215,MNQZ2
2022-09-22 23:00:00+00:00,34,1,20332,11570.75,11589.75,11567.0,11587.25,7527,MNQZ2
2022-09-23 00:00:00+00:00,34,1,20332,11587.5,11600.0,11580.0,11581.25,12042,MNQZ2
2022-09-23 01:00:00+00:00,34,1,20332,11581.0,11585.0,11564.25,11582.5,11485,MNQZ2
2022-09-23 02:00:00+00:00,34,1,20332,11582.25,11583.0,11525.25,11545.75,15163,MNQZ2
2022-09-23 03:00:00+00:00,34,1,20332,11545.75,11556.0,11527.5,11536.0,9548,MNQZ2
2022-09-23 04:00:00+00:00,34,1,20332,11536.5,11539.75,11499.5,11512.75,17836,MNQZ2
2022-09-23 05:00:00+00:00,34,1,20332,11512.5,11553.5,11511.0,11535.25,16889,MNQZ2
2022-09-23 06:00:00+00:00,34,1,20332,11535.0,11558.5,11526.0,11532.5,19540,MNQZ2
2022-09-23 07:00:00+00:00,34,1,20332,11532.5,11535.25,11485.0,11517.75,39953,MNQZ2
2022-09-23 08:00:00+00:00,34,1,20332,11518.0,11534.0,11470.5,11472.25,34177,MNQZ2
2022-09-23 09:00:00+00:00,34,1,20332,11472.75,11477.25,11417.5,11454.25,43114,MNQZ2
2022-09-23 10:00:00+00:00,34,1,20332,11454.25,11456.0,11383.5,11388.5,43324,MNQZ2
2022-09-23 11:00:00+00:00,34,1,20332,11388.75,11417.75,11378.25,11411.25,51008,MNQZ2
2022-09-23 12:00:00+00:00,34,1,20332,11411.0,11429.5,11393.25,11411.0,54268,MNQZ2
2022-09-23 13:00:00+00:00,34,1,20332,11410.25,11481.75,11350.75,11354.25,213742,MNQZ2
2022-09-23 14:00:00+00:00,34,1,20332,11353.75,11419.0,11338.25,11378.5,211713,MNQZ2
2022-09-23 15:00:00+00:00,34,1,20332,11378.0,11426.5,11337.25,11361.0,150861,MNQZ2
2022-09-23 16:00:00+00:00,34,1,20332,11361.25,11367.75,11297.25,11355.25,116621,MNQZ2
2022-09-23 17:00:00+00:00,34,1,20332,11355.75,11372.25,11307.5,11329.5,93842,MNQZ2
2022-09-23 18:00:00+00:00,34,1,20332,11329.5,11346.75,11228.75,11237.0,139840,MNQZ2
2022-09-23 19:00:00+00:00,34,1,20332,11236.75,11385.5,11234.0,11374.0,182423,MNQZ2
2022-09-23 20:00:00+00:00,34,1,20332,11373.5,11393.5,11369.0,11388.0,29355,MNQZ2
2022-09-25 22:00:00+00:00,34,1,20332,11362.5,11396.25,11309.25,11353.75,28170,MNQZ2
2022-09-25 23:00:00+00:00,34,1,20332,11354.0,11367.25,11328.0,11345.0,15923,MNQZ2
2022-09-26 00:00:00+00:00,34,1,20332,11345.0,11379.5,11299.0,11305.5,30144,MNQZ2
2022-09-26 01:00:00+00:00,34,1,20332,11305.0,11339.75,11284.0,11337.5,33211,MNQZ2
2022-09-26 02:00:00+00:00,34,1,20332,11338.0,11364.75,11329.0,11331.75,21563,MNQZ2
2022-09-26 03:00:00+00:00,34,1,20332,11331.25,11351.75,11312.75,11321.5,14625,MNQZ2
2022-09-26 04:00:00+00:00,34,1,20332,11321.0,11329.0,11291.5,11295.25,13861,MNQZ2
2022-09-26 05:00:00+00:00,34,1,20332,11295.0,11307.5,11264.25,11272.25,21992,MNQZ2
2022-09-26 06:00:00+00:00,34,1,20332,11272.5,11297.5,11256.5,11277.75,26466,MNQZ2
2022-09-26 07:00:00+00:00,34,1,20332,11277.25,11422.25,11271.75,11350.5,75697,MNQZ2
2022-09-26 08:00:00+00:00,34,1,20332,11351.25,11409.0,11342.75,11380.5,38545,MNQZ2
2022-09-26 09:00:00+00:00,34,1,20332,11381.25,11390.75,11279.0,11304.75,37529,MNQZ2
2022-09-26 10:00:00+00:00,34,1,20332,11306.0,11340.5,11290.0,11311.5,31051,MNQZ2
2022-09-26 11:00:00+00:00,34,1,20332,11311.0,11327.5,11285.75,11316.75,31319,MNQZ2
2022-09-26 12:00:00+00:00,34,1,20332,11316.75,11385.5,11292.0,11384.0,57217,MNQZ2
2022-09-26 13:00:00+00:00,34,1,20332,11384.0,11496.5,11342.25,11491.0,197404,MNQZ2
2022-09-26 14:00:00+00:00,34,1,20332,11491.5,11537.75,11435.25,11459.0,235412,MNQZ2
2022-09-26 15:00:00+00:00,34,1,20332,11458.75,11472.5,11355.25,11414.25,189608,MNQZ2
2022-09-26 16:00:00+00:00,34,1,20332,11414.5,11416.0,11309.25,11372.25,150550,MNQZ2
2022-09-26 17:00:00+00:00,34,1,20332,11372.75,11375.75,11293.25,11298.25,141201,MNQZ2
2022-09-26 18:00:00+00:00,34,1,20332,11298.5,11399.5,11293.75,11382.75,152578,MNQZ2
2022-09-26 19:00:00+00:00,34,1,20332,11383.0,11407.5,11309.25,11319.75,196279,MNQZ2
2022-09-26 20:00:00+00:00,34,1,20332,11319.0,11336.25,11290.75,11315.5,28340,MNQZ2
2022-09-26 22:00:00+00:00,34,1,20332,11316.0,11327.25,11297.75,11324.25,10734,MNQZ2
2022-09-26 23:00:00+00:00,34,1,20332,11323.75,11356.5,11323.75,11348.75,11384,MNQZ2
2022-09-27 00:00:00+00:00,34,1,20332,11349.25,11417.75,11347.25,11408.75,24830,MNQZ2
2022-09-27 01:00:00+00:00,34,1,20332,11408.5,11423.0,11392.0,11395.0,20699,MNQZ2
2022-09-27 02:00:00+00:00,34,1,20332,11395.25,11414.0,11385.5,11399.25,13200,MNQZ2
2022-09-27 03:00:00+00:00,34,1,20332,11399.5,11410.25,11374.0,11401.25,12635,MNQZ2
2022-09-27 04:00:00+00:00,34,1,20332,11401.0,11407.5,11393.5,11399.75,6589,MNQZ2
2022-09-27 05:00:00+00:00,34,1,20332,11400.0,11419.75,11386.0,11418.5,12209,MNQZ2
2022-09-27 06:00:00+00:00,34,1,20332,11418.25,11467.0,11412.5,11438.0,27628,MNQZ2
2022-09-27 07:00:00+00:00,34,1,20332,11438.75,11510.75,11423.5,11486.5,47234,MNQZ2
2022-09-27 08:00:00+00:00,34,1,20332,11486.25,11501.0,11451.5,11454.75,28591,MNQZ2
2022-09-27 09:00:00+00:00,34,1,20332,11455.0,11458.5,11414.5,11419.5,29414,MNQZ2
2022-09-27 10:00:00+00:00,34,1,20332,11419.25,11486.25,11418.75,11468.25,33846,MNQZ2
2022-09-27 11:00:00+00:00,34,1,20332,11468.25,11514.5,11457.5,11496.75,36480,MNQZ2
2022-09-27 12:00:00+00:00,34,1,20332,11496.75,11524.5,11474.0,11474.5,49827,MNQZ2
2022-09-27 13:00:00+00:00,34,1,20332,11474.25,11568.0,11458.25,11489.25,186910,MNQZ2
2022-09-27 14:00:00+00:00,34,1,20332,11490.0,11504.0,11405.25,11487.75,258235,MNQZ2
2022-09-27 15:00:00+00:00,34,1,20332,11488.25,11499.0,11341.75,11344.25,200805,MNQZ2
2022-09-27 16:00:00+00:00,34,1,20332,11344.75,11346.5,11233.5,11301.25,186218,MNQZ2
2022-09-27 17:00:00+00:00,34,1,20332,11300.75,11301.0,11242.25,11271.75,140748,MNQZ2
2022-09-27 18:00:00+00:00,34,1,20332,11272.25,11363.75,11254.25,11343.0,137764,MNQZ2
2022-09-27 19:00:00+00:00,34,1,20332,11342.5,11355.0,11281.0,11332.75,159454,MNQZ2
2022-09-27 20:00:00+00:00,34,1,20332,11332.5,11359.25,11309.75,11354.25,20819,MNQZ2
2022-09-27 22:00:00+00:00,34,1,20332,11357.5,11377.25,11342.5,11366.5,12734,MNQZ2
2022-09-27 23:00:00+00:00,34,1,20332,11366.0,11376.5,11345.75,11347.0,11070,MNQZ2
2022-09-28 00:00:00+00:00,34,1,20332,11347.5,11393.0,11347.5,11361.25,20968,MNQZ2
2022-09-28 01:00:00+00:00,34,1,20332,11361.0,11376.0,11254.0,11273.0,42911,MNQZ2
2022-09-28 02:00:00+00:00,34,1,20332,11272.75,11274.5,11184.0,11216.25,42658,MNQZ2
2022-09-28 03:00:00+00:00,34,1,20332,11217.25,11250.0,11213.75,11235.0,21727,MNQZ2
2022-09-28 04:00:00+00:00,34,1,20332,11234.75,11264.0,11214.5,11234.25,19372,MNQZ2
2022-09-28 05:00:00+00:00,34,1,20332,11233.5,11260.25,11208.0,11259.75,22728,MNQZ2
2022-09-28 06:00:00+00:00,34,1,20332,11259.75,11282.5,11202.75,11206.5,36738,MNQZ2
2022-09-28 07:00:00+00:00,34,1,20332,11206.75,11270.0,11168.75,11247.25,66429,MNQZ2
2022-09-28 08:00:00+00:00,34,1,20332,11248.0,11255.25,11182.0,11215.5,42712,MNQZ2
2022-09-28 09:00:00+00:00,34,1,20332,11216.25,11220.5,11145.0,11152.25,45287,MNQZ2
2022-09-28 10:00:00+00:00,34,1,20332,11151.25,11311.75,11141.75,11249.75,125591,MNQZ2
2022-09-28 11:00:00+00:00,34,1,20332,11250.5,11259.0,11190.25,11217.0,64173,MNQZ2
2022-09-28 12:00:00+00:00,34,1,20332,11217.0,11355.75,11214.75,11321.5,90294,MNQZ2
2022-09-28 13:00:00+00:00,34,1,20332,11321.75,11353.0,11266.0,11310.75,206492,MNQZ2
2022-09-28 14:00:00+00:00,34,1,20332,11312.25,11432.5,11271.75,11397.5,217765,MNQZ2
2022-09-28 15:00:00+00:00,34,1,20332,11397.75,11481.75,11384.25,11479.25,148690,MNQZ2
2022-09-28 16:00:00+00:00,34,1,20332,11479.5,11512.75,11453.75,11477.0,98486,MNQZ2
2022-09-28 17:00:00+00:00,34,1,20332,11477.5,11519.0,11459.25,11477.0,92962,MNQZ2
2022-09-28 18:00:00+00:00,34,1,20332,11477.0,11528.0,11471.5,11517.75,85781,MNQZ2
2022-09-28 19:00:00+00:00,34,1,20332,11518.0,11612.5,11513.5,11554.0,125694,MNQZ2
2022-09-28 20:00:00+00:00,34,1,20332,11554.5,11567.5,11535.5,11539.25,24528,MNQZ2
2022-09-28 22:00:00+00:00,34,1,20332,11540.0,11564.5,11521.5,11531.75,11304,MNQZ2
2022-09-28 23:00:00+00:00,34,1,20332,11531.25,11541.0,11522.75,11533.75,9429,MNQZ2
2022-09-29 00:00:00+00:00,34,1,20332,11534.0,11566.25,11527.0,11540.25,19860,MNQZ2
2022-09-29 01:00:00+00:00,34,1,20332,11540.25,11547.25,11524.5,11526.5,12876,MNQZ2
2022-09-29 02:00:00+00:00,34,1,20332,11526.0,11535.25,11500.5,11514.75,16102,MNQZ2
2022-09-29 03:00:00+00:00,34,1,20332,11514.25,11543.75,11508.5,11536.5,11478,MNQZ2
2022-09-29 04:00:00+00:00,34,1,20332,11536.75,11557.5,11532.25,11545.75,11503,MNQZ2
2022-09-29 05:00:00+00:00,34,1,20332,11546.0,11550.75,11483.25,11502.25,25011,MNQZ2
2022-09-29 06:00:00+00:00,34,1,20332,11502.25,11503.25,11422.75,11466.25,44804,MNQZ2
2022-09-29 07:00:00+00:00,34,1,20332,11467.0,11477.5,11360.0,11390.0,68341,MNQZ2
2022-09-29 08:00:00+00:00,34,1,20332,11390.0,11425.25,11376.0,11396.25,42870,MNQZ2
2022-09-29 09:00:00+00:00,34,1,20332,11395.5,11468.25,11389.25,11441.5,38521,MNQZ2
2022-09-29 10:00:00+00:00,34,1,20332,11441.25,11444.5,11388.25,11405.25,32648,MNQZ2
2022-09-29 11:00:00+00:00,34,1,20332,11406.25,11459.0,11406.0,11417.25,35219,MNQZ2
2022-09-29 12:00:00+00:00,34,1,20332,11417.5,11435.0,11333.5,11370.0,87383,MNQZ2
2022-09-29 13:00:00+00:00,34,1,20332,11370.0,11416.25,11242.75,11256.5,193009,MNQZ2
2022-09-29 14:00:00+00:00,34,1,20332,11256.75,11268.0,11156.0,11216.0,222847,MNQZ2
2022-09-29 15:00:00+00:00,34,1,20332,11216.0,11274.75,11190.75,11257.0,143363,MNQZ2
2022-09-29 16:00:00+00:00,34,1,20332,11256.5,11271.0,11176.75,11181.75,105728,MNQZ2
2022-09-29 17:00:00+00:00,34,1,20332,11182.5,11200.0,11118.0,11122.75,106534,MNQZ2
2022-09-29 18:00:00+00:00,34,1,20332,11122.75,11159.5,11091.5,11106.0,110365,MNQZ2
2022-09-29 19:00:00+00:00,34,1,20332,11106.75,11238.0,11105.5,11231.0,140772,MNQZ2
2022-09-29 20:00:00+00:00,34,1,20332,11231.0,11254.75,11219.5,11232.75,25755,MNQZ2
2022-09-29 22:00:00+00:00,34,1,20332,11224.75,11259.5,11215.0,11243.75,16990,MNQZ2
2022-09-29 23:00:00+00:00,34,1,20332,11243.75,11274.25,11243.0,11265.0,13154,MNQZ2
2022-09-30 00:00:00+00:00,34,1,20332,11265.75,11272.0,11206.75,11234.0,24920,MNQZ2
2022-09-30 01:00:00+00:00,34,1,20332,11234.0,11271.5,11223.0,11253.75,23863,MNQZ2
2022-09-30 02:00:00+00:00,34,1,20332,11254.0,11261.25,11195.0,11225.5,25520,MNQZ2
2022-09-30 03:00:00+00:00,34,1,20332,11225.0,11234.25,11188.5,11195.75,18191,MNQZ2
2022-09-30 04:00:00+00:00,34,1,20332,11195.25,11223.25,11180.5,11214.25,17904,MNQZ2
2022-09-30 05:00:00+00:00,34,1,20332,11214.25,11258.25,11211.25,11226.0,24334,MNQZ2
2022-09-30 06:00:00+00:00,34,1,20332,11225.5,11294.0,11225.5,11281.5,34731,MNQZ2
2022-09-30 07:00:00+00:00,34,1,20332,11281.25,11350.25,11280.75,11335.5,54251,MNQZ2
2022-09-30 08:00:00+00:00,34,1,20332,11335.5,11348.5,11303.25,11341.75,36792,MNQZ2
2022-09-30 09:00:00+00:00,34,1,20332,11343.0,11344.75,11281.0,11292.25,33649,MNQZ2
2022-09-30 10:00:00+00:00,34,1,20332,11291.75,11330.0,11264.25,11275.75,34945,MNQZ2
2022-09-30 11:00:00+00:00,34,1,20332,11275.75,11281.5,11224.25,11248.0,44186,MNQZ2
2022-09-30 12:00:00+00:00,34,1,20332,11248.25,11301.0,11163.0,11240.5,113971,MNQZ2
2022-09-30 13:00:00+00:00,34,1,20332,11240.0,11265.75,11143.0,11231.5,211227,MNQZ2
2022-09-30 14:00:00+00:00,34,1,20332,11231.0,11317.0,11196.75,11300.0,207793,MNQZ2
2022-09-30 15:00:00+00:00,34,1,20332,11299.75,11357.0,11236.25,11246.0,154422,MNQZ2
2022-09-30 16:00:00+00:00,34,1,20332,11246.0,11263.0,11199.5,11227.0,114219,MNQZ2
2022-09-30 17:00:00+00:00,34,1,20332,11226.5,11238.0,11150.25,11160.5,102409,MNQZ2
2022-09-30 18:00:00+00:00,34,1,20332,11160.75,11191.75,11105.25,11111.0,119006,MNQZ2
2022-09-30 19:00:00+00:00,34,1,20332,11111.25,11161.5,11024.5,11028.75,165621,MNQZ2
2022-09-30 20:00:00+00:00,34,1,20332,11030.5,11083.0,11024.5,11056.5,37666,MNQZ2
2022-10-02 22:00:00+00:00,34,1,20332,11028.75,11051.25,10972.5,11023.25,35817,MNQZ2
2022-10-02 23:00:00+00:00,34,1,20332,11022.75,11035.75,10930.25,10943.25,29286,MNQZ2
2022-10-03 00:00:00+00:00,34,1,20332,10944.0,10948.25,10890.5,10907.5,36699,MNQZ2
2022-10-03 01:00:00+00:00,34,1,20332,10908.0,11024.75,10906.75,11015.75,39718,MNQZ2
2022-10-03 02:00:00+00:00,34,1,20332,11015.5,11016.0,10957.0,10960.25,30371,MNQZ2
2022-10-03 03:00:00+00:00,34,1,20332,10960.75,11007.0,10960.0,10990.75,19926,MNQZ2
2022-10-03 04:00:00+00:00,34,1,20332,10990.5,11000.0,10963.25,10975.5,16703,MNQZ2
2022-10-03 05:00:00+00:00,34,1,20332,10975.5,11035.25,10951.25,11011.0,28993,MNQZ2
2022-10-03 06:00:00+00:00,34,1,20332,11011.5,11061.0,10976.5,11005.5,40758,MNQZ2
2022-10-03 07:00:00+00:00,34,1,20332,11006.0,11034.5,10963.75,10992.25,60128,MNQZ2
2022-10-03 08:00:00+00:00,34,1,20332,10992.5,10992.5,10953.75,10981.0,38745,MNQZ2
2022-10-03 09:00:00+00:00,34,1,20332,10980.5,11006.75,10943.5,11004.5,34972,MNQZ2
2022-10-03 10:00:00+00:00,34,1,20332,11004.5,11041.0,10996.5,11038.5,31983,MNQZ2
2022-10-03 11:00:00+00:00,34,1,20332,11038.75,11075.5,11027.75,11073.25,39509,MNQZ2
2022-10-03 12:00:00+00:00,34,1,20332,11073.25,11126.5,11052.25,11105.0,62350,MNQZ2
2022-10-03 13:00:00+00:00,34,1,20332,11105.25,11135.75,11040.0,11090.25,168385,MNQZ2
2022-10-03 14:00:00+00:00,34,1,20332,11091.5,11230.5,11091.5,11198.25,201677,MNQZ2
2022-10-03 15:00:00+00:00,34,1,20332,11198.5,11236.75,11158.25,11176.5,130482,MNQZ2
2022-10-03 16:00:00+00:00,34,1,20332,11176.5,11222.5,11174.25,11206.25,98479,MNQZ2
2022-10-03 17:00:00+00:00,34,1,20332,11206.75,11282.0,11203.5,11264.0,89778,MNQZ2
2022-10-03 18:00:00+00:00,34,1,20332,11264.25,11357.75,11263.5,11342.5,93413,MNQZ2
2022-10-03 19:00:00+00:00,34,1,20332,11343.0,11357.5,11276.5,11290.75,107942,MNQZ2
2022-10-03 20:00:00+00:00,34,1,20332,11290.5,11326.75,11286.25,11309.5,20755,MNQZ2
2022-10-03 22:00:00+00:00,34,1,20332,11315.0,11330.25,11282.75,11299.5,13927,MNQZ2
2022-10-03 23:00:00+00:00,34,1,20332,11299.0,11347.75,11298.0,11344.0,17315,MNQZ2
2022-10-04 00:00:00+00:00,34,1,20332,11344.25,11403.25,11334.75,11385.0,28512,MNQZ2
2022-10-04 01:00:00+00:00,34,1,20332,11385.0,11385.25,11356.0,11356.5,15421,MNQZ2
2022-10-04 02:00:00+00:00,34,1,20332,11356.5,11368.75,11336.25,11368.0,18567,MNQZ2
2022-10-04 03:00:00+00:00,34,1,20332,11367.5,11402.0,11362.5,11398.0,19514,MNQZ2
2022-10-04 04:00:00+00:00,34,1,20332,11398.0,11427.5,11386.25,11413.25,20161,MNQZ2
2022-10-04 05:00:00+00:00,34,1,20332,11413.0,11438.75,11406.25,11419.75,19490,MNQZ2
2022-10-04 06:00:00+00:00,34,1,20332,11419.75,11448.5,11409.25,11445.25,29088,MNQZ2
2022-10-04 07:00:00+00:00,34,1,20332,11445.0,11496.25,11428.5,11489.75,58158,MNQZ2
2022-10-04 08:00:00+00:00,34,1,20332,11489.75,11499.0,11473.0,11493.5,33741,MNQZ2
2022-10-04 09:00:00+00:00,34,1,20332,11493.75,11517.5,11466.75,11509.75,39283,MNQZ2
2022-10-04 10:00:00+00:00,34,1,20332,11509.25,11552.75,11503.0,11526.25,40935,MNQZ2
2022-10-04 11:00:00+00:00,34,1,20332,11526.5,11527.5,11505.5,11519.5,34619,MNQZ2
2022-10-04 12:00:00+00:00,34,1,20332,11519.75,11527.5,11483.0,11514.0,57586,MNQZ2
2022-10-04 13:00:00+00:00,34,1,20332,11514.0,11619.0,11496.25,11617.0,185487,MNQZ2
2022-10-04 14:00:00+00:00,34,1,20332,11616.5,11676.25,11614.75,11669.75,198875,MNQZ2
2022-10-04 15:00:00+00:00,34,1,20332,11670.0,11675.0,11624.5,11647.25,112205,MNQZ2
2022-10-04 16:00:00+00:00,34,1,20332,11647.75,11659.75,11590.75,11600.75,105116,MNQZ2
2022-10-04 17:00:00+00:00,34,1,20332,11601.0,11623.75,11524.0,11608.0,126209,MNQZ2
2022-10-04 18:00:00+00:00,34,1,20332,11608.0,11648.0,11581.5,11636.5,95187,MNQZ2
2022-10-04 19:00:00+00:00,34,1,20332,11636.25,11646.75,11577.5,11643.75,121834,MNQZ2
2022-10-04 20:00:00+00:00,34,1,20332,11643.5,11665.75,11631.5,11644.75,21319,MNQZ2
2022-10-04 22:00:00+00:00,34,1,20332,11632.0,11645.5,11616.25,11624.0,12058,MNQZ2
2022-10-04 23:00:00+00:00,34,1,20332,11623.25,11627.0,11608.5,11620.75,9143,MNQZ2
2022-10-05 00:00:00+00:00,34,1,20332,11620.75,11621.5,11572.25,11586.25,20863,MNQZ2
2022-10-05 01:00:00+00:00,34,1,20332,11586.5,11613.0,11563.25,11576.0,25867,MNQZ2
2022-10-05 02:00:00+00:00,34,1,20332,11576.0,11598.25,11569.0,11578.75,16897,MNQZ2
2022-10-05 03:00:00+00:00,34,1,20332,11578.0,11591.25,11576.0,11585.75,9867,MNQZ2
2022-10-05 04:00:00+00:00,34,1,20332,11585.75,11588.25,11570.75,11574.0,9026,MNQZ2
2022-10-05 05:00:00+00:00,34,1,20332,11573.75,11595.25,11573.0,11592.75,11806,MNQZ2
2022-10-05 06:00:00+00:00,34,1,20332,11593.0,11596.25,11572.5,11578.0,16404,MNQZ2
2022-10-05 07:00:00+00:00,34,1,20332,11578.25,11593.75,11552.5,11565.75,45477,MNQZ2
2022-10-05 08:00:00+00:00,34,1,20332,11566.25,11576.75,11508.75,11550.5,48888,MNQZ2
2022-10-05 09:00:00+00:00,34,1,20332,11550.25,11561.25,11515.0,11529.5,27630,MNQZ2
2022-10-05 10:00:00+00:00,34,1,20332,11529.5,11566.5,11526.5,11566.0,25888,MNQZ2
2022-10-05 11:00:00+00:00,34,1,20332,11566.0,11568.0,11530.0,11539.0,35675,MNQZ2
2022-10-05 12:00:00+00:00,34,1,20332,11539.25,11547.0,11502.75,11513.0,52597,MNQZ2
2022-10-05 13:00:00+00:00,34,1,20332,11512.5,11539.0,11464.25,11497.25,178928,MNQZ2
2022-10-05 14:00:00+00:00,34,1,20332,11497.0,11501.75,11368.0,11381.75,226570,MNQZ2
2022-10-05 15:00:00+00:00,34,1,20332,11381.5,11459.5,11375.75,11454.25,127271,MNQZ2
2022-10-05 16:00:00+00:00,34,1,20332,11454.0,11567.75,11425.5,11541.75,135790,MNQZ2
2022-10-05 17:00:00+00:00,34,1,20332,11542.25,11626.0,11537.75,11567.0,108447,MNQZ2
2022-10-05 18:00:00+00:00,34,1,20332,11566.25,11648.25,11559.25,11645.0,98578,MNQZ2
2022-10-05 19:00:00+00:00,34,1,20332,11645.75,11711.0,11611.5,11636.25,133316,MNQZ2
2022-10-05 20:00:00+00:00,34,1,20332,11635.5,11664.75,11628.5,11628.5,20606,MNQZ2
2022-10-05 22:00:00+00:00,34,1,20332,11628.75,11654.25,11615.25,11651.25,11176,MNQZ2
2022-10-05 23:00:00+00:00,34,1,20332,11650.75,11700.0,11642.0,11699.25,15733,MNQZ2
2022-10-06 00:00:00+00:00,34,1,20332,11699.75,11730.0,11684.25,11706.75,26165,MNQZ2
2022-10-06 01:00:00+00:00,34,1,20332,11706.75,11713.5,11668.0,11690.5,26129,MNQZ2
2022-10-06 02:00:00+00:00,34,1,20332,11690.25,11700.0,11674.5,11691.25,14755,MNQZ2
2022-10-06 03:00:00+00:00,34,1,20332,11692.0,11713.25,11689.0,11695.0,11752,MNQZ2
2022-10-06 04:00:00+00:00,34,1,20332,11695.0,11702.25,11680.25,11700.5,8965,MNQZ2
2022-10-06 05:00:00+00:00,34,1,20332,11700.75,11717.5,11692.75,11707.25,11056,MNQZ2
2022-10-06 06:00:00+00:00,34,1,20332,11707.25,11707.25,11630.0,11632.25,31235,MNQZ2
2022-10-06 07:00:00+00:00,34,1,20332,11632.25,11667.0,11605.0,11636.0,47818,MNQZ2
2022-10-06 08:00:00+00:00,34,1,20332,11635.5,11647.0,11567.0,11584.5,40125,MNQZ2
2022-10-06 09:00:00+00:00,34,1,20332,11584.5,11593.0,11541.75,11545.0,28634,MNQZ2
2022-10-06 10:00:00+00:00,34,1,20332,11545.25,11552.0,11523.5,11545.0,31265,MNQZ2
2022-10-06 11:00:00+00:00,34,1,20332,11545.0,11589.0,11544.25,11579.5,37449,MNQZ2
2022-10-06 12:00:00+00:00,34,1,20332,11580.0,11661.25,11552.0,11621.5,76550,MNQZ2
2022-10-06 13:00:00+00:00,34,1,20332,11621.5,11721.75,11574.5,11638.0,215204,MNQZ2
2022-10-06 14:00:00+00:00,34,1,20332,11638.0,11644.0,11526.5,11641.25,283172,MNQZ2
2022-10-06 15:00:00+00:00,34,1,20332,11641.5,11669.0,11580.25,11583.5,182802,MNQZ2
2022-10-06 16:00:00+00:00,34,1,20332,11583.75,11643.0,11561.25,11615.0,118371,MNQZ2
2022-10-06 17:00:00+00:00,34,1,20332,11615.25,11639.5,11587.0,11626.0,98983,MNQZ2
2022-10-06 18:00:00+00:00,34,1,20332,11626.75,11627.5,11528.75,11556.25,107935,MNQZ2
2022-10-06 19:00:00+00:00,34,1,20332,11556.5,11588.0,11527.25,11542.5,128849,MNQZ2
2022-10-06 20:00:00+00:00,34,1,20332,11542.25,11556.25,11505.5,11505.75,24980,MNQZ2
2022-10-06 22:00:00+00:00,34,1,20332,11498.25,11514.5,11477.25,11492.25,12034,MNQZ2
2022-10-06 23:00:00+00:00,34,1,20332,11492.25,11523.0,11490.0,11498.75,11436,MNQZ2
2022-10-07 00:00:00+00:00,34,1,20332,11498.75,11529.0,11496.0,11514.25,15874,MNQZ2
2022-10-07 01:00:00+00:00,34,1,20332,11514.5,11544.0,11509.25,11538.75,14703,MNQZ2
2022-10-07 02:00:00+00:00,34,1,20332,11539.5,11563.75,11527.5,11552.75,14489,MNQZ2
2022-10-07 03:00:00+00:00,34,1,20332,11552.75,11557.25,11521.25,11529.75,11926,MNQZ2
2022-10-07 04:00:00+00:00,34,1,20332,11530.0,11537.75,11505.5,11508.25,10495,MNQZ2
2022-10-07 05:00:00+00:00,34,1,20332,11508.5,11528.0,11497.25,11513.75,15705,MNQZ2
2022-10-07 06:00:00+00:00,34,1,20332,11513.5,11521.75,11453.0,11479.0,32531,MNQZ2
2022-10-07 07:00:00+00:00,34,1,20332,11479.25,11524.75,11471.5,11486.0,40634,MNQZ2
2022-10-07 08:00:00+00:00,34,1,20332,11485.0,11503.75,11465.75,11500.75,25341,MNQZ2
2022-10-07 09:00:00+00:00,34,1,20332,11501.0,11528.5,11496.0,11515.5,20532,MNQZ2
2022-10-07 10:00:00+00:00,34,1,20332,11515.25,11518.5,11482.0,11501.25,22519,MNQZ2
2022-10-07 11:00:00+00:00,34,1,20332,11501.0,11516.75,11493.5,11501.75,23938,MNQZ2
2022-10-07 12:00:00+00:00,34,1,20332,11501.5,11577.0,11300.25,11353.0,147939,MNQZ2
2022-10-07 13:00:00+00:00,34,1,20332,11353.25,11377.5,11216.5,11225.5,238921,MNQZ2
2022-10-07 14:00:00+00:00,34,1,20332,11225.75,11276.0,11204.5,11236.5,200873,MNQZ2
2022-10-07 15:00:00+00:00,34,1,20332,11236.5,11256.75,11165.5,11187.25,140886,MNQZ2
2022-10-07 16:00:00+00:00,34,1,20332,11187.25,11203.25,11121.25,11137.0,105851,MNQZ2
2022-10-07 17:00:00+00:00,34,1,20332,11137.25,11153.75,11108.75,11114.5,89606,MNQZ2
2022-10-07 18:00:00+00:00,34,1,20332,11114.75,11133.75,11087.5,11108.5,90858,MNQZ2
2022-10-07 19:00:00+00:00,34,1,20332,11108.25,11135.25,11043.25,11099.0,152092,MNQZ2
2022-10-07 20:00:00+00:00,34,1,20332,11099.0,11105.75,11086.75,11096.25,23146,MNQZ2
2022-10-09 22:00:00+00:00,34,1,20332,11066.75,11068.75,10985.5,10999.0,33938,MNQZ2
2022-10-09 23:00:00+00:00,34,1,20332,10998.75,11048.0,10987.25,11035.75,26164,MNQZ2
2022-10-10 00:00:00+00:00,34,1,20332,11036.25,11072.25,11013.25,11054.5,26861,MNQZ2
2022-10-10 01:00:00+00:00,34,1,20332,11054.0,11081.75,11035.75,11063.25,22565,MNQZ2
2022-10-10 02:00:00+00:00,34,1,20332,11062.75,11063.5,11045.5,11057.5,11832,MNQZ2
2022-10-10 03:00:00+00:00,34,1,20332,11056.75,11060.75,11035.0,11046.75,10603,MNQZ2
2022-10-10 04:00:00+00:00,34,1,20332,11046.25,11061.5,11042.0,11056.75,8851,MNQZ2
2022-10-10 05:00:00+00:00,34,1,20332,11057.25,11071.0,11027.5,11028.5,15880,MNQZ2
2022-10-10 06:00:00+00:00,34,1,20332,11028.75,11064.25,11012.5,11025.25,23209,MNQZ2
2022-10-10 07:00:00+00:00,34,1,20332,11026.0,11091.5,11023.5,11046.25,43337,MNQZ2
2022-10-10 08:00:00+00:00,34,1,20332,11045.75,11052.5,10995.0,11020.5,30397,MNQZ2
2022-10-10 09:00:00+00:00,34,1,20332,11021.0,11081.25,11020.75,11076.5,24811,MNQZ2
2022-10-10 10:00:00+00:00,34,1,20332,11076.0,11084.5,11035.0,11042.75,24310,MNQZ2
2022-10-10 11:00:00+00:00,34,1,20332,11042.5,11085.5,11041.75,11067.5,29412,MNQZ2
2022-10-10 12:00:00+00:00,34,1,20332,11068.25,11129.25,11051.75,11127.0,45474,MNQZ2
2022-10-10 13:00:00+00:00,34,1,20332,11127.0,11136.5,11003.0,11014.5,172120,MNQZ2
2022-10-10 14:00:00+00:00,34,1,20332,11015.0,11068.25,10933.75,10951.75,214640,MNQZ2
2022-10-10 15:00:00+00:00,34,1,20332,10951.75,11019.25,10926.75,10988.5,135397,MNQZ2
2022-10-10 16:00:00+00:00,34,1,20332,10988.25,10989.0,10906.25,10907.0,93484,MNQZ2
2022-10-10 17:00:00+00:00,34,1,20332,10907.25,11068.25,10876.75,11035.25,147477,MNQZ2
2022-10-10 18:00:00+00:00,34,1,20332,11035.5,11043.75,10971.75,11002.0,118076,MNQZ2
2022-10-10 19:00:00+00:00,34,1,20332,11002.75,11049.75,10976.75,10980.75,138573,MNQZ2
2022-10-10 20:00:00+00:00,34,1,20332,10981.0,11004.75,10980.25,10993.5,13707,MNQZ2
2022-10-10 22:00:00+00:00,34,1,20332,10989.0,11011.25,10983.5,11006.5,7458,MNQZ2
2022-10-10 23:00:00+00:00,34,1,20332,11007.0,11031.5,11006.75,11014.5,10565,MNQZ2
2022-10-11 00:00:00+00:00,34,1,20332,11014.25,11022.25,10968.5,11015.0,24487,MNQZ2
2022-10-11 01:00:00+00:00,34,1,20332,11014.0,11029.25,10949.5,10960.5,26544,MNQZ2
2022-10-11 02:00:00+00:00,34,1,20332,10960.25,10968.25,10920.0,10935.75,25665,MNQZ2
2022-10-11 03:00:00+00:00,34,1,20332,10936.0,10956.0,10930.0,10936.75,11555,MNQZ2
2022-10-11 04:00:00+00:00,34,1,20332,10936.25,10947.25,10913.25,10926.25,12302,MNQZ2
2022-10-11 05:00:00+00:00,34,1,20332,10926.5,10940.75,10917.0,10927.5,12621,MNQZ2
2022-10-11 06:00:00+00:00,34,1,20332,10927.25,10963.75,10884.5,10892.0,30727,MNQZ2
2022-10-11 07:00:00+00:00,34,1,20332,10892.0,10956.25,10853.5,10909.25,60265,MNQZ2
2022-10-11 08:00:00+00:00,34,1,20332,10908.75,10946.5,10874.75,10888.75,38038,MNQZ2
2022-10-11 09:00:00+00:00,34,1,20332,10888.75,10906.75,10867.5,10883.75,29607,MNQZ2
2022-10-11 10:00:00+00:00,34,1,20332,10884.25,10914.5,10858.25,10913.0,32682,MNQZ2
2022-10-11 11:00:00+00:00,34,1,20332,10912.75,10940.0,10907.75,10936.5,35786,MNQZ2
2022-10-11 12:00:00+00:00,34,1,20332,10936.5,10991.5,10927.25,10942.75,56928,MNQZ2
2022-10-11 13:00:00+00:00,34,1,20332,10943.0,10949.25,10821.0,10823.5,188802,MNQZ2
2022-10-11 14:00:00+00:00,34,1,20332,10823.5,10901.5,10788.5,10846.25,250600,MNQZ2
2022-10-11 15:00:00+00:00,34,1,20332,10847.25,10995.75,10843.25,10961.25,200776,MNQZ2
2022-10-11 16:00:00+00:00,34,1,20332,10961.5,11039.75,10913.0,10996.5,154523,MNQZ2
2022-10-11 17:00:00+00:00,34,1,20332,10996.75,11009.0,10940.5,10974.0,120920,MNQZ2
2022-10-11 18:00:00+00:00,34,1,20332,10974.25,10985.5,10810.75,10818.5,152493,MNQZ2
2022-10-11 19:00:00+00:00,34,1,20332,10819.0,10859.75,10767.25,10844.0,204669,MNQZ2
2022-10-11 20:00:00+00:00,34,1,20332,10844.75,10882.0,10841.0,10881.0,19208,MNQZ2
2022-10-11 22:00:00+00:00,34,1,20332,10876.5,10878.0,10852.25,10861.0,8990,MNQZ2
2022-10-11 23:00:00+00:00,34,1,20332,10860.75,10871.5,10845.75,10865.0,8263,MNQZ2
2022-10-12 00:00:00+00:00,34,1,20332,10865.0,10908.5,10836.0,10892.0,27457,MNQZ2
2022-10-12 01:00:00+00:00,34,1,20332,10892.25,10898.75,10846.0,10865.25,21844,MNQZ2
2022-10-12 02:00:00+00:00,34,1,20332,10864.75,10882.75,10841.0,10878.5,19648,MNQZ2
2022-10-12 03:00:00+00:00,34,1,20332,10878.0,10886.0,10861.75,10868.5,11869,MNQZ2
2022-10-12 04:00:00+00:00,34,1,20332,10868.0,10929.25,10864.0,10904.75,26888,MNQZ2
2022-10-12 05:00:00+00:00,34,1,20332,10904.75,10937.5,10882.75,10931.5,20387,MNQZ2
2022-10-12 06:00:00+00:00,34,1,20332,10931.75,10976.75,10913.25,10943.0,39540,MNQZ2
2022-10-12 07:00:00+00:00,34,1,20332,10942.75,10948.5,10875.75,10905.75,57988,MNQZ2
2022-10-12 08:00:00+00:00,34,1,20332,10905.25,10937.0,10898.5,10919.75,30842,MNQZ2
2022-10-12 09:00:00+00:00,34,1,20332,10920.0,10973.75,10908.5,10950.5,31095,MNQZ2
2022-10-12 10:00:00+00:00,34,1,20332,10950.5,10966.0,10910.0,10932.75,27569,MNQZ2
2022-10-12 11:00:00+00:00,34,1,20332,10933.25,10959.5,10923.5,10939.5,28472,MNQZ2
2022-10-12 12:00:00+00:00,34,1,20332,10940.25,10967.75,10852.0,10887.5,84790,MNQZ2
2022-10-12 13:00:00+00:00,34,1,20332,10888.0,10945.5,10805.75,10890.5,218293,MNQZ2
2022-10-12 14:00:00+00:00,34,1,20332,10891.25,10908.25,10807.25,10836.75,215194,MNQZ2
2022-10-12 15:00:00+00:00,34,1,20332,10837.0,10921.75,10831.75,10912.5,141652,MNQZ2
2022-10-12 16:00:00+00:00,34,1,20332,10912.75,10926.0,10842.0,10882.0,100878,MNQZ2
2022-10-12 17:00:00+00:00,34,1,20332,10882.0,10895.75,10837.75,10850.0,66556,MNQZ2
2022-10-12 18:00:00+00:00,34,1,20332,10848.75,10919.0,10830.25,10856.75,176416,MNQZ2
2022-10-12 19:00:00+00:00,34,1,20332,10857.0,10885.75,10835.25,10836.75,99372,MNQZ2
2022-10-12 20:00:00+00:00,34,1,20332,10836.75,10853.75,10833.75,10853.0,15936,MNQZ2
2022-10-12 22:00:00+00:00,34,1,20332,10855.0,10865.0,10851.0,10854.5,5052,MNQZ2
2022-10-12 23:00:00+00:00,34,1,20332,10855.0,10873.0,10851.0,10869.25,5541,MNQZ2
2022-10-13 00:00:00+00:00,34,1,20332,10868.5,10877.5,10856.5,10872.75,10995,MNQZ2
2022-10-13 01:00:00+00:00,34,1,20332,10872.75,10878.5,10853.5,10858.5,12054,MNQZ2
2022-10-13 02:00:00+00:00,34,1,20332,10858.0,10860.25,10834.75,10846.0,13327,MNQZ2
2022-10-13 03:00:00+00:00,34,1,20332,10846.25,10854.5,10844.25,10850.0,6151,MNQZ2
2022-10-13 04:00:00+00:00,34,1,20332,10850.25,10858.0,10837.0,10842.0,6812,MNQZ2
2022-10-13 05:00:00+00:00,34,1,20332,10841.75,10856.0,10824.25,10830.5,15466,MNQZ2
2022-10-13 06:00:00+00:00,34,1,20332,10830.0,10843.5,10821.25,10832.75,17810,MNQZ2
2022-10-13 07:00:00+00:00,34,1,20332,10832.0,10853.0,10803.0,10839.25,33390,MNQZ2
2022-10-13 08:00:00+00:00,34,1,20332,10839.5,10863.0,10823.25,10856.5,22643,MNQZ2
2022-10-13 09:00:00+00:00,34,1,20332,10856.75,10886.0,10856.0,10861.75,24458,MNQZ2
2022-10-13 10:00:00+00:00,34,1,20332,10861.75,10882.25,10855.0,10870.5,17050,MNQZ2
2022-10-13 11:00:00+00:00,34,1,20332,10870.75,10943.75,10864.25,10915.75,51124,MNQZ2
2022-10-13 12:00:00+00:00,34,1,20332,10916.0,11035.0,10502.0,10542.25,182944,MNQZ2
2022-10-13 13:00:00+00:00,34,1,20332,10542.25,10629.75,10484.5,10615.0,274777,MNQZ2
2022-10-13 14:00:00+00:00,34,1,20332,10615.25,10709.0,10596.75,10657.25,290349,MNQZ2
2022-10-13 15:00:00+00:00,34,1,20332,10657.5,11113.75,10642.5,11004.75,417896,MNQZ2
2022-10-13 16:00:00+00:00,34,1,20332,11004.5,11046.5,10914.0,10972.75,202036,MNQZ2
2022-10-13 17:00:00+00:00,34,1,20332,10973.0,11117.5,10973.0,11070.5,147029,MNQZ2
2022-10-13 18:00:00+00:00,34,1,20332,11070.75,11121.5,11006.5,11106.5,124868,MNQZ2
2022-10-13 19:00:00+00:00,34,1,20332,11107.0,11142.25,11053.0,11081.75,153292,MNQZ2
2022-10-13 20:00:00+00:00,34,1,20332,11081.5,11112.75,11060.75,11065.75,20170,MNQZ2
2022-10-13 22:00:00+00:00,34,1,20332,11070.0,11085.75,11057.5,11074.0,11701,MNQZ2
2022-10-13 23:00:00+00:00,34,1,20332,11074.25,11084.75,11064.5,11064.75,10348,MNQZ2
2022-10-14 00:00:00+00:00,34,1,20332,11064.25,11067.0,11021.25,11060.0,25381,MNQZ2
2022-10-14 01:00:00+00:00,34,1,20332,11059.5,11158.5,11053.5,11152.5,36209,MNQZ2
2022-10-14 02:00:00+00:00,34,1,20332,11152.25,11174.5,11134.25,11144.5,25965,MNQZ2
2022-10-14 03:00:00+00:00,34,1,20332,11145.0,11185.25,11132.5,11167.0,18958,MNQZ2
2022-10-14 04:00:00+00:00,34,1,20332,11167.0,11168.25,11141.75,11147.25,15609,MNQZ2
2022-10-14 05:00:00+00:00,34,1,20332,11147.0,11159.5,11132.0,11143.0,18960,MNQZ2
2022-10-14 06:00:00+00:00,34,1,20332,11143.0,11182.5,11126.0,11152.75,34633,MNQZ2
2022-10-14 07:00:00+00:00,34,1,20332,11152.75,11155.75,11070.0,11108.0,54980,MNQZ2
2022-10-14 08:00:00+00:00,34,1,20332,11107.75,11109.0,11005.5,11011.0,46169,MNQZ2
2022-10-14 09:00:00+00:00,34,1,20332,11011.25,11047.25,10988.0,11042.75,46697,MNQZ2
2022-10-14 10:00:00+00:00,34,1,20332,11042.75,11130.0,11037.75,11111.5,58874,MNQZ2
2022-10-14 11:00:00+00:00,34,1,20332,11112.25,11125.0,11026.25,11028.5,51882,MNQZ2
2022-10-14 12:00:00+00:00,34,1,20332,11028.5,11253.75,11026.5,11220.0,115125,MNQZ2
2022-10-14 13:00:00+00:00,34,1,20332,11219.75,11226.5,11030.5,11050.75,273999,MNQZ2
2022-10-14 14:00:00+00:00,34,1,20332,11052.0,11054.25,10851.5,10917.0,291467,MNQZ2
2022-10-14 15:00:00+00:00,34,1,20332,10917.5,10971.5,10821.25,10833.25,168654,MNQZ2
2022-10-14 16:00:00+00:00,34,1,20332,10833.5,10875.75,10783.25,10819.25,139838,MNQZ2
2022-10-14 17:00:00+00:00,34,1,20332,10819.5,10853.0,10793.5,10850.5,93958,MNQZ2
2022-10-14 18:00:00+00:00,34,1,20332,10851.0,10851.5,10767.5,10799.75,95545,MNQZ2
2022-10-14 19:00:00+00:00,34,1,20332,10800.25,10824.75,10726.75,10747.5,131142,MNQZ2
2022-10-14 20:00:00+00:00,34,1,20332,10747.75,10766.0,10741.5,10748.75,23872,MNQZ2
2022-10-16 22:00:00+00:00,34,1,20332,10720.5,10802.5,10705.0,10791.25,20073,MNQZ2
2022-10-16 23:00:00+00:00,34,1,20332,10791.0,10798.0,10773.0,10791.5,13733,MNQZ2
2022-10-17 00:00:00+00:00,34,1,20332,10792.0,10798.75,10761.5,10786.75,20739,MNQZ2
2022-10-17 01:00:00+00:00,34,1,20332,10787.5,10804.0,10771.75,10784.0,18783,MNQZ2
2022-10-17 02:00:00+00:00,34,1,20332,10784.5,10794.75,10771.75,10780.25,13305,MNQZ2
2022-10-17 03:00:00+00:00,34,1,20332,10780.0,10792.25,10772.25,10784.5,8644,MNQZ2
2022-10-17 04:00:00+00:00,34,1,20332,10784.0,10792.0,10775.75,10788.75,12091,MNQZ2
2022-10-17 05:00:00+00:00,34,1,20332,10788.25,10850.0,10787.0,10839.25,26609,MNQZ2
2022-10-17 06:00:00+00:00,34,1,20332,10839.5,10853.75,10823.25,10836.0,26424,MNQZ2
2022-10-17 07:00:00+00:00,34,1,20332,10836.25,10899.75,10810.5,10880.0,57099,MNQZ2
2022-10-17 08:00:00+00:00,34,1,20332,10880.25,10884.0,10838.75,10863.5,30585,MNQZ2
2022-10-17 09:00:00+00:00,34,1,20332,10863.5,10888.75,10855.5,10882.75,18297,MNQZ2
2022-10-17 10:00:00+00:00,34,1,20332,10882.0,10916.75,10873.0,10904.5,32486,MNQZ2
2022-10-17 11:00:00+00:00,34,1,20332,10904.25,10911.0,10878.25,10902.25,26778,MNQZ2
2022-10-17 12:00:00+00:00,34,1,20332,10901.25,10950.0,10875.5,10944.25,54022,MNQZ2
2022-10-17 13:00:00+00:00,34,1,20332,10944.0,11117.5,10943.75,11073.75,217169,MNQZ2
2022-10-17 14:00:00+00:00,34,1,20332,11074.0,11133.0,11027.0,11046.5,205042,MNQZ2
2022-10-17 15:00:00+00:00,34,1,20332,11046.75,11136.0,11022.5,11114.75,136796,MNQZ2
2022-10-17 16:00:00+00:00,34,1,20332,11114.75,11132.5,11077.0,11095.5,102376,MNQZ2
2022-10-17 17:00:00+00:00,34,1,20332,11095.5,11137.0,11077.0,11128.5,77357,MNQZ2
2022-10-17 18:00:00+00:00,34,1,20332,11128.5,11145.5,11097.0,11113.5,81688,MNQZ2
2022-10-17 19:00:00+00:00,34,1,20332,11113.75,11138.75,11088.75,11110.75,103559,MNQZ2
2022-10-17 20:00:00+00:00,34,1,20332,11110.75,11149.0,11102.0,11135.0,19624,MNQZ2
2022-10-17 22:00:00+00:00,34,1,20332,11161.75,11199.0,11159.25,11185.25,14485,MNQZ2
2022-10-17 23:00:00+00:00,34,1,20332,11185.75,11218.25,11183.0,11211.25,14664,MNQZ2
2022-10-18 00:00:00+00:00,34,1,20332,11211.0,11218.75,11192.5,11205.0,15101,MNQZ2
2022-10-18 01:00:00+00:00,34,1,20332,11205.0,11214.0,11187.75,11194.0,15171,MNQZ2
2022-10-18 02:00:00+00:00,34,1,20332,11194.5,11194.75,11179.5,11188.25,10277,MNQZ2
2022-10-18 03:00:00+00:00,34,1,20332,11188.0,11316.0,11187.25,11297.25,37960,MNQZ2
2022-10-18 04:00:00+00:00,34,1,20332,11297.5,11363.25,11294.0,11331.75,40949,MNQZ2
2022-10-18 05:00:00+00:00,34,1,20332,11331.5,11339.5,11298.0,11306.0,21823,MNQZ2
2022-10-18 06:00:00+00:00,34,1,20332,11306.25,11352.0,11288.0,11311.75,31423,MNQZ2
2022-10-18 07:00:00+00:00,34,1,20332,11311.0,11337.75,11263.5,11330.25,45723,MNQZ2
2022-10-18 08:00:00+00:00,34,1,20332,11330.75,11335.0,11257.25,11259.75,35074,MNQZ2
2022-10-18 09:00:00+00:00,34,1,20332,11260.0,11292.75,11237.75,11291.5,43174,MNQZ2
2022-10-18 10:00:00+00:00,34,1,20332,11290.5,11330.75,11280.0,11288.0,38031,MNQZ2
2022-10-18 11:00:00+00:00,34,1,20332,11288.0,11356.0,11284.0,11340.25,43384,MNQZ2
2022-10-18 12:00:00+00:00,34,1,20332,11340.75,11398.5,11336.0,11391.0,64222,MNQZ2
2022-10-18 13:00:00+00:00,34,1,20332,11391.25,11431.75,11293.0,11307.5,218358,MNQZ2
2022-10-18 14:00:00+00:00,34,1,20332,11307.25,11345.75,11214.0,11244.0,219879,MNQZ2
2022-10-18 15:00:00+00:00,34,1,20332,11244.5,11257.0,11084.0,11157.5,216547,MNQZ2
2022-10-18 16:00:00+00:00,34,1,20332,11157.25,11247.5,11129.0,11194.0,145725,MNQZ2
2022-10-18 17:00:00+00:00,34,1,20332,11194.25,11254.75,11147.25,11241.75,119953,MNQZ2
2022-10-18 18:00:00+00:00,34,1,20332,11242.0,11248.75,11081.5,11139.5,156672,MNQZ2
2022-10-18 19:00:00+00:00,34,1,20332,11139.5,11217.25,11098.0,11203.0,139261,MNQZ2
2022-10-18 20:00:00+00:00,34,1,20332,11202.75,11338.5,11156.25,11324.25,48058,MNQZ2
2022-10-18 22:00:00+00:00,34,1,20332,11323.75,11338.5,11307.5,11331.0,10734,MNQZ2
2022-10-18 23:00:00+00:00,34,1,20332,11331.5,11382.5,11329.25,11343.75,22068,MNQZ2
2022-10-19 00:00:00+00:00,34,1,20332,11343.75,11359.75,11316.5,11349.75,22465,MNQZ2
2022-10-19 01:00:00+00:00,34,1,20332,11350.0,11377.75,11338.75,11362.75,17031,MNQZ2
2022-10-19 02:00:00+00:00,34,1,20332,11363.0,11364.75,11325.0,11338.5,14386,MNQZ2
2022-10-19 03:00:00+00:00,34,1,20332,11338.5,11343.25,11320.25,11332.0,11813,MNQZ2
2022-10-19 04:00:00+00:00,34,1,20332,11331.75,11336.75,11310.25,11315.0,10602,MNQZ2
2022-10-19 05:00:00+00:00,34,1,20332,11315.25,11323.5,11278.25,11288.5,19535,MNQZ2
2022-10-19 06:00:00+00:00,34,1,20332,11288.5,11296.75,11236.5,11245.0,37021,MNQZ2
2022-10-19 07:00:00+00:00,34,1,20332,11245.25,11261.75,11202.0,11253.25,45450,MNQZ2
2022-10-19 08:00:00+00:00,34,1,20332,11253.5,11254.0,11174.5,11211.75,40429,MNQZ2
2022-10-19 09:00:00+00:00,34,1,20332,11211.75,11290.0,11207.0,11290.0,35521,MNQZ2
2022-10-19 10:00:00+00:00,34,1,20332,11290.0,11292.25,11192.5,11216.25,38686,MNQZ2
2022-10-19 11:00:00+00:00,34,1,20332,11216.25,11237.0,11128.0,11169.75,60520,MNQZ2
2022-10-19 12:00:00+00:00,34,1,20332,11169.25,11174.5,11104.75,11130.5,73657,MNQZ2
2022-10-19 13:00:00+00:00,34,1,20332,11131.0,11213.25,11106.5,11137.25,210537,MNQZ2
2022-10-19 14:00:00+00:00,34,1,20332,11136.75,11284.5,11120.25,11188.0,236777,MNQZ2
2022-10-19 15:00:00+00:00,34,1,20332,11187.75,11233.0,11157.5,11202.5,145400,MNQZ2
2022-10-19 16:00:00+00:00,34,1,20332,11202.75,11208.5,11109.25,11120.5,113443,MNQZ2
2022-10-19 17:00:00+00:00,34,1,20332,11120.75,11127.75,11050.25,11098.25,117534,MNQZ2
2022-10-19 18:00:00+00:00,34,1,20332,11098.25,11153.75,11083.75,11102.75,93660,MNQZ2
2022-10-19 19:00:00+00:00,34,1,20332,11103.0,11158.5,11087.0,11154.75,100182,MNQZ2
2022-10-19 20:00:00+00:00,34,1,20332,11154.25,11212.75,11106.75,11150.75,42610,MNQZ2
2022-10-19 22:00:00+00:00,34,1,20332,11141.75,11145.75,11091.75,11099.25,15476,MNQZ2
2022-10-19 23:00:00+00:00,34,1,20332,11098.75,11103.75,11073.5,11089.0,14050,MNQZ2
2022-10-20 00:00:00+00:00,34,1,20332,11088.25,11114.0,11037.0,11058.5,27355,MNQZ2
2022-10-20 01:00:00+00:00,34,1,20332,11058.25,11058.5,11008.0,11030.75,28605,MNQZ2
2022-10-20 02:00:00+00:00,34,1,20332,11030.75,11056.25,11022.0,11052.75,15351,MNQZ2
2022-10-20 03:00:00+00:00,34,1,20332,11052.75,11060.0,11016.5,11029.5,14493,MNQZ2
2022-10-20 04:00:00+00:00,34,1,20332,11029.75,11102.75,11017.75,11081.25,32272,MNQZ2
2022-10-20 05:00:00+00:00,34,1,20332,11081.0,11155.25,11061.5,11099.75,39687,MNQZ2
2022-10-20 06:00:00+00:00,34,1,20332,11099.75,11108.25,11054.5,11088.5,28105,MNQZ2
2022-10-20 07:00:00+00:00,34,1,20332,11088.75,11099.75,11029.0,11041.25,46655,MNQZ2
2022-10-20 08:00:00+00:00,34,1,20332,11041.25,11074.75,11030.25,11054.25,28837,MNQZ2
2022-10-20 09:00:00+00:00,34,1,20332,11054.75,11104.75,11050.25,11085.5,25670,MNQZ2
2022-10-20 10:00:00+00:00,34,1,20332,11085.25,11178.5,11071.0,11159.0,38580,MNQZ2
2022-10-20 11:00:00+00:00,34,1,20332,11159.5,11188.0,11124.0,11159.0,44354,MNQZ2
2022-10-20 12:00:00+00:00,34,1,20332,11159.0,11219.25,11082.5,11083.5,100097,MNQZ2
2022-10-20 13:00:00+00:00,34,1,20332,11084.25,11229.25,11082.25,11202.25,179414,MNQZ2
2022-10-20 14:00:00+00:00,34,1,20332,11202.25,11329.0,11193.25,11318.0,170693,MNQZ2
2022-10-20 15:00:00+00:00,34,1,20332,11318.0,11326.5,11246.25,11271.0,109540,MNQZ2
2022-10-20 16:00:00+00:00,34,1,20332,11271.25,11275.25,11145.0,11175.75,136177,MNQZ2
2022-10-20 17:00:00+00:00,34,1,20332,11175.25,11183.25,11073.75,11095.75,127591,MNQZ2
2022-10-20 18:00:00+00:00,34,1,20332,11096.25,11102.75,11041.0,11083.75,102383,MNQZ2
2022-10-20 19:00:00+00:00,34,1,20332,11084.0,11119.75,11054.0,11087.25,104781,MNQZ2
2022-10-20 20:00:00+00:00,34,1,20332,11087.25,11127.0,11050.0,11060.5,36657,MNQZ2
2022-10-20 22:00:00+00:00,34,1,20332,11062.75,11064.0,11011.0,11017.5,15047,MNQZ2
2022-10-20 23:00:00+00:00,34,1,20332,11017.75,11024.25,10995.25,11020.5,15187,MNQZ2
2022-10-21 00:00:00+00:00,34,1,20332,11020.75,11038.0,10986.25,11027.25,22000,MNQZ2
2022-10-21 01:00:00+00:00,34,1,20332,11027.75,11037.5,11010.75,11019.0,16442,MNQZ2
2022-10-21 02:00:00+00:00,34,1,20332,11018.75,11053.0,11015.5,11048.0,15313,MNQZ2
2022-10-21 03:00:00+00:00,34,1,20332,11047.75,11062.5,11018.75,11025.5,16257,MNQZ2
2022-10-21 04:00:00+00:00,34,1,20332,11025.0,11029.0,11006.0,11020.0,13509,MNQZ2
2022-10-21 05:00:00+00:00,34,1,20332,11020.5,11025.0,11003.5,11016.75,13417,MNQZ2
2022-10-21 06:00:00+00:00,34,1,20332,11016.5,11052.0,11006.25,11039.0,23504,MNQZ2
2022-10-21 07:00:00+00:00,34,1,20332,11039.25,11086.0,11005.5,11016.75,42164,MNQZ2
2022-10-21 08:00:00+00:00,34,1,20332,11016.75,11022.5,10973.25,10987.25,39862,MNQZ2
2022-10-21 09:00:00+00:00,34,1,20332,10987.75,11007.25,10967.0,11000.75,32862,MNQZ2
2022-10-21 10:00:00+00:00,34,1,20332,11000.5,11008.75,10977.25,11002.5,25128,MNQZ2
2022-10-21 11:00:00+00:00,34,1,20332,11002.0,11027.75,10980.75,10982.5,35864,MNQZ2
2022-10-21 12:00:00+00:00,34,1,20332,10982.5,10993.75,10937.0,10981.0,73043,MNQZ2
2022-10-21 13:00:00+00:00,34,1,20332,10980.75,11155.75,10980.5,11155.5,314269,MNQZ2
2022-10-21 14:00:00+00:00,34,1,20332,11155.75,11224.0,11079.25,11089.25,276009,MNQZ2
2022-10-21 15:00:00+00:00,34,1,20332,11089.5,11213.75,11051.0,11212.75,210257,MNQZ2
2022-10-21 16:00:00+00:00,34,1,20332,11213.0,11257.0,11179.5,11232.75,148924,MNQZ2
2022-10-21 17:00:00+00:00,34,1,20332,11232.75,11292.0,11222.5,11291.5,91198,MNQZ2
2022-10-21 18:00:00+00:00,34,1,20332,11291.5,11320.25,11273.5,11303.5,83283,MNQZ2
2022-10-21 19:00:00+00:00,34,1,20332,11303.75,11375.0,11294.75,11354.0,94017,MNQZ2
2022-10-21 20:00:00+00:00,34,1,20332,11353.75,11386.25,11346.5,11379.25,21264,MNQZ2
2022-10-23 22:00:00+00:00,34,1,20332,11393.75,11530.75,11389.0,11477.75,35804,MNQZ2
2022-10-23 23:00:00+00:00,34,1,20332,11477.75,11498.75,11451.25,11452.0,28154,MNQZ2
2022-10-24 00:00:00+00:00,34,1,20332,11452.0,11475.75,11433.0,11445.5,24699,MNQZ2
2022-10-24 01:00:00+00:00,34,1,20332,11445.5,11449.25,11406.5,11417.5,27670,MNQZ2
2022-10-24 02:00:00+00:00,34,1,20332,11417.75,11419.25,11393.25,11407.0,20646,MNQZ2
2022-10-24 03:00:00+00:00,34,1,20332,11407.75,11415.0,11362.25,11377.0,18650,MNQZ2
2022-10-24 04:00:00+00:00,34,1,20332,11377.0,11436.25,11364.25,11418.5,22719,MNQZ2
2022-10-24 05:00:00+00:00,34,1,20332,11418.0,11423.25,11358.0,11372.0,22152,MNQZ2
2022-10-24 06:00:00+00:00,34,1,20332,11372.0,11412.5,11360.0,11375.5,28005,MNQZ2
2022-10-24 07:00:00+00:00,34,1,20332,11375.5,11418.5,11299.75,11328.25,55578,MNQZ2
2022-10-24 08:00:00+00:00,34,1,20332,11328.75,11337.0,11260.75,11298.0,46622,MNQZ2
2022-10-24 09:00:00+00:00,34,1,20332,11297.75,11358.0,11274.25,11350.5,30410,MNQZ2
2022-10-24 10:00:00+00:00,34,1,20332,11350.75,11389.75,11324.75,11385.0,41933,MNQZ2
2022-10-24 11:00:00+00:00,34,1,20332,11385.0,11450.25,11360.75,11412.75,52810,MNQZ2
2022-10-24 12:00:00+00:00,34,1,20332,11412.75,11426.0,11354.5,11404.25,64440,MNQZ2
2022-10-24 13:00:00+00:00,34,1,20332,11405.0,11427.5,11300.25,11362.25,199341,MNQZ2
2022-10-24 14:00:00+00:00,34,1,20332,11362.0,11364.25,11207.75,11352.5,233806,MNQZ2
2022-10-24 15:00:00+00:00,34,1,20332,11352.25,11420.25,11320.0,11418.0,148803,MNQZ2
2022-10-24 16:00:00+00:00,34,1,20332,11418.0,11454.25,11393.25,11428.75,91138,MNQZ2
2022-10-24 17:00:00+00:00,34,1,20332,11428.75,11431.0,11373.25,11395.0,67558,MNQZ2
2022-10-24 18:00:00+00:00,34,1,20332,11395.25,11481.25,11390.5,11478.5,61365,MNQZ2
2022-10-24 19:00:00+00:00,34,1,20332,11479.0,11515.5,11454.5,11480.0,77962,MNQZ2
2022-10-24 20:00:00+00:00,34,1,20332,11480.0,11486.25,11453.5,11459.75,14977,MNQZ2
2022-10-24 22:00:00+00:00,34,1,20332,11459.75,11485.0,11454.75,11484.0,9516,MNQZ2
2022-10-24 23:00:00+00:00,34,1,20332,11484.75,11492.5,11468.25,11474.5,9845,MNQZ2
2022-10-25 00:00:00+00:00,34,1,20332,11475.25,11504.0,11451.5,11490.75,20061,MNQZ2
2022-10-25 01:00:00+00:00,34,1,20332,11490.75,11495.0,11430.5,11452.25,31997,MNQZ2
2022-10-25 02:00:00+00:00,34,1,20332,11452.75,11460.75,11438.0,11460.5,14207,MNQZ2
2022-10-25 03:00:00+00:00,34,1,20332,11460.75,11497.0,11455.25,11482.5,15641,MNQZ2
2022-10-25 04:00:00+00:00,34,1,20332,11482.0,11495.75,11479.5,11485.5,8295,MNQZ2
2022-10-25 05:00:00+00:00,34,1,20332,11485.25,11491.25,11464.0,11477.25,14659,MNQZ2
2022-10-25 06:00:00+00:00,34,1,20332,11476.75,11513.5,11476.75,11494.0,22543,MNQZ2
2022-10-25 07:00:00+00:00,34,1,20332,11494.25,11512.0,11469.0,11493.0,35457,MNQZ2
2022-10-25 08:00:00+00:00,34,1,20332,11493.0,11508.75,11468.25,11473.0,23626,MNQZ2
2022-10-25 09:00:00+00:00,34,1,20332,11473.0,11473.25,11440.0,11452.75,23635,MNQZ2
2022-10-25 10:00:00+00:00,34,1,20332,11453.25,11482.0,11437.75,11480.25,25083,MNQZ2
2022-10-25 11:00:00+00:00,34,1,20332,11480.5,11495.0,11462.0,11465.5,24608,MNQZ2
2022-10-25 12:00:00+00:00,34,1,20332,11466.25,11481.25,11446.75,11478.0,41865,MNQZ2
2022-10-25 13:00:00+00:00,34,1,20332,11477.5,11664.75,11477.0,11649.75,175152,MNQZ2
2022-10-25 14:00:00+00:00,34,1,20332,11649.75,11663.25,11605.5,11629.75,175168,MNQZ2
2022-10-25 15:00:00+00:00,34,1,20332,11629.75,11697.0,11621.75,11683.5,121557,MNQZ2
2022-10-25 16:00:00+00:00,34,1,20332,11684.25,11706.0,11646.75,11654.5,84588,MNQZ2
2022-10-25 17:00:00+00:00,34,1,20332,11654.5,11670.0,11615.0,11647.25,97819,MNQZ2
2022-10-25 18:00:00+00:00,34,1,20332,11647.25,11700.75,11643.75,11671.0,76923,MNQZ2
2022-10-25 19:00:00+00:00,34,1,20332,11670.75,11727.5,11668.75,11713.0,96926,MNQZ2
2022-10-25 20:00:00+00:00,34,1,20332,11713.0,11732.75,11535.5,11583.75,70209,MNQZ2
2022-10-25 22:00:00+00:00,34,1,20332,11520.0,11527.75,11471.0,11474.0,36516,MNQZ2
2022-10-25 23:00:00+00:00,34,1,20332,11473.75,11478.75,11451.5,11469.0,20884,MNQZ2
2022-10-26 00:00:00+00:00,34,1,20332,11469.25,11477.0,11441.5,11448.75,19363,MNQZ2
2022-10-26 01:00:00+00:00,34,1,20332,11448.5,11489.5,11436.75,11483.0,23344,MNQZ2
2022-10-26 02:00:00+00:00,34,1,20332,11483.25,11507.0,11482.0,11496.0,16871,MNQZ2
2022-10-26 03:00:00+00:00,34,1,20332,11496.75,11499.25,11483.0,11494.25,10389,MNQZ2
2022-10-26 04:00:00+00:00,34,1,20332,11494.0,11503.5,11487.75,11491.75,7026,MNQZ2
2022-10-26 05:00:00+00:00,34,1,20332,11491.5,11502.5,11475.25,11480.75,14519,MNQZ2
2022-10-26 06:00:00+00:00,34,1,20332,11480.5,11508.5,11476.5,11493.5,20631,MNQZ2
2022-10-26 07:00:00+00:00,34,1,20332,11494.0,11541.75,11490.25,11531.5,40595,MNQZ2
2022-10-26 08:00:00+00:00,34,1,20332,11532.0,11568.75,11530.0,11559.0,37724,MNQZ2
2022-10-26 09:00:00+00:00,34,1,20332,11558.5,11558.75,11509.0,11518.25,27929,MNQZ2
2022-10-26 10:00:00+00:00,34,1,20332,11518.5,11540.5,11505.0,11534.0,26058,MNQZ2
2022-10-26 11:00:00+00:00,34,1,20332,11533.75,11555.75,11502.25,11516.0,40168,MNQZ2
2022-10-26 12:00:00+00:00,34,1,20332,11514.75,11528.0,11479.0,11506.0,48639,MNQZ2
2022-10-26 13:00:00+00:00,34,1,20332,11506.75,11529.5,11433.0,11482.0,189913,MNQZ2
2022-10-26 14:00:00+00:00,34,1,20332,11483.25,11654.75,11480.0,11605.0,246702,MNQZ2
2022-10-26 15:00:00+00:00,34,1,20332,11605.0,11703.5,11605.0,11666.5,153170,MNQZ2
2022-10-26 16:00:00+00:00,34,1,20332,11666.25,11680.0,11546.25,11556.25,123942,MNQZ2
2022-10-26 17:00:00+00:00,34,1,20332,11556.25,11556.5,11472.25,11524.75,142721,MNQZ2
2022-10-26 18:00:00+00:00,34,1,20332,11524.75,11543.25,11458.5,11479.75,103101,MNQZ2
2022-10-26 19:00:00+00:00,34,1,20332,11479.25,11485.0,11437.5,11453.25,117901,MNQZ2
2022-10-26 20:00:00+00:00,34,1,20332,11453.25,11537.75,11413.5,11473.0,50658,MNQZ2
2022-10-26 22:00:00+00:00,34,1,20332,11423.0,11464.25,11417.0,11463.75,15875,MNQZ2
2022-10-26 23:00:00+00:00,34,1,20332,11463.5,11505.25,11462.25,11498.75,16727,MNQZ2
2022-10-27 00:00:00+00:00,34,1,20332,11498.25,11537.75,11476.5,11491.5,25420,MNQZ2
2022-10-27 01:00:00+00:00,34,1,20332,11491.5,11517.5,11488.25,11505.75,20773,MNQZ2
2022-10-27 02:00:00+00:00,34,1,20332,11505.0,11506.25,11461.5,11477.75,17227,MNQZ2
2022-10-27 03:00:00+00:00,34,1,20332,11478.0,11500.0,11476.75,11498.75,10957,MNQZ2
2022-10-27 04:00:00+00:00,34,1,20332,11499.0,11505.5,11489.0,11502.0,8760,MNQZ2
2022-10-27 05:00:00+00:00,34,1,20332,11502.0,11517.75,11481.5,11510.0,15345,MNQZ2
2022-10-27 06:00:00+00:00,34,1,20332,11510.25,11515.5,11455.5,11459.0,22812,MNQZ2
2022-10-27 07:00:00+00:00,34,1,20332,11459.5,11477.5,11433.75,11444.25,32005,MNQZ2
2022-10-27 08:00:00+00:00,34,1,20332,11443.75,11468.5,11427.25,11438.75,25673,MNQZ2
2022-10-27 09:00:00+00:00,34,1,20332,11439.25,11441.5,11392.0,11392.75,28561,MNQZ2
2022-10-27 10:00:00+00:00,34,1,20332,11392.5,11408.75,11366.0,11372.25,25914,MNQZ2
2022-10-27 11:00:00+00:00,34,1,20332,11371.75,11407.75,11367.5,11376.75,32563,MNQZ2
2022-10-27 12:00:00+00:00,34,1,20332,11377.25,11458.0,11345.0,11437.5,120705,MNQZ2
2022-10-27 13:00:00+00:00,34,1,20332,11437.5,11464.5,11263.5,11291.5,246095,MNQZ2
2022-10-27 14:00:00+00:00,34,1,20332,11292.0,11453.0,11275.25,11320.0,258673,MNQZ2
2022-10-27 15:00:00+00:00,34,1,20332,11320.5,11380.5,11284.0,11291.0,173777,MNQZ2
2022-10-27 16:00:00+00:00,34,1,20332,11291.75,11329.5,11247.25,11288.75,129765,MNQZ2
2022-10-27 17:00:00+00:00,34,1,20332,11288.75,11337.75,11261.0,11263.5,91059,MNQZ2
2022-10-27 18:00:00+00:00,34,1,20332,11263.75,11273.75,11229.75,11243.25,71518,MNQZ2
2022-10-27 19:00:00+00:00,34,1,20332,11243.5,11284.25,11220.25,11241.25,105550,MNQZ2
2022-10-27 20:00:00+00:00,34,1,20332,11240.0,11250.5,10924.5,11097.0,106386,MNQZ2
2022-10-27 22:00:00+00:00,34,1,20332,11124.5,11190.75,11123.5,11154.0,25857,MNQZ2
2022-10-27 23:00:00+00:00,34,1,20332,11154.0,11161.75,11127.75,11135.0,13779,MNQZ2
2022-10-28 00:00:00+00:00,34,1,20332,11135.25,11157.0,11123.5,11144.0,16375,MNQZ2
2022-10-28 01:00:00+00:00,34,1,20332,11144.5,11189.75,11144.5,11180.5,21971,MNQZ2
2022-10-28 02:00:00+00:00,34,1,20332,11180.75,11185.75,11148.25,11165.25,14200,MNQZ2
2022-10-28 03:00:00+00:00,34,1,20332,11166.0,11173.0,11146.5,11159.0,12634,MNQZ2
2022-10-28 04:00:00+00:00,34,1,20332,11159.0,11163.0,11135.0,11145.25,10193,MNQZ2
2022-10-28 05:00:00+00:00,34,1,20332,11146.0,11147.5,11102.5,11112.75,21029,MNQZ2
2022-10-28 06:00:00+00:00,34,1,20332,11112.75,11124.5,11082.75,11091.75,26412,MNQZ2
2022-10-28 07:00:00+00:00,34,1,20332,11092.5,11124.25,11062.0,11076.75,37845,MNQZ2
2022-10-28 08:00:00+00:00,34,1,20332,11078.0,11121.0,11067.25,11109.25,25428,MNQZ2
2022-10-28 09:00:00+00:00,34,1,20332,11109.5,11119.0,11075.75,11117.25,27124,MNQZ2
2022-10-28 10:00:00+00:00,34,1,20332,11117.25,11129.5,11102.25,11119.25,19866,MNQZ2
2022-10-28 11:00:00+00:00,34,1,20332,11119.25,11153.75,11100.75,11129.75,28109,MNQZ2
2022-10-28 12:00:00+00:00,34,1,20332,11130.0,11220.75,11070.0,11150.0,90970,MNQZ2
2022-10-28 13:00:00+00:00,34,1,20332,11150.0,11364.25,11138.25,11321.5,210251,MNQZ2
2022-10-28 14:00:00+00:00,34,1,20332,11321.75,11471.5,11257.25,11461.5,248180,MNQZ2
2022-10-28 15:00:00+00:00,34,1,20332,11461.25,11497.0,11440.25,11459.75,128703,MNQZ2
2022-10-28 16:00:00+00:00,34,1,20332,11460.0,11531.0,11434.0,11518.5,109773,MNQZ2
2022-10-28 17:00:00+00:00,34,1,20332,11518.75,11554.5,11512.5,11528.5,64702,MNQZ2
2022-10-28 18:00:00+00:00,34,1,20332,11528.5,11585.5,11514.5,11576.25,73434,MNQZ2
2022-10-28 19:00:00+00:00,34,1,20332,11576.25,11605.25,11547.75,11584.25,82764,MNQZ2
2022-10-28 20:00:00+00:00,34,1,20332,11584.75,11627.0,11581.75,11626.75,28550,MNQZ2
2022-10-30 22:00:00+00:00,34,1,20332,11593.5,11600.0,11545.5,11570.5,16479,MNQZ2
2022-10-30 23:00:00+00:00,34,1,20332,11570.5,11587.25,11554.5,11557.5,10874,MNQZ2
2022-10-31 00:00:00+00:00,34,1,20332,11557.5,11561.75,11518.75,11531.75,16109,MNQZ2
2022-10-31 01:00:00+00:00,34,1,20332,11532.0,11554.75,11516.5,11549.5,17598,MNQZ2
2022-10-31 02:00:00+00:00,34,1,20332,11549.25,11565.75,11541.0,11555.75,11037,MNQZ2
2022-10-31 03:00:00+00:00,34,1,20332,11556.0,11581.5,11552.5,11569.0,10608,MNQZ2
2022-10-31 04:00:00+00:00,34,1,20332,11569.0,11573.5,11554.25,11558.0,6569,MNQZ2
2022-10-31 05:00:00+00:00,34,1,20332,11558.25,11572.75,11542.75,11551.25,11307,MNQZ2
2022-10-31 06:00:00+00:00,34,1,20332,11552.0,11557.0,11533.75,11542.75,12454,MNQZ2
2022-10-31 07:00:00+00:00,34,1,20332,11542.5,11562.5,11525.0,11562.5,16646,MNQZ2
2022-10-31 08:00:00+00:00,34,1,20332,11562.75,11564.0,11484.25,11499.0,35761,MNQZ2
2022-10-31 09:00:00+00:00,34,1,20332,11499.5,11522.0,11488.5,11506.5,19165,MNQZ2
2022-10-31 10:00:00+00:00,34,1,20332,11506.5,11517.5,11494.0,11514.25,19164,MNQZ2
2022-10-31 11:00:00+00:00,34,1,20332,11514.25,11545.5,11514.0,11522.5,30268,MNQZ2
2022-10-31 12:00:00+00:00,34,1,20332,11523.0,11525.0,11489.25,11504.25,34959,MNQZ2
2022-10-31 13:00:00+00:00,34,1,20332,11504.25,11522.75,11412.5,11422.5,162970,MNQZ2
2022-10-31 14:00:00+00:00,34,1,20332,11423.5,11453.0,11367.0,11412.0,154643,MNQZ2
2022-10-31 15:00:00+00:00,34,1,20332,11412.5,11501.0,11405.75,11459.75,130701,MNQZ2
2022-10-31 16:00:00+00:00,34,1,20332,11459.5,11513.25,11424.25,11446.25,113523,MNQZ2
2022-10-31 17:00:00+00:00,34,1,20332,11446.5,11497.25,11426.75,11472.75,80395,MNQZ2
2022-10-31 18:00:00+00:00,34,1,20332,11472.75,11498.75,11451.5,11468.25,72808,MNQZ2
2022-10-31 19:00:00+00:00,34,1,20332,11468.25,11482.5,11416.25,11448.25,109359,MNQZ2
2022-10-31 20:00:00+00:00,34,1,20332,11448.75,11468.75,11436.5,11453.5,21227,MNQZ2
2022-10-31 22:00:00+00:00,34,1,20332,11451.75,11468.5,11446.5,11462.25,7129,MNQZ2
2022-10-31 23:00:00+00:00,34,1,20332,11461.75,11479.75,11461.5,11468.75,8243,MNQZ2
2022-11-01 00:00:00+00:00,34,1,20332,11468.75,11494.5,11463.5,11482.75,12619,MNQZ2
2022-11-01 01:00:00+00:00,34,1,20332,11482.5,11495.5,11480.0,11493.5,10947,MNQZ2
2022-11-01 02:00:00+00:00,34,1,20332,11494.0,11501.0,11485.0,11499.0,10098,MNQZ2
2022-11-01 03:00:00+00:00,34,1,20332,11499.25,11506.0,11480.75,11490.25,9821,MNQZ2
2022-11-01 04:00:00+00:00,34,1,20332,11490.5,11493.25,11478.5,11485.0,6083,MNQZ2
2022-11-01 05:00:00+00:00,34,1,20332,11485.0,11525.75,11483.5,11517.25,14297,MNQZ2
2022-11-01 06:00:00+00:00,34,1,20332,11517.5,11541.0,11517.25,11538.75,14851,MNQZ2
2022-11-01 07:00:00+00:00,34,1,20332,11538.75,11549.25,11503.0,11525.0,29089,MNQZ2
2022-11-01 08:00:00+00:00,34,1,20332,11525.75,11574.0,11522.25,11554.75,32416,MNQZ2
2022-11-01 09:00:00+00:00,34,1,20332,11555.25,11573.25,11535.75,11570.0,22040,MNQZ2
2022-11-01 10:00:00+00:00,34,1,20332,11569.75,11593.0,11558.5,11583.0,22603,MNQZ2
2022-11-01 11:00:00+00:00,34,1,20332,11583.0,11594.5,11569.0,11585.25,24117,MNQZ2
2022-11-01 12:00:00+00:00,34,1,20332,11585.5,11614.25,11577.5,11602.5,38738,MNQZ2
2022-11-01 13:00:00+00:00,34,1,20332,11602.25,11619.0,11499.5,11513.0,174776,MNQZ2
2022-11-01 14:00:00+00:00,34,1,20332,11513.0,11525.0,11342.75,11358.25,311328,MNQZ2
2022-11-01 15:00:00+00:00,34,1,20332,11358.25,11396.5,11325.75,11364.5,161356,MNQZ2
2022-11-01 16:00:00+00:00,34,1,20332,11364.5,11411.25,11315.5,11356.0,137138,MNQZ2
2022-11-01 17:00:00+00:00,34,1,20332,11355.75,11374.75,11323.75,11351.75,76578,MNQZ2
2022-11-01 18:00:00+00:00,34,1,20332,11351.75,11376.0,11328.0,11369.75,64176,MNQZ2
2022-11-01 19:00:00+00:00,34,1,20332,11369.5,11380.5,11328.5,11330.75,76863,MNQZ2
2022-11-01 20:00:00+00:00,34,1,20332,11330.5,11340.25,11288.75,11320.25,33855,MNQZ2
2022-11-01 22:00:00+00:00,34,1,20332,11319.0,11343.75,11318.75,11341.25,7757,MNQZ2
2022-11-01 23:00:00+00:00,34,1,20332,11341.75,11349.0,11327.25,11332.75,8759,MNQZ2
2022-11-02 00:00:00+00:00,34,1,20332,11332.75,11370.0,11319.0,11365.5,17888,MNQZ2
2022-11-02 01:00:00+00:00,34,1,20332,11365.25,11378.0,11359.25,11368.5,11268,MNQZ2
2022-11-02 02:00:00+00:00,34,1,20332,11369.0,11379.25,11352.0,11373.5,11469,MNQZ2
2022-11-02 03:00:00+00:00,34,1,20332,11373.75,11384.0,11360.75,11372.5,10486,MNQZ2
2022-11-02 04:00:00+00:00,34,1,20332,11372.5,11378.5,11362.5,11370.5,7318,MNQZ2
2022-11-02 05:00:00+00:00,34,1,20332,11370.75,11383.0,11367.0,11375.75,10901,MNQZ2
2022-11-02 06:00:00+00:00,34,1,20332,11376.25,11377.0,11351.0,11359.5,10961,MNQZ2
2022-11-02 07:00:00+00:00,34,1,20332,11359.25,11365.75,11335.75,11351.25,17430,MNQZ2
2022-11-02 08:00:00+00:00,34,1,20332,11351.25,11390.25,11348.5,11371.75,25535,MNQZ2
2022-11-02 09:00:00+00:00,34,1,20332,11372.0,11380.75,11335.75,11355.25,20806,MNQZ2
2022-11-02 10:00:00+00:00,34,1,20332,11354.25,11361.0,11330.25,11347.25,17255,MNQZ2
2022-11-02 11:00:00+00:00,34,1,20332,11347.5,11359.5,11335.0,11354.5,15856,MNQZ2
2022-11-02 12:00:00+00:00,34,1,20332,11354.25,11360.0,11295.5,11332.0,51984,MNQZ2
2022-11-02 13:00:00+00:00,34,1,20332,11332.25,11340.75,11271.25,11280.0,125833,MNQZ2
2022-11-02 14:00:00+00:00,34,1,20332,11280.25,11309.5,11253.75,11269.5,125466,MNQZ2
2022-11-02 15:00:00+00:00,34,1,20332,11269.5,11277.75,11224.0,11235.5,77422,MNQZ2
2022-11-02 16:00:00+00:00,34,1,20332,11235.25,11245.25,11191.0,11235.5,63310,MNQZ2
2022-11-02 17:00:00+00:00,34,1,20332,11235.5,11273.75,11209.5,11250.25,47281,MNQZ2
2022-11-02 18:00:00+00:00,34,1,20332,11251.25,11459.75,11118.25,11159.25,368660,MNQZ2
2022-11-02 19:00:00+00:00,34,1,20332,11159.75,11244.75,10937.25,10938.75,221824,MNQZ2
2022-11-02 20:00:00+00:00,34,1,20332,10939.25,10956.0,10908.25,10942.5,33608,MNQZ2
2022-11-02 22:00:00+00:00,34,1,20332,10944.75,10946.25,10901.0,10923.25,16252,MNQZ2
2022-11-02 23:00:00+00:00,34,1,20332,10922.5,10924.5,10905.5,10919.25,12951,MNQZ2
2022-11-03 00:00:00+00:00,34,1,20332,10919.25,10944.0,10910.5,10943.75,14307,MNQZ2
2022-11-03 01:00:00+00:00,34,1,20332,10943.5,10985.75,10938.75,10965.5,22432,MNQZ2
2022-11-03 02:00:00+00:00,34,1,20332,10965.75,10982.25,10958.25,10964.25,12769,MNQZ2
2022-11-03 03:00:00+00:00,34,1,20332,10964.25,10987.25,10964.25,10979.0,10497,MNQZ2
2022-11-03 04:00:00+00:00,34,1,20332,10979.0,10987.0,10968.75,10975.75,9037,MNQZ2
2022-11-03 05:00:00+00:00,34,1,20332,10975.75,10995.75,10973.25,10976.0,11845,MNQZ2
2022-11-03 06:00:00+00:00,34,1,20332,10976.0,10978.5,10944.75,10959.75,18998,MNQZ2
2022-11-03 07:00:00+00:00,34,1,20332,10959.5,10974.5,10920.0,10942.5,30385,MNQZ2
2022-11-03 08:00:00+00:00,34,1,20332,10942.25,10964.75,10894.0,10918.25,41565,MNQZ2
2022-11-03 09:00:00+00:00,34,1,20332,10918.0,10934.25,10891.0,10914.75,27045,MNQZ2
2022-11-03 10:00:00+00:00,34,1,20332,10915.25,10922.0,10852.5,10865.75,33255,MNQZ2
2022-11-03 11:00:00+00:00,34,1,20332,10865.0,10870.25,10815.75,10828.5,34915,MNQZ2
2022-11-03 12:00:00+00:00,34,1,20332,10827.75,10859.25,10802.5,10805.25,56888,MNQZ2
2022-11-03 13:00:00+00:00,34,1,20332,10804.5,10848.25,10723.0,10727.25,194927,MNQZ2
2022-11-03 14:00:00+00:00,34,1,20332,10727.25,10882.75,10708.0,10866.75,275989,MNQZ2
2022-11-03 15:00:00+00:00,34,1,20332,10867.25,10888.5,10754.0,10768.0,171274,MNQZ2
2022-11-03 16:00:00+00:00,34,1,20332,10768.0,10861.5,10751.75,10851.25,132911,MNQZ2
2022-11-03 17:00:00+00:00,34,1,20332,10851.75,10858.0,10777.25,10778.0,85622,MNQZ2
2022-11-03 18:00:00+00:00,34,1,20332,10778.5,10818.0,10764.0,10809.25,78103,MNQZ2
2022-11-03 19:00:00+00:00,34,1,20332,10809.5,10812.25,10718.25,10724.5,99701,MNQZ2
2022-11-03 20:00:00+00:00,34,1,20332,10724.5,10741.75,10717.0,10728.25,21002,MNQZ2
2022-11-03 22:00:00+00:00,34,1,20332,10724.5,10724.5,10692.75,10712.0,14239,MNQZ2
2022-11-03 23:00:00+00:00,34,1,20332,10712.25,10719.0,10703.5,10710.75,7578,MNQZ2
2022-11-04 00:00:00+00:00,34,1,20332,10710.75,10735.0,10710.5,10732.75,12766,MNQZ2
2022-11-04 01:00:00+00:00,34,1,20332,10733.0,10742.0,10716.25,10741.0,13617,MNQZ2
2022-11-04 02:00:00+00:00,34,1,20332,10741.25,10749.0,10734.25,10743.25,9861,MNQZ2
2022-11-04 03:00:00+00:00,34,1,20332,10743.0,10747.5,10736.75,10745.25,7761,MNQZ2
2022-11-04 04:00:00+00:00,34,1,20332,10745.0,10782.5,10742.25,10775.0,14302,MNQZ2
2022-11-04 05:00:00+00:00,34,1,20332,10775.0,10793.0,10770.0,10771.0,17228,MNQZ2
2022-11-04 06:00:00+00:00,34,1,20332,10771.0,10828.25,10767.25,10814.5,25105,MNQZ2
2022-11-04 07:00:00+00:00,34,1,20332,10813.75,10823.5,10750.0,10757.5,32921,MNQZ2
2022-11-04 08:00:00+00:00,34,1,20332,10757.5,10789.75,10749.25,10788.25,28355,MNQZ2
2022-11-04 09:00:00+00:00,34,1,20332,10788.25,10831.0,10783.0,10804.75,29883,MNQZ2
2022-11-04 10:00:00+00:00,34,1,20332,10804.5,10828.5,10792.5,10819.0,22190,MNQZ2
2022-11-04 11:00:00+00:00,34,1,20332,10818.5,10844.5,10798.25,10817.5,28962,MNQZ2
2022-11-04 12:00:00+00:00,34,1,20332,10817.75,10878.0,10636.0,10873.25,131399,MNQZ2
2022-11-04 13:00:00+00:00,34,1,20332,10873.25,10963.75,10724.25,10843.75,285381,MNQZ2
2022-11-04 14:00:00+00:00,34,1,20332,10844.25,10974.25,10806.5,10889.5,281800,MNQZ2
2022-11-04 15:00:00+00:00,34,1,20332,10889.75,10906.75,10700.75,10705.75,226199,MNQZ2
2022-11-04 16:00:00+00:00,34,1,20332,10705.5,10795.25,10678.75,10714.75,202280,MNQZ2
2022-11-04 17:00:00+00:00,34,1,20332,10714.75,10738.75,10667.75,10688.25,146515,MNQZ2
2022-11-04 18:00:00+00:00,34,1,20332,10688.0,10817.25,10662.75,10808.25,144354,MNQZ2
2022-11-04 19:00:00+00:00,34,1,20332,10808.0,10897.0,10792.5,10893.25,154970,MNQZ2
2022-11-04 20:00:00+00:00,34,1,20332,10893.25,10916.5,10866.5,10874.75,22928,MNQZ2
2022-11-06 23:00:00+00:00,34,1,20332,10829.25,10829.25,10775.75,10796.25,21237,MNQZ2
2022-11-07 00:00:00+00:00,34,1,20332,10796.25,10834.5,10790.25,10821.75,18620,MNQZ2
2022-11-07 01:00:00+00:00,34,1,20332,10821.25,10852.5,10784.25,10843.25,28707,MNQZ2
2022-11-07 02:00:00+00:00,34,1,20332,10843.25,10869.75,10833.25,10865.0,16718,MNQZ2
2022-11-07 03:00:00+00:00,34,1,20332,10865.0,10881.75,10851.25,10864.5,17755,MNQZ2
2022-11-07 04:00:00+00:00,34,1,20332,10863.75,10875.0,10854.5,10864.5,10902,MNQZ2
2022-11-07 05:00:00+00:00,34,1,20332,10864.0,10892.25,10853.75,10858.0,16308,MNQZ2
2022-11-07 06:00:00+00:00,34,1,20332,10857.75,10878.0,10856.5,10871.0,11390,MNQZ2
2022-11-07 07:00:00+00:00,34,1,20332,10871.5,10875.25,10815.25,10820.75,25299,MNQZ2
2022-11-07 08:00:00+00:00,34,1,20332,10821.0,10935.25,10812.25,10926.0,43437,MNQZ2
2022-11-07 09:00:00+00:00,34,1,20332,10926.25,10944.5,10899.25,10900.75,32185,MNQZ2
2022-11-07 10:00:00+00:00,34,1,20332,10901.0,10953.25,10901.0,10949.75,22508,MNQZ2
2022-11-07 11:00:00+00:00,34,1,20332,10949.75,10972.25,10943.5,10945.75,25123,MNQZ2
2022-11-07 12:00:00+00:00,34,1,20332,10944.75,10962.5,10920.0,10932.25,38044,MNQZ2
2022-11-07 13:00:00+00:00,34,1,20332,10932.25,10952.75,10906.75,10926.0,65795,MNQZ2
2022-11-07 14:00:00+00:00,34,1,20332,10926.0,10969.0,10847.5,10883.75,192745,MNQZ2
2022-11-07 15:00:00+00:00,34,1,20332,10883.75,10962.25,10865.0,10926.5,196669,MNQZ2
2022-11-07 16:00:00+00:00,34,1,20332,10926.75,10950.5,10866.75,10867.5,135271,MNQZ2
2022-11-07 17:00:00+00:00,34,1,20332,10867.5,10913.0,10850.5,10898.75,89889,MNQZ2
2022-11-07 18:00:00+00:00,34,1,20332,10898.75,10940.5,10897.0,10932.5,59707,MNQZ2
2022-11-07 19:00:00+00:00,34,1,20332,10932.5,11025.75,10932.5,10997.25,82990,MNQZ2
2022-11-07 20:00:00+00:00,34,1,20332,10997.5,11038.5,10996.0,11014.0,76348,MNQZ2
2022-11-07 21:00:00+00:00,34,1,20332,11014.5,11029.25,11003.5,11014.5,17076,MNQZ2
2022-11-07 23:00:00+00:00,34,1,20332,11014.5,11026.5,11004.5,11024.75,9442,MNQZ2
2022-11-08 00:00:00+00:00,34,1,20332,11025.0,11063.25,11022.25,11055.0,19611,MNQZ2
2022-11-08 01:00:00+00:00,34,1,20332,11055.0,11055.25,11031.75,11041.5,14256,MNQZ2
2022-11-08 02:00:00+00:00,34,1,20332,11041.75,11042.0,11014.75,11015.5,11677,MNQZ2
2022-11-08 03:00:00+00:00,34,1,20332,11015.75,11032.0,11013.25,11023.75,8758,MNQZ2
2022-11-08 04:00:00+00:00,34,1,20332,11023.75,11029.5,10992.25,11005.5,13796,MNQZ2
2022-11-08 05:00:00+00:00,34,1,20332,11005.5,11006.5,10983.0,10992.25,14188,MNQZ2
2022-11-08 06:00:00+00:00,34,1,20332,10992.25,11012.0,10987.75,11006.25,15455,MNQZ2
2022-11-08 07:00:00+00:00,34,1,20332,11006.5,11008.0,10977.75,10983.0,18091,MNQZ2
2022-11-08 08:00:00+00:00,34,1,20332,10983.5,11013.0,10954.75,11006.75,27600,MNQZ2
2022-11-08 09:00:00+00:00,34,1,20332,11006.75,11058.75,10993.25,11058.25,29396,MNQZ2
2022-11-08 10:00:00+00:00,34,1,20332,11058.0,11075.75,11033.5,11035.25,22867,MNQZ2
2022-11-08 11:00:00+00:00,34,1,20332,11035.25,11093.75,11034.75,11086.0,24467,MNQZ2
2022-11-08 12:00:00+00:00,34,1,20332,11085.75,11087.5,11053.0,11073.75,29850,MNQZ2
2022-11-08 13:00:00+00:00,34,1,20332,11073.75,11093.25,11047.75,11081.25,34791,MNQZ2
2022-11-08 14:00:00+00:00,34,1,20332,11080.75,11104.75,11006.5,11059.25,157886,MNQZ2
2022-11-08 15:00:00+00:00,34,1,20332,11059.25,11138.0,11041.0,11128.75,179244,MNQZ2
2022-11-08 16:00:00+00:00,34,1,20332,11129.0,11231.5,11110.5,11198.25,130812,MNQZ2
2022-11-08 17:00:00+00:00,34,1,20332,11198.5,11216.25,11177.0,11200.5,78551,MNQZ2
2022-11-08 18:00:00+00:00,34,1,20332,11200.5,11219.25,11029.75,11043.25,145853,MNQZ2
2022-11-08 19:00:00+00:00,34,1,20332,11043.0,11064.75,10928.25,11022.25,177488,MNQZ2
2022-11-08 20:00:00+00:00,34,1,20332,11022.0,11158.75,11017.25,11093.75,139675,MNQZ2
2022-11-08 21:00:00+00:00,34,1,20332,11093.75,11099.25,11063.75,11089.0,19991,MNQZ2
2022-11-08 23:00:00+00:00,34,1,20332,11079.0,11130.75,11079.0,11125.25,12871,MNQZ2
2022-11-09 00:00:00+00:00,34,1,20332,11125.25,11125.25,11090.75,11102.0,16411,MNQZ2
2022-11-09 01:00:00+00:00,34,1,20332,11101.75,11164.75,11092.75,11123.75,24585,MNQZ2
2022-11-09 02:00:00+00:00,34,1,20332,11123.5,11148.0,11105.5,11122.25,19913,MNQZ2
2022-11-09 03:00:00+00:00,34,1,20332,11122.25,11131.25,11075.75,11093.0,23919,MNQZ2
2022-11-09 04:00:00+00:00,34,1,20332,11093.0,11139.75,11074.75,11129.25,22451,MNQZ2
2022-11-09 05:00:00+00:00,34,1,20332,11129.0,11133.0,11088.25,11099.25,17001,MNQZ2
2022-11-09 06:00:00+00:00,34,1,20332,11100.25,11102.75,11078.75,11083.25,17654,MNQZ2
2022-11-09 07:00:00+00:00,34,1,20332,11083.25,11128.25,11080.0,11118.0,22353,MNQZ2
2022-11-09 08:00:00+00:00,34,1,20332,11118.25,11154.5,11101.75,11110.75,31426,MNQZ2
2022-11-09 09:00:00+00:00,34,1,20332,11110.75,11113.0,11032.25,11047.25,36680,MNQZ2
2022-11-09 10:00:00+00:00,34,1,20332,11047.0,11080.25,11019.75,11072.25,33834,MNQZ2
2022-11-09 11:00:00+00:00,34,1,20332,11071.75,11107.75,11064.5,11087.75,30627,MNQZ2
2022-11-09 12:00:00+00:00,34,1,20332,11087.5,11098.5,11045.5,11091.5,36554,MNQZ2
2022-11-09 13:00:00+00:00,34,1,20332,11091.25,11101.0,11010.0,11022.75,66218,MNQZ2
2022-11-09 14:00:00+00:00,34,1,20332,11022.25,11052.25,10961.0,10977.25,173503,MNQZ2
2022-11-09 15:00:00+00:00,34,1,20332,10976.75,11049.25,10927.25,10952.5,238480,MNQZ2
2022-11-09 16:00:00+00:00,34,1,20332,10952.5,11029.0,10949.75,10981.75,134900,MNQZ2
2022-11-09 17:00:00+00:00,34,1,20332,10982.0,10991.5,10940.25,10958.75,88730,MNQZ2
2022-11-09 18:00:00+00:00,34,1,20332,10959.25,10975.0,10855.75,10878.5,125887,MNQZ2
2022-11-09 19:00:00+00:00,34,1,20332,10878.5,10906.75,10835.25,10845.5,89655,MNQZ2
2022-11-09 20:00:00+00:00,34,1,20332,10845.75,10893.75,10822.0,10831.25,96395,MNQZ2
2022-11-09 21:00:00+00:00,34,1,20332,10831.5,10853.0,10825.75,10843.0,17773,MNQZ2
2022-11-09 23:00:00+00:00,34,1,20332,10841.75,10855.75,10834.5,10844.75,10002,MNQZ2
2022-11-10 00:00:00+00:00,34,1,20332,10844.5,10876.75,10839.25,10869.0,15433,MNQZ2
2022-11-10 01:00:00+00:00,34,1,20332,10869.25,10883.25,10861.0,10867.0,15885,MNQZ2
2022-11-10 02:00:00+00:00,34,1,20332,10866.75,10871.5,10847.75,10861.5,12775,MNQZ2
2022-11-10 03:00:00+00:00,34,1,20332,10861.5,10873.75,10856.0,10862.0,7858,MNQZ2
2022-11-10 04:00:00+00:00,34,1,20332,10862.0,10880.0,10858.0,10878.0,7741,MNQZ2
2022-11-10 05:00:00+00:00,34,1,20332,10878.0,10892.0,10873.25,10878.75,9556,MNQZ2
2022-11-10 06:00:00+00:00,34,1,20332,10879.0,10883.5,10862.0,10875.25,10035,MNQZ2
2022-11-10 07:00:00+00:00,34,1,20332,10875.75,10887.0,10839.75,10856.5,17599,MNQZ2
2022-11-10 08:00:00+00:00,34,1,20332,10857.25,10887.5,10850.25,10862.5,20909,MNQZ2
2022-11-10 09:00:00+00:00,34,1,20332,10862.25,10877.0,10849.25,10864.0,18605,MNQZ2
2022-11-10 10:00:00+00:00,34,1,20332,10864.0,10885.75,10842.75,10885.25,20407,MNQZ2
2022-11-10 11:00:00+00:00,34,1,20332,10885.25,10905.0,10854.25,10884.5,31200,MNQZ2
2022-11-10 12:00:00+00:00,34,1,20332,10884.75,10891.0,10863.0,10878.75,25500,MNQZ2
2022-11-10 13:00:00+00:00,34,1,20332,10878.75,11315.25,10809.0,11304.75,174564,MNQZ2
2022-11-10 14:00:00+00:00,34,1,20332,11304.75,11454.75,11269.0,11451.0,279020,MNQZ2
2022-11-10 15:00:00+00:00,34,1,20332,11451.0,11469.0,11357.75,11448.0,228565,MNQZ2
2022-11-10 16:00:00+00:00,34,1,20332,11448.0,11498.5,11408.25,11494.0,134551,MNQZ2
2022-11-10 17:00:00+00:00,34,1,20332,11494.0,11496.0,11422.25,11426.0,97094,MNQZ2
2022-11-10 18:00:00+00:00,34,1,20332,11426.0,11508.75,11424.25,11501.0,95809,MNQZ2
2022-11-10 19:00:00+00:00,34,1,20332,11500.75,11529.5,11486.25,11525.0,60717,MNQZ2
2022-11-10 20:00:00+00:00,34,1,20332,11525.25,11645.0,11513.0,11628.25,107554,MNQZ2
2022-11-10 21:00:00+00:00,34,1,20332,11628.25,11677.0,11617.25,11676.0,31218,MNQZ2
2022-11-10 23:00:00+00:00,34,1,20332,11670.0,11684.75,11645.75,11675.0,17889,MNQZ2
2022-11-11 00:00:00+00:00,34,1,20332,11675.25,11682.5,11642.25,11664.0,20357,MNQZ2
2022-11-11 01:00:00+00:00,34,1,20332,11664.25,11677.0,11626.25,11630.25,25706,MNQZ2
2022-11-11 02:00:00+00:00,34,1,20332,11630.0,11662.0,11629.5,11643.25,14532,MNQZ2
2022-11-11 03:00:00+00:00,34,1,20332,11643.25,11643.5,11620.25,11635.5,13263,MNQZ2
2022-11-11 04:00:00+00:00,34,1,20332,11635.0,11657.25,11626.75,11655.5,11528,MNQZ2
2022-11-11 05:00:00+00:00,34,1,20332,11655.25,11721.5,11644.5,11718.0,28228,MNQZ2
2022-11-11 06:00:00+00:00,34,1,20332,11718.0,11745.25,11711.25,11735.5,28190,MNQZ2
2022-11-11 07:00:00+00:00,34,1,20332,11735.75,11758.75,11704.0,11753.25,28240,MNQZ2
2022-11-11 08:00:00+00:00,34,1,20332,11753.0,11777.25,11709.25,11770.25,41612,MNQZ2
2022-11-11 09:00:00+00:00,34,1,20332,11770.5,11771.0,11711.25,11727.0,37473,MNQZ2
2022-11-11 10:00:00+00:00,34,1,20332,11727.5,11742.75,11688.25,11699.0,36456,MNQZ2
2022-11-11 11:00:00+00:00,34,1,20332,11699.0,11719.5,11685.0,11702.0,25155,MNQZ2
2022-11-11 12:00:00+00:00,34,1,20332,11702.25,11706.5,11671.5,11705.0,33533,MNQZ2
2022-11-11 13:00:00+00:00,34,1,20332,11704.75,11722.25,11682.75,11701.75,44846,MNQZ2
2022-11-11 14:00:00+00:00,34,1,20332,11702.0,11702.0,11569.5,11645.25,214588,MNQZ2
2022-11-11 15:00:00+00:00,34,1,20332,11620.0,11780.5,11587.75,11748.0,252062,MNQZ2
2022-11-11 16:00:00+00:00,34,1,20332,11748.25,11779.0,11638.75,11707.25,181568,MNQZ2
2022-11-11 17:00:00+00:00,34,1,20332,11707.5,11778.75,11683.75,11762.5,105992,MNQZ2
2022-11-11 18:00:00+00:00,34,1,20332,11762.75,11850.0,11760.25,11843.75,103430,MNQZ2
2022-11-11 19:00:00+00:00,34,1,20332,11843.75,11876.75,11823.5,11873.75,90580,MNQZ2
2022-11-11 20:00:00+00:00,34,1,20332,11874.5,11875.75,11788.25,11848.0,123551,MNQZ2
2022-11-11 21:00:00+00:00,34,1,20332,11848.25,11854.0,11828.5,11835.25,17374,MNQZ2
2022-11-13 23:00:00+00:00,34,1,20332,11796.0,11819.0,11765.0,11811.25,25479,MNQZ2
2022-11-14 00:00:00+00:00,34,1,20332,11810.75,11822.5,11785.5,11795.5,21166,MNQZ2
2022-11-14 01:00:00+00:00,34,1,20332,11795.25,11825.5,11788.0,11794.75,30379,MNQZ2
2022-11-14 02:00:00+00:00,34,1,20332,11794.75,11801.5,11778.0,11798.25,15860,MNQZ2
2022-11-14 03:00:00+00:00,34,1,20332,11798.25,11810.0,11792.75,11805.25,12288,MNQZ2
2022-11-14 04:00:00+00:00,34,1,20332,11805.25,11806.25,11784.25,11788.5,10659,MNQZ2
2022-11-14 05:00:00+00:00,34,1,20332,11788.75,11795.25,11758.75,11759.25,18652,MNQZ2
2022-11-14 06:00:00+00:00,34,1,20332,11759.5,11786.75,11758.25,11786.0,14481,MNQZ2
2022-11-14 07:00:00+00:00,34,1,20332,11786.25,11806.5,11779.75,11787.25,20231,MNQZ2
2022-11-14 08:00:00+00:00,34,1,20332,11786.75,11811.75,11773.0,11800.25,38008,MNQZ2
2022-11-14 09:00:00+00:00,34,1,20332,11800.75,11802.25,11752.5,11756.75,25750,MNQZ2
2022-11-14 10:00:00+00:00,34,1,20332,11756.75,11778.0,11745.5,11770.5,17172,MNQZ2
2022-11-14 11:00:00+00:00,34,1,20332,11770.5,11781.5,11756.75,11771.0,14403,MNQZ2
2022-11-14 12:00:00+00:00,34,1,20332,11771.0,11801.75,11765.25,11799.5,19280,MNQZ2
2022-11-14 13:00:00+00:00,34,1,20332,11799.25,11805.0,11767.0,11773.75,28617,MNQZ2
2022-11-14 14:00:00+00:00,34,1,20332,11773.25,11789.25,11702.0,11744.75,157689,MNQZ2
2022-11-14 15:00:00+00:00,34,1,20332,11745.25,11816.75,11744.75,11794.75,187993,MNQZ2
2022-11-14 16:00:00+00:00,34,1,20332,11795.25,11827.25,11728.5,11802.5,130001,MNQZ2
2022-11-14 17:00:00+00:00,34,1,20332,11803.0,11853.0,11782.75,11827.0,98300,MNQZ2
2022-11-14 18:00:00+00:00,34,1,20332,11827.5,11894.75,11817.75,11892.0,70436,MNQZ2
2022-11-14 19:00:00+00:00,34,1,20332,11892.0,11898.5,11836.75,11854.5,66987,MNQZ2
2022-11-14 20:00:00+00:00,34,1,20332,11854.75,11883.75,11728.75,11742.25,108561,MNQZ2
2022-11-14 21:00:00+00:00,34,1,20332,11741.75,11772.5,11740.25,11768.5,18608,MNQZ2
2022-11-14 23:00:00+00:00,34,1,20332,11769.0,11785.0,11765.25,11767.0,8674,MNQZ2
2022-11-15 00:00:00+00:00,34,1,20332,11767.0,11777.75,11761.5,11765.0,9669,MNQZ2
2022-11-15 01:00:00+00:00,34,1,20332,11764.75,11794.25,11762.75,11788.5,13859,MNQZ2
2022-11-15 02:00:00+00:00,34,1,20332,11788.5,11805.75,11782.5,11803.75,12141,MNQZ2
2022-11-15 03:00:00+00:00,34,1,20332,11804.0,11812.5,11798.5,11807.75,8739,MNQZ2
2022-11-15 04:00:00+00:00,34,1,20332,11807.75,11811.25,11802.25,11804.5,6332,MNQZ2
2022-11-15 05:00:00+00:00,34,1,20332,11804.75,11827.5,11803.0,11817.25,11537,MNQZ2
2022-11-15 06:00:00+00:00,34,1,20332,11817.0,11832.5,11815.25,11831.5,9345,MNQZ2
2022-11-15 07:00:00+00:00,34,1,20332,11832.0,11861.75,11829.25,11842.5,19877,MNQZ2
2022-11-15 08:00:00+00:00,34,1,20332,11842.5,11856.5,11824.0,11848.75,27899,MNQZ2
2022-11-15 09:00:00+00:00,34,1,20332,11849.0,11861.25,11838.25,11855.75,21145,MNQZ2
2022-11-15 10:00:00+00:00,34,1,20332,11855.75,11879.75,11853.0,11872.25,21571,MNQZ2
2022-11-15 11:00:00+00:00,34,1,20332,11872.25,11883.5,11857.75,11878.25,22227,MNQZ2
2022-11-15 12:00:00+00:00,34,1,20332,11878.75,11920.25,11858.25,11915.25,36413,MNQZ2
2022-11-15 13:00:00+00:00,34,1,20332,11914.75,12118.5,11912.0,12074.5,142423,MNQZ2
2022-11-15 14:00:00+00:00,34,1,20332,12074.75,12078.5,11963.0,12031.25,210067,MNQZ2
2022-11-15 15:00:00+00:00,34,1,20332,12031.0,12054.5,11961.25,11983.25,169588,MNQZ2
2022-11-15 16:00:00+00:00,34,1,20332,11983.25,12044.0,11943.5,12037.0,142615,MNQZ2
2022-11-15 17:00:00+00:00,34,1,20332,12038.0,12039.75,11970.75,11989.25,92838,MNQZ2
2022-11-15 18:00:00+00:00,34,1,20332,11989.75,12000.75,11764.0,11844.0,244095,MNQZ2
2022-11-15 19:00:00+00:00,34,1,20332,11844.0,11934.0,11779.0,11919.75,250470,MNQZ2
2022-11-15 20:00:00+00:00,34,1,20332,11920.25,11952.25,11872.75,11906.25,142203,MNQZ2
2022-11-15 21:00:00+00:00,34,1,20332,11906.25,11937.75,11880.5,11893.5,28505,MNQZ2
2022-11-15 23:00:00+00:00,34,1,20332,11889.0,11899.75,11856.5,11898.75,14919,MNQZ2
2022-11-16 00:00:00+00:00,34,1,20332,11898.5,11903.25,11841.0,11842.5,21432,MNQZ2
2022-11-16 01:00:00+00:00,34,1,20332,11842.25,11878.5,11838.5,11874.5,19620,MNQZ2
2022-11-16 02:00:00+00:00,34,1,20332,11875.0,11905.75,11870.25,11891.25,20283,MNQZ2
2022-11-16 03:00:00+00:00,34,1,20332,11891.5,11908.75,11876.5,11891.25,15317,MNQZ2
2022-11-16 04:00:00+00:00,34,1,20332,11890.75,11891.25,11860.5,11864.5,11846,MNQZ2
2022-11-16 05:00:00+00:00,34,1,20332,11865.25,11929.0,11857.75,11923.25,23195,MNQZ2
2022-11-16 06:00:00+00:00,34,1,20332,11922.25,11932.0,11902.0,11927.5,14298,MNQZ2
2022-11-16 07:00:00+00:00,34,1,20332,11928.5,11962.25,11904.25,11950.25,25283,MNQZ2
2022-11-16 08:00:00+00:00,34,1,20332,11950.75,11959.5,11920.0,11926.5,24332,MNQZ2
2022-11-16 09:00:00+00:00,34,1,20332,11928.5,11934.25,11904.25,11923.75,24387,MNQZ2
2022-11-16 10:00:00+00:00,34,1,20332,11924.0,11953.0,11907.75,11911.0,22229,MNQZ2
2022-11-16 11:00:00+00:00,34,1,20332,11911.0,11916.75,11877.75,11893.5,32261,MNQZ2
2022-11-16 12:00:00+00:00,34,1,20332,11893.0,11907.25,11870.25,11905.5,25947,MNQZ2
2022-11-16 13:00:00+00:00,34,1,20332,11905.0,11909.75,11825.75,11831.5,74549,MNQZ2
2022-11-16 14:00:00+00:00,34,1,20332,11831.25,11859.0,11749.5,11782.5,190487,MNQZ2
2022-11-16 15:00:00+00:00,34,1,20332,11783.0,11797.25,11706.0,11716.0,203670,MNQZ2
2022-11-16 16:00:00+00:00,34,1,20332,11715.75,11794.5,11711.75,11767.5,117160,MNQZ2
2022-11-16 17:00:00+00:00,34,1,20332,11767.5,11830.25,11745.25,11793.5,112260,MNQZ2
2022-11-16 18:00:00+00:00,34,1,20332,11793.5,11809.0,11737.5,11744.75,85003,MNQZ2
2022-11-16 19:00:00+00:00,34,1,20332,11744.75,11774.0,11731.25,11766.75,78802,MNQZ2
2022-11-16 20:00:00+00:00,34,1,20332,11767.25,11771.0,11712.0,11740.25,100590,MNQZ2
2022-11-16 21:00:00+00:00,34,1,20332,11740.5,11805.0,11737.5,11773.0,31755,MNQZ2
2022-11-16 23:00:00+00:00,34,1,20332,11773.75,11784.5,11769.0,11780.0,8196,MNQZ2
2022-11-17 00:00:00+00:00,34,1,20332,11779.75,11787.5,11772.5,11782.5,8181,MNQZ2
2022-11-17 01:00:00+00:00,34,1,20332,11783.0,11790.75,11754.0,11760.0,13356,MNQZ2
2022-11-17 02:00:00+00:00,34,1,20332,11760.0,11764.25,11743.0,11756.25,10578,MNQZ2
2022-11-17 03:00:00+00:00,34,1,20332,11756.5,11760.5,11744.75,11758.75,7152,MNQZ2
2022-11-17 04:00:00+00:00,34,1,20332,11759.5,11761.0,11748.5,11749.25,4633,MNQZ2
2022-11-17 05:00:00+00:00,34,1,20332,11749.25,11776.75,11748.25,11762.25,9650,MNQZ2
2022-11-17 06:00:00+00:00,34,1,20332,11762.25,11804.25,11761.25,11798.25,12853,MNQZ2
2022-11-17 07:00:00+00:00,34,1,20332,11797.75,11822.5,11782.75,11802.75,19270,MNQZ2
2022-11-17 08:00:00+00:00,34,1,20332,11803.25,11828.25,11773.75,11774.5,26184,MNQZ2
2022-11-17 09:00:00+00:00,34,1,20332,11774.25,11778.75,11714.0,11726.0,31888,MNQZ2
2022-11-17 10:00:00+00:00,34,1,20332,11725.75,11749.5,11665.75,11667.75,31494,MNQZ2
2022-11-17 11:00:00+00:00,34,1,20332,11668.25,11689.5,11642.25,11683.5,38209,MNQZ2
2022-11-17 12:00:00+00:00,34,1,20332,11683.5,11688.75,11622.5,11629.0,44341,MNQZ2
2022-11-17 13:00:00+00:00,34,1,20332,11628.75,11634.25,11555.5,11560.75,82581,MNQZ2
2022-11-17 14:00:00+00:00,34,1,20332,11561.0,11634.75,11528.0,11588.75,174151,MNQZ2
2022-11-17 15:00:00+00:00,34,1,20332,11588.5,11672.5,11570.25,11605.75,196917,MNQZ2
2022-11-17 16:00:00+00:00,34,1,20332,11606.0,11711.0,11598.0,11708.75,143900,MNQZ2
2022-11-17 17:00:00+00:00,34,1,20332,11708.75,11757.75,11681.0,11748.25,113030,MNQZ2
2022-11-17 18:00:00+00:00,34,1,20332,11748.25,11775.0,11727.0,11745.75,84638,MNQZ2
2022-11-17 19:00:00+00:00,34,1,20332,11746.25,11757.0,11664.5,11683.25,96003,MNQZ2
2022-11-17 20:00:00+00:00,34,1,20332,11683.5,11716.0,11625.0,11712.0,112287,MNQZ2
2022-11-17 21:00:00+00:00,34,1,20332,11712.0,11748.0,11703.5,11746.5,21382,MNQZ2
2022-11-17 23:00:00+00:00,34,1,20332,11746.5,11760.5,11718.25,11719.75,11937,MNQZ2
2022-11-18 00:00:00+00:00,34,1,20332,11719.75,11740.25,11715.5,11738.5,11133,MNQZ2
2022-11-18 01:00:00+00:00,34,1,20332,11738.75,11750.0,11717.5,11730.75,14704,MNQZ2
2022-11-18 02:00:00+00:00,34,1,20332,11730.75,11746.75,11726.0,11729.0,11941,MNQZ2
2022-11-18 03:00:00+00:00,34,1,20332,11728.5,11748.75,11723.0,11740.0,8230,MNQZ2
2022-11-18 04:00:00+00:00,34,1,20332,11740.0,11740.25,11720.25,11724.75,8168,MNQZ2
2022-11-18 05:00:00+00:00,34,1,20332,11725.0,11733.25,11706.25,11715.5,11540,MNQZ2
2022-11-18 06:00:00+00:00,34,1,20332,11715.5,11723.0,11685.0,11707.0,14167,MNQZ2
2022-11-18 07:00:00+00:00,34,1,20332,11706.75,11728.5,11701.0,11708.0,15947,MNQZ2
2022-11-18 08:00:00+00:00,34,1,20332,11708.5,11723.75,11672.0,11723.25,28555,MNQZ2
2022-11-18 09:00:00+00:00,34,1,20332,11723.5,11778.5,11715.25,11751.75,34638,MNQZ2
2022-11-18 10:00:00+00:00,34,1,20332,11751.5,11814.5,11741.5,11808.75,30376,MNQZ2
2022-11-18 11:00:00+00:00,34,1,20332,11809.0,11819.0,11790.75,11799.75,22140,MNQZ2
2022-11-18 12:00:00+00:00,34,1,20332,11799.5,11836.25,11796.25,11811.75,27679,MNQZ2
2022-11-18 13:00:00+00:00,34,1,20332,11811.5,11842.75,11804.75,11833.0,36292,MNQZ2
2022-11-18 14:00:00+00:00,34,1,20332,11832.75,11844.0,11735.25,11752.75,169044,MNQZ2
2022-11-18 15:00:00+00:00,34,1,20332,11753.75,11758.0,11655.75,11672.5,208434,MNQZ2
2022-11-18 16:00:00+00:00,34,1,20332,11672.75,11716.75,11645.5,11681.0,138635,MNQZ2
2022-11-18 17:00:00+00:00,34,1,20332,11681.0,11690.75,11606.5,11633.0,116314,MNQZ2
2022-11-18 18:00:00+00:00,34,1,20332,11633.25,11676.25,11626.25,11643.25,92862,MNQZ2
2022-11-18 19:00:00+00:00,34,1,20332,11643.25,11674.0,11636.5,11667.5,79461,MNQZ2
2022-11-18 20:00:00+00:00,34,1,20332,11668.0,11742.5,11665.5,11707.75,123718,MNQZ2
2022-11-18 21:00:00+00:00,34,1,20332,11707.25,11721.75,11699.5,11709.5,18990,MNQZ2
2022-11-20 23:00:00+00:00,34,1,20332,11720.0,11755.25,11701.75,11709.0,12309,MNQZ2
2022-11-21 00:00:00+00:00,34,1,20332,11709.0,11714.5,11680.25,11685.5,12026,MNQZ2
2022-11-21 01:00:00+00:00,34,1,20332,11685.25,11689.0,11663.75,11670.0,16995,MNQZ2
2022-11-21 02:00:00+00:00,34,1,20332,11669.75,11677.75,11657.75,11675.75,10246,MNQZ2
2022-11-21 03:00:00+00:00,34,1,20332,11675.75,11683.0,11671.0,11681.75,7233,MNQZ2
2022-11-21 04:00:00+00:00,34,1,20332,11681.5,11688.25,11672.0,11679.25,6668,MNQZ2
2022-11-21 05:00:00+00:00,34,1,20332,11679.5,11683.0,11666.25,11681.5,7912,MNQZ2
2022-11-21 06:00:00+00:00,34,1,20332,11681.5,11685.75,11661.0,11665.5,7755,MNQZ2
2022-11-21 07:00:00+00:00,34,1,20332,11665.25,11675.25,11644.75,11648.75,12508,MNQZ2
2022-11-21 08:00:00+00:00,34,1,20332,11649.0,11682.5,11634.75,11650.25,26736,MNQZ2
2022-11-21 09:00:00+00:00,34,1,20332,11649.75,11656.0,11617.75,11631.25,24404,MNQZ2
2022-11-21 10:00:00+00:00,34,1,20332,11631.75,11643.5,11611.25,11618.75,16509,MNQZ2
2022-11-21 11:00:00+00:00,34,1,20332,11619.25,11630.0,11602.25,11610.5,15203,MNQZ2
2022-11-21 12:00:00+00:00,34,1,20332,11610.5,11624.5,11595.25,11622.5,17966,MNQZ2
2022-11-21 13:00:00+00:00,34,1,20332,11623.0,11656.75,11614.25,11653.5,29658,MNQZ2
2022-11-21 14:00:00+00:00,34,1,20332,11653.75,11699.75,11628.25,11662.75,141879,MNQZ2
2022-11-21 15:00:00+00:00,34,1,20332,11662.75,11674.5,11575.0,11598.0,175467,MNQZ2
2022-11-21 16:00:00+00:00,34,1,20332,11598.25,11629.5,11564.75,11577.75,118477,MNQZ2
2022-11-21 17:00:00+00:00,34,1,20332,11578.25,11601.25,11553.25,11560.25,86653,MNQZ2
2022-11-21 18:00:00+00:00,34,1,20332,11560.0,11634.75,11557.5,11600.25,77879,MNQZ2
2022-11-21 19:00:00+00:00,34,1,20332,11600.0,11621.0,11579.5,11589.0,63246,MNQZ2
2022-11-21 20:00:00+00:00,34,1,20332,11588.75,11612.5,11577.25,11587.25,79362,MNQZ2
2022-11-21 21:00:00+00:00,34,1,20332,11587.0,11597.75,11583.75,11589.75,11816,MNQZ2
2022-11-21 23:00:00+00:00,34,1,20332,11587.75,11597.0,11582.0,11594.0,6438,MNQZ2
2022-11-22 00:00:00+00:00,34,1,20332,11594.25,11623.0,11592.5,11611.5,11589,MNQZ2
2022-11-22 01:00:00+00:00,34,1,20332,11611.0,11625.5,11603.75,11606.0,11007,MNQZ2
2022-11-22 02:00:00+00:00,34,1,20332,11606.0,11614.0,11595.5,11606.5,8249,MNQZ2
2022-11-22 03:00:00+00:00,34,1,20332,11606.75,11619.0,11602.5,11609.25,5800,MNQZ2
2022-11-22 04:00:00+00:00,34,1,20332,11609.25,11611.75,11603.25,11604.0,3873,MNQZ2
2022-11-22 05:00:00+00:00,34,1,20332,11604.25,11605.75,11581.75,11583.0,9493,MNQZ2
2022-11-22 06:00:00+00:00,34,1,20332,11583.5,11592.75,11571.75,11577.25,9017,MNQZ2
2022-11-22 07:00:00+00:00,34,1,20332,11577.75,11592.5,11561.75,11585.5,12555,MNQZ2
2022-11-22 08:00:00+00:00,34,1,20332,11585.5,11588.75,11525.5,11553.25,33111,MNQZ2
2022-11-22 09:00:00+00:00,34,1,20332,11553.0,11624.25,11551.25,11614.75,33061,MNQZ2
2022-11-22 10:00:00+00:00,34,1,20332,11614.75,11619.0,11595.25,11608.0,15172,MNQZ2
2022-11-22 11:00:00+00:00,34,1,20332,11608.0,11614.25,11565.25,11585.25,24774,MNQZ2
2022-11-22 12:00:00+00:00,34,1,20332,11585.5,11614.0,11579.0,11608.5,20469,MNQZ2
2022-11-22 13:00:00+00:00,34,1,20332,11608.25,11641.25,11607.0,11637.25,32065,MNQZ2
2022-11-22 14:00:00+00:00,34,1,20332,11637.25,11641.75,11527.5,11546.25,131613,MNQZ2
2022-11-22 15:00:00+00:00,34,1,20332,11546.25,11654.5,11540.0,11651.0,176532,MNQZ2
2022-11-22 16:00:00+00:00,34,1,20332,11651.0,11656.75,11616.0,11643.75,95225,MNQZ2
2022-11-22 17:00:00+00:00,34,1,20332,11643.75,11668.75,11642.0,11654.0,63226,MNQZ2
2022-11-22 18:00:00+00:00,34,1,20332,11654.0,11703.0,11644.25,11698.25,66590,MNQZ2
2022-11-22 19:00:00+00:00,34,1,20332,11698.5,11707.0,11674.25,11699.25,58451,MNQZ2
2022-11-22 20:00:00+00:00,34,1,20332,11699.25,11759.25,11696.5,11751.75,69498,MNQZ2
2022-11-22 21:00:00+00:00,34,1,20332,11751.25,11754.5,11733.5,11739.5,12501,MNQZ2
2022-11-22 23:00:00+00:00,34,1,20332,11741.0,11751.75,11730.0,11745.0,7039,MNQZ2
2022-11-23 00:00:00+00:00,34,1,20332,11745.0,11756.0,11736.5,11738.75,7283,MNQZ2
2022-11-23 01:00:00+00:00,34,1,20332,11738.25,11738.75,11723.0,11729.75,9965,MNQZ2
2022-11-23 02:00:00+00:00,34,1,20332,11729.5,11737.0,11723.25,11736.5,5865,MNQZ2
2022-11-23 03:00:00+00:00,34,1,20332,11736.75,11737.25,11726.0,11728.5,4261,MNQZ2
2022-11-23 04:00:00+00:00,34,1,20332,11728.5,11730.75,11720.25,11727.75,4567,MNQZ2
2022-11-23 05:00:00+00:00,34,1,20332,11728.0,11742.75,11725.25,11741.75,5741,MNQZ2
2022-11-23 06:00:00+00:00,34,1,20332,11741.75,11748.5,11728.0,11742.0,6416,MNQZ2
2022-11-23 07:00:00+00:00,34,1,20332,11741.5,11770.0,11728.5,11761.0,12080,MNQZ2
2022-11-23 08:00:00+00:00,34,1,20332,11761.75,11766.5,11739.25,11746.25,18245,MNQZ2
2022-11-23 09:00:00+00:00,34,1,20332,11746.5,11781.5,11741.25,11772.5,16111,MNQZ2
2022-11-23 10:00:00+00:00,34,1,20332,11773.0,11773.0,11748.75,11758.0,12450,MNQZ2
2022-11-23 11:00:00+00:00,34,1,20332,11758.25,11777.5,11745.25,11776.25,13147,MNQZ2
2022-11-23 12:00:00+00:00,34,1,20332,11776.75,11793.25,11761.0,11783.25,16882,MNQZ2
2022-11-23 13:00:00+00:00,34,1,20332,11782.25,11783.25,11738.0,11758.75,40438,MNQZ2
2022-11-23 14:00:00+00:00,34,1,20332,11758.75,11852.75,11744.75,11833.5,123623,MNQZ2
2022-11-23 15:00:00+00:00,34,1,20332,11833.75,11888.0,11802.0,11876.5,128079,MNQZ2
2022-11-23 16:00:00+00:00,34,1,20332,11876.5,11886.0,11766.25,11786.0,100505,MNQZ2
2022-11-23 17:00:00+00:00,34,1,20332,11785.5,11817.0,11741.75,11761.0,80190,MNQZ2
2022-11-23 18:00:00+00:00,34,1,20332,11760.5,11824.25,11752.0,11812.0,55372,MNQZ2
2022-11-23 19:00:00+00:00,34,1,20332,11813.5,11884.75,11782.0,11865.5,146409,MNQZ2
2022-11-23 20:00:00+00:00,34,1,20332,11865.0,11892.75,11838.75,11868.25,85649,MNQZ2
2022-11-23 21:00:00+00:00,34,1,20332,11868.5,11882.0,11861.0,11877.75,11775,MNQZ2
2022-11-23 23:00:00+00:00,34,1,20332,11878.0,11898.25,11872.0,11888.5,5771,MNQZ2
2022-11-24 00:00:00+00:00,34,1,20332,11888.5,11899.25,11888.0,11895.75,7009,MNQZ2
2022-11-24 01:00:00+00:00,34,1,20332,11896.0,11904.75,11892.75,11897.25,7092,MNQZ2
2022-11-24 02:00:00+00:00,34,1,20332,11897.25,11901.25,11889.25,11899.0,3893,MNQZ2
2022-11-24 03:00:00+00:00,34,1,20332,11899.5,11901.5,11892.0,11894.0,3025,MNQZ2
2022-11-24 04:00:00+00:00,34,1,20332,11894.0,11896.25,11888.0,11895.5,3199,MNQZ2
2022-11-24 05:00:00+00:00,34,1,20332,11895.75,11897.5,11886.0,11886.5,3922,MNQZ2
2022-11-24 06:00:00+00:00,34,1,20332,11886.75,11890.75,11878.75,11886.25,4141,MNQZ2
2022-11-24 07:00:00+00:00,34,1,20332,11886.5,11908.5,11884.5,11887.0,8576,MNQZ2
2022-11-24 08:00:00+00:00,34,1,20332,11886.25,11909.75,11873.75,11904.5,13621,MNQZ2
2022-11-24 09:00:00+00:00,34,1,20332,11905.0,11924.25,11903.75,11915.5,12811,MNQZ2
2022-11-24 10:00:00+00:00,34,1,20332,11915.0,11928.5,11913.0,11927.75,9837,MNQZ2
2022-11-24 11:00:00+00:00,34,1,20332,11928.25,11929.75,11917.25,11925.5,6816,MNQZ2
2022-11-24 12:00:00+00:00,34,1,20332,11925.25,11932.75,11906.5,11912.5,10090,MNQZ2
2022-11-24 13:00:00+00:00,34,1,20332,11912.0,11921.25,11901.25,11919.5,9778,MNQZ2
2022-11-24 14:00:00+00:00,34,1,20332,11920.0,11921.75,11898.75,11909.75,16094,MNQZ2
2022-11-24 15:00:00+00:00,34,1,20332,11909.5,11920.5,11905.0,11920.25,10723,MNQZ2
2022-11-24 16:00:00+00:00,34,1,20332,11919.75,11924.75,11913.25,11923.5,7689,MNQZ2
2022-11-24 17:00:00+00:00,34,1,20332,11923.5,11925.0,11910.0,11910.0,4286,MNQZ2
2022-11-24 23:00:00+00:00,34,1,20332,11912.25,11923.75,11912.0,11917.75,3660,MNQZ2
2022-11-25 00:00:00+00:00,34,1,20332,11918.0,11919.75,11901.5,11911.5,5522,MNQZ2
2022-11-25 01:00:00+00:00,34,1,20332,11912.25,11919.5,11904.0,11908.5,5582,MNQZ2
2022-11-25 02:00:00+00:00,34,1,20332,11908.0,11914.0,11902.25,11908.25,3695,MNQZ2
2022-11-25 03:00:00+00:00,34,1,20332,11909.0,11913.75,11904.0,11910.25,2957,MNQZ2
2022-11-25 04:00:00+00:00,34,1,20332,11910.0,11917.5,11909.75,11914.25,2886,MNQZ2
2022-11-25 05:00:00+00:00,34,1,20332,11914.5,11918.5,11903.25,11905.5,4008,MNQZ2
2022-11-25 06:00:00+00:00,34,1,20332,11905.5,11908.25,11895.25,11907.75,4673,MNQZ2
2022-11-25 07:00:00+00:00,34,1,20332,11908.0,11917.25,11898.25,11898.75,7313,MNQZ2
2022-11-25 08:00:00+00:00,34,1,20332,11898.75,11907.0,11873.5,11883.25,15245,MNQZ2
2022-11-25 09:00:00+00:00,34,1,20332,11883.0,11893.0,11846.0,11857.25,18469,MNQZ2
2022-11-25 10:00:00+00:00,34,1,20332,11857.25,11874.25,11845.25,11862.0,12273,MNQZ2
2022-11-25 11:00:00+00:00,34,1,20332,11862.5,11869.0,11840.5,11843.5,12131,MNQZ2
2022-11-25 12:00:00+00:00,34,1,20332,11843.75,11855.0,11832.0,11835.5,12137,MNQZ2
2022-11-25 13:00:00+00:00,34,1,20332,11835.25,11849.0,11814.25,11819.25,23145,MNQZ2
2022-11-25 14:00:00+00:00,34,1,20332,11819.25,11822.5,11766.25,11803.0,91451,MNQZ2
2022-11-25 15:00:00+00:00,34,1,20332,11803.0,11828.0,11793.25,11807.0,70946,MNQZ2
2022-11-25 16:00:00+00:00,34,1,20332,11807.0,11824.75,11771.0,11799.5,53357,MNQZ2
2022-11-25 17:00:00+00:00,34,1,20332,11799.5,11804.5,11777.25,11785.0,33648,MNQZ2
2022-11-25 18:00:00+00:00,34,1,20332,11784.5,11796.0,11773.5,11784.0,5018,MNQZ2
2022-11-27 23:00:00+00:00,34,1,20332,11735.25,11748.0,11715.0,11726.75,14466,MNQZ2
2022-11-28 00:00:00+00:00,34,1,20332,11726.25,11732.0,11698.5,11704.5,13217,MNQZ2
2022-11-28 01:00:00+00:00,34,1,20332,11704.75,11705.0,11666.25,11681.25,19945,MNQZ2
2022-11-28 02:00:00+00:00,34,1,20332,11681.5,11697.25,11666.75,11694.25,13356,MNQZ2
2022-11-28 03:00:00+00:00,34,1,20332,11694.5,11695.75,11685.0,11686.75,5543,MNQZ2
2022-11-28 04:00:00+00:00,34,1,20332,11686.5,11691.5,11683.25,11685.75,3533,MNQZ2
2022-11-28 05:00:00+00:00,34,1,20332,11686.0,11686.25,11657.0,11669.75,11302,MNQZ2
2022-11-28 06:00:00+00:00,34,1,20332,11670.25,11690.25,11666.5,11689.5,8200,MNQZ2
2022-11-28 07:00:00+00:00,34,1,20332,11689.75,11706.0,11682.75,11686.25,13716,MNQZ2
2022-11-28 08:00:00+00:00,34,1,20332,11685.25,11729.25,11683.25,11703.25,25397,MNQZ2
2022-11-28 09:00:00+00:00,34,1,20332,11702.5,11711.0,11646.25,11652.25,26662,MNQZ2
2022-11-28 10:00:00+00:00,34,1,20332,11651.75,11681.0,11642.75,11676.25,18174,MNQZ2
2022-11-28 11:00:00+00:00,34,1,20332,11676.5,11696.75,11665.75,11696.5,17749,MNQZ2
2022-11-28 12:00:00+00:00,34,1,20332,11696.0,11709.75,11691.25,11702.5,17188,MNQZ2
2022-11-28 13:00:00+00:00,34,1,20332,11702.0,11715.0,11680.25,11714.5,23747,MNQZ2
2022-11-28 14:00:00+00:00,34,1,20332,11714.0,11788.25,11690.25,11757.75,118062,MNQZ2
2022-11-28 15:00:00+00:00,34,1,20332,11757.5,11768.5,11678.5,11684.5,139882,MNQZ2
2022-11-28 16:00:00+00:00,34,1,20332,11684.75,11716.5,11670.25,11711.0,74968,MNQZ2
2022-11-28 17:00:00+00:00,34,1,20332,11711.5,11733.75,11662.5,11667.5,118871,MNQZ2
2022-11-28 18:00:00+00:00,34,1,20332,11667.25,11686.75,11626.75,11629.5,64665,MNQZ2
2022-11-28 19:00:00+00:00,34,1,20332,11629.75,11635.75,11594.5,11613.75,70318,MNQZ2
2022-11-28 20:00:00+00:00,34,1,20332,11614.0,11621.75,11574.75,11611.0,76986,MNQZ2
2022-11-28 21:00:00+00:00,34,1,20332,11611.25,11629.5,11610.25,11623.75,12374,MNQZ2
2022-11-28 23:00:00+00:00,34,1,20332,11625.5,11627.75,11615.0,11618.75,6231,MNQZ2
2022-11-29 00:00:00+00:00,34,1,20332,11618.5,11632.75,11611.5,11628.0,8248,MNQZ2
2022-11-29 01:00:00+00:00,34,1,20332,11628.25,11637.75,11618.75,11635.75,9164,MNQZ2
2022-11-29 02:00:00+00:00,34,1,20332,11635.75,11643.5,11633.25,11635.25,6867,MNQZ2
2022-11-29 03:00:00+00:00,34,1,20332,11634.75,11667.0,11632.0,11664.75,10627,MNQZ2
2022-11-29 04:00:00+00:00,34,1,20332,11664.5,11670.75,11659.0,11667.5,6072,MNQZ2
2022-11-29 05:00:00+00:00,34,1,20332,11667.5,11677.75,11664.25,11675.0,7772,MNQZ2
2022-11-29 06:00:00+00:00,34,1,20332,11675.0,11685.75,11661.5,11671.5,11810,MNQZ2
2022-11-29 07:00:00+00:00,34,1,20332,11671.5,11689.25,11668.75,11677.0,13644,MNQZ2
2022-11-29 08:00:00+00:00,34,1,20332,11677.5,11704.25,11667.25,11693.25,25392,MNQZ2
2022-11-29 09:00:00+00:00,34,1,20332,11692.75,11699.0,11647.5,11657.5,20520,MNQZ2
2022-11-29 10:00:00+00:00,34,1,20332,11657.75,11683.0,11651.0,11667.0,14909,MNQZ2
2022-11-29 11:00:00+00:00,34,1,20332,11667.25,11678.75,11653.0,11678.75,13425,MNQZ2
2022-11-29 12:00:00+00:00,34,1,20332,11678.25,11678.25,11651.5,11674.0,13768,MNQZ2
2022-11-29 13:00:00+00:00,34,1,20332,11674.25,11674.75,11616.5,11634.75,42007,MNQZ2
2022-11-29 14:00:00+00:00,34,1,20332,11634.75,11649.0,11565.0,11579.0,123850,MNQZ2
2022-11-29 15:00:00+00:00,34,1,20332,11578.75,11638.75,11561.25,11595.25,176830,MNQZ2
2022-11-29 16:00:00+00:00,34,1,20332,11595.5,11600.5,11465.0,11523.25,173222,MNQZ2
2022-11-29 17:00:00+00:00,34,1,20332,11523.5,11553.25,11507.5,11536.5,79423,MNQZ2
2022-11-29 18:00:00+00:00,34,1,20332,11537.25,11539.75,11476.75,11520.25,75467,MNQZ2
2022-11-29 19:00:00+00:00,34,1,20332,11520.25,11554.5,11489.75,11510.5,89743,MNQZ2
2022-11-29 20:00:00+00:00,34,1,20332,11510.25,11531.5,11499.5,11523.25,84366,MNQZ2
2022-11-29 21:00:00+00:00,34,1,20332,11523.25,11529.25,11506.25,11518.5,11354,MNQZ2
2022-11-29 23:00:00+00:00,34,1,20332,11519.25,11522.0,11497.75,11503.25,7279,MNQZ2
2022-11-30 00:00:00+00:00,34,1,20332,11503.5,11528.5,11500.75,11524.0,8570,MNQZ2
2022-11-30 01:00:00+00:00,34,1,20332,11524.0,11543.25,11520.5,11534.0,10668,MNQZ2
2022-11-30 02:00:00+00:00,34,1,20332,11533.5,11535.5,11527.0,11532.25,4496,MNQZ2
2022-11-30 03:00:00+00:00,34,1,20332,11532.25,11539.25,11527.5,11538.0,4000,MNQZ2
2022-11-30 04:00:00+00:00,34,1,20332,11538.25,11546.5,11535.75,11540.0,5228,MNQZ2
2022-11-30 05:00:00+00:00,34,1,20332,11540.0,11547.5,11532.75,11533.25,5766,MNQZ2
2022-11-30 06:00:00+00:00,34,1,20332,11533.5,11539.75,11528.5,11533.0,5334,MNQZ2
2022-11-30 07:00:00+00:00,34,1,20332,11532.5,11549.75,11530.75,11541.5,10329,MNQZ2
2022-11-30 08:00:00+00:00,34,1,20332,11541.0,11573.0,11537.0,11565.25,21644,MNQZ2
2022-11-30 09:00:00+00:00,34,1,20332,11565.5,11586.5,11550.5,11562.0,20883,MNQZ2
2022-11-30 10:00:00+00:00,34,1,20332,11561.0,11576.0,11555.0,11561.0,12854,MNQZ2
2022-11-30 11:00:00+00:00,34,1,20332,11561.5,11577.5,11551.5,11573.25,11418,MNQZ2
2022-11-30 12:00:00+00:00,34,1,20332,11573.5,11575.75,11555.75,11559.5,13949,MNQZ2
2022-11-30 13:00:00+00:00,34,1,20332,11559.5,11597.5,11517.25,11519.75,57808,MNQZ2
2022-11-30 14:00:00+00:00,34,1,20332,11519.75,11581.75,11516.75,11565.25,144739,MNQZ2
2022-11-30 15:00:00+00:00,34,1,20332,11565.5,11578.75,11519.0,11529.25,145266,MNQZ2
2022-11-30 16:00:00+00:00,34,1,20332,11529.5,11575.75,11508.75,11559.0,94784,MNQZ2
2022-11-30 17:00:00+00:00,34,1,20332,11559.5,11566.75,11498.0,11530.75,80250,MNQZ2
2022-11-30 18:00:00+00:00,34,1,20332,11530.75,11767.25,11528.25,11753.75,232678,MNQZ2
2022-11-30 19:00:00+00:00,34,1,20332,11753.75,11932.0,11751.25,11898.25,234862,MNQZ2
2022-11-30 20:00:00+00:00,34,1,20332,11898.5,12053.0,11886.25,12052.0,162774,MNQZ2
2022-11-30 21:00:00+00:00,34,1,20332,12051.75,12077.75,12028.5,12074.75,42976,MNQZ2
2022-11-30 23:00:00+00:00,34,1,20332,12074.75,12087.5,12058.5,12073.0,14275,MNQZ2
2022-12-01 00:00:00+00:00,34,1,20332,12073.0,12080.75,12059.0,12063.75,10745,MNQZ2
2022-12-01 01:00:00+00:00,34,1,20332,12063.5,12069.25,12047.25,12049.0,11596,MNQZ2
2022-12-01 02:00:00+00:00,34,1,20332,12049.0,12052.75,12030.75,12037.75,10311,MNQZ2
2022-12-01 03:00:00+00:00,34,1,20332,12037.75,12051.75,12026.5,12049.0,8904,MNQZ2
2022-12-01 04:00:00+00:00,34,1,20332,12048.5,12066.5,12045.25,12059.25,6371,MNQZ2
2022-12-01 05:00:00+00:00,34,1,20332,12058.25,12083.0,12054.5,12072.5,10021,MNQZ2
2022-12-01 06:00:00+00:00,34,1,20332,12072.75,12076.25,12055.5,12059.25,6981,MNQZ2
2022-12-01 07:00:00+00:00,34,1,20332,12059.25,12062.5,12038.5,12049.0,14118,MNQZ2
2022-12-01 08:00:00+00:00,34,1,20332,12048.5,12057.0,12018.5,12028.75,25183,MNQZ2
2022-12-01 09:00:00+00:00,34,1,20332,12029.0,12030.5,11992.5,12015.75,24063,MNQZ2
2022-12-01 10:00:00+00:00,34,1,20332,12016.25,12026.5,12004.25,12005.5,12510,MNQZ2
2022-12-01 11:00:00+00:00,34,1,20332,12005.75,12030.75,11999.75,12025.0,13872,MNQZ2
2022-12-01 12:00:00+00:00,34,1,20332,12025.0,12052.75,12020.75,12051.75,18175,MNQZ2
2022-12-01 13:00:00+00:00,34,1,20332,12051.75,12133.0,12026.5,12078.5,79614,MNQZ2
2022-12-01 14:00:00+00:00,34,1,20332,12077.75,12136.25,12031.5,12114.25,173696,MNQZ2
2022-12-01 15:00:00+00:00,34,1,20332,12114.5,12144.75,11943.75,12073.0,255137,MNQZ2
2022-12-01 16:00:00+00:00,34,1,20332,12073.25,12076.5,12006.0,12031.25,149413,MNQZ2
2022-12-01 17:00:00+00:00,34,1,20332,12031.25,12060.25,11984.5,12047.0,112693,MNQZ2
2022-12-01 18:00:00+00:00,34,1,20332,12047.25,12074.5,12017.25,12052.0,91786,MNQZ2
2022-12-01 19:00:00+00:00,34,1,20332,12052.0,12087.5,12029.25,12083.0,86227,MNQZ2
2022-12-01 20:00:00+00:00,34,1,20332,12083.0,12099.0,12051.75,12059.75,98893,MNQZ2
2022-12-01 21:00:00+00:00,34,1,20332,12059.5,12061.0,12035.75,12036.75,14599,MNQZ2
2022-12-01 23:00:00+00:00,34,1,20332,12039.0,12048.5,12032.75,12040.0,6924,MNQZ2
2022-12-02 00:00:00+00:00,34,1,20332,12039.25,12040.0,12008.0,12011.25,11243,MNQZ2
2022-12-02 01:00:00+00:00,34,1,20332,12011.25,12019.25,11997.5,12004.25,9342,MNQZ2
2022-12-02 02:00:00+00:00,34,1,20332,12004.75,12019.25,12002.5,12017.5,7119,MNQZ2
2022-12-02 03:00:00+00:00,34,1,20332,12018.0,12025.75,12012.5,12023.0,4997,MNQZ2
2022-12-02 04:00:00+00:00,34,1,20332,12022.75,12029.0,12010.0,12024.75,5710,MNQZ2
2022-12-02 05:00:00+00:00,34,1,20332,12025.0,12027.5,12013.5,12022.25,6215,MNQZ2
2022-12-02 06:00:00+00:00,34,1,20332,12022.5,12026.5,12018.75,12022.25,3829,MNQZ2
2022-12-02 07:00:00+00:00,34,1,20332,12022.5,12034.0,12020.0,12024.0,8996,MNQZ2
2022-12-02 08:00:00+00:00,34,1,20332,12023.5,12048.5,12016.5,12047.25,18695,MNQZ2
2022-12-02 09:00:00+00:00,34,1,20332,12047.0,12058.5,12030.5,12057.5,14855,MNQZ2
2022-12-02 10:00:00+00:00,34,1,20332,12056.75,12061.75,12047.0,12055.25,10514,MNQZ2
2022-12-02 11:00:00+00:00,34,1,20332,12055.0,12055.75,12033.5,12040.75,10080,MNQZ2
2022-12-02 12:00:00+00:00,34,1,20332,12041.25,12056.5,12023.25,12056.25,16157,MNQZ2
2022-12-02 13:00:00+00:00,34,1,20332,12055.75,12068.0,11740.25,11824.75,130874,MNQZ2
2022-12-02 14:00:00+00:00,34,1,20332,11824.5,11915.75,11789.75,11874.25,209272,MNQZ2
2022-12-02 15:00:00+00:00,34,1,20332,11874.0,11953.25,11851.75,11903.25,188616,MNQZ2
2022-12-02 16:00:00+00:00,34,1,20332,11903.75,11978.25,11878.75,11943.25,116699,MNQZ2
2022-12-02 17:00:00+00:00,34,1,20332,11943.5,11979.75,11915.25,11922.25,72369,MNQZ2
2022-12-02 18:00:00+00:00,34,1,20332,11922.75,11946.5,11896.75,11936.25,58968,MNQZ2
2022-12-02 19:00:00+00:00,34,1,20332,11936.5,11990.5,11912.75,11988.25,59884,MNQZ2
2022-12-02 20:00:00+00:00,34,1,20332,11988.5,12047.75,11971.0,12013.0,109280,MNQZ2
2022-12-02 21:00:00+00:00,34,1,20332,12013.25,12014.25,11975.25,11979.75,14089,MNQZ2
2022-12-04 23:00:00+00:00,34,1,20332,12000.0,12015.0,11981.0,12001.5,13428,MNQZ2
2022-12-05 00:00:00+00:00,34,1,20332,12001.75,12009.5,11990.0,11991.0,9272,MNQZ2
2022-12-05 01:00:00+00:00,34,1,20332,11991.75,11999.0,11981.25,11983.75,10598,MNQZ2
2022-12-05 02:00:00+00:00,34,1,20332,11984.0,11996.5,11983.0,11991.25,4899,MNQZ2
2022-12-05 03:00:00+00:00,34,1,20332,11991.75,11998.5,11986.5,11997.0,3883,MNQZ2
2022-12-05 04:00:00+00:00,34,1,20332,11997.5,11998.25,11985.5,11993.0,3680,MNQZ2
2022-12-05 05:00:00+00:00,34,1,20332,11992.75,11996.0,11985.75,11995.5,3923,MNQZ2
2022-12-05 06:00:00+00:00,34,1,20332,11995.5,11996.75,11977.0,11996.0,7404,MNQZ2
2022-12-05 07:00:00+00:00,34,1,20332,11996.25,11996.5,11958.25,11967.0,13923,MNQZ2
2022-12-05 08:00:00+00:00,34,1,20332,11967.25,11992.75,11942.75,11992.25,25620,MNQZ2
2022-12-05 09:00:00+00:00,34,1,20332,11992.0,11993.0,11953.0,11980.25,16261,MNQZ2
2022-12-05 10:00:00+00:00,34,1,20332,11979.5,11986.5,11961.0,11971.0,13563,MNQZ2
2022-12-05 11:00:00+00:00,34,1,20332,11971.0,11995.75,11969.0,11994.0,11584,MNQZ2
2022-12-05 12:00:00+00:00,34,1,20332,11994.0,11999.0,11951.25,11963.0,19387,MNQZ2
2022-12-05 13:00:00+00:00,34,1,20332,11962.75,11969.0,11920.5,11927.25,33584,MNQZ2
2022-12-05 14:00:00+00:00,34,1,20332,11927.5,11972.25,11911.5,11933.0,123812,MNQZ2
2022-12-05 15:00:00+00:00,34,1,20332,11932.0,11932.75,11861.0,11922.5,166605,MNQZ2
2022-12-05 16:00:00+00:00,34,1,20332,11922.75,11951.0,11842.25,11847.25,94710,MNQZ2
2022-12-05 17:00:00+00:00,34,1,20332,11847.75,11873.0,11815.25,11819.5,81181,MNQZ2
2022-12-05 18:00:00+00:00,34,1,20332,11820.0,11848.5,11780.0,11783.25,80009,MNQZ2
2022-12-05 19:00:00+00:00,34,1,20332,11783.25,11802.0,11745.25,11768.25,82019,MNQZ2
2022-12-05 20:00:00+00:00,34,1,20332,11768.0,11809.25,11753.25,11802.25,102907,MNQZ2
2022-12-05 21:00:00+00:00,34,1,20332,11802.75,11814.0,11791.25,11813.0,15780,MNQZ2
2022-12-05 23:00:00+00:00,34,1,20332,11813.0,11829.75,11800.5,11819.25,10446,MNQZ2
2022-12-06 00:00:00+00:00,34,1,20332,11820.0,11835.75,11820.0,11829.25,7493,MNQZ2
2022-12-06 01:00:00+00:00,34,1,20332,11829.25,11844.25,11826.75,11832.25,10037,MNQZ2
2022-12-06 02:00:00+00:00,34,1,20332,11832.25,11841.0,11819.0,11822.75,7193,MNQZ2
2022-12-06 03:00:00+00:00,34,1,20332,11823.0,11828.25,11811.5,11823.0,6288,MNQZ2
2022-12-06 04:00:00+00:00,34,1,20332,11823.25,11824.25,11803.25,11805.5,4540,MNQZ2
2022-12-06 05:00:00+00:00,34,1,20332,11805.75,11812.5,11795.0,11803.0,7123,MNQZ2
2022-12-06 06:00:00+00:00,34,1,20332,11803.0,11803.5,11788.25,11798.5,6162,MNQZ2
2022-12-06 07:00:00+00:00,34,1,20332,11798.0,11807.25,11781.25,11798.75,9227,MNQZ2
2022-12-06 08:00:00+00:00,34,1,20332,11799.0,11839.25,11781.5,11833.0,26416,MNQZ2
2022-12-06 09:00:00+00:00,34,1,20332,11832.5,11838.5,11813.25,11815.0,16454,MNQZ2
2022-12-06 10:00:00+00:00,34,1,20332,11814.5,11826.0,11789.5,11817.25,18250,MNQZ2
2022-12-06 11:00:00+00:00,34,1,20332,11816.75,11832.25,11804.25,11830.0,12298,MNQZ2
2022-12-06 12:00:00+00:00,34,1,20332,11829.5,11846.0,11819.5,11821.0,17671,MNQZ2
2022-12-06 13:00:00+00:00,34,1,20332,11820.75,11833.25,11789.25,11821.25,33822,MNQZ2
2022-12-06 14:00:00+00:00,34,1,20332,11821.5,11829.75,11663.5,11664.75,169579,MNQZ2
2022-12-06 15:00:00+00:00,34,1,20332,11664.75,11674.75,11589.0,11611.5,206100,MNQZ2
2022-12-06 16:00:00+00:00,34,1,20332,11611.5,11645.0,11590.75,11617.0,132082,MNQZ2
2022-12-06 17:00:00+00:00,34,1,20332,11617.25,11634.25,11575.0,11587.0,89857,MNQZ2
2022-12-06 18:00:00+00:00,34,1,20332,11587.0,11601.5,11542.75,11571.75,90763,MNQZ2
2022-12-06 19:00:00+00:00,34,1,20332,11571.75,11574.0,11502.0,11533.75,105222,MNQZ2
2022-12-06 20:00:00+00:00,34,1,20332,11534.0,11579.0,11504.25,11562.5,126213,MNQZ2
2022-12-06 21:00:00+00:00,34,1,20332,11562.5,11572.25,11553.5,11566.75,16406,MNQZ2
2022-12-06 23:00:00+00:00,34,1,20332,11568.5,11582.25,11560.0,11578.25,6356,MNQZ2
2022-12-07 00:00:00+00:00,34,1,20332,11578.75,11589.0,11572.0,11572.5,7555,MNQZ2
2022-12-07 01:00:00+00:00,34,1,20332,11572.75,11596.0,11566.5,11590.75,10233,MNQZ2
2022-12-07 02:00:00+00:00,34,1,20332,11590.75,11595.5,11585.5,11589.5,6587,MNQZ2
2022-12-07 03:00:00+00:00,34,1,20332,11590.0,11595.0,11578.5,11593.5,6053,MNQZ2
2022-12-07 04:00:00+00:00,34,1,20332,11593.5,11595.5,11586.25,11589.5,3885,MNQZ2
2022-12-07 05:00:00+00:00,34,1,20332,11589.75,11593.0,11573.0,11576.5,6910,MNQZ2
2022-12-07 06:00:00+00:00,34,1,20332,11577.25,11579.0,11554.25,11562.75,10357,MNQZ2
2022-12-07 07:00:00+00:00,34,1,20332,11563.0,11586.75,11547.0,11555.75,18079,MNQZ2
2022-12-07 08:00:00+00:00,34,1,20332,11555.5,11573.25,11540.75,11567.5,22412,MNQZ2
2022-12-07 09:00:00+00:00,34,1,20332,11567.75,11568.0,11512.0,11527.0,20141,MNQZ2
2022-12-07 10:00:00+00:00,34,1,20332,11526.25,11536.75,11512.25,11532.5,14227,MNQZ2
2022-12-07 11:00:00+00:00,34,1,20332,11532.75,11542.5,11481.25,11495.5,22251,MNQZ2
2022-12-07 12:00:00+00:00,34,1,20332,11495.75,11505.75,11423.25,11446.75,43138,MNQZ2
2022-12-07 13:00:00+00:00,34,1,20332,11446.25,11521.25,11443.5,11505.0,57491,MNQZ2
2022-12-07 14:00:00+00:00,34,1,20332,11505.25,11596.0,11460.0,11471.5,205396,MNQZ2
2022-12-07 15:00:00+00:00,34,1,20332,11471.75,11570.5,11440.25,11552.25,256602,MNQZ2
2022-12-07 16:00:00+00:00,34,1,20332,11552.5,11580.75,11458.0,11505.75,154798,MNQZ2
2022-12-07 17:00:00+00:00,34,1,20332,11505.75,11532.0,11473.25,11523.0,93628,MNQZ2
2022-12-07 18:00:00+00:00,34,1,20332,11522.75,11558.0,11501.75,11507.0,72808,MNQZ2
2022-12-07 19:00:00+00:00,34,1,20332,11507.25,11530.0,11482.25,11500.25,68630,MNQZ2
2022-12-07 20:00:00+00:00,34,1,20332,11500.25,11522.25,11474.5,11507.75,79389,MNQZ2
2022-12-07 21:00:00+00:00,34,1,20332,11508.0,11515.0,11495.0,11498.5,10772,MNQZ2
2022-12-07 23:00:00+00:00,34,1,20332,11500.0,11517.5,11498.5,11510.5,6506,MNQZ2
2022-12-08 00:00:00+00:00,34,1,20332,11510.5,11513.0,11479.25,11479.25,8990,MNQZ2
2022-12-08 01:00:00+00:00,34,1,20332,11479.75,11480.5,11434.25,11457.5,18227,MNQZ2
2022-12-08 02:00:00+00:00,34,1,20332,11457.75,11478.0,11454.25,11473.0,7508,MNQZ2
2022-12-08 03:00:00+00:00,34,1,20332,11473.0,11497.5,11470.5,11491.25,7346,MNQZ2
2022-12-08 04:00:00+00:00,34,1,20332,11491.25,11497.75,11487.0,11489.0,3996,MNQZ2
2022-12-08 05:00:00+00:00,34,1,20332,11489.75,11495.5,11479.0,11493.75,5485,MNQZ2
2022-12-08 06:00:00+00:00,34,1,20332,11494.0,11508.75,11487.0,11505.75,6324,MNQZ2
2022-12-08 07:00:00+00:00,34,1,20332,11505.75,11541.25,11502.5,11530.25,13103,MNQZ2
2022-12-08 08:00:00+00:00,34,1,20332,11530.0,11541.5,11511.0,11536.5,17657,MNQZ2
2022-12-08 09:00:00+00:00,34,1,20332,11536.25,11549.25,11521.25,11532.0,15180,MNQZ2
2022-12-08 10:00:00+00:00,34,1,20332,11532.25,11543.25,11523.25,11534.25,10282,MNQZ2
2022-12-08 11:00:00+00:00,34,1,20332,11534.0,11550.0,11517.75,11538.75,13640,MNQZ2
2022-12-08 12:00:00+00:00,34,1,20332,11538.0,11559.0,11526.75,11555.75,17066,MNQZ2
2022-12-08 13:00:00+00:00,34,1,20332,11557.25,11598.25,11548.75,11575.25,41287,MNQZ2
2022-12-08 14:00:00+00:00,34,1,20332,11575.0,11604.5,11477.0,11601.0,157847,MNQZ2
2022-12-08 15:00:00+00:00,34,1,20332,11601.0,11671.25,11595.5,11644.25,178449,MNQZ2
2022-12-08 16:00:00+00:00,34,1,20332,11644.75,11657.75,11581.75,11634.75,110351,MNQZ2
2022-12-08 17:00:00+00:00,34,1,20332,11635.0,11645.0,11597.25,11627.75,69486,MNQZ2
2022-12-08 18:00:00+00:00,34,1,20332,11628.25,11685.5,11619.25,11649.0,64502,MNQZ2
2022-12-08 19:00:00+00:00,34,1,20332,11649.25,11649.25,11577.5,11626.25,89322,MNQZ2
2022-12-08 20:00:00+00:00,34,1,20332,11626.5,11671.75,11604.5,11645.75,78867,MNQZ2
2022-12-08 21:00:00+00:00,34,1,20332,11645.5,11658.0,11636.5,11636.75,13414,MNQZ2
2022-12-08 23:00:00+00:00,34,1,20332,11638.75,11657.5,11636.75,11637.5,4630,MNQZ2
2022-12-09 00:00:00+00:00,34,1,20332,11637.25,11639.25,11624.25,11630.5,5774,MNQZ2
2022-12-09 01:00:00+00:00,34,1,20332,11630.25,11661.5,11628.5,11660.0,8520,MNQZ2
2022-12-09 02:00:00+00:00,34,1,20332,11660.25,11674.5,11660.25,11667.75,6839,MNQZ2
2022-12-09 03:00:00+00:00,34,1,20332,11667.75,11688.0,11667.5,11679.0,6231,MNQZ2
2022-12-09 04:00:00+00:00,34,1,20332,11679.25,11687.0,11677.0,11678.5,3715,MNQZ2
2022-12-09 05:00:00+00:00,34,1,20332,11678.5,11687.0,11676.5,11681.75,4138,MNQZ2
2022-12-09 06:00:00+00:00,34,1,20332,11681.5,11699.25,11681.0,11698.5,4175,MNQZ2
2022-12-09 07:00:00+00:00,34,1,20332,11698.0,11716.5,11680.0,11702.0,11951,MNQZ2
2022-12-09 08:00:00+00:00,34,1,20332,11701.75,11706.5,11676.75,11690.5,12421,MNQZ2
2022-12-09 09:00:00+00:00,34,1,20332,11689.5,11699.75,11666.0,11672.0,11296,MNQZ2
2022-12-09 10:00:00+00:00,34,1,20332,11672.5,11704.75,11671.75,11698.25,8538,MNQZ2
2022-12-09 11:00:00+00:00,34,1,20332,11697.75,11709.25,11686.5,11701.0,10205,MNQZ2
2022-12-09 12:00:00+00:00,34,1,20332,11701.25,11735.75,11690.25,11729.5,16232,MNQZ2
2022-12-09 13:00:00+00:00,34,1,20332,11729.75,11748.0,11516.5,11618.5,79136,MNQZ2
2022-12-09 14:00:00+00:00,34,1,20332,11618.25,11660.5,11550.0,11614.75,133567,MNQZ2
2022-12-09 15:00:00+00:00,34,1,20332,11613.5,11705.5,11573.75,11704.25,154177,MNQZ2
2022-12-09 16:00:00+00:00,34,1,20332,11705.0,11717.5,11665.5,11706.25,117532,MNQZ2
2022-12-09 17:00:00+00:00,34,1,20332,11706.5,11718.5,11679.0,11684.5,72459,MNQZ2
2022-12-09 18:00:00+00:00,34,1,20332,11684.25,11684.25,11631.5,11661.75,72027,MNQZ2
2022-12-09 19:00:00+00:00,34,1,20332,11661.75,11670.25,11628.75,11658.5,54427,MNQZ2
2022-12-09 20:00:00+00:00,34,1,20332,11657.75,11673.0,11566.25,11570.5,88661,MNQZ2
2022-12-09 21:00:00+00:00,34,1,20332,11570.75,11574.5,11550.75,11553.0,18088,MNQZ2
2022-12-11 23:00:00+00:00,34,1,20332,11555.0,11573.0,11527.0,11536.0,9025,MNQZ2
2022-12-12 00:00:00+00:00,34,1,20332,11536.0,11554.0,11530.75,11538.5,6406,MNQZ2
2022-12-12 01:00:00+00:00,34,1,20332,11537.5,11552.5,11523.0,11536.0,7719,MNQZ2
2022-12-12 02:00:00+00:00,34,1,20332,11535.5,11547.25,11526.0,11543.75,5005,MNQZ2
2022-12-12 03:00:00+00:00,34,1,20332,11544.0,11558.75,11539.75,11548.5,3826,MNQZ2
2022-12-12 04:00:00+00:00,34,1,20332,11549.25,11563.75,11549.0,11557.5,2942,MNQZ2
2022-12-12 05:00:00+00:00,34,1,20332,11556.75,11560.0,11548.25,11557.25,2819,MNQZ2
2022-12-12 06:00:00+00:00,34,1,20332,11557.5,11561.25,11547.25,11560.0,3048,MNQZ2
2022-12-12 07:00:00+00:00,34,1,20332,11560.0,11578.5,11553.25,11564.0,6589,MNQZ2
2022-12-12 08:00:00+00:00,34,1,20332,11563.5,11579.25,11550.5,11568.0,9819,MNQZ2
2022-12-12 09:00:00+00:00,34,1,20332,11568.25,11598.25,11564.0,11594.25,7948,MNQZ2
2022-12-12 10:00:00+00:00,34,1,20332,11594.5,11614.25,11589.75,11609.5,6916,MNQZ2
2022-12-12 11:00:00+00:00,34,1,20332,11608.75,11616.5,11600.25,11606.0,6254,MNQZ2
2022-12-12 12:00:00+00:00,34,1,20332,11606.0,11609.0,11593.75,11596.75,6307,MNQZ2
2022-12-12 13:00:00+00:00,34,1,20332,11597.0,11614.5,11586.75,11593.25,14138,MNQZ2
2022-12-12 14:00:00+00:00,34,1,20332,11593.0,11608.75,11543.0,11595.5,70099,MNQZ2
2022-12-12 15:00:00+00:00,34,1,20332,11595.75,11598.5,11531.25,11559.75,69940,MNQZ2
2022-12-12 16:00:00+00:00,34,1,20332,11560.0,11603.5,11554.5,11587.5,48138,MNQZ2
2022-12-12 17:00:00+00:00,34,1,20332,11587.75,11600.0,11575.5,11596.75,26042,MNQZ2
2022-12-12 18:00:00+00:00,34,1,20332,11597.0,11625.0,11572.75,11601.25,32055,MNQZ2
2022-12-12 19:00:00+00:00,34,1,20332,11601.75,11649.5,11582.25,11644.0,28711,MNQZ2
2022-12-12 20:00:00+00:00,34,1,20332,11644.0,11716.0,11643.5,11714.75,60182,MNQZ2
2022-12-12 21:00:00+00:00,34,1,20332,11715.5,11717.25,11689.0,11698.0,8613,MNQZ2
2022-12-12 23:00:00+00:00,34,1,20332,11699.0,11716.5,11697.75,11710.5,2795,MNQZ2
2022-12-13 00:00:00+00:00,34,1,20332,11711.25,11720.75,11707.25,11713.25,3477,MNQZ2
2022-12-13 01:00:00+00:00,34,1,20332,11713.0,11714.0,11690.0,11693.0,4286,MNQZ2
2022-12-13 02:00:00+00:00,34,1,20332,11692.25,11705.75,11690.5,11693.75,2639,MNQZ2
2022-12-13 03:00:00+00:00,34,1,20332,11694.0,11696.0,11681.25,11685.5,3005,MNQZ2
2022-12-13 04:00:00+00:00,34,1,20332,11685.5,11698.5,11680.5,11697.75,2494,MNQZ2
2022-12-13 05:00:00+00:00,34,1,20332,11698.0,11728.0,11695.25,11724.0,4051,MNQZ2
2022-12-13 06:00:00+00:00,34,1,20332,11724.0,11725.25,11706.25,11716.75,3071,MNQZ2
2022-12-13 07:00:00+00:00,34,1,20332,11717.0,11738.75,11714.25,11728.5,4774,MNQZ2
2022-12-13 08:00:00+00:00,34,1,20332,11729.25,11747.75,11706.25,11719.0,8069,MNQZ2
2022-12-13 09:00:00+00:00,34,1,20332,11719.25,11762.25,11713.75,11741.0,10612,MNQZ2
2022-12-13 10:00:00+00:00,34,1,20332,11741.0,11775.25,11727.0,11770.5,8785,MNQZ2
2022-12-13 11:00:00+00:00,34,1,20332,11770.25,11781.0,11762.75,11770.75,7499,MNQZ2
2022-12-13 12:00:00+00:00,34,1,20332,11770.5,11807.25,11756.5,11800.5,11764,MNQZ2
2022-12-13 13:00:00+00:00,34,1,20332,11800.25,12228.25,11675.5,12164.25,53373,MNQZ2
2022-12-13 14:00:00+00:00,34,1,20332,12163.75,12206.75,12062.0,12133.0,76363,MNQZ2
2022-12-13 15:00:00+00:00,34,1,20332,12134.25,12138.5,11924.0,11975.0,113128,MNQZ2
2022-12-13 16:00:00+00:00,34,1,20332,11975.5,12018.0,11852.5,11882.0,60875,MNQZ2
2022-12-13 17:00:00+00:00,34,1,20332,11883.25,11896.25,11727.25,11780.75,60339,MNQZ2
2022-12-13 18:00:00+00:00,34,1,20332,11780.75,11855.25,11756.25,11819.0,44373,MNQZ2
2022-12-13 19:00:00+00:00,34,1,20332,11819.0,11890.0,11794.25,11826.25,41577,MNQZ2
2022-12-13 20:00:00+00:00,34,1,20332,11825.75,11877.75,11761.5,11840.25,54109,MNQZ2
2022-12-13 21:00:00+00:00,34,1,20332,11840.5,11854.5,11822.0,11831.5,6731,MNQZ2
2022-12-13 23:00:00+00:00,34,1,20332,11831.5,11854.5,11831.5,11839.0,2294,MNQZ2
2022-12-14 00:00:00+00:00,34,1,20332,11838.25,11866.0,11832.75,11863.25,4032,MNQZ2
2022-12-14 01:00:00+00:00,34,1,20332,11863.0,11876.75,11857.5,11873.25,3274,MNQZ2
2022-12-14 02:00:00+00:00,34,1,20332,11873.0,11879.25,11859.5,11863.5,2284,MNQZ2
2022-12-14 03:00:00+00:00,34,1,20332,11864.75,11895.5,11864.0,11885.5,2689,MNQZ2
2022-12-14 04:00:00+00:00,34,1,20332,11885.75,11887.0,11875.75,11879.25,1518,MNQZ2
2022-12-14 05:00:00+00:00,34,1,20332,11879.0,11889.5,11876.0,11878.75,1958,MNQZ2
2022-12-14 06:00:00+00:00,34,1,20332,11878.0,11887.0,11867.5,11875.75,2783,MNQZ2
2022-12-14 07:00:00+00:00,34,1,20332,11876.0,11877.25,11843.0,11844.25,3753,MNQZ2
2022-12-14 08:00:00+00:00,34,1,20332,11844.25,11859.75,11836.25,11856.5,6641,MNQZ2
2022-12-14 09:00:00+00:00,34,1,20332,11856.25,11862.5,11815.75,11834.75,7811,MNQZ2
2022-12-14 10:00:00+00:00,34,1,20332,11835.25,11851.75,11823.75,11832.0,4745,MNQZ2
2022-12-14 11:00:00+00:00,34,1,20332,11829.75,11837.0,11801.0,11835.0,6279,MNQZ2
2022-12-14 12:00:00+00:00,34,1,20332,11835.5,11857.5,11815.75,11825.0,6856,MNQZ2
2022-12-14 13:00:00+00:00,34,1,20332,11825.75,11831.25,11804.25,11826.0,10096,MNQZ2
2022-12-14 14:00:00+00:00,34,1,20332,11825.5,11897.0,11803.25,11890.25,35328,MNQZ2
2022-12-14 15:00:00+00:00,34,1,20332,11891.0,11924.5,11880.0,11909.75,29448,MNQZ2
2022-12-14 16:00:00+00:00,34,1,20332,11909.75,11942.0,11894.5,11913.0,21921,MNQZ2
2022-12-14 17:00:00+00:00,34,1,20332,11912.75,11914.5,11871.5,11873.75,15863,MNQZ2
2022-12-14 18:00:00+00:00,34,1,20332,11874.0,11948.5,11862.25,11865.0,15377,MNQZ2
2022-12-14 19:00:00+00:00,34,1,20332,11936.5,11938.75,11611.5,11719.25,78735,MNQZ2
2022-12-14 20:00:00+00:00,34,1,20332,11719.25,11891.75,11685.5,11744.75,43405,MNQZ2
2022-12-14 21:00:00+00:00,34,1,20332,11745.0,11779.5,11733.25,11768.5,3830,MNQZ2
2022-12-14 23:00:00+00:00,34,1,20332,11765.25,11779.25,11753.5,11764.0,2006,MNQZ2
2022-12-15 00:00:00+00:00,34,1,20332,11763.0,11778.75,11754.5,11777.75,2116,MNQZ2
2022-12-15 01:00:00+00:00,34,1,20332,11777.5,11779.0,11739.0,11744.0,3285,MNQZ2
2022-12-15 02:00:00+00:00,34,1,20332,11744.0,11750.0,11720.5,11733.5,2437,MNQZ2
2022-12-15 03:00:00+00:00,34,1,20332,11733.25,11744.75,11717.0,11736.5,1897,MNQZ2
2022-12-15 04:00:00+00:00,34,1,20332,11737.25,11740.5,11726.75,11737.75,1164,MNQZ2
2022-12-15 05:00:00+00:00,34,1,20332,11737.0,11749.75,11730.5,11746.25,1774,MNQZ2
2022-12-15 06:00:00+00:00,34,1,20332,11747.0,11749.25,11720.5,11723.75,1926,MNQZ2
2022-12-15 07:00:00+00:00,34,1,20332,11724.0,11724.0,11638.0,11645.0,6113,MNQZ2
2022-12-15 08:00:00+00:00,34,1,20332,11645.25,11662.5,11603.0,11617.75,12402,MNQZ2
2022-12-15 09:00:00+00:00,34,1,20332,11617.0,11619.0,11577.75,11606.5,11155,MNQZ2
2022-12-15 10:00:00+00:00,34,1,20332,11606.0,11607.0,11581.5,11583.0,7356,MNQZ2
2022-12-15 11:00:00+00:00,34,1,20332,11583.25,11617.5,11579.75,11615.75,6051,MNQZ2
2022-12-15 12:00:00+00:00,34,1,20332,11615.5,11625.75,11599.5,11621.0,6587,MNQZ2
2022-12-15 13:00:00+00:00,34,1,20332,11621.0,11625.0,11531.5,11569.75,21218,MNQZ2
2022-12-15 14:00:00+00:00,34,1,20332,11568.5,11602.25,11447.75,11463.0,33763,MNQZ2
2022-12-15 15:00:00+00:00,34,1,20332,11464.25,11467.25,11396.0,11409.25,29072,MNQZ2
2022-12-15 16:00:00+00:00,34,1,20332,11408.75,11426.25,11351.5,11361.5,19757,MNQZ2
2022-12-15 17:00:00+00:00,34,1,20332,11361.0,11392.5,11330.5,11340.25,12383,MNQZ2
2022-12-15 18:00:00+00:00,34,1,20332,11340.25,11348.25,11298.25,11327.25,11206,MNQZ2
2022-12-15 19:00:00+00:00,34,1,20332,11326.75,11374.25,11306.0,11372.0,11487,MNQZ2
2022-12-15 20:00:00+00:00,34,1,20332,11372.0,11389.0,11320.75,11348.25,12871,MNQZ2
2022-12-15 21:00:00+00:00,34,1,20332,11349.0,11366.25,11328.0,11340.0,1432,MNQZ2
2022-12-15 23:00:00+00:00,34,1,20332,11333.0,11357.25,11333.0,11349.25,589,MNQZ2
2022-12-16 00:00:00+00:00,34,1,20332,11350.5,11362.5,11347.5,11350.5,585,MNQZ2
2022-12-16 01:00:00+00:00,34,1,20332,11351.25,11358.5,11341.0,11351.0,531,MNQZ2
2022-12-16 02:00:00+00:00,34,1,20332,11350.5,11381.5,11350.5,11378.25,724,MNQZ2
2022-12-16 03:00:00+00:00,34,1,20332,11378.75,11379.5,11358.75,11361.75,438,MNQZ2
2022-12-16 04:00:00+00:00,34,1,20332,11361.75,11363.25,11338.25,11340.5,412,MNQZ2
2022-12-16 05:00:00+00:00,34,1,20332,11338.25,11352.75,11324.25,11352.25,587,MNQZ2
2022-12-16 06:00:00+00:00,34,1,20332,11356.0,11367.5,11338.25,11364.0,460,MNQZ2
2022-12-16 07:00:00+00:00,34,1,20332,11363.25,11364.0,11304.75,11305.5,975,MNQZ2
2022-12-16 08:00:00+00:00,34,1,20332,11307.75,11328.25,11219.25,11224.25,1855,MNQZ2
2022-12-16 09:00:00+00:00,34,1,20332,11224.5,11244.5,11205.5,11244.0,1414,MNQZ2
2022-12-16 10:00:00+00:00,34,1,20332,11243.0,11253.0,11215.0,11235.75,1120,MNQZ2
2022-12-16 11:00:00+00:00,34,1,20332,11237.0,11274.75,11226.0,11259.25,1147,MNQZ2
2022-12-16 12:00:00+00:00,34,1,20332,11260.0,11311.5,11256.25,11311.5,1748,MNQZ2
2022-12-16 13:00:00+00:00,34,1,20332,11310.75,11310.75,11268.0,11292.0,1645,MNQZ2
2022-12-16 14:00:00+00:00,34,1,20332,11291.25,11337.25,11217.75,11283.0,1592,MNQZ2
