completed_trading_date,daily_continuous_close,ewmac16_fast_ewma,ewmac16_slow_ewma,trend_forecast_proxy_fast_minus_slow,sigma_i_t,vol_multiplier_m_ewma10,relative_volatility_v,quantile_q,runtime_status
2011-01-02,103.4609375,103.4609375,103.4609375,0.0,,,,,DAILY_RUNTIME_DEPENDENCY_LEDGER_STRICT_PRIOR_DATE_REQUIRED
2011-01-02,103.4609375,103.4609375,103.4609375,0.0,,,,,DAILY_RUNTIME_DEPENDENCY_LEDGER_STRICT_PRIOR_DATE_REQUIRED
2011-01-03,103.6328125,103.48115808823529,103.46622596153846,0.014932126696834302,,,,,DAILY_RUNTIME_DEPENDENCY_LEDGER_STRICT_PRIOR_DATE_REQUIRED
2011-01-03,103.6328125,103.49899978373702,103.47135170118342,0.027648082553596964,,,,,DAILY_RUNTIME_DEPENDENCY_LEDGER_STRICT_PRIOR_DATE_REQUIRED
2011-01-04,103.609375,103.51198510329736,103.47559857191624,0.03638653138112602,,,,,DAILY_RUNTIME_DEPENDENCY_LEDGER_STRICT_PRIOR_DATE_REQUIRED
2011-01-04,103.609375,103.52344273820356,103.47971476970343,0.043727968500121506,,,,,DAILY_RUNTIME_DEPENDENCY_LEDGER_STRICT_PRIOR_DATE_REQUIRED
2011-01-05,103.046875,103.46737594547372,103.46639662294334,0.0009793225303837971,,,,,DAILY_RUNTIME_DEPENDENCY_LEDGER_STRICT_PRIOR_DATE_REQUIRED
2011-01-05,103.046875,103.41790524600623,103.45348826531432,-0.035583019308091934,,,,,DAILY_RUNTIME_DEPENDENCY_LEDGER_STRICT_PRIOR_DATE_REQUIRED
2011-01-06,103.296875,103.4036663935349,103.44866939561234,-0.04500300207743635,,,,,DAILY_RUNTIME_DEPENDENCY_LEDGER_STRICT_PRIOR_DATE_REQUIRED
2011-01-06,103.296875,103.39110270017785,103.44399879882427,-0.0528960986464142,,,,,DAILY_RUNTIME_DEPENDENCY_LEDGER_STRICT_PRIOR_DATE_REQUIRED
2011-01-07,103.8671875,103.44711267662751,103.45701998962969,-0.009907313002173623,,,,,DAILY_RUNTIME_DEPENDENCY_LEDGER_STRICT_PRIOR_DATE_REQUIRED
2011-01-07,103.8671875,103.4965332440831,103.46964052841031,0.02689271567278695,,,,,DAILY_RUNTIME_DEPENDENCY_LEDGER_STRICT_PRIOR_DATE_REQUIRED
2011-01-09,103.90625,103.54473521536742,103.48307466599769,0.06166054936973353,,,,,DAILY_RUNTIME_DEPENDENCY_LEDGER_STRICT_PRIOR_DATE_REQUIRED
2011-01-09,103.90625,103.58726636650066,103.49609544550546,0.09117092099519652,,,,,DAILY_RUNTIME_DEPENDENCY_LEDGER_STRICT_PRIOR_DATE_REQUIRED
2011-01-10,104.0859375,103.64593355867706,103.51424443179761,0.13168912687945067,,,,,DAILY_RUNTIME_DEPENDENCY_LEDGER_STRICT_PRIOR_DATE_REQUIRED
2011-01-10,104.0859375,103.69769872824446,103.5318349877423,0.1658637405021608,,,,,DAILY_RUNTIME_DEPENDENCY_LEDGER_STRICT_PRIOR_DATE_REQUIRED
2011-01-11,103.8671875,103.71763858374511,103.542153526581,0.17548505716411,,,,,DAILY_RUNTIME_DEPENDENCY_LEDGER_STRICT_PRIOR_DATE_REQUIRED
2011-01-11,103.8671875,103.73523257389274,103.55215457191697,0.1830780019757725,,,,,DAILY_RUNTIME_DEPENDENCY_LEDGER_STRICT_PRIOR_DATE_REQUIRED
2011-01-12,103.8125,103.74432285931714,103.56016520047338,0.184157658843759,,,,,DAILY_RUNTIME_DEPENDENCY_LEDGER_STRICT_PRIOR_DATE_REQUIRED
2011-01-12,103.8125,103.75234369939747,103.56792934815113,0.1844143512463461,,,,,DAILY_RUNTIME_DEPENDENCY_LEDGER_STRICT_PRIOR_DATE_REQUIRED
2011-01-13,104.1796875,103.80261944064482,103.58675267590031,0.21586676474450428,,,,,DAILY_RUNTIME_DEPENDENCY_LEDGER_STRICT_PRIOR_DATE_REQUIRED
2011-01-13,104.1796875,103.84698038880424,103.60499682433414,0.24198356447010383,,,,,DAILY_RUNTIME_DEPENDENCY_LEDGER_STRICT_PRIOR_DATE_REQUIRED
2011-01-14,104.1171875,103.87876946070962,103.62075653743156,0.25801292327805925,,,,,DAILY_RUNTIME_DEPENDENCY_LEDGER_STRICT_PRIOR_DATE_REQUIRED
2011-01-14,104.1171875,103.9068186418026,103.63603133627981,0.27078730552278785,,,,,DAILY_RUNTIME_DEPENDENCY_LEDGER_STRICT_PRIOR_DATE_REQUIRED
2011-01-16,104.1328125,103.93340615453171,103.65131691054813,0.2820892439835774,,,,,DAILY_RUNTIME_DEPENDENCY_LEDGER_STRICT_PRIOR_DATE_REQUIRED
2011-01-16,104.1328125,103.9568657245868,103.66613215945435,0.29073356513245585,,,,,DAILY_RUNTIME_DEPENDENCY_LEDGER_STRICT_PRIOR_DATE_REQUIRED
2011-01-17,104.2578125,103.9922712275766,103.68433770839421,0.30793351918238443,,,,,DAILY_RUNTIME_DEPENDENCY_LEDGER_STRICT_PRIOR_DATE_REQUIRED
2011-01-17,104.2578125,104.02351137727346,103.70198308659747,0.32152829067599953,,,,,DAILY_RUNTIME_DEPENDENCY_LEDGER_STRICT_PRIOR_DATE_REQUIRED
2011-01-18,103.984375,104.01890709759424,103.7106720685483,0.3082350290459317,,,,,DAILY_RUNTIME_DEPENDENCY_LEDGER_STRICT_PRIOR_DATE_REQUIRED
2011-01-18,103.984375,104.01484449787726,103.71909369720835,0.29575080066891246,,,,,DAILY_RUNTIME_DEPENDENCY_LEDGER_STRICT_PRIOR_DATE_REQUIRED
2011-01-19,104.1328125,104.02872308636229,103.73182350652502,0.2968995798372731,,,,,DAILY_RUNTIME_DEPENDENCY_LEDGER_STRICT_PRIOR_DATE_REQUIRED
2011-01-19,104.1328125,104.04096889973142,103.74416162940118,0.29680727033024823,,,,,DAILY_RUNTIME_DEPENDENCY_LEDGER_STRICT_PRIOR_DATE_REQUIRED
2011-01-20,103.609375,103.99019314682184,103.74001434849652,0.2501787983253223,0.02895581512070009,,,,DAILY_RUNTIME_DEPENDENCY_LEDGER_STRICT_PRIOR_DATE_REQUIRED
2011-01-20,103.609375,103.94539101190162,103.7359946762351,0.2093963356665256,0.02895581512070009,,,,DAILY_RUNTIME_DEPENDENCY_LEDGER_STRICT_PRIOR_DATE_REQUIRED
2011-01-21,103.765625,103.92424206932495,103.73690637850478,0.18733569082016288,0.027705539915008796,,,,DAILY_RUNTIME_DEPENDENCY_LEDGER_STRICT_PRIOR_DATE_REQUIRED
2011-01-21,103.765625,103.90558123763965,103.73779002839694,0.16779120924270785,0.027705539915008796,,,,DAILY_RUNTIME_DEPENDENCY_LEDGER_STRICT_PRIOR_DATE_REQUIRED
2011-01-23,103.7421875,103.88635844497615,103.73792533521551,0.14843310976064572,0.026038761245204236,,,,DAILY_RUNTIME_DEPENDENCY_LEDGER_STRICT_PRIOR_DATE_REQUIRED
2011-01-23,103.7421875,103.86939715733189,103.73805647874734,0.13134067858455012,0.026038761245204236,,,,DAILY_RUNTIME_DEPENDENCY_LEDGER_STRICT_PRIOR_DATE_REQUIRED
2011-01-24,103.78125,103.85902690352813,103.7393855101705,0.11964139335763946,0.023287113369367184,,,,DAILY_RUNTIME_DEPENDENCY_LEDGER_STRICT_PRIOR_DATE_REQUIRED
2011-01-24,103.78125,103.84987667958364,103.74067364831909,0.10920303126455622,0.023287113369367184,,,,DAILY_RUNTIME_DEPENDENCY_LEDGER_STRICT_PRIOR_DATE_REQUIRED
2011-01-25,104.0625,103.87489118786792,103.75057599760159,0.12431519026632998,0.023958055397377435,,,,DAILY_RUNTIME_DEPENDENCY_LEDGER_STRICT_PRIOR_DATE_REQUIRED
2011-01-25,104.0625,103.89696281282463,103.76017365921385,0.1367891536107777,0.023958055397377435,,,,DAILY_RUNTIME_DEPENDENCY_LEDGER_STRICT_PRIOR_DATE_REQUIRED
2011-01-26,103.9609375,103.90448924660997,103.76635100816112,0.1381382384488461,0.021455021565349744,,,,DAILY_RUNTIME_DEPENDENCY_LEDGER_STRICT_PRIOR_DATE_REQUIRED
2011-01-26,103.9609375,103.91113021759703,103.7723382848331,0.13879193276393664,0.021455021565349744,,,,DAILY_RUNTIME_DEPENDENCY_LEDGER_STRICT_PRIOR_DATE_REQUIRED
2011-01-27,104.1328125,103.93721048611502,103.78342979914592,0.15378068696909963,0.021113290281748662,,,,DAILY_RUNTIME_DEPENDENCY_LEDGER_STRICT_PRIOR_DATE_REQUIRED
2011-01-27,104.1328125,103.96022248774854,103.79418003609528,0.16604245165325437,0.021113290281748662,,,,DAILY_RUNTIME_DEPENDENCY_LEDGER_STRICT_PRIOR_DATE_REQUIRED
2011-01-28,104.46875,104.02004925389578,103.81493603498467,0.20511321891110867,0.023219960062919102,,,,DAILY_RUNTIME_DEPENDENCY_LEDGER_STRICT_PRIOR_DATE_REQUIRED
2011-01-28,104.46875,104.07283757696686,103.83505338775437,0.23778418921249056,0.023219960062919102,,,,DAILY_RUNTIME_DEPENDENCY_LEDGER_STRICT_PRIOR_DATE_REQUIRED
2011-01-30,104.59375,104.13412139144134,103.85839789890039,0.27572349254094775,0.022089669425205807,,,,DAILY_RUNTIME_DEPENDENCY_LEDGER_STRICT_PRIOR_DATE_REQUIRED
2011-01-30,104.59375,104.1881953453894,103.88102411739577,0.30717122799363494,0.022089669425205807,,,,DAILY_RUNTIME_DEPENDENCY_LEDGER_STRICT_PRIOR_DATE_REQUIRED
2011-01-31,104.3828125,104.21109148122594,103.89646375993743,0.31462772128850247,0.022120857410301308,,,,DAILY_RUNTIME_DEPENDENCY_LEDGER_STRICT_PRIOR_DATE_REQUIRED
2011-01-31,104.3828125,104.23129395402289,103.91142833655475,0.3198656174681389,0.022120857410301308,,,,DAILY_RUNTIME_DEPENDENCY_LEDGER_STRICT_PRIOR_DATE_REQUIRED
2011-02-01,104.0078125,104.20500201825548,103.9143940031223,0.2906080151331878,0.02439803833698182,,,,DAILY_RUNTIME_DEPENDENCY_LEDGER_STRICT_PRIOR_DATE_REQUIRED
2011-02-01,104.0078125,104.18180325140189,103.91726841841084,0.2645348329910462,0.02439803833698182,,,,DAILY_RUNTIME_DEPENDENCY_LEDGER_STRICT_PRIOR_DATE_REQUIRED
2011-02-02,103.578125,104.11078228064872,103.9068332363059,0.20394904434282068,0.027809102258864467,,,,DAILY_RUNTIME_DEPENDENCY_LEDGER_STRICT_PRIOR_DATE_REQUIRED
2011-02-02,103.578125,104.04811671821946,103.89671913672727,0.15139758149219062,0.027809102258864467,,,,DAILY_RUNTIME_DEPENDENCY_LEDGER_STRICT_PRIOR_DATE_REQUIRED
2011-02-03,103.2421875,103.95330151607598,103.87657970175104,0.07672181432494085,0.028908794883652524,,,,DAILY_RUNTIME_DEPENDENCY_LEDGER_STRICT_PRIOR_DATE_REQUIRED
2011-02-03,103.2421875,103.86964104359645,103.85705994169716,0.012581101899286296,0.028908794883652524,,,,DAILY_RUNTIME_DEPENDENCY_LEDGER_STRICT_PRIOR_DATE_REQUIRED
2011-02-04,102.8359375,103.74802886199686,103.82564078964494,-0.07761192764807845,0.030989025546125207,,,,DAILY_RUNTIME_DEPENDENCY_LEDGER_STRICT_PRIOR_DATE_REQUIRED
2011-02-04,102.8359375,103.64072399587957,103.79518838073278,-0.15446438485321323,0.030989025546125207,,,,DAILY_RUNTIME_DEPENDENCY_LEDGER_STRICT_PRIOR_DATE_REQUIRED
2011-02-06,102.8046875,103.5423667610702,103.76471143055639,-0.22234466948619058,0.028900371375659224,,,,DAILY_RUNTIME_DEPENDENCY_LEDGER_STRICT_PRIOR_DATE_REQUIRED
2011-02-06,102.8046875,103.45558096565017,103.73517223269312,-0.2795912670429459,0.028900371375659224,,,,DAILY_RUNTIME_DEPENDENCY_LEDGER_STRICT_PRIOR_DATE_REQUIRED
2011-02-07,102.8359375,103.38268173439721,103.70750347168718,-0.324821737289966,0.027099613807325233,,,,DAILY_RUNTIME_DEPENDENCY_LEDGER_STRICT_PRIOR_DATE_REQUIRED
2011-02-07,102.8359375,103.31835888329165,103.68068605717372,-0.3623271738820648,0.027099613807325233,,,,DAILY_RUNTIME_DEPENDENCY_LEDGER_STRICT_PRIOR_DATE_REQUIRED
2011-02-08,102.1796875,103.18439754408087,103.63450148618375,-0.45010394210288496,0.034522553427655825,,,,DAILY_RUNTIME_DEPENDENCY_LEDGER_STRICT_PRIOR_DATE_REQUIRED
2011-02-08,102.1796875,103.0661963624243,103.58973797891655,-0.5235416164922526,0.034522553427655825,,,,DAILY_RUNTIME_DEPENDENCY_LEDGER_STRICT_PRIOR_DATE_REQUIRED
2011-02-09,102.5,102.9995850256685,103.55620757956527,-0.5566225538967728,0.0345031306341772,,,,DAILY_RUNTIME_DEPENDENCY_LEDGER_STRICT_PRIOR_DATE_REQUIRED
2011-02-09,102.5,102.94081031676632,103.52370888480942,-0.582898568043106,0.0345031306341772,,,,DAILY_RUNTIME_DEPENDENCY_LEDGER_STRICT_PRIOR_DATE_REQUIRED
2011-02-10,102.25,102.85953851479381,103.4845178421999,-0.6249793274060949,0.03372154544889461,,,,DAILY_RUNTIME_DEPENDENCY_LEDGER_STRICT_PRIOR_DATE_REQUIRED
2011-02-10,102.25,102.78782810128865,103.44653267782454,-0.6587045765358823,0.03372154544889461,,,,DAILY_RUNTIME_DEPENDENCY_LEDGER_STRICT_PRIOR_DATE_REQUIRED
2011-02-11,102.3984375,102.74201744231351,103.41428359542994,-0.6722661531164249,0.032154634161172424,,,,DAILY_RUNTIME_DEPENDENCY_LEDGER_STRICT_PRIOR_DATE_REQUIRED
2011-02-11,102.3984375,102.70159627262957,103.38302679249362,-0.6814305198640511,0.032154634161172424,,,,DAILY_RUNTIME_DEPENDENCY_LEDGER_STRICT_PRIOR_DATE_REQUIRED
2011-02-13,102.40625,102.66684965232021,103.35297212195536,-0.6861224696351513,0.029966686646575088,,,,DAILY_RUNTIME_DEPENDENCY_LEDGER_STRICT_PRIOR_DATE_REQUIRED
2011-02-13,102.40625,102.6361908696943,103.32384221051059,-0.6876513408162879,0.029966686646575088,,,,DAILY_RUNTIME_DEPENDENCY_LEDGER_STRICT_PRIOR_DATE_REQUIRED
2011-02-14,102.359375,102.60362429678909,103.29416629634103,-0.6905419995519395,0.028171405897008922,,,,DAILY_RUNTIME_DEPENDENCY_LEDGER_STRICT_PRIOR_DATE_REQUIRED
2011-02-14,102.359375,102.57488908540215,103.26540348722284,-0.6905144018206926,0.028171405897008922,,,,DAILY_RUNTIME_DEPENDENCY_LEDGER_STRICT_PRIOR_DATE_REQUIRED
2011-02-15,102.515625,102.56791684006072,103.24233337992368,-0.6744165398629605,0.026998511079587527,,,,DAILY_RUNTIME_DEPENDENCY_LEDGER_STRICT_PRIOR_DATE_REQUIRED
2011-02-15,102.515625,102.5617648588771,103.21997312207988,-0.6582082632027806,0.026998511079587527,,,,DAILY_RUNTIME_DEPENDENCY_LEDGER_STRICT_PRIOR_DATE_REQUIRED
2011-02-16,102.4296875,102.54622634606802,103.19565664140049,-0.6494302953324649,0.02515889703319628,,,,DAILY_RUNTIME_DEPENDENCY_LEDGER_STRICT_PRIOR_DATE_REQUIRED
2011-02-16,102.4296875,102.53251589358943,103.17208836012662,-0.6395724665371887,0.02515889703319628,,,,DAILY_RUNTIME_DEPENDENCY_LEDGER_STRICT_PRIOR_DATE_REQUIRED
2011-02-17,102.8828125,102.5737272590495,103.16318756443043,-0.5894603053809249,0.028999562418673,,,,DAILY_RUNTIME_DEPENDENCY_LEDGER_STRICT_PRIOR_DATE_REQUIRED
2011-02-17,102.8828125,102.6100902285731,103.15456063937104,-0.5444704107979419,0.028999562418673,,,,DAILY_RUNTIME_DEPENDENCY_LEDGER_STRICT_PRIOR_DATE_REQUIRED
2011-02-18,102.9296875,102.6476899075645,103.14764146585193,-0.4999515582874352,0.027150239571303438,,,,DAILY_RUNTIME_DEPENDENCY_LEDGER_STRICT_PRIOR_DATE_REQUIRED
2011-02-18,102.9296875,102.68086609490985,103.14093518997956,-0.46006909506971283,0.027150239571303438,,,,DAILY_RUNTIME_DEPENDENCY_LEDGER_STRICT_PRIOR_DATE_REQUIRED
2011-02-21,103.109375,102.73127890727339,103.13996410721096,-0.40868519993756536,0.025874120346645244,,,,DAILY_RUNTIME_DEPENDENCY_LEDGER_STRICT_PRIOR_DATE_REQUIRED
2011-02-21,103.109375,102.77576080053534,103.13902290391216,-0.36326210337682596,0.025874120346645244,,,,DAILY_RUNTIME_DEPENDENCY_LEDGER_STRICT_PRIOR_DATE_REQUIRED
2011-02-22,103.5546875,102.86739923576647,103.1518125837918,-0.2844133480253248,0.028792227356201305,,,,DAILY_RUNTIME_DEPENDENCY_LEDGER_STRICT_PRIOR_DATE_REQUIRED
2011-02-22,103.5546875,102.94825667861747,103.16420873505974,-0.21595205644227633,0.028792227356201305,,,,DAILY_RUNTIME_DEPENDENCY_LEDGER_STRICT_PRIOR_DATE_REQUIRED
2011-02-23,103.4453125,103.00673383407424,103.17285808167328,-0.16612424759904343,0.026964369625588742,,,,DAILY_RUNTIME_DEPENDENCY_LEDGER_STRICT_PRIOR_DATE_REQUIRED
2011-02-23,103.4453125,103.05833132418316,103.18124129454488,-0.12290997036171802,0.026964369625588742,,,,DAILY_RUNTIME_DEPENDENCY_LEDGER_STRICT_PRIOR_DATE_REQUIRED
2011-02-24,103.5234375,103.11304969780866,103.19177040855888,-0.07872071075021836,0.024887928358454183,,,,DAILY_RUNTIME_DEPENDENCY_LEDGER_STRICT_PRIOR_DATE_REQUIRED
2011-02-24,103.5234375,103.16133061571352,103.20197554983399,-0.04064493412046488,0.024887928358454183,,,,DAILY_RUNTIME_DEPENDENCY_LEDGER_STRICT_PRIOR_DATE_REQUIRED
2011-02-25,103.734375,103.22874760210017,103.21835707137755,0.010390530722617086,0.024636013746961016,,,,DAILY_RUNTIME_DEPENDENCY_LEDGER_STRICT_PRIOR_DATE_REQUIRED
2011-02-25,103.734375,103.28823317832368,103.23423454610439,0.053998632219290243,0.024636013746961016,,,,DAILY_RUNTIME_DEPENDENCY_LEDGER_STRICT_PRIOR_DATE_REQUIRED
2011-02-27,103.75,103.34255868675618,103.25010425237811,0.09245443437806955,0.023146130807621353,,,,DAILY_RUNTIME_DEPENDENCY_LEDGER_STRICT_PRIOR_DATE_REQUIRED
2011-02-27,103.75,103.3904929589025,103.26548565999724,0.12500729890525974,0.023146130807621353,,,,DAILY_RUNTIME_DEPENDENCY_LEDGER_STRICT_PRIOR_DATE_REQUIRED
2011-02-28,103.78125,103.4364643755022,103.28135533199732,0.1551090435048792,0.019844894464819577,,,,DAILY_RUNTIME_DEPENDENCY_LEDGER_STRICT_PRIOR_DATE_REQUIRED
2011-02-28,103.78125,103.47702739014899,103.2967367063974,0.1802906837515934,0.019844894464819577,,,,DAILY_RUNTIME_DEPENDENCY_LEDGER_STRICT_PRIOR_DATE_REQUIRED
2011-03-01,104.0234375,103.5413109324844,103.31909673081594,0.22221420166845007,0.020187424005720597,,,,DAILY_RUNTIME_DEPENDENCY_LEDGER_STRICT_PRIOR_DATE_REQUIRED
2011-03-01,104.0234375,103.59803170513328,103.34076875448315,0.25726295065013005,0.020187424005720597,,,,DAILY_RUNTIME_DEPENDENCY_LEDGER_STRICT_PRIOR_DATE_REQUIRED
2011-03-02,103.671875,103.6067191515882,103.35095663896058,0.2557625126276122,0.022679920518264486,,,,DAILY_RUNTIME_DEPENDENCY_LEDGER_STRICT_PRIOR_DATE_REQUIRED
2011-03-02,103.671875,103.614384545519,103.36083105006948,0.2535534954495233,0.022679920518264486,,,,DAILY_RUNTIME_DEPENDENCY_LEDGER_STRICT_PRIOR_DATE_REQUIRED
2011-03-03,103.1171875,103.55589077545794,103.35333432545195,0.20255645000598577,0.029444828747143822,,,,DAILY_RUNTIME_DEPENDENCY_LEDGER_STRICT_PRIOR_DATE_REQUIRED
2011-03-03,103.1171875,103.50427862540405,103.3460682692842,0.15821035611985224,0.029444828747143822,,,,DAILY_RUNTIME_DEPENDENCY_LEDGER_STRICT_PRIOR_DATE_REQUIRED
2011-03-04,103.671875,103.52399584594475,103.35609309176776,0.16790275417699263,0.03445016948048532,,,,DAILY_RUNTIME_DEPENDENCY_LEDGER_STRICT_PRIOR_DATE_REQUIRED
2011-03-04,103.671875,103.54139339348067,103.3658094581749,0.17558393530578087,0.03445016948048532,,,,DAILY_RUNTIME_DEPENDENCY_LEDGER_STRICT_PRIOR_DATE_REQUIRED
2011-03-06,103.6484375,103.55398681777706,103.37450570561568,0.1794811121613833,0.03236740790080447,,,,DAILY_RUNTIME_DEPENDENCY_LEDGER_STRICT_PRIOR_DATE_REQUIRED
2011-03-06,103.6484375,103.56509866274446,103.38293437621212,0.18216428653234118,0.03236740790080447,,,,DAILY_RUNTIME_DEPENDENCY_LEDGER_STRICT_PRIOR_DATE_REQUIRED
2011-03-07,103.5859375,103.56755029065688,103.38918062617482,0.17836966448206226,0.030417359625870655,,,,DAILY_RUNTIME_DEPENDENCY_LEDGER_STRICT_PRIOR_DATE_REQUIRED
2011-03-07,103.5859375,103.56971349175608,103.39523468383098,0.17447880792509807,0.030417359625870655,,,,DAILY_RUNTIME_DEPENDENCY_LEDGER_STRICT_PRIOR_DATE_REQUIRED
2011-03-08,103.5078125,103.5624310221377,103.39869861663617,0.16373240550153412,0.02869446148208304,,,,DAILY_RUNTIME_DEPENDENCY_LEDGER_STRICT_PRIOR_DATE_REQUIRED
2011-03-08,103.5078125,103.5560053136509,103.40205596689351,0.15394934675738625,0.02869446148208304,,,,DAILY_RUNTIME_DEPENDENCY_LEDGER_STRICT_PRIOR_DATE_REQUIRED
2011-03-09,103.859375,103.59169586498608,103.41612732175832,0.1755685432277545,0.029260119237943104,,,,DAILY_RUNTIME_DEPENDENCY_LEDGER_STRICT_PRIOR_DATE_REQUIRED
2011-03-09,103.859375,103.62318752792889,103.42976571185807,0.1934218160708241,0.029260119237943104,,,,DAILY_RUNTIME_DEPENDENCY_LEDGER_STRICT_PRIOR_DATE_REQUIRED
2011-03-10,104.4375,103.71898899523137,103.46077292072398,0.2582160745073878,0.034737815387748006,,,,DAILY_RUNTIME_DEPENDENCY_LEDGER_STRICT_PRIOR_DATE_REQUIRED
2011-03-10,104.4375,103.80351970167473,103.49082606162479,0.31269364004994316,0.034737815387748006,,,,DAILY_RUNTIME_DEPENDENCY_LEDGER_STRICT_PRIOR_DATE_REQUIRED
2011-03-11,104.3671875,103.86983356030123,103.51779102895941,0.35204253134182295,0.032641667884553714,,,,DAILY_RUNTIME_DEPENDENCY_LEDGER_STRICT_PRIOR_DATE_REQUIRED
2011-03-11,104.3671875,103.92834578850109,103.54392630499142,0.38441948350967436,0.032641667884553714,,,,DAILY_RUNTIME_DEPENDENCY_LEDGER_STRICT_PRIOR_DATE_REQUIRED
2011-03-13,104.5234375,103.9983565780892,103.57406511099168,0.4242914670975182,0.0305964551720378,,,,DAILY_RUNTIME_DEPENDENCY_LEDGER_STRICT_PRIOR_DATE_REQUIRED
2011-03-13,104.5234375,104.06013080419635,103.60327656911501,0.4568542350813374,0.0305964551720378,,,,DAILY_RUNTIME_DEPENDENCY_LEDGER_STRICT_PRIOR_DATE_REQUIRED
2011-03-14,104.8515625,104.15324041546737,103.6416853669884,0.5115550484789679,0.031105368950196024,,,,DAILY_RUNTIME_DEPENDENCY_LEDGER_STRICT_PRIOR_DATE_REQUIRED
2011-03-14,104.8515625,104.23539595482416,103.67891235569645,0.5564835991277022,0.031105368950196024,,,,DAILY_RUNTIME_DEPENDENCY_LEDGER_STRICT_PRIOR_DATE_REQUIRED
2011-03-15,104.8125,104.30329054837425,103.71379197552118,0.5894985728530742,0.029235566992634996,,,,DAILY_RUNTIME_DEPENDENCY_LEDGER_STRICT_PRIOR_DATE_REQUIRED
2011-03-15,104.8125,104.36319754268315,103.74759837627437,0.615599166408785,0.029235566992634996,,,,DAILY_RUNTIME_DEPENDENCY_LEDGER_STRICT_PRIOR_DATE_REQUIRED
2011-03-16,105.515625,104.49877724354397,103.80199919546594,0.6967780480780306,0.03744301436811651,,,,DAILY_RUNTIME_DEPENDENCY_LEDGER_STRICT_PRIOR_DATE_REQUIRED
2011-03-16,105.515625,104.61840639136233,103.85472614329777,0.7636802480645599,0.03744301436811651,,,,DAILY_RUNTIME_DEPENDENCY_LEDGER_STRICT_PRIOR_DATE_REQUIRED
2011-03-17,104.9921875,104.66238063943734,103.88972495427322,0.7726556851641249,0.03994773224944613,,,,DAILY_RUNTIME_DEPENDENCY_LEDGER_STRICT_PRIOR_DATE_REQUIRED
2011-03-17,104.9921875,104.70118144656237,103.92364687875713,0.7775345678052474,0.03994773224944613,,,,DAILY_RUNTIME_DEPENDENCY_LEDGER_STRICT_PRIOR_DATE_REQUIRED
2011-03-18,105.0234375,104.7390939234374,103.95748659017998,0.781607333257412,0.03754147547676614,,,,DAILY_RUNTIME_DEPENDENCY_LEDGER_STRICT_PRIOR_DATE_REQUIRED
2011-03-18,105.0234375,104.77254610891535,103.9902850797129,0.782261029202445,0.03754147547676614,,,,DAILY_RUNTIME_DEPENDENCY_LEDGER_STRICT_PRIOR_DATE_REQUIRED
2011-03-20,104.796875,104.7754083313959,104.01510323110635,0.7603051002895427,0.03606660718451972,,,,DAILY_RUNTIME_DEPENDENCY_LEDGER_STRICT_PRIOR_DATE_REQUIRED
2011-03-20,104.796875,104.7779338218199,104.03915774707231,0.7387760747475909,0.03606660718451972,,,,DAILY_RUNTIME_DEPENDENCY_LEDGER_STRICT_PRIOR_DATE_REQUIRED
2011-03-21,104.53125,104.74891219572343,104.0542990471624,0.6946131485610323,0.03491456282450997,,,,DAILY_RUNTIME_DEPENDENCY_LEDGER_STRICT_PRIOR_DATE_REQUIRED
2011-03-21,104.53125,104.7233048785795,104.06897446109588,0.6543304174836209,0.03491456282450997,,,,DAILY_RUNTIME_DEPENDENCY_LEDGER_STRICT_PRIOR_DATE_REQUIRED
2011-03-22,104.4609375,104.69243812815839,104.08103486229292,0.6114032658654622,0.032029803833601336,,,,DAILY_RUNTIME_DEPENDENCY_LEDGER_STRICT_PRIOR_DATE_REQUIRED
2011-03-22,104.4609375,104.66520276013975,104.09272417422237,0.5724785859173807,0.032029803833601336,,,,DAILY_RUNTIME_DEPENDENCY_LEDGER_STRICT_PRIOR_DATE_REQUIRED
2011-03-23,104.4765625,104.64300978835861,104.1045345842463,0.5384752041123164,0.029130943337275006,,,,DAILY_RUNTIME_DEPENDENCY_LEDGER_STRICT_PRIOR_DATE_REQUIRED
2011-03-23,104.4765625,104.62342775443408,104.11598159703873,0.5074461573953499,0.029130943337275006,,,,DAILY_RUNTIME_DEPENDENCY_LEDGER_STRICT_PRIOR_DATE_REQUIRED
2011-03-24,104.0859375,104.5601936068536,104.1150571632837,0.44513644356990767,0.03086277198702271,,,,DAILY_RUNTIME_DEPENDENCY_LEDGER_STRICT_PRIOR_DATE_REQUIRED
2011-03-24,104.0859375,104.50439877075318,104.1141611736442,0.3902375971089782,0.03086277198702271,,,,DAILY_RUNTIME_DEPENDENCY_LEDGER_STRICT_PRIOR_DATE_REQUIRED
2011-03-25,103.859375,104.4285136212528,104.10632159907053,0.3221920221822785,0.030147833421686303,,,,DAILY_RUNTIME_DEPENDENCY_LEDGER_STRICT_PRIOR_DATE_REQUIRED
2011-03-25,103.859375,104.36155613639953,104.09872324217605,0.2628328942234788,0.030147833421686303,,,,DAILY_RUNTIME_DEPENDENCY_LEDGER_STRICT_PRIOR_DATE_REQUIRED
2011-03-27,103.734375,104.28777012035252,104.08751252703216,0.20025759332035875,0.028671457437781513,,,,DAILY_RUNTIME_DEPENDENCY_LEDGER_STRICT_PRIOR_DATE_REQUIRED
2011-03-27,103.734375,104.22266481207575,104.07664675696962,0.14601805510612564,0.028671457437781513,,,,DAILY_RUNTIME_DEPENDENCY_LEDGER_STRICT_PRIOR_DATE_REQUIRED
2011-03-28,103.8125,104.17441012830213,104.06851916444748,0.10589096385464813,0.02666375872828106,,,,DAILY_RUNTIME_DEPENDENCY_LEDGER_STRICT_PRIOR_DATE_REQUIRED
2011-03-28,103.8125,104.13183246614894,104.06064165169525,0.07119081445368636,0.02666375872828106,,,,DAILY_RUNTIME_DEPENDENCY_LEDGER_STRICT_PRIOR_DATE_REQUIRED
2011-03-29,103.5703125,104.06577129366083,104.04555460087386,0.020216692786974022,0.025409401223547574,,,,DAILY_RUNTIME_DEPENDENCY_LEDGER_STRICT_PRIOR_DATE_REQUIRED
2011-03-29,103.5703125,104.00748202381838,104.03093176700081,-0.02344974318242521,0.025409401223547574,,,,DAILY_RUNTIME_DEPENDENCY_LEDGER_STRICT_PRIOR_DATE_REQUIRED
2011-03-30,103.8046875,103.98362384454563,104.02397040493925,-0.040346560393615505,0.025367180436294826,,,,DAILY_RUNTIME_DEPENDENCY_LEDGER_STRICT_PRIOR_DATE_REQUIRED
2011-03-30,103.8046875,103.9625725098932,104.01722323863343,-0.054650728740227805,0.025367180436294826,,,,DAILY_RUNTIME_DEPENDENCY_LEDGER_STRICT_PRIOR_DATE_REQUIRED
2011-03-31,103.4453125,103.90171839108224,103.99962598513702,-0.09790759405477445,0.02716852997892641,,,,DAILY_RUNTIME_DEPENDENCY_LEDGER_STRICT_PRIOR_DATE_REQUIRED
2011-03-31,103.4453125,103.84802358036669,103.98257018559433,-0.13454660522764073,0.02716852997892641,,,,DAILY_RUNTIME_DEPENDENCY_LEDGER_STRICT_PRIOR_DATE_REQUIRED
2011-04-01,103.609375,103.81994727679412,103.97108725680681,-0.1511399800126867,0.02585739289451084,,,,DAILY_RUNTIME_DEPENDENCY_LEDGER_STRICT_PRIOR_DATE_REQUIRED
2011-04-01,103.609375,103.79517406775952,103.95995764890506,-0.16478358114554226,0.02585739289451084,,,,DAILY_RUNTIME_DEPENDENCY_LEDGER_STRICT_PRIOR_DATE_REQUIRED
2011-04-03,103.625,103.77515358919958,103.94965125970798,-0.17449767050840137,0.02429146956586499,,,,DAILY_RUNTIME_DEPENDENCY_LEDGER_STRICT_PRIOR_DATE_REQUIRED
2011-04-03,103.625,103.75748846105844,103.93966199017851,-0.1821735291200639,0.02429146956586499,,,,DAILY_RUNTIME_DEPENDENCY_LEDGER_STRICT_PRIOR_DATE_REQUIRED
2011-04-04,103.7578125,103.75752658328686,103.93406662124994,-0.17654003796307904,0.02135299795454072,,,,DAILY_RUNTIME_DEPENDENCY_LEDGER_STRICT_PRIOR_DATE_REQUIRED
2011-04-04,103.7578125,103.75756022054722,103.92864341751917,-0.1710831969719493,0.02135299795454072,,,,DAILY_RUNTIME_DEPENDENCY_LEDGER_STRICT_PRIOR_DATE_REQUIRED
2011-04-05,103.5,103.7272590181299,103.9154543892878,-0.18819537115790297,0.021067365782965385,,,,DAILY_RUNTIME_DEPENDENCY_LEDGER_STRICT_PRIOR_DATE_REQUIRED
2011-04-05,103.5,103.70052266305579,103.90267117730971,-0.20214851425392055,0.021067365782965385,,,,DAILY_RUNTIME_DEPENDENCY_LEDGER_STRICT_PRIOR_DATE_REQUIRED
2011-04-06,103.234375,103.64568176151981,103.88210821800789,-0.2364264564880756,0.022079157550297886,,,,DAILY_RUNTIME_DEPENDENCY_LEDGER_STRICT_PRIOR_DATE_REQUIRED
2011-04-06,103.234375,103.59729273075277,103.8621779651461,-0.2648852343933328,0.022079157550297886,,,,DAILY_RUNTIME_DEPENDENCY_LEDGER_STRICT_PRIOR_DATE_REQUIRED
2011-04-07,103.4609375,103.5812509388995,103.84983210468008,-0.26858116578057434,0.022163386969375046,,,,DAILY_RUNTIME_DEPENDENCY_LEDGER_STRICT_PRIOR_DATE_REQUIRED
2011-04-07,103.4609375,103.56709641667602,103.83786611684377,-0.2707697001677474,0.022163386969375046,,,,DAILY_RUNTIME_DEPENDENCY_LEDGER_STRICT_PRIOR_DATE_REQUIRED
2011-04-08,103.3515625,103.54173948530237,103.82290292863318,-0.28116344333081145,0.020907017099464686,,,,DAILY_RUNTIME_DEPENDENCY_LEDGER_STRICT_PRIOR_DATE_REQUIRED
2011-04-08,103.3515625,103.51936572232562,103.8084001462137,-0.28903442388808287,0.020907017099464686,,,,DAILY_RUNTIME_DEPENDENCY_LEDGER_STRICT_PRIOR_DATE_REQUIRED
2011-04-10,103.1953125,103.48124181381672,103.78953591094557,-0.3082940971288508,0.020448654623706923,,,,DAILY_RUNTIME_DEPENDENCY_LEDGER_STRICT_PRIOR_DATE_REQUIRED
2011-04-10,103.1953125,103.44760307101475,103.7712521136857,-0.32364904267095085,0.020448654623706923,,,,DAILY_RUNTIME_DEPENDENCY_LEDGER_STRICT_PRIOR_DATE_REQUIRED
2011-04-11,103.34375,103.43538506266007,103.75809820249538,-0.3227131398353009,0.019977751195866027,,,,DAILY_RUNTIME_DEPENDENCY_LEDGER_STRICT_PRIOR_DATE_REQUIRED
2011-04-11,103.34375,103.424604467053,103.74534902703398,-0.32074455998098017,0.019977751195866027,,,,DAILY_RUNTIME_DEPENDENCY_LEDGER_STRICT_PRIOR_DATE_REQUIRED
2011-04-12,103.828125,103.47207747092912,103.74789598004831,-0.2758185091191905,0.025393443635961545,,,,DAILY_RUNTIME_DEPENDENCY_LEDGER_STRICT_PRIOR_DATE_REQUIRED
2011-04-12,103.828125,103.5139654155257,103.7503645652776,-0.23639914975188958,0.025393443635961545,,,,DAILY_RUNTIME_DEPENDENCY_LEDGER_STRICT_PRIOR_DATE_REQUIRED
2011-04-13,104.03125,103.57482242546385,103.75900719403829,-0.18418476857443977,0.024808828370824553,,,,DAILY_RUNTIME_DEPENDENCY_LEDGER_STRICT_PRIOR_DATE_REQUIRED
2011-04-13,104.03125,103.62851978717399,103.76738389576019,-0.1388641085862048,0.024808828370824553,,,,DAILY_RUNTIME_DEPENDENCY_LEDGER_STRICT_PRIOR_DATE_REQUIRED
2011-04-14,103.8203125,103.65108363574176,103.76901246819834,-0.11792883245658459,0.024499011652414235,,,,DAILY_RUNTIME_DEPENDENCY_LEDGER_STRICT_PRIOR_DATE_REQUIRED
2011-04-14,103.8203125,103.67099291388979,103.77059093071531,-0.09959801682552438,0.024499011652414235,,,,DAILY_RUNTIME_DEPENDENCY_LEDGER_STRICT_PRIOR_DATE_REQUIRED
2011-04-15,104.3359375,103.7492216887263,103.78798620977022,-0.038764521043930245,0.029800052766994264,,,,DAILY_RUNTIME_DEPENDENCY_LEDGER_STRICT_PRIOR_DATE_REQUIRED
2011-04-15,104.3359375,103.81824707828791,103.80484624946959,0.01340082881831961,0.029800052766994264,,,,DAILY_RUNTIME_DEPENDENCY_LEDGER_STRICT_PRIOR_DATE_REQUIRED
2011-04-17,104.375,103.88374742201874,103.8223894417936,0.061357980225139386,0.02783842547412761,,,,DAILY_RUNTIME_DEPENDENCY_LEDGER_STRICT_PRIOR_DATE_REQUIRED
2011-04-17,104.375,103.94154184295772,103.83939284358458,0.10214899937314215,0.02783842547412761,,,,DAILY_RUNTIME_DEPENDENCY_LEDGER_STRICT_PRIOR_DATE_REQUIRED
2011-04-18,104.640625,104.02378692025681,103.86404614070506,0.15974077955175403,0.027716208930340932,,,,DAILY_RUNTIME_DEPENDENCY_LEDGER_STRICT_PRIOR_DATE_REQUIRED
2011-04-18,104.640625,104.09635610610896,103.88794087483721,0.20841523127174355,0.027716208930340932,,,,DAILY_RUNTIME_DEPENDENCY_LEDGER_STRICT_PRIOR_DATE_REQUIRED
2011-04-19,104.578125,104.15303479950789,103.9091773094576,0.24385749005028856,0.025680137626199848,,,,DAILY_RUNTIME_DEPENDENCY_LEDGER_STRICT_PRIOR_DATE_REQUIRED
2011-04-19,104.578125,104.20304541133048,103.92976031532045,0.27328509601002793,0.025680137626199848,,,,DAILY_RUNTIME_DEPENDENCY_LEDGER_STRICT_PRIOR_DATE_REQUIRED
2011-04-20,104.375,104.22327536293865,103.94345999792598,0.27981536501266646,0.025139279938201607,,,,DAILY_RUNTIME_DEPENDENCY_LEDGER_STRICT_PRIOR_DATE_REQUIRED
2011-04-20,104.375,104.24112532023999,103.95673815183596,0.2843871684040238,0.025139279938201607,,,,DAILY_RUNTIME_DEPENDENCY_LEDGER_STRICT_PRIOR_DATE_REQUIRED
2011-04-21,104.4296875,104.2633091060941,103.97129043947177,0.2920186666223259,0.023699304240726676,,,,DAILY_RUNTIME_DEPENDENCY_LEDGER_STRICT_PRIOR_DATE_REQUIRED
2011-04-21,104.4296875,104.28288303478891,103.9853949644111,0.2974880703778098,0.023699304240726676,,,,DAILY_RUNTIME_DEPENDENCY_LEDGER_STRICT_PRIOR_DATE_REQUIRED
2011-04-24,104.4453125,104.30199238363727,103.99954627319845,0.3024461104388223,0.022197492134855647,,,,DAILY_RUNTIME_DEPENDENCY_LEDGER_STRICT_PRIOR_DATE_REQUIRED
2011-04-24,104.4453125,104.31885357379758,104.01326215710003,0.30559141669755263,0.022197492134855647,,,,DAILY_RUNTIME_DEPENDENCY_LEDGER_STRICT_PRIOR_DATE_REQUIRED
2011-04-25,104.6953125,104.36314285923315,104.03424832149696,0.3288945377361898,0.022497718281124963,,,,DAILY_RUNTIME_DEPENDENCY_LEDGER_STRICT_PRIOR_DATE_REQUIRED
2011-04-25,104.6953125,104.40222164049983,104.0545887577586,0.3476328827412374,0.022497718281124963,,,,DAILY_RUNTIME_DEPENDENCY_LEDGER_STRICT_PRIOR_DATE_REQUIRED
2011-04-26,104.9453125,104.46611468279396,104.08199564213525,0.38411904065870317,0.02273273538066615,,,,DAILY_RUNTIME_DEPENDENCY_LEDGER_STRICT_PRIOR_DATE_REQUIRED
2011-04-26,104.9453125,104.5224908965829,104.10855923776187,0.4139316588210278,0.02273273538066615,,,,DAILY_RUNTIME_DEPENDENCY_LEDGER_STRICT_PRIOR_DATE_REQUIRED
2011-04-27,105.0078125,104.57958755580844,104.13622856890767,0.44335898690077613,0.02125349178804325,,,,DAILY_RUNTIME_DEPENDENCY_LEDGER_STRICT_PRIOR_DATE_REQUIRED
2011-04-27,105.0078125,104.62996696100745,104.16304653601821,0.46692042498924025,0.02125349178804325,,,,DAILY_RUNTIME_DEPENDENCY_LEDGER_STRICT_PRIOR_DATE_REQUIRED
2011-04-28,105.25,104.70291202441834,104.19649125798688,0.5064207664314608,0.0217702369312191,,,,DAILY_RUNTIME_DEPENDENCY_LEDGER_STRICT_PRIOR_DATE_REQUIRED
2011-04-28,105.25,104.76727531566323,104.22890691158727,0.5383684040759533,0.0217702369312191,,,,DAILY_RUNTIME_DEPENDENCY_LEDGER_STRICT_PRIOR_DATE_REQUIRED
2011-04-29,105.3984375,104.84152969029108,104.26489246815382,0.5766372221372649,0.021040932784590956,,,,DAILY_RUNTIME_DEPENDENCY_LEDGER_STRICT_PRIOR_DATE_REQUIRED
2011-04-29,105.3984375,104.90704825613919,104.29977077682601,0.6072774793131828,0.021040932784590956,,,,DAILY_RUNTIME_DEPENDENCY_LEDGER_STRICT_PRIOR_DATE_REQUIRED
2011-05-01,105.3671875,104.9611822848287,104.33261436830828,0.6285679165204101,0.01969483792171007,,,,DAILY_RUNTIME_DEPENDENCY_LEDGER_STRICT_PRIOR_DATE_REQUIRED
2011-05-01,105.3671875,105.00894760426061,104.36444738774496,0.6445002165156524,0.01969483792171007,,,,DAILY_RUNTIME_DEPENDENCY_LEDGER_STRICT_PRIOR_DATE_REQUIRED
2011-05-02,105.4140625,105.05660818022996,104.39674323735281,0.6598649428771495,0.01737456376895741,,,,DAILY_RUNTIME_DEPENDENCY_LEDGER_STRICT_PRIOR_DATE_REQUIRED
2011-05-02,105.4140625,105.09866162961467,104.42804536851118,0.6706162611034898,0.01737456376895741,,,,DAILY_RUNTIME_DEPENDENCY_LEDGER_STRICT_PRIOR_DATE_REQUIRED
2011-05-03,105.5078125,105.14679702613059,104.46126897255698,0.6855280535736057,0.01644313606314645,,,,DAILY_RUNTIME_DEPENDENCY_LEDGER_STRICT_PRIOR_DATE_REQUIRED
2011-05-03,105.5078125,105.1892694348211,104.49347031186291,0.6957991229581921,0.01644313606314645,,,,DAILY_RUNTIME_DEPENDENCY_LEDGER_STRICT_PRIOR_DATE_REQUIRED
2011-05-04,105.609375,105.23869361895979,104.52780584072867,0.7108877782311112,0.015620431607787557,,,,DAILY_RUNTIME_DEPENDENCY_LEDGER_STRICT_PRIOR_DATE_REQUIRED
2011-05-04,105.609375,105.28230319319981,104.56108489178318,0.7212183014166271,0.015620431607787557,,,,DAILY_RUNTIME_DEPENDENCY_LEDGER_STRICT_PRIOR_DATE_REQUIRED
2011-05-05,105.8203125,105.34559840576453,104.5998303566514,0.7457680491131384,0.014994684034955512,,,,DAILY_RUNTIME_DEPENDENCY_LEDGER_STRICT_PRIOR_DATE_REQUIRED
2011-05-05,105.8203125,105.40144712273342,104.63738365336981,0.7640634693636059,0.014994684034955512,,,,DAILY_RUNTIME_DEPENDENCY_LEDGER_STRICT_PRIOR_DATE_REQUIRED
2011-05-06,105.96875,105.46818863770595,104.67834877172767,0.7898398659782799,0.015060377768435109,,,,DAILY_RUNTIME_DEPENDENCY_LEDGER_STRICT_PRIOR_DATE_REQUIRED
2011-05-06,105.96875,105.52707820974054,104.71805342490528,0.809024784835259,0.015060377768435109,,,,DAILY_RUNTIME_DEPENDENCY_LEDGER_STRICT_PRIOR_DATE_REQUIRED
2011-05-08,105.828125,105.56249547918283,104.75220947336973,0.8102860058130972,0.01459642453054856,,,,DAILY_RUNTIME_DEPENDENCY_LEDGER_STRICT_PRIOR_DATE_REQUIRED
2011-05-08,105.828125,105.59374601104368,104.78531456649681,0.8084314445468692,0.01459642453054856,,,,DAILY_RUNTIME_DEPENDENCY_LEDGER_STRICT_PRIOR_DATE_REQUIRED
2011-05-09,106.03125,105.64521706856794,104.82365104137384,0.821566027194109,0.015524315050631114,,,,DAILY_RUNTIME_DEPENDENCY_LEDGER_STRICT_PRIOR_DATE_REQUIRED
2011-05-09,106.03125,105.69063270755994,104.86080793240849,0.8298247751514509,0.015524315050631114,,,,DAILY_RUNTIME_DEPENDENCY_LEDGER_STRICT_PRIOR_DATE_REQUIRED
2011-05-10,105.75,105.69761709490582,104.88816768833439,0.8094494065714315,0.01754385509736569,,,,DAILY_RUNTIME_DEPENDENCY_LEDGER_STRICT_PRIOR_DATE_REQUIRED
2011-05-10,105.75,105.70377978962279,104.91468560561641,0.7890941840063732,0.01754385509736569,,,,DAILY_RUNTIME_DEPENDENCY_LEDGER_STRICT_PRIOR_DATE_REQUIRED
2011-05-11,106.09375,105.74965863790246,104.95096451005898,0.7986941278434756,0.02061726155411132,,,,DAILY_RUNTIME_DEPENDENCY_LEDGER_STRICT_PRIOR_DATE_REQUIRED
2011-05-11,106.09375,105.79013997461982,104.9861271405187,0.8040128341011155,0.02061726155411132,,,,DAILY_RUNTIME_DEPENDENCY_LEDGER_STRICT_PRIOR_DATE_REQUIRED
2011-05-12,105.9453125,105.80839556584102,105.01564053619505,0.7927550296459742,0.02008968622585735,,,,DAILY_RUNTIME_DEPENDENCY_LEDGER_STRICT_PRIOR_DATE_REQUIRED
2011-05-12,105.9453125,105.82450344044797,105.04424582738905,0.7802576130589216,0.02008968622585735,,,,DAILY_RUNTIME_DEPENDENCY_LEDGER_STRICT_PRIOR_DATE_REQUIRED
2011-05-13,106.171875,105.8653706827482,105.07894210962323,0.7864285731249794,0.020285859936600568,,,,DAILY_RUNTIME_DEPENDENCY_LEDGER_STRICT_PRIOR_DATE_REQUIRED
2011-05-13,106.171875,105.90143001418959,105.11257081394251,0.7888592002470745,0.020285859936600568,,,,DAILY_RUNTIME_DEPENDENCY_LEDGER_STRICT_PRIOR_DATE_REQUIRED
2011-05-15,106.2890625,105.94703383604963,105.1487705581289,0.798263277920725,0.019226628179992048,,,,DAILY_RUNTIME_DEPENDENCY_LEDGER_STRICT_PRIOR_DATE_REQUIRED
2011-05-15,106.2890625,105.98727250239672,105.18385646403263,0.8034160383640909,0.019226628179992048,,,,DAILY_RUNTIME_DEPENDENCY_LEDGER_STRICT_PRIOR_DATE_REQUIRED
2011-05-16,106.390625,106.03472573740886,105.22098780360085,0.8137379338080137,0.01840710834068524,,,,DAILY_RUNTIME_DEPENDENCY_LEDGER_STRICT_PRIOR_DATE_REQUIRED
2011-05-16,106.390625,106.07659623889018,105.25697664041313,0.8196195984770469,0.01840710834068524,,,,DAILY_RUNTIME_DEPENDENCY_LEDGER_STRICT_PRIOR_DATE_REQUIRED
2011-05-17,106.390625,106.11354079902074,105.29185812840042,0.8216826706203193,0.016985620388624504,,,,DAILY_RUNTIME_DEPENDENCY_LEDGER_STRICT_PRIOR_DATE_REQUIRED
2011-05-17,106.390625,106.14613894031241,105.32566633983426,0.8204726004781548,0.016985620388624504,,,,DAILY_RUNTIME_DEPENDENCY_LEDGER_STRICT_PRIOR_DATE_REQUIRED
2011-05-18,106.125,106.143652006158,105.35026122168551,0.7933907844724928,0.01848056427340796,,,,DAILY_RUNTIME_DEPENDENCY_LEDGER_STRICT_PRIOR_DATE_REQUIRED
2011-05-18,106.125,106.14145765249235,105.37409933794135,0.7673583145510037,0.01848056427340796,,,,DAILY_RUNTIME_DEPENDENCY_LEDGER_STRICT_PRIOR_DATE_REQUIRED
2011-05-19,106.25,106.15422734043442,105.40105012754316,0.7531772128912593,0.017928609976111377,,,,DAILY_RUNTIME_DEPENDENCY_LEDGER_STRICT_PRIOR_DATE_REQUIRED
2011-05-19,106.25,106.16549471214802,105.4271716620803,0.73832305006772,0.017928609976111377,,,,DAILY_RUNTIME_DEPENDENCY_LEDGER_STRICT_PRIOR_DATE_REQUIRED
2011-05-20,106.4296875,106.19657621660119,105.45801830324706,0.7385579133541285,0.01802634023629629,,,,DAILY_RUNTIME_DEPENDENCY_LEDGER_STRICT_PRIOR_DATE_REQUIRED
2011-05-20,106.4296875,106.22400107347163,105.4879158169933,0.7360852564783329,0.01802634023629629,,,,DAILY_RUNTIME_DEPENDENCY_LEDGER_STRICT_PRIOR_DATE_REQUIRED
2011-05-22,106.46875,106.25279506482791,105.51809533031658,0.7346997345113238,0.01694576644030035,,,,DAILY_RUNTIME_DEPENDENCY_LEDGER_STRICT_PRIOR_DATE_REQUIRED
2011-05-22,106.46875,106.27820152778934,105.54734624322992,0.7308552845594107,0.01694576644030035,,,,DAILY_RUNTIME_DEPENDENCY_LEDGER_STRICT_PRIOR_DATE_REQUIRED
2011-05-23,106.5078125,106.30521458334353,105.57689905113054,0.7283155322129886,0.015923001661175377,,,,DAILY_RUNTIME_DEPENDENCY_LEDGER_STRICT_PRIOR_DATE_REQUIRED
2011-05-23,106.5078125,106.32904963236193,105.60554254186499,0.7235070904969376,0.015923001661175377,,,,DAILY_RUNTIME_DEPENDENCY_LEDGER_STRICT_PRIOR_DATE_REQUIRED
2011-05-24,106.5,106.34916144031935,105.63306430980761,0.7160971305117414,0.014695423957574592,,,,DAILY_RUNTIME_DEPENDENCY_LEDGER_STRICT_PRIOR_DATE_REQUIRED
2011-05-24,106.5,106.36690715322295,105.65973925412122,0.7071678991017336,0.014695423957574592,,,,DAILY_RUNTIME_DEPENDENCY_LEDGER_STRICT_PRIOR_DATE_REQUIRED
2011-05-25,106.65625,106.4009474881379,105.69040112322517,0.7105463649127302,0.014767051401550754,,,,DAILY_RUNTIME_DEPENDENCY_LEDGER_STRICT_PRIOR_DATE_REQUIRED
2011-05-25,106.65625,106.43098307776873,105.72011955020287,0.7108635275658628,0.014767051401550754,,,,DAILY_RUNTIME_DEPENDENCY_LEDGER_STRICT_PRIOR_DATE_REQUIRED
2011-05-26,107.078125,106.50711742156064,105.76190433327355,0.7452130882870875,0.020420497890291617,,,,DAILY_RUNTIME_DEPENDENCY_LEDGER_STRICT_PRIOR_DATE_REQUIRED
2011-05-26,107.078125,106.57429478372997,105.8024034307113,0.771891353018674,0.020420497890291617,,,,DAILY_RUNTIME_DEPENDENCY_LEDGER_STRICT_PRIOR_DATE_REQUIRED
2011-05-27,107.1875,106.64643657387938,105.8450217866894,0.8014147871899837,0.019388866904738192,,,,DAILY_RUNTIME_DEPENDENCY_LEDGER_STRICT_PRIOR_DATE_REQUIRED
2011-05-27,107.1875,106.71009109459945,105.88632880863742,0.823762285962033,0.019388866904738192,,,,DAILY_RUNTIME_DEPENDENCY_LEDGER_STRICT_PRIOR_DATE_REQUIRED
2011-05-29,107.2265625,106.77085243641127,105.92756676837165,0.843285668039627,0.017883190132912164,,,,DAILY_RUNTIME_DEPENDENCY_LEDGER_STRICT_PRIOR_DATE_REQUIRED
2011-05-29,107.2265625,106.82446538506876,105.96753586780636,0.856929517262401,0.017883190132912164,,,,DAILY_RUNTIME_DEPENDENCY_LEDGER_STRICT_PRIOR_DATE_REQUIRED
2011-05-30,107.1796875,106.86625622211949,106.00483284110463,0.861423381014859,0.016253474734392596,,,,DAILY_RUNTIME_DEPENDENCY_LEDGER_STRICT_PRIOR_DATE_REQUIRED
2011-05-30,107.1796875,106.90313049010543,106.04098221522449,0.862148274880937,0.016253474734392596,,,,DAILY_RUNTIME_DEPENDENCY_LEDGER_STRICT_PRIOR_DATE_REQUIRED
2011-05-31,107.1328125,106.9301519030342,106.07457699321759,0.8555749098166103,0.01523330653678179,,,,DAILY_RUNTIME_DEPENDENCY_LEDGER_STRICT_PRIOR_DATE_REQUIRED
2011-05-31,107.1328125,106.95399432620665,106.10713808573398,0.8468562404726754,0.01523330653678179,,,,DAILY_RUNTIME_DEPENDENCY_LEDGER_STRICT_PRIOR_DATE_REQUIRED
2011-06-01,107.640625,107.03477440547647,106.15432229848064,0.8804521069958327,0.022874203815927516,,,,DAILY_RUNTIME_DEPENDENCY_LEDGER_STRICT_PRIOR_DATE_REQUIRED
2011-06-01,107.640625,107.10605094600865,106.20005468929662,0.9059962567120294,0.022874203815927516,,,,DAILY_RUNTIME_DEPENDENCY_LEDGER_STRICT_PRIOR_DATE_REQUIRED
2011-06-02,107.4609375,107.14780230530175,106.23885108347211,0.9089512218296392,0.02235940400111891,,,,DAILY_RUNTIME_DEPENDENCY_LEDGER_STRICT_PRIOR_DATE_REQUIRED
2011-06-02,107.4609375,107.18464173997214,106.2764537424422,0.9081879975299358,0.02235940400111891,,,,DAILY_RUNTIME_DEPENDENCY_LEDGER_STRICT_PRIOR_DATE_REQUIRED
2011-06-03,107.6796875,107.24288241762247,106.31963016575168,0.9232522518707924,0.022355648641487678,,,,DAILY_RUNTIME_DEPENDENCY_LEDGER_STRICT_PRIOR_DATE_REQUIRED
2011-06-03,107.6796875,107.29427125084335,106.36147808372856,0.9327931671147951,0.022355648641487678,,,,DAILY_RUNTIME_DEPENDENCY_LEDGER_STRICT_PRIOR_DATE_REQUIRED
2011-06-05,107.6796875,107.33961433897943,106.40203837345999,0.9375759655194429,0.02100076084503388,,,,DAILY_RUNTIME_DEPENDENCY_LEDGER_STRICT_PRIOR_DATE_REQUIRED
2011-06-05,107.6796875,107.37962294615832,106.4413506542766,0.9382722918817166,0.02100076084503388,,,,DAILY_RUNTIME_DEPENDENCY_LEDGER_STRICT_PRIOR_DATE_REQUIRED
2011-06-06,107.7109375,107.41860112896322,106.48041486491425,0.9381862640489658,0.019445656167469953,,,,DAILY_RUNTIME_DEPENDENCY_LEDGER_STRICT_PRIOR_DATE_REQUIRED
2011-06-06,107.7109375,107.45299364320283,106.51827709983998,0.9347165433628533,0.019445656167469953,,,,DAILY_RUNTIME_DEPENDENCY_LEDGER_STRICT_PRIOR_DATE_REQUIRED
2011-06-07,107.8203125,107.49620762635544,106.5583397275372,0.9378678988182401,0.018600591747096253,,,,DAILY_RUNTIME_DEPENDENCY_LEDGER_STRICT_PRIOR_DATE_REQUIRED
2011-06-07,107.8203125,107.5343376114901,106.59716965899759,0.9371679524925156,0.018600591747096253,,,,DAILY_RUNTIME_DEPENDENCY_LEDGER_STRICT_PRIOR_DATE_REQUIRED
2011-06-08,108.1484375,107.60658465719715,106.64490097718229,0.9616836800148576,0.02084853704470297,,,,DAILY_RUNTIME_DEPENDENCY_LEDGER_STRICT_PRIOR_DATE_REQUIRED
2011-06-08,108.1484375,107.67033205046806,106.69116363942284,0.9791684110452223,0.02084853704470297,,,,DAILY_RUNTIME_DEPENDENCY_LEDGER_STRICT_PRIOR_DATE_REQUIRED
2011-06-09,107.7734375,107.68246210335417,106.72446437359444,0.9579977297597253,0.02363352006779308,,,,DAILY_RUNTIME_DEPENDENCY_LEDGER_STRICT_PRIOR_DATE_REQUIRED
2011-06-09,107.7734375,107.69316509119486,106.75674046979154,0.9364246214033187,0.02363352006779308,,,,DAILY_RUNTIME_DEPENDENCY_LEDGER_STRICT_PRIOR_DATE_REQUIRED
2011-06-10,107.9140625,107.71915302164251,106.79235037841333,0.9268026432291805,0.022747346804572705,,,,DAILY_RUNTIME_DEPENDENCY_LEDGER_STRICT_PRIOR_DATE_REQUIRED
2011-06-10,107.9140625,107.7420835485081,106.82686459753907,0.9152189509690345,0.022747346804572705,,,,DAILY_RUNTIME_DEPENDENCY_LEDGER_STRICT_PRIOR_DATE_REQUIRED
2011-06-12,107.90625,107.76139724868361,106.86007645607633,0.9013207926072795,0.021370258894781613,,,,DAILY_RUNTIME_DEPENDENCY_LEDGER_STRICT_PRIOR_DATE_REQUIRED
2011-06-12,107.90625,107.77843874883848,106.89226641127398,0.8861723375645028,0.021370258894781613,,,,DAILY_RUNTIME_DEPENDENCY_LEDGER_STRICT_PRIOR_DATE_REQUIRED
2011-06-13,107.8671875,107.78887977838689,106.92226398323479,0.8666157951521001,0.020016900289928273,,,,DAILY_RUNTIME_DEPENDENCY_LEDGER_STRICT_PRIOR_DATE_REQUIRED
2011-06-13,107.8671875,107.79809245151783,106.95133855298141,0.84675389853642,0.020016900289928273,,,,DAILY_RUNTIME_DEPENDENCY_LEDGER_STRICT_PRIOR_DATE_REQUIRED
2011-06-14,107.3671875,107.74739775133925,106.96413390519737,0.7832638461418782,0.02521704651284183,,,,DAILY_RUNTIME_DEPENDENCY_LEDGER_STRICT_PRIOR_DATE_REQUIRED
2011-06-14,107.3671875,107.70266713353462,106.97653555426822,0.7261315792663936,0.02521704651284183,,,,DAILY_RUNTIME_DEPENDENCY_LEDGER_STRICT_PRIOR_DATE_REQUIRED
2011-06-15,107.984375,107.73580923547172,107.00754599875228,0.7282632367194424,0.03226002255388296,,,,DAILY_RUNTIME_DEPENDENCY_LEDGER_STRICT_PRIOR_DATE_REQUIRED
2011-06-15,107.984375,107.76505226659269,107.03760227571374,0.7274499908789522,0.03226002255388296,,,,DAILY_RUNTIME_DEPENDENCY_LEDGER_STRICT_PRIOR_DATE_REQUIRED
2011-06-16,108.03125,107.79636964699354,107.06817605184563,0.7281935951479142,0.030345835528029764,,,,DAILY_RUNTIME_DEPENDENCY_LEDGER_STRICT_PRIOR_DATE_REQUIRED
2011-06-16,108.03125,107.82400262970017,107.09780909640422,0.7261935332959553,0.030345835528029764,,,,DAILY_RUNTIME_DEPENDENCY_LEDGER_STRICT_PRIOR_DATE_REQUIRED
2011-06-17,108.0859375,107.85481849679427,107.12821304728409,0.7266054495101741,0.02856553531567582,,,,DAILY_RUNTIME_DEPENDENCY_LEDGER_STRICT_PRIOR_DATE_REQUIRED
2011-06-17,108.0859375,107.88200896775965,107.15768149198306,0.7243274757765903,0.02856553531567582,,,,DAILY_RUNTIME_DEPENDENCY_LEDGER_STRICT_PRIOR_DATE_REQUIRED
2011-06-19,108.1015625,107.90783879508204,107.18672398453742,0.7211148105446199,0.02683294059859813,,,,DAILY_RUNTIME_DEPENDENCY_LEDGER_STRICT_PRIOR_DATE_REQUIRED
2011-06-19,108.1015625,107.93062981919003,107.21487286193627,0.7157569572537597,0.02683294059859813,,,,DAILY_RUNTIME_DEPENDENCY_LEDGER_STRICT_PRIOR_DATE_REQUIRED
2011-06-20,108.0078125,107.93971013457943,107.23927100464593,0.7004391299334998,0.024536724573194953,,,,DAILY_RUNTIME_DEPENDENCY_LEDGER_STRICT_PRIOR_DATE_REQUIRED
2011-06-20,108.0078125,107.94772217757007,107.26291843527221,0.6848037422978592,0.024536724573194953,,,,DAILY_RUNTIME_DEPENDENCY_LEDGER_STRICT_PRIOR_DATE_REQUIRED
2011-06-21,108.0,107.95387250962065,107.28559786803307,0.6682746415875869,0.022931846119885222,,,,DAILY_RUNTIME_DEPENDENCY_LEDGER_STRICT_PRIOR_DATE_REQUIRED
2011-06-21,108.0,107.95929927319469,107.3075794720936,0.6517198011010947,0.022931846119885222,,,,DAILY_RUNTIME_DEPENDENCY_LEDGER_STRICT_PRIOR_DATE_REQUIRED
2011-06-22,108.1015625,107.97603612340707,107.3320097191061,0.6440264043009734,0.021651334247312148,,,,DAILY_RUNTIME_DEPENDENCY_LEDGER_STRICT_PRIOR_DATE_REQUIRED
2011-06-22,108.1015625,107.990803932418,107.35568826621052,0.6351156662074828,0.021651334247312148,,,,DAILY_RUNTIME_DEPENDENCY_LEDGER_STRICT_PRIOR_DATE_REQUIRED
2011-06-23,108.4453125,108.04427552860412,107.38921516571173,0.6550603628923852,0.02368661609638032,,,,DAILY_RUNTIME_DEPENDENCY_LEDGER_STRICT_PRIOR_DATE_REQUIRED
2011-06-23,108.4453125,108.09145634876833,107.42171046830522,0.6697458804631111,0.02368661609638032,,,,DAILY_RUNTIME_DEPENDENCY_LEDGER_STRICT_PRIOR_DATE_REQUIRED
2011-06-24,108.9375,108.19099089597205,107.46835014620352,0.7226407497685301,0.02819869498514028,,,,DAILY_RUNTIME_DEPENDENCY_LEDGER_STRICT_PRIOR_DATE_REQUIRED
2011-06-24,108.9375,108.27881549644592,107.51355475708957,0.76526073935635,0.02819869498514028,,,,DAILY_RUNTIME_DEPENDENCY_LEDGER_STRICT_PRIOR_DATE_REQUIRED
2011-06-26,108.9140625,108.35355043804051,107.55664730302527,0.796903135015242,0.02646403918255024,,,,DAILY_RUNTIME_DEPENDENCY_LEDGER_STRICT_PRIOR_DATE_REQUIRED
2011-06-26,108.9140625,108.41949303356516,107.59841392447065,0.8210791090945122,0.02646403918255024,,,,DAILY_RUNTIME_DEPENDENCY_LEDGER_STRICT_PRIOR_DATE_REQUIRED
2011-06-27,108.5703125,108.43723650020456,107.6283184960254,0.8089180041791622,0.02729388467261885,,,,DAILY_RUNTIME_DEPENDENCY_LEDGER_STRICT_PRIOR_DATE_REQUIRED
2011-06-27,108.5703125,108.4528925001805,107.65730292691693,0.7955895732635696,0.02729388467261885,,,,DAILY_RUNTIME_DEPENDENCY_LEDGER_STRICT_PRIOR_DATE_REQUIRED
2011-06-28,107.84375,108.38122867662985,107.66303975993488,0.7181889166949702,0.035866633143852,,,,DAILY_RUNTIME_DEPENDENCY_LEDGER_STRICT_PRIOR_DATE_REQUIRED
2011-06-28,107.84375,108.31799589114398,107.6686000750138,0.6493958161301805,0.035866633143852,,,,DAILY_RUNTIME_DEPENDENCY_LEDGER_STRICT_PRIOR_DATE_REQUIRED
2011-06-29,107.640625,108.23830519806822,107.66773930347492,0.570565894593301,0.03440292471183205,,,,DAILY_RUNTIME_DEPENDENCY_LEDGER_STRICT_PRIOR_DATE_REQUIRED
2011-06-29,107.640625,108.16798988064843,107.66690501721416,0.5010848634342722,0.03440292471183205,,,,DAILY_RUNTIME_DEPENDENCY_LEDGER_STRICT_PRIOR_DATE_REQUIRED
2011-06-30,107.2265625,108.0572337182192,107.65335601668448,0.4038777015347108,0.03549792941277325,,,,DAILY_RUNTIME_DEPENDENCY_LEDGER_STRICT_PRIOR_DATE_REQUIRED
2011-06-30,107.2265625,107.95950769254634,107.6402239084788,0.31928378406753666,0.03549792941277325,,,,DAILY_RUNTIME_DEPENDENCY_LEDGER_STRICT_PRIOR_DATE_REQUIRED
2011-07-01,107.078125,107.8558156110703,107.62292855744869,0.2328870536216101,0.03375891555104121,,,,DAILY_RUNTIME_DEPENDENCY_LEDGER_STRICT_PRIOR_DATE_REQUIRED
2011-07-01,107.078125,107.7643225980032,107.60616537106566,0.15815722693754708,0.03375891555104121,,,,DAILY_RUNTIME_DEPENDENCY_LEDGER_STRICT_PRIOR_DATE_REQUIRED
2011-07-03,107.0703125,107.68267435117929,107.5896775904175,0.09299676076179253,0.03103921782786841,,,,DAILY_RUNTIME_DEPENDENCY_LEDGER_STRICT_PRIOR_DATE_REQUIRED
2011-07-03,107.0703125,107.61063178045231,107.57369712609696,0.03693465435534904,0.03103921782786841,,,,DAILY_RUNTIME_DEPENDENCY_LEDGER_STRICT_PRIOR_DATE_REQUIRED
2011-07-04,107.1953125,107.56177068863438,107.56205452221704,-0.00028383358265671177,0.028371123387687675,,,,DAILY_RUNTIME_DEPENDENCY_LEDGER_STRICT_PRIOR_DATE_REQUIRED
2011-07-04,107.1953125,107.51865796055975,107.55077015230268,-0.032112191742925233,0.028371123387687675,,,,DAILY_RUNTIME_DEPENDENCY_LEDGER_STRICT_PRIOR_DATE_REQUIRED
2011-07-05,107.59375,107.52749231814096,107.5520926091549,-0.024600291013939568,0.030187734762073044,,,,DAILY_RUNTIME_DEPENDENCY_LEDGER_STRICT_PRIOR_DATE_REQUIRED
2011-07-05,107.59375,107.53528733953614,107.55337437502705,-0.01808703549090751,0.030187734762073044,,,,DAILY_RUNTIME_DEPENDENCY_LEDGER_STRICT_PRIOR_DATE_REQUIRED
2011-07-06,107.7109375,107.55595206429659,107.55822247118006,-0.0022704068834684676,0.028652588856140734,,,,DAILY_RUNTIME_DEPENDENCY_LEDGER_STRICT_PRIOR_DATE_REQUIRED
2011-07-06,107.7109375,107.57418564496757,107.56292139514375,0.011264249823824457,0.028652588856140734,,,,DAILY_RUNTIME_DEPENDENCY_LEDGER_STRICT_PRIOR_DATE_REQUIRED
2011-07-07,107.390625,107.5525902749714,107.55761996760087,-0.005029692629477722,0.029211766687760397,,,,DAILY_RUNTIME_DEPENDENCY_LEDGER_STRICT_PRIOR_DATE_REQUIRED
2011-07-07,107.390625,107.53353553673946,107.55248166090547,-0.01894612416600694,0.029211766687760397,,,,DAILY_RUNTIME_DEPENDENCY_LEDGER_STRICT_PRIOR_DATE_REQUIRED
2011-07-08,108.1796875,107.60955341477012,107.57178030210838,0.037773112661739106,0.03922242890737504,,,,DAILY_RUNTIME_DEPENDENCY_LEDGER_STRICT_PRIOR_DATE_REQUIRED
2011-07-08,108.1796875,107.67662801303246,107.59048513896659,0.08614287406587096,0.03922242890737504,,,,DAILY_RUNTIME_DEPENDENCY_LEDGER_STRICT_PRIOR_DATE_REQUIRED
2011-07-10,108.3125,107.75143648208746,107.61270098084454,0.13873550124291967,0.03714208783548284,,,,DAILY_RUNTIME_DEPENDENCY_LEDGER_STRICT_PRIOR_DATE_REQUIRED
2011-07-10,108.3125,107.81744395478304,107.63423325835701,0.1832106964260305,0.03714208783548284,,,,DAILY_RUNTIME_DEPENDENCY_LEDGER_STRICT_PRIOR_DATE_REQUIRED
2011-07-11,108.609375,107.91061231304387,107.66423761963834,0.24637469340552798,0.03640243402296733,,,,DAILY_RUNTIME_DEPENDENCY_LEDGER_STRICT_PRIOR_DATE_REQUIRED
2011-07-11,108.609375,107.99281968797989,107.69331876980331,0.29950091817657665,0.03640243402296733,,,,DAILY_RUNTIME_DEPENDENCY_LEDGER_STRICT_PRIOR_DATE_REQUIRED
2011-07-12,108.84375,108.09292913645285,107.72871665380936,0.36421248264349515,0.03489014070575437,,,,DAILY_RUNTIME_DEPENDENCY_LEDGER_STRICT_PRIOR_DATE_REQUIRED
2011-07-12,108.84375,108.1812610027525,107.76302537215368,0.4182356305988293,0.03489014070575437,,,,DAILY_RUNTIME_DEPENDENCY_LEDGER_STRICT_PRIOR_DATE_REQUIRED
2011-07-13,108.71875,108.24449500242869,107.79243228377973,0.4520627186489605,0.03244776790943835,,,,DAILY_RUNTIME_DEPENDENCY_LEDGER_STRICT_PRIOR_DATE_REQUIRED
2011-07-13,108.71875,108.30028970802532,107.82093436735573,0.47935534066958496,0.03244776790943835,,,,DAILY_RUNTIME_DEPENDENCY_LEDGER_STRICT_PRIOR_DATE_REQUIRED
2011-07-14,108.609375,108.33665268355175,107.8451940791294,0.49145860442234834,0.030720772467015236,,,,DAILY_RUNTIME_DEPENDENCY_LEDGER_STRICT_PRIOR_DATE_REQUIRED
2011-07-14,108.609375,108.36873766195743,107.86870733823311,0.5000303237243173,0.030720772467015236,,,,DAILY_RUNTIME_DEPENDENCY_LEDGER_STRICT_PRIOR_DATE_REQUIRED
2011-07-15,108.8671875,108.4273788193742,107.899429804749,0.5279490146251931,0.02992199903630742,,,,DAILY_RUNTIME_DEPENDENCY_LEDGER_STRICT_PRIOR_DATE_REQUIRED
2011-07-15,108.8671875,108.47912101709488,107.92920696460288,0.5499140524919994,0.02992199903630742,,,,DAILY_RUNTIME_DEPENDENCY_LEDGER_STRICT_PRIOR_DATE_REQUIRED
2011-07-17,108.8125,108.51834207390725,107.95638521184587,0.5619568620613791,0.026561050580163715,,,,DAILY_RUNTIME_DEPENDENCY_LEDGER_STRICT_PRIOR_DATE_REQUIRED
2011-07-17,108.8125,108.55294888874168,107.98272720532754,0.5702216834141467,0.026561050580163715,,,,DAILY_RUNTIME_DEPENDENCY_LEDGER_STRICT_PRIOR_DATE_REQUIRED
2011-07-18,108.8984375,108.59359460771324,108.01090290670207,0.5826917010111714,0.024993294816824885,,,,DAILY_RUNTIME_DEPENDENCY_LEDGER_STRICT_PRIOR_DATE_REQUIRED
2011-07-18,108.8984375,108.62945847739404,108.03821166341893,0.5912468139751041,0.024993294816824885,,,,DAILY_RUNTIME_DEPENDENCY_LEDGER_STRICT_PRIOR_DATE_REQUIRED
2011-07-19,108.8359375,108.65375012711237,108.06275707377527,0.5909930533371011,0.02295375481915868,,,,DAILY_RUNTIME_DEPENDENCY_LEDGER_STRICT_PRIOR_DATE_REQUIRED
2011-07-19,108.8359375,108.67518393568739,108.08654724073604,0.5886366949513473,0.02295375481915868,,,,DAILY_RUNTIME_DEPENDENCY_LEDGER_STRICT_PRIOR_DATE_REQUIRED
2011-07-20,108.5859375,108.66468435501828,108.10191309486723,0.5627712601510524,0.023196361429592485,,,,DAILY_RUNTIME_DEPENDENCY_LEDGER_STRICT_PRIOR_DATE_REQUIRED
2011-07-20,108.5859375,108.65542001913379,108.11680615348669,0.5386138656470933,0.023196361429592485,,,,DAILY_RUNTIME_DEPENDENCY_LEDGER_STRICT_PRIOR_DATE_REQUIRED
2011-07-21,108.4296875,108.62886325217686,108.12643327184094,0.5024299803359185,0.022472088423743142,,,,DAILY_RUNTIME_DEPENDENCY_LEDGER_STRICT_PRIOR_DATE_REQUIRED
2011-07-21,108.4296875,108.60543081074428,108.1357641711689,0.46966663957537946,0.022472088423743142,,,,DAILY_RUNTIME_DEPENDENCY_LEDGER_STRICT_PRIOR_DATE_REQUIRED
2011-07-22,108.5859375,108.60313748006848,108.14961565820985,0.45352182185862944,0.02175355071238569,,,,DAILY_RUNTIME_DEPENDENCY_LEDGER_STRICT_PRIOR_DATE_REQUIRED
2011-07-22,108.5859375,108.6011139530016,108.16304094564954,0.43807300735205956,0.02175355071238569,,,,DAILY_RUNTIME_DEPENDENCY_LEDGER_STRICT_PRIOR_DATE_REQUIRED
2011-07-24,108.578125,108.59840937029551,108.17581276270647,0.4225966075890426,0.01975949453482783,,,,DAILY_RUNTIME_DEPENDENCY_LEDGER_STRICT_PRIOR_DATE_REQUIRED
2011-07-24,108.578125,108.59602297379016,108.18819160077705,0.40783137301311,0.01975949453482783,,,,DAILY_RUNTIME_DEPENDENCY_LEDGER_STRICT_PRIOR_DATE_REQUIRED
2011-07-25,108.5390625,108.58932174157954,108.19898762844545,0.39033411313408806,0.018549770369788242,,,,DAILY_RUNTIME_DEPENDENCY_LEDGER_STRICT_PRIOR_DATE_REQUIRED
2011-07-25,108.5390625,108.583408889629,108.20945147064714,0.37395741898185975,0.018549770369788242,,,,DAILY_RUNTIME_DEPENDENCY_LEDGER_STRICT_PRIOR_DATE_REQUIRED
2011-07-26,108.703125,108.59749313790795,108.22464142539646,0.3728517125114905,0.01787505127755625,,,,DAILY_RUNTIME_DEPENDENCY_LEDGER_STRICT_PRIOR_DATE_REQUIRED
2011-07-26,108.703125,108.60992041580113,108.23936399692272,0.37055641887840807,0.01787505127755625,,,,DAILY_RUNTIME_DEPENDENCY_LEDGER_STRICT_PRIOR_DATE_REQUIRED
2011-07-27,108.6640625,108.6162900727657,108.25243164317125,0.36385842959444403,0.013320063412041977,,,,DAILY_RUNTIME_DEPENDENCY_LEDGER_STRICT_PRIOR_DATE_REQUIRED
2011-07-27,108.6640625,108.62191035832267,108.26509720799675,0.35681315032591954,0.013320063412041977,,,,DAILY_RUNTIME_DEPENDENCY_LEDGER_STRICT_PRIOR_DATE_REQUIRED
2011-07-28,108.65625,108.62595031616705,108.27713267851993,0.34881763764711593,0.012396534383183241,,,,DAILY_RUNTIME_DEPENDENCY_LEDGER_STRICT_PRIOR_DATE_REQUIRED
2011-07-28,108.65625,108.62951498485327,108.28879782687318,0.3407171579800945,0.012396534383183241,,,,DAILY_RUNTIME_DEPENDENCY_LEDGER_STRICT_PRIOR_DATE_REQUIRED
2011-07-29,109.5859375,108.74203528075289,108.32870981681555,0.4133254639373405,0.0344646501408181,,,,DAILY_RUNTIME_DEPENDENCY_LEDGER_STRICT_PRIOR_DATE_REQUIRED
2011-07-29,109.5859375,108.84131789478195,108.36739374552891,0.47392414925303683,0.0344646501408181,,,,DAILY_RUNTIME_DEPENDENCY_LEDGER_STRICT_PRIOR_DATE_REQUIRED
2011-07-31,109.4921875,108.91789078951348,108.40200278412803,0.5158880053854489,0.03239884527011189,,,,DAILY_RUNTIME_DEPENDENCY_LEDGER_STRICT_PRIOR_DATE_REQUIRED
2011-07-31,109.4921875,108.98545510839423,108.43554692923179,0.5499081791624434,0.03239884527011189,,,,DAILY_RUNTIME_DEPENDENCY_LEDGER_STRICT_PRIOR_DATE_REQUIRED
2011-08-01,109.6796875,109.06712950740668,108.47382817756312,0.5933013298435554,0.03108772934890917,,,,DAILY_RUNTIME_DEPENDENCY_LEDGER_STRICT_PRIOR_DATE_REQUIRED
2011-08-01,109.6796875,109.13919515359413,108.51093154133041,0.6282636122637228,0.03108772934890917,,,,DAILY_RUNTIME_DEPENDENCY_LEDGER_STRICT_PRIOR_DATE_REQUIRED
2011-08-02,110.203125,109.26436337081834,108.56299903236639,0.7013643384519526,0.03439204851718021,,,,DAILY_RUNTIME_DEPENDENCY_LEDGER_STRICT_PRIOR_DATE_REQUIRED
2011-08-02,110.203125,109.37480591542796,108.61346444675512,0.761341468672839,0.03439204851718021,,,,DAILY_RUNTIME_DEPENDENCY_LEDGER_STRICT_PRIOR_DATE_REQUIRED
2011-08-03,109.9765625,109.44560080773054,108.6554059253165,0.7901948824140419,0.03307991383353681,,,,DAILY_RUNTIME_DEPENDENCY_LEDGER_STRICT_PRIOR_DATE_REQUIRED
2011-08-03,109.9765625,109.508066889174,108.69605689684522,0.8120099923287825,0.03307991383353681,,,,DAILY_RUNTIME_DEPENDENCY_LEDGER_STRICT_PRIOR_DATE_REQUIRED
2011-08-04,110.609375,109.63763254927117,108.75492822309613,0.8827043261750447,0.038048983241936,,,,DAILY_RUNTIME_DEPENDENCY_LEDGER_STRICT_PRIOR_DATE_REQUIRED
2011-08-04,110.609375,109.7519551905334,108.81198812392394,0.9399670666094551,0.038048983241936,,,,DAILY_RUNTIME_DEPENDENCY_LEDGER_STRICT_PRIOR_DATE_REQUIRED
2011-08-05,110.0390625,109.78573252105886,108.84974425857243,0.9359882624864326,0.040789804724343966,,,,DAILY_RUNTIME_DEPENDENCY_LEDGER_STRICT_PRIOR_DATE_REQUIRED
2011-08-05,110.0390625,109.8155360479931,108.88633866600097,0.9291973819921395,0.040789804724343966,,,,DAILY_RUNTIME_DEPENDENCY_LEDGER_STRICT_PRIOR_DATE_REQUIRED
2011-08-07,110.1875,109.8592965129351,108.92637439935478,0.9329221135803181,0.038653821576628875,,,,DAILY_RUNTIME_DEPENDENCY_LEDGER_STRICT_PRIOR_DATE_REQUIRED
2011-08-07,110.1875,109.89790868788391,108.96517826399003,0.9327304238938865,0.038653821576628875,,,,DAILY_RUNTIME_DEPENDENCY_LEDGER_STRICT_PRIOR_DATE_REQUIRED
2011-08-08,110.796875,110.0036694304858,109.02153816355957,0.9821312669262312,0.04187920036360107,,,,DAILY_RUNTIME_DEPENDENCY_LEDGER_STRICT_PRIOR_DATE_REQUIRED
2011-08-08,110.796875,110.09698773278159,109.07616391237312,1.0208238204084665,0.04187920036360107,,,,DAILY_RUNTIME_DEPENDENCY_LEDGER_STRICT_PRIOR_DATE_REQUIRED
2011-08-09,111.3671875,110.24642299951316,109.14665694583856,1.0997660536745997,0.04392953961432113,,,,DAILY_RUNTIME_DEPENDENCY_LEDGER_STRICT_PRIOR_DATE_REQUIRED
2011-08-09,111.3671875,110.37827764662924,109.21498096288968,1.16329668373956,0.04392953961432113,,,,DAILY_RUNTIME_DEPENDENCY_LEDGER_STRICT_PRIOR_DATE_REQUIRED
2011-08-10,111.453125,110.50473027643756,109.28384693326231,1.2208833431752453,0.041322663224785845,,,,DAILY_RUNTIME_DEPENDENCY_LEDGER_STRICT_PRIOR_DATE_REQUIRED
2011-08-10,111.453125,110.61630612626843,109.3505939507004,1.2657121755680265,0.041322663224785845,,,,DAILY_RUNTIME_DEPENDENCY_LEDGER_STRICT_PRIOR_DATE_REQUIRED
2011-08-11,111.09375,110.67247599376626,109.40422952144807,1.2682464723181823,0.040723246091626544,,,,DAILY_RUNTIME_DEPENDENCY_LEDGER_STRICT_PRIOR_DATE_REQUIRED
2011-08-11,111.09375,110.72203764155847,109.45621476694197,1.2658228746165037,0.040723246091626544,,,,DAILY_RUNTIME_DEPENDENCY_LEDGER_STRICT_PRIOR_DATE_REQUIRED
2011-08-12,111.34375,110.79518027196335,109.51429277411299,1.2808874978503582,0.03920473350561328,,,,DAILY_RUNTIME_DEPENDENCY_LEDGER_STRICT_PRIOR_DATE_REQUIRED
2011-08-12,111.34375,110.85971788702648,109.57058376567873,1.2891341213477432,0.03920473350561328,,,,DAILY_RUNTIME_DEPENDENCY_LEDGER_STRICT_PRIOR_DATE_REQUIRED
2011-08-14,111.3203125,110.91390548855277,109.62442157288861,1.2894839156641638,0.03677627413405753,,,,DAILY_RUNTIME_DEPENDENCY_LEDGER_STRICT_PRIOR_DATE_REQUIRED
2011-08-14,111.3203125,110.9617180781348,109.67660283218433,1.2851152459504647,0.03677627413405753,,,,DAILY_RUNTIME_DEPENDENCY_LEDGER_STRICT_PRIOR_DATE_REQUIRED
2011-08-15,111.203125,110.99011889247187,109.7235727450402,1.2665461474316686,0.034776724936738466,,,,DAILY_RUNTIME_DEPENDENCY_LEDGER_STRICT_PRIOR_DATE_REQUIRED
2011-08-15,111.203125,111.015178434534,109.7690974298082,1.246081004725795,0.034776724936738466,,,,DAILY_RUNTIME_DEPENDENCY_LEDGER_STRICT_PRIOR_DATE_REQUIRED
2011-08-16,111.46875,111.06853979517705,109.82139443196795,1.2471453632090999,0.033917768017785954,,,,DAILY_RUNTIME_DEPENDENCY_LEDGER_STRICT_PRIOR_DATE_REQUIRED
2011-08-16,111.46875,111.11562334868562,109.8720822955997,1.2435410530859201,0.033917768017785954,,,,DAILY_RUNTIME_DEPENDENCY_LEDGER_STRICT_PRIOR_DATE_REQUIRED
2011-08-17,111.515625,111.16268236648732,109.92265284035048,1.240029526136837,0.0295544194307181,,,,DAILY_RUNTIME_DEPENDENCY_LEDGER_STRICT_PRIOR_DATE_REQUIRED
2011-08-17,111.515625,111.20420502925352,109.9716673683397,1.2325376609138203,0.0295544194307181,,,,DAILY_RUNTIME_DEPENDENCY_LEDGER_STRICT_PRIOR_DATE_REQUIRED
2011-08-18,111.7109375,111.26382061404722,110.02518337239079,1.2386372416564342,0.02853180170979561,,,,DAILY_RUNTIME_DEPENDENCY_LEDGER_STRICT_PRIOR_DATE_REQUIRED
2011-08-18,111.7109375,111.31642260062989,110.07705273016337,1.2393698704665184,0.02853180170979561,,,,DAILY_RUNTIME_DEPENDENCY_LEDGER_STRICT_PRIOR_DATE_REQUIRED
2011-08-19,111.6015625,111.34996847114401,110.12396072308142,1.2260077480625853,0.026954973422031805,,,,DAILY_RUNTIME_DEPENDENCY_LEDGER_STRICT_PRIOR_DATE_REQUIRED
2011-08-19,111.6015625,111.37956776865647,110.16942539314046,1.2101423755160141,0.026954973422031805,,,,DAILY_RUNTIME_DEPENDENCY_LEDGER_STRICT_PRIOR_DATE_REQUIRED
2011-08-21,111.625,111.40844214881454,110.21421230412075,1.194229844693794,0.024431881847915452,,,,DAILY_RUNTIME_DEPENDENCY_LEDGER_STRICT_PRIOR_DATE_REQUIRED
2011-08-21,111.625,111.43391954307165,110.25762115630165,1.17629838677,0.024431881847915452,,,,DAILY_RUNTIME_DEPENDENCY_LEDGER_STRICT_PRIOR_DATE_REQUIRED
2011-08-22,111.515625,111.44353194976911,110.296328966877,1.1472029828921109,0.0230741756346709,,,,DAILY_RUNTIME_DEPENDENCY_LEDGER_STRICT_PRIOR_DATE_REQUIRED
2011-08-22,111.515625,111.45201348509039,110.33384576789618,1.1181677171942113,0.0230741756346709,,,,DAILY_RUNTIME_DEPENDENCY_LEDGER_STRICT_PRIOR_DATE_REQUIRED
2011-08-23,111.3671875,111.4420339574327,110.36564089811476,1.0763930593179367,0.020745994723264598,,,,DAILY_RUNTIME_DEPENDENCY_LEDGER_STRICT_PRIOR_DATE_REQUIRED
2011-08-23,111.3671875,111.43322849185239,110.3964577166343,1.0367707752180877,0.020745994723264598,,,,DAILY_RUNTIME_DEPENDENCY_LEDGER_STRICT_PRIOR_DATE_REQUIRED
2011-08-24,111.171875,111.40248102222269,110.42031670996863,0.9821643122540564,0.019293283893191224,,,,DAILY_RUNTIME_DEPENDENCY_LEDGER_STRICT_PRIOR_DATE_REQUIRED
2011-08-24,111.171875,111.3753509019612,110.44344158043114,0.9319093215300569,0.019293283893191224,,,,DAILY_RUNTIME_DEPENDENCY_LEDGER_STRICT_PRIOR_DATE_REQUIRED
2011-08-25,111.453125,111.38450079584811,110.47450876257173,0.9099920332763816,0.020449314135142425,,,,DAILY_RUNTIME_DEPENDENCY_LEDGER_STRICT_PRIOR_DATE_REQUIRED
2011-08-25,111.453125,111.39257423163068,110.50462003141568,0.8879542002149918,0.020449314135142425,,,,DAILY_RUNTIME_DEPENDENCY_LEDGER_STRICT_PRIOR_DATE_REQUIRED
2011-08-26,111.6484375,111.42267579261531,110.53981441506444,0.8828613775508671,0.018801402709270026,,,,DAILY_RUNTIME_DEPENDENCY_LEDGER_STRICT_PRIOR_DATE_REQUIRED
2011-08-26,111.6484375,111.4492359934841,110.57392589460092,0.8753100988831761,0.018801402709270026,,,,DAILY_RUNTIME_DEPENDENCY_LEDGER_STRICT_PRIOR_DATE_REQUIRED
2011-08-28,111.6328125,111.47083322954478,110.60650702092089,0.8643262086238934,0.016124549446231453,,,,DAILY_RUNTIME_DEPENDENCY_LEDGER_STRICT_PRIOR_DATE_REQUIRED
2011-08-28,111.6328125,111.48988961430422,110.6380856510464,0.8518039632578223,0.016124549446231453,,,,DAILY_RUNTIME_DEPENDENCY_LEDGER_STRICT_PRIOR_DATE_REQUIRED
2011-08-29,111.4609375,111.4864834832096,110.66340416947574,0.8230793137338566,0.016211626811230326,,,,DAILY_RUNTIME_DEPENDENCY_LEDGER_STRICT_PRIOR_DATE_REQUIRED
2011-08-29,111.4609375,111.48347807342023,110.68794365656879,0.7955344168514387,0.016211626811230326,,,,DAILY_RUNTIME_DEPENDENCY_LEDGER_STRICT_PRIOR_DATE_REQUIRED
2011-08-30,111.796875,111.52034830007668,110.72206462098205,0.7982836790946237,0.018542572273227104,,,,DAILY_RUNTIME_DEPENDENCY_LEDGER_STRICT_PRIOR_DATE_REQUIRED
2011-08-30,111.796875,111.55288085300883,110.75513570956721,0.7977451434416167,0.018542572273227104,,,,DAILY_RUNTIME_DEPENDENCY_LEDGER_STRICT_PRIOR_DATE_REQUIRED
2011-08-31,111.578125,111.55585075265485,110.78045845696515,0.7753922956896986,0.018687759863874876,,,,DAILY_RUNTIME_DEPENDENCY_LEDGER_STRICT_PRIOR_DATE_REQUIRED
2011-08-31,111.578125,111.55847125234251,110.80500204290469,0.7534692094378244,0.018687759863874876,,,,DAILY_RUNTIME_DEPENDENCY_LEDGER_STRICT_PRIOR_DATE_REQUIRED
2011-09-01,111.796875,111.58651875206692,110.8355212108153,0.7509975412516212,0.019081834903882322,,,,DAILY_RUNTIME_DEPENDENCY_LEDGER_STRICT_PRIOR_DATE_REQUIRED
2011-09-01,111.796875,111.6112665459414,110.8651013274056,0.7461652185358076,0.019081834903882322,,,,DAILY_RUNTIME_DEPENDENCY_LEDGER_STRICT_PRIOR_DATE_REQUIRED
2011-09-02,111.9375,111.64964695230124,110.89809820963927,0.7515487426619671,0.018498502856023596,,,,DAILY_RUNTIME_DEPENDENCY_LEDGER_STRICT_PRIOR_DATE_REQUIRED
2011-09-02,111.9375,111.68351201673639,110.93007980318883,0.7534322135475549,0.018498502856023596,,,,DAILY_RUNTIME_DEPENDENCY_LEDGER_STRICT_PRIOR_DATE_REQUIRED
2011-09-04,111.9296875,111.71247383829682,110.96083696309071,0.7516368752061027,0.01705278292328291,,,,DAILY_RUNTIME_DEPENDENCY_LEDGER_STRICT_PRIOR_DATE_REQUIRED
2011-09-04,111.9296875,111.73802838673248,110.99064774884177,0.7473806378907142,0.01705278292328291,,,,DAILY_RUNTIME_DEPENDENCY_LEDGER_STRICT_PRIOR_DATE_REQUIRED
2011-09-05,112.0703125,111.77712063535219,111.02386820272356,0.7532524326286278,0.016711511773821214,,,,DAILY_RUNTIME_DEPENDENCY_LEDGER_STRICT_PRIOR_DATE_REQUIRED
2011-09-05,112.0703125,111.81161379589899,111.0560664887936,0.7555473071053882,0.016711511773821214,,,,DAILY_RUNTIME_DEPENDENCY_LEDGER_STRICT_PRIOR_DATE_REQUIRED
2011-09-06,111.8515625,111.81631364344028,111.08054328913842,0.735770354301863,0.01720264763027029,,,,DAILY_RUNTIME_DEPENDENCY_LEDGER_STRICT_PRIOR_DATE_REQUIRED
2011-09-06,111.8515625,111.82046056774142,111.10426695716492,0.7161936105764966,0.01720264763027029,,,,DAILY_RUNTIME_DEPENDENCY_LEDGER_STRICT_PRIOR_DATE_REQUIRED
2011-09-07,111.765625,111.81400932447772,111.12461643540601,0.689392889071712,0.01636648102386865,,,,DAILY_RUNTIME_DEPENDENCY_LEDGER_STRICT_PRIOR_DATE_REQUIRED
2011-09-07,111.765625,111.80831705100977,111.14433977585506,0.6639772751547071,0.01636648102386865,,,,DAILY_RUNTIME_DEPENDENCY_LEDGER_STRICT_PRIOR_DATE_REQUIRED
2011-09-08,111.96875,111.82719151559685,111.1697062442903,0.6574852713065553,0.016865095290617502,,,,DAILY_RUNTIME_DEPENDENCY_LEDGER_STRICT_PRIOR_DATE_REQUIRED
2011-09-08,111.96875,111.84384545493839,111.19429220600445,0.6495532489339411,0.016865095290617502,,,,DAILY_RUNTIME_DEPENDENCY_LEDGER_STRICT_PRIOR_DATE_REQUIRED
2011-09-09,112.2890625,111.896223930828,111.22797744581969,0.6682464850083107,0.019193343356991403,,,,DAILY_RUNTIME_DEPENDENCY_LEDGER_STRICT_PRIOR_DATE_REQUIRED
2011-09-09,112.2890625,111.94244023308352,111.26062621671754,0.6818140163659763,0.019193343356991403,,,,DAILY_RUNTIME_DEPENDENCY_LEDGER_STRICT_PRIOR_DATE_REQUIRED
2011-09-11,112.34375,111.98965314683839,111.29395310235701,0.6957000444813843,0.01802912465564991,,,,DAILY_RUNTIME_DEPENDENCY_LEDGER_STRICT_PRIOR_DATE_REQUIRED
2011-09-11,112.34375,112.03131160015153,111.32625454536141,0.7050570547901174,0.01802912465564991,,,,DAILY_RUNTIME_DEPENDENCY_LEDGER_STRICT_PRIOR_DATE_REQUIRED
2011-09-12,111.9921875,112.02670876483957,111.34674479011953,0.6799639747200388,0.02057933677970681,,,,DAILY_RUNTIME_DEPENDENCY_LEDGER_STRICT_PRIOR_DATE_REQUIRED
2011-09-12,111.9921875,112.02264743956432,111.36660456580816,0.6560428737561637,0.02057933677970681,,,,DAILY_RUNTIME_DEPENDENCY_LEDGER_STRICT_PRIOR_DATE_REQUIRED
2011-09-13,111.8671875,112.00435803490969,111.38200711762946,0.6223509172802295,0.019474888315236766,,,,DAILY_RUNTIME_DEPENDENCY_LEDGER_STRICT_PRIOR_DATE_REQUIRED
2011-09-13,111.8671875,111.9882203249203,111.39693574477933,0.5912845801409787,0.019474888315236766,,,,DAILY_RUNTIME_DEPENDENCY_LEDGER_STRICT_PRIOR_DATE_REQUIRED
2011-09-14,111.8671875,111.97398116904732,111.41140502955535,0.5625761394919664,0.01812839169392438,,,,DAILY_RUNTIME_DEPENDENCY_LEDGER_STRICT_PRIOR_DATE_REQUIRED
2011-09-14,111.8671875,111.96141720798292,111.42542910556904,0.5359881024138815,0.01812839169392438,,,,DAILY_RUNTIME_DEPENDENCY_LEDGER_STRICT_PRIOR_DATE_REQUIRED
2011-09-15,111.6796875,111.92827253645551,111.4332524407823,0.4950200956732118,0.018191127490372886,,,,DAILY_RUNTIME_DEPENDENCY_LEDGER_STRICT_PRIOR_DATE_REQUIRED
2011-09-15,111.6796875,111.89902723804897,111.440835057989,0.4581921800599673,0.018191127490372886,,,,DAILY_RUNTIME_DEPENDENCY_LEDGER_STRICT_PRIOR_DATE_REQUIRED
2011-09-16,111.7890625,111.8860902100432,111.45154974851242,0.43454046153078707,0.017358806941689932,,,,DAILY_RUNTIME_DEPENDENCY_LEDGER_STRICT_PRIOR_DATE_REQUIRED
2011-09-16,111.7890625,111.87467518533224,111.4619347562505,0.4127404290817367,0.017358806941689932,,,,DAILY_RUNTIME_DEPENDENCY_LEDGER_STRICT_PRIOR_DATE_REQUIRED
2011-09-18,111.890625,111.87655163411668,111.47512522528893,0.4014264088277457,0.01612557996775298,,,,DAILY_RUNTIME_DEPENDENCY_LEDGER_STRICT_PRIOR_DATE_REQUIRED
2011-09-18,111.890625,111.8782073242206,111.48790983374158,0.3902974904790142,0.01612557996775298,,,,DAILY_RUNTIME_DEPENDENCY_LEDGER_STRICT_PRIOR_DATE_REQUIRED
2011-09-19,112.1796875,111.91367558019465,111.50919530039569,0.4044802797989604,0.01786611155415054,,,,DAILY_RUNTIME_DEPENDENCY_LEDGER_STRICT_PRIOR_DATE_REQUIRED
2011-09-19,112.1796875,111.94497110017176,111.5298258296143,0.41514527055745987,0.01786611155415054,,,,DAILY_RUNTIME_DEPENDENCY_LEDGER_STRICT_PRIOR_DATE_REQUIRED
2011-09-20,112.078125,111.96063626485743,111.54669657331847,0.4139396915389568,0.016913005140405966,,,,DAILY_RUNTIME_DEPENDENCY_LEDGER_STRICT_PRIOR_DATE_REQUIRED
2011-09-20,112.078125,111.97445846899184,111.56304821721636,0.41141025177547874,0.016913005140405966,,,,DAILY_RUNTIME_DEPENDENCY_LEDGER_STRICT_PRIOR_DATE_REQUIRED
2011-09-21,112.046875,111.98297806087515,111.57793519514816,0.40504286572699755,0.015825357685075734,,,,DAILY_RUNTIME_DEPENDENCY_LEDGER_STRICT_PRIOR_DATE_REQUIRED
2011-09-21,112.046875,111.99049534783101,111.59236411222052,0.39813123561049224,0.015825357685075734,,,,DAILY_RUNTIME_DEPENDENCY_LEDGER_STRICT_PRIOR_DATE_REQUIRED
2011-09-22,112.2421875,112.02010618926266,111.61235867799834,0.4077475112643185,0.01628746227110811,,,,DAILY_RUNTIME_DEPENDENCY_LEDGER_STRICT_PRIOR_DATE_REQUIRED
2011-09-22,112.2421875,112.04623340229058,111.63173802636763,0.4144953759229537,0.01628746227110811,,,,DAILY_RUNTIME_DEPENDENCY_LEDGER_STRICT_PRIOR_DATE_REQUIRED
2011-09-23,111.8671875,112.02516917849168,111.63898262555632,0.38618655293535653,0.019841282375869487,,,,DAILY_RUNTIME_DEPENDENCY_LEDGER_STRICT_PRIOR_DATE_REQUIRED
2011-09-23,111.8671875,112.00658309866913,111.64600431400075,0.3605787846683768,0.019841282375869487,,,,DAILY_RUNTIME_DEPENDENCY_LEDGER_STRICT_PRIOR_DATE_REQUIRED
2011-09-25,111.7734375,111.97915420470805,111.64992533510842,0.32922886959963193,0.018711768107860714,,,,DAILY_RUNTIME_DEPENDENCY_LEDGER_STRICT_PRIOR_DATE_REQUIRED
2011-09-25,111.7734375,111.95495223944829,111.65372570941278,0.3012265300355068,0.018711768107860714,,,,DAILY_RUNTIME_DEPENDENCY_LEDGER_STRICT_PRIOR_DATE_REQUIRED
2011-09-26,111.734375,111.92900197598378,111.65620722604623,0.27279474993754604,0.01759524875510453,,,,DAILY_RUNTIME_DEPENDENCY_LEDGER_STRICT_PRIOR_DATE_REQUIRED
2011-09-26,111.734375,111.90610468469157,111.65861238832173,0.24749229636984182,0.01759524875510453,,,,DAILY_RUNTIME_DEPENDENCY_LEDGER_STRICT_PRIOR_DATE_REQUIRED
2011-09-27,111.546875,111.8638423688455,111.65517431483491,0.2086680540105874,0.017542377956669127,,,,DAILY_RUNTIME_DEPENDENCY_LEDGER_STRICT_PRIOR_DATE_REQUIRED
2011-09-27,111.546875,111.82655209015779,111.6518420282246,0.17471006193318317,0.017542377956669127,,,,DAILY_RUNTIME_DEPENDENCY_LEDGER_STRICT_PRIOR_DATE_REQUIRED
2011-09-28,111.6328125,111.80375919719805,111.65125650427923,0.1525026929188158,0.016250630550513595,,,,DAILY_RUNTIME_DEPENDENCY_LEDGER_STRICT_PRIOR_DATE_REQUIRED
2011-09-28,111.6328125,111.78364782105709,111.65068899645524,0.13295882460184316,0.016250630550513595,,,,DAILY_RUNTIME_DEPENDENCY_LEDGER_STRICT_PRIOR_DATE_REQUIRED
2011-09-29,111.4453125,111.74384366563861,111.64436971964123,0.09947394599737436,0.016543654077970472,,,,DAILY_RUNTIME_DEPENDENCY_LEDGER_STRICT_PRIOR_DATE_REQUIRED
2011-09-29,111.4453125,111.70872235203406,111.63824488211381,0.07047746992024884,0.016543654077970472,,,,DAILY_RUNTIME_DEPENDENCY_LEDGER_STRICT_PRIOR_DATE_REQUIRED
2011-09-30,111.59375,111.69519619297122,111.636875808818,0.05832038415321961,0.015750417963243207,,,,DAILY_RUNTIME_DEPENDENCY_LEDGER_STRICT_PRIOR_DATE_REQUIRED
2011-09-30,111.59375,111.68326134673931,111.63554886085437,0.04771248588494359,0.015750417963243207,,,,DAILY_RUNTIME_DEPENDENCY_LEDGER_STRICT_PRIOR_DATE_REQUIRED
2011-10-02,111.5625,111.66905412947587,111.63330120359731,0.03575292587855472,0.014751417858023155,,,,DAILY_RUNTIME_DEPENDENCY_LEDGER_STRICT_PRIOR_DATE_REQUIRED
2011-10-02,111.5625,111.65651834953752,111.63112270502509,0.025395644512428817,0.014751417858023155,,,,DAILY_RUNTIME_DEPENDENCY_LEDGER_STRICT_PRIOR_DATE_REQUIRED
2011-10-03,112.0,111.69692795547428,111.6424727756397,0.054455179834576484,0.020400230789915395,,,,DAILY_RUNTIME_DEPENDENCY_LEDGER_STRICT_PRIOR_DATE_REQUIRED
2011-10-03,112.0,111.73258349012436,111.65347361331233,0.07910987681202641,0.020400230789915395,,,,DAILY_RUNTIME_DEPENDENCY_LEDGER_STRICT_PRIOR_DATE_REQUIRED
2011-10-04,111.7578125,111.73555160893326,111.65668404059502,0.07886756833823938,0.020733219914009674,,,,DAILY_RUNTIME_DEPENDENCY_LEDGER_STRICT_PRIOR_DATE_REQUIRED
2011-10-04,111.7578125,111.73817053729405,111.65979568549979,0.07837485179426551,0.020733219914009674,,,,DAILY_RUNTIME_DEPENDENCY_LEDGER_STRICT_PRIOR_DATE_REQUIRED
2011-10-05,111.640625,111.72669459173005,111.65920581825365,0.06748877347639848,0.01983620689883142,,,,DAILY_RUNTIME_DEPENDENCY_LEDGER_STRICT_PRIOR_DATE_REQUIRED
2011-10-05,111.640625,111.71656875740888,111.65863410076894,0.05793465663994368,0.01983620689883142,,,,DAILY_RUNTIME_DEPENDENCY_LEDGER_STRICT_PRIOR_DATE_REQUIRED
2011-10-06,111.3984375,111.67914155065489,111.6506280515145,0.02851349914038792,0.02035165047483072,,,,DAILY_RUNTIME_DEPENDENCY_LEDGER_STRICT_PRIOR_DATE_REQUIRED
2011-10-06,111.3984375,111.64611754469549,111.64286834223714,0.003249202458349032,0.02035165047483072,,,,DAILY_RUNTIME_DEPENDENCY_LEDGER_STRICT_PRIOR_DATE_REQUIRED
2011-10-07,110.984375,111.56826548061366,111.62260700862984,-0.05434152801618097,0.023531086568653187,,,,DAILY_RUNTIME_DEPENDENCY_LEDGER_STRICT_PRIOR_DATE_REQUIRED
2011-10-07,110.984375,111.49957248289441,111.602969100672,-0.1033966177775909,0.023531086568653187,,,,DAILY_RUNTIME_DEPENDENCY_LEDGER_STRICT_PRIOR_DATE_REQUIRED
2011-10-09,110.953125,111.43528454373035,111.5829738975744,-0.1476893538440578,0.022094548043809403,,,,DAILY_RUNTIME_DEPENDENCY_LEDGER_STRICT_PRIOR_DATE_REQUIRED
2011-10-09,110.953125,111.37855989152676,111.56359393149519,-0.1850340399684285,0.022094548043809403,,,,DAILY_RUNTIME_DEPENDENCY_LEDGER_STRICT_PRIOR_DATE_REQUIRED
2011-10-10,110.5703125,111.28347196311185,111.53303142591072,-0.24955946279887087,0.024579175506054634,,,,DAILY_RUNTIME_DEPENDENCY_LEDGER_STRICT_PRIOR_DATE_REQUIRED
2011-10-10,110.5703125,111.19957084980456,111.50340930511346,-0.30383845530890596,0.024579175506054634,,,,DAILY_RUNTIME_DEPENDENCY_LEDGER_STRICT_PRIOR_DATE_REQUIRED
2011-10-11,110.71875,111.14300369100403,111.47926594187919,-0.3362622508751656,0.023524540617856388,,,,DAILY_RUNTIME_DEPENDENCY_LEDGER_STRICT_PRIOR_DATE_REQUIRED
2011-10-11,110.71875,111.09309149206238,111.45586545135984,-0.36277395929745637,0.023524540617856388,,,,DAILY_RUNTIME_DEPENDENCY_LEDGER_STRICT_PRIOR_DATE_REQUIRED
2011-10-12,110.6875,111.04537484593739,111.43222343747185,-0.3868485915344593,0.021622106876042105,,,,DAILY_RUNTIME_DEPENDENCY_LEDGER_STRICT_PRIOR_DATE_REQUIRED
2011-10-12,110.6875,111.00327192288593,111.40930887016503,-0.4060369472791052,0.021622106876042105,,,,DAILY_RUNTIME_DEPENDENCY_LEDGER_STRICT_PRIOR_DATE_REQUIRED
2011-10-13,110.984375,111.00104875548759,111.39623398185226,-0.39518522636467424,0.022716211145566097,,,,DAILY_RUNTIME_DEPENDENCY_LEDGER_STRICT_PRIOR_DATE_REQUIRED
2011-10-13,110.984375,110.99908713719493,111.38356139779528,-0.3844742606003422,0.022716211145566097,,,,DAILY_RUNTIME_DEPENDENCY_LEDGER_STRICT_PRIOR_DATE_REQUIRED
2011-10-14,110.9140625,110.98908423870141,111.36911527786312,-0.38003103916170744,0.021470494337288332,,,,DAILY_RUNTIME_DEPENDENCY_LEDGER_STRICT_PRIOR_DATE_REQUIRED
2011-10-14,110.9140625,110.98025815179535,111.35511365392887,-0.3748555021335136,0.021470494337288332,,,,DAILY_RUNTIME_DEPENDENCY_LEDGER_STRICT_PRIOR_DATE_REQUIRED
2011-10-16,110.8984375,110.9706321927606,111.34106207996183,-0.37042988720122594,0.020038391091330564,,,,DAILY_RUNTIME_DEPENDENCY_LEDGER_STRICT_PRIOR_DATE_REQUIRED
2011-10-16,110.8984375,110.96213869949464,111.32744286211685,-0.3653041626222091,0.020038391091330564,,,,DAILY_RUNTIME_DEPENDENCY_LEDGER_STRICT_PRIOR_DATE_REQUIRED
2011-10-17,111.1484375,110.98405620543645,111.32193500482094,-0.33787879938449805,0.020669766333344563,,,,DAILY_RUNTIME_DEPENDENCY_LEDGER_STRICT_PRIOR_DATE_REQUIRED
2011-10-17,111.1484375,111.00339518126745,111.31659662005723,-0.31320143878977547,0.020669766333344563,,,,DAILY_RUNTIME_DEPENDENCY_LEDGER_STRICT_PRIOR_DATE_REQUIRED
2011-10-18,111.203125,111.02689280700068,111.31310518559393,-0.2862123785932482,0.01936464165005306,,,,DAILY_RUNTIME_DEPENDENCY_LEDGER_STRICT_PRIOR_DATE_REQUIRED
2011-10-18,111.203125,111.04762600617707,111.30972117988335,-0.2620951737062853,0.01936464165005306,,,,DAILY_RUNTIME_DEPENDENCY_LEDGER_STRICT_PRIOR_DATE_REQUIRED
2011-10-19,111.203125,111.06592000545035,111.30644129742541,-0.24052129197505678,0.018094652915487855,,,,DAILY_RUNTIME_DEPENDENCY_LEDGER_STRICT_PRIOR_DATE_REQUIRED
2011-10-19,111.203125,111.08206176951501,111.3032623344277,-0.22120056491269224,0.018094652915487855,,,,DAILY_RUNTIME_DEPENDENCY_LEDGER_STRICT_PRIOR_DATE_REQUIRED
2011-10-20,111.1953125,111.09538538486618,111.2999408010607,-0.20455541619452333,0.016995576148463615,,,,DAILY_RUNTIME_DEPENDENCY_LEDGER_STRICT_PRIOR_DATE_REQUIRED
2011-10-20,111.1953125,111.10714151605839,111.29672146872038,-0.1895799526619868,0.016995576148463615,,,,DAILY_RUNTIME_DEPENDENCY_LEDGER_STRICT_PRIOR_DATE_REQUIRED
2011-10-21,111.2109375,111.1193528082868,111.29408196199051,-0.17472915370370856,0.014995723210628798,,,,DAILY_RUNTIME_DEPENDENCY_LEDGER_STRICT_PRIOR_DATE_REQUIRED
2011-10-21,111.2109375,111.13012747790012,111.29152367085234,-0.16139619295222474,0.014995723210628798,,,,DAILY_RUNTIME_DEPENDENCY_LEDGER_STRICT_PRIOR_DATE_REQUIRED
2011-10-23,111.2890625,111.14882571579422,111.29144794251842,-0.14262222672419966,0.01401484763900896,,,,DAILY_RUNTIME_DEPENDENCY_LEDGER_STRICT_PRIOR_DATE_REQUIRED
2011-10-23,111.2890625,111.1653241609949,111.29137454428708,-0.12605038329218132,0.01401484763900896,,,,DAILY_RUNTIME_DEPENDENCY_LEDGER_STRICT_PRIOR_DATE_REQUIRED
2011-10-24,111.1328125,111.16149925970139,111.28649571215517,-0.12499645245378588,0.014138324865794642,,,,DAILY_RUNTIME_DEPENDENCY_LEDGER_STRICT_PRIOR_DATE_REQUIRED
2011-10-24,111.1328125,111.15812434679535,111.28176699793502,-0.12364265113967576,0.014138324865794642,,,,DAILY_RUNTIME_DEPENDENCY_LEDGER_STRICT_PRIOR_DATE_REQUIRED
2011-10-25,111.578125,111.20753618834883,111.29088570569087,-0.0833495173420431,0.020028436605156304,,,,DAILY_RUNTIME_DEPENDENCY_LEDGER_STRICT_PRIOR_DATE_REQUIRED
2011-10-25,111.578125,111.25113487207248,111.29972383782346,-0.04858896575098015,0.020028436605156304,,,,DAILY_RUNTIME_DEPENDENCY_LEDGER_STRICT_PRIOR_DATE_REQUIRED
2011-10-26,111.2578125,111.25192047535808,111.29843425819811,-0.046513782840037265,0.021139280677676266,,,,DAILY_RUNTIME_DEPENDENCY_LEDGER_STRICT_PRIOR_DATE_REQUIRED
2011-10-26,111.2578125,111.25261365472771,111.29718435794587,-0.04457070321815593,0.021139280677676266,,,,DAILY_RUNTIME_DEPENDENCY_LEDGER_STRICT_PRIOR_DATE_REQUIRED
2011-10-27,110.703125,111.18796793064209,111.27890560847061,-0.09093767782852069,0.027503895775744545,,,,DAILY_RUNTIME_DEPENDENCY_LEDGER_STRICT_PRIOR_DATE_REQUIRED
2011-10-27,110.703125,111.13092758586066,111.26118928205612,-0.13026169619546124,0.027503895775744545,,,,DAILY_RUNTIME_DEPENDENCY_LEDGER_STRICT_PRIOR_DATE_REQUIRED
2011-10-28,111.03125,111.11920081105352,111.25411422722362,-0.13491341617010733,0.02778722681473857,,,,DAILY_RUNTIME_DEPENDENCY_LEDGER_STRICT_PRIOR_DATE_REQUIRED
2011-10-28,111.03125,111.10885365681193,111.24725686638597,-0.13840320957403662,0.02778722681473857,,,,DAILY_RUNTIME_DEPENDENCY_LEDGER_STRICT_PRIOR_DATE_REQUIRED
2011-10-30,111.1328125,111.11167234424582,111.2437355012664,-0.1320631570205819,0.026268173797028827,,,,DAILY_RUNTIME_DEPENDENCY_LEDGER_STRICT_PRIOR_DATE_REQUIRED
2011-10-30,111.1328125,111.11415942139337,111.24032248584282,-0.12616306444945735,0.026268173797028827,,,,DAILY_RUNTIME_DEPENDENCY_LEDGER_STRICT_PRIOR_DATE_REQUIRED
2011-10-31,111.7890625,111.19355978358239,111.25720679397074,-0.06364701038835108,0.03342129673057442,,,,DAILY_RUNTIME_DEPENDENCY_LEDGER_STRICT_PRIOR_DATE_REQUIRED
2011-10-31,111.7890625,111.26361892669034,111.27357158492548,-0.009952658235135914,0.03342129673057442,,,,DAILY_RUNTIME_DEPENDENCY_LEDGER_STRICT_PRIOR_DATE_REQUIRED
2011-11-01,112.1328125,111.36587699413853,111.30000976692777,0.06586722721075944,0.0333065594448121,,,,DAILY_RUNTIME_DEPENDENCY_LEDGER_STRICT_PRIOR_DATE_REQUIRED
2011-11-01,112.1328125,111.45610470071047,111.32563446640691,0.13047023430355864,0.0333065594448121,,,,DAILY_RUNTIME_DEPENDENCY_LEDGER_STRICT_PRIOR_DATE_REQUIRED
2011-11-02,112.2578125,111.55042326533277,111.35431686744055,0.19610639789222262,0.03156355788185748,,,,DAILY_RUNTIME_DEPENDENCY_LEDGER_STRICT_PRIOR_DATE_REQUIRED
2011-11-02,112.2578125,111.6336455282348,111.38211673305776,0.2515287951770375,0.03156355788185748,,,,DAILY_RUNTIME_DEPENDENCY_LEDGER_STRICT_PRIOR_DATE_REQUIRED
2011-11-03,112.0,111.67674605432481,111.40112852588675,0.27561752843806175,0.030919147576994727,,,,DAILY_RUNTIME_DEPENDENCY_LEDGER_STRICT_PRIOR_DATE_REQUIRED
2011-11-03,112.0,111.71477593028659,111.41955534047484,0.29522058981174837,0.030919147576994727,,,,DAILY_RUNTIME_DEPENDENCY_LEDGER_STRICT_PRIOR_DATE_REQUIRED
2011-11-04,112.203125,111.77222876201758,111.44366517615254,0.32856358586504086,0.029690894038585963,,,,DAILY_RUNTIME_DEPENDENCY_LEDGER_STRICT_PRIOR_DATE_REQUIRED
2011-11-04,112.203125,111.82292243707433,111.46703317073245,0.355889266341876,0.029690894038585963,,,,DAILY_RUNTIME_DEPENDENCY_LEDGER_STRICT_PRIOR_DATE_REQUIRED
2011-11-06,112.1015625,111.85570362094793,111.48655715009453,0.36914647085340846,0.028096211531656163,,,,DAILY_RUNTIME_DEPENDENCY_LEDGER_STRICT_PRIOR_DATE_REQUIRED
2011-11-06,112.1015625,111.88462819495406,111.50548039163007,0.37914780332398834,0.028096211531656163,,,,DAILY_RUNTIME_DEPENDENCY_LEDGER_STRICT_PRIOR_DATE_REQUIRED
2011-11-07,112.1484375,111.91566458378298,111.52526368727223,0.39040089651075505,0.026441643452011825,,,,DAILY_RUNTIME_DEPENDENCY_LEDGER_STRICT_PRIOR_DATE_REQUIRED
2011-11-07,112.1484375,111.94304963274968,111.5444382661254,0.3986113666242801,0.026441643452011825,,,,DAILY_RUNTIME_DEPENDENCY_LEDGER_STRICT_PRIOR_DATE_REQUIRED
2011-11-08,111.9921875,111.94883055830853,111.55821516562924,0.3906153926792939,0.025402041743002507,,,,DAILY_RUNTIME_DEPENDENCY_LEDGER_STRICT_PRIOR_DATE_REQUIRED
2011-11-08,111.9921875,111.95393137497811,111.57156816053296,0.3823632144451494,0.025402041743002507,,,,DAILY_RUNTIME_DEPENDENCY_LEDGER_STRICT_PRIOR_DATE_REQUIRED
2011-11-09,112.1875,111.98141003674539,111.59051990943965,0.39089012730573813,0.02477317459583973,,,,DAILY_RUNTIME_DEPENDENCY_LEDGER_STRICT_PRIOR_DATE_REQUIRED
2011-11-09,112.1875,112.00565591477535,111.60888852761074,0.39676738716460136,0.02477317459583973,,,,DAILY_RUNTIME_DEPENDENCY_LEDGER_STRICT_PRIOR_DATE_REQUIRED
2011-11-10,112.0625,112.01234345421354,111.62284580368426,0.38949765052927887,0.0236367618054681,,,,DAILY_RUNTIME_DEPENDENCY_LEDGER_STRICT_PRIOR_DATE_REQUIRED
2011-11-10,112.0625,112.01824422430606,111.63637362510936,0.3818705991967022,0.0236367618054681,,,,DAILY_RUNTIME_DEPENDENCY_LEDGER_STRICT_PRIOR_DATE_REQUIRED
2011-11-11,111.8984375,112.00414931556418,111.64443712895215,0.359712186612029,0.022811872402039586,,,,DAILY_RUNTIME_DEPENDENCY_LEDGER_STRICT_PRIOR_DATE_REQUIRED
2011-11-11,111.8984375,111.99171263138015,111.65225252498439,0.3394601063957623,0.022811872402039586,,,,DAILY_RUNTIME_DEPENDENCY_LEDGER_STRICT_PRIOR_DATE_REQUIRED
2011-11-13,111.8203125,111.97154791004131,111.65742360113872,0.314124308902592,0.020848757229260304,,,,DAILY_RUNTIME_DEPENDENCY_LEDGER_STRICT_PRIOR_DATE_REQUIRED
2011-11-13,111.8203125,111.95375550885997,111.66243556725752,0.29131994160245256,0.020848757229260304,,,,DAILY_RUNTIME_DEPENDENCY_LEDGER_STRICT_PRIOR_DATE_REQUIRED
2011-11-14,112.0703125,111.96746809605291,111.67498562672651,0.29248246932640143,0.020980633770114256,,,,DAILY_RUNTIME_DEPENDENCY_LEDGER_STRICT_PRIOR_DATE_REQUIRED
2011-11-14,112.0703125,111.97956743769375,111.68714953051953,0.2924179071742117,0.020980633770114256,,,,DAILY_RUNTIME_DEPENDENCY_LEDGER_STRICT_PRIOR_DATE_REQUIRED
2011-11-15,112.09375,111.993000680318,111.69966031419585,0.29334036612215186,0.018441488592607316,,,,DAILY_RUNTIME_DEPENDENCY_LEDGER_STRICT_PRIOR_DATE_REQUIRED
2011-11-15,112.09375,112.00485354145707,111.71178615068213,0.2930673907749366,0.018441488592607316,,,,DAILY_RUNTIME_DEPENDENCY_LEDGER_STRICT_PRIOR_DATE_REQUIRED
2011-11-16,112.1875,112.02634136010917,111.72642349989191,0.2999178602172634,0.017117009683755423,,,,DAILY_RUNTIME_DEPENDENCY_LEDGER_STRICT_PRIOR_DATE_REQUIRED
2011-11-16,112.1875,112.04530120009633,111.74061046912601,0.3046907309703215,0.017117009683755423,,,,DAILY_RUNTIME_DEPENDENCY_LEDGER_STRICT_PRIOR_DATE_REQUIRED
2011-11-17,112.2578125,112.07030252949676,111.75652437776829,0.3137781517284708,0.016205855406312784,,,,DAILY_RUNTIME_DEPENDENCY_LEDGER_STRICT_PRIOR_DATE_REQUIRED
2011-11-17,112.2578125,112.09236252602655,111.7719486276831,0.32041389834344614,0.016205855406312784,,,,DAILY_RUNTIME_DEPENDENCY_LEDGER_STRICT_PRIOR_DATE_REQUIRED
2011-11-18,111.96875,112.07781987590577,111.77800405452362,0.299815821382154,0.016114081419109253,,,,DAILY_RUNTIME_DEPENDENCY_LEDGER_STRICT_PRIOR_DATE_REQUIRED
2011-11-18,111.96875,112.0649881257992,111.78387316053828,0.28111496526092594,0.016114081419109253,,,,DAILY_RUNTIME_DEPENDENCY_LEDGER_STRICT_PRIOR_DATE_REQUIRED
2011-11-21,111.9921875,112.05642334629341,111.79028283252173,0.26614051377168835,0.014530753066035884,,,,DAILY_RUNTIME_DEPENDENCY_LEDGER_STRICT_PRIOR_DATE_REQUIRED
2011-11-21,111.9921875,112.04886618790594,111.79649528382876,0.252370904077182,0.014530753066035884,,,,DAILY_RUNTIME_DEPENDENCY_LEDGER_STRICT_PRIOR_DATE_REQUIRED
2011-11-22,112.125,112.05782310697583,111.80660312124942,0.2512199857264079,0.014295924863008905,,,,DAILY_RUNTIME_DEPENDENCY_LEDGER_STRICT_PRIOR_DATE_REQUIRED
2011-11-22,112.125,112.06572627086102,111.81639994828791,0.24932632257311127,0.014295924863008905,,,,DAILY_RUNTIME_DEPENDENCY_LEDGER_STRICT_PRIOR_DATE_REQUIRED
2011-11-23,112.2578125,112.08832465075972,111.82998187295597,0.2583427778037475,0.013798690608152211,,,,DAILY_RUNTIME_DEPENDENCY_LEDGER_STRICT_PRIOR_DATE_REQUIRED
2011-11-23,112.2578125,112.10826439772916,111.84314589224964,0.26511850547952065,0.013798690608152211,,,,DAILY_RUNTIME_DEPENDENCY_LEDGER_STRICT_PRIOR_DATE_REQUIRED
2011-11-24,112.1328125,112.11115240976102,111.85205871094965,0.2590936988113697,0.013401926522917204,,,,DAILY_RUNTIME_DEPENDENCY_LEDGER_STRICT_PRIOR_DATE_REQUIRED
2011-11-24,112.1328125,112.11370065567148,111.86069728907428,0.25300336659719846,0.013401926522917204,,,,DAILY_RUNTIME_DEPENDENCY_LEDGER_STRICT_PRIOR_DATE_REQUIRED
2011-11-25,112.078125,112.109515284416,111.86738737248737,0.24212791192863392,0.0126630124097532,,,,DAILY_RUNTIME_DEPENDENCY_LEDGER_STRICT_PRIOR_DATE_REQUIRED
2011-11-25,112.078125,112.10582230977883,111.87387160718006,0.23195070259876616,0.0126630124097532,,,,DAILY_RUNTIME_DEPENDENCY_LEDGER_STRICT_PRIOR_DATE_REQUIRED
2011-11-27,111.890625,112.08050497921661,111.8743870961899,0.20611788302670675,0.013488908132078386,,,,DAILY_RUNTIME_DEPENDENCY_LEDGER_STRICT_PRIOR_DATE_REQUIRED
2011-11-27,111.890625,112.05816615813231,111.87488672399944,0.18327943413287073,0.013488908132078386,,,,DAILY_RUNTIME_DEPENDENCY_LEDGER_STRICT_PRIOR_DATE_REQUIRED
2011-11-28,112.09375,112.06235249246969,111.88162097864561,0.18073151382407104,0.014309834461499452,,,,DAILY_RUNTIME_DEPENDENCY_LEDGER_STRICT_PRIOR_DATE_REQUIRED
2011-11-28,112.09375,112.06604631688501,111.88814802545652,0.177898291428491,0.014309834461499452,,,,DAILY_RUNTIME_DEPENDENCY_LEDGER_STRICT_PRIOR_DATE_REQUIRED
2011-11-29,112.0859375,112.068386456075,111.89423385544248,0.17415260063252447,0.013220368994229065,,,,DAILY_RUNTIME_DEPENDENCY_LEDGER_STRICT_PRIOR_DATE_REQUIRED
2011-11-29,112.0859375,112.07045128477206,111.90013242912117,0.17031885565089055,0.013220368994229065,,,,DAILY_RUNTIME_DEPENDENCY_LEDGER_STRICT_PRIOR_DATE_REQUIRED
2011-11-30,111.96875,112.05848642774005,111.90224373899437,0.15624268874567804,0.012950656777906116,,,,DAILY_RUNTIME_DEPENDENCY_LEDGER_STRICT_PRIOR_DATE_REQUIRED
2011-11-30,111.96875,112.0479292009471,111.90429008548685,0.1436391154602461,0.012950656777906116,,,,DAILY_RUNTIME_DEPENDENCY_LEDGER_STRICT_PRIOR_DATE_REQUIRED
2011-12-01,111.9375,112.03493753024743,111.90531192901034,0.12962560123709466,0.012038114066896203,,,,DAILY_RUNTIME_DEPENDENCY_LEDGER_STRICT_PRIOR_DATE_REQUIRED
2011-12-01,111.9375,112.02347429139479,111.90630233119464,0.11717196020015308,0.012038114066896203,,,,DAILY_RUNTIME_DEPENDENCY_LEDGER_STRICT_PRIOR_DATE_REQUIRED
2011-12-02,112.171875,112.04093319828952,111.9144737979271,0.1264594003624211,0.013813697181218205,,,,DAILY_RUNTIME_DEPENDENCY_LEDGER_STRICT_PRIOR_DATE_REQUIRED
2011-12-02,112.171875,112.05633811613782,111.92239383491396,0.1339442812238616,0.013813697181218205,,,,DAILY_RUNTIME_DEPENDENCY_LEDGER_STRICT_PRIOR_DATE_REQUIRED
2011-12-04,112.0625,112.05706304365103,111.92670479383969,0.13035824981133715,0.013129877449876625,,,,DAILY_RUNTIME_DEPENDENCY_LEDGER_STRICT_PRIOR_DATE_REQUIRED
2011-12-04,112.0625,112.05770268557444,111.93088310787539,0.1268195776990524,0.013129877449876625,,,,DAILY_RUNTIME_DEPENDENCY_LEDGER_STRICT_PRIOR_DATE_REQUIRED
2011-12-05,112.015625,112.0527523696245,111.93349055070999,0.11926181891450938,0.012433609015750456,,,,DAILY_RUNTIME_DEPENDENCY_LEDGER_STRICT_PRIOR_DATE_REQUIRED
2011-12-05,112.015625,112.04838444378632,111.9360177645343,0.11236667925201971,0.012433609015750456,,,,DAILY_RUNTIME_DEPENDENCY_LEDGER_STRICT_PRIOR_DATE_REQUIRED
2011-12-06,112.0234375,112.04544950922323,111.93870760254863,0.10674190667459982,0.011623931963282052,,,,DAILY_RUNTIME_DEPENDENCY_LEDGER_STRICT_PRIOR_DATE_REQUIRED
2011-12-06,112.0234375,112.04285986107931,111.94131467631637,0.10154518476294072,0.011623931963282052,,,,DAILY_RUNTIME_DEPENDENCY_LEDGER_STRICT_PRIOR_DATE_REQUIRED
2011-12-07,112.296875,112.07274399506997,111.95225499396817,0.12048900110180227,0.01432817442152495,,,,DAILY_RUNTIME_DEPENDENCY_LEDGER_STRICT_PRIOR_DATE_REQUIRED
2011-12-07,112.296875,112.09911234859115,111.96285868646146,0.1362536621296897,0.01432817442152495,,,,DAILY_RUNTIME_DEPENDENCY_LEDGER_STRICT_PRIOR_DATE_REQUIRED
2011-12-08,112.5078125,112.14719471934512,111.9796264961088,0.16756822323631582,0.014816248678071865,,,,DAILY_RUNTIME_DEPENDENCY_LEDGER_STRICT_PRIOR_DATE_REQUIRED
2011-12-08,112.5078125,112.18962034059864,111.99587837315161,0.19374196744702488,0.014816248678071865,,,,DAILY_RUNTIME_DEPENDENCY_LEDGER_STRICT_PRIOR_DATE_REQUIRED
2011-12-09,112.3203125,112.2049958887635,112.00586096167002,0.1991349270934819,0.015300738103638344,,,,DAILY_RUNTIME_DEPENDENCY_LEDGER_STRICT_PRIOR_DATE_REQUIRED
2011-12-09,112.3203125,112.21856254890898,112.01553639361863,0.2030261552903454,0.015300738103638344,,,,DAILY_RUNTIME_DEPENDENCY_LEDGER_STRICT_PRIOR_DATE_REQUIRED
2011-12-11,112.328125,112.23145224903733,112.02515450458421,0.2062977444531242,0.0142791271147721,,,,DAILY_RUNTIME_DEPENDENCY_LEDGER_STRICT_PRIOR_DATE_REQUIRED
2011-12-11,112.328125,112.24282551385647,112.03447667367392,0.20834884018255195,0.0142791271147721,,,,DAILY_RUNTIME_DEPENDENCY_LEDGER_STRICT_PRIOR_DATE_REQUIRED
2011-12-12,112.4453125,112.2666475122263,112.04711777602242,0.2195297362038815,0.01389336095522508,,,,DAILY_RUNTIME_DEPENDENCY_LEDGER_STRICT_PRIOR_DATE_REQUIRED
2011-12-12,112.4453125,112.28766692255262,112.05936992137558,0.22829700117704022,0.01389336095522508,,,,DAILY_RUNTIME_DEPENDENCY_LEDGER_STRICT_PRIOR_DATE_REQUIRED
2011-12-13,112.4453125,112.30621346107584,112.07124507764094,0.23496838343490367,0.012957366740530961,,,,DAILY_RUNTIME_DEPENDENCY_LEDGER_STRICT_PRIOR_DATE_REQUIRED
2011-12-13,112.4453125,112.32257805389045,112.08275484448275,0.23982320940770308,0.012957366740530961,,,,DAILY_RUNTIME_DEPENDENCY_LEDGER_STRICT_PRIOR_DATE_REQUIRED
2011-12-14,112.4296875,112.33517916519745,112.09342969542173,0.2417494697757121,0.012164369946014894,,,,DAILY_RUNTIME_DEPENDENCY_LEDGER_STRICT_PRIOR_DATE_REQUIRED
2011-12-14,112.4296875,112.34629779282128,112.10377608940875,0.2425217034125211,0.012164369946014894,,,,DAILY_RUNTIME_DEPENDENCY_LEDGER_STRICT_PRIOR_DATE_REQUIRED
2011-12-15,112.4765625,112.36162305248936,112.11524644050387,0.24637661198549665,0.01129584320557996,,,,DAILY_RUNTIME_DEPENDENCY_LEDGER_STRICT_PRIOR_DATE_REQUIRED
2011-12-15,112.4765625,112.37514534043179,112.12636385771913,0.24878148271265843,0.01129584320557996,,,,DAILY_RUNTIME_DEPENDENCY_LEDGER_STRICT_PRIOR_DATE_REQUIRED
2011-12-16,112.71875,112.41556941802804,112.14459112363546,0.27097829439257737,0.013178646609566268,,,,DAILY_RUNTIME_DEPENDENCY_LEDGER_STRICT_PRIOR_DATE_REQUIRED
2011-12-16,112.71875,112.45123772178945,112.16225755060053,0.28898017118892483,0.013178646609566268,,,,DAILY_RUNTIME_DEPENDENCY_LEDGER_STRICT_PRIOR_DATE_REQUIRED
2011-12-18,112.6796875,112.4781141662848,112.1781784721205,0.2999356941642901,0.012450049579242879,,,,DAILY_RUNTIME_DEPENDENCY_LEDGER_STRICT_PRIOR_DATE_REQUIRED
2011-12-18,112.6796875,112.50182867613364,112.19360951913218,0.3082191570014601,0.012450049579242879,,,,DAILY_RUNTIME_DEPENDENCY_LEDGER_STRICT_PRIOR_DATE_REQUIRED
2011-12-19,112.6484375,112.51907677305908,112.2076042262358,0.31147254682328196,0.01165122472126947,,,,DAILY_RUNTIME_DEPENDENCY_LEDGER_STRICT_PRIOR_DATE_REQUIRED
2011-12-19,112.6484375,112.53429568211095,112.221168326967,0.31312735514394774,0.01165122472126947,,,,DAILY_RUNTIME_DEPENDENCY_LEDGER_STRICT_PRIOR_DATE_REQUIRED
2011-12-20,112.4140625,112.5201506018626,112.2271035322911,0.2930470695715002,0.013517902745541287,,,,DAILY_RUNTIME_DEPENDENCY_LEDGER_STRICT_PRIOR_DATE_REQUIRED
2011-12-20,112.4140625,112.50766964870228,112.23285611591291,0.2748135327893664,0.013517902745541287,,,,DAILY_RUNTIME_DEPENDENCY_LEDGER_STRICT_PRIOR_DATE_REQUIRED
2011-12-21,112.3046875,112.48378939591377,112.23506631234635,0.24872308356742678,0.012900039389729128,,,,DAILY_RUNTIME_DEPENDENCY_LEDGER_STRICT_PRIOR_DATE_REQUIRED
2011-12-21,112.3046875,112.4627185846298,112.23720850273568,0.22551008189411448,0.012900039389729128,,,,DAILY_RUNTIME_DEPENDENCY_LEDGER_STRICT_PRIOR_DATE_REQUIRED
2011-12-22,112.3046875,112.44412669232041,112.23928477957458,0.20484191274583452,0.012040643496987611,,,,DAILY_RUNTIME_DEPENDENCY_LEDGER_STRICT_PRIOR_DATE_REQUIRED
2011-12-22,112.3046875,112.4277220814592,112.24129717097227,0.18642491048692023,0.012040643496987611,,,,DAILY_RUNTIME_DEPENDENCY_LEDGER_STRICT_PRIOR_DATE_REQUIRED
2011-12-23,111.9609375,112.37280624834635,112.23267071955775,0.1401355287886048,0.01625245422628445,,,,DAILY_RUNTIME_DEPENDENCY_LEDGER_STRICT_PRIOR_DATE_REQUIRED
2011-12-23,111.9609375,112.32435110148207,112.22430969741751,0.1000414040645552,0.01625245422628445,,,,DAILY_RUNTIME_DEPENDENCY_LEDGER_STRICT_PRIOR_DATE_REQUIRED
2011-12-27,111.984375,112.28435391307241,112.21692709134312,0.06742682172928482,0.015288045962168562,,,,DAILY_RUNTIME_DEPENDENCY_LEDGER_STRICT_PRIOR_DATE_REQUIRED
2011-12-27,111.984375,112.24906227624035,112.20977164237871,0.03929063386163989,0.015288045962168562,,,,DAILY_RUNTIME_DEPENDENCY_LEDGER_STRICT_PRIOR_DATE_REQUIRED
2011-12-28,112.234375,112.24733436138854,112.21052866876705,0.03680569262148481,0.016344634519078218,,,,DAILY_RUNTIME_DEPENDENCY_LEDGER_STRICT_PRIOR_DATE_REQUIRED
2011-12-28,112.234375,112.24580973063694,112.21126240203576,0.03454732860117815,0.016344634519078218,,,,DAILY_RUNTIME_DEPENDENCY_LEDGER_STRICT_PRIOR_DATE_REQUIRED
2011-12-29,112.34375,112.25733211526789,112.21533894351158,0.04199317175630313,0.015576694643246552,,,,DAILY_RUNTIME_DEPENDENCY_LEDGER_STRICT_PRIOR_DATE_REQUIRED
2011-12-29,112.34375,112.26749892523637,112.219290052942,0.04820887229436721,0.015576694643246552,,,,DAILY_RUNTIME_DEPENDENCY_LEDGER_STRICT_PRIOR_DATE_REQUIRED
2011-12-30,112.6015625,112.30680052226738,112.23105228208225,0.07574824018513482,0.016893666971330098,,,,DAILY_RUNTIME_DEPENDENCY_LEDGER_STRICT_PRIOR_DATE_REQUIRED
2011-12-30,112.6015625,112.34147840200063,112.24245259647972,0.09902580552090967,0.016893666971330098,,,,DAILY_RUNTIME_DEPENDENCY_LEDGER_STRICT_PRIOR_DATE_REQUIRED
2012-01-03,112.3671875,112.34450300176526,112.2462905935111,0.098212408254156,0.0177478468896134,,,,DAILY_RUNTIME_DEPENDENCY_LEDGER_STRICT_PRIOR_DATE_REQUIRED
2012-01-03,112.3671875,112.34717176626346,112.25001049832615,0.0971612679373095,0.0177478468896134,,,,DAILY_RUNTIME_DEPENDENCY_LEDGER_STRICT_PRIOR_DATE_REQUIRED
2012-01-04,112.4453125,112.35871773493835,112.25601979068534,0.10269794425300915,0.01681852711220405,,,,DAILY_RUNTIME_DEPENDENCY_LEDGER_STRICT_PRIOR_DATE_REQUIRED
2012-01-04,112.4453125,112.36890535435737,112.26184418174118,0.10706117261618431,0.01681852711220405,,,,DAILY_RUNTIME_DEPENDENCY_LEDGER_STRICT_PRIOR_DATE_REQUIRED
2012-01-05,112.4375,112.37697531266826,112.26724897614915,0.10972633651911678,0.01580144884705542,,,,DAILY_RUNTIME_DEPENDENCY_LEDGER_STRICT_PRIOR_DATE_REQUIRED
2012-01-05,112.4375,112.38409586411906,112.27248746919072,0.1116083949283393,0.01580144884705542,,,,DAILY_RUNTIME_DEPENDENCY_LEDGER_STRICT_PRIOR_DATE_REQUIRED
2012-01-06,112.5625,112.4050845859874,112.28141093167717,0.12367365431022392,0.015437407101733908,,,,DAILY_RUNTIME_DEPENDENCY_LEDGER_STRICT_PRIOR_DATE_REQUIRED
2012-01-06,112.5625,112.42360404645947,112.29005982608712,0.13354422037235736,0.015437407101733908,,,,DAILY_RUNTIME_DEPENDENCY_LEDGER_STRICT_PRIOR_DATE_REQUIRED
2012-01-08,112.6015625,112.4445403351113,112.29964452374598,0.14489581136531626,0.014550429027250844,,,,DAILY_RUNTIME_DEPENDENCY_LEDGER_STRICT_PRIOR_DATE_REQUIRED
2012-01-08,112.6015625,112.46301353098056,112.30893430763072,0.15407922334983937,0.014550429027250844,,,,DAILY_RUNTIME_DEPENDENCY_LEDGER_STRICT_PRIOR_DATE_REQUIRED
2012-01-09,112.625,112.4820707626299,112.31865940585747,0.16341135677242846,0.013353740835723344,,,,DAILY_RUNTIME_DEPENDENCY_LEDGER_STRICT_PRIOR_DATE_REQUIRED
2012-01-09,112.625,112.49888596702638,112.32808527029263,0.17080069673374965,0.013353740835723344,,,,DAILY_RUNTIME_DEPENDENCY_LEDGER_STRICT_PRIOR_DATE_REQUIRED
2012-01-10,112.609375,112.51188467678799,112.336740338899,0.17514433788898032,0.012546168614613438,,,,DAILY_RUNTIME_DEPENDENCY_LEDGER_STRICT_PRIOR_DATE_REQUIRED
2012-01-10,112.609375,112.52335412657763,112.34512909770211,0.1782250288755165,0.012546168614613438,,,,DAILY_RUNTIME_DEPENDENCY_LEDGER_STRICT_PRIOR_DATE_REQUIRED
2012-01-11,112.734375,112.54818011168614,112.35710589469589,0.19107421699024485,0.012518467787267597,,,,DAILY_RUNTIME_DEPENDENCY_LEDGER_STRICT_PRIOR_DATE_REQUIRED
2012-01-11,112.734375,112.57008539266424,112.3687141748591,0.20137121780514633,0.012518467787267597,,,,DAILY_RUNTIME_DEPENDENCY_LEDGER_STRICT_PRIOR_DATE_REQUIRED
2012-01-12,112.6796875,112.58297975823314,112.37828258486343,0.20469717336970916,0.011540753707644414,,,,DAILY_RUNTIME_DEPENDENCY_LEDGER_STRICT_PRIOR_DATE_REQUIRED
2012-01-12,112.6796875,112.59435713961746,112.38755658225224,0.20680055736521297,0.011540753707644414,,,,DAILY_RUNTIME_DEPENDENCY_LEDGER_STRICT_PRIOR_DATE_REQUIRED
2012-01-13,112.8984375,112.63013129966245,112.40327599510601,0.22685530455643743,0.013061313248956341,,,,DAILY_RUNTIME_DEPENDENCY_LEDGER_STRICT_PRIOR_DATE_REQUIRED
2012-01-13,112.8984375,112.66169673499628,112.41851173371813,0.24318500127814957,0.013061313248956341,,,,DAILY_RUNTIME_DEPENDENCY_LEDGER_STRICT_PRIOR_DATE_REQUIRED
2012-01-15,112.984375,112.69965888382025,112.4359229111422,0.2637359726780488,0.012609158160646013,,,,DAILY_RUNTIME_DEPENDENCY_LEDGER_STRICT_PRIOR_DATE_REQUIRED
2012-01-15,112.984375,112.73315489748846,112.45279836003013,0.28035653745833145,0.012609158160646013,,,,DAILY_RUNTIME_DEPENDENCY_LEDGER_STRICT_PRIOR_DATE_REQUIRED
2012-01-16,112.90625,112.7535190271957,112.46675071818304,0.2867683090126576,0.011349175758696843,,,,DAILY_RUNTIME_DEPENDENCY_LEDGER_STRICT_PRIOR_DATE_REQUIRED
2012-01-16,112.90625,112.77148737693737,112.48027377300816,0.2912136039292079,0.011349175758696843,,,,DAILY_RUNTIME_DEPENDENCY_LEDGER_STRICT_PRIOR_DATE_REQUIRED
2012-01-17,112.9375,112.79101827376826,112.49434227230022,0.2966760014680432,0.010709549947348905,,,,DAILY_RUNTIME_DEPENDENCY_LEDGER_STRICT_PRIOR_DATE_REQUIRED
2012-01-17,112.9375,112.8082514180308,112.50797789469097,0.3002735233398397,0.010709549947348905,,,,DAILY_RUNTIME_DEPENDENCY_LEDGER_STRICT_PRIOR_DATE_REQUIRED
2012-01-18,112.8515625,112.81334683943895,112.51854972870048,0.2947971107384717,0.009991407533479425,,,,DAILY_RUNTIME_DEPENDENCY_LEDGER_STRICT_PRIOR_DATE_REQUIRED
2012-01-18,112.8515625,112.81784279950496,112.52879627550969,0.28904652399526753,0.009991407533479425,,,,DAILY_RUNTIME_DEPENDENCY_LEDGER_STRICT_PRIOR_DATE_REQUIRED
2012-01-19,112.6328125,112.79607452897496,112.53199677472477,0.2640777542501809,0.011873716934199577,,,,DAILY_RUNTIME_DEPENDENCY_LEDGER_STRICT_PRIOR_DATE_REQUIRED
2012-01-19,112.6328125,112.77686723144849,112.53509879704094,0.2417684344075468,0.011873716934199577,,,,DAILY_RUNTIME_DEPENDENCY_LEDGER_STRICT_PRIOR_DATE_REQUIRED
2012-01-20,112.4921875,112.7433754983369,112.53377844943968,0.20959704889722275,0.011694115621581055,,,,DAILY_RUNTIME_DEPENDENCY_LEDGER_STRICT_PRIOR_DATE_REQUIRED
2012-01-20,112.4921875,112.7138239691208,112.53249872791845,0.1813252412023445,0.011694115621581055,,,,DAILY_RUNTIME_DEPENDENCY_LEDGER_STRICT_PRIOR_DATE_REQUIRED
2012-01-22,112.53125,112.69234467863599,112.53246030552097,0.15988437311501968,0.01067220150071096,,,,DAILY_RUNTIME_DEPENDENCY_LEDGER_STRICT_PRIOR_DATE_REQUIRED
2012-01-22,112.53125,112.67339236350233,112.5324230653511,0.1409692981512336,0.01067220150071096,,,,DAILY_RUNTIME_DEPENDENCY_LEDGER_STRICT_PRIOR_DATE_REQUIRED
2012-01-23,112.4453125,112.64655943838441,112.52974274026337,0.1168166981210419,0.010394993177841443,,,,DAILY_RUNTIME_DEPENDENCY_LEDGER_STRICT_PRIOR_DATE_REQUIRED
2012-01-23,112.4453125,112.62288332798624,112.52714488671681,0.09573844126943243,0.010394993177841443,,,,DAILY_RUNTIME_DEPENDENCY_LEDGER_STRICT_PRIOR_DATE_REQUIRED
2012-01-24,112.453125,112.60291175998786,112.52486735174091,0.07804440824695291,0.009768108332088703,,,,DAILY_RUNTIME_DEPENDENCY_LEDGER_STRICT_PRIOR_DATE_REQUIRED
2012-01-24,112.453125,112.58528978822459,112.52265989476426,0.06262989346032555,0.009768108332088703,,,,DAILY_RUNTIME_DEPENDENCY_LEDGER_STRICT_PRIOR_DATE_REQUIRED
2012-01-25,113.0234375,112.63683657784522,112.53806843646382,0.09876814138139878,0.021369126502205685,,,,DAILY_RUNTIME_DEPENDENCY_LEDGER_STRICT_PRIOR_DATE_REQUIRED
2012-01-25,113.0234375,112.68231903927519,112.553002869188,0.12931617008717922,0.021369126502205685,,,,DAILY_RUNTIME_DEPENDENCY_LEDGER_STRICT_PRIOR_DATE_REQUIRED
2012-01-26,113.125,112.73439915230163,112.57060278090529,0.1637963713963444,0.020359224990181446,,,,DAILY_RUNTIME_DEPENDENCY_LEDGER_STRICT_PRIOR_DATE_REQUIRED
2012-01-26,113.125,112.78035219320732,112.58766115687743,0.19269103632989015,0.020359224990181446,,,,DAILY_RUNTIME_DEPENDENCY_LEDGER_STRICT_PRIOR_DATE_REQUIRED
2012-01-27,113.234375,112.83376664106528,112.60756004435812,0.22620659670715781,0.019476075366582316,,,,DAILY_RUNTIME_DEPENDENCY_LEDGER_STRICT_PRIOR_DATE_REQUIRED
2012-01-27,113.234375,112.88089703623407,112.62684665837787,0.25405037785620266,0.019476075366582316,,,,DAILY_RUNTIME_DEPENDENCY_LEDGER_STRICT_PRIOR_DATE_REQUIRED
2012-01-29,113.265625,112.9261591496183,112.64650137658164,0.27965777303666073,0.018324983551397743,,,,DAILY_RUNTIME_DEPENDENCY_LEDGER_STRICT_PRIOR_DATE_REQUIRED
2012-01-29,113.265625,112.96609630848674,112.66555133422528,0.3005449742614559,0.018324983551397743,,,,DAILY_RUNTIME_DEPENDENCY_LEDGER_STRICT_PRIOR_DATE_REQUIRED
2012-01-30,113.28125,113.00317321337064,112.68449590855681,0.31867730481383205,0.017151773294883897,,,,DAILY_RUNTIME_DEPENDENCY_LEDGER_STRICT_PRIOR_DATE_REQUIRED
2012-01-30,113.28125,113.03588812944469,112.70285757290891,0.33303055653577474,0.017151773294883897,,,,DAILY_RUNTIME_DEPENDENCY_LEDGER_STRICT_PRIOR_DATE_REQUIRED
2012-01-31,113.40625,113.07946011421589,112.72450041681941,0.35495969739648103,0.016639943896306318,,,,DAILY_RUNTIME_DEPENDENCY_LEDGER_STRICT_PRIOR_DATE_REQUIRED
2012-01-31,113.40625,113.11790598313166,112.74547732707111,0.3724286560605492,0.016639943896306318,,,,DAILY_RUNTIME_DEPENDENCY_LEDGER_STRICT_PRIOR_DATE_REQUIRED
2012-02-01,113.3125,113.14079939688088,112.76292417854584,0.3778752183350349,0.015712218403797988,,,,DAILY_RUNTIME_DEPENDENCY_LEDGER_STRICT_PRIOR_DATE_REQUIRED
2012-02-01,113.3125,113.16099946783606,112.77983420382135,0.3811652640147116,0.015712218403797988,,,,DAILY_RUNTIME_DEPENDENCY_LEDGER_STRICT_PRIOR_DATE_REQUIRED
2012-02-02,113.390625,113.18801423632594,112.7986277667807,0.3893864695452436,0.014954687513862728,,,,DAILY_RUNTIME_DEPENDENCY_LEDGER_STRICT_PRIOR_DATE_REQUIRED
2012-02-02,113.390625,113.21185079675818,112.81684306626437,0.3950077304938162,0.014954687513862728,,,,DAILY_RUNTIME_DEPENDENCY_LEDGER_STRICT_PRIOR_DATE_REQUIRED
2012-02-03,113.125,113.2016330559631,112.82632481807161,0.37530823789148826,0.0166251180163879,,,,DAILY_RUNTIME_DEPENDENCY_LEDGER_STRICT_PRIOR_DATE_REQUIRED
2012-02-03,113.125,113.19261740232038,112.8355148236694,0.3571025786509807,0.0166251180163879,,,,DAILY_RUNTIME_DEPENDENCY_LEDGER_STRICT_PRIOR_DATE_REQUIRED
2012-02-05,113.1484375,113.18741976675328,112.84514321371034,0.3422765530429359,0.015632722541892026,,,,DAILY_RUNTIME_DEPENDENCY_LEDGER_STRICT_PRIOR_DATE_REQUIRED
2012-02-05,113.1484375,113.18283361772347,112.85447534559619,0.3283582721272893,0.015632722541892026,,,,DAILY_RUNTIME_DEPENDENCY_LEDGER_STRICT_PRIOR_DATE_REQUIRED
2012-02-06,113.1796875,113.1824634862266,112.864481873424,0.3179816128025976,0.014684276735047332,,,,DAILY_RUNTIME_DEPENDENCY_LEDGER_STRICT_PRIOR_DATE_REQUIRED
2012-02-06,113.1796875,113.18213689961169,112.87418050808787,0.3079563915238168,0.014684276735047332,,,,DAILY_RUNTIME_DEPENDENCY_LEDGER_STRICT_PRIOR_DATE_REQUIRED
2012-02-07,112.9609375,113.15611344083385,112.87684995399286,0.2792634868409891,0.015405271786899145,,,,DAILY_RUNTIME_DEPENDENCY_LEDGER_STRICT_PRIOR_DATE_REQUIRED
2012-02-07,112.9609375,113.13315156544164,112.87943726310077,0.25371430234086745,0.015405271786899145,,,,DAILY_RUNTIME_DEPENDENCY_LEDGER_STRICT_PRIOR_DATE_REQUIRED
2012-02-08,112.9140625,113.10737638127203,112.88050265500536,0.22687372626667468,0.014452153881267233,,,,DAILY_RUNTIME_DEPENDENCY_LEDGER_STRICT_PRIOR_DATE_REQUIRED
2012-02-08,112.9140625,113.08463357171061,112.88153526562058,0.20309830609002688,0.014452153881267233,,,,DAILY_RUNTIME_DEPENDENCY_LEDGER_STRICT_PRIOR_DATE_REQUIRED
2012-02-09,112.78125,113.04894138680348,112.87844956513996,0.17049182166351784,0.014291316192473352,,,,DAILY_RUNTIME_DEPENDENCY_LEDGER_STRICT_PRIOR_DATE_REQUIRED
2012-02-09,112.78125,113.01744828247365,112.87545880928951,0.14198947318413957,0.014291316192473352,,,,DAILY_RUNTIME_DEPENDENCY_LEDGER_STRICT_PRIOR_DATE_REQUIRED
2012-02-10,112.890625,113.00252789630028,112.87592546131137,0.12660243498891077,0.013885009253733543,,,,DAILY_RUNTIME_DEPENDENCY_LEDGER_STRICT_PRIOR_DATE_REQUIRED
2012-02-10,112.890625,112.98936284967671,112.87637775480948,0.11298509486722708,0.013885009253733543,,,,DAILY_RUNTIME_DEPENDENCY_LEDGER_STRICT_PRIOR_DATE_REQUIRED
2012-02-12,112.8515625,112.97315104383239,112.87561420850766,0.0975368353247319,0.013109853514729307,,,,DAILY_RUNTIME_DEPENDENCY_LEDGER_STRICT_PRIOR_DATE_REQUIRED
2012-02-12,112.8515625,112.95884650926388,112.87487415593819,0.08397235332569153,0.013109853514729307,,,,DAILY_RUNTIME_DEPENDENCY_LEDGER_STRICT_PRIOR_DATE_REQUIRED
2012-02-13,112.8125,112.94162927287988,112.87295495114009,0.06867432173979182,0.01013471816262569,,,,DAILY_RUNTIME_DEPENDENCY_LEDGER_STRICT_PRIOR_DATE_REQUIRED
2012-02-13,112.8125,112.92643759371754,112.87109479879732,0.05534279492022165,0.01013471816262569,,,,DAILY_RUNTIME_DEPENDENCY_LEDGER_STRICT_PRIOR_DATE_REQUIRED
2012-02-14,112.828125,112.91487140622135,112.86977265114201,0.04509875507933714,0.009451332019687373,,,,DAILY_RUNTIME_DEPENDENCY_LEDGER_STRICT_PRIOR_DATE_REQUIRED
2012-02-14,112.828125,112.90466594666589,112.86849118495303,0.03617476171285716,0.009451332019687373,,,,DAILY_RUNTIME_DEPENDENCY_LEDGER_STRICT_PRIOR_DATE_REQUIRED
2012-02-15,113.015625,112.91771995294049,112.87301837926216,0.04470157367832428,0.01082755893025008,,,,DAILY_RUNTIME_DEPENDENCY_LEDGER_STRICT_PRIOR_DATE_REQUIRED
2012-02-15,113.015625,112.92923819377101,112.87740627528487,0.05183191848614399,0.01082755893025008,,,,DAILY_RUNTIME_DEPENDENCY_LEDGER_STRICT_PRIOR_DATE_REQUIRED
2012-02-16,112.6484375,112.89620281803325,112.87036108219918,0.025841735834063684,0.016036143120555166,,,,DAILY_RUNTIME_DEPENDENCY_LEDGER_STRICT_PRIOR_DATE_REQUIRED
2012-02-16,112.6484375,112.86705395708815,112.86353266428536,0.003521292802787457,0.016036143120555166,,,,DAILY_RUNTIME_DEPENDENCY_LEDGER_STRICT_PRIOR_DATE_REQUIRED
2012-02-17,112.6484375,112.8413343739013,112.85691435153811,-0.015579977636804188,0.015063010525032191,,,,DAILY_RUNTIME_DEPENDENCY_LEDGER_STRICT_PRIOR_DATE_REQUIRED
2012-02-17,112.6484375,112.81864062403055,112.85049967918309,-0.03185905515253751,0.015063010525032191,,,,DAILY_RUNTIME_DEPENDENCY_LEDGER_STRICT_PRIOR_DATE_REQUIRED
2012-02-19,112.4921875,112.7802343741446,112.83947468905437,-0.059240314909771996,0.0150288461144615,,,,DAILY_RUNTIME_DEPENDENCY_LEDGER_STRICT_PRIOR_DATE_REQUIRED
2012-02-19,112.4921875,112.74634650659817,112.82878892939115,-0.08244242279297964,0.0150288461144615,,,,DAILY_RUNTIME_DEPENDENCY_LEDGER_STRICT_PRIOR_DATE_REQUIRED
2012-02-20,112.5390625,112.72196015288073,112.81987427002527,-0.09791411714454057,0.014159863133145312,,,,DAILY_RUNTIME_DEPENDENCY_LEDGER_STRICT_PRIOR_DATE_REQUIRED
2012-02-20,112.5390625,112.70044278195357,112.81123390787064,-0.11079112591707485,0.014159863133145312,,,,DAILY_RUNTIME_DEPENDENCY_LEDGER_STRICT_PRIOR_DATE_REQUIRED
2012-02-21,112.4296875,112.6685892193708,112.7994940183977,-0.13090479902689367,0.013775511622685274,,,,DAILY_RUNTIME_DEPENDENCY_LEDGER_STRICT_PRIOR_DATE_REQUIRED
2012-02-21,112.4296875,112.64048313473893,112.78811535629315,-0.1476322215542183,0.013775511622685274,,,,DAILY_RUNTIME_DEPENDENCY_LEDGER_STRICT_PRIOR_DATE_REQUIRED
2012-02-22,112.6328125,112.63958070712258,112.78333680686875,-0.1437560997461702,0.014290438018119264,,,,DAILY_RUNTIME_DEPENDENCY_LEDGER_STRICT_PRIOR_DATE_REQUIRED
2012-02-22,112.6328125,112.63878444746109,112.77870528973433,-0.13992084227324142,0.014290438018119264,,,,DAILY_RUNTIME_DEPENDENCY_LEDGER_STRICT_PRIOR_DATE_REQUIRED
2012-02-23,112.625,112.63716274775979,112.77397589620405,-0.1368131484442614,0.013423811123200647,,,,DAILY_RUNTIME_DEPENDENCY_LEDGER_STRICT_PRIOR_DATE_REQUIRED
2012-02-23,112.625,112.63573183625863,112.7693920224747,-0.13366018621607623,0.013423811123200647,,,,DAILY_RUNTIME_DEPENDENCY_LEDGER_STRICT_PRIOR_DATE_REQUIRED
2012-02-24,112.609375,112.6326310319929,112.76446842178318,-0.13183738979027737,0.012615406870972979,,,,DAILY_RUNTIME_DEPENDENCY_LEDGER_STRICT_PRIOR_DATE_REQUIRED
2012-02-24,112.609375,112.62989502822903,112.75969631649754,-0.12980128826851,0.012615406870972979,,,,DAILY_RUNTIME_DEPENDENCY_LEDGER_STRICT_PRIOR_DATE_REQUIRED
2012-02-26,112.6015625,112.62656178961385,112.75483066060531,-0.12826887099146234,0.011539015057542994,,,,DAILY_RUNTIME_DEPENDENCY_LEDGER_STRICT_PRIOR_DATE_REQUIRED
2012-02-26,112.6015625,112.62362069671809,112.75011471720207,-0.12649402048397462,0.011539015057542994,,,,DAILY_RUNTIME_DEPENDENCY_LEDGER_STRICT_PRIOR_DATE_REQUIRED
2012-02-27,112.8359375,112.64859914416303,112.75275541821124,-0.10415627404820782,0.01342773370155518,,,,DAILY_RUNTIME_DEPENDENCY_LEDGER_STRICT_PRIOR_DATE_REQUIRED
2012-02-27,112.8359375,112.67063895073208,112.75531486688166,-0.08467591614957826,0.01342773370155518,,,,DAILY_RUNTIME_DEPENDENCY_LEDGER_STRICT_PRIOR_DATE_REQUIRED
2012-02-28,112.8671875,112.69376230946949,112.75875710174684,-0.06499479227734639,0.012549980386152617,,,,DAILY_RUNTIME_DEPENDENCY_LEDGER_STRICT_PRIOR_DATE_REQUIRED
2012-02-28,112.8671875,112.71416527306131,112.76209342169308,-0.04792814863176886,0.012549980386152617,,,,DAILY_RUNTIME_DEPENDENCY_LEDGER_STRICT_PRIOR_DATE_REQUIRED
2012-02-29,112.7421875,112.71746200564233,112.76148093179482,-0.04401892615248926,0.01245038891449642,,,,DAILY_RUNTIME_DEPENDENCY_LEDGER_STRICT_PRIOR_DATE_REQUIRED
2012-02-29,112.7421875,112.72037088733147,112.76088728773959,-0.04051640040812288,0.01245038891449642,,,,DAILY_RUNTIME_DEPENDENCY_LEDGER_STRICT_PRIOR_DATE_REQUIRED
2012-03-01,112.6484375,112.7119081358807,112.75742729427068,-0.045519158389979,0.012109259593708763,,,,DAILY_RUNTIME_DEPENDENCY_LEDGER_STRICT_PRIOR_DATE_REQUIRED
2012-03-01,112.6484375,112.70444100224768,112.75407376213927,-0.04963275989159399,0.012109259593708763,,,,DAILY_RUNTIME_DEPENDENCY_LEDGER_STRICT_PRIOR_DATE_REQUIRED
2012-03-02,112.9453125,112.73277882551265,112.75995803099653,-0.027179205483875535,0.01517862841445694,,,,DAILY_RUNTIME_DEPENDENCY_LEDGER_STRICT_PRIOR_DATE_REQUIRED
2012-03-02,112.9453125,112.75778278721704,112.76566124542741,-0.007878458210370809,0.01517862841445694,,,,DAILY_RUNTIME_DEPENDENCY_LEDGER_STRICT_PRIOR_DATE_REQUIRED
2012-03-04,112.90625,112.77524951813268,112.76998705326041,0.0052624648722741085,0.014318393826212802,,,,DAILY_RUNTIME_DEPENDENCY_LEDGER_STRICT_PRIOR_DATE_REQUIRED
2012-03-04,112.90625,112.79066133952884,112.77417975931392,0.01648158021491497,0.014318393826212802,,,,DAILY_RUNTIME_DEPENDENCY_LEDGER_STRICT_PRIOR_DATE_REQUIRED
2012-03-05,112.7109375,112.78128206429015,112.77223384364272,0.009048220647429162,0.01480166888676397,,,,DAILY_RUNTIME_DEPENDENCY_LEDGER_STRICT_PRIOR_DATE_REQUIRED
2012-03-05,112.7109375,112.7730062331972,112.77034780229987,0.00265843089732698,0.01480166888676397,,,,DAILY_RUNTIME_DEPENDENCY_LEDGER_STRICT_PRIOR_DATE_REQUIRED
2012-03-06,112.953125,112.79419667635045,112.77597171607526,0.018224960275190938,0.015486240242128016,,,,DAILY_RUNTIME_DEPENDENCY_LEDGER_STRICT_PRIOR_DATE_REQUIRED
2012-03-06,112.953125,112.81289412619157,112.78142258634988,0.03147153984168938,0.015486240242128016,,,,DAILY_RUNTIME_DEPENDENCY_LEDGER_STRICT_PRIOR_DATE_REQUIRED
2012-03-07,112.8125,112.81284775840432,112.78237881446218,0.030468943942139504,0.015304438511976503,,,,DAILY_RUNTIME_DEPENDENCY_LEDGER_STRICT_PRIOR_DATE_REQUIRED
2012-03-07,112.8125,112.81280684565085,112.78330562017102,0.029501225479833693,0.015304438511976503,,,,DAILY_RUNTIME_DEPENDENCY_LEDGER_STRICT_PRIOR_DATE_REQUIRED
2012-03-08,112.6484375,112.79346927557428,112.77915583185806,0.014313443716218899,0.015288166769496339,,,,DAILY_RUNTIME_DEPENDENCY_LEDGER_STRICT_PRIOR_DATE_REQUIRED
2012-03-08,112.6484375,112.776406713742,112.77513372933934,0.0012729844026608816,0.015288166769496339,,,,DAILY_RUNTIME_DEPENDENCY_LEDGER_STRICT_PRIOR_DATE_REQUIRED
2012-03-09,112.578125,112.75307945330177,112.76907192228275,-0.01599246898098272,0.01454619909381087,,,,DAILY_RUNTIME_DEPENDENCY_LEDGER_STRICT_PRIOR_DATE_REQUIRED
2012-03-09,112.578125,112.73249657644274,112.76319663236636,-0.030700055923617242,0.01454619909381087,,,,DAILY_RUNTIME_DEPENDENCY_LEDGER_STRICT_PRIOR_DATE_REQUIRED
2012-03-11,112.6015625,112.71709256744948,112.7582232744474,-0.041130706997918765,0.013619522390387972,,,,DAILY_RUNTIME_DEPENDENCY_LEDGER_STRICT_PRIOR_DATE_REQUIRED
2012-03-11,112.6015625,112.70350079480836,112.75340294292594,-0.049902148117581646,0.013619522390387972,,,,DAILY_RUNTIME_DEPENDENCY_LEDGER_STRICT_PRIOR_DATE_REQUIRED
2012-03-12,112.5234375,112.68231687777208,112.7463270831436,-0.0640102053715168,0.012816815877732098,,,,DAILY_RUNTIME_DEPENDENCY_LEDGER_STRICT_PRIOR_DATE_REQUIRED
2012-03-12,112.5234375,112.66362518626947,112.73946894212379,-0.07584375585432213,0.012816815877732098,,,,DAILY_RUNTIME_DEPENDENCY_LEDGER_STRICT_PRIOR_DATE_REQUIRED
2012-03-13,112.1328125,112.60117663494364,112.72080259005844,-0.1196259551147989,0.017905275666068674,,,,DAILY_RUNTIME_DEPENDENCY_LEDGER_STRICT_PRIOR_DATE_REQUIRED
2012-03-13,112.1328125,112.5460749720091,112.70271058728741,-0.1566356152783186,0.017905275666068674,,,,DAILY_RUNTIME_DEPENDENCY_LEDGER_STRICT_PRIOR_DATE_REQUIRED
2012-03-14,111.453125,112.41749262236095,112.66426179998626,-0.24676917762531048,0.028607252782791616,,,,DAILY_RUNTIME_DEPENDENCY_LEDGER_STRICT_PRIOR_DATE_REQUIRED
2012-03-14,111.453125,112.30403760796554,112.62699605229439,-0.32295844432884735,0.028607252782791616,,,,DAILY_RUNTIME_DEPENDENCY_LEDGER_STRICT_PRIOR_DATE_REQUIRED
2012-03-15,111.59375,112.22047435996959,112.59520386606994,-0.3747295061003513,0.027301601500393867,,,,DAILY_RUNTIME_DEPENDENCY_LEDGER_STRICT_PRIOR_DATE_REQUIRED
2012-03-15,111.59375,112.1467420823261,112.5643899009601,-0.4176478186339949,0.027301601500393867,,,,DAILY_RUNTIME_DEPENDENCY_LEDGER_STRICT_PRIOR_DATE_REQUIRED
2012-03-16,111.4921875,112.06973566087598,112.53139905785363,-0.4616633969776558,0.025715728145705184,,,,DAILY_RUNTIME_DEPENDENCY_LEDGER_STRICT_PRIOR_DATE_REQUIRED
2012-03-16,111.4921875,112.00178881841998,112.49942331761198,-0.497634499192003,0.025715728145705184,,,,DAILY_RUNTIME_DEPENDENCY_LEDGER_STRICT_PRIOR_DATE_REQUIRED
2012-03-18,111.484375,111.94091660448821,112.46819106168547,-0.5272744571972652,0.024155550931188725,,,,DAILY_RUNTIME_DEPENDENCY_LEDGER_STRICT_PRIOR_DATE_REQUIRED
2012-03-18,111.484375,111.88720582748958,112.437919798249,-0.5507139707594177,0.024155550931188725,,,,DAILY_RUNTIME_DEPENDENCY_LEDGER_STRICT_PRIOR_DATE_REQUIRED
2012-03-19,111.0625,111.7901816124908,112.3955991890721,-0.6054175765813028,0.0268551667972442,,,,DAILY_RUNTIME_DEPENDENCY_LEDGER_STRICT_PRIOR_DATE_REQUIRED
2012-03-19,111.0625,111.70457201102128,112.35458075248526,-0.6500087414639779,0.0268551667972442,,,,DAILY_RUNTIME_DEPENDENCY_LEDGER_STRICT_PRIOR_DATE_REQUIRED
2012-03-20,111.1796875,111.6428208920776,112.31843019087033,-0.675609298792736,0.025520473520826734,,,,DAILY_RUNTIME_DEPENDENCY_LEDGER_STRICT_PRIOR_DATE_REQUIRED
2012-03-20,111.1796875,111.5883346106567,112.28339195422816,-0.6950573435714631,0.025520473520826734,,,,DAILY_RUNTIME_DEPENDENCY_LEDGER_STRICT_PRIOR_DATE_REQUIRED
2012-03-21,111.375,111.56323642116769,112.2554414325596,-0.6922050113919198,0.024617688087079495,,,,DAILY_RUNTIME_DEPENDENCY_LEDGER_STRICT_PRIOR_DATE_REQUIRED
2012-03-21,111.375,111.54109095985385,112.22835092694238,-0.6872599670885364,0.024617688087079495,,,,DAILY_RUNTIME_DEPENDENCY_LEDGER_STRICT_PRIOR_DATE_REQUIRED
2012-03-22,111.453125,111.53074202340045,112.20449782149801,-0.6737557980975595,0.023275180186825346,,,,DAILY_RUNTIME_DEPENDENCY_LEDGER_STRICT_PRIOR_DATE_REQUIRED
2012-03-22,111.453125,111.52161060888274,112.18137865775961,-0.6597680488768702,0.023275180186825346,,,,DAILY_RUNTIME_DEPENDENCY_LEDGER_STRICT_PRIOR_DATE_REQUIRED
2012-03-23,111.6484375,111.53653141960243,112.16498046829008,-0.6284490486876564,0.02273585984458477,,,,DAILY_RUNTIME_DEPENDENCY_LEDGER_STRICT_PRIOR_DATE_REQUIRED
2012-03-23,111.6484375,111.54969684082567,112.14908683849654,-0.599389997670869,0.02273585984458477,,,,DAILY_RUNTIME_DEPENDENCY_LEDGER_STRICT_PRIOR_DATE_REQUIRED
2012-03-25,111.5703125,111.55212221249325,112.13127839731203,-0.5791561848187854,0.02131187984314381,,,,DAILY_RUNTIME_DEPENDENCY_LEDGER_STRICT_PRIOR_DATE_REQUIRED
2012-03-25,111.5703125,111.55426224631756,112.11401790816396,-0.5597556618463955,0.02131187984314381,,,,DAILY_RUNTIME_DEPENDENCY_LEDGER_STRICT_PRIOR_DATE_REQUIRED
2012-03-26,111.703125,111.57177551145666,112.10137504945124,-0.5295995379945708,0.02045502756681456,,,,DAILY_RUNTIME_DEPENDENCY_LEDGER_STRICT_PRIOR_DATE_REQUIRED
2012-03-26,111.703125,111.58722839246175,112.08912120177582,-0.5018928093140715,0.02045502756681456,,,,DAILY_RUNTIME_DEPENDENCY_LEDGER_STRICT_PRIOR_DATE_REQUIRED
2012-03-27,111.9921875,111.63487064040743,112.08613862633658,-0.4512679859291495,0.02150956433869479,,,,DAILY_RUNTIME_DEPENDENCY_LEDGER_STRICT_PRIOR_DATE_REQUIRED
2012-03-27,111.9921875,111.67690791800655,112.08324782244931,-0.4063399044427598,0.02150956433869479,,,,DAILY_RUNTIME_DEPENDENCY_LEDGER_STRICT_PRIOR_DATE_REQUIRED
2012-03-28,111.9375,111.70756581000578,112.07876327406625,-0.37119746406047227,0.020272839353538574,,,,DAILY_RUNTIME_DEPENDENCY_LEDGER_STRICT_PRIOR_DATE_REQUIRED
2012-03-28,111.9375,111.73461689118156,112.0744167117873,-0.33979982060573377,0.020272839353538574,,,,DAILY_RUNTIME_DEPENDENCY_LEDGER_STRICT_PRIOR_DATE_REQUIRED
2012-03-29,112.15625,111.78422078633668,112.07693465911692,-0.2927138727802401,0.020451311710785486,,,,DAILY_RUNTIME_DEPENDENCY_LEDGER_STRICT_PRIOR_DATE_REQUIRED
2012-03-29,112.15625,111.82798892912061,112.07937513114409,-0.2513862020234825,0.020451311710785486,,,,DAILY_RUNTIME_DEPENDENCY_LEDGER_STRICT_PRIOR_DATE_REQUIRED
2012-03-30,112.0625,111.85557846687112,112.07885589633966,-0.22327742946853846,0.019450690937127462,,,,DAILY_RUNTIME_DEPENDENCY_LEDGER_STRICT_PRIOR_DATE_REQUIRED
2012-03-30,112.0625,111.879922176651,112.07835263799075,-0.19843046133975406,0.019450690937127462,,,,DAILY_RUNTIME_DEPENDENCY_LEDGER_STRICT_PRIOR_DATE_REQUIRED
2012-04-01,111.953125,111.88853427351557,112.07449947989872,-0.18596520638314473,0.017999707270019386,,,,DAILY_RUNTIME_DEPENDENCY_LEDGER_STRICT_PRIOR_DATE_REQUIRED
2012-04-01,111.953125,111.89613318251374,112.07076488051722,-0.17463169800348055,0.017999707270019386,,,,DAILY_RUNTIME_DEPENDENCY_LEDGER_STRICT_PRIOR_DATE_REQUIRED
2012-04-02,112.203125,111.93224986692388,112.07483749957822,-0.14258763265434027,0.016916354124949236,,,,DAILY_RUNTIME_DEPENDENCY_LEDGER_STRICT_PRIOR_DATE_REQUIRED
2012-04-02,112.203125,111.96411752963871,112.0787848072835,-0.11466727764478435,0.016916354124949236,,,,DAILY_RUNTIME_DEPENDENCY_LEDGER_STRICT_PRIOR_DATE_REQUIRED
2012-04-03,111.7265625,111.93616987909297,112.06794719782862,-0.1317773187356437,0.022634390003683245,,,,DAILY_RUNTIME_DEPENDENCY_LEDGER_STRICT_PRIOR_DATE_REQUIRED
2012-04-03,111.7265625,111.91151018743497,112.05744305328004,-0.1459328658450687,0.022634390003683245,,,,DAILY_RUNTIME_DEPENDENCY_LEDGER_STRICT_PRIOR_DATE_REQUIRED
2012-04-04,112.046875,111.92743545950145,112.05711788240988,-0.1296824229084308,0.023880133603258594,,,,DAILY_RUNTIME_DEPENDENCY_LEDGER_STRICT_PRIOR_DATE_REQUIRED
2012-04-04,112.046875,111.94148717014835,112.05680271679726,-0.1153155466489153,0.023880133603258594,,,,DAILY_RUNTIME_DEPENDENCY_LEDGER_STRICT_PRIOR_DATE_REQUIRED
2012-04-05,112.2265625,111.97502544424854,112.06202609474197,-0.08700065049342243,0.02325310074253854,,,,DAILY_RUNTIME_DEPENDENCY_LEDGER_STRICT_PRIOR_DATE_REQUIRED
2012-04-05,112.2265625,112.00461803904282,112.0670887533653,-0.06247071432247253,0.02325310074253854,,,,DAILY_RUNTIME_DEPENDENCY_LEDGER_STRICT_PRIOR_DATE_REQUIRED
2012-04-06,112.734375,112.09047179915544,112.08762063787714,0.0028511612783006512,0.027337504273064975,,,,DAILY_RUNTIME_DEPENDENCY_LEDGER_STRICT_PRIOR_DATE_REQUIRED
2012-04-06,112.734375,112.16622511690186,112.10752077209631,0.0587043448055482,0.027337504273064975,,,,DAILY_RUNTIME_DEPENDENCY_LEDGER_STRICT_PRIOR_DATE_REQUIRED
2012-04-08,112.7890625,112.23950010314869,112.12849128680104,0.11100881634764903,0.025704723123471804,,,,DAILY_RUNTIME_DEPENDENCY_LEDGER_STRICT_PRIOR_DATE_REQUIRED
2012-04-08,112.7890625,112.30415450277825,112.14881655489947,0.15533794787877753,0.025704723123471804,,,,DAILY_RUNTIME_DEPENDENCY_LEDGER_STRICT_PRIOR_DATE_REQUIRED
2012-04-09,112.6875,112.34925397303962,112.16539143013334,0.183862542906283,0.024265312155359084,,,,DAILY_RUNTIME_DEPENDENCY_LEDGER_STRICT_PRIOR_DATE_REQUIRED
2012-04-09,112.6875,112.38904762327024,112.18145630920617,0.20759131406407505,0.024265312155359084,,,,DAILY_RUNTIME_DEPENDENCY_LEDGER_STRICT_PRIOR_DATE_REQUIRED
2012-04-10,112.921875,112.45173319700315,112.20423842276905,0.2474947742340987,0.024117967501039096,,,,DAILY_RUNTIME_DEPENDENCY_LEDGER_STRICT_PRIOR_DATE_REQUIRED
2012-04-10,112.921875,112.50704399735571,112.2263195482223,0.2807244491334018,0.024117967501039096,,,,DAILY_RUNTIME_DEPENDENCY_LEDGER_STRICT_PRIOR_DATE_REQUIRED
2012-04-11,112.8671875,112.54941382119621,112.24603856212316,0.3033752590730501,0.022598043665739607,,,,DAILY_RUNTIME_DEPENDENCY_LEDGER_STRICT_PRIOR_DATE_REQUIRED
2012-04-11,112.8671875,112.586798959879,112.26515083713475,0.32164812274425003,0.022598043665739607,,,,DAILY_RUNTIME_DEPENDENCY_LEDGER_STRICT_PRIOR_DATE_REQUIRED
2012-04-12,112.8671875,112.61978584695206,112.28367504214599,0.3361108048060686,0.021205720007546787,,,,DAILY_RUNTIME_DEPENDENCY_LEDGER_STRICT_PRIOR_DATE_REQUIRED
2012-04-12,112.8671875,112.64889192378122,112.30162927161841,0.3472626521628115,0.021205720007546787,,,,DAILY_RUNTIME_DEPENDENCY_LEDGER_STRICT_PRIOR_DATE_REQUIRED
2012-04-13,113.03125,112.69387522686579,112.324079140184,0.369796086681788,0.020611393113747996,,,,DAILY_RUNTIME_DEPENDENCY_LEDGER_STRICT_PRIOR_DATE_REQUIRED
2012-04-13,113.03125,112.73356637664628,112.34583824356295,0.38772813308332843,0.020611393113747996,,,,DAILY_RUNTIME_DEPENDENCY_LEDGER_STRICT_PRIOR_DATE_REQUIRED
2012-04-15,113.015625,112.76674974409966,112.36644706683794,0.4003026772617204,0.01902560542196152,,,,DAILY_RUNTIME_DEPENDENCY_LEDGER_STRICT_PRIOR_DATE_REQUIRED
2012-04-15,113.015625,112.79602918597028,112.3864217724737,0.40960741349658747,0.01902560542196152,,,,DAILY_RUNTIME_DEPENDENCY_LEDGER_STRICT_PRIOR_DATE_REQUIRED
2012-04-16,113.03125,112.82370222291495,112.40626264101296,0.4174395819019878,0.017867181732867728,,,,DAILY_RUNTIME_DEPENDENCY_LEDGER_STRICT_PRIOR_DATE_REQUIRED
2012-04-16,113.03125,112.84811960845435,112.42549302128948,0.42262658716487067,0.017867181732867728,,,,DAILY_RUNTIME_DEPENDENCY_LEDGER_STRICT_PRIOR_DATE_REQUIRED
2012-04-17,112.9609375,112.86139230157735,112.44196823601904,0.41942406555831724,0.016727983330614038,,,,DAILY_RUNTIME_DEPENDENCY_LEDGER_STRICT_PRIOR_DATE_REQUIRED
2012-04-17,112.9609375,112.87310350139177,112.4579365210646,0.4151669803271716,0.016727983330614038,,,,DAILY_RUNTIME_DEPENDENCY_LEDGER_STRICT_PRIOR_DATE_REQUIRED
2012-04-18,113.03125,112.89170897181626,112.47557693580106,0.416132036015199,0.01584943689155959,,,,DAILY_RUNTIME_DEPENDENCY_LEDGER_STRICT_PRIOR_DATE_REQUIRED
2012-04-18,113.03125,112.90812556336728,112.49267456854564,0.41545099482164005,0.01584943689155959,,,,DAILY_RUNTIME_DEPENDENCY_LEDGER_STRICT_PRIOR_DATE_REQUIRED
2012-04-19,113.0546875,112.9253681441476,112.50996727412885,0.41540087001874326,0.014846789691957702,,,,DAILY_RUNTIME_DEPENDENCY_LEDGER_STRICT_PRIOR_DATE_REQUIRED
2012-04-19,113.0546875,112.94058218601258,112.52672789646336,0.41385428954922077,0.014846789691957702,,,,DAILY_RUNTIME_DEPENDENCY_LEDGER_STRICT_PRIOR_DATE_REQUIRED
2012-04-20,113.0625,112.95492545824638,112.54321319195678,0.411712266289598,0.013592582065961497,,,,DAILY_RUNTIME_DEPENDENCY_LEDGER_STRICT_PRIOR_DATE_REQUIRED
2012-04-20,113.0625,112.96758128668797,112.55919124758887,0.4083900390991033,0.013592582065961497,,,,DAILY_RUNTIME_DEPENDENCY_LEDGER_STRICT_PRIOR_DATE_REQUIRED
2012-04-22,113.078125,112.98058642943056,112.57515843997075,0.4054279894598096,0.011303111958642992,,,,DAILY_RUNTIME_DEPENDENCY_LEDGER_STRICT_PRIOR_DATE_REQUIRED
2012-04-22,113.078125,112.99206155537989,112.5906343341255,0.40142722125439434,0.011303111958642992,,,,DAILY_RUNTIME_DEPENDENCY_LEDGER_STRICT_PRIOR_DATE_REQUIRED
2012-04-23,113.203125,113.0168925488646,112.60948020076779,0.4074123480968126,0.01069353506351073,,,,DAILY_RUNTIME_DEPENDENCY_LEDGER_STRICT_PRIOR_DATE_REQUIRED
2012-04-23,113.203125,113.03880224899817,112.62774619459033,0.41105605440783677,0.01069353506351073,,,,DAILY_RUNTIME_DEPENDENCY_LEDGER_STRICT_PRIOR_DATE_REQUIRED
2012-04-24,113.03125,113.03791374911603,112.64016169629524,0.39775205282079185,0.011377138850597207,,,,DAILY_RUNTIME_DEPENDENCY_LEDGER_STRICT_PRIOR_DATE_REQUIRED
2012-04-24,113.03125,113.03712977863178,112.65219518256308,0.38493459606870317,0.011377138850597207,,,,DAILY_RUNTIME_DEPENDENCY_LEDGER_STRICT_PRIOR_DATE_REQUIRED
2012-04-25,113.125,113.04746745173392,112.6667430230996,0.38072442863432343,0.00915925607226428,,,,DAILY_RUNTIME_DEPENDENCY_LEDGER_STRICT_PRIOR_DATE_REQUIRED
2012-04-25,113.125,113.05658892800052,112.68084323777346,0.3757456902270633,0.00915925607226428,,,,DAILY_RUNTIME_DEPENDENCY_LEDGER_STRICT_PRIOR_DATE_REQUIRED
2012-04-26,113.3828125,113.09496817176517,112.70244229199581,0.3925258797693658,0.012217499215761225,,,,DAILY_RUNTIME_DEPENDENCY_LEDGER_STRICT_PRIOR_DATE_REQUIRED
2012-04-26,113.3828125,113.12883221038103,112.7233767599344,0.4054554504466381,0.012217499215761225,,,,DAILY_RUNTIME_DEPENDENCY_LEDGER_STRICT_PRIOR_DATE_REQUIRED
2012-04-27,113.28125,113.14676371504208,112.74054209039795,0.40622162464413236,0.0119087607232413,,,,DAILY_RUNTIME_DEPENDENCY_LEDGER_STRICT_PRIOR_DATE_REQUIRED
2012-04-27,113.28125,113.16258563091948,112.75717925684724,0.40540637407224267,0.0119087607232413,,,,DAILY_RUNTIME_DEPENDENCY_LEDGER_STRICT_PRIOR_DATE_REQUIRED
2012-04-29,113.3125,113.18022261551718,112.77426604894424,0.40595656657293944,0.01085040899981748,,,,DAILY_RUNTIME_DEPENDENCY_LEDGER_STRICT_PRIOR_DATE_REQUIRED
2012-04-29,113.3125,113.19578466075045,112.79082709359211,0.4049575671583341,0.01085040899981748,,,,DAILY_RUNTIME_DEPENDENCY_LEDGER_STRICT_PRIOR_DATE_REQUIRED
2012-04-30,113.328125,113.21135411242686,112.80735933686621,0.40399477556064767,0.01018371972104329,,,,DAILY_RUNTIME_DEPENDENCY_LEDGER_STRICT_PRIOR_DATE_REQUIRED
2012-04-30,113.328125,113.22509186390604,112.82338289573187,0.40170896817417656,0.01018371972104329,,,,DAILY_RUNTIME_DEPENDENCY_LEDGER_STRICT_PRIOR_DATE_REQUIRED
2012-05-01,113.234375,113.22618399756416,112.83602880663243,0.39015519093173623,0.010074345061656468,,,,DAILY_RUNTIME_DEPENDENCY_LEDGER_STRICT_PRIOR_DATE_REQUIRED
2012-05-01,113.234375,113.22714764490956,112.8482856125822,0.37886203232736193,0.010074345061656468,,,,DAILY_RUNTIME_DEPENDENCY_LEDGER_STRICT_PRIOR_DATE_REQUIRED
2012-05-02,113.28125,113.23351262786137,112.86160759373351,0.37190503412786313,0.009375273082855467,,,,DAILY_RUNTIME_DEPENDENCY_LEDGER_STRICT_PRIOR_DATE_REQUIRED
2012-05-02,113.28125,113.23912878928944,112.87451966777247,0.36460912151696334,0.009375273082855467,,,,DAILY_RUNTIME_DEPENDENCY_LEDGER_STRICT_PRIOR_DATE_REQUIRED
2012-05-03,113.296875,113.24592246113774,112.8875152164564,0.3584072446813309,0.008820667928435976,,,,DAILY_RUNTIME_DEPENDENCY_LEDGER_STRICT_PRIOR_DATE_REQUIRED
2012-05-03,113.296875,113.25191687747447,112.9001109021039,0.3518059753705671,0.008820667928435976,,,,DAILY_RUNTIME_DEPENDENCY_LEDGER_STRICT_PRIOR_DATE_REQUIRED
2012-05-04,113.46875,113.27742665659511,112.91760748973148,0.35981916686363036,0.010107611711256966,,,,DAILY_RUNTIME_DEPENDENCY_LEDGER_STRICT_PRIOR_DATE_REQUIRED
2012-05-04,113.46875,113.29993528523097,112.93456572081666,0.36536956441430846,0.010107611711256966,,,,DAILY_RUNTIME_DEPENDENCY_LEDGER_STRICT_PRIOR_DATE_REQUIRED
2012-05-06,113.5859375,113.33358260461556,112.95460792940692,0.3789746752086387,0.010243955508662484,,,,DAILY_RUNTIME_DEPENDENCY_LEDGER_STRICT_PRIOR_DATE_REQUIRED
2012-05-06,113.5859375,113.36327141583725,112.97403345465594,0.3892379611813084,0.010243955508662484,,,,DAILY_RUNTIME_DEPENDENCY_LEDGER_STRICT_PRIOR_DATE_REQUIRED
2012-05-07,113.4921875,113.37843801397403,112.98997665605114,0.3884613579228926,0.010088078091308713,,,,DAILY_RUNTIME_DEPENDENCY_LEDGER_STRICT_PRIOR_DATE_REQUIRED
2012-05-07,113.4921875,113.39182030644767,113.00542929740341,0.38639100904426016,0.010088078091308713,,,,DAILY_RUNTIME_DEPENDENCY_LEDGER_STRICT_PRIOR_DATE_REQUIRED
2012-05-08,113.5703125,113.41281938804205,113.02281031902176,0.3900090690202944,0.009830010281079766,,,,DAILY_RUNTIME_DEPENDENCY_LEDGER_STRICT_PRIOR_DATE_REQUIRED
2012-05-08,113.5703125,113.43134798944887,113.03965653997493,0.39169144947393875,0.009830010281079766,,,,DAILY_RUNTIME_DEPENDENCY_LEDGER_STRICT_PRIOR_DATE_REQUIRED
2012-05-09,113.6171875,113.45321146127841,113.05742672336032,0.3957847379180919,0.00936722391572001,,,,DAILY_RUNTIME_DEPENDENCY_LEDGER_STRICT_PRIOR_DATE_REQUIRED
2012-05-09,113.6171875,113.47250275995154,113.07465013187232,0.39785262807922095,0.00936722391572001,,,,DAILY_RUNTIME_DEPENDENCY_LEDGER_STRICT_PRIOR_DATE_REQUIRED
2012-05-10,113.6640625,113.49503919995723,113.09278589704547,0.40225330291175965,0.008937260512757377,,,,DAILY_RUNTIME_DEPENDENCY_LEDGER_STRICT_PRIOR_DATE_REQUIRED
2012-05-10,113.6640625,113.5149242940799,113.11036363867484,0.4045606554050636,0.008937260512757377,,,,DAILY_RUNTIME_DEPENDENCY_LEDGER_STRICT_PRIOR_DATE_REQUIRED
2012-05-11,113.65625,113.53155084771757,113.12716014210022,0.40439070561734525,0.00825507894607744,,,,DAILY_RUNTIME_DEPENDENCY_LEDGER_STRICT_PRIOR_DATE_REQUIRED
2012-05-11,113.65625,113.54622133622138,113.1434398300356,0.40278150618577513,0.00825507894607744,,,,DAILY_RUNTIME_DEPENDENCY_LEDGER_STRICT_PRIOR_DATE_REQUIRED
2012-05-13,113.6953125,113.56376147313651,113.16042052757297,0.40334094556354216,0.007570605801274808,,,,DAILY_RUNTIME_DEPENDENCY_LEDGER_STRICT_PRIOR_DATE_REQUIRED
2012-05-13,113.6953125,113.5792380645322,113.17687874210918,0.40235932242302397,0.007570605801274808,,,,DAILY_RUNTIME_DEPENDENCY_LEDGER_STRICT_PRIOR_DATE_REQUIRED
2012-05-14,113.78125,113.60300417458724,113.19547478081351,0.40752939377372854,0.0075860589770117256,,,,DAILY_RUNTIME_DEPENDENCY_LEDGER_STRICT_PRIOR_DATE_REQUIRED
2012-05-14,113.78125,113.62397427169462,113.21349863371155,0.41047563798306896,0.0075860589770117256,,,,DAILY_RUNTIME_DEPENDENCY_LEDGER_STRICT_PRIOR_DATE_REQUIRED
2012-05-15,113.6796875,113.63052876914232,113.22784290652044,0.40268586262187966,0.007222086567136819,,,,DAILY_RUNTIME_DEPENDENCY_LEDGER_STRICT_PRIOR_DATE_REQUIRED
2012-05-15,113.6796875,113.63631214924322,113.24174581708904,0.39456633215418435,0.007222086567136819,,,,DAILY_RUNTIME_DEPENDENCY_LEDGER_STRICT_PRIOR_DATE_REQUIRED
2012-05-16,113.5703125,113.62854748462637,113.2518555611786,0.3766919234477655,0.007611713089303979,,,,DAILY_RUNTIME_DEPENDENCY_LEDGER_STRICT_PRIOR_DATE_REQUIRED
2012-05-16,113.5703125,113.62169630996443,113.26165423621926,0.36004207374517705,0.007611713089303979,,,,DAILY_RUNTIME_DEPENDENCY_LEDGER_STRICT_PRIOR_DATE_REQUIRED
2012-05-17,113.640625,113.6239232146745,113.27331487510483,0.35060833956967485,0.007520948293274018,,,,DAILY_RUNTIME_DEPENDENCY_LEDGER_STRICT_PRIOR_DATE_REQUIRED
2012-05-17,113.640625,113.62588813059516,113.28461672510161,0.3412714054935435,0.007520948293274018,,,,DAILY_RUNTIME_DEPENDENCY_LEDGER_STRICT_PRIOR_DATE_REQUIRED
2012-05-18,113.53125,113.61475423287808,113.29220544125234,0.32254879162574923,0.007961145391285087,,,,DAILY_RUNTIME_DEPENDENCY_LEDGER_STRICT_PRIOR_DATE_REQUIRED
2012-05-18,113.53125,113.60493020548066,113.29956065844456,0.30536954703609354,0.007961145391285087,,,,DAILY_RUNTIME_DEPENDENCY_LEDGER_STRICT_PRIOR_DATE_REQUIRED
2012-05-20,113.5390625,113.5971810636594,113.30692994587703,0.29025111778237545,0.00739258333081399,,,,DAILY_RUNTIME_DEPENDENCY_LEDGER_STRICT_PRIOR_DATE_REQUIRED
2012-05-20,113.5390625,113.59034358558182,113.31407248600388,0.27627109957794005,0.00739258333081399,,,,DAILY_RUNTIME_DEPENDENCY_LEDGER_STRICT_PRIOR_DATE_REQUIRED
2012-05-21,113.5234375,113.58247228139572,113.32051448643453,0.26195779496119087,0.006940099136792198,,,,DAILY_RUNTIME_DEPENDENCY_LEDGER_STRICT_PRIOR_DATE_REQUIRED
2012-05-21,113.5234375,113.57552701299623,113.32675827146731,0.24876874152892015,0.006940099136792198,,,,DAILY_RUNTIME_DEPENDENCY_LEDGER_STRICT_PRIOR_DATE_REQUIRED
2012-05-22,113.4296875,113.55836942323197,113.32992532465293,0.22844409857903258,0.007239195737830337,,,,DAILY_RUNTIME_DEPENDENCY_LEDGER_STRICT_PRIOR_DATE_REQUIRED
2012-05-22,113.4296875,113.54323037343997,113.33299493004823,0.21023544339173839,0.007239195737830337,,,,DAILY_RUNTIME_DEPENDENCY_LEDGER_STRICT_PRIOR_DATE_REQUIRED
2012-05-23,113.6328125,113.55376944715292,113.34222008604674,0.2115493611061794,0.009404703651055299,,,,DAILY_RUNTIME_DEPENDENCY_LEDGER_STRICT_PRIOR_DATE_REQUIRED
2012-05-23,113.6328125,113.56306862984081,113.35116139109145,0.21190723874936168,0.009404703651055299,,,,DAILY_RUNTIME_DEPENDENCY_LEDGER_STRICT_PRIOR_DATE_REQUIRED
2012-05-24,113.453125,113.55013408515366,113.35429873290403,0.195835352249631,0.010601616725318532,,,,DAILY_RUNTIME_DEPENDENCY_LEDGER_STRICT_PRIOR_DATE_REQUIRED
2012-05-24,113.453125,113.53872125160616,113.35733954112237,0.18138171048379093,0.010601616725318532,,,,DAILY_RUNTIME_DEPENDENCY_LEDGER_STRICT_PRIOR_DATE_REQUIRED
2012-05-25,113.5390625,113.53876139847603,113.36293101678014,0.1758303816958886,0.01030549479082613,,,,DAILY_RUNTIME_DEPENDENCY_LEDGER_STRICT_PRIOR_DATE_REQUIRED
2012-05-25,113.5390625,113.53879682218472,113.36835044703305,0.17044637515166983,0.01030549479082613,,,,DAILY_RUNTIME_DEPENDENCY_LEDGER_STRICT_PRIOR_DATE_REQUIRED
2012-05-27,113.46875,113.53055601957475,113.37143966404741,0.15911635552733117,0.009918452307569716,,,,DAILY_RUNTIME_DEPENDENCY_LEDGER_STRICT_PRIOR_DATE_REQUIRED
2012-05-27,113.46875,113.52328472315418,113.37443382823056,0.14885089492361203,0.009918452307569716,,,,DAILY_RUNTIME_DEPENDENCY_LEDGER_STRICT_PRIOR_DATE_REQUIRED
2012-05-28,113.5546875,113.52697916748897,113.37998009505424,0.1469990724347383,0.009738434646717354,,,,DAILY_RUNTIME_DEPENDENCY_LEDGER_STRICT_PRIOR_DATE_REQUIRED
2012-05-28,113.5546875,113.53023897131379,113.38535570751411,0.14488326379968441,0.009738434646717354,,,,DAILY_RUNTIME_DEPENDENCY_LEDGER_STRICT_PRIOR_DATE_REQUIRED
2012-05-29,113.5,113.52668144527688,113.38888322420598,0.137798221070895,0.009313159229393112,,,,DAILY_RUNTIME_DEPENDENCY_LEDGER_STRICT_PRIOR_DATE_REQUIRED
2012-05-29,113.5,113.52354245171489,113.39230220192272,0.13124024979217097,0.009313159229393112,,,,DAILY_RUNTIME_DEPENDENCY_LEDGER_STRICT_PRIOR_DATE_REQUIRED
2012-05-30,113.984375,113.57775804563077,113.41051982647893,0.1672382191518409,0.018492605510343985,,,,DAILY_RUNTIME_DEPENDENCY_LEDGER_STRICT_PRIOR_DATE_REQUIRED
2012-05-30,113.984375,113.6255953343801,113.42817690874111,0.19741842563898615,0.018492605510343985,,,,DAILY_RUNTIME_DEPENDENCY_LEDGER_STRICT_PRIOR_DATE_REQUIRED
2012-05-31,114.0234375,113.67240029504126,113.44649261924138,0.22590767579987414,0.017414354889465192,,,,DAILY_RUNTIME_DEPENDENCY_LEDGER_STRICT_PRIOR_DATE_REQUIRED
2012-05-31,114.0234375,113.7136987897423,113.46424476941857,0.249454020323725,0.017414354889465192,,,,DAILY_RUNTIME_DEPENDENCY_LEDGER_STRICT_PRIOR_DATE_REQUIRED
2012-06-01,114.21875,113.77311657918438,113.48746031497492,0.28565626420945023,0.017585574761840056,,,,DAILY_RUNTIME_DEPENDENCY_LEDGER_STRICT_PRIOR_DATE_REQUIRED
2012-06-01,114.21875,113.8255440404568,113.50996153605263,0.31558250440417623,0.017585574761840056,,,,DAILY_RUNTIME_DEPENDENCY_LEDGER_STRICT_PRIOR_DATE_REQUIRED
2012-06-03,114.2578125,113.87639915334424,113.53297233494332,0.34342681840091416,0.01652384166295442,,,,DAILY_RUNTIME_DEPENDENCY_LEDGER_STRICT_PRIOR_DATE_REQUIRED
2012-06-03,114.2578125,113.92127131177432,113.55527510925276,0.36599620252155773,0.01652384166295442,,,,DAILY_RUNTIME_DEPENDENCY_LEDGER_STRICT_PRIOR_DATE_REQUIRED
2012-06-04,113.9296875,113.92226145156557,113.56679549050652,0.35546596105905337,0.018955784164613552,,,,DAILY_RUNTIME_DEPENDENCY_LEDGER_STRICT_PRIOR_DATE_REQUIRED
2012-06-04,113.9296875,113.92313510432257,113.57796139849094,0.3451737058316269,0.018955784164613552,,,,DAILY_RUNTIME_DEPENDENCY_LEDGER_STRICT_PRIOR_DATE_REQUIRED
2012-06-05,113.9296875,113.92390597440226,113.58878374007584,0.33512223432641974,0.017785720873258914,,,,DAILY_RUNTIME_DEPENDENCY_LEDGER_STRICT_PRIOR_DATE_REQUIRED
2012-06-05,113.9296875,113.92458615388435,113.59927308653505,0.325313067349299,0.017785720873258914,,,,DAILY_RUNTIME_DEPENDENCY_LEDGER_STRICT_PRIOR_DATE_REQUIRED
2012-06-06,113.65625,113.89301719460384,113.60102622233397,0.2919909722698719,0.019007352245365264,,,,DAILY_RUNTIME_DEPENDENCY_LEDGER_STRICT_PRIOR_DATE_REQUIRED
2012-06-06,113.65625,113.8651622305328,113.60272541549293,0.2624368150398766,0.019007352245365264,,,,DAILY_RUNTIME_DEPENDENCY_LEDGER_STRICT_PRIOR_DATE_REQUIRED
2012-06-07,113.78125,113.8552902034113,113.6082184796316,0.24707172377969755,0.018342166071047994,,,,DAILY_RUNTIME_DEPENDENCY_LEDGER_STRICT_PRIOR_DATE_REQUIRED
2012-06-07,113.78125,113.84657959124526,113.61354252641217,0.23303706483308417,0.018342166071047994,,,,DAILY_RUNTIME_DEPENDENCY_LEDGER_STRICT_PRIOR_DATE_REQUIRED
2012-06-08,113.71875,113.83154081580463,113.61677967944564,0.21476113635898741,0.017356587879830142,,,,DAILY_RUNTIME_DEPENDENCY_LEDGER_STRICT_PRIOR_DATE_REQUIRED
2012-06-08,113.71875,113.8182713080629,113.61991722777039,0.19835408029251766,0.017356587879830142,,,,DAILY_RUNTIME_DEPENDENCY_LEDGER_STRICT_PRIOR_DATE_REQUIRED
2012-06-10,113.484375,113.77898938946726,113.61574669768515,0.16324269178210216,0.01806677204561241,,,,DAILY_RUNTIME_DEPENDENCY_LEDGER_STRICT_PRIOR_DATE_REQUIRED
2012-06-10,113.484375,113.74432887305935,113.61170449160254,0.13262438145680733,0.01806677204561241,,,,DAILY_RUNTIME_DEPENDENCY_LEDGER_STRICT_PRIOR_DATE_REQUIRED
2012-06-11,113.8828125,113.76062106446412,113.6200462764763,0.1405747879878163,0.021479793560776884,,,,DAILY_RUNTIME_DEPENDENCY_LEDGER_STRICT_PRIOR_DATE_REQUIRED
2012-06-11,113.8828125,113.77499652746835,113.62813139104625,0.1468651364220932,0.021479793560776884,,,,DAILY_RUNTIME_DEPENDENCY_LEDGER_STRICT_PRIOR_DATE_REQUIRED
2012-06-12,113.609375,113.75551164188383,113.62755427132176,0.12795737056207201,0.022050991359009706,,,,DAILY_RUNTIME_DEPENDENCY_LEDGER_STRICT_PRIOR_DATE_REQUIRED
2012-06-12,113.609375,113.73831909577984,113.62699490912725,0.11132418665259536,0.022050991359009706,,,,DAILY_RUNTIME_DEPENDENCY_LEDGER_STRICT_PRIOR_DATE_REQUIRED
2012-06-13,113.734375,113.73785508451162,113.63029891192333,0.1075561725882892,0.021109387562411864,,,,DAILY_RUNTIME_DEPENDENCY_LEDGER_STRICT_PRIOR_DATE_REQUIRED
2012-06-13,113.734375,113.73744566280436,113.63350125309493,0.10394440970942753,0.021109387562411864,,,,DAILY_RUNTIME_DEPENDENCY_LEDGER_STRICT_PRIOR_DATE_REQUIRED
2012-06-14,113.6484375,113.72697411423914,113.63396082992278,0.09301328431635625,0.02001987365884502,,,,DAILY_RUNTIME_DEPENDENCY_LEDGER_STRICT_PRIOR_DATE_REQUIRED
2012-06-14,113.6484375,113.71773451256395,113.63440626592516,0.08332824663878569,0.02001987365884502,,,,DAILY_RUNTIME_DEPENDENCY_LEDGER_STRICT_PRIOR_DATE_REQUIRED
2012-06-15,113.9765625,113.74818486402701,113.64493415005055,0.10325071397646468,0.02177268322705962,,,,DAILY_RUNTIME_DEPENDENCY_LEDGER_STRICT_PRIOR_DATE_REQUIRED
2012-06-15,113.9765625,113.77505282120029,113.65513809927975,0.1199147219205372,0.02177268322705962,,,,DAILY_RUNTIME_DEPENDENCY_LEDGER_STRICT_PRIOR_DATE_REQUIRED
2012-06-17,113.8203125,113.78037748929437,113.66022038853268,0.12015710076168773,0.021101291521253427,,,,DAILY_RUNTIME_DEPENDENCY_LEDGER_STRICT_PRIOR_DATE_REQUIRED
2012-06-17,113.8203125,113.78507572584796,113.66514629965475,0.11992942619320957,0.021101291521253427,,,,DAILY_RUNTIME_DEPENDENCY_LEDGER_STRICT_PRIOR_DATE_REQUIRED
2012-06-18,113.9296875,113.8020888757482,113.67328602889614,0.12880284685205368,0.019248023383600345,,,,DAILY_RUNTIME_DEPENDENCY_LEDGER_STRICT_PRIOR_DATE_REQUIRED
2012-06-18,113.9296875,113.81710047860135,113.68117530493011,0.13592517367123946,0.019248023383600345,,,,DAILY_RUNTIME_DEPENDENCY_LEDGER_STRICT_PRIOR_DATE_REQUIRED
2012-06-19,113.8125,113.81655924582472,113.68521606477842,0.13134318104630438,0.018496718015686652,,,,DAILY_RUNTIME_DEPENDENCY_LEDGER_STRICT_PRIOR_DATE_REQUIRED
2012-06-19,113.8125,113.8160816874924,113.68913249355447,0.12694919393793214,0.018496718015686652,,,,DAILY_RUNTIME_DEPENDENCY_LEDGER_STRICT_PRIOR_DATE_REQUIRED
2012-06-20,113.5625,113.78624854778741,113.6852361091374,0.10101243865000242,0.019143027274760166,,,,DAILY_RUNTIME_DEPENDENCY_LEDGER_STRICT_PRIOR_DATE_REQUIRED
2012-06-20,113.5625,113.75992518922418,113.68145961347165,0.07846557575253144,0.019143027274760166,,,,DAILY_RUNTIME_DEPENDENCY_LEDGER_STRICT_PRIOR_DATE_REQUIRED
2012-06-21,113.6875,113.75140457872722,113.68164547151868,0.06975910720854017,0.01846105682301757,,,,DAILY_RUNTIME_DEPENDENCY_LEDGER_STRICT_PRIOR_DATE_REQUIRED
2012-06-21,113.6875,113.7438863929946,113.68182561085656,0.06206078213803323,0.01846105682301757,,,,DAILY_RUNTIME_DEPENDENCY_LEDGER_STRICT_PRIOR_DATE_REQUIRED
2012-06-22,113.5703125,113.72346593499523,113.67839443821482,0.04507149678040889,0.01731996514504877,,,,DAILY_RUNTIME_DEPENDENCY_LEDGER_STRICT_PRIOR_DATE_REQUIRED
2012-06-22,113.5703125,113.70544788381932,113.6750688401159,0.030379043703419484,0.01731996514504877,,,,DAILY_RUNTIME_DEPENDENCY_LEDGER_STRICT_PRIOR_DATE_REQUIRED
2012-06-24,113.6171875,113.69506430925233,113.67328787580465,0.021776433447683985,0.01634639350905134,,,,DAILY_RUNTIME_DEPENDENCY_LEDGER_STRICT_PRIOR_DATE_REQUIRED
2012-06-24,113.6171875,113.68590233169323,113.67156171039528,0.01434062129794711,0.01634639350905134,,,,DAILY_RUNTIME_DEPENDENCY_LEDGER_STRICT_PRIOR_DATE_REQUIRED
2012-06-25,113.7890625,113.69803882208225,113.6751771193062,0.022861702776054926,0.01605604028900567,,,,DAILY_RUNTIME_DEPENDENCY_LEDGER_STRICT_PRIOR_DATE_REQUIRED
2012-06-25,113.7890625,113.70874749007258,113.678681284866,0.03006620520658032,0.01605604028900567,,,,DAILY_RUNTIME_DEPENDENCY_LEDGER_STRICT_PRIOR_DATE_REQUIRED
2012-06-26,113.765625,113.71543896182875,113.68135647610089,0.034082485727864764,0.015024290378464733,,,,DAILY_RUNTIME_DEPENDENCY_LEDGER_STRICT_PRIOR_DATE_REQUIRED
2012-06-26,113.765625,113.7213432016136,113.68394935375932,0.037393847854289675,0.015024290378464733,,,,DAILY_RUNTIME_DEPENDENCY_LEDGER_STRICT_PRIOR_DATE_REQUIRED
2012-06-27,113.7734375,113.72747194260025,113.68670283518212,0.04076910741812867,0.014095079262531753,,,,DAILY_RUNTIME_DEPENDENCY_LEDGER_STRICT_PRIOR_DATE_REQUIRED
2012-06-27,113.7734375,113.73287965523551,113.6893715940996,0.04350806113590977,0.014095079262531753,,,,DAILY_RUNTIME_DEPENDENCY_LEDGER_STRICT_PRIOR_DATE_REQUIRED
2012-06-28,114.0234375,113.76706293109015,113.69965054505039,0.06741238603976285,0.015405155034317561,,,,DAILY_RUNTIME_DEPENDENCY_LEDGER_STRICT_PRIOR_DATE_REQUIRED
2012-06-28,114.0234375,113.79722464507955,113.7096132205873,0.0876114244922519,0.015405155034317561,,,,DAILY_RUNTIME_DEPENDENCY_LEDGER_STRICT_PRIOR_DATE_REQUIRED
2012-06-29,113.8203125,113.79994086330548,113.71301935226154,0.08692151104393986,0.015211156857129465,,,,DAILY_RUNTIME_DEPENDENCY_LEDGER_STRICT_PRIOR_DATE_REQUIRED
2012-06-29,113.8203125,113.80233752644601,113.71632067988426,0.08601684656174768,0.015211156857129465,,,,DAILY_RUNTIME_DEPENDENCY_LEDGER_STRICT_PRIOR_DATE_REQUIRED
2012-07-01,113.7890625,113.80077575862883,113.71855888973397,0.0822168688948608,0.013925438826291759,,,,DAILY_RUNTIME_DEPENDENCY_LEDGER_STRICT_PRIOR_DATE_REQUIRED
2012-07-01,113.7890625,113.79939772820191,113.72072823158831,0.07866949661359968,0.013925438826291759,,,,DAILY_RUNTIME_DEPENDENCY_LEDGER_STRICT_PRIOR_DATE_REQUIRED
2012-07-02,114.078125,113.83218917194286,113.73172505523175,0.10046411671110889,0.016210940234338382,,,,DAILY_RUNTIME_DEPENDENCY_LEDGER_STRICT_PRIOR_DATE_REQUIRED
2012-07-02,114.078125,113.86112279877311,113.74238351507077,0.11873928370233955,0.016210940234338382,,,,DAILY_RUNTIME_DEPENDENCY_LEDGER_STRICT_PRIOR_DATE_REQUIRED
2012-07-03,113.9375,113.87010835185862,113.74838709922244,0.12172125263617772,0.015903710715476232,,,,DAILY_RUNTIME_DEPENDENCY_LEDGER_STRICT_PRIOR_DATE_REQUIRED
2012-07-03,113.9375,113.87803678105172,113.75420595770791,0.12383082334380902,0.015903710715476232,,,,DAILY_RUNTIME_DEPENDENCY_LEDGER_STRICT_PRIOR_DATE_REQUIRED
2012-07-04,113.9921875,113.89146627739856,113.76152846670152,0.1299378106970437,0.014495692324206099,,,,DAILY_RUNTIME_DEPENDENCY_LEDGER_STRICT_PRIOR_DATE_REQUIRED
2012-07-04,113.9921875,113.90331583299873,113.7686256677261,0.13469016527263022,0.014495692324206099,,,,DAILY_RUNTIME_DEPENDENCY_LEDGER_STRICT_PRIOR_DATE_REQUIRED
2012-07-05,114.0234375,113.91744779382239,113.77646603179608,0.14098176202631407,0.0135210189197244,,,,DAILY_RUNTIME_DEPENDENCY_LEDGER_STRICT_PRIOR_DATE_REQUIRED
2012-07-05,114.0234375,113.92991717101975,113.78406515389466,0.14585201712509388,0.0135210189197244,,,,DAILY_RUNTIME_DEPENDENCY_LEDGER_STRICT_PRIOR_DATE_REQUIRED
2012-07-06,114.1875,113.96022103325272,113.79647853377483,0.1637424994778911,0.013772565412805282,,,,DAILY_RUNTIME_DEPENDENCY_LEDGER_STRICT_PRIOR_DATE_REQUIRED
2012-07-06,114.1875,113.986959735223,113.80850996350483,0.17844977171816367,0.013772565412805282,,,,DAILY_RUNTIME_DEPENDENCY_LEDGER_STRICT_PRIOR_DATE_REQUIRED
2012-07-08,114.234375,114.01606741343205,113.8216135030893,0.19445391034275872,0.012952177610518758,,,,DAILY_RUNTIME_DEPENDENCY_LEDGER_STRICT_PRIOR_DATE_REQUIRED
2012-07-08,114.234375,114.04175065891063,113.8343138568404,0.20743680207023374,0.012952177610518758,,,,DAILY_RUNTIME_DEPENDENCY_LEDGER_STRICT_PRIOR_DATE_REQUIRED
2012-07-09,114.2578125,114.06716969903879,113.84734458432223,0.2198251147165564,0.011795892711394555,,,,DAILY_RUNTIME_DEPENDENCY_LEDGER_STRICT_PRIOR_DATE_REQUIRED
2012-07-09,114.2578125,114.08959826385774,113.85997436634308,0.2296238975146565,0.011795892711394555,,,,DAILY_RUNTIME_DEPENDENCY_LEDGER_STRICT_PRIOR_DATE_REQUIRED
2012-07-10,114.3125,114.11582199752154,113.87389823199406,0.2419237655274742,0.011123804016707423,,,,DAILY_RUNTIME_DEPENDENCY_LEDGER_STRICT_PRIOR_DATE_REQUIRED
2012-07-10,114.3125,114.13896058604841,113.88739367100963,0.25156691503877937,0.011123804016707423,,,,DAILY_RUNTIME_DEPENDENCY_LEDGER_STRICT_PRIOR_DATE_REQUIRED
2012-07-11,114.2265625,114.14926669357213,113.89782963497856,0.2514370585935666,0.010739536660338113,,,,DAILY_RUNTIME_DEPENDENCY_LEDGER_STRICT_PRIOR_DATE_REQUIRED
2012-07-11,114.2265625,114.15836031785776,113.90794449236384,0.25041582549391705,0.010739536660338113,,,,DAILY_RUNTIME_DEPENDENCY_LEDGER_STRICT_PRIOR_DATE_REQUIRED
2012-07-12,114.3203125,114.17741351575684,113.92063273875264,0.2567807770041952,0.010548124141165011,,,,DAILY_RUNTIME_DEPENDENCY_LEDGER_STRICT_PRIOR_DATE_REQUIRED
2012-07-12,114.3203125,114.19422516096192,113.93293057756026,0.2612945834016642,0.010548124141165011,,,,DAILY_RUNTIME_DEPENDENCY_LEDGER_STRICT_PRIOR_DATE_REQUIRED
2012-07-13,114.3203125,114.20905896555463,113.94485002132764,0.2642089442269935,0.009678544536369491,,,,DAILY_RUNTIME_DEPENDENCY_LEDGER_STRICT_PRIOR_DATE_REQUIRED
2012-07-13,114.3203125,114.22214761666585,113.9564027129791,0.26574490368675185,0.009678544536369491,,,,DAILY_RUNTIME_DEPENDENCY_LEDGER_STRICT_PRIOR_DATE_REQUIRED
2012-07-15,114.3203125,114.23369642646986,113.96759993719513,0.2660964892747302,0.009087365892339288,,,,DAILY_RUNTIME_DEPENDENCY_LEDGER_STRICT_PRIOR_DATE_REQUIRED
2012-07-15,114.3203125,114.24388655276752,113.97845263143529,0.26543392133223165,0.009087365892339288,,,,DAILY_RUNTIME_DEPENDENCY_LEDGER_STRICT_PRIOR_DATE_REQUIRED
2012-07-16,114.4375,114.26666460538311,113.99257716585267,0.27408743953044734,0.009390400111999075,,,,DAILY_RUNTIME_DEPENDENCY_LEDGER_STRICT_PRIOR_DATE_REQUIRED
2012-07-16,114.4375,114.28676288710275,114.00626709921104,0.28049578789170937,0.009390400111999075,,,,DAILY_RUNTIME_DEPENDENCY_LEDGER_STRICT_PRIOR_DATE_REQUIRED
2012-07-17,114.328125,114.29162901803184,114.01617041923532,0.2754585987965186,0.00903389419027061,,,,DAILY_RUNTIME_DEPENDENCY_LEDGER_STRICT_PRIOR_DATE_REQUIRED
2012-07-17,114.328125,114.29592266296928,114.0257690217204,0.2701536412488821,0.00903389419027061,,,,DAILY_RUNTIME_DEPENDENCY_LEDGER_STRICT_PRIOR_DATE_REQUIRED
2012-07-18,114.453125,114.31441705556112,114.03891843643669,0.2754986191244342,0.0091206307310732,,,,DAILY_RUNTIME_DEPENDENCY_LEDGER_STRICT_PRIOR_DATE_REQUIRED
2012-07-18,114.453125,114.33073563725982,114.0516632537771,0.27907238348272756,0.0091206307310732,,,,DAILY_RUNTIME_DEPENDENCY_LEDGER_STRICT_PRIOR_DATE_REQUIRED
2012-07-19,114.4453125,114.34421526817043,114.06377553827626,0.28043972989416943,0.008563155543401885,,,,DAILY_RUNTIME_DEPENDENCY_LEDGER_STRICT_PRIOR_DATE_REQUIRED
2012-07-19,114.4453125,114.35610906015037,114.07551513709853,0.28059392305183906,0.008563155543401885,,,,DAILY_RUNTIME_DEPENDENCY_LEDGER_STRICT_PRIOR_DATE_REQUIRED
2012-07-20,114.59375,114.38406681777974,114.09146082518781,0.29260599259193043,0.008746801651968415,,,,DAILY_RUNTIME_DEPENDENCY_LEDGER_STRICT_PRIOR_DATE_REQUIRED
2012-07-20,114.59375,114.40873542745271,114.10691587672049,0.301819550732219,0.008746801651968415,,,,DAILY_RUNTIME_DEPENDENCY_LEDGER_STRICT_PRIOR_DATE_REQUIRED
2012-07-22,114.6484375,114.4369356712818,114.12357808051371,0.3133575907680921,0.008236385201890108,,,,DAILY_RUNTIME_DEPENDENCY_LEDGER_STRICT_PRIOR_DATE_REQUIRED
2012-07-22,114.6484375,114.4618182393663,114.13972760111328,0.322090638253016,0.008236385201890108,,,,DAILY_RUNTIME_DEPENDENCY_LEDGER_STRICT_PRIOR_DATE_REQUIRED
2012-07-23,114.6796875,114.4874499170879,114.15634175184825,0.33110816523965525,0.007777734100325434,,,,DAILY_RUNTIME_DEPENDENCY_LEDGER_STRICT_PRIOR_DATE_REQUIRED
2012-07-23,114.6796875,114.51006610331285,114.17244469794522,0.33762140536762786,0.007777734100325434,,,,DAILY_RUNTIME_DEPENDENCY_LEDGER_STRICT_PRIOR_DATE_REQUIRED
2012-07-24,114.78125,114.54197009115839,114.19117716877767,0.3507929223807196,0.008041520332405419,,,,DAILY_RUNTIME_DEPENDENCY_LEDGER_STRICT_PRIOR_DATE_REQUIRED
2012-07-24,114.78125,114.57012066866916,114.2093332558922,0.3607874127769577,0.008041520332405419,,,,DAILY_RUNTIME_DEPENDENCY_LEDGER_STRICT_PRIOR_DATE_REQUIRED
2012-07-25,114.6875,114.5839300017669,114.22404607878784,0.3598839229790656,0.007918800283598882,,,,DAILY_RUNTIME_DEPENDENCY_LEDGER_STRICT_PRIOR_DATE_REQUIRED
2012-07-25,114.6875,114.59611470744139,114.23830619944053,0.35780850800085773,0.007918800283598882,,,,DAILY_RUNTIME_DEPENDENCY_LEDGER_STRICT_PRIOR_DATE_REQUIRED
2012-07-26,114.578125,114.59399827127181,114.24876216253466,0.34523610873715427,0.008261991477555497,,,,DAILY_RUNTIME_DEPENDENCY_LEDGER_STRICT_PRIOR_DATE_REQUIRED
2012-07-26,114.578125,114.59213082759278,114.25889640368744,0.3332344239053384,0.008261991477555497,,,,DAILY_RUNTIME_DEPENDENCY_LEDGER_STRICT_PRIOR_DATE_REQUIRED
2012-07-27,114.3125,114.5592330831701,114.26054574511245,0.2986873380576469,0.011768010791460342,,,,DAILY_RUNTIME_DEPENDENCY_LEDGER_STRICT_PRIOR_DATE_REQUIRED
2012-07-27,114.3125,114.53020566162067,114.26214433757053,0.2680613240501373,0.011768010791460342,,,,DAILY_RUNTIME_DEPENDENCY_LEDGER_STRICT_PRIOR_DATE_REQUIRED
2012-07-29,114.3359375,114.50735058378294,114.26441489641451,0.24293568736842985,0.011062082304682927,,,,DAILY_RUNTIME_DEPENDENCY_LEDGER_STRICT_PRIOR_DATE_REQUIRED
2012-07-29,114.3359375,114.487184338632,114.26661559190944,0.220568746722563,0.011062082304682927,,,,DAILY_RUNTIME_DEPENDENCY_LEDGER_STRICT_PRIOR_DATE_REQUIRED
2012-07-30,114.515625,114.49053029879293,114.27427741985069,0.21625287894224243,0.011952825075680764,,,,DAILY_RUNTIME_DEPENDENCY_LEDGER_STRICT_PRIOR_DATE_REQUIRED
2012-07-30,114.515625,114.493482616582,114.2817034992399,0.21177911734210397,0.011952825075680764,,,,DAILY_RUNTIME_DEPENDENCY_LEDGER_STRICT_PRIOR_DATE_REQUIRED
2012-07-31,114.6484375,114.51171260286647,114.2929876223402,0.218724980526261,0.012014730053319342,,,,DAILY_RUNTIME_DEPENDENCY_LEDGER_STRICT_PRIOR_DATE_REQUIRED
2012-07-31,114.6484375,114.52779788488218,114.3039245416528,0.22387334322937136,0.012014730053319342,,,,DAILY_RUNTIME_DEPENDENCY_LEDGER_STRICT_PRIOR_DATE_REQUIRED
2012-08-01,114.3125,114.50246872195486,114.30418840190964,0.1982803200452139,0.01589097774353766,,,,DAILY_RUNTIME_DEPENDENCY_LEDGER_STRICT_PRIOR_DATE_REQUIRED
2012-08-01,114.3125,114.48011946054841,114.30444414338935,0.1756753171590617,0.01589097774353766,,,,DAILY_RUNTIME_DEPENDENCY_LEDGER_STRICT_PRIOR_DATE_REQUIRED
2012-08-02,114.484375,114.48062011224859,114.3099804774389,0.1706396348096888,0.015993461435838022,,,,DAILY_RUNTIME_DEPENDENCY_LEDGER_STRICT_PRIOR_DATE_REQUIRED
2012-08-02,114.484375,114.48106186374875,114.31534646274847,0.16571540100028415,0.015993461435838022,,,,DAILY_RUNTIME_DEPENDENCY_LEDGER_STRICT_PRIOR_DATE_REQUIRED
2012-08-03,114.21875,114.45020164448418,114.31237426389467,0.13782738058951338,0.017381434116278925,,,,DAILY_RUNTIME_DEPENDENCY_LEDGER_STRICT_PRIOR_DATE_REQUIRED
2012-08-03,114.21875,114.42297203925075,114.3094935173133,0.11347852193745211,0.017381434116278925,,,,DAILY_RUNTIME_DEPENDENCY_LEDGER_STRICT_PRIOR_DATE_REQUIRED
2012-08-05,114.171875,114.3934312111036,114.30525910139596,0.08817210970764222,0.016348032071497813,,,,DAILY_RUNTIME_DEPENDENCY_LEDGER_STRICT_PRIOR_DATE_REQUIRED
2012-08-05,114.171875,114.36736577450318,114.30115497519915,0.06621079930403084,0.016348032071497813,,,,DAILY_RUNTIME_DEPENDENCY_LEDGER_STRICT_PRIOR_DATE_REQUIRED
2012-08-06,114.3125,114.36091097750281,114.30150405288533,0.059406924617476875,0.015987483193282196,,,,DAILY_RUNTIME_DEPENDENCY_LEDGER_STRICT_PRIOR_DATE_REQUIRED
2012-08-06,114.3125,114.35521556838484,114.30184238971964,0.053373178665196974,0.015987483193282196,,,,DAILY_RUNTIME_DEPENDENCY_LEDGER_STRICT_PRIOR_DATE_REQUIRED
2012-08-07,114.0859375,114.32353579563367,114.29519916234365,0.028336633290024338,0.016816650412742263,,,,DAILY_RUNTIME_DEPENDENCY_LEDGER_STRICT_PRIOR_DATE_REQUIRED
2012-08-07,114.0859375,114.29558305497089,114.28876034196385,0.006822713007039738,0.016816650412742263,,,,DAILY_RUNTIME_DEPENDENCY_LEDGER_STRICT_PRIOR_DATE_REQUIRED
2012-08-08,114.0,114.26080857791548,114.27987540836496,-0.019066830449474992,0.01595348394406231,,,,DAILY_RUNTIME_DEPENDENCY_LEDGER_STRICT_PRIOR_DATE_REQUIRED
2012-08-08,114.0,114.23012521580777,114.27126385733834,-0.04113864153056568,0.01595348394406231,,,,DAILY_RUNTIME_DEPENDENCY_LEDGER_STRICT_PRIOR_DATE_REQUIRED
2012-08-09,114.0,114.20305166100685,114.26291727711255,-0.05986561610569652,0.014971620669406578,,,,DAILY_RUNTIME_DEPENDENCY_LEDGER_STRICT_PRIOR_DATE_REQUIRED
2012-08-09,114.0,114.17916323030016,114.25482751473986,-0.07566428443969642,0.014971620669406578,,,,DAILY_RUNTIME_DEPENDENCY_LEDGER_STRICT_PRIOR_DATE_REQUIRED
2012-08-10,114.078125,114.16727637967661,114.24939051428632,-0.08211413460971073,0.014300408343334792,,,,DAILY_RUNTIME_DEPENDENCY_LEDGER_STRICT_PRIOR_DATE_REQUIRED
2012-08-10,114.078125,114.1567879820676,114.24412080615443,-0.08733282408682896,0.014300408343334792,,,,DAILY_RUNTIME_DEPENDENCY_LEDGER_STRICT_PRIOR_DATE_REQUIRED
2012-08-12,114.1484375,114.15580557241259,114.2411767044266,-0.0853711320140178,0.01358144175391279,,,,DAILY_RUNTIME_DEPENDENCY_LEDGER_STRICT_PRIOR_DATE_REQUIRED
2012-08-12,114.1484375,114.15493874036406,114.23832319044426,-0.08338445008020301,0.01358144175391279,,,,DAILY_RUNTIME_DEPENDENCY_LEDGER_STRICT_PRIOR_DATE_REQUIRED
2012-08-13,114.1171875,114.15049741796828,114.2345959384306,-0.08409852046231947,0.012749594806003404,,,,DAILY_RUNTIME_DEPENDENCY_LEDGER_STRICT_PRIOR_DATE_REQUIRED
2012-08-13,114.1171875,114.14657860408965,114.23098337109428,-0.08440476700462796,0.012749594806003404,,,,DAILY_RUNTIME_DEPENDENCY_LEDGER_STRICT_PRIOR_DATE_REQUIRED
2012-08-14,113.9140625,114.1192237683144,114.22123195967599,-0.10200819136159112,0.013705123655917252,,,,DAILY_RUNTIME_DEPENDENCY_LEDGER_STRICT_PRIOR_DATE_REQUIRED
2012-08-14,113.9140625,114.0950871485127,114.21178059168595,-0.11669344317324715,0.013705123655917252,,,,DAILY_RUNTIME_DEPENDENCY_LEDGER_STRICT_PRIOR_DATE_REQUIRED
2012-08-15,113.65625,114.04345924868768,114.19468734271099,-0.15122809402330972,0.015159602023202797,,,,DAILY_RUNTIME_DEPENDENCY_LEDGER_STRICT_PRIOR_DATE_REQUIRED
2012-08-15,113.65625,113.99790521943031,114.17812003985834,-0.18021482042803427,0.015159602023202797,,,,DAILY_RUNTIME_DEPENDENCY_LEDGER_STRICT_PRIOR_DATE_REQUIRED
2012-08-16,113.640625,113.95587225243851,114.16158173093963,-0.2057094785011202,0.014247598723575734,,,,DAILY_RUNTIME_DEPENDENCY_LEDGER_STRICT_PRIOR_DATE_REQUIRED
2012-08-16,113.640625,113.91878434038692,114.14555229306457,-0.2267679526776476,0.014247598723575734,,,,DAILY_RUNTIME_DEPENDENCY_LEDGER_STRICT_PRIOR_DATE_REQUIRED
2012-08-17,113.6953125,113.89249353563551,114.13169876097027,-0.2392052253347572,0.013328205753196104,,,,DAILY_RUNTIME_DEPENDENCY_LEDGER_STRICT_PRIOR_DATE_REQUIRED
2012-08-17,113.6953125,113.86929576673721,114.11827149140194,-0.2489757246647315,0.013328205753196104,,,,DAILY_RUNTIME_DEPENDENCY_LEDGER_STRICT_PRIOR_DATE_REQUIRED
2012-08-19,113.71875,113.85158450006223,114.10597852243573,-0.2543940223735035,0.012439020728291754,,,,DAILY_RUNTIME_DEPENDENCY_LEDGER_STRICT_PRIOR_DATE_REQUIRED
2012-08-19,113.71875,113.83595691181961,114.09406379866849,-0.2581068868488785,0.012439020728291754,,,,DAILY_RUNTIME_DEPENDENCY_LEDGER_STRICT_PRIOR_DATE_REQUIRED
2012-08-20,113.765625,113.8276825692526,114.08395798947868,-0.25627542022607486,0.011049640153964079,,,,DAILY_RUNTIME_DEPENDENCY_LEDGER_STRICT_PRIOR_DATE_REQUIRED
2012-08-20,113.765625,113.8203816787523,114.07416312826396,-0.2537814495116635,0.011049640153964079,,,,DAILY_RUNTIME_DEPENDENCY_LEDGER_STRICT_PRIOR_DATE_REQUIRED
2012-08-21,113.75,113.81210148125203,114.06418887816353,-0.25208739691150583,0.010176558828745618,,,,DAILY_RUNTIME_DEPENDENCY_LEDGER_STRICT_PRIOR_DATE_REQUIRED
2012-08-21,113.75,113.80479542463414,114.05452152806619,-0.24972610343205304,0.010176558828745618,,,,DAILY_RUNTIME_DEPENDENCY_LEDGER_STRICT_PRIOR_DATE_REQUIRED
2012-08-22,114.21875,113.85349596291248,114.059574711818,-0.2060787489055258,0.018118580534742298,,,,DAILY_RUNTIME_DEPENDENCY_LEDGER_STRICT_PRIOR_DATE_REQUIRED
2012-08-22,114.21875,113.89646702609924,114.06447241299284,-0.16800538689359712,0.018118580534742298,,,,DAILY_RUNTIME_DEPENDENCY_LEDGER_STRICT_PRIOR_DATE_REQUIRED
2012-08-23,114.2109375,113.93346355244051,114.06897903105461,-0.13551547861409574,0.017012733111197227,,,,DAILY_RUNTIME_DEPENDENCY_LEDGER_STRICT_PRIOR_DATE_REQUIRED
2012-08-23,114.2109375,113.96610754627103,114.07334698394524,-0.10723943767420963,0.017012733111197227,,,,DAILY_RUNTIME_DEPENDENCY_LEDGER_STRICT_PRIOR_DATE_REQUIRED
2012-08-24,114.203125,113.99399195259208,114.07734015367,-0.08334820107791074,0.015889969701268217,,,,DAILY_RUNTIME_DEPENDENCY_LEDGER_STRICT_PRIOR_DATE_REQUIRED
2012-08-24,114.203125,114.01859584052242,114.08121045663398,-0.06261461611155994,0.015889969701268217,,,,DAILY_RUNTIME_DEPENDENCY_LEDGER_STRICT_PRIOR_DATE_REQUIRED
2012-08-26,114.203125,114.04030515340213,114.08496167335294,-0.04465651995080577,0.014665277835178868,,,,DAILY_RUNTIME_DEPENDENCY_LEDGER_STRICT_PRIOR_DATE_REQUIRED
2012-08-26,114.203125,114.05946042947247,114.08859746801899,-0.02913703854652283,0.014665277835178868,,,,DAILY_RUNTIME_DEPENDENCY_LEDGER_STRICT_PRIOR_DATE_REQUIRED
2012-08-27,114.296875,114.08739155541689,114.09500600746456,-0.007614452047675968,0.014088807699564818,,,,DAILY_RUNTIME_DEPENDENCY_LEDGER_STRICT_PRIOR_DATE_REQUIRED
2012-08-27,114.296875,114.11203666654431,114.10121736108103,0.010819305463286355,0.014088807699564818,,,,DAILY_RUNTIME_DEPENDENCY_LEDGER_STRICT_PRIOR_DATE_REQUIRED
2012-08-28,114.3359375,114.13837794106851,114.10843951920161,0.029938421866901876,0.013299098706109944,,,,DAILY_RUNTIME_DEPENDENCY_LEDGER_STRICT_PRIOR_DATE_REQUIRED
2012-08-28,114.3359375,114.16162024211927,114.11543945707233,0.046180785046942674,0.013299098706109944,,,,DAILY_RUNTIME_DEPENDENCY_LEDGER_STRICT_PRIOR_DATE_REQUIRED
2012-08-29,114.3515625,114.18396639010524,114.1227047814701,0.06126160863513519,0.012466907854767192,,,,DAILY_RUNTIME_DEPENDENCY_LEDGER_STRICT_PRIOR_DATE_REQUIRED
2012-08-29,114.3515625,114.20368357950463,114.12974655742487,0.07393702207976105,0.012466907854767192,,,,DAILY_RUNTIME_DEPENDENCY_LEDGER_STRICT_PRIOR_DATE_REQUIRED
2012-08-30,114.5390625,114.24313992309231,114.14234089411949,0.10079902897282977,0.013251105193515062,,,,DAILY_RUNTIME_DEPENDENCY_LEDGER_STRICT_PRIOR_DATE_REQUIRED
2012-08-30,114.5390625,114.27795434390498,114.15454771276197,0.12340663114301265,0.013251105193515062,,,,DAILY_RUNTIME_DEPENDENCY_LEDGER_STRICT_PRIOR_DATE_REQUIRED
2012-08-31,114.90625,114.35187147991616,114.17767701390774,0.17419446600841582,0.017452550975250284,,,,DAILY_RUNTIME_DEPENDENCY_LEDGER_STRICT_PRIOR_DATE_REQUIRED
2012-08-31,114.90625,114.41709248227896,114.20009464424903,0.21699783802992556,0.017452550975250284,,,,DAILY_RUNTIME_DEPENDENCY_LEDGER_STRICT_PRIOR_DATE_REQUIRED
2012-09-02,114.9140625,114.47555954318732,114.22206288596445,0.2534966572228683,0.01620531305100725,,,,DAILY_RUNTIME_DEPENDENCY_LEDGER_STRICT_PRIOR_DATE_REQUIRED
2012-09-02,114.9140625,114.52714812634174,114.24335518178093,0.2837929445608154,0.01620531305100725,,,,DAILY_RUNTIME_DEPENDENCY_LEDGER_STRICT_PRIOR_DATE_REQUIRED
2012-09-03,114.90625,114.57174834677213,114.26375194541843,0.3079964013536909,0.014890115005374809,,,,DAILY_RUNTIME_DEPENDENCY_LEDGER_STRICT_PRIOR_DATE_REQUIRED
2012-09-03,114.90625,114.61110148244599,114.28352111632863,0.32758036611735974,0.014890115005374809,,,,DAILY_RUNTIME_DEPENDENCY_LEDGER_STRICT_PRIOR_DATE_REQUIRED
2012-09-04,114.7890625,114.63203807274645,114.2990762358262,0.33296183692024783,0.014518172730945338,,,,DAILY_RUNTIME_DEPENDENCY_LEDGER_STRICT_PRIOR_DATE_REQUIRED
2012-09-04,114.7890625,114.65051153477627,114.31415273626233,0.3363587985139418,0.014518172730945338,,,,DAILY_RUNTIME_DEPENDENCY_LEDGER_STRICT_PRIOR_DATE_REQUIRED
2012-09-05,114.7265625,114.65945870715554,114.32684226745427,0.332616439701269,0.013779225756266387,,,,DAILY_RUNTIME_DEPENDENCY_LEDGER_STRICT_PRIOR_DATE_REQUIRED
2012-09-05,114.7265625,114.66735327101959,114.3391413515326,0.32821191948698925,0.013779225756266387,,,,DAILY_RUNTIME_DEPENDENCY_LEDGER_STRICT_PRIOR_DATE_REQUIRED
2012-09-06,114.421875,114.63847347442905,114.34168700225467,0.29678647217437515,0.01643972646811886,,,,DAILY_RUNTIME_DEPENDENCY_LEDGER_STRICT_PRIOR_DATE_REQUIRED
2012-09-06,114.421875,114.6129913009668,114.34415432526222,0.26883697570457343,0.01643972646811886,,,,DAILY_RUNTIME_DEPENDENCY_LEDGER_STRICT_PRIOR_DATE_REQUIRED
2012-09-07,114.6015625,114.61164673614718,114.35207457679262,0.2595721593545619,0.016556165774509593,,,,DAILY_RUNTIME_DEPENDENCY_LEDGER_STRICT_PRIOR_DATE_REQUIRED
2012-09-07,114.6015625,114.61046035542398,114.35975112827592,0.25070922714806443,0.016556165774509593,,,,DAILY_RUNTIME_DEPENDENCY_LEDGER_STRICT_PRIOR_DATE_REQUIRED
2012-09-09,114.6640625,114.61676649007998,114.3691145550982,0.24765193498178917,0.0156903203343351,,,,DAILY_RUNTIME_DEPENDENCY_LEDGER_STRICT_PRIOR_DATE_REQUIRED
2012-09-09,114.6640625,114.62233072654115,114.3781898764798,0.24414085006135622,0.0156903203343351,,,,DAILY_RUNTIME_DEPENDENCY_LEDGER_STRICT_PRIOR_DATE_REQUIRED
2012-09-10,114.609375,114.62080652341866,114.3853032648958,0.23550325852286846,0.013678109468219492,,,,DAILY_RUNTIME_DEPENDENCY_LEDGER_STRICT_PRIOR_DATE_REQUIRED
2012-09-10,114.609375,114.61946163831058,114.39219777982208,0.22726385848849873,0.013678109468219492,,,,DAILY_RUNTIME_DEPENDENCY_LEDGER_STRICT_PRIOR_DATE_REQUIRED
2012-09-11,114.578125,114.6145985043917,114.39791861736602,0.21667988702567698,0.012890872215370905,,,,DAILY_RUNTIME_DEPENDENCY_LEDGER_STRICT_PRIOR_DATE_REQUIRED
2012-09-11,114.578125,114.61030750387502,114.40346342913936,0.20684407473565614,0.012890872215370905,,,,DAILY_RUNTIME_DEPENDENCY_LEDGER_STRICT_PRIOR_DATE_REQUIRED
2012-09-12,114.421875,114.58813897400736,114.40402993901199,0.18410903499537312,0.013180963610589529,,,,DAILY_RUNTIME_DEPENDENCY_LEDGER_STRICT_PRIOR_DATE_REQUIRED
2012-09-12,114.421875,114.56857850647708,114.40457901781161,0.16399948866546765,0.013180963610589529,,,,DAILY_RUNTIME_DEPENDENCY_LEDGER_STRICT_PRIOR_DATE_REQUIRED
2012-09-13,114.6328125,114.57613544689154,114.41160158649434,0.1645338603971993,0.014242530367038283,,,,DAILY_RUNTIME_DEPENDENCY_LEDGER_STRICT_PRIOR_DATE_REQUIRED
2012-09-13,114.6328125,114.58280333549253,114.41840807614068,0.16439525935184918,0.014242530367038283,,,,DAILY_RUNTIME_DEPENDENCY_LEDGER_STRICT_PRIOR_DATE_REQUIRED
2012-09-14,114.3125,114.55100294308164,114.41514936610558,0.1358535769760607,0.017072676837030606,,,,DAILY_RUNTIME_DEPENDENCY_LEDGER_STRICT_PRIOR_DATE_REQUIRED
2012-09-14,114.3125,114.52294377330733,114.41199092407156,0.11095284923577253,0.017072676837030606,,,,DAILY_RUNTIME_DEPENDENCY_LEDGER_STRICT_PRIOR_DATE_REQUIRED
2012-09-16,114.296875,114.49634744703589,114.40844889563859,0.08789855139730207,0.016039280489437452,,,,DAILY_RUNTIME_DEPENDENCY_LEDGER_STRICT_PRIOR_DATE_REQUIRED
2012-09-16,114.296875,114.47288010032578,114.40501585269585,0.06786424762992738,0.016039280489437452,,,,DAILY_RUNTIME_DEPENDENCY_LEDGER_STRICT_PRIOR_DATE_REQUIRED
2012-09-17,114.296875,114.45217361793452,114.40168844184367,0.05048517609084513,0.015065981192903543,,,,DAILY_RUNTIME_DEPENDENCY_LEDGER_STRICT_PRIOR_DATE_REQUIRED
2012-09-17,114.296875,114.43390319229516,114.39846341286386,0.03543977943130017,0.015065981192903543,,,,DAILY_RUNTIME_DEPENDENCY_LEDGER_STRICT_PRIOR_DATE_REQUIRED
2012-09-18,114.40625,114.43064987555455,114.39870300016037,0.031946875394183394,0.014434377898147227,,,,DAILY_RUNTIME_DEPENDENCY_LEDGER_STRICT_PRIOR_DATE_REQUIRED
2012-09-18,114.40625,114.42777930195989,114.39893521554005,0.028844086419837822,0.014434377898147227,,,,DAILY_RUNTIME_DEPENDENCY_LEDGER_STRICT_PRIOR_DATE_REQUIRED
2012-09-19,114.4609375,114.4316802664352,114.40084297813881,0.030837288296382326,0.012920292474062282,,,,DAILY_RUNTIME_DEPENDENCY_LEDGER_STRICT_PRIOR_DATE_REQUIRED
2012-09-19,114.4609375,114.43512229391341,114.40269204034992,0.03243025356348994,0.012920292474062282,,,,DAILY_RUNTIME_DEPENDENCY_LEDGER_STRICT_PRIOR_DATE_REQUIRED
2012-09-20,114.4296875,114.43448290639418,114.4035226698776,0.03096023651657731,0.01218154297104299,,,,DAILY_RUNTIME_DEPENDENCY_LEDGER_STRICT_PRIOR_DATE_REQUIRED
2012-09-20,114.4296875,114.43391874093605,114.40432774157367,0.02959099936238374,0.01218154297104299,,,,DAILY_RUNTIME_DEPENDENCY_LEDGER_STRICT_PRIOR_DATE_REQUIRED
2012-09-21,114.5390625,114.44628859494357,114.40847342644832,0.0378151684952428,0.012010616833138449,,,,DAILY_RUNTIME_DEPENDENCY_LEDGER_STRICT_PRIOR_DATE_REQUIRED
2012-09-21,114.5390625,114.45720317200902,114.41249155178838,0.04471162022063879,0.012010616833138449,,,,DAILY_RUNTIME_DEPENDENCY_LEDGER_STRICT_PRIOR_DATE_REQUIRED
2012-09-23,114.546875,114.46775279883147,114.41662642711796,0.05112637171350798,0.011194502662122694,,,,DAILY_RUNTIME_DEPENDENCY_LEDGER_STRICT_PRIOR_DATE_REQUIRED
2012-09-23,114.546875,114.47706129308659,114.42063407551433,0.056427217572263544,0.011194502662122694,,,,DAILY_RUNTIME_DEPENDENCY_LEDGER_STRICT_PRIOR_DATE_REQUIRED
2012-09-24,114.609375,114.492627611547,114.42644148857542,0.06618612297157256,0.01069308034059863,,,,DAILY_RUNTIME_DEPENDENCY_LEDGER_STRICT_PRIOR_DATE_REQUIRED
2012-09-24,114.609375,114.50636259842382,114.43207021200386,0.07429238641995539,0.01069308034059863,,,,DAILY_RUNTIME_DEPENDENCY_LEDGER_STRICT_PRIOR_DATE_REQUIRED
2012-09-25,114.671875,114.52583464566807,114.43944882086528,0.08638582480278956,0.009556857166997246,,,,DAILY_RUNTIME_DEPENDENCY_LEDGER_STRICT_PRIOR_DATE_REQUIRED
2012-09-25,114.671875,114.54301586382476,114.44660039560789,0.09641546821687541,0.009556857166997246,,,,DAILY_RUNTIME_DEPENDENCY_LEDGER_STRICT_PRIOR_DATE_REQUIRED
2012-09-26,114.796875,114.57288164455126,114.45737807574302,0.11550356880823642,0.009646527177431112,,,,DAILY_RUNTIME_DEPENDENCY_LEDGER_STRICT_PRIOR_DATE_REQUIRED
2012-09-26,114.796875,114.59923380401581,114.46782413495093,0.1314096690648796,0.009646527177431112,,,,DAILY_RUNTIME_DEPENDENCY_LEDGER_STRICT_PRIOR_DATE_REQUIRED
2012-09-27,114.8046875,114.62340482707276,114.47818916156783,0.14521566550493503,0.009033219280252653,,,,DAILY_RUNTIME_DEPENDENCY_LEDGER_STRICT_PRIOR_DATE_REQUIRED
2012-09-27,114.8046875,114.6447322003583,114.48823526428882,0.15649693606948745,0.009033219280252653,,,,DAILY_RUNTIME_DEPENDENCY_LEDGER_STRICT_PRIOR_DATE_REQUIRED
2012-09-28,114.84375,114.66814605913969,114.49917417923378,0.16897187990591078,0.00855844249667711,,,,DAILY_RUNTIME_DEPENDENCY_LEDGER_STRICT_PRIOR_DATE_REQUIRED
2012-09-28,114.84375,114.68880534629973,114.50977651218042,0.1790288341193076,0.00855844249667711,,,,DAILY_RUNTIME_DEPENDENCY_LEDGER_STRICT_PRIOR_DATE_REQUIRED
2012-09-30,114.8984375,114.7134679526174,114.52173531180564,0.19173264081176455,0.008233830483470506,,,,DAILY_RUNTIME_DEPENDENCY_LEDGER_STRICT_PRIOR_DATE_REQUIRED
2012-09-30,114.8984375,114.73522907583889,114.53332614836546,0.20190292747342653,0.008233830483470506,,,,DAILY_RUNTIME_DEPENDENCY_LEDGER_STRICT_PRIOR_DATE_REQUIRED
2012-10-01,114.8671875,114.75075359632842,114.54359880533883,0.20715479098959122,0.007565688056918098,,,,DAILY_RUNTIME_DEPENDENCY_LEDGER_STRICT_PRIOR_DATE_REQUIRED
2012-10-01,114.8671875,114.76445170264273,114.55355538055917,0.21089632208355624,0.007565688056918098,,,,DAILY_RUNTIME_DEPENDENCY_LEDGER_STRICT_PRIOR_DATE_REQUIRED
2012-10-02,114.90625,114.781133855273,114.5644075226958,0.21672633257719554,0.006745226537870504,,,,DAILY_RUNTIME_DEPENDENCY_LEDGER_STRICT_PRIOR_DATE_REQUIRED
2012-10-02,114.90625,114.79585340171147,114.57492575276669,0.22092764894478023,0.006745226537870504,,,,DAILY_RUNTIME_DEPENDENCY_LEDGER_STRICT_PRIOR_DATE_REQUIRED
2012-10-03,114.96875,114.8161941779807,114.58704342191233,0.22915075606837831,0.005391793565014378,,,,DAILY_RUNTIME_DEPENDENCY_LEDGER_STRICT_PRIOR_DATE_REQUIRED
2012-10-03,114.96875,114.83414192174769,114.59878823969963,0.23535368204805707,0.005391793565014378,,,,DAILY_RUNTIME_DEPENDENCY_LEDGER_STRICT_PRIOR_DATE_REQUIRED
2012-10-04,114.8515625,114.83619140154208,114.60656590924734,0.22962549229474405,0.006384387200267366,,,,DAILY_RUNTIME_DEPENDENCY_LEDGER_STRICT_PRIOR_DATE_REQUIRED
2012-10-04,114.8515625,114.83799976606655,114.61410426588589,0.22389550018066018,0.006384387200267366,,,,DAILY_RUNTIME_DEPENDENCY_LEDGER_STRICT_PRIOR_DATE_REQUIRED
2012-10-05,114.671875,114.81845567594107,114.61588182693555,0.20257384900551756,0.00846431347892475,,,,DAILY_RUNTIME_DEPENDENCY_LEDGER_STRICT_PRIOR_DATE_REQUIRED
2012-10-05,114.671875,114.80121089053623,114.61760469379907,0.18360619673715917,0.00846431347892475,,,,DAILY_RUNTIME_DEPENDENCY_LEDGER_STRICT_PRIOR_DATE_REQUIRED
2012-10-07,114.6953125,114.7887522563555,114.61999570322064,0.16875655313485538,0.007875742948388477,,,,DAILY_RUNTIME_DEPENDENCY_LEDGER_STRICT_PRIOR_DATE_REQUIRED
2012-10-07,114.6953125,114.77775934384309,114.62231314312154,0.15544620072154203,0.007875742948388477,,,,DAILY_RUNTIME_DEPENDENCY_LEDGER_STRICT_PRIOR_DATE_REQUIRED
2012-10-08,114.8046875,114.78092736221448,114.62792466179472,0.15300270041976205,0.008218292628635503,,,,DAILY_RUNTIME_DEPENDENCY_LEDGER_STRICT_PRIOR_DATE_REQUIRED
2012-10-08,114.8046875,114.78372267254218,114.63336351835488,0.15035915418729928,0.008218292628635503,,,,DAILY_RUNTIME_DEPENDENCY_LEDGER_STRICT_PRIOR_DATE_REQUIRED
2012-10-09,114.7109375,114.77515971106664,114.6357504100978,0.1394093009688362,0.008317084795740582,,,,DAILY_RUNTIME_DEPENDENCY_LEDGER_STRICT_PRIOR_DATE_REQUIRED
2012-10-09,114.7109375,114.76760415682351,114.63806385901786,0.12954029780564724,0.008317084795740582,,,,DAILY_RUNTIME_DEPENDENCY_LEDGER_STRICT_PRIOR_DATE_REQUIRED
2012-10-10,114.734375,114.76369484425604,114.6410272787404,0.12266756551564129,0.007736329943087629,,,,DAILY_RUNTIME_DEPENDENCY_LEDGER_STRICT_PRIOR_DATE_REQUIRED
2012-10-10,114.734375,114.76024545081415,114.64389951631762,0.11634593449653607,0.007736329943087629,,,,DAILY_RUNTIME_DEPENDENCY_LEDGER_STRICT_PRIOR_DATE_REQUIRED
2012-10-11,114.6640625,114.74892980954189,114.64451991581554,0.10440989372635556,0.007634168904784391,,,,DAILY_RUNTIME_DEPENDENCY_LEDGER_STRICT_PRIOR_DATE_REQUIRED
2012-10-11,114.6640625,114.73894542018401,114.64512122609814,0.09382419408586884,0.007634168904784391,,,,DAILY_RUNTIME_DEPENDENCY_LEDGER_STRICT_PRIOR_DATE_REQUIRED
2012-10-12,114.6953125,114.73381213545647,114.64666557298743,0.0871465624690444,0.0072059699401576475,,,,DAILY_RUNTIME_DEPENDENCY_LEDGER_STRICT_PRIOR_DATE_REQUIRED
2012-10-12,114.6953125,114.72928276657925,114.6481624015109,0.08112036506834386,0.0072059699401576475,,,,DAILY_RUNTIME_DEPENDENCY_LEDGER_STRICT_PRIOR_DATE_REQUIRED
2012-10-14,114.6953125,114.72528626462875,114.64961317377211,0.07567309085663965,0.0067258057569816775,,,,DAILY_RUNTIME_DEPENDENCY_LEDGER_STRICT_PRIOR_DATE_REQUIRED
2012-10-14,114.6953125,114.72175993937832,114.65101930688682,0.07074063249149276,0.0067258057569816775,,,,DAILY_RUNTIME_DEPENDENCY_LEDGER_STRICT_PRIOR_DATE_REQUIRED
2012-10-15,114.6875,114.717729358275,114.65214178975185,0.06558756852314218,0.00613553255790146,,,,DAILY_RUNTIME_DEPENDENCY_LEDGER_STRICT_PRIOR_DATE_REQUIRED
2012-10-15,114.6875,114.71417296318381,114.65322973468257,0.06094322850124456,0.00613553255790146,,,,DAILY_RUNTIME_DEPENDENCY_LEDGER_STRICT_PRIOR_DATE_REQUIRED
2012-10-16,114.484375,114.6871379086916,114.64803420438464,0.03910370430695309,0.008884259907277784,,,,DAILY_RUNTIME_DEPENDENCY_LEDGER_STRICT_PRIOR_DATE_REQUIRED
2012-10-16,114.484375,114.66328344884552,114.64299853655743,0.020284912288090595,0.008884259907277784,,,,DAILY_RUNTIME_DEPENDENCY_LEDGER_STRICT_PRIOR_DATE_REQUIRED
2012-10-17,114.15625,114.60363245486369,114.62802165850951,-0.024389203645824864,0.013753214782354566,,,,DAILY_RUNTIME_DEPENDENCY_LEDGER_STRICT_PRIOR_DATE_REQUIRED
2012-10-17,114.15625,114.55099922487972,114.61350560747844,-0.06250638259872687,0.013753214782354566,,,,DAILY_RUNTIME_DEPENDENCY_LEDGER_STRICT_PRIOR_DATE_REQUIRED
2012-10-18,114.078125,114.49536696312916,114.59703235801756,-0.10166539488839987,0.013164254719562616,,,,DAILY_RUNTIME_DEPENDENCY_LEDGER_STRICT_PRIOR_DATE_REQUIRED
2012-10-18,114.078125,114.44627967334925,114.58106597777086,-0.13478630442160977,0.013164254719562616,,,,DAILY_RUNTIME_DEPENDENCY_LEDGER_STRICT_PRIOR_DATE_REQUIRED
2012-10-19,114.2109375,114.41859235883757,114.56967740922407,-0.15108505038649866,0.013135354984735007,,,,DAILY_RUNTIME_DEPENDENCY_LEDGER_STRICT_PRIOR_DATE_REQUIRED
2012-10-19,114.2109375,114.3941623754449,114.55863925817103,-0.16447688272612027,0.013135354984735007,,,,DAILY_RUNTIME_DEPENDENCY_LEDGER_STRICT_PRIOR_DATE_REQUIRED
2012-10-21,114.1953125,114.37076827245139,114.54745997330423,-0.17669170085284236,0.012341089259407642,,,,DAILY_RUNTIME_DEPENDENCY_LEDGER_STRICT_PRIOR_DATE_REQUIRED
2012-10-21,114.1953125,114.35012641686887,114.53662466643333,-0.18649824956445116,0.012341089259407642,,,,DAILY_RUNTIME_DEPENDENCY_LEDGER_STRICT_PRIOR_DATE_REQUIRED
2012-10-22,114.0078125,114.30985419135489,114.52035352285075,-0.21049933149586764,0.01315713969541738,,,,DAILY_RUNTIME_DEPENDENCY_LEDGER_STRICT_PRIOR_DATE_REQUIRED
2012-10-22,114.0078125,114.2743198747249,114.50458302983996,-0.23026315511506823,0.01315713969541738,,,,DAILY_RUNTIME_DEPENDENCY_LEDGER_STRICT_PRIOR_DATE_REQUIRED
2012-10-23,114.1640625,114.26134841887492,114.49410547507566,-0.2327570562007395,0.013345087982719592,,,,DAILY_RUNTIME_DEPENDENCY_LEDGER_STRICT_PRIOR_DATE_REQUIRED
2012-10-23,114.1640625,114.24990301665434,114.48395030661179,-0.23404728995744506,0.013345087982719592,,,,DAILY_RUNTIME_DEPENDENCY_LEDGER_STRICT_PRIOR_DATE_REQUIRED
2012-10-24,114.1953125,114.2434806029303,114.47506914333142,-0.23158854040111976,0.012386516123498262,,,,DAILY_RUNTIME_DEPENDENCY_LEDGER_STRICT_PRIOR_DATE_REQUIRED
2012-10-24,114.1953125,114.23781376729144,114.46646124661353,-0.22864747932209184,0.012386516123498262,,,,DAILY_RUNTIME_DEPENDENCY_LEDGER_STRICT_PRIOR_DATE_REQUIRED
2012-10-25,113.921875,114.20064450055128,114.44970474671773,-0.24906024616645084,0.01479441507468325,,,,DAILY_RUNTIME_DEPENDENCY_LEDGER_STRICT_PRIOR_DATE_REQUIRED
2012-10-25,113.921875,114.16784808872171,114.4334638314341,-0.2656157427123844,0.01479441507468325,,,,DAILY_RUNTIME_DEPENDENCY_LEDGER_STRICT_PRIOR_DATE_REQUIRED
2012-10-26,114.2421875,114.17659390181326,114.42757840585152,-0.25098450403825723,0.01750937821840938,,,,DAILY_RUNTIME_DEPENDENCY_LEDGER_STRICT_PRIOR_DATE_REQUIRED
2012-10-26,114.2421875,114.18431079571758,114.42187407028686,-0.2375632745692826,0.01750937821840938,,,,DAILY_RUNTIME_DEPENDENCY_LEDGER_STRICT_PRIOR_DATE_REQUIRED
2012-10-28,114.2734375,114.19479629033903,114.4173067912011,-0.22251050086207158,0.016441395530557148,,,,DAILY_RUNTIME_DEPENDENCY_LEDGER_STRICT_PRIOR_DATE_REQUIRED
2012-10-28,114.2734375,114.20404819735796,114.41288004377952,-0.20883184642156039,0.016441395530557148,,,,DAILY_RUNTIME_DEPENDENCY_LEDGER_STRICT_PRIOR_DATE_REQUIRED
2012-10-29,114.3515625,114.2214028211982,114.41099335012477,-0.1895905289265727,0.015661302627588188,,,,DAILY_RUNTIME_DEPENDENCY_LEDGER_STRICT_PRIOR_DATE_REQUIRED
2012-10-29,114.3515625,114.23671572458665,114.40916470858247,-0.17244898399582098,0.015661302627588188,,,,DAILY_RUNTIME_DEPENDENCY_LEDGER_STRICT_PRIOR_DATE_REQUIRED
2012-10-30,114.1953125,114.23184475698821,114.40258464062609,-0.17073988363787862,0.015585842753340377,,,,DAILY_RUNTIME_DEPENDENCY_LEDGER_STRICT_PRIOR_DATE_REQUIRED
2012-10-30,114.1953125,114.22754684440136,114.39620703629913,-0.16866019189777148,0.015585842753340377,,,,DAILY_RUNTIME_DEPENDENCY_LEDGER_STRICT_PRIOR_DATE_REQUIRED
2012-10-31,114.390625,114.24673250976589,114.39603528133608,-0.14930277157019134,0.01602668961379717,,,,DAILY_RUNTIME_DEPENDENCY_LEDGER_STRICT_PRIOR_DATE_REQUIRED
2012-10-31,114.390625,114.26366103802872,114.39586881114113,-0.1322077731124125,0.01602668961379717,,,,DAILY_RUNTIME_DEPENDENCY_LEDGER_STRICT_PRIOR_DATE_REQUIRED
2012-11-01,114.3671875,114.27584062179004,114.39498630925985,-0.11914568746981047,0.015075681406786372,,,,DAILY_RUNTIME_DEPENDENCY_LEDGER_STRICT_PRIOR_DATE_REQUIRED
2012-11-01,114.3671875,114.28658731334414,114.39413096128261,-0.1075436479384706,0.015075681406786372,,,,DAILY_RUNTIME_DEPENDENCY_LEDGER_STRICT_PRIOR_DATE_REQUIRED
2012-11-02,114.4765625,114.30893733530365,114.39666731632008,-0.08772998101642315,0.014624753514165778,,,,DAILY_RUNTIME_DEPENDENCY_LEDGER_STRICT_PRIOR_DATE_REQUIRED
2012-11-02,114.4765625,114.32865794291499,114.39912562966407,-0.07046768674908321,0.014624753514165778,,,,DAILY_RUNTIME_DEPENDENCY_LEDGER_STRICT_PRIOR_DATE_REQUIRED
2012-11-04,114.4765625,114.34605847904264,114.40150830259748,-0.05544982355483796,0.01351149063107137,,,,DAILY_RUNTIME_DEPENDENCY_LEDGER_STRICT_PRIOR_DATE_REQUIRED
2012-11-04,114.4765625,114.36141189327292,114.40381766251755,-0.042405769244638236,0.01351149063107137,,,,DAILY_RUNTIME_DEPENDENCY_LEDGER_STRICT_PRIOR_DATE_REQUIRED
2012-11-05,114.5390625,114.38231196465256,114.4079790421324,-0.025667077479837985,0.012216962043983147,,,,DAILY_RUNTIME_DEPENDENCY_LEDGER_STRICT_PRIOR_DATE_REQUIRED
2012-11-05,114.5390625,114.40075320410519,114.41201237929755,-0.011259175192364523,0.012216962043983147,,,,DAILY_RUNTIME_DEPENDENCY_LEDGER_STRICT_PRIOR_DATE_REQUIRED
2012-11-06,114.3515625,114.39496606244575,114.41015238301148,-0.015186320565732103,0.01303245004071346,,,,DAILY_RUNTIME_DEPENDENCY_LEDGER_STRICT_PRIOR_DATE_REQUIRED
2012-11-06,114.3515625,114.38985976098154,114.40834961738035,-0.01848985639881562,0.01303245004071346,,,,DAILY_RUNTIME_DEPENDENCY_LEDGER_STRICT_PRIOR_DATE_REQUIRED
2012-11-07,114.6796875,114.42395714204252,114.4166984753071,0.007258666735424413,0.016346689194332263,,,,DAILY_RUNTIME_DEPENDENCY_LEDGER_STRICT_PRIOR_DATE_REQUIRED
2012-11-07,114.6796875,114.45404306650812,114.42479044529765,0.029252621210474672,0.016346689194332263,,,,DAILY_RUNTIME_DEPENDENCY_LEDGER_STRICT_PRIOR_DATE_REQUIRED
2012-11-08,114.84375,114.49989094103658,114.43768150851925,0.06220943251733502,0.016297207979508625,,,,DAILY_RUNTIME_DEPENDENCY_LEDGER_STRICT_PRIOR_DATE_REQUIRED
2012-11-08,114.84375,114.54034494797345,114.45017592364172,0.09016902433172902,0.016297207979508625,,,,DAILY_RUNTIME_DEPENDENCY_LEDGER_STRICT_PRIOR_DATE_REQUIRED
2012-11-09,114.8515625,114.57695877762363,114.46252627983736,0.11443249778626807,0.015137172439554435,,,,DAILY_RUNTIME_DEPENDENCY_LEDGER_STRICT_PRIOR_DATE_REQUIRED
2012-11-09,114.8515625,114.6092650979032,114.47449662507314,0.13476847283006066,0.015137172439554435,,,,DAILY_RUNTIME_DEPENDENCY_LEDGER_STRICT_PRIOR_DATE_REQUIRED
2012-11-11,114.8671875,114.63960890991459,114.48657942122473,0.1530294886898531,0.0140985457895131,,,,DAILY_RUNTIME_DEPENDENCY_LEDGER_STRICT_PRIOR_DATE_REQUIRED
2012-11-11,114.8671875,114.66638286168934,114.4982904390332,0.16809242265614444,0.0140985457895131,,,,DAILY_RUNTIME_DEPENDENCY_LEDGER_STRICT_PRIOR_DATE_REQUIRED
2012-11-12,114.8671875,114.69000693678471,114.50964111783217,0.1803658189525379,0.013238511316712758,,,,DAILY_RUNTIME_DEPENDENCY_LEDGER_STRICT_PRIOR_DATE_REQUIRED
2012-11-12,114.8671875,114.71085170892769,114.5206425449758,0.19020916395189147,0.013238511316712758,,,,DAILY_RUNTIME_DEPENDENCY_LEDGER_STRICT_PRIOR_DATE_REQUIRED
2012-11-13,114.9296875,114.73659709611266,114.53322854359193,0.20336855252072894,0.012152016941984553,,,,DAILY_RUNTIME_DEPENDENCY_LEDGER_STRICT_PRIOR_DATE_REQUIRED
2012-11-13,114.9296875,114.75931361421705,114.54542728071218,0.21388633350487396,0.012152016941984553,,,,DAILY_RUNTIME_DEPENDENCY_LEDGER_STRICT_PRIOR_DATE_REQUIRED
2012-11-14,114.96875,114.78395318901505,114.55845259515179,0.22550059386325927,0.010789555772700616,,,,DAILY_RUNTIME_DEPENDENCY_LEDGER_STRICT_PRIOR_DATE_REQUIRED
2012-11-14,114.96875,114.8056939903074,114.57107713068558,0.23461685962182344,0.010789555772700616,,,,DAILY_RUNTIME_DEPENDENCY_LEDGER_STRICT_PRIOR_DATE_REQUIRED
2012-11-15,114.9609375,114.82395793262418,114.58307283435678,0.24088509826739823,0.010131686483695529,,,,DAILY_RUNTIME_DEPENDENCY_LEDGER_STRICT_PRIOR_DATE_REQUIRED
2012-11-15,114.9609375,114.84007317584486,114.59469943945349,0.24537373639137172,0.010131686483695529,,,,DAILY_RUNTIME_DEPENDENCY_LEDGER_STRICT_PRIOR_DATE_REQUIRED
2012-11-16,115.03125,114.86256456692193,114.60813176439338,0.25443280252855516,0.009752762521300588,,,,DAILY_RUNTIME_DEPENDENCY_LEDGER_STRICT_PRIOR_DATE_REQUIRED
2012-11-16,115.03125,114.88240991198994,114.62115078702742,0.2612591249625211,0.009752762521300588,,,,DAILY_RUNTIME_DEPENDENCY_LEDGER_STRICT_PRIOR_DATE_REQUIRED
2012-11-18,114.9765625,114.89348668704994,114.63208653204197,0.2614001550079763,0.009140587454496054,,,,DAILY_RUNTIME_DEPENDENCY_LEDGER_STRICT_PRIOR_DATE_REQUIRED
2012-11-18,114.9765625,114.90326031210289,114.64268579259452,0.2605745195083671,0.009140587454496054,,,,DAILY_RUNTIME_DEPENDENCY_LEDGER_STRICT_PRIOR_DATE_REQUIRED
2012-11-19,114.953125,114.90912674597314,114.652237768207,0.2568889777661383,0.008280656251424583,,,,DAILY_RUNTIME_DEPENDENCY_LEDGER_STRICT_PRIOR_DATE_REQUIRED
2012-11-19,114.953125,114.91430301115275,114.66149583687756,0.2528071742751905,0.008280656251424583,,,,DAILY_RUNTIME_DEPENDENCY_LEDGER_STRICT_PRIOR_DATE_REQUIRED
2012-11-20,114.7578125,114.89589236278184,114.66445942651211,0.2314329362697265,0.010124315978551054,,,,DAILY_RUNTIME_DEPENDENCY_LEDGER_STRICT_PRIOR_DATE_REQUIRED
2012-11-20,114.7578125,114.8796476730428,114.66733182877329,0.21231584426951144,0.010124315978551054,,,,DAILY_RUNTIME_DEPENDENCY_LEDGER_STRICT_PRIOR_DATE_REQUIRED
2012-11-21,114.65625,114.85336559386128,114.66699084942643,0.18637474443485758,0.010003336116010893,,,,DAILY_RUNTIME_DEPENDENCY_LEDGER_STRICT_PRIOR_DATE_REQUIRED
2012-11-21,114.65625,114.83017552399524,114.66666036175177,0.1635151622434705,0.010003336116010893,,,,DAILY_RUNTIME_DEPENDENCY_LEDGER_STRICT_PRIOR_DATE_REQUIRED
2012-11-22,114.6484375,114.80879457999579,114.66609965831324,0.14269492168254772,0.009400673155982702,,,,DAILY_RUNTIME_DEPENDENCY_LEDGER_STRICT_PRIOR_DATE_REQUIRED
2012-11-22,114.6484375,114.78992904117275,114.66555620728822,0.1243728338845358,0.009400673155982702,,,,DAILY_RUNTIME_DEPENDENCY_LEDGER_STRICT_PRIOR_DATE_REQUIRED
2012-11-23,114.6171875,114.76960650691713,114.66406793937165,0.10553856754548008,0.008858933292110767,,,,DAILY_RUNTIME_DEPENDENCY_LEDGER_STRICT_PRIOR_DATE_REQUIRED
2012-11-23,114.6171875,114.75167485904453,114.66262546431406,0.08904939473046625,0.008858933292110767,,,,DAILY_RUNTIME_DEPENDENCY_LEDGER_STRICT_PRIOR_DATE_REQUIRED
2012-11-25,114.6015625,114.73401458150988,114.66074660387363,0.07326797763624882,0.008015276880085366,,,,DAILY_RUNTIME_DEPENDENCY_LEDGER_STRICT_PRIOR_DATE_REQUIRED
2012-11-25,114.6015625,114.71843198368519,114.65892555452368,0.05950642916151594,0.008015276880085366,,,,DAILY_RUNTIME_DEPENDENCY_LEDGER_STRICT_PRIOR_DATE_REQUIRED
2012-11-26,114.7421875,114.72122675031046,114.66148746053832,0.05973928977213916,0.00789991972993822,,,,DAILY_RUNTIME_DEPENDENCY_LEDGER_STRICT_PRIOR_DATE_REQUIRED
2012-11-26,114.7421875,114.72369272086218,114.6639705386756,0.05972218218657588,0.00789991972993822,,,,DAILY_RUNTIME_DEPENDENCY_LEDGER_STRICT_PRIOR_DATE_REQUIRED
2012-11-27,114.859375,114.73965534193721,114.66998298363943,0.06967235829777962,0.008138891904482845,,,,DAILY_RUNTIME_DEPENDENCY_LEDGER_STRICT_PRIOR_DATE_REQUIRED
2012-11-27,114.859375,114.75374000759166,114.67581043029668,0.07792957729498085,0.008138891904482845,,,,DAILY_RUNTIME_DEPENDENCY_LEDGER_STRICT_PRIOR_DATE_REQUIRED
2012-11-28,114.9140625,114.77260147728676,114.68314126321063,0.08946021407612648,0.007858150146732017,,,,DAILY_RUNTIME_DEPENDENCY_LEDGER_STRICT_PRIOR_DATE_REQUIRED
2012-11-28,114.9140625,114.78924395054713,114.69024653203492,0.09899741851221222,0.007858150146732017,,,,DAILY_RUNTIME_DEPENDENCY_LEDGER_STRICT_PRIOR_DATE_REQUIRED
2012-11-29,114.9765625,114.81128142695336,114.69905625412616,0.1122251728271948,0.00766598558944772,,,,DAILY_RUNTIME_DEPENDENCY_LEDGER_STRICT_PRIOR_DATE_REQUIRED
2012-11-29,114.9765625,114.8307262590765,114.70759490784536,0.12313135123113739,0.00766598558944772,,,,DAILY_RUNTIME_DEPENDENCY_LEDGER_STRICT_PRIOR_DATE_REQUIRED
2012-11-30,115.046875,114.85615552271454,114.71803429529628,0.13812122741826727,0.0075703734237103975,,,,DAILY_RUNTIME_DEPENDENCY_LEDGER_STRICT_PRIOR_DATE_REQUIRED
2012-11-30,115.046875,114.87859310827753,114.72815247082562,0.15044063745190783,0.0075703734237103975,,,,DAILY_RUNTIME_DEPENDENCY_LEDGER_STRICT_PRIOR_DATE_REQUIRED
2012-12-02,115.0625,114.90022921318605,114.7384400871079,0.16178912607814766,0.007089399680880558,,,,DAILY_RUNTIME_DEPENDENCY_LEDGER_STRICT_PRIOR_DATE_REQUIRED
2012-12-02,115.0625,114.91931989398769,114.74841116135073,0.17090873263695983,0.007089399680880558,,,,DAILY_RUNTIME_DEPENDENCY_LEDGER_STRICT_PRIOR_DATE_REQUIRED
2012-12-03,115.0078125,114.92973078881266,114.75639274100148,0.17333804781118545,0.006885986477779074,,,,DAILY_RUNTIME_DEPENDENCY_LEDGER_STRICT_PRIOR_DATE_REQUIRED
2012-12-03,115.0078125,114.93891687248176,114.76412873358605,0.17478813889570688,0.006885986477779074,,,,DAILY_RUNTIME_DEPENDENCY_LEDGER_STRICT_PRIOR_DATE_REQUIRED
2012-12-04,115.0390625,114.9506987110133,114.7725882340911,0.17811047692219972,0.00655060860611324,,,,DAILY_RUNTIME_DEPENDENCY_LEDGER_STRICT_PRIOR_DATE_REQUIRED
2012-12-04,115.0390625,114.96109445089408,114.78078744227292,0.18030700862115623,0.00655060860611324,,,,DAILY_RUNTIME_DEPENDENCY_LEDGER_STRICT_PRIOR_DATE_REQUIRED
2012-12-05,115.09375,114.97670098608302,114.79041705943375,0.18628392664926707,0.006357921737713648,,,,DAILY_RUNTIME_DEPENDENCY_LEDGER_STRICT_PRIOR_DATE_REQUIRED
2012-12-05,115.09375,114.99047145830855,114.79975038068194,0.1907210776266055,0.006357921737713648,,,,DAILY_RUNTIME_DEPENDENCY_LEDGER_STRICT_PRIOR_DATE_REQUIRED
2012-12-06,115.125,115.00629834556636,114.80975806127634,0.19654028429002324,0.0060250165527835535,,,,DAILY_RUNTIME_DEPENDENCY_LEDGER_STRICT_PRIOR_DATE_REQUIRED
2012-12-06,115.125,115.02026324608796,114.81945781323707,0.20080543285089902,0.0060250165527835535,,,,DAILY_RUNTIME_DEPENDENCY_LEDGER_STRICT_PRIOR_DATE_REQUIRED
2012-12-07,115.0546875,115.0243131583129,114.82669564975285,0.19761750856005733,0.006114636414183127,,,,DAILY_RUNTIME_DEPENDENCY_LEDGER_STRICT_PRIOR_DATE_REQUIRED
2012-12-07,115.0546875,115.02788661027608,114.8337107836066,0.19417582666947908,0.006114636414183127,,,,DAILY_RUNTIME_DEPENDENCY_LEDGER_STRICT_PRIOR_DATE_REQUIRED
2012-12-09,115.0625,115.03195877377301,114.84075045180332,0.19120832196969673,0.005231714721219496,,,,DAILY_RUNTIME_DEPENDENCY_LEDGER_STRICT_PRIOR_DATE_REQUIRED
2012-12-09,115.0625,115.03555185921148,114.84757351482475,0.18797834438673533,0.005231714721219496,,,,DAILY_RUNTIME_DEPENDENCY_LEDGER_STRICT_PRIOR_DATE_REQUIRED
2012-12-10,115.0703125,115.03964134636306,114.85442702206092,0.18521432430213736,0.004762030628424407,,,,DAILY_RUNTIME_DEPENDENCY_LEDGER_STRICT_PRIOR_DATE_REQUIRED
2012-12-10,115.0703125,115.04324971737915,114.86106965215136,0.18218006522779717,0.004762030628424407,,,,DAILY_RUNTIME_DEPENDENCY_LEDGER_STRICT_PRIOR_DATE_REQUIRED
2012-12-11,114.96875,115.03448504474632,114.86438289362361,0.17010215112270544,0.005599663359504308,,,,DAILY_RUNTIME_DEPENDENCY_LEDGER_STRICT_PRIOR_DATE_REQUIRED
2012-12-11,114.96875,115.02675151007028,114.86759418920442,0.15915732086585876,0.005599663359504308,,,,DAILY_RUNTIME_DEPENDENCY_LEDGER_STRICT_PRIOR_DATE_REQUIRED
2012-12-12,114.9453125,115.01717045006203,114.8699855218443,0.147184928217726,0.00530376372604683,,,,DAILY_RUNTIME_DEPENDENCY_LEDGER_STRICT_PRIOR_DATE_REQUIRED
2012-12-12,114.9453125,115.00871657358414,114.87230327501833,0.13641329856581308,0.00530376372604683,,,,DAILY_RUNTIME_DEPENDENCY_LEDGER_STRICT_PRIOR_DATE_REQUIRED
2012-12-13,114.703125,114.9727646237507,114.86709778963315,0.10566683411755662,0.009459913079674555,,,,DAILY_RUNTIME_DEPENDENCY_LEDGER_STRICT_PRIOR_DATE_REQUIRED
2012-12-13,114.703125,114.94104231507416,114.86205247302905,0.07898984204510384,0.009459913079674555,,,,DAILY_RUNTIME_DEPENDENCY_LEDGER_STRICT_PRIOR_DATE_REQUIRED
2012-12-14,114.7421875,114.91764763094778,114.85836432001277,0.059283310935015265,0.008814400058918767,,,,DAILY_RUNTIME_DEPENDENCY_LEDGER_STRICT_PRIOR_DATE_REQUIRED
2012-12-14,114.7421875,114.89700526260098,114.85478964862776,0.042215613973226596,0.008814400058918767,,,,DAILY_RUNTIME_DEPENDENCY_LEDGER_STRICT_PRIOR_DATE_REQUIRED
2012-12-16,114.6640625,114.86960023170674,114.84892112097768,0.0206791107290627,0.008559336396281586,,,,DAILY_RUNTIME_DEPENDENCY_LEDGER_STRICT_PRIOR_DATE_REQUIRED
2012-12-16,114.6640625,114.84541932209417,114.84323316340914,0.0021861586850349113,0.008559336396281586,,,,DAILY_RUNTIME_DEPENDENCY_LEDGER_STRICT_PRIOR_DATE_REQUIRED
2012-12-17,114.5390625,114.80937734302427,114.83387406607348,-0.0244967230492108,0.009029122410542522,,,,DAILY_RUNTIME_DEPENDENCY_LEDGER_STRICT_PRIOR_DATE_REQUIRED
2012-12-17,114.5390625,114.77757559678611,114.82480294096352,-0.04722734417741492,0.009029122410542522,,,,DAILY_RUNTIME_DEPENDENCY_LEDGER_STRICT_PRIOR_DATE_REQUIRED
2012-12-18,114.3828125,114.73113287951715,114.81120323508772,-0.08007035557056952,0.009923835013912884,,,,DAILY_RUNTIME_DEPENDENCY_LEDGER_STRICT_PRIOR_DATE_REQUIRED
2012-12-18,114.3828125,114.69015401133865,114.7980219817004,-0.10786797036175244,0.009923835013912884,,,,DAILY_RUNTIME_DEPENDENCY_LEDGER_STRICT_PRIOR_DATE_REQUIRED
2012-12-19,114.4765625,114.66502559823998,114.78813092072501,-0.12310532248503137,0.009795954513593861,,,,DAILY_RUNTIME_DEPENDENCY_LEDGER_STRICT_PRIOR_DATE_REQUIRED
2012-12-19,114.4765625,114.64285346903527,114.77854420008732,-0.1356907310520512,0.009795954513593861,,,,DAILY_RUNTIME_DEPENDENCY_LEDGER_STRICT_PRIOR_DATE_REQUIRED
2012-12-20,114.390625,114.6131795315017,114.76660822470002,-0.15342869319832175,0.009636331355861675,,,,DAILY_RUNTIME_DEPENDENCY_LEDGER_STRICT_PRIOR_DATE_REQUIRED
2012-12-20,114.390625,114.58699664544267,114.75503951009387,-0.16804286465119844,0.009636331355861675,,,,DAILY_RUNTIME_DEPENDENCY_LEDGER_STRICT_PRIOR_DATE_REQUIRED
2012-12-21,114.515625,114.57859998127293,114.74767290978329,-0.16907292851036004,0.009944988986694936,,,,DAILY_RUNTIME_DEPENDENCY_LEDGER_STRICT_PRIOR_DATE_REQUIRED
2012-12-21,114.515625,114.5711911599467,114.74053297409765,-0.16934181415095395,0.009944988986694936,,,,DAILY_RUNTIME_DEPENDENCY_LEDGER_STRICT_PRIOR_DATE_REQUIRED
2012-12-23,114.5625,114.57016867054121,114.73505503643311,-0.16488636589190264,0.009464374833558073,,,,DAILY_RUNTIME_DEPENDENCY_LEDGER_STRICT_PRIOR_DATE_REQUIRED
2012-12-23,114.5625,114.56926647400695,114.72974565069671,-0.16047917668976197,0.009464374833558073,,,,DAILY_RUNTIME_DEPENDENCY_LEDGER_STRICT_PRIOR_DATE_REQUIRED
2012-12-24,114.484375,114.55927924177084,114.72219578452143,-0.16291654275059386,0.009240042929687213,,,,DAILY_RUNTIME_DEPENDENCY_LEDGER_STRICT_PRIOR_DATE_REQUIRED
2012-12-24,114.484375,114.55046697803309,114.71487822192077,-0.16441124388768458,0.009240042929687213,,,,DAILY_RUNTIME_DEPENDENCY_LEDGER_STRICT_PRIOR_DATE_REQUIRED
2012-12-26,114.53125,114.548206157088,114.70922812278475,-0.16102196569674732,0.00881142300119269,,,,DAILY_RUNTIME_DEPENDENCY_LEDGER_STRICT_PRIOR_DATE_REQUIRED
2012-12-26,114.53125,114.54621131507764,114.70375187285292,-0.15754055777527753,0.00881142300119269,,,,DAILY_RUNTIME_DEPENDENCY_LEDGER_STRICT_PRIOR_DATE_REQUIRED
2012-12-27,114.6484375,114.5582379250685,114.70204989214974,-0.14381196708124833,0.009112559876903945,,,,DAILY_RUNTIME_DEPENDENCY_LEDGER_STRICT_PRIOR_DATE_REQUIRED
2012-12-27,114.6484375,114.56884963976631,114.7004002800836,-0.13155064031728614,0.009112559876903945,,,,DAILY_RUNTIME_DEPENDENCY_LEDGER_STRICT_PRIOR_DATE_REQUIRED
2012-12-28,114.796875,114.59567615273497,114.7033687330041,-0.10769258026913064,0.009884387964066944,,,,DAILY_RUNTIME_DEPENDENCY_LEDGER_STRICT_PRIOR_DATE_REQUIRED
2012-12-28,114.796875,114.61934660535438,114.70624584891166,-0.08689924355728351,0.009884387964066944,,,,DAILY_RUNTIME_DEPENDENCY_LEDGER_STRICT_PRIOR_DATE_REQUIRED
2012-12-30,114.765625,114.63655582825386,114.70807289971438,-0.07151707146051933,0.009342825713274064,,,,DAILY_RUNTIME_DEPENDENCY_LEDGER_STRICT_PRIOR_DATE_REQUIRED
2012-12-30,114.765625,114.65174043669458,114.70984373356933,-0.05810329687474791,0.009342825713274064,,,,DAILY_RUNTIME_DEPENDENCY_LEDGER_STRICT_PRIOR_DATE_REQUIRED
2012-12-31,114.609375,114.64675626767169,114.70675238792104,-0.05999612024935175,0.01012467118656678,,,,DAILY_RUNTIME_DEPENDENCY_LEDGER_STRICT_PRIOR_DATE_REQUIRED
2012-12-31,114.609375,114.64235847147502,114.70375616060039,-0.06139768912537136,0.01012467118656678,,,,DAILY_RUNTIME_DEPENDENCY_LEDGER_STRICT_PRIOR_DATE_REQUIRED
2013-01-02,114.5390625,114.63020600424265,114.69868866335115,-0.06848265910849705,0.0097910110562731,,,,DAILY_RUNTIME_DEPENDENCY_LEDGER_STRICT_PRIOR_DATE_REQUIRED
2013-01-02,114.5390625,114.61948323903762,114.6937770890942,-0.07429385005657707,0.0097910110562731,,,,DAILY_RUNTIME_DEPENDENCY_LEDGER_STRICT_PRIOR_DATE_REQUIRED
2013-01-03,114.2578125,114.5769337403273,114.68036279404515,-0.10342905371784639,0.012795449762200824,,,,DAILY_RUNTIME_DEPENDENCY_LEDGER_STRICT_PRIOR_DATE_REQUIRED
2013-01-03,114.2578125,114.53939006499468,114.66736124653607,-0.12797118154139753,0.012795449762200824,,,,DAILY_RUNTIME_DEPENDENCY_LEDGER_STRICT_PRIOR_DATE_REQUIRED
2013-01-04,114.28125,114.50902064558355,114.65548090048881,-0.14646025490526426,0.012035958225574473,,,,DAILY_RUNTIME_DEPENDENCY_LEDGER_STRICT_PRIOR_DATE_REQUIRED
2013-01-04,114.28125,114.48222409904432,114.6439661035507,-0.16174200450637954,0.012035958225574473,,,,DAILY_RUNTIME_DEPENDENCY_LEDGER_STRICT_PRIOR_DATE_REQUIRED
2013-01-06,114.28125,114.45858008739205,114.63280560805683,-0.17422552066477692,0.011266022016992509,,,,DAILY_RUNTIME_DEPENDENCY_LEDGER_STRICT_PRIOR_DATE_REQUIRED
2013-01-06,114.28125,114.43771772416946,114.62198851242431,-0.18427078825484955,0.011266022016992509,,,,DAILY_RUNTIME_DEPENDENCY_LEDGER_STRICT_PRIOR_DATE_REQUIRED
2013-01-07,114.3046875,114.42206710956128,114.61222540434972,-0.19015829478843216,0.010501202010910697,,,,DAILY_RUNTIME_DEPENDENCY_LEDGER_STRICT_PRIOR_DATE_REQUIRED
2013-01-07,114.3046875,114.40825774373054,114.6027626996005,-0.19450495586995942,0.010501202010910697,,,,DAILY_RUNTIME_DEPENDENCY_LEDGER_STRICT_PRIOR_DATE_REQUIRED
2013-01-08,114.3828125,114.4052641856446,114.59599500115125,-0.1907308155066545,0.010022667692112932,,,,DAILY_RUNTIME_DEPENDENCY_LEDGER_STRICT_PRIOR_DATE_REQUIRED
2013-01-08,114.3828125,114.40262281086288,114.58943553957737,-0.18681272871448584,0.010022667692112932,,,,DAILY_RUNTIME_DEPENDENCY_LEDGER_STRICT_PRIOR_DATE_REQUIRED
2013-01-09,114.46875,114.41040248017313,114.5857221383596,-0.1753196581864671,0.009774944332663009,,,,DAILY_RUNTIME_DEPENDENCY_LEDGER_STRICT_PRIOR_DATE_REQUIRED
2013-01-09,114.46875,114.41726689427041,114.58212299564084,-0.16485610137043238,0.009774944332663009,,,,DAILY_RUNTIME_DEPENDENCY_LEDGER_STRICT_PRIOR_DATE_REQUIRED
2013-01-10,114.296875,114.4031031420033,114.5733461342365,-0.17024299223319872,0.010773436707729138,,,,DAILY_RUNTIME_DEPENDENCY_LEDGER_STRICT_PRIOR_DATE_REQUIRED
2013-01-10,114.296875,114.39060571353232,114.56483933010614,-0.1742336165738152,0.010773436707729138,,,,DAILY_RUNTIME_DEPENDENCY_LEDGER_STRICT_PRIOR_DATE_REQUIRED
2013-01-11,114.4296875,114.39520357076381,114.56068081225672,-0.16547724149290843,0.010943042802488838,,,,DAILY_RUNTIME_DEPENDENCY_LEDGER_STRICT_PRIOR_DATE_REQUIRED
2013-01-11,114.4296875,114.39926050361512,114.55665024880265,-0.15738974518752968,0.010943042802488838,,,,DAILY_RUNTIME_DEPENDENCY_LEDGER_STRICT_PRIOR_DATE_REQUIRED
2013-01-13,114.484375,114.40927397377804,114.55442639499334,-0.14515242121530036,0.010424658114955215,,,,DAILY_RUNTIME_DEPENDENCY_LEDGER_STRICT_PRIOR_DATE_REQUIRED
2013-01-13,114.484375,114.41810938862768,114.55227096745509,-0.13416157882740265,0.010424658114955215,,,,DAILY_RUNTIME_DEPENDENCY_LEDGER_STRICT_PRIOR_DATE_REQUIRED
2013-01-14,114.5078125,114.42866269584795,114.55090301461031,-0.12224031876236552,0.00977723219173427,,,,DAILY_RUNTIME_DEPENDENCY_LEDGER_STRICT_PRIOR_DATE_REQUIRED
2013-01-14,114.5078125,114.43797443751289,114.5495771526223,-0.111602715109413,0.00977723219173427,,,,DAILY_RUNTIME_DEPENDENCY_LEDGER_STRICT_PRIOR_DATE_REQUIRED
2013-01-15,114.578125,114.45446273898196,114.55045554792623,-0.09599280894427409,0.0094616669163214,,,,DAILY_RUNTIME_DEPENDENCY_LEDGER_STRICT_PRIOR_DATE_REQUIRED
2013-01-15,114.578125,114.4690112402782,114.55130691568235,-0.08229567540413996,0.0094616669163214,,,,DAILY_RUNTIME_DEPENDENCY_LEDGER_STRICT_PRIOR_DATE_REQUIRED
2013-01-16,114.6328125,114.48828197671605,114.5538147798152,-0.06553280309914555,0.008958642310449115,,,,DAILY_RUNTIME_DEPENDENCY_LEDGER_STRICT_PRIOR_DATE_REQUIRED
2013-01-16,114.6328125,114.50528556769063,114.55624547889781,-0.05095991120717258,0.008958642310449115,,,,DAILY_RUNTIME_DEPENDENCY_LEDGER_STRICT_PRIOR_DATE_REQUIRED
2013-01-17,114.375,114.48995785384467,114.55066869493173,-0.06071084108705804,0.011884486784981815,,,,DAILY_RUNTIME_DEPENDENCY_LEDGER_STRICT_PRIOR_DATE_REQUIRED
2013-01-17,114.375,114.47643340045117,114.54526350431846,-0.06883010386728472,0.011884486784981815,,,,DAILY_RUNTIME_DEPENDENCY_LEDGER_STRICT_PRIOR_DATE_REQUIRED
2013-01-18,114.515625,114.48104417686868,114.54435155033943,-0.06330737347074944,0.012104803365665813,,,,DAILY_RUNTIME_DEPENDENCY_LEDGER_STRICT_PRIOR_DATE_REQUIRED
2013-01-18,114.515625,114.48511250900177,114.54346765648283,-0.05835514748106618,0.012104803365665813,,,,DAILY_RUNTIME_DEPENDENCY_LEDGER_STRICT_PRIOR_DATE_REQUIRED
2013-01-21,114.4453125,114.48043015500156,114.54044749782182,-0.0600173428202595,0.01145183486524282,,,,DAILY_RUNTIME_DEPENDENCY_LEDGER_STRICT_PRIOR_DATE_REQUIRED
2013-01-21,114.4453125,114.47629866617784,114.5375202671196,-0.061221600941763654,0.01145183486524282,,,,DAILY_RUNTIME_DEPENDENCY_LEDGER_STRICT_PRIOR_DATE_REQUIRED
2013-01-22,114.5703125,114.48735911721575,114.53852925890054,-0.051170141684792725,0.011505439072076847,,,,DAILY_RUNTIME_DEPENDENCY_LEDGER_STRICT_PRIOR_DATE_REQUIRED
2013-01-22,114.5703125,114.49711833871977,114.53950720478052,-0.04238886606074743,0.011505439072076847,,,,DAILY_RUNTIME_DEPENDENCY_LEDGER_STRICT_PRIOR_DATE_REQUIRED
2013-01-23,114.6328125,114.51308235769392,114.54237813694112,-0.02929577924720661,0.010453128616722493,,,,DAILY_RUNTIME_DEPENDENCY_LEDGER_STRICT_PRIOR_DATE_REQUIRED
2013-01-23,114.6328125,114.52716825678874,114.54516073272755,-0.01799247593881148,0.010453128616722493,,,,DAILY_RUNTIME_DEPENDENCY_LEDGER_STRICT_PRIOR_DATE_REQUIRED
2013-01-24,114.4921875,114.52305287363713,114.54353078710515,-0.020477913468027964,0.010875447762643839,,,,DAILY_RUNTIME_DEPENDENCY_LEDGER_STRICT_PRIOR_DATE_REQUIRED
2013-01-24,114.4921875,114.51942165320922,114.54195099365576,-0.02252934044653898,0.010875447762643839,,,,DAILY_RUNTIME_DEPENDENCY_LEDGER_STRICT_PRIOR_DATE_REQUIRED
2013-01-25,114.1015625,114.47026175283166,114.52840057846635,-0.05813882563468553,0.0165538675704272,,,,DAILY_RUNTIME_DEPENDENCY_LEDGER_STRICT_PRIOR_DATE_REQUIRED
2013-01-25,114.1015625,114.42688537014558,114.51526709912892,-0.08838172898333596,0.0165538675704272,,,,DAILY_RUNTIME_DEPENDENCY_LEDGER_STRICT_PRIOR_DATE_REQUIRED
2013-01-27,114.0625,114.38401650306963,114.50133580377111,-0.11731930070148167,0.015602773718139352,,,,DAILY_RUNTIME_DEPENDENCY_LEDGER_STRICT_PRIOR_DATE_REQUIRED
2013-01-27,114.0625,114.34619103212026,114.48783316365508,-0.14164213153482308,0.015602773718139352,,,,DAILY_RUNTIME_DEPENDENCY_LEDGER_STRICT_PRIOR_DATE_REQUIRED
2013-01-28,114.0390625,114.31005826363553,114.47402483554262,-0.16396657190709618,0.014646727078030584,,,,DAILY_RUNTIME_DEPENDENCY_LEDGER_STRICT_PRIOR_DATE_REQUIRED
2013-01-28,114.0390625,114.27817640909016,114.46064137906438,-0.18246496997421957,0.014646727078030584,,,,DAILY_RUNTIME_DEPENDENCY_LEDGER_STRICT_PRIOR_DATE_REQUIRED
2013-01-29,113.984375,114.24361153743249,114.44598702893931,-0.2023754915068281,0.013840174437361928,,,,DAILY_RUNTIME_DEPENDENCY_LEDGER_STRICT_PRIOR_DATE_REQUIRED
2013-01-29,113.984375,114.21311312126394,114.43178358189502,-0.2186704606310741,0.013840174437361928,,,,DAILY_RUNTIME_DEPENDENCY_LEDGER_STRICT_PRIOR_DATE_REQUIRED
2013-01-30,114.140625,114.20458510699758,114.42282485629825,-0.2182397493006647,0.013855657017079961,,,,DAILY_RUNTIME_DEPENDENCY_LEDGER_STRICT_PRIOR_DATE_REQUIRED
2013-01-30,114.140625,114.19706038852728,114.41414178379677,-0.21708139526948855,0.013855657017079961,,,,DAILY_RUNTIME_DEPENDENCY_LEDGER_STRICT_PRIOR_DATE_REQUIRED
2013-01-31,114.0390625,114.17847240164171,114.40260088275686,-0.2241284811151445,0.013352609145277736,,,,DAILY_RUNTIME_DEPENDENCY_LEDGER_STRICT_PRIOR_DATE_REQUIRED
2013-01-31,114.0390625,114.16207123674269,114.39141508636433,-0.22934384962164245,0.013352609145277736,,,,DAILY_RUNTIME_DEPENDENCY_LEDGER_STRICT_PRIOR_DATE_REQUIRED
2013-02-01,114.109375,114.15587167947884,114.38273692986081,-0.22686525038197658,0.012744658398280408,,,,DAILY_RUNTIME_DEPENDENCY_LEDGER_STRICT_PRIOR_DATE_REQUIRED
2013-02-01,114.109375,114.15040148189308,114.3743257935574,-0.22392431166431948,0.012744658398280408,,,,DAILY_RUNTIME_DEPENDENCY_LEDGER_STRICT_PRIOR_DATE_REQUIRED
2013-02-03,114.0078125,114.13362630755272,114.36304846144795,-0.22942215389522858,0.012441791404292628,,,,DAILY_RUNTIME_DEPENDENCY_LEDGER_STRICT_PRIOR_DATE_REQUIRED
2013-02-03,114.0078125,114.11882468313475,114.35211812417262,-0.23329344103787264,0.012441791404292628,,,,DAILY_RUNTIME_DEPENDENCY_LEDGER_STRICT_PRIOR_DATE_REQUIRED
2013-02-04,114.3046875,114.1406908968836,114.35065872035193,-0.20996782346833243,0.01531954697743062,,,,DAILY_RUNTIME_DEPENDENCY_LEDGER_STRICT_PRIOR_DATE_REQUIRED
2013-02-04,114.3046875,114.1599846148973,114.34924422126417,-0.18925960636687478,0.01531954697743062,,,,DAILY_RUNTIME_DEPENDENCY_LEDGER_STRICT_PRIOR_DATE_REQUIRED
2013-02-05,114.15625,114.15954524843877,114.34330593753297,-0.18376068909419985,0.01520635815227467,,,,DAILY_RUNTIME_DEPENDENCY_LEDGER_STRICT_PRIOR_DATE_REQUIRED
2013-02-05,114.15625,114.15915757215186,114.33755037022426,-0.1783927980724087,0.01520635815227467,,,,DAILY_RUNTIME_DEPENDENCY_LEDGER_STRICT_PRIOR_DATE_REQUIRED
2013-02-06,114.3125,114.17719785778105,114.33677958960199,-0.1595817318209356,0.014879143622361897,,,,DAILY_RUNTIME_DEPENDENCY_LEDGER_STRICT_PRIOR_DATE_REQUIRED
2013-02-06,114.3125,114.19311575686564,114.33603252530655,-0.14291676844091228,0.014879143622361897,,,,DAILY_RUNTIME_DEPENDENCY_LEDGER_STRICT_PRIOR_DATE_REQUIRED
2013-02-07,114.328125,114.20899919723439,114.33578921683558,-0.12679001960118796,0.01388018481175951,,,,DAILY_RUNTIME_DEPENDENCY_LEDGER_STRICT_PRIOR_DATE_REQUIRED
2013-02-07,114.328125,114.22301399755976,114.3355533947791,-0.11253939721933648,0.01388018481175951,,,,DAILY_RUNTIME_DEPENDENCY_LEDGER_STRICT_PRIOR_DATE_REQUIRED
2013-02-08,114.359375,114.23905646843508,114.33628636724742,-0.09722989881234412,0.013052214614551343,,,,DAILY_RUNTIME_DEPENDENCY_LEDGER_STRICT_PRIOR_DATE_REQUIRED
2013-02-08,114.359375,114.25321158979565,114.33699678671672,-0.08378519692107034,0.013052214614551343,,,,DAILY_RUNTIME_DEPENDENCY_LEDGER_STRICT_PRIOR_DATE_REQUIRED
2013-02-10,114.3359375,114.2629440498197,114.33696419327929,-0.07402014345959174,0.012190034772824898,,,,DAILY_RUNTIME_DEPENDENCY_LEDGER_STRICT_PRIOR_DATE_REQUIRED
2013-02-10,114.3359375,114.2715315145468,114.33693260271684,-0.06540108817004864,0.012190034772824898,,,,DAILY_RUNTIME_DEPENDENCY_LEDGER_STRICT_PRIOR_DATE_REQUIRED
2013-02-11,114.25,114.26899839518835,114.33425775340248,-0.06525935821413498,0.011780418648466734,,,,DAILY_RUNTIME_DEPENDENCY_LEDGER_STRICT_PRIOR_DATE_REQUIRED
2013-02-11,114.25,114.26676328987206,114.33166520714394,-0.06490191727188233,0.011780418648466734,,,,DAILY_RUNTIME_DEPENDENCY_LEDGER_STRICT_PRIOR_DATE_REQUIRED
2013-02-12,114.1640625,114.25468084400477,114.32650820077028,-0.07182735676551033,0.011302486146525674,,,,DAILY_RUNTIME_DEPENDENCY_LEDGER_STRICT_PRIOR_DATE_REQUIRED
2013-02-12,114.1640625,114.24401986235715,114.3215098715158,-0.07749000915865167,0.011302486146525674,,,,DAILY_RUNTIME_DEPENDENCY_LEDGER_STRICT_PRIOR_DATE_REQUIRED
2013-02-13,114.015625,114.21714987855043,114.31209802931531,-0.09494815076487839,0.010696957661612204,,,,DAILY_RUNTIME_DEPENDENCY_LEDGER_STRICT_PRIOR_DATE_REQUIRED
2013-02-13,114.015625,114.19344106930919,114.30297578225945,-0.10953471295026418,0.010696957661612204,,,,DAILY_RUNTIME_DEPENDENCY_LEDGER_STRICT_PRIOR_DATE_REQUIRED
2013-02-14,114.21875,114.19641859056692,114.3003842197284,-0.103965629161479,0.012124523581947011,,,,DAILY_RUNTIME_DEPENDENCY_LEDGER_STRICT_PRIOR_DATE_REQUIRED
2013-02-14,114.21875,114.1990458152061,114.2978723975829,-0.09882658237680175,0.012124523581947011,,,,DAILY_RUNTIME_DEPENDENCY_LEDGER_STRICT_PRIOR_DATE_REQUIRED
2013-02-15,114.171875,114.19584924871127,114.29399555458035,-0.09814630586907924,0.01149334167159603,,,,DAILY_RUNTIME_DEPENDENCY_LEDGER_STRICT_PRIOR_DATE_REQUIRED
2013-02-15,114.171875,114.19302874886289,114.2902379990548,-0.09720925019190929,0.01149334167159603,,,,DAILY_RUNTIME_DEPENDENCY_LEDGER_STRICT_PRIOR_DATE_REQUIRED
2013-02-19,114.109375,114.1831871313496,114.28467298369925,-0.10148585234965424,0.010976551038950871,,,,DAILY_RUNTIME_DEPENDENCY_LEDGER_STRICT_PRIOR_DATE_REQUIRED
2013-02-19,114.109375,114.17450335119082,114.27927919958542,-0.10477584839459553,0.010976551038950871,,,,DAILY_RUNTIME_DEPENDENCY_LEDGER_STRICT_PRIOR_DATE_REQUIRED
2013-02-20,114.21875,114.17970883928602,114.2774167626751,-0.09770792338908052,0.010770768200327126,,,,DAILY_RUNTIME_DEPENDENCY_LEDGER_STRICT_PRIOR_DATE_REQUIRED
2013-02-20,114.21875,114.18430191701708,114.27561163151587,-0.09130971449879155,0.010770768200327126,,,,DAILY_RUNTIME_DEPENDENCY_LEDGER_STRICT_PRIOR_DATE_REQUIRED
2013-02-21,114.359375,114.20489875030918,114.27818896593077,-0.07329021562158289,0.011086301519876612,,,,DAILY_RUNTIME_DEPENDENCY_LEDGER_STRICT_PRIOR_DATE_REQUIRED
2013-02-21,114.359375,114.2230724267434,114.28068699774828,-0.057614571004876325,0.011086301519876612,,,,DAILY_RUNTIME_DEPENDENCY_LEDGER_STRICT_PRIOR_DATE_REQUIRED
2013-02-22,114.4140625,114.24554184712653,114.28479085935602,-0.03924901222949018,0.010537716531766278,,,,DAILY_RUNTIME_DEPENDENCY_LEDGER_STRICT_PRIOR_DATE_REQUIRED
2013-02-22,114.4140625,114.26536780628811,114.28876844829891,-0.023400642010798833,0.010537716531766278,,,,DAILY_RUNTIME_DEPENDENCY_LEDGER_STRICT_PRIOR_DATE_REQUIRED
2013-02-24,114.3671875,114.27734659378362,114.2911813421974,-0.013834748413785292,0.009943660203731027,,,,DAILY_RUNTIME_DEPENDENCY_LEDGER_STRICT_PRIOR_DATE_REQUIRED
2013-02-24,114.3671875,114.28791611216201,114.29351999320671,-0.005603881044706327,0.009943660203731027,,,,DAILY_RUNTIME_DEPENDENCY_LEDGER_STRICT_PRIOR_DATE_REQUIRED
2013-02-25,114.71875,114.33860245190766,114.30660399341575,0.03199845849191263,0.014546859722599337,,,,DAILY_RUNTIME_DEPENDENCY_LEDGER_STRICT_PRIOR_DATE_REQUIRED
2013-02-25,114.71875,114.3833256928597,114.31928540900296,0.0640402838567411,0.014546859722599337,,,,DAILY_RUNTIME_DEPENDENCY_LEDGER_STRICT_PRIOR_DATE_REQUIRED
2013-02-26,114.765625,114.42830208193503,114.33301893487979,0.0952831470552411,0.013632598952172476,,,,DAILY_RUNTIME_DEPENDENCY_LEDGER_STRICT_PRIOR_DATE_REQUIRED
2013-02-26,114.765625,114.46798713111914,114.34632989072963,0.12165724038950998,0.013632598952172476,,,,DAILY_RUNTIME_DEPENDENCY_LEDGER_STRICT_PRIOR_DATE_REQUIRED
2013-02-27,114.765625,114.50300335098747,114.35923127870718,0.1437720722802851,0.012661376204404006,,,,DAILY_RUNTIME_DEPENDENCY_LEDGER_STRICT_PRIOR_DATE_REQUIRED
2013-02-27,114.765625,114.53390001557717,114.37173570090081,0.16216431467636028,0.012661376204404006,,,,DAILY_RUNTIME_DEPENDENCY_LEDGER_STRICT_PRIOR_DATE_REQUIRED
2013-02-28,114.8671875,114.57311030786221,114.38698037164232,0.18612993621988494,0.012363054718165617,,,,DAILY_RUNTIME_DEPENDENCY_LEDGER_STRICT_PRIOR_DATE_REQUIRED
2013-02-28,114.8671875,114.6077076245843,114.40175597559178,0.20595164899251017,0.012363054718165617,,,,DAILY_RUNTIME_DEPENDENCY_LEDGER_STRICT_PRIOR_DATE_REQUIRED
2013-03-01,114.9453125,114.64742584522142,114.41848079172742,0.22894505349400163,0.011894310804849812,,,,DAILY_RUNTIME_DEPENDENCY_LEDGER_STRICT_PRIOR_DATE_REQUIRED
2013-03-01,114.9453125,114.68247133401889,114.4346909981358,0.24778033588307835,0.011894310804849812,,,,DAILY_RUNTIME_DEPENDENCY_LEDGER_STRICT_PRIOR_DATE_REQUIRED
2013-03-03,114.953125,114.71431294178137,114.45064281357779,0.2636701282035858,0.011172751310355966,,,,DAILY_RUNTIME_DEPENDENCY_LEDGER_STRICT_PRIOR_DATE_REQUIRED
2013-03-03,114.953125,114.74240847804239,114.46610380392924,0.27630467411314896,0.011172751310355966,,,,DAILY_RUNTIME_DEPENDENCY_LEDGER_STRICT_PRIOR_DATE_REQUIRED
2013-03-04,114.875,114.75800748062564,114.4786852253468,0.27932225527884214,0.010759939420425042,,,,DAILY_RUNTIME_DEPENDENCY_LEDGER_STRICT_PRIOR_DATE_REQUIRED
2013-03-04,114.875,114.77177130643439,114.49087952610535,0.2808917803290427,0.010759939420425042,,,,DAILY_RUNTIME_DEPENDENCY_LEDGER_STRICT_PRIOR_DATE_REQUIRED
2013-03-05,114.765625,114.77104821155974,114.49933323299442,0.27171497856532767,0.01068949942492388,,,,DAILY_RUNTIME_DEPENDENCY_LEDGER_STRICT_PRIOR_DATE_REQUIRED
2013-03-05,114.765625,114.77041018667036,114.50752682582535,0.2628833608450094,0.01068949942492388,,,,DAILY_RUNTIME_DEPENDENCY_LEDGER_STRICT_PRIOR_DATE_REQUIRED
2013-03-06,114.6484375,114.75606045882678,114.51186253887687,0.24419791994991158,0.01061596906252467,,,,DAILY_RUNTIME_DEPENDENCY_LEDGER_STRICT_PRIOR_DATE_REQUIRED
2013-03-06,114.6484375,114.74339893425892,114.51606484537297,0.22733408888595363,0.01061596906252467,,,,DAILY_RUNTIME_DEPENDENCY_LEDGER_STRICT_PRIOR_DATE_REQUIRED
2013-03-07,114.375,114.70005788316963,114.51172438859227,0.18833349457736404,0.013270319196223901,,,,DAILY_RUNTIME_DEPENDENCY_LEDGER_STRICT_PRIOR_DATE_REQUIRED
2013-03-07,114.375,114.66181577926731,114.50751748432789,0.15429829493942293,0.013270319196223901,,,,DAILY_RUNTIME_DEPENDENCY_LEDGER_STRICT_PRIOR_DATE_REQUIRED
2013-03-08,114.2265625,114.61060951111821,114.49887271557934,0.11173679553887439,0.013402212687876697,,,,DAILY_RUNTIME_DEPENDENCY_LEDGER_STRICT_PRIOR_DATE_REQUIRED
2013-03-08,114.2265625,114.56542750981018,114.49049393971536,0.07493357009481372,0.013402212687876697,,,,DAILY_RUNTIME_DEPENDENCY_LEDGER_STRICT_PRIOR_DATE_REQUIRED
2013-03-10,114.203125,114.52280368512663,114.48165181849335,0.041151866633285294,0.012590866814186795,,,,DAILY_RUNTIME_DEPENDENCY_LEDGER_STRICT_PRIOR_DATE_REQUIRED
2013-03-10,114.203125,114.4851944280529,114.4730817625397,0.012112665513200227,0.012590866814186795,,,,DAILY_RUNTIME_DEPENDENCY_LEDGER_STRICT_PRIOR_DATE_REQUIRED
2013-03-11,114.1484375,114.44557596592904,114.46309270830773,-0.017516742378688832,0.011892332804528593,,,,DAILY_RUNTIME_DEPENDENCY_LEDGER_STRICT_PRIOR_DATE_REQUIRED
2013-03-11,114.1484375,114.41061849934914,114.45341100959057,-0.042792510241426385,0.011892332804528593,,,,DAILY_RUNTIME_DEPENDENCY_LEDGER_STRICT_PRIOR_DATE_REQUIRED
2013-03-12,114.3046875,114.39815602883748,114.44883490160316,-0.05067887276568683,0.012211682455986476,,,,DAILY_RUNTIME_DEPENDENCY_LEDGER_STRICT_PRIOR_DATE_REQUIRED
2013-03-12,114.3046875,114.38715973132719,114.44439959693844,-0.05723986561125116,0.012211682455986476,,,,DAILY_RUNTIME_DEPENDENCY_LEDGER_STRICT_PRIOR_DATE_REQUIRED
2013-03-13,114.265625,114.37286152764163,114.43889884010956,-0.06603731246792677,0.01152599327458456,,,,DAILY_RUNTIME_DEPENDENCY_LEDGER_STRICT_PRIOR_DATE_REQUIRED
2013-03-13,114.265625,114.36024546556614,114.43356733733695,-0.0733218717708155,0.01152599327458456,,,,DAILY_RUNTIME_DEPENDENCY_LEDGER_STRICT_PRIOR_DATE_REQUIRED
2013-03-14,114.2734375,114.35003276373482,114.42864026541889,-0.07860750168407549,0.010815308533917909,,,,DAILY_RUNTIME_DEPENDENCY_LEDGER_STRICT_PRIOR_DATE_REQUIRED
2013-03-14,114.2734375,114.3410215562366,114.42386479571368,-0.08284323947708572,0.010815308533917909,,,,DAILY_RUNTIME_DEPENDENCY_LEDGER_STRICT_PRIOR_DATE_REQUIRED
2013-03-15,114.4921875,114.35880578491464,114.42596703276864,-0.06716124785400268,0.011747510364380173,,,,DAILY_RUNTIME_DEPENDENCY_LEDGER_STRICT_PRIOR_DATE_REQUIRED
2013-03-15,114.4921875,114.37449775139527,114.42800458560652,-0.05350683421124813,0.011747510364380173,,,,DAILY_RUNTIME_DEPENDENCY_LEDGER_STRICT_PRIOR_DATE_REQUIRED
2013-03-17,114.8046875,114.42510831005464,114.4395948291263,-0.014486519071667203,0.015166891548326473,,,,DAILY_RUNTIME_DEPENDENCY_LEDGER_STRICT_PRIOR_DATE_REQUIRED
2013-03-17,114.8046875,114.46976468534233,114.45082844976857,0.01893623557376145,0.015166891548326473,,,,DAILY_RUNTIME_DEPENDENCY_LEDGER_STRICT_PRIOR_DATE_REQUIRED
2013-03-18,114.65625,114.49170413412557,114.45714911285262,0.034555021272950626,0.015078523077877418,,,,DAILY_RUNTIME_DEPENDENCY_LEDGER_STRICT_PRIOR_DATE_REQUIRED
2013-03-18,114.65625,114.51106247128726,114.46327529399562,0.04778717729163873,0.015078523077877418,,,,DAILY_RUNTIME_DEPENDENCY_LEDGER_STRICT_PRIOR_DATE_REQUIRED
2013-03-19,114.7734375,114.54193012172405,114.47281874648806,0.06911137523599109,0.014639661879119787,,,,DAILY_RUNTIME_DEPENDENCY_LEDGER_STRICT_PRIOR_DATE_REQUIRED
2013-03-19,114.7734375,114.56916628387415,114.48206855428842,0.0870977295857358,0.014639661879119787,,,,DAILY_RUNTIME_DEPENDENCY_LEDGER_STRICT_PRIOR_DATE_REQUIRED
2013-03-20,114.640625,114.57757319165366,114.48694721415646,0.09062597749719714,0.014412955691793442,,,,DAILY_RUNTIME_DEPENDENCY_LEDGER_STRICT_PRIOR_DATE_REQUIRED
2013-03-20,114.640625,114.5849910514591,114.49167576141318,0.09331529004592198,0.014412955691793442,,,,DAILY_RUNTIME_DEPENDENCY_LEDGER_STRICT_PRIOR_DATE_REQUIRED
2013-03-21,114.734375,114.60256563364038,114.49914343029278,0.10342220334760555,0.013894400959800615,,,,DAILY_RUNTIME_DEPENDENCY_LEDGER_STRICT_PRIOR_DATE_REQUIRED
2013-03-21,114.734375,114.61807261791799,114.5063813247453,0.111691293172683,0.013894400959800615,,,,DAILY_RUNTIME_DEPENDENCY_LEDGER_STRICT_PRIOR_DATE_REQUIRED
2013-03-22,114.6875,114.62624054522175,114.51195420706084,0.11428633816090894,0.013110500911931274,,,,DAILY_RUNTIME_DEPENDENCY_LEDGER_STRICT_PRIOR_DATE_REQUIRED
2013-03-22,114.6875,114.63344753990154,114.51735561607435,0.11609192382718447,0.013110500911931274,,,,DAILY_RUNTIME_DEPENDENCY_LEDGER_STRICT_PRIOR_DATE_REQUIRED
2013-03-24,114.6015625,114.62969635873665,114.51994659711822,0.10974976161843131,0.01257292740407561,,,,DAILY_RUNTIME_DEPENDENCY_LEDGER_STRICT_PRIOR_DATE_REQUIRED
2013-03-24,114.6015625,114.62638649300293,114.52245785566843,0.10392863733449076,0.01257292740407561,,,,DAILY_RUNTIME_DEPENDENCY_LEDGER_STRICT_PRIOR_DATE_REQUIRED
2013-03-25,114.734375,114.63909102323787,114.52897838318633,0.11011264005153976,0.012530673490713028,,,,DAILY_RUNTIME_DEPENDENCY_LEDGER_STRICT_PRIOR_DATE_REQUIRED
2013-03-25,114.734375,114.65030090285694,114.53529827908828,0.11500262376866033,0.012530673490713028,,,,DAILY_RUNTIME_DEPENDENCY_LEDGER_STRICT_PRIOR_DATE_REQUIRED
2013-03-26,114.796875,114.66754491428553,114.54334679357787,0.12419812070766056,0.011474939090448869,,,,DAILY_RUNTIME_DEPENDENCY_LEDGER_STRICT_PRIOR_DATE_REQUIRED
2013-03-26,114.796875,114.68276021848722,114.55114766146778,0.1316125570194373,0.011474939090448869,,,,DAILY_RUNTIME_DEPENDENCY_LEDGER_STRICT_PRIOR_DATE_REQUIRED
2013-03-27,115.0234375,114.72283989866519,114.56567965649954,0.15716024216564506,0.013024873424302627,,,,DAILY_RUNTIME_DEPENDENCY_LEDGER_STRICT_PRIOR_DATE_REQUIRED
2013-03-27,115.0234375,114.75820432235163,114.57976451322263,0.17843980912900292,0.013024873424302627,,,,DAILY_RUNTIME_DEPENDENCY_LEDGER_STRICT_PRIOR_DATE_REQUIRED
2013-03-28,114.8828125,114.77286410795732,114.58908906666194,0.1837750412953767,0.01309232930440292,,,,DAILY_RUNTIME_DEPENDENCY_LEDGER_STRICT_PRIOR_DATE_REQUIRED
2013-03-28,114.8828125,114.78579921290351,114.59812671076466,0.18767250213885234,0.01309232930440292,,,,DAILY_RUNTIME_DEPENDENCY_LEDGER_STRICT_PRIOR_DATE_REQUIRED
2013-03-31,114.8671875,114.7953743055031,114.60640550427959,0.18896880122350979,0.012291437011624155,,,,DAILY_RUNTIME_DEPENDENCY_LEDGER_STRICT_PRIOR_DATE_REQUIRED
2013-03-31,114.8671875,114.80382291662038,114.61442956568636,0.18939335093401155,0.012291437011624155,,,,DAILY_RUNTIME_DEPENDENCY_LEDGER_STRICT_PRIOR_DATE_REQUIRED
2013-04-01,115.0078125,114.82782169113563,114.62653365597295,0.20128803516267624,0.012307415803029511,,,,DAILY_RUNTIME_DEPENDENCY_LEDGER_STRICT_PRIOR_DATE_REQUIRED
2013-04-01,115.0078125,114.84899708041378,114.63826531271225,0.21073176770153168,0.012307415803029511,,,,DAILY_RUNTIME_DEPENDENCY_LEDGER_STRICT_PRIOR_DATE_REQUIRED
2013-04-02,114.9453125,114.86032830624745,114.64771291847495,0.21261538777250166,0.01173638406511558,,,,DAILY_RUNTIME_DEPENDENCY_LEDGER_STRICT_PRIOR_DATE_REQUIRED
2013-04-02,114.9453125,114.87032644668892,114.65686982867572,0.21345661801319693,0.01173638406511558,,,,DAILY_RUNTIME_DEPENDENCY_LEDGER_STRICT_PRIOR_DATE_REQUIRED
2013-04-03,115.1875,114.90764098237257,114.67319691087032,0.23444407150225288,0.013647211915904803,,,,DAILY_RUNTIME_DEPENDENCY_LEDGER_STRICT_PRIOR_DATE_REQUIRED
2013-04-03,115.1875,114.94056557268168,114.68902162130507,0.251543951376604,0.013647211915904803,,,,DAILY_RUNTIME_DEPENDENCY_LEDGER_STRICT_PRIOR_DATE_REQUIRED
2013-04-04,115.265625,114.97880785824854,114.70676326372646,0.27204459452208596,0.01279986123154671,,,,DAILY_RUNTIME_DEPENDENCY_LEDGER_STRICT_PRIOR_DATE_REQUIRED
2013-04-04,115.265625,115.01255105139577,114.72395900945796,0.28859204193781807,0.01279986123154671,,,,DAILY_RUNTIME_DEPENDENCY_LEDGER_STRICT_PRIOR_DATE_REQUIRED
2013-04-05,115.2890625,115.0450818100551,114.74134680916694,0.3037350008881532,0.011423513252351823,,,,DAILY_RUNTIME_DEPENDENCY_LEDGER_STRICT_PRIOR_DATE_REQUIRED
2013-04-05,115.2890625,115.07378542063684,114.75819959965412,0.3155858209827187,0.011423513252351823,,,,DAILY_RUNTIME_DEPENDENCY_LEDGER_STRICT_PRIOR_DATE_REQUIRED
2013-04-07,115.3515625,115.10646507703251,114.77645691966475,0.33000815736775735,0.010777117300627961,,,,DAILY_RUNTIME_DEPENDENCY_LEDGER_STRICT_PRIOR_DATE_REQUIRED
2013-04-07,115.3515625,115.13530006796987,114.79415247598276,0.3411475919871094,0.010777117300627961,,,,DAILY_RUNTIME_DEPENDENCY_LEDGER_STRICT_PRIOR_DATE_REQUIRED
2013-04-08,115.2734375,115.15155153056165,114.80889970749098,0.34265182307066766,0.010349921876457491,,,,DAILY_RUNTIME_DEPENDENCY_LEDGER_STRICT_PRIOR_DATE_REQUIRED
2013-04-08,115.2734375,115.16589105637792,114.82319317802971,0.3426978783482042,0.010349921876457491,,,,DAILY_RUNTIME_DEPENDENCY_LEDGER_STRICT_PRIOR_DATE_REQUIRED
2013-04-09,115.2890625,115.1803818144511,114.8375276187057,0.3428541957453888,0.009599908874941032,,,,DAILY_RUNTIME_DEPENDENCY_LEDGER_STRICT_PRIOR_DATE_REQUIRED
2013-04-09,115.2890625,115.19316777745685,114.85142099966862,0.3417467777882308,0.009599908874941032,,,,DAILY_RUNTIME_DEPENDENCY_LEDGER_STRICT_PRIOR_DATE_REQUIRED
2013-04-10,115.1015625,115.18239068599134,114.85911766121728,0.3232730247740534,0.010888448856173202,,,,DAILY_RUNTIME_DEPENDENCY_LEDGER_STRICT_PRIOR_DATE_REQUIRED
2013-04-10,115.1015625,115.17288148763942,114.8665775024106,0.30630398522880853,0.010888448856173202,,,,DAILY_RUNTIME_DEPENDENCY_LEDGER_STRICT_PRIOR_DATE_REQUIRED
2013-04-11,115.1640625,115.17184395968184,114.87573088695183,0.29611307273000875,0.010420720785477644,,,,DAILY_RUNTIME_DEPENDENCY_LEDGER_STRICT_PRIOR_DATE_REQUIRED
2013-04-11,115.1640625,115.17092849383691,114.88460262889178,0.2863258649451268,0.010420720785477644,,,,DAILY_RUNTIME_DEPENDENCY_LEDGER_STRICT_PRIOR_DATE_REQUIRED
2013-04-12,115.34375,115.19126043573846,114.8987302403105,0.29253019542795755,0.011410639534651077,,,,DAILY_RUNTIME_DEPENDENCY_LEDGER_STRICT_PRIOR_DATE_REQUIRED
2013-04-12,115.34375,115.20920038447511,114.91242315599325,0.29677722848185795,0.011410639534651077,,,,DAILY_RUNTIME_DEPENDENCY_LEDGER_STRICT_PRIOR_DATE_REQUIRED
2013-04-14,115.328125,115.22319151571332,114.9252139819627,0.2979775337506254,0.01060748786516499,,,,DAILY_RUNTIME_DEPENDENCY_LEDGER_STRICT_PRIOR_DATE_REQUIRED
2013-04-14,115.328125,115.23553663151175,114.93761124405616,0.29792538745559227,0.01060748786516499,,,,DAILY_RUNTIME_DEPENDENCY_LEDGER_STRICT_PRIOR_DATE_REQUIRED
2013-04-15,115.375,115.25194408662801,114.95106935962366,0.3008747270043557,0.010055659715565593,,,,DAILY_RUNTIME_DEPENDENCY_LEDGER_STRICT_PRIOR_DATE_REQUIRED
2013-04-15,115.375,115.26642125290708,114.96411337932754,0.3023078735795366,0.010055659715565593,,,,DAILY_RUNTIME_DEPENDENCY_LEDGER_STRICT_PRIOR_DATE_REQUIRED
2013-04-16,115.3046875,115.27092316432977,114.97459258304055,0.29633058128922585,0.0093255712393978,,,,DAILY_RUNTIME_DEPENDENCY_LEDGER_STRICT_PRIOR_DATE_REQUIRED
2013-04-16,115.3046875,115.2748954391145,114.98474934971622,0.29014608939827724,0.0093255712393978,,,,DAILY_RUNTIME_DEPENDENCY_LEDGER_STRICT_PRIOR_DATE_REQUIRED
2013-04-17,115.3046875,115.27840038745397,114.99459360049418,0.28380678695978645,0.008590576086128043,,,,DAILY_RUNTIME_DEPENDENCY_LEDGER_STRICT_PRIOR_DATE_REQUIRED
2013-04-17,115.3046875,115.28149298892997,115.0041349512482,0.2773580376817648,0.008590576086128043,,,,DAILY_RUNTIME_DEPENDENCY_LEDGER_STRICT_PRIOR_DATE_REQUIRED
2013-04-18,115.2578125,115.27870704905585,115.01194041428673,0.26676663476912665,0.008215603611000162,,,,DAILY_RUNTIME_DEPENDENCY_LEDGER_STRICT_PRIOR_DATE_REQUIRED
2013-04-18,115.2578125,115.27624886681399,115.01950570923175,0.2567431575822354,0.008215603611000162,,,,DAILY_RUNTIME_DEPENDENCY_LEDGER_STRICT_PRIOR_DATE_REQUIRED
2013-04-19,115.234375,115.27132252954175,115.02611707202462,0.2452054575171303,0.007563796624394054,,,,DAILY_RUNTIME_DEPENDENCY_LEDGER_STRICT_PRIOR_DATE_REQUIRED
2013-04-19,115.234375,115.26697576136037,115.03252500827001,0.234450753090357,0.007563796624394054,,,,DAILY_RUNTIME_DEPENDENCY_LEDGER_STRICT_PRIOR_DATE_REQUIRED
2013-04-21,115.2265625,115.26222126002386,115.03849539263095,0.22372586739291478,0.007069040260341244,,,,DAILY_RUNTIME_DEPENDENCY_LEDGER_STRICT_PRIOR_DATE_REQUIRED
2013-04-21,115.2265625,115.25802611178577,115.0442820728577,0.2137440389280698,0.007069040260341244,,,,DAILY_RUNTIME_DEPENDENCY_LEDGER_STRICT_PRIOR_DATE_REQUIRED
2013-04-22,115.3359375,115.26719215745803,115.05325608600054,0.21393607145748206,0.006962683552358771,,,,DAILY_RUNTIME_DEPENDENCY_LEDGER_STRICT_PRIOR_DATE_REQUIRED
2013-04-22,115.3359375,115.2752798448159,115.06195397566206,0.21332586915383445,0.006962683552358771,,,,DAILY_RUNTIME_DEPENDENCY_LEDGER_STRICT_PRIOR_DATE_REQUIRED
2013-04-23,115.2734375,115.27506309836697,115.0684611610263,0.20660193734066468,0.006793667814511531,,,,DAILY_RUNTIME_DEPENDENCY_LEDGER_STRICT_PRIOR_DATE_REQUIRED
2013-04-23,115.2734375,115.27487185150027,115.07476812530241,0.20010372619785244,0.006793667814511531,,,,DAILY_RUNTIME_DEPENDENCY_LEDGER_STRICT_PRIOR_DATE_REQUIRED
2013-04-24,115.3203125,115.28021781014729,115.08232333683156,0.19789447331572774,0.006561828688977047,,,,DAILY_RUNTIME_DEPENDENCY_LEDGER_STRICT_PRIOR_DATE_REQUIRED
2013-04-24,115.3203125,115.2849348324829,115.08964608031366,0.19528875216924746,0.006561828688977047,,,,DAILY_RUNTIME_DEPENDENCY_LEDGER_STRICT_PRIOR_DATE_REQUIRED
2013-04-25,115.3359375,115.29093514630844,115.09722427784247,0.19371086846597052,0.006138802682562983,,,,DAILY_RUNTIME_DEPENDENCY_LEDGER_STRICT_PRIOR_DATE_REQUIRED
2013-04-25,115.3359375,115.29622954086038,115.1045693000627,0.19166024079767396,0.006138802682562983,,,,DAILY_RUNTIME_DEPENDENCY_LEDGER_STRICT_PRIOR_DATE_REQUIRED
2013-04-26,115.4609375,115.31560694781797,115.1155344754454,0.2000724723725682,0.007033554297866979,,,,DAILY_RUNTIME_DEPENDENCY_LEDGER_STRICT_PRIOR_DATE_REQUIRED
2013-04-26,115.4609375,115.33270465983938,115.12616226081632,0.20654239902306415,0.007033554297866979,,,,DAILY_RUNTIME_DEPENDENCY_LEDGER_STRICT_PRIOR_DATE_REQUIRED
2013-04-28,115.4765625,115.34962911162299,115.13694380663735,0.21268530498564076,0.006624713171645786,,,,DAILY_RUNTIME_DEPENDENCY_LEDGER_STRICT_PRIOR_DATE_REQUIRED
2013-04-28,115.4765625,115.36456245143205,115.14739361258697,0.2171688388450832,0.006624713171645786,,,,DAILY_RUNTIME_DEPENDENCY_LEDGER_STRICT_PRIOR_DATE_REQUIRED
2013-04-29,115.484375,115.37865804538123,115.15776227066122,0.220895774720006,0.005794935235648581,,,,DAILY_RUNTIME_DEPENDENCY_LEDGER_STRICT_PRIOR_DATE_REQUIRED
2013-04-29,115.484375,115.3910953341599,115.16781189310242,0.22328344105747533,0.005794935235648581,,,,DAILY_RUNTIME_DEPENDENCY_LEDGER_STRICT_PRIOR_DATE_REQUIRED
2013-04-30,115.4765625,115.40115029484696,115.17731191177619,0.22383838307077042,0.005396263581898479,,,,DAILY_RUNTIME_DEPENDENCY_LEDGER_STRICT_PRIOR_DATE_REQUIRED
2013-04-30,115.4765625,115.41002231898261,115.18651962218307,0.22350269679954238,0.005396263581898479,,,,DAILY_RUNTIME_DEPENDENCY_LEDGER_STRICT_PRIOR_DATE_REQUIRED
2013-05-01,115.6171875,115.43439469321996,115.19977094150052,0.2346237517194396,0.006520157321738774,,,,DAILY_RUNTIME_DEPENDENCY_LEDGER_STRICT_PRIOR_DATE_REQUIRED
2013-05-01,115.6171875,115.45589972931171,115.21261452791589,0.2432852013958211,0.006520157321738774,,,,DAILY_RUNTIME_DEPENDENCY_LEDGER_STRICT_PRIOR_DATE_REQUIRED
2013-05-02,115.6171875,115.4748747611574,115.22506292705694,0.2498118341004556,0.006122042664849837,,,,DAILY_RUNTIME_DEPENDENCY_LEDGER_STRICT_PRIOR_DATE_REQUIRED
2013-05-02,115.6171875,115.49161743631535,115.23712829853211,0.25448913778323856,0.006122042664849837,,,,DAILY_RUNTIME_DEPENDENCY_LEDGER_STRICT_PRIOR_DATE_REQUIRED
2013-05-03,115.2578125,115.46411097321943,115.23776473550036,0.2263462377190706,0.013174420002183376,,,,DAILY_RUNTIME_DEPENDENCY_LEDGER_STRICT_PRIOR_DATE_REQUIRED
2013-05-03,115.2578125,115.43984056460538,115.23838158979267,0.20145897481270936,0.013174420002183376,,,,DAILY_RUNTIME_DEPENDENCY_LEDGER_STRICT_PRIOR_DATE_REQUIRED
2013-05-05,115.2890625,115.42210196876944,115.23994100241444,0.18216096635499923,0.012389671661854656,,,,DAILY_RUNTIME_DEPENDENCY_LEDGER_STRICT_PRIOR_DATE_REQUIRED
2013-05-05,115.2890625,115.40645026656127,115.24145243310937,0.164997833451892,0.012389671661854656,,,,DAILY_RUNTIME_DEPENDENCY_LEDGER_STRICT_PRIOR_DATE_REQUIRED
2013-05-06,115.234375,115.38620611755405,115.24123466593679,0.1449714516172662,0.011778825394626182,,,,DAILY_RUNTIME_DEPENDENCY_LEDGER_STRICT_PRIOR_DATE_REQUIRED
2013-05-06,115.234375,115.36834363313594,115.24102359929257,0.1273200338433611,0.011778825394626182,,,,DAILY_RUNTIME_DEPENDENCY_LEDGER_STRICT_PRIOR_DATE_REQUIRED
2013-05-07,115.1640625,115.34431055864935,115.23865556546819,0.10565499318116167,0.011293086929948591,,,,DAILY_RUNTIME_DEPENDENCY_LEDGER_STRICT_PRIOR_DATE_REQUIRED
2013-05-07,115.1640625,115.3231049046906,115.23636039422303,0.08674451046756815,0.011293086929948591,,,,DAILY_RUNTIME_DEPENDENCY_LEDGER_STRICT_PRIOR_DATE_REQUIRED
2013-05-08,115.1953125,115.30807050413875,115.23509738209309,0.07297312204566708,0.01065529328635439,,,,DAILY_RUNTIME_DEPENDENCY_LEDGER_STRICT_PRIOR_DATE_REQUIRED
2013-05-08,115.1953125,115.294804856593,115.23387323187484,0.06093162471816527,0.01065529328635439,,,,DAILY_RUNTIME_DEPENDENCY_LEDGER_STRICT_PRIOR_DATE_REQUIRED
2013-05-09,115.15625,115.27850428522912,115.23148482474022,0.04701946048889738,0.010092438384530451,,,,DAILY_RUNTIME_DEPENDENCY_LEDGER_STRICT_PRIOR_DATE_REQUIRED
2013-05-09,115.15625,115.26412142814334,115.2291699070559,0.03495152108743582,0.010092438384530451,,,,DAILY_RUNTIME_DEPENDENCY_LEDGER_STRICT_PRIOR_DATE_REQUIRED
2013-05-10,114.84375,115.21466596600884,115.21731083299264,-0.002644866983800398,0.01398001843201432,,,,DAILY_RUNTIME_DEPENDENCY_LEDGER_STRICT_PRIOR_DATE_REQUIRED
2013-05-10,114.84375,115.1710287935372,115.20581665351594,-0.034787859978735014,0.01398001843201432,,,,DAILY_RUNTIME_DEPENDENCY_LEDGER_STRICT_PRIOR_DATE_REQUIRED
2013-05-12,114.734375,115.11965775900342,115.19131075648468,-0.07165299748126586,0.013605511523971268,,,,DAILY_RUNTIME_DEPENDENCY_LEDGER_STRICT_PRIOR_DATE_REQUIRED
2013-05-12,114.734375,115.07433037559125,115.17725119474669,-0.10292081915544316,0.013605511523971268,,,,DAILY_RUNTIME_DEPENDENCY_LEDGER_STRICT_PRIOR_DATE_REQUIRED
2013-05-13,114.84375,115.04720327258052,115.1669896195237,-0.11978634694318657,0.013276722975351428,,,,DAILY_RUNTIME_DEPENDENCY_LEDGER_STRICT_PRIOR_DATE_REQUIRED
2013-05-13,114.84375,115.0232675934534,115.15704378507681,-0.13377619162341148,0.013276722975351428,,,,DAILY_RUNTIME_DEPENDENCY_LEDGER_STRICT_PRIOR_DATE_REQUIRED
2013-05-14,114.6328125,114.97733170010594,115.14091359168984,-0.16358189158390246,0.01430685203077871,,,,DAILY_RUNTIME_DEPENDENCY_LEDGER_STRICT_PRIOR_DATE_REQUIRED
2013-05-14,114.6328125,114.93680002950524,115.12527971194554,-0.18847968244030255,0.01430685203077871,,,,DAILY_RUNTIME_DEPENDENCY_LEDGER_STRICT_PRIOR_DATE_REQUIRED
2013-05-15,114.765625,114.91666179073991,115.11421341311645,-0.19755162237653678,0.014066851612021536,,,,DAILY_RUNTIME_DEPENDENCY_LEDGER_STRICT_PRIOR_DATE_REQUIRED
2013-05-15,114.765625,114.8988927565352,115.10348761578979,-0.2045948592545841,0.014066851612021536,,,,DAILY_RUNTIME_DEPENDENCY_LEDGER_STRICT_PRIOR_DATE_REQUIRED
2013-05-16,114.953125,114.90527302047224,115.09886107376549,-0.19358805329325435,0.014611125458554645,,,,DAILY_RUNTIME_DEPENDENCY_LEDGER_STRICT_PRIOR_DATE_REQUIRED
2013-05-16,114.953125,114.91090266512256,115.0943768868804,-0.1834742217578338,0.014611125458554645,,,,DAILY_RUNTIME_DEPENDENCY_LEDGER_STRICT_PRIOR_DATE_REQUIRED
2013-05-17,114.765625,114.89381117510814,115.08426144420716,-0.19045026909901708,0.015071804909511249,,,,DAILY_RUNTIME_DEPENDENCY_LEDGER_STRICT_PRIOR_DATE_REQUIRED
2013-05-17,114.765625,114.87873044862482,115.07445724592387,-0.19572679729904507,0.015071804909511249,,,,DAILY_RUNTIME_DEPENDENCY_LEDGER_STRICT_PRIOR_DATE_REQUIRED
2013-05-19,114.7421875,114.86266657231602,115.0642335614339,-0.20156698911787885,0.014179494257281332,,,,DAILY_RUNTIME_DEPENDENCY_LEDGER_STRICT_PRIOR_DATE_REQUIRED
2013-05-19,114.7421875,114.84849256380825,115.05432445185131,-0.20583188804306474,0.014179494257281332,,,,DAILY_RUNTIME_DEPENDENCY_LEDGER_STRICT_PRIOR_DATE_REQUIRED
2013-05-20,114.765625,114.83874343865433,115.04544139179436,-0.20669795314002215,0.013232940860418272,,,,DAILY_RUNTIME_DEPENDENCY_LEDGER_STRICT_PRIOR_DATE_REQUIRED
2013-05-20,114.765625,114.83014126940088,115.03683165666222,-0.20669038726133238,0.013232940860418272,,,,DAILY_RUNTIME_DEPENDENCY_LEDGER_STRICT_PRIOR_DATE_REQUIRED
2013-05-21,114.84375,114.8317422965302,115.03089068261106,-0.19914838608086427,0.012699699453598747,,,,DAILY_RUNTIME_DEPENDENCY_LEDGER_STRICT_PRIOR_DATE_REQUIRED
2013-05-21,114.84375,114.83315496752664,115.02513250776148,-0.19197754023484492,0.012699699453598747,,,,DAILY_RUNTIME_DEPENDENCY_LEDGER_STRICT_PRIOR_DATE_REQUIRED
2013-05-22,114.3671875,114.77833526546468,115.0048880459842,-0.2265527805195262,0.019345654234507504,,,,DAILY_RUNTIME_DEPENDENCY_LEDGER_STRICT_PRIOR_DATE_REQUIRED
2013-05-22,114.3671875,114.72996494011589,114.98526649072315,-0.2553015506072569,0.019345654234507504,,,,DAILY_RUNTIME_DEPENDENCY_LEDGER_STRICT_PRIOR_DATE_REQUIRED
2013-05-23,114.3984375,114.69096171186696,114.96721021408551,-0.27624850221855013,0.01819912415664836,,,,DAILY_RUNTIME_DEPENDENCY_LEDGER_STRICT_PRIOR_DATE_REQUIRED
2013-05-23,114.3984375,114.65654709870613,114.94970951519056,-0.2931624164844351,0.01819912415664836,,,,DAILY_RUNTIME_DEPENDENCY_LEDGER_STRICT_PRIOR_DATE_REQUIRED
2013-05-24,114.4375,114.63077685179952,114.93394922241548,-0.3031723706159539,0.017132835557215797,,,,DAILY_RUNTIME_DEPENDENCY_LEDGER_STRICT_PRIOR_DATE_REQUIRED
2013-05-24,114.4375,114.60803839864664,114.91867386172578,-0.31063546307913725,0.017132835557215797,,,,DAILY_RUNTIME_DEPENDENCY_LEDGER_STRICT_PRIOR_DATE_REQUIRED
2013-05-27,114.3828125,114.58154123409997,114.90218581982653,-0.32064458572655496,0.016174885249645506,,,,DAILY_RUNTIME_DEPENDENCY_LEDGER_STRICT_PRIOR_DATE_REQUIRED
2013-05-27,114.3828125,114.55816138302939,114.8862051022934,-0.32804371926401643,0.016174885249645506,,,,DAILY_RUNTIME_DEPENDENCY_LEDGER_STRICT_PRIOR_DATE_REQUIRED
2013-05-28,113.75,114.46308357326123,114.85124494529975,-0.38816137203852463,0.026015966401007187,,,,DAILY_RUNTIME_DEPENDENCY_LEDGER_STRICT_PRIOR_DATE_REQUIRED
2013-05-28,113.75,114.37919138817168,114.81736048544438,-0.4381690972727057,0.026015966401007187,,,,DAILY_RUNTIME_DEPENDENCY_LEDGER_STRICT_PRIOR_DATE_REQUIRED
2013-05-29,113.8984375,114.32263210721031,114.78908593204609,-0.46645382483578146,0.024937302789581926,,,,DAILY_RUNTIME_DEPENDENCY_LEDGER_STRICT_PRIOR_DATE_REQUIRED
2013-05-29,113.8984375,114.27272685930322,114.76168136490621,-0.48895450560299025,0.024937302789581926,,,,DAILY_RUNTIME_DEPENDENCY_LEDGER_STRICT_PRIOR_DATE_REQUIRED
2013-05-30,113.9140625,114.23053105232637,114.73560078444756,-0.5050697321211857,0.023119972778862182,,,,DAILY_RUNTIME_DEPENDENCY_LEDGER_STRICT_PRIOR_DATE_REQUIRED
2013-05-30,113.9140625,114.19329945793503,114.71032268338763,-0.5170232254526042,0.023119972778862182,,,,DAILY_RUNTIME_DEPENDENCY_LEDGER_STRICT_PRIOR_DATE_REQUIRED
2013-05-31,113.8515625,114.15309510994267,114.68389929312954,-0.5308041831868735,0.021778524143022403,,,,DAILY_RUNTIME_DEPENDENCY_LEDGER_STRICT_PRIOR_DATE_REQUIRED
2013-05-31,113.8515625,114.11762068524352,114.65828893026402,-0.5406682450204983,0.021778524143022403,,,,DAILY_RUNTIME_DEPENDENCY_LEDGER_STRICT_PRIOR_DATE_REQUIRED
2013-06-02,113.765625,114.07620942815605,114.63082234779435,-0.5546129196383021,0.020617167412272118,,,,DAILY_RUNTIME_DEPENDENCY_LEDGER_STRICT_PRIOR_DATE_REQUIRED
2013-06-02,113.765625,114.0396700836671,114.60420089093913,-0.5645308072720212,0.020617167412272118,,,,DAILY_RUNTIME_DEPENDENCY_LEDGER_STRICT_PRIOR_DATE_REQUIRED
2013-06-03,113.8515625,114.01753977970627,114.58104278660254,-0.5635030068962692,0.019410619203189053,,,,DAILY_RUNTIME_DEPENDENCY_LEDGER_STRICT_PRIOR_DATE_REQUIRED
2013-06-03,113.8515625,113.99801304091729,114.55859723932245,-0.5605841984051665,0.019410619203189053,,,,DAILY_RUNTIME_DEPENDENCY_LEDGER_STRICT_PRIOR_DATE_REQUIRED
2013-06-04,113.6953125,113.96240121257406,114.53203463195868,-0.5696334193846155,0.018902173936002825,,,,DAILY_RUNTIME_DEPENDENCY_LEDGER_STRICT_PRIOR_DATE_REQUIRED
2013-06-04,113.6953125,113.93097901109476,114.50628933559072,-0.575310324495959,0.018902173936002825,,,,DAILY_RUNTIME_DEPENDENCY_LEDGER_STRICT_PRIOR_DATE_REQUIRED
2013-06-05,113.8359375,113.91979765684832,114.48566312526486,-0.565865468416547,0.01822996847902696,,,,DAILY_RUNTIME_DEPENDENCY_LEDGER_STRICT_PRIOR_DATE_REQUIRED
2013-06-05,113.8359375,113.90993175604262,114.46567156756441,-0.5557398115217893,0.01822996847902696,,,,DAILY_RUNTIME_DEPENDENCY_LEDGER_STRICT_PRIOR_DATE_REQUIRED
2013-06-06,113.9296875,113.91225596121409,114.4491797501009,-0.5369237888868099,0.017260089315210263,,,,DAILY_RUNTIME_DEPENDENCY_LEDGER_STRICT_PRIOR_DATE_REQUIRED
2013-06-06,113.9296875,113.91430673048302,114.43319537317473,-0.5188886426917065,0.017260089315210263,,,,DAILY_RUNTIME_DEPENDENCY_LEDGER_STRICT_PRIOR_DATE_REQUIRED
2013-06-07,113.46875,113.86188829160265,114.4035201309232,-0.5416318393205444,0.022391546627788677,,,,DAILY_RUNTIME_DEPENDENCY_LEDGER_STRICT_PRIOR_DATE_REQUIRED
2013-06-07,113.46875,113.81563672788468,114.37475797304863,-0.5591212451639507,0.022391546627788677,,,,DAILY_RUNTIME_DEPENDENCY_LEDGER_STRICT_PRIOR_DATE_REQUIRED
2013-06-09,113.453125,113.77298828931,114.34640003541637,-0.573411746106359,0.02103909714802514,,,,DAILY_RUNTIME_DEPENDENCY_LEDGER_STRICT_PRIOR_DATE_REQUIRED
2013-06-09,113.453125,113.73535731409706,114.31891464971125,-0.5835573356141879,0.02103909714802514,,,,DAILY_RUNTIME_DEPENDENCY_LEDGER_STRICT_PRIOR_DATE_REQUIRED
2013-06-10,113.3125,113.68560939479151,114.28794804510474,-0.6023386503132286,0.02030010859424755,,,,DAILY_RUNTIME_DEPENDENCY_LEDGER_STRICT_PRIOR_DATE_REQUIRED
2013-06-10,113.3125,113.64171417187485,114.25793425910152,-0.6162200872266652,0.02030010859424755,,,,DAILY_RUNTIME_DEPENDENCY_LEDGER_STRICT_PRIOR_DATE_REQUIRED
2013-06-11,113.421875,113.61585073988957,114.23220935882148,-0.6163586189319119,0.01852817385639234,,,,DAILY_RUNTIME_DEPENDENCY_LEDGER_STRICT_PRIOR_DATE_REQUIRED
2013-06-11,113.421875,113.59303006460844,114.20727599393467,-0.6142459293262306,0.01852817385639234,,,,DAILY_RUNTIME_DEPENDENCY_LEDGER_STRICT_PRIOR_DATE_REQUIRED
2013-06-12,113.2578125,113.55359270406628,114.17806173258285,-0.6244690285165717,0.018256251298516938,,,,DAILY_RUNTIME_DEPENDENCY_LEDGER_STRICT_PRIOR_DATE_REQUIRED
2013-06-12,113.2578125,113.51879503299965,114.1497463715803,-0.6309513385806582,0.018256251298516938,,,,DAILY_RUNTIME_DEPENDENCY_LEDGER_STRICT_PRIOR_DATE_REQUIRED
2013-06-13,113.7265625,113.54323826441144,114.13672532937782,-0.5934870649663821,0.0233140902919791,,,,DAILY_RUNTIME_DEPENDENCY_LEDGER_STRICT_PRIOR_DATE_REQUIRED
2013-06-13,113.7265625,113.5648058215395,114.12410493462774,-0.5592991130882439,0.0233140902919791,,,,DAILY_RUNTIME_DEPENDENCY_LEDGER_STRICT_PRIOR_DATE_REQUIRED
2013-06-14,113.8671875,113.60038013665249,114.11619978279305,-0.5158196461405566,0.02239404581993223,,,,DAILY_RUNTIME_DEPENDENCY_LEDGER_STRICT_PRIOR_DATE_REQUIRED
2013-06-14,113.8671875,113.63176923822277,114.10853786639942,-0.476768628176643,0.02239404581993223,,,,DAILY_RUNTIME_DEPENDENCY_LEDGER_STRICT_PRIOR_DATE_REQUIRED
2013-06-16,113.8046875,113.65211256313773,114.09918862435636,-0.447076061218624,0.019662286697114676,,,,DAILY_RUNTIME_DEPENDENCY_LEDGER_STRICT_PRIOR_DATE_REQUIRED
2013-06-16,113.8046875,113.67006255570976,114.09012705129925,-0.4200644955894859,0.019662286697114676,,,,DAILY_RUNTIME_DEPENDENCY_LEDGER_STRICT_PRIOR_DATE_REQUIRED
2013-06-17,113.734375,113.67762872562625,114.0791808343362,-0.40155210870995006,0.018530274099643976,,,,DAILY_RUNTIME_DEPENDENCY_LEDGER_STRICT_PRIOR_DATE_REQUIRED
2013-06-17,113.734375,113.68430475790551,114.06857142404894,-0.3842666661434322,0.018530274099643976,,,,DAILY_RUNTIME_DEPENDENCY_LEDGER_STRICT_PRIOR_DATE_REQUIRED
2013-06-18,113.7578125,113.69295272756369,114.05900961100127,-0.36605688343757947,0.01742393162686643,,,,DAILY_RUNTIME_DEPENDENCY_LEDGER_STRICT_PRIOR_DATE_REQUIRED
2013-06-18,113.7578125,113.70058328902678,114.04974200758585,-0.34915871855906744,0.01742393162686643,,,,DAILY_RUNTIME_DEPENDENCY_LEDGER_STRICT_PRIOR_DATE_REQUIRED
2013-06-19,112.671875,113.57955878443539,114.00734609966013,-0.4277873152247338,0.039943431185213776,,,,DAILY_RUNTIME_DEPENDENCY_LEDGER_STRICT_PRIOR_DATE_REQUIRED
2013-06-19,112.671875,113.47277245685476,113.96625468120905,-0.49348222435429534,0.039943431185213776,,,,DAILY_RUNTIME_DEPENDENCY_LEDGER_STRICT_PRIOR_DATE_REQUIRED
2013-06-20,112.6171875,113.37211540310713,113.92474492178722,-0.5526295186800922,0.03755339253218187,,,,DAILY_RUNTIME_DEPENDENCY_LEDGER_STRICT_PRIOR_DATE_REQUIRED
2013-06-20,112.6171875,113.28330035568275,113.88451238573222,-0.6012120300494672,0.03755339253218187,,,,DAILY_RUNTIME_DEPENDENCY_LEDGER_STRICT_PRIOR_DATE_REQUIRED
2013-06-21,111.9140625,113.12221354913184,113.82388315847892,-0.7016696093470784,0.04256192699066925,,,,DAILY_RUNTIME_DEPENDENCY_LEDGER_STRICT_PRIOR_DATE_REQUIRED
2013-06-21,111.9140625,112.98007813158692,113.76511944591033,-0.7850413143234078,0.04256192699066925,,,,DAILY_RUNTIME_DEPENDENCY_LEDGER_STRICT_PRIOR_DATE_REQUIRED
2013-06-23,111.890625,112.85190717492964,113.70744269372847,-0.8555355187988312,0.039943962059684035,,,,DAILY_RUNTIME_DEPENDENCY_LEDGER_STRICT_PRIOR_DATE_REQUIRED
2013-06-23,111.890625,112.73881515434968,113.6515406108445,-0.912725456494826,0.039943962059684035,,,,DAILY_RUNTIME_DEPENDENCY_LEDGER_STRICT_PRIOR_DATE_REQUIRED
2013-06-24,111.9375,112.64454278324972,113.5988008997416,-0.9542581164918857,0.03751701785235976,,,,DAILY_RUNTIME_DEPENDENCY_LEDGER_STRICT_PRIOR_DATE_REQUIRED
2013-06-24,111.9375,112.56136127933799,113.54768394898032,-0.986322669642334,0.03751701785235976,,,,DAILY_RUNTIME_DEPENDENCY_LEDGER_STRICT_PRIOR_DATE_REQUIRED
2013-06-25,111.625,112.45120112882762,113.48852444285785,-1.0373233140302318,0.03680140812225141,,,,DAILY_RUNTIME_DEPENDENCY_LEDGER_STRICT_PRIOR_DATE_REQUIRED
2013-06-25,111.625,112.35400099602435,113.43118522923146,-1.077184233207106,0.03680140812225141,,,,DAILY_RUNTIME_DEPENDENCY_LEDGER_STRICT_PRIOR_DATE_REQUIRED
2013-06-26,112.03125,112.31603029060972,113.38811029910126,-1.0720800084915396,0.03682307206704319,,,,DAILY_RUNTIME_DEPENDENCY_LEDGER_STRICT_PRIOR_DATE_REQUIRED
2013-06-26,112.03125,112.28252672700856,113.3463607514366,-1.063834024428047,0.03682307206704319,,,,DAILY_RUNTIME_DEPENDENCY_LEDGER_STRICT_PRIOR_DATE_REQUIRED
2013-06-27,112.390625,112.2952441708899,113.31695349754625,-1.0217093266563495,0.03669470442573574,,,,DAILY_RUNTIME_DEPENDENCY_LEDGER_STRICT_PRIOR_DATE_REQUIRED
2013-06-27,112.390625,112.30646544490284,113.28845108223713,-0.9819856373342901,0.03669470442573574,,,,DAILY_RUNTIME_DEPENDENCY_LEDGER_STRICT_PRIOR_DATE_REQUIRED
2013-06-28,112.3046875,112.30625627491428,113.2581814335529,-0.9519251586386304,0.034550365610936155,,,,DAILY_RUNTIME_DEPENDENCY_LEDGER_STRICT_PRIOR_DATE_REQUIRED
2013-06-28,112.3046875,112.30607171315965,113.22884315867435,-0.922771445514698,0.034550365610936155,,,,DAILY_RUNTIME_DEPENDENCY_LEDGER_STRICT_PRIOR_DATE_REQUIRED
2013-06-30,112.203125,112.29396033514087,113.19728259994591,-0.9033222648050412,0.03261137122223395,,,,DAILY_RUNTIME_DEPENDENCY_LEDGER_STRICT_PRIOR_DATE_REQUIRED
2013-06-30,112.203125,112.2832738251243,113.16669313533218,-0.8834193102078842,0.03261137122223395,,,,DAILY_RUNTIME_DEPENDENCY_LEDGER_STRICT_PRIOR_DATE_REQUIRED
2013-07-01,112.3359375,112.28946955158027,113.1411314234758,-0.85166187189553,0.030899757098134212,,,,DAILY_RUNTIME_DEPENDENCY_LEDGER_STRICT_PRIOR_DATE_REQUIRED
2013-07-01,112.3359375,112.29493636904141,113.11635622583039,-0.8214198567889781,0.030899757098134212,,,,DAILY_RUNTIME_DEPENDENCY_LEDGER_STRICT_PRIOR_DATE_REQUIRED
2013-07-02,112.40625,112.30803209033064,113.09450680349715,-0.7864747131665126,0.028539680613635838,,,,DAILY_RUNTIME_DEPENDENCY_LEDGER_STRICT_PRIOR_DATE_REQUIRED
2013-07-02,112.40625,112.31958713852703,113.07332967108186,-0.7537425325548384,0.028539680613635838,,,,DAILY_RUNTIME_DEPENDENCY_LEDGER_STRICT_PRIOR_DATE_REQUIRED
2013-07-03,112.1171875,112.29577541634737,113.04390991197165,-0.748134495624285,0.028498186712908154,,,,DAILY_RUNTIME_DEPENDENCY_LEDGER_STRICT_PRIOR_DATE_REQUIRED
2013-07-03,112.1171875,112.27476507324768,113.01539537621869,-0.7406303029710131,0.028498186712908154,,,,DAILY_RUNTIME_DEPENDENCY_LEDGER_STRICT_PRIOR_DATE_REQUIRED
2013-07-04,112.15625,112.26082212345383,112.9889601338735,-0.72813801041967,0.026792966527930145,,,,DAILY_RUNTIME_DEPENDENCY_LEDGER_STRICT_PRIOR_DATE_REQUIRED
2013-07-04,112.15625,112.24851952069454,112.96333828360048,-0.714818762905935,0.026792966527930145,,,,DAILY_RUNTIME_DEPENDENCY_LEDGER_STRICT_PRIOR_DATE_REQUIRED
2013-07-05,111.265625,112.13288487120107,112.9111009517974,-0.778216080596323,0.039392885458858114,,,,DAILY_RUNTIME_DEPENDENCY_LEDGER_STRICT_PRIOR_DATE_REQUIRED
2013-07-05,111.265625,112.0308542981186,112.86047092251133,-0.8296166243927274,0.039392885458858114,,,,DAILY_RUNTIME_DEPENDENCY_LEDGER_STRICT_PRIOR_DATE_REQUIRED
2013-07-07,111.203125,111.93347438069287,112.80947566335713,-0.8760012826642622,0.037066393041549156,,,,DAILY_RUNTIME_DEPENDENCY_LEDGER_STRICT_PRIOR_DATE_REQUIRED
2013-07-07,111.203125,111.84755092414076,112.7600494891,-0.9124985649592361,0.037066393041549156,,,,DAILY_RUNTIME_DEPENDENCY_LEDGER_STRICT_PRIOR_DATE_REQUIRED
2013-07-08,111.796875,111.84158905071244,112.73041335097383,-0.8888243002613905,0.038056592363307475,,,,DAILY_RUNTIME_DEPENDENCY_LEDGER_STRICT_PRIOR_DATE_REQUIRED
2013-07-08,111.796875,111.83632857415805,112.70168909402078,-0.8653605198627332,0.038056592363307475,,,,DAILY_RUNTIME_DEPENDENCY_LEDGER_STRICT_PRIOR_DATE_REQUIRED
2013-07-09,111.8359375,111.83628256543356,112.67505058343554,-0.8387680180019714,0.03576851874005271,,,,DAILY_RUNTIME_DEPENDENCY_LEDGER_STRICT_PRIOR_DATE_REQUIRED
2013-07-09,111.8359375,111.8362419695002,112.64923171932983,-0.8129897498296401,0.03576851874005271,,,,DAILY_RUNTIME_DEPENDENCY_LEDGER_STRICT_PRIOR_DATE_REQUIRED
2013-07-10,112.390625,111.90146350250016,112.64127458950429,-0.7398110870041279,0.03755940783596882,,,,DAILY_RUNTIME_DEPENDENCY_LEDGER_STRICT_PRIOR_DATE_REQUIRED
2013-07-10,112.390625,111.95901191397073,112.63356229444261,-0.6745503804718851,0.03755940783596882,,,,DAILY_RUNTIME_DEPENDENCY_LEDGER_STRICT_PRIOR_DATE_REQUIRED
2013-07-11,112.4140625,112.01254727703298,112.62680845461361,-0.6142611775806301,0.03529083601799444,,,,DAILY_RUNTIME_DEPENDENCY_LEDGER_STRICT_PRIOR_DATE_REQUIRED
2013-07-11,112.4140625,112.05978436208791,112.62026242524088,-0.5604780631529707,0.03529083601799444,,,,DAILY_RUNTIME_DEPENDENCY_LEDGER_STRICT_PRIOR_DATE_REQUIRED
2013-07-12,112.2578125,112.08308179007756,112.60911011984885,-0.5260283297712931,0.03356884006291463,,,,DAILY_RUNTIME_DEPENDENCY_LEDGER_STRICT_PRIOR_DATE_REQUIRED
2013-07-12,112.2578125,112.10363834418607,112.59830096231504,-0.49466261812897017,0.03356884006291463,,,,DAILY_RUNTIME_DEPENDENCY_LEDGER_STRICT_PRIOR_DATE_REQUIRED
2013-07-14,112.25,112.12085736251711,112.58758400962843,-0.4667266471113152,0.03129095068541533,,,,DAILY_RUNTIME_DEPENDENCY_LEDGER_STRICT_PRIOR_DATE_REQUIRED
2013-07-14,112.25,112.13605061398569,112.57719680933218,-0.4411461953464908,0.03129095068541533,,,,DAILY_RUNTIME_DEPENDENCY_LEDGER_STRICT_PRIOR_DATE_REQUIRED
2013-07-15,112.46875,112.17519171822266,112.57385998442966,-0.3986682662069967,0.029887794364855724,,,,DAILY_RUNTIME_DEPENDENCY_LEDGER_STRICT_PRIOR_DATE_REQUIRED
2013-07-15,112.46875,112.20972798666706,112.5706258310626,-0.36089784439553796,0.029887794364855724,,,,DAILY_RUNTIME_DEPENDENCY_LEDGER_STRICT_PRIOR_DATE_REQUIRED
2013-07-16,112.4921875,112.24295851764741,112.56821234395298,-0.32525382630556976,0.027724251179128356,,,,DAILY_RUNTIME_DEPENDENCY_LEDGER_STRICT_PRIOR_DATE_REQUIRED
2013-07-16,112.4921875,112.27227957439477,112.56587311798519,-0.29359354359041845,0.027724251179128356,,,,DAILY_RUNTIME_DEPENDENCY_LEDGER_STRICT_PRIOR_DATE_REQUIRED
2013-07-17,112.828125,112.33767315387774,112.57394240666257,-0.23626925278482247,0.028409803880292493,,,,DAILY_RUNTIME_DEPENDENCY_LEDGER_STRICT_PRIOR_DATE_REQUIRED
2013-07-17,112.828125,112.39537337106859,112.58176340953449,-0.18639003846590185,0.028409803880292493,,,,DAILY_RUNTIME_DEPENDENCY_LEDGER_STRICT_PRIOR_DATE_REQUIRED
2013-07-18,112.765625,112.43893238623698,112.58742068924111,-0.14848830300412885,0.026741528665569968,,,,DAILY_RUNTIME_DEPENDENCY_LEDGER_STRICT_PRIOR_DATE_REQUIRED
2013-07-18,112.765625,112.47736681138556,112.59290389880293,-0.11553708741736557,0.026741528665569968,,,,DAILY_RUNTIME_DEPENDENCY_LEDGER_STRICT_PRIOR_DATE_REQUIRED
2013-07-19,112.890625,112.52598542181079,112.60206454807053,-0.07607912625974222,0.025420527292884743,,,,DAILY_RUNTIME_DEPENDENCY_LEDGER_STRICT_PRIOR_DATE_REQUIRED
2013-07-19,112.890625,112.5688841957154,112.61094333120683,-0.042059135491427924,0.025420527292884743,,,,DAILY_RUNTIME_DEPENDENCY_LEDGER_STRICT_PRIOR_DATE_REQUIRED
2013-07-21,112.921875,112.61041252563123,112.62051045947739,-0.010097933846154206,0.023887103035630318,,,,DAILY_RUNTIME_DEPENDENCY_LEDGER_STRICT_PRIOR_DATE_REQUIRED
2013-07-21,112.921875,112.64705516967462,112.6297832145704,0.017271955104220638,0.023887103035630318,,,,DAILY_RUNTIME_DEPENDENCY_LEDGER_STRICT_PRIOR_DATE_REQUIRED
2013-07-22,112.8828125,112.67479132618348,112.63756873104515,0.03722259513833137,0.022186370713911614,,,,DAILY_RUNTIME_DEPENDENCY_LEDGER_STRICT_PRIOR_DATE_REQUIRED
2013-07-22,112.8828125,112.699264405456,112.64511469316685,0.05414971228915988,0.022186370713911614,,,,DAILY_RUNTIME_DEPENDENCY_LEDGER_STRICT_PRIOR_DATE_REQUIRED
2013-07-23,112.8125,112.71258624010824,112.65026501030017,0.062321229808063094,0.02097125852487464,,,,DAILY_RUNTIME_DEPENDENCY_LEDGER_STRICT_PRIOR_DATE_REQUIRED
2013-07-23,112.8125,112.72434080009549,112.65525685613709,0.06908394395840389,0.02097125852487464,,,,DAILY_RUNTIME_DEPENDENCY_LEDGER_STRICT_PRIOR_DATE_REQUIRED
2013-07-24,112.5234375,112.7007051177313,112.65120087594825,0.04950424178305468,0.01896025113620649,,,,DAILY_RUNTIME_DEPENDENCY_LEDGER_STRICT_PRIOR_DATE_REQUIRED
2013-07-24,112.5234375,112.67985010388055,112.64726969514983,0.03258040873072332,0.01896025113620649,,,,DAILY_RUNTIME_DEPENDENCY_LEDGER_STRICT_PRIOR_DATE_REQUIRED
2013-07-25,112.703125,112.68258832695344,112.64898831991445,0.03360000703898436,0.018809082247567523,,,,DAILY_RUNTIME_DEPENDENCY_LEDGER_STRICT_PRIOR_DATE_REQUIRED
2013-07-25,112.703125,112.68500440613539,112.65065406391709,0.034350342218303354,0.018809082247567523,,,,DAILY_RUNTIME_DEPENDENCY_LEDGER_STRICT_PRIOR_DATE_REQUIRED
2013-07-26,112.7578125,112.69357006423711,112.6539512465658,0.039618817671311035,0.016106959792872536,,,,DAILY_RUNTIME_DEPENDENCY_LEDGER_STRICT_PRIOR_DATE_REQUIRED
2013-07-26,112.7578125,112.70112799785626,112.6571469774407,0.04398102041555774,0.016106959792872536,,,,DAILY_RUNTIME_DEPENDENCY_LEDGER_STRICT_PRIOR_DATE_REQUIRED
2013-07-28,112.8046875,112.71331146869669,112.66168668582714,0.05162478286955263,0.015205875786672159,,,,DAILY_RUNTIME_DEPENDENCY_LEDGER_STRICT_PRIOR_DATE_REQUIRED
2013-07-28,112.8046875,112.72406159002648,112.6660867108786,0.0579748791478778,0.015205875786672159,,,,DAILY_RUNTIME_DEPENDENCY_LEDGER_STRICT_PRIOR_DATE_REQUIRED
2013-07-29,112.6875,112.71976022649395,112.66674558131311,0.05301464518083776,0.013087372084985099,,,,DAILY_RUNTIME_DEPENDENCY_LEDGER_STRICT_PRIOR_DATE_REQUIRED
2013-07-29,112.6875,112.71596490572995,112.66738417881118,0.04858072691877169,0.013087372084985099,,,,DAILY_RUNTIME_DEPENDENCY_LEDGER_STRICT_PRIOR_DATE_REQUIRED
2013-07-30,112.6875,112.71261609329113,112.66800312715546,0.04461296613567356,0.012290711230048273,,,,DAILY_RUNTIME_DEPENDENCY_LEDGER_STRICT_PRIOR_DATE_REQUIRED
2013-07-30,112.6875,112.7096612587863,112.6686030309353,0.04105822785099633,0.012290711230048273,,,,DAILY_RUNTIME_DEPENDENCY_LEDGER_STRICT_PRIOR_DATE_REQUIRED
2013-07-31,112.6796875,112.7061349342232,112.66894409152191,0.03719084270129258,0.011382781264900967,,,,DAILY_RUNTIME_DEPENDENCY_LEDGER_STRICT_PRIOR_DATE_REQUIRED
2013-07-31,112.6796875,112.7030234713734,112.66927465793661,0.03374881343678737,0.011382781264900967,,,,DAILY_RUNTIME_DEPENDENCY_LEDGER_STRICT_PRIOR_DATE_REQUIRED
2013-08-01,112.21875,112.64605012180006,112.65541236076933,-0.009362238969274017,0.018926710184098146,,,,DAILY_RUNTIME_DEPENDENCY_LEDGER_STRICT_PRIOR_DATE_REQUIRED
2013-08-01,112.21875,112.59577951923535,112.64197659582258,-0.04619707658723371,0.018926710184098146,,,,DAILY_RUNTIME_DEPENDENCY_LEDGER_STRICT_PRIOR_DATE_REQUIRED
2013-08-02,112.8359375,112.62403339932531,112.64794462364343,-0.023911224318112545,0.027376923814439257,,,,DAILY_RUNTIME_DEPENDENCY_LEDGER_STRICT_PRIOR_DATE_REQUIRED
2013-08-02,112.8359375,112.64896329352234,112.653729019839,-0.004765726316662722,0.027376923814439257,,,,DAILY_RUNTIME_DEPENDENCY_LEDGER_STRICT_PRIOR_DATE_REQUIRED
2013-08-04,112.828125,112.67004114134323,112.6590950499978,0.010946091345431341,0.02571741041777038,,,,DAILY_RUNTIME_DEPENDENCY_LEDGER_STRICT_PRIOR_DATE_REQUIRED
2013-08-04,112.828125,112.68863924236166,112.66429597153633,0.024343270825326613,0.02571741041777038,,,,DAILY_RUNTIME_DEPENDENCY_LEDGER_STRICT_PRIOR_DATE_REQUIRED
2013-08-05,112.7265625,112.69310080208382,112.66621186471983,0.026888937363992227,0.024039069004947282,,,,DAILY_RUNTIME_DEPENDENCY_LEDGER_STRICT_PRIOR_DATE_REQUIRED
2013-08-05,112.7265625,112.6970374724269,112.66806880734383,0.028968665083070277,0.024039069004947282,,,,DAILY_RUNTIME_DEPENDENCY_LEDGER_STRICT_PRIOR_DATE_REQUIRED
2013-08-06,112.7109375,112.69867276978844,112.66938784404094,0.029284925747504076,0.022574962141858532,,,,DAILY_RUNTIME_DEPENDENCY_LEDGER_STRICT_PRIOR_DATE_REQUIRED
2013-08-06,112.7109375,112.7001156792251,112.67066629499352,0.029449384231583053,0.022574962141858532,,,,DAILY_RUNTIME_DEPENDENCY_LEDGER_STRICT_PRIOR_DATE_REQUIRED
2013-08-07,112.7890625,112.71058001108096,112.67430925514758,0.03627075593338702,0.021314501417423262,,,,DAILY_RUNTIME_DEPENDENCY_LEDGER_STRICT_PRIOR_DATE_REQUIRED
2013-08-07,112.7890625,112.71981324507144,112.67784012421997,0.041973120851466206,0.021314501417423262,,,,DAILY_RUNTIME_DEPENDENCY_LEDGER_STRICT_PRIOR_DATE_REQUIRED
2013-08-08,112.78125,112.72704109859244,112.68102196655167,0.046019132040768795,0.020020687635257113,,,,DAILY_RUNTIME_DEPENDENCY_LEDGER_STRICT_PRIOR_DATE_REQUIRED
2013-08-08,112.78125,112.73341861640509,112.68410590604239,0.04931271036269891,0.020020687635257113,,,,DAILY_RUNTIME_DEPENDENCY_LEDGER_STRICT_PRIOR_DATE_REQUIRED
2013-08-09,112.8515625,112.74731789682802,112.6892584166257,0.058059480202317104,0.018951096596723966,,,,DAILY_RUNTIME_DEPENDENCY_LEDGER_STRICT_PRIOR_DATE_REQUIRED
2013-08-09,112.8515625,112.75958196778943,112.69425238842184,0.06532957936758521,0.018951096596723966,,,,DAILY_RUNTIME_DEPENDENCY_LEDGER_STRICT_PRIOR_DATE_REQUIRED
2013-08-11,112.8671875,112.77224144216714,112.6995734687781,0.07266797338904496,0.017788907546716616,,,,DAILY_RUNTIME_DEPENDENCY_LEDGER_STRICT_PRIOR_DATE_REQUIRED
2013-08-11,112.8671875,112.78341156661807,112.70473082358492,0.07868074303314643,0.017788907546716616,,,,DAILY_RUNTIME_DEPENDENCY_LEDGER_STRICT_PRIOR_DATE_REQUIRED
2013-08-12,112.6875,112.77212785289831,112.7042006443977,0.06792720850060618,0.017414051607028035,,,,DAILY_RUNTIME_DEPENDENCY_LEDGER_STRICT_PRIOR_DATE_REQUIRED
2013-08-12,112.6875,112.76217163491026,112.70368677841624,0.0584848564940188,0.017414051607028035,,,,DAILY_RUNTIME_DEPENDENCY_LEDGER_STRICT_PRIOR_DATE_REQUIRED
2013-08-13,112.3046875,112.70834997197964,112.69140987754189,0.016940094437757125,0.020755199804183992,,,,DAILY_RUNTIME_DEPENDENCY_LEDGER_STRICT_PRIOR_DATE_REQUIRED
2013-08-13,112.3046875,112.66086026939381,112.67951072746366,-0.018650458069856768,0.020755199804183992,,,,DAILY_RUNTIME_DEPENDENCY_LEDGER_STRICT_PRIOR_DATE_REQUIRED
2013-08-14,112.375,112.62722964946512,112.67014116661863,-0.042911517153513046,0.019631455497816468,,,,DAILY_RUNTIME_DEPENDENCY_LEDGER_STRICT_PRIOR_DATE_REQUIRED
2013-08-14,112.375,112.59755557305745,112.66105989995344,-0.06350432689599472,0.019631455497816468,,,,DAILY_RUNTIME_DEPENDENCY_LEDGER_STRICT_PRIOR_DATE_REQUIRED
2013-08-15,112.125,112.54196079975657,112.64456574918565,-0.10260494942907883,0.020295055294984692,,,,DAILY_RUNTIME_DEPENDENCY_LEDGER_STRICT_PRIOR_DATE_REQUIRED
2013-08-15,112.125,112.49290658802049,112.62857911074917,-0.13567252272868302,0.020295055294984692,,,,DAILY_RUNTIME_DEPENDENCY_LEDGER_STRICT_PRIOR_DATE_REQUIRED
2013-08-16,111.921875,112.42572640119455,112.60683436887996,-0.18110796768540638,0.020228238411589404,,,,DAILY_RUNTIME_DEPENDENCY_LEDGER_STRICT_PRIOR_DATE_REQUIRED
2013-08-16,111.921875,112.3664497657599,112.58575869599134,-0.21930893023144904,0.020228238411589404,,,,DAILY_RUNTIME_DEPENDENCY_LEDGER_STRICT_PRIOR_DATE_REQUIRED
2013-08-18,111.8515625,112.30587479331754,112.563168043807,-0.25729325048945384,0.01915304372729855,,,,DAILY_RUNTIME_DEPENDENCY_LEDGER_STRICT_PRIOR_DATE_REQUIRED
2013-08-18,111.8515625,112.25242628822136,112.54127248861293,-0.2888462003915748,0.01915304372729855,,,,DAILY_RUNTIME_DEPENDENCY_LEDGER_STRICT_PRIOR_DATE_REQUIRED
2013-08-19,111.7734375,112.19607466607768,112.51764679665561,-0.321572130577934,0.018188518184790257,,,,DAILY_RUNTIME_DEPENDENCY_LEDGER_STRICT_PRIOR_DATE_REQUIRED
2013-08-19,111.7734375,112.14635264653913,112.49474804906622,-0.348395402527089,0.018188518184790257,,,,DAILY_RUNTIME_DEPENDENCY_LEDGER_STRICT_PRIOR_DATE_REQUIRED
2013-08-20,112.046875,112.13464939400511,112.48096733986418,-0.34631794585907016,0.01860584310907391,,,,DAILY_RUNTIME_DEPENDENCY_LEDGER_STRICT_PRIOR_DATE_REQUIRED
2013-08-20,112.046875,112.1243229947104,112.46761065248374,-0.34328765777334525,0.01860584310907391,,,,DAILY_RUNTIME_DEPENDENCY_LEDGER_STRICT_PRIOR_DATE_REQUIRED
2013-08-21,111.5546875,112.05730705415623,112.4395207093304,-0.3822136551741693,0.022958539826114347,,,,DAILY_RUNTIME_DEPENDENCY_LEDGER_STRICT_PRIOR_DATE_REQUIRED
2013-08-21,111.5546875,111.99817534190255,112.41229507212023,-0.4141197302176778,0.022958539826114347,,,,DAILY_RUNTIME_DEPENDENCY_LEDGER_STRICT_PRIOR_DATE_REQUIRED
2013-08-22,111.34375,111.92118412520813,112.37941676220883,-0.45823263700070527,0.02274296985485107,,,,DAILY_RUNTIME_DEPENDENCY_LEDGER_STRICT_PRIOR_DATE_REQUIRED
2013-08-22,111.34375,111.85325069871304,112.3475500926024,-0.4942993938893636,0.02274296985485107,,,,DAILY_RUNTIME_DEPENDENCY_LEDGER_STRICT_PRIOR_DATE_REQUIRED
2013-08-23,111.6484375,111.82915502827622,112.32603893590695,-0.49688390763073187,0.023748444362432473,,,,DAILY_RUNTIME_DEPENDENCY_LEDGER_STRICT_PRIOR_DATE_REQUIRED
2013-08-23,111.6484375,111.80789414259667,112.30518966095597,-0.49729551835930863,0.023748444362432473,,,,DAILY_RUNTIME_DEPENDENCY_LEDGER_STRICT_PRIOR_DATE_REQUIRED
2013-08-25,111.609375,111.78453894935,112.2837799790804,-0.4992410297304133,0.022348247418163828,,,,DAILY_RUNTIME_DEPENDENCY_LEDGER_STRICT_PRIOR_DATE_REQUIRED
2013-08-25,111.609375,111.76393142589704,112.26302905664717,-0.4990976307501285,0.022348247418163828,,,,DAILY_RUNTIME_DEPENDENCY_LEDGER_STRICT_PRIOR_DATE_REQUIRED
2013-08-26,111.7890625,111.76688802285034,112.24844547028879,-0.48155744743844764,0.02185339439627925,,,,DAILY_RUNTIME_DEPENDENCY_LEDGER_STRICT_PRIOR_DATE_REQUIRED
2013-08-26,111.7890625,111.76949678486795,112.23431060966452,-0.46481382479656475,0.02185339439627925,,,,DAILY_RUNTIME_DEPENDENCY_LEDGER_STRICT_PRIOR_DATE_REQUIRED
2013-08-27,112.15625,111.81499716311879,112.23190874475176,-0.4169115816329736,0.024055657410062947,,,,DAILY_RUNTIME_DEPENDENCY_LEDGER_STRICT_PRIOR_DATE_REQUIRED
2013-08-27,112.15625,111.85514455569304,112.22958078337479,-0.37443622768174123,0.024055657410062947,,,,DAILY_RUNTIME_DEPENDENCY_LEDGER_STRICT_PRIOR_DATE_REQUIRED
2013-08-28,111.859375,111.85564225502327,112.21818983619401,-0.3625475811707446,0.024738836820664346,,,,DAILY_RUNTIME_DEPENDENCY_LEDGER_STRICT_PRIOR_DATE_REQUIRED
2013-08-28,111.859375,111.85608140149111,112.20714937969574,-0.3510679782046253,0.024738836820664346,,,,DAILY_RUNTIME_DEPENDENCY_LEDGER_STRICT_PRIOR_DATE_REQUIRED
2013-08-29,111.8984375,111.86106447190392,112.19765055262818,-0.3365860807242598,0.023276910635837596,,,,DAILY_RUNTIME_DEPENDENCY_LEDGER_STRICT_PRIOR_DATE_REQUIRED
2013-08-29,111.8984375,111.86546129873875,112.1884439971627,-0.32298269842394234,0.023276910635837596,,,,DAILY_RUNTIME_DEPENDENCY_LEDGER_STRICT_PRIOR_DATE_REQUIRED
2013-08-30,111.7890625,111.85647320476949,112.17615533571153,-0.31968213094204145,0.02206941303868021,,,,DAILY_RUNTIME_DEPENDENCY_LEDGER_STRICT_PRIOR_DATE_REQUIRED
2013-08-30,111.7890625,111.84854253362013,112.1642447869204,-0.31570225330027313,0.02206941303868021,,,,DAILY_RUNTIME_DEPENDENCY_LEDGER_STRICT_PRIOR_DATE_REQUIRED
2013-09-02,111.5078125,111.80845664731189,112.14404687039978,-0.3355902230878911,0.0223454049370854,,,,DAILY_RUNTIME_DEPENDENCY_LEDGER_STRICT_PRIOR_DATE_REQUIRED
2013-09-02,111.5078125,111.77308674762814,112.12447042823362,-0.35138368060547975,0.0223454049370854,,,,DAILY_RUNTIME_DEPENDENCY_LEDGER_STRICT_PRIOR_DATE_REQUIRED
2013-09-03,111.578125,111.7501500714366,112.10765979967259,-0.35750972823599625,0.021110430003309054,,,,DAILY_RUNTIME_DEPENDENCY_LEDGER_STRICT_PRIOR_DATE_REQUIRED
2013-09-03,111.578125,111.72991182773816,112.09136642122112,-0.3614545934829607,0.021110430003309054,,,,DAILY_RUNTIME_DEPENDENCY_LEDGER_STRICT_PRIOR_DATE_REQUIRED
2013-09-04,111.2109375,111.66885602447485,112.06427630056817,-0.39542027609331853,0.023267026596904418,,,,DAILY_RUNTIME_DEPENDENCY_LEDGER_STRICT_PRIOR_DATE_REQUIRED
2013-09-04,111.2109375,111.61498325688956,112.03801972208915,-0.42303646519958704,0.023267026596904418,,,,DAILY_RUNTIME_DEPENDENCY_LEDGER_STRICT_PRIOR_DATE_REQUIRED
2013-09-05,110.6953125,111.50678669725548,111.99670565371717,-0.48991895646169326,0.02801011889229638,,,,DAILY_RUNTIME_DEPENDENCY_LEDGER_STRICT_PRIOR_DATE_REQUIRED
2013-09-05,110.6953125,111.41131914463719,111.95666278744895,-0.5453436428117584,0.02801011889229638,,,,DAILY_RUNTIME_DEPENDENCY_LEDGER_STRICT_PRIOR_DATE_REQUIRED
2013-09-06,111.1484375,111.38039189232693,111.93179431706591,-0.5514024247389813,0.0305907117484359,,,,DAILY_RUNTIME_DEPENDENCY_LEDGER_STRICT_PRIOR_DATE_REQUIRED
2013-09-06,111.1484375,111.35310314028847,111.90769103038696,-0.5545878900984889,0.0305907117484359,,,,DAILY_RUNTIME_DEPENDENCY_LEDGER_STRICT_PRIOR_DATE_REQUIRED
2013-09-08,111.1328125,111.32718659437218,111.88384861406736,-0.5566620196951817,0.028725005862494286,,,,DAILY_RUNTIME_DEPENDENCY_LEDGER_STRICT_PRIOR_DATE_REQUIRED
2013-09-08,111.1328125,111.30431905385781,111.8607398105576,-0.5564207566997936,0.028725005862494286,,,,DAILY_RUNTIME_DEPENDENCY_LEDGER_STRICT_PRIOR_DATE_REQUIRED
2013-09-09,111.3828125,111.31355357693336,111.84603435484813,-0.5324807779147704,0.02810873155605563,,,,DAILY_RUNTIME_DEPENDENCY_LEDGER_STRICT_PRIOR_DATE_REQUIRED
2013-09-09,111.3828125,111.32170168552943,111.83178137469895,-0.5100796891695154,0.02810873155605563,,,,DAILY_RUNTIME_DEPENDENCY_LEDGER_STRICT_PRIOR_DATE_REQUIRED
2013-09-10,111.140625,111.30039854605538,111.81051502470821,-0.5101164786528329,0.02698342856055961,,,,DAILY_RUNTIME_DEPENDENCY_LEDGER_STRICT_PRIOR_DATE_REQUIRED
2013-09-10,111.140625,111.28160165828416,111.78990302394796,-0.5083013656637974,0.02698342856055961,,,,DAILY_RUNTIME_DEPENDENCY_LEDGER_STRICT_PRIOR_DATE_REQUIRED
2013-09-11,111.453125,111.3017808749566,111.7795406232111,-0.4777597482544991,0.027398990517629774,,,,DAILY_RUNTIME_DEPENDENCY_LEDGER_STRICT_PRIOR_DATE_REQUIRED
2013-09-11,111.453125,111.31958606613817,111.76949706557384,-0.4499109994356729,0.027398990517629774,,,,DAILY_RUNTIME_DEPENDENCY_LEDGER_STRICT_PRIOR_DATE_REQUIRED
2013-09-12,111.421875,111.3316200583572,111.75880100201773,-0.42718094366053094,0.025472585761992697,,,,DAILY_RUNTIME_DEPENDENCY_LEDGER_STRICT_PRIOR_DATE_REQUIRED
2013-09-12,111.421875,111.34223828678577,111.7484340481095,-0.4061957613237297,0.025472585761992697,,,,DAILY_RUNTIME_DEPENDENCY_LEDGER_STRICT_PRIOR_DATE_REQUIRED
2013-09-13,111.546875,111.36631319422274,111.7422322312446,-0.375919037021859,0.024304101581639537,,,,DAILY_RUNTIME_DEPENDENCY_LEDGER_STRICT_PRIOR_DATE_REQUIRED
2013-09-13,111.546875,111.3875557596083,111.73622123951401,-0.34866547990570496,0.024304101581639537,,,,DAILY_RUNTIME_DEPENDENCY_LEDGER_STRICT_PRIOR_DATE_REQUIRED
2013-09-15,112.265625,111.49085802318379,111.75251058599049,-0.26165256280670235,0.033485449941965346,,,,DAILY_RUNTIME_DEPENDENCY_LEDGER_STRICT_PRIOR_DATE_REQUIRED
2013-09-15,112.265625,111.5820070792798,111.76829872180616,-0.18629164252635633,0.033485449941965346,,,,DAILY_RUNTIME_DEPENDENCY_LEDGER_STRICT_PRIOR_DATE_REQUIRED
2013-09-16,111.9453125,111.62474889348218,111.77374529959674,-0.14899640611456277,0.03296758909778726,,,,DAILY_RUNTIME_DEPENDENCY_LEDGER_STRICT_PRIOR_DATE_REQUIRED
2013-09-16,111.9453125,111.66246225895486,111.77902429037837,-0.11656203142351274,0.03296758909778726,,,,DAILY_RUNTIME_DEPENDENCY_LEDGER_STRICT_PRIOR_DATE_REQUIRED
2013-09-17,112.0234375,111.70492993437193,111.78654469682827,-0.08161476245633992,0.03086098833922673,,,,DAILY_RUNTIME_DEPENDENCY_LEDGER_STRICT_PRIOR_DATE_REQUIRED
2013-09-17,112.0234375,111.74240141268112,111.79383370615663,-0.05143229347551426,0.03086098833922673,,,,DAILY_RUNTIME_DEPENDENCY_LEDGER_STRICT_PRIOR_DATE_REQUIRED
2013-09-18,112.953125,111.88483948177745,111.82950420750566,0.05533527427178342,0.04294235099632489,,,,DAILY_RUNTIME_DEPENDENCY_LEDGER_STRICT_PRIOR_DATE_REQUIRED
2013-09-18,112.953125,112.0105201309801,111.86407715496703,0.14644297601306278,0.04294235099632489,,,,DAILY_RUNTIME_DEPENDENCY_LEDGER_STRICT_PRIOR_DATE_REQUIRED
2013-09-19,112.6171875,112.0818927626295,111.88724978096805,0.19464298166144545,0.04188479515203645,,,,DAILY_RUNTIME_DEPENDENCY_LEDGER_STRICT_PRIOR_DATE_REQUIRED
2013-09-19,112.6171875,112.14486861408484,111.90970940309211,0.23515921099273385,0.04188479515203645,,,,DAILY_RUNTIME_DEPENDENCY_LEDGER_STRICT_PRIOR_DATE_REQUIRED
2013-09-20,112.65625,112.20503113007486,111.93267988299698,0.2723512470778786,0.03920981270329709,,,,DAILY_RUNTIME_DEPENDENCY_LEDGER_STRICT_PRIOR_DATE_REQUIRED
2013-09-20,112.65625,112.25811570300722,111.95494357890477,0.30317212410244565,0.03920981270329709,,,,DAILY_RUNTIME_DEPENDENCY_LEDGER_STRICT_PRIOR_DATE_REQUIRED
2013-09-22,112.7265625,112.31322709088873,111.97868569955386,0.3345413913348665,0.036899831371081535,,,,DAILY_RUNTIME_DEPENDENCY_LEDGER_STRICT_PRIOR_DATE_REQUIRED
2013-09-22,112.7265625,112.3618547860783,112.00169729341376,0.3601574926645412,0.036899831371081535,,,,DAILY_RUNTIME_DEPENDENCY_LEDGER_STRICT_PRIOR_DATE_REQUIRED
2013-09-23,112.828125,112.4167101053632,112.0271258382318,0.38958426713139716,0.034525932071617554,,,,DAILY_RUNTIME_DEPENDENCY_LEDGER_STRICT_PRIOR_DATE_REQUIRED
2013-09-23,112.828125,112.4651118576734,112.0517719662862,0.41333989138720995,0.034525932071617554,,,,DAILY_RUNTIME_DEPENDENCY_LEDGER_STRICT_PRIOR_DATE_REQUIRED
2013-09-24,112.9140625,112.51792958030006,112.07830398270816,0.439625597591899,0.031906263461577045,,,,DAILY_RUNTIME_DEPENDENCY_LEDGER_STRICT_PRIOR_DATE_REQUIRED
2013-09-24,112.9140625,112.56453345320593,112.10401962939407,0.46051382381185135,0.031906263461577045,,,,DAILY_RUNTIME_DEPENDENCY_LEDGER_STRICT_PRIOR_DATE_REQUIRED
2013-09-25,113.09375,112.626794223417,112.13447287156656,0.49232135185043546,0.030037204665301877,,,,DAILY_RUNTIME_DEPENDENCY_LEDGER_STRICT_PRIOR_DATE_REQUIRED
2013-09-25,113.09375,112.68173019713265,112.16398909090297,0.5177411062296784,0.030037204665301877,,,,DAILY_RUNTIME_DEPENDENCY_LEDGER_STRICT_PRIOR_DATE_REQUIRED
2013-09-26,113.046875,112.72468840923469,112.19115481118288,0.5335335980518039,0.02826041218693374,,,,DAILY_RUNTIME_DEPENDENCY_LEDGER_STRICT_PRIOR_DATE_REQUIRED
2013-09-26,113.046875,112.7625927140306,112.2174846631465,0.5451080508841102,0.02826041218693374,,,,DAILY_RUNTIME_DEPENDENCY_LEDGER_STRICT_PRIOR_DATE_REQUIRED
2013-09-27,113.234375,112.81809651237995,112.24877359658814,0.5693229157918154,0.02710899892614792,,,,DAILY_RUNTIME_DEPENDENCY_LEDGER_STRICT_PRIOR_DATE_REQUIRED
2013-09-27,113.234375,112.86707045209997,112.2790997936162,0.5879706584837692,0.02710899892614792,,,,DAILY_RUNTIME_DEPENDENCY_LEDGER_STRICT_PRIOR_DATE_REQUIRED
2013-09-29,113.4375,112.93417981067644,112.31474287688954,0.6194369337869006,0.02619349406815171,,,,DAILY_RUNTIME_DEPENDENCY_LEDGER_STRICT_PRIOR_DATE_REQUIRED
2013-09-29,113.4375,112.99339395059685,112.34928924990832,0.6441047006885299,0.02619349406815171,,,,DAILY_RUNTIME_DEPENDENCY_LEDGER_STRICT_PRIOR_DATE_REQUIRED
2013-09-30,113.328125,113.03277407405604,112.37940727298808,0.6533668010679605,0.024564630029914932,,,,DAILY_RUNTIME_DEPENDENCY_LEDGER_STRICT_PRIOR_DATE_REQUIRED
2013-09-30,113.328125,113.06752124181415,112.40859858766537,0.6589226541487818,0.024564630029914932,,,,DAILY_RUNTIME_DEPENDENCY_LEDGER_STRICT_PRIOR_DATE_REQUIRED
2013-10-01,113.125,113.07428344865954,112.43064170804489,0.6436417406146546,0.024065807957333266,,,,DAILY_RUNTIME_DEPENDENCY_LEDGER_STRICT_PRIOR_DATE_REQUIRED
2013-10-01,113.125,113.08025010175842,112.45200657856658,0.6282435231918413,0.024065807957333266,,,,DAILY_RUNTIME_DEPENDENCY_LEDGER_STRICT_PRIOR_DATE_REQUIRED
2013-10-02,113.3984375,113.11768391331626,112.4811275299953,0.6365563833209507,0.024367221437962737,,,,DAILY_RUNTIME_DEPENDENCY_LEDGER_STRICT_PRIOR_DATE_REQUIRED
2013-10-02,113.3984375,113.15071374704375,112.5093524521493,0.6413612948944518,0.024367221437962737,,,,DAILY_RUNTIME_DEPENDENCY_LEDGER_STRICT_PRIOR_DATE_REQUIRED
2013-10-03,113.453125,113.18629154150919,112.53839160746779,0.6478999340414049,0.02110733797110073,,,,DAILY_RUNTIME_DEPENDENCY_LEDGER_STRICT_PRIOR_DATE_REQUIRED
2013-10-03,113.453125,113.21768371309633,112.56653725031494,0.6511464627813979,0.02110733797110073,,,,DAILY_RUNTIME_DEPENDENCY_LEDGER_STRICT_PRIOR_DATE_REQUIRED
2013-10-04,113.2265625,113.21872827626146,112.58684571953603,0.6318825567254294,0.020862164324260465,,,,DAILY_RUNTIME_DEPENDENCY_LEDGER_STRICT_PRIOR_DATE_REQUIRED
2013-10-04,113.2265625,113.21964994964247,112.60652931278108,0.613120636861396,0.020862164324260465,,,,DAILY_RUNTIME_DEPENDENCY_LEDGER_STRICT_PRIOR_DATE_REQUIRED
2013-10-06,113.3203125,113.2314926026257,112.62849187238781,0.6030007302378948,0.019826882620798437,,,,DAILY_RUNTIME_DEPENDENCY_LEDGER_STRICT_PRIOR_DATE_REQUIRED
2013-10-06,113.3203125,113.24194200231679,112.64977866092971,0.5921633413870779,0.019826882620798437,,,,DAILY_RUNTIME_DEPENDENCY_LEDGER_STRICT_PRIOR_DATE_REQUIRED
2013-10-07,113.3046875,113.24932382557364,112.66992970213188,0.5793941234417588,0.01454001627132361,,,,DAILY_RUNTIME_DEPENDENCY_LEDGER_STRICT_PRIOR_DATE_REQUIRED
2013-10-07,113.3046875,113.25583719903555,112.68946071129706,0.5663764877384949,0.01454001627132361,,,,DAILY_RUNTIME_DEPENDENCY_LEDGER_STRICT_PRIOR_DATE_REQUIRED
2013-10-08,113.2890625,113.25974605797255,112.70790999710331,0.5518360608692348,0.013015523568828371,,,,DAILY_RUNTIME_DEPENDENCY_LEDGER_STRICT_PRIOR_DATE_REQUIRED
2013-10-08,113.2890625,113.26319505115225,112.72579161257707,0.5374034385751827,0.013015523568828371,,,,DAILY_RUNTIME_DEPENDENCY_LEDGER_STRICT_PRIOR_DATE_REQUIRED
2013-10-09,113.15625,113.25061328042845,112.73903648603623,0.5115767943922265,0.013011005771670851,,,,DAILY_RUNTIME_DEPENDENCY_LEDGER_STRICT_PRIOR_DATE_REQUIRED
2013-10-09,113.15625,113.2395117180251,112.75187382492742,0.4876378930976841,0.013011005771670851,,,,DAILY_RUNTIME_DEPENDENCY_LEDGER_STRICT_PRIOR_DATE_REQUIRED
2013-10-10,113.2109375,113.23615004531625,112.76599886108349,0.4701511842327619,0.012329838634127772,,,,DAILY_RUNTIME_DEPENDENCY_LEDGER_STRICT_PRIOR_DATE_REQUIRED
2013-10-10,113.2109375,113.23318386351433,112.77968928074246,0.45349458277186727,0.012329838634127772,,,,DAILY_RUNTIME_DEPENDENCY_LEDGER_STRICT_PRIOR_DATE_REQUIRED
2013-10-11,113.265625,113.23700046780675,112.79464114902731,0.4423593187794381,0.01166005728285211,,,,DAILY_RUNTIME_DEPENDENCY_LEDGER_STRICT_PRIOR_DATE_REQUIRED
2013-10-11,113.265625,113.24036805982949,112.80913295982647,0.4312351000030219,0.01166005728285211,,,,DAILY_RUNTIME_DEPENDENCY_LEDGER_STRICT_PRIOR_DATE_REQUIRED
2013-10-13,113.34375,113.25253064102601,112.82558271490873,0.42694792611727905,0.011214596746666557,,,,DAILY_RUNTIME_DEPENDENCY_LEDGER_STRICT_PRIOR_DATE_REQUIRED
2013-10-13,113.34375,113.26326233031706,112.84152632368077,0.4217360066362943,0.011214596746666557,,,,DAILY_RUNTIME_DEPENDENCY_LEDGER_STRICT_PRIOR_DATE_REQUIRED
2013-10-14,113.0703125,113.24056235027975,112.84856589833674,0.39199645194300103,0.013813683032771869,,,,DAILY_RUNTIME_DEPENDENCY_LEDGER_STRICT_PRIOR_DATE_REQUIRED
2013-10-14,113.0703125,113.22053295612918,112.85538887069562,0.36514408543355614,0.013813683032771869,,,,DAILY_RUNTIME_DEPENDENCY_LEDGER_STRICT_PRIOR_DATE_REQUIRED
2013-10-15,113.140625,113.21113202011398,112.86416536698191,0.3469666531320712,0.013179023694979282,,,,DAILY_RUNTIME_DEPENDENCY_LEDGER_STRICT_PRIOR_DATE_REQUIRED
2013-10-15,113.140625,113.20283707657116,112.87267181722862,0.33016525934253593,0.013179023694979282,,,,DAILY_RUNTIME_DEPENDENCY_LEDGER_STRICT_PRIOR_DATE_REQUIRED
2013-10-16,113.3984375,113.2258488910922,112.88884922285236,0.33699966823984084,0.014950847465120229,,,,DAILY_RUNTIME_DEPENDENCY_LEDGER_STRICT_PRIOR_DATE_REQUIRED
2013-10-16,113.3984375,113.24615343331665,112.9045288621492,0.3416245711674435,0.014950847465120229,,,,DAILY_RUNTIME_DEPENDENCY_LEDGER_STRICT_PRIOR_DATE_REQUIRED
2013-10-17,113.640625,113.29256185292645,112.92717797408308,0.36538387884337453,0.016043434938802597,,,,DAILY_RUNTIME_DEPENDENCY_LEDGER_STRICT_PRIOR_DATE_REQUIRED
2013-10-17,113.640625,113.33351045846452,112.94913019026515,0.3843802681993651,0.016043434938802597,,,,DAILY_RUNTIME_DEPENDENCY_LEDGER_STRICT_PRIOR_DATE_REQUIRED
2013-10-18,113.671875,113.37331805158634,112.97136849210315,0.4019495594831852,0.015046854044182508,,,,DAILY_RUNTIME_DEPENDENCY_LEDGER_STRICT_PRIOR_DATE_REQUIRED
2013-10-18,113.671875,113.40844239845853,112.99292253849998,0.41551985995855034,0.015046854044182508,,,,DAILY_RUNTIME_DEPENDENCY_LEDGER_STRICT_PRIOR_DATE_REQUIRED
2013-10-20,113.65625,113.437596233934,113.01333261423845,0.4242636196955516,0.013919009599538006,,,,DAILY_RUNTIME_DEPENDENCY_LEDGER_STRICT_PRIOR_DATE_REQUIRED
2013-10-20,113.65625,113.46332020641235,113.0331146876465,0.43020551876584534,0.013919009599538006,,,,DAILY_RUNTIME_DEPENDENCY_LEDGER_STRICT_PRIOR_DATE_REQUIRED
2013-10-21,113.5859375,113.47774577036382,113.0501246203343,0.4276211500295233,0.01284633129991882,,,,DAILY_RUNTIME_DEPENDENCY_LEDGER_STRICT_PRIOR_DATE_REQUIRED
2013-10-21,113.5859375,113.49047420914455,113.06661117047787,0.4238630386666813,0.01284633129991882,,,,DAILY_RUNTIME_DEPENDENCY_LEDGER_STRICT_PRIOR_DATE_REQUIRED
2013-10-22,113.9609375,113.54582283159813,113.09412890369394,0.45169392790418783,0.017436555748887927,,,,DAILY_RUNTIME_DEPENDENCY_LEDGER_STRICT_PRIOR_DATE_REQUIRED
2013-10-22,113.9609375,113.59465985141011,113.12079993742644,0.47385991398367366,0.017436555748887927,,,,DAILY_RUNTIME_DEPENDENCY_LEDGER_STRICT_PRIOR_DATE_REQUIRED
2013-10-23,113.890625,113.62947928065597,113.14448686242869,0.4849924182272787,0.016309046196213598,,,,DAILY_RUNTIME_DEPENDENCY_LEDGER_STRICT_PRIOR_DATE_REQUIRED
2013-10-23,113.890625,113.66020230646114,113.16744495896934,0.49275734749180344,0.016309046196213598,,,,DAILY_RUNTIME_DEPENDENCY_LEDGER_STRICT_PRIOR_DATE_REQUIRED
2013-10-24,113.8671875,113.684553505701,113.18897549869337,0.4955780070076372,0.015296640972590977,,,,DAILY_RUNTIME_DEPENDENCY_LEDGER_STRICT_PRIOR_DATE_REQUIRED
2013-10-24,113.8671875,113.70603985797146,113.20984356027203,0.4961962976994272,0.015296640972590977,,,,DAILY_RUNTIME_DEPENDENCY_LEDGER_STRICT_PRIOR_DATE_REQUIRED
2013-10-25,113.9375,113.733270462916,113.23223298918674,0.5010374737292551,0.014560374934225703,,,,DAILY_RUNTIME_DEPENDENCY_LEDGER_STRICT_PRIOR_DATE_REQUIRED
2013-10-25,113.9375,113.75729746727882,113.25393351259638,0.5033639546824418,0.014560374934225703,,,,DAILY_RUNTIME_DEPENDENCY_LEDGER_STRICT_PRIOR_DATE_REQUIRED
2013-10-27,113.9375,113.77849776524602,113.27496632759342,0.5035314376525974,0.013676557567575359,,,,DAILY_RUNTIME_DEPENDENCY_LEDGER_STRICT_PRIOR_DATE_REQUIRED
2013-10-27,113.9375,113.79720391051119,113.29535197905209,0.5018519314591003,0.013676557567575359,,,,DAILY_RUNTIME_DEPENDENCY_LEDGER_STRICT_PRIOR_DATE_REQUIRED
2013-10-28,113.96875,113.81738580339221,113.31607191815817,0.5013138852340404,0.01278475690214687,,,,DAILY_RUNTIME_DEPENDENCY_LEDGER_STRICT_PRIOR_DATE_REQUIRED
2013-10-28,113.96875,113.8351933559343,113.33615432067639,0.4990390352579084,0.01278475690214687,,,,DAILY_RUNTIME_DEPENDENCY_LEDGER_STRICT_PRIOR_DATE_REQUIRED
2013-10-29,114.046875,113.86009707876555,113.35802264927095,0.5020744294945985,0.01227300299537554,,,,DAILY_RUNTIME_DEPENDENCY_LEDGER_STRICT_PRIOR_DATE_REQUIRED
2013-10-29,114.046875,113.88207095185196,113.37921810621646,0.5028528456355019,0.01227300299537554,,,,DAILY_RUNTIME_DEPENDENCY_LEDGER_STRICT_PRIOR_DATE_REQUIRED
2013-10-30,113.8984375,113.88399642810467,113.39519408756365,0.4888023405410138,0.012536040305464392,,,,DAILY_RUNTIME_DEPENDENCY_LEDGER_STRICT_PRIOR_DATE_REQUIRED
2013-10-30,113.8984375,113.88569537773941,113.41067850025401,0.4750168774854018,0.012536040305464392,,,,DAILY_RUNTIME_DEPENDENCY_LEDGER_STRICT_PRIOR_DATE_REQUIRED
2013-10-31,113.875,113.88443709800535,113.42496531563081,0.45947178237453556,0.011762657678893418,,,,DAILY_RUNTIME_DEPENDENCY_LEDGER_STRICT_PRIOR_DATE_REQUIRED
2013-10-31,113.875,113.88332685118118,113.43881253668833,0.4445143144928494,0.011762657678893418,,,,DAILY_RUNTIME_DEPENDENCY_LEDGER_STRICT_PRIOR_DATE_REQUIRED
2013-11-01,113.71875,113.86396486868927,113.44742599709792,0.4165388715913423,0.011750115943341763,,,,DAILY_RUNTIME_DEPENDENCY_LEDGER_STRICT_PRIOR_DATE_REQUIRED
2013-11-01,113.71875,113.84688076649053,113.45577442795644,0.3911063385340867,0.011750115943341763,,,,DAILY_RUNTIME_DEPENDENCY_LEDGER_STRICT_PRIOR_DATE_REQUIRED
2013-11-03,113.671875,113.82629185278576,113.46242367632702,0.3638681764587375,0.011115364425891058,,,,DAILY_RUNTIME_DEPENDENCY_LEDGER_STRICT_PRIOR_DATE_REQUIRED
2013-11-03,113.671875,113.80812516422273,113.46886833244004,0.3392568317826914,0.011115364425891058,,,,DAILY_RUNTIME_DEPENDENCY_LEDGER_STRICT_PRIOR_DATE_REQUIRED
2013-11-04,113.8125,113.80863985078476,113.4794416145188,0.32919823626595246,0.01100454134850714,,,,DAILY_RUNTIME_DEPENDENCY_LEDGER_STRICT_PRIOR_DATE_REQUIRED
2013-11-04,113.8125,113.80909398598655,113.4896895648413,0.3194044211452507,0.01100454134850714,,,,DAILY_RUNTIME_DEPENDENCY_LEDGER_STRICT_PRIOR_DATE_REQUIRED
2013-11-05,113.7109375,113.79754616410577,113.49649719361541,0.3010489704903563,0.010463312282399178,,,,DAILY_RUNTIME_DEPENDENCY_LEDGER_STRICT_PRIOR_DATE_REQUIRED
2013-11-05,113.7109375,113.78735690950508,113.50309535688879,0.28426155261628594,0.010463312282399178,,,,DAILY_RUNTIME_DEPENDENCY_LEDGER_STRICT_PRIOR_DATE_REQUIRED
2013-11-06,113.953125,113.80685903779859,113.51694242283067,0.28991661496792176,0.012750646299909624,,,,DAILY_RUNTIME_DEPENDENCY_LEDGER_STRICT_PRIOR_DATE_REQUIRED
2013-11-06,113.953125,113.82406679805757,113.5303634252051,0.2937033728524767,0.012750646299909624,,,,DAILY_RUNTIME_DEPENDENCY_LEDGER_STRICT_PRIOR_DATE_REQUIRED
2013-11-07,114.0703125,113.85303688063904,113.54697724289109,0.30605963774794986,0.012603424476397356,,,,DAILY_RUNTIME_DEPENDENCY_LEDGER_STRICT_PRIOR_DATE_REQUIRED
2013-11-07,114.0703125,113.87859871821091,113.56307986618674,0.3155188520241694,0.012603424476397356,,,,DAILY_RUNTIME_DEPENDENCY_LEDGER_STRICT_PRIOR_DATE_REQUIRED
2013-11-08,113.6171875,113.84784445724492,113.56474471645792,0.2830997407869944,0.019219875936607688,,,,DAILY_RUNTIME_DEPENDENCY_LEDGER_STRICT_PRIOR_DATE_REQUIRED
2013-11-08,113.6171875,113.82070834462786,113.56635834056691,0.254350004060953,0.019219875936607688,,,,DAILY_RUNTIME_DEPENDENCY_LEDGER_STRICT_PRIOR_DATE_REQUIRED
2013-11-10,113.5859375,113.79308824525987,113.56696077624177,0.22612746901809544,0.017481458466099706,,,,DAILY_RUNTIME_DEPENDENCY_LEDGER_STRICT_PRIOR_DATE_REQUIRED
2013-11-10,113.5859375,113.76871756934693,113.56754467543433,0.20117289391259874,0.017481458466099706,,,,DAILY_RUNTIME_DEPENDENCY_LEDGER_STRICT_PRIOR_DATE_REQUIRED
2013-11-11,113.5625,113.74445667883552,113.56738945465173,0.17706722418378718,0.016418022548057486,,,,DAILY_RUNTIME_DEPENDENCY_LEDGER_STRICT_PRIOR_DATE_REQUIRED
2013-11-11,113.5625,113.72305001073723,113.56723900989321,0.155811000844011,0.016418022548057486,,,,DAILY_RUNTIME_DEPENDENCY_LEDGER_STRICT_PRIOR_DATE_REQUIRED
2013-11-12,113.453125,113.69129412712107,113.56372780958881,0.12756631753225633,0.015852601068321575,,,,DAILY_RUNTIME_DEPENDENCY_LEDGER_STRICT_PRIOR_DATE_REQUIRED
2013-11-12,113.453125,113.6632742298127,113.56032464621686,0.10294958359584427,0.015852601068321575,,,,DAILY_RUNTIME_DEPENDENCY_LEDGER_STRICT_PRIOR_DATE_REQUIRED
2013-11-13,113.953125,113.69737432042297,113.57241081094864,0.12496350947432688,0.022452088699751023,,,,DAILY_RUNTIME_DEPENDENCY_LEDGER_STRICT_PRIOR_DATE_REQUIRED
2013-11-13,113.953125,113.72746263566732,113.58412509368867,0.1433375419786529,0.022452088699751023,,,,DAILY_RUNTIME_DEPENDENCY_LEDGER_STRICT_PRIOR_DATE_REQUIRED
2013-11-14,114.0234375,113.76228320794175,113.59764239849825,0.16464080944349746,0.021222495639593757,,,,DAILY_RUNTIME_DEPENDENCY_LEDGER_STRICT_PRIOR_DATE_REQUIRED
2013-11-14,114.0234375,113.79300724230154,113.61074378623677,0.18226345606477423,0.021222495639593757,,,,DAILY_RUNTIME_DEPENDENCY_LEDGER_STRICT_PRIOR_DATE_REQUIRED
2013-11-15,113.9765625,113.81460197850136,113.62199974666025,0.19260223184110714,0.019994257088807945,,,,DAILY_RUNTIME_DEPENDENCY_LEDGER_STRICT_PRIOR_DATE_REQUIRED
2013-11-15,113.9765625,113.8336561575012,113.63290936983994,0.20074678766125942,0.019994257088807945,,,,DAILY_RUNTIME_DEPENDENCY_LEDGER_STRICT_PRIOR_DATE_REQUIRED
2013-11-17,113.9296875,113.84495396250105,113.6420410046141,0.20291295788695152,0.018823406814640682,,,,DAILY_RUNTIME_DEPENDENCY_LEDGER_STRICT_PRIOR_DATE_REQUIRED
2013-11-17,113.9296875,113.85492261397151,113.6508916660106,0.20403094796091636,0.018823406814640682,,,,DAILY_RUNTIME_DEPENDENCY_LEDGER_STRICT_PRIOR_DATE_REQUIRED
2013-11-18,114.109375,113.88485818879839,113.66499884551796,0.219859343280433,0.018590042472659617,,,,DAILY_RUNTIME_DEPENDENCY_LEDGER_STRICT_PRIOR_DATE_REQUIRED
2013-11-18,114.109375,113.91127193129269,113.67867195796356,0.23259997332912974,0.018590042472659617,,,,DAILY_RUNTIME_DEPENDENCY_LEDGER_STRICT_PRIOR_DATE_REQUIRED
2013-11-19,113.953125,113.91619582172883,113.6871166669493,0.22907915477954077,0.018226725345088228,,,,DAILY_RUNTIME_DEPENDENCY_LEDGER_STRICT_PRIOR_DATE_REQUIRED
2013-11-19,113.953125,113.92054043093721,113.69530153873546,0.22523889220174453,0.018226725345088228,,,,DAILY_RUNTIME_DEPENDENCY_LEDGER_STRICT_PRIOR_DATE_REQUIRED
2013-11-20,113.796875,113.9059915567093,113.69842687600513,0.20756468070416645,0.017800472739118403,,,,DAILY_RUNTIME_DEPENDENCY_LEDGER_STRICT_PRIOR_DATE_REQUIRED
2013-11-20,113.796875,113.8931543147435,113.70145604905113,0.19169826569236648,0.017800472739118403,,,,DAILY_RUNTIME_DEPENDENCY_LEDGER_STRICT_PRIOR_DATE_REQUIRED
2013-11-21,113.9140625,113.89561410124426,113.7079977860034,0.18761631524085942,0.017167852643041024,,,,DAILY_RUNTIME_DEPENDENCY_LEDGER_STRICT_PRIOR_DATE_REQUIRED
2013-11-21,113.9140625,113.89778450109787,113.71433823874176,0.18344626235611372,0.017167852643041024,,,,DAILY_RUNTIME_DEPENDENCY_LEDGER_STRICT_PRIOR_DATE_REQUIRED
2013-11-22,113.96875,113.90613338332165,113.72216629293432,0.18396709038732695,0.016137985228680304,,,,DAILY_RUNTIME_DEPENDENCY_LEDGER_STRICT_PRIOR_DATE_REQUIRED
2013-11-22,113.96875,113.91350004410732,113.72975348392096,0.18374656018636415,0.016137985228680304,,,,DAILY_RUNTIME_DEPENDENCY_LEDGER_STRICT_PRIOR_DATE_REQUIRED
2013-11-24,113.9375,113.91632356832999,113.7361456844157,0.1801778839142827,0.015144287258996898,,,,DAILY_RUNTIME_DEPENDENCY_LEDGER_STRICT_PRIOR_DATE_REQUIRED
2013-11-24,113.9375,113.91881491323234,113.74234120181829,0.17647371141404733,0.015144287258996898,,,,DAILY_RUNTIME_DEPENDENCY_LEDGER_STRICT_PRIOR_DATE_REQUIRED
2013-11-25,114.078125,113.93755727638147,113.7526730109931,0.18488426538836222,0.01468510053669055,,,,DAILY_RUNTIME_DEPENDENCY_LEDGER_STRICT_PRIOR_DATE_REQUIRED
2013-11-25,114.078125,113.95409465563071,113.76268691834716,0.19140773728355498,0.01468510053669055,,,,DAILY_RUNTIME_DEPENDENCY_LEDGER_STRICT_PRIOR_DATE_REQUIRED
2013-11-26,114.171875,113.97971587261533,113.77527732085954,0.20443855175578562,0.01407349486275832,,,,DAILY_RUNTIME_DEPENDENCY_LEDGER_STRICT_PRIOR_DATE_REQUIRED
2013-11-26,114.171875,114.00232282877823,113.78748032637155,0.21484250240668246,0.01407349486275832,,,,DAILY_RUNTIME_DEPENDENCY_LEDGER_STRICT_PRIOR_DATE_REQUIRED
2013-11-27,114.0703125,114.01032161362785,113.79618285479089,0.21413875883696676,0.012458406748708083,,,,DAILY_RUNTIME_DEPENDENCY_LEDGER_STRICT_PRIOR_DATE_REQUIRED
2013-11-27,114.0703125,114.01737936496575,113.80461761310501,0.21276175186073942,0.012458406748708083,,,,DAILY_RUNTIME_DEPENDENCY_LEDGER_STRICT_PRIOR_DATE_REQUIRED
2013-11-28,114.015625,114.01717296908743,113.81111014808639,0.20606282100104067,0.011839309192545002,,,,DAILY_RUNTIME_DEPENDENCY_LEDGER_STRICT_PRIOR_DATE_REQUIRED
2013-11-28,114.015625,114.01699085507713,113.81740291276064,0.1995879423164837,0.011839309192545002,,,,DAILY_RUNTIME_DEPENDENCY_LEDGER_STRICT_PRIOR_DATE_REQUIRED
2013-11-29,113.9921875,114.01407281330334,113.82278090006032,0.19129191324302042,0.011145664641174103,,,,DAILY_RUNTIME_DEPENDENCY_LEDGER_STRICT_PRIOR_DATE_REQUIRED
2013-11-29,113.9921875,114.01149807056177,113.8279934108277,0.18350465973406926,0.011145664641174103,,,,DAILY_RUNTIME_DEPENDENCY_LEDGER_STRICT_PRIOR_DATE_REQUIRED
2013-12-01,114.03125,114.01382182696626,113.83424745972532,0.17957436724094578,0.01046457977217102,,,,DAILY_RUNTIME_DEPENDENCY_LEDGER_STRICT_PRIOR_DATE_REQUIRED
2013-12-01,114.03125,114.01587220026435,113.84030907634916,0.17556312391519668,0.01046457977217102,,,,DAILY_RUNTIME_DEPENDENCY_LEDGER_STRICT_PRIOR_DATE_REQUIRED
2013-12-02,113.7890625,113.98918870611561,113.83873225861534,0.1504564475002752,0.011139776755882222,,,,DAILY_RUNTIME_DEPENDENCY_LEDGER_STRICT_PRIOR_DATE_REQUIRED
2013-12-02,113.7890625,113.9656444465726,113.83720395835024,0.12844048822235266,0.011139776755882222,,,,DAILY_RUNTIME_DEPENDENCY_LEDGER_STRICT_PRIOR_DATE_REQUIRED
2013-12-03,113.90625,113.95865686462288,113.83932845193947,0.11932841268341576,0.011145250238039786,,,,DAILY_RUNTIME_DEPENDENCY_LEDGER_STRICT_PRIOR_DATE_REQUIRED
2013-12-03,113.90625,113.95249135113784,113.84138757649518,0.11110377464265753,0.011145250238039786,,,,DAILY_RUNTIME_DEPENDENCY_LEDGER_STRICT_PRIOR_DATE_REQUIRED
2013-12-04,113.671875,113.91947766276868,113.83617180491072,0.0833058578579653,0.01307630339824406,,,,DAILY_RUNTIME_DEPENDENCY_LEDGER_STRICT_PRIOR_DATE_REQUIRED
2013-12-04,113.671875,113.89034793773708,113.83111651860578,0.059231419131293706,0.01307630339824406,,,,DAILY_RUNTIME_DEPENDENCY_LEDGER_STRICT_PRIOR_DATE_REQUIRED
2013-12-05,113.4375,113.837071709768,113.81900524111022,0.0180664686577785,0.014578052028411628,,,,DAILY_RUNTIME_DEPENDENCY_LEDGER_STRICT_PRIOR_DATE_REQUIRED
2013-12-05,113.4375,113.7900632733247,113.80726661830683,-0.017203344982121394,0.014578052028411628,,,,DAILY_RUNTIME_DEPENDENCY_LEDGER_STRICT_PRIOR_DATE_REQUIRED
2013-12-06,113.40625,113.74490877058062,113.79492764543585,-0.05001887485522616,0.013555182904789548,,,,DAILY_RUNTIME_DEPENDENCY_LEDGER_STRICT_PRIOR_DATE_REQUIRED
2013-12-06,113.40625,113.70506656227701,113.78296833326858,-0.07790177099157347,0.013555182904789548,,,,DAILY_RUNTIME_DEPENDENCY_LEDGER_STRICT_PRIOR_DATE_REQUIRED
2013-12-08,113.359375,113.664396966715,113.76993469224495,-0.1055377255299419,0.012686217300249429,,,,DAILY_RUNTIME_DEPENDENCY_LEDGER_STRICT_PRIOR_DATE_REQUIRED
2013-12-08,113.359375,113.62851202945441,113.75730208632972,-0.1287900568753031,0.012686217300249429,,,,DAILY_RUNTIME_DEPENDENCY_LEDGER_STRICT_PRIOR_DATE_REQUIRED
2013-12-09,113.4375,113.60604002598919,113.74746202213495,-0.14142199614576612,0.0120515493203145,,,,DAILY_RUNTIME_DEPENDENCY_LEDGER_STRICT_PRIOR_DATE_REQUIRED
2013-12-09,113.4375,113.58621178763751,113.73792472914619,-0.1517129415086771,0.0120515493203145,,,,DAILY_RUNTIME_DEPENDENCY_LEDGER_STRICT_PRIOR_DATE_REQUIRED
2013-12-10,113.5390625,113.58066481262134,113.7318058913263,-0.15114107870496696,0.011737169482291854,,,,DAILY_RUNTIME_DEPENDENCY_LEDGER_STRICT_PRIOR_DATE_REQUIRED
2013-12-10,113.5390625,113.57577042290117,113.72587532543933,-0.15010490253816045,0.011737169482291854,,,,DAILY_RUNTIME_DEPENDENCY_LEDGER_STRICT_PRIOR_DATE_REQUIRED
2013-12-11,113.359375,113.55031213785398,113.71459839234889,-0.16428625449491108,0.012554649932829242,,,,DAILY_RUNTIME_DEPENDENCY_LEDGER_STRICT_PRIOR_DATE_REQUIRED
2013-12-11,113.359375,113.52784894516526,113.70366844181508,-0.17581949664982233,0.012554649932829242,,,,DAILY_RUNTIME_DEPENDENCY_LEDGER_STRICT_PRIOR_DATE_REQUIRED
2013-12-12,113.1953125,113.48872701043993,113.68802672052847,-0.19929971008853897,0.013018189777957948,,,,DAILY_RUNTIME_DEPENDENCY_LEDGER_STRICT_PRIOR_DATE_REQUIRED
2013-12-12,113.1953125,113.45420765627053,113.67286628297376,-0.2186586267032311,0.013018189777957948,,,,DAILY_RUNTIME_DEPENDENCY_LEDGER_STRICT_PRIOR_DATE_REQUIRED
2013-12-13,113.21875,113.42650675553281,113.65889347426688,-0.23238671873406247,0.012131595228835562,,,,DAILY_RUNTIME_DEPENDENCY_LEDGER_STRICT_PRIOR_DATE_REQUIRED
2013-12-13,113.21875,113.40206478429366,113.64535059813558,-0.24328581384192205,0.012131595228835562,,,,DAILY_RUNTIME_DEPENDENCY_LEDGER_STRICT_PRIOR_DATE_REQUIRED
2013-12-15,113.1796875,113.37590275084735,113.63102250280834,-0.25511975196099,0.011414043782320206,,,,DAILY_RUNTIME_DEPENDENCY_LEDGER_STRICT_PRIOR_DATE_REQUIRED
2013-12-15,113.1796875,113.35281860368883,113.61713527195269,-0.26431666826385936,0.011414043782320206,,,,DAILY_RUNTIME_DEPENDENCY_LEDGER_STRICT_PRIOR_DATE_REQUIRED
2013-12-16,113.234375,113.33888406207838,113.60535803281569,-0.2664739707373087,0.010807884823549685,,,,DAILY_RUNTIME_DEPENDENCY_LEDGER_STRICT_PRIOR_DATE_REQUIRED
2013-12-16,113.234375,113.32658887830445,113.59394317026752,-0.26735429196307336,0.010807884823549685,,,,DAILY_RUNTIME_DEPENDENCY_LEDGER_STRICT_PRIOR_DATE_REQUIRED
2013-12-17,113.4140625,113.33687989262157,113.58840838041313,-0.25152848779156045,0.01180376867030724,,,,DAILY_RUNTIME_DEPENDENCY_LEDGER_STRICT_PRIOR_DATE_REQUIRED
2013-12-17,113.4140625,113.34596019937197,113.58304389178502,-0.2370836924130515,0.01180376867030724,,,,DAILY_RUNTIME_DEPENDENCY_LEDGER_STRICT_PRIOR_DATE_REQUIRED
2013-12-18,113.2265625,113.33191341121056,113.57207523357626,-0.2401618223656925,0.012755578134086001,,,,DAILY_RUNTIME_DEPENDENCY_LEDGER_STRICT_PRIOR_DATE_REQUIRED
2013-12-18,113.2265625,113.31951918636227,113.56144407254315,-0.24192488618088248,0.012755578134086001,,,,DAILY_RUNTIME_DEPENDENCY_LEDGER_STRICT_PRIOR_DATE_REQUIRED
2013-12-19,112.875,113.26722281149613,113.5403227164649,-0.2730999049687739,0.016848167606512282,,,,DAILY_RUNTIME_DEPENDENCY_LEDGER_STRICT_PRIOR_DATE_REQUIRED
2013-12-19,112.875,113.22107895132011,113.51985124826598,-0.29877229694587015,0.016848167606512282,,,,DAILY_RUNTIME_DEPENDENCY_LEDGER_STRICT_PRIOR_DATE_REQUIRED
2013-12-20,112.7265625,113.16290054528245,113.49544236370396,-0.3325418184215039,0.016334313258361943,,,,DAILY_RUNTIME_DEPENDENCY_LEDGER_STRICT_PRIOR_DATE_REQUIRED
2013-12-20,112.7265625,113.11156665760217,113.47178452174384,-0.3602178641416742,0.016334313258361943,,,,DAILY_RUNTIME_DEPENDENCY_LEDGER_STRICT_PRIOR_DATE_REQUIRED
2013-12-22,112.671875,113.05983822729603,113.4471719210748,-0.38733369377877125,0.015387942718898269,,,,DAILY_RUNTIME_DEPENDENCY_LEDGER_STRICT_PRIOR_DATE_REQUIRED
2013-12-22,112.671875,113.01419549467296,113.42331663119558,-0.4091211365226144,0.015387942718898269,,,,DAILY_RUNTIME_DEPENDENCY_LEDGER_STRICT_PRIOR_DATE_REQUIRED
2013-12-23,112.6015625,112.96565043647614,113.39803188869725,-0.432381452221108,0.014362700439936073,,,,DAILY_RUNTIME_DEPENDENCY_LEDGER_STRICT_PRIOR_DATE_REQUIRED
2013-12-23,112.6015625,112.92281656159659,113.3735251382758,-0.4507085766792045,0.014362700439936073,,,,DAILY_RUNTIME_DEPENDENCY_LEDGER_STRICT_PRIOR_DATE_REQUIRED
2013-12-24,112.3984375,112.8611249072911,113.34352244171346,-0.4823975344223612,0.0148690631353617,,,,DAILY_RUNTIME_DEPENDENCY_LEDGER_STRICT_PRIOR_DATE_REQUIRED
2013-12-24,112.3984375,112.80669109466861,113.31444290504535,-0.507751810376746,0.0148690631353617,,,,DAILY_RUNTIME_DEPENDENCY_LEDGER_STRICT_PRIOR_DATE_REQUIRED
2013-12-26,112.3984375,112.7586612600017,113.28625812335164,-0.5275968633499417,0.013962551793808639,,,,DAILY_RUNTIME_DEPENDENCY_LEDGER_STRICT_PRIOR_DATE_REQUIRED
2013-12-26,112.3984375,112.71628199411914,113.25894056571005,-0.5426585715909056,0.013962551793808639,,,,DAILY_RUNTIME_DEPENDENCY_LEDGER_STRICT_PRIOR_DATE_REQUIRED
2013-12-27,112.40625,112.67980764186983,113.23270393291898,-0.5528962910491515,0.01310617881991238,,,,DAILY_RUNTIME_DEPENDENCY_LEDGER_STRICT_PRIOR_DATE_REQUIRED
2013-12-27,112.40625,112.64762438988514,113.20727458113686,-0.5596501912517198,0.01310617881991238,,,,DAILY_RUNTIME_DEPENDENCY_LEDGER_STRICT_PRIOR_DATE_REQUIRED
2013-12-29,112.40625,112.61922740283983,113.18262767094804,-0.5634002681082109,0.012273783332278208,,,,DAILY_RUNTIME_DEPENDENCY_LEDGER_STRICT_PRIOR_DATE_REQUIRED
2013-12-29,112.40625,112.59417123779984,113.15873912722657,-0.5645678894267263,0.012273783332278208,,,,DAILY_RUNTIME_DEPENDENCY_LEDGER_STRICT_PRIOR_DATE_REQUIRED
2013-12-30,112.5234375,112.58584962158808,113.13919138485036,-0.5533417632622815,0.012132600806127426,,,,DAILY_RUNTIME_DEPENDENCY_LEDGER_STRICT_PRIOR_DATE_REQUIRED
2013-12-30,112.5234375,112.5785070190483,113.12024511147035,-0.541738092422051,0.012132600806127426,,,,DAILY_RUNTIME_DEPENDENCY_LEDGER_STRICT_PRIOR_DATE_REQUIRED
2013-12-31,112.4140625,112.5591606050426,113.0985164157328,-0.5393558106901963,0.011778443572191124,,,,DAILY_RUNTIME_DEPENDENCY_LEDGER_STRICT_PRIOR_DATE_REQUIRED
2013-12-31,112.4140625,112.54209023974347,113.07745629524872,-0.53536605550525,0.011778443572191124,,,,DAILY_RUNTIME_DEPENDENCY_LEDGER_STRICT_PRIOR_DATE_REQUIRED
2014-01-02,112.4921875,112.53621932918541,113.05944802462568,-0.5232286954402667,0.011195353486620688,,,,DAILY_RUNTIME_DEPENDENCY_LEDGER_STRICT_PRIOR_DATE_REQUIRED
2014-01-02,112.4921875,112.53103911398712,113.0419938546372,-0.5109547406500781,0.011195353486620688,,,,DAILY_RUNTIME_DEPENDENCY_LEDGER_STRICT_PRIOR_DATE_REQUIRED
2014-01-03,112.4375,112.52003451234158,113.02339404372529,-0.5033595313837083,0.010675398764734348,,,,DAILY_RUNTIME_DEPENDENCY_LEDGER_STRICT_PRIOR_DATE_REQUIRED
2014-01-03,112.4375,112.51032456971316,113.0053665346876,-0.4950419649744333,0.010675398764734348,,,,DAILY_RUNTIME_DEPENDENCY_LEDGER_STRICT_PRIOR_DATE_REQUIRED
2014-01-05,112.375,112.49440403209985,112.98597064131259,-0.49156660921273954,0.01023902667717825,,,,DAILY_RUNTIME_DEPENDENCY_LEDGER_STRICT_PRIOR_DATE_REQUIRED
2014-01-05,112.375,112.48035649891163,112.96717154465682,-0.48681504574518897,0.01023902667717825,,,,DAILY_RUNTIME_DEPENDENCY_LEDGER_STRICT_PRIOR_DATE_REQUIRED
2014-01-06,112.6640625,112.50196896962791,112.95784511251354,-0.4558761428856286,0.013729269930064519,,,,DAILY_RUNTIME_DEPENDENCY_LEDGER_STRICT_PRIOR_DATE_REQUIRED
2014-01-06,112.6640625,112.52103879673051,112.94880564751313,-0.4277668507826178,0.013729269930064519,,,,DAILY_RUNTIME_DEPENDENCY_LEDGER_STRICT_PRIOR_DATE_REQUIRED
2014-01-07,112.6875,112.5406224677034,112.9407654737435,-0.40014300604009634,0.012728101610286445,,,,DAILY_RUNTIME_DEPENDENCY_LEDGER_STRICT_PRIOR_DATE_REQUIRED
2014-01-07,112.6875,112.55790217738536,112.93297268993601,-0.37507051255064994,0.012728101610286445,,,,DAILY_RUNTIME_DEPENDENCY_LEDGER_STRICT_PRIOR_DATE_REQUIRED
2014-01-08,112.3125,112.52903133298709,112.91388122255337,-0.38484988956628285,0.017291016223819244,,,,DAILY_RUNTIME_DEPENDENCY_LEDGER_STRICT_PRIOR_DATE_REQUIRED
2014-01-08,112.3125,112.50355705851803,112.89537718493635,-0.39182012641832387,0.017291016223819244,,,,DAILY_RUNTIME_DEPENDENCY_LEDGER_STRICT_PRIOR_DATE_REQUIRED
2014-01-09,112.328125,112.48291799281003,112.87792327155368,-0.3950052787436533,0.01565617474286757,,,,DAILY_RUNTIME_DEPENDENCY_LEDGER_STRICT_PRIOR_DATE_REQUIRED
2014-01-09,112.328125,112.46470705247944,112.86100640165972,-0.396299349180282,0.01565617474286757,,,,DAILY_RUNTIME_DEPENDENCY_LEDGER_STRICT_PRIOR_DATE_REQUIRED
2014-01-10,112.9921875,112.52676357571715,112.86504274314711,-0.33827916742995967,0.026875256647177624,,,,DAILY_RUNTIME_DEPENDENCY_LEDGER_STRICT_PRIOR_DATE_REQUIRED
2014-01-10,112.9921875,112.58151933151514,112.86895488951181,-0.2874355579966732,0.026875256647177624,,,,DAILY_RUNTIME_DEPENDENCY_LEDGER_STRICT_PRIOR_DATE_REQUIRED
2014-01-12,113.03125,112.63442882192511,112.87394858521914,-0.2395197632940267,0.0252717506681062,,,,DAILY_RUNTIME_DEPENDENCY_LEDGER_STRICT_PRIOR_DATE_REQUIRED
2014-01-12,113.03125,112.68111366640451,112.87878862875085,-0.19767496234634052,0.0252717506681062,,,,DAILY_RUNTIME_DEPENDENCY_LEDGER_STRICT_PRIOR_DATE_REQUIRED
2014-01-13,113.1171875,112.73241647035692,112.88612397863544,-0.1537075082785151,0.02390086051360007,,,,DAILY_RUNTIME_DEPENDENCY_LEDGER_STRICT_PRIOR_DATE_REQUIRED
2014-01-13,113.1171875,112.77768365031493,112.89323362544665,-0.11554997513172793,0.02390086051360007,,,,DAILY_RUNTIME_DEPENDENCY_LEDGER_STRICT_PRIOR_DATE_REQUIRED
2014-01-14,112.8671875,112.78821351498375,112.89243220620214,-0.10421869121839222,0.023851278241181086,,,,DAILY_RUNTIME_DEPENDENCY_LEDGER_STRICT_PRIOR_DATE_REQUIRED
2014-01-14,112.8671875,112.79750457204449,112.89165544601131,-0.09415087396682509,0.023851278241181086,,,,DAILY_RUNTIME_DEPENDENCY_LEDGER_STRICT_PRIOR_DATE_REQUIRED
2014-01-15,112.734375,112.79007756356866,112.8868160476725,-0.09673848410383812,0.022851665820766035,,,,DAILY_RUNTIME_DEPENDENCY_LEDGER_STRICT_PRIOR_DATE_REQUIRED
2014-01-15,112.734375,112.78352432079588,112.88212555389796,-0.09860123310208735,0.022851665820766035,,,,DAILY_RUNTIME_DEPENDENCY_LEDGER_STRICT_PRIOR_DATE_REQUIRED
2014-01-16,112.90625,112.79796263599636,112.88286784454725,-0.08490520855089301,0.022241589153280106,,,,DAILY_RUNTIME_DEPENDENCY_LEDGER_STRICT_PRIOR_DATE_REQUIRED
2014-01-16,112.90625,112.81070232587913,112.88358729548425,-0.07288496960511281,0.022241589153280106,,,,DAILY_RUNTIME_DEPENDENCY_LEDGER_STRICT_PRIOR_DATE_REQUIRED
2014-01-17,112.9765625,112.83021528754041,112.88644807100782,-0.0562327834674079,0.02102844521605392,,,,DAILY_RUNTIME_DEPENDENCY_LEDGER_STRICT_PRIOR_DATE_REQUIRED
2014-01-17,112.9765625,112.8474326066533,112.88922082266912,-0.04178821601581717,0.02102844521605392,,,,DAILY_RUNTIME_DEPENDENCY_LEDGER_STRICT_PRIOR_DATE_REQUIRED
2014-01-20,112.9765625,112.86262435881174,112.89190825889469,-0.02928390008294457,0.019699690719664674,,,,DAILY_RUNTIME_DEPENDENCY_LEDGER_STRICT_PRIOR_DATE_REQUIRED
2014-01-20,112.9765625,112.87602884601036,112.89451300477485,-0.01848415876449394,0.019699690719664674,,,,DAILY_RUNTIME_DEPENDENCY_LEDGER_STRICT_PRIOR_DATE_REQUIRED
2014-01-21,112.875,112.87590780530326,112.89391260462793,-0.018004799324671694,0.018771779113450574,,,,DAILY_RUNTIME_DEPENDENCY_LEDGER_STRICT_PRIOR_DATE_REQUIRED
2014-01-21,112.875,112.87580100467935,112.89333067833168,-0.0175296736523336,0.018771779113450574,,,,DAILY_RUNTIME_DEPENDENCY_LEDGER_STRICT_PRIOR_DATE_REQUIRED
2014-01-22,112.6015625,112.84353765118766,112.88435319592148,-0.04081554473381743,0.01988819796477604,,,,DAILY_RUNTIME_DEPENDENCY_LEDGER_STRICT_PRIOR_DATE_REQUIRED
2014-01-22,112.6015625,112.81506998634205,112.87565194373929,-0.0605819573972326,0.01988819796477604,,,,DAILY_RUNTIME_DEPENDENCY_LEDGER_STRICT_PRIOR_DATE_REQUIRED
2014-01-23,113.1484375,112.85428969383122,112.88404534547038,-0.029755651639163716,0.026312951291073427,,,,DAILY_RUNTIME_DEPENDENCY_LEDGER_STRICT_PRIOR_DATE_REQUIRED
2014-01-23,113.1484375,112.88889531808637,112.89218048868668,-0.0032851706003071968,0.026312951291073427,,,,DAILY_RUNTIME_DEPENDENCY_LEDGER_STRICT_PRIOR_DATE_REQUIRED
2014-01-24,113.4453125,112.95435616301738,112.90919993518862,0.04515622782875539,0.026659276184456022,,,,DAILY_RUNTIME_DEPENDENCY_LEDGER_STRICT_PRIOR_DATE_REQUIRED
2014-01-24,113.4453125,113.01211573207415,112.92569570641358,0.08642002566057272,0.026659276184456022,,,,DAILY_RUNTIME_DEPENDENCY_LEDGER_STRICT_PRIOR_DATE_REQUIRED
2014-01-26,113.4296875,113.06124182241837,112.94120314621624,0.12003867620212816,0.02478736675817525,,,,DAILY_RUNTIME_DEPENDENCY_LEDGER_STRICT_PRIOR_DATE_REQUIRED
2014-01-26,113.4296875,113.10458837272209,112.95623343402497,0.1483549386971248,0.02478736675817525,,,,DAILY_RUNTIME_DEPENDENCY_LEDGER_STRICT_PRIOR_DATE_REQUIRED
2014-01-27,113.2578125,113.12261474063713,112.96551278990111,0.1571019507360205,0.023991133977500988,,,,DAILY_RUNTIME_DEPENDENCY_LEDGER_STRICT_PRIOR_DATE_REQUIRED
2014-01-27,113.2578125,113.13852035938571,112.97450662713493,0.16401373225077975,0.023991133977500988,,,,DAILY_RUNTIME_DEPENDENCY_LEDGER_STRICT_PRIOR_DATE_REQUIRED
2014-01-28,113.234375,113.14979737592857,112.98250257706924,0.16729479885933074,0.022061657589568975,,,,DAILY_RUNTIME_DEPENDENCY_LEDGER_STRICT_PRIOR_DATE_REQUIRED
2014-01-28,113.234375,113.15974768464287,112.9902524977748,0.16949518686806186,0.022061657589568975,,,,DAILY_RUNTIME_DEPENDENCY_LEDGER_STRICT_PRIOR_DATE_REQUIRED
2014-01-29,113.59375,113.21080678056722,113.00882165168943,0.2019851288777943,0.024005750863216473,,,,DAILY_RUNTIME_DEPENDENCY_LEDGER_STRICT_PRIOR_DATE_REQUIRED
2014-01-29,113.59375,113.2558589240299,113.02681944702206,0.22903947700783078,0.024005750863216473,,,,DAILY_RUNTIME_DEPENDENCY_LEDGER_STRICT_PRIOR_DATE_REQUIRED
2014-01-30,113.609375,113.2974490506146,113.04474423326755,0.25270481734705186,0.020974371818933465,,,,DAILY_RUNTIME_DEPENDENCY_LEDGER_STRICT_PRIOR_DATE_REQUIRED
2014-01-30,113.609375,113.33414622113052,113.06211748762856,0.2720287335019691,0.020974371818933465,,,,DAILY_RUNTIME_DEPENDENCY_LEDGER_STRICT_PRIOR_DATE_REQUIRED
2014-01-31,113.84375,113.39409960687986,113.08616771877844,0.3079318881014217,0.0212134361610983,,,,DAILY_RUNTIME_DEPENDENCY_LEDGER_STRICT_PRIOR_DATE_REQUIRED
2014-01-31,113.84375,113.44699965312928,113.10947794281603,0.3375217103132542,0.0212134361610983,,,,DAILY_RUNTIME_DEPENDENCY_LEDGER_STRICT_PRIOR_DATE_REQUIRED
2014-02-02,113.765625,113.48448498805526,113.12966708303708,0.3548179050181801,0.02007088690664925,,,,DAILY_RUNTIME_DEPENDENCY_LEDGER_STRICT_PRIOR_DATE_REQUIRED
2014-02-02,113.765625,113.51756028357818,113.14923501894364,0.3683252646345352,0.02007088690664925,,,,DAILY_RUNTIME_DEPENDENCY_LEDGER_STRICT_PRIOR_DATE_REQUIRED
2014-02-03,114.0546875,113.58075172080427,113.17709509528385,0.40365662552042636,0.020975159338060267,,,,DAILY_RUNTIME_DEPENDENCY_LEDGER_STRICT_PRIOR_DATE_REQUIRED
2014-02-03,114.0546875,113.63650887129789,113.20409793850588,0.4324109327920098,0.020975159338060267,,,,DAILY_RUNTIME_DEPENDENCY_LEDGER_STRICT_PRIOR_DATE_REQUIRED
2014-02-04,113.96875,113.6755960629099,113.22762569424417,0.4479703686657359,0.019844148565699403,,,,DAILY_RUNTIME_DEPENDENCY_LEDGER_STRICT_PRIOR_DATE_REQUIRED
2014-02-04,113.96875,113.71008476139109,113.25042951903666,0.45965524235442956,0.019844148565699403,,,,DAILY_RUNTIME_DEPENDENCY_LEDGER_STRICT_PRIOR_DATE_REQUIRED
2014-02-05,113.890625,113.73132478946272,113.27012784152784,0.4611969479348801,0.018702176004993215,,,,DAILY_RUNTIME_DEPENDENCY_LEDGER_STRICT_PRIOR_DATE_REQUIRED
2014-02-05,113.890625,113.75006599070238,113.28922006178851,0.46084592891386933,0.018702176004993215,,,,DAILY_RUNTIME_DEPENDENCY_LEDGER_STRICT_PRIOR_DATE_REQUIRED
2014-02-06,113.78125,113.75373469767857,113.30435944450271,0.4493752531758588,0.01792587877569939,,,,DAILY_RUNTIME_DEPENDENCY_LEDGER_STRICT_PRIOR_DATE_REQUIRED
2014-02-06,113.78125,113.75697179206932,113.31903300005646,0.4379387920128579,0.01792587877569939,,,,DAILY_RUNTIME_DEPENDENCY_LEDGER_STRICT_PRIOR_DATE_REQUIRED
2014-02-07,114.0,113.78556334594352,113.33998583082396,0.44557751511955246,0.018369510216240354,,,,DAILY_RUNTIME_DEPENDENCY_LEDGER_STRICT_PRIOR_DATE_REQUIRED
2014-02-07,114.0,113.81079118759722,113.3602939591063,0.4504972284909172,0.018369510216240354,,,,DAILY_RUNTIME_DEPENDENCY_LEDGER_STRICT_PRIOR_DATE_REQUIRED
2014-02-09,114.0078125,113.83397016552695,113.38021760651841,0.4537525590085352,0.01721197526492244,,,,DAILY_RUNTIME_DEPENDENCY_LEDGER_STRICT_PRIOR_DATE_REQUIRED
2014-02-09,114.0078125,113.85442220487671,113.39952821862553,0.4548939862511787,0.01721197526492244,,,,DAILY_RUNTIME_DEPENDENCY_LEDGER_STRICT_PRIOR_DATE_REQUIRED
2014-02-10,113.984375,113.86971076900886,113.41752350420629,0.4521872648025749,0.015826529302748218,,,,DAILY_RUNTIME_DEPENDENCY_LEDGER_STRICT_PRIOR_DATE_REQUIRED
2014-02-10,113.984375,113.88320067853722,113.43496508869224,0.4482355898449839,0.015826529302748218,,,,DAILY_RUNTIME_DEPENDENCY_LEDGER_STRICT_PRIOR_DATE_REQUIRED
2014-02-11,113.7265625,113.86477265753284,113.44393731673247,0.420835340800366,0.015783034753727523,,,,DAILY_RUNTIME_DEPENDENCY_LEDGER_STRICT_PRIOR_DATE_REQUIRED
2014-02-11,113.7265625,113.84851263899955,113.45263347621763,0.3958791627819238,0.015783034753727523,,,,DAILY_RUNTIME_DEPENDENCY_LEDGER_STRICT_PRIOR_DATE_REQUIRED
2014-02-12,113.59375,113.81854056382312,113.45697552310324,0.3615650407198814,0.01503768517089983,,,,DAILY_RUNTIME_DEPENDENCY_LEDGER_STRICT_PRIOR_DATE_REQUIRED
2014-02-12,113.59375,113.79209461513804,113.46118396854621,0.3309106465918319,0.01503768517089983,,,,DAILY_RUNTIME_DEPENDENCY_LEDGER_STRICT_PRIOR_DATE_REQUIRED
2014-02-13,113.8359375,113.79725260159239,113.4727148464371,0.3245377551552906,0.016302366427294962,,,,DAILY_RUNTIME_DEPENDENCY_LEDGER_STRICT_PRIOR_DATE_REQUIRED
2014-02-13,113.8359375,113.80180376611092,113.48389092808519,0.3179128380257339,0.016302366427294962,,,,DAILY_RUNTIME_DEPENDENCY_LEDGER_STRICT_PRIOR_DATE_REQUIRED
2014-02-14,113.78125,113.79938567598023,113.49304043799026,0.30634523798997293,0.015276353636575387,,,,DAILY_RUNTIME_DEPENDENCY_LEDGER_STRICT_PRIOR_DATE_REQUIRED
2014-02-14,113.78125,113.79725206704138,113.50190842451363,0.29534364252775447,0.015276353636575387,,,,DAILY_RUNTIME_DEPENDENCY_LEDGER_STRICT_PRIOR_DATE_REQUIRED
2014-02-17,113.765625,113.79353123562476,113.51002278068245,0.28350845494230725,0.014357147774638373,,,,DAILY_RUNTIME_DEPENDENCY_LEDGER_STRICT_PRIOR_DATE_REQUIRED
2014-02-17,113.765625,113.79024814908067,113.51788746435375,0.27236068472691954,0.014357147774638373,,,,DAILY_RUNTIME_DEPENDENCY_LEDGER_STRICT_PRIOR_DATE_REQUIRED
2014-02-18,114.0,113.81492483742412,113.5327216962198,0.2822031412043202,0.014963414757415467,,,,DAILY_RUNTIME_DEPENDENCY_LEDGER_STRICT_PRIOR_DATE_REQUIRED
2014-02-18,114.0,113.83669838596245,113.54709949018226,0.2895988957801876,0.014963414757415467,,,,DAILY_RUNTIME_DEPENDENCY_LEDGER_STRICT_PRIOR_DATE_REQUIRED
2014-02-19,113.8515625,113.83844710526098,113.55646758279204,0.2819795224689443,0.014908371519251902,,,,DAILY_RUNTIME_DEPENDENCY_LEDGER_STRICT_PRIOR_DATE_REQUIRED
2014-02-19,113.8515625,113.83999009287733,113.56554742639844,0.2744426664788904,0.014908371519251902,,,,DAILY_RUNTIME_DEPENDENCY_LEDGER_STRICT_PRIOR_DATE_REQUIRED
2014-02-20,113.7109375,113.82480743489175,113.57002096712465,0.25478646776710434,0.014490747596504486,,,,DAILY_RUNTIME_DEPENDENCY_LEDGER_STRICT_PRIOR_DATE_REQUIRED
2014-02-20,113.7109375,113.81141097196331,113.5743568604439,0.2370541115194129,0.014490747596504486,,,,DAILY_RUNTIME_DEPENDENCY_LEDGER_STRICT_PRIOR_DATE_REQUIRED
2014-02-21,113.75,113.80418615173232,113.57976126473794,0.22442488699438456,0.013641567592802563,,,,DAILY_RUNTIME_DEPENDENCY_LEDGER_STRICT_PRIOR_DATE_REQUIRED
2014-02-21,113.75,113.79781131035205,113.58499937966909,0.21281193068296034,0.013641567592802563,,,,DAILY_RUNTIME_DEPENDENCY_LEDGER_STRICT_PRIOR_DATE_REQUIRED
2014-02-23,113.734375,113.79034821501651,113.58959555260235,0.20075266241416045,0.012319424324496288,,,,DAILY_RUNTIME_DEPENDENCY_LEDGER_STRICT_PRIOR_DATE_REQUIRED
2014-02-23,113.734375,113.78376313089692,113.59405030482998,0.18971282606693762,0.012319424324496288,,,,DAILY_RUNTIME_DEPENDENCY_LEDGER_STRICT_PRIOR_DATE_REQUIRED
2014-02-24,113.7109375,113.77519540961492,113.59764683391214,0.1775485757027866,0.01155116243761758,,,,DAILY_RUNTIME_DEPENDENCY_LEDGER_STRICT_PRIOR_DATE_REQUIRED
2014-02-24,113.7109375,113.76763565554258,113.601132700561,0.1665029549815813,0.01155116243761758,,,,DAILY_RUNTIME_DEPENDENCY_LEDGER_STRICT_PRIOR_DATE_REQUIRED
2014-02-25,113.859375,113.77842851959639,113.6090786174668,0.16934990212958212,0.011901941098936646,,,,DAILY_RUNTIME_DEPENDENCY_LEDGER_STRICT_PRIOR_DATE_REQUIRED
2014-02-25,113.859375,113.78795163493798,113.61678004462166,0.17117159031631957,0.011901941098936646,,,,DAILY_RUNTIME_DEPENDENCY_LEDGER_STRICT_PRIOR_DATE_REQUIRED
2014-02-26,114.0546875,113.81933232494528,113.63025412017177,0.18907820477350867,0.01288701424040511,,,,DAILY_RUNTIME_DEPENDENCY_LEDGER_STRICT_PRIOR_DATE_REQUIRED
2014-02-26,114.0546875,113.84702116906936,113.64331360878188,0.2037075602874836,0.01288701424040511,,,,DAILY_RUNTIME_DEPENDENCY_LEDGER_STRICT_PRIOR_DATE_REQUIRED
2014-02-27,114.1484375,113.88248191388473,113.65885588235783,0.22362603152690497,0.012211315825301378,,,,DAILY_RUNTIME_DEPENDENCY_LEDGER_STRICT_PRIOR_DATE_REQUIRED
2014-02-27,114.1484375,113.91377080636889,113.67391993213144,0.23985087423744744,0.012211315825301378,,,,DAILY_RUNTIME_DEPENDENCY_LEDGER_STRICT_PRIOR_DATE_REQUIRED
2014-02-28,114.0703125,113.93218747620784,113.6861166265274,0.24607084968045,0.011764659766270969,,,,DAILY_RUNTIME_DEPENDENCY_LEDGER_STRICT_PRIOR_DATE_REQUIRED
2014-02-28,114.0703125,113.94843747900691,113.69793803801886,0.250499440988051,0.011764659766270969,,,,DAILY_RUNTIME_DEPENDENCY_LEDGER_STRICT_PRIOR_DATE_REQUIRED
2014-03-02,114.296875,113.98943012853552,113.71636686761828,0.2730632609172403,0.013399673740457026,,,,DAILY_RUNTIME_DEPENDENCY_LEDGER_STRICT_PRIOR_DATE_REQUIRED
2014-03-02,114.296875,114.02560011341369,113.73422865630694,0.2913714571067487,0.013399673740457026,,,,DAILY_RUNTIME_DEPENDENCY_LEDGER_STRICT_PRIOR_DATE_REQUIRED
2014-03-03,114.25,114.0520001000709,113.7500985438052,0.3019015562657046,0.01228063581366076,,,,DAILY_RUNTIME_DEPENDENCY_LEDGER_STRICT_PRIOR_DATE_REQUIRED
2014-03-03,114.25,114.0752942059449,113.76548012707273,0.30981407887216506,0.01228063581366076,,,,DAILY_RUNTIME_DEPENDENCY_LEDGER_STRICT_PRIOR_DATE_REQUIRED
2014-03-04,113.9375,114.05908312289256,113.77077304623973,0.28831007665283437,0.015473865961417508,,,,DAILY_RUNTIME_DEPENDENCY_LEDGER_STRICT_PRIOR_DATE_REQUIRED
2014-03-04,113.9375,114.04477922608167,113.77590310635543,0.2688761197262437,0.015473865961417508,,,,DAILY_RUNTIME_DEPENDENCY_LEDGER_STRICT_PRIOR_DATE_REQUIRED
2014-03-05,113.9140625,114.02940078771913,113.78015416462141,0.2492466230977186,0.014246166755988388,,,,DAILY_RUNTIME_DEPENDENCY_LEDGER_STRICT_PRIOR_DATE_REQUIRED
2014-03-05,113.9140625,114.01583157739923,113.7842744210946,0.23155715630463192,0.014246166755988388,,,,DAILY_RUNTIME_DEPENDENCY_LEDGER_STRICT_PRIOR_DATE_REQUIRED
2014-03-06,113.78125,113.98823374476402,113.784181361984,0.20405238278002003,0.014087417881355735,,,,DAILY_RUNTIME_DEPENDENCY_LEDGER_STRICT_PRIOR_DATE_REQUIRED
2014-03-06,113.78125,113.96388271596825,113.78409116623064,0.17979154973761524,0.014087417881355735,,,,DAILY_RUNTIME_DEPENDENCY_LEDGER_STRICT_PRIOR_DATE_REQUIRED
2014-03-07,113.4609375,113.90471269056022,113.77414797650047,0.13056471405974435,0.01704697661955679,,,,DAILY_RUNTIME_DEPENDENCY_LEDGER_STRICT_PRIOR_DATE_REQUIRED
2014-03-07,113.4609375,113.85250384461195,113.76451073106969,0.08799311354225381,0.01704697661955679,,,,DAILY_RUNTIME_DEPENDENCY_LEDGER_STRICT_PRIOR_DATE_REQUIRED
2014-03-09,113.46875,113.80735633348112,113.75541040088292,0.05194593259820124,0.015752633515058012,,,,DAILY_RUNTIME_DEPENDENCY_LEDGER_STRICT_PRIOR_DATE_REQUIRED
2014-03-09,113.46875,113.76752029424804,113.74659008085575,0.020930213392290398,0.015752633515058012,,,,DAILY_RUNTIME_DEPENDENCY_LEDGER_STRICT_PRIOR_DATE_REQUIRED
2014-03-10,113.5234375,113.73880467139533,113.73972384759865,-0.0009191762033253781,0.014799398596785421,,,,DAILY_RUNTIME_DEPENDENCY_LEDGER_STRICT_PRIOR_DATE_REQUIRED
2014-03-10,113.5234375,113.71346735711353,113.73306888305716,-0.019601525943627962,0.014799398596785421,,,,DAILY_RUNTIME_DEPENDENCY_LEDGER_STRICT_PRIOR_DATE_REQUIRED
2014-03-11,113.6015625,113.70030207980605,113.72902253280924,-0.028720453003188595,0.014041859860128457,,,,DAILY_RUNTIME_DEPENDENCY_LEDGER_STRICT_PRIOR_DATE_REQUIRED
2014-03-11,113.6015625,113.68868565865239,113.72510068564587,-0.03641502699348109,0.014041859860128457,,,,DAILY_RUNTIME_DEPENDENCY_LEDGER_STRICT_PRIOR_DATE_REQUIRED
2014-03-12,113.7265625,113.69314175763445,113.72514566454907,-0.032003906914624736,0.013835170780824722,,,,DAILY_RUNTIME_DEPENDENCY_LEDGER_STRICT_PRIOR_DATE_REQUIRED
2014-03-12,113.7265625,113.69707360967745,113.72518925948603,-0.0281156498085835,0.013835170780824722,,,,DAILY_RUNTIME_DEPENDENCY_LEDGER_STRICT_PRIOR_DATE_REQUIRED
2014-03-13,114.0625,113.74006494971539,113.73556805150184,0.004496898213545819,0.017206102692513398,,,,DAILY_RUNTIME_DEPENDENCY_LEDGER_STRICT_PRIOR_DATE_REQUIRED
2014-03-13,114.0625,113.77799848504299,113.74562749607102,0.03237098897196233,0.017206102692513398,,,,DAILY_RUNTIME_DEPENDENCY_LEDGER_STRICT_PRIOR_DATE_REQUIRED
2014-03-14,113.96875,113.8004398397438,113.75249280388422,0.047947035859579046,0.01646252873093451,,,,DAILY_RUNTIME_DEPENDENCY_LEDGER_STRICT_PRIOR_DATE_REQUIRED
2014-03-14,113.96875,113.82024103506805,113.75914687145702,0.06109416361103115,0.01646252873093451,,,,DAILY_RUNTIME_DEPENDENCY_LEDGER_STRICT_PRIOR_DATE_REQUIRED
2014-03-16,113.9765625,113.83863179564827,113.76583658310449,0.07279521254378096,0.015358042900602737,,,,DAILY_RUNTIME_DEPENDENCY_LEDGER_STRICT_PRIOR_DATE_REQUIRED
2014-03-16,113.9765625,113.8548589373367,113.7723204574705,0.08253847986620144,0.015358042900602737,,,,DAILY_RUNTIME_DEPENDENCY_LEDGER_STRICT_PRIOR_DATE_REQUIRED
2014-03-17,113.796875,113.84803729765002,113.77307598185601,0.07496131579401322,0.015445719804841425,,,,DAILY_RUNTIME_DEPENDENCY_LEDGER_STRICT_PRIOR_DATE_REQUIRED
2014-03-17,113.796875,113.84201820380885,113.77380825933736,0.06820994447149076,0.015445719804841425,,,,DAILY_RUNTIME_DEPENDENCY_LEDGER_STRICT_PRIOR_DATE_REQUIRED
2014-03-18,113.9140625,113.85049400336075,113.77812377443466,0.07237022892608991,0.014988442917926401,,,,DAILY_RUNTIME_DEPENDENCY_LEDGER_STRICT_PRIOR_DATE_REQUIRED
2014-03-18,113.9140625,113.8579726500242,113.78230650445205,0.0756661455721428,0.014988442917926401,,,,DAILY_RUNTIME_DEPENDENCY_LEDGER_STRICT_PRIOR_DATE_REQUIRED
2014-03-19,113.0859375,113.76714498531547,113.76087976585353,0.006265219461937477,0.031106121483763204,,,,DAILY_RUNTIME_DEPENDENCY_LEDGER_STRICT_PRIOR_DATE_REQUIRED
2014-03-19,113.0859375,113.68700292821953,113.74011231151958,-0.05310938330005399,0.031106121483763204,,,,DAILY_RUNTIME_DEPENDENCY_LEDGER_STRICT_PRIOR_DATE_REQUIRED
2014-03-20,113.1015625,113.61812758372311,113.72046462501129,-0.10233704128818033,0.029092322747346907,,,,DAILY_RUNTIME_DEPENDENCY_LEDGER_STRICT_PRIOR_DATE_REQUIRED
2014-03-20,113.1015625,113.55735522093215,113.70142148270325,-0.14406626177110127,0.029092322747346907,,,,DAILY_RUNTIME_DEPENDENCY_LEDGER_STRICT_PRIOR_DATE_REQUIRED
2014-03-21,113.0703125,113.50005607729307,113.68200274477392,-0.18194666748085808,0.02734343896061655,,,,DAILY_RUNTIME_DEPENDENCY_LEDGER_STRICT_PRIOR_DATE_REQUIRED
2014-03-21,113.0703125,113.44949800937623,113.6631815064732,-0.21368349709696588,0.02734343896061655,,,,DAILY_RUNTIME_DEPENDENCY_LEDGER_STRICT_PRIOR_DATE_REQUIRED
2014-03-24,112.9609375,113.39202030239079,113.6415739985817,-0.24955369619091528,0.025664648990840234,,,,DAILY_RUNTIME_DEPENDENCY_LEDGER_STRICT_PRIOR_DATE_REQUIRED
2014-03-24,112.9609375,113.34130467858012,113.62063133708688,-0.2793266585067613,0.025664648990840234,,,,DAILY_RUNTIME_DEPENDENCY_LEDGER_STRICT_PRIOR_DATE_REQUIRED
2014-03-25,113.015625,113.30298942227657,113.60201575748421,-0.29902633520764255,0.0241782322571855,,,,DAILY_RUNTIME_DEPENDENCY_LEDGER_STRICT_PRIOR_DATE_REQUIRED
2014-03-25,113.015625,113.26918184318521,113.58397296494624,-0.31479112176103285,0.0241782322571855,,,,DAILY_RUNTIME_DEPENDENCY_LEDGER_STRICT_PRIOR_DATE_REQUIRED
2014-03-26,113.265625,113.26876339104577,113.5741776429479,-0.30541425190213545,0.024176742681954005,,,,DAILY_RUNTIME_DEPENDENCY_LEDGER_STRICT_PRIOR_DATE_REQUIRED
2014-03-26,113.265625,113.2683941685698,113.56468371547258,-0.2962895469027842,0.024176742681954005,,,,DAILY_RUNTIME_DEPENDENCY_LEDGER_STRICT_PRIOR_DATE_REQUIRED
2014-03-27,113.1484375,113.25428161932629,113.55187613961189,-0.29759452028559963,0.022711035895486432,,,,DAILY_RUNTIME_DEPENDENCY_LEDGER_STRICT_PRIOR_DATE_REQUIRED
2014-03-27,113.1484375,113.24182936999378,113.53946264300845,-0.297633273014668,0.022711035895486432,,,,DAILY_RUNTIME_DEPENDENCY_LEDGER_STRICT_PRIOR_DATE_REQUIRED
2014-03-28,113.109375,113.2262465029357,113.52622917706972,-0.29998267413402857,0.021375063118262493,,,,DAILY_RUNTIME_DEPENDENCY_LEDGER_STRICT_PRIOR_DATE_REQUIRED
2014-03-28,113.109375,113.21249691435503,113.51340289469834,-0.30090598034331606,0.021375063118262493,,,,DAILY_RUNTIME_DEPENDENCY_LEDGER_STRICT_PRIOR_DATE_REQUIRED
2014-03-31,113.1171875,113.20128404207797,113.50121165178454,-0.29992760970657173,0.020069932114605803,,,,DAILY_RUNTIME_DEPENDENCY_LEDGER_STRICT_PRIOR_DATE_REQUIRED
2014-03-31,113.1171875,113.19139033124527,113.48939552403732,-0.29800519279204707,0.020069932114605803,,,,DAILY_RUNTIME_DEPENDENCY_LEDGER_STRICT_PRIOR_DATE_REQUIRED
2014-05-19,114.125,113.30122676286346,113.50895258483618,-0.2077258219727156,0.04031577058301223,,,,DAILY_RUNTIME_DEPENDENCY_LEDGER_STRICT_PRIOR_DATE_REQUIRED
2014-05-20,114.3046875,113.41928096723247,113.53343673607199,-0.11415576883952383,0.0393689314880643,,,,DAILY_RUNTIME_DEPENDENCY_LEDGER_STRICT_PRIOR_DATE_REQUIRED
2014-05-21,114.2109375,113.51241702991099,113.55428291342363,-0.0418658835126422,0.038804571490293836,,,,DAILY_RUNTIME_DEPENDENCY_LEDGER_STRICT_PRIOR_DATE_REQUIRED
2014-05-22,114.1171875,113.58356649698028,113.57160305454907,0.011963442431209614,0.03722377280978994,,,,DAILY_RUNTIME_DEPENDENCY_LEDGER_STRICT_PRIOR_DATE_REQUIRED
2014-05-23,114.2109375,113.65737485027671,113.59127488363988,0.06609996663682693,0.039948741190614104,,,,DAILY_RUNTIME_DEPENDENCY_LEDGER_STRICT_PRIOR_DATE_REQUIRED
2014-05-25,114.1796875,113.71882339730298,113.6093798872202,0.10944351008278375,0.03487899614398273,,,,DAILY_RUNTIME_DEPENDENCY_LEDGER_STRICT_PRIOR_DATE_REQUIRED
2014-05-26,114.1953125,113.77488093879676,113.62740858299804,0.14747235579871187,0.03413322592425704,,,,DAILY_RUNTIME_DEPENDENCY_LEDGER_STRICT_PRIOR_DATE_REQUIRED
2014-05-27,114.25,113.8307772989383,113.64656524198273,0.1842120569555732,0.032803238671866804,,,,DAILY_RUNTIME_DEPENDENCY_LEDGER_STRICT_PRIOR_DATE_REQUIRED
2014-05-28,114.4765625,113.90675202847497,113.6721036191525,0.23464840932247455,0.03274145109453949,,,,DAILY_RUNTIME_DEPENDENCY_LEDGER_STRICT_PRIOR_DATE_REQUIRED
2014-05-29,114.390625,113.96367826041909,113.69421196933241,0.2694662910866725,0.031868848244806416,,,,DAILY_RUNTIME_DEPENDENCY_LEDGER_STRICT_PRIOR_DATE_REQUIRED
2014-05-30,114.3203125,114.00563522978155,113.71347660104526,0.2921586287362885,0.03226098864310286,,,,DAILY_RUNTIME_DEPENDENCY_LEDGER_STRICT_PRIOR_DATE_REQUIRED
2014-06-01,114.3046875,114.04081784980725,113.73166770562847,0.30915014417878695,0.029952383120153615,,,,DAILY_RUNTIME_DEPENDENCY_LEDGER_STRICT_PRIOR_DATE_REQUIRED
2014-06-02,114.0546875,114.04244957335935,113.74160677622451,0.300842797134834,0.030846110692716346,,,,DAILY_RUNTIME_DEPENDENCY_LEDGER_STRICT_PRIOR_DATE_REQUIRED
2014-06-03,113.859375,114.02091138825824,113.74523041387914,0.27568097437909955,0.030080271364433493,,,,DAILY_RUNTIME_DEPENDENCY_LEDGER_STRICT_PRIOR_DATE_REQUIRED
2014-06-04,113.8984375,114.00650269552197,113.74994447806748,0.25655821745449714,0.05070227237477767,,,,DAILY_RUNTIME_DEPENDENCY_LEDGER_STRICT_PRIOR_DATE_REQUIRED
2014-06-05,113.9921875,114.00481855487232,113.75739810951156,0.2474204453607598,0.02658046962002508,,,,DAILY_RUNTIME_DEPENDENCY_LEDGER_STRICT_PRIOR_DATE_REQUIRED
2014-06-06,113.859375,113.98770754841674,113.76053585998811,0.22717168842862634,0.026179840407608967,,,,DAILY_RUNTIME_DEPENDENCY_LEDGER_STRICT_PRIOR_DATE_REQUIRED
2014-06-08,113.8046875,113.96617577801477,113.76189437198848,0.20428140602629696,0.025432340895622244,,,,DAILY_RUNTIME_DEPENDENCY_LEDGER_STRICT_PRIOR_DATE_REQUIRED
2014-06-09,113.703125,113.9352286276601,113.76008608361961,0.17514254404048302,0.024948816283129876,,,,DAILY_RUNTIME_DEPENDENCY_LEDGER_STRICT_PRIOR_DATE_REQUIRED
2014-06-10,113.484375,113.88218702440597,113.75160266566209,0.13058435874387442,0.0252915483194378,,,,DAILY_RUNTIME_DEPENDENCY_LEDGER_STRICT_PRIOR_DATE_REQUIRED
2014-06-16,113.6015625,113.84917237447584,113.74698604518018,0.1021863292956624,0.02545334803271774,,,,DAILY_RUNTIME_DEPENDENCY_LEDGER_STRICT_PRIOR_DATE_REQUIRED
2014-06-17,113.34375,113.78971091865515,113.73457878225156,0.05513213640358572,0.02565313108247285,,,,DAILY_RUNTIME_DEPENDENCY_LEDGER_STRICT_PRIOR_DATE_REQUIRED
2014-06-18,113.7578125,113.78595816351924,113.73529366587458,0.050664497644660855,0.028859674033272716,,,,DAILY_RUNTIME_DEPENDENCY_LEDGER_STRICT_PRIOR_DATE_REQUIRED
2014-06-19,113.640625,113.76886014428169,113.73238078384767,0.03647936043401501,0.028129073626348183,,,,DAILY_RUNTIME_DEPENDENCY_LEDGER_STRICT_PRIOR_DATE_REQUIRED
2014-06-20,113.6328125,113.75285453907208,113.72931714434466,0.023537394727412675,0.030041943452476016,,,,DAILY_RUNTIME_DEPENDENCY_LEDGER_STRICT_PRIOR_DATE_REQUIRED
2014-06-23,113.5703125,113.73137900506359,113.72442469374944,0.006954311314146366,0.026331719000114377,,,,DAILY_RUNTIME_DEPENDENCY_LEDGER_STRICT_PRIOR_DATE_REQUIRED
2014-06-24,113.71875,113.72989323976198,113.72425008778792,0.005643151974055627,0.026695655865374722,,,,DAILY_RUNTIME_DEPENDENCY_LEDGER_STRICT_PRIOR_DATE_REQUIRED
2014-06-25,113.859375,113.74512638802527,113.72840777739444,0.01671861063083213,0.02565883798058903,,,,DAILY_RUNTIME_DEPENDENCY_LEDGER_STRICT_PRIOR_DATE_REQUIRED
2014-06-26,114.0234375,113.777868871787,113.73748561501307,0.04038325677393573,0.02558445469599949,,,,DAILY_RUNTIME_DEPENDENCY_LEDGER_STRICT_PRIOR_DATE_REQUIRED
2014-06-27,114.078125,113.813193122165,113.74796682685881,0.06522629530618929,0.024790850010811227,,,,DAILY_RUNTIME_DEPENDENCY_LEDGER_STRICT_PRIOR_DATE_REQUIRED
2014-06-30,114.0703125,113.84344246073383,113.75788515526315,0.08555730547067242,0.024032613805598343,,,,DAILY_RUNTIME_DEPENDENCY_LEDGER_STRICT_PRIOR_DATE_REQUIRED
2014-08-18,114.6015625,113.93263305358867,113.78384445817814,0.14878859541053657,0.02964667933066022,,,,DAILY_RUNTIME_DEPENDENCY_LEDGER_STRICT_PRIOR_DATE_REQUIRED
2014-08-19,114.6015625,114.01133063551941,113.80900501331112,0.2023256222082921,0.05837320298495331,,,,DAILY_RUNTIME_DEPENDENCY_LEDGER_STRICT_PRIOR_DATE_REQUIRED
2014-08-20,114.3125,114.0467623254583,113.8244971667477,0.2222651587105986,0.028257469237585396,,,,DAILY_RUNTIME_DEPENDENCY_LEDGER_STRICT_PRIOR_DATE_REQUIRED
2014-08-21,114.3125,114.07802558128674,113.83951263854009,0.23851294274665236,0.026293382133749973,,,,DAILY_RUNTIME_DEPENDENCY_LEDGER_STRICT_PRIOR_DATE_REQUIRED
2014-08-22,114.171875,114.08906668937065,113.84973917273885,0.2393275166318034,0.025941436459915587,,,,DAILY_RUNTIME_DEPENDENCY_LEDGER_STRICT_PRIOR_DATE_REQUIRED
2014-08-25,114.1640625,114.09788972591528,113.8594106597315,0.23847906618378545,0.025145207376180645,,,,DAILY_RUNTIME_DEPENDENCY_LEDGER_STRICT_PRIOR_DATE_REQUIRED
2014-08-26,114.21875,114.11210858168995,113.87046725481669,0.241641326873264,0.024041744241642807,,,,DAILY_RUNTIME_DEPENDENCY_LEDGER_STRICT_PRIOR_DATE_REQUIRED
2014-08-27,114.359375,114.14119874854995,113.8855105700531,0.2556881784968539,0.02376272770953157,,,,DAILY_RUNTIME_DEPENDENCY_LEDGER_STRICT_PRIOR_DATE_REQUIRED
2014-08-28,114.4453125,114.17697683695584,113.9027352448207,0.2742415921351409,0.02336785462689548,,,,DAILY_RUNTIME_DEPENDENCY_LEDGER_STRICT_PRIOR_DATE_REQUIRED
2014-08-29,114.4765625,114.21222220907869,113.92039146805699,0.29183074102169826,0.025190523450834893,,,,DAILY_RUNTIME_DEPENDENCY_LEDGER_STRICT_PRIOR_DATE_REQUIRED
2014-08-31,114.453125,114.24056371389297,113.93678326903985,0.3037804448531176,0.022072182696566633,,,,DAILY_RUNTIME_DEPENDENCY_LEDGER_STRICT_PRIOR_DATE_REQUIRED
2014-09-01,114.4375,114.26373268872909,113.95218993768478,0.31154275104431406,0.021258019980851913,,,,DAILY_RUNTIME_DEPENDENCY_LEDGER_STRICT_PRIOR_DATE_REQUIRED
2014-09-02,114.2265625,114.2593597253492,113.9606321703714,0.2987275549778019,0.0215765727853451,,,,DAILY_RUNTIME_DEPENDENCY_LEDGER_STRICT_PRIOR_DATE_REQUIRED
2014-09-03,114.2734375,114.26101593413163,113.9702569497446,0.29075898438703973,0.02439105686400521,,,,DAILY_RUNTIME_DEPENDENCY_LEDGER_STRICT_PRIOR_DATE_REQUIRED
2014-09-04,114.1015625,114.24225670658673,113.97429712052168,0.26795958606504655,0.023103239089625107,,,,DAILY_RUNTIME_DEPENDENCY_LEDGER_STRICT_PRIOR_DATE_REQUIRED
2014-09-05,114.2265625,114.24041032934123,113.98205913219793,0.25835119714329835,0.02069978428198127,,,,DAILY_RUNTIME_DEPENDENCY_LEDGER_STRICT_PRIOR_DATE_REQUIRED
2014-09-08,114.0703125,114.22039882000696,113.98477462043799,0.2356241995689743,0.02120732834680691,,,,DAILY_RUNTIME_DEPENDENCY_LEDGER_STRICT_PRIOR_DATE_REQUIRED
2014-09-09,113.890625,114.18160190000614,113.98187770903989,0.1997241909662506,0.02197971111709748,,,,DAILY_RUNTIME_DEPENDENCY_LEDGER_STRICT_PRIOR_DATE_REQUIRED
2014-09-10,113.7890625,114.13542079412306,113.97594493337712,0.15947586074594255,0.020724828902044332,,,,DAILY_RUNTIME_DEPENDENCY_LEDGER_STRICT_PRIOR_DATE_REQUIRED
2014-09-11,113.7578125,114.0909962889321,113.96923316619629,0.12176312273581402,0.020568366182642572,,,,DAILY_RUNTIME_DEPENDENCY_LEDGER_STRICT_PRIOR_DATE_REQUIRED
2014-09-12,113.7109375,114.0462834902342,113.9612856072364,0.08499788299779709,0.022238075887733324,,,,DAILY_RUNTIME_DEPENDENCY_LEDGER_STRICT_PRIOR_DATE_REQUIRED
2014-09-14,113.71875,114.00775013844193,113.95382297316759,0.05392716527434516,0.019466181820684655,,,,DAILY_RUNTIME_DEPENDENCY_LEDGER_STRICT_PRIOR_DATE_REQUIRED
2014-09-15,113.8984375,113.994889828037,113.95211880476243,0.042771023274568165,0.022968177682161982,,,,DAILY_RUNTIME_DEPENDENCY_LEDGER_STRICT_PRIOR_DATE_REQUIRED
2014-09-16,113.921875,113.98629984826795,113.95118822615436,0.03511162211358965,0.027618279388449483,,,,DAILY_RUNTIME_DEPENDENCY_LEDGER_STRICT_PRIOR_DATE_REQUIRED
2014-09-17,113.6328125,113.9447131014129,113.94139204996499,0.003321051447912282,0.02041775161228499,,,,DAILY_RUNTIME_DEPENDENCY_LEDGER_STRICT_PRIOR_DATE_REQUIRED
2014-09-18,113.578125,113.90158508948197,113.93021460227376,-0.028629512791795264,0.018996064952986058,,,,DAILY_RUNTIME_DEPENDENCY_LEDGER_STRICT_PRIOR_DATE_REQUIRED
2014-09-19,113.6875,113.87639860836644,113.92274646066534,-0.0463478522988936,0.019053989339202965,,,,DAILY_RUNTIME_DEPENDENCY_LEDGER_STRICT_PRIOR_DATE_REQUIRED
2014-09-26,113.9765625,113.88818259561745,113.92440233879871,-0.0362197431812632,0.02206980490811524,,,,DAILY_RUNTIME_DEPENDENCY_LEDGER_STRICT_PRIOR_DATE_REQUIRED
2014-09-29,114.03125,113.90501405495658,113.92768995914336,-0.02267590418678367,0.021337845908317506,,,,DAILY_RUNTIME_DEPENDENCY_LEDGER_STRICT_PRIOR_DATE_REQUIRED
2014-09-30,114.0703125,113.92446093084403,113.93207834501588,-0.007617414171846804,0.021150023915844383,,,,DAILY_RUNTIME_DEPENDENCY_LEDGER_STRICT_PRIOR_DATE_REQUIRED
2014-11-18,115.109375,114.06386258603885,113.96830285747693,0.09555972856192341,0.04058949633665021,,,,DAILY_RUNTIME_DEPENDENCY_LEDGER_STRICT_PRIOR_DATE_REQUIRED
2014-11-19,114.9609375,114.16940081121075,113.99884546186225,0.17055534934850414,0.03957435033103835,,,,DAILY_RUNTIME_DEPENDENCY_LEDGER_STRICT_PRIOR_DATE_REQUIRED
2014-11-20,115.0546875,114.27355218636242,114.03133290918956,0.24221927717286462,0.0467635694027286,,,,DAILY_RUNTIME_DEPENDENCY_LEDGER_STRICT_PRIOR_DATE_REQUIRED
2014-11-21,115.1796875,114.38015634090802,114.06666689659912,0.3134894443088996,0.03697507125763756,,,,DAILY_RUNTIME_DEPENDENCY_LEDGER_STRICT_PRIOR_DATE_REQUIRED
2014-11-23,115.171875,114.47329971256589,114.10067329978068,0.372626412785209,0.03861731314104538,,,,DAILY_RUNTIME_DEPENDENCY_LEDGER_STRICT_PRIOR_DATE_REQUIRED
2014-11-24,115.2578125,114.56559533461696,114.13627758286435,0.4293177517526061,0.0346788987701152,,,,DAILY_RUNTIME_DEPENDENCY_LEDGER_STRICT_PRIOR_DATE_REQUIRED
2014-11-25,115.390625,114.66265764819143,114.17487288800699,0.4877847601844394,0.03463469604531167,,,,DAILY_RUNTIME_DEPENDENCY_LEDGER_STRICT_PRIOR_DATE_REQUIRED
2014-11-26,115.5234375,114.76392586605125,114.21636718376062,0.547558682290628,0.0331413067901354,,,,DAILY_RUNTIME_DEPENDENCY_LEDGER_STRICT_PRIOR_DATE_REQUIRED
2014-11-27,115.65625,114.86890517592758,114.26067127041414,0.608233905513444,0.03255145815147347,,,,DAILY_RUNTIME_DEPENDENCY_LEDGER_STRICT_PRIOR_DATE_REQUIRED
2014-11-28,115.7734375,114.97532074346552,114.30721792363217,0.6681028198333507,0.032452225557599586,,,,DAILY_RUNTIME_DEPENDENCY_LEDGER_STRICT_PRIOR_DATE_REQUIRED
2014-11-30,115.8359375,115.07656977364604,114.35425544905887,0.7223143245871739,0.03103073185812951,,,,DAILY_RUNTIME_DEPENDENCY_LEDGER_STRICT_PRIOR_DATE_REQUIRED
2014-12-01,115.6328125,115.14201009439357,114.3935956660109,0.7484144283826737,0.030599264189516875,,,,DAILY_RUNTIME_DEPENDENCY_LEDGER_STRICT_PRIOR_DATE_REQUIRED
2014-12-02,115.359375,115.16758243622962,114.42331195321056,0.744270483019065,0.03106871412253029,,,,DAILY_RUNTIME_DEPENDENCY_LEDGER_STRICT_PRIOR_DATE_REQUIRED
2014-12-03,115.296875,115.18279332608496,114.4501908161887,0.7326025098962674,0.030175505037826875,,,,DAILY_RUNTIME_DEPENDENCY_LEDGER_STRICT_PRIOR_DATE_REQUIRED
2014-12-04,115.4375,115.21275881713379,114.48056956030597,0.732189256827823,0.03143813232431513,,,,DAILY_RUNTIME_DEPENDENCY_LEDGER_STRICT_PRIOR_DATE_REQUIRED
2014-12-05,114.84375,115.16934601511805,114.49174434306578,0.6776016720522762,0.03512670666136612,,,,DAILY_RUNTIME_DEPENDENCY_LEDGER_STRICT_PRIOR_DATE_REQUIRED
2014-12-07,114.796875,115.12552589569239,114.50113297866375,0.6243929170286435,0.03506836964754343,,,,DAILY_RUNTIME_DEPENDENCY_LEDGER_STRICT_PRIOR_DATE_REQUIRED
2014-12-08,114.9453125,115.10432431972859,114.51480004085872,0.5895242788698738,0.03386229442243468,,,,DAILY_RUNTIME_DEPENDENCY_LEDGER_STRICT_PRIOR_DATE_REQUIRED
2014-12-09,115.1640625,115.11135234093699,114.53477734729384,0.576574993643149,0.03398787735557175,,,,DAILY_RUNTIME_DEPENDENCY_LEDGER_STRICT_PRIOR_DATE_REQUIRED
2014-12-10,115.4765625,115.15431824200323,114.56375535199248,0.5905628900107445,0.034917813685568004,,,,DAILY_RUNTIME_DEPENDENCY_LEDGER_STRICT_PRIOR_DATE_REQUIRED
2014-12-11,115.28125,115.16925139000284,114.58583211039272,0.5834192796101263,0.03368831118581065,,,,DAILY_RUNTIME_DEPENDENCY_LEDGER_STRICT_PRIOR_DATE_REQUIRED
2014-12-12,115.7109375,115.23297916764956,114.62045073776525,0.612528429884307,0.03547191637398963,,,,DAILY_RUNTIME_DEPENDENCY_LEDGER_STRICT_PRIOR_DATE_REQUIRED
2014-12-14,115.703125,115.28829044204372,114.65376379198787,0.6345266500558466,0.03442584774024327,,,,DAILY_RUNTIME_DEPENDENCY_LEDGER_STRICT_PRIOR_DATE_REQUIRED
2014-12-15,115.46875,115.30952097827385,114.67884029069593,0.6306806875779216,0.034228739476227635,,,,DAILY_RUNTIME_DEPENDENCY_LEDGER_STRICT_PRIOR_DATE_REQUIRED
2014-12-16,115.6875,115.35398909847693,114.70987597405913,0.6441131244177996,0.035175780895011395,,,,DAILY_RUNTIME_DEPENDENCY_LEDGER_STRICT_PRIOR_DATE_REQUIRED
2014-12-17,115.1875,115.33440214571493,114.72457209793423,0.6098300477807044,0.03704501868769184,,,,DAILY_RUNTIME_DEPENDENCY_LEDGER_STRICT_PRIOR_DATE_REQUIRED
2014-12-18,114.9921875,115.29414159916023,114.73280641799779,0.5613351811624341,0.03926570739858516,,,,DAILY_RUNTIME_DEPENDENCY_LEDGER_STRICT_PRIOR_DATE_REQUIRED
2014-12-19,115.03125,115.2632131757296,114.74198929744401,0.5212238782855962,0.035330909802767256,,,,DAILY_RUNTIME_DEPENDENCY_LEDGER_STRICT_PRIOR_DATE_REQUIRED
2014-12-22,114.9609375,115.22765133152612,114.74872616521496,0.4789251663111571,0.034656110078868964,,,,DAILY_RUNTIME_DEPENDENCY_LEDGER_STRICT_PRIOR_DATE_REQUIRED
2014-12-23,114.640625,115.1585894101701,114.74539997551604,0.41318943465405766,0.03779960964107988,,,,DAILY_RUNTIME_DEPENDENCY_LEDGER_STRICT_PRIOR_DATE_REQUIRED
2014-12-24,114.625,115.0958141854442,114.74169536088478,0.35411882455942134,0.03375979395228243,,,,DAILY_RUNTIME_DEPENDENCY_LEDGER_STRICT_PRIOR_DATE_REQUIRED
2014-12-26,114.6796875,115.0468581048037,114.7397874267037,0.3070706781000041,0.03271864800486251,,,,DAILY_RUNTIME_DEPENDENCY_LEDGER_STRICT_PRIOR_DATE_REQUIRED
2014-12-29,114.8984375,115.02939685717973,114.74466896742051,0.2847278897592247,0.061294058168460466,,,,DAILY_RUNTIME_DEPENDENCY_LEDGER_STRICT_PRIOR_DATE_REQUIRED
2014-12-30,115.0,115.02593840339388,114.7525253068845,0.27341309650938683,0.02994627431217845,,,,DAILY_RUNTIME_DEPENDENCY_LEDGER_STRICT_PRIOR_DATE_REQUIRED
2015-02-16,116.109375,115.15340153240636,114.79427452821112,0.3591270041952441,0.04747427679338826,,,,DAILY_RUNTIME_DEPENDENCY_LEDGER_STRICT_PRIOR_DATE_REQUIRED
2015-02-17,115.59375,115.20520723447619,114.81887377349693,0.3863334609792588,0.04939585770672173,,,,DAILY_RUNTIME_DEPENDENCY_LEDGER_STRICT_PRIOR_DATE_REQUIRED
2015-02-18,116.0859375,115.30882255983192,114.85786034969703,0.4509622101348896,0.05034997535906446,,,,DAILY_RUNTIME_DEPENDENCY_LEDGER_STRICT_PRIOR_DATE_REQUIRED
2015-02-19,115.7734375,115.36348314102817,114.88603195432175,0.47745118670641773,0.0501185522169816,,,,DAILY_RUNTIME_DEPENDENCY_LEDGER_STRICT_PRIOR_DATE_REQUIRED
2015-02-20,115.75,115.40895571267191,114.91261558649647,0.4963401261754399,0.0488400336125899,,,,DAILY_RUNTIME_DEPENDENCY_LEDGER_STRICT_PRIOR_DATE_REQUIRED
2015-02-22,115.734375,115.4472403347105,114.93790049152736,0.5093398431831417,0.047338838653021055,,,,DAILY_RUNTIME_DEPENDENCY_LEDGER_STRICT_PRIOR_DATE_REQUIRED
2015-02-23,115.953125,115.50675617768573,114.96913816871113,0.5376180089746043,0.046480945555603906,,,,DAILY_RUNTIME_DEPENDENCY_LEDGER_STRICT_PRIOR_DATE_REQUIRED
2015-02-24,116.3828125,115.60982162736975,115.0126358404431,0.5971857869266586,0.047254637745290755,,,,DAILY_RUNTIME_DEPENDENCY_LEDGER_STRICT_PRIOR_DATE_REQUIRED
2015-02-25,116.3984375,115.70259996532624,115.05527589150638,0.6473240738198598,0.045541564884605784,,,,DAILY_RUNTIME_DEPENDENCY_LEDGER_STRICT_PRIOR_DATE_REQUIRED
2015-02-26,116.09375,115.74861761646433,115.0872289409985,0.6613886754658296,0.04631606972884234,,,,DAILY_RUNTIME_DEPENDENCY_LEDGER_STRICT_PRIOR_DATE_REQUIRED
2015-02-27,116.25,115.80760377923322,115.1230065120447,0.6845972671885221,0.0460991642956683,,,,DAILY_RUNTIME_DEPENDENCY_LEDGER_STRICT_PRIOR_DATE_REQUIRED
2015-03-01,116.1875,115.85229745226461,115.15576015782794,0.6965372944366663,0.04276090602324024,,,,DAILY_RUNTIME_DEPENDENCY_LEDGER_STRICT_PRIOR_DATE_REQUIRED
2015-03-02,115.9140625,115.85956392846877,115.17909253758708,0.6804713908816922,0.04292372624747433,,,,DAILY_RUNTIME_DEPENDENCY_LEDGER_STRICT_PRIOR_DATE_REQUIRED
2015-03-03,115.765625,115.8485122898254,115.19713969027671,0.6513725995486794,0.05067838547786677,,,,DAILY_RUNTIME_DEPENDENCY_LEDGER_STRICT_PRIOR_DATE_REQUIRED
2015-03-04,115.921875,115.85714319690476,115.2194392382682,0.637703958636564,0.03982298162383273,,,,DAILY_RUNTIME_DEPENDENCY_LEDGER_STRICT_PRIOR_DATE_REQUIRED
2015-03-05,115.96875,115.8702734090336,115.2424949540138,0.6277784550198078,0.039258825520973754,,,,DAILY_RUNTIME_DEPENDENCY_LEDGER_STRICT_PRIOR_DATE_REQUIRED
2015-03-06,115.3828125,115.81292506679435,115.2468124169672,0.5661126498271472,0.043673052170494206,,,,DAILY_RUNTIME_DEPENDENCY_LEDGER_STRICT_PRIOR_DATE_REQUIRED
2015-03-08,115.390625,115.76324270599501,115.25123741952206,0.5120052864729558,0.04374359177607479,,,,DAILY_RUNTIME_DEPENDENCY_LEDGER_STRICT_PRIOR_DATE_REQUIRED
2015-03-09,115.578125,115.74146415234853,115.26129549892138,0.48016865342714254,0.04113458906067857,,,,DAILY_RUNTIME_DEPENDENCY_LEDGER_STRICT_PRIOR_DATE_REQUIRED
2015-03-10,115.828125,115.75165954618987,115.27873640664689,0.4729231395429849,0.044954566617131986,,,,DAILY_RUNTIME_DEPENDENCY_LEDGER_STRICT_PRIOR_DATE_REQUIRED
2015-03-11,115.8359375,115.76157459957929,115.29588105567314,0.4656935439061556,0.03803672301069155,,,,DAILY_RUNTIME_DEPENDENCY_LEDGER_STRICT_PRIOR_DATE_REQUIRED
2015-03-12,115.890625,115.77675699962879,115.31418086934472,0.46257613028406297,0.03867656817322113,,,,DAILY_RUNTIME_DEPENDENCY_LEDGER_STRICT_PRIOR_DATE_REQUIRED
2015-03-13,115.9453125,115.79658705849599,115.33360030413411,0.46298675436187864,0.03730876108197344,,,,DAILY_RUNTIME_DEPENDENCY_LEDGER_STRICT_PRIOR_DATE_REQUIRED
2015-03-16,116.078125,115.82970916926116,115.3565087563146,0.4732004129465679,0.04264694909069668,,,,DAILY_RUNTIME_DEPENDENCY_LEDGER_STRICT_PRIOR_DATE_REQUIRED
2015-03-17,116.0859375,115.85985367875985,115.37895271765876,0.48090096110108504,0.03456247581143256,,,,DAILY_RUNTIME_DEPENDENCY_LEDGER_STRICT_PRIOR_DATE_REQUIRED
2015-03-18,116.921875,115.98479736361162,115.42642724942311,0.5583701141885058,0.042859567477869634,,,,DAILY_RUNTIME_DEPENDENCY_LEDGER_STRICT_PRIOR_DATE_REQUIRED
2015-03-19,116.515625,116.04724767377495,115.45994102636394,0.5873066474110118,0.04383283401399609,,,,DAILY_RUNTIME_DEPENDENCY_LEDGER_STRICT_PRIOR_DATE_REQUIRED
2015-03-20,116.84375,116.14095382980142,115.50251976401427,0.6384340657871519,0.04656466948013916,,,,DAILY_RUNTIME_DEPENDENCY_LEDGER_STRICT_PRIOR_DATE_REQUIRED
2015-03-23,116.9296875,116.23374602629536,115.5464326174292,0.6873134088661601,0.04234801466721479,,,,DAILY_RUNTIME_DEPENDENCY_LEDGER_STRICT_PRIOR_DATE_REQUIRED
2015-03-24,117.0625,116.33124649379002,115.59308084458522,0.7381656492048023,0.041370058825257704,,,,DAILY_RUNTIME_DEPENDENCY_LEDGER_STRICT_PRIOR_DATE_REQUIRED
2015-03-25,116.8515625,116.39246014157943,115.63180335705952,0.7606567845199095,0.04206032197626598,,,,DAILY_RUNTIME_DEPENDENCY_LEDGER_STRICT_PRIOR_DATE_REQUIRED
2015-03-26,116.6640625,116.42441336021714,115.66356517684231,0.7608481833748328,0.040110754947123836,,,,DAILY_RUNTIME_DEPENDENCY_LEDGER_STRICT_PRIOR_DATE_REQUIRED
2015-03-27,116.859375,116.47558531783865,115.70035932524716,0.7752259925914871,0.06749955627761049,,,,DAILY_RUNTIME_DEPENDENCY_LEDGER_STRICT_PRIOR_DATE_REQUIRED
2015-03-30,116.90625,116.5262517510341,115.73746365370108,0.7887880973330113,0.04355721661057597,,,,DAILY_RUNTIME_DEPENDENCY_LEDGER_STRICT_PRIOR_DATE_REQUIRED
2015-03-31,117.1328125,116.59761183914773,115.78039746435644,0.8172143747912912,0.04229371195785974,,,,DAILY_RUNTIME_DEPENDENCY_LEDGER_STRICT_PRIOR_DATE_REQUIRED
2015-05-19,116.40625,116.57509868160093,115.79965446545317,0.7754442161477613,0.04385587029472143,,,,DAILY_RUNTIME_DEPENDENCY_LEDGER_STRICT_PRIOR_DATE_REQUIRED
2015-05-20,116.640625,116.58280766023611,115.82553048190077,0.7572771783353431,0.040438872925000376,,,,DAILY_RUNTIME_DEPENDENCY_LEDGER_STRICT_PRIOR_DATE_REQUIRED
2015-05-21,116.8515625,116.61442587667892,115.85710069784228,0.7573251788366377,0.03982705712299387,,,,DAILY_RUNTIME_DEPENDENCY_LEDGER_STRICT_PRIOR_DATE_REQUIRED
2015-05-22,116.6171875,116.61475077354022,115.88048798406251,0.734262789477711,0.040842156019246435,,,,DAILY_RUNTIME_DEPENDENCY_LEDGER_STRICT_PRIOR_DATE_REQUIRED
2015-05-24,116.5546875,116.6076845060649,115.90123258455289,0.7064519215120129,0.04361061904572811,,,,DAILY_RUNTIME_DEPENDENCY_LEDGER_STRICT_PRIOR_DATE_REQUIRED
2015-05-25,116.578125,116.60420691711609,115.92206004348972,0.6821468736263654,0.036622331391783614,,,,DAILY_RUNTIME_DEPENDENCY_LEDGER_STRICT_PRIOR_DATE_REQUIRED
2015-05-26,116.7578125,116.62227816216125,115.94777550369004,0.6745026584712122,0.038974913494210485,,,,DAILY_RUNTIME_DEPENDENCY_LEDGER_STRICT_PRIOR_DATE_REQUIRED
2015-05-27,116.78125,116.64098073131875,115.97342087280728,0.667559858511467,0.03554803992680037,,,,DAILY_RUNTIME_DEPENDENCY_LEDGER_STRICT_PRIOR_DATE_REQUIRED
2015-05-28,116.9140625,116.67310799822242,116.00236369210552,0.6707443061169016,0.034023953477948725,,,,DAILY_RUNTIME_DEPENDENCY_LEDGER_STRICT_PRIOR_DATE_REQUIRED
2015-05-29,117.0390625,116.71616146901978,116.03426211696382,0.6818993520559644,0.03572037828870413,,,,DAILY_RUNTIME_DEPENDENCY_LEDGER_STRICT_PRIOR_DATE_REQUIRED
2015-05-31,117.03125,116.75323070795862,116.06493866721108,0.688292040747541,0.03273958697927933,,,,DAILY_RUNTIME_DEPENDENCY_LEDGER_STRICT_PRIOR_DATE_REQUIRED
2015-06-01,116.7421875,116.7519315070223,116.08577709283536,0.6661544141869484,0.033278901266536515,,,,DAILY_RUNTIME_DEPENDENCY_LEDGER_STRICT_PRIOR_DATE_REQUIRED
2015-06-02,116.5,116.72229250619614,116.09852241305582,0.6237700931403225,0.03245312779516912,,,,DAILY_RUNTIME_DEPENDENCY_LEDGER_STRICT_PRIOR_DATE_REQUIRED
2015-06-03,116.1796875,116.65845662311425,116.10101980034642,0.5574368227678264,0.043950505669807634,,,,DAILY_RUNTIME_DEPENDENCY_LEDGER_STRICT_PRIOR_DATE_REQUIRED
2015-06-04,116.3671875,116.62418966745375,116.10920957572037,0.5149800917333778,0.03201303883478252,,,,DAILY_RUNTIME_DEPENDENCY_LEDGER_STRICT_PRIOR_DATE_REQUIRED
2015-06-05,115.9296875,116.54248353010625,116.10368581954437,0.4387977105618859,0.03560558553725164,,,,DAILY_RUNTIME_DEPENDENCY_LEDGER_STRICT_PRIOR_DATE_REQUIRED
2015-06-07,115.90625,116.46763252656434,116.0976108712507,0.37002165531364994,0.03546627151355202,,,,DAILY_RUNTIME_DEPENDENCY_LEDGER_STRICT_PRIOR_DATE_REQUIRED
2015-06-08,116.1015625,116.4245654646156,116.0977324598276,0.3268330047879999,0.03276661329764645,,,,DAILY_RUNTIME_DEPENDENCY_LEDGER_STRICT_PRIOR_DATE_REQUIRED
2015-06-09,115.9453125,116.36818276289611,116.09304261490982,0.27514014798629205,0.03230763936011044,,,,DAILY_RUNTIME_DEPENDENCY_LEDGER_STRICT_PRIOR_DATE_REQUIRED
2015-06-10,115.828125,116.30464655549656,116.08489130368181,0.2197552518147461,0.031565273458111755,,,,DAILY_RUNTIME_DEPENDENCY_LEDGER_STRICT_PRIOR_DATE_REQUIRED
2015-06-11,116.0703125,116.2770778430852,116.08444272510698,0.1926351179782131,0.03223733680623,,,,DAILY_RUNTIME_DEPENDENCY_LEDGER_STRICT_PRIOR_DATE_REQUIRED
2015-06-12,116.0546875,116.25091427331047,116.08352717971908,0.16738709359138682,0.03056163310311415,,,,DAILY_RUNTIME_DEPENDENCY_LEDGER_STRICT_PRIOR_DATE_REQUIRED
2015-06-14,116.234375,116.24896847645041,116.08816865111234,0.16079982533807424,0.051000216966803874,,,,DAILY_RUNTIME_DEPENDENCY_LEDGER_STRICT_PRIOR_DATE_REQUIRED
2015-06-15,116.1953125,116.24265600863272,116.09146538492426,0.15119062370845882,0.03392966506686727,,,,DAILY_RUNTIME_DEPENDENCY_LEDGER_STRICT_PRIOR_DATE_REQUIRED
2015-06-16,116.3984375,116.26098324291121,116.10091068077274,0.16007256213846688,0.031530215950267275,,,,DAILY_RUNTIME_DEPENDENCY_LEDGER_STRICT_PRIOR_DATE_REQUIRED
2015-06-17,116.6171875,116.30288962609812,116.11679612136435,0.18609350473377617,0.027355980467446136,,,,DAILY_RUNTIME_DEPENDENCY_LEDGER_STRICT_PRIOR_DATE_REQUIRED
2015-06-18,116.609375,116.3389467289101,116.13195239455314,0.20699433435696335,0.02697093588671898,,,,DAILY_RUNTIME_DEPENDENCY_LEDGER_STRICT_PRIOR_DATE_REQUIRED
2015-06-19,116.875,116.40201181962655,116.15481539779765,0.2471964218289031,0.028766219344911755,,,,DAILY_RUNTIME_DEPENDENCY_LEDGER_STRICT_PRIOR_DATE_REQUIRED
2015-06-22,116.4765625,116.41078248790578,116.16471530863464,0.24606717927113664,0.030590799827265782,,,,DAILY_RUNTIME_DEPENDENCY_LEDGER_STRICT_PRIOR_DATE_REQUIRED
2015-06-23,116.328125,116.40105807756392,116.16974329913819,0.23131477842572679,0.030194310186340417,,,,DAILY_RUNTIME_DEPENDENCY_LEDGER_STRICT_PRIOR_DATE_REQUIRED
2015-06-24,116.5,116.41269830373287,116.1799050437801,0.23279325995277134,0.02836169215640789,,,,DAILY_RUNTIME_DEPENDENCY_LEDGER_STRICT_PRIOR_DATE_REQUIRED
2015-06-25,116.375,116.40826320917606,116.18590796550994,0.22235524366611514,0.02983990468951978,,,,DAILY_RUNTIME_DEPENDENCY_LEDGER_STRICT_PRIOR_DATE_REQUIRED
2015-06-26,116.171875,116.38045283162593,116.18547618195578,0.19497664967015282,0.044866365046151366,,,,DAILY_RUNTIME_DEPENDENCY_LEDGER_STRICT_PRIOR_DATE_REQUIRED
2015-06-28,116.84375,116.43495838084641,116.20573076097253,0.22922761987388185,0.03592179025671609,,,,DAILY_RUNTIME_DEPENDENCY_LEDGER_STRICT_PRIOR_DATE_REQUIRED
2015-06-29,116.765625,116.47386033604094,116.22295827601953,0.25090206002141713,0.03454889470833024,,,,DAILY_RUNTIME_DEPENDENCY_LEDGER_STRICT_PRIOR_DATE_REQUIRED
2015-06-30,116.796875,116.51186206121258,116.240617252142,0.2712448090705806,0.033865528121058426,,,,DAILY_RUNTIME_DEPENDENCY_LEDGER_STRICT_PRIOR_DATE_REQUIRED
2015-08-19,117.4140625,116.61800328930522,116.27672325976839,0.3412800295368328,0.03727062248804064,,,,DAILY_RUNTIME_DEPENDENCY_LEDGER_STRICT_PRIOR_DATE_REQUIRED
2015-08-20,117.53125,116.72544407879872,116.31532408254475,0.4101199962539681,0.036226229780412365,,,,DAILY_RUNTIME_DEPENDENCY_LEDGER_STRICT_PRIOR_DATE_REQUIRED
2015-08-21,117.7890625,116.85057565776357,116.3606698800049,0.48990577775866484,0.03719428318264688,,,,DAILY_RUNTIME_DEPENDENCY_LEDGER_STRICT_PRIOR_DATE_REQUIRED
2015-08-23,117.875,116.9710961686149,116.40726465292784,0.5638315156870704,0.03509799865247237,,,,DAILY_RUNTIME_DEPENDENCY_LEDGER_STRICT_PRIOR_DATE_REQUIRED
2015-08-24,118.0234375,117.0949010311308,116.45699304822237,0.6379079829084304,0.03496528863356051,,,,DAILY_RUNTIME_DEPENDENCY_LEDGER_STRICT_PRIOR_DATE_REQUIRED
2015-08-25,117.9453125,117.19494943923306,116.50278749289245,0.6921619463406046,0.03391734484772865,,,,DAILY_RUNTIME_DEPENDENCY_LEDGER_STRICT_PRIOR_DATE_REQUIRED
2015-08-26,117.5703125,117.23910979932327,116.53563441618806,0.7034753831352134,0.03464782173018732,,,,DAILY_RUNTIME_DEPENDENCY_LEDGER_STRICT_PRIOR_DATE_REQUIRED
2015-08-27,117.421875,117.26061158763818,116.56290335722844,0.6977082304097451,0.036752235359620355,,,,DAILY_RUNTIME_DEPENDENCY_LEDGER_STRICT_PRIOR_DATE_REQUIRED
2015-08-28,117.3515625,117.27131169497487,116.58716979239063,0.6841419025842441,0.03487093812516521,,,,DAILY_RUNTIME_DEPENDENCY_LEDGER_STRICT_PRIOR_DATE_REQUIRED
2015-08-30,117.2109375,117.26420884850722,116.60636264493245,0.6578462035747776,0.03564351416944068,,,,DAILY_RUNTIME_DEPENDENCY_LEDGER_STRICT_PRIOR_DATE_REQUIRED
2015-08-31,117.109375,117.24599310162402,116.6218399481653,0.624153153458721,0.03231025351136373,,,,DAILY_RUNTIME_DEPENDENCY_LEDGER_STRICT_PRIOR_DATE_REQUIRED
2015-09-01,117.3515625,117.25841303084474,116.64429294976023,0.6141200810845078,0.03771023708406838,,,,DAILY_RUNTIME_DEPENDENCY_LEDGER_STRICT_PRIOR_DATE_REQUIRED
2015-09-02,117.28125,117.26109973309829,116.66389162822914,0.5972081048691535,0.0297159405596289,,,,DAILY_RUNTIME_DEPENDENCY_LEDGER_STRICT_PRIOR_DATE_REQUIRED
2015-09-03,117.40625,117.27817623508672,116.68673342428362,0.5914428108031018,0.03062956593135471,,,,DAILY_RUNTIME_DEPENDENCY_LEDGER_STRICT_PRIOR_DATE_REQUIRED
2015-09-04,117.5234375,117.3070305015471,116.71247816507488,0.5945523364722192,0.02938234596338784,,,,DAILY_RUNTIME_DEPENDENCY_LEDGER_STRICT_PRIOR_DATE_REQUIRED
2015-09-06,117.453125,117.32421808960038,116.7352672984572,0.5889507911431764,0.028122411988249482,,,,DAILY_RUNTIME_DEPENDENCY_LEDGER_STRICT_PRIOR_DATE_REQUIRED
2015-09-07,117.4296875,117.33662625552974,116.75663407388929,0.5799921816404492,0.02919808324736417,,,,DAILY_RUNTIME_DEPENDENCY_LEDGER_STRICT_PRIOR_DATE_REQUIRED
2015-09-08,117.28125,117.330111401938,116.772776102385,0.557335299553003,0.02615420544989946,,,,DAILY_RUNTIME_DEPENDENCY_LEDGER_STRICT_PRIOR_DATE_REQUIRED
2015-09-09,117.3203125,117.32895858994529,116.78962337615778,0.5393352137875098,0.026864229959644458,,,,DAILY_RUNTIME_DEPENDENCY_LEDGER_STRICT_PRIOR_DATE_REQUIRED
2015-09-10,117.234375,117.31783110877525,116.80330804150677,0.5145230672684846,0.024738162901230987,,,,DAILY_RUNTIME_DEPENDENCY_LEDGER_STRICT_PRIOR_DATE_REQUIRED
2015-09-11,117.4296875,117.33099068421345,116.82258125561425,0.5084094285991938,0.026714643900426556,,,,DAILY_RUNTIME_DEPENDENCY_LEDGER_STRICT_PRIOR_DATE_REQUIRED
2015-09-13,117.453125,117.34535942724715,116.84198260159536,0.5033768256517845,0.026201433452370127,,,,DAILY_RUNTIME_DEPENDENCY_LEDGER_STRICT_PRIOR_DATE_REQUIRED
2015-09-14,117.46875,117.35987596521807,116.8612677523155,0.4986082129025675,0.02303162537597458,,,,DAILY_RUNTIME_DEPENDENCY_LEDGER_STRICT_PRIOR_DATE_REQUIRED
2015-09-15,116.96875,117.31386114578065,116.86457489839809,0.4492862473825596,0.030789958154420063,,,,DAILY_RUNTIME_DEPENDENCY_LEDGER_STRICT_PRIOR_DATE_REQUIRED
2015-09-16,116.9765625,117.2741789521594,116.86802067075507,0.4061582814043305,0.03316427631637754,,,,DAILY_RUNTIME_DEPENDENCY_LEDGER_STRICT_PRIOR_DATE_REQUIRED
2015-09-17,117.640625,117.31729025190536,116.89179311165492,0.4254971402504424,0.034756869077075564,,,,DAILY_RUNTIME_DEPENDENCY_LEDGER_STRICT_PRIOR_DATE_REQUIRED
2015-09-18,117.78125,117.3718737516812,116.9191610159117,0.4527127357695093,0.0342808151262545,,,,DAILY_RUNTIME_DEPENDENCY_LEDGER_STRICT_PRIOR_DATE_REQUIRED
2015-09-20,117.7578125,117.41727831030695,116.94496567696056,0.47231263334639095,0.032726257336692016,,,,DAILY_RUNTIME_DEPENDENCY_LEDGER_STRICT_PRIOR_DATE_REQUIRED
2015-09-21,117.5859375,117.43712056791789,116.96468788690024,0.4724326810176507,0.033178230938711584,,,,DAILY_RUNTIME_DEPENDENCY_LEDGER_STRICT_PRIOR_DATE_REQUIRED
2015-09-22,117.8671875,117.48771667757461,116.99245710576484,0.4952595718097683,0.04595279016947593,,,,DAILY_RUNTIME_DEPENDENCY_LEDGER_STRICT_PRIOR_DATE_REQUIRED
2015-09-23,117.734375,117.51673530374231,117.01528534866439,0.5014499550779163,0.030496145073194758,,,,DAILY_RUNTIME_DEPENDENCY_LEDGER_STRICT_PRIOR_DATE_REQUIRED
2015-09-24,117.6640625,117.53406791506674,117.03524772255163,0.49882019251511167,0.02944440439840838,,,,DAILY_RUNTIME_DEPENDENCY_LEDGER_STRICT_PRIOR_DATE_REQUIRED
2015-09-25,117.7265625,117.55671433682359,117.05651894647312,0.5001953903504699,0.04152938580261919,,,,DAILY_RUNTIME_DEPENDENCY_LEDGER_STRICT_PRIOR_DATE_REQUIRED
2015-09-28,117.96875,117.60518912072669,117.08458759427394,0.5206015264527508,0.02846069792617722,,,,DAILY_RUNTIME_DEPENDENCY_LEDGER_STRICT_PRIOR_DATE_REQUIRED
2015-09-29,118.140625,117.6681815771118,117.11708105291166,0.5511005242001374,0.0302977796655888,,,,DAILY_RUNTIME_DEPENDENCY_LEDGER_STRICT_PRIOR_DATE_REQUIRED
2015-09-30,118.1640625,117.72652050921629,117.14929586666823,0.5772246425480603,0.026902497971501294,,,,DAILY_RUNTIME_DEPENDENCY_LEDGER_STRICT_PRIOR_DATE_REQUIRED
2015-11-18,116.890625,117.62817986107319,117.14133676307843,0.48684309799476466,0.0501606034540299,,,,DAILY_RUNTIME_DEPENDENCY_LEDGER_STRICT_PRIOR_DATE_REQUIRED
2015-11-19,116.9296875,117.54600428918222,117.13482447806062,0.41117981112159896,0.04824938107841521,,,,DAILY_RUNTIME_DEPENDENCY_LEDGER_STRICT_PRIOR_DATE_REQUIRED
2015-11-20,116.9140625,117.47165819633724,117.12803180181261,0.34362639452463384,0.05001725777496639,,,,DAILY_RUNTIME_DEPENDENCY_LEDGER_STRICT_PRIOR_DATE_REQUIRED
2015-11-22,116.8359375,117.39686752617992,117.11904428483376,0.2778232413461552,0.045608009578576594,,,,DAILY_RUNTIME_DEPENDENCY_LEDGER_STRICT_PRIOR_DATE_REQUIRED
2015-11-23,116.9921875,117.34925811133522,117.11514099914656,0.23411711218865605,0.04406348077627045,,,,DAILY_RUNTIME_DEPENDENCY_LEDGER_STRICT_PRIOR_DATE_REQUIRED
2015-11-24,117.0234375,117.31092627470754,117.11231935301898,0.1986069216885653,0.04312850443910473,,,,DAILY_RUNTIME_DEPENDENCY_LEDGER_STRICT_PRIOR_DATE_REQUIRED
2015-11-25,117.046875,117.27986141885958,117.1103056806184,0.1695557382411863,0.041541231513380364,,,,DAILY_RUNTIME_DEPENDENCY_LEDGER_STRICT_PRIOR_DATE_REQUIRED
2015-11-26,117.078125,117.25612772252316,117.10931550583014,0.14681221669302147,0.04167584867740823,,,,DAILY_RUNTIME_DEPENDENCY_LEDGER_STRICT_PRIOR_DATE_REQUIRED
2015-11-27,117.09375,117.23702446104986,117.1088365671892,0.12818789386065532,0.03878738046010233,,,,DAILY_RUNTIME_DEPENDENCY_LEDGER_STRICT_PRIOR_DATE_REQUIRED
2015-11-29,117.15625,117.22752158327928,117.11029544204492,0.1172261412343687,0.03798647678533911,,,,DAILY_RUNTIME_DEPENDENCY_LEDGER_STRICT_PRIOR_DATE_REQUIRED
2015-11-30,117.09375,117.21178374995232,117.10978635152046,0.10199739843186251,0.036815648065992766,,,,DAILY_RUNTIME_DEPENDENCY_LEDGER_STRICT_PRIOR_DATE_REQUIRED
2015-12-01,117.3359375,117.22639007348732,117.11674484839675,0.10964522509057417,0.03631608982320497,,,,DAILY_RUNTIME_DEPENDENCY_LEDGER_STRICT_PRIOR_DATE_REQUIRED
2015-12-02,117.1484375,117.2172191824888,117.11772000690762,0.0994991755811867,0.03561178074556675,,,,DAILY_RUNTIME_DEPENDENCY_LEDGER_STRICT_PRIOR_DATE_REQUIRED
2015-12-03,116.796875,117.1677669257254,117.10784785284892,0.05991907287648246,0.03717179201632714,,,,DAILY_RUNTIME_DEPENDENCY_LEDGER_STRICT_PRIOR_DATE_REQUIRED
2015-12-04,116.8359375,117.12872816975771,117.09948138045357,0.029246789304139043,0.03537477040176434,,,,DAILY_RUNTIME_DEPENDENCY_LEDGER_STRICT_PRIOR_DATE_REQUIRED
2015-12-07,117.0234375,117.11634103213915,117.0971415687473,0.01919946339184264,0.035061876295423774,,,,DAILY_RUNTIME_DEPENDENCY_LEDGER_STRICT_PRIOR_DATE_REQUIRED
2015-12-08,117.1015625,117.11460238129925,117.09727759740124,0.017324783898004625,0.03513642097835986,,,,DAILY_RUNTIME_DEPENDENCY_LEDGER_STRICT_PRIOR_DATE_REQUIRED
2015-12-09,117.2421875,117.12961239526405,117.10173636363506,0.027876031628991882,0.033062688093510643,,,,DAILY_RUNTIME_DEPENDENCY_LEDGER_STRICT_PRIOR_DATE_REQUIRED
2015-12-10,117.078125,117.12355505464475,117.10100986013859,0.02254519450616499,0.03250464060656339,,,,DAILY_RUNTIME_DEPENDENCY_LEDGER_STRICT_PRIOR_DATE_REQUIRED
2015-12-11,117.6484375,117.1853059305689,117.11785378751894,0.06745214304996239,0.044151590694848614,,,,DAILY_RUNTIME_DEPENDENCY_LEDGER_STRICT_PRIOR_DATE_REQUIRED
2015-12-14,117.21875,117.18924052697257,117.12095828636451,0.0682822406080561,0.03806652658346321,,,,DAILY_RUNTIME_DEPENDENCY_LEDGER_STRICT_PRIOR_DATE_REQUIRED
2015-12-15,117.015625,117.16881517085814,117.11771726216868,0.05109790868945652,0.04955666955264347,,,,DAILY_RUNTIME_DEPENDENCY_LEDGER_STRICT_PRIOR_DATE_REQUIRED
2015-12-16,116.7578125,117.12046191546305,117.10664326948657,0.0138186459764853,0.03715686585898559,,,,DAILY_RUNTIME_DEPENDENCY_LEDGER_STRICT_PRIOR_DATE_REQUIRED
2015-12-17,116.8515625,117.08882669011446,117.09879463042545,-0.009967940310986023,0.035521445157762115,,,,DAILY_RUNTIME_DEPENDENCY_LEDGER_STRICT_PRIOR_DATE_REQUIRED
2015-12-18,117.1171875,117.09216325598335,117.09936056487389,-0.007197308890539489,0.03651677778791889,,,,DAILY_RUNTIME_DEPENDENCY_LEDGER_STRICT_PRIOR_DATE_REQUIRED
2015-12-21,117.109375,117.09418816704414,117.09966870133931,-0.005480534295173811,0.037006955135482765,,,,DAILY_RUNTIME_DEPENDENCY_LEDGER_STRICT_PRIOR_DATE_REQUIRED
2015-12-22,116.8828125,117.06932044150953,117.09299620283657,-0.0236757613270413,0.03463818000136266,,,,DAILY_RUNTIME_DEPENDENCY_LEDGER_STRICT_PRIOR_DATE_REQUIRED
2015-12-23,116.8125,117.03910627192016,117.08436555044159,-0.04525927852142786,0.033211552308198895,,,,DAILY_RUNTIME_DEPENDENCY_LEDGER_STRICT_PRIOR_DATE_REQUIRED
2015-12-28,116.984375,117.03266729875308,117.08128891812031,-0.048621619367224866,0.03266992541130452,,,,DAILY_RUNTIME_DEPENDENCY_LEDGER_STRICT_PRIOR_DATE_REQUIRED
2015-12-29,116.546875,116.97551526360564,117.06484541294738,-0.089330149341734,0.03671658311939625,,,,DAILY_RUNTIME_DEPENDENCY_LEDGER_STRICT_PRIOR_DATE_REQUIRED
2015-12-30,116.6171875,116.93335905612263,117.05107132331823,-0.1177122671955999,0.03469068910821662,,,,DAILY_RUNTIME_DEPENDENCY_LEDGER_STRICT_PRIOR_DATE_REQUIRED
2015-12-31,116.71875,116.9081109318729,117.04084605183152,-0.13273511995862464,0.03277979302551899,,,,DAILY_RUNTIME_DEPENDENCY_LEDGER_STRICT_PRIOR_DATE_REQUIRED
2016-02-17,119.0234375,117.15697288106432,117.10184886562132,0.05512401544299905,0.1040902923919612,,,,DAILY_RUNTIME_DEPENDENCY_LEDGER_STRICT_PRIOR_DATE_REQUIRED
2016-02-18,119.359375,117.41607901270382,117.17131120821759,0.24476780448623003,0.08079542546049594,,,,DAILY_RUNTIME_DEPENDENCY_LEDGER_STRICT_PRIOR_DATE_REQUIRED
2016-02-19,119.1171875,117.61620942297395,117.23118432488782,0.38502509808613183,0.07869622747468671,,,,DAILY_RUNTIME_DEPENDENCY_LEDGER_STRICT_PRIOR_DATE_REQUIRED
2016-02-21,119.125,117.79371419674172,117.28945557642973,0.5042586203119868,0.07636600175548736,,,,DAILY_RUNTIME_DEPENDENCY_LEDGER_STRICT_PRIOR_DATE_REQUIRED
2016-02-22,119.0390625,117.94022576183092,117.34328963561651,0.596936126214402,0.07436429029672152,,,,DAILY_RUNTIME_DEPENDENCY_LEDGER_STRICT_PRIOR_DATE_REQUIRED
2016-02-23,119.2578125,118.0952359663214,117.4021980314437,0.6930379348776938,0.07205162271082344,,,,DAILY_RUNTIME_DEPENDENCY_LEDGER_STRICT_PRIOR_DATE_REQUIRED
2016-02-24,119.1484375,118.2191420291071,117.45592847663005,0.7632135524770547,0.0699202267261316,,,,DAILY_RUNTIME_DEPENDENCY_LEDGER_STRICT_PRIOR_DATE_REQUIRED
2016-02-25,119.3046875,118.34685326097684,117.51281336965681,0.8340398913200318,0.0679723527894392,,,,DAILY_RUNTIME_DEPENDENCY_LEDGER_STRICT_PRIOR_DATE_REQUIRED
2016-02-26,118.9921875,118.42277493615603,117.55833257366737,0.8644423624886599,0.06667035233743739,,,,DAILY_RUNTIME_DEPENDENCY_LEDGER_STRICT_PRIOR_DATE_REQUIRED
2016-02-28,119.015625,118.49252200249062,117.60317234063146,0.889349661859157,0.06469029907966022,,,,DAILY_RUNTIME_DEPENDENCY_LEDGER_STRICT_PRIOR_DATE_REQUIRED
2016-02-29,119.140625,118.5687694139623,117.65047857630434,0.9182908376579633,0.06283560465323389,,,,DAILY_RUNTIME_DEPENDENCY_LEDGER_STRICT_PRIOR_DATE_REQUIRED
2016-03-01,118.7109375,118.5854950711432,117.68310808164881,0.9023869894943886,0.06356661504352726,,,,DAILY_RUNTIME_DEPENDENCY_LEDGER_STRICT_PRIOR_DATE_REQUIRED
2016-03-02,118.5859375,118.58554712159695,117.7108874483673,0.8746596732296439,0.06129387086123067,,,,DAILY_RUNTIME_DEPENDENCY_LEDGER_STRICT_PRIOR_DATE_REQUIRED
2016-03-03,118.5078125,118.57640187199729,117.73540821918677,0.8409936528105248,0.061203311848347035,,,,DAILY_RUNTIME_DEPENDENCY_LEDGER_STRICT_PRIOR_DATE_REQUIRED
2016-03-04,118.34375,118.54903106352701,117.75412642782717,0.7949046356998366,0.05709009677652062,,,,DAILY_RUNTIME_DEPENDENCY_LEDGER_STRICT_PRIOR_DATE_REQUIRED
2016-03-06,118.359375,118.526718585465,117.77274946081711,0.7539691246478952,0.05605483931969857,,,,DAILY_RUNTIME_DEPENDENCY_LEDGER_STRICT_PRIOR_DATE_REQUIRED
2016-03-07,118.15625,118.48313404599854,117.78454947740735,0.6985845685911869,0.054112275971232415,,,,DAILY_RUNTIME_DEPENDENCY_LEDGER_STRICT_PRIOR_DATE_REQUIRED
2016-03-08,118.5234375,118.48787562882224,117.80728449348712,0.6805911353351206,0.0541564473453466,,,,DAILY_RUNTIME_DEPENDENCY_LEDGER_STRICT_PRIOR_DATE_REQUIRED
2016-03-09,118.359375,118.47275790778433,117.82427189368751,0.648486014096818,0.05293090558477809,,,,DAILY_RUNTIME_DEPENDENCY_LEDGER_STRICT_PRIOR_DATE_REQUIRED
2016-03-10,118.0625,118.42449227157441,117.83160198926636,0.5928902823080477,0.05863085672023026,,,,DAILY_RUNTIME_DEPENDENCY_LEDGER_STRICT_PRIOR_DATE_REQUIRED
2016-03-11,117.8671875,118.35892700433035,117.83269692805817,0.526230076272185,0.05416443421961423,,,,DAILY_RUNTIME_DEPENDENCY_LEDGER_STRICT_PRIOR_DATE_REQUIRED
2016-03-13,117.84375,118.29831794499736,117.83303702257946,0.46528092241790375,0.0491975810326496,,,,DAILY_RUNTIME_DEPENDENCY_LEDGER_STRICT_PRIOR_DATE_REQUIRED
2016-03-14,117.9296875,118.25494965735061,117.83601088342317,0.4189387739274366,0.04839605467687263,,,,DAILY_RUNTIME_DEPENDENCY_LEDGER_STRICT_PRIOR_DATE_REQUIRED
2016-03-15,117.8203125,118.20381587413289,117.83552785624092,0.3682880178919703,0.045570384313438454,,,,DAILY_RUNTIME_DEPENDENCY_LEDGER_STRICT_PRIOR_DATE_REQUIRED
2016-03-16,118.40625,118.22763165364665,117.85308853758735,0.3745431160593,0.049815896858421804,,,,DAILY_RUNTIME_DEPENDENCY_LEDGER_STRICT_PRIOR_DATE_REQUIRED
2016-03-17,118.4609375,118.25507940027646,117.87179158258466,0.38328781769179443,0.046546843793647784,,,,DAILY_RUNTIME_DEPENDENCY_LEDGER_STRICT_PRIOR_DATE_REQUIRED
2016-03-18,118.6640625,118.30319505906746,117.89616914927437,0.4070259097930915,0.04693085332845271,,,,DAILY_RUNTIME_DEPENDENCY_LEDGER_STRICT_PRIOR_DATE_REQUIRED
2016-03-21,118.484375,118.324510346236,117.91426779083515,0.410242555400842,0.0446613092943595,,,,DAILY_RUNTIME_DEPENDENCY_LEDGER_STRICT_PRIOR_DATE_REQUIRED
2016-03-22,118.3984375,118.33320765844351,117.9291653203479,0.4040423380956071,0.0440517000586844,,,,DAILY_RUNTIME_DEPENDENCY_LEDGER_STRICT_PRIOR_DATE_REQUIRED
2016-03-23,118.5859375,118.36294058097957,117.94937369510643,0.41356688587313784,0.047395561670678626,,,,DAILY_RUNTIME_DEPENDENCY_LEDGER_STRICT_PRIOR_DATE_REQUIRED
2016-03-24,118.5625,118.38641815968785,117.9682391198724,0.4181790398154561,0.04083798799801231,,,,DAILY_RUNTIME_DEPENDENCY_LEDGER_STRICT_PRIOR_DATE_REQUIRED
2016-03-28,118.6171875,118.41356749384221,117.98820676233785,0.42536073150435527,0.039784397390095386,,,,DAILY_RUNTIME_DEPENDENCY_LEDGER_STRICT_PRIOR_DATE_REQUIRED
2016-03-29,119.0078125,118.48347867103723,118.01957924657361,0.4638994244636194,0.11963115403831882,,,,DAILY_RUNTIME_DEPENDENCY_LEDGER_STRICT_PRIOR_DATE_REQUIRED
2016-03-30,119.078125,118.55343706267992,118.05214988514058,0.5012871775393393,0.032056316348964664,,,,DAILY_RUNTIME_DEPENDENCY_LEDGER_STRICT_PRIOR_DATE_REQUIRED
2016-03-31,119.328125,118.64457682001168,118.09141065790548,0.5531661621061943,0.030141708615020784,,,,DAILY_RUNTIME_DEPENDENCY_LEDGER_STRICT_PRIOR_DATE_REQUIRED
2016-05-19,118.875,118.67168542942207,118.11552109920069,0.5561643302213781,0.03071503641700143,,,,DAILY_RUNTIME_DEPENDENCY_LEDGER_STRICT_PRIOR_DATE_REQUIRED
2016-05-20,118.9140625,118.70020037890181,118.14009160384067,0.5601087750611384,0.030078216560828066,,,,DAILY_RUNTIME_DEPENDENCY_LEDGER_STRICT_PRIOR_DATE_REQUIRED
2016-05-22,118.9375,118.72811798138395,118.16462724679941,0.5634907345845335,0.030714455665709475,,,,DAILY_RUNTIME_DEPENDENCY_LEDGER_STRICT_PRIOR_DATE_REQUIRED
2016-05-23,118.859375,118.74355998357407,118.18600410074404,0.5575558828300302,0.028467914557091818,,,,DAILY_RUNTIME_DEPENDENCY_LEDGER_STRICT_PRIOR_DATE_REQUIRED
2016-05-24,118.7265625,118.74156027962418,118.202636666875,0.538923612749187,0.02844739253007996,,,,DAILY_RUNTIME_DEPENDENCY_LEDGER_STRICT_PRIOR_DATE_REQUIRED
2016-05-25,118.7578125,118.74347230555074,118.21971900020192,0.5237533053488193,0.03047131333420156,,,,DAILY_RUNTIME_DEPENDENCY_LEDGER_STRICT_PRIOR_DATE_REQUIRED
2016-05-26,118.96875,118.76997556372125,118.242766107888,0.5272094558332441,0.026444024278569865,,,,DAILY_RUNTIME_DEPENDENCY_LEDGER_STRICT_PRIOR_DATE_REQUIRED
2016-05-27,118.671875,118.75843432093052,118.25596945841453,0.5024648625159926,0.028073742032292185,,,,DAILY_RUNTIME_DEPENDENCY_LEDGER_STRICT_PRIOR_DATE_REQUIRED
2016-05-29,118.6484375,118.7454935184681,118.2680453981556,0.47744812031248784,0.0335880339122094,,,,DAILY_RUNTIME_DEPENDENCY_LEDGER_STRICT_PRIOR_DATE_REQUIRED
2016-05-30,118.6953125,118.73958986923655,118.28119207821236,0.458397791024197,0.025984753132978995,,,,DAILY_RUNTIME_DEPENDENCY_LEDGER_STRICT_PRIOR_DATE_REQUIRED
2016-05-31,118.8828125,118.75643959050284,118.29970347580583,0.4567361146970086,0.025515799401725717,,,,DAILY_RUNTIME_DEPENDENCY_LEDGER_STRICT_PRIOR_DATE_REQUIRED
2016-06-01,118.828125,118.76487316809074,118.31596259962718,0.44891056846356037,0.025750745666777475,,,,DAILY_RUNTIME_DEPENDENCY_LEDGER_STRICT_PRIOR_DATE_REQUIRED
2016-06-02,118.9609375,118.78793956008008,118.33580798117711,0.4521315789029643,0.024094098343971394,,,,DAILY_RUNTIME_DEPENDENCY_LEDGER_STRICT_PRIOR_DATE_REQUIRED
2016-06-03,119.609375,118.88457902360007,118.37499465867936,0.5095843649207126,0.033189614594443334,,,,DAILY_RUNTIME_DEPENDENCY_LEDGER_STRICT_PRIOR_DATE_REQUIRED
2016-06-05,119.5859375,118.96709178552946,118.4122544384123,0.5548373471171573,0.035407616075310115,,,,DAILY_RUNTIME_DEPENDENCY_LEDGER_STRICT_PRIOR_DATE_REQUIRED
2016-06-06,119.53125,119.03346334017306,118.44668507107654,0.5867782690965129,0.030482364358814334,,,,DAILY_RUNTIME_DEPENDENCY_LEDGER_STRICT_PRIOR_DATE_REQUIRED
2016-06-07,119.625,119.103055888388,118.48294091504341,0.6201149733445845,0.03201108893765327,,,,DAILY_RUNTIME_DEPENDENCY_LEDGER_STRICT_PRIOR_DATE_REQUIRED
2016-06-08,119.671875,119.16997578387176,118.51952350227285,0.6504522815989162,0.029144066512225855,,,,DAILY_RUNTIME_DEPENDENCY_LEDGER_STRICT_PRIOR_DATE_REQUIRED
2016-06-09,119.6953125,119.23178010341626,118.55570162527984,0.676078478136418,0.026660226613847166,,,,DAILY_RUNTIME_DEPENDENCY_LEDGER_STRICT_PRIOR_DATE_REQUIRED
2016-06-10,119.984375,119.32032067948492,118.59966080604045,0.7206598734444754,0.027824243353189542,,,,DAILY_RUNTIME_DEPENDENCY_LEDGER_STRICT_PRIOR_DATE_REQUIRED
2016-06-12,120.0625,119.40763589366317,118.64467124277766,0.7629646508855075,0.02728600905074751,,,,DAILY_RUNTIME_DEPENDENCY_LEDGER_STRICT_PRIOR_DATE_REQUIRED
2016-06-13,120.1640625,119.49662725911456,118.69142174299989,0.8052055161146683,0.03856085497260889,,,,DAILY_RUNTIME_DEPENDENCY_LEDGER_STRICT_PRIOR_DATE_REQUIRED
2016-06-14,120.1171875,119.56963434627754,118.7352914585999,0.8343428876776358,0.024529776131003326,,,,DAILY_RUNTIME_DEPENDENCY_LEDGER_STRICT_PRIOR_DATE_REQUIRED
2016-06-15,120.4609375,119.67449354083313,118.78838825987374,0.8861052809593843,0.027946388256177467,,,,DAILY_RUNTIME_DEPENDENCY_LEDGER_STRICT_PRIOR_DATE_REQUIRED
2016-06-16,120.390625,119.75874430073512,118.83768785187762,0.9210564488574988,0.026793695047453252,,,,DAILY_RUNTIME_DEPENDENCY_LEDGER_STRICT_PRIOR_DATE_REQUIRED
2016-06-17,120.2890625,119.82113467711922,118.8823455333583,0.9387891437609142,0.025059260914740953,,,,DAILY_RUNTIME_DEPENDENCY_LEDGER_STRICT_PRIOR_DATE_REQUIRED
2016-06-19,120.0625,119.84953059745813,118.91865797848574,0.930872618972387,0.026634696161163787,,,,DAILY_RUNTIME_DEPENDENCY_LEDGER_STRICT_PRIOR_DATE_REQUIRED
2016-06-20,119.9765625,119.86447552716892,118.95120888684002,0.9132666403288994,0.024373403814691944,,,,DAILY_RUNTIME_DEPENDENCY_LEDGER_STRICT_PRIOR_DATE_REQUIRED
2016-06-21,119.9140625,119.87030928867846,118.98083515186032,0.8894741368181371,0.023831046405800443,,,,DAILY_RUNTIME_DEPENDENCY_LEDGER_STRICT_PRIOR_DATE_REQUIRED
2016-06-22,119.9765625,119.88280966648098,119.01147291641846,0.8713367500625253,0.029724114435998237,,,,DAILY_RUNTIME_DEPENDENCY_LEDGER_STRICT_PRIOR_DATE_REQUIRED
2016-06-23,120.046875,119.90211147042439,119.04333144206711,0.8587800283572733,0.02222453209210102,,,,DAILY_RUNTIME_DEPENDENCY_LEDGER_STRICT_PRIOR_DATE_REQUIRED
2016-06-24,120.65625,119.99083365037447,119.09295970538813,0.897873944986344,0.03155605761227046,,,,DAILY_RUNTIME_DEPENDENCY_LEDGER_STRICT_PRIOR_DATE_REQUIRED
2016-06-27,120.9921875,120.10863998562454,119.15139748368387,0.9572425019406694,0.03716638570582808,,,,DAILY_RUNTIME_DEPENDENCY_LEDGER_STRICT_PRIOR_DATE_REQUIRED
2016-06-28,120.875,120.19879998731577,119.20443140726283,0.9943685800529352,0.029098049262801802,,,,DAILY_RUNTIME_DEPENDENCY_LEDGER_STRICT_PRIOR_DATE_REQUIRED
2016-06-29,120.671875,120.25445587116097,119.24958351780859,1.0048723533523827,0.028930031250988645,,,,DAILY_RUNTIME_DEPENDENCY_LEDGER_STRICT_PRIOR_DATE_REQUIRED
2016-06-30,120.8046875,120.31918900396556,119.29743287110678,1.0217561328587834,0.028596967277850587,,,,DAILY_RUNTIME_DEPENDENCY_LEDGER_STRICT_PRIOR_DATE_REQUIRED
2016-08-19,119.796875,120.25774029761666,119.31280032122658,0.9449399763900885,0.043296782182143195,,,,DAILY_RUNTIME_DEPENDENCY_LEDGER_STRICT_PRIOR_DATE_REQUIRED
2016-08-21,119.6796875,120.18973408613235,119.32408915749653,0.8656449286358168,0.041683198506182795,,,,DAILY_RUNTIME_DEPENDENCY_LEDGER_STRICT_PRIOR_DATE_REQUIRED
2016-08-22,119.90625,120.1563830171756,119.34200179880433,0.8143812183712669,0.04228649522486439,,,,DAILY_RUNTIME_DEPENDENCY_LEDGER_STRICT_PRIOR_DATE_REQUIRED
2016-08-23,119.8984375,120.12603648574317,119.35912289730267,0.7669135884405023,0.042187230838486814,,,,DAILY_RUNTIME_DEPENDENCY_LEDGER_STRICT_PRIOR_DATE_REQUIRED
2016-08-24,119.875,120.09650278153809,119.37499603892412,0.7215067426139683,0.03835656220733234,,,,DAILY_RUNTIME_DEPENDENCY_LEDGER_STRICT_PRIOR_DATE_REQUIRED
2016-08-25,119.765625,120.05757598371008,119.38701539157262,0.6705605921374627,0.03740033193225721,,,,DAILY_RUNTIME_DEPENDENCY_LEDGER_STRICT_PRIOR_DATE_REQUIRED
2016-08-26,119.375,119.97727292680301,119.38664568721653,0.5906272395864818,0.03943530966940846,,,,DAILY_RUNTIME_DEPENDENCY_LEDGER_STRICT_PRIOR_DATE_REQUIRED
2016-08-28,119.40625,119.91009375894383,119.38724889684063,0.5228448621031987,0.03725153221357798,,,,DAILY_RUNTIME_DEPENDENCY_LEDGER_STRICT_PRIOR_DATE_REQUIRED
2016-08-29,119.625,119.87655331671515,119.39456431539938,0.4819890013157675,0.03727458193282334,,,,DAILY_RUNTIME_DEPENDENCY_LEDGER_STRICT_PRIOR_DATE_REQUIRED
2016-08-30,119.6640625,119.8515543971016,119.40285656723324,0.44869782986835105,0.04725020720300028,,,,DAILY_RUNTIME_DEPENDENCY_LEDGER_STRICT_PRIOR_DATE_REQUIRED
2016-08-31,119.5703125,119.81846711508963,119.40800905747221,0.4104580576174186,0.03378869769190649,,,,DAILY_RUNTIME_DEPENDENCY_LEDGER_STRICT_PRIOR_DATE_REQUIRED
2016-09-01,119.6640625,119.80030186625555,119.4158876249346,0.3844142413209539,0.0329783953752809,,,,DAILY_RUNTIME_DEPENDENCY_LEDGER_STRICT_PRIOR_DATE_REQUIRED
2016-09-02,119.625,119.7796781172843,119.42232185185969,0.3573562654246132,0.03219502971607379,,,,DAILY_RUNTIME_DEPENDENCY_LEDGER_STRICT_PRIOR_DATE_REQUIRED
2016-09-05,119.59375,119.7578042211332,119.42759656411016,0.33020765702303834,0.030979764208318585,,,,DAILY_RUNTIME_DEPENDENCY_LEDGER_STRICT_PRIOR_DATE_REQUIRED
2016-09-06,120.0390625,119.79089343041164,119.44641090059908,0.34448252981256644,0.03336085915406515,,,,DAILY_RUNTIME_DEPENDENCY_LEDGER_STRICT_PRIOR_DATE_REQUIRED
2016-09-07,120.0234375,119.81825155624557,119.46416556519603,0.3540859910495442,0.03513119991806519,,,,DAILY_RUNTIME_DEPENDENCY_LEDGER_STRICT_PRIOR_DATE_REQUIRED
2016-09-08,119.703125,119.80470725551079,119.47151816319,0.33318909232079363,0.03307571141126719,,,,DAILY_RUNTIME_DEPENDENCY_LEDGER_STRICT_PRIOR_DATE_REQUIRED
2016-09-09,119.5078125,119.76977846074482,119.47263491201491,0.2971435487299061,0.03284035813754634,,,,DAILY_RUNTIME_DEPENDENCY_LEDGER_STRICT_PRIOR_DATE_REQUIRED
2016-09-11,119.5078125,119.7389589359513,119.47371729933752,0.26524163661378,0.03154047681736159,,,,DAILY_RUNTIME_DEPENDENCY_LEDGER_STRICT_PRIOR_DATE_REQUIRED
2016-09-12,119.6484375,119.72830935525114,119.47909330551175,0.24921604973938827,0.03489150965470065,,,,DAILY_RUNTIME_DEPENDENCY_LEDGER_STRICT_PRIOR_DATE_REQUIRED
2016-09-13,119.4765625,119.69869207816278,119.47901543457293,0.21967664358984962,0.0303374088656983,,,,DAILY_RUNTIME_DEPENDENCY_LEDGER_STRICT_PRIOR_DATE_REQUIRED
2016-09-14,119.6484375,119.69277977484951,119.48422842120145,0.20855135364806188,0.030145533314970854,,,,DAILY_RUNTIME_DEPENDENCY_LEDGER_STRICT_PRIOR_DATE_REQUIRED
2016-09-15,119.796875,119.70502627192603,119.49384831593372,0.21117795599231215,0.031141487213909542,,,,DAILY_RUNTIME_DEPENDENCY_LEDGER_STRICT_PRIOR_DATE_REQUIRED
2016-09-16,119.6796875,119.70204523993473,119.49956644467422,0.20247879526051804,0.02876012268969994,,,,DAILY_RUNTIME_DEPENDENCY_LEDGER_STRICT_PRIOR_DATE_REQUIRED
2016-09-19,119.59375,119.68930462347183,119.50246440022269,0.18684022324913485,0.02787790131959489,,,,DAILY_RUNTIME_DEPENDENCY_LEDGER_STRICT_PRIOR_DATE_REQUIRED
2016-09-20,119.6796875,119.68817319718102,119.50791741867738,0.1802557785036356,0.02716792691913392,,,,DAILY_RUNTIME_DEPENDENCY_LEDGER_STRICT_PRIOR_DATE_REQUIRED
2016-09-21,119.671875,119.68625576221854,119.51296226733346,0.17329349488507262,0.026377349515662805,,,,DAILY_RUNTIME_DEPENDENCY_LEDGER_STRICT_PRIOR_DATE_REQUIRED
2016-09-22,119.7734375,119.69651243725166,119.52097688987705,0.17553554737460786,0.03862223284184992,,,,DAILY_RUNTIME_DEPENDENCY_LEDGER_STRICT_PRIOR_DATE_REQUIRED
2016-09-23,119.890625,119.7193492093397,119.53235067788083,0.1869985314588689,0.028812908273655284,,,,DAILY_RUNTIME_DEPENDENCY_LEDGER_STRICT_PRIOR_DATE_REQUIRED
2016-09-26,119.9140625,119.74225665529973,119.54409565702295,0.19816099827677647,0.023639774774736295,,,,DAILY_RUNTIME_DEPENDENCY_LEDGER_STRICT_PRIOR_DATE_REQUIRED
2016-09-27,120.125,119.787285284088,119.56196963680686,0.2253156472811355,0.025185620355726236,,,,DAILY_RUNTIME_DEPENDENCY_LEDGER_STRICT_PRIOR_DATE_REQUIRED
2016-09-28,120.0546875,119.81874436831293,119.57713018644358,0.2416141818693518,0.023425166536831785,,,,DAILY_RUNTIME_DEPENDENCY_LEDGER_STRICT_PRIOR_DATE_REQUIRED
2016-09-29,120.125,119.85477444262906,119.5939877191684,0.26078672346066867,0.05239319410989243,,,,DAILY_RUNTIME_DEPENDENCY_LEDGER_STRICT_PRIOR_DATE_REQUIRED
2016-09-30,119.9296875,119.86358774349623,119.604316943194,0.2592708003022324,0.019676821611554325,,,,DAILY_RUNTIME_DEPENDENCY_LEDGER_STRICT_PRIOR_DATE_REQUIRED
2016-11-18,117.390625,119.57265095014372,119.53620334494187,0.036447605201857414,0.0860429228863134,,,,DAILY_RUNTIME_DEPENDENCY_LEDGER_STRICT_PRIOR_DATE_REQUIRED
2016-11-20,117.375,119.31410377953858,119.46970478048212,-0.15560100094353402,0.0826955086747541,,,,DAILY_RUNTIME_DEPENDENCY_LEDGER_STRICT_PRIOR_DATE_REQUIRED
2016-11-21,117.6015625,119.11262833488698,119.4122234795442,-0.2995951446572178,0.08051708864883425,,,,DAILY_RUNTIME_DEPENDENCY_LEDGER_STRICT_PRIOR_DATE_REQUIRED
2016-11-22,117.578125,118.93209853078262,119.35578968017361,-0.42369114939099006,0.0782083271224543,,,,DAILY_RUNTIME_DEPENDENCY_LEDGER_STRICT_PRIOR_DATE_REQUIRED
2016-11-23,117.203125,118.72868988010231,119.28955384386059,-0.5608639637582797,0.07888335616730413,,,,DAILY_RUNTIME_DEPENDENCY_LEDGER_STRICT_PRIOR_DATE_REQUIRED
2016-11-24,117.109375,118.5381822471491,119.22247141789565,-0.6842891707465526,0.07424026639638145,,,,DAILY_RUNTIME_DEPENDENCY_LEDGER_STRICT_PRIOR_DATE_REQUIRED
2016-11-25,117.2578125,118.38755051219037,119.1620203742681,-0.7744698620777228,0.07286587579136411,,,,DAILY_RUNTIME_DEPENDENCY_LEDGER_STRICT_PRIOR_DATE_REQUIRED
2016-11-27,117.3359375,118.26383133428561,119.105833208906,-0.8420018746203937,0.0699203028398344,,,,DAILY_RUNTIME_DEPENDENCY_LEDGER_STRICT_PRIOR_DATE_REQUIRED
2016-11-28,117.4921875,118.1730497067226,119.0561825717089,-0.8831328649863082,0.06809231062036077,,,,DAILY_RUNTIME_DEPENDENCY_LEDGER_STRICT_PRIOR_DATE_REQUIRED
2016-11-29,117.5,118.09386738828464,119.00830003104093,-0.9144326427562959,0.06599741568889615,,,,DAILY_RUNTIME_DEPENDENCY_LEDGER_STRICT_PRIOR_DATE_REQUIRED
2016-11-30,117.1640625,117.9844785778982,118.95155426085506,-0.9670756829568603,0.06482263197953558,,,,DAILY_RUNTIME_DEPENDENCY_LEDGER_STRICT_PRIOR_DATE_REQUIRED
2016-12-01,117.0625,117.87601050991017,118.89342951436721,-1.0174190044570395,0.06291041695377948,,,,DAILY_RUNTIME_DEPENDENCY_LEDGER_STRICT_PRIOR_DATE_REQUIRED
2016-12-02,117.375,117.81706809697957,118.84670860623284,-1.0296405092532694,0.06539996258313371,,,,DAILY_RUNTIME_DEPENDENCY_LEDGER_STRICT_PRIOR_DATE_REQUIRED
2016-12-04,117.4765625,117.77700861498198,118.8045502645026,-1.0275416495206144,0.05982600430416118,,,,DAILY_RUNTIME_DEPENDENCY_LEDGER_STRICT_PRIOR_DATE_REQUIRED
2016-12-05,117.21875,117.71133113086645,118.7557564102102,-1.0444252793437414,0.06056447221969284,,,,DAILY_RUNTIME_DEPENDENCY_LEDGER_STRICT_PRIOR_DATE_REQUIRED
2016-12-06,117.3125,117.66440982135275,118.71134852066527,-1.0469386993125198,0.05753792827610608,,,,DAILY_RUNTIME_DEPENDENCY_LEDGER_STRICT_PRIOR_DATE_REQUIRED
2016-12-07,117.5234375,117.64782484237007,118.67479741233711,-1.0269725699670431,0.05543953954472158,,,,DAILY_RUNTIME_DEPENDENCY_LEDGER_STRICT_PRIOR_DATE_REQUIRED
2016-12-08,117.3359375,117.61113221385594,118.63360172272674,-1.022469508870799,0.054514164124759616,,,,DAILY_RUNTIME_DEPENDENCY_LEDGER_STRICT_PRIOR_DATE_REQUIRED
2016-12-09,117.1484375,117.55669754163759,118.58790436202746,-1.031206820389869,0.05341708605583924,,,,DAILY_RUNTIME_DEPENDENCY_LEDGER_STRICT_PRIOR_DATE_REQUIRED
2016-12-12,117.21875,117.51693900732728,118.54577653550353,-1.028837528176254,0.05182890192324683,,,,DAILY_RUNTIME_DEPENDENCY_LEDGER_STRICT_PRIOR_DATE_REQUIRED
2016-12-13,117.1171875,117.46990941822995,118.50181994979573,-1.031910531565785,0.050177990335108405,,,,DAILY_RUNTIME_DEPENDENCY_LEDGER_STRICT_PRIOR_DATE_REQUIRED
2016-12-14,116.46875,117.35212595726172,118.43926395134048,-1.087137994078759,0.05312163939742519,,,,DAILY_RUNTIME_DEPENDENCY_LEDGER_STRICT_PRIOR_DATE_REQUIRED
2016-12-15,116.234375,117.22062584464268,118.37142121437616,-1.1507953697334727,0.05195536168484593,,,,DAILY_RUNTIME_DEPENDENCY_LEDGER_STRICT_PRIOR_DATE_REQUIRED
2016-12-16,116.328125,117.11562574527295,118.30855056162612,-1.1929248163531696,0.05045670796054309,,,,DAILY_RUNTIME_DEPENDENCY_LEDGER_STRICT_PRIOR_DATE_REQUIRED
2016-12-18,116.359375,117.02665506935848,118.2485759289607,-1.2219208596022213,0.0487447179082178,,,,DAILY_RUNTIME_DEPENDENCY_LEDGER_STRICT_PRIOR_DATE_REQUIRED
2016-12-19,116.640625,116.98123976708101,118.19910051576191,-1.2178607486809057,0.048435275444283644,,,,DAILY_RUNTIME_DEPENDENCY_LEDGER_STRICT_PRIOR_DATE_REQUIRED
2016-12-20,116.53125,116.92829979448324,118.14778203835385,-1.2194822438706154,0.04717147017851625,,,,DAILY_RUNTIME_DEPENDENCY_LEDGER_STRICT_PRIOR_DATE_REQUIRED
2016-12-21,116.609375,116.89077923042639,118.10044643717373,-1.2096672067473406,0.045468352243355464,,,,DAILY_RUNTIME_DEPENDENCY_LEDGER_STRICT_PRIOR_DATE_REQUIRED
2016-12-23,116.5703125,116.85307726214093,118.053365392953,-1.2002881308120692,0.045201955762151906,,,,DAILY_RUNTIME_DEPENDENCY_LEDGER_STRICT_PRIOR_DATE_REQUIRED
2016-12-26,116.65625,116.82992111365375,118.010377227016,-1.18045611336224,0.04287561273110664,,,,DAILY_RUNTIME_DEPENDENCY_LEDGER_STRICT_PRIOR_DATE_REQUIRED
2016-12-27,116.5078125,116.79202598263566,117.96414446618473,-1.1721184835490703,0.04185735828172566,,,,DAILY_RUNTIME_DEPENDENCY_LEDGER_STRICT_PRIOR_DATE_REQUIRED
2016-12-28,116.53125,116.76134645526675,117.92005540568675,-1.1587089504200065,0.0414886503889124,,,,DAILY_RUNTIME_DEPENDENCY_LEDGER_STRICT_PRIOR_DATE_REQUIRED
2016-12-29,116.8984375,116.77747481347065,117.8886210085887,-1.111146195118053,0.12752814382799085,,,,DAILY_RUNTIME_DEPENDENCY_LEDGER_STRICT_PRIOR_DATE_REQUIRED
2016-12-30,117.171875,116.82387483541527,117.86656728524751,-1.042692449832245,0.028015218689220894,,,,DAILY_RUNTIME_DEPENDENCY_LEDGER_STRICT_PRIOR_DATE_REQUIRED
2017-02-16,117.0,116.84459544301347,117.83990367647066,-0.9953082334571803,0.02985424384717687,,,,DAILY_RUNTIME_DEPENDENCY_LEDGER_STRICT_PRIOR_DATE_REQUIRED
2017-02-17,117.2265625,116.88953274383542,117.82103164027157,-0.9314988964361532,0.027848635468918276,,,,DAILY_RUNTIME_DEPENDENCY_LEDGER_STRICT_PRIOR_DATE_REQUIRED
2017-02-19,117.1953125,116.92550683279595,117.80177874364783,-0.8762719108518837,0.032545352374474534,,,,DAILY_RUNTIME_DEPENDENCY_LEDGER_STRICT_PRIOR_DATE_REQUIRED
2017-02-20,117.140625,116.950814852467,117.7814355515356,-0.8306206990685894,0.026236410605903416,,,,DAILY_RUNTIME_DEPENDENCY_LEDGER_STRICT_PRIOR_DATE_REQUIRED
2017-02-21,117.125,116.971307222765,117.76123753456527,-0.7899303118002621,0.02604516845999776,,,,DAILY_RUNTIME_DEPENDENCY_LEDGER_STRICT_PRIOR_DATE_REQUIRED
2017-02-22,117.2265625,117.00133725538089,117.74478599504019,-0.7434487396592999,0.024720210770091514,,,,DAILY_RUNTIME_DEPENDENCY_LEDGER_STRICT_PRIOR_DATE_REQUIRED
2017-02-23,117.46875,117.05632699004195,117.73629257980818,-0.6799655897662262,0.02614409229447157,,,,DAILY_RUNTIME_DEPENDENCY_LEDGER_STRICT_PRIOR_DATE_REQUIRED
2017-02-24,117.7578125,117.13885469709584,117.7369547311987,-0.5981000341028562,0.026048148856792578,,,,DAILY_RUNTIME_DEPENDENCY_LEDGER_STRICT_PRIOR_DATE_REQUIRED
2017-02-26,117.7109375,117.20615855626103,117.73615420100796,-0.5299956447469327,0.030092550749668746,,,,DAILY_RUNTIME_DEPENDENCY_LEDGER_STRICT_PRIOR_DATE_REQUIRED
2017-02-27,117.453125,117.23521343199502,117.72744561020772,-0.4922321782127028,0.026147335194651088,,,,DAILY_RUNTIME_DEPENDENCY_LEDGER_STRICT_PRIOR_DATE_REQUIRED
2017-02-28,116.9453125,117.20110743999561,117.70337997604749,-0.5022725360518763,0.03375817432935153,,,,DAILY_RUNTIME_DEPENDENCY_LEDGER_STRICT_PRIOR_DATE_REQUIRED
2017-03-01,116.7109375,117.14344038823143,117.67284328447678,-0.5294028962453581,0.030420950363323686,,,,DAILY_RUNTIME_DEPENDENCY_LEDGER_STRICT_PRIOR_DATE_REQUIRED
2017-03-02,116.6640625,117.08704298961595,117.64180387572365,-0.5547608861077009,0.03168824617634959,,,,DAILY_RUNTIME_DEPENDENCY_LEDGER_STRICT_PRIOR_DATE_REQUIRED
2017-03-03,116.7265625,117.04463352024936,117.61364260262447,-0.5690090823751035,0.02849383565830199,,,,DAILY_RUNTIME_DEPENDENCY_LEDGER_STRICT_PRIOR_DATE_REQUIRED
2017-03-05,116.71875,117.00629428257297,117.58610744562064,-0.5798131630476746,0.02910521521588767,,,,DAILY_RUNTIME_DEPENDENCY_LEDGER_STRICT_PRIOR_DATE_REQUIRED
2017-03-06,116.6953125,116.96970819050556,117.55869837037078,-0.5889901798652204,0.027821414984246232,,,,DAILY_RUNTIME_DEPENDENCY_LEDGER_STRICT_PRIOR_DATE_REQUIRED
2017-03-07,116.5546875,116.92088222691667,117.52780572820552,-0.606923501288847,0.02738458748236809,,,,DAILY_RUNTIME_DEPENDENCY_LEDGER_STRICT_PRIOR_DATE_REQUIRED
2017-03-08,116.3828125,116.85757990610294,117.49257516733766,-0.6349952612347209,0.025823787250372113,,,,DAILY_RUNTIME_DEPENDENCY_LEDGER_STRICT_PRIOR_DATE_REQUIRED
2017-03-09,116.2421875,116.78518079950258,117.45410170065036,-0.6689209011477715,0.02572554360611536,,,,DAILY_RUNTIME_DEPENDENCY_LEDGER_STRICT_PRIOR_DATE_REQUIRED
2017-03-10,116.421875,116.74243894073757,117.42234087909188,-0.6799019383543055,0.040390432222648175,,,,DAILY_RUNTIME_DEPENDENCY_LEDGER_STRICT_PRIOR_DATE_REQUIRED
2017-03-12,116.40625,116.70288730065079,117.3910765443506,-0.68818924369981,0.025835418195337377,,,,DAILY_RUNTIME_DEPENDENCY_LEDGER_STRICT_PRIOR_DATE_REQUIRED
2017-03-13,116.296875,116.65512114763305,117.35740880452443,-0.7022876568913716,0.023025248741219768,,,,DAILY_RUNTIME_DEPENDENCY_LEDGER_STRICT_PRIOR_DATE_REQUIRED
2017-03-14,116.328125,116.6166510126174,117.32573853361598,-0.7090875209985796,0.021916655208442166,,,,DAILY_RUNTIME_DEPENDENCY_LEDGER_STRICT_PRIOR_DATE_REQUIRED
2017-03-15,116.8671875,116.64612589348593,117.31162927104317,-0.6655033775572434,0.03117803319669386,,,,DAILY_RUNTIME_DEPENDENCY_LEDGER_STRICT_PRIOR_DATE_REQUIRED
2017-03-16,116.6953125,116.65191255307582,117.292665678088,-0.6407531250121821,0.028023098611820983,,,,DAILY_RUNTIME_DEPENDENCY_LEDGER_STRICT_PRIOR_DATE_REQUIRED
2017-03-17,116.8359375,116.6735625468316,117.2786125033776,-0.6050499565459972,0.027317592101346315,,,,DAILY_RUNTIME_DEPENDENCY_LEDGER_STRICT_PRIOR_DATE_REQUIRED
2017-03-20,117.0078125,116.71288607073376,117.27028019558138,-0.5573941248476189,0.026900381103993787,,,,DAILY_RUNTIME_DEPENDENCY_LEDGER_STRICT_PRIOR_DATE_REQUIRED
2017-03-21,117.1875,116.7687230035886,117.26773311264041,-0.49901010905180954,0.02702574972005835,,,,DAILY_RUNTIME_DEPENDENCY_LEDGER_STRICT_PRIOR_DATE_REQUIRED
2017-03-22,117.28125,116.82902029728406,117.26814901686686,-0.4391287195827971,0.02703772550926707,,,,DAILY_RUNTIME_DEPENDENCY_LEDGER_STRICT_PRIOR_DATE_REQUIRED
2017-03-23,117.2109375,116.8739517328977,117.26638866250173,-0.3924369296040311,0.02531729099889204,,,,DAILY_RUNTIME_DEPENDENCY_LEDGER_STRICT_PRIOR_DATE_REQUIRED
2017-03-24,117.203125,116.9126779996156,117.26444208827091,-0.3517640886553153,0.03039408462991713,,,,DAILY_RUNTIME_DEPENDENCY_LEDGER_STRICT_PRIOR_DATE_REQUIRED
2017-03-27,117.34375,116.963392352602,117.26688233170873,-0.3034899791067289,0.027297917743879005,,,,DAILY_RUNTIME_DEPENDENCY_LEDGER_STRICT_PRIOR_DATE_REQUIRED
2017-03-29,117.3203125,117.00538295817823,117.26852633688694,-0.26314337870870474,0.024344600706966906,,,,DAILY_RUNTIME_DEPENDENCY_LEDGER_STRICT_PRIOR_DATE_REQUIRED
2017-03-30,117.1953125,117.02772761015726,117.26627360344426,-0.23854599328700488,0.02502660847343448,,,,DAILY_RUNTIME_DEPENDENCY_LEDGER_STRICT_PRIOR_DATE_REQUIRED
2017-03-31,117.3515625,117.0658258324917,117.26889787718443,-0.20307204469273188,0.022277815140572726,,,,DAILY_RUNTIME_DEPENDENCY_LEDGER_STRICT_PRIOR_DATE_REQUIRED
2017-05-19,118.4765625,117.23179485219855,117.30605678865568,-0.07426193645713397,0.04355311942930947,,,,DAILY_RUNTIME_DEPENDENCY_LEDGER_STRICT_PRIOR_DATE_REQUIRED
2017-05-21,118.421875,117.37180428135166,117.34038965669704,0.031414624654615864,0.04217480642274451,,,,DAILY_RUNTIME_DEPENDENCY_LEDGER_STRICT_PRIOR_DATE_REQUIRED
2017-05-22,118.5234375,117.5072905423691,117.37679112879867,0.13049941357043338,0.04130620484396005,,,,DAILY_RUNTIME_DEPENDENCY_LEDGER_STRICT_PRIOR_DATE_REQUIRED
2017-05-23,118.2734375,117.59742547856098,117.40438024791257,0.1930452306484085,0.04226338456003418,,,,DAILY_RUNTIME_DEPENDENCY_LEDGER_STRICT_PRIOR_DATE_REQUIRED
2017-05-24,118.4765625,117.70085336343615,117.43737047105373,0.2634828923824273,0.04221168566676758,,,,DAILY_RUNTIME_DEPENDENCY_LEDGER_STRICT_PRIOR_DATE_REQUIRED
2017-05-25,118.4375,117.78751767362013,117.468143687329,0.3193739862911258,0.03851918772406827,,,,DAILY_RUNTIME_DEPENDENCY_LEDGER_STRICT_PRIOR_DATE_REQUIRED
2017-05-26,118.4296875,117.86306706495894,117.49772965079579,0.36533741416315024,0.03930320957575253,,,,DAILY_RUNTIME_DEPENDENCY_LEDGER_STRICT_PRIOR_DATE_REQUIRED
2017-05-28,118.421875,117.92880917496377,117.52616489230977,0.4026442826540091,0.04362512294237779,,,,DAILY_RUNTIME_DEPENDENCY_LEDGER_STRICT_PRIOR_DATE_REQUIRED
2017-05-29,118.46875,117.99233162496803,117.55516751100794,0.4371641139600939,0.03623386432326491,,,,DAILY_RUNTIME_DEPENDENCY_LEDGER_STRICT_PRIOR_DATE_REQUIRED
2017-05-30,118.5390625,118.05665290438355,117.58544120297692,0.4712117014066308,0.03336759712213915,,,,DAILY_RUNTIME_DEPENDENCY_LEDGER_STRICT_PRIOR_DATE_REQUIRED
2017-05-31,118.5625,118.11616432739726,117.61550455057764,0.5006597768196173,0.032413155584572605,,,,DAILY_RUNTIME_DEPENDENCY_LEDGER_STRICT_PRIOR_DATE_REQUIRED
2017-06-01,118.5625,118.16867440652699,117.64464287209833,0.5240315344286586,0.031268996325769,,,,DAILY_RUNTIME_DEPENDENCY_LEDGER_STRICT_PRIOR_DATE_REQUIRED
2017-06-02,118.7734375,118.2398230057591,117.6793750144953,0.5604479912637998,0.03112504135756377,,,,DAILY_RUNTIME_DEPENDENCY_LEDGER_STRICT_PRIOR_DATE_REQUIRED
2017-06-04,118.7734375,118.30260118155215,117.71303847558775,0.5895627059643971,0.030918849673339226,,,,DAILY_RUNTIME_DEPENDENCY_LEDGER_STRICT_PRIOR_DATE_REQUIRED
2017-06-05,118.6875,118.34788339548719,117.74302190710813,0.6048614883790577,0.030490234855980604,,,,DAILY_RUNTIME_DEPENDENCY_LEDGER_STRICT_PRIOR_DATE_REQUIRED
2017-06-06,118.7890625,118.39978681954751,117.77520777150481,0.6245790480427047,0.029350160745451964,,,,DAILY_RUNTIME_DEPENDENCY_LEDGER_STRICT_PRIOR_DATE_REQUIRED
2017-06-07,118.6640625,118.43087807607134,117.80255714776621,0.6283209283051292,0.029268355433026146,,,,DAILY_RUNTIME_DEPENDENCY_LEDGER_STRICT_PRIOR_DATE_REQUIRED
2017-06-08,118.71875,118.46474536123941,117.83074769706572,0.6339976641736911,0.027034828782454116,,,,DAILY_RUNTIME_DEPENDENCY_LEDGER_STRICT_PRIOR_DATE_REQUIRED
2017-06-09,118.5390625,118.47348855403476,117.85254199869446,0.6209465553402964,0.02739082944197789,,,,DAILY_RUNTIME_DEPENDENCY_LEDGER_STRICT_PRIOR_DATE_REQUIRED
2017-06-11,118.5,118.47660754767772,117.87246378335003,0.6041437643276879,0.026078847140004646,,,,DAILY_RUNTIME_DEPENDENCY_LEDGER_STRICT_PRIOR_DATE_REQUIRED
2017-06-12,118.484375,118.47752136559798,117.89129182078541,0.5862295448125678,0.036540960875954084,,,,DAILY_RUNTIME_DEPENDENCY_LEDGER_STRICT_PRIOR_DATE_REQUIRED
2017-06-13,118.46875,118.47648944023351,117.90905976476125,0.5674296754722548,0.02503005768182135,,,,DAILY_RUNTIME_DEPENDENCY_LEDGER_STRICT_PRIOR_DATE_REQUIRED
2017-06-14,118.7734375,118.51142450608837,117.9356560027686,0.5757685033197788,0.025846527478503325,,,,DAILY_RUNTIME_DEPENDENCY_LEDGER_STRICT_PRIOR_DATE_REQUIRED
2017-06-15,118.5703125,118.51835250537209,117.95518389499111,0.5631686103809841,0.026383479364342755,,,,DAILY_RUNTIME_DEPENDENCY_LEDGER_STRICT_PRIOR_DATE_REQUIRED
2017-06-16,118.7109375,118.5410095635636,117.9784378520683,0.562571711495309,0.026115951313152006,,,,DAILY_RUNTIME_DEPENDENCY_LEDGER_STRICT_PRIOR_DATE_REQUIRED
2017-06-19,118.4609375,118.53158932079141,117.99328399508157,0.5383053257098425,0.025566163316572903,,,,DAILY_RUNTIME_DEPENDENCY_LEDGER_STRICT_PRIOR_DATE_REQUIRED
2017-06-20,118.546875,118.53338763599243,118.01031756446368,0.5230700715287497,0.024759936291943636,,,,DAILY_RUNTIME_DEPENDENCY_LEDGER_STRICT_PRIOR_DATE_REQUIRED
2017-06-21,118.5859375,118.53956997293449,118.02802894709556,0.5115410258389232,0.023791563110065625,,,,DAILY_RUNTIME_DEPENDENCY_LEDGER_STRICT_PRIOR_DATE_REQUIRED
2017-06-22,118.640625,118.55145879964807,118.0468780564157,0.5045807432323812,0.02411869825357358,,,,DAILY_RUNTIME_DEPENDENCY_LEDGER_STRICT_PRIOR_DATE_REQUIRED
2017-06-23,118.65625,118.56378717616006,118.06562796237213,0.49815921378792893,0.022387488557837575,,,,DAILY_RUNTIME_DEPENDENCY_LEDGER_STRICT_PRIOR_DATE_REQUIRED
2017-06-26,118.6953125,118.57926074367064,118.08500287122223,0.494257872448415,0.02254174409059423,,,,DAILY_RUNTIME_DEPENDENCY_LEDGER_STRICT_PRIOR_DATE_REQUIRED
2017-06-27,118.390625,118.5570683032388,118.09440662903077,0.4626616742080216,0.024504307279371168,,,,DAILY_RUNTIME_DEPENDENCY_LEDGER_STRICT_PRIOR_DATE_REQUIRED
2017-06-28,118.4765625,118.54759703226952,118.10616527121444,0.4414317610550853,0.05919078218050526,,,,DAILY_RUNTIME_DEPENDENCY_LEDGER_STRICT_PRIOR_DATE_REQUIRED
2017-06-29,118.3671875,118.52637238141428,118.11419672440783,0.41217565700644343,0.017951230945481476,,,,DAILY_RUNTIME_DEPENDENCY_LEDGER_STRICT_PRIOR_DATE_REQUIRED
2017-06-30,118.3125,118.5012109247773,118.12029836365683,0.3809125611204678,0.017972804457131498,,,,DAILY_RUNTIME_DEPENDENCY_LEDGER_STRICT_PRIOR_DATE_REQUIRED
2017-08-20,118.59375,118.5120978748035,118.13486610631355,0.3772317684899491,0.022625285751950403,,,,DAILY_RUNTIME_DEPENDENCY_LEDGER_STRICT_PRIOR_DATE_REQUIRED
2017-08-21,118.6953125,118.53365253659132,118.15211061073468,0.38154192585663793,0.021059076830353195,,,,DAILY_RUNTIME_DEPENDENCY_LEDGER_STRICT_PRIOR_DATE_REQUIRED
2017-08-22,118.5546875,118.53612723816882,118.16449759194283,0.3716296462259834,0.018600733498104795,,,,DAILY_RUNTIME_DEPENDENCY_LEDGER_STRICT_PRIOR_DATE_REQUIRED
2017-08-23,118.7265625,118.55853138661953,118.18179189680613,0.3767394898134029,0.018821097311458944,,,,DAILY_RUNTIME_DEPENDENCY_LEDGER_STRICT_PRIOR_DATE_REQUIRED
2017-08-24,118.6015625,118.56359387054664,118.19470791536594,0.36888595518070133,0.01870730084790412,,,,DAILY_RUNTIME_DEPENDENCY_LEDGER_STRICT_PRIOR_DATE_REQUIRED
2017-08-25,118.6796875,118.57725194459998,118.20963036412391,0.36762158047606874,0.018451013909845878,,,,DAILY_RUNTIME_DEPENDENCY_LEDGER_STRICT_PRIOR_DATE_REQUIRED
2017-08-27,118.6484375,118.58562671582351,118.22313212215086,0.36249459367265047,0.018089884616271444,,,,DAILY_RUNTIME_DEPENDENCY_LEDGER_STRICT_PRIOR_DATE_REQUIRED
2017-08-28,118.9296875,118.62610445513837,118.24487228762314,0.38123216751523614,0.019606259938238207,,,,DAILY_RUNTIME_DEPENDENCY_LEDGER_STRICT_PRIOR_DATE_REQUIRED
2017-08-29,118.890625,118.65722451923973,118.26474160185012,0.39248291738961427,0.01901342688255474,,,,DAILY_RUNTIME_DEPENDENCY_LEDGER_STRICT_PRIOR_DATE_REQUIRED
2017-08-30,118.8125,118.6754922228586,118.28159570640858,0.3938965164500132,0.0211955354461967,,,,DAILY_RUNTIME_DEPENDENCY_LEDGER_STRICT_PRIOR_DATE_REQUIRED
2017-08-31,118.875,118.6989637260517,118.29985430005755,0.3991094259941548,0.017982384319260004,,,,DAILY_RUNTIME_DEPENDENCY_LEDGER_STRICT_PRIOR_DATE_REQUIRED
2017-09-01,118.734375,118.70312975828091,118.31322416774809,0.3899055905328197,0.018506955007967466,,,,DAILY_RUNTIME_DEPENDENCY_LEDGER_STRICT_PRIOR_DATE_REQUIRED
2017-09-03,118.8671875,118.72243066907139,118.33026919335583,0.3921614757155538,0.0186534413045154,,,,DAILY_RUNTIME_DEPENDENCY_LEDGER_STRICT_PRIOR_DATE_REQUIRED
2017-09-04,118.8359375,118.73578441388652,118.34582821817565,0.3899561957108659,0.01844272301315315,,,,DAILY_RUNTIME_DEPENDENCY_LEDGER_STRICT_PRIOR_DATE_REQUIRED
2017-09-05,119.21875,118.79260389460576,118.37268734992409,0.4199165446816693,0.02124653893107001,,,,DAILY_RUNTIME_DEPENDENCY_LEDGER_STRICT_PRIOR_DATE_REQUIRED
2017-09-06,119.0,118.81700343641684,118.39198927761873,0.4250141587981062,0.023321530400380836,,,,DAILY_RUNTIME_DEPENDENCY_LEDGER_STRICT_PRIOR_DATE_REQUIRED
2017-09-07,119.2890625,118.87253979683838,118.4195915306151,0.452948266223288,0.0230542848287791,,,,DAILY_RUNTIME_DEPENDENCY_LEDGER_STRICT_PRIOR_DATE_REQUIRED
2017-09-08,119.25,118.91694687956327,118.44514256044232,0.4718043191209489,0.022315581321617314,,,,DAILY_RUNTIME_DEPENDENCY_LEDGER_STRICT_PRIOR_DATE_REQUIRED
2017-09-10,119.0859375,118.93682812902641,118.46485932781333,0.47196880121308027,0.022297338078764925,,,,DAILY_RUNTIME_DEPENDENCY_LEDGER_STRICT_PRIOR_DATE_REQUIRED
2017-09-11,118.9296875,118.9359880550233,118.47916173311138,0.45682632191191885,0.02661432555919208,,,,DAILY_RUNTIME_DEPENDENCY_LEDGER_STRICT_PRIOR_DATE_REQUIRED
2017-09-12,118.78125,118.91778357796173,118.48845675670796,0.42932682125376687,0.023865283746884614,,,,DAILY_RUNTIME_DEPENDENCY_LEDGER_STRICT_PRIOR_DATE_REQUIRED
2017-09-13,118.640625,118.88517668643681,118.49313885650156,0.39203782993524783,0.022525597013939084,,,,DAILY_RUNTIME_DEPENDENCY_LEDGER_STRICT_PRIOR_DATE_REQUIRED
2017-09-14,118.6171875,118.85364854685601,118.49695573783997,0.35669280901603884,0.023994918160460666,,,,DAILY_RUNTIME_DEPENDENCY_LEDGER_STRICT_PRIOR_DATE_REQUIRED
2017-09-15,118.5234375,118.81480018840234,118.49777056129103,0.3170296271113102,0.020577200197410085,,,,DAILY_RUNTIME_DEPENDENCY_LEDGER_STRICT_PRIOR_DATE_REQUIRED
2017-09-18,118.4609375,118.77316928388441,118.49663723632823,0.2765320475561879,0.01971009622189236,,,,DAILY_RUNTIME_DEPENDENCY_LEDGER_STRICT_PRIOR_DATE_REQUIRED
2017-09-19,118.375,118.72632583872154,118.49289455213352,0.23343128658801504,0.019403456039974593,,,,DAILY_RUNTIME_DEPENDENCY_LEDGER_STRICT_PRIOR_DATE_REQUIRED
2017-09-20,118.171875,118.6610963282837,118.48301702745249,0.17807930083121448,0.019824408187147317,,,,DAILY_RUNTIME_DEPENDENCY_LEDGER_STRICT_PRIOR_DATE_REQUIRED
2017-09-21,118.109375,118.59618793672091,118.47152034968471,0.12466758703619973,0.019403333375978854,,,,DAILY_RUNTIME_DEPENDENCY_LEDGER_STRICT_PRIOR_DATE_REQUIRED
2017-09-22,118.1875,118.54810700298904,118.46278126200211,0.08532574098693146,0.023900897833336748,,,,DAILY_RUNTIME_DEPENDENCY_LEDGER_STRICT_PRIOR_DATE_REQUIRED
2017-09-25,118.34375,118.52406500263739,118.45911876163282,0.06494624100456292,0.019145992572011692,,,,DAILY_RUNTIME_DEPENDENCY_LEDGER_STRICT_PRIOR_DATE_REQUIRED
2017-09-26,118.25,118.49182206115063,118.45268433819797,0.039137722952659715,0.01909637348747892,,,,DAILY_RUNTIME_DEPENDENCY_LEDGER_STRICT_PRIOR_DATE_REQUIRED
2017-09-27,118.109375,118.44682828925055,118.44212097394572,0.004707315304827375,0.018540102902839427,,,,DAILY_RUNTIME_DEPENDENCY_LEDGER_STRICT_PRIOR_DATE_REQUIRED
2017-09-28,118.0703125,118.40253231404459,118.43068071320893,-0.02814839916433698,0.022393188034074495,,,,DAILY_RUNTIME_DEPENDENCY_LEDGER_STRICT_PRIOR_DATE_REQUIRED
2017-09-29,118.1171875,118.3689623359217,118.42103476818713,-0.05207243226543312,0.01770777982460913,,,,DAILY_RUNTIME_DEPENDENCY_LEDGER_STRICT_PRIOR_DATE_REQUIRED
2017-11-19,117.3046875,118.2437535316956,118.38668562147367,-0.14293208977807126,0.032411373986995666,,,,DAILY_RUNTIME_DEPENDENCY_LEDGER_STRICT_PRIOR_DATE_REQUIRED
2017-11-20,117.1015625,118.10937811620201,118.34714337158218,-0.23776525538016813,0.03249705829673292,,,,DAILY_RUNTIME_DEPENDENCY_LEDGER_STRICT_PRIOR_DATE_REQUIRED
2017-11-21,117.03125,117.98253951429588,118.30665434476425,-0.32411483046837475,0.0310699453487261,,,,DAILY_RUNTIME_DEPENDENCY_LEDGER_STRICT_PRIOR_DATE_REQUIRED
2017-11-22,117.2890625,117.90095398320224,118.27534382646382,-0.3743898432615822,0.03098693133142539,,,,DAILY_RUNTIME_DEPENDENCY_LEDGER_STRICT_PRIOR_DATE_REQUIRED
2017-11-23,117.265625,117.82620939694316,118.24427555488033,-0.41806615793717583,0.02984557490261608,,,,DAILY_RUNTIME_DEPENDENCY_LEDGER_STRICT_PRIOR_DATE_REQUIRED
2017-11-24,117.203125,117.75290535024396,118.21224015319171,-0.4593348029477511,0.03196378289791209,,,,DAILY_RUNTIME_DEPENDENCY_LEDGER_STRICT_PRIOR_DATE_REQUIRED
2017-11-26,117.1953125,117.68730619139173,118.18095007155506,-0.49364388016333294,0.027938910608848098,,,,DAILY_RUNTIME_DEPENDENCY_LEDGER_STRICT_PRIOR_DATE_REQUIRED
2017-11-27,117.2890625,117.64045399240446,118.15350737704568,-0.5130533846412249,0.027454300218297895,,,,DAILY_RUNTIME_DEPENDENCY_LEDGER_STRICT_PRIOR_DATE_REQUIRED
2017-11-28,117.25,117.59451822859216,118.12570715005965,-0.5311889214674892,0.026546831530040085,,,,DAILY_RUNTIME_DEPENDENCY_LEDGER_STRICT_PRIOR_DATE_REQUIRED
2017-11-29,117.078125,117.5337660840519,118.09347385313474,-0.5597077690828343,0.027053238402615632,,,,DAILY_RUNTIME_DEPENDENCY_LEDGER_STRICT_PRIOR_DATE_REQUIRED
2017-11-30,116.921875,117.46177889769285,118.05742465765367,-0.5956457599608171,0.02665210976660093,,,,DAILY_RUNTIME_DEPENDENCY_LEDGER_STRICT_PRIOR_DATE_REQUIRED
2017-12-01,117.0234375,117.41020932149368,118.0256096681874,-0.6154003466937183,0.0253089700379684,,,,DAILY_RUNTIME_DEPENDENCY_LEDGER_STRICT_PRIOR_DATE_REQUIRED
2017-12-03,116.78125,117.3362141072003,117.98732167839702,-0.651107571196718,0.031677161237740566,,,,DAILY_RUNTIME_DEPENDENCY_LEDGER_STRICT_PRIOR_DATE_REQUIRED
2017-12-04,116.859375,117.28011538870615,117.95261562675404,-0.6725002380478884,0.026861853927988594,,,,DAILY_RUNTIME_DEPENDENCY_LEDGER_STRICT_PRIOR_DATE_REQUIRED
2017-12-05,116.8515625,117.22969740179954,117.91873706900776,-0.6890396672082204,0.027573700139407135,,,,DAILY_RUNTIME_DEPENDENCY_LEDGER_STRICT_PRIOR_DATE_REQUIRED
2017-12-06,116.953125,117.19715947217607,117.88902592842291,-0.6918664562468422,0.02318457505626011,,,,DAILY_RUNTIME_DEPENDENCY_LEDGER_STRICT_PRIOR_DATE_REQUIRED
2017-12-07,116.9375,117.16661129897889,117.85974820754835,-0.693136908569457,0.023733926202132268,,,,DAILY_RUNTIME_DEPENDENCY_LEDGER_STRICT_PRIOR_DATE_REQUIRED
2017-12-08,116.921875,117.13781879321667,117.83089057039302,-0.6930717771763568,0.022888148809794423,,,,DAILY_RUNTIME_DEPENDENCY_LEDGER_STRICT_PRIOR_DATE_REQUIRED
2017-12-11,116.859375,117.10506069989705,117.8009977836117,-0.6959370837146537,0.022163587932582017,,,,DAILY_RUNTIME_DEPENDENCY_LEDGER_STRICT_PRIOR_DATE_REQUIRED
2017-12-12,116.78125,117.06696532343857,117.76962092873136,-0.7026556052927901,0.021524604103492967,,,,DAILY_RUNTIME_DEPENDENCY_LEDGER_STRICT_PRIOR_DATE_REQUIRED
2017-12-13,117.1015625,117.07103557950462,117.7490652847704,-0.6780297052657716,0.022530744820780595,,,,DAILY_RUNTIME_DEPENDENCY_LEDGER_STRICT_PRIOR_DATE_REQUIRED
2017-12-14,116.9375,117.0553255113276,117.724094045239,-0.668768533911404,0.022942775116423005,,,,DAILY_RUNTIME_DEPENDENCY_LEDGER_STRICT_PRIOR_DATE_REQUIRED
2017-12-15,116.859375,117.03227250999494,117.6974873053855,-0.6652147953905541,0.022138694082186768,,,,DAILY_RUNTIME_DEPENDENCY_LEDGER_STRICT_PRIOR_DATE_REQUIRED
2017-12-18,116.828125,117.00825515587789,117.67073769598902,-0.6624825401111281,0.02167025419934202,,,,DAILY_RUNTIME_DEPENDENCY_LEDGER_STRICT_PRIOR_DATE_REQUIRED
2017-12-19,116.609375,116.96132807871578,117.63808038226628,-0.6767523035505008,0.02396216736387725,,,,DAILY_RUNTIME_DEPENDENCY_LEDGER_STRICT_PRIOR_DATE_REQUIRED
2017-12-20,116.53125,116.91073065769038,117.60402406281194,-0.6932934051215653,0.021440150709289722,,,,DAILY_RUNTIME_DEPENDENCY_LEDGER_STRICT_PRIOR_DATE_REQUIRED
2017-12-21,116.5,116.86240940384445,117.5700540916485,-0.7076446878040485,0.0209301008097752,,,,DAILY_RUNTIME_DEPENDENCY_LEDGER_STRICT_PRIOR_DATE_REQUIRED
2017-12-22,116.453125,116.81425829750981,117.5356870426747,-0.7214287451648858,0.021369329524348803,,,,DAILY_RUNTIME_DEPENDENCY_LEDGER_STRICT_PRIOR_DATE_REQUIRED
2017-12-28,116.6171875,116.79107349780277,117.5074255182847,-0.7163520204819349,0.020574997270746367,,,,DAILY_RUNTIME_DEPENDENCY_LEDGER_STRICT_PRIOR_DATE_REQUIRED
2017-12-29,116.671875,116.77705014512009,117.48171627156825,-0.70466612644816,0.02065606217544684,,,,DAILY_RUNTIME_DEPENDENCY_LEDGER_STRICT_PRIOR_DATE_REQUIRED
2018-02-16,114.890625,116.55511777510596,117.40199038628923,-0.8468726111832723,0.06304560530624476,,,,DAILY_RUNTIME_DEPENDENCY_LEDGER_STRICT_PRIOR_DATE_REQUIRED
2018-02-18,114.8828125,116.35837597803466,117.32447722055726,-0.9661012425225977,0.0611186961632014,,,,DAILY_RUNTIME_DEPENDENCY_LEDGER_STRICT_PRIOR_DATE_REQUIRED
2018-02-19,114.78125,116.17283174532469,117.24622407530933,-1.0733923299846424,0.07109917645783717,,,,DAILY_RUNTIME_DEPENDENCY_LEDGER_STRICT_PRIOR_DATE_REQUIRED
2018-02-20,114.8125,116.01279271646297,117.17134025760751,-1.158547541144543,0.057518741744227074,,,,DAILY_RUNTIME_DEPENDENCY_LEDGER_STRICT_PRIOR_DATE_REQUIRED
2018-02-21,114.6796875,115.85595680864378,117.09467401891189,-1.2387172102681063,0.055162121414892636,,,,DAILY_RUNTIME_DEPENDENCY_LEDGER_STRICT_PRIOR_DATE_REQUIRED
2018-02-22,114.8125,115.73319718409746,117.02445327986845,-1.29125609577099,0.055003348225227684,,,,DAILY_RUNTIME_DEPENDENCY_LEDGER_STRICT_PRIOR_DATE_REQUIRED
2018-02-23,114.9765625,115.64418133890953,116.9614412558725,-1.3172599169629677,0.05212629967099587,,,,DAILY_RUNTIME_DEPENDENCY_LEDGER_STRICT_PRIOR_DATE_REQUIRED
2018-02-25,114.9375,115.56104235786134,116.89916614030719,-1.338123782445848,0.05061824367518245,,,,DAILY_RUNTIME_DEPENDENCY_LEDGER_STRICT_PRIOR_DATE_REQUIRED
2018-02-26,115.0390625,115.49963296281882,116.84193218214389,-1.3422992193250707,0.049091149781232704,,,,DAILY_RUNTIME_DEPENDENCY_LEDGER_STRICT_PRIOR_DATE_REQUIRED
2018-02-27,114.765625,115.41327908484013,116.7780458073087,-1.3647667224685733,0.04870532379792606,,,,DAILY_RUNTIME_DEPENDENCY_LEDGER_STRICT_PRIOR_DATE_REQUIRED
2018-02-28,114.875,115.34995213368246,116.7194905516992,-1.369538418016731,0.04717334715652351,,,,DAILY_RUNTIME_DEPENDENCY_LEDGER_STRICT_PRIOR_DATE_REQUIRED
2018-03-01,115.140625,115.32532541207276,116.67091007318538,-1.3455846611126248,0.04732540586471858,,,,DAILY_RUNTIME_DEPENDENCY_LEDGER_STRICT_PRIOR_DATE_REQUIRED
2018-03-02,114.9609375,115.28245624594655,116.61829553247199,-1.3358392865254416,0.04614955423282681,,,,DAILY_RUNTIME_DEPENDENCY_LEDGER_STRICT_PRIOR_DATE_REQUIRED
2018-03-04,115.0703125,115.25749815818813,116.57066528531901,-1.3131671271308818,0.044512453775503266,,,,DAILY_RUNTIME_DEPENDENCY_LEDGER_STRICT_PRIOR_DATE_REQUIRED
2018-03-05,114.921875,115.21801308075422,116.51993327653996,-1.3019201957857405,0.04474215161306537,,,,DAILY_RUNTIME_DEPENDENCY_LEDGER_STRICT_PRIOR_DATE_REQUIRED
2018-03-06,115.078125,115.201555659489,116.47556994495412,-1.274014285465114,0.042242929366967504,,,,DAILY_RUNTIME_DEPENDENCY_LEDGER_STRICT_PRIOR_DATE_REQUIRED
2018-03-07,114.890625,115.16497558190206,116.4268024081863,-1.2618268262842491,0.04126854751464579,,,,DAILY_RUNTIME_DEPENDENCY_LEDGER_STRICT_PRIOR_DATE_REQUIRED
2018-03-08,114.9375,115.1382137487371,116.38097771870365,-1.2427639699665463,0.0403346381665135,,,,DAILY_RUNTIME_DEPENDENCY_LEDGER_STRICT_PRIOR_DATE_REQUIRED
2018-03-09,114.8984375,115.11000477829744,116.33536109658968,-1.225356318292242,0.038808326282674235,,,,DAILY_RUNTIME_DEPENDENCY_LEDGER_STRICT_PRIOR_DATE_REQUIRED
2018-03-11,114.84375,115.07868068673304,116.28946537054075,-1.2107846838077165,0.03766063222876273,,,,DAILY_RUNTIME_DEPENDENCY_LEDGER_STRICT_PRIOR_DATE_REQUIRED
2018-03-12,114.96875,115.06574766476444,116.2488279745241,-1.18308030975966,0.0368708261153517,,,,DAILY_RUNTIME_DEPENDENCY_LEDGER_STRICT_PRIOR_DATE_REQUIRED
2018-03-13,115.0390625,115.06260823361568,116.21160442146183,-1.1489961878461514,0.035890287626458836,,,,DAILY_RUNTIME_DEPENDENCY_LEDGER_STRICT_PRIOR_DATE_REQUIRED
2018-03-14,115.078125,115.06443373554325,116.1767281315707,-1.1122943960274512,0.03797351785924342,,,,DAILY_RUNTIME_DEPENDENCY_LEDGER_STRICT_PRIOR_DATE_REQUIRED
2018-03-15,115.03125,115.0605297666558,116.14148265059929,-1.0809528839434819,0.0342975340219682,,,,DAILY_RUNTIME_DEPENDENCY_LEDGER_STRICT_PRIOR_DATE_REQUIRED
2018-03-16,114.90625,115.04237920587276,116.1034754921193,-1.0610962862465385,0.03277231239808093,,,,DAILY_RUNTIME_DEPENDENCY_LEDGER_STRICT_PRIOR_DATE_REQUIRED
2018-03-19,114.875,115.02268753459362,116.06567624620793,-1.0429887116143135,0.03158936715060507,,,,DAILY_RUNTIME_DEPENDENCY_LEDGER_STRICT_PRIOR_DATE_REQUIRED
2018-03-20,114.734375,114.98876841287672,116.02471313093999,-1.0359447180632628,0.03274696969114659,,,,DAILY_RUNTIME_DEPENDENCY_LEDGER_STRICT_PRIOR_DATE_REQUIRED
2018-03-21,114.78125,114.96435448195004,115.98645272691107,-1.022098244961029,0.03017501766131331,,,,DAILY_RUNTIME_DEPENDENCY_LEDGER_STRICT_PRIOR_DATE_REQUIRED
2018-03-22,114.9921875,114.9676289546618,115.95585995069841,-0.9882309960366058,0.029924682188186127,,,,DAILY_RUNTIME_DEPENDENCY_LEDGER_STRICT_PRIOR_DATE_REQUIRED
2018-03-23,115.15625,114.98981966587806,115.93125656759999,-0.9414369017219286,0.02959261985205032,,,,DAILY_RUNTIME_DEPENDENCY_LEDGER_STRICT_PRIOR_DATE_REQUIRED
2018-03-26,115.1015625,115.00296588165712,115.90572751936615,-0.902761637709034,0.029756308336904305,,,,DAILY_RUNTIME_DEPENDENCY_LEDGER_STRICT_PRIOR_DATE_REQUIRED
2018-03-27,115.109375,115.01548460146216,115.88122436492412,-0.8657397634619599,0.027828829758445466,,,,DAILY_RUNTIME_DEPENDENCY_LEDGER_STRICT_PRIOR_DATE_REQUIRED
2018-03-28,115.4296875,115.06421435423131,115.86733092292646,-0.8031165686951454,0.09176933857107217,,,,DAILY_RUNTIME_DEPENDENCY_LEDGER_STRICT_PRIOR_DATE_REQUIRED
2018-03-29,115.3515625,115.0980200184394,115.85146112529794,-0.7534411068585456,0.018367107100941298,,,,DAILY_RUNTIME_DEPENDENCY_LEDGER_STRICT_PRIOR_DATE_REQUIRED
2018-05-20,113.90625,114.95781178097594,115.79160847528878,-0.8337966943128379,0.05270601291331718,,,,DAILY_RUNTIME_DEPENDENCY_LEDGER_STRICT_PRIOR_DATE_REQUIRED
2018-05-21,113.984375,114.84328980674347,115.73600129143374,-0.8927114846902668,0.05092989743479581,,,,DAILY_RUNTIME_DEPENDENCY_LEDGER_STRICT_PRIOR_DATE_REQUIRED
2018-05-22,113.9921875,114.74316012359718,115.68234548246654,-0.9391853588693664,0.04977786480785865,,,,DAILY_RUNTIME_DEPENDENCY_LEDGER_STRICT_PRIOR_DATE_REQUIRED
2018-05-23,114.296875,114.69065599140927,115.63971562146757,-0.9490596300583007,0.049382279935793534,,,,DAILY_RUNTIME_DEPENDENCY_LEDGER_STRICT_PRIOR_DATE_REQUIRED
2018-05-24,114.3828125,114.654439110067,115.60104167926858,-0.9466025692015734,0.048191037213316024,,,,DAILY_RUNTIME_DEPENDENCY_LEDGER_STRICT_PRIOR_DATE_REQUIRED
2018-05-25,114.671875,114.65649039123558,115.57245193529108,-0.9159615440555058,0.047096221015103815,,,,DAILY_RUNTIME_DEPENDENCY_LEDGER_STRICT_PRIOR_DATE_REQUIRED
2018-05-27,114.5078125,114.63899887461962,115.5396937988206,-0.9006949242009767,0.04622798414688481,,,,DAILY_RUNTIME_DEPENDENCY_LEDGER_STRICT_PRIOR_DATE_REQUIRED
2018-05-28,114.7734375,114.6548151834879,115.51611668193381,-0.8613014984459113,0.047427396771381684,,,,DAILY_RUNTIME_DEPENDENCY_LEDGER_STRICT_PRIOR_DATE_REQUIRED
2018-05-29,115.5703125,114.76252075013637,115.51778424556662,-0.755263495430242,0.05202630060778058,,,,DAILY_RUNTIME_DEPENDENCY_LEDGER_STRICT_PRIOR_DATE_REQUIRED
2018-05-30,115.0234375,114.79321683835562,115.50257357647226,-0.7093567381166395,0.05508592561668869,,,,DAILY_RUNTIME_DEPENDENCY_LEDGER_STRICT_PRIOR_DATE_REQUIRED
2018-05-31,114.8984375,114.80559573972555,115.48398477411926,-0.6783890343937173,0.052670553918633796,,,,DAILY_RUNTIME_DEPENDENCY_LEDGER_STRICT_PRIOR_DATE_REQUIRED
2018-06-01,114.65625,114.788025652699,115.45851601183868,-0.6704903591396771,0.051236867833922166,,,,DAILY_RUNTIME_DEPENDENCY_LEDGER_STRICT_PRIOR_DATE_REQUIRED
2018-06-03,114.671875,114.77436087002853,115.43431167301287,-0.6599508029843406,0.049910741728375355,,,,DAILY_RUNTIME_DEPENDENCY_LEDGER_STRICT_PRIOR_DATE_REQUIRED
2018-06-04,114.4765625,114.73932576767223,115.4048424676894,-0.6655167000171787,0.048899067422414524,,,,DAILY_RUNTIME_DEPENDENCY_LEDGER_STRICT_PRIOR_DATE_REQUIRED
2018-06-05,114.578125,114.7203609714755,115.37940500714511,-0.6590440356696092,0.047797848840855466,,,,DAILY_RUNTIME_DEPENDENCY_LEDGER_STRICT_PRIOR_DATE_REQUIRED
2018-06-06,114.3828125,114.68064938659602,115.34874062230988,-0.6680912357138595,0.04593827005212688,,,,DAILY_RUNTIME_DEPENDENCY_LEDGER_STRICT_PRIOR_DATE_REQUIRED
2018-06-07,114.5078125,114.66031563523177,115.32286591085419,-0.6625502756224222,0.04471350929435788,,,,DAILY_RUNTIME_DEPENDENCY_LEDGER_STRICT_PRIOR_DATE_REQUIRED
2018-06-08,114.5390625,114.64605056049861,115.29874888282791,-0.6526983223293001,0.04339234233913414,,,,DAILY_RUNTIME_DEPENDENCY_LEDGER_STRICT_PRIOR_DATE_REQUIRED
2018-06-11,114.4765625,114.62611078867523,115.27345084027935,-0.6473400516041181,0.04248015858877593,,,,DAILY_RUNTIME_DEPENDENCY_LEDGER_STRICT_PRIOR_DATE_REQUIRED
2018-06-12,114.3984375,114.5993256958899,115.24652735288613,-0.6472016569962307,0.040939659777720946,,,,DAILY_RUNTIME_DEPENDENCY_LEDGER_STRICT_PRIOR_DATE_REQUIRED
2018-06-13,114.3046875,114.56466237872638,115.21754766510503,-0.6528852863786483,0.03970492722737598,,,,DAILY_RUNTIME_DEPENDENCY_LEDGER_STRICT_PRIOR_DATE_REQUIRED
2018-06-14,114.390625,114.54418739299386,115.1921038907941,-0.6479164978002387,0.03861804228801334,,,,DAILY_RUNTIME_DEPENDENCY_LEDGER_STRICT_PRIOR_DATE_REQUIRED
2018-06-15,114.4453125,114.53255505264164,115.16912569415429,-0.6365706415126482,0.037914696293263245,,,,DAILY_RUNTIME_DEPENDENCY_LEDGER_STRICT_PRIOR_DATE_REQUIRED
2018-06-17,114.4453125,114.5222912229191,115.14685451894954,-0.6245632960304448,0.036254664427308486,,,,DAILY_RUNTIME_DEPENDENCY_LEDGER_STRICT_PRIOR_DATE_REQUIRED
2018-06-18,114.609375,114.53253637316391,115.13031668759724,-0.5977803144333365,0.036234780710148566,,,,DAILY_RUNTIME_DEPENDENCY_LEDGER_STRICT_PRIOR_DATE_REQUIRED
2018-06-19,114.6171875,114.54249532926227,115.11452809720963,-0.5720327679473627,0.03449850053885363,,,,DAILY_RUNTIME_DEPENDENCY_LEDGER_STRICT_PRIOR_DATE_REQUIRED
2018-06-20,114.4140625,114.52738558464318,115.09297530960318,-0.5655897249599917,0.035653350388210846,,,,DAILY_RUNTIME_DEPENDENCY_LEDGER_STRICT_PRIOR_DATE_REQUIRED
2018-06-21,114.6015625,114.53611228056751,115.07785491546154,-0.5417426348940353,0.03452752219999599,,,,DAILY_RUNTIME_DEPENDENCY_LEDGER_STRICT_PRIOR_DATE_REQUIRED
2018-06-22,114.5859375,114.54197407108897,115.0627189949858,-0.520744923896828,0.032577843882244974,,,,DAILY_RUNTIME_DEPENDENCY_LEDGER_STRICT_PRIOR_DATE_REQUIRED
2018-06-25,114.703125,114.56093300390204,115.05165456437085,-0.4907215604688133,0.031718069851942074,,,,DAILY_RUNTIME_DEPENDENCY_LEDGER_STRICT_PRIOR_DATE_REQUIRED
2018-06-26,114.6953125,114.57674235638416,115.04069019315943,-0.46394783677527585,0.03459532296575536,,,,DAILY_RUNTIME_DEPENDENCY_LEDGER_STRICT_PRIOR_DATE_REQUIRED
2018-06-27,114.9453125,114.62010354975072,115.03775549490838,-0.41765194515765813,0.031001014625464098,,,,DAILY_RUNTIME_DEPENDENCY_LEDGER_STRICT_PRIOR_DATE_REQUIRED
2018-06-28,114.921875,114.65560607330946,115.0341899412189,-0.3785838679094411,0.07742544063327096,,,,DAILY_RUNTIME_DEPENDENCY_LEDGER_STRICT_PRIOR_DATE_REQUIRED
2018-06-29,114.8359375,114.67682153527305,115.02808986610447,-0.3512683308314166,0.02343552376835456,,,,DAILY_RUNTIME_DEPENDENCY_LEDGER_STRICT_PRIOR_DATE_REQUIRED
2018-08-20,114.984375,114.71300429582917,115.02674479330125,-0.3137404974720823,0.022950230736108714,,,,DAILY_RUNTIME_DEPENDENCY_LEDGER_STRICT_PRIOR_DATE_REQUIRED
2018-08-21,114.96875,114.74309202573161,115.02496033812274,-0.28186831239112564,0.02696835278451244,,,,DAILY_RUNTIME_DEPENDENCY_LEDGER_STRICT_PRIOR_DATE_REQUIRED
2018-08-22,114.96875,114.76964002270437,115.02323078925741,-0.2535907665530459,0.021661799391720964,,,,DAILY_RUNTIME_DEPENDENCY_LEDGER_STRICT_PRIOR_DATE_REQUIRED
2018-08-23,114.875,114.7820353141509,115.01866984189564,-0.2366345277447408,0.025307004972840268,,,,DAILY_RUNTIME_DEPENDENCY_LEDGER_STRICT_PRIOR_DATE_REQUIRED
2018-08-24,114.9140625,114.79756792425079,115.0154511544527,-0.21788323020192024,0.021500706691974108,,,,DAILY_RUNTIME_DEPENDENCY_LEDGER_STRICT_PRIOR_DATE_REQUIRED
2018-08-26,114.8671875,114.80575846257422,115.01088919585416,-0.2051307332799439,0.023351378472284825,,,,DAILY_RUNTIME_DEPENDENCY_LEDGER_STRICT_PRIOR_DATE_REQUIRED
2018-08-27,114.765625,114.80103687874195,115.0033426052125,-0.20230572647054146,0.043786212267347795,,,,DAILY_RUNTIME_DEPENDENCY_LEDGER_STRICT_PRIOR_DATE_REQUIRED
2018-08-28,114.6484375,114.78308401065466,114.99242244812903,-0.20933843747437209,0.031266799332140605,,,,DAILY_RUNTIME_DEPENDENCY_LEDGER_STRICT_PRIOR_DATE_REQUIRED
2018-08-29,114.578125,114.75897118587176,114.97967483434044,-0.2207036484686853,0.015307809127880082,,,,DAILY_RUNTIME_DEPENDENCY_LEDGER_STRICT_PRIOR_DATE_REQUIRED
2018-08-30,114.71875,114.75423928165155,114.9716463778992,-0.21740709624765486,0.01869744185072823,,,,DAILY_RUNTIME_DEPENDENCY_LEDGER_STRICT_PRIOR_DATE_REQUIRED
2018-08-31,114.7578125,114.75465966028078,114.96506687396385,-0.21040721368306947,0.013649249441287082,,,,DAILY_RUNTIME_DEPENDENCY_LEDGER_STRICT_PRIOR_DATE_REQUIRED
2018-09-02,114.734375,114.75227322965951,114.95796866245726,-0.2056954327977536,0.016413667995874952,,,,DAILY_RUNTIME_DEPENDENCY_LEDGER_STRICT_PRIOR_DATE_REQUIRED
2018-09-03,114.7578125,114.75292490852308,114.95181001130473,-0.19888510278164517,0.013600526084017942,,,,DAILY_RUNTIME_DEPENDENCY_LEDGER_STRICT_PRIOR_DATE_REQUIRED
2018-09-04,114.6328125,114.73879403693213,114.94199470326458,-0.2032006663324495,0.016157977903578136,,,,DAILY_RUNTIME_DEPENDENCY_LEDGER_STRICT_PRIOR_DATE_REQUIRED
2018-09-05,114.6640625,114.7300020914107,114.93344294316414,-0.20344085175344162,0.013811028670060423,,,,DAILY_RUNTIME_DEPENDENCY_LEDGER_STRICT_PRIOR_DATE_REQUIRED
2018-09-06,114.7734375,114.73511213948002,114.92851969875909,-0.19340755927906628,0.012525188168858248,,,,DAILY_RUNTIME_DEPENDENCY_LEDGER_STRICT_PRIOR_DATE_REQUIRED
2018-09-07,114.4140625,114.69734159365885,114.91269024648957,-0.2153486528307269,0.01751423056838921,,,,DAILY_RUNTIME_DEPENDENCY_LEDGER_STRICT_PRIOR_DATE_REQUIRED
2018-09-09,114.40625,114.66309552381662,114.89710746967451,-0.23401194585788687,0.01713749569803165,,,,DAILY_RUNTIME_DEPENDENCY_LEDGER_STRICT_PRIOR_DATE_REQUIRED
2018-09-10,114.40625,114.6328784033676,114.8820041629153,-0.24912575954769522,0.016810388910358076,,,,DAILY_RUNTIME_DEPENDENCY_LEDGER_STRICT_PRIOR_DATE_REQUIRED
2018-09-11,114.2109375,114.58323829708905,114.86135595790252,-0.27811766081346434,0.01752775984208635,,,,DAILY_RUNTIME_DEPENDENCY_LEDGER_STRICT_PRIOR_DATE_REQUIRED
2018-09-12,114.203125,114.5385190856668,114.84110269765937,-0.30258361199256,0.016665073395709978,,,,DAILY_RUNTIME_DEPENDENCY_LEDGER_STRICT_PRIOR_DATE_REQUIRED
2018-09-13,114.1640625,114.494465369706,114.82027069157753,-0.32580532187152755,0.015977304231867308,,,,DAILY_RUNTIME_DEPENDENCY_LEDGER_STRICT_PRIOR_DATE_REQUIRED
2018-09-14,114.03125,114.43996944385825,114.79599313183668,-0.35602368797843553,0.018100863517051233,,,,DAILY_RUNTIME_DEPENDENCY_LEDGER_STRICT_PRIOR_DATE_REQUIRED
2018-09-17,114.1015625,114.40015686222786,114.77462603547248,-0.3744691732446199,0.015716041599047877,,,,DAILY_RUNTIME_DEPENDENCY_LEDGER_STRICT_PRIOR_DATE_REQUIRED
2018-09-18,113.859375,114.33653546667163,114.74646446515024,-0.4099289984786054,0.02009787231602891,,,,DAILY_RUNTIME_DEPENDENCY_LEDGER_STRICT_PRIOR_DATE_REQUIRED
2018-09-19,113.8671875,114.2813180588279,114.71940978929946,-0.43809173047155525,0.01909752504070471,,,,DAILY_RUNTIME_DEPENDENCY_LEDGER_STRICT_PRIOR_DATE_REQUIRED
2018-09-20,113.8671875,114.23259681661285,114.69318756501333,-0.4605907484004774,0.015995836168137382,,,,DAILY_RUNTIME_DEPENDENCY_LEDGER_STRICT_PRIOR_DATE_REQUIRED
2018-09-21,113.859375,114.18868836759957,114.66753179378215,-0.47884342618257847,0.01654831329922951,,,,DAILY_RUNTIME_DEPENDENCY_LEDGER_STRICT_PRIOR_DATE_REQUIRED
2018-09-24,113.84375,114.14810738317608,114.64218466166577,-0.49407727848968364,0.01495574894733457,1.25,0.6406156840423417,0.5,DAILY_RUNTIME_DEPENDENCY_LEDGER_STRICT_PRIOR_DATE_REQUIRED
2018-09-25,113.765625,114.1031094557436,114.61521359515297,-0.5121041394093595,0.019282147436755888,1.1136363636363635,0.826126484970732,1.0,DAILY_RUNTIME_DEPENDENCY_LEDGER_STRICT_PRIOR_DATE_REQUIRED
2018-09-26,113.953125,114.08546422565612,114.59484163837902,-0.5093774127228983,0.015434929975140762,1.1384297520661155,0.6614168394889574,0.5,DAILY_RUNTIME_DEPENDENCY_LEDGER_STRICT_PRIOR_DATE_REQUIRED
2018-09-27,113.8984375,114.06346108146128,114.5734138187366,-0.509952737275313,0.015627130599914312,1.1132607062359126,0.6697905847750794,0.6666666666666666,DAILY_RUNTIME_DEPENDENCY_LEDGER_STRICT_PRIOR_DATE_REQUIRED
2018-09-28,113.9765625,114.05323771893642,114.55504916277548,-0.5018114438390597,0.01651854296110855,1.069940577829383,0.7081308220525627,0.75,DAILY_RUNTIME_DEPENDENCY_LEDGER_STRICT_PRIOR_DATE_REQUIRED
2018-11-19,114.1484375,114.0644376931792,114.54253803469008,-0.4781003415108813,0.015422841170601963,1.1844968364058586,0.6612647744637145,0.2,DAILY_RUNTIME_DEPENDENCY_LEDGER_STRICT_PRIOR_DATE_REQUIRED
2018-11-20,114.0625,114.06420972927576,114.5277676336227,-0.463557904346942,0.015219767984812884,1.2873155934229752,0.6528262907260635,0.16666666666666666,DAILY_RUNTIME_DEPENDENCY_LEDGER_STRICT_PRIOR_DATE_REQUIRED
2018-11-21,114.0625,114.06400858465508,114.51345170643431,-0.4494431217792254,0.015467048620769988,1.261050420592824,0.6635226651015248,0.5714285714285714,DAILY_RUNTIME_DEPENDENCY_LEDGER_STRICT_PRIOR_DATE_REQUIRED
2018-11-22,114.0234375,114.05923551587213,114.49837434623633,-0.4391388303642003,0.014445906192701393,1.3954048895759468,0.6198524018343097,0.0,DAILY_RUNTIME_DEPENDENCY_LEDGER_STRICT_PRIOR_DATE_REQUIRED
2018-11-23,114.125,114.06697251400482,114.48688590481368,-0.41991339080885837,0.014491276676555094,1.4750282429863806,0.6218983340049397,0.1111111111111111,DAILY_RUNTIME_DEPENDENCY_LEDGER_STRICT_PRIOR_DATE_REQUIRED
2018-11-25,114.1328125,114.07471839471012,114.47599133851172,-0.40127294380160095,0.014743049829178465,1.5159321988070387,0.6329666386009765,0.2,DAILY_RUNTIME_DEPENDENCY_LEDGER_STRICT_PRIOR_DATE_REQUIRED
2018-11-26,114.0625,114.07328093650892,114.46326852809598,-0.3899875915870581,0.014783712061684193,1.5295643610074117,0.6347838537644972,0.2727272727272727,DAILY_RUNTIME_DEPENDENCY_LEDGER_STRICT_PRIOR_DATE_REQUIRED
2018-11-27,114.0703125,114.07293170868434,114.45117757338534,-0.3782458647010003,0.013553826121229002,1.6150981135515186,0.5820443742638302,0.0,DAILY_RUNTIME_DEPENDENCY_LEDGER_STRICT_PRIOR_DATE_REQUIRED
2018-11-28,114.1875,114.08641033119206,114.44306441728118,-0.3566540860891223,0.015023556652557864,1.5592061488498437,0.6452410962593722,0.46153846153846156,DAILY_RUNTIME_DEPENDENCY_LEDGER_STRICT_PRIOR_DATE_REQUIRED
2018-11-29,114.2265625,114.10289882164004,114.43640281982637,-0.33350399818633036,0.01298543055927565,1.6393504854225993,0.5578093728045183,0.0,DAILY_RUNTIME_DEPENDENCY_LEDGER_STRICT_PRIOR_DATE_REQUIRED
2018-11-30,114.328125,114.12939601909414,114.43307119460094,-0.3036751755067968,0.012971241205626918,1.704923124436672,0.5572955538759878,0.0,DAILY_RUNTIME_DEPENDENCY_LEDGER_STRICT_PRIOR_DATE_REQUIRED
2018-12-02,114.0859375,114.1242832521419,114.42239015784399,-0.29810690570209886,0.015089055218269552,1.605164374539095,0.6484261971363011,0.5625,DAILY_RUNTIME_DEPENDENCY_LEDGER_STRICT_PRIOR_DATE_REQUIRED
2018-12-03,114.28125,114.1427499283605,114.41804738375649,-0.27529745539598593,0.01722167571515475,1.4202681780988318,0.7401588752551285,0.9411764705882353,DAILY_RUNTIME_DEPENDENCY_LEDGER_STRICT_PRIOR_DATE_REQUIRED
2018-12-04,114.3984375,114.17283081914161,114.41744400271782,-0.24461318357620598,0.016085798988219248,1.298401236626317,0.6914082406330416,0.8333333333333334,DAILY_RUNTIME_DEPENDENCY_LEDGER_STRICT_PRIOR_DATE_REQUIRED
2018-12-05,114.3828125,114.19753454630141,114.41637841801881,-0.2188438717173966,0.016448003549337883,1.1962995763784698,0.7070483513124515,0.8421052631578947,DAILY_RUNTIME_DEPENDENCY_LEDGER_STRICT_PRIOR_DATE_REQUIRED
2018-12-06,114.5859375,114.24322901144242,114.4215956205413,-0.17836660909887314,0.024338377428459075,1.069699653400566,1.0465158355207589,1.0,DAILY_RUNTIME_DEPENDENCY_LEDGER_STRICT_PRIOR_DATE_REQUIRED
2018-12-07,114.8515625,114.31479765715508,114.4348253706785,-0.12002771352341313,0.017919287809155828,0.9920919242108527,0.7705048251706329,0.9047619047619048,DAILY_RUNTIME_DEPENDENCY_LEDGER_STRICT_PRIOR_DATE_REQUIRED
2018-12-09,114.9375,114.3880567563133,114.45029228234992,-0.06223552603661631,0.017611789363037894,0.939810747908053,0.7574226171025944,0.8636363636363636,DAILY_RUNTIME_DEPENDENCY_LEDGER_STRICT_PRIOR_DATE_REQUIRED
2018-12-10,114.7578125,114.43155743204115,114.459754442893,-0.028197010851854998,0.020593437304675402,0.8717028648891973,0.8858048085717224,0.9565217391304348,DAILY_RUNTIME_DEPENDENCY_LEDGER_STRICT_PRIOR_DATE_REQUIRED
2018-12-11,114.6484375,114.45707273415394,114.46556007541936,-0.008487341265421833,0.017828073234817533,0.8495750712729796,0.7669747713852865,0.8333333333333334,DAILY_RUNTIME_DEPENDENCY_LEDGER_STRICT_PRIOR_DATE_REQUIRED
2018-12-12,114.5546875,114.46855682425348,114.46830245771415,0.00025436653933752496,0.017680626967311586,0.8405614219506196,0.7607732056283415,0.8,DAILY_RUNTIME_DEPENDENCY_LEDGER_STRICT_PRIOR_DATE_REQUIRED
2018-12-13,114.6171875,114.48604278610601,114.47288353593832,0.013159250167689152,0.018398110545915197,0.8101096948826747,0.791846026695334,0.8846153846153846,DAILY_RUNTIME_DEPENDENCY_LEDGER_STRICT_PRIOR_DATE_REQUIRED
2018-12-14,114.7578125,114.51801569362294,114.48165058098638,0.036365112636559616,0.017597688319315748,0.8244331847019863,0.7575565918709802,0.7407407407407407,DAILY_RUNTIME_DEPENDENCY_LEDGER_STRICT_PRIOR_DATE_REQUIRED
2018-12-17,114.875,114.56001384731435,114.49375364003295,0.06626020728140247,0.02100610473630598,0.7751855926782485,0.9045273120682613,0.9642857142857143,DAILY_RUNTIME_DEPENDENCY_LEDGER_STRICT_PRIOR_DATE_REQUIRED
2018-12-18,115.0859375,114.62188721821855,114.51197468187809,0.10991253634045961,0.017901030102377723,0.7721737921285983,0.7709245086740242,0.8275862068965517,DAILY_RUNTIME_DEPENDENCY_LEDGER_STRICT_PRIOR_DATE_REQUIRED
2018-12-19,115.15625,114.6847534278399,114.5317985378203,0.1529548900196005,0.017511825529527285,0.8226876481052168,0.754306360156439,0.6333333333333333,DAILY_RUNTIME_DEPENDENCY_LEDGER_STRICT_PRIOR_DATE_REQUIRED
2018-12-20,115.09375,114.73287067162344,114.54908935204121,0.18378131958223776,0.017111449498688744,0.8783866680978165,0.7371794411640932,0.5806451612903226,DAILY_RUNTIME_DEPENDENCY_LEDGER_STRICT_PRIOR_DATE_REQUIRED
2018-12-21,115.203125,114.78819471025596,114.56921352582455,0.21898118443141357,0.01701549838926283,0.9289072738982135,0.7334059929083379,0.5625,DAILY_RUNTIME_DEPENDENCY_LEDGER_STRICT_PRIOR_DATE_REQUIRED
2018-12-24,115.328125,114.85171592081407,114.59256464810687,0.25915127270720006,0.01746284260154761,0.9500976869084556,0.7529094576389181,0.6363636363636364,DAILY_RUNTIME_DEPENDENCY_LEDGER_STRICT_PRIOR_DATE_REQUIRED
2018-12-26,115.2109375,114.89397728307125,114.6115915050882,0.28238577798305187,0.019378318949442325,0.8923259149571856,0.8357657202982823,0.9117647058823529,DAILY_RUNTIME_DEPENDENCY_LEDGER_STRICT_PRIOR_DATE_REQUIRED
2018-12-27,115.4140625,114.95516377918051,114.63628292031625,0.31888085886426154,0.017892209377782364,0.8677471771727623,0.7718681190643415,0.8285714285714286,DAILY_RUNTIME_DEPENDENCY_LEDGER_STRICT_PRIOR_DATE_REQUIRED
2018-12-28,115.640625,115.0358062757475,114.6671857535373,0.36862052221020747,0.01919189370908719,0.8311870843534721,0.8281725826336795,0.8888888888888888,DAILY_RUNTIME_DEPENDENCY_LEDGER_STRICT_PRIOR_DATE_REQUIRED
2018-12-31,115.7265625,115.11707171389484,114.69978196112076,0.41728975277408153,0.020328159607937813,0.793084272947681,0.877419859359464,0.918918918918919,DAILY_RUNTIME_DEPENDENCY_LEDGER_STRICT_PRIOR_DATE_REQUIRED
2019-02-15,115.6640625,115.18142357108368,114.72945213154782,0.4519714395358676,0.018362668005401782,0.7900354577705907,0.7927564904749742,0.8157894736842105,DAILY_RUNTIME_DEPENDENCY_LEDGER_STRICT_PRIOR_DATE_REQUIRED
2019-02-17,115.640625,115.23544726860325,114.75748821980788,0.47795904879536977,0.017290289306929156,0.8631758640500636,0.74663321858528,0.5384615384615384,DAILY_RUNTIME_DEPENDENCY_LEDGER_STRICT_PRIOR_DATE_REQUIRED
2019-02-18,115.640625,115.28311523700287,114.78466165919842,0.49845357780445454,0.016871582135439957,0.9471438887682337,0.7287676100848125,0.45,DAILY_RUNTIME_DEPENDENCY_LEDGER_STRICT_PRIOR_DATE_REQUIRED
2019-02-19,115.8046875,115.34447667970842,114.81604706968463,0.5284296100237924,0.017905788712928764,0.9257119622072688,0.7736110725035454,0.7804878048780488,DAILY_RUNTIME_DEPENDENCY_LEDGER_STRICT_PRIOR_DATE_REQUIRED
2019-02-20,115.78125,115.39586177621331,114.84574562138664,0.550116154826668,0.01661834582586715,1.0041539431046484,0.7181297837928445,0.42857142857142855,DAILY_RUNTIME_DEPENDENCY_LEDGER_STRICT_PRIOR_DATE_REQUIRED
2019-02-21,115.5703125,115.41638539077644,114.86803998688244,0.5483454038940039,0.01797557206904313,0.9695720422441838,0.7769312146071387,0.7906976744186046,DAILY_RUNTIME_DEPENDENCY_LEDGER_STRICT_PRIOR_DATE_REQUIRED
2019-02-24,115.703125,115.45011946244979,114.89373491036298,0.5563845520868114,0.017658893833878433,0.9771705139022661,0.7633925127500576,0.6590909090909091,DAILY_RUNTIME_DEPENDENCY_LEDGER_STRICT_PRIOR_DATE_REQUIRED
2019-02-25,115.734375,115.48356129039686,114.9196007592749,0.563960531121964,0.018117487158654216,0.944957693192763,0.7833410088381763,0.8,DAILY_RUNTIME_DEPENDENCY_LEDGER_STRICT_PRIOR_DATE_REQUIRED
2019-02-26,115.8515625,115.52685555035016,114.94827650514335,0.5785790452068085,0.017138742217916673,1.0004199307940786,0.7411990380904709,0.5,DAILY_RUNTIME_DEPENDENCY_LEDGER_STRICT_PRIOR_DATE_REQUIRED
2019-02-27,115.7109375,115.54851225030896,114.9717429972928,0.5767692530161668,0.017908121327999037,0.9732642760655614,0.7745773152957007,0.7659574468085106,DAILY_RUNTIME_DEPENDENCY_LEDGER_STRICT_PRIOR_DATE_REQUIRED
2019-02-28,115.5703125,115.55107698556672,114.990160520453,0.5609164651137206,0.021081279486055586,0.892898044053641,0.912023146796351,0.9791666666666666,DAILY_RUNTIME_DEPENDENCY_LEDGER_STRICT_PRIOR_DATE_REQUIRED
2019-03-01,115.359375,115.52852381079417,115.00152096597753,0.5270028448166357,0.02045836232323521,0.8437254868787675,0.8851928124238762,0.9183673469387755,DAILY_RUNTIME_DEPENDENCY_LEDGER_STRICT_PRIOR_DATE_REQUIRED
2019-03-03,115.296875,115.50127100952426,115.010608782409,0.49066222711526564,0.018346840206143786,0.8303208529008097,0.7939651408819776,0.82,DAILY_RUNTIME_DEPENDENCY_LEDGER_STRICT_PRIOR_DATE_REQUIRED
2019-03-04,115.4921875,115.50020236134493,115.0254265891041,0.47477577224083234,0.018086884027625413,0.8397812325872934,0.7828319556516349,0.7450980392156863,DAILY_RUNTIME_DEPENDENCY_LEDGER_STRICT_PRIOR_DATE_REQUIRED
2019-03-05,115.5,115.50017855412788,115.0400288479009,0.4601497062269857,0.02023223643777827,0.8094713581308625,0.8759229846274018,0.8846153846153846,DAILY_RUNTIME_DEPENDENCY_LEDGER_STRICT_PRIOR_DATE_REQUIRED
2019-03-06,115.640625,115.51670166540696,115.05850872950396,0.4581929359029999,0.021903052524509855,0.7583496360693334,0.9483488344501505,0.9811320754716981,DAILY_RUNTIME_DEPENDENCY_LEDGER_STRICT_PRIOR_DATE_REQUIRED
2019-03-07,115.8515625,115.55609705771201,115.08291038398076,0.4731866737312487,0.018593585676517643,0.7669325305213737,0.8052814613559997,0.7962962962962963,DAILY_RUNTIME_DEPENDENCY_LEDGER_STRICT_PRIOR_DATE_REQUIRED
2019-03-08,115.9140625,115.59821063915766,115.10848429524289,0.4897263439147679,0.01976277153229841,0.7580687646414545,0.8560661819914943,0.8545454545454545,DAILY_RUNTIME_DEPENDENCY_LEDGER_STRICT_PRIOR_DATE_REQUIRED
2019-03-10,115.921875,115.63628879925676,115.1335117015431,0.5027770977136612,0.017805034817439704,0.818290028213138,0.7714450951220648,0.6071428571428571,DAILY_RUNTIME_DEPENDENCY_LEDGER_STRICT_PRIOR_DATE_REQUIRED
2019-03-11,115.765625,115.65150482287362,115.15296134149563,0.4985434813779932,0.017838075749849115,0.860897582892089,0.7729965008720131,0.631578947368421,DAILY_RUNTIME_DEPENDENCY_LEDGER_STRICT_PRIOR_DATE_REQUIRED
2019-03-12,115.9921875,115.69158513782966,115.17878368483423,0.5128014529954328,0.018608366644624265,0.851706172836474,0.8066048713803178,0.7931034482758621,DAILY_RUNTIME_DEPENDENCY_LEDGER_STRICT_PRIOR_DATE_REQUIRED
2019-03-14,115.90625,115.71683982749676,115.20116726376241,0.5156725637343413,0.01931528044900309,0.829362061288394,0.8373360393825564,0.847457627118644,DAILY_RUNTIME_DEPENDENCY_LEDGER_STRICT_PRIOR_DATE_REQUIRED
2019-03-15,116.09375,115.76118220073242,115.22863134795435,0.5325508527780727,0.01939143183723905,0.8103871410541404,0.8407250574095285,0.85,DAILY_RUNTIME_DEPENDENCY_LEDGER_STRICT_PRIOR_DATE_REQUIRED
2019-03-18,116.0234375,115.79203576535214,115.25308692186346,0.5389488434886829,0.020848948226884132,0.7718368709966067,0.9039966905652439,0.9344262295081968,DAILY_RUNTIME_DEPENDENCY_LEDGER_STRICT_PRIOR_DATE_REQUIRED
2019-03-19,115.96875,115.8128256753107,115.27510732426767,0.5377183510430399,0.017727263636952113,0.8543767947450243,0.7686828463960926,0.5161290322580645,DAILY_RUNTIME_DEPENDENCY_LEDGER_STRICT_PRIOR_DATE_REQUIRED
2019-03-20,116.3984375,115.88172118409767,115.30967132967481,0.5720498544228576,0.02248666945749572,0.7942736545749333,0.9751478912447942,0.9841269841269841,DAILY_RUNTIME_DEPENDENCY_LEDGER_STRICT_PRIOR_DATE_REQUIRED
2019-03-21,116.3125,115.93240104479206,115.34052759645405,0.5918734483380064,0.02243332954245363,0.7492920810158545,0.9731691381262375,0.96875,DAILY_RUNTIME_DEPENDENCY_LEDGER_STRICT_PRIOR_DATE_REQUIRED
2019-03-22,116.8046875,116.03502298069887,115.3855786704093,0.6494443102895673,0.027558909846152852,0.703966248103881,1.1954669581286193,1.0,DAILY_RUNTIME_DEPENDENCY_LEDGER_STRICT_PRIOR_DATE_REQUIRED
2019-03-25,117.046875,116.15406439473429,115.43669548055055,0.7173689141837372,0.02784700671504946,0.6668814757213571,1.207969583108431,1.0,DAILY_RUNTIME_DEPENDENCY_LEDGER_STRICT_PRIOR_DATE_REQUIRED
2019-03-27,117.109375,116.26645387770672,115.48816254268746,0.7782913350192615,0.02829136088580274,0.6365393892265649,1.22708586740365,1.0,DAILY_RUNTIME_DEPENDENCY_LEDGER_STRICT_PRIOR_DATE_REQUIRED
2019-03-29,116.75,116.32334165680004,115.52698831060478,0.7963533461952608,0.03036828493934197,0.6117140457308259,1.3171498738522243,1.0,DAILY_RUNTIME_DEPENDENCY_LEDGER_STRICT_PRIOR_DATE_REQUIRED
2019-05-20,116.890625,116.3900808736471,115.56894636258617,0.8211345110609187,0.027954893125514378,0.5993075393924148,1.2123170077092282,0.9710144927536232,DAILY_RUNTIME_DEPENDENCY_LEDGER_STRICT_PRIOR_DATE_REQUIRED
2019-05-21,116.7578125,116.43334341792391,115.605526859122,0.8278165588019135,0.027306920656452016,0.6007321426197679,1.1842887352248614,0.9285714285714286,DAILY_RUNTIME_DEPENDENCY_LEDGER_STRICT_PRIOR_DATE_REQUIRED
2019-05-22,116.9609375,116.49541330993286,115.64723180191824,0.8481815080146191,0.027189758559444558,0.6054645827580432,1.1792501793536134,0.9154929577464789,DAILY_RUNTIME_DEPENDENCY_LEDGER_STRICT_PRIOR_DATE_REQUIRED
2019-05-23,117.28125,116.58786468523488,115.69750928493613,0.8903554002987448,0.02845184316682593,0.5900770828626414,1.234162937668423,0.9861111111111112,DAILY_RUNTIME_DEPENDENCY_LEDGER_STRICT_PRIOR_DATE_REQUIRED
2019-05-24,117.265625,116.6676011928543,115.7457589992458,0.9218421936085122,0.028743475489471832,0.5774354214704301,1.246939883468062,0.9863013698630136,DAILY_RUNTIME_DEPENDENCY_LEDGER_STRICT_PRIOR_DATE_REQUIRED
2019-05-26,117.25,116.73611869957733,115.79204333773053,0.9440753618467994,0.026688151988458753,0.5965257870998851,1.157869923857697,0.8783783783783784,DAILY_RUNTIME_DEPENDENCY_LEDGER_STRICT_PRIOR_DATE_REQUIRED
2019-05-27,117.2421875,116.79565620550942,115.83666315810805,0.9589930474013642,0.02785288162406682,0.5971574621726332,1.2085182310380036,0.9333333333333333,DAILY_RUNTIME_DEPENDENCY_LEDGER_STRICT_PRIOR_DATE_REQUIRED
2019-05-28,117.4765625,116.87576282839066,115.88712159939703,0.9886412289936288,0.026940050096490063,0.615377636514451,1.1690059854483985,0.868421052631579,DAILY_RUNTIME_DEPENDENCY_LEDGER_STRICT_PRIOR_DATE_REQUIRED
2019-05-29,117.46875,116.94552602505058,115.93578708864635,1.0097389364042328,0.025323268506625612,0.636902836014775,1.0989139701913313,0.8441558441558441,DAILY_RUNTIME_DEPENDENCY_LEDGER_STRICT_PRIOR_DATE_REQUIRED
2019-05-30,117.84375,117.05119943386815,115.99449363976493,1.0567057941032232,0.028133479146825603,0.6259974252708299,1.2209613300241422,0.9487179487179487,DAILY_RUNTIME_DEPENDENCY_LEDGER_STRICT_PRIOR_DATE_REQUIRED
2019-05-31,118.203125,117.18672008870719,116.06245152777215,1.124268560935036,0.030039801509787516,0.6065410464528884,1.3037059734107692,0.9873417721518988,DAILY_RUNTIME_DEPENDENCY_LEDGER_STRICT_PRIOR_DATE_REQUIRED
2019-06-02,118.2578125,117.31273096062398,116.13000109614839,1.18272986447559,0.029174252078009905,0.5939881289159996,1.2663526049924352,0.975,DAILY_RUNTIME_DEPENDENCY_LEDGER_STRICT_PRIOR_DATE_REQUIRED
2019-06-03,118.5625,117.45976261231527,116.20484721626691,1.2549153960483608,0.031029939078270743,0.5768993782039996,1.346903471262386,1.0,DAILY_RUNTIME_DEPENDENCY_LEDGER_STRICT_PRIOR_DATE_REQUIRED
2019-06-04,118.3046875,117.55916554027819,116.26945768653563,1.2897078537425557,0.029648952872049005,0.5728955001269974,1.2870667604755788,0.9634146341463414,DAILY_RUNTIME_DEPENDENCY_LEDGER_STRICT_PRIOR_DATE_REQUIRED
2019-06-05,118.4375,117.66249900612782,116.33616668079608,1.3263323253317338,0.030481550251074678,0.5629276435869299,1.3233241660203843,0.9879518072289156,DAILY_RUNTIME_DEPENDENCY_LEDGER_STRICT_PRIOR_DATE_REQUIRED
2019-06-06,118.328125,117.74080794658336,116.39745770600236,1.3433502405810032,0.028157779863688583,0.5807070330646309,1.2225381701691804,0.8928571428571429,DAILY_RUNTIME_DEPENDENCY_LEDGER_STRICT_PRIOR_DATE_REQUIRED
2019-06-07,118.5078125,117.83104377639708,116.46239169966383,1.3686520767332553,0.02878631582916412,0.5852843639512756,1.2499226326643145,0.9294117647058824,DAILY_RUNTIME_DEPENDENCY_LEDGER_STRICT_PRIOR_DATE_REQUIRED
2019-06-09,118.203125,117.87481803799741,116.51595272428955,1.3588653137078666,0.030675615961448868,0.5729493633174284,1.3322226774798562,0.9883720930232558,DAILY_RUNTIME_DEPENDENCY_LEDGER_STRICT_PRIOR_DATE_REQUIRED
2019-06-10,118.21875,117.91528062176242,116.5683464866191,1.3469341351433144,0.028026451303464418,0.6004381938114383,1.2171694906176147,0.8505747126436781,DAILY_RUNTIME_DEPENDENCY_LEDGER_STRICT_PRIOR_DATE_REQUIRED
2019-06-11,118.203125,117.94914466626095,116.6186473639539,1.3304973023070517,0.026996845468034728,0.6441601751019206,1.1725471702603023,0.7727272727272727,DAILY_RUNTIME_DEPENDENCY_LEDGER_STRICT_PRIOR_DATE_REQUIRED
2019-06-12,118.390625,118.00108352905377,116.67316975275531,1.327913776298459,0.027975723589602586,0.6608501534797124,1.2151472381441824,0.8426966292134831,DAILY_RUNTIME_DEPENDENCY_LEDGER_STRICT_PRIOR_DATE_REQUIRED
2019-06-13,118.5859375,118.06988987857686,116.73202414497823,1.3378657335986333,0.029033058030355822,0.6528167922409769,1.2611271680939697,0.9222222222222223,DAILY_RUNTIME_DEPENDENCY_LEDGER_STRICT_PRIOR_DATE_REQUIRED
2019-06-14,118.578125,118.12968224580311,116.78882724820966,1.3408549975934534,0.026175901939429244,0.6999569958495105,1.1370229922673838,0.7252747252747253,DAILY_RUNTIME_DEPENDENCY_LEDGER_STRICT_PRIOR_DATE_REQUIRED
2019-06-16,118.515625,118.17508727570862,116.84195948672628,1.3331277889823383,0.026743661114998468,0.7347474234816154,1.161966612114095,0.7391304347826086,DAILY_RUNTIME_DEPENDENCY_LEDGER_STRICT_PRIOR_DATE_REQUIRED
2019-06-17,118.4765625,118.21055494915466,116.89225496405778,1.3182999850968713,0.024502610611777303,0.7741775107078319,1.0647901319975697,0.6989247311827957,DAILY_RUNTIME_DEPENDENCY_LEDGER_STRICT_PRIOR_DATE_REQUIRED
2019-06-18,118.53125,118.24828377866586,116.94268558054831,1.3055981981175506,0.023719033103620293,0.8113676731710113,1.0310315237593672,0.6808510638297872,DAILY_RUNTIME_DEPENDENCY_LEDGER_STRICT_PRIOR_DATE_REQUIRED
2019-06-19,118.8984375,118.32477245176399,117.00286256268528,1.3219098890787109,0.03341674025380886,0.7547553689581001,1.4529769915032325,1.0,DAILY_RUNTIME_DEPENDENCY_LEDGER_STRICT_PRIOR_DATE_REQUIRED
2019-06-20,118.8984375,118.3922624574388,117.06118794537188,1.3310745120669196,0.024904051505056504,0.7908225746020819,1.0829394613487424,0.6979166666666666,DAILY_RUNTIME_DEPENDENCY_LEDGER_STRICT_PRIOR_DATE_REQUIRED
2019-06-21,118.7109375,118.4297536389166,117.11194947012967,1.317804168786921,0.03443663489530391,0.7379457428562488,1.4977803051883596,1.0,DAILY_RUNTIME_DEPENDENCY_LEDGER_STRICT_PRIOR_DATE_REQUIRED
2019-06-24,118.953125,118.49132674022053,117.16860102489491,1.3227257153256176,0.027129557070988266,0.7586903016690274,1.180072497597803,0.7653061224489796,DAILY_RUNTIME_DEPENDENCY_LEDGER_STRICT_PRIOR_DATE_REQUIRED
2019-06-25,118.9765625,118.54841330019458,117.2242306087443,1.3241826914502752,0.023694991696151912,0.808074434147937,1.0308334432678874,0.6464646464646465,DAILY_RUNTIME_DEPENDENCY_LEDGER_STRICT_PRIOR_DATE_REQUIRED
2019-06-26,118.890625,118.58867350017168,117.2755042823214,1.3131692178502732,0.028853645613277894,0.7793336279392211,1.255629351422304,0.9,DAILY_RUNTIME_DEPENDENCY_LEDGER_STRICT_PRIOR_DATE_REQUIRED
2019-06-27,118.9375,118.62971191191619,117.32664261209612,1.3030692998200664,0.022921363045174486,0.8284556865857353,0.9975759095974426,0.6336633663366337,DAILY_RUNTIME_DEPENDENCY_LEDGER_STRICT_PRIOR_DATE_REQUIRED
2019-06-28,118.9453125,118.66684139286723,117.37644783941624,1.2903935534509827,0.022100123218791744,0.8756883425006283,0.9622058622010015,0.6078431372549019,DAILY_RUNTIME_DEPENDENCY_LEDGER_STRICT_PRIOR_DATE_REQUIRED
2019-08-19,119.859375,118.80713946429461,117.45284559820342,1.354293866091183,0.037835348976247074,0.8073813711368777,1.6475719736229044,1.0,DAILY_RUNTIME_DEPENDENCY_LEDGER_STRICT_PRIOR_DATE_REQUIRED
2019-08-20,119.96875,118.94379952731876,117.53025804133563,1.4135414859831315,0.03877079312823294,0.7514938491119908,1.6884736395136695,1.0,DAILY_RUNTIME_DEPENDENCY_LEDGER_STRICT_PRIOR_DATE_REQUIRED
2019-08-21,119.7578125,119.03956575939891,117.5987981785253,1.4407675808736116,0.03488088508015027,0.7109624999227977,1.5188185097879463,0.9809523809523809,DAILY_RUNTIME_DEPENDENCY_LEDGER_STRICT_PRIOR_DATE_REQUIRED
2019-08-22,119.6484375,119.1111977288814,117.66186400380144,1.4493337250799527,0.03399823296236817,0.6828972769522719,1.480309389650855,0.9622641509433962,DAILY_RUNTIME_DEPENDENCY_LEDGER_STRICT_PRIOR_DATE_REQUIRED
2019-08-23,120.0078125,119.21668181960123,117.7340470344537,1.482634785147539,0.03500520458537782,0.6547409326295988,1.5240724377004333,0.9813084112149533,DAILY_RUNTIME_DEPENDENCY_LEDGER_STRICT_PRIOR_DATE_REQUIRED
2019-08-25,120.359375,119.35111631141285,117.8148263564705,1.5362899549423474,0.037604307445139644,0.6316567226565403,1.6371303810285531,0.9814814814814815,DAILY_RUNTIME_DEPENDENCY_LEDGER_STRICT_PRIOR_DATE_REQUIRED
2019-08-26,120.03125,119.43113203948192,117.88302400704065,1.5481080324412773,0.03624720109121842,0.6152253919316647,1.577847706400358,0.9724770642201835,DAILY_RUNTIME_DEPENDENCY_LEDGER_STRICT_PRIOR_DATE_REQUIRED
2019-08-27,120.15625,119.51644003483699,117.95296942220862,1.5634706126283646,0.03977909117720071,0.594275320671362,1.7314050818658557,1.0,DAILY_RUNTIME_DEPENDENCY_LEDGER_STRICT_PRIOR_DATE_REQUIRED
2019-08-28,120.2734375,119.60549856015028,118.02436843998683,1.5811301201634507,0.03836993296017077,0.5820483581905739,1.6697554176458353,0.9819819819819819,DAILY_RUNTIME_DEPENDENCY_LEDGER_STRICT_PRIOR_DATE_REQUIRED
2019-08-29,120.1015625,119.663859023662,118.08828210337185,1.5755769202901462,0.03345428627987327,0.5914811242338461,1.4557317560283367,0.9107142857142857,DAILY_RUNTIME_DEPENDENCY_LEDGER_STRICT_PRIOR_DATE_REQUIRED
2019-08-30,120.1171875,119.7171917855841,118.15070996172965,1.5664818238544598,0.03550445860138336,0.5893292866820767,1.5447647717853528,0.9469026548672567,DAILY_RUNTIME_DEPENDENCY_LEDGER_STRICT_PRIOR_DATE_REQUIRED
2019-09-01,120.1953125,119.77344128139774,118.21362080906104,1.5598204723366962,0.03359487981132648,0.5994033876681105,1.4618410656250926,0.9035087719298246,DAILY_RUNTIME_DEPENDENCY_LEDGER_STRICT_PRIOR_DATE_REQUIRED
2019-09-02,120.109375,119.81296289535094,118.27195170724377,1.5410111881071629,0.030908689613739427,0.6169031669853711,1.3447676058595397,0.8695652173913043,DAILY_RUNTIME_DEPENDENCY_LEDGER_STRICT_PRIOR_DATE_REQUIRED
2019-09-03,120.4296875,119.88551873119201,118.33834357779011,1.547175153401895,0.031536302252051014,0.628563406216871,1.3719701429242306,0.8793103448275862,DAILY_RUNTIME_DEPENDENCY_LEDGER_STRICT_PRIOR_DATE_REQUIRED
2019-09-04,120.4375,119.95045770399295,118.40293300616581,1.5475246978271429,0.031330387535942285,0.640153276415202,1.3628690521671685,0.8717948717948718,DAILY_RUNTIME_DEPENDENCY_LEDGER_STRICT_PRIOR_DATE_REQUIRED
2019-09-05,119.9453125,119.94985238587613,118.45039083674531,1.4994615491308139,0.036348483973396725,0.6262271028913285,1.581103475361415,0.9576271186440678,DAILY_RUNTIME_DEPENDENCY_LEDGER_STRICT_PRIOR_DATE_REQUIRED
2019-09-06,119.9140625,119.94564181106718,118.49542688792238,1.4502149231447987,0.032058757075707246,0.6376541078660144,1.3942894303039475,0.8739495798319328,DAILY_RUNTIME_DEPENDENCY_LEDGER_STRICT_PRIOR_DATE_REQUIRED
2019-09-08,119.9140625,119.94192659800045,118.53907721444784,1.4028493835526064,0.03107209412781458,0.6535351791631027,1.3513867575028615,0.85,DAILY_RUNTIME_DEPENDENCY_LEDGER_STRICT_PRIOR_DATE_REQUIRED
2019-09-09,119.59375,119.90096464529452,118.57152868477252,1.3294359605220052,0.033150208328393195,0.6594288580831096,1.4416403304605858,0.8760330578512396,DAILY_RUNTIME_DEPENDENCY_LEDGER_STRICT_PRIOR_DATE_REQUIRED
2019-09-10,119.1015625,119.80691733408341,118.58783741754876,1.2190799165346533,0.03608046344485082,0.6460900791171791,1.5688586374117228,0.9426229508196722,DAILY_RUNTIME_DEPENDENCY_LEDGER_STRICT_PRIOR_DATE_REQUIRED
2019-09-11,119.0,119.71198588301476,118.60051934316263,1.111466539852131,0.033849757991780596,0.6483530802533017,1.4715679477069017,0.8943089430894309,DAILY_RUNTIME_DEPENDENCY_LEDGER_STRICT_PRIOR_DATE_REQUIRED
2019-09-12,118.8828125,119.61443607324831,118.60920528644994,1.0052307867983785,0.03317083181253872,0.6587698222600328,1.442330773900622,0.8629032258064516,DAILY_RUNTIME_DEPENDENCY_LEDGER_STRICT_PRIOR_DATE_REQUIRED
2019-09-13,118.3984375,119.47137741757203,118.60272012378994,0.8686572937820927,0.03585635564505666,0.6473571273036631,1.5587895595807426,0.936,DAILY_RUNTIME_DEPENDENCY_LEDGER_STRICT_PRIOR_DATE_REQUIRED
2019-09-16,118.6640625,119.37639919197531,118.60460758151947,0.7717916104558356,0.03590607320193832,0.6378809396553781,1.5609651889360465,0.9365079365079365,DAILY_RUNTIME_DEPENDENCY_LEDGER_STRICT_PRIOR_DATE_REQUIRED
2019-09-17,118.8046875,119.3091389929194,118.61076388670348,0.69837510621592,0.039218521393526336,0.614959136740227,1.7045396124006285,0.9921259842519685,DAILY_RUNTIME_DEPENDENCY_LEDGER_STRICT_PRIOR_DATE_REQUIRED
2019-09-18,118.8125,119.25071087610536,118.616971151728,0.6337397243773637,0.0336573721864804,0.630279066423822,1.4624310398317928,0.8671875,DAILY_RUNTIME_DEPENDENCY_LEDGER_STRICT_PRIOR_DATE_REQUIRED
2019-09-19,118.796875,119.19731842009296,118.62250665475175,0.5748117653412095,0.03384251767068492,0.6425327668203363,1.4701867968365034,0.8682170542635659,DAILY_RUNTIME_DEPENDENCY_LEDGER_STRICT_PRIOR_DATE_REQUIRED
2019-09-20,119.09375,119.18513390008202,118.63700644999015,0.5481274500918687,0.03503264549419888,0.6438904455802751,1.5216898008789905,0.9,DAILY_RUNTIME_DEPENDENCY_LEDGER_STRICT_PRIOR_DATE_REQUIRED
2019-09-23,119.1015625,119.17530197066061,118.65130048229815,0.5240014883624582,0.03191958479886658,0.6718576234137018,1.3861671679028182,0.8015267175572519,DAILY_RUNTIME_DEPENDENCY_LEDGER_STRICT_PRIOR_DATE_REQUIRED
2019-09-24,119.4921875,119.21258262117112,118.67717392899668,0.5354086921744425,0.03375961206192658,0.6798669811401361,1.4659321499704712,0.8560606060606061,DAILY_RUNTIME_DEPENDENCY_LEDGER_STRICT_PRIOR_DATE_REQUIRED
2019-09-25,119.0625,119.19492584220981,118.68903011579678,0.5058957264130299,0.0354873026642429,0.6717708656355044,1.5406172083646057,0.9097744360902256,DAILY_RUNTIME_DEPENDENCY_LEDGER_STRICT_PRIOR_DATE_REQUIRED
2019-09-26,119.1875,119.19405221371453,118.70436765069533,0.48968456301919616,0.034571809995968726,0.67310424963122,1.5005159583056809,0.8805970149253731,DAILY_RUNTIME_DEPENDENCY_LEDGER_STRICT_PRIOR_DATE_REQUIRED
2019-09-27,119.234375,119.19879607092459,118.72067556913548,0.4781205017891068,0.055188694048941826,0.6416307496982708,2.3947745832823903,1.0,DAILY_RUNTIME_DEPENDENCY_LEDGER_STRICT_PRIOR_DATE_REQUIRED
2019-11-18,118.9375,119.16805535669815,118.72734709008515,0.4407082666130009,0.03261450967969413,0.6740347845124889,1.4143961265868883,0.7867647058823529,DAILY_RUNTIME_DEPENDENCY_LEDGER_STRICT_PRIOR_DATE_REQUIRED
2019-11-19,119.078125,119.15747531473366,118.73814025654407,0.4193350581895885,0.03308165466254975,0.700122686996615,1.434347790607534,0.7883211678832117,DAILY_RUNTIME_DEPENDENCY_LEDGER_STRICT_PRIOR_DATE_REQUIRED
2019-11-20,119.21875,119.16468410123558,118.7529282486504,0.41175585258517344,0.031245564938573306,0.7329067043806297,1.354764905280372,0.7463768115942029,DAILY_RUNTIME_DEPENDENCY_LEDGER_STRICT_PRIOR_DATE_REQUIRED
2019-11-21,119.0390625,119.1499050893255,118.76173237946117,0.3881727098643353,0.0349092759373352,0.7239151649314373,1.5134683860656677,0.8776978417266187,DAILY_RUNTIME_DEPENDENCY_LEDGER_STRICT_PRIOR_DATE_REQUIRED
2019-11-22,118.96875,119.12859272587544,118.76810215240081,0.3604905734746211,0.03370332815207212,0.7338526674114356,1.4610297628247018,0.8142857142857143,DAILY_RUNTIME_DEPENDENCY_LEDGER_STRICT_PRIOR_DATE_REQUIRED
2019-11-24,118.9375,119.10611122871362,118.7733143938654,0.3327968348482102,0.032105245514941795,0.7570980238201881,1.3915437443810172,0.7588652482269503,DAILY_RUNTIME_DEPENDENCY_LEDGER_STRICT_PRIOR_DATE_REQUIRED
2019-11-25,119.0234375,119.09638490768847,118.78101048943877,0.3153744182497036,0.02774740314290795,0.8275104189770808,1.2025417480948941,0.5704225352112676,DAILY_RUNTIME_DEPENDENCY_LEDGER_STRICT_PRIOR_DATE_REQUIRED
2019-11-26,119.0703125,119.09331756560746,118.78991208976373,0.3034054758437321,0.026857535925460835,0.8976515633970139,1.1639118807507205,0.5244755244755245,DAILY_RUNTIME_DEPENDENCY_LEDGER_STRICT_PRIOR_DATE_REQUIRED
2019-11-27,118.9453125,119.07590520494776,118.79469364084792,0.2812115640998343,0.02702207034872314,0.9522452185369508,1.1711256232048497,0.5347222222222222,DAILY_RUNTIME_DEPENDENCY_LEDGER_STRICT_PRIOR_DATE_REQUIRED
2019-11-28,118.859375,119.0504310631892,118.79668383651415,0.25374722667504557,0.025063263404560155,1.0092037681446524,1.0862828086016627,0.4896551724137931,DAILY_RUNTIME_DEPENDENCY_LEDGER_STRICT_PRIOR_DATE_REQUIRED
2019-11-29,118.9375,119.03714505575516,118.80101664154448,0.23612841421068254,0.024698337848327857,1.0585888862653008,1.0705890644653087,0.4794520547945205,DAILY_RUNTIME_DEPENDENCY_LEDGER_STRICT_PRIOR_DATE_REQUIRED
2019-12-01,118.84375,119.01439269625455,118.80233151411235,0.21206118214219316,0.024198039315203628,1.1017397010074168,1.0489585940559432,0.46938775510204084,DAILY_RUNTIME_DEPENDENCY_LEDGER_STRICT_PRIOR_DATE_REQUIRED
2019-12-02,118.8515625,118.99523620257754,118.80384631367814,0.19138988889940833,0.027655308117554952,1.1065830968930461,1.1989765739378897,0.581081081081081,DAILY_RUNTIME_DEPENDENCY_LEDGER_STRICT_PRIOR_DATE_REQUIRED
2019-12-03,119.28125,119.02888488462725,118.81853565787264,0.21034922675460166,0.026269271995873276,1.1299133208868668,1.1388871202572368,0.5100671140939598,DAILY_RUNTIME_DEPENDENCY_LEDGER_STRICT_PRIOR_DATE_REQUIRED
2019-12-04,119.0546875,119.0319204864358,118.82580186839964,0.20611861803615739,0.035316872254593755,1.0408381716347093,1.531325399412124,0.9066666666666666,DAILY_RUNTIME_DEPENDENCY_LEDGER_STRICT_PRIOR_DATE_REQUIRED
2019-12-05,118.8515625,119.01070189979629,118.82659450321812,0.18410739657817032,0.02599745956538093,1.0797706654133472,1.127055448674995,0.4966887417218543,DAILY_RUNTIME_DEPENDENCY_LEDGER_STRICT_PRIOR_DATE_REQUIRED
2019-12-06,118.703125,118.97451638217319,118.82279544158064,0.15172094059255414,0.025630050246873953,1.112515711893217,1.1111568300081764,0.4934210526315789,DAILY_RUNTIME_DEPENDENCY_LEDGER_STRICT_PRIOR_DATE_REQUIRED
2019-12-08,118.7109375,118.94350710191752,118.81935365876276,0.12415344315475352,0.029141498518746322,1.088493247342222,1.2633805116541292,0.6797385620915033,DAILY_RUNTIME_DEPENDENCY_LEDGER_STRICT_PRIOR_DATE_REQUIRED
2019-12-09,118.78125,118.92441803110368,118.81818123849315,0.10623679261053098,0.033496464832184165,1.0346231645905073,1.4520678046195792,0.8051948051948052,DAILY_RUNTIME_DEPENDENCY_LEDGER_STRICT_PRIOR_DATE_REQUIRED
2019-12-10,118.6328125,118.89011149803265,118.81247758500106,0.0776339130315904,0.023473582679745645,1.0940171933159868,1.0174082552704822,0.4258064516129032,DAILY_RUNTIME_DEPENDENCY_LEDGER_STRICT_PRIOR_DATE_REQUIRED
2019-12-11,118.8359375,118.8837380864994,118.81319942853949,0.07053865795991499,0.02389541515433633,1.1381119693564368,1.035702806177025,0.4423076923076923,DAILY_RUNTIME_DEPENDENCY_LEDGER_STRICT_PRIOR_DATE_REQUIRED
2019-12-12,118.2265625,118.80642331161712,118.7951490615075,0.01127425010962213,0.038114953224555555,1.0307771932256196,1.651975032196744,0.9681528662420382,DAILY_RUNTIME_DEPENDENCY_LEDGER_STRICT_PRIOR_DATE_REQUIRED
2019-12-13,118.78125,118.80346174554451,118.7947213980765,0.008740347468005893,0.03646916109152342,0.9498073468163584,1.580357441215804,0.9430379746835443,DAILY_RUNTIME_DEPENDENCY_LEDGER_STRICT_PRIOR_DATE_REQUIRED
2019-12-16,118.546875,118.7732750695981,118.78709535505877,-0.013820285460667492,0.03452205989965062,0.9074753077725607,1.4956278921496609,0.8553459119496856,DAILY_RUNTIME_DEPENDENCY_LEDGER_STRICT_PRIOR_DATE_REQUIRED
2019-12-17,118.5703125,118.74939712023362,118.78042511336466,-0.031027993131033327,0.03278129893446149,0.8964570699957314,1.4200522108676237,0.76875,DAILY_RUNTIME_DEPENDENCY_LEDGER_STRICT_PRIOR_DATE_REQUIRED
2019-12-18,118.4765625,118.7172989296179,118.7710754944919,-0.05377656487399918,0.03193128200192065,0.8955202114194323,1.3829951904548219,0.7391304347826086,DAILY_RUNTIME_DEPENDENCY_LEDGER_STRICT_PRIOR_DATE_REQUIRED
2019-12-19,118.609375,118.70460199672166,118.76610009466137,-0.06149809793970462,0.03434919419446745,0.8640114861108485,1.4875556971140849,0.8518518518518519,DAILY_RUNTIME_DEPENDENCY_LEDGER_STRICT_PRIOR_DATE_REQUIRED
2019-12-20,118.53125,118.68420764416618,118.75887393790256,-0.07466629373638511,0.030201177388525374,0.8865057725179113,1.307628432118927,0.6748466257668712,DAILY_RUNTIME_DEPENDENCY_LEDGER_STRICT_PRIOR_DATE_REQUIRED
2019-12-24,118.546875,118.66805086249957,118.75235089365941,-0.08430003115984164,0.034739411304899326,0.8511543903749651,1.5039461937026641,0.8719512195121951,DAILY_RUNTIME_DEPENDENCY_LEDGER_STRICT_PRIOR_DATE_REQUIRED
2019-12-26,118.5703125,118.65655223161727,118.74674971231605,-0.09019748069877664,0.034713118342276514,0.8236717739431532,1.50247838644009,0.8666666666666667,DAILY_RUNTIME_DEPENDENCY_LEDGER_STRICT_PRIOR_DATE_REQUIRED
2019-12-27,118.7734375,118.67030343966229,118.747570875014,-0.07726743535171465,0.028156342267084192,0.8765419661944528,1.218451443204233,0.5903614457831325,DAILY_RUNTIME_DEPENDENCY_LEDGER_STRICT_PRIOR_DATE_REQUIRED
2019-12-31,118.796875,118.68519421146672,118.74908792501357,-0.0638937135468467,0.026730461542465198,0.948526170490072,1.1566080610818992,0.48502994011976047,DAILY_RUNTIME_DEPENDENCY_LEDGER_STRICT_PRIOR_DATE_REQUIRED
2020-02-14,119.7578125,118.81138459835299,118.78012560424392,0.03125899410906641,0.043393307603129955,0.8685993342970719,1.8774478447879797,0.9940476190476191,DAILY_RUNTIME_DEPENDENCY_LEDGER_STRICT_PRIOR_DATE_REQUIRED
2020-02-16,119.7109375,118.91721435148793,118.80876597026719,0.10844838122073952,0.04018795369668778,0.8048088152048662,1.7380693863257903,0.9881656804733728,DAILY_RUNTIME_DEPENDENCY_LEDGER_STRICT_PRIOR_DATE_REQUIRED
2020-02-17,119.7890625,119.0197847219011,118.83892894041281,0.1808557814882903,0.0390344609610102,0.7590146990713611,1.6879745154538095,0.9647058823529412,DAILY_RUNTIME_DEPENDENCY_LEDGER_STRICT_PRIOR_DATE_REQUIRED
2020-02-18,119.8046875,119.11212622520685,118.86864458840012,0.2434816368067345,0.03821169930372083,0.7262751844076686,1.65179132773024,0.9473684210526315,DAILY_RUNTIME_DEPENDENCY_LEDGER_STRICT_PRIOR_DATE_REQUIRED
2020-02-19,119.7421875,119.18625108106487,118.89552283183396,0.29072824923090934,0.03623982587570213,0.7105042206464434,1.566084101701128,0.9069767441860465,DAILY_RUNTIME_DEPENDENCY_LEDGER_STRICT_PRIOR_DATE_REQUIRED
2020-02-20,120.015625,119.28382448329253,118.92998751393137,0.3538369693611685,0.03613214046712604,0.7006069740128809,1.5609089102151312,0.8959537572254336,DAILY_RUNTIME_DEPENDENCY_LEDGER_STRICT_PRIOR_DATE_REQUIRED
2020-02-21,120.1796875,119.38922013231694,118.96843982119502,0.4207803111219164,0.035638994628826845,0.6986157373585012,1.53918734423406,0.8735632183908046,DAILY_RUNTIME_DEPENDENCY_LEDGER_STRICT_PRIOR_DATE_REQUIRED
2020-02-23,120.421875,119.51070894027966,119.01316090361979,0.4975480366598646,0.03527368087328713,0.70146482407254,1.5228957517518833,0.8571428571428571,DAILY_RUNTIME_DEPENDENCY_LEDGER_STRICT_PRIOR_DATE_REQUIRED
2020-02-24,120.6484375,119.64455935907027,119.06347710658532,0.581082252484947,0.03541953852390329,0.702024938703979,1.5291360401940062,0.8636363636363636,DAILY_RUNTIME_DEPENDENCY_LEDGER_STRICT_PRIOR_DATE_REQUIRED
2020-02-25,120.859375,119.78747884623847,119.11873550330577,0.6687433429327001,0.03474291497235994,0.7161405892940105,1.4994083106187237,0.8135593220338984,DAILY_RUNTIME_DEPENDENCY_LEDGER_STRICT_PRIOR_DATE_REQUIRED
2020-02-26,121.0859375,119.94023868785747,119.17926479551174,0.7609738923457314,0.0344312362178698,0.7335328008421883,1.4854800800562256,0.7921348314606742,DAILY_RUNTIME_DEPENDENCY_LEDGER_STRICT_PRIOR_DATE_REQUIRED
2020-03-01,122.421875,120.23219590105072,119.2790374171883,0.9531584838624099,0.05484907497212953,0.6925959076469098,2.3656024958329667,0.994413407821229,DAILY_RUNTIME_DEPENDENCY_LEDGER_STRICT_PRIOR_DATE_REQUIRED
2020-03-02,122.078125,120.44936403033886,119.36516318896712,1.0842008413717394,0.05411425365129971,0.6606087729232293,2.3325893030916514,0.9888888888888889,DAILY_RUNTIME_DEPENDENCY_LEDGER_STRICT_PRIOR_DATE_REQUIRED
2020-03-03,123.109375,120.76230649735781,119.48036970622967,1.281936791128146,0.06544471317172774,0.6314071778462785,2.8191117643941164,1.0,DAILY_RUNTIME_DEPENDENCY_LEDGER_STRICT_PRIOR_DATE_REQUIRED
2020-03-04,122.8203125,121.00442485060984,119.58313717680721,1.4212876738026239,0.06165380902166907,0.6090134651909112,2.653623890325803,0.9945054945054945,DAILY_RUNTIME_DEPENDENCY_LEDGER_STRICT_PRIOR_DATE_REQUIRED
2020-03-05,123.2734375,121.27136751524397,119.6966848790593,1.5746826361846615,0.06131340852535696,0.5921734610876456,2.6369277015754014,0.9890710382513661,DAILY_RUNTIME_DEPENDENCY_LEDGER_STRICT_PRIOR_DATE_REQUIRED
2020-03-06,123.6328125,121.54918457227409,119.81779649816517,1.7313880741089207,0.06016153873133299,0.5798612902970064,2.58565536168683,0.9836956521739131,DAILY_RUNTIME_DEPENDENCY_LEDGER_STRICT_PRIOR_DATE_REQUIRED
2020-03-08,124.421875,121.88714815200655,119.95946045206777,1.9276876999387724,0.06309874575472828,0.5668152571717521,2.7099533084554728,0.9945945945945946,DAILY_RUNTIME_DEPENDENCY_LEDGER_STRICT_PRIOR_DATE_REQUIRED
2020-03-09,124.3828125,122.18075572235873,120.09556359200415,2.085192130354571,0.06126132835629928,0.5605321312343661,2.6292051162698136,0.978494623655914,DAILY_RUNTIME_DEPENDENCY_LEDGER_STRICT_PRIOR_DATE_REQUIRED
2020-03-10,123.171875,122.29735799031651,120.1902193276348,2.10713866268172,0.07096075153864079,0.5495262891917541,3.043409856250619,1.0,DAILY_RUNTIME_DEPENDENCY_LEDGER_STRICT_PRIOR_DATE_REQUIRED
2020-03-11,123.6484375,122.45630852086751,120.29662604063064,2.1596824802368673,0.07076064672211207,0.5419721863212997,3.032276696112023,0.9946808510638298,DAILY_RUNTIME_DEPENDENCY_LEDGER_STRICT_PRIOR_DATE_REQUIRED
2020-03-12,123.53125,122.58277222429486,120.39615293168816,2.186619292606693,0.07400970735845536,0.534340879717427,3.168819566319561,1.0,DAILY_RUNTIME_DEPENDENCY_LEDGER_STRICT_PRIOR_DATE_REQUIRED
2020-03-13,123.4375,122.68332843320134,120.48973284148236,2.1935955917189744,0.07081746690822581,0.5324033035008613,3.029667877165882,0.9842105263157894,DAILY_RUNTIME_DEPENDENCY_LEDGER_STRICT_PRIOR_DATE_REQUIRED
2020-03-16,123.8203125,122.81709126458941,120.59221221559059,2.2248790489988153,0.06535343789866968,0.5336512511746695,2.7935502251767472,0.9738219895287958,DAILY_RUNTIME_DEPENDENCY_LEDGER_STRICT_PRIOR_DATE_REQUIRED
2020-03-17,123.078125,122.84780111581418,120.66870183972627,2.1790992760879107,0.06666558587033714,0.5332146600520022,2.8476867309654206,0.9791666666666666,DAILY_RUNTIME_DEPENDENCY_LEDGER_STRICT_PRIOR_DATE_REQUIRED
2020-03-18,123.3125,122.90247157277722,120.75004947542699,2.1524220973502253,0.06519411726839677,0.5370672936930418,2.7826288607114096,0.9637305699481865,DAILY_RUNTIME_DEPENDENCY_LEDGER_STRICT_PRIOR_DATE_REQUIRED
2020-03-20,123.3203125,122.95162932892106,120.8291344915677,2.122494837353358,0.06335046920871557,0.5429800819063032,2.7018710216511876,0.9536082474226805,DAILY_RUNTIME_DEPENDENCY_LEDGER_STRICT_PRIOR_DATE_REQUIRED
2020-03-23,124.75,123.16320234904798,120.94977650721178,2.213425841836198,0.07634522769111966,0.5351655215597025,3.2536558425737216,1.0,DAILY_RUNTIME_DEPENDENCY_LEDGER_STRICT_PRIOR_DATE_REQUIRED
2020-03-24,124.203125,123.28554619033645,121.04987953775911,2.2356666525773363,0.07589440699670595,0.5301632560442093,3.2315281971427874,0.9948979591836735,DAILY_RUNTIME_DEPENDENCY_LEDGER_STRICT_PRIOR_DATE_REQUIRED
2020-03-25,124.3984375,123.41647457970863,121.15291209044345,2.2635624892651833,0.07382374287902572,0.5288322348714274,3.1402839811137495,0.9847715736040609,DAILY_RUNTIME_DEPENDENCY_LEDGER_STRICT_PRIOR_DATE_REQUIRED
2020-03-26,124.5546875,123.55038198209586,121.25758210304518,2.2927998790506763,0.07237613334426136,0.5290996522226279,3.075995784687786,0.9797979797979798,DAILY_RUNTIME_DEPENDENCY_LEDGER_STRICT_PRIOR_DATE_REQUIRED
2020-03-31,125.125,123.73563116067281,121.37657957679762,2.3590515838751855,0.07177693308426264,0.5306612504023419,3.047802657470632,0.9748743718592965,DAILY_RUNTIME_DEPENDENCY_LEDGER_STRICT_PRIOR_DATE_REQUIRED
2020-05-19,125.7265625,123.96985837706424,121.51042520520384,2.459433171860397,0.08558714408016112,0.5250864776019161,3.631009983592607,1.0,DAILY_RUNTIME_DEPENDENCY_LEDGER_STRICT_PRIOR_DATE_REQUIRED
2020-05-20,125.7265625,124.1765294503508,121.64015250658218,2.536376943768616,0.0689787885329191,0.5340938208873207,2.9231277240087365,0.9502487562189055,DAILY_RUNTIME_DEPENDENCY_LEDGER_STRICT_PRIOR_DATE_REQUIRED
2020-05-21,125.7265625,124.35888627972129,121.76588819868734,2.5929980810339543,0.06692215399623955,0.5440965645243695,2.833618760251589,0.9405940594059405,DAILY_RUNTIME_DEPENDENCY_LEDGER_STRICT_PRIOR_DATE_REQUIRED
2020-05-22,125.7421875,124.52162759975408,121.88823586949695,2.633391730257131,0.06476176674108969,0.5575747529717971,2.7399277534559663,0.9211822660098522,DAILY_RUNTIME_DEPENDENCY_LEDGER_STRICT_PRIOR_DATE_REQUIRED
2020-05-24,125.71875,124.66246552919478,122.0060978427432,2.656367686451574,0.06283897487986463,0.5725076855865505,2.6565366572591587,0.9068627450980392,DAILY_RUNTIME_DEPENDENCY_LEDGER_STRICT_PRIOR_DATE_REQUIRED
2020-05-25,125.7421875,124.78949164340716,122.12105444758187,2.668437195825291,0.06221504227241476,0.5899231396484194,2.6281679059597938,0.8878048780487805,DAILY_RUNTIME_DEPENDENCY_LEDGER_STRICT_PRIOR_DATE_REQUIRED
2020-05-26,125.7109375,124.89789703830044,122.23151238765628,2.6663846506441615,0.05939912749451352,0.6066714478853351,2.50735927658368,0.8786407766990292,DAILY_RUNTIME_DEPENDENCY_LEDGER_STRICT_PRIOR_DATE_REQUIRED
2020-05-27,125.6796875,124.98987238673568,122.3376100834207,2.652262303314984,0.05819525538688026,0.6215322386519013,2.454781572656146,0.8743961352657005,DAILY_RUNTIME_DEPENDENCY_LEDGER_STRICT_PRIOR_DATE_REQUIRED
2020-05-28,125.78125,125.08297563535501,122.44356823470007,2.639407400654946,0.056343658214790114,0.6361487547012059,2.3751510824530397,0.8653846153846154,DAILY_RUNTIME_DEPENDENCY_LEDGER_STRICT_PRIOR_DATE_REQUIRED
2020-05-29,125.8984375,125.17891232531325,122.54987190440161,2.629040420911636,0.054589085275303977,0.6518468062605343,2.2996104608615657,0.8516746411483254,DAILY_RUNTIME_DEPENDENCY_LEDGER_STRICT_PRIOR_DATE_REQUIRED
2020-05-31,125.9609375,125.27091528704109,122.65482776888156,2.6160875181595316,0.053085424871747625,0.6657967375897877,2.2348972033204815,0.8476190476190476,DAILY_RUNTIME_DEPENDENCY_LEDGER_STRICT_PRIOR_DATE_REQUIRED
2020-06-01,125.9140625,125.34657966503626,122.75511191445443,2.5914677505818275,0.08058698359985707,0.6369444225260693,3.3905766501130383,0.995260663507109,DAILY_RUNTIME_DEPENDENCY_LEDGER_STRICT_PRIOR_DATE_REQUIRED
2020-06-02,125.796875,125.3995555867967,122.84870462477892,2.550850962017776,0.049106101842487114,0.6557847162005747,2.0640941534442674,0.839622641509434,DAILY_RUNTIME_DEPENDENCY_LEDGER_STRICT_PRIOR_DATE_REQUIRED
2020-06-03,125.5703125,125.41964463540884,122.93244640555494,2.4871982298539024,0.0661824216596517,0.6492271877748619,2.7805595112618855,0.92018779342723,DAILY_RUNTIME_DEPENDENCY_LEDGER_STRICT_PRIOR_DATE_REQUIRED
2020-06-04,125.46875,125.42542173712545,123.01048651615325,2.414935220972197,0.044532618813669454,0.6692487526144366,1.8696482540239108,0.8271028037383178,DAILY_RUNTIME_DEPENDENCY_LEDGER_STRICT_PRIOR_DATE_REQUIRED
2020-06-05,125.1875,125.39743094452245,123.07747154642546,2.319959398096998,0.0469500740624596,0.6841422140841162,1.9703297186986688,0.8325581395348837,DAILY_RUNTIME_DEPENDENCY_LEDGER_STRICT_PRIOR_DATE_REQUIRED
2020-06-07,125.1640625,125.36997583340215,123.14167434499699,2.2283014884051653,0.04364606190156691,0.6999042357657921,1.8309880838352814,0.8194444444444444,DAILY_RUNTIME_DEPENDENCY_LEDGER_STRICT_PRIOR_DATE_REQUIRED
2020-06-08,125.2421875,125.35494191182542,123.20630551899708,2.1486363928283367,0.053329277001243916,0.7062894731674033,2.236262797768918,0.8433179723502304,DAILY_RUNTIME_DEPENDENCY_LEDGER_STRICT_PRIOR_DATE_REQUIRED
2020-06-09,125.4921875,125.37108845161066,123.27664034918179,2.0944481024288706,0.03757406731523623,0.7363385931419705,1.5748782319661094,0.7522935779816514,DAILY_RUNTIME_DEPENDENCY_LEDGER_STRICT_PRIOR_DATE_REQUIRED
2020-06-10,125.90625,125.43404863377411,123.35755141536082,2.0764972184132944,0.06763654219283953,0.7095572300053232,2.833926572100387,0.9406392694063926,DAILY_RUNTIME_DEPENDENCY_LEDGER_STRICT_PRIOR_DATE_REQUIRED
2020-06-11,125.8046875,125.47765320627127,123.4328479102728,2.044805295998472,0.041372487495975496,0.7247617005828677,1.7320655554864834,0.8045454545454546,DAILY_RUNTIME_DEPENDENCY_LEDGER_STRICT_PRIOR_DATE_REQUIRED
2020-06-12,125.78125,125.51337047612171,123.50510643611055,2.0082640400111558,0.033923527871795915,0.7998975822539381,1.4196068765228234,0.5746606334841629,DAILY_RUNTIME_DEPENDENCY_LEDGER_STRICT_PRIOR_DATE_REQUIRED
2020-06-15,125.7578125,125.54212836128386,123.5744204688456,1.9677078924382556,0.03272792150826392,0.8694493731954824,1.3694133379990328,0.545045045045045,DAILY_RUNTIME_DEPENDENCY_LEDGER_STRICT_PRIOR_DATE_REQUIRED
2020-06-16,125.75,125.56658384819164,123.64136137749651,1.9252224706951324,0.036060326876773394,0.8903322022027449,1.5086060595614237,0.6771300448430493,DAILY_RUNTIME_DEPENDENCY_LEDGER_STRICT_PRIOR_DATE_REQUIRED
2020-06-17,125.7421875,125.58724310134556,123.70600218126584,1.881240920079719,0.045578075737936936,0.8668464771269212,1.9064101763570995,0.8258928571428571,DAILY_RUNTIME_DEPENDENCY_LEDGER_STRICT_PRIOR_DATE_REQUIRED
2020-06-18,125.7890625,125.61098656001079,123.7700963449192,1.8408902150915907,0.030049597743795096,0.9431774206796022,1.2564184335101534,0.47555555555555556,DAILY_RUNTIME_DEPENDENCY_LEDGER_STRICT_PRIOR_DATE_REQUIRED
2020-06-19,125.84375,125.63837049412717,123.83390107276783,1.804469421359343,0.027080828102260656,1.0399931108858853,1.1321730974606337,0.3495575221238938,DAILY_RUNTIME_DEPENDENCY_LEDGER_STRICT_PRIOR_DATE_REQUIRED
2020-06-22,125.765625,125.65334161246516,123.89333873206729,1.7600028803978631,0.07117764508659964,0.9550284043011068,2.9755071219615896,0.9515418502202643,DAILY_RUNTIME_DEPENDENCY_LEDGER_STRICT_PRIOR_DATE_REQUIRED
2020-06-23,125.8203125,125.67298524629278,123.95263023261906,1.720355013673725,0.031870138696716746,1.0050710867726758,1.3312215969300882,0.5131578947368421,DAILY_RUNTIME_DEPENDENCY_LEDGER_STRICT_PRIOR_DATE_REQUIRED
2020-06-24,125.8671875,125.69583257025833,124.01153968700001,1.6842928832583226,0.02029003530768323,1.122846966986298,0.8473682525570572,0.2314410480349345,DAILY_RUNTIME_DEPENDENCY_LEDGER_STRICT_PRIOR_DATE_REQUIRED
2020-06-25,125.859375,125.7150728561103,124.06839615816925,1.6466766979410465,0.018912399090338265,1.2313411943326626,0.7898933111362411,0.18695652173913044,DAILY_RUNTIME_DEPENDENCY_LEDGER_STRICT_PRIOR_DATE_REQUIRED
2020-06-26,125.9921875,125.74767457892085,124.12758973791789,1.6200848410029636,0.03136664636050437,1.2329627481375858,1.3100675165495714,0.5064935064935064,DAILY_RUNTIME_DEPENDENCY_LEDGER_STRICT_PRIOR_DATE_REQUIRED
2020-06-29,126.0390625,125.78195551081251,124.18640428444348,1.5955512263690252,0.03156361568601093,1.232533784526363,1.318058455077087,0.5129310344827587,DAILY_RUNTIME_DEPENDENCY_LEDGER_STRICT_PRIOR_DATE_REQUIRED
2020-08-19,125.8203125,125.78646809777574,124.23667838338368,1.5497897143920625,0.01519342091633311,1.365050076532104,0.6343247703760584,0.02575107296137339,DAILY_RUNTIME_DEPENDENCY_LEDGER_STRICT_PRIOR_DATE_REQUIRED
2020-08-20,125.859375,125.79504538039036,124.2866075100488,1.5084378703415666,0.014776508144598027,1.476999013666127,0.6170042828373411,0.01282051282051282,DAILY_RUNTIME_DEPENDENCY_LEDGER_STRICT_PRIOR_DATE_REQUIRED
2020-08-21,125.875,125.8044518062268,124.33548112512422,1.4689706811025758,0.014347599820552668,1.568608477332247,0.5991542312789963,0.01276595744680851,DAILY_RUNTIME_DEPENDENCY_LEDGER_STRICT_PRIOR_DATE_REQUIRED
2020-08-23,125.875,125.81275159372953,124.38285093665885,1.4299006570706752,0.013928578304372613,1.644732051561515,0.581752086741567,0.00847457627118644,DAILY_RUNTIME_DEPENDENCY_LEDGER_STRICT_PRIOR_DATE_REQUIRED
2020-08-24,125.78125,125.80904552387899,124.42587860014628,1.3831669237327162,0.013814998382673985,1.7070247280324937,0.5770995939169431,0.008438818565400843,DAILY_RUNTIME_DEPENDENCY_LEDGER_STRICT_PRIOR_DATE_REQUIRED
2020-08-25,125.734375,125.80026075636381,124.46614002783409,1.3341207285297259,0.013502611698915633,1.7580011334780754,0.5641399248411503,0.008403361344537815,DAILY_RUNTIME_DEPENDENCY_LEDGER_STRICT_PRIOR_DATE_REQUIRED
2020-08-26,125.7734375,125.79710507914454,124.5063645654392,1.2907405137053445,0.013144173503159454,1.8020009273911524,0.549247224445267,0.0,DAILY_RUNTIME_DEPENDENCY_LEDGER_STRICT_PRIOR_DATE_REQUIRED
2020-08-27,125.640625,125.77869565806871,124.54126488650262,1.2374307715660962,0.01410066831968092,1.8300462133200337,0.5893013605655232,0.029166666666666667,DAILY_RUNTIME_DEPENDENCY_LEDGER_STRICT_PRIOR_DATE_REQUIRED
2020-08-28,125.8828125,125.79094469829592,124.58254327461023,1.208401423685686,0.015856261738506783,1.8371822846816874,0.6627505498649212,0.08713692946058091,DAILY_RUNTIME_DEPENDENCY_LEDGER_STRICT_PRIOR_DATE_REQUIRED
2020-08-30,125.875,125.80083355731993,124.62231117385299,1.178522383466941,0.014697837202802638,1.8566427558364818,0.6143968974970122,0.0371900826446281,DAILY_RUNTIME_DEPENDENCY_LEDGER_STRICT_PRIOR_DATE_REQUIRED
2020-08-31,125.875,125.80955902116465,124.66085544542675,1.1487035757378976,0.01412170728793509,1.8737290336754153,0.5903648725084772,0.03292181069958848,DAILY_RUNTIME_DEPENDENCY_LEDGER_STRICT_PRIOR_DATE_REQUIRED
2020-09-01,125.9375,125.82461090102763,124.7001368163367,1.124474084690931,0.014657078506093574,1.885510043946055,0.6129544015020124,0.040983606557377046,DAILY_RUNTIME_DEPENDENCY_LEDGER_STRICT_PRIOR_DATE_REQUIRED
2020-09-02,125.9609375,125.84064932443613,124.73893068352633,1.1017186409097945,0.016723470253329285,1.8751575684233956,0.6994909189577229,0.11428571428571428,DAILY_RUNTIME_DEPENDENCY_LEDGER_STRICT_PRIOR_DATE_REQUIRED
2020-09-03,125.953125,125.8538817568554,124.7762905086486,1.0775912482068009,0.013362677650418531,1.8945302499960819,0.5590755762171877,0.012195121951219513,DAILY_RUNTIME_DEPENDENCY_LEDGER_STRICT_PRIOR_DATE_REQUIRED
2020-09-04,125.75,125.84166037369594,124.80625080069018,1.035409573005765,0.01871479563205054,1.8518736642404452,0.7832425389795148,0.22672064777327935,DAILY_RUNTIME_DEPENDENCY_LEDGER_STRICT_PRIOR_DATE_REQUIRED
2020-09-06,125.7734375,125.83363415326113,124.83601039143818,0.9976237618229504,0.012933153079688597,1.878805725287637,0.5413841627408505,0.0,DAILY_RUNTIME_DEPENDENCY_LEDGER_STRICT_PRIOR_DATE_REQUIRED
2020-09-07,125.7890625,125.82839042934805,124.86533507170162,0.9630553576464251,0.01299616326640902,1.8997457577106953,0.5441767218873635,0.004016064257028112,DAILY_RUNTIME_DEPENDENCY_LEDGER_STRICT_PRIOR_DATE_REQUIRED
2020-09-08,125.8515625,125.8311165553071,124.89568053103388,0.9354360242732298,0.016715839685631062,1.8830647108542051,0.7001173660994773,0.128,DAILY_RUNTIME_DEPENDENCY_LEDGER_STRICT_PRIOR_DATE_REQUIRED
2020-09-09,125.828125,125.8307646076239,124.924371130079,0.9063934775449098,0.02207977572474393,1.816314082513455,0.9249569401262171,0.32270916334661354,DAILY_RUNTIME_DEPENDENCY_LEDGER_STRICT_PRIOR_DATE_REQUIRED
2020-09-10,125.9140625,125.84056435966815,124.9548231722304,0.8857411874377448,0.01150131292583881,1.849711522056463,0.48185343842917444,0.0,DAILY_RUNTIME_DEPENDENCY_LEDGER_STRICT_PRIOR_DATE_REQUIRED
2020-09-11,125.96875,125.8556450232366,124.98602092077716,0.86962410245944,0.010351584421620002,1.8770366998643788,0.4337938122844066,0.0,DAILY_RUNTIME_DEPENDENCY_LEDGER_STRICT_PRIOR_DATE_REQUIRED
2020-09-14,125.9453125,125.86619413814994,125.01553758475325,0.8506565533966892,0.010059749372857371,1.8993936635254007,0.42175274680551816,0.0,DAILY_RUNTIME_DEPENDENCY_LEDGER_STRICT_PRIOR_DATE_REQUIRED
2020-09-15,125.875,125.86723012189701,125.04198258214545,0.8252475397515582,0.009944707997666582,1.9176857247026007,0.41702853507673165,0.0,DAILY_RUNTIME_DEPENDENCY_LEDGER_STRICT_PRIOR_DATE_REQUIRED
2020-09-16,125.875,125.86814422520324,125.0676138873102,0.8005303378930364,0.009638644200266291,1.9326519565748548,0.4042976349533527,0.0,DAILY_RUNTIME_DEPENDENCY_LEDGER_STRICT_PRIOR_DATE_REQUIRED
2020-09-17,125.9609375,125.87906108106168,125.09510076770066,0.7839603133610211,0.00994480382721628,1.942774664151977,0.4172305262901232,0.007782101167315175,DAILY_RUNTIME_DEPENDENCY_LEDGER_STRICT_PRIOR_DATE_REQUIRED
2020-09-18,125.84375,125.87490683623088,125.11813612869449,0.7567707075363899,0.01039047471062045,1.9478938584076426,0.4360385495470305,0.01937984496124031,DAILY_RUNTIME_DEPENDENCY_LEDGER_STRICT_PRIOR_DATE_REQUIRED
2020-09-21,125.9140625,125.8795133849096,125.1426261708885,0.7368872140210954,0.010613667051605111,1.9510496960155195,0.44548709998269853,0.023166023166023165,DAILY_RUNTIME_DEPENDENCY_LEDGER_STRICT_PRIOR_DATE_REQUIRED
2020-09-22,125.953125,125.88817357492023,125.16756459639961,0.720608978520616,0.010046420000445347,1.9557539470896206,0.42177366230600216,0.015384615384615385,DAILY_RUNTIME_DEPENDENCY_LEDGER_STRICT_PRIOR_DATE_REQUIRED
2020-09-23,125.8828125,125.88754286022373,125.1895722242027,0.6979706360210258,0.0099001562264359,1.9627537519030018,0.4157261400736575,0.0038314176245210726,DAILY_RUNTIME_DEPENDENCY_LEDGER_STRICT_PRIOR_DATE_REQUIRED
2020-09-24,125.9140625,125.89066281784447,125.21186423268877,0.6787985851557039,0.009414881200614532,1.969525797011547,0.39547336663224364,0.0,DAILY_RUNTIME_DEPENDENCY_LEDGER_STRICT_PRIOR_DATE_REQUIRED
2020-09-25,125.96875,125.89984954515688,125.23515302552912,0.6646965196277677,0.011058351773162872,1.964696702912662,0.4646507816303837,0.03802281368821293,DAILY_RUNTIME_DEPENDENCY_LEDGER_STRICT_PRIOR_DATE_REQUIRED
2020-09-28,125.9609375,125.9070363633737,125.25748485551284,0.6495515078608634,0.00912248283701148,1.971115484201269,0.38341557747889077,0.0,DAILY_RUNTIME_DEPENDENCY_LEDGER_STRICT_PRIOR_DATE_REQUIRED
2020-09-29,126.0078125,125.91889237944739,125.2805718599586,0.6383205194887864,0.013183117876726146,1.9599006620308836,0.5542408091699115,0.06037735849056604,DAILY_RUNTIME_DEPENDENCY_LEDGER_STRICT_PRIOR_DATE_REQUIRED
2020-09-30,125.921875,125.91924327598298,125.30030426426757,0.6189390117154119,0.008697191594882836,1.9671914507525412,0.3657660702577655,0.0,DAILY_RUNTIME_DEPENDENCY_LEDGER_STRICT_PRIOR_DATE_REQUIRED
