ts_recv,ts_event,rtype,publisher_id,instrument_id,raw_symbol,security_update_action,instrument_class,min_price_increment,display_factor,expiration,activation,high_limit_price,low_limit_price,max_price_variation,unit_of_measure_qty,min_price_increment_amount,price_ratio,inst_attrib_value,underlying_id,raw_instrument_id,market_depth_implied,market_depth,market_segment_id,max_trade_vol,min_lot_size,min_lot_size_block,min_lot_size_round_lot,min_trade_vol,contract_multiplier,decay_quantity,original_contract_size,appl_id,maturity_year,decay_start_date,channel_id,currency,settl_currency,secsubtype,group,exchange,asset,cfi,security_type,unit_of_measure,underlying,strike_price_currency,strike_price,match_algorithm,main_fraction,price_display_format,sub_fraction,underlying_product,maturity_month,maturity_day,maturity_week,user_defined_instrument,contract_multiplier_unit,flow_schedule_type,tick_rule,leg_count,leg_index,leg_instrument_id,leg_raw_symbol,leg_instrument_class,leg_side,leg_price,leg_delta,leg_ratio_price_numerator,leg_ratio_price_denominator,leg_ratio_qty_numerator,leg_ratio_qty_denominator,leg_underlying_id,symbol
2025-06-08T11:05:24.208881598Z,2025-06-08T11:05:24.057167403Z,19,1,42002662,MYMM6,A,F,1.000000000,1.000000000,2026-06-18T13:30:00.000000000Z,2025-06-20T13:30:00.000000000Z,,0.000000000,90.000000000,0.500000000,0.500000000,,270411,0,42002662,0,10,68,500,0,0,0,1,2147483647,2147483647,2147483647,342,2026,65535,17,USD,,,YM,XCBT,MYM,FFIXSX,FUT,IPNT,,,,F,255,255,255,5,6,255,255,N,127,127,255,0,0,0,,,N,,,0,0,0,0,0,MYMM6
2025-06-08T19:36:52.502573046Z,2025-06-08T19:36:52.389825545Z,19,1,42002662,MYMM6,A,F,1.000000000,1.000000000,2026-06-18T13:30:00.000000000Z,2025-06-20T13:30:00.000000000Z,,0.000000000,90.000000000,0.500000000,0.500000000,,270411,0,42002662,0,10,68,500,0,0,0,1,2147483647,2147483647,2147483647,342,2026,65535,17,USD,,,YM,XCBT,MYM,FFIXSX,FUT,IPNT,,,,F,255,255,255,5,6,255,255,N,127,127,255,0,0,0,,,N,,,0,0,0,0,0,MYMM6
2025-06-09T00:00:00.000000000Z,2025-06-08T19:36:52.389825545Z,19,1,42002662,MYMM6,A,F,1.000000000,1.000000000,2026-06-18T13:30:00.000000000Z,2025-06-20T13:30:00.000000000Z,,0.000000000,90.000000000,0.500000000,0.500000000,,270411,0,42002662,0,10,68,500,0,0,0,1,2147483647,2147483647,2147483647,342,2026,65535,17,USD,,,YM,XCBT,MYM,FFIXSX,FUT,IPNT,,,,F,255,255,255,5,6,255,255,N,127,127,255,0,0,0,,,N,,,0,0,0,0,0,MYMM6
2025-06-10T00:00:00.000000000Z,2025-06-08T19:36:52.389825545Z,19,1,42002662,MYMM6,A,F,1.000000000,1.000000000,2026-06-18T13:30:00.000000000Z,2025-06-20T13:30:00.000000000Z,,0.000000000,90.000000000,0.500000000,0.500000000,,270411,0,42002662,0,10,68,500,0,0,0,1,2147483647,2147483647,2147483647,342,2026,65535,17,USD,,,YM,XCBT,MYM,FFIXSX,FUT,IPNT,,,,F,255,255,255,5,6,255,255,N,127,127,255,0,0,0,,,N,,,0,0,0,0,0,MYMM6
2025-06-11T00:00:00.000000000Z,2025-06-08T19:36:52.389825545Z,19,1,42002662,MYMM6,A,F,1.000000000,1.000000000,2026-06-18T13:30:00.000000000Z,2025-06-20T13:30:00.000000000Z,,0.000000000,90.000000000,0.500000000,0.500000000,,270411,0,42002662,0,10,68,500,0,0,0,1,2147483647,2147483647,2147483647,342,2026,65535,17,USD,,,YM,XCBT,MYM,FFIXSX,FUT,IPNT,,,,F,255,255,255,5,6,255,255,N,127,127,255,0,0,0,,,N,,,0,0,0,0,0,MYMM6
2025-06-12T00:00:00.000000000Z,2025-06-08T19:36:52.389825545Z,19,1,42002662,MYMM6,A,F,1.000000000,1.000000000,2026-06-18T13:30:00.000000000Z,2025-06-20T13:30:00.000000000Z,,0.000000000,90.000000000,0.500000000,0.500000000,,270411,0,42002662,0,10,68,500,0,0,0,1,2147483647,2147483647,2147483647,342,2026,65535,17,USD,,,YM,XCBT,MYM,FFIXSX,FUT,IPNT,,,,F,255,255,255,5,6,255,255,N,127,127,255,0,0,0,,,N,,,0,0,0,0,0,MYMM6
2025-06-13T00:00:00.000000000Z,2025-06-08T19:36:52.389825545Z,19,1,42002662,MYMM6,A,F,1.000000000,1.000000000,2026-06-18T13:30:00.000000000Z,2025-06-20T13:30:00.000000000Z,,0.000000000,90.000000000,0.500000000,0.500000000,,270411,0,42002662,0,10,68,500,0,0,0,1,2147483647,2147483647,2147483647,342,2026,65535,17,USD,,,YM,XCBT,MYM,FFIXSX,FUT,IPNT,,,,F,255,255,255,5,6,255,255,N,127,127,255,0,0,0,,,N,,,0,0,0,0,0,MYMM6
2025-06-15T12:05:52.606277843Z,2025-06-15T12:05:52.471397687Z,19,1,42002662,MYMM6,A,F,1.000000000,1.000000000,2026-06-18T13:30:00.000000000Z,2025-06-20T13:30:00.000000000Z,,0.000000000,90.000000000,0.500000000,0.500000000,,270411,0,42002662,0,10,68,500,0,0,0,1,2147483647,2147483647,2147483647,342,2026,65535,17,USD,,,YM,XCBT,MYM,FFIXSX,FUT,IPNT,,,,F,255,255,255,5,6,255,255,N,127,127,255,0,0,0,,,N,,,0,0,0,0,0,MYMM6
2025-06-16T00:00:00.000000000Z,2025-06-15T12:05:52.471397687Z,19,1,42002662,MYMM6,A,F,1.000000000,1.000000000,2026-06-18T13:30:00.000000000Z,2025-06-20T13:30:00.000000000Z,,0.000000000,90.000000000,0.500000000,0.500000000,,270411,0,42002662,0,10,68,500,0,0,0,1,2147483647,2147483647,2147483647,342,2026,65535,17,USD,,,YM,XCBT,MYM,FFIXSX,FUT,IPNT,,,,F,255,255,255,5,6,255,255,N,127,127,255,0,0,0,,,N,,,0,0,0,0,0,MYMM6
2025-06-17T00:00:00.000000000Z,2025-06-15T12:05:52.471397687Z,19,1,42002662,MYMM6,A,F,1.000000000,1.000000000,2026-06-18T13:30:00.000000000Z,2025-06-20T13:30:00.000000000Z,,0.000000000,90.000000000,0.500000000,0.500000000,,270411,0,42002662,0,10,68,500,0,0,0,1,2147483647,2147483647,2147483647,342,2026,65535,17,USD,,,YM,XCBT,MYM,FFIXSX,FUT,IPNT,,,,F,255,255,255,5,6,255,255,N,127,127,255,0,0,0,,,N,,,0,0,0,0,0,MYMM6
2025-06-18T00:00:00.000000000Z,2025-06-15T12:05:52.471397687Z,19,1,42002662,MYMM6,A,F,1.000000000,1.000000000,2026-06-18T13:30:00.000000000Z,2025-06-20T13:30:00.000000000Z,,0.000000000,90.000000000,0.500000000,0.500000000,,270411,0,42002662,0,10,68,500,0,0,0,1,2147483647,2147483647,2147483647,342,2026,65535,17,USD,,,YM,XCBT,MYM,FFIXSX,FUT,IPNT,,,,F,255,255,255,5,6,255,255,N,127,127,255,0,0,0,,,N,,,0,0,0,0,0,MYMM6
2025-06-19T00:00:00.000000000Z,2025-06-15T12:05:52.471397687Z,19,1,42002662,MYMM6,A,F,1.000000000,1.000000000,2026-06-18T13:30:00.000000000Z,2025-06-20T13:30:00.000000000Z,,0.000000000,90.000000000,0.500000000,0.500000000,,270411,0,42002662,0,10,68,500,0,0,0,1,2147483647,2147483647,2147483647,342,2026,65535,17,USD,,,YM,XCBT,MYM,FFIXSX,FUT,IPNT,,,,F,255,255,255,5,6,255,255,N,127,127,255,0,0,0,,,N,,,0,0,0,0,0,MYMM6
2025-06-20T00:00:00.000000000Z,2025-06-15T12:05:52.471397687Z,19,1,42002662,MYMM6,A,F,1.000000000,1.000000000,2026-06-18T13:30:00.000000000Z,2025-06-20T13:30:00.000000000Z,,0.000000000,90.000000000,0.500000000,0.500000000,,270411,0,42002662,0,10,68,500,0,0,0,1,2147483647,2147483647,2147483647,342,2026,65535,17,USD,,,YM,XCBT,MYM,FFIXSX,FUT,IPNT,,,,F,255,255,255,5,6,255,255,N,127,127,255,0,0,0,,,N,,,0,0,0,0,0,MYMM6
2025-06-22T12:02:56.302787125Z,2025-06-22T12:02:56.168880457Z,19,1,42002662,MYMM6,A,F,1.000000000,1.000000000,2026-06-18T13:30:00.000000000Z,2025-06-20T13:30:00.000000000Z,46583.000000000,40675.000000000,90.000000000,0.500000000,0.500000000,,270411,0,42002662,0,10,68,500,0,0,0,1,2147483647,2147483647,2147483647,342,2026,65535,17,USD,,,YM,XCBT,MYM,FFIXSX,FUT,IPNT,,,,F,255,255,255,5,6,255,255,N,127,127,255,0,0,0,,,N,,,0,0,0,0,0,MYMM6
2025-06-23T00:00:00.000000000Z,2025-06-22T12:02:56.168880457Z,19,1,42002662,MYMM6,A,F,1.000000000,1.000000000,2026-06-18T13:30:00.000000000Z,2025-06-20T13:30:00.000000000Z,46583.000000000,40675.000000000,90.000000000,0.500000000,0.500000000,,270411,0,42002662,0,10,68,500,0,0,0,1,2147483647,2147483647,2147483647,342,2026,65535,17,USD,,,YM,XCBT,MYM,FFIXSX,FUT,IPNT,,,,F,255,255,255,5,6,255,255,N,127,127,255,0,0,0,,,N,,,0,0,0,0,0,MYMM6
2025-06-24T00:00:00.000000000Z,2025-06-22T12:02:56.168880457Z,19,1,42002662,MYMM6,A,F,1.000000000,1.000000000,2026-06-18T13:30:00.000000000Z,2025-06-20T13:30:00.000000000Z,46583.000000000,40675.000000000,90.000000000,0.500000000,0.500000000,,270411,0,42002662,0,10,68,500,0,0,0,1,2147483647,2147483647,2147483647,342,2026,65535,17,USD,,,YM,XCBT,MYM,FFIXSX,FUT,IPNT,,,,F,255,255,255,5,6,255,255,N,127,127,255,0,0,0,,,N,,,0,0,0,0,0,MYMM6
2025-06-25T00:00:00.000000000Z,2025-06-22T12:02:56.168880457Z,19,1,42002662,MYMM6,A,F,1.000000000,1.000000000,2026-06-18T13:30:00.000000000Z,2025-06-20T13:30:00.000000000Z,46583.000000000,40675.000000000,90.000000000,0.500000000,0.500000000,,270411,0,42002662,0,10,68,500,0,0,0,1,2147483647,2147483647,2147483647,342,2026,65535,17,USD,,,YM,XCBT,MYM,FFIXSX,FUT,IPNT,,,,F,255,255,255,5,6,255,255,N,127,127,255,0,0,0,,,N,,,0,0,0,0,0,MYMM6
2025-06-26T00:00:00.000000000Z,2025-06-22T12:02:56.168880457Z,19,1,42002662,MYMM6,A,F,1.000000000,1.000000000,2026-06-18T13:30:00.000000000Z,2025-06-20T13:30:00.000000000Z,46583.000000000,40675.000000000,90.000000000,0.500000000,0.500000000,,270411,0,42002662,0,10,68,500,0,0,0,1,2147483647,2147483647,2147483647,342,2026,65535,17,USD,,,YM,XCBT,MYM,FFIXSX,FUT,IPNT,,,,F,255,255,255,5,6,255,255,N,127,127,255,0,0,0,,,N,,,0,0,0,0,0,MYMM6
2025-06-27T00:00:00.000000000Z,2025-06-22T12:02:56.168880457Z,19,1,42002662,MYMM6,A,F,1.000000000,1.000000000,2026-06-18T13:30:00.000000000Z,2025-06-20T13:30:00.000000000Z,46583.000000000,40675.000000000,90.000000000,0.500000000,0.500000000,,270411,0,42002662,0,10,68,500,0,0,0,1,2147483647,2147483647,2147483647,342,2026,65535,17,USD,,,YM,XCBT,MYM,FFIXSX,FUT,IPNT,,,,F,255,255,255,5,6,255,255,N,127,127,255,0,0,0,,,N,,,0,0,0,0,0,MYMM6
2025-06-29T11:29:50.865279762Z,2025-06-29T11:29:50.707526603Z,19,1,42002662,MYMM6,A,F,1.000000000,1.000000000,2026-06-18T13:30:00.000000000Z,2025-06-20T13:30:00.000000000Z,48321.000000000,42187.000000000,90.000000000,0.500000000,0.500000000,,270411,0,42002662,0,10,68,500,0,0,0,1,2147483647,2147483647,2147483647,342,2026,65535,17,USD,,,YM,XCBT,MYM,FFIXSX,FUT,IPNT,,,,F,255,255,255,5,6,255,255,N,127,127,255,0,0,0,,,N,,,0,0,0,0,0,MYMM6
2025-06-30T00:00:00.000000000Z,2025-06-29T11:29:50.707526603Z,19,1,42002662,MYMM6,A,F,1.000000000,1.000000000,2026-06-18T13:30:00.000000000Z,2025-06-20T13:30:00.000000000Z,48321.000000000,42187.000000000,90.000000000,0.500000000,0.500000000,,270411,0,42002662,0,10,68,500,0,0,0,1,2147483647,2147483647,2147483647,342,2026,65535,17,USD,,,YM,XCBT,MYM,FFIXSX,FUT,IPNT,,,,F,255,255,255,5,6,255,255,N,127,127,255,0,0,0,,,N,,,0,0,0,0,0,MYMM6
2025-07-01T00:00:00.000000000Z,2025-06-29T11:29:50.707526603Z,19,1,42002662,MYMM6,A,F,1.000000000,1.000000000,2026-06-18T13:30:00.000000000Z,2025-06-20T13:30:00.000000000Z,48321.000000000,42187.000000000,90.000000000,0.500000000,0.500000000,,270411,0,42002662,0,10,68,500,0,0,0,1,2147483647,2147483647,2147483647,342,2026,65535,17,USD,,,YM,XCBT,MYM,FFIXSX,FUT,IPNT,,,,F,255,255,255,5,6,255,255,N,127,127,255,0,0,0,,,N,,,0,0,0,0,0,MYMM6
2025-07-02T00:00:00.000000000Z,2025-06-29T11:29:50.707526603Z,19,1,42002662,MYMM6,A,F,1.000000000,1.000000000,2026-06-18T13:30:00.000000000Z,2025-06-20T13:30:00.000000000Z,48321.000000000,42187.000000000,90.000000000,0.500000000,0.500000000,,270411,0,42002662,0,10,68,500,0,0,0,1,2147483647,2147483647,2147483647,342,2026,65535,17,USD,,,YM,XCBT,MYM,FFIXSX,FUT,IPNT,,,,F,255,255,255,5,6,255,255,N,127,127,255,0,0,0,,,N,,,0,0,0,0,0,MYMM6
2025-07-03T00:00:00.000000000Z,2025-06-29T11:29:50.707526603Z,19,1,42002662,MYMM6,A,F,1.000000000,1.000000000,2026-06-18T13:30:00.000000000Z,2025-06-20T13:30:00.000000000Z,48321.000000000,42187.000000000,90.000000000,0.500000000,0.500000000,,270411,0,42002662,0,10,68,500,0,0,0,1,2147483647,2147483647,2147483647,342,2026,65535,17,USD,,,YM,XCBT,MYM,FFIXSX,FUT,IPNT,,,,F,255,255,255,5,6,255,255,N,127,127,255,0,0,0,,,N,,,0,0,0,0,0,MYMM6
2025-07-04T00:00:00.000000000Z,2025-06-29T11:29:50.707526603Z,19,1,42002662,MYMM6,A,F,1.000000000,1.000000000,2026-06-18T13:30:00.000000000Z,2025-06-20T13:30:00.000000000Z,48321.000000000,42187.000000000,90.000000000,0.500000000,0.500000000,,270411,0,42002662,0,10,68,500,0,0,0,1,2147483647,2147483647,2147483647,342,2026,65535,17,USD,,,YM,XCBT,MYM,FFIXSX,FUT,IPNT,,,,F,255,255,255,5,6,255,255,N,127,127,255,0,0,0,,,N,,,0,0,0,0,0,MYMM6
2025-07-06T11:45:39.780490365Z,2025-07-06T11:45:39.641444369Z,19,1,42002662,MYMM6,A,F,1.000000000,1.000000000,2026-06-18T13:30:00.000000000Z,2025-06-20T13:30:00.000000000Z,49364.000000000,43090.000000000,90.000000000,0.500000000,0.500000000,,270411,0,42002662,0,10,68,500,0,0,0,1,2147483647,2147483647,2147483647,342,2026,65535,17,USD,,,YM,XCBT,MYM,FFIXSX,FUT,IPNT,,,,F,255,255,255,5,6,255,255,N,127,127,255,0,0,0,,,N,,,0,0,0,0,0,MYMM6
2025-07-07T00:00:00.000000000Z,2025-07-06T11:45:39.641444369Z,19,1,42002662,MYMM6,A,F,1.000000000,1.000000000,2026-06-18T13:30:00.000000000Z,2025-06-20T13:30:00.000000000Z,49364.000000000,43090.000000000,90.000000000,0.500000000,0.500000000,,270411,0,42002662,0,10,68,500,0,0,0,1,2147483647,2147483647,2147483647,342,2026,65535,17,USD,,,YM,XCBT,MYM,FFIXSX,FUT,IPNT,,,,F,255,255,255,5,6,255,255,N,127,127,255,0,0,0,,,N,,,0,0,0,0,0,MYMM6
2025-07-08T00:00:00.000000000Z,2025-07-06T11:45:39.641444369Z,19,1,42002662,MYMM6,A,F,1.000000000,1.000000000,2026-06-18T13:30:00.000000000Z,2025-06-20T13:30:00.000000000Z,49364.000000000,43090.000000000,90.000000000,0.500000000,0.500000000,,270411,0,42002662,0,10,68,500,0,0,0,1,2147483647,2147483647,2147483647,342,2026,65535,17,USD,,,YM,XCBT,MYM,FFIXSX,FUT,IPNT,,,,F,255,255,255,5,6,255,255,N,127,127,255,0,0,0,,,N,,,0,0,0,0,0,MYMM6
2025-07-09T00:00:00.000000000Z,2025-07-06T11:45:39.641444369Z,19,1,42002662,MYMM6,A,F,1.000000000,1.000000000,2026-06-18T13:30:00.000000000Z,2025-06-20T13:30:00.000000000Z,49364.000000000,43090.000000000,90.000000000,0.500000000,0.500000000,,270411,0,42002662,0,10,68,500,0,0,0,1,2147483647,2147483647,2147483647,342,2026,65535,17,USD,,,YM,XCBT,MYM,FFIXSX,FUT,IPNT,,,,F,255,255,255,5,6,255,255,N,127,127,255,0,0,0,,,N,,,0,0,0,0,0,MYMM6
2025-07-10T00:00:00.000000000Z,2025-07-06T11:45:39.641444369Z,19,1,42002662,MYMM6,A,F,1.000000000,1.000000000,2026-06-18T13:30:00.000000000Z,2025-06-20T13:30:00.000000000Z,49364.000000000,43090.000000000,90.000000000,0.500000000,0.500000000,,270411,0,42002662,0,10,68,500,0,0,0,1,2147483647,2147483647,2147483647,342,2026,65535,17,USD,,,YM,XCBT,MYM,FFIXSX,FUT,IPNT,,,,F,255,255,255,5,6,255,255,N,127,127,255,0,0,0,,,N,,,0,0,0,0,0,MYMM6
2025-07-11T00:00:00.000000000Z,2025-07-06T11:45:39.641444369Z,19,1,42002662,MYMM6,A,F,1.000000000,1.000000000,2026-06-18T13:30:00.000000000Z,2025-06-20T13:30:00.000000000Z,49364.000000000,43090.000000000,90.000000000,0.500000000,0.500000000,,270411,0,42002662,0,10,68,500,0,0,0,1,2147483647,2147483647,2147483647,342,2026,65535,17,USD,,,YM,XCBT,MYM,FFIXSX,FUT,IPNT,,,,F,255,255,255,5,6,255,255,N,127,127,255,0,0,0,,,N,,,0,0,0,0,0,MYMM6
2025-07-13T11:18:49.715927991Z,2025-07-13T11:18:49.569849297Z,19,1,42002662,MYMM6,A,F,1.000000000,1.000000000,2026-06-18T13:30:00.000000000Z,2025-06-20T13:30:00.000000000Z,48835.000000000,42623.000000000,90.000000000,0.500000000,0.500000000,,270411,0,42002662,0,10,68,500,0,0,0,1,2147483647,2147483647,2147483647,342,2026,65535,17,USD,,,YM,XCBT,MYM,FFIXSX,FUT,IPNT,,,,F,255,255,255,5,6,255,255,N,127,127,255,0,0,0,,,N,,,0,0,0,0,0,MYMM6
2025-07-14T00:00:00.000000000Z,2025-07-13T11:18:49.569849297Z,19,1,42002662,MYMM6,A,F,1.000000000,1.000000000,2026-06-18T13:30:00.000000000Z,2025-06-20T13:30:00.000000000Z,48835.000000000,42623.000000000,90.000000000,0.500000000,0.500000000,,270411,0,42002662,0,10,68,500,0,0,0,1,2147483647,2147483647,2147483647,342,2026,65535,17,USD,,,YM,XCBT,MYM,FFIXSX,FUT,IPNT,,,,F,255,255,255,5,6,255,255,N,127,127,255,0,0,0,,,N,,,0,0,0,0,0,MYMM6
2025-07-15T00:00:00.000000000Z,2025-07-13T11:18:49.569849297Z,19,1,42002662,MYMM6,A,F,1.000000000,1.000000000,2026-06-18T13:30:00.000000000Z,2025-06-20T13:30:00.000000000Z,48835.000000000,42623.000000000,90.000000000,0.500000000,0.500000000,,270411,0,42002662,0,10,68,500,0,0,0,1,2147483647,2147483647,2147483647,342,2026,65535,17,USD,,,YM,XCBT,MYM,FFIXSX,FUT,IPNT,,,,F,255,255,255,5,6,255,255,N,127,127,255,0,0,0,,,N,,,0,0,0,0,0,MYMM6
2025-07-16T00:00:00.000000000Z,2025-07-13T11:18:49.569849297Z,19,1,42002662,MYMM6,A,F,1.000000000,1.000000000,2026-06-18T13:30:00.000000000Z,2025-06-20T13:30:00.000000000Z,48835.000000000,42623.000000000,90.000000000,0.500000000,0.500000000,,270411,0,42002662,0,10,68,500,0,0,0,1,2147483647,2147483647,2147483647,342,2026,65535,17,USD,,,YM,XCBT,MYM,FFIXSX,FUT,IPNT,,,,F,255,255,255,5,6,255,255,N,127,127,255,0,0,0,,,N,,,0,0,0,0,0,MYMM6
2025-07-17T00:00:00.000000000Z,2025-07-13T11:18:49.569849297Z,19,1,42002662,MYMM6,A,F,1.000000000,1.000000000,2026-06-18T13:30:00.000000000Z,2025-06-20T13:30:00.000000000Z,48835.000000000,42623.000000000,90.000000000,0.500000000,0.500000000,,270411,0,42002662,0,10,68,500,0,0,0,1,2147483647,2147483647,2147483647,342,2026,65535,17,USD,,,YM,XCBT,MYM,FFIXSX,FUT,IPNT,,,,F,255,255,255,5,6,255,255,N,127,127,255,0,0,0,,,N,,,0,0,0,0,0,MYMM6
2025-07-18T00:00:00.000000000Z,2025-07-13T11:18:49.569849297Z,19,1,42002662,MYMM6,A,F,1.000000000,1.000000000,2026-06-18T13:30:00.000000000Z,2025-06-20T13:30:00.000000000Z,48835.000000000,42623.000000000,90.000000000,0.500000000,0.500000000,,270411,0,42002662,0,10,68,500,0,0,0,1,2147483647,2147483647,2147483647,342,2026,65535,17,USD,,,YM,XCBT,MYM,FFIXSX,FUT,IPNT,,,,F,255,255,255,5,6,255,255,N,127,127,255,0,0,0,,,N,,,0,0,0,0,0,MYMM6
2025-07-20T11:05:23.896591009Z,2025-07-20T11:05:23.760919437Z,19,1,42002662,MYMM6,A,F,1.000000000,1.000000000,2026-06-18T13:30:00.000000000Z,2025-06-20T13:30:00.000000000Z,48761.000000000,42555.000000000,90.000000000,0.500000000,0.500000000,,270411,0,42002662,0,10,68,500,0,0,0,1,2147483647,2147483647,2147483647,342,2026,65535,17,USD,,,YM,XCBT,MYM,FFIXSX,FUT,IPNT,,,,F,255,255,255,5,6,255,255,N,127,127,255,0,0,0,,,N,,,0,0,0,0,0,MYMM6
2025-07-21T00:00:00.000000000Z,2025-07-20T11:05:23.760919437Z,19,1,42002662,MYMM6,A,F,1.000000000,1.000000000,2026-06-18T13:30:00.000000000Z,2025-06-20T13:30:00.000000000Z,48761.000000000,42555.000000000,90.000000000,0.500000000,0.500000000,,270411,0,42002662,0,10,68,500,0,0,0,1,2147483647,2147483647,2147483647,342,2026,65535,17,USD,,,YM,XCBT,MYM,FFIXSX,FUT,IPNT,,,,F,255,255,255,5,6,255,255,N,127,127,255,0,0,0,,,N,,,0,0,0,0,0,MYMM6
2025-07-22T00:00:00.000000000Z,2025-07-20T11:05:23.760919437Z,19,1,42002662,MYMM6,A,F,1.000000000,1.000000000,2026-06-18T13:30:00.000000000Z,2025-06-20T13:30:00.000000000Z,48761.000000000,42555.000000000,90.000000000,0.500000000,0.500000000,,270411,0,42002662,0,10,68,500,0,0,0,1,2147483647,2147483647,2147483647,342,2026,65535,17,USD,,,YM,XCBT,MYM,FFIXSX,FUT,IPNT,,,,F,255,255,255,5,6,255,255,N,127,127,255,0,0,0,,,N,,,0,0,0,0,0,MYMM6
2025-07-23T00:00:00.000000000Z,2025-07-20T11:05:23.760919437Z,19,1,42002662,MYMM6,A,F,1.000000000,1.000000000,2026-06-18T13:30:00.000000000Z,2025-06-20T13:30:00.000000000Z,48761.000000000,42555.000000000,90.000000000,0.500000000,0.500000000,,270411,0,42002662,0,10,68,500,0,0,0,1,2147483647,2147483647,2147483647,342,2026,65535,17,USD,,,YM,XCBT,MYM,FFIXSX,FUT,IPNT,,,,F,255,255,255,5,6,255,255,N,127,127,255,0,0,0,,,N,,,0,0,0,0,0,MYMM6
2025-07-24T00:00:00.000000000Z,2025-07-20T11:05:23.760919437Z,19,1,42002662,MYMM6,A,F,1.000000000,1.000000000,2026-06-18T13:30:00.000000000Z,2025-06-20T13:30:00.000000000Z,48761.000000000,42555.000000000,90.000000000,0.500000000,0.500000000,,270411,0,42002662,0,10,68,500,0,0,0,1,2147483647,2147483647,2147483647,342,2026,65535,17,USD,,,YM,XCBT,MYM,FFIXSX,FUT,IPNT,,,,F,255,255,255,5,6,255,255,N,127,127,255,0,0,0,,,N,,,0,0,0,0,0,MYMM6
2025-07-25T00:00:00.000000000Z,2025-07-20T11:05:23.760919437Z,19,1,42002662,MYMM6,A,F,1.000000000,1.000000000,2026-06-18T13:30:00.000000000Z,2025-06-20T13:30:00.000000000Z,48761.000000000,42555.000000000,90.000000000,0.500000000,0.500000000,,270411,0,42002662,0,10,68,500,0,0,0,1,2147483647,2147483647,2147483647,342,2026,65535,17,USD,,,YM,XCBT,MYM,FFIXSX,FUT,IPNT,,,,F,255,255,255,5,6,255,255,N,127,127,255,0,0,0,,,N,,,0,0,0,0,0,MYMM6
2025-07-27T11:29:19.038456341Z,2025-07-27T11:29:18.876074101Z,19,1,42002662,MYMM6,A,F,1.000000000,1.000000000,2026-06-18T13:30:00.000000000Z,2025-06-20T13:30:00.000000000Z,49356.000000000,43070.000000000,90.000000000,0.500000000,0.500000000,,270411,0,42002662,0,10,68,500,0,0,0,1,2147483647,2147483647,2147483647,342,2026,65535,17,USD,,,YM,XCBT,MYM,FFIXSX,FUT,IPNT,,,,F,255,255,255,5,6,255,255,N,127,127,255,0,0,0,,,N,,,0,0,0,0,0,MYMM6
2025-07-28T00:00:00.000000000Z,2025-07-27T11:29:18.876074101Z,19,1,42002662,MYMM6,A,F,1.000000000,1.000000000,2026-06-18T13:30:00.000000000Z,2025-06-20T13:30:00.000000000Z,49356.000000000,43070.000000000,90.000000000,0.500000000,0.500000000,,270411,0,42002662,0,10,68,500,0,0,0,1,2147483647,2147483647,2147483647,342,2026,65535,17,USD,,,YM,XCBT,MYM,FFIXSX,FUT,IPNT,,,,F,255,255,255,5,6,255,255,N,127,127,255,0,0,0,,,N,,,0,0,0,0,0,MYMM6
2025-07-29T00:00:00.000000000Z,2025-07-27T11:29:18.876074101Z,19,1,42002662,MYMM6,A,F,1.000000000,1.000000000,2026-06-18T13:30:00.000000000Z,2025-06-20T13:30:00.000000000Z,49356.000000000,43070.000000000,90.000000000,0.500000000,0.500000000,,270411,0,42002662,0,10,68,500,0,0,0,1,2147483647,2147483647,2147483647,342,2026,65535,17,USD,,,YM,XCBT,MYM,FFIXSX,FUT,IPNT,,,,F,255,255,255,5,6,255,255,N,127,127,255,0,0,0,,,N,,,0,0,0,0,0,MYMM6
2025-07-30T00:00:00.000000000Z,2025-07-27T11:29:18.876074101Z,19,1,42002662,MYMM6,A,F,1.000000000,1.000000000,2026-06-18T13:30:00.000000000Z,2025-06-20T13:30:00.000000000Z,49356.000000000,43070.000000000,90.000000000,0.500000000,0.500000000,,270411,0,42002662,0,10,68,500,0,0,0,1,2147483647,2147483647,2147483647,342,2026,65535,17,USD,,,YM,XCBT,MYM,FFIXSX,FUT,IPNT,,,,F,255,255,255,5,6,255,255,N,127,127,255,0,0,0,,,N,,,0,0,0,0,0,MYMM6
2025-07-31T00:00:00.000000000Z,2025-07-27T11:29:18.876074101Z,19,1,42002662,MYMM6,A,F,1.000000000,1.000000000,2026-06-18T13:30:00.000000000Z,2025-06-20T13:30:00.000000000Z,49356.000000000,43070.000000000,90.000000000,0.500000000,0.500000000,,270411,0,42002662,0,10,68,500,0,0,0,1,2147483647,2147483647,2147483647,342,2026,65535,17,USD,,,YM,XCBT,MYM,FFIXSX,FUT,IPNT,,,,F,255,255,255,5,6,255,255,N,127,127,255,0,0,0,,,N,,,0,0,0,0,0,MYMM6
2025-08-01T00:00:00.000000000Z,2025-07-27T11:29:18.876074101Z,19,1,42002662,MYMM6,A,F,1.000000000,1.000000000,2026-06-18T13:30:00.000000000Z,2025-06-20T13:30:00.000000000Z,49356.000000000,43070.000000000,90.000000000,0.500000000,0.500000000,,270411,0,42002662,0,10,68,500,0,0,0,1,2147483647,2147483647,2147483647,342,2026,65535,17,USD,,,YM,XCBT,MYM,FFIXSX,FUT,IPNT,,,,F,255,255,255,5,6,255,255,N,127,127,255,0,0,0,,,N,,,0,0,0,0,0,MYMM6
2025-08-03T14:06:57.045240146Z,2025-08-03T14:06:56.858849015Z,19,1,42002662,MYMM6,A,F,1.000000000,1.000000000,2026-06-18T13:30:00.000000000Z,2025-06-20T13:30:00.000000000Z,47890.000000000,41788.000000000,90.000000000,0.500000000,0.500000000,,270411,0,42002662,0,10,68,500,0,0,0,1,2147483647,2147483647,2147483647,342,2026,65535,17,USD,,,YM,XCBT,MYM,FFIXSX,FUT,IPNT,,,,F,255,255,255,5,6,255,255,N,127,127,255,0,0,0,,,N,,,0,0,0,0,0,MYMM6
2025-08-04T00:00:00.000000000Z,2025-08-03T14:06:56.858849015Z,19,1,42002662,MYMM6,A,F,1.000000000,1.000000000,2026-06-18T13:30:00.000000000Z,2025-06-20T13:30:00.000000000Z,47890.000000000,41788.000000000,90.000000000,0.500000000,0.500000000,,270411,0,42002662,0,10,68,500,0,0,0,1,2147483647,2147483647,2147483647,342,2026,65535,17,USD,,,YM,XCBT,MYM,FFIXSX,FUT,IPNT,,,,F,255,255,255,5,6,255,255,N,127,127,255,0,0,0,,,N,,,0,0,0,0,0,MYMM6
2025-08-05T00:00:00.000000000Z,2025-08-03T14:06:56.858849015Z,19,1,42002662,MYMM6,A,F,1.000000000,1.000000000,2026-06-18T13:30:00.000000000Z,2025-06-20T13:30:00.000000000Z,47890.000000000,41788.000000000,90.000000000,0.500000000,0.500000000,,270411,0,42002662,0,10,68,500,0,0,0,1,2147483647,2147483647,2147483647,342,2026,65535,17,USD,,,YM,XCBT,MYM,FFIXSX,FUT,IPNT,,,,F,255,255,255,5,6,255,255,N,127,127,255,0,0,0,,,N,,,0,0,0,0,0,MYMM6
2025-08-06T00:00:00.000000000Z,2025-08-03T14:06:56.858849015Z,19,1,42002662,MYMM6,A,F,1.000000000,1.000000000,2026-06-18T13:30:00.000000000Z,2025-06-20T13:30:00.000000000Z,47890.000000000,41788.000000000,90.000000000,0.500000000,0.500000000,,270411,0,42002662,0,10,68,500,0,0,0,1,2147483647,2147483647,2147483647,342,2026,65535,17,USD,,,YM,XCBT,MYM,FFIXSX,FUT,IPNT,,,,F,255,255,255,5,6,255,255,N,127,127,255,0,0,0,,,N,,,0,0,0,0,0,MYMM6
2025-08-07T00:00:00.000000000Z,2025-08-03T14:06:56.858849015Z,19,1,42002662,MYMM6,A,F,1.000000000,1.000000000,2026-06-18T13:30:00.000000000Z,2025-06-20T13:30:00.000000000Z,47890.000000000,41788.000000000,90.000000000,0.500000000,0.500000000,,270411,0,42002662,0,10,68,500,0,0,0,1,2147483647,2147483647,2147483647,342,2026,65535,17,USD,,,YM,XCBT,MYM,FFIXSX,FUT,IPNT,,,,F,255,255,255,5,6,255,255,N,127,127,255,0,0,0,,,N,,,0,0,0,0,0,MYMM6
2025-08-08T00:00:00.000000000Z,2025-08-03T14:06:56.858849015Z,19,1,42002662,MYMM6,A,F,1.000000000,1.000000000,2026-06-18T13:30:00.000000000Z,2025-06-20T13:30:00.000000000Z,47890.000000000,41788.000000000,90.000000000,0.500000000,0.500000000,,270411,0,42002662,0,10,68,500,0,0,0,1,2147483647,2147483647,2147483647,342,2026,65535,17,USD,,,YM,XCBT,MYM,FFIXSX,FUT,IPNT,,,,F,255,255,255,5,6,255,255,N,127,127,255,0,0,0,,,N,,,0,0,0,0,0,MYMM6
2025-08-10T11:05:24.669441138Z,2025-08-10T11:05:24.468232757Z,19,1,42002662,MYMM6,A,F,1.000000000,1.000000000,2026-06-18T13:30:00.000000000Z,2025-06-20T13:30:00.000000000Z,48500.000000000,42316.000000000,90.000000000,0.500000000,0.500000000,,270411,0,42002662,0,10,68,500,0,0,0,1,2147483647,2147483647,2147483647,342,2026,65535,17,USD,,,YM,XCBT,MYM,FFIXSX,FUT,IPNT,,,,F,255,255,255,5,6,255,255,N,127,127,255,0,0,0,,,N,,,0,0,0,0,0,MYMM6
2025-08-11T00:00:00.000000000Z,2025-08-10T11:05:24.468232757Z,19,1,42002662,MYMM6,A,F,1.000000000,1.000000000,2026-06-18T13:30:00.000000000Z,2025-06-20T13:30:00.000000000Z,48500.000000000,42316.000000000,90.000000000,0.500000000,0.500000000,,270411,0,42002662,0,10,68,500,0,0,0,1,2147483647,2147483647,2147483647,342,2026,65535,17,USD,,,YM,XCBT,MYM,FFIXSX,FUT,IPNT,,,,F,255,255,255,5,6,255,255,N,127,127,255,0,0,0,,,N,,,0,0,0,0,0,MYMM6
2025-08-12T00:00:00.000000000Z,2025-08-10T11:05:24.468232757Z,19,1,42002662,MYMM6,A,F,1.000000000,1.000000000,2026-06-18T13:30:00.000000000Z,2025-06-20T13:30:00.000000000Z,48500.000000000,42316.000000000,90.000000000,0.500000000,0.500000000,,270411,0,42002662,0,10,68,500,0,0,0,1,2147483647,2147483647,2147483647,342,2026,65535,17,USD,,,YM,XCBT,MYM,FFIXSX,FUT,IPNT,,,,F,255,255,255,5,6,255,255,N,127,127,255,0,0,0,,,N,,,0,0,0,0,0,MYMM6
2025-08-13T00:00:00.000000000Z,2025-08-10T11:05:24.468232757Z,19,1,42002662,MYMM6,A,F,1.000000000,1.000000000,2026-06-18T13:30:00.000000000Z,2025-06-20T13:30:00.000000000Z,48500.000000000,42316.000000000,90.000000000,0.500000000,0.500000000,,270411,0,42002662,0,10,68,500,0,0,0,1,2147483647,2147483647,2147483647,342,2026,65535,17,USD,,,YM,XCBT,MYM,FFIXSX,FUT,IPNT,,,,F,255,255,255,5,6,255,255,N,127,127,255,0,0,0,,,N,,,0,0,0,0,0,MYMM6
2025-08-14T00:00:00.000000000Z,2025-08-10T11:05:24.468232757Z,19,1,42002662,MYMM6,A,F,1.000000000,1.000000000,2026-06-18T13:30:00.000000000Z,2025-06-20T13:30:00.000000000Z,48500.000000000,42316.000000000,90.000000000,0.500000000,0.500000000,,270411,0,42002662,0,10,68,500,0,0,0,1,2147483647,2147483647,2147483647,342,2026,65535,17,USD,,,YM,XCBT,MYM,FFIXSX,FUT,IPNT,,,,F,255,255,255,5,6,255,255,N,127,127,255,0,0,0,,,N,,,0,0,0,0,0,MYMM6
2025-08-15T00:00:00.000000000Z,2025-08-10T11:05:24.468232757Z,19,1,42002662,MYMM6,A,F,1.000000000,1.000000000,2026-06-18T13:30:00.000000000Z,2025-06-20T13:30:00.000000000Z,48500.000000000,42316.000000000,90.000000000,0.500000000,0.500000000,,270411,0,42002662,0,10,68,500,0,0,0,1,2147483647,2147483647,2147483647,342,2026,65535,17,USD,,,YM,XCBT,MYM,FFIXSX,FUT,IPNT,,,,F,255,255,255,5,6,255,255,N,127,127,255,0,0,0,,,N,,,0,0,0,0,0,MYMM6
2025-08-17T11:45:30.413729089Z,2025-08-17T11:45:30.259099873Z,19,1,42002662,MYMM6,A,F,1.000000000,1.000000000,2026-06-18T13:30:00.000000000Z,2025-06-20T13:30:00.000000000Z,49295.000000000,43003.000000000,90.000000000,0.500000000,0.500000000,,270411,0,42002662,0,10,68,500,0,0,0,1,2147483647,2147483647,2147483647,342,2026,65535,17,USD,,,YM,XCBT,MYM,FFIXSX,FUT,IPNT,,,,F,255,255,255,5,6,255,255,N,127,127,255,0,0,0,,,N,,,0,0,0,0,0,MYMM6
2025-08-18T00:00:00.000000000Z,2025-08-17T11:45:30.259099873Z,19,1,42002662,MYMM6,A,F,1.000000000,1.000000000,2026-06-18T13:30:00.000000000Z,2025-06-20T13:30:00.000000000Z,49295.000000000,43003.000000000,90.000000000,0.500000000,0.500000000,,270411,0,42002662,0,10,68,500,0,0,0,1,2147483647,2147483647,2147483647,342,2026,65535,17,USD,,,YM,XCBT,MYM,FFIXSX,FUT,IPNT,,,,F,255,255,255,5,6,255,255,N,127,127,255,0,0,0,,,N,,,0,0,0,0,0,MYMM6
2025-08-19T00:00:00.000000000Z,2025-08-17T11:45:30.259099873Z,19,1,42002662,MYMM6,A,F,1.000000000,1.000000000,2026-06-18T13:30:00.000000000Z,2025-06-20T13:30:00.000000000Z,49295.000000000,43003.000000000,90.000000000,0.500000000,0.500000000,,270411,0,42002662,0,10,68,500,0,0,0,1,2147483647,2147483647,2147483647,342,2026,65535,17,USD,,,YM,XCBT,MYM,FFIXSX,FUT,IPNT,,,,F,255,255,255,5,6,255,255,N,127,127,255,0,0,0,,,N,,,0,0,0,0,0,MYMM6
2025-08-20T00:00:00.000000000Z,2025-08-17T11:45:30.259099873Z,19,1,42002662,MYMM6,A,F,1.000000000,1.000000000,2026-06-18T13:30:00.000000000Z,2025-06-20T13:30:00.000000000Z,49295.000000000,43003.000000000,90.000000000,0.500000000,0.500000000,,270411,0,42002662,0,10,68,500,0,0,0,1,2147483647,2147483647,2147483647,342,2026,65535,17,USD,,,YM,XCBT,MYM,FFIXSX,FUT,IPNT,,,,F,255,255,255,5,6,255,255,N,127,127,255,0,0,0,,,N,,,0,0,0,0,0,MYMM6
2025-08-21T00:00:00.000000000Z,2025-08-17T11:45:30.259099873Z,19,1,42002662,MYMM6,A,F,1.000000000,1.000000000,2026-06-18T13:30:00.000000000Z,2025-06-20T13:30:00.000000000Z,49295.000000000,43003.000000000,90.000000000,0.500000000,0.500000000,,270411,0,42002662,0,10,68,500,0,0,0,1,2147483647,2147483647,2147483647,342,2026,65535,17,USD,,,YM,XCBT,MYM,FFIXSX,FUT,IPNT,,,,F,255,255,255,5,6,255,255,N,127,127,255,0,0,0,,,N,,,0,0,0,0,0,MYMM6
2025-08-22T00:00:00.000000000Z,2025-08-17T11:45:30.259099873Z,19,1,42002662,MYMM6,A,F,1.000000000,1.000000000,2026-06-18T13:30:00.000000000Z,2025-06-20T13:30:00.000000000Z,49295.000000000,43003.000000000,90.000000000,0.500000000,0.500000000,,270411,0,42002662,0,10,68,500,0,0,0,1,2147483647,2147483647,2147483647,342,2026,65535,17,USD,,,YM,XCBT,MYM,FFIXSX,FUT,IPNT,,,,F,255,255,255,5,6,255,255,N,127,127,255,0,0,0,,,N,,,0,0,0,0,0,MYMM6
2025-08-24T11:52:56.513935645Z,2025-08-24T11:52:56.352509497Z,19,1,42002662,MYMM6,A,F,1.000000000,1.000000000,2026-06-18T13:30:00.000000000Z,2025-06-20T13:30:00.000000000Z,50018.000000000,43630.000000000,90.000000000,0.500000000,0.500000000,,270411,0,42002662,0,10,68,500,0,0,0,1,2147483647,2147483647,2147483647,342,2026,65535,17,USD,,,YM,XCBT,MYM,FFIXSX,FUT,IPNT,,,,F,255,255,255,5,6,255,255,N,127,127,255,0,0,0,,,N,,,0,0,0,0,0,MYMM6
2025-08-25T00:00:00.000000000Z,2025-08-24T11:52:56.352509497Z,19,1,42002662,MYMM6,A,F,1.000000000,1.000000000,2026-06-18T13:30:00.000000000Z,2025-06-20T13:30:00.000000000Z,50018.000000000,43630.000000000,90.000000000,0.500000000,0.500000000,,270411,0,42002662,0,10,68,500,0,0,0,1,2147483647,2147483647,2147483647,342,2026,65535,17,USD,,,YM,XCBT,MYM,FFIXSX,FUT,IPNT,,,,F,255,255,255,5,6,255,255,N,127,127,255,0,0,0,,,N,,,0,0,0,0,0,MYMM6
2025-08-26T00:00:00.000000000Z,2025-08-24T11:52:56.352509497Z,19,1,42002662,MYMM6,A,F,1.000000000,1.000000000,2026-06-18T13:30:00.000000000Z,2025-06-20T13:30:00.000000000Z,50018.000000000,43630.000000000,90.000000000,0.500000000,0.500000000,,270411,0,42002662,0,10,68,500,0,0,0,1,2147483647,2147483647,2147483647,342,2026,65535,17,USD,,,YM,XCBT,MYM,FFIXSX,FUT,IPNT,,,,F,255,255,255,5,6,255,255,N,127,127,255,0,0,0,,,N,,,0,0,0,0,0,MYMM6
2025-08-27T00:00:00.000000000Z,2025-08-24T11:52:56.352509497Z,19,1,42002662,MYMM6,A,F,1.000000000,1.000000000,2026-06-18T13:30:00.000000000Z,2025-06-20T13:30:00.000000000Z,50018.000000000,43630.000000000,90.000000000,0.500000000,0.500000000,,270411,0,42002662,0,10,68,500,0,0,0,1,2147483647,2147483647,2147483647,342,2026,65535,17,USD,,,YM,XCBT,MYM,FFIXSX,FUT,IPNT,,,,F,255,255,255,5,6,255,255,N,127,127,255,0,0,0,,,N,,,0,0,0,0,0,MYMM6
2025-08-28T00:00:00.000000000Z,2025-08-24T11:52:56.352509497Z,19,1,42002662,MYMM6,A,F,1.000000000,1.000000000,2026-06-18T13:30:00.000000000Z,2025-06-20T13:30:00.000000000Z,50018.000000000,43630.000000000,90.000000000,0.500000000,0.500000000,,270411,0,42002662,0,10,68,500,0,0,0,1,2147483647,2147483647,2147483647,342,2026,65535,17,USD,,,YM,XCBT,MYM,FFIXSX,FUT,IPNT,,,,F,255,255,255,5,6,255,255,N,127,127,255,0,0,0,,,N,,,0,0,0,0,0,MYMM6
2025-08-29T00:00:00.000000000Z,2025-08-24T11:52:56.352509497Z,19,1,42002662,MYMM6,A,F,1.000000000,1.000000000,2026-06-18T13:30:00.000000000Z,2025-06-20T13:30:00.000000000Z,50018.000000000,43630.000000000,90.000000000,0.500000000,0.500000000,,270411,0,42002662,0,10,68,500,0,0,0,1,2147483647,2147483647,2147483647,342,2026,65535,17,USD,,,YM,XCBT,MYM,FFIXSX,FUT,IPNT,,,,F,255,255,255,5,6,255,255,N,127,127,255,0,0,0,,,N,,,0,0,0,0,0,MYMM6
2025-08-31T11:04:37.886472885Z,2025-08-31T11:04:37.686903177Z,19,1,42002662,MYMM6,A,F,1.000000000,1.000000000,2026-06-18T13:30:00.000000000Z,2025-06-20T13:30:00.000000000Z,49898.000000000,43522.000000000,90.000000000,0.500000000,0.500000000,,270411,0,42002662,0,10,68,500,0,0,0,1,2147483647,2147483647,2147483647,342,2026,65535,17,USD,,,YM,XCBT,MYM,FFIXSX,FUT,IPNT,,,,F,255,255,255,5,6,255,255,N,127,127,255,0,0,0,,,N,,,0,0,0,0,0,MYMM6
2025-09-01T00:00:00.000000000Z,2025-08-31T11:04:37.686903177Z,19,1,42002662,MYMM6,A,F,1.000000000,1.000000000,2026-06-18T13:30:00.000000000Z,2025-06-20T13:30:00.000000000Z,49898.000000000,43522.000000000,90.000000000,0.500000000,0.500000000,,270411,0,42002662,0,10,68,500,0,0,0,1,2147483647,2147483647,2147483647,342,2026,65535,17,USD,,,YM,XCBT,MYM,FFIXSX,FUT,IPNT,,,,F,255,255,255,5,6,255,255,N,127,127,255,0,0,0,,,N,,,0,0,0,0,0,MYMM6
2025-09-02T00:00:00.000000000Z,2025-08-31T11:04:37.686903177Z,19,1,42002662,MYMM6,A,F,1.000000000,1.000000000,2026-06-18T13:30:00.000000000Z,2025-06-20T13:30:00.000000000Z,49898.000000000,43522.000000000,90.000000000,0.500000000,0.500000000,,270411,0,42002662,0,10,68,500,0,0,0,1,2147483647,2147483647,2147483647,342,2026,65535,17,USD,,,YM,XCBT,MYM,FFIXSX,FUT,IPNT,,,,F,255,255,255,5,6,255,255,N,127,127,255,0,0,0,,,N,,,0,0,0,0,0,MYMM6
2025-09-03T00:00:00.000000000Z,2025-08-31T11:04:37.686903177Z,19,1,42002662,MYMM6,A,F,1.000000000,1.000000000,2026-06-18T13:30:00.000000000Z,2025-06-20T13:30:00.000000000Z,49898.000000000,43522.000000000,90.000000000,0.500000000,0.500000000,,270411,0,42002662,0,10,68,500,0,0,0,1,2147483647,2147483647,2147483647,342,2026,65535,17,USD,,,YM,XCBT,MYM,FFIXSX,FUT,IPNT,,,,F,255,255,255,5,6,255,255,N,127,127,255,0,0,0,,,N,,,0,0,0,0,0,MYMM6
2025-09-04T00:00:00.000000000Z,2025-08-31T11:04:37.686903177Z,19,1,42002662,MYMM6,A,F,1.000000000,1.000000000,2026-06-18T13:30:00.000000000Z,2025-06-20T13:30:00.000000000Z,49898.000000000,43522.000000000,90.000000000,0.500000000,0.500000000,,270411,0,42002662,0,10,68,500,0,0,0,1,2147483647,2147483647,2147483647,342,2026,65535,17,USD,,,YM,XCBT,MYM,FFIXSX,FUT,IPNT,,,,F,255,255,255,5,6,255,255,N,127,127,255,0,0,0,,,N,,,0,0,0,0,0,MYMM6
2025-09-05T00:00:00.000000000Z,2025-08-31T11:04:37.686903177Z,19,1,42002662,MYMM6,A,F,1.000000000,1.000000000,2026-06-18T13:30:00.000000000Z,2025-06-20T13:30:00.000000000Z,49898.000000000,43522.000000000,90.000000000,0.500000000,0.500000000,,270411,0,42002662,0,10,68,500,0,0,0,1,2147483647,2147483647,2147483647,342,2026,65535,17,USD,,,YM,XCBT,MYM,FFIXSX,FUT,IPNT,,,,F,255,255,255,5,6,255,255,N,127,127,255,0,0,0,,,N,,,0,0,0,0,0,MYMM6
2025-09-07T11:24:45.793817249Z,2025-09-07T11:24:45.631453999Z,19,1,42002662,MYMM6,A,F,1.000000000,1.000000000,2026-06-18T13:30:00.000000000Z,2025-06-20T13:30:00.000000000Z,49745.000000000,43389.000000000,90.000000000,0.500000000,0.500000000,,270411,0,42002662,0,10,68,500,0,0,0,1,2147483647,2147483647,2147483647,342,2026,65535,17,USD,,,YM,XCBT,MYM,FFIXSX,FUT,IPNT,,,,F,255,255,255,5,6,255,255,N,127,127,255,0,0,0,,,N,,,0,0,0,0,0,MYMM6
2025-09-08T00:00:00.000000000Z,2025-09-07T11:24:45.631453999Z,19,1,42002662,MYMM6,A,F,1.000000000,1.000000000,2026-06-18T13:30:00.000000000Z,2025-06-20T13:30:00.000000000Z,49745.000000000,43389.000000000,90.000000000,0.500000000,0.500000000,,270411,0,42002662,0,10,68,500,0,0,0,1,2147483647,2147483647,2147483647,342,2026,65535,17,USD,,,YM,XCBT,MYM,FFIXSX,FUT,IPNT,,,,F,255,255,255,5,6,255,255,N,127,127,255,0,0,0,,,N,,,0,0,0,0,0,MYMM6
2025-09-09T00:00:00.000000000Z,2025-09-07T11:24:45.631453999Z,19,1,42002662,MYMM6,A,F,1.000000000,1.000000000,2026-06-18T13:30:00.000000000Z,2025-06-20T13:30:00.000000000Z,49745.000000000,43389.000000000,90.000000000,0.500000000,0.500000000,,270411,0,42002662,0,10,68,500,0,0,0,1,2147483647,2147483647,2147483647,342,2026,65535,17,USD,,,YM,XCBT,MYM,FFIXSX,FUT,IPNT,,,,F,255,255,255,5,6,255,255,N,127,127,255,0,0,0,,,N,,,0,0,0,0,0,MYMM6
2025-09-10T00:00:00.000000000Z,2025-09-07T11:24:45.631453999Z,19,1,42002662,MYMM6,A,F,1.000000000,1.000000000,2026-06-18T13:30:00.000000000Z,2025-06-20T13:30:00.000000000Z,49745.000000000,43389.000000000,90.000000000,0.500000000,0.500000000,,270411,0,42002662,0,10,68,500,0,0,0,1,2147483647,2147483647,2147483647,342,2026,65535,17,USD,,,YM,XCBT,MYM,FFIXSX,FUT,IPNT,,,,F,255,255,255,5,6,255,255,N,127,127,255,0,0,0,,,N,,,0,0,0,0,0,MYMM6
2025-09-11T00:00:00.000000000Z,2025-09-07T11:24:45.631453999Z,19,1,42002662,MYMM6,A,F,1.000000000,1.000000000,2026-06-18T13:30:00.000000000Z,2025-06-20T13:30:00.000000000Z,49745.000000000,43389.000000000,90.000000000,0.500000000,0.500000000,,270411,0,42002662,0,10,68,500,0,0,0,1,2147483647,2147483647,2147483647,342,2026,65535,17,USD,,,YM,XCBT,MYM,FFIXSX,FUT,IPNT,,,,F,255,255,255,5,6,255,255,N,127,127,255,0,0,0,,,N,,,0,0,0,0,0,MYMM6
2025-09-12T00:00:00.000000000Z,2025-09-07T11:24:45.631453999Z,19,1,42002662,MYMM6,A,F,1.000000000,1.000000000,2026-06-18T13:30:00.000000000Z,2025-06-20T13:30:00.000000000Z,49745.000000000,43389.000000000,90.000000000,0.500000000,0.500000000,,270411,0,42002662,0,10,68,500,0,0,0,1,2147483647,2147483647,2147483647,342,2026,65535,17,USD,,,YM,XCBT,MYM,FFIXSX,FUT,IPNT,,,,F,255,255,255,5,6,255,255,N,127,127,255,0,0,0,,,N,,,0,0,0,0,0,MYMM6
2025-09-14T11:10:44.144204209Z,2025-09-14T11:10:43.940582757Z,19,1,42002662,MYMM6,A,F,1.000000000,1.000000000,2026-06-18T13:30:00.000000000Z,2025-06-20T13:30:00.000000000Z,50171.000000000,43755.000000000,90.000000000,0.500000000,0.500000000,,270411,0,42002662,0,10,68,500,0,0,0,1,2147483647,2147483647,2147483647,342,2026,65535,17,USD,,,YM,XCBT,MYM,FFIXSX,FUT,IPNT,,,,F,255,255,255,5,6,255,255,N,127,127,255,0,0,0,,,N,,,0,0,0,0,0,MYMM6
2025-09-15T00:00:00.000000000Z,2025-09-14T11:10:43.940582757Z,19,1,42002662,MYMM6,A,F,1.000000000,1.000000000,2026-06-18T13:30:00.000000000Z,2025-06-20T13:30:00.000000000Z,50171.000000000,43755.000000000,90.000000000,0.500000000,0.500000000,,270411,0,42002662,0,10,68,500,0,0,0,1,2147483647,2147483647,2147483647,342,2026,65535,17,USD,,,YM,XCBT,MYM,FFIXSX,FUT,IPNT,,,,F,255,255,255,5,6,255,255,N,127,127,255,0,0,0,,,N,,,0,0,0,0,0,MYMM6
2025-09-16T00:00:00.000000000Z,2025-09-14T11:10:43.940582757Z,19,1,42002662,MYMM6,A,F,1.000000000,1.000000000,2026-06-18T13:30:00.000000000Z,2025-06-20T13:30:00.000000000Z,50171.000000000,43755.000000000,90.000000000,0.500000000,0.500000000,,270411,0,42002662,0,10,68,500,0,0,0,1,2147483647,2147483647,2147483647,342,2026,65535,17,USD,,,YM,XCBT,MYM,FFIXSX,FUT,IPNT,,,,F,255,255,255,5,6,255,255,N,127,127,255,0,0,0,,,N,,,0,0,0,0,0,MYMM6
2025-09-17T00:00:00.000000000Z,2025-09-14T11:10:43.940582757Z,19,1,42002662,MYMM6,A,F,1.000000000,1.000000000,2026-06-18T13:30:00.000000000Z,2025-06-20T13:30:00.000000000Z,50171.000000000,43755.000000000,90.000000000,0.500000000,0.500000000,,270411,0,42002662,0,10,68,500,0,0,0,1,2147483647,2147483647,2147483647,342,2026,65535,17,USD,,,YM,XCBT,MYM,FFIXSX,FUT,IPNT,,,,F,255,255,255,5,6,255,255,N,127,127,255,0,0,0,,,N,,,0,0,0,0,0,MYMM6
2025-09-18T00:00:00.000000000Z,2025-09-14T11:10:43.940582757Z,19,1,42002662,MYMM6,A,F,1.000000000,1.000000000,2026-06-18T13:30:00.000000000Z,2025-06-20T13:30:00.000000000Z,50171.000000000,43755.000000000,90.000000000,0.500000000,0.500000000,,270411,0,42002662,0,10,68,500,0,0,0,1,2147483647,2147483647,2147483647,342,2026,65535,17,USD,,,YM,XCBT,MYM,FFIXSX,FUT,IPNT,,,,F,255,255,255,5,6,255,255,N,127,127,255,0,0,0,,,N,,,0,0,0,0,0,MYMM6
2025-09-19T00:00:00.000000000Z,2025-09-14T11:10:43.940582757Z,19,1,42002662,MYMM6,A,F,1.000000000,1.000000000,2026-06-18T13:30:00.000000000Z,2025-06-20T13:30:00.000000000Z,50171.000000000,43755.000000000,90.000000000,0.500000000,0.500000000,,270411,0,42002662,0,10,68,500,0,0,0,1,2147483647,2147483647,2147483647,342,2026,65535,17,USD,,,YM,XCBT,MYM,FFIXSX,FUT,IPNT,,,,F,255,255,255,5,6,255,255,N,127,127,255,0,0,0,,,N,,,0,0,0,0,0,MYMM6
2025-09-21T11:14:47.332552116Z,2025-09-21T11:14:47.136970773Z,19,1,42002662,MYMM6,A,F,1.000000000,1.000000000,2026-06-18T13:30:00.000000000Z,2025-06-20T13:30:00.000000000Z,50678.000000000,44194.000000000,90.000000000,0.500000000,0.500000000,,270411,0,42002662,0,10,68,500,0,0,0,1,2147483647,2147483647,2147483647,342,2026,65535,17,USD,,,YM,XCBT,MYM,FFIXSX,FUT,IPNT,,,,F,255,255,255,5,6,255,255,N,127,127,255,0,0,0,,,N,,,0,0,0,0,0,MYMM6
2025-09-22T00:00:00.000000000Z,2025-09-21T11:14:47.136970773Z,19,1,42002662,MYMM6,A,F,1.000000000,1.000000000,2026-06-18T13:30:00.000000000Z,2025-06-20T13:30:00.000000000Z,50678.000000000,44194.000000000,90.000000000,0.500000000,0.500000000,,270411,0,42002662,0,10,68,500,0,0,0,1,2147483647,2147483647,2147483647,342,2026,65535,17,USD,,,YM,XCBT,MYM,FFIXSX,FUT,IPNT,,,,F,255,255,255,5,6,255,255,N,127,127,255,0,0,0,,,N,,,0,0,0,0,0,MYMM6
2025-09-23T00:00:00.000000000Z,2025-09-21T11:14:47.136970773Z,19,1,42002662,MYMM6,A,F,1.000000000,1.000000000,2026-06-18T13:30:00.000000000Z,2025-06-20T13:30:00.000000000Z,50678.000000000,44194.000000000,90.000000000,0.500000000,0.500000000,,270411,0,42002662,0,10,68,500,0,0,0,1,2147483647,2147483647,2147483647,342,2026,65535,17,USD,,,YM,XCBT,MYM,FFIXSX,FUT,IPNT,,,,F,255,255,255,5,6,255,255,N,127,127,255,0,0,0,,,N,,,0,0,0,0,0,MYMM6
2025-09-24T00:00:00.000000000Z,2025-09-21T11:14:47.136970773Z,19,1,42002662,MYMM6,A,F,1.000000000,1.000000000,2026-06-18T13:30:00.000000000Z,2025-06-20T13:30:00.000000000Z,50678.000000000,44194.000000000,90.000000000,0.500000000,0.500000000,,270411,0,42002662,0,10,68,500,0,0,0,1,2147483647,2147483647,2147483647,342,2026,65535,17,USD,,,YM,XCBT,MYM,FFIXSX,FUT,IPNT,,,,F,255,255,255,5,6,255,255,N,127,127,255,0,0,0,,,N,,,0,0,0,0,0,MYMM6
2025-09-25T00:00:00.000000000Z,2025-09-21T11:14:47.136970773Z,19,1,42002662,MYMM6,A,F,1.000000000,1.000000000,2026-06-18T13:30:00.000000000Z,2025-06-20T13:30:00.000000000Z,50678.000000000,44194.000000000,90.000000000,0.500000000,0.500000000,,270411,0,42002662,0,10,68,500,0,0,0,1,2147483647,2147483647,2147483647,342,2026,65535,17,USD,,,YM,XCBT,MYM,FFIXSX,FUT,IPNT,,,,F,255,255,255,5,6,255,255,N,127,127,255,0,0,0,,,N,,,0,0,0,0,0,MYMM6
2025-09-26T00:00:00.000000000Z,2025-09-21T11:14:47.136970773Z,19,1,42002662,MYMM6,A,F,1.000000000,1.000000000,2026-06-18T13:30:00.000000000Z,2025-06-20T13:30:00.000000000Z,50678.000000000,44194.000000000,90.000000000,0.500000000,0.500000000,,270411,0,42002662,0,10,68,500,0,0,0,1,2147483647,2147483647,2147483647,342,2026,65535,17,USD,,,YM,XCBT,MYM,FFIXSX,FUT,IPNT,,,,F,255,255,255,5,6,255,255,N,127,127,255,0,0,0,,,N,,,0,0,0,0,0,MYMM6
2025-09-28T11:28:08.301077730Z,2025-09-28T11:28:08.133023523Z,19,1,42002662,MYMM6,A,F,1.000000000,1.000000000,2026-06-18T13:30:00.000000000Z,2025-06-20T13:30:00.000000000Z,50545.000000000,44071.000000000,90.000000000,0.500000000,0.500000000,,270411,0,42002662,0,10,68,500,0,0,0,1,2147483647,2147483647,2147483647,342,2026,65535,17,USD,,,YM,XCBT,MYM,FFIXSX,FUT,IPNT,,,,F,255,255,255,5,6,255,255,N,127,127,255,0,0,0,,,N,,,0,0,0,0,0,MYMM6
2025-09-29T00:00:00.000000000Z,2025-09-28T11:28:08.133023523Z,19,1,42002662,MYMM6,A,F,1.000000000,1.000000000,2026-06-18T13:30:00.000000000Z,2025-06-20T13:30:00.000000000Z,50545.000000000,44071.000000000,90.000000000,0.500000000,0.500000000,,270411,0,42002662,0,10,68,500,0,0,0,1,2147483647,2147483647,2147483647,342,2026,65535,17,USD,,,YM,XCBT,MYM,FFIXSX,FUT,IPNT,,,,F,255,255,255,5,6,255,255,N,127,127,255,0,0,0,,,N,,,0,0,0,0,0,MYMM6
2025-09-30T00:00:00.000000000Z,2025-09-28T11:28:08.133023523Z,19,1,42002662,MYMM6,A,F,1.000000000,1.000000000,2026-06-18T13:30:00.000000000Z,2025-06-20T13:30:00.000000000Z,50545.000000000,44071.000000000,90.000000000,0.500000000,0.500000000,,270411,0,42002662,0,10,68,500,0,0,0,1,2147483647,2147483647,2147483647,342,2026,65535,17,USD,,,YM,XCBT,MYM,FFIXSX,FUT,IPNT,,,,F,255,255,255,5,6,255,255,N,127,127,255,0,0,0,,,N,,,0,0,0,0,0,MYMM6
2025-10-01T00:00:00.000000000Z,2025-09-28T11:28:08.133023523Z,19,1,42002662,MYMM6,A,F,1.000000000,1.000000000,2026-06-18T13:30:00.000000000Z,2025-06-20T13:30:00.000000000Z,50545.000000000,44071.000000000,90.000000000,0.500000000,0.500000000,,270411,0,42002662,0,10,68,500,0,0,0,1,2147483647,2147483647,2147483647,342,2026,65535,17,USD,,,YM,XCBT,MYM,FFIXSX,FUT,IPNT,,,,F,255,255,255,5,6,255,255,N,127,127,255,0,0,0,,,N,,,0,0,0,0,0,MYMM6
2025-10-02T00:00:00.000000000Z,2025-09-28T11:28:08.133023523Z,19,1,42002662,MYMM6,A,F,1.000000000,1.000000000,2026-06-18T13:30:00.000000000Z,2025-06-20T13:30:00.000000000Z,50545.000000000,44071.000000000,90.000000000,0.500000000,0.500000000,,270411,0,42002662,0,10,68,500,0,0,0,1,2147483647,2147483647,2147483647,342,2026,65535,17,USD,,,YM,XCBT,MYM,FFIXSX,FUT,IPNT,,,,F,255,255,255,5,6,255,255,N,127,127,255,0,0,0,,,N,,,0,0,0,0,0,MYMM6
2025-10-03T00:00:00.000000000Z,2025-09-28T11:28:08.133023523Z,19,1,42002662,MYMM6,A,F,1.000000000,1.000000000,2026-06-18T13:30:00.000000000Z,2025-06-20T13:30:00.000000000Z,50545.000000000,44071.000000000,90.000000000,0.500000000,0.500000000,,270411,0,42002662,0,10,68,500,0,0,0,1,2147483647,2147483647,2147483647,342,2026,65535,17,USD,,,YM,XCBT,MYM,FFIXSX,FUT,IPNT,,,,F,255,255,255,5,6,255,255,N,127,127,255,0,0,0,,,N,,,0,0,0,0,0,MYMM6
2025-10-05T11:10:44.889437704Z,2025-10-05T11:10:44.691296025Z,19,1,42002662,MYMM6,A,F,1.000000000,1.000000000,2026-06-18T13:30:00.000000000Z,2025-06-20T13:30:00.000000000Z,51065.000000000,44519.000000000,90.000000000,0.500000000,0.500000000,,270411,0,42002662,0,10,68,500,0,0,0,1,2147483647,2147483647,2147483647,342,2026,65535,17,USD,,,YM,XCBT,MYM,FFIXSX,FUT,IPNT,,,,F,255,255,255,5,6,255,255,N,127,127,255,0,0,0,,,N,,,0,0,0,0,0,MYMM6
2025-10-06T00:00:00.000000000Z,2025-10-05T11:10:44.691296025Z,19,1,42002662,MYMM6,A,F,1.000000000,1.000000000,2026-06-18T13:30:00.000000000Z,2025-06-20T13:30:00.000000000Z,51065.000000000,44519.000000000,90.000000000,0.500000000,0.500000000,,270411,0,42002662,0,10,68,500,0,0,0,1,2147483647,2147483647,2147483647,342,2026,65535,17,USD,,,YM,XCBT,MYM,FFIXSX,FUT,IPNT,,,,F,255,255,255,5,6,255,255,N,127,127,255,0,0,0,,,N,,,0,0,0,0,0,MYMM6
2025-10-07T00:00:00.000000000Z,2025-10-05T11:10:44.691296025Z,19,1,42002662,MYMM6,A,F,1.000000000,1.000000000,2026-06-18T13:30:00.000000000Z,2025-06-20T13:30:00.000000000Z,51065.000000000,44519.000000000,90.000000000,0.500000000,0.500000000,,270411,0,42002662,0,10,68,500,0,0,0,1,2147483647,2147483647,2147483647,342,2026,65535,17,USD,,,YM,XCBT,MYM,FFIXSX,FUT,IPNT,,,,F,255,255,255,5,6,255,255,N,127,127,255,0,0,0,,,N,,,0,0,0,0,0,MYMM6
2025-10-08T00:00:00.000000000Z,2025-10-05T11:10:44.691296025Z,19,1,42002662,MYMM6,A,F,1.000000000,1.000000000,2026-06-18T13:30:00.000000000Z,2025-06-20T13:30:00.000000000Z,51065.000000000,44519.000000000,90.000000000,0.500000000,0.500000000,,270411,0,42002662,0,10,68,500,0,0,0,1,2147483647,2147483647,2147483647,342,2026,65535,17,USD,,,YM,XCBT,MYM,FFIXSX,FUT,IPNT,,,,F,255,255,255,5,6,255,255,N,127,127,255,0,0,0,,,N,,,0,0,0,0,0,MYMM6
2025-10-09T00:00:00.000000000Z,2025-10-05T11:10:44.691296025Z,19,1,42002662,MYMM6,A,F,1.000000000,1.000000000,2026-06-18T13:30:00.000000000Z,2025-06-20T13:30:00.000000000Z,51065.000000000,44519.000000000,90.000000000,0.500000000,0.500000000,,270411,0,42002662,0,10,68,500,0,0,0,1,2147483647,2147483647,2147483647,342,2026,65535,17,USD,,,YM,XCBT,MYM,FFIXSX,FUT,IPNT,,,,F,255,255,255,5,6,255,255,N,127,127,255,0,0,0,,,N,,,0,0,0,0,0,MYMM6
2025-10-10T00:00:00.000000000Z,2025-10-05T11:10:44.691296025Z,19,1,42002662,MYMM6,A,F,1.000000000,1.000000000,2026-06-18T13:30:00.000000000Z,2025-06-20T13:30:00.000000000Z,51065.000000000,44519.000000000,90.000000000,0.500000000,0.500000000,,270411,0,42002662,0,10,68,500,0,0,0,1,2147483647,2147483647,2147483647,342,2026,65535,17,USD,,,YM,XCBT,MYM,FFIXSX,FUT,IPNT,,,,F,255,255,255,5,6,255,255,N,127,127,255,0,0,0,,,N,,,0,0,0,0,0,MYMM6
2025-10-12T11:10:44.826989204Z,2025-10-12T11:10:44.617431059Z,19,1,42002662,MYMM6,A,F,1.000000000,1.000000000,2026-06-18T13:30:00.000000000Z,2025-06-20T13:30:00.000000000Z,49646.000000000,43280.000000000,90.000000000,0.500000000,0.500000000,,270411,0,42002662,0,10,68,500,0,0,0,1,2147483647,2147483647,2147483647,342,2026,65535,17,USD,,,YM,XCBT,MYM,FFIXSX,FUT,IPNT,,,,F,255,255,255,5,6,255,255,N,127,127,255,0,0,0,,,N,,,0,0,0,0,0,MYMM6
2025-10-13T00:00:00.000000000Z,2025-10-12T11:10:44.617431059Z,19,1,42002662,MYMM6,A,F,1.000000000,1.000000000,2026-06-18T13:30:00.000000000Z,2025-06-20T13:30:00.000000000Z,49646.000000000,43280.000000000,90.000000000,0.500000000,0.500000000,,270411,0,42002662,0,10,68,500,0,0,0,1,2147483647,2147483647,2147483647,342,2026,65535,17,USD,,,YM,XCBT,MYM,FFIXSX,FUT,IPNT,,,,F,255,255,255,5,6,255,255,N,127,127,255,0,0,0,,,N,,,0,0,0,0,0,MYMM6
2025-10-14T00:00:00.000000000Z,2025-10-12T11:10:44.617431059Z,19,1,42002662,MYMM6,A,F,1.000000000,1.000000000,2026-06-18T13:30:00.000000000Z,2025-06-20T13:30:00.000000000Z,49646.000000000,43280.000000000,90.000000000,0.500000000,0.500000000,,270411,0,42002662,0,10,68,500,0,0,0,1,2147483647,2147483647,2147483647,342,2026,65535,17,USD,,,YM,XCBT,MYM,FFIXSX,FUT,IPNT,,,,F,255,255,255,5,6,255,255,N,127,127,255,0,0,0,,,N,,,0,0,0,0,0,MYMM6
2025-10-15T00:00:00.000000000Z,2025-10-12T11:10:44.617431059Z,19,1,42002662,MYMM6,A,F,1.000000000,1.000000000,2026-06-18T13:30:00.000000000Z,2025-06-20T13:30:00.000000000Z,49646.000000000,43280.000000000,90.000000000,0.500000000,0.500000000,,270411,0,42002662,0,10,68,500,0,0,0,1,2147483647,2147483647,2147483647,342,2026,65535,17,USD,,,YM,XCBT,MYM,FFIXSX,FUT,IPNT,,,,F,255,255,255,5,6,255,255,N,127,127,255,0,0,0,,,N,,,0,0,0,0,0,MYMM6
2025-10-16T00:00:00.000000000Z,2025-10-12T11:10:44.617431059Z,19,1,42002662,MYMM6,A,F,1.000000000,1.000000000,2026-06-18T13:30:00.000000000Z,2025-06-20T13:30:00.000000000Z,49646.000000000,43280.000000000,90.000000000,0.500000000,0.500000000,,270411,0,42002662,0,10,68,500,0,0,0,1,2147483647,2147483647,2147483647,342,2026,65535,17,USD,,,YM,XCBT,MYM,FFIXSX,FUT,IPNT,,,,F,255,255,255,5,6,255,255,N,127,127,255,0,0,0,,,N,,,0,0,0,0,0,MYMM6
2025-10-17T00:00:00.000000000Z,2025-10-12T11:10:44.617431059Z,19,1,42002662,MYMM6,A,F,1.000000000,1.000000000,2026-06-18T13:30:00.000000000Z,2025-06-20T13:30:00.000000000Z,49646.000000000,43280.000000000,90.000000000,0.500000000,0.500000000,,270411,0,42002662,0,10,68,500,0,0,0,1,2147483647,2147483647,2147483647,342,2026,65535,17,USD,,,YM,XCBT,MYM,FFIXSX,FUT,IPNT,,,,F,255,255,255,5,6,255,255,N,127,127,255,0,0,0,,,N,,,0,0,0,0,0,MYMM6
2025-10-19T11:10:43.289384910Z,2025-10-19T11:10:43.081643593Z,19,1,42002662,MYMM6,A,F,1.000000000,1.000000000,2026-06-18T13:30:00.000000000Z,2025-06-20T13:30:00.000000000Z,50246.000000000,43780.000000000,90.000000000,0.500000000,0.500000000,,270411,0,42002662,0,10,68,500,0,0,0,1,2147483647,2147483647,2147483647,342,2026,65535,17,USD,,,YM,XCBT,MYM,FFIXSX,FUT,IPNT,,,,F,255,255,255,5,6,255,255,N,127,127,255,0,0,0,,,N,,,0,0,0,0,0,MYMM6
2025-10-20T00:00:00.000000000Z,2025-10-19T11:10:43.081643593Z,19,1,42002662,MYMM6,A,F,1.000000000,1.000000000,2026-06-18T13:30:00.000000000Z,2025-06-20T13:30:00.000000000Z,50246.000000000,43780.000000000,90.000000000,0.500000000,0.500000000,,270411,0,42002662,0,10,68,500,0,0,0,1,2147483647,2147483647,2147483647,342,2026,65535,17,USD,,,YM,XCBT,MYM,FFIXSX,FUT,IPNT,,,,F,255,255,255,5,6,255,255,N,127,127,255,0,0,0,,,N,,,0,0,0,0,0,MYMM6
2025-10-21T00:00:00.000000000Z,2025-10-19T11:10:43.081643593Z,19,1,42002662,MYMM6,A,F,1.000000000,1.000000000,2026-06-18T13:30:00.000000000Z,2025-06-20T13:30:00.000000000Z,50246.000000000,43780.000000000,90.000000000,0.500000000,0.500000000,,270411,0,42002662,0,10,68,500,0,0,0,1,2147483647,2147483647,2147483647,342,2026,65535,17,USD,,,YM,XCBT,MYM,FFIXSX,FUT,IPNT,,,,F,255,255,255,5,6,255,255,N,127,127,255,0,0,0,,,N,,,0,0,0,0,0,MYMM6
2025-10-22T00:00:00.000000000Z,2025-10-19T11:10:43.081643593Z,19,1,42002662,MYMM6,A,F,1.000000000,1.000000000,2026-06-18T13:30:00.000000000Z,2025-06-20T13:30:00.000000000Z,50246.000000000,43780.000000000,90.000000000,0.500000000,0.500000000,,270411,0,42002662,0,10,68,500,0,0,0,1,2147483647,2147483647,2147483647,342,2026,65535,17,USD,,,YM,XCBT,MYM,FFIXSX,FUT,IPNT,,,,F,255,255,255,5,6,255,255,N,127,127,255,0,0,0,,,N,,,0,0,0,0,0,MYMM6
2025-10-23T00:00:00.000000000Z,2025-10-19T11:10:43.081643593Z,19,1,42002662,MYMM6,A,F,1.000000000,1.000000000,2026-06-18T13:30:00.000000000Z,2025-06-20T13:30:00.000000000Z,50246.000000000,43780.000000000,90.000000000,0.500000000,0.500000000,,270411,0,42002662,0,10,68,500,0,0,0,1,2147483647,2147483647,2147483647,342,2026,65535,17,USD,,,YM,XCBT,MYM,FFIXSX,FUT,IPNT,,,,F,255,255,255,5,6,255,255,N,127,127,255,0,0,0,,,N,,,0,0,0,0,0,MYMM6
2025-10-24T00:00:00.000000000Z,2025-10-19T11:10:43.081643593Z,19,1,42002662,MYMM6,A,F,1.000000000,1.000000000,2026-06-18T13:30:00.000000000Z,2025-06-20T13:30:00.000000000Z,50246.000000000,43780.000000000,90.000000000,0.500000000,0.500000000,,270411,0,42002662,0,10,68,500,0,0,0,1,2147483647,2147483647,2147483647,342,2026,65535,17,USD,,,YM,XCBT,MYM,FFIXSX,FUT,IPNT,,,,F,255,255,255,5,6,255,255,N,127,127,255,0,0,0,,,N,,,0,0,0,0,0,MYMM6
2025-10-26T11:10:44.325776747Z,2025-10-26T11:10:44.133823863Z,19,1,42002662,MYMM6,A,F,1.000000000,1.000000000,2026-06-18T13:30:00.000000000Z,2025-06-20T13:30:00.000000000Z,51346.000000000,44738.000000000,90.000000000,0.500000000,0.500000000,,270411,0,42002662,0,10,68,500,0,0,0,1,2147483647,2147483647,2147483647,342,2026,65535,17,USD,,,YM,XCBT,MYM,FFIXSX,FUT,IPNT,,,,F,255,255,255,5,6,255,255,N,127,127,255,0,0,0,,,N,,,0,0,0,0,0,MYMM6
2025-10-27T00:00:00.000000000Z,2025-10-26T11:10:44.133823863Z,19,1,42002662,MYMM6,A,F,1.000000000,1.000000000,2026-06-18T13:30:00.000000000Z,2025-06-20T13:30:00.000000000Z,51346.000000000,44738.000000000,90.000000000,0.500000000,0.500000000,,270411,0,42002662,0,10,68,500,0,0,0,1,2147483647,2147483647,2147483647,342,2026,65535,17,USD,,,YM,XCBT,MYM,FFIXSX,FUT,IPNT,,,,F,255,255,255,5,6,255,255,N,127,127,255,0,0,0,,,N,,,0,0,0,0,0,MYMM6
2025-10-28T00:00:00.000000000Z,2025-10-26T11:10:44.133823863Z,19,1,42002662,MYMM6,A,F,1.000000000,1.000000000,2026-06-18T13:30:00.000000000Z,2025-06-20T13:30:00.000000000Z,51346.000000000,44738.000000000,90.000000000,0.500000000,0.500000000,,270411,0,42002662,0,10,68,500,0,0,0,1,2147483647,2147483647,2147483647,342,2026,65535,17,USD,,,YM,XCBT,MYM,FFIXSX,FUT,IPNT,,,,F,255,255,255,5,6,255,255,N,127,127,255,0,0,0,,,N,,,0,0,0,0,0,MYMM6
2025-10-29T00:00:00.000000000Z,2025-10-26T11:10:44.133823863Z,19,1,42002662,MYMM6,A,F,1.000000000,1.000000000,2026-06-18T13:30:00.000000000Z,2025-06-20T13:30:00.000000000Z,51346.000000000,44738.000000000,90.000000000,0.500000000,0.500000000,,270411,0,42002662,0,10,68,500,0,0,0,1,2147483647,2147483647,2147483647,342,2026,65535,17,USD,,,YM,XCBT,MYM,FFIXSX,FUT,IPNT,,,,F,255,255,255,5,6,255,255,N,127,127,255,0,0,0,,,N,,,0,0,0,0,0,MYMM6
2025-10-30T00:00:00.000000000Z,2025-10-26T11:10:44.133823863Z,19,1,42002662,MYMM6,A,F,1.000000000,1.000000000,2026-06-18T13:30:00.000000000Z,2025-06-20T13:30:00.000000000Z,51346.000000000,44738.000000000,90.000000000,0.500000000,0.500000000,,270411,0,42002662,0,10,68,500,0,0,0,1,2147483647,2147483647,2147483647,342,2026,65535,17,USD,,,YM,XCBT,MYM,FFIXSX,FUT,IPNT,,,,F,255,255,255,5,6,255,255,N,127,127,255,0,0,0,,,N,,,0,0,0,0,0,MYMM6
2025-10-31T00:00:00.000000000Z,2025-10-26T11:10:44.133823863Z,19,1,42002662,MYMM6,A,F,1.000000000,1.000000000,2026-06-18T13:30:00.000000000Z,2025-06-20T13:30:00.000000000Z,51346.000000000,44738.000000000,90.000000000,0.500000000,0.500000000,,270411,0,42002662,0,10,68,500,0,0,0,1,2147483647,2147483647,2147483647,342,2026,65535,17,USD,,,YM,XCBT,MYM,FFIXSX,FUT,IPNT,,,,F,255,255,255,5,6,255,255,N,127,127,255,0,0,0,,,N,,,0,0,0,0,0,MYMM6
2025-11-02T12:10:42.844727588Z,2025-11-02T12:10:42.656558495Z,19,1,42002662,MYMM6,A,F,1.000000000,1.000000000,2026-06-18T13:30:00.000000000Z,2025-06-20T13:30:00.000000000Z,51749.000000000,45091.000000000,90.000000000,0.500000000,0.500000000,,270411,0,42002662,0,10,68,500,0,0,0,1,2147483647,2147483647,2147483647,342,2026,65535,17,USD,,,YM,XCBT,MYM,FFIXSX,FUT,IPNT,,,,F,255,255,255,5,6,255,255,N,127,127,255,0,0,0,,,N,,,0,0,0,0,0,MYMM6
2025-11-03T00:00:00.000000000Z,2025-11-02T12:10:42.656558495Z,19,1,42002662,MYMM6,A,F,1.000000000,1.000000000,2026-06-18T13:30:00.000000000Z,2025-06-20T13:30:00.000000000Z,51749.000000000,45091.000000000,90.000000000,0.500000000,0.500000000,,270411,0,42002662,0,10,68,500,0,0,0,1,2147483647,2147483647,2147483647,342,2026,65535,17,USD,,,YM,XCBT,MYM,FFIXSX,FUT,IPNT,,,,F,255,255,255,5,6,255,255,N,127,127,255,0,0,0,,,N,,,0,0,0,0,0,MYMM6
2025-11-04T00:00:00.000000000Z,2025-11-02T12:10:42.656558495Z,19,1,42002662,MYMM6,A,F,1.000000000,1.000000000,2026-06-18T13:30:00.000000000Z,2025-06-20T13:30:00.000000000Z,51749.000000000,45091.000000000,90.000000000,0.500000000,0.500000000,,270411,0,42002662,0,10,68,500,0,0,0,1,2147483647,2147483647,2147483647,342,2026,65535,17,USD,,,YM,XCBT,MYM,FFIXSX,FUT,IPNT,,,,F,255,255,255,5,6,255,255,N,127,127,255,0,0,0,,,N,,,0,0,0,0,0,MYMM6
2025-11-05T00:00:00.000000000Z,2025-11-02T12:10:42.656558495Z,19,1,42002662,MYMM6,A,F,1.000000000,1.000000000,2026-06-18T13:30:00.000000000Z,2025-06-20T13:30:00.000000000Z,51749.000000000,45091.000000000,90.000000000,0.500000000,0.500000000,,270411,0,42002662,0,10,68,500,0,0,0,1,2147483647,2147483647,2147483647,342,2026,65535,17,USD,,,YM,XCBT,MYM,FFIXSX,FUT,IPNT,,,,F,255,255,255,5,6,255,255,N,127,127,255,0,0,0,,,N,,,0,0,0,0,0,MYMM6
2025-11-06T00:00:00.000000000Z,2025-11-02T12:10:42.656558495Z,19,1,42002662,MYMM6,A,F,1.000000000,1.000000000,2026-06-18T13:30:00.000000000Z,2025-06-20T13:30:00.000000000Z,51749.000000000,45091.000000000,90.000000000,0.500000000,0.500000000,,270411,0,42002662,0,10,68,500,0,0,0,1,2147483647,2147483647,2147483647,342,2026,65535,17,USD,,,YM,XCBT,MYM,FFIXSX,FUT,IPNT,,,,F,255,255,255,5,6,255,255,N,127,127,255,0,0,0,,,N,,,0,0,0,0,0,MYMM6
2025-11-07T00:00:00.000000000Z,2025-11-02T12:10:42.656558495Z,19,1,42002662,MYMM6,A,F,1.000000000,1.000000000,2026-06-18T13:30:00.000000000Z,2025-06-20T13:30:00.000000000Z,51749.000000000,45091.000000000,90.000000000,0.500000000,0.500000000,,270411,0,42002662,0,10,68,500,0,0,0,1,2147483647,2147483647,2147483647,342,2026,65535,17,USD,,,YM,XCBT,MYM,FFIXSX,FUT,IPNT,,,,F,255,255,255,5,6,255,255,N,127,127,255,0,0,0,,,N,,,0,0,0,0,0,MYMM6
2025-11-09T12:10:43.682621223Z,2025-11-09T12:10:43.477466567Z,19,1,42002662,MYMM6,A,F,1.000000000,1.000000000,2026-06-18T13:30:00.000000000Z,2025-06-20T13:30:00.000000000Z,51070.000000000,44492.000000000,90.000000000,0.500000000,0.500000000,,270411,0,42002662,0,10,68,500,0,0,0,1,2147483647,2147483647,2147483647,342,2026,65535,17,USD,,,YM,XCBT,MYM,FFIXSX,FUT,IPNT,,,,F,255,255,255,5,6,255,255,N,127,127,255,0,0,0,,,N,,,0,0,0,0,0,MYMM6
2025-11-10T00:00:00.000000000Z,2025-11-09T12:10:43.477466567Z,19,1,42002662,MYMM6,A,F,1.000000000,1.000000000,2026-06-18T13:30:00.000000000Z,2025-06-20T13:30:00.000000000Z,51070.000000000,44492.000000000,90.000000000,0.500000000,0.500000000,,270411,0,42002662,0,10,68,500,0,0,0,1,2147483647,2147483647,2147483647,342,2026,65535,17,USD,,,YM,XCBT,MYM,FFIXSX,FUT,IPNT,,,,F,255,255,255,5,6,255,255,N,127,127,255,0,0,0,,,N,,,0,0,0,0,0,MYMM6
2025-11-11T00:00:00.000000000Z,2025-11-09T12:10:43.477466567Z,19,1,42002662,MYMM6,A,F,1.000000000,1.000000000,2026-06-18T13:30:00.000000000Z,2025-06-20T13:30:00.000000000Z,51070.000000000,44492.000000000,90.000000000,0.500000000,0.500000000,,270411,0,42002662,0,10,68,500,0,0,0,1,2147483647,2147483647,2147483647,342,2026,65535,17,USD,,,YM,XCBT,MYM,FFIXSX,FUT,IPNT,,,,F,255,255,255,5,6,255,255,N,127,127,255,0,0,0,,,N,,,0,0,0,0,0,MYMM6
2025-11-12T00:00:00.000000000Z,2025-11-09T12:10:43.477466567Z,19,1,42002662,MYMM6,A,F,1.000000000,1.000000000,2026-06-18T13:30:00.000000000Z,2025-06-20T13:30:00.000000000Z,51070.000000000,44492.000000000,90.000000000,0.500000000,0.500000000,,270411,0,42002662,0,10,68,500,0,0,0,1,2147483647,2147483647,2147483647,342,2026,65535,17,USD,,,YM,XCBT,MYM,FFIXSX,FUT,IPNT,,,,F,255,255,255,5,6,255,255,N,127,127,255,0,0,0,,,N,,,0,0,0,0,0,MYMM6
2025-11-13T00:00:00.000000000Z,2025-11-09T12:10:43.477466567Z,19,1,42002662,MYMM6,A,F,1.000000000,1.000000000,2026-06-18T13:30:00.000000000Z,2025-06-20T13:30:00.000000000Z,51070.000000000,44492.000000000,90.000000000,0.500000000,0.500000000,,270411,0,42002662,0,10,68,500,0,0,0,1,2147483647,2147483647,2147483647,342,2026,65535,17,USD,,,YM,XCBT,MYM,FFIXSX,FUT,IPNT,,,,F,255,255,255,5,6,255,255,N,127,127,255,0,0,0,,,N,,,0,0,0,0,0,MYMM6
2025-11-14T00:00:00.000000000Z,2025-11-09T12:10:43.477466567Z,19,1,42002662,MYMM6,A,F,1.000000000,1.000000000,2026-06-18T13:30:00.000000000Z,2025-06-20T13:30:00.000000000Z,51070.000000000,44492.000000000,90.000000000,0.500000000,0.500000000,,270411,0,42002662,0,10,68,500,0,0,0,1,2147483647,2147483647,2147483647,342,2026,65535,17,USD,,,YM,XCBT,MYM,FFIXSX,FUT,IPNT,,,,F,255,255,255,5,6,255,255,N,127,127,255,0,0,0,,,N,,,0,0,0,0,0,MYMM6
2025-11-16T12:09:43.206215904Z,2025-11-16T12:09:42.995044029Z,19,1,42002662,MYMM6,A,F,1.000000000,1.000000000,2026-06-18T13:30:00.000000000Z,2025-06-20T13:30:00.000000000Z,51238.000000000,44638.000000000,90.000000000,0.500000000,0.500000000,,270411,0,42002662,0,10,68,500,0,0,0,1,2147483647,2147483647,2147483647,342,2026,65535,17,USD,,,YM,XCBT,MYM,FFIXSX,FUT,IPNT,,,,F,255,255,255,5,6,255,255,N,127,127,255,0,0,0,,,N,,,0,0,0,0,0,MYMM6
2025-11-16T15:37:33.883633881Z,2025-11-16T15:37:33.770472877Z,19,1,42002662,MYMM6,A,F,1.000000000,1.000000000,2026-06-18T13:30:00.000000000Z,2025-06-20T13:30:00.000000000Z,51238.000000000,44638.000000000,90.000000000,0.500000000,0.500000000,,270411,0,42002662,0,10,68,500,0,0,0,1,2147483647,2147483647,2147483647,342,2026,65535,17,USD,,,YM,XCBT,MYM,FFIXSX,FUT,IPNT,,,,F,255,255,255,5,6,255,255,N,127,127,255,0,0,0,,,N,,,0,0,0,0,0,MYMM6
2025-11-16T16:52:32.216391670Z,2025-11-16T16:52:32.030626213Z,19,1,42002662,MYMM6,A,F,1.000000000,1.000000000,2026-06-18T13:30:00.000000000Z,2025-06-20T13:30:00.000000000Z,51238.000000000,44638.000000000,90.000000000,0.500000000,0.500000000,,270411,0,42002662,0,10,68,500,0,0,0,1,2147483647,2147483647,2147483647,342,2026,65535,17,USD,,,YM,XCBT,MYM,FFIXSX,FUT,IPNT,,,,F,255,255,255,5,6,255,255,N,127,127,255,0,0,0,,,N,,,0,0,0,0,0,MYMM6
2025-11-17T00:00:00.000000000Z,2025-11-16T16:52:32.030626213Z,19,1,42002662,MYMM6,A,F,1.000000000,1.000000000,2026-06-18T13:30:00.000000000Z,2025-06-20T13:30:00.000000000Z,51238.000000000,44638.000000000,90.000000000,0.500000000,0.500000000,,270411,0,42002662,0,10,68,500,0,0,0,1,2147483647,2147483647,2147483647,342,2026,65535,17,USD,,,YM,XCBT,MYM,FFIXSX,FUT,IPNT,,,,F,255,255,255,5,6,255,255,N,127,127,255,0,0,0,,,N,,,0,0,0,0,0,MYMM6
2025-11-18T00:00:00.000000000Z,2025-11-16T16:52:32.030626213Z,19,1,42002662,MYMM6,A,F,1.000000000,1.000000000,2026-06-18T13:30:00.000000000Z,2025-06-20T13:30:00.000000000Z,51238.000000000,44638.000000000,90.000000000,0.500000000,0.500000000,,270411,0,42002662,0,10,68,500,0,0,0,1,2147483647,2147483647,2147483647,342,2026,65535,17,USD,,,YM,XCBT,MYM,FFIXSX,FUT,IPNT,,,,F,255,255,255,5,6,255,255,N,127,127,255,0,0,0,,,N,,,0,0,0,0,0,MYMM6
2025-11-19T00:00:00.000000000Z,2025-11-16T16:52:32.030626213Z,19,1,42002662,MYMM6,A,F,1.000000000,1.000000000,2026-06-18T13:30:00.000000000Z,2025-06-20T13:30:00.000000000Z,51238.000000000,44638.000000000,90.000000000,0.500000000,0.500000000,,270411,0,42002662,0,10,68,500,0,0,0,1,2147483647,2147483647,2147483647,342,2026,65535,17,USD,,,YM,XCBT,MYM,FFIXSX,FUT,IPNT,,,,F,255,255,255,5,6,255,255,N,127,127,255,0,0,0,,,N,,,0,0,0,0,0,MYMM6
2025-11-20T00:00:00.000000000Z,2025-11-16T16:52:32.030626213Z,19,1,42002662,MYMM6,A,F,1.000000000,1.000000000,2026-06-18T13:30:00.000000000Z,2025-06-20T13:30:00.000000000Z,51238.000000000,44638.000000000,90.000000000,0.500000000,0.500000000,,270411,0,42002662,0,10,68,500,0,0,0,1,2147483647,2147483647,2147483647,342,2026,65535,17,USD,,,YM,XCBT,MYM,FFIXSX,FUT,IPNT,,,,F,255,255,255,5,6,255,255,N,127,127,255,0,0,0,,,N,,,0,0,0,0,0,MYMM6
2025-11-21T00:00:00.000000000Z,2025-11-16T16:52:32.030626213Z,19,1,42002662,MYMM6,A,F,1.000000000,1.000000000,2026-06-18T13:30:00.000000000Z,2025-06-20T13:30:00.000000000Z,51238.000000000,44638.000000000,90.000000000,0.500000000,0.500000000,,270411,0,42002662,0,10,68,500,0,0,0,1,2147483647,2147483647,2147483647,342,2026,65535,17,USD,,,YM,XCBT,MYM,FFIXSX,FUT,IPNT,,,,F,255,255,255,5,6,255,255,N,127,127,255,0,0,0,,,N,,,0,0,0,0,0,MYMM6
2025-11-23T12:40:44.783997290Z,2025-11-23T12:40:44.587627545Z,19,1,42002662,MYMM6,A,F,1.000000000,1.000000000,2026-06-18T13:30:00.000000000Z,2025-06-20T13:30:00.000000000Z,50257.000000000,43783.000000000,90.000000000,0.500000000,0.500000000,,270411,0,42002662,0,10,68,500,0,0,0,1,2147483647,2147483647,2147483647,342,2026,65535,17,USD,,,YM,XCBT,MYM,FFIXSX,FUT,IPNT,,,,F,255,255,255,5,6,255,255,N,127,127,255,0,0,0,,,N,,,0,0,0,0,0,MYMM6
2025-11-24T00:00:00.000000000Z,2025-11-23T12:40:44.587627545Z,19,1,42002662,MYMM6,A,F,1.000000000,1.000000000,2026-06-18T13:30:00.000000000Z,2025-06-20T13:30:00.000000000Z,50257.000000000,43783.000000000,90.000000000,0.500000000,0.500000000,,270411,0,42002662,0,10,68,500,0,0,0,1,2147483647,2147483647,2147483647,342,2026,65535,17,USD,,,YM,XCBT,MYM,FFIXSX,FUT,IPNT,,,,F,255,255,255,5,6,255,255,N,127,127,255,0,0,0,,,N,,,0,0,0,0,0,MYMM6
2025-11-25T00:00:00.000000000Z,2025-11-23T12:40:44.587627545Z,19,1,42002662,MYMM6,A,F,1.000000000,1.000000000,2026-06-18T13:30:00.000000000Z,2025-06-20T13:30:00.000000000Z,50257.000000000,43783.000000000,90.000000000,0.500000000,0.500000000,,270411,0,42002662,0,10,68,500,0,0,0,1,2147483647,2147483647,2147483647,342,2026,65535,17,USD,,,YM,XCBT,MYM,FFIXSX,FUT,IPNT,,,,F,255,255,255,5,6,255,255,N,127,127,255,0,0,0,,,N,,,0,0,0,0,0,MYMM6
2025-11-26T00:00:00.000000000Z,2025-11-23T12:40:44.587627545Z,19,1,42002662,MYMM6,A,F,1.000000000,1.000000000,2026-06-18T13:30:00.000000000Z,2025-06-20T13:30:00.000000000Z,50257.000000000,43783.000000000,90.000000000,0.500000000,0.500000000,,270411,0,42002662,0,10,68,500,0,0,0,1,2147483647,2147483647,2147483647,342,2026,65535,17,USD,,,YM,XCBT,MYM,FFIXSX,FUT,IPNT,,,,F,255,255,255,5,6,255,255,N,127,127,255,0,0,0,,,N,,,0,0,0,0,0,MYMM6
2025-11-27T00:00:00.000000000Z,2025-11-23T12:40:44.587627545Z,19,1,42002662,MYMM6,A,F,1.000000000,1.000000000,2026-06-18T13:30:00.000000000Z,2025-06-20T13:30:00.000000000Z,50257.000000000,43783.000000000,90.000000000,0.500000000,0.500000000,,270411,0,42002662,0,10,68,500,0,0,0,1,2147483647,2147483647,2147483647,342,2026,65535,17,USD,,,YM,XCBT,MYM,FFIXSX,FUT,IPNT,,,,F,255,255,255,5,6,255,255,N,127,127,255,0,0,0,,,N,,,0,0,0,0,0,MYMM6
2025-11-28T00:00:00.000000000Z,2025-11-23T12:40:44.587627545Z,19,1,42002662,MYMM6,A,F,1.000000000,1.000000000,2026-06-18T13:30:00.000000000Z,2025-06-20T13:30:00.000000000Z,50257.000000000,43783.000000000,90.000000000,0.500000000,0.500000000,,270411,0,42002662,0,10,68,500,0,0,0,1,2147483647,2147483647,2147483647,342,2026,65535,17,USD,,,YM,XCBT,MYM,FFIXSX,FUT,IPNT,,,,F,255,255,255,5,6,255,255,N,127,127,255,0,0,0,,,N,,,0,0,0,0,0,MYMM6
2025-11-28T12:38:13.013597147Z,2025-11-28T12:38:12.853015957Z,19,1,42002662,MYMM6,A,F,1.000000000,1.000000000,2026-06-18T13:30:00.000000000Z,2025-06-20T13:30:00.000000000Z,51512.000000000,44874.000000000,90.000000000,0.500000000,0.500000000,,270411,0,42002662,0,10,68,500,0,0,0,1,2147483647,2147483647,2147483647,342,2026,65535,17,USD,,,YM,XCBT,MYM,FFIXSX,FUT,IPNT,,,,F,255,255,255,5,6,255,255,N,127,127,255,0,0,0,,,N,,,0,0,0,0,0,MYMM6
2025-11-30T12:10:44.300513861Z,2025-11-30T12:10:44.105938949Z,19,1,42002662,MYMM6,A,F,1.000000000,1.000000000,2026-06-18T13:30:00.000000000Z,2025-06-20T13:30:00.000000000Z,51787.000000000,45107.000000000,90.000000000,0.500000000,0.500000000,,270411,0,42002662,0,10,68,500,0,0,0,1,2147483647,2147483647,2147483647,342,2026,65535,17,USD,,,YM,XCBT,MYM,FFIXSX,FUT,IPNT,,,,F,255,255,255,5,6,255,255,N,127,127,255,0,0,0,,,N,,,0,0,0,0,0,MYMM6
2025-12-01T00:00:00.000000000Z,2025-11-30T12:10:44.105938949Z,19,1,42002662,MYMM6,A,F,1.000000000,1.000000000,2026-06-18T13:30:00.000000000Z,2025-06-20T13:30:00.000000000Z,51787.000000000,45107.000000000,90.000000000,0.500000000,0.500000000,,270411,0,42002662,0,10,68,500,0,0,0,1,2147483647,2147483647,2147483647,342,2026,65535,17,USD,,,YM,XCBT,MYM,FFIXSX,FUT,IPNT,,,,F,255,255,255,5,6,255,255,N,127,127,255,0,0,0,,,N,,,0,0,0,0,0,MYMM6
2025-12-02T00:00:00.000000000Z,2025-11-30T12:10:44.105938949Z,19,1,42002662,MYMM6,A,F,1.000000000,1.000000000,2026-06-18T13:30:00.000000000Z,2025-06-20T13:30:00.000000000Z,51787.000000000,45107.000000000,90.000000000,0.500000000,0.500000000,,270411,0,42002662,0,10,68,500,0,0,0,1,2147483647,2147483647,2147483647,342,2026,65535,17,USD,,,YM,XCBT,MYM,FFIXSX,FUT,IPNT,,,,F,255,255,255,5,6,255,255,N,127,127,255,0,0,0,,,N,,,0,0,0,0,0,MYMM6
2025-12-03T00:00:00.000000000Z,2025-11-30T12:10:44.105938949Z,19,1,42002662,MYMM6,A,F,1.000000000,1.000000000,2026-06-18T13:30:00.000000000Z,2025-06-20T13:30:00.000000000Z,51787.000000000,45107.000000000,90.000000000,0.500000000,0.500000000,,270411,0,42002662,0,10,68,500,0,0,0,1,2147483647,2147483647,2147483647,342,2026,65535,17,USD,,,YM,XCBT,MYM,FFIXSX,FUT,IPNT,,,,F,255,255,255,5,6,255,255,N,127,127,255,0,0,0,,,N,,,0,0,0,0,0,MYMM6
2025-12-04T00:00:00.000000000Z,2025-11-30T12:10:44.105938949Z,19,1,42002662,MYMM6,A,F,1.000000000,1.000000000,2026-06-18T13:30:00.000000000Z,2025-06-20T13:30:00.000000000Z,51787.000000000,45107.000000000,90.000000000,0.500000000,0.500000000,,270411,0,42002662,0,10,68,500,0,0,0,1,2147483647,2147483647,2147483647,342,2026,65535,17,USD,,,YM,XCBT,MYM,FFIXSX,FUT,IPNT,,,,F,255,255,255,5,6,255,255,N,127,127,255,0,0,0,,,N,,,0,0,0,0,0,MYMM6
2025-12-05T00:00:00.000000000Z,2025-11-30T12:10:44.105938949Z,19,1,42002662,MYMM6,A,F,1.000000000,1.000000000,2026-06-18T13:30:00.000000000Z,2025-06-20T13:30:00.000000000Z,51787.000000000,45107.000000000,90.000000000,0.500000000,0.500000000,,270411,0,42002662,0,10,68,500,0,0,0,1,2147483647,2147483647,2147483647,342,2026,65535,17,USD,,,YM,XCBT,MYM,FFIXSX,FUT,IPNT,,,,F,255,255,255,5,6,255,255,N,127,127,255,0,0,0,,,N,,,0,0,0,0,0,MYMM6
2025-12-07T13:12:42.067281905Z,2025-12-07T13:12:41.867242177Z,19,1,42002662,MYMM6,A,F,1.000000000,1.000000000,2026-06-18T13:30:00.000000000Z,2025-06-20T13:30:00.000000000Z,52056.000000000,45344.000000000,90.000000000,0.500000000,0.500000000,,270411,0,42002662,0,10,68,500,0,0,0,1,2147483647,2147483647,2147483647,342,2026,65535,17,USD,,,YM,XCBT,MYM,FFIXSX,FUT,IPNT,,,,F,255,255,255,5,6,255,255,N,127,127,255,0,0,0,,,N,,,0,0,0,0,0,MYMM6
2025-12-08T00:00:00.000000000Z,2025-12-07T13:12:41.867242177Z,19,1,42002662,MYMM6,A,F,1.000000000,1.000000000,2026-06-18T13:30:00.000000000Z,2025-06-20T13:30:00.000000000Z,52056.000000000,45344.000000000,90.000000000,0.500000000,0.500000000,,270411,0,42002662,0,10,68,500,0,0,0,1,2147483647,2147483647,2147483647,342,2026,65535,17,USD,,,YM,XCBT,MYM,FFIXSX,FUT,IPNT,,,,F,255,255,255,5,6,255,255,N,127,127,255,0,0,0,,,N,,,0,0,0,0,0,MYMM6
2025-12-09T00:00:00.000000000Z,2025-12-07T13:12:41.867242177Z,19,1,42002662,MYMM6,A,F,1.000000000,1.000000000,2026-06-18T13:30:00.000000000Z,2025-06-20T13:30:00.000000000Z,52056.000000000,45344.000000000,90.000000000,0.500000000,0.500000000,,270411,0,42002662,0,10,68,500,0,0,0,1,2147483647,2147483647,2147483647,342,2026,65535,17,USD,,,YM,XCBT,MYM,FFIXSX,FUT,IPNT,,,,F,255,255,255,5,6,255,255,N,127,127,255,0,0,0,,,N,,,0,0,0,0,0,MYMM6
2025-12-10T00:00:00.000000000Z,2025-12-07T13:12:41.867242177Z,19,1,42002662,MYMM6,A,F,1.000000000,1.000000000,2026-06-18T13:30:00.000000000Z,2025-06-20T13:30:00.000000000Z,52056.000000000,45344.000000000,90.000000000,0.500000000,0.500000000,,270411,0,42002662,0,10,68,500,0,0,0,1,2147483647,2147483647,2147483647,342,2026,65535,17,USD,,,YM,XCBT,MYM,FFIXSX,FUT,IPNT,,,,F,255,255,255,5,6,255,255,N,127,127,255,0,0,0,,,N,,,0,0,0,0,0,MYMM6
2025-12-11T00:00:00.000000000Z,2025-12-07T13:12:41.867242177Z,19,1,42002662,MYMM6,A,F,1.000000000,1.000000000,2026-06-18T13:30:00.000000000Z,2025-06-20T13:30:00.000000000Z,52056.000000000,45344.000000000,90.000000000,0.500000000,0.500000000,,270411,0,42002662,0,10,68,500,0,0,0,1,2147483647,2147483647,2147483647,342,2026,65535,17,USD,,,YM,XCBT,MYM,FFIXSX,FUT,IPNT,,,,F,255,255,255,5,6,255,255,N,127,127,255,0,0,0,,,N,,,0,0,0,0,0,MYMM6
2025-12-12T00:00:00.000000000Z,2025-12-07T13:12:41.867242177Z,19,1,42002662,MYMM6,A,F,1.000000000,1.000000000,2026-06-18T13:30:00.000000000Z,2025-06-20T13:30:00.000000000Z,52056.000000000,45344.000000000,90.000000000,0.500000000,0.500000000,,270411,0,42002662,0,10,68,500,0,0,0,1,2147483647,2147483647,2147483647,342,2026,65535,17,USD,,,YM,XCBT,MYM,FFIXSX,FUT,IPNT,,,,F,255,255,255,5,6,255,255,N,127,127,255,0,0,0,,,N,,,0,0,0,0,0,MYMM6
2025-12-14T13:58:26.923023972Z,2025-12-14T13:58:26.716133993Z,19,1,42002662,MYMM6,A,F,1.000000000,1.000000000,2026-06-18T13:30:00.000000000Z,2025-06-20T13:30:00.000000000Z,52563.000000000,45779.000000000,90.000000000,0.500000000,0.500000000,,270411,0,42002662,0,10,68,500,0,0,0,1,2147483647,2147483647,2147483647,342,2026,65535,17,USD,,,YM,XCBT,MYM,FFIXSX,FUT,IPNT,,,,F,255,255,255,5,6,255,255,N,127,127,255,0,0,0,,,N,,,0,0,0,0,0,MYMM6
2025-12-15T00:00:00.000000000Z,2025-12-14T13:58:26.716133993Z,19,1,42002662,MYMM6,A,F,1.000000000,1.000000000,2026-06-18T13:30:00.000000000Z,2025-06-20T13:30:00.000000000Z,52563.000000000,45779.000000000,90.000000000,0.500000000,0.500000000,,270411,0,42002662,0,10,68,500,0,0,0,1,2147483647,2147483647,2147483647,342,2026,65535,17,USD,,,YM,XCBT,MYM,FFIXSX,FUT,IPNT,,,,F,255,255,255,5,6,255,255,N,127,127,255,0,0,0,,,N,,,0,0,0,0,0,MYMM6
2025-12-16T00:00:00.000000000Z,2025-12-14T13:58:26.716133993Z,19,1,42002662,MYMM6,A,F,1.000000000,1.000000000,2026-06-18T13:30:00.000000000Z,2025-06-20T13:30:00.000000000Z,52563.000000000,45779.000000000,90.000000000,0.500000000,0.500000000,,270411,0,42002662,0,10,68,500,0,0,0,1,2147483647,2147483647,2147483647,342,2026,65535,17,USD,,,YM,XCBT,MYM,FFIXSX,FUT,IPNT,,,,F,255,255,255,5,6,255,255,N,127,127,255,0,0,0,,,N,,,0,0,0,0,0,MYMM6
2025-12-17T00:00:00.000000000Z,2025-12-14T13:58:26.716133993Z,19,1,42002662,MYMM6,A,F,1.000000000,1.000000000,2026-06-18T13:30:00.000000000Z,2025-06-20T13:30:00.000000000Z,52563.000000000,45779.000000000,90.000000000,0.500000000,0.500000000,,270411,0,42002662,0,10,68,500,0,0,0,1,2147483647,2147483647,2147483647,342,2026,65535,17,USD,,,YM,XCBT,MYM,FFIXSX,FUT,IPNT,,,,F,255,255,255,5,6,255,255,N,127,127,255,0,0,0,,,N,,,0,0,0,0,0,MYMM6
2025-12-18T00:00:00.000000000Z,2025-12-14T13:58:26.716133993Z,19,1,42002662,MYMM6,A,F,1.000000000,1.000000000,2026-06-18T13:30:00.000000000Z,2025-06-20T13:30:00.000000000Z,52563.000000000,45779.000000000,90.000000000,0.500000000,0.500000000,,270411,0,42002662,0,10,68,500,0,0,0,1,2147483647,2147483647,2147483647,342,2026,65535,17,USD,,,YM,XCBT,MYM,FFIXSX,FUT,IPNT,,,,F,255,255,255,5,6,255,255,N,127,127,255,0,0,0,,,N,,,0,0,0,0,0,MYMM6
2025-12-19T00:00:00.000000000Z,2025-12-14T13:58:26.716133993Z,19,1,42002662,MYMM6,A,F,1.000000000,1.000000000,2026-06-18T13:30:00.000000000Z,2025-06-20T13:30:00.000000000Z,52563.000000000,45779.000000000,90.000000000,0.500000000,0.500000000,,270411,0,42002662,0,10,68,500,0,0,0,1,2147483647,2147483647,2147483647,342,2026,65535,17,USD,,,YM,XCBT,MYM,FFIXSX,FUT,IPNT,,,,F,255,255,255,5,6,255,255,N,127,127,255,0,0,0,,,N,,,0,0,0,0,0,MYMM6
2025-12-21T13:13:08.448419215Z,2025-12-21T13:13:08.258110241Z,19,1,42002662,MYMM6,A,F,1.000000000,1.000000000,2026-06-18T13:30:00.000000000Z,2025-06-20T13:30:00.000000000Z,52143.000000000,45405.000000000,90.000000000,0.500000000,0.500000000,,270411,0,42002662,0,10,68,500,0,0,0,1,2147483647,2147483647,2147483647,342,2026,65535,17,USD,,,YM,XCBT,MYM,FFIXSX,FUT,IPNT,,,,F,255,255,255,5,6,255,255,N,127,127,255,0,0,0,,,N,,,0,0,0,0,0,MYMM6
2025-12-22T00:00:00.000000000Z,2025-12-21T13:13:08.258110241Z,19,1,42002662,MYMM6,A,F,1.000000000,1.000000000,2026-06-18T13:30:00.000000000Z,2025-06-20T13:30:00.000000000Z,52143.000000000,45405.000000000,90.000000000,0.500000000,0.500000000,,270411,0,42002662,0,10,68,500,0,0,0,1,2147483647,2147483647,2147483647,342,2026,65535,17,USD,,,YM,XCBT,MYM,FFIXSX,FUT,IPNT,,,,F,255,255,255,5,6,255,255,N,127,127,255,0,0,0,,,N,,,0,0,0,0,0,MYMM6
2025-12-23T00:00:00.000000000Z,2025-12-21T13:13:08.258110241Z,19,1,42002662,MYMM6,A,F,1.000000000,1.000000000,2026-06-18T13:30:00.000000000Z,2025-06-20T13:30:00.000000000Z,52143.000000000,45405.000000000,90.000000000,0.500000000,0.500000000,,270411,0,42002662,0,10,68,500,0,0,0,1,2147483647,2147483647,2147483647,342,2026,65535,17,USD,,,YM,XCBT,MYM,FFIXSX,FUT,IPNT,,,,F,255,255,255,5,6,255,255,N,127,127,255,0,0,0,,,N,,,0,0,0,0,0,MYMM6
2025-12-24T00:00:00.000000000Z,2025-12-21T13:13:08.258110241Z,19,1,42002662,MYMM6,A,F,1.000000000,1.000000000,2026-06-18T13:30:00.000000000Z,2025-06-20T13:30:00.000000000Z,52143.000000000,45405.000000000,90.000000000,0.500000000,0.500000000,,270411,0,42002662,0,10,68,500,0,0,0,1,2147483647,2147483647,2147483647,342,2026,65535,17,USD,,,YM,XCBT,MYM,FFIXSX,FUT,IPNT,,,,F,255,255,255,5,6,255,255,N,127,127,255,0,0,0,,,N,,,0,0,0,0,0,MYMM6
2025-12-25T00:00:00.000000000Z,2025-12-21T13:13:08.258110241Z,19,1,42002662,MYMM6,A,F,1.000000000,1.000000000,2026-06-18T13:30:00.000000000Z,2025-06-20T13:30:00.000000000Z,52143.000000000,45405.000000000,90.000000000,0.500000000,0.500000000,,270411,0,42002662,0,10,68,500,0,0,0,1,2147483647,2147483647,2147483647,342,2026,65535,17,USD,,,YM,XCBT,MYM,FFIXSX,FUT,IPNT,,,,F,255,255,255,5,6,255,255,N,127,127,255,0,0,0,,,N,,,0,0,0,0,0,MYMM6
2025-12-26T00:00:00.000000000Z,2025-12-21T13:13:08.258110241Z,19,1,42002662,MYMM6,A,F,1.000000000,1.000000000,2026-06-18T13:30:00.000000000Z,2025-06-20T13:30:00.000000000Z,52143.000000000,45405.000000000,90.000000000,0.500000000,0.500000000,,270411,0,42002662,0,10,68,500,0,0,0,1,2147483647,2147483647,2147483647,342,2026,65535,17,USD,,,YM,XCBT,MYM,FFIXSX,FUT,IPNT,,,,F,255,255,255,5,6,255,255,N,127,127,255,0,0,0,,,N,,,0,0,0,0,0,MYMM6
2025-12-28T12:51:51.297201328Z,2025-12-28T12:51:51.094123079Z,19,1,42002662,MYMM6,A,F,1.000000000,1.000000000,2026-06-18T13:30:00.000000000Z,2025-06-20T13:30:00.000000000Z,52706.000000000,45888.000000000,90.000000000,0.500000000,0.500000000,,270411,0,42002662,0,10,68,500,0,0,0,1,2147483647,2147483647,2147483647,342,2026,65535,17,USD,,,YM,XCBT,MYM,FFIXSX,FUT,IPNT,,,,F,255,255,255,5,6,255,255,N,127,127,255,0,0,0,,,N,,,0,0,0,0,0,MYMM6
2025-12-29T00:00:00.000000000Z,2025-12-28T12:51:51.094123079Z,19,1,42002662,MYMM6,A,F,1.000000000,1.000000000,2026-06-18T13:30:00.000000000Z,2025-06-20T13:30:00.000000000Z,52706.000000000,45888.000000000,90.000000000,0.500000000,0.500000000,,270411,0,42002662,0,10,68,500,0,0,0,1,2147483647,2147483647,2147483647,342,2026,65535,17,USD,,,YM,XCBT,MYM,FFIXSX,FUT,IPNT,,,,F,255,255,255,5,6,255,255,N,127,127,255,0,0,0,,,N,,,0,0,0,0,0,MYMM6
2025-12-30T00:00:00.000000000Z,2025-12-28T12:51:51.094123079Z,19,1,42002662,MYMM6,A,F,1.000000000,1.000000000,2026-06-18T13:30:00.000000000Z,2025-06-20T13:30:00.000000000Z,52706.000000000,45888.000000000,90.000000000,0.500000000,0.500000000,,270411,0,42002662,0,10,68,500,0,0,0,1,2147483647,2147483647,2147483647,342,2026,65535,17,USD,,,YM,XCBT,MYM,FFIXSX,FUT,IPNT,,,,F,255,255,255,5,6,255,255,N,127,127,255,0,0,0,,,N,,,0,0,0,0,0,MYMM6
2025-12-31T00:00:00.000000000Z,2025-12-28T12:51:51.094123079Z,19,1,42002662,MYMM6,A,F,1.000000000,1.000000000,2026-06-18T13:30:00.000000000Z,2025-06-20T13:30:00.000000000Z,52706.000000000,45888.000000000,90.000000000,0.500000000,0.500000000,,270411,0,42002662,0,10,68,500,0,0,0,1,2147483647,2147483647,2147483647,342,2026,65535,17,USD,,,YM,XCBT,MYM,FFIXSX,FUT,IPNT,,,,F,255,255,255,5,6,255,255,N,127,127,255,0,0,0,,,N,,,0,0,0,0,0,MYMM6
2026-01-01T00:00:00.000000000Z,2025-12-28T12:51:51.094123079Z,19,1,42002662,MYMM6,A,F,1.000000000,1.000000000,2026-06-18T13:30:00.000000000Z,2025-06-20T13:30:00.000000000Z,52706.000000000,45888.000000000,90.000000000,0.500000000,0.500000000,,270411,0,42002662,0,10,68,500,0,0,0,1,2147483647,2147483647,2147483647,342,2026,65535,17,USD,,,YM,XCBT,MYM,FFIXSX,FUT,IPNT,,,,F,255,255,255,5,6,255,255,N,127,127,255,0,0,0,,,N,,,0,0,0,0,0,MYMM6
2026-01-02T00:00:00.000000000Z,2025-12-28T12:51:51.094123079Z,19,1,42002662,MYMM6,A,F,1.000000000,1.000000000,2026-06-18T13:30:00.000000000Z,2025-06-20T13:30:00.000000000Z,52706.000000000,45888.000000000,90.000000000,0.500000000,0.500000000,,270411,0,42002662,0,10,68,500,0,0,0,1,2147483647,2147483647,2147483647,342,2026,65535,17,USD,,,YM,XCBT,MYM,FFIXSX,FUT,IPNT,,,,F,255,255,255,5,6,255,255,N,127,127,255,0,0,0,,,N,,,0,0,0,0,0,MYMM6
2026-01-04T13:03:56.440790944Z,2026-01-04T13:03:56.235508945Z,19,1,42002662,MYMM6,A,F,1.000000000,1.000000000,2026-06-18T13:30:00.000000000Z,2025-06-20T13:30:00.000000000Z,52304.000000000,45532.000000000,90.000000000,0.500000000,0.500000000,,270411,0,42002662,0,10,68,500,0,0,0,1,2147483647,2147483647,2147483647,342,2026,65535,17,USD,,,YM,XCBT,MYM,FFIXSX,FUT,IPNT,,,,F,255,255,255,5,6,255,255,N,127,127,255,0,0,0,,,N,,,0,0,0,0,0,MYMM6
2026-01-05T00:00:00.000000000Z,2026-01-04T13:03:56.235508945Z,19,1,42002662,MYMM6,A,F,1.000000000,1.000000000,2026-06-18T13:30:00.000000000Z,2025-06-20T13:30:00.000000000Z,52304.000000000,45532.000000000,90.000000000,0.500000000,0.500000000,,270411,0,42002662,0,10,68,500,0,0,0,1,2147483647,2147483647,2147483647,342,2026,65535,17,USD,,,YM,XCBT,MYM,FFIXSX,FUT,IPNT,,,,F,255,255,255,5,6,255,255,N,127,127,255,0,0,0,,,N,,,0,0,0,0,0,MYMM6
2026-01-06T00:00:00.000000000Z,2026-01-04T13:03:56.235508945Z,19,1,42002662,MYMM6,A,F,1.000000000,1.000000000,2026-06-18T13:30:00.000000000Z,2025-06-20T13:30:00.000000000Z,52304.000000000,45532.000000000,90.000000000,0.500000000,0.500000000,,270411,0,42002662,0,10,68,500,0,0,0,1,2147483647,2147483647,2147483647,342,2026,65535,17,USD,,,YM,XCBT,MYM,FFIXSX,FUT,IPNT,,,,F,255,255,255,5,6,255,255,N,127,127,255,0,0,0,,,N,,,0,0,0,0,0,MYMM6
2026-01-07T00:00:00.000000000Z,2026-01-04T13:03:56.235508945Z,19,1,42002662,MYMM6,A,F,1.000000000,1.000000000,2026-06-18T13:30:00.000000000Z,2025-06-20T13:30:00.000000000Z,52304.000000000,45532.000000000,90.000000000,0.500000000,0.500000000,,270411,0,42002662,0,10,68,500,0,0,0,1,2147483647,2147483647,2147483647,342,2026,65535,17,USD,,,YM,XCBT,MYM,FFIXSX,FUT,IPNT,,,,F,255,255,255,5,6,255,255,N,127,127,255,0,0,0,,,N,,,0,0,0,0,0,MYMM6
2026-01-08T00:00:00.000000000Z,2026-01-04T13:03:56.235508945Z,19,1,42002662,MYMM6,A,F,1.000000000,1.000000000,2026-06-18T13:30:00.000000000Z,2025-06-20T13:30:00.000000000Z,52304.000000000,45532.000000000,90.000000000,0.500000000,0.500000000,,270411,0,42002662,0,10,68,500,0,0,0,1,2147483647,2147483647,2147483647,342,2026,65535,17,USD,,,YM,XCBT,MYM,FFIXSX,FUT,IPNT,,,,F,255,255,255,5,6,255,255,N,127,127,255,0,0,0,,,N,,,0,0,0,0,0,MYMM6
2026-01-09T00:00:00.000000000Z,2026-01-04T13:03:56.235508945Z,19,1,42002662,MYMM6,A,F,1.000000000,1.000000000,2026-06-18T13:30:00.000000000Z,2025-06-20T13:30:00.000000000Z,52304.000000000,45532.000000000,90.000000000,0.500000000,0.500000000,,270411,0,42002662,0,10,68,500,0,0,0,1,2147483647,2147483647,2147483647,342,2026,65535,17,USD,,,YM,XCBT,MYM,FFIXSX,FUT,IPNT,,,,F,255,255,255,5,6,255,255,N,127,127,255,0,0,0,,,N,,,0,0,0,0,0,MYMM6
2026-01-11T13:00:32.089079296Z,2026-01-11T13:00:31.898695875Z,19,1,42002662,MYMM6,A,F,1.000000000,1.000000000,2026-06-18T13:30:00.000000000Z,2025-06-20T13:30:00.000000000Z,53505.000000000,46575.000000000,90.000000000,0.500000000,0.500000000,,270411,0,42002662,0,10,68,500,0,0,0,1,2147483647,2147483647,2147483647,342,2026,65535,17,USD,,,YM,XCBT,MYM,FFIXSX,FUT,IPNT,,,,F,255,255,255,5,6,255,255,N,127,127,255,0,0,0,,,N,,,0,0,0,0,0,MYMM6
2026-01-12T00:00:00.000000000Z,2026-01-11T13:00:31.898695875Z,19,1,42002662,MYMM6,A,F,1.000000000,1.000000000,2026-06-18T13:30:00.000000000Z,2025-06-20T13:30:00.000000000Z,53505.000000000,46575.000000000,90.000000000,0.500000000,0.500000000,,270411,0,42002662,0,10,68,500,0,0,0,1,2147483647,2147483647,2147483647,342,2026,65535,17,USD,,,YM,XCBT,MYM,FFIXSX,FUT,IPNT,,,,F,255,255,255,5,6,255,255,N,127,127,255,0,0,0,,,N,,,0,0,0,0,0,MYMM6
2026-01-13T00:00:00.000000000Z,2026-01-11T13:00:31.898695875Z,19,1,42002662,MYMM6,A,F,1.000000000,1.000000000,2026-06-18T13:30:00.000000000Z,2025-06-20T13:30:00.000000000Z,53505.000000000,46575.000000000,90.000000000,0.500000000,0.500000000,,270411,0,42002662,0,10,68,500,0,0,0,1,2147483647,2147483647,2147483647,342,2026,65535,17,USD,,,YM,XCBT,MYM,FFIXSX,FUT,IPNT,,,,F,255,255,255,5,6,255,255,N,127,127,255,0,0,0,,,N,,,0,0,0,0,0,MYMM6
2026-01-14T00:00:00.000000000Z,2026-01-11T13:00:31.898695875Z,19,1,42002662,MYMM6,A,F,1.000000000,1.000000000,2026-06-18T13:30:00.000000000Z,2025-06-20T13:30:00.000000000Z,53505.000000000,46575.000000000,90.000000000,0.500000000,0.500000000,,270411,0,42002662,0,10,68,500,0,0,0,1,2147483647,2147483647,2147483647,342,2026,65535,17,USD,,,YM,XCBT,MYM,FFIXSX,FUT,IPNT,,,,F,255,255,255,5,6,255,255,N,127,127,255,0,0,0,,,N,,,0,0,0,0,0,MYMM6
2026-01-15T00:00:00.000000000Z,2026-01-11T13:00:31.898695875Z,19,1,42002662,MYMM6,A,F,1.000000000,1.000000000,2026-06-18T13:30:00.000000000Z,2025-06-20T13:30:00.000000000Z,53505.000000000,46575.000000000,90.000000000,0.500000000,0.500000000,,270411,0,42002662,0,10,68,500,0,0,0,1,2147483647,2147483647,2147483647,342,2026,65535,17,USD,,,YM,XCBT,MYM,FFIXSX,FUT,IPNT,,,,F,255,255,255,5,6,255,255,N,127,127,255,0,0,0,,,N,,,0,0,0,0,0,MYMM6
2026-01-16T00:00:00.000000000Z,2026-01-11T13:00:31.898695875Z,19,1,42002662,MYMM6,A,F,1.000000000,1.000000000,2026-06-18T13:30:00.000000000Z,2025-06-20T13:30:00.000000000Z,53505.000000000,46575.000000000,90.000000000,0.500000000,0.500000000,,270411,0,42002662,0,10,68,500,0,0,0,1,2147483647,2147483647,2147483647,342,2026,65535,17,USD,,,YM,XCBT,MYM,FFIXSX,FUT,IPNT,,,,F,255,255,255,5,6,255,255,N,127,127,255,0,0,0,,,N,,,0,0,0,0,0,MYMM6
2026-01-18T14:24:20.458505072Z,2026-01-18T14:24:20.272649415Z,19,1,42002662,MYMM6,A,F,1.000000000,1.000000000,2026-06-18T13:30:00.000000000Z,2025-06-20T13:30:00.000000000Z,53336.000000000,46426.000000000,90.000000000,0.500000000,0.500000000,,270411,0,42002662,0,10,68,500,0,0,0,1,2147483647,2147483647,2147483647,342,2026,65535,17,USD,,,YM,XCBT,MYM,FFIXSX,FUT,IPNT,,,,F,255,255,255,5,6,255,255,N,127,127,255,0,0,0,,,N,,,0,0,0,0,0,MYMM6
2026-01-19T00:00:00.000000000Z,2026-01-18T14:24:20.272649415Z,19,1,42002662,MYMM6,A,F,1.000000000,1.000000000,2026-06-18T13:30:00.000000000Z,2025-06-20T13:30:00.000000000Z,53336.000000000,46426.000000000,90.000000000,0.500000000,0.500000000,,270411,0,42002662,0,10,68,500,0,0,0,1,2147483647,2147483647,2147483647,342,2026,65535,17,USD,,,YM,XCBT,MYM,FFIXSX,FUT,IPNT,,,,F,255,255,255,5,6,255,255,N,127,127,255,0,0,0,,,N,,,0,0,0,0,0,MYMM6
2026-01-20T00:00:00.000000000Z,2026-01-18T14:24:20.272649415Z,19,1,42002662,MYMM6,A,F,1.000000000,1.000000000,2026-06-18T13:30:00.000000000Z,2025-06-20T13:30:00.000000000Z,53336.000000000,46426.000000000,90.000000000,0.500000000,0.500000000,,270411,0,42002662,0,10,68,500,0,0,0,1,2147483647,2147483647,2147483647,342,2026,65535,17,USD,,,YM,XCBT,MYM,FFIXSX,FUT,IPNT,,,,F,255,255,255,5,6,255,255,N,127,127,255,0,0,0,,,N,,,0,0,0,0,0,MYMM6
2026-01-21T00:00:00.000000000Z,2026-01-18T14:24:20.272649415Z,19,1,42002662,MYMM6,A,F,1.000000000,1.000000000,2026-06-18T13:30:00.000000000Z,2025-06-20T13:30:00.000000000Z,53336.000000000,46426.000000000,90.000000000,0.500000000,0.500000000,,270411,0,42002662,0,10,68,500,0,0,0,1,2147483647,2147483647,2147483647,342,2026,65535,17,USD,,,YM,XCBT,MYM,FFIXSX,FUT,IPNT,,,,F,255,255,255,5,6,255,255,N,127,127,255,0,0,0,,,N,,,0,0,0,0,0,MYMM6
2026-01-22T00:00:00.000000000Z,2026-01-18T14:24:20.272649415Z,19,1,42002662,MYMM6,A,F,1.000000000,1.000000000,2026-06-18T13:30:00.000000000Z,2025-06-20T13:30:00.000000000Z,53336.000000000,46426.000000000,90.000000000,0.500000000,0.500000000,,270411,0,42002662,0,10,68,500,0,0,0,1,2147483647,2147483647,2147483647,342,2026,65535,17,USD,,,YM,XCBT,MYM,FFIXSX,FUT,IPNT,,,,F,255,255,255,5,6,255,255,N,127,127,255,0,0,0,,,N,,,0,0,0,0,0,MYMM6
2026-01-23T00:00:00.000000000Z,2026-01-18T14:24:20.272649415Z,19,1,42002662,MYMM6,A,F,1.000000000,1.000000000,2026-06-18T13:30:00.000000000Z,2025-06-20T13:30:00.000000000Z,53336.000000000,46426.000000000,90.000000000,0.500000000,0.500000000,,270411,0,42002662,0,10,68,500,0,0,0,1,2147483647,2147483647,2147483647,342,2026,65535,17,USD,,,YM,XCBT,MYM,FFIXSX,FUT,IPNT,,,,F,255,255,255,5,6,255,255,N,127,127,255,0,0,0,,,N,,,0,0,0,0,0,MYMM6
2026-01-25T13:18:36.272920908Z,2026-01-25T13:18:36.079454937Z,19,1,42002662,MYMM6,A,F,1.000000000,1.000000000,2026-06-18T13:30:00.000000000Z,2025-06-20T13:30:00.000000000Z,53028.000000000,46156.000000000,90.000000000,0.500000000,0.500000000,,270411,0,42002662,0,10,68,500,0,0,0,1,2147483647,2147483647,2147483647,342,2026,65535,17,USD,,,YM,XCBT,MYM,FFIXSX,FUT,IPNT,,,,F,255,255,255,5,6,255,255,N,127,127,255,0,0,0,,,N,,,0,0,0,0,0,MYMM6
2026-01-26T00:00:00.000000000Z,2026-01-25T13:18:36.079454937Z,19,1,42002662,MYMM6,A,F,1.000000000,1.000000000,2026-06-18T13:30:00.000000000Z,2025-06-20T13:30:00.000000000Z,53028.000000000,46156.000000000,90.000000000,0.500000000,0.500000000,,270411,0,42002662,0,10,68,500,0,0,0,1,2147483647,2147483647,2147483647,342,2026,65535,17,USD,,,YM,XCBT,MYM,FFIXSX,FUT,IPNT,,,,F,255,255,255,5,6,255,255,N,127,127,255,0,0,0,,,N,,,0,0,0,0,0,MYMM6
2026-01-27T00:00:00.000000000Z,2026-01-25T13:18:36.079454937Z,19,1,42002662,MYMM6,A,F,1.000000000,1.000000000,2026-06-18T13:30:00.000000000Z,2025-06-20T13:30:00.000000000Z,53028.000000000,46156.000000000,90.000000000,0.500000000,0.500000000,,270411,0,42002662,0,10,68,500,0,0,0,1,2147483647,2147483647,2147483647,342,2026,65535,17,USD,,,YM,XCBT,MYM,FFIXSX,FUT,IPNT,,,,F,255,255,255,5,6,255,255,N,127,127,255,0,0,0,,,N,,,0,0,0,0,0,MYMM6
2026-01-28T00:00:00.000000000Z,2026-01-25T13:18:36.079454937Z,19,1,42002662,MYMM6,A,F,1.000000000,1.000000000,2026-06-18T13:30:00.000000000Z,2025-06-20T13:30:00.000000000Z,53028.000000000,46156.000000000,90.000000000,0.500000000,0.500000000,,270411,0,42002662,0,10,68,500,0,0,0,1,2147483647,2147483647,2147483647,342,2026,65535,17,USD,,,YM,XCBT,MYM,FFIXSX,FUT,IPNT,,,,F,255,255,255,5,6,255,255,N,127,127,255,0,0,0,,,N,,,0,0,0,0,0,MYMM6
2026-01-29T00:00:00.000000000Z,2026-01-25T13:18:36.079454937Z,19,1,42002662,MYMM6,A,F,1.000000000,1.000000000,2026-06-18T13:30:00.000000000Z,2025-06-20T13:30:00.000000000Z,53028.000000000,46156.000000000,90.000000000,0.500000000,0.500000000,,270411,0,42002662,0,10,68,500,0,0,0,1,2147483647,2147483647,2147483647,342,2026,65535,17,USD,,,YM,XCBT,MYM,FFIXSX,FUT,IPNT,,,,F,255,255,255,5,6,255,255,N,127,127,255,0,0,0,,,N,,,0,0,0,0,0,MYMM6
2026-01-30T00:00:00.000000000Z,2026-01-25T13:18:36.079454937Z,19,1,42002662,MYMM6,A,F,1.000000000,1.000000000,2026-06-18T13:30:00.000000000Z,2025-06-20T13:30:00.000000000Z,53028.000000000,46156.000000000,90.000000000,0.500000000,0.500000000,,270411,0,42002662,0,10,68,500,0,0,0,1,2147483647,2147483647,2147483647,342,2026,65535,17,USD,,,YM,XCBT,MYM,FFIXSX,FUT,IPNT,,,,F,255,255,255,5,6,255,255,N,127,127,255,0,0,0,,,N,,,0,0,0,0,0,MYMM6
2026-02-01T13:32:24.114671596Z,2026-02-01T13:32:23.925884635Z,19,1,42002662,MYMM6,A,F,1.000000000,1.000000000,2026-06-18T13:30:00.000000000Z,2025-06-20T13:30:00.000000000Z,52760.000000000,45916.000000000,90.000000000,0.500000000,0.500000000,,270411,0,42002662,0,10,68,1500,0,0,0,1,2147483647,2147483647,2147483647,342,2026,65535,17,USD,,,YM,XCBT,MYM,FFIXSX,FUT,IPNT,,,,F,255,255,255,5,6,255,255,N,127,127,255,0,0,0,,,N,,,0,0,0,0,0,MYMM6
2026-02-02T00:00:00.000000000Z,2026-02-01T13:32:23.925884635Z,19,1,42002662,MYMM6,A,F,1.000000000,1.000000000,2026-06-18T13:30:00.000000000Z,2025-06-20T13:30:00.000000000Z,52760.000000000,45916.000000000,90.000000000,0.500000000,0.500000000,,270411,0,42002662,0,10,68,1500,0,0,0,1,2147483647,2147483647,2147483647,342,2026,65535,17,USD,,,YM,XCBT,MYM,FFIXSX,FUT,IPNT,,,,F,255,255,255,5,6,255,255,N,127,127,255,0,0,0,,,N,,,0,0,0,0,0,MYMM6
2026-02-03T00:00:00.000000000Z,2026-02-01T13:32:23.925884635Z,19,1,42002662,MYMM6,A,F,1.000000000,1.000000000,2026-06-18T13:30:00.000000000Z,2025-06-20T13:30:00.000000000Z,52760.000000000,45916.000000000,90.000000000,0.500000000,0.500000000,,270411,0,42002662,0,10,68,1500,0,0,0,1,2147483647,2147483647,2147483647,342,2026,65535,17,USD,,,YM,XCBT,MYM,FFIXSX,FUT,IPNT,,,,F,255,255,255,5,6,255,255,N,127,127,255,0,0,0,,,N,,,0,0,0,0,0,MYMM6
2026-02-04T00:00:00.000000000Z,2026-02-01T13:32:23.925884635Z,19,1,42002662,MYMM6,A,F,1.000000000,1.000000000,2026-06-18T13:30:00.000000000Z,2025-06-20T13:30:00.000000000Z,52760.000000000,45916.000000000,90.000000000,0.500000000,0.500000000,,270411,0,42002662,0,10,68,1500,0,0,0,1,2147483647,2147483647,2147483647,342,2026,65535,17,USD,,,YM,XCBT,MYM,FFIXSX,FUT,IPNT,,,,F,255,255,255,5,6,255,255,N,127,127,255,0,0,0,,,N,,,0,0,0,0,0,MYMM6
2026-02-05T00:00:00.000000000Z,2026-02-01T13:32:23.925884635Z,19,1,42002662,MYMM6,A,F,1.000000000,1.000000000,2026-06-18T13:30:00.000000000Z,2025-06-20T13:30:00.000000000Z,52760.000000000,45916.000000000,90.000000000,0.500000000,0.500000000,,270411,0,42002662,0,10,68,1500,0,0,0,1,2147483647,2147483647,2147483647,342,2026,65535,17,USD,,,YM,XCBT,MYM,FFIXSX,FUT,IPNT,,,,F,255,255,255,5,6,255,255,N,127,127,255,0,0,0,,,N,,,0,0,0,0,0,MYMM6
2026-02-06T00:00:00.000000000Z,2026-02-01T13:32:23.925884635Z,19,1,42002662,MYMM6,A,F,1.000000000,1.000000000,2026-06-18T13:30:00.000000000Z,2025-06-20T13:30:00.000000000Z,52760.000000000,45916.000000000,90.000000000,0.500000000,0.500000000,,270411,0,42002662,0,10,68,1500,0,0,0,1,2147483647,2147483647,2147483647,342,2026,65535,17,USD,,,YM,XCBT,MYM,FFIXSX,FUT,IPNT,,,,F,255,255,255,5,6,255,255,N,127,127,255,0,0,0,,,N,,,0,0,0,0,0,MYMM6
2026-02-08T12:48:40.184827140Z,2026-02-08T12:48:40.019549085Z,19,1,42002662,MYMM6,A,F,1.000000000,1.000000000,2026-06-18T13:30:00.000000000Z,2025-06-20T13:30:00.000000000Z,54040.000000000,47024.000000000,90.000000000,0.500000000,0.500000000,,270411,0,42002662,0,10,68,1500,0,0,0,1,2147483647,2147483647,2147483647,342,2026,65535,17,USD,,,YM,XCBT,MYM,FFIXSX,FUT,IPNT,,,,F,255,255,255,5,6,255,255,N,127,127,255,0,0,0,,,N,,,0,0,0,0,0,MYMM6
2026-02-09T00:00:00.000000000Z,2026-02-08T12:48:40.019549085Z,19,1,42002662,MYMM6,A,F,1.000000000,1.000000000,2026-06-18T13:30:00.000000000Z,2025-06-20T13:30:00.000000000Z,54040.000000000,47024.000000000,90.000000000,0.500000000,0.500000000,,270411,0,42002662,0,10,68,1500,0,0,0,1,2147483647,2147483647,2147483647,342,2026,65535,17,USD,,,YM,XCBT,MYM,FFIXSX,FUT,IPNT,,,,F,255,255,255,5,6,255,255,N,127,127,255,0,0,0,,,N,,,0,0,0,0,0,MYMM6
2026-02-10T00:00:00.000000000Z,2026-02-08T12:48:40.019549085Z,19,1,42002662,MYMM6,A,F,1.000000000,1.000000000,2026-06-18T13:30:00.000000000Z,2025-06-20T13:30:00.000000000Z,54040.000000000,47024.000000000,90.000000000,0.500000000,0.500000000,,270411,0,42002662,0,10,68,1500,0,0,0,1,2147483647,2147483647,2147483647,342,2026,65535,17,USD,,,YM,XCBT,MYM,FFIXSX,FUT,IPNT,,,,F,255,255,255,5,6,255,255,N,127,127,255,0,0,0,,,N,,,0,0,0,0,0,MYMM6
2026-02-11T00:00:00.000000000Z,2026-02-08T12:48:40.019549085Z,19,1,42002662,MYMM6,A,F,1.000000000,1.000000000,2026-06-18T13:30:00.000000000Z,2025-06-20T13:30:00.000000000Z,54040.000000000,47024.000000000,90.000000000,0.500000000,0.500000000,,270411,0,42002662,0,10,68,1500,0,0,0,1,2147483647,2147483647,2147483647,342,2026,65535,17,USD,,,YM,XCBT,MYM,FFIXSX,FUT,IPNT,,,,F,255,255,255,5,6,255,255,N,127,127,255,0,0,0,,,N,,,0,0,0,0,0,MYMM6
2026-02-12T00:00:00.000000000Z,2026-02-08T12:48:40.019549085Z,19,1,42002662,MYMM6,A,F,1.000000000,1.000000000,2026-06-18T13:30:00.000000000Z,2025-06-20T13:30:00.000000000Z,54040.000000000,47024.000000000,90.000000000,0.500000000,0.500000000,,270411,0,42002662,0,10,68,1500,0,0,0,1,2147483647,2147483647,2147483647,342,2026,65535,17,USD,,,YM,XCBT,MYM,FFIXSX,FUT,IPNT,,,,F,255,255,255,5,6,255,255,N,127,127,255,0,0,0,,,N,,,0,0,0,0,0,MYMM6
2026-02-13T00:00:00.000000000Z,2026-02-08T12:48:40.019549085Z,19,1,42002662,MYMM6,A,F,1.000000000,1.000000000,2026-06-18T13:30:00.000000000Z,2025-06-20T13:30:00.000000000Z,54040.000000000,47024.000000000,90.000000000,0.500000000,0.500000000,,270411,0,42002662,0,10,68,1500,0,0,0,1,2147483647,2147483647,2147483647,342,2026,65535,17,USD,,,YM,XCBT,MYM,FFIXSX,FUT,IPNT,,,,F,255,255,255,5,6,255,255,N,127,127,255,0,0,0,,,N,,,0,0,0,0,0,MYMM6
2026-02-15T14:02:25.755720915Z,2026-02-15T14:02:25.557787547Z,19,1,42002662,MYMM6,A,F,1.000000000,1.000000000,2026-06-18T13:30:00.000000000Z,2025-06-20T13:30:00.000000000Z,53360.000000000,46430.000000000,90.000000000,0.500000000,0.500000000,,270411,0,42002662,0,10,68,1500,0,0,0,1,2147483647,2147483647,2147483647,342,2026,65535,17,USD,,,YM,XCBT,MYM,FFIXSX,FUT,IPNT,,,,F,255,255,255,5,6,255,255,N,127,127,255,0,0,0,,,N,,,0,0,0,0,0,MYMM6
2026-02-16T00:00:00.000000000Z,2026-02-15T14:02:25.557787547Z,19,1,42002662,MYMM6,A,F,1.000000000,1.000000000,2026-06-18T13:30:00.000000000Z,2025-06-20T13:30:00.000000000Z,53360.000000000,46430.000000000,90.000000000,0.500000000,0.500000000,,270411,0,42002662,0,10,68,1500,0,0,0,1,2147483647,2147483647,2147483647,342,2026,65535,17,USD,,,YM,XCBT,MYM,FFIXSX,FUT,IPNT,,,,F,255,255,255,5,6,255,255,N,127,127,255,0,0,0,,,N,,,0,0,0,0,0,MYMM6
2026-02-17T00:00:00.000000000Z,2026-02-15T14:02:25.557787547Z,19,1,42002662,MYMM6,A,F,1.000000000,1.000000000,2026-06-18T13:30:00.000000000Z,2025-06-20T13:30:00.000000000Z,53360.000000000,46430.000000000,90.000000000,0.500000000,0.500000000,,270411,0,42002662,0,10,68,1500,0,0,0,1,2147483647,2147483647,2147483647,342,2026,65535,17,USD,,,YM,XCBT,MYM,FFIXSX,FUT,IPNT,,,,F,255,255,255,5,6,255,255,N,127,127,255,0,0,0,,,N,,,0,0,0,0,0,MYMM6
2026-02-18T00:00:00.000000000Z,2026-02-15T14:02:25.557787547Z,19,1,42002662,MYMM6,A,F,1.000000000,1.000000000,2026-06-18T13:30:00.000000000Z,2025-06-20T13:30:00.000000000Z,53360.000000000,46430.000000000,90.000000000,0.500000000,0.500000000,,270411,0,42002662,0,10,68,1500,0,0,0,1,2147483647,2147483647,2147483647,342,2026,65535,17,USD,,,YM,XCBT,MYM,FFIXSX,FUT,IPNT,,,,F,255,255,255,5,6,255,255,N,127,127,255,0,0,0,,,N,,,0,0,0,0,0,MYMM6
2026-02-19T00:00:00.000000000Z,2026-02-15T14:02:25.557787547Z,19,1,42002662,MYMM6,A,F,1.000000000,1.000000000,2026-06-18T13:30:00.000000000Z,2025-06-20T13:30:00.000000000Z,53360.000000000,46430.000000000,90.000000000,0.500000000,0.500000000,,270411,0,42002662,0,10,68,1500,0,0,0,1,2147483647,2147483647,2147483647,342,2026,65535,17,USD,,,YM,XCBT,MYM,FFIXSX,FUT,IPNT,,,,F,255,255,255,5,6,255,255,N,127,127,255,0,0,0,,,N,,,0,0,0,0,0,MYMM6
2026-02-20T00:00:00.000000000Z,2026-02-15T14:02:25.557787547Z,19,1,42002662,MYMM6,A,F,1.000000000,1.000000000,2026-06-18T13:30:00.000000000Z,2025-06-20T13:30:00.000000000Z,53360.000000000,46430.000000000,90.000000000,0.500000000,0.500000000,,270411,0,42002662,0,10,68,1500,0,0,0,1,2147483647,2147483647,2147483647,342,2026,65535,17,USD,,,YM,XCBT,MYM,FFIXSX,FUT,IPNT,,,,F,255,255,255,5,6,255,255,N,127,127,255,0,0,0,,,N,,,0,0,0,0,0,MYMM6
2026-02-22T12:39:52.436116032Z,2026-02-22T12:39:52.249134779Z,19,1,42002662,MYMM6,A,F,1.000000000,1.000000000,2026-06-18T13:30:00.000000000Z,2025-06-20T13:30:00.000000000Z,53469.000000000,46523.000000000,90.000000000,0.500000000,0.500000000,,270411,0,42002662,0,10,68,1500,0,0,0,1,2147483647,2147483647,2147483647,342,2026,65535,17,USD,,,YM,XCBT,MYM,FFIXSX,FUT,IPNT,,,,F,255,255,255,5,6,255,255,N,127,127,255,0,0,0,,,N,,,0,0,0,0,0,MYMM6
2026-02-23T00:00:00.000000000Z,2026-02-22T12:39:52.249134779Z,19,1,42002662,MYMM6,A,F,1.000000000,1.000000000,2026-06-18T13:30:00.000000000Z,2025-06-20T13:30:00.000000000Z,53469.000000000,46523.000000000,90.000000000,0.500000000,0.500000000,,270411,0,42002662,0,10,68,1500,0,0,0,1,2147483647,2147483647,2147483647,342,2026,65535,17,USD,,,YM,XCBT,MYM,FFIXSX,FUT,IPNT,,,,F,255,255,255,5,6,255,255,N,127,127,255,0,0,0,,,N,,,0,0,0,0,0,MYMM6
2026-02-24T00:00:00.000000000Z,2026-02-22T12:39:52.249134779Z,19,1,42002662,MYMM6,A,F,1.000000000,1.000000000,2026-06-18T13:30:00.000000000Z,2025-06-20T13:30:00.000000000Z,53469.000000000,46523.000000000,90.000000000,0.500000000,0.500000000,,270411,0,42002662,0,10,68,1500,0,0,0,1,2147483647,2147483647,2147483647,342,2026,65535,17,USD,,,YM,XCBT,MYM,FFIXSX,FUT,IPNT,,,,F,255,255,255,5,6,255,255,N,127,127,255,0,0,0,,,N,,,0,0,0,0,0,MYMM6
2026-02-25T00:00:00.000000000Z,2026-02-22T12:39:52.249134779Z,19,1,42002662,MYMM6,A,F,1.000000000,1.000000000,2026-06-18T13:30:00.000000000Z,2025-06-20T13:30:00.000000000Z,53469.000000000,46523.000000000,90.000000000,0.500000000,0.500000000,,270411,0,42002662,0,10,68,1500,0,0,0,1,2147483647,2147483647,2147483647,342,2026,65535,17,USD,,,YM,XCBT,MYM,FFIXSX,FUT,IPNT,,,,F,255,255,255,5,6,255,255,N,127,127,255,0,0,0,,,N,,,0,0,0,0,0,MYMM6
2026-02-26T00:00:00.000000000Z,2026-02-22T12:39:52.249134779Z,19,1,42002662,MYMM6,A,F,1.000000000,1.000000000,2026-06-18T13:30:00.000000000Z,2025-06-20T13:30:00.000000000Z,53469.000000000,46523.000000000,90.000000000,0.500000000,0.500000000,,270411,0,42002662,0,10,68,1500,0,0,0,1,2147483647,2147483647,2147483647,342,2026,65535,17,USD,,,YM,XCBT,MYM,FFIXSX,FUT,IPNT,,,,F,255,255,255,5,6,255,255,N,127,127,255,0,0,0,,,N,,,0,0,0,0,0,MYMM6
2026-02-27T00:00:00.000000000Z,2026-02-22T12:39:52.249134779Z,19,1,42002662,MYMM6,A,F,1.000000000,1.000000000,2026-06-18T13:30:00.000000000Z,2025-06-20T13:30:00.000000000Z,53469.000000000,46523.000000000,90.000000000,0.500000000,0.500000000,,270411,0,42002662,0,10,68,1500,0,0,0,1,2147483647,2147483647,2147483647,342,2026,65535,17,USD,,,YM,XCBT,MYM,FFIXSX,FUT,IPNT,,,,F,255,255,255,5,6,255,255,N,127,127,255,0,0,0,,,N,,,0,0,0,0,0,MYMM6
2026-03-01T13:02:48.406558365Z,2026-03-01T13:02:48.218342943Z,19,1,42002662,MYMM6,A,F,1.000000000,1.000000000,2026-06-18T13:30:00.000000000Z,2025-06-20T13:30:00.000000000Z,52746.000000000,45890.000000000,90.000000000,0.500000000,0.500000000,,270411,0,42002662,0,10,68,1500,0,0,0,1,2147483647,2147483647,2147483647,342,2026,65535,17,USD,,,YM,XCBT,MYM,FFIXSX,FUT,IPNT,,,,F,255,255,255,5,6,255,255,N,127,127,255,0,0,0,,,N,,,0,0,0,0,0,MYMM6
2026-03-02T00:00:00.000000000Z,2026-03-01T13:02:48.218342943Z,19,1,42002662,MYMM6,A,F,1.000000000,1.000000000,2026-06-18T13:30:00.000000000Z,2025-06-20T13:30:00.000000000Z,52746.000000000,45890.000000000,90.000000000,0.500000000,0.500000000,,270411,0,42002662,0,10,68,1500,0,0,0,1,2147483647,2147483647,2147483647,342,2026,65535,17,USD,,,YM,XCBT,MYM,FFIXSX,FUT,IPNT,,,,F,255,255,255,5,6,255,255,N,127,127,255,0,0,0,,,N,,,0,0,0,0,0,MYMM6
2026-03-03T00:00:00.000000000Z,2026-03-01T13:02:48.218342943Z,19,1,42002662,MYMM6,A,F,1.000000000,1.000000000,2026-06-18T13:30:00.000000000Z,2025-06-20T13:30:00.000000000Z,52746.000000000,45890.000000000,90.000000000,0.500000000,0.500000000,,270411,0,42002662,0,10,68,1500,0,0,0,1,2147483647,2147483647,2147483647,342,2026,65535,17,USD,,,YM,XCBT,MYM,FFIXSX,FUT,IPNT,,,,F,255,255,255,5,6,255,255,N,127,127,255,0,0,0,,,N,,,0,0,0,0,0,MYMM6
2026-03-04T00:00:00.000000000Z,2026-03-01T13:02:48.218342943Z,19,1,42002662,MYMM6,A,F,1.000000000,1.000000000,2026-06-18T13:30:00.000000000Z,2025-06-20T13:30:00.000000000Z,52746.000000000,45890.000000000,90.000000000,0.500000000,0.500000000,,270411,0,42002662,0,10,68,1500,0,0,0,1,2147483647,2147483647,2147483647,342,2026,65535,17,USD,,,YM,XCBT,MYM,FFIXSX,FUT,IPNT,,,,F,255,255,255,5,6,255,255,N,127,127,255,0,0,0,,,N,,,0,0,0,0,0,MYMM6
2026-03-05T00:00:00.000000000Z,2026-03-01T13:02:48.218342943Z,19,1,42002662,MYMM6,A,F,1.000000000,1.000000000,2026-06-18T13:30:00.000000000Z,2025-06-20T13:30:00.000000000Z,52746.000000000,45890.000000000,90.000000000,0.500000000,0.500000000,,270411,0,42002662,0,10,68,1500,0,0,0,1,2147483647,2147483647,2147483647,342,2026,65535,17,USD,,,YM,XCBT,MYM,FFIXSX,FUT,IPNT,,,,F,255,255,255,5,6,255,255,N,127,127,255,0,0,0,,,N,,,0,0,0,0,0,MYMM6
2026-03-06T00:00:00.000000000Z,2026-03-01T13:02:48.218342943Z,19,1,42002662,MYMM6,A,F,1.000000000,1.000000000,2026-06-18T13:30:00.000000000Z,2025-06-20T13:30:00.000000000Z,52746.000000000,45890.000000000,90.000000000,0.500000000,0.500000000,,270411,0,42002662,0,10,68,1500,0,0,0,1,2147483647,2147483647,2147483647,342,2026,65535,17,USD,,,YM,XCBT,MYM,FFIXSX,FUT,IPNT,,,,F,255,255,255,5,6,255,255,N,127,127,255,0,0,0,,,N,,,0,0,0,0,0,MYMM6
2026-03-08T15:00:40.567692744Z,2026-03-08T15:00:40.395975271Z,19,1,42002662,MYMM6,A,F,1.000000000,1.000000000,2026-06-18T13:30:00.000000000Z,2025-06-20T13:30:00.000000000Z,51142.000000000,44492.000000000,90.000000000,0.500000000,0.500000000,,270411,0,42002662,0,10,68,1500,0,0,0,1,2147483647,2147483647,2147483647,342,2026,65535,17,USD,,,YM,XCBT,MYM,FFIXSX,FUT,IPNT,,,,F,255,255,255,5,6,255,255,N,127,127,255,0,0,0,,,N,,,0,0,0,0,0,MYMM6
2026-03-09T00:00:00.000000000Z,2026-03-08T15:00:40.395975271Z,19,1,42002662,MYMM6,A,F,1.000000000,1.000000000,2026-06-18T13:30:00.000000000Z,2025-06-20T13:30:00.000000000Z,51142.000000000,44492.000000000,90.000000000,0.500000000,0.500000000,,270411,0,42002662,0,10,68,1500,0,0,0,1,2147483647,2147483647,2147483647,342,2026,65535,17,USD,,,YM,XCBT,MYM,FFIXSX,FUT,IPNT,,,,F,255,255,255,5,6,255,255,N,127,127,255,0,0,0,,,N,,,0,0,0,0,0,MYMM6
2026-03-10T00:00:00.000000000Z,2026-03-08T15:00:40.395975271Z,19,1,42002662,MYMM6,A,F,1.000000000,1.000000000,2026-06-18T13:30:00.000000000Z,2025-06-20T13:30:00.000000000Z,51142.000000000,44492.000000000,90.000000000,0.500000000,0.500000000,,270411,0,42002662,0,10,68,1500,0,0,0,1,2147483647,2147483647,2147483647,342,2026,65535,17,USD,,,YM,XCBT,MYM,FFIXSX,FUT,IPNT,,,,F,255,255,255,5,6,255,255,N,127,127,255,0,0,0,,,N,,,0,0,0,0,0,MYMM6
2026-03-11T00:00:00.000000000Z,2026-03-08T15:00:40.395975271Z,19,1,42002662,MYMM6,A,F,1.000000000,1.000000000,2026-06-18T13:30:00.000000000Z,2025-06-20T13:30:00.000000000Z,51142.000000000,44492.000000000,90.000000000,0.500000000,0.500000000,,270411,0,42002662,0,10,68,1500,0,0,0,1,2147483647,2147483647,2147483647,342,2026,65535,17,USD,,,YM,XCBT,MYM,FFIXSX,FUT,IPNT,,,,F,255,255,255,5,6,255,255,N,127,127,255,0,0,0,,,N,,,0,0,0,0,0,MYMM6
2026-03-12T00:00:00.000000000Z,2026-03-08T15:00:40.395975271Z,19,1,42002662,MYMM6,A,F,1.000000000,1.000000000,2026-06-18T13:30:00.000000000Z,2025-06-20T13:30:00.000000000Z,51142.000000000,44492.000000000,90.000000000,0.500000000,0.500000000,,270411,0,42002662,0,10,68,1500,0,0,0,1,2147483647,2147483647,2147483647,342,2026,65535,17,USD,,,YM,XCBT,MYM,FFIXSX,FUT,IPNT,,,,F,255,255,255,5,6,255,255,N,127,127,255,0,0,0,,,N,,,0,0,0,0,0,MYMM6
2026-03-13T00:00:00.000000000Z,2026-03-08T15:00:40.395975271Z,19,1,42002662,MYMM6,A,F,1.000000000,1.000000000,2026-06-18T13:30:00.000000000Z,2025-06-20T13:30:00.000000000Z,51142.000000000,44492.000000000,90.000000000,0.500000000,0.500000000,,270411,0,42002662,0,10,68,1500,0,0,0,1,2147483647,2147483647,2147483647,342,2026,65535,17,USD,,,YM,XCBT,MYM,FFIXSX,FUT,IPNT,,,,F,255,255,255,5,6,255,255,N,127,127,255,0,0,0,,,N,,,0,0,0,0,0,MYMM6
2026-03-15T13:23:57.166071050Z,2026-03-15T13:23:56.999224061Z,19,1,42002662,MYMM6,A,F,1.000000000,1.000000000,2026-06-18T13:30:00.000000000Z,2025-06-20T13:30:00.000000000Z,50144.000000000,43626.000000000,90.000000000,0.500000000,0.500000000,,270411,0,42002662,0,10,68,1500,0,0,0,1,2147483647,2147483647,2147483647,342,2026,65535,17,USD,,,YM,XCBT,MYM,FFIXSX,FUT,IPNT,,,,F,255,255,255,5,6,255,255,N,127,127,255,0,0,0,,,N,,,0,0,0,0,0,MYMM6
2026-03-16T00:00:00.000000000Z,2026-03-15T13:23:56.999224061Z,19,1,42002662,MYMM6,A,F,1.000000000,1.000000000,2026-06-18T13:30:00.000000000Z,2025-06-20T13:30:00.000000000Z,50144.000000000,43626.000000000,90.000000000,0.500000000,0.500000000,,270411,0,42002662,0,10,68,1500,0,0,0,1,2147483647,2147483647,2147483647,342,2026,65535,17,USD,,,YM,XCBT,MYM,FFIXSX,FUT,IPNT,,,,F,255,255,255,5,6,255,255,N,127,127,255,0,0,0,,,N,,,0,0,0,0,0,MYMM6
2026-03-17T00:00:00.000000000Z,2026-03-15T13:23:56.999224061Z,19,1,42002662,MYMM6,A,F,1.000000000,1.000000000,2026-06-18T13:30:00.000000000Z,2025-06-20T13:30:00.000000000Z,50144.000000000,43626.000000000,90.000000000,0.500000000,0.500000000,,270411,0,42002662,0,10,68,1500,0,0,0,1,2147483647,2147483647,2147483647,342,2026,65535,17,USD,,,YM,XCBT,MYM,FFIXSX,FUT,IPNT,,,,F,255,255,255,5,6,255,255,N,127,127,255,0,0,0,,,N,,,0,0,0,0,0,MYMM6
2026-03-18T00:00:00.000000000Z,2026-03-15T13:23:56.999224061Z,19,1,42002662,MYMM6,A,F,1.000000000,1.000000000,2026-06-18T13:30:00.000000000Z,2025-06-20T13:30:00.000000000Z,50144.000000000,43626.000000000,90.000000000,0.500000000,0.500000000,,270411,0,42002662,0,10,68,1500,0,0,0,1,2147483647,2147483647,2147483647,342,2026,65535,17,USD,,,YM,XCBT,MYM,FFIXSX,FUT,IPNT,,,,F,255,255,255,5,6,255,255,N,127,127,255,0,0,0,,,N,,,0,0,0,0,0,MYMM6
2026-03-19T00:00:00.000000000Z,2026-03-15T13:23:56.999224061Z,19,1,42002662,MYMM6,A,F,1.000000000,1.000000000,2026-06-18T13:30:00.000000000Z,2025-06-20T13:30:00.000000000Z,50144.000000000,43626.000000000,90.000000000,0.500000000,0.500000000,,270411,0,42002662,0,10,68,1500,0,0,0,1,2147483647,2147483647,2147483647,342,2026,65535,17,USD,,,YM,XCBT,MYM,FFIXSX,FUT,IPNT,,,,F,255,255,255,5,6,255,255,N,127,127,255,0,0,0,,,N,,,0,0,0,0,0,MYMM6
2026-03-20T00:00:00.000000000Z,2026-03-15T13:23:56.999224061Z,19,1,42002662,MYMM6,A,F,1.000000000,1.000000000,2026-06-18T13:30:00.000000000Z,2025-06-20T13:30:00.000000000Z,50144.000000000,43626.000000000,90.000000000,0.500000000,0.500000000,,270411,0,42002662,0,10,68,1500,0,0,0,1,2147483647,2147483647,2147483647,342,2026,65535,17,USD,,,YM,XCBT,MYM,FFIXSX,FUT,IPNT,,,,F,255,255,255,5,6,255,255,N,127,127,255,0,0,0,,,N,,,0,0,0,0,0,MYMM6
2026-03-22T14:24:42.462361606Z,2026-03-22T14:24:42.270164661Z,19,1,42002662,MYMM6,A,F,1.000000000,1.000000000,2026-06-18T13:30:00.000000000Z,2025-06-20T13:30:00.000000000Z,49082.000000000,42702.000000000,90.000000000,0.500000000,0.500000000,,270411,0,42002662,0,10,68,1500,0,0,0,1,2147483647,2147483647,2147483647,342,2026,65535,17,USD,,,YM,XCBT,MYM,FFIXSX,FUT,IPNT,,,,F,255,255,255,5,6,255,255,N,127,127,255,0,0,0,,,N,,,0,0,0,0,0,MYMM6
2026-03-23T00:00:00.000000000Z,2026-03-22T14:24:42.270164661Z,19,1,42002662,MYMM6,A,F,1.000000000,1.000000000,2026-06-18T13:30:00.000000000Z,2025-06-20T13:30:00.000000000Z,49082.000000000,42702.000000000,90.000000000,0.500000000,0.500000000,,270411,0,42002662,0,10,68,1500,0,0,0,1,2147483647,2147483647,2147483647,342,2026,65535,17,USD,,,YM,XCBT,MYM,FFIXSX,FUT,IPNT,,,,F,255,255,255,5,6,255,255,N,127,127,255,0,0,0,,,N,,,0,0,0,0,0,MYMM6
2026-03-24T00:00:00.000000000Z,2026-03-22T14:24:42.270164661Z,19,1,42002662,MYMM6,A,F,1.000000000,1.000000000,2026-06-18T13:30:00.000000000Z,2025-06-20T13:30:00.000000000Z,49082.000000000,42702.000000000,90.000000000,0.500000000,0.500000000,,270411,0,42002662,0,10,68,1500,0,0,0,1,2147483647,2147483647,2147483647,342,2026,65535,17,USD,,,YM,XCBT,MYM,FFIXSX,FUT,IPNT,,,,F,255,255,255,5,6,255,255,N,127,127,255,0,0,0,,,N,,,0,0,0,0,0,MYMM6
2026-03-25T00:00:00.000000000Z,2026-03-22T14:24:42.270164661Z,19,1,42002662,MYMM6,A,F,1.000000000,1.000000000,2026-06-18T13:30:00.000000000Z,2025-06-20T13:30:00.000000000Z,49082.000000000,42702.000000000,90.000000000,0.500000000,0.500000000,,270411,0,42002662,0,10,68,1500,0,0,0,1,2147483647,2147483647,2147483647,342,2026,65535,17,USD,,,YM,XCBT,MYM,FFIXSX,FUT,IPNT,,,,F,255,255,255,5,6,255,255,N,127,127,255,0,0,0,,,N,,,0,0,0,0,0,MYMM6
2026-03-26T00:00:00.000000000Z,2026-03-22T14:24:42.270164661Z,19,1,42002662,MYMM6,A,F,1.000000000,1.000000000,2026-06-18T13:30:00.000000000Z,2025-06-20T13:30:00.000000000Z,49082.000000000,42702.000000000,90.000000000,0.500000000,0.500000000,,270411,0,42002662,0,10,68,1500,0,0,0,1,2147483647,2147483647,2147483647,342,2026,65535,17,USD,,,YM,XCBT,MYM,FFIXSX,FUT,IPNT,,,,F,255,255,255,5,6,255,255,N,127,127,255,0,0,0,,,N,,,0,0,0,0,0,MYMM6
2026-03-27T00:00:00.000000000Z,2026-03-22T14:24:42.270164661Z,19,1,42002662,MYMM6,A,F,1.000000000,1.000000000,2026-06-18T13:30:00.000000000Z,2025-06-20T13:30:00.000000000Z,49082.000000000,42702.000000000,90.000000000,0.500000000,0.500000000,,270411,0,42002662,0,10,68,1500,0,0,0,1,2147483647,2147483647,2147483647,342,2026,65535,17,USD,,,YM,XCBT,MYM,FFIXSX,FUT,IPNT,,,,F,255,255,255,5,6,255,255,N,127,127,255,0,0,0,,,N,,,0,0,0,0,0,MYMM6
2026-03-29T13:13:20.417228017Z,2026-03-29T13:13:20.229946461Z,19,1,42002662,MYMM6,A,F,1.000000000,1.000000000,2026-06-18T13:30:00.000000000Z,2025-06-20T13:30:00.000000000Z,48584.000000000,42262.000000000,90.000000000,0.500000000,0.500000000,,270411,0,42002662,0,10,68,1500,0,0,0,1,2147483647,2147483647,2147483647,342,2026,65535,17,USD,,,YM,XCBT,MYM,FFIXSX,FUT,IPNT,,,,F,255,255,255,5,6,255,255,N,127,127,255,0,0,0,,,N,,,0,0,0,0,0,MYMM6
2026-03-30T00:00:00.000000000Z,2026-03-29T13:13:20.229946461Z,19,1,42002662,MYMM6,A,F,1.000000000,1.000000000,2026-06-18T13:30:00.000000000Z,2025-06-20T13:30:00.000000000Z,48584.000000000,42262.000000000,90.000000000,0.500000000,0.500000000,,270411,0,42002662,0,10,68,1500,0,0,0,1,2147483647,2147483647,2147483647,342,2026,65535,17,USD,,,YM,XCBT,MYM,FFIXSX,FUT,IPNT,,,,F,255,255,255,5,6,255,255,N,127,127,255,0,0,0,,,N,,,0,0,0,0,0,MYMM6
2026-03-31T00:00:00.000000000Z,2026-03-29T13:13:20.229946461Z,19,1,42002662,MYMM6,A,F,1.000000000,1.000000000,2026-06-18T13:30:00.000000000Z,2025-06-20T13:30:00.000000000Z,48584.000000000,42262.000000000,90.000000000,0.500000000,0.500000000,,270411,0,42002662,0,10,68,1500,0,0,0,1,2147483647,2147483647,2147483647,342,2026,65535,17,USD,,,YM,XCBT,MYM,FFIXSX,FUT,IPNT,,,,F,255,255,255,5,6,255,255,N,127,127,255,0,0,0,,,N,,,0,0,0,0,0,MYMM6
2026-04-01T00:00:00.000000000Z,2026-03-29T13:13:20.229946461Z,19,1,42002662,MYMM6,A,F,1.000000000,1.000000000,2026-06-18T13:30:00.000000000Z,2025-06-20T13:30:00.000000000Z,48584.000000000,42262.000000000,90.000000000,0.500000000,0.500000000,,270411,0,42002662,0,10,68,1500,0,0,0,1,2147483647,2147483647,2147483647,342,2026,65535,17,USD,,,YM,XCBT,MYM,FFIXSX,FUT,IPNT,,,,F,255,255,255,5,6,255,255,N,127,127,255,0,0,0,,,N,,,0,0,0,0,0,MYMM6
2026-04-02T00:00:00.000000000Z,2026-03-29T13:13:20.229946461Z,19,1,42002662,MYMM6,A,F,1.000000000,1.000000000,2026-06-18T13:30:00.000000000Z,2025-06-20T13:30:00.000000000Z,48584.000000000,42262.000000000,90.000000000,0.500000000,0.500000000,,270411,0,42002662,0,10,68,1500,0,0,0,1,2147483647,2147483647,2147483647,342,2026,65535,17,USD,,,YM,XCBT,MYM,FFIXSX,FUT,IPNT,,,,F,255,255,255,5,6,255,255,N,127,127,255,0,0,0,,,N,,,0,0,0,0,0,MYMM6
2026-04-03T00:00:00.000000000Z,2026-03-29T13:13:20.229946461Z,19,1,42002662,MYMM6,A,F,1.000000000,1.000000000,2026-06-18T13:30:00.000000000Z,2025-06-20T13:30:00.000000000Z,48584.000000000,42262.000000000,90.000000000,0.500000000,0.500000000,,270411,0,42002662,0,10,68,1500,0,0,0,1,2147483647,2147483647,2147483647,342,2026,65535,17,USD,,,YM,XCBT,MYM,FFIXSX,FUT,IPNT,,,,F,255,255,255,5,6,255,255,N,127,127,255,0,0,0,,,N,,,0,0,0,0,0,MYMM6
2026-04-05T13:19:12.848963183Z,2026-04-05T13:19:12.658724383Z,19,1,42002662,MYMM6,A,F,1.000000000,1.000000000,2026-06-18T13:30:00.000000000Z,2025-06-20T13:30:00.000000000Z,49986.000000000,43476.000000000,90.000000000,0.500000000,0.500000000,,270411,0,42002662,0,10,68,1500,0,0,0,1,2147483647,2147483647,2147483647,342,2026,65535,17,USD,,,YM,XCBT,MYM,FFIXSX,FUT,IPNT,,,,F,255,255,255,5,6,255,255,N,127,127,255,0,0,0,,,N,,,0,0,0,0,0,MYMM6
2026-04-06T00:00:00.000000000Z,2026-04-05T13:19:12.658724383Z,19,1,42002662,MYMM6,A,F,1.000000000,1.000000000,2026-06-18T13:30:00.000000000Z,2025-06-20T13:30:00.000000000Z,49986.000000000,43476.000000000,90.000000000,0.500000000,0.500000000,,270411,0,42002662,0,10,68,1500,0,0,0,1,2147483647,2147483647,2147483647,342,2026,65535,17,USD,,,YM,XCBT,MYM,FFIXSX,FUT,IPNT,,,,F,255,255,255,5,6,255,255,N,127,127,255,0,0,0,,,N,,,0,0,0,0,0,MYMM6
2026-04-07T00:00:00.000000000Z,2026-04-05T13:19:12.658724383Z,19,1,42002662,MYMM6,A,F,1.000000000,1.000000000,2026-06-18T13:30:00.000000000Z,2025-06-20T13:30:00.000000000Z,49986.000000000,43476.000000000,90.000000000,0.500000000,0.500000000,,270411,0,42002662,0,10,68,1500,0,0,0,1,2147483647,2147483647,2147483647,342,2026,65535,17,USD,,,YM,XCBT,MYM,FFIXSX,FUT,IPNT,,,,F,255,255,255,5,6,255,255,N,127,127,255,0,0,0,,,N,,,0,0,0,0,0,MYMM6
2026-04-08T00:00:00.000000000Z,2026-04-05T13:19:12.658724383Z,19,1,42002662,MYMM6,A,F,1.000000000,1.000000000,2026-06-18T13:30:00.000000000Z,2025-06-20T13:30:00.000000000Z,49986.000000000,43476.000000000,90.000000000,0.500000000,0.500000000,,270411,0,42002662,0,10,68,1500,0,0,0,1,2147483647,2147483647,2147483647,342,2026,65535,17,USD,,,YM,XCBT,MYM,FFIXSX,FUT,IPNT,,,,F,255,255,255,5,6,255,255,N,127,127,255,0,0,0,,,N,,,0,0,0,0,0,MYMM6
2026-04-09T00:00:00.000000000Z,2026-04-05T13:19:12.658724383Z,19,1,42002662,MYMM6,A,F,1.000000000,1.000000000,2026-06-18T13:30:00.000000000Z,2025-06-20T13:30:00.000000000Z,49986.000000000,43476.000000000,90.000000000,0.500000000,0.500000000,,270411,0,42002662,0,10,68,1500,0,0,0,1,2147483647,2147483647,2147483647,342,2026,65535,17,USD,,,YM,XCBT,MYM,FFIXSX,FUT,IPNT,,,,F,255,255,255,5,6,255,255,N,127,127,255,0,0,0,,,N,,,0,0,0,0,0,MYMM6
2026-04-10T00:00:00.000000000Z,2026-04-05T13:19:12.658724383Z,19,1,42002662,MYMM6,A,F,1.000000000,1.000000000,2026-06-18T13:30:00.000000000Z,2025-06-20T13:30:00.000000000Z,49986.000000000,43476.000000000,90.000000000,0.500000000,0.500000000,,270411,0,42002662,0,10,68,1500,0,0,0,1,2147483647,2147483647,2147483647,342,2026,65535,17,USD,,,YM,XCBT,MYM,FFIXSX,FUT,IPNT,,,,F,255,255,255,5,6,255,255,N,127,127,255,0,0,0,,,N,,,0,0,0,0,0,MYMM6
2026-04-12T13:11:29.254384548Z,2026-04-12T13:11:29.070980831Z,19,1,42002662,MYMM6,A,F,1.000000000,1.000000000,2026-06-18T13:30:00.000000000Z,2025-06-20T13:30:00.000000000Z,51483.000000000,44775.000000000,90.000000000,0.500000000,0.500000000,,270411,0,42002662,0,10,68,1500,0,0,0,1,2147483647,2147483647,2147483647,342,2026,65535,17,USD,,,YM,XCBT,MYM,FFIXSX,FUT,IPNT,,,,F,255,255,255,5,6,255,255,N,127,127,255,0,0,0,,,N,,,0,0,0,0,0,MYMM6
2026-04-13T00:00:00.000000000Z,2026-04-12T13:11:29.070980831Z,19,1,42002662,MYMM6,A,F,1.000000000,1.000000000,2026-06-18T13:30:00.000000000Z,2025-06-20T13:30:00.000000000Z,51483.000000000,44775.000000000,90.000000000,0.500000000,0.500000000,,270411,0,42002662,0,10,68,1500,0,0,0,1,2147483647,2147483647,2147483647,342,2026,65535,17,USD,,,YM,XCBT,MYM,FFIXSX,FUT,IPNT,,,,F,255,255,255,5,6,255,255,N,127,127,255,0,0,0,,,N,,,0,0,0,0,0,MYMM6
2026-04-14T00:00:00.000000000Z,2026-04-12T13:11:29.070980831Z,19,1,42002662,MYMM6,A,F,1.000000000,1.000000000,2026-06-18T13:30:00.000000000Z,2025-06-20T13:30:00.000000000Z,51483.000000000,44775.000000000,90.000000000,0.500000000,0.500000000,,270411,0,42002662,0,10,68,1500,0,0,0,1,2147483647,2147483647,2147483647,342,2026,65535,17,USD,,,YM,XCBT,MYM,FFIXSX,FUT,IPNT,,,,F,255,255,255,5,6,255,255,N,127,127,255,0,0,0,,,N,,,0,0,0,0,0,MYMM6
2026-04-15T00:00:00.000000000Z,2026-04-12T13:11:29.070980831Z,19,1,42002662,MYMM6,A,F,1.000000000,1.000000000,2026-06-18T13:30:00.000000000Z,2025-06-20T13:30:00.000000000Z,51483.000000000,44775.000000000,90.000000000,0.500000000,0.500000000,,270411,0,42002662,0,10,68,1500,0,0,0,1,2147483647,2147483647,2147483647,342,2026,65535,17,USD,,,YM,XCBT,MYM,FFIXSX,FUT,IPNT,,,,F,255,255,255,5,6,255,255,N,127,127,255,0,0,0,,,N,,,0,0,0,0,0,MYMM6
2026-04-16T00:00:00.000000000Z,2026-04-12T13:11:29.070980831Z,19,1,42002662,MYMM6,A,F,1.000000000,1.000000000,2026-06-18T13:30:00.000000000Z,2025-06-20T13:30:00.000000000Z,51483.000000000,44775.000000000,90.000000000,0.500000000,0.500000000,,270411,0,42002662,0,10,68,1500,0,0,0,1,2147483647,2147483647,2147483647,342,2026,65535,17,USD,,,YM,XCBT,MYM,FFIXSX,FUT,IPNT,,,,F,255,255,255,5,6,255,255,N,127,127,255,0,0,0,,,N,,,0,0,0,0,0,MYMM6
2026-04-17T00:00:00.000000000Z,2026-04-12T13:11:29.070980831Z,19,1,42002662,MYMM6,A,F,1.000000000,1.000000000,2026-06-18T13:30:00.000000000Z,2025-06-20T13:30:00.000000000Z,51483.000000000,44775.000000000,90.000000000,0.500000000,0.500000000,,270411,0,42002662,0,10,68,1500,0,0,0,1,2147483647,2147483647,2147483647,342,2026,65535,17,USD,,,YM,XCBT,MYM,FFIXSX,FUT,IPNT,,,,F,255,255,255,5,6,255,255,N,127,127,255,0,0,0,,,N,,,0,0,0,0,0,MYMM6
2026-04-19T14:35:32.699181734Z,2026-04-19T14:35:32.524040383Z,19,1,42002662,MYMM6,A,F,1.000000000,1.000000000,2026-06-18T13:30:00.000000000Z,2025-06-20T13:30:00.000000000Z,53101.000000000,46179.000000000,90.000000000,0.500000000,0.500000000,,270411,0,42002662,0,10,68,1500,0,0,0,1,2147483647,2147483647,2147483647,342,2026,65535,17,USD,,,YM,XCBT,MYM,FFIXSX,FUT,IPNT,,,,F,255,255,255,5,6,255,255,N,127,127,255,0,0,0,,,N,,,0,0,0,0,0,MYMM6
2026-04-20T00:00:00.000000000Z,2026-04-19T14:35:32.524040383Z,19,1,42002662,MYMM6,A,F,1.000000000,1.000000000,2026-06-18T13:30:00.000000000Z,2025-06-20T13:30:00.000000000Z,53101.000000000,46179.000000000,90.000000000,0.500000000,0.500000000,,270411,0,42002662,0,10,68,1500,0,0,0,1,2147483647,2147483647,2147483647,342,2026,65535,17,USD,,,YM,XCBT,MYM,FFIXSX,FUT,IPNT,,,,F,255,255,255,5,6,255,255,N,127,127,255,0,0,0,,,N,,,0,0,0,0,0,MYMM6
2026-04-21T00:00:00.000000000Z,2026-04-19T14:35:32.524040383Z,19,1,42002662,MYMM6,A,F,1.000000000,1.000000000,2026-06-18T13:30:00.000000000Z,2025-06-20T13:30:00.000000000Z,53101.000000000,46179.000000000,90.000000000,0.500000000,0.500000000,,270411,0,42002662,0,10,68,1500,0,0,0,1,2147483647,2147483647,2147483647,342,2026,65535,17,USD,,,YM,XCBT,MYM,FFIXSX,FUT,IPNT,,,,F,255,255,255,5,6,255,255,N,127,127,255,0,0,0,,,N,,,0,0,0,0,0,MYMM6
2026-04-22T00:00:00.000000000Z,2026-04-19T14:35:32.524040383Z,19,1,42002662,MYMM6,A,F,1.000000000,1.000000000,2026-06-18T13:30:00.000000000Z,2025-06-20T13:30:00.000000000Z,53101.000000000,46179.000000000,90.000000000,0.500000000,0.500000000,,270411,0,42002662,0,10,68,1500,0,0,0,1,2147483647,2147483647,2147483647,342,2026,65535,17,USD,,,YM,XCBT,MYM,FFIXSX,FUT,IPNT,,,,F,255,255,255,5,6,255,255,N,127,127,255,0,0,0,,,N,,,0,0,0,0,0,MYMM6
2026-04-23T00:00:00.000000000Z,2026-04-19T14:35:32.524040383Z,19,1,42002662,MYMM6,A,F,1.000000000,1.000000000,2026-06-18T13:30:00.000000000Z,2025-06-20T13:30:00.000000000Z,53101.000000000,46179.000000000,90.000000000,0.500000000,0.500000000,,270411,0,42002662,0,10,68,1500,0,0,0,1,2147483647,2147483647,2147483647,342,2026,65535,17,USD,,,YM,XCBT,MYM,FFIXSX,FUT,IPNT,,,,F,255,255,255,5,6,255,255,N,127,127,255,0,0,0,,,N,,,0,0,0,0,0,MYMM6
2026-04-24T00:00:00.000000000Z,2026-04-19T14:35:32.524040383Z,19,1,42002662,MYMM6,A,F,1.000000000,1.000000000,2026-06-18T13:30:00.000000000Z,2025-06-20T13:30:00.000000000Z,53101.000000000,46179.000000000,90.000000000,0.500000000,0.500000000,,270411,0,42002662,0,10,68,1500,0,0,0,1,2147483647,2147483647,2147483647,342,2026,65535,17,USD,,,YM,XCBT,MYM,FFIXSX,FUT,IPNT,,,,F,255,255,255,5,6,255,255,N,127,127,255,0,0,0,,,N,,,0,0,0,0,0,MYMM6
2026-04-26T11:28:51.910090836Z,2026-04-26T11:28:51.723754803Z,19,1,42002662,MYMM6,A,F,1.000000000,1.000000000,2026-06-18T13:30:00.000000000Z,2025-06-20T13:30:00.000000000Z,52837.000000000,45945.000000000,90.000000000,0.500000000,0.500000000,,270411,0,42002662,0,10,68,1500,0,0,0,1,2147483647,2147483647,2147483647,342,2026,65535,17,USD,,,YM,XCBT,MYM,FFIXSX,FUT,IPNT,,,,F,255,255,255,5,6,255,255,N,127,127,255,0,0,0,,,N,,,0,0,0,0,0,MYMM6
2026-04-27T00:00:00.000000000Z,2026-04-26T11:28:51.723754803Z,19,1,42002662,MYMM6,A,F,1.000000000,1.000000000,2026-06-18T13:30:00.000000000Z,2025-06-20T13:30:00.000000000Z,52837.000000000,45945.000000000,90.000000000,0.500000000,0.500000000,,270411,0,42002662,0,10,68,1500,0,0,0,1,2147483647,2147483647,2147483647,342,2026,65535,17,USD,,,YM,XCBT,MYM,FFIXSX,FUT,IPNT,,,,F,255,255,255,5,6,255,255,N,127,127,255,0,0,0,,,N,,,0,0,0,0,0,MYMM6
2026-04-28T00:00:00.000000000Z,2026-04-26T11:28:51.723754803Z,19,1,42002662,MYMM6,A,F,1.000000000,1.000000000,2026-06-18T13:30:00.000000000Z,2025-06-20T13:30:00.000000000Z,52837.000000000,45945.000000000,90.000000000,0.500000000,0.500000000,,270411,0,42002662,0,10,68,1500,0,0,0,1,2147483647,2147483647,2147483647,342,2026,65535,17,USD,,,YM,XCBT,MYM,FFIXSX,FUT,IPNT,,,,F,255,255,255,5,6,255,255,N,127,127,255,0,0,0,,,N,,,0,0,0,0,0,MYMM6
2026-04-29T00:00:00.000000000Z,2026-04-26T11:28:51.723754803Z,19,1,42002662,MYMM6,A,F,1.000000000,1.000000000,2026-06-18T13:30:00.000000000Z,2025-06-20T13:30:00.000000000Z,52837.000000000,45945.000000000,90.000000000,0.500000000,0.500000000,,270411,0,42002662,0,10,68,1500,0,0,0,1,2147483647,2147483647,2147483647,342,2026,65535,17,USD,,,YM,XCBT,MYM,FFIXSX,FUT,IPNT,,,,F,255,255,255,5,6,255,255,N,127,127,255,0,0,0,,,N,,,0,0,0,0,0,MYMM6
2026-04-30T00:00:00.000000000Z,2026-04-26T11:28:51.723754803Z,19,1,42002662,MYMM6,A,F,1.000000000,1.000000000,2026-06-18T13:30:00.000000000Z,2025-06-20T13:30:00.000000000Z,52837.000000000,45945.000000000,90.000000000,0.500000000,0.500000000,,270411,0,42002662,0,10,68,1500,0,0,0,1,2147483647,2147483647,2147483647,342,2026,65535,17,USD,,,YM,XCBT,MYM,FFIXSX,FUT,IPNT,,,,F,255,255,255,5,6,255,255,N,127,127,255,0,0,0,,,N,,,0,0,0,0,0,MYMM6
2026-05-01T00:00:00.000000000Z,2026-04-26T11:28:51.723754803Z,19,1,42002662,MYMM6,A,F,1.000000000,1.000000000,2026-06-18T13:30:00.000000000Z,2025-06-20T13:30:00.000000000Z,52837.000000000,45945.000000000,90.000000000,0.500000000,0.500000000,,270411,0,42002662,0,10,68,1500,0,0,0,1,2147483647,2147483647,2147483647,342,2026,65535,17,USD,,,YM,XCBT,MYM,FFIXSX,FUT,IPNT,,,,F,255,255,255,5,6,255,255,N,127,127,255,0,0,0,,,N,,,0,0,0,0,0,MYMM6
2026-05-03T11:10:44.668297625Z,2026-05-03T11:10:44.466515091Z,19,1,42002662,MYMM6,A,F,1.000000000,1.000000000,2026-06-18T13:30:00.000000000Z,2025-06-20T13:30:00.000000000Z,53109.000000000,46181.000000000,90.000000000,0.500000000,0.500000000,,270411,0,42002662,0,10,68,1500,0,0,0,1,2147483647,2147483647,2147483647,342,2026,65535,17,USD,,,YM,XCBT,MYM,FFIXSX,FUT,IPNT,,,,F,255,255,255,5,6,255,255,N,127,127,255,0,0,0,,,N,,,0,0,0,0,0,MYMM6
2026-05-04T00:00:00.000000000Z,2026-05-03T11:10:44.466515091Z,19,1,42002662,MYMM6,A,F,1.000000000,1.000000000,2026-06-18T13:30:00.000000000Z,2025-06-20T13:30:00.000000000Z,53109.000000000,46181.000000000,90.000000000,0.500000000,0.500000000,,270411,0,42002662,0,10,68,1500,0,0,0,1,2147483647,2147483647,2147483647,342,2026,65535,17,USD,,,YM,XCBT,MYM,FFIXSX,FUT,IPNT,,,,F,255,255,255,5,6,255,255,N,127,127,255,0,0,0,,,N,,,0,0,0,0,0,MYMM6
2026-05-05T00:00:00.000000000Z,2026-05-03T11:10:44.466515091Z,19,1,42002662,MYMM6,A,F,1.000000000,1.000000000,2026-06-18T13:30:00.000000000Z,2025-06-20T13:30:00.000000000Z,53109.000000000,46181.000000000,90.000000000,0.500000000,0.500000000,,270411,0,42002662,0,10,68,1500,0,0,0,1,2147483647,2147483647,2147483647,342,2026,65535,17,USD,,,YM,XCBT,MYM,FFIXSX,FUT,IPNT,,,,F,255,255,255,5,6,255,255,N,127,127,255,0,0,0,,,N,,,0,0,0,0,0,MYMM6
2026-05-06T00:00:00.000000000Z,2026-05-03T11:10:44.466515091Z,19,1,42002662,MYMM6,A,F,1.000000000,1.000000000,2026-06-18T13:30:00.000000000Z,2025-06-20T13:30:00.000000000Z,53109.000000000,46181.000000000,90.000000000,0.500000000,0.500000000,,270411,0,42002662,0,10,68,1500,0,0,0,1,2147483647,2147483647,2147483647,342,2026,65535,17,USD,,,YM,XCBT,MYM,FFIXSX,FUT,IPNT,,,,F,255,255,255,5,6,255,255,N,127,127,255,0,0,0,,,N,,,0,0,0,0,0,MYMM6
2026-05-07T00:00:00.000000000Z,2026-05-03T11:10:44.466515091Z,19,1,42002662,MYMM6,A,F,1.000000000,1.000000000,2026-06-18T13:30:00.000000000Z,2025-06-20T13:30:00.000000000Z,53109.000000000,46181.000000000,90.000000000,0.500000000,0.500000000,,270411,0,42002662,0,10,68,1500,0,0,0,1,2147483647,2147483647,2147483647,342,2026,65535,17,USD,,,YM,XCBT,MYM,FFIXSX,FUT,IPNT,,,,F,255,255,255,5,6,255,255,N,127,127,255,0,0,0,,,N,,,0,0,0,0,0,MYMM6
2026-05-08T00:00:00.000000000Z,2026-05-03T11:10:44.466515091Z,19,1,42002662,MYMM6,A,F,1.000000000,1.000000000,2026-06-18T13:30:00.000000000Z,2025-06-20T13:30:00.000000000Z,53109.000000000,46181.000000000,90.000000000,0.500000000,0.500000000,,270411,0,42002662,0,10,68,1500,0,0,0,1,2147483647,2147483647,2147483647,342,2026,65535,17,USD,,,YM,XCBT,MYM,FFIXSX,FUT,IPNT,,,,F,255,255,255,5,6,255,255,N,127,127,255,0,0,0,,,N,,,0,0,0,0,0,MYMM6
2026-05-10T12:10:03.843197846Z,2026-05-10T12:10:03.683345285Z,19,1,42002662,MYMM6,A,F,1.000000000,1.000000000,2026-06-18T13:30:00.000000000Z,2025-06-20T13:30:00.000000000Z,53162.000000000,46218.000000000,90.000000000,0.500000000,0.500000000,,270411,0,42002662,0,10,68,1500,0,0,0,1,2147483647,2147483647,2147483647,342,2026,65535,17,USD,,,YM,XCBT,MYM,FFIXSX,FUT,IPNT,,,,F,255,255,255,5,6,255,255,N,127,127,255,0,0,0,,,N,,,0,0,0,0,0,MYMM6
2026-05-11T00:00:00.000000000Z,2026-05-10T12:10:03.683345285Z,19,1,42002662,MYMM6,A,F,1.000000000,1.000000000,2026-06-18T13:30:00.000000000Z,2025-06-20T13:30:00.000000000Z,53162.000000000,46218.000000000,90.000000000,0.500000000,0.500000000,,270411,0,42002662,0,10,68,1500,0,0,0,1,2147483647,2147483647,2147483647,342,2026,65535,17,USD,,,YM,XCBT,MYM,FFIXSX,FUT,IPNT,,,,F,255,255,255,5,6,255,255,N,127,127,255,0,0,0,,,N,,,0,0,0,0,0,MYMM6
2026-05-12T00:00:00.000000000Z,2026-05-10T12:10:03.683345285Z,19,1,42002662,MYMM6,A,F,1.000000000,1.000000000,2026-06-18T13:30:00.000000000Z,2025-06-20T13:30:00.000000000Z,53162.000000000,46218.000000000,90.000000000,0.500000000,0.500000000,,270411,0,42002662,0,10,68,1500,0,0,0,1,2147483647,2147483647,2147483647,342,2026,65535,17,USD,,,YM,XCBT,MYM,FFIXSX,FUT,IPNT,,,,F,255,255,255,5,6,255,255,N,127,127,255,0,0,0,,,N,,,0,0,0,0,0,MYMM6
2026-05-13T00:00:00.000000000Z,2026-05-10T12:10:03.683345285Z,19,1,42002662,MYMM6,A,F,1.000000000,1.000000000,2026-06-18T13:30:00.000000000Z,2025-06-20T13:30:00.000000000Z,53162.000000000,46218.000000000,90.000000000,0.500000000,0.500000000,,270411,0,42002662,0,10,68,1500,0,0,0,1,2147483647,2147483647,2147483647,342,2026,65535,17,USD,,,YM,XCBT,MYM,FFIXSX,FUT,IPNT,,,,F,255,255,255,5,6,255,255,N,127,127,255,0,0,0,,,N,,,0,0,0,0,0,MYMM6
2026-05-14T00:00:00.000000000Z,2026-05-10T12:10:03.683345285Z,19,1,42002662,MYMM6,A,F,1.000000000,1.000000000,2026-06-18T13:30:00.000000000Z,2025-06-20T13:30:00.000000000Z,53162.000000000,46218.000000000,90.000000000,0.500000000,0.500000000,,270411,0,42002662,0,10,68,1500,0,0,0,1,2147483647,2147483647,2147483647,342,2026,65535,17,USD,,,YM,XCBT,MYM,FFIXSX,FUT,IPNT,,,,F,255,255,255,5,6,255,255,N,127,127,255,0,0,0,,,N,,,0,0,0,0,0,MYMM6
2026-05-15T00:00:00.000000000Z,2026-05-10T12:10:03.683345285Z,19,1,42002662,MYMM6,A,F,1.000000000,1.000000000,2026-06-18T13:30:00.000000000Z,2025-06-20T13:30:00.000000000Z,53162.000000000,46218.000000000,90.000000000,0.500000000,0.500000000,,270411,0,42002662,0,10,68,1500,0,0,0,1,2147483647,2147483647,2147483647,342,2026,65535,17,USD,,,YM,XCBT,MYM,FFIXSX,FUT,IPNT,,,,F,255,255,255,5,6,255,255,N,127,127,255,0,0,0,,,N,,,0,0,0,0,0,MYMM6
2026-05-17T11:35:38.587570643Z,2026-05-17T11:35:38.392421119Z,19,1,42002662,MYMM6,A,F,1.000000000,1.000000000,2026-06-18T13:30:00.000000000Z,2025-06-20T13:30:00.000000000Z,53082.000000000,46150.000000000,90.000000000,0.500000000,0.500000000,,270411,0,42002662,0,10,68,1500,0,0,0,1,2147483647,2147483647,2147483647,342,2026,65535,17,USD,,,YM,XCBT,MYM,FFIXSX,FUT,IPNT,,,,F,255,255,255,5,6,255,255,N,127,127,255,0,0,0,,,N,,,0,0,0,0,0,MYMM6
2026-05-17T16:40:24.163941210Z,2026-05-17T16:40:24.050639949Z,19,1,42002662,MYMM6,A,F,1.000000000,1.000000000,2026-06-18T13:30:00.000000000Z,2025-06-20T13:30:00.000000000Z,53082.000000000,46150.000000000,90.000000000,0.500000000,0.500000000,,270411,0,42002662,0,10,68,1500,0,0,0,1,2147483647,2147483647,2147483647,342,2026,65535,17,USD,,,YM,XCBT,MYM,FFIXSX,FUT,IPNT,,,,F,255,255,255,5,6,255,255,N,127,127,255,0,0,0,,,N,,,0,0,0,0,0,MYMM6
2026-05-18T00:00:00.000000000Z,2026-05-17T16:40:24.050639949Z,19,1,42002662,MYMM6,A,F,1.000000000,1.000000000,2026-06-18T13:30:00.000000000Z,2025-06-20T13:30:00.000000000Z,53082.000000000,46150.000000000,90.000000000,0.500000000,0.500000000,,270411,0,42002662,0,10,68,1500,0,0,0,1,2147483647,2147483647,2147483647,342,2026,65535,17,USD,,,YM,XCBT,MYM,FFIXSX,FUT,IPNT,,,,F,255,255,255,5,6,255,255,N,127,127,255,0,0,0,,,N,,,0,0,0,0,0,MYMM6
2026-05-19T00:00:00.000000000Z,2026-05-17T16:40:24.050639949Z,19,1,42002662,MYMM6,A,F,1.000000000,1.000000000,2026-06-18T13:30:00.000000000Z,2025-06-20T13:30:00.000000000Z,53082.000000000,46150.000000000,90.000000000,0.500000000,0.500000000,,270411,0,42002662,0,10,68,1500,0,0,0,1,2147483647,2147483647,2147483647,342,2026,65535,17,USD,,,YM,XCBT,MYM,FFIXSX,FUT,IPNT,,,,F,255,255,255,5,6,255,255,N,127,127,255,0,0,0,,,N,,,0,0,0,0,0,MYMM6
2026-05-20T00:00:00.000000000Z,2026-05-17T16:40:24.050639949Z,19,1,42002662,MYMM6,A,F,1.000000000,1.000000000,2026-06-18T13:30:00.000000000Z,2025-06-20T13:30:00.000000000Z,53082.000000000,46150.000000000,90.000000000,0.500000000,0.500000000,,270411,0,42002662,0,10,68,1500,0,0,0,1,2147483647,2147483647,2147483647,342,2026,65535,17,USD,,,YM,XCBT,MYM,FFIXSX,FUT,IPNT,,,,F,255,255,255,5,6,255,255,N,127,127,255,0,0,0,,,N,,,0,0,0,0,0,MYMM6
2026-05-21T00:00:00.000000000Z,2026-05-17T16:40:24.050639949Z,19,1,42002662,MYMM6,A,F,1.000000000,1.000000000,2026-06-18T13:30:00.000000000Z,2025-06-20T13:30:00.000000000Z,53082.000000000,46150.000000000,90.000000000,0.500000000,0.500000000,,270411,0,42002662,0,10,68,1500,0,0,0,1,2147483647,2147483647,2147483647,342,2026,65535,17,USD,,,YM,XCBT,MYM,FFIXSX,FUT,IPNT,,,,F,255,255,255,5,6,255,255,N,127,127,255,0,0,0,,,N,,,0,0,0,0,0,MYMM6
2026-05-22T00:00:00.000000000Z,2026-05-17T16:40:24.050639949Z,19,1,42002662,MYMM6,A,F,1.000000000,1.000000000,2026-06-18T13:30:00.000000000Z,2025-06-20T13:30:00.000000000Z,53082.000000000,46150.000000000,90.000000000,0.500000000,0.500000000,,270411,0,42002662,0,10,68,1500,0,0,0,1,2147483647,2147483647,2147483647,342,2026,65535,17,USD,,,YM,XCBT,MYM,FFIXSX,FUT,IPNT,,,,F,255,255,255,5,6,255,255,N,127,127,255,0,0,0,,,N,,,0,0,0,0,0,MYMM6
2026-05-24T11:35:37.209381025Z,2026-05-24T11:35:37.011839349Z,19,1,42002662,MYMM6,A,F,1.000000000,1.000000000,2026-06-18T13:30:00.000000000Z,2025-06-20T13:30:00.000000000Z,54201.000000000,47121.000000000,90.000000000,0.500000000,0.500000000,,270411,0,42002662,0,10,68,1500,0,0,0,1,2147483647,2147483647,2147483647,342,2026,65535,17,USD,,,YM,XCBT,MYM,FFIXSX,FUT,IPNT,,,,F,255,255,255,5,6,255,255,N,127,127,255,0,0,0,,,N,,,0,0,0,0,0,MYMM6
2026-05-25T00:00:00.000000000Z,2026-05-24T11:35:37.011839349Z,19,1,42002662,MYMM6,A,F,1.000000000,1.000000000,2026-06-18T13:30:00.000000000Z,2025-06-20T13:30:00.000000000Z,54201.000000000,47121.000000000,90.000000000,0.500000000,0.500000000,,270411,0,42002662,0,10,68,1500,0,0,0,1,2147483647,2147483647,2147483647,342,2026,65535,17,USD,,,YM,XCBT,MYM,FFIXSX,FUT,IPNT,,,,F,255,255,255,5,6,255,255,N,127,127,255,0,0,0,,,N,,,0,0,0,0,0,MYMM6
2026-05-26T00:00:00.000000000Z,2026-05-24T11:35:37.011839349Z,19,1,42002662,MYMM6,A,F,1.000000000,1.000000000,2026-06-18T13:30:00.000000000Z,2025-06-20T13:30:00.000000000Z,54201.000000000,47121.000000000,90.000000000,0.500000000,0.500000000,,270411,0,42002662,0,10,68,1500,0,0,0,1,2147483647,2147483647,2147483647,342,2026,65535,17,USD,,,YM,XCBT,MYM,FFIXSX,FUT,IPNT,,,,F,255,255,255,5,6,255,255,N,127,127,255,0,0,0,,,N,,,0,0,0,0,0,MYMM6
2026-05-27T00:00:00.000000000Z,2026-05-24T11:35:37.011839349Z,19,1,42002662,MYMM6,A,F,1.000000000,1.000000000,2026-06-18T13:30:00.000000000Z,2025-06-20T13:30:00.000000000Z,54201.000000000,47121.000000000,90.000000000,0.500000000,0.500000000,,270411,0,42002662,0,10,68,1500,0,0,0,1,2147483647,2147483647,2147483647,342,2026,65535,17,USD,,,YM,XCBT,MYM,FFIXSX,FUT,IPNT,,,,F,255,255,255,5,6,255,255,N,127,127,255,0,0,0,,,N,,,0,0,0,0,0,MYMM6
2026-05-28T00:00:00.000000000Z,2026-05-24T11:35:37.011839349Z,19,1,42002662,MYMM6,A,F,1.000000000,1.000000000,2026-06-18T13:30:00.000000000Z,2025-06-20T13:30:00.000000000Z,54201.000000000,47121.000000000,90.000000000,0.500000000,0.500000000,,270411,0,42002662,0,10,68,1500,0,0,0,1,2147483647,2147483647,2147483647,342,2026,65535,17,USD,,,YM,XCBT,MYM,FFIXSX,FUT,IPNT,,,,F,255,255,255,5,6,255,255,N,127,127,255,0,0,0,,,N,,,0,0,0,0,0,MYMM6
2026-05-29T00:00:00.000000000Z,2026-05-24T11:35:37.011839349Z,19,1,42002662,MYMM6,A,F,1.000000000,1.000000000,2026-06-18T13:30:00.000000000Z,2025-06-20T13:30:00.000000000Z,54201.000000000,47121.000000000,90.000000000,0.500000000,0.500000000,,270411,0,42002662,0,10,68,1500,0,0,0,1,2147483647,2147483647,2147483647,342,2026,65535,17,USD,,,YM,XCBT,MYM,FFIXSX,FUT,IPNT,,,,F,255,255,255,5,6,255,255,N,127,127,255,0,0,0,,,N,,,0,0,0,0,0,MYMM6
