lane_class,root,asset_group,row_id,book_label,raw_symbol,instrument_id,completed_trading_date,provider_condition_status,additive_back_adjustment,raw_close,continuous_close,lineage_status,derived_completed_bar_end_utc,raw_open,raw_high,raw_low,raw_volume,continuous_open,continuous_high,continuous_low,continuous_volume
SOURCE_NATIVE_FUTURES,ZN,bond,APPENDIX_C_172_004,10-year US,ZNH1,83568,2011-01-02,PROVIDER_CONDITION_AVAILABLE,-19.65625,120.171875,100.515625,DEV_RECON_LOCAL_BACK_ADJUSTED_DATED_CONTRACT_CHAIN,2011-01-02T00:00:00Z,120.296875,120.328125,120.140625,1850.0,100.640625,100.671875,100.484375,1850.0
SOURCE_NATIVE_FUTURES,ZN,bond,APPENDIX_C_172_004,10-year US,ZNH1,83568,2011-01-02,PROVIDER_CONDITION_AVAILABLE,-19.65625,120.171875,100.515625,DEV_RECON_LOCAL_BACK_ADJUSTED_DATED_CONTRACT_CHAIN,2011-01-02T00:00:00Z,120.296875,120.328125,120.140625,1850.0,100.640625,100.671875,100.484375,1850.0
SOURCE_NATIVE_FUTURES,ZN,bond,APPENDIX_C_172_004,10-year US,ZNH1,83568,2011-01-03,PROVIDER_CONDITION_AVAILABLE,-19.65625,120.265625,100.609375,DEV_RECON_LOCAL_BACK_ADJUSTED_DATED_CONTRACT_CHAIN,2011-01-03T00:00:00Z,120.15625,120.3125,119.46875,695743.0,100.5,100.65625,99.8125,695743.0
SOURCE_NATIVE_FUTURES,ZN,bond,APPENDIX_C_172_004,10-year US,ZNH1,83568,2011-01-03,PROVIDER_CONDITION_AVAILABLE,-19.65625,120.265625,100.609375,DEV_RECON_LOCAL_BACK_ADJUSTED_DATED_CONTRACT_CHAIN,2011-01-03T00:00:00Z,120.15625,120.3125,119.46875,695743.0,100.5,100.65625,99.8125,695743.0
SOURCE_NATIVE_FUTURES,ZN,bond,APPENDIX_C_172_004,10-year US,ZNH1,83568,2011-01-04,PROVIDER_CONDITION_AVAILABLE,-19.65625,120.3125,100.65625,DEV_RECON_LOCAL_BACK_ADJUSTED_DATED_CONTRACT_CHAIN,2011-01-04T00:00:00Z,120.265625,120.671875,120.0,837151.0,100.609375,101.015625,100.34375,837151.0
SOURCE_NATIVE_FUTURES,ZN,bond,APPENDIX_C_172_004,10-year US,ZNH1,83568,2011-01-04,PROVIDER_CONDITION_AVAILABLE,-19.65625,120.3125,100.65625,DEV_RECON_LOCAL_BACK_ADJUSTED_DATED_CONTRACT_CHAIN,2011-01-04T00:00:00Z,120.265625,120.671875,120.0,837151.0,100.609375,101.015625,100.34375,837151.0
SOURCE_NATIVE_FUTURES,ZN,bond,APPENDIX_C_172_004,10-year US,ZNH1,83568,2011-01-05,PROVIDER_CONDITION_AVAILABLE,-19.65625,119.390625,99.734375,DEV_RECON_LOCAL_BACK_ADJUSTED_DATED_CONTRACT_CHAIN,2011-01-05T00:00:00Z,120.328125,120.71875,119.140625,1303717.0,100.671875,101.0625,99.484375,1303717.0
SOURCE_NATIVE_FUTURES,ZN,bond,APPENDIX_C_172_004,10-year US,ZNH1,83568,2011-01-05,PROVIDER_CONDITION_AVAILABLE,-19.65625,119.390625,99.734375,DEV_RECON_LOCAL_BACK_ADJUSTED_DATED_CONTRACT_CHAIN,2011-01-05T00:00:00Z,120.328125,120.71875,119.140625,1303717.0,100.671875,101.0625,99.484375,1303717.0
SOURCE_NATIVE_FUTURES,ZN,bond,APPENDIX_C_172_004,10-year US,ZNH1,83568,2011-01-06,PROVIDER_CONDITION_AVAILABLE,-19.65625,119.953125,100.296875,DEV_RECON_LOCAL_BACK_ADJUSTED_DATED_CONTRACT_CHAIN,2011-01-06T00:00:00Z,119.40625,120.0,119.328125,984187.0,99.75,100.34375,99.671875,984187.0
SOURCE_NATIVE_FUTURES,ZN,bond,APPENDIX_C_172_004,10-year US,ZNH1,83568,2011-01-06,PROVIDER_CONDITION_AVAILABLE,-19.65625,119.953125,100.296875,DEV_RECON_LOCAL_BACK_ADJUSTED_DATED_CONTRACT_CHAIN,2011-01-06T00:00:00Z,119.40625,120.0,119.328125,984187.0,99.75,100.34375,99.671875,984187.0
SOURCE_NATIVE_FUTURES,ZN,bond,APPENDIX_C_172_004,10-year US,ZNH1,83568,2011-01-07,PROVIDER_CONDITION_AVAILABLE,-19.65625,120.640625,100.984375,DEV_RECON_LOCAL_BACK_ADJUSTED_DATED_CONTRACT_CHAIN,2011-01-07T00:00:00Z,119.953125,120.890625,119.53125,1419273.0,100.296875,101.234375,99.875,1419273.0
SOURCE_NATIVE_FUTURES,ZN,bond,APPENDIX_C_172_004,10-year US,ZNH1,83568,2011-01-07,PROVIDER_CONDITION_AVAILABLE,-19.65625,120.640625,100.984375,DEV_RECON_LOCAL_BACK_ADJUSTED_DATED_CONTRACT_CHAIN,2011-01-07T00:00:00Z,119.953125,120.890625,119.53125,1419273.0,100.296875,101.234375,99.875,1419273.0
SOURCE_NATIVE_FUTURES,ZN,bond,APPENDIX_C_172_004,10-year US,ZNH1,83568,2011-01-09,PROVIDER_CONDITION_AVAILABLE,-19.65625,120.65625,101.0,DEV_RECON_LOCAL_BACK_ADJUSTED_DATED_CONTRACT_CHAIN,2011-01-09T00:00:00Z,120.765625,120.78125,120.65625,3038.0,101.109375,101.125,101.0,3038.0
SOURCE_NATIVE_FUTURES,ZN,bond,APPENDIX_C_172_004,10-year US,ZNH1,83568,2011-01-09,PROVIDER_CONDITION_AVAILABLE,-19.65625,120.65625,101.0,DEV_RECON_LOCAL_BACK_ADJUSTED_DATED_CONTRACT_CHAIN,2011-01-09T00:00:00Z,120.765625,120.78125,120.65625,3038.0,101.109375,101.125,101.0,3038.0
SOURCE_NATIVE_FUTURES,ZN,bond,APPENDIX_C_172_004,10-year US,ZNH1,83568,2011-01-10,PROVIDER_CONDITION_AVAILABLE,-19.65625,120.984375,101.328125,DEV_RECON_LOCAL_BACK_ADJUSTED_DATED_CONTRACT_CHAIN,2011-01-10T00:00:00Z,120.671875,121.015625,120.609375,758255.0,101.015625,101.359375,100.953125,758255.0
SOURCE_NATIVE_FUTURES,ZN,bond,APPENDIX_C_172_004,10-year US,ZNH1,83568,2011-01-10,PROVIDER_CONDITION_AVAILABLE,-19.65625,120.984375,101.328125,DEV_RECON_LOCAL_BACK_ADJUSTED_DATED_CONTRACT_CHAIN,2011-01-10T00:00:00Z,120.671875,121.015625,120.609375,758255.0,101.015625,101.359375,100.953125,758255.0
SOURCE_NATIVE_FUTURES,ZN,bond,APPENDIX_C_172_004,10-year US,ZNH1,83568,2011-01-11,PROVIDER_CONDITION_AVAILABLE,-19.65625,120.546875,100.890625,DEV_RECON_LOCAL_BACK_ADJUSTED_DATED_CONTRACT_CHAIN,2011-01-11T00:00:00Z,120.984375,121.125,120.390625,992063.0,101.328125,101.46875,100.734375,992063.0
SOURCE_NATIVE_FUTURES,ZN,bond,APPENDIX_C_172_004,10-year US,ZNH1,83568,2011-01-11,PROVIDER_CONDITION_AVAILABLE,-19.65625,120.546875,100.890625,DEV_RECON_LOCAL_BACK_ADJUSTED_DATED_CONTRACT_CHAIN,2011-01-11T00:00:00Z,120.984375,121.125,120.390625,992063.0,101.328125,101.46875,100.734375,992063.0
SOURCE_NATIVE_FUTURES,ZN,bond,APPENDIX_C_172_004,10-year US,ZNH1,83568,2011-01-12,PROVIDER_CONDITION_AVAILABLE,-19.65625,120.46875,100.8125,DEV_RECON_LOCAL_BACK_ADJUSTED_DATED_CONTRACT_CHAIN,2011-01-12T00:00:00Z,120.546875,120.65625,120.015625,1061118.0,100.890625,101.0,100.359375,1061118.0
SOURCE_NATIVE_FUTURES,ZN,bond,APPENDIX_C_172_004,10-year US,ZNH1,83568,2011-01-12,PROVIDER_CONDITION_AVAILABLE,-19.65625,120.46875,100.8125,DEV_RECON_LOCAL_BACK_ADJUSTED_DATED_CONTRACT_CHAIN,2011-01-12T00:00:00Z,120.546875,120.65625,120.015625,1061118.0,100.890625,101.0,100.359375,1061118.0
SOURCE_NATIVE_FUTURES,ZN,bond,APPENDIX_C_172_004,10-year US,ZNH1,83568,2011-01-13,PROVIDER_CONDITION_AVAILABLE,-19.65625,121.09375,101.4375,DEV_RECON_LOCAL_BACK_ADJUSTED_DATED_CONTRACT_CHAIN,2011-01-13T00:00:00Z,120.453125,121.203125,120.359375,1269440.0,100.796875,101.546875,100.703125,1269440.0
SOURCE_NATIVE_FUTURES,ZN,bond,APPENDIX_C_172_004,10-year US,ZNH1,83568,2011-01-13,PROVIDER_CONDITION_AVAILABLE,-19.65625,121.09375,101.4375,DEV_RECON_LOCAL_BACK_ADJUSTED_DATED_CONTRACT_CHAIN,2011-01-13T00:00:00Z,120.453125,121.203125,120.359375,1269440.0,100.796875,101.546875,100.703125,1269440.0
SOURCE_NATIVE_FUTURES,ZN,bond,APPENDIX_C_172_004,10-year US,ZNH1,83568,2011-01-14,PROVIDER_CONDITION_AVAILABLE,-19.65625,120.890625,101.234375,DEV_RECON_LOCAL_BACK_ADJUSTED_DATED_CONTRACT_CHAIN,2011-01-14T00:00:00Z,121.078125,121.484375,120.78125,1092323.0,101.421875,101.828125,101.125,1092323.0
SOURCE_NATIVE_FUTURES,ZN,bond,APPENDIX_C_172_004,10-year US,ZNH1,83568,2011-01-14,PROVIDER_CONDITION_AVAILABLE,-19.65625,120.890625,101.234375,DEV_RECON_LOCAL_BACK_ADJUSTED_DATED_CONTRACT_CHAIN,2011-01-14T00:00:00Z,121.078125,121.484375,120.78125,1092323.0,101.421875,101.828125,101.125,1092323.0
SOURCE_NATIVE_FUTURES,ZN,bond,APPENDIX_C_172_004,10-year US,ZNH1,83568,2011-01-16,PROVIDER_CONDITION_AVAILABLE,-19.65625,120.921875,101.265625,DEV_RECON_LOCAL_BACK_ADJUSTED_DATED_CONTRACT_CHAIN,2011-01-16T00:00:00Z,120.890625,120.921875,120.828125,1955.0,101.234375,101.265625,101.171875,1955.0
SOURCE_NATIVE_FUTURES,ZN,bond,APPENDIX_C_172_004,10-year US,ZNH1,83568,2011-01-16,PROVIDER_CONDITION_AVAILABLE,-19.65625,120.921875,101.265625,DEV_RECON_LOCAL_BACK_ADJUSTED_DATED_CONTRACT_CHAIN,2011-01-16T00:00:00Z,120.890625,120.921875,120.828125,1955.0,101.234375,101.265625,101.171875,1955.0
SOURCE_NATIVE_FUTURES,ZN,bond,APPENDIX_C_172_004,10-year US,ZNH1,83568,2011-01-17,PROVIDER_CONDITION_AVAILABLE,-19.65625,121.109375,101.453125,DEV_RECON_LOCAL_BACK_ADJUSTED_DATED_CONTRACT_CHAIN,2011-01-17T00:00:00Z,120.921875,121.296875,120.796875,91103.0,101.265625,101.640625,101.140625,91103.0
SOURCE_NATIVE_FUTURES,ZN,bond,APPENDIX_C_172_004,10-year US,ZNH1,83568,2011-01-17,PROVIDER_CONDITION_AVAILABLE,-19.65625,121.109375,101.453125,DEV_RECON_LOCAL_BACK_ADJUSTED_DATED_CONTRACT_CHAIN,2011-01-17T00:00:00Z,120.921875,121.296875,120.796875,91103.0,101.265625,101.640625,101.140625,91103.0
SOURCE_NATIVE_FUTURES,ZN,bond,APPENDIX_C_172_004,10-year US,ZNH1,83568,2011-01-18,PROVIDER_CONDITION_AVAILABLE,-19.65625,120.515625,100.859375,DEV_RECON_LOCAL_BACK_ADJUSTED_DATED_CONTRACT_CHAIN,2011-01-18T00:00:00Z,121.109375,121.234375,120.203125,1114599.0,101.453125,101.578125,100.546875,1114599.0
SOURCE_NATIVE_FUTURES,ZN,bond,APPENDIX_C_172_004,10-year US,ZNH1,83568,2011-01-18,PROVIDER_CONDITION_AVAILABLE,-19.65625,120.515625,100.859375,DEV_RECON_LOCAL_BACK_ADJUSTED_DATED_CONTRACT_CHAIN,2011-01-18T00:00:00Z,121.109375,121.234375,120.203125,1114599.0,101.453125,101.578125,100.546875,1114599.0
SOURCE_NATIVE_FUTURES,ZN,bond,APPENDIX_C_172_004,10-year US,ZNH1,83568,2011-01-19,PROVIDER_CONDITION_AVAILABLE,-19.65625,120.75,101.09375,DEV_RECON_LOCAL_BACK_ADJUSTED_DATED_CONTRACT_CHAIN,2011-01-19T00:00:00Z,120.53125,120.859375,120.328125,920746.0,100.875,101.203125,100.671875,920746.0
SOURCE_NATIVE_FUTURES,ZN,bond,APPENDIX_C_172_004,10-year US,ZNH1,83568,2011-01-19,PROVIDER_CONDITION_AVAILABLE,-19.65625,120.75,101.09375,DEV_RECON_LOCAL_BACK_ADJUSTED_DATED_CONTRACT_CHAIN,2011-01-19T00:00:00Z,120.53125,120.859375,120.328125,920746.0,100.875,101.203125,100.671875,920746.0
SOURCE_NATIVE_FUTURES,ZN,bond,APPENDIX_C_172_004,10-year US,ZNH1,83568,2011-01-20,PROVIDER_CONDITION_AVAILABLE,-19.65625,119.90625,100.25,DEV_RECON_LOCAL_BACK_ADJUSTED_DATED_CONTRACT_CHAIN,2011-01-20T00:00:00Z,120.734375,120.953125,119.6875,1380001.0,101.078125,101.296875,100.03125,1380001.0
SOURCE_NATIVE_FUTURES,ZN,bond,APPENDIX_C_172_004,10-year US,ZNH1,83568,2011-01-20,PROVIDER_CONDITION_AVAILABLE,-19.65625,119.90625,100.25,DEV_RECON_LOCAL_BACK_ADJUSTED_DATED_CONTRACT_CHAIN,2011-01-20T00:00:00Z,120.734375,120.953125,119.6875,1380001.0,101.078125,101.296875,100.03125,1380001.0
SOURCE_NATIVE_FUTURES,ZN,bond,APPENDIX_C_172_004,10-year US,ZNH1,83568,2011-01-21,PROVIDER_CONDITION_AVAILABLE,-19.65625,120.1875,100.53125,DEV_RECON_LOCAL_BACK_ADJUSTED_DATED_CONTRACT_CHAIN,2011-01-21T00:00:00Z,119.90625,120.25,119.6875,1003815.0,100.25,100.59375,100.03125,1003815.0
SOURCE_NATIVE_FUTURES,ZN,bond,APPENDIX_C_172_004,10-year US,ZNH1,83568,2011-01-21,PROVIDER_CONDITION_AVAILABLE,-19.65625,120.1875,100.53125,DEV_RECON_LOCAL_BACK_ADJUSTED_DATED_CONTRACT_CHAIN,2011-01-21T00:00:00Z,119.90625,120.25,119.6875,1003815.0,100.25,100.59375,100.03125,1003815.0
SOURCE_NATIVE_FUTURES,ZN,bond,APPENDIX_C_172_004,10-year US,ZNH1,83568,2011-01-23,PROVIDER_CONDITION_AVAILABLE,-19.65625,120.171875,100.515625,DEV_RECON_LOCAL_BACK_ADJUSTED_DATED_CONTRACT_CHAIN,2011-01-23T00:00:00Z,120.15625,120.171875,120.0625,3371.0,100.5,100.515625,100.40625,3371.0
SOURCE_NATIVE_FUTURES,ZN,bond,APPENDIX_C_172_004,10-year US,ZNH1,83568,2011-01-23,PROVIDER_CONDITION_AVAILABLE,-19.65625,120.171875,100.515625,DEV_RECON_LOCAL_BACK_ADJUSTED_DATED_CONTRACT_CHAIN,2011-01-23T00:00:00Z,120.15625,120.171875,120.0625,3371.0,100.5,100.515625,100.40625,3371.0
SOURCE_NATIVE_FUTURES,ZN,bond,APPENDIX_C_172_004,10-year US,ZNH1,83568,2011-01-24,PROVIDER_CONDITION_AVAILABLE,-19.65625,120.25,100.59375,DEV_RECON_LOCAL_BACK_ADJUSTED_DATED_CONTRACT_CHAIN,2011-01-24T00:00:00Z,120.15625,120.46875,119.90625,726876.0,100.5,100.8125,100.25,726876.0
SOURCE_NATIVE_FUTURES,ZN,bond,APPENDIX_C_172_004,10-year US,ZNH1,83568,2011-01-24,PROVIDER_CONDITION_AVAILABLE,-19.65625,120.25,100.59375,DEV_RECON_LOCAL_BACK_ADJUSTED_DATED_CONTRACT_CHAIN,2011-01-24T00:00:00Z,120.15625,120.46875,119.90625,726876.0,100.5,100.8125,100.25,726876.0
SOURCE_NATIVE_FUTURES,ZN,bond,APPENDIX_C_172_004,10-year US,ZNH1,83568,2011-01-25,PROVIDER_CONDITION_AVAILABLE,-19.65625,120.75,101.09375,DEV_RECON_LOCAL_BACK_ADJUSTED_DATED_CONTRACT_CHAIN,2011-01-25T00:00:00Z,120.25,121.046875,120.109375,1250483.0,100.59375,101.390625,100.453125,1250483.0
SOURCE_NATIVE_FUTURES,ZN,bond,APPENDIX_C_172_004,10-year US,ZNH1,83568,2011-01-25,PROVIDER_CONDITION_AVAILABLE,-19.65625,120.75,101.09375,DEV_RECON_LOCAL_BACK_ADJUSTED_DATED_CONTRACT_CHAIN,2011-01-25T00:00:00Z,120.25,121.046875,120.109375,1250483.0,100.59375,101.390625,100.453125,1250483.0
SOURCE_NATIVE_FUTURES,ZN,bond,APPENDIX_C_172_004,10-year US,ZNH1,83568,2011-01-26,PROVIDER_CONDITION_AVAILABLE,-19.65625,120.375,100.71875,DEV_RECON_LOCAL_BACK_ADJUSTED_DATED_CONTRACT_CHAIN,2011-01-26T00:00:00Z,120.734375,120.765625,120.15625,1015532.0,101.078125,101.109375,100.5,1015532.0
SOURCE_NATIVE_FUTURES,ZN,bond,APPENDIX_C_172_004,10-year US,ZNH1,83568,2011-01-26,PROVIDER_CONDITION_AVAILABLE,-19.65625,120.375,100.71875,DEV_RECON_LOCAL_BACK_ADJUSTED_DATED_CONTRACT_CHAIN,2011-01-26T00:00:00Z,120.734375,120.765625,120.15625,1015532.0,101.078125,101.109375,100.5,1015532.0
SOURCE_NATIVE_FUTURES,ZN,bond,APPENDIX_C_172_004,10-year US,ZNH1,83568,2011-01-27,PROVIDER_CONDITION_AVAILABLE,-19.65625,120.546875,100.890625,DEV_RECON_LOCAL_BACK_ADJUSTED_DATED_CONTRACT_CHAIN,2011-01-27T00:00:00Z,120.375,120.734375,119.875,1275104.0,100.71875,101.078125,100.21875,1275104.0
SOURCE_NATIVE_FUTURES,ZN,bond,APPENDIX_C_172_004,10-year US,ZNH1,83568,2011-01-27,PROVIDER_CONDITION_AVAILABLE,-19.65625,120.546875,100.890625,DEV_RECON_LOCAL_BACK_ADJUSTED_DATED_CONTRACT_CHAIN,2011-01-27T00:00:00Z,120.375,120.734375,119.875,1275104.0,100.71875,101.078125,100.21875,1275104.0
SOURCE_NATIVE_FUTURES,ZN,bond,APPENDIX_C_172_004,10-year US,ZNH1,83568,2011-01-28,PROVIDER_CONDITION_AVAILABLE,-19.65625,121.171875,101.515625,DEV_RECON_LOCAL_BACK_ADJUSTED_DATED_CONTRACT_CHAIN,2011-01-28T00:00:00Z,120.546875,121.3125,120.1875,1338186.0,100.890625,101.65625,100.53125,1338186.0
SOURCE_NATIVE_FUTURES,ZN,bond,APPENDIX_C_172_004,10-year US,ZNH1,83568,2011-01-28,PROVIDER_CONDITION_AVAILABLE,-19.65625,121.171875,101.515625,DEV_RECON_LOCAL_BACK_ADJUSTED_DATED_CONTRACT_CHAIN,2011-01-28T00:00:00Z,120.546875,121.3125,120.1875,1338186.0,100.890625,101.65625,100.53125,1338186.0
SOURCE_NATIVE_FUTURES,ZN,bond,APPENDIX_C_172_004,10-year US,ZNH1,83568,2011-01-30,PROVIDER_CONDITION_AVAILABLE,-19.65625,121.375,101.71875,DEV_RECON_LOCAL_BACK_ADJUSTED_DATED_CONTRACT_CHAIN,2011-01-30T00:00:00Z,121.3125,121.453125,121.28125,9903.0,101.65625,101.796875,101.625,9903.0
SOURCE_NATIVE_FUTURES,ZN,bond,APPENDIX_C_172_004,10-year US,ZNH1,83568,2011-01-30,PROVIDER_CONDITION_AVAILABLE,-19.65625,121.375,101.71875,DEV_RECON_LOCAL_BACK_ADJUSTED_DATED_CONTRACT_CHAIN,2011-01-30T00:00:00Z,121.3125,121.453125,121.28125,9903.0,101.65625,101.796875,101.625,9903.0
SOURCE_NATIVE_FUTURES,ZN,bond,APPENDIX_C_172_004,10-year US,ZNH1,83568,2011-01-31,PROVIDER_CONDITION_AVAILABLE,-19.65625,120.859375,101.203125,DEV_RECON_LOCAL_BACK_ADJUSTED_DATED_CONTRACT_CHAIN,2011-01-31T00:00:00Z,121.34375,121.34375,120.609375,951077.0,101.6875,101.6875,100.953125,951077.0
SOURCE_NATIVE_FUTURES,ZN,bond,APPENDIX_C_172_004,10-year US,ZNH1,83568,2011-01-31,PROVIDER_CONDITION_AVAILABLE,-19.65625,120.859375,101.203125,DEV_RECON_LOCAL_BACK_ADJUSTED_DATED_CONTRACT_CHAIN,2011-01-31T00:00:00Z,121.34375,121.34375,120.609375,951077.0,101.6875,101.6875,100.953125,951077.0
SOURCE_NATIVE_FUTURES,ZN,bond,APPENDIX_C_172_004,10-year US,ZNH1,83568,2011-02-01,PROVIDER_CONDITION_AVAILABLE,-19.65625,120.28125,100.625,DEV_RECON_LOCAL_BACK_ADJUSTED_DATED_CONTRACT_CHAIN,2011-02-01T00:00:00Z,120.875,120.875,120.0625,1070998.0,101.21875,101.21875,100.40625,1070998.0
SOURCE_NATIVE_FUTURES,ZN,bond,APPENDIX_C_172_004,10-year US,ZNH1,83568,2011-02-01,PROVIDER_CONDITION_AVAILABLE,-19.65625,120.28125,100.625,DEV_RECON_LOCAL_BACK_ADJUSTED_DATED_CONTRACT_CHAIN,2011-02-01T00:00:00Z,120.875,120.875,120.0625,1070998.0,101.21875,101.21875,100.40625,1070998.0
SOURCE_NATIVE_FUTURES,ZN,bond,APPENDIX_C_172_004,10-year US,ZNH1,83568,2011-02-02,PROVIDER_CONDITION_AVAILABLE,-19.65625,119.890625,100.234375,DEV_RECON_LOCAL_BACK_ADJUSTED_DATED_CONTRACT_CHAIN,2011-02-02T00:00:00Z,120.296875,120.703125,119.703125,1135383.0,100.640625,101.046875,100.046875,1135383.0
SOURCE_NATIVE_FUTURES,ZN,bond,APPENDIX_C_172_004,10-year US,ZNH1,83568,2011-02-02,PROVIDER_CONDITION_AVAILABLE,-19.65625,119.890625,100.234375,DEV_RECON_LOCAL_BACK_ADJUSTED_DATED_CONTRACT_CHAIN,2011-02-02T00:00:00Z,120.296875,120.703125,119.703125,1135383.0,100.640625,101.046875,100.046875,1135383.0
SOURCE_NATIVE_FUTURES,ZN,bond,APPENDIX_C_172_004,10-year US,ZNH1,83568,2011-02-03,PROVIDER_CONDITION_AVAILABLE,-19.65625,119.375,99.71875,DEV_RECON_LOCAL_BACK_ADJUSTED_DATED_CONTRACT_CHAIN,2011-02-03T00:00:00Z,119.890625,119.984375,119.203125,1317464.0,100.234375,100.328125,99.546875,1317464.0
SOURCE_NATIVE_FUTURES,ZN,bond,APPENDIX_C_172_004,10-year US,ZNH1,83568,2011-02-03,PROVIDER_CONDITION_AVAILABLE,-19.65625,119.375,99.71875,DEV_RECON_LOCAL_BACK_ADJUSTED_DATED_CONTRACT_CHAIN,2011-02-03T00:00:00Z,119.890625,119.984375,119.203125,1317464.0,100.234375,100.328125,99.546875,1317464.0
SOURCE_NATIVE_FUTURES,ZN,bond,APPENDIX_C_172_004,10-year US,ZNH1,83568,2011-02-04,PROVIDER_CONDITION_AVAILABLE,-19.65625,118.703125,99.046875,DEV_RECON_LOCAL_BACK_ADJUSTED_DATED_CONTRACT_CHAIN,2011-02-04T00:00:00Z,119.390625,119.703125,118.390625,1581468.0,99.734375,100.046875,98.734375,1581468.0
SOURCE_NATIVE_FUTURES,ZN,bond,APPENDIX_C_172_004,10-year US,ZNH1,83568,2011-02-04,PROVIDER_CONDITION_AVAILABLE,-19.65625,118.703125,99.046875,DEV_RECON_LOCAL_BACK_ADJUSTED_DATED_CONTRACT_CHAIN,2011-02-04T00:00:00Z,119.390625,119.703125,118.390625,1581468.0,99.734375,100.046875,98.734375,1581468.0
SOURCE_NATIVE_FUTURES,ZN,bond,APPENDIX_C_172_004,10-year US,ZNH1,83568,2011-02-06,PROVIDER_CONDITION_AVAILABLE,-19.65625,118.625,98.96875,DEV_RECON_LOCAL_BACK_ADJUSTED_DATED_CONTRACT_CHAIN,2011-02-06T00:00:00Z,118.609375,118.65625,118.578125,4516.0,98.953125,99.0,98.921875,4516.0
SOURCE_NATIVE_FUTURES,ZN,bond,APPENDIX_C_172_004,10-year US,ZNH1,83568,2011-02-06,PROVIDER_CONDITION_AVAILABLE,-19.65625,118.625,98.96875,DEV_RECON_LOCAL_BACK_ADJUSTED_DATED_CONTRACT_CHAIN,2011-02-06T00:00:00Z,118.609375,118.65625,118.578125,4516.0,98.953125,99.0,98.921875,4516.0
SOURCE_NATIVE_FUTURES,ZN,bond,APPENDIX_C_172_004,10-year US,ZNH1,83568,2011-02-07,PROVIDER_CONDITION_AVAILABLE,-19.65625,118.671875,99.015625,DEV_RECON_LOCAL_BACK_ADJUSTED_DATED_CONTRACT_CHAIN,2011-02-07T00:00:00Z,118.640625,118.703125,118.21875,901780.0,98.984375,99.046875,98.5625,901780.0
SOURCE_NATIVE_FUTURES,ZN,bond,APPENDIX_C_172_004,10-year US,ZNH1,83568,2011-02-07,PROVIDER_CONDITION_AVAILABLE,-19.65625,118.671875,99.015625,DEV_RECON_LOCAL_BACK_ADJUSTED_DATED_CONTRACT_CHAIN,2011-02-07T00:00:00Z,118.640625,118.703125,118.21875,901780.0,98.984375,99.046875,98.5625,901780.0
SOURCE_NATIVE_FUTURES,ZN,bond,APPENDIX_C_172_004,10-year US,ZNH1,83568,2011-02-08,PROVIDER_CONDITION_AVAILABLE,-19.65625,117.796875,98.140625,DEV_RECON_LOCAL_BACK_ADJUSTED_DATED_CONTRACT_CHAIN,2011-02-08T00:00:00Z,118.671875,118.734375,117.796875,1055723.0,99.015625,99.078125,98.140625,1055723.0
SOURCE_NATIVE_FUTURES,ZN,bond,APPENDIX_C_172_004,10-year US,ZNH1,83568,2011-02-08,PROVIDER_CONDITION_AVAILABLE,-19.65625,117.796875,98.140625,DEV_RECON_LOCAL_BACK_ADJUSTED_DATED_CONTRACT_CHAIN,2011-02-08T00:00:00Z,118.671875,118.734375,117.796875,1055723.0,99.015625,99.078125,98.140625,1055723.0
SOURCE_NATIVE_FUTURES,ZN,bond,APPENDIX_C_172_004,10-year US,ZNH1,83568,2011-02-09,PROVIDER_CONDITION_AVAILABLE,-19.65625,118.40625,98.75,DEV_RECON_LOCAL_BACK_ADJUSTED_DATED_CONTRACT_CHAIN,2011-02-09T00:00:00Z,117.8125,118.6875,117.6875,1389991.0,98.15625,99.03125,98.03125,1389991.0
SOURCE_NATIVE_FUTURES,ZN,bond,APPENDIX_C_172_004,10-year US,ZNH1,83568,2011-02-09,PROVIDER_CONDITION_AVAILABLE,-19.65625,118.40625,98.75,DEV_RECON_LOCAL_BACK_ADJUSTED_DATED_CONTRACT_CHAIN,2011-02-09T00:00:00Z,117.8125,118.6875,117.6875,1389991.0,98.15625,99.03125,98.03125,1389991.0
SOURCE_NATIVE_FUTURES,ZN,bond,APPENDIX_C_172_004,10-year US,ZNH1,83568,2011-02-10,PROVIDER_CONDITION_AVAILABLE,-19.65625,118.171875,98.515625,DEV_RECON_LOCAL_BACK_ADJUSTED_DATED_CONTRACT_CHAIN,2011-02-10T00:00:00Z,118.40625,118.703125,118.015625,1227368.0,98.75,99.046875,98.359375,1227368.0
SOURCE_NATIVE_FUTURES,ZN,bond,APPENDIX_C_172_004,10-year US,ZNH1,83568,2011-02-10,PROVIDER_CONDITION_AVAILABLE,-19.65625,118.171875,98.515625,DEV_RECON_LOCAL_BACK_ADJUSTED_DATED_CONTRACT_CHAIN,2011-02-10T00:00:00Z,118.40625,118.703125,118.015625,1227368.0,98.75,99.046875,98.359375,1227368.0
SOURCE_NATIVE_FUTURES,ZN,bond,APPENDIX_C_172_004,10-year US,ZNH1,83568,2011-02-11,PROVIDER_CONDITION_AVAILABLE,-19.65625,118.53125,98.875,DEV_RECON_LOCAL_BACK_ADJUSTED_DATED_CONTRACT_CHAIN,2011-02-11T00:00:00Z,118.171875,118.921875,118.171875,1187839.0,98.515625,99.265625,98.515625,1187839.0
SOURCE_NATIVE_FUTURES,ZN,bond,APPENDIX_C_172_004,10-year US,ZNH1,83568,2011-02-11,PROVIDER_CONDITION_AVAILABLE,-19.65625,118.53125,98.875,DEV_RECON_LOCAL_BACK_ADJUSTED_DATED_CONTRACT_CHAIN,2011-02-11T00:00:00Z,118.171875,118.921875,118.171875,1187839.0,98.515625,99.265625,98.515625,1187839.0
SOURCE_NATIVE_FUTURES,ZN,bond,APPENDIX_C_172_004,10-year US,ZNH1,83568,2011-02-13,PROVIDER_CONDITION_AVAILABLE,-19.65625,118.515625,98.859375,DEV_RECON_LOCAL_BACK_ADJUSTED_DATED_CONTRACT_CHAIN,2011-02-13T00:00:00Z,118.46875,118.53125,118.453125,2202.0,98.8125,98.875,98.796875,2202.0
SOURCE_NATIVE_FUTURES,ZN,bond,APPENDIX_C_172_004,10-year US,ZNH1,83568,2011-02-13,PROVIDER_CONDITION_AVAILABLE,-19.65625,118.515625,98.859375,DEV_RECON_LOCAL_BACK_ADJUSTED_DATED_CONTRACT_CHAIN,2011-02-13T00:00:00Z,118.46875,118.53125,118.453125,2202.0,98.8125,98.875,98.796875,2202.0
SOURCE_NATIVE_FUTURES,ZN,bond,APPENDIX_C_172_004,10-year US,ZNH1,83568,2011-02-14,PROVIDER_CONDITION_AVAILABLE,-19.65625,118.484375,98.828125,DEV_RECON_LOCAL_BACK_ADJUSTED_DATED_CONTRACT_CHAIN,2011-02-14T00:00:00Z,118.515625,118.765625,118.296875,767058.0,98.859375,99.109375,98.640625,767058.0
SOURCE_NATIVE_FUTURES,ZN,bond,APPENDIX_C_172_004,10-year US,ZNH1,83568,2011-02-14,PROVIDER_CONDITION_AVAILABLE,-19.65625,118.484375,98.828125,DEV_RECON_LOCAL_BACK_ADJUSTED_DATED_CONTRACT_CHAIN,2011-02-14T00:00:00Z,118.515625,118.765625,118.296875,767058.0,98.859375,99.109375,98.640625,767058.0
SOURCE_NATIVE_FUTURES,ZN,bond,APPENDIX_C_172_004,10-year US,ZNH1,83568,2011-02-15,PROVIDER_CONDITION_AVAILABLE,-19.65625,118.640625,98.984375,DEV_RECON_LOCAL_BACK_ADJUSTED_DATED_CONTRACT_CHAIN,2011-02-15T00:00:00Z,118.5,118.78125,118.21875,1031920.0,98.84375,99.125,98.5625,1031920.0
SOURCE_NATIVE_FUTURES,ZN,bond,APPENDIX_C_172_004,10-year US,ZNH1,83568,2011-02-15,PROVIDER_CONDITION_AVAILABLE,-19.65625,118.640625,98.984375,DEV_RECON_LOCAL_BACK_ADJUSTED_DATED_CONTRACT_CHAIN,2011-02-15T00:00:00Z,118.5,118.78125,118.21875,1031920.0,98.84375,99.125,98.5625,1031920.0
SOURCE_NATIVE_FUTURES,ZN,bond,APPENDIX_C_172_004,10-year US,ZNM1,116177,2011-02-16,PROVIDER_CONDITION_AVAILABLE,-18.203125,117.078125,98.875,DEV_RECON_LOCAL_BACK_ADJUSTED_DATED_CONTRACT_CHAIN,2011-02-16T00:00:00Z,117.09375,117.46875,116.859375,4880.0,98.890625,99.265625,98.65625,4880.0
SOURCE_NATIVE_FUTURES,ZN,bond,APPENDIX_C_172_004,10-year US,ZNM1,116177,2011-02-16,PROVIDER_CONDITION_AVAILABLE,-18.203125,117.078125,98.875,DEV_RECON_LOCAL_BACK_ADJUSTED_DATED_CONTRACT_CHAIN,2011-02-16T00:00:00Z,117.09375,117.46875,116.859375,4880.0,98.890625,99.265625,98.65625,4880.0
SOURCE_NATIVE_FUTURES,ZN,bond,APPENDIX_C_172_004,10-year US,ZNM1,116177,2011-02-17,PROVIDER_CONDITION_AVAILABLE,-18.203125,117.65625,99.453125,DEV_RECON_LOCAL_BACK_ADJUSTED_DATED_CONTRACT_CHAIN,2011-02-17T00:00:00Z,117.15625,117.828125,117.140625,2249.0,98.953125,99.625,98.9375,2249.0
SOURCE_NATIVE_FUTURES,ZN,bond,APPENDIX_C_172_004,10-year US,ZNM1,116177,2011-02-17,PROVIDER_CONDITION_AVAILABLE,-18.203125,117.65625,99.453125,DEV_RECON_LOCAL_BACK_ADJUSTED_DATED_CONTRACT_CHAIN,2011-02-17T00:00:00Z,117.15625,117.828125,117.140625,2249.0,98.953125,99.625,98.9375,2249.0
SOURCE_NATIVE_FUTURES,ZN,bond,APPENDIX_C_172_004,10-year US,ZNM1,116177,2011-02-18,PROVIDER_CONDITION_AVAILABLE,-18.203125,117.625,99.421875,DEV_RECON_LOCAL_BACK_ADJUSTED_DATED_CONTRACT_CHAIN,2011-02-18T00:00:00Z,117.46875,117.6875,117.1875,5665.0,99.265625,99.484375,98.984375,5665.0
SOURCE_NATIVE_FUTURES,ZN,bond,APPENDIX_C_172_004,10-year US,ZNM1,116177,2011-02-18,PROVIDER_CONDITION_AVAILABLE,-18.203125,117.625,99.421875,DEV_RECON_LOCAL_BACK_ADJUSTED_DATED_CONTRACT_CHAIN,2011-02-18T00:00:00Z,117.46875,117.6875,117.1875,5665.0,99.265625,99.484375,98.984375,5665.0
SOURCE_NATIVE_FUTURES,ZN,bond,APPENDIX_C_172_004,10-year US,ZNM1,116177,2011-02-20,PROVIDER_CONDITION_AVAILABLE,-18.203125,117.625,99.421875,DEV_RECON_LOCAL_BACK_ADJUSTED_DATED_CONTRACT_CHAIN,2011-02-20T00:00:00Z,117.609375,117.625,117.609375,7.0,99.40625,99.421875,99.40625,7.0
SOURCE_NATIVE_FUTURES,ZN,bond,APPENDIX_C_172_004,10-year US,ZNM1,116177,2011-02-20,PROVIDER_CONDITION_AVAILABLE,-18.203125,117.625,99.421875,DEV_RECON_LOCAL_BACK_ADJUSTED_DATED_CONTRACT_CHAIN,2011-02-20T00:00:00Z,117.609375,117.625,117.609375,7.0,99.40625,99.421875,99.40625,7.0
SOURCE_NATIVE_FUTURES,ZN,bond,APPENDIX_C_172_004,10-year US,ZNM1,116177,2011-02-21,PROVIDER_CONDITION_AVAILABLE,-18.203125,117.96875,99.765625,DEV_RECON_LOCAL_BACK_ADJUSTED_DATED_CONTRACT_CHAIN,2011-02-21T00:00:00Z,117.6875,117.96875,117.625,1821.0,99.484375,99.765625,99.421875,1821.0
SOURCE_NATIVE_FUTURES,ZN,bond,APPENDIX_C_172_004,10-year US,ZNM1,116177,2011-02-21,PROVIDER_CONDITION_AVAILABLE,-18.203125,117.96875,99.765625,DEV_RECON_LOCAL_BACK_ADJUSTED_DATED_CONTRACT_CHAIN,2011-02-21T00:00:00Z,117.6875,117.96875,117.625,1821.0,99.484375,99.765625,99.421875,1821.0
SOURCE_NATIVE_FUTURES,ZN,bond,APPENDIX_C_172_004,10-year US,ZNM1,116177,2011-02-22,PROVIDER_CONDITION_AVAILABLE,-18.203125,118.625,100.421875,DEV_RECON_LOCAL_BACK_ADJUSTED_DATED_CONTRACT_CHAIN,2011-02-22T00:00:00Z,118.0,118.796875,117.96875,70323.0,99.796875,100.59375,99.765625,70323.0
SOURCE_NATIVE_FUTURES,ZN,bond,APPENDIX_C_172_004,10-year US,ZNM1,116177,2011-02-22,PROVIDER_CONDITION_AVAILABLE,-18.203125,118.625,100.421875,DEV_RECON_LOCAL_BACK_ADJUSTED_DATED_CONTRACT_CHAIN,2011-02-22T00:00:00Z,118.0,118.796875,117.96875,70323.0,99.796875,100.59375,99.765625,70323.0
SOURCE_NATIVE_FUTURES,ZN,bond,APPENDIX_C_172_004,10-year US,ZNM1,116177,2011-02-23,PROVIDER_CONDITION_AVAILABLE,-18.203125,118.5,100.296875,DEV_RECON_LOCAL_BACK_ADJUSTED_DATED_CONTRACT_CHAIN,2011-02-23T00:00:00Z,118.625,118.953125,118.40625,98282.0,100.421875,100.75,100.203125,98282.0
SOURCE_NATIVE_FUTURES,ZN,bond,APPENDIX_C_172_004,10-year US,ZNM1,116177,2011-02-23,PROVIDER_CONDITION_AVAILABLE,-18.203125,118.5,100.296875,DEV_RECON_LOCAL_BACK_ADJUSTED_DATED_CONTRACT_CHAIN,2011-02-23T00:00:00Z,118.625,118.953125,118.40625,98282.0,100.421875,100.75,100.203125,98282.0
SOURCE_NATIVE_FUTURES,ZN,bond,APPENDIX_C_172_004,10-year US,ZNM1,116177,2011-02-24,PROVIDER_CONDITION_AVAILABLE,-18.203125,118.625,100.421875,DEV_RECON_LOCAL_BACK_ADJUSTED_DATED_CONTRACT_CHAIN,2011-02-24T00:00:00Z,118.5,119.046875,118.5,183475.0,100.296875,100.84375,100.296875,183475.0
SOURCE_NATIVE_FUTURES,ZN,bond,APPENDIX_C_172_004,10-year US,ZNM1,116177,2011-02-24,PROVIDER_CONDITION_AVAILABLE,-18.203125,118.625,100.421875,DEV_RECON_LOCAL_BACK_ADJUSTED_DATED_CONTRACT_CHAIN,2011-02-24T00:00:00Z,118.5,119.046875,118.5,183475.0,100.296875,100.84375,100.296875,183475.0
SOURCE_NATIVE_FUTURES,ZN,bond,APPENDIX_C_172_004,10-year US,ZNM1,116177,2011-02-25,PROVIDER_CONDITION_AVAILABLE,-18.203125,119.0,100.796875,DEV_RECON_LOCAL_BACK_ADJUSTED_DATED_CONTRACT_CHAIN,2011-02-25T00:00:00Z,118.625,119.03125,118.53125,240056.0,100.421875,100.828125,100.328125,240056.0
SOURCE_NATIVE_FUTURES,ZN,bond,APPENDIX_C_172_004,10-year US,ZNM1,116177,2011-02-25,PROVIDER_CONDITION_AVAILABLE,-18.203125,119.0,100.796875,DEV_RECON_LOCAL_BACK_ADJUSTED_DATED_CONTRACT_CHAIN,2011-02-25T00:00:00Z,118.625,119.03125,118.53125,240056.0,100.421875,100.828125,100.328125,240056.0
SOURCE_NATIVE_FUTURES,ZN,bond,APPENDIX_C_172_004,10-year US,ZNM1,116177,2011-02-27,PROVIDER_CONDITION_AVAILABLE,-18.203125,119.046875,100.84375,DEV_RECON_LOCAL_BACK_ADJUSTED_DATED_CONTRACT_CHAIN,2011-02-27T00:00:00Z,119.03125,119.0625,119.0,2899.0,100.828125,100.859375,100.796875,2899.0
SOURCE_NATIVE_FUTURES,ZN,bond,APPENDIX_C_172_004,10-year US,ZNM1,116177,2011-02-27,PROVIDER_CONDITION_AVAILABLE,-18.203125,119.046875,100.84375,DEV_RECON_LOCAL_BACK_ADJUSTED_DATED_CONTRACT_CHAIN,2011-02-27T00:00:00Z,119.03125,119.0625,119.0,2899.0,100.828125,100.859375,100.796875,2899.0
SOURCE_NATIVE_FUTURES,ZN,bond,APPENDIX_C_172_004,10-year US,ZNM1,116177,2011-02-28,PROVIDER_CONDITION_AVAILABLE,-18.203125,118.84375,100.640625,DEV_RECON_LOCAL_BACK_ADJUSTED_DATED_CONTRACT_CHAIN,2011-02-28T00:00:00Z,119.0625,119.28125,118.84375,771218.0,100.859375,101.078125,100.640625,771218.0
SOURCE_NATIVE_FUTURES,ZN,bond,APPENDIX_C_172_004,10-year US,ZNM1,116177,2011-02-28,PROVIDER_CONDITION_AVAILABLE,-18.203125,118.84375,100.640625,DEV_RECON_LOCAL_BACK_ADJUSTED_DATED_CONTRACT_CHAIN,2011-02-28T00:00:00Z,119.0625,119.28125,118.84375,771218.0,100.859375,101.078125,100.640625,771218.0
SOURCE_NATIVE_FUTURES,ZN,bond,APPENDIX_C_172_004,10-year US,ZNM1,116177,2011-03-01,PROVIDER_CONDITION_AVAILABLE,-18.203125,119.1875,100.984375,DEV_RECON_LOCAL_BACK_ADJUSTED_DATED_CONTRACT_CHAIN,2011-03-01T00:00:00Z,118.859375,119.265625,118.421875,1360847.0,100.65625,101.0625,100.21875,1360847.0
SOURCE_NATIVE_FUTURES,ZN,bond,APPENDIX_C_172_004,10-year US,ZNM1,116177,2011-03-01,PROVIDER_CONDITION_AVAILABLE,-18.203125,119.1875,100.984375,DEV_RECON_LOCAL_BACK_ADJUSTED_DATED_CONTRACT_CHAIN,2011-03-01T00:00:00Z,118.859375,119.265625,118.421875,1360847.0,100.65625,101.0625,100.21875,1360847.0
SOURCE_NATIVE_FUTURES,ZN,bond,APPENDIX_C_172_004,10-year US,ZNM1,116177,2011-03-02,PROVIDER_CONDITION_AVAILABLE,-18.203125,118.640625,100.4375,DEV_RECON_LOCAL_BACK_ADJUSTED_DATED_CONTRACT_CHAIN,2011-03-02T00:00:00Z,119.1875,119.390625,118.609375,1150937.0,100.984375,101.1875,100.40625,1150937.0
SOURCE_NATIVE_FUTURES,ZN,bond,APPENDIX_C_172_004,10-year US,ZNM1,116177,2011-03-02,PROVIDER_CONDITION_AVAILABLE,-18.203125,118.640625,100.4375,DEV_RECON_LOCAL_BACK_ADJUSTED_DATED_CONTRACT_CHAIN,2011-03-02T00:00:00Z,119.1875,119.390625,118.609375,1150937.0,100.984375,101.1875,100.40625,1150937.0
SOURCE_NATIVE_FUTURES,ZN,bond,APPENDIX_C_172_004,10-year US,ZNM1,116177,2011-03-03,PROVIDER_CONDITION_AVAILABLE,-18.203125,117.90625,99.703125,DEV_RECON_LOCAL_BACK_ADJUSTED_DATED_CONTRACT_CHAIN,2011-03-03T00:00:00Z,118.65625,118.71875,117.796875,1313508.0,100.453125,100.515625,99.59375,1313508.0
SOURCE_NATIVE_FUTURES,ZN,bond,APPENDIX_C_172_004,10-year US,ZNM1,116177,2011-03-03,PROVIDER_CONDITION_AVAILABLE,-18.203125,117.90625,99.703125,DEV_RECON_LOCAL_BACK_ADJUSTED_DATED_CONTRACT_CHAIN,2011-03-03T00:00:00Z,118.65625,118.71875,117.796875,1313508.0,100.453125,100.515625,99.59375,1313508.0
SOURCE_NATIVE_FUTURES,ZN,bond,APPENDIX_C_172_004,10-year US,ZNM1,116177,2011-03-04,PROVIDER_CONDITION_AVAILABLE,-18.203125,118.59375,100.390625,DEV_RECON_LOCAL_BACK_ADJUSTED_DATED_CONTRACT_CHAIN,2011-03-04T00:00:00Z,117.90625,118.71875,117.5625,1398234.0,99.703125,100.515625,99.359375,1398234.0
SOURCE_NATIVE_FUTURES,ZN,bond,APPENDIX_C_172_004,10-year US,ZNM1,116177,2011-03-04,PROVIDER_CONDITION_AVAILABLE,-18.203125,118.59375,100.390625,DEV_RECON_LOCAL_BACK_ADJUSTED_DATED_CONTRACT_CHAIN,2011-03-04T00:00:00Z,117.90625,118.71875,117.5625,1398234.0,99.703125,100.515625,99.359375,1398234.0
SOURCE_NATIVE_FUTURES,ZN,bond,APPENDIX_C_172_004,10-year US,ZNM1,116177,2011-03-06,PROVIDER_CONDITION_AVAILABLE,-18.203125,118.515625,100.3125,DEV_RECON_LOCAL_BACK_ADJUSTED_DATED_CONTRACT_CHAIN,2011-03-06T00:00:00Z,118.53125,118.53125,118.484375,5884.0,100.328125,100.328125,100.28125,5884.0
SOURCE_NATIVE_FUTURES,ZN,bond,APPENDIX_C_172_004,10-year US,ZNM1,116177,2011-03-06,PROVIDER_CONDITION_AVAILABLE,-18.203125,118.515625,100.3125,DEV_RECON_LOCAL_BACK_ADJUSTED_DATED_CONTRACT_CHAIN,2011-03-06T00:00:00Z,118.53125,118.53125,118.484375,5884.0,100.328125,100.328125,100.28125,5884.0
SOURCE_NATIVE_FUTURES,ZN,bond,APPENDIX_C_172_004,10-year US,ZNM1,116177,2011-03-07,PROVIDER_CONDITION_AVAILABLE,-18.203125,118.453125,100.25,DEV_RECON_LOCAL_BACK_ADJUSTED_DATED_CONTRACT_CHAIN,2011-03-07T00:00:00Z,118.5,118.859375,118.15625,926716.0,100.296875,100.65625,99.953125,926716.0
SOURCE_NATIVE_FUTURES,ZN,bond,APPENDIX_C_172_004,10-year US,ZNM1,116177,2011-03-07,PROVIDER_CONDITION_AVAILABLE,-18.203125,118.453125,100.25,DEV_RECON_LOCAL_BACK_ADJUSTED_DATED_CONTRACT_CHAIN,2011-03-07T00:00:00Z,118.5,118.859375,118.15625,926716.0,100.296875,100.65625,99.953125,926716.0
SOURCE_NATIVE_FUTURES,ZN,bond,APPENDIX_C_172_004,10-year US,ZNM1,116177,2011-03-08,PROVIDER_CONDITION_AVAILABLE,-18.203125,118.296875,100.09375,DEV_RECON_LOCAL_BACK_ADJUSTED_DATED_CONTRACT_CHAIN,2011-03-08T00:00:00Z,118.453125,118.734375,118.21875,973203.0,100.25,100.53125,100.015625,973203.0
SOURCE_NATIVE_FUTURES,ZN,bond,APPENDIX_C_172_004,10-year US,ZNM1,116177,2011-03-08,PROVIDER_CONDITION_AVAILABLE,-18.203125,118.296875,100.09375,DEV_RECON_LOCAL_BACK_ADJUSTED_DATED_CONTRACT_CHAIN,2011-03-08T00:00:00Z,118.453125,118.734375,118.21875,973203.0,100.25,100.53125,100.015625,973203.0
SOURCE_NATIVE_FUTURES,ZN,bond,APPENDIX_C_172_004,10-year US,ZNM1,116177,2011-03-09,PROVIDER_CONDITION_AVAILABLE,-18.203125,118.890625,100.6875,DEV_RECON_LOCAL_BACK_ADJUSTED_DATED_CONTRACT_CHAIN,2011-03-09T00:00:00Z,118.3125,119.109375,118.265625,1089297.0,100.109375,100.90625,100.0625,1089297.0
SOURCE_NATIVE_FUTURES,ZN,bond,APPENDIX_C_172_004,10-year US,ZNM1,116177,2011-03-09,PROVIDER_CONDITION_AVAILABLE,-18.203125,118.890625,100.6875,DEV_RECON_LOCAL_BACK_ADJUSTED_DATED_CONTRACT_CHAIN,2011-03-09T00:00:00Z,118.3125,119.109375,118.265625,1089297.0,100.109375,100.90625,100.0625,1089297.0
SOURCE_NATIVE_FUTURES,ZN,bond,APPENDIX_C_172_004,10-year US,ZNM1,116177,2011-03-10,PROVIDER_CONDITION_AVAILABLE,-18.203125,119.75,101.546875,DEV_RECON_LOCAL_BACK_ADJUSTED_DATED_CONTRACT_CHAIN,2011-03-10T00:00:00Z,118.890625,119.875,118.84375,1436419.0,100.6875,101.671875,100.640625,1436419.0
SOURCE_NATIVE_FUTURES,ZN,bond,APPENDIX_C_172_004,10-year US,ZNM1,116177,2011-03-10,PROVIDER_CONDITION_AVAILABLE,-18.203125,119.75,101.546875,DEV_RECON_LOCAL_BACK_ADJUSTED_DATED_CONTRACT_CHAIN,2011-03-10T00:00:00Z,118.890625,119.875,118.84375,1436419.0,100.6875,101.671875,100.640625,1436419.0
SOURCE_NATIVE_FUTURES,ZN,bond,APPENDIX_C_172_004,10-year US,ZNM1,116177,2011-03-11,PROVIDER_CONDITION_AVAILABLE,-18.203125,119.625,101.421875,DEV_RECON_LOCAL_BACK_ADJUSTED_DATED_CONTRACT_CHAIN,2011-03-11T00:00:00Z,119.75,120.15625,119.484375,1197042.0,101.546875,101.953125,101.28125,1197042.0
SOURCE_NATIVE_FUTURES,ZN,bond,APPENDIX_C_172_004,10-year US,ZNM1,116177,2011-03-11,PROVIDER_CONDITION_AVAILABLE,-18.203125,119.625,101.421875,DEV_RECON_LOCAL_BACK_ADJUSTED_DATED_CONTRACT_CHAIN,2011-03-11T00:00:00Z,119.75,120.15625,119.484375,1197042.0,101.546875,101.953125,101.28125,1197042.0
SOURCE_NATIVE_FUTURES,ZN,bond,APPENDIX_C_172_004,10-year US,ZNM1,116177,2011-03-13,PROVIDER_CONDITION_AVAILABLE,-18.203125,119.828125,101.625,DEV_RECON_LOCAL_BACK_ADJUSTED_DATED_CONTRACT_CHAIN,2011-03-13T00:00:00Z,119.8125,119.984375,119.703125,21446.0,101.609375,101.78125,101.5,21446.0
SOURCE_NATIVE_FUTURES,ZN,bond,APPENDIX_C_172_004,10-year US,ZNM1,116177,2011-03-13,PROVIDER_CONDITION_AVAILABLE,-18.203125,119.828125,101.625,DEV_RECON_LOCAL_BACK_ADJUSTED_DATED_CONTRACT_CHAIN,2011-03-13T00:00:00Z,119.8125,119.984375,119.703125,21446.0,101.609375,101.78125,101.5,21446.0
SOURCE_NATIVE_FUTURES,ZN,bond,APPENDIX_C_172_004,10-year US,ZNM1,116177,2011-03-14,PROVIDER_CONDITION_AVAILABLE,-18.203125,120.234375,102.03125,DEV_RECON_LOCAL_BACK_ADJUSTED_DATED_CONTRACT_CHAIN,2011-03-14T00:00:00Z,119.828125,120.421875,119.546875,1125545.0,101.625,102.21875,101.34375,1125545.0
SOURCE_NATIVE_FUTURES,ZN,bond,APPENDIX_C_172_004,10-year US,ZNM1,116177,2011-03-14,PROVIDER_CONDITION_AVAILABLE,-18.203125,120.234375,102.03125,DEV_RECON_LOCAL_BACK_ADJUSTED_DATED_CONTRACT_CHAIN,2011-03-14T00:00:00Z,119.828125,120.421875,119.546875,1125545.0,101.625,102.21875,101.34375,1125545.0
SOURCE_NATIVE_FUTURES,ZN,bond,APPENDIX_C_172_004,10-year US,ZNM1,116177,2011-03-15,PROVIDER_CONDITION_AVAILABLE,-18.203125,120.375,102.171875,DEV_RECON_LOCAL_BACK_ADJUSTED_DATED_CONTRACT_CHAIN,2011-03-15T00:00:00Z,120.21875,121.453125,120.15625,1647102.0,102.015625,103.25,101.953125,1647102.0
SOURCE_NATIVE_FUTURES,ZN,bond,APPENDIX_C_172_004,10-year US,ZNM1,116177,2011-03-15,PROVIDER_CONDITION_AVAILABLE,-18.203125,120.375,102.171875,DEV_RECON_LOCAL_BACK_ADJUSTED_DATED_CONTRACT_CHAIN,2011-03-15T00:00:00Z,120.21875,121.453125,120.15625,1647102.0,102.015625,103.25,101.953125,1647102.0
SOURCE_NATIVE_FUTURES,ZN,bond,APPENDIX_C_172_004,10-year US,ZNM1,116177,2011-03-16,PROVIDER_CONDITION_AVAILABLE,-18.203125,121.546875,103.34375,DEV_RECON_LOCAL_BACK_ADJUSTED_DATED_CONTRACT_CHAIN,2011-03-16T00:00:00Z,120.375,121.828125,120.09375,2037044.0,102.171875,103.625,101.890625,2037044.0
SOURCE_NATIVE_FUTURES,ZN,bond,APPENDIX_C_172_004,10-year US,ZNM1,116177,2011-03-16,PROVIDER_CONDITION_AVAILABLE,-18.203125,121.546875,103.34375,DEV_RECON_LOCAL_BACK_ADJUSTED_DATED_CONTRACT_CHAIN,2011-03-16T00:00:00Z,120.375,121.828125,120.09375,2037044.0,102.171875,103.625,101.890625,2037044.0
SOURCE_NATIVE_FUTURES,ZN,bond,APPENDIX_C_172_004,10-year US,ZNM1,116177,2011-03-17,PROVIDER_CONDITION_AVAILABLE,-18.203125,120.765625,102.5625,DEV_RECON_LOCAL_BACK_ADJUSTED_DATED_CONTRACT_CHAIN,2011-03-17T00:00:00Z,121.546875,121.640625,120.53125,1384321.0,103.34375,103.4375,102.328125,1384321.0
SOURCE_NATIVE_FUTURES,ZN,bond,APPENDIX_C_172_004,10-year US,ZNM1,116177,2011-03-17,PROVIDER_CONDITION_AVAILABLE,-18.203125,120.765625,102.5625,DEV_RECON_LOCAL_BACK_ADJUSTED_DATED_CONTRACT_CHAIN,2011-03-17T00:00:00Z,121.546875,121.640625,120.53125,1384321.0,103.34375,103.4375,102.328125,1384321.0
SOURCE_NATIVE_FUTURES,ZN,bond,APPENDIX_C_172_004,10-year US,ZNM1,116177,2011-03-18,PROVIDER_CONDITION_AVAILABLE,-18.203125,120.734375,102.53125,DEV_RECON_LOCAL_BACK_ADJUSTED_DATED_CONTRACT_CHAIN,2011-03-18T00:00:00Z,120.75,121.109375,120.375,1031148.0,102.546875,102.90625,102.171875,1031148.0
SOURCE_NATIVE_FUTURES,ZN,bond,APPENDIX_C_172_004,10-year US,ZNM1,116177,2011-03-18,PROVIDER_CONDITION_AVAILABLE,-18.203125,120.734375,102.53125,DEV_RECON_LOCAL_BACK_ADJUSTED_DATED_CONTRACT_CHAIN,2011-03-18T00:00:00Z,120.75,121.109375,120.375,1031148.0,102.546875,102.90625,102.171875,1031148.0
SOURCE_NATIVE_FUTURES,ZN,bond,APPENDIX_C_172_004,10-year US,ZNM1,116177,2011-03-20,PROVIDER_CONDITION_AVAILABLE,-18.203125,120.421875,102.21875,DEV_RECON_LOCAL_BACK_ADJUSTED_DATED_CONTRACT_CHAIN,2011-03-20T00:00:00Z,120.71875,120.734375,120.390625,9903.0,102.515625,102.53125,102.1875,9903.0
SOURCE_NATIVE_FUTURES,ZN,bond,APPENDIX_C_172_004,10-year US,ZNM1,116177,2011-03-20,PROVIDER_CONDITION_AVAILABLE,-18.203125,120.421875,102.21875,DEV_RECON_LOCAL_BACK_ADJUSTED_DATED_CONTRACT_CHAIN,2011-03-20T00:00:00Z,120.71875,120.734375,120.390625,9903.0,102.515625,102.53125,102.1875,9903.0
SOURCE_NATIVE_FUTURES,ZN,bond,APPENDIX_C_172_004,10-year US,ZNM1,116177,2011-03-21,PROVIDER_CONDITION_AVAILABLE,-18.203125,120.125,101.921875,DEV_RECON_LOCAL_BACK_ADJUSTED_DATED_CONTRACT_CHAIN,2011-03-21T00:00:00Z,120.40625,120.5625,119.84375,1054153.0,102.203125,102.359375,101.640625,1054153.0
SOURCE_NATIVE_FUTURES,ZN,bond,APPENDIX_C_172_004,10-year US,ZNM1,116177,2011-03-21,PROVIDER_CONDITION_AVAILABLE,-18.203125,120.125,101.921875,DEV_RECON_LOCAL_BACK_ADJUSTED_DATED_CONTRACT_CHAIN,2011-03-21T00:00:00Z,120.40625,120.5625,119.84375,1054153.0,102.203125,102.359375,101.640625,1054153.0
SOURCE_NATIVE_FUTURES,ZN,bond,APPENDIX_C_172_004,10-year US,ZNM1,116177,2011-03-22,PROVIDER_CONDITION_AVAILABLE,-18.203125,120.046875,101.84375,DEV_RECON_LOCAL_BACK_ADJUSTED_DATED_CONTRACT_CHAIN,2011-03-22T00:00:00Z,120.125,120.25,119.796875,978771.0,101.921875,102.046875,101.59375,978771.0
SOURCE_NATIVE_FUTURES,ZN,bond,APPENDIX_C_172_004,10-year US,ZNM1,116177,2011-03-22,PROVIDER_CONDITION_AVAILABLE,-18.203125,120.046875,101.84375,DEV_RECON_LOCAL_BACK_ADJUSTED_DATED_CONTRACT_CHAIN,2011-03-22T00:00:00Z,120.125,120.25,119.796875,978771.0,101.921875,102.046875,101.59375,978771.0
SOURCE_NATIVE_FUTURES,ZN,bond,APPENDIX_C_172_004,10-year US,ZNM1,116177,2011-03-23,PROVIDER_CONDITION_AVAILABLE,-18.203125,120.03125,101.828125,DEV_RECON_LOCAL_BACK_ADJUSTED_DATED_CONTRACT_CHAIN,2011-03-23T00:00:00Z,120.046875,120.453125,119.875,1135469.0,101.84375,102.25,101.671875,1135469.0
SOURCE_NATIVE_FUTURES,ZN,bond,APPENDIX_C_172_004,10-year US,ZNM1,116177,2011-03-23,PROVIDER_CONDITION_AVAILABLE,-18.203125,120.03125,101.828125,DEV_RECON_LOCAL_BACK_ADJUSTED_DATED_CONTRACT_CHAIN,2011-03-23T00:00:00Z,120.046875,120.453125,119.875,1135469.0,101.84375,102.25,101.671875,1135469.0
SOURCE_NATIVE_FUTURES,ZN,bond,APPENDIX_C_172_004,10-year US,ZNM1,116177,2011-03-24,PROVIDER_CONDITION_AVAILABLE,-18.203125,119.484375,101.28125,DEV_RECON_LOCAL_BACK_ADJUSTED_DATED_CONTRACT_CHAIN,2011-03-24T00:00:00Z,120.03125,120.203125,119.390625,1041759.0,101.828125,102.0,101.1875,1041759.0
SOURCE_NATIVE_FUTURES,ZN,bond,APPENDIX_C_172_004,10-year US,ZNM1,116177,2011-03-24,PROVIDER_CONDITION_AVAILABLE,-18.203125,119.484375,101.28125,DEV_RECON_LOCAL_BACK_ADJUSTED_DATED_CONTRACT_CHAIN,2011-03-24T00:00:00Z,120.03125,120.203125,119.390625,1041759.0,101.828125,102.0,101.1875,1041759.0
SOURCE_NATIVE_FUTURES,ZN,bond,APPENDIX_C_172_004,10-year US,ZNM1,116177,2011-03-25,PROVIDER_CONDITION_AVAILABLE,-18.203125,119.21875,101.015625,DEV_RECON_LOCAL_BACK_ADJUSTED_DATED_CONTRACT_CHAIN,2011-03-25T00:00:00Z,119.484375,119.734375,119.046875,1044336.0,101.28125,101.53125,100.84375,1044336.0
SOURCE_NATIVE_FUTURES,ZN,bond,APPENDIX_C_172_004,10-year US,ZNM1,116177,2011-03-25,PROVIDER_CONDITION_AVAILABLE,-18.203125,119.21875,101.015625,DEV_RECON_LOCAL_BACK_ADJUSTED_DATED_CONTRACT_CHAIN,2011-03-25T00:00:00Z,119.484375,119.734375,119.046875,1044336.0,101.28125,101.53125,100.84375,1044336.0
SOURCE_NATIVE_FUTURES,ZN,bond,APPENDIX_C_172_004,10-year US,ZNM1,116177,2011-03-27,PROVIDER_CONDITION_AVAILABLE,-18.203125,119.03125,100.828125,DEV_RECON_LOCAL_BACK_ADJUSTED_DATED_CONTRACT_CHAIN,2011-03-27T00:00:00Z,119.125,119.15625,118.9375,15068.0,100.921875,100.953125,100.734375,15068.0
SOURCE_NATIVE_FUTURES,ZN,bond,APPENDIX_C_172_004,10-year US,ZNM1,116177,2011-03-27,PROVIDER_CONDITION_AVAILABLE,-18.203125,119.03125,100.828125,DEV_RECON_LOCAL_BACK_ADJUSTED_DATED_CONTRACT_CHAIN,2011-03-27T00:00:00Z,119.125,119.15625,118.9375,15068.0,100.921875,100.953125,100.734375,15068.0
SOURCE_NATIVE_FUTURES,ZN,bond,APPENDIX_C_172_004,10-year US,ZNM1,116177,2011-03-28,PROVIDER_CONDITION_AVAILABLE,-18.203125,119.234375,101.03125,DEV_RECON_LOCAL_BACK_ADJUSTED_DATED_CONTRACT_CHAIN,2011-03-28T00:00:00Z,119.03125,119.265625,118.8125,809293.0,100.828125,101.0625,100.609375,809293.0
SOURCE_NATIVE_FUTURES,ZN,bond,APPENDIX_C_172_004,10-year US,ZNM1,116177,2011-03-28,PROVIDER_CONDITION_AVAILABLE,-18.203125,119.234375,101.03125,DEV_RECON_LOCAL_BACK_ADJUSTED_DATED_CONTRACT_CHAIN,2011-03-28T00:00:00Z,119.03125,119.265625,118.8125,809293.0,100.828125,101.0625,100.609375,809293.0
SOURCE_NATIVE_FUTURES,ZN,bond,APPENDIX_C_172_004,10-year US,ZNM1,116177,2011-03-29,PROVIDER_CONDITION_AVAILABLE,-18.203125,118.796875,100.59375,DEV_RECON_LOCAL_BACK_ADJUSTED_DATED_CONTRACT_CHAIN,2011-03-29T00:00:00Z,119.234375,119.3125,118.671875,926580.0,101.03125,101.109375,100.46875,926580.0
SOURCE_NATIVE_FUTURES,ZN,bond,APPENDIX_C_172_004,10-year US,ZNM1,116177,2011-03-29,PROVIDER_CONDITION_AVAILABLE,-18.203125,118.796875,100.59375,DEV_RECON_LOCAL_BACK_ADJUSTED_DATED_CONTRACT_CHAIN,2011-03-29T00:00:00Z,119.234375,119.3125,118.671875,926580.0,101.03125,101.109375,100.46875,926580.0
SOURCE_NATIVE_FUTURES,ZN,bond,APPENDIX_C_172_004,10-year US,ZNM1,116177,2011-03-30,PROVIDER_CONDITION_AVAILABLE,-18.203125,119.171875,100.96875,DEV_RECON_LOCAL_BACK_ADJUSTED_DATED_CONTRACT_CHAIN,2011-03-30T00:00:00Z,118.796875,119.234375,118.59375,940499.0,100.59375,101.03125,100.390625,940499.0
SOURCE_NATIVE_FUTURES,ZN,bond,APPENDIX_C_172_004,10-year US,ZNM1,116177,2011-03-30,PROVIDER_CONDITION_AVAILABLE,-18.203125,119.171875,100.96875,DEV_RECON_LOCAL_BACK_ADJUSTED_DATED_CONTRACT_CHAIN,2011-03-30T00:00:00Z,118.796875,119.234375,118.59375,940499.0,100.59375,101.03125,100.390625,940499.0
SOURCE_NATIVE_FUTURES,ZN,bond,APPENDIX_C_172_004,10-year US,ZNM1,116177,2011-03-31,PROVIDER_CONDITION_AVAILABLE,-18.203125,118.78125,100.578125,DEV_RECON_LOCAL_BACK_ADJUSTED_DATED_CONTRACT_CHAIN,2011-03-31T00:00:00Z,119.171875,119.46875,118.734375,1281889.0,100.96875,101.265625,100.53125,1281889.0
SOURCE_NATIVE_FUTURES,ZN,bond,APPENDIX_C_172_004,10-year US,ZNM1,116177,2011-03-31,PROVIDER_CONDITION_AVAILABLE,-18.203125,118.78125,100.578125,DEV_RECON_LOCAL_BACK_ADJUSTED_DATED_CONTRACT_CHAIN,2011-03-31T00:00:00Z,119.171875,119.46875,118.734375,1281889.0,100.96875,101.265625,100.53125,1281889.0
SOURCE_NATIVE_FUTURES,ZN,bond,APPENDIX_C_172_004,10-year US,ZNM1,116177,2011-04-01,PROVIDER_CONDITION_AVAILABLE,-18.203125,118.984375,100.78125,DEV_RECON_LOCAL_BACK_ADJUSTED_DATED_CONTRACT_CHAIN,2011-04-01T00:00:00Z,118.765625,119.03125,118.28125,1174861.0,100.5625,100.828125,100.078125,1174861.0
SOURCE_NATIVE_FUTURES,ZN,bond,APPENDIX_C_172_004,10-year US,ZNM1,116177,2011-04-01,PROVIDER_CONDITION_AVAILABLE,-18.203125,118.984375,100.78125,DEV_RECON_LOCAL_BACK_ADJUSTED_DATED_CONTRACT_CHAIN,2011-04-01T00:00:00Z,118.765625,119.03125,118.28125,1174861.0,100.5625,100.828125,100.078125,1174861.0
SOURCE_NATIVE_FUTURES,ZN,bond,APPENDIX_C_172_004,10-year US,ZNM1,116177,2011-04-03,PROVIDER_CONDITION_AVAILABLE,-18.203125,118.984375,100.78125,DEV_RECON_LOCAL_BACK_ADJUSTED_DATED_CONTRACT_CHAIN,2011-04-03T00:00:00Z,119.0,119.03125,118.890625,6304.0,100.796875,100.828125,100.6875,6304.0
SOURCE_NATIVE_FUTURES,ZN,bond,APPENDIX_C_172_004,10-year US,ZNM1,116177,2011-04-03,PROVIDER_CONDITION_AVAILABLE,-18.203125,118.984375,100.78125,DEV_RECON_LOCAL_BACK_ADJUSTED_DATED_CONTRACT_CHAIN,2011-04-03T00:00:00Z,119.0,119.03125,118.890625,6304.0,100.796875,100.828125,100.6875,6304.0
SOURCE_NATIVE_FUTURES,ZN,bond,APPENDIX_C_172_004,10-year US,ZNM1,116177,2011-04-04,PROVIDER_CONDITION_AVAILABLE,-18.203125,119.0625,100.859375,DEV_RECON_LOCAL_BACK_ADJUSTED_DATED_CONTRACT_CHAIN,2011-04-04T00:00:00Z,119.0,119.453125,118.875,810012.0,100.796875,101.25,100.671875,810012.0
SOURCE_NATIVE_FUTURES,ZN,bond,APPENDIX_C_172_004,10-year US,ZNM1,116177,2011-04-04,PROVIDER_CONDITION_AVAILABLE,-18.203125,119.0625,100.859375,DEV_RECON_LOCAL_BACK_ADJUSTED_DATED_CONTRACT_CHAIN,2011-04-04T00:00:00Z,119.0,119.453125,118.875,810012.0,100.796875,101.25,100.671875,810012.0
SOURCE_NATIVE_FUTURES,ZN,bond,APPENDIX_C_172_004,10-year US,ZNM1,116177,2011-04-05,PROVIDER_CONDITION_AVAILABLE,-18.203125,118.765625,100.5625,DEV_RECON_LOCAL_BACK_ADJUSTED_DATED_CONTRACT_CHAIN,2011-04-05T00:00:00Z,119.078125,119.40625,118.65625,1090436.0,100.875,101.203125,100.453125,1090436.0
SOURCE_NATIVE_FUTURES,ZN,bond,APPENDIX_C_172_004,10-year US,ZNM1,116177,2011-04-05,PROVIDER_CONDITION_AVAILABLE,-18.203125,118.765625,100.5625,DEV_RECON_LOCAL_BACK_ADJUSTED_DATED_CONTRACT_CHAIN,2011-04-05T00:00:00Z,119.078125,119.40625,118.65625,1090436.0,100.875,101.203125,100.453125,1090436.0
SOURCE_NATIVE_FUTURES,ZN,bond,APPENDIX_C_172_004,10-year US,ZNM1,116177,2011-04-06,PROVIDER_CONDITION_AVAILABLE,-18.203125,118.28125,100.078125,DEV_RECON_LOCAL_BACK_ADJUSTED_DATED_CONTRACT_CHAIN,2011-04-06T00:00:00Z,118.78125,118.859375,118.203125,1033117.0,100.578125,100.65625,100.0,1033117.0
SOURCE_NATIVE_FUTURES,ZN,bond,APPENDIX_C_172_004,10-year US,ZNM1,116177,2011-04-06,PROVIDER_CONDITION_AVAILABLE,-18.203125,118.28125,100.078125,DEV_RECON_LOCAL_BACK_ADJUSTED_DATED_CONTRACT_CHAIN,2011-04-06T00:00:00Z,118.78125,118.859375,118.203125,1033117.0,100.578125,100.65625,100.0,1033117.0
SOURCE_NATIVE_FUTURES,ZN,bond,APPENDIX_C_172_004,10-year US,ZNM1,116177,2011-04-07,PROVIDER_CONDITION_AVAILABLE,-18.203125,118.4375,100.234375,DEV_RECON_LOCAL_BACK_ADJUSTED_DATED_CONTRACT_CHAIN,2011-04-07T00:00:00Z,118.28125,118.703125,118.125,1252094.0,100.078125,100.5,99.921875,1252094.0
SOURCE_NATIVE_FUTURES,ZN,bond,APPENDIX_C_172_004,10-year US,ZNM1,116177,2011-04-07,PROVIDER_CONDITION_AVAILABLE,-18.203125,118.4375,100.234375,DEV_RECON_LOCAL_BACK_ADJUSTED_DATED_CONTRACT_CHAIN,2011-04-07T00:00:00Z,118.28125,118.703125,118.125,1252094.0,100.078125,100.5,99.921875,1252094.0
SOURCE_NATIVE_FUTURES,ZN,bond,APPENDIX_C_172_004,10-year US,ZNM1,116177,2011-04-08,PROVIDER_CONDITION_AVAILABLE,-18.203125,118.28125,100.078125,DEV_RECON_LOCAL_BACK_ADJUSTED_DATED_CONTRACT_CHAIN,2011-04-08T00:00:00Z,118.421875,118.46875,117.921875,894397.0,100.21875,100.265625,99.71875,894397.0
SOURCE_NATIVE_FUTURES,ZN,bond,APPENDIX_C_172_004,10-year US,ZNM1,116177,2011-04-08,PROVIDER_CONDITION_AVAILABLE,-18.203125,118.28125,100.078125,DEV_RECON_LOCAL_BACK_ADJUSTED_DATED_CONTRACT_CHAIN,2011-04-08T00:00:00Z,118.421875,118.46875,117.921875,894397.0,100.21875,100.265625,99.71875,894397.0
SOURCE_NATIVE_FUTURES,ZN,bond,APPENDIX_C_172_004,10-year US,ZNM1,116177,2011-04-10,PROVIDER_CONDITION_AVAILABLE,-18.203125,118.109375,99.90625,DEV_RECON_LOCAL_BACK_ADJUSTED_DATED_CONTRACT_CHAIN,2011-04-10T00:00:00Z,118.234375,118.234375,118.0625,9615.0,100.03125,100.03125,99.859375,9615.0
SOURCE_NATIVE_FUTURES,ZN,bond,APPENDIX_C_172_004,10-year US,ZNM1,116177,2011-04-10,PROVIDER_CONDITION_AVAILABLE,-18.203125,118.109375,99.90625,DEV_RECON_LOCAL_BACK_ADJUSTED_DATED_CONTRACT_CHAIN,2011-04-10T00:00:00Z,118.234375,118.234375,118.0625,9615.0,100.03125,100.03125,99.859375,9615.0
SOURCE_NATIVE_FUTURES,ZN,bond,APPENDIX_C_172_004,10-year US,ZNM1,116177,2011-04-11,PROVIDER_CONDITION_AVAILABLE,-18.203125,118.34375,100.140625,DEV_RECON_LOCAL_BACK_ADJUSTED_DATED_CONTRACT_CHAIN,2011-04-11T00:00:00Z,118.109375,118.5625,118.078125,703796.0,99.90625,100.359375,99.875,703796.0
SOURCE_NATIVE_FUTURES,ZN,bond,APPENDIX_C_172_004,10-year US,ZNM1,116177,2011-04-11,PROVIDER_CONDITION_AVAILABLE,-18.203125,118.34375,100.140625,DEV_RECON_LOCAL_BACK_ADJUSTED_DATED_CONTRACT_CHAIN,2011-04-11T00:00:00Z,118.109375,118.5625,118.078125,703796.0,99.90625,100.359375,99.875,703796.0
SOURCE_NATIVE_FUTURES,ZN,bond,APPENDIX_C_172_004,10-year US,ZNM1,116177,2011-04-12,PROVIDER_CONDITION_AVAILABLE,-18.203125,119.03125,100.828125,DEV_RECON_LOCAL_BACK_ADJUSTED_DATED_CONTRACT_CHAIN,2011-04-12T00:00:00Z,118.34375,119.296875,118.34375,1234317.0,100.140625,101.09375,100.140625,1234317.0
SOURCE_NATIVE_FUTURES,ZN,bond,APPENDIX_C_172_004,10-year US,ZNM1,116177,2011-04-12,PROVIDER_CONDITION_AVAILABLE,-18.203125,119.03125,100.828125,DEV_RECON_LOCAL_BACK_ADJUSTED_DATED_CONTRACT_CHAIN,2011-04-12T00:00:00Z,118.34375,119.296875,118.34375,1234317.0,100.140625,101.09375,100.140625,1234317.0
SOURCE_NATIVE_FUTURES,ZN,bond,APPENDIX_C_172_004,10-year US,ZNM1,116177,2011-04-13,PROVIDER_CONDITION_AVAILABLE,-18.203125,119.3125,101.109375,DEV_RECON_LOCAL_BACK_ADJUSTED_DATED_CONTRACT_CHAIN,2011-04-13T00:00:00Z,119.03125,119.421875,118.75,1084827.0,100.828125,101.21875,100.546875,1084827.0
SOURCE_NATIVE_FUTURES,ZN,bond,APPENDIX_C_172_004,10-year US,ZNM1,116177,2011-04-13,PROVIDER_CONDITION_AVAILABLE,-18.203125,119.3125,101.109375,DEV_RECON_LOCAL_BACK_ADJUSTED_DATED_CONTRACT_CHAIN,2011-04-13T00:00:00Z,119.03125,119.421875,118.75,1084827.0,100.828125,101.21875,100.546875,1084827.0
SOURCE_NATIVE_FUTURES,ZN,bond,APPENDIX_C_172_004,10-year US,ZNM1,116177,2011-04-14,PROVIDER_CONDITION_AVAILABLE,-18.203125,119.125,100.921875,DEV_RECON_LOCAL_BACK_ADJUSTED_DATED_CONTRACT_CHAIN,2011-04-14T00:00:00Z,119.3125,119.765625,119.046875,1324403.0,101.109375,101.5625,100.84375,1324403.0
SOURCE_NATIVE_FUTURES,ZN,bond,APPENDIX_C_172_004,10-year US,ZNM1,116177,2011-04-14,PROVIDER_CONDITION_AVAILABLE,-18.203125,119.125,100.921875,DEV_RECON_LOCAL_BACK_ADJUSTED_DATED_CONTRACT_CHAIN,2011-04-14T00:00:00Z,119.3125,119.765625,119.046875,1324403.0,101.109375,101.5625,100.84375,1324403.0
SOURCE_NATIVE_FUTURES,ZN,bond,APPENDIX_C_172_004,10-year US,ZNM1,116177,2011-04-15,PROVIDER_CONDITION_AVAILABLE,-18.203125,119.78125,101.578125,DEV_RECON_LOCAL_BACK_ADJUSTED_DATED_CONTRACT_CHAIN,2011-04-15T00:00:00Z,119.125,119.921875,119.109375,1054857.0,100.921875,101.71875,100.90625,1054857.0
SOURCE_NATIVE_FUTURES,ZN,bond,APPENDIX_C_172_004,10-year US,ZNM1,116177,2011-04-15,PROVIDER_CONDITION_AVAILABLE,-18.203125,119.78125,101.578125,DEV_RECON_LOCAL_BACK_ADJUSTED_DATED_CONTRACT_CHAIN,2011-04-15T00:00:00Z,119.125,119.921875,119.109375,1054857.0,100.921875,101.71875,100.90625,1054857.0
SOURCE_NATIVE_FUTURES,ZN,bond,APPENDIX_C_172_004,10-year US,ZNM1,116177,2011-04-17,PROVIDER_CONDITION_AVAILABLE,-18.203125,119.84375,101.640625,DEV_RECON_LOCAL_BACK_ADJUSTED_DATED_CONTRACT_CHAIN,2011-04-17T00:00:00Z,119.796875,119.875,119.765625,5761.0,101.59375,101.671875,101.5625,5761.0
SOURCE_NATIVE_FUTURES,ZN,bond,APPENDIX_C_172_004,10-year US,ZNM1,116177,2011-04-17,PROVIDER_CONDITION_AVAILABLE,-18.203125,119.84375,101.640625,DEV_RECON_LOCAL_BACK_ADJUSTED_DATED_CONTRACT_CHAIN,2011-04-17T00:00:00Z,119.796875,119.875,119.765625,5761.0,101.59375,101.671875,101.5625,5761.0
SOURCE_NATIVE_FUTURES,ZN,bond,APPENDIX_C_172_004,10-year US,ZNM1,116177,2011-04-18,PROVIDER_CONDITION_AVAILABLE,-18.203125,120.109375,101.90625,DEV_RECON_LOCAL_BACK_ADJUSTED_DATED_CONTRACT_CHAIN,2011-04-18T00:00:00Z,119.84375,120.25,119.515625,1398814.0,101.640625,102.046875,101.3125,1398814.0
SOURCE_NATIVE_FUTURES,ZN,bond,APPENDIX_C_172_004,10-year US,ZNM1,116177,2011-04-18,PROVIDER_CONDITION_AVAILABLE,-18.203125,120.109375,101.90625,DEV_RECON_LOCAL_BACK_ADJUSTED_DATED_CONTRACT_CHAIN,2011-04-18T00:00:00Z,119.84375,120.25,119.515625,1398814.0,101.640625,102.046875,101.3125,1398814.0
SOURCE_NATIVE_FUTURES,ZN,bond,APPENDIX_C_172_004,10-year US,ZNM1,116177,2011-04-19,PROVIDER_CONDITION_AVAILABLE,-18.203125,120.09375,101.890625,DEV_RECON_LOCAL_BACK_ADJUSTED_DATED_CONTRACT_CHAIN,2011-04-19T00:00:00Z,120.09375,120.359375,119.859375,887327.0,101.890625,102.15625,101.65625,887327.0
SOURCE_NATIVE_FUTURES,ZN,bond,APPENDIX_C_172_004,10-year US,ZNM1,116177,2011-04-19,PROVIDER_CONDITION_AVAILABLE,-18.203125,120.09375,101.890625,DEV_RECON_LOCAL_BACK_ADJUSTED_DATED_CONTRACT_CHAIN,2011-04-19T00:00:00Z,120.09375,120.359375,119.859375,887327.0,101.890625,102.15625,101.65625,887327.0
SOURCE_NATIVE_FUTURES,ZN,bond,APPENDIX_C_172_004,10-year US,ZNM1,116177,2011-04-20,PROVIDER_CONDITION_AVAILABLE,-18.203125,119.828125,101.625,DEV_RECON_LOCAL_BACK_ADJUSTED_DATED_CONTRACT_CHAIN,2011-04-20T00:00:00Z,120.109375,120.125,119.796875,802397.0,101.90625,101.921875,101.59375,802397.0
SOURCE_NATIVE_FUTURES,ZN,bond,APPENDIX_C_172_004,10-year US,ZNM1,116177,2011-04-20,PROVIDER_CONDITION_AVAILABLE,-18.203125,119.828125,101.625,DEV_RECON_LOCAL_BACK_ADJUSTED_DATED_CONTRACT_CHAIN,2011-04-20T00:00:00Z,120.109375,120.125,119.796875,802397.0,101.90625,101.921875,101.59375,802397.0
SOURCE_NATIVE_FUTURES,ZN,bond,APPENDIX_C_172_004,10-year US,ZNM1,116177,2011-04-21,PROVIDER_CONDITION_AVAILABLE,-18.203125,119.984375,101.78125,DEV_RECON_LOCAL_BACK_ADJUSTED_DATED_CONTRACT_CHAIN,2011-04-21T00:00:00Z,119.8125,120.234375,119.75,652492.0,101.609375,102.03125,101.546875,652492.0
SOURCE_NATIVE_FUTURES,ZN,bond,APPENDIX_C_172_004,10-year US,ZNM1,116177,2011-04-21,PROVIDER_CONDITION_AVAILABLE,-18.203125,119.984375,101.78125,DEV_RECON_LOCAL_BACK_ADJUSTED_DATED_CONTRACT_CHAIN,2011-04-21T00:00:00Z,119.8125,120.234375,119.75,652492.0,101.609375,102.03125,101.546875,652492.0
SOURCE_NATIVE_FUTURES,ZN,bond,APPENDIX_C_172_004,10-year US,ZNM1,116177,2011-04-24,PROVIDER_CONDITION_AVAILABLE,-18.203125,119.96875,101.765625,DEV_RECON_LOCAL_BACK_ADJUSTED_DATED_CONTRACT_CHAIN,2011-04-24T00:00:00Z,120.015625,120.0625,119.9375,5104.0,101.8125,101.859375,101.734375,5104.0
SOURCE_NATIVE_FUTURES,ZN,bond,APPENDIX_C_172_004,10-year US,ZNM1,116177,2011-04-24,PROVIDER_CONDITION_AVAILABLE,-18.203125,119.96875,101.765625,DEV_RECON_LOCAL_BACK_ADJUSTED_DATED_CONTRACT_CHAIN,2011-04-24T00:00:00Z,120.015625,120.0625,119.9375,5104.0,101.8125,101.859375,101.734375,5104.0
SOURCE_NATIVE_FUTURES,ZN,bond,APPENDIX_C_172_004,10-year US,ZNM1,116177,2011-04-25,PROVIDER_CONDITION_AVAILABLE,-18.203125,120.328125,102.125,DEV_RECON_LOCAL_BACK_ADJUSTED_DATED_CONTRACT_CHAIN,2011-04-25T00:00:00Z,119.96875,120.359375,119.953125,353744.0,101.765625,102.15625,101.75,353744.0
SOURCE_NATIVE_FUTURES,ZN,bond,APPENDIX_C_172_004,10-year US,ZNM1,116177,2011-04-25,PROVIDER_CONDITION_AVAILABLE,-18.203125,120.328125,102.125,DEV_RECON_LOCAL_BACK_ADJUSTED_DATED_CONTRACT_CHAIN,2011-04-25T00:00:00Z,119.96875,120.359375,119.953125,353744.0,101.765625,102.15625,101.75,353744.0
SOURCE_NATIVE_FUTURES,ZN,bond,APPENDIX_C_172_004,10-year US,ZNM1,116177,2011-04-26,PROVIDER_CONDITION_AVAILABLE,-18.203125,120.6875,102.484375,DEV_RECON_LOCAL_BACK_ADJUSTED_DATED_CONTRACT_CHAIN,2011-04-26T00:00:00Z,120.3125,120.78125,120.21875,766711.0,102.109375,102.578125,102.015625,766711.0
SOURCE_NATIVE_FUTURES,ZN,bond,APPENDIX_C_172_004,10-year US,ZNM1,116177,2011-04-26,PROVIDER_CONDITION_AVAILABLE,-18.203125,120.6875,102.484375,DEV_RECON_LOCAL_BACK_ADJUSTED_DATED_CONTRACT_CHAIN,2011-04-26T00:00:00Z,120.3125,120.78125,120.21875,766711.0,102.109375,102.578125,102.015625,766711.0
SOURCE_NATIVE_FUTURES,ZN,bond,APPENDIX_C_172_004,10-year US,ZNM1,116177,2011-04-27,PROVIDER_CONDITION_AVAILABLE,-18.203125,120.578125,102.375,DEV_RECON_LOCAL_BACK_ADJUSTED_DATED_CONTRACT_CHAIN,2011-04-27T00:00:00Z,120.671875,120.6875,120.140625,885657.0,102.46875,102.484375,101.9375,885657.0
SOURCE_NATIVE_FUTURES,ZN,bond,APPENDIX_C_172_004,10-year US,ZNM1,116177,2011-04-27,PROVIDER_CONDITION_AVAILABLE,-18.203125,120.578125,102.375,DEV_RECON_LOCAL_BACK_ADJUSTED_DATED_CONTRACT_CHAIN,2011-04-27T00:00:00Z,120.671875,120.6875,120.140625,885657.0,102.46875,102.484375,101.9375,885657.0
SOURCE_NATIVE_FUTURES,ZN,bond,APPENDIX_C_172_004,10-year US,ZNM1,116177,2011-04-28,PROVIDER_CONDITION_AVAILABLE,-18.203125,120.9375,102.734375,DEV_RECON_LOCAL_BACK_ADJUSTED_DATED_CONTRACT_CHAIN,2011-04-28T00:00:00Z,120.578125,121.140625,120.578125,1134876.0,102.375,102.9375,102.375,1134876.0
SOURCE_NATIVE_FUTURES,ZN,bond,APPENDIX_C_172_004,10-year US,ZNM1,116177,2011-04-28,PROVIDER_CONDITION_AVAILABLE,-18.203125,120.9375,102.734375,DEV_RECON_LOCAL_BACK_ADJUSTED_DATED_CONTRACT_CHAIN,2011-04-28T00:00:00Z,120.578125,121.140625,120.578125,1134876.0,102.375,102.9375,102.375,1134876.0
SOURCE_NATIVE_FUTURES,ZN,bond,APPENDIX_C_172_004,10-year US,ZNM1,116177,2011-04-29,PROVIDER_CONDITION_AVAILABLE,-18.203125,121.15625,102.953125,DEV_RECON_LOCAL_BACK_ADJUSTED_DATED_CONTRACT_CHAIN,2011-04-29T00:00:00Z,120.9375,121.21875,120.78125,643664.0,102.734375,103.015625,102.578125,643664.0
SOURCE_NATIVE_FUTURES,ZN,bond,APPENDIX_C_172_004,10-year US,ZNM1,116177,2011-04-29,PROVIDER_CONDITION_AVAILABLE,-18.203125,121.15625,102.953125,DEV_RECON_LOCAL_BACK_ADJUSTED_DATED_CONTRACT_CHAIN,2011-04-29T00:00:00Z,120.9375,121.21875,120.78125,643664.0,102.734375,103.015625,102.578125,643664.0
SOURCE_NATIVE_FUTURES,ZN,bond,APPENDIX_C_172_004,10-year US,ZNM1,116177,2011-05-01,PROVIDER_CONDITION_AVAILABLE,-18.203125,121.078125,102.875,DEV_RECON_LOCAL_BACK_ADJUSTED_DATED_CONTRACT_CHAIN,2011-05-01T00:00:00Z,121.125,121.140625,121.0,7514.0,102.921875,102.9375,102.796875,7514.0
SOURCE_NATIVE_FUTURES,ZN,bond,APPENDIX_C_172_004,10-year US,ZNM1,116177,2011-05-01,PROVIDER_CONDITION_AVAILABLE,-18.203125,121.078125,102.875,DEV_RECON_LOCAL_BACK_ADJUSTED_DATED_CONTRACT_CHAIN,2011-05-01T00:00:00Z,121.125,121.140625,121.0,7514.0,102.921875,102.9375,102.796875,7514.0
SOURCE_NATIVE_FUTURES,ZN,bond,APPENDIX_C_172_004,10-year US,ZNM1,116177,2011-05-02,PROVIDER_CONDITION_AVAILABLE,-18.203125,121.234375,103.03125,DEV_RECON_LOCAL_BACK_ADJUSTED_DATED_CONTRACT_CHAIN,2011-05-02T00:00:00Z,121.09375,121.453125,120.890625,737713.0,102.890625,103.25,102.6875,737713.0
SOURCE_NATIVE_FUTURES,ZN,bond,APPENDIX_C_172_004,10-year US,ZNM1,116177,2011-05-02,PROVIDER_CONDITION_AVAILABLE,-18.203125,121.234375,103.03125,DEV_RECON_LOCAL_BACK_ADJUSTED_DATED_CONTRACT_CHAIN,2011-05-02T00:00:00Z,121.09375,121.453125,120.890625,737713.0,102.890625,103.25,102.6875,737713.0
SOURCE_NATIVE_FUTURES,ZN,bond,APPENDIX_C_172_004,10-year US,ZNM1,116177,2011-05-03,PROVIDER_CONDITION_AVAILABLE,-18.203125,121.453125,103.25,DEV_RECON_LOCAL_BACK_ADJUSTED_DATED_CONTRACT_CHAIN,2011-05-03T00:00:00Z,121.25,121.515625,121.203125,790383.0,103.046875,103.3125,103.0,790383.0
SOURCE_NATIVE_FUTURES,ZN,bond,APPENDIX_C_172_004,10-year US,ZNM1,116177,2011-05-03,PROVIDER_CONDITION_AVAILABLE,-18.203125,121.453125,103.25,DEV_RECON_LOCAL_BACK_ADJUSTED_DATED_CONTRACT_CHAIN,2011-05-03T00:00:00Z,121.25,121.515625,121.203125,790383.0,103.046875,103.3125,103.0,790383.0
SOURCE_NATIVE_FUTURES,ZN,bond,APPENDIX_C_172_004,10-year US,ZNM1,116177,2011-05-04,PROVIDER_CONDITION_AVAILABLE,-18.203125,121.734375,103.53125,DEV_RECON_LOCAL_BACK_ADJUSTED_DATED_CONTRACT_CHAIN,2011-05-04T00:00:00Z,121.4375,121.78125,121.265625,1065989.0,103.234375,103.578125,103.0625,1065989.0
SOURCE_NATIVE_FUTURES,ZN,bond,APPENDIX_C_172_004,10-year US,ZNM1,116177,2011-05-04,PROVIDER_CONDITION_AVAILABLE,-18.203125,121.734375,103.53125,DEV_RECON_LOCAL_BACK_ADJUSTED_DATED_CONTRACT_CHAIN,2011-05-04T00:00:00Z,121.4375,121.78125,121.265625,1065989.0,103.234375,103.578125,103.0625,1065989.0
SOURCE_NATIVE_FUTURES,ZN,bond,APPENDIX_C_172_004,10-year US,ZNM1,116177,2011-05-05,PROVIDER_CONDITION_AVAILABLE,-18.203125,122.125,103.921875,DEV_RECON_LOCAL_BACK_ADJUSTED_DATED_CONTRACT_CHAIN,2011-05-05T00:00:00Z,121.734375,122.21875,121.5625,1242405.0,103.53125,104.015625,103.359375,1242405.0
SOURCE_NATIVE_FUTURES,ZN,bond,APPENDIX_C_172_004,10-year US,ZNM1,116177,2011-05-05,PROVIDER_CONDITION_AVAILABLE,-18.203125,122.125,103.921875,DEV_RECON_LOCAL_BACK_ADJUSTED_DATED_CONTRACT_CHAIN,2011-05-05T00:00:00Z,121.734375,122.21875,121.5625,1242405.0,103.53125,104.015625,103.359375,1242405.0
SOURCE_NATIVE_FUTURES,ZN,bond,APPENDIX_C_172_004,10-year US,ZNM1,116177,2011-05-06,PROVIDER_CONDITION_AVAILABLE,-18.203125,122.296875,104.09375,DEV_RECON_LOCAL_BACK_ADJUSTED_DATED_CONTRACT_CHAIN,2011-05-06T00:00:00Z,122.125,122.46875,121.53125,1689103.0,103.921875,104.265625,103.328125,1689103.0
SOURCE_NATIVE_FUTURES,ZN,bond,APPENDIX_C_172_004,10-year US,ZNM1,116177,2011-05-06,PROVIDER_CONDITION_AVAILABLE,-18.203125,122.296875,104.09375,DEV_RECON_LOCAL_BACK_ADJUSTED_DATED_CONTRACT_CHAIN,2011-05-06T00:00:00Z,122.125,122.46875,121.53125,1689103.0,103.921875,104.265625,103.328125,1689103.0
SOURCE_NATIVE_FUTURES,ZN,bond,APPENDIX_C_172_004,10-year US,ZNM1,116177,2011-05-08,PROVIDER_CONDITION_AVAILABLE,-18.203125,122.078125,103.875,DEV_RECON_LOCAL_BACK_ADJUSTED_DATED_CONTRACT_CHAIN,2011-05-08T00:00:00Z,122.171875,122.1875,122.0625,10238.0,103.96875,103.984375,103.859375,10238.0
SOURCE_NATIVE_FUTURES,ZN,bond,APPENDIX_C_172_004,10-year US,ZNM1,116177,2011-05-08,PROVIDER_CONDITION_AVAILABLE,-18.203125,122.078125,103.875,DEV_RECON_LOCAL_BACK_ADJUSTED_DATED_CONTRACT_CHAIN,2011-05-08T00:00:00Z,122.171875,122.1875,122.0625,10238.0,103.96875,103.984375,103.859375,10238.0
SOURCE_NATIVE_FUTURES,ZN,bond,APPENDIX_C_172_004,10-year US,ZNM1,116177,2011-05-09,PROVIDER_CONDITION_AVAILABLE,-18.203125,122.328125,104.125,DEV_RECON_LOCAL_BACK_ADJUSTED_DATED_CONTRACT_CHAIN,2011-05-09T00:00:00Z,122.09375,122.53125,122.015625,963303.0,103.890625,104.328125,103.8125,963303.0
SOURCE_NATIVE_FUTURES,ZN,bond,APPENDIX_C_172_004,10-year US,ZNM1,116177,2011-05-09,PROVIDER_CONDITION_AVAILABLE,-18.203125,122.328125,104.125,DEV_RECON_LOCAL_BACK_ADJUSTED_DATED_CONTRACT_CHAIN,2011-05-09T00:00:00Z,122.09375,122.53125,122.015625,963303.0,103.890625,104.328125,103.8125,963303.0
SOURCE_NATIVE_FUTURES,ZN,bond,APPENDIX_C_172_004,10-year US,ZNM1,116177,2011-05-10,PROVIDER_CONDITION_AVAILABLE,-18.203125,121.890625,103.6875,DEV_RECON_LOCAL_BACK_ADJUSTED_DATED_CONTRACT_CHAIN,2011-05-10T00:00:00Z,122.328125,122.421875,121.84375,928072.0,104.125,104.21875,103.640625,928072.0
SOURCE_NATIVE_FUTURES,ZN,bond,APPENDIX_C_172_004,10-year US,ZNM1,116177,2011-05-10,PROVIDER_CONDITION_AVAILABLE,-18.203125,121.890625,103.6875,DEV_RECON_LOCAL_BACK_ADJUSTED_DATED_CONTRACT_CHAIN,2011-05-10T00:00:00Z,122.328125,122.421875,121.84375,928072.0,104.125,104.21875,103.640625,928072.0
SOURCE_NATIVE_FUTURES,ZN,bond,APPENDIX_C_172_004,10-year US,ZNM1,116177,2011-05-11,PROVIDER_CONDITION_AVAILABLE,-18.203125,122.40625,104.203125,DEV_RECON_LOCAL_BACK_ADJUSTED_DATED_CONTRACT_CHAIN,2011-05-11T00:00:00Z,121.90625,122.484375,121.734375,1231842.0,103.703125,104.28125,103.53125,1231842.0
SOURCE_NATIVE_FUTURES,ZN,bond,APPENDIX_C_172_004,10-year US,ZNM1,116177,2011-05-11,PROVIDER_CONDITION_AVAILABLE,-18.203125,122.40625,104.203125,DEV_RECON_LOCAL_BACK_ADJUSTED_DATED_CONTRACT_CHAIN,2011-05-11T00:00:00Z,121.90625,122.484375,121.734375,1231842.0,103.703125,104.28125,103.53125,1231842.0
SOURCE_NATIVE_FUTURES,ZN,bond,APPENDIX_C_172_004,10-year US,ZNM1,116177,2011-05-12,PROVIDER_CONDITION_AVAILABLE,-18.203125,122.140625,103.9375,DEV_RECON_LOCAL_BACK_ADJUSTED_DATED_CONTRACT_CHAIN,2011-05-12T00:00:00Z,122.40625,122.671875,122.015625,1278867.0,104.203125,104.46875,103.8125,1278867.0
SOURCE_NATIVE_FUTURES,ZN,bond,APPENDIX_C_172_004,10-year US,ZNM1,116177,2011-05-12,PROVIDER_CONDITION_AVAILABLE,-18.203125,122.140625,103.9375,DEV_RECON_LOCAL_BACK_ADJUSTED_DATED_CONTRACT_CHAIN,2011-05-12T00:00:00Z,122.40625,122.671875,122.015625,1278867.0,104.203125,104.46875,103.8125,1278867.0
SOURCE_NATIVE_FUTURES,ZN,bond,APPENDIX_C_172_004,10-year US,ZNM1,116177,2011-05-13,PROVIDER_CONDITION_AVAILABLE,-18.203125,122.578125,104.375,DEV_RECON_LOCAL_BACK_ADJUSTED_DATED_CONTRACT_CHAIN,2011-05-13T00:00:00Z,122.15625,122.96875,122.0625,1374698.0,103.953125,104.765625,103.859375,1374698.0
SOURCE_NATIVE_FUTURES,ZN,bond,APPENDIX_C_172_004,10-year US,ZNM1,116177,2011-05-13,PROVIDER_CONDITION_AVAILABLE,-18.203125,122.578125,104.375,DEV_RECON_LOCAL_BACK_ADJUSTED_DATED_CONTRACT_CHAIN,2011-05-13T00:00:00Z,122.15625,122.96875,122.0625,1374698.0,103.953125,104.765625,103.859375,1374698.0
SOURCE_NATIVE_FUTURES,ZN,bond,APPENDIX_C_172_004,10-year US,ZNM1,116177,2011-05-15,PROVIDER_CONDITION_AVAILABLE,-18.203125,122.734375,104.53125,DEV_RECON_LOCAL_BACK_ADJUSTED_DATED_CONTRACT_CHAIN,2011-05-15T00:00:00Z,122.65625,122.75,122.625,11368.0,104.453125,104.546875,104.421875,11368.0
SOURCE_NATIVE_FUTURES,ZN,bond,APPENDIX_C_172_004,10-year US,ZNM1,116177,2011-05-15,PROVIDER_CONDITION_AVAILABLE,-18.203125,122.734375,104.53125,DEV_RECON_LOCAL_BACK_ADJUSTED_DATED_CONTRACT_CHAIN,2011-05-15T00:00:00Z,122.65625,122.75,122.625,11368.0,104.453125,104.546875,104.421875,11368.0
SOURCE_NATIVE_FUTURES,ZN,bond,APPENDIX_C_172_004,10-year US,ZNM1,116177,2011-05-16,PROVIDER_CONDITION_AVAILABLE,-18.203125,122.828125,104.625,DEV_RECON_LOCAL_BACK_ADJUSTED_DATED_CONTRACT_CHAIN,2011-05-16T00:00:00Z,122.734375,122.890625,122.40625,760057.0,104.53125,104.6875,104.203125,760057.0
SOURCE_NATIVE_FUTURES,ZN,bond,APPENDIX_C_172_004,10-year US,ZNM1,116177,2011-05-16,PROVIDER_CONDITION_AVAILABLE,-18.203125,122.828125,104.625,DEV_RECON_LOCAL_BACK_ADJUSTED_DATED_CONTRACT_CHAIN,2011-05-16T00:00:00Z,122.734375,122.890625,122.40625,760057.0,104.53125,104.6875,104.203125,760057.0
SOURCE_NATIVE_FUTURES,ZN,bond,APPENDIX_C_172_004,10-year US,ZNM1,116177,2011-05-17,PROVIDER_CONDITION_AVAILABLE,-18.203125,122.890625,104.6875,DEV_RECON_LOCAL_BACK_ADJUSTED_DATED_CONTRACT_CHAIN,2011-05-17T00:00:00Z,122.828125,123.171875,122.5625,1244832.0,104.625,104.96875,104.359375,1244832.0
SOURCE_NATIVE_FUTURES,ZN,bond,APPENDIX_C_172_004,10-year US,ZNM1,116177,2011-05-17,PROVIDER_CONDITION_AVAILABLE,-18.203125,122.890625,104.6875,DEV_RECON_LOCAL_BACK_ADJUSTED_DATED_CONTRACT_CHAIN,2011-05-17T00:00:00Z,122.828125,123.171875,122.5625,1244832.0,104.625,104.96875,104.359375,1244832.0
SOURCE_NATIVE_FUTURES,ZN,bond,APPENDIX_C_172_004,10-year US,ZNM1,116177,2011-05-18,PROVIDER_CONDITION_AVAILABLE,-18.203125,122.421875,104.21875,DEV_RECON_LOCAL_BACK_ADJUSTED_DATED_CONTRACT_CHAIN,2011-05-18T00:00:00Z,122.890625,123.171875,122.375,1269344.0,104.6875,104.96875,104.171875,1269344.0
SOURCE_NATIVE_FUTURES,ZN,bond,APPENDIX_C_172_004,10-year US,ZNM1,116177,2011-05-18,PROVIDER_CONDITION_AVAILABLE,-18.203125,122.421875,104.21875,DEV_RECON_LOCAL_BACK_ADJUSTED_DATED_CONTRACT_CHAIN,2011-05-18T00:00:00Z,122.890625,123.171875,122.375,1269344.0,104.6875,104.96875,104.171875,1269344.0
SOURCE_NATIVE_FUTURES,ZN,bond,APPENDIX_C_172_004,10-year US,ZNU1,133520,2011-05-19,PROVIDER_CONDITION_AVAILABLE,-16.84375,121.1875,104.34375,DEV_RECON_LOCAL_BACK_ADJUSTED_DATED_CONTRACT_CHAIN,2011-05-19T00:00:00Z,121.03125,121.21875,120.546875,11177.0,104.1875,104.375,103.703125,11177.0
SOURCE_NATIVE_FUTURES,ZN,bond,APPENDIX_C_172_004,10-year US,ZNU1,133520,2011-05-19,PROVIDER_CONDITION_AVAILABLE,-16.84375,121.1875,104.34375,DEV_RECON_LOCAL_BACK_ADJUSTED_DATED_CONTRACT_CHAIN,2011-05-19T00:00:00Z,121.03125,121.21875,120.546875,11177.0,104.1875,104.375,103.703125,11177.0
SOURCE_NATIVE_FUTURES,ZN,bond,APPENDIX_C_172_004,10-year US,ZNU1,133520,2011-05-20,PROVIDER_CONDITION_AVAILABLE,-16.84375,121.484375,104.640625,DEV_RECON_LOCAL_BACK_ADJUSTED_DATED_CONTRACT_CHAIN,2011-05-20T00:00:00Z,121.15625,121.484375,121.125,9999.0,104.3125,104.640625,104.28125,9999.0
SOURCE_NATIVE_FUTURES,ZN,bond,APPENDIX_C_172_004,10-year US,ZNU1,133520,2011-05-20,PROVIDER_CONDITION_AVAILABLE,-16.84375,121.484375,104.640625,DEV_RECON_LOCAL_BACK_ADJUSTED_DATED_CONTRACT_CHAIN,2011-05-20T00:00:00Z,121.15625,121.484375,121.125,9999.0,104.3125,104.640625,104.28125,9999.0
SOURCE_NATIVE_FUTURES,ZN,bond,APPENDIX_C_172_004,10-year US,ZNU1,133520,2011-05-22,PROVIDER_CONDITION_AVAILABLE,-16.84375,121.546875,104.703125,DEV_RECON_LOCAL_BACK_ADJUSTED_DATED_CONTRACT_CHAIN,2011-05-22T00:00:00Z,121.5,121.59375,121.5,123.0,104.65625,104.75,104.65625,123.0
SOURCE_NATIVE_FUTURES,ZN,bond,APPENDIX_C_172_004,10-year US,ZNU1,133520,2011-05-22,PROVIDER_CONDITION_AVAILABLE,-16.84375,121.546875,104.703125,DEV_RECON_LOCAL_BACK_ADJUSTED_DATED_CONTRACT_CHAIN,2011-05-22T00:00:00Z,121.5,121.59375,121.5,123.0,104.65625,104.75,104.65625,123.0
SOURCE_NATIVE_FUTURES,ZN,bond,APPENDIX_C_172_004,10-year US,ZNU1,133520,2011-05-23,PROVIDER_CONDITION_AVAILABLE,-16.84375,121.75,104.90625,DEV_RECON_LOCAL_BACK_ADJUSTED_DATED_CONTRACT_CHAIN,2011-05-23T00:00:00Z,121.546875,122.0,121.546875,54648.0,104.703125,105.15625,104.703125,54648.0
SOURCE_NATIVE_FUTURES,ZN,bond,APPENDIX_C_172_004,10-year US,ZNU1,133520,2011-05-23,PROVIDER_CONDITION_AVAILABLE,-16.84375,121.75,104.90625,DEV_RECON_LOCAL_BACK_ADJUSTED_DATED_CONTRACT_CHAIN,2011-05-23T00:00:00Z,121.546875,122.0,121.546875,54648.0,104.703125,105.15625,104.703125,54648.0
SOURCE_NATIVE_FUTURES,ZN,bond,APPENDIX_C_172_004,10-year US,ZNU1,133520,2011-05-24,PROVIDER_CONDITION_AVAILABLE,-16.84375,121.703125,104.859375,DEV_RECON_LOCAL_BACK_ADJUSTED_DATED_CONTRACT_CHAIN,2011-05-24T00:00:00Z,121.703125,121.8125,121.375,69073.0,104.859375,104.96875,104.53125,69073.0
SOURCE_NATIVE_FUTURES,ZN,bond,APPENDIX_C_172_004,10-year US,ZNU1,133520,2011-05-24,PROVIDER_CONDITION_AVAILABLE,-16.84375,121.703125,104.859375,DEV_RECON_LOCAL_BACK_ADJUSTED_DATED_CONTRACT_CHAIN,2011-05-24T00:00:00Z,121.703125,121.8125,121.375,69073.0,104.859375,104.96875,104.53125,69073.0
SOURCE_NATIVE_FUTURES,ZN,bond,APPENDIX_C_172_004,10-year US,ZNU1,133520,2011-05-25,PROVIDER_CONDITION_AVAILABLE,-16.84375,121.765625,104.921875,DEV_RECON_LOCAL_BACK_ADJUSTED_DATED_CONTRACT_CHAIN,2011-05-25T00:00:00Z,121.734375,121.953125,121.640625,96563.0,104.890625,105.109375,104.796875,96563.0
SOURCE_NATIVE_FUTURES,ZN,bond,APPENDIX_C_172_004,10-year US,ZNU1,133520,2011-05-25,PROVIDER_CONDITION_AVAILABLE,-16.84375,121.765625,104.921875,DEV_RECON_LOCAL_BACK_ADJUSTED_DATED_CONTRACT_CHAIN,2011-05-25T00:00:00Z,121.734375,121.953125,121.640625,96563.0,104.890625,105.109375,104.796875,96563.0
SOURCE_NATIVE_FUTURES,ZN,bond,APPENDIX_C_172_004,10-year US,ZNU1,133520,2011-05-26,PROVIDER_CONDITION_AVAILABLE,-16.84375,122.515625,105.671875,DEV_RECON_LOCAL_BACK_ADJUSTED_DATED_CONTRACT_CHAIN,2011-05-26T00:00:00Z,121.75,122.515625,121.515625,224520.0,104.90625,105.671875,104.671875,224520.0
SOURCE_NATIVE_FUTURES,ZN,bond,APPENDIX_C_172_004,10-year US,ZNU1,133520,2011-05-26,PROVIDER_CONDITION_AVAILABLE,-16.84375,122.515625,105.671875,DEV_RECON_LOCAL_BACK_ADJUSTED_DATED_CONTRACT_CHAIN,2011-05-26T00:00:00Z,121.75,122.515625,121.515625,224520.0,104.90625,105.671875,104.671875,224520.0
SOURCE_NATIVE_FUTURES,ZN,bond,APPENDIX_C_172_004,10-year US,ZNU1,133520,2011-05-27,PROVIDER_CONDITION_AVAILABLE,-16.84375,122.515625,105.671875,DEV_RECON_LOCAL_BACK_ADJUSTED_DATED_CONTRACT_CHAIN,2011-05-27T00:00:00Z,122.484375,122.59375,122.15625,229817.0,105.640625,105.75,105.3125,229817.0
SOURCE_NATIVE_FUTURES,ZN,bond,APPENDIX_C_172_004,10-year US,ZNU1,133520,2011-05-27,PROVIDER_CONDITION_AVAILABLE,-16.84375,122.515625,105.671875,DEV_RECON_LOCAL_BACK_ADJUSTED_DATED_CONTRACT_CHAIN,2011-05-27T00:00:00Z,122.484375,122.59375,122.15625,229817.0,105.640625,105.75,105.3125,229817.0
SOURCE_NATIVE_FUTURES,ZN,bond,APPENDIX_C_172_004,10-year US,ZNU1,133520,2011-05-29,PROVIDER_CONDITION_AVAILABLE,-16.84375,122.59375,105.75,DEV_RECON_LOCAL_BACK_ADJUSTED_DATED_CONTRACT_CHAIN,2011-05-29T00:00:00Z,122.515625,122.625,122.5,2392.0,105.671875,105.78125,105.65625,2392.0
SOURCE_NATIVE_FUTURES,ZN,bond,APPENDIX_C_172_004,10-year US,ZNU1,133520,2011-05-29,PROVIDER_CONDITION_AVAILABLE,-16.84375,122.59375,105.75,DEV_RECON_LOCAL_BACK_ADJUSTED_DATED_CONTRACT_CHAIN,2011-05-29T00:00:00Z,122.515625,122.625,122.5,2392.0,105.671875,105.78125,105.65625,2392.0
SOURCE_NATIVE_FUTURES,ZN,bond,APPENDIX_C_172_004,10-year US,ZNU1,133520,2011-05-30,PROVIDER_CONDITION_AVAILABLE,-16.84375,122.546875,105.703125,DEV_RECON_LOCAL_BACK_ADJUSTED_DATED_CONTRACT_CHAIN,2011-05-30T00:00:00Z,122.59375,122.640625,122.484375,25248.0,105.75,105.796875,105.640625,25248.0
SOURCE_NATIVE_FUTURES,ZN,bond,APPENDIX_C_172_004,10-year US,ZNU1,133520,2011-05-30,PROVIDER_CONDITION_AVAILABLE,-16.84375,122.546875,105.703125,DEV_RECON_LOCAL_BACK_ADJUSTED_DATED_CONTRACT_CHAIN,2011-05-30T00:00:00Z,122.59375,122.640625,122.484375,25248.0,105.75,105.796875,105.640625,25248.0
SOURCE_NATIVE_FUTURES,ZN,bond,APPENDIX_C_172_004,10-year US,ZNU1,133520,2011-05-31,PROVIDER_CONDITION_AVAILABLE,-16.84375,122.46875,105.625,DEV_RECON_LOCAL_BACK_ADJUSTED_DATED_CONTRACT_CHAIN,2011-05-31T00:00:00Z,122.546875,122.703125,122.140625,921205.0,105.703125,105.859375,105.296875,921205.0
SOURCE_NATIVE_FUTURES,ZN,bond,APPENDIX_C_172_004,10-year US,ZNU1,133520,2011-05-31,PROVIDER_CONDITION_AVAILABLE,-16.84375,122.46875,105.625,DEV_RECON_LOCAL_BACK_ADJUSTED_DATED_CONTRACT_CHAIN,2011-05-31T00:00:00Z,122.546875,122.703125,122.140625,921205.0,105.703125,105.859375,105.296875,921205.0
SOURCE_NATIVE_FUTURES,ZN,bond,APPENDIX_C_172_004,10-year US,ZNU1,133520,2011-06-01,PROVIDER_CONDITION_AVAILABLE,-16.84375,123.4375,106.59375,DEV_RECON_LOCAL_BACK_ADJUSTED_DATED_CONTRACT_CHAIN,2011-06-01T00:00:00Z,122.453125,123.53125,122.375,1506727.0,105.609375,106.6875,105.53125,1506727.0
SOURCE_NATIVE_FUTURES,ZN,bond,APPENDIX_C_172_004,10-year US,ZNU1,133520,2011-06-01,PROVIDER_CONDITION_AVAILABLE,-16.84375,123.4375,106.59375,DEV_RECON_LOCAL_BACK_ADJUSTED_DATED_CONTRACT_CHAIN,2011-06-01T00:00:00Z,122.453125,123.53125,122.375,1506727.0,105.609375,106.6875,105.53125,1506727.0
SOURCE_NATIVE_FUTURES,ZN,bond,APPENDIX_C_172_004,10-year US,ZNU1,133520,2011-06-02,PROVIDER_CONDITION_AVAILABLE,-16.84375,123.078125,106.234375,DEV_RECON_LOCAL_BACK_ADJUSTED_DATED_CONTRACT_CHAIN,2011-06-02T00:00:00Z,123.4375,123.5,122.890625,1400759.0,106.59375,106.65625,106.046875,1400759.0
SOURCE_NATIVE_FUTURES,ZN,bond,APPENDIX_C_172_004,10-year US,ZNU1,133520,2011-06-02,PROVIDER_CONDITION_AVAILABLE,-16.84375,123.078125,106.234375,DEV_RECON_LOCAL_BACK_ADJUSTED_DATED_CONTRACT_CHAIN,2011-06-02T00:00:00Z,123.4375,123.5,122.890625,1400759.0,106.59375,106.65625,106.046875,1400759.0
SOURCE_NATIVE_FUTURES,ZN,bond,APPENDIX_C_172_004,10-year US,ZNU1,133520,2011-06-03,PROVIDER_CONDITION_AVAILABLE,-16.84375,123.375,106.53125,DEV_RECON_LOCAL_BACK_ADJUSTED_DATED_CONTRACT_CHAIN,2011-06-03T00:00:00Z,123.0625,123.8125,123.03125,1502293.0,106.21875,106.96875,106.1875,1502293.0
SOURCE_NATIVE_FUTURES,ZN,bond,APPENDIX_C_172_004,10-year US,ZNU1,133520,2011-06-03,PROVIDER_CONDITION_AVAILABLE,-16.84375,123.375,106.53125,DEV_RECON_LOCAL_BACK_ADJUSTED_DATED_CONTRACT_CHAIN,2011-06-03T00:00:00Z,123.0625,123.8125,123.03125,1502293.0,106.21875,106.96875,106.1875,1502293.0
SOURCE_NATIVE_FUTURES,ZN,bond,APPENDIX_C_172_004,10-year US,ZNU1,133520,2011-06-05,PROVIDER_CONDITION_AVAILABLE,-16.84375,123.359375,106.515625,DEV_RECON_LOCAL_BACK_ADJUSTED_DATED_CONTRACT_CHAIN,2011-06-05T00:00:00Z,123.375,123.421875,123.328125,3964.0,106.53125,106.578125,106.484375,3964.0
SOURCE_NATIVE_FUTURES,ZN,bond,APPENDIX_C_172_004,10-year US,ZNU1,133520,2011-06-05,PROVIDER_CONDITION_AVAILABLE,-16.84375,123.359375,106.515625,DEV_RECON_LOCAL_BACK_ADJUSTED_DATED_CONTRACT_CHAIN,2011-06-05T00:00:00Z,123.375,123.421875,123.328125,3964.0,106.53125,106.578125,106.484375,3964.0
SOURCE_NATIVE_FUTURES,ZN,bond,APPENDIX_C_172_004,10-year US,ZNU1,133520,2011-06-06,PROVIDER_CONDITION_AVAILABLE,-16.84375,123.375,106.53125,DEV_RECON_LOCAL_BACK_ADJUSTED_DATED_CONTRACT_CHAIN,2011-06-06T00:00:00Z,123.359375,123.484375,123.015625,908802.0,106.515625,106.640625,106.171875,908802.0
SOURCE_NATIVE_FUTURES,ZN,bond,APPENDIX_C_172_004,10-year US,ZNU1,133520,2011-06-06,PROVIDER_CONDITION_AVAILABLE,-16.84375,123.375,106.53125,DEV_RECON_LOCAL_BACK_ADJUSTED_DATED_CONTRACT_CHAIN,2011-06-06T00:00:00Z,123.359375,123.484375,123.015625,908802.0,106.515625,106.640625,106.171875,908802.0
SOURCE_NATIVE_FUTURES,ZN,bond,APPENDIX_C_172_004,10-year US,ZNU1,133520,2011-06-07,PROVIDER_CONDITION_AVAILABLE,-16.84375,123.328125,106.484375,DEV_RECON_LOCAL_BACK_ADJUSTED_DATED_CONTRACT_CHAIN,2011-06-07T00:00:00Z,123.375,123.515625,122.90625,1096026.0,106.53125,106.671875,106.0625,1096026.0
SOURCE_NATIVE_FUTURES,ZN,bond,APPENDIX_C_172_004,10-year US,ZNU1,133520,2011-06-07,PROVIDER_CONDITION_AVAILABLE,-16.84375,123.328125,106.484375,DEV_RECON_LOCAL_BACK_ADJUSTED_DATED_CONTRACT_CHAIN,2011-06-07T00:00:00Z,123.375,123.515625,122.90625,1096026.0,106.53125,106.671875,106.0625,1096026.0
SOURCE_NATIVE_FUTURES,ZN,bond,APPENDIX_C_172_004,10-year US,ZNU1,133520,2011-06-08,PROVIDER_CONDITION_AVAILABLE,-16.84375,123.75,106.90625,DEV_RECON_LOCAL_BACK_ADJUSTED_DATED_CONTRACT_CHAIN,2011-06-08T00:00:00Z,123.328125,123.96875,123.265625,1380457.0,106.484375,107.125,106.421875,1380457.0
SOURCE_NATIVE_FUTURES,ZN,bond,APPENDIX_C_172_004,10-year US,ZNU1,133520,2011-06-08,PROVIDER_CONDITION_AVAILABLE,-16.84375,123.75,106.90625,DEV_RECON_LOCAL_BACK_ADJUSTED_DATED_CONTRACT_CHAIN,2011-06-08T00:00:00Z,123.328125,123.96875,123.265625,1380457.0,106.484375,107.125,106.421875,1380457.0
SOURCE_NATIVE_FUTURES,ZN,bond,APPENDIX_C_172_004,10-year US,ZNU1,133520,2011-06-09,PROVIDER_CONDITION_AVAILABLE,-16.84375,123.296875,106.453125,DEV_RECON_LOCAL_BACK_ADJUSTED_DATED_CONTRACT_CHAIN,2011-06-09T00:00:00Z,123.75,124.015625,123.125,1576716.0,106.90625,107.171875,106.28125,1576716.0
SOURCE_NATIVE_FUTURES,ZN,bond,APPENDIX_C_172_004,10-year US,ZNU1,133520,2011-06-09,PROVIDER_CONDITION_AVAILABLE,-16.84375,123.296875,106.453125,DEV_RECON_LOCAL_BACK_ADJUSTED_DATED_CONTRACT_CHAIN,2011-06-09T00:00:00Z,123.75,124.015625,123.125,1576716.0,106.90625,107.171875,106.28125,1576716.0
SOURCE_NATIVE_FUTURES,ZN,bond,APPENDIX_C_172_004,10-year US,ZNU1,133520,2011-06-10,PROVIDER_CONDITION_AVAILABLE,-16.84375,123.5625,106.71875,DEV_RECON_LOCAL_BACK_ADJUSTED_DATED_CONTRACT_CHAIN,2011-06-10T00:00:00Z,123.296875,123.8125,123.28125,1031461.0,106.453125,106.96875,106.4375,1031461.0
SOURCE_NATIVE_FUTURES,ZN,bond,APPENDIX_C_172_004,10-year US,ZNU1,133520,2011-06-10,PROVIDER_CONDITION_AVAILABLE,-16.84375,123.5625,106.71875,DEV_RECON_LOCAL_BACK_ADJUSTED_DATED_CONTRACT_CHAIN,2011-06-10T00:00:00Z,123.296875,123.8125,123.28125,1031461.0,106.453125,106.96875,106.4375,1031461.0
SOURCE_NATIVE_FUTURES,ZN,bond,APPENDIX_C_172_004,10-year US,ZNU1,133520,2011-06-12,PROVIDER_CONDITION_AVAILABLE,-16.84375,123.546875,106.703125,DEV_RECON_LOCAL_BACK_ADJUSTED_DATED_CONTRACT_CHAIN,2011-06-12T00:00:00Z,123.546875,123.578125,123.515625,3775.0,106.703125,106.734375,106.671875,3775.0
SOURCE_NATIVE_FUTURES,ZN,bond,APPENDIX_C_172_004,10-year US,ZNU1,133520,2011-06-12,PROVIDER_CONDITION_AVAILABLE,-16.84375,123.546875,106.703125,DEV_RECON_LOCAL_BACK_ADJUSTED_DATED_CONTRACT_CHAIN,2011-06-12T00:00:00Z,123.546875,123.578125,123.515625,3775.0,106.703125,106.734375,106.671875,3775.0
SOURCE_NATIVE_FUTURES,ZN,bond,APPENDIX_C_172_004,10-year US,ZNU1,133520,2011-06-13,PROVIDER_CONDITION_AVAILABLE,-16.84375,123.40625,106.5625,DEV_RECON_LOCAL_BACK_ADJUSTED_DATED_CONTRACT_CHAIN,2011-06-13T00:00:00Z,123.546875,123.71875,123.125,969963.0,106.703125,106.875,106.28125,969963.0
SOURCE_NATIVE_FUTURES,ZN,bond,APPENDIX_C_172_004,10-year US,ZNU1,133520,2011-06-13,PROVIDER_CONDITION_AVAILABLE,-16.84375,123.40625,106.5625,DEV_RECON_LOCAL_BACK_ADJUSTED_DATED_CONTRACT_CHAIN,2011-06-13T00:00:00Z,123.546875,123.71875,123.125,969963.0,106.703125,106.875,106.28125,969963.0
SOURCE_NATIVE_FUTURES,ZN,bond,APPENDIX_C_172_004,10-year US,ZNU1,133520,2011-06-14,PROVIDER_CONDITION_AVAILABLE,-16.84375,122.640625,105.796875,DEV_RECON_LOCAL_BACK_ADJUSTED_DATED_CONTRACT_CHAIN,2011-06-14T00:00:00Z,123.40625,123.46875,122.453125,1463029.0,106.5625,106.625,105.609375,1463029.0
SOURCE_NATIVE_FUTURES,ZN,bond,APPENDIX_C_172_004,10-year US,ZNU1,133520,2011-06-14,PROVIDER_CONDITION_AVAILABLE,-16.84375,122.640625,105.796875,DEV_RECON_LOCAL_BACK_ADJUSTED_DATED_CONTRACT_CHAIN,2011-06-14T00:00:00Z,123.40625,123.46875,122.453125,1463029.0,106.5625,106.625,105.609375,1463029.0
SOURCE_NATIVE_FUTURES,ZN,bond,APPENDIX_C_172_004,10-year US,ZNU1,133520,2011-06-15,PROVIDER_CONDITION_AVAILABLE,-16.84375,123.6875,106.84375,DEV_RECON_LOCAL_BACK_ADJUSTED_DATED_CONTRACT_CHAIN,2011-06-15T00:00:00Z,122.640625,123.828125,122.546875,1883739.0,105.796875,106.984375,105.703125,1883739.0
SOURCE_NATIVE_FUTURES,ZN,bond,APPENDIX_C_172_004,10-year US,ZNU1,133520,2011-06-15,PROVIDER_CONDITION_AVAILABLE,-16.84375,123.6875,106.84375,DEV_RECON_LOCAL_BACK_ADJUSTED_DATED_CONTRACT_CHAIN,2011-06-15T00:00:00Z,122.640625,123.828125,122.546875,1883739.0,105.796875,106.984375,105.703125,1883739.0
SOURCE_NATIVE_FUTURES,ZN,bond,APPENDIX_C_172_004,10-year US,ZNU1,133520,2011-06-16,PROVIDER_CONDITION_AVAILABLE,-16.84375,123.859375,107.015625,DEV_RECON_LOCAL_BACK_ADJUSTED_DATED_CONTRACT_CHAIN,2011-06-16T00:00:00Z,123.671875,124.5,123.546875,1764160.0,106.828125,107.65625,106.703125,1764160.0
SOURCE_NATIVE_FUTURES,ZN,bond,APPENDIX_C_172_004,10-year US,ZNU1,133520,2011-06-16,PROVIDER_CONDITION_AVAILABLE,-16.84375,123.859375,107.015625,DEV_RECON_LOCAL_BACK_ADJUSTED_DATED_CONTRACT_CHAIN,2011-06-16T00:00:00Z,123.671875,124.5,123.546875,1764160.0,106.828125,107.65625,106.703125,1764160.0
SOURCE_NATIVE_FUTURES,ZN,bond,APPENDIX_C_172_004,10-year US,ZNU1,133520,2011-06-17,PROVIDER_CONDITION_AVAILABLE,-16.84375,123.859375,107.015625,DEV_RECON_LOCAL_BACK_ADJUSTED_DATED_CONTRACT_CHAIN,2011-06-17T00:00:00Z,123.859375,124.125,123.5625,1057250.0,107.015625,107.28125,106.71875,1057250.0
SOURCE_NATIVE_FUTURES,ZN,bond,APPENDIX_C_172_004,10-year US,ZNU1,133520,2011-06-17,PROVIDER_CONDITION_AVAILABLE,-16.84375,123.859375,107.015625,DEV_RECON_LOCAL_BACK_ADJUSTED_DATED_CONTRACT_CHAIN,2011-06-17T00:00:00Z,123.859375,124.125,123.5625,1057250.0,107.015625,107.28125,106.71875,1057250.0
SOURCE_NATIVE_FUTURES,ZN,bond,APPENDIX_C_172_004,10-year US,ZNU1,133520,2011-06-19,PROVIDER_CONDITION_AVAILABLE,-16.84375,123.90625,107.0625,DEV_RECON_LOCAL_BACK_ADJUSTED_DATED_CONTRACT_CHAIN,2011-06-19T00:00:00Z,123.859375,123.921875,123.8125,5350.0,107.015625,107.078125,106.96875,5350.0
SOURCE_NATIVE_FUTURES,ZN,bond,APPENDIX_C_172_004,10-year US,ZNU1,133520,2011-06-19,PROVIDER_CONDITION_AVAILABLE,-16.84375,123.90625,107.0625,DEV_RECON_LOCAL_BACK_ADJUSTED_DATED_CONTRACT_CHAIN,2011-06-19T00:00:00Z,123.859375,123.921875,123.8125,5350.0,107.015625,107.078125,106.96875,5350.0
SOURCE_NATIVE_FUTURES,ZN,bond,APPENDIX_C_172_004,10-year US,ZNU1,133520,2011-06-20,PROVIDER_CONDITION_AVAILABLE,-16.84375,123.765625,106.921875,DEV_RECON_LOCAL_BACK_ADJUSTED_DATED_CONTRACT_CHAIN,2011-06-20T00:00:00Z,123.90625,124.34375,123.65625,999834.0,107.0625,107.5,106.8125,999834.0
SOURCE_NATIVE_FUTURES,ZN,bond,APPENDIX_C_172_004,10-year US,ZNU1,133520,2011-06-20,PROVIDER_CONDITION_AVAILABLE,-16.84375,123.765625,106.921875,DEV_RECON_LOCAL_BACK_ADJUSTED_DATED_CONTRACT_CHAIN,2011-06-20T00:00:00Z,123.90625,124.34375,123.65625,999834.0,107.0625,107.5,106.8125,999834.0
SOURCE_NATIVE_FUTURES,ZN,bond,APPENDIX_C_172_004,10-year US,ZNU1,133520,2011-06-21,PROVIDER_CONDITION_AVAILABLE,-16.84375,123.625,106.78125,DEV_RECON_LOCAL_BACK_ADJUSTED_DATED_CONTRACT_CHAIN,2011-06-21T00:00:00Z,123.75,123.9375,123.546875,1028223.0,106.90625,107.09375,106.703125,1028223.0
SOURCE_NATIVE_FUTURES,ZN,bond,APPENDIX_C_172_004,10-year US,ZNU1,133520,2011-06-21,PROVIDER_CONDITION_AVAILABLE,-16.84375,123.625,106.78125,DEV_RECON_LOCAL_BACK_ADJUSTED_DATED_CONTRACT_CHAIN,2011-06-21T00:00:00Z,123.75,123.9375,123.546875,1028223.0,106.90625,107.09375,106.703125,1028223.0
SOURCE_NATIVE_FUTURES,ZN,bond,APPENDIX_C_172_004,10-year US,ZNU1,133520,2011-06-22,PROVIDER_CONDITION_AVAILABLE,-16.84375,123.828125,106.984375,DEV_RECON_LOCAL_BACK_ADJUSTED_DATED_CONTRACT_CHAIN,2011-06-22T00:00:00Z,123.625,124.140625,123.515625,1129950.0,106.78125,107.296875,106.671875,1129950.0
SOURCE_NATIVE_FUTURES,ZN,bond,APPENDIX_C_172_004,10-year US,ZNU1,133520,2011-06-22,PROVIDER_CONDITION_AVAILABLE,-16.84375,123.828125,106.984375,DEV_RECON_LOCAL_BACK_ADJUSTED_DATED_CONTRACT_CHAIN,2011-06-22T00:00:00Z,123.625,124.140625,123.515625,1129950.0,106.78125,107.296875,106.671875,1129950.0
SOURCE_NATIVE_FUTURES,ZN,bond,APPENDIX_C_172_004,10-year US,ZNU1,133520,2011-06-23,PROVIDER_CONDITION_AVAILABLE,-16.84375,124.1875,107.34375,DEV_RECON_LOCAL_BACK_ADJUSTED_DATED_CONTRACT_CHAIN,2011-06-23T00:00:00Z,123.828125,124.578125,123.734375,1581768.0,106.984375,107.734375,106.890625,1581768.0
SOURCE_NATIVE_FUTURES,ZN,bond,APPENDIX_C_172_004,10-year US,ZNU1,133520,2011-06-23,PROVIDER_CONDITION_AVAILABLE,-16.84375,124.1875,107.34375,DEV_RECON_LOCAL_BACK_ADJUSTED_DATED_CONTRACT_CHAIN,2011-06-23T00:00:00Z,123.828125,124.578125,123.734375,1581768.0,106.984375,107.734375,106.890625,1581768.0
SOURCE_NATIVE_FUTURES,ZN,bond,APPENDIX_C_172_004,10-year US,ZNU1,133520,2011-06-24,PROVIDER_CONDITION_AVAILABLE,-16.84375,124.84375,108.0,DEV_RECON_LOCAL_BACK_ADJUSTED_DATED_CONTRACT_CHAIN,2011-06-24T00:00:00Z,124.1875,124.9375,124.0625,1280796.0,107.34375,108.09375,107.21875,1280796.0
SOURCE_NATIVE_FUTURES,ZN,bond,APPENDIX_C_172_004,10-year US,ZNU1,133520,2011-06-24,PROVIDER_CONDITION_AVAILABLE,-16.84375,124.84375,108.0,DEV_RECON_LOCAL_BACK_ADJUSTED_DATED_CONTRACT_CHAIN,2011-06-24T00:00:00Z,124.1875,124.9375,124.0625,1280796.0,107.34375,108.09375,107.21875,1280796.0
SOURCE_NATIVE_FUTURES,ZN,bond,APPENDIX_C_172_004,10-year US,ZNU1,133520,2011-06-26,PROVIDER_CONDITION_AVAILABLE,-16.84375,124.828125,107.984375,DEV_RECON_LOCAL_BACK_ADJUSTED_DATED_CONTRACT_CHAIN,2011-06-26T00:00:00Z,124.8125,124.90625,124.796875,12908.0,107.96875,108.0625,107.953125,12908.0
SOURCE_NATIVE_FUTURES,ZN,bond,APPENDIX_C_172_004,10-year US,ZNU1,133520,2011-06-26,PROVIDER_CONDITION_AVAILABLE,-16.84375,124.828125,107.984375,DEV_RECON_LOCAL_BACK_ADJUSTED_DATED_CONTRACT_CHAIN,2011-06-26T00:00:00Z,124.8125,124.90625,124.796875,12908.0,107.96875,108.0625,107.953125,12908.0
SOURCE_NATIVE_FUTURES,ZN,bond,APPENDIX_C_172_004,10-year US,ZNU1,133520,2011-06-27,PROVIDER_CONDITION_AVAILABLE,-16.84375,124.4375,107.59375,DEV_RECON_LOCAL_BACK_ADJUSTED_DATED_CONTRACT_CHAIN,2011-06-27T00:00:00Z,124.828125,125.03125,124.359375,1186452.0,107.984375,108.1875,107.515625,1186452.0
SOURCE_NATIVE_FUTURES,ZN,bond,APPENDIX_C_172_004,10-year US,ZNU1,133520,2011-06-27,PROVIDER_CONDITION_AVAILABLE,-16.84375,124.4375,107.59375,DEV_RECON_LOCAL_BACK_ADJUSTED_DATED_CONTRACT_CHAIN,2011-06-27T00:00:00Z,124.828125,125.03125,124.359375,1186452.0,107.984375,108.1875,107.515625,1186452.0
SOURCE_NATIVE_FUTURES,ZN,bond,APPENDIX_C_172_004,10-year US,ZNU1,133520,2011-06-28,PROVIDER_CONDITION_AVAILABLE,-16.84375,123.40625,106.5625,DEV_RECON_LOCAL_BACK_ADJUSTED_DATED_CONTRACT_CHAIN,2011-06-28T00:00:00Z,124.4375,124.59375,123.234375,1389507.0,107.59375,107.75,106.390625,1389507.0
SOURCE_NATIVE_FUTURES,ZN,bond,APPENDIX_C_172_004,10-year US,ZNU1,133520,2011-06-28,PROVIDER_CONDITION_AVAILABLE,-16.84375,123.40625,106.5625,DEV_RECON_LOCAL_BACK_ADJUSTED_DATED_CONTRACT_CHAIN,2011-06-28T00:00:00Z,124.4375,124.59375,123.234375,1389507.0,107.59375,107.75,106.390625,1389507.0
SOURCE_NATIVE_FUTURES,ZN,bond,APPENDIX_C_172_004,10-year US,ZNU1,133520,2011-06-29,PROVIDER_CONDITION_AVAILABLE,-16.84375,122.921875,106.078125,DEV_RECON_LOCAL_BACK_ADJUSTED_DATED_CONTRACT_CHAIN,2011-06-29T00:00:00Z,123.421875,123.546875,122.59375,1647374.0,106.578125,106.703125,105.75,1647374.0
SOURCE_NATIVE_FUTURES,ZN,bond,APPENDIX_C_172_004,10-year US,ZNU1,133520,2011-06-29,PROVIDER_CONDITION_AVAILABLE,-16.84375,122.921875,106.078125,DEV_RECON_LOCAL_BACK_ADJUSTED_DATED_CONTRACT_CHAIN,2011-06-29T00:00:00Z,123.421875,123.546875,122.59375,1647374.0,106.578125,106.703125,105.75,1647374.0
SOURCE_NATIVE_FUTURES,ZN,bond,APPENDIX_C_172_004,10-year US,ZNU1,133520,2011-06-30,PROVIDER_CONDITION_AVAILABLE,-16.84375,122.3125,105.46875,DEV_RECON_LOCAL_BACK_ADJUSTED_DATED_CONTRACT_CHAIN,2011-06-30T00:00:00Z,122.9375,123.078125,121.875,1721967.0,106.09375,106.234375,105.03125,1721967.0
SOURCE_NATIVE_FUTURES,ZN,bond,APPENDIX_C_172_004,10-year US,ZNU1,133520,2011-06-30,PROVIDER_CONDITION_AVAILABLE,-16.84375,122.3125,105.46875,DEV_RECON_LOCAL_BACK_ADJUSTED_DATED_CONTRACT_CHAIN,2011-06-30T00:00:00Z,122.9375,123.078125,121.875,1721967.0,106.09375,106.234375,105.03125,1721967.0
SOURCE_NATIVE_FUTURES,ZN,bond,APPENDIX_C_172_004,10-year US,ZNU1,133520,2011-07-01,PROVIDER_CONDITION_AVAILABLE,-16.84375,122.015625,105.171875,DEV_RECON_LOCAL_BACK_ADJUSTED_DATED_CONTRACT_CHAIN,2011-07-01T00:00:00Z,122.296875,122.484375,121.703125,1142616.0,105.453125,105.640625,104.859375,1142616.0
SOURCE_NATIVE_FUTURES,ZN,bond,APPENDIX_C_172_004,10-year US,ZNU1,133520,2011-07-01,PROVIDER_CONDITION_AVAILABLE,-16.84375,122.015625,105.171875,DEV_RECON_LOCAL_BACK_ADJUSTED_DATED_CONTRACT_CHAIN,2011-07-01T00:00:00Z,122.296875,122.484375,121.703125,1142616.0,105.453125,105.640625,104.859375,1142616.0
SOURCE_NATIVE_FUTURES,ZN,bond,APPENDIX_C_172_004,10-year US,ZNU1,133520,2011-07-03,PROVIDER_CONDITION_AVAILABLE,-16.84375,122.015625,105.171875,DEV_RECON_LOCAL_BACK_ADJUSTED_DATED_CONTRACT_CHAIN,2011-07-03T00:00:00Z,122.0,122.046875,121.96875,3119.0,105.15625,105.203125,105.125,3119.0
SOURCE_NATIVE_FUTURES,ZN,bond,APPENDIX_C_172_004,10-year US,ZNU1,133520,2011-07-03,PROVIDER_CONDITION_AVAILABLE,-16.84375,122.015625,105.171875,DEV_RECON_LOCAL_BACK_ADJUSTED_DATED_CONTRACT_CHAIN,2011-07-03T00:00:00Z,122.0,122.046875,121.96875,3119.0,105.15625,105.203125,105.125,3119.0
SOURCE_NATIVE_FUTURES,ZN,bond,APPENDIX_C_172_004,10-year US,ZNU1,133520,2011-07-04,PROVIDER_CONDITION_AVAILABLE,-16.84375,122.125,105.28125,DEV_RECON_LOCAL_BACK_ADJUSTED_DATED_CONTRACT_CHAIN,2011-07-04T00:00:00Z,122.03125,122.390625,121.984375,102126.0,105.1875,105.546875,105.140625,102126.0
SOURCE_NATIVE_FUTURES,ZN,bond,APPENDIX_C_172_004,10-year US,ZNU1,133520,2011-07-04,PROVIDER_CONDITION_AVAILABLE,-16.84375,122.125,105.28125,DEV_RECON_LOCAL_BACK_ADJUSTED_DATED_CONTRACT_CHAIN,2011-07-04T00:00:00Z,122.03125,122.390625,121.984375,102126.0,105.1875,105.546875,105.140625,102126.0
SOURCE_NATIVE_FUTURES,ZN,bond,APPENDIX_C_172_004,10-year US,ZNU1,133520,2011-07-05,PROVIDER_CONDITION_AVAILABLE,-16.84375,122.6875,105.84375,DEV_RECON_LOCAL_BACK_ADJUSTED_DATED_CONTRACT_CHAIN,2011-07-05T00:00:00Z,122.125,122.78125,122.09375,926991.0,105.28125,105.9375,105.25,926991.0
SOURCE_NATIVE_FUTURES,ZN,bond,APPENDIX_C_172_004,10-year US,ZNU1,133520,2011-07-05,PROVIDER_CONDITION_AVAILABLE,-16.84375,122.6875,105.84375,DEV_RECON_LOCAL_BACK_ADJUSTED_DATED_CONTRACT_CHAIN,2011-07-05T00:00:00Z,122.125,122.78125,122.09375,926991.0,105.28125,105.9375,105.25,926991.0
SOURCE_NATIVE_FUTURES,ZN,bond,APPENDIX_C_172_004,10-year US,ZNU1,133520,2011-07-06,PROVIDER_CONDITION_AVAILABLE,-16.84375,122.8125,105.96875,DEV_RECON_LOCAL_BACK_ADJUSTED_DATED_CONTRACT_CHAIN,2011-07-06T00:00:00Z,122.671875,123.234375,122.453125,1272458.0,105.828125,106.390625,105.609375,1272458.0
SOURCE_NATIVE_FUTURES,ZN,bond,APPENDIX_C_172_004,10-year US,ZNU1,133520,2011-07-06,PROVIDER_CONDITION_AVAILABLE,-16.84375,122.8125,105.96875,DEV_RECON_LOCAL_BACK_ADJUSTED_DATED_CONTRACT_CHAIN,2011-07-06T00:00:00Z,122.671875,123.234375,122.453125,1272458.0,105.828125,106.390625,105.609375,1272458.0
SOURCE_NATIVE_FUTURES,ZN,bond,APPENDIX_C_172_004,10-year US,ZNU1,133520,2011-07-07,PROVIDER_CONDITION_AVAILABLE,-16.84375,122.515625,105.671875,DEV_RECON_LOCAL_BACK_ADJUSTED_DATED_CONTRACT_CHAIN,2011-07-07T00:00:00Z,122.828125,122.890625,122.25,1237593.0,105.984375,106.046875,105.40625,1237593.0
SOURCE_NATIVE_FUTURES,ZN,bond,APPENDIX_C_172_004,10-year US,ZNU1,133520,2011-07-07,PROVIDER_CONDITION_AVAILABLE,-16.84375,122.515625,105.671875,DEV_RECON_LOCAL_BACK_ADJUSTED_DATED_CONTRACT_CHAIN,2011-07-07T00:00:00Z,122.828125,122.890625,122.25,1237593.0,105.984375,106.046875,105.40625,1237593.0
SOURCE_NATIVE_FUTURES,ZN,bond,APPENDIX_C_172_004,10-year US,ZNU1,133520,2011-07-08,PROVIDER_CONDITION_AVAILABLE,-16.84375,123.640625,106.796875,DEV_RECON_LOCAL_BACK_ADJUSTED_DATED_CONTRACT_CHAIN,2011-07-08T00:00:00Z,122.53125,123.921875,122.203125,1671625.0,105.6875,107.078125,105.359375,1671625.0
SOURCE_NATIVE_FUTURES,ZN,bond,APPENDIX_C_172_004,10-year US,ZNU1,133520,2011-07-08,PROVIDER_CONDITION_AVAILABLE,-16.84375,123.640625,106.796875,DEV_RECON_LOCAL_BACK_ADJUSTED_DATED_CONTRACT_CHAIN,2011-07-08T00:00:00Z,122.53125,123.921875,122.203125,1671625.0,105.6875,107.078125,105.359375,1671625.0
SOURCE_NATIVE_FUTURES,ZN,bond,APPENDIX_C_172_004,10-year US,ZNU1,133520,2011-07-10,PROVIDER_CONDITION_AVAILABLE,-16.84375,123.859375,107.015625,DEV_RECON_LOCAL_BACK_ADJUSTED_DATED_CONTRACT_CHAIN,2011-07-10T00:00:00Z,123.828125,123.890625,123.78125,10533.0,106.984375,107.046875,106.9375,10533.0
SOURCE_NATIVE_FUTURES,ZN,bond,APPENDIX_C_172_004,10-year US,ZNU1,133520,2011-07-10,PROVIDER_CONDITION_AVAILABLE,-16.84375,123.859375,107.015625,DEV_RECON_LOCAL_BACK_ADJUSTED_DATED_CONTRACT_CHAIN,2011-07-10T00:00:00Z,123.828125,123.890625,123.78125,10533.0,106.984375,107.046875,106.9375,10533.0
SOURCE_NATIVE_FUTURES,ZN,bond,APPENDIX_C_172_004,10-year US,ZNU1,133520,2011-07-11,PROVIDER_CONDITION_AVAILABLE,-16.84375,124.40625,107.5625,DEV_RECON_LOCAL_BACK_ADJUSTED_DATED_CONTRACT_CHAIN,2011-07-11T00:00:00Z,123.84375,124.578125,123.609375,1276919.0,107.0,107.734375,106.765625,1276919.0
SOURCE_NATIVE_FUTURES,ZN,bond,APPENDIX_C_172_004,10-year US,ZNU1,133520,2011-07-11,PROVIDER_CONDITION_AVAILABLE,-16.84375,124.40625,107.5625,DEV_RECON_LOCAL_BACK_ADJUSTED_DATED_CONTRACT_CHAIN,2011-07-11T00:00:00Z,123.84375,124.578125,123.609375,1276919.0,107.0,107.734375,106.765625,1276919.0
SOURCE_NATIVE_FUTURES,ZN,bond,APPENDIX_C_172_004,10-year US,ZNU1,133520,2011-07-12,PROVIDER_CONDITION_AVAILABLE,-16.84375,124.84375,108.0,DEV_RECON_LOCAL_BACK_ADJUSTED_DATED_CONTRACT_CHAIN,2011-07-12T00:00:00Z,124.40625,125.375,124.359375,1781519.0,107.5625,108.53125,107.515625,1781519.0
SOURCE_NATIVE_FUTURES,ZN,bond,APPENDIX_C_172_004,10-year US,ZNU1,133520,2011-07-12,PROVIDER_CONDITION_AVAILABLE,-16.84375,124.84375,108.0,DEV_RECON_LOCAL_BACK_ADJUSTED_DATED_CONTRACT_CHAIN,2011-07-12T00:00:00Z,124.40625,125.375,124.359375,1781519.0,107.5625,108.53125,107.515625,1781519.0
SOURCE_NATIVE_FUTURES,ZN,bond,APPENDIX_C_172_004,10-year US,ZNU1,133520,2011-07-13,PROVIDER_CONDITION_AVAILABLE,-16.84375,124.578125,107.734375,DEV_RECON_LOCAL_BACK_ADJUSTED_DATED_CONTRACT_CHAIN,2011-07-13T00:00:00Z,124.84375,124.9375,124.21875,1439771.0,108.0,108.09375,107.375,1439771.0
SOURCE_NATIVE_FUTURES,ZN,bond,APPENDIX_C_172_004,10-year US,ZNU1,133520,2011-07-13,PROVIDER_CONDITION_AVAILABLE,-16.84375,124.578125,107.734375,DEV_RECON_LOCAL_BACK_ADJUSTED_DATED_CONTRACT_CHAIN,2011-07-13T00:00:00Z,124.84375,124.9375,124.21875,1439771.0,108.0,108.09375,107.375,1439771.0
SOURCE_NATIVE_FUTURES,ZN,bond,APPENDIX_C_172_004,10-year US,ZNU1,133520,2011-07-14,PROVIDER_CONDITION_AVAILABLE,-16.84375,124.421875,107.578125,DEV_RECON_LOCAL_BACK_ADJUSTED_DATED_CONTRACT_CHAIN,2011-07-14T00:00:00Z,124.59375,124.921875,124.3125,1302111.0,107.75,108.078125,107.46875,1302111.0
SOURCE_NATIVE_FUTURES,ZN,bond,APPENDIX_C_172_004,10-year US,ZNU1,133520,2011-07-14,PROVIDER_CONDITION_AVAILABLE,-16.84375,124.421875,107.578125,DEV_RECON_LOCAL_BACK_ADJUSTED_DATED_CONTRACT_CHAIN,2011-07-14T00:00:00Z,124.59375,124.921875,124.3125,1302111.0,107.75,108.078125,107.46875,1302111.0
SOURCE_NATIVE_FUTURES,ZN,bond,APPENDIX_C_172_004,10-year US,ZNU1,133520,2011-07-15,PROVIDER_CONDITION_AVAILABLE,-16.84375,124.828125,107.984375,DEV_RECON_LOCAL_BACK_ADJUSTED_DATED_CONTRACT_CHAIN,2011-07-15T00:00:00Z,124.421875,124.90625,124.234375,1155965.0,107.578125,108.0625,107.390625,1155965.0
SOURCE_NATIVE_FUTURES,ZN,bond,APPENDIX_C_172_004,10-year US,ZNU1,133520,2011-07-15,PROVIDER_CONDITION_AVAILABLE,-16.84375,124.828125,107.984375,DEV_RECON_LOCAL_BACK_ADJUSTED_DATED_CONTRACT_CHAIN,2011-07-15T00:00:00Z,124.421875,124.90625,124.234375,1155965.0,107.578125,108.0625,107.390625,1155965.0
SOURCE_NATIVE_FUTURES,ZN,bond,APPENDIX_C_172_004,10-year US,ZNU1,133520,2011-07-17,PROVIDER_CONDITION_AVAILABLE,-16.84375,124.765625,107.921875,DEV_RECON_LOCAL_BACK_ADJUSTED_DATED_CONTRACT_CHAIN,2011-07-17T00:00:00Z,124.875,124.890625,124.765625,3469.0,108.03125,108.046875,107.921875,3469.0
SOURCE_NATIVE_FUTURES,ZN,bond,APPENDIX_C_172_004,10-year US,ZNU1,133520,2011-07-17,PROVIDER_CONDITION_AVAILABLE,-16.84375,124.765625,107.921875,DEV_RECON_LOCAL_BACK_ADJUSTED_DATED_CONTRACT_CHAIN,2011-07-17T00:00:00Z,124.875,124.890625,124.765625,3469.0,108.03125,108.046875,107.921875,3469.0
SOURCE_NATIVE_FUTURES,ZN,bond,APPENDIX_C_172_004,10-year US,ZNU1,133520,2011-07-18,PROVIDER_CONDITION_AVAILABLE,-16.84375,124.828125,107.984375,DEV_RECON_LOCAL_BACK_ADJUSTED_DATED_CONTRACT_CHAIN,2011-07-18T00:00:00Z,124.765625,125.171875,124.71875,980752.0,107.921875,108.328125,107.875,980752.0
SOURCE_NATIVE_FUTURES,ZN,bond,APPENDIX_C_172_004,10-year US,ZNU1,133520,2011-07-18,PROVIDER_CONDITION_AVAILABLE,-16.84375,124.828125,107.984375,DEV_RECON_LOCAL_BACK_ADJUSTED_DATED_CONTRACT_CHAIN,2011-07-18T00:00:00Z,124.765625,125.171875,124.71875,980752.0,107.921875,108.328125,107.875,980752.0
SOURCE_NATIVE_FUTURES,ZN,bond,APPENDIX_C_172_004,10-year US,ZNU1,133520,2011-07-19,PROVIDER_CONDITION_AVAILABLE,-16.84375,124.828125,107.984375,DEV_RECON_LOCAL_BACK_ADJUSTED_DATED_CONTRACT_CHAIN,2011-07-19T00:00:00Z,124.8125,125.09375,124.4375,1066630.0,107.96875,108.25,107.59375,1066630.0
SOURCE_NATIVE_FUTURES,ZN,bond,APPENDIX_C_172_004,10-year US,ZNU1,133520,2011-07-19,PROVIDER_CONDITION_AVAILABLE,-16.84375,124.828125,107.984375,DEV_RECON_LOCAL_BACK_ADJUSTED_DATED_CONTRACT_CHAIN,2011-07-19T00:00:00Z,124.8125,125.09375,124.4375,1066630.0,107.96875,108.25,107.59375,1066630.0
SOURCE_NATIVE_FUTURES,ZN,bond,APPENDIX_C_172_004,10-year US,ZNU1,133520,2011-07-20,PROVIDER_CONDITION_AVAILABLE,-16.84375,124.359375,107.515625,DEV_RECON_LOCAL_BACK_ADJUSTED_DATED_CONTRACT_CHAIN,2011-07-20T00:00:00Z,124.828125,124.859375,124.3125,937846.0,107.984375,108.015625,107.46875,937846.0
SOURCE_NATIVE_FUTURES,ZN,bond,APPENDIX_C_172_004,10-year US,ZNU1,133520,2011-07-20,PROVIDER_CONDITION_AVAILABLE,-16.84375,124.359375,107.515625,DEV_RECON_LOCAL_BACK_ADJUSTED_DATED_CONTRACT_CHAIN,2011-07-20T00:00:00Z,124.828125,124.859375,124.3125,937846.0,107.984375,108.015625,107.46875,937846.0
SOURCE_NATIVE_FUTURES,ZN,bond,APPENDIX_C_172_004,10-year US,ZNU1,133520,2011-07-21,PROVIDER_CONDITION_AVAILABLE,-16.84375,124.015625,107.171875,DEV_RECON_LOCAL_BACK_ADJUSTED_DATED_CONTRACT_CHAIN,2011-07-21T00:00:00Z,124.359375,124.734375,123.6875,1565570.0,107.515625,107.890625,106.84375,1565570.0
SOURCE_NATIVE_FUTURES,ZN,bond,APPENDIX_C_172_004,10-year US,ZNU1,133520,2011-07-21,PROVIDER_CONDITION_AVAILABLE,-16.84375,124.015625,107.171875,DEV_RECON_LOCAL_BACK_ADJUSTED_DATED_CONTRACT_CHAIN,2011-07-21T00:00:00Z,124.359375,124.734375,123.6875,1565570.0,107.515625,107.890625,106.84375,1565570.0
SOURCE_NATIVE_FUTURES,ZN,bond,APPENDIX_C_172_004,10-year US,ZNU1,133520,2011-07-22,PROVIDER_CONDITION_AVAILABLE,-16.84375,124.328125,107.484375,DEV_RECON_LOCAL_BACK_ADJUSTED_DATED_CONTRACT_CHAIN,2011-07-22T00:00:00Z,124.0,124.375,123.921875,856792.0,107.15625,107.53125,107.078125,856792.0
SOURCE_NATIVE_FUTURES,ZN,bond,APPENDIX_C_172_004,10-year US,ZNU1,133520,2011-07-22,PROVIDER_CONDITION_AVAILABLE,-16.84375,124.328125,107.484375,DEV_RECON_LOCAL_BACK_ADJUSTED_DATED_CONTRACT_CHAIN,2011-07-22T00:00:00Z,124.0,124.375,123.921875,856792.0,107.15625,107.53125,107.078125,856792.0
SOURCE_NATIVE_FUTURES,ZN,bond,APPENDIX_C_172_004,10-year US,ZNU1,133520,2011-07-24,PROVIDER_CONDITION_AVAILABLE,-16.84375,124.234375,107.390625,DEV_RECON_LOCAL_BACK_ADJUSTED_DATED_CONTRACT_CHAIN,2011-07-24T00:00:00Z,124.125,124.265625,124.0625,11678.0,107.28125,107.421875,107.21875,11678.0
SOURCE_NATIVE_FUTURES,ZN,bond,APPENDIX_C_172_004,10-year US,ZNU1,133520,2011-07-24,PROVIDER_CONDITION_AVAILABLE,-16.84375,124.234375,107.390625,DEV_RECON_LOCAL_BACK_ADJUSTED_DATED_CONTRACT_CHAIN,2011-07-24T00:00:00Z,124.125,124.265625,124.0625,11678.0,107.28125,107.421875,107.21875,11678.0
SOURCE_NATIVE_FUTURES,ZN,bond,APPENDIX_C_172_004,10-year US,ZNU1,133520,2011-07-25,PROVIDER_CONDITION_AVAILABLE,-16.84375,124.171875,107.328125,DEV_RECON_LOCAL_BACK_ADJUSTED_DATED_CONTRACT_CHAIN,2011-07-25T00:00:00Z,124.234375,124.625,123.859375,1137972.0,107.390625,107.78125,107.015625,1137972.0
SOURCE_NATIVE_FUTURES,ZN,bond,APPENDIX_C_172_004,10-year US,ZNU1,133520,2011-07-25,PROVIDER_CONDITION_AVAILABLE,-16.84375,124.171875,107.328125,DEV_RECON_LOCAL_BACK_ADJUSTED_DATED_CONTRACT_CHAIN,2011-07-25T00:00:00Z,124.234375,124.625,123.859375,1137972.0,107.390625,107.78125,107.015625,1137972.0
SOURCE_NATIVE_FUTURES,ZN,bond,APPENDIX_C_172_004,10-year US,ZNU1,133520,2011-07-26,PROVIDER_CONDITION_AVAILABLE,-16.84375,124.40625,107.5625,DEV_RECON_LOCAL_BACK_ADJUSTED_DATED_CONTRACT_CHAIN,2011-07-26T00:00:00Z,124.1875,124.640625,123.78125,1056552.0,107.34375,107.796875,106.9375,1056552.0
SOURCE_NATIVE_FUTURES,ZN,bond,APPENDIX_C_172_004,10-year US,ZNU1,133520,2011-07-26,PROVIDER_CONDITION_AVAILABLE,-16.84375,124.40625,107.5625,DEV_RECON_LOCAL_BACK_ADJUSTED_DATED_CONTRACT_CHAIN,2011-07-26T00:00:00Z,124.1875,124.640625,123.78125,1056552.0,107.34375,107.796875,106.9375,1056552.0
SOURCE_NATIVE_FUTURES,ZN,bond,APPENDIX_C_172_004,10-year US,ZNU1,133520,2011-07-27,PROVIDER_CONDITION_AVAILABLE,-16.84375,124.40625,107.5625,DEV_RECON_LOCAL_BACK_ADJUSTED_DATED_CONTRACT_CHAIN,2011-07-27T00:00:00Z,124.390625,124.671875,124.03125,1156113.0,107.546875,107.828125,107.1875,1156113.0
SOURCE_NATIVE_FUTURES,ZN,bond,APPENDIX_C_172_004,10-year US,ZNU1,133520,2011-07-27,PROVIDER_CONDITION_AVAILABLE,-16.84375,124.40625,107.5625,DEV_RECON_LOCAL_BACK_ADJUSTED_DATED_CONTRACT_CHAIN,2011-07-27T00:00:00Z,124.390625,124.671875,124.03125,1156113.0,107.546875,107.828125,107.1875,1156113.0
SOURCE_NATIVE_FUTURES,ZN,bond,APPENDIX_C_172_004,10-year US,ZNU1,133520,2011-07-28,PROVIDER_CONDITION_AVAILABLE,-16.84375,124.375,107.53125,DEV_RECON_LOCAL_BACK_ADJUSTED_DATED_CONTRACT_CHAIN,2011-07-28T00:00:00Z,124.40625,124.71875,124.203125,1133567.0,107.5625,107.875,107.359375,1133567.0
SOURCE_NATIVE_FUTURES,ZN,bond,APPENDIX_C_172_004,10-year US,ZNU1,133520,2011-07-28,PROVIDER_CONDITION_AVAILABLE,-16.84375,124.375,107.53125,DEV_RECON_LOCAL_BACK_ADJUSTED_DATED_CONTRACT_CHAIN,2011-07-28T00:00:00Z,124.40625,124.71875,124.203125,1133567.0,107.5625,107.875,107.359375,1133567.0
SOURCE_NATIVE_FUTURES,ZN,bond,APPENDIX_C_172_004,10-year US,ZNU1,133520,2011-07-29,PROVIDER_CONDITION_AVAILABLE,-16.84375,125.765625,108.921875,DEV_RECON_LOCAL_BACK_ADJUSTED_DATED_CONTRACT_CHAIN,2011-07-29T00:00:00Z,124.390625,125.9375,124.375,1438962.0,107.546875,109.09375,107.53125,1438962.0
SOURCE_NATIVE_FUTURES,ZN,bond,APPENDIX_C_172_004,10-year US,ZNU1,133520,2011-07-29,PROVIDER_CONDITION_AVAILABLE,-16.84375,125.765625,108.921875,DEV_RECON_LOCAL_BACK_ADJUSTED_DATED_CONTRACT_CHAIN,2011-07-29T00:00:00Z,124.390625,125.9375,124.375,1438962.0,107.546875,109.09375,107.53125,1438962.0
SOURCE_NATIVE_FUTURES,ZN,bond,APPENDIX_C_172_004,10-year US,ZNU1,133520,2011-07-31,PROVIDER_CONDITION_AVAILABLE,-16.84375,125.59375,108.75,DEV_RECON_LOCAL_BACK_ADJUSTED_DATED_CONTRACT_CHAIN,2011-07-31T00:00:00Z,125.453125,125.671875,125.4375,13459.0,108.609375,108.828125,108.59375,13459.0
SOURCE_NATIVE_FUTURES,ZN,bond,APPENDIX_C_172_004,10-year US,ZNU1,133520,2011-07-31,PROVIDER_CONDITION_AVAILABLE,-16.84375,125.59375,108.75,DEV_RECON_LOCAL_BACK_ADJUSTED_DATED_CONTRACT_CHAIN,2011-07-31T00:00:00Z,125.453125,125.671875,125.4375,13459.0,108.609375,108.828125,108.59375,13459.0
SOURCE_NATIVE_FUTURES,ZN,bond,APPENDIX_C_172_004,10-year US,ZNU1,133520,2011-08-01,PROVIDER_CONDITION_AVAILABLE,-16.84375,126.0625,109.21875,DEV_RECON_LOCAL_BACK_ADJUSTED_DATED_CONTRACT_CHAIN,2011-08-01T00:00:00Z,125.59375,126.421875,125.296875,1316102.0,108.75,109.578125,108.453125,1316102.0
SOURCE_NATIVE_FUTURES,ZN,bond,APPENDIX_C_172_004,10-year US,ZNU1,133520,2011-08-01,PROVIDER_CONDITION_AVAILABLE,-16.84375,126.0625,109.21875,DEV_RECON_LOCAL_BACK_ADJUSTED_DATED_CONTRACT_CHAIN,2011-08-01T00:00:00Z,125.59375,126.421875,125.296875,1316102.0,108.75,109.578125,108.453125,1316102.0
SOURCE_NATIVE_FUTURES,ZN,bond,APPENDIX_C_172_004,10-year US,ZNU1,133520,2011-08-02,PROVIDER_CONDITION_AVAILABLE,-16.84375,127.125,110.28125,DEV_RECON_LOCAL_BACK_ADJUSTED_DATED_CONTRACT_CHAIN,2011-08-02T00:00:00Z,126.046875,127.15625,126.046875,1489965.0,109.203125,110.3125,109.203125,1489965.0
SOURCE_NATIVE_FUTURES,ZN,bond,APPENDIX_C_172_004,10-year US,ZNU1,133520,2011-08-02,PROVIDER_CONDITION_AVAILABLE,-16.84375,127.125,110.28125,DEV_RECON_LOCAL_BACK_ADJUSTED_DATED_CONTRACT_CHAIN,2011-08-02T00:00:00Z,126.046875,127.15625,126.046875,1489965.0,109.203125,110.3125,109.203125,1489965.0
SOURCE_NATIVE_FUTURES,ZN,bond,APPENDIX_C_172_004,10-year US,ZNU1,133520,2011-08-03,PROVIDER_CONDITION_AVAILABLE,-16.84375,126.859375,110.015625,DEV_RECON_LOCAL_BACK_ADJUSTED_DATED_CONTRACT_CHAIN,2011-08-03T00:00:00Z,127.125,127.359375,126.75,1720712.0,110.28125,110.515625,109.90625,1720712.0
SOURCE_NATIVE_FUTURES,ZN,bond,APPENDIX_C_172_004,10-year US,ZNU1,133520,2011-08-03,PROVIDER_CONDITION_AVAILABLE,-16.84375,126.859375,110.015625,DEV_RECON_LOCAL_BACK_ADJUSTED_DATED_CONTRACT_CHAIN,2011-08-03T00:00:00Z,127.125,127.359375,126.75,1720712.0,110.28125,110.515625,109.90625,1720712.0
SOURCE_NATIVE_FUTURES,ZN,bond,APPENDIX_C_172_004,10-year US,ZNU1,133520,2011-08-04,PROVIDER_CONDITION_AVAILABLE,-16.84375,128.21875,111.375,DEV_RECON_LOCAL_BACK_ADJUSTED_DATED_CONTRACT_CHAIN,2011-08-04T00:00:00Z,126.84375,128.390625,126.640625,1997755.0,110.0,111.546875,109.796875,1997755.0
SOURCE_NATIVE_FUTURES,ZN,bond,APPENDIX_C_172_004,10-year US,ZNU1,133520,2011-08-04,PROVIDER_CONDITION_AVAILABLE,-16.84375,128.21875,111.375,DEV_RECON_LOCAL_BACK_ADJUSTED_DATED_CONTRACT_CHAIN,2011-08-04T00:00:00Z,126.84375,128.390625,126.640625,1997755.0,110.0,111.546875,109.796875,1997755.0
SOURCE_NATIVE_FUTURES,ZN,bond,APPENDIX_C_172_004,10-year US,ZNU1,133520,2011-08-05,PROVIDER_CONDITION_AVAILABLE,-16.84375,127.0625,110.21875,DEV_RECON_LOCAL_BACK_ADJUSTED_DATED_CONTRACT_CHAIN,2011-08-05T00:00:00Z,128.203125,128.734375,126.765625,2293976.0,111.359375,111.890625,109.921875,2293976.0
SOURCE_NATIVE_FUTURES,ZN,bond,APPENDIX_C_172_004,10-year US,ZNU1,133520,2011-08-05,PROVIDER_CONDITION_AVAILABLE,-16.84375,127.0625,110.21875,DEV_RECON_LOCAL_BACK_ADJUSTED_DATED_CONTRACT_CHAIN,2011-08-05T00:00:00Z,128.203125,128.734375,126.765625,2293976.0,111.359375,111.890625,109.921875,2293976.0
SOURCE_NATIVE_FUTURES,ZN,bond,APPENDIX_C_172_004,10-year US,ZNU1,133520,2011-08-07,PROVIDER_CONDITION_AVAILABLE,-16.84375,127.109375,110.265625,DEV_RECON_LOCAL_BACK_ADJUSTED_DATED_CONTRACT_CHAIN,2011-08-07T00:00:00Z,127.203125,127.40625,126.96875,43886.0,110.359375,110.5625,110.125,43886.0
SOURCE_NATIVE_FUTURES,ZN,bond,APPENDIX_C_172_004,10-year US,ZNU1,133520,2011-08-07,PROVIDER_CONDITION_AVAILABLE,-16.84375,127.109375,110.265625,DEV_RECON_LOCAL_BACK_ADJUSTED_DATED_CONTRACT_CHAIN,2011-08-07T00:00:00Z,127.203125,127.40625,126.96875,43886.0,110.359375,110.5625,110.125,43886.0
SOURCE_NATIVE_FUTURES,ZN,bond,APPENDIX_C_172_004,10-year US,ZNU1,133520,2011-08-08,PROVIDER_CONDITION_AVAILABLE,-16.84375,128.9375,112.09375,DEV_RECON_LOCAL_BACK_ADJUSTED_DATED_CONTRACT_CHAIN,2011-08-08T00:00:00Z,127.109375,129.015625,126.984375,1731322.0,110.265625,112.171875,110.140625,1731322.0
SOURCE_NATIVE_FUTURES,ZN,bond,APPENDIX_C_172_004,10-year US,ZNU1,133520,2011-08-08,PROVIDER_CONDITION_AVAILABLE,-16.84375,128.9375,112.09375,DEV_RECON_LOCAL_BACK_ADJUSTED_DATED_CONTRACT_CHAIN,2011-08-08T00:00:00Z,127.109375,129.015625,126.984375,1731322.0,110.265625,112.171875,110.140625,1731322.0
SOURCE_NATIVE_FUTURES,ZN,bond,APPENDIX_C_172_004,10-year US,ZNU1,133520,2011-08-09,PROVIDER_CONDITION_AVAILABLE,-16.84375,129.453125,112.609375,DEV_RECON_LOCAL_BACK_ADJUSTED_DATED_CONTRACT_CHAIN,2011-08-09T00:00:00Z,128.9375,131.03125,127.828125,2104248.0,112.09375,114.1875,110.984375,2104248.0
SOURCE_NATIVE_FUTURES,ZN,bond,APPENDIX_C_172_004,10-year US,ZNU1,133520,2011-08-09,PROVIDER_CONDITION_AVAILABLE,-16.84375,129.453125,112.609375,DEV_RECON_LOCAL_BACK_ADJUSTED_DATED_CONTRACT_CHAIN,2011-08-09T00:00:00Z,128.9375,131.03125,127.828125,2104248.0,112.09375,114.1875,110.984375,2104248.0
SOURCE_NATIVE_FUTURES,ZN,bond,APPENDIX_C_172_004,10-year US,ZNU1,133520,2011-08-10,PROVIDER_CONDITION_AVAILABLE,-16.84375,130.125,113.28125,DEV_RECON_LOCAL_BACK_ADJUSTED_DATED_CONTRACT_CHAIN,2011-08-10T00:00:00Z,129.453125,130.515625,128.953125,2031315.0,112.609375,113.671875,112.109375,2031315.0
SOURCE_NATIVE_FUTURES,ZN,bond,APPENDIX_C_172_004,10-year US,ZNU1,133520,2011-08-10,PROVIDER_CONDITION_AVAILABLE,-16.84375,130.125,113.28125,DEV_RECON_LOCAL_BACK_ADJUSTED_DATED_CONTRACT_CHAIN,2011-08-10T00:00:00Z,129.453125,130.515625,128.953125,2031315.0,112.609375,113.671875,112.109375,2031315.0
SOURCE_NATIVE_FUTURES,ZN,bond,APPENDIX_C_172_004,10-year US,ZNU1,133520,2011-08-11,PROVIDER_CONDITION_AVAILABLE,-16.84375,129.1875,112.34375,DEV_RECON_LOCAL_BACK_ADJUSTED_DATED_CONTRACT_CHAIN,2011-08-11T00:00:00Z,130.125,130.359375,129.0,1748644.0,113.28125,113.515625,112.15625,1748644.0
SOURCE_NATIVE_FUTURES,ZN,bond,APPENDIX_C_172_004,10-year US,ZNU1,133520,2011-08-11,PROVIDER_CONDITION_AVAILABLE,-16.84375,129.1875,112.34375,DEV_RECON_LOCAL_BACK_ADJUSTED_DATED_CONTRACT_CHAIN,2011-08-11T00:00:00Z,130.125,130.359375,129.0,1748644.0,113.28125,113.515625,112.15625,1748644.0
SOURCE_NATIVE_FUTURES,ZN,bond,APPENDIX_C_172_004,10-year US,ZNU1,133520,2011-08-12,PROVIDER_CONDITION_AVAILABLE,-16.84375,129.6875,112.84375,DEV_RECON_LOCAL_BACK_ADJUSTED_DATED_CONTRACT_CHAIN,2011-08-12T00:00:00Z,129.1875,129.953125,129.140625,1125843.0,112.34375,113.109375,112.296875,1125843.0
SOURCE_NATIVE_FUTURES,ZN,bond,APPENDIX_C_172_004,10-year US,ZNU1,133520,2011-08-12,PROVIDER_CONDITION_AVAILABLE,-16.84375,129.6875,112.84375,DEV_RECON_LOCAL_BACK_ADJUSTED_DATED_CONTRACT_CHAIN,2011-08-12T00:00:00Z,129.1875,129.953125,129.140625,1125843.0,112.34375,113.109375,112.296875,1125843.0
SOURCE_NATIVE_FUTURES,ZN,bond,APPENDIX_C_172_004,10-year US,ZNU1,133520,2011-08-14,PROVIDER_CONDITION_AVAILABLE,-16.84375,129.65625,112.8125,DEV_RECON_LOCAL_BACK_ADJUSTED_DATED_CONTRACT_CHAIN,2011-08-14T00:00:00Z,129.71875,129.75,129.59375,5680.0,112.875,112.90625,112.75,5680.0
SOURCE_NATIVE_FUTURES,ZN,bond,APPENDIX_C_172_004,10-year US,ZNU1,133520,2011-08-14,PROVIDER_CONDITION_AVAILABLE,-16.84375,129.65625,112.8125,DEV_RECON_LOCAL_BACK_ADJUSTED_DATED_CONTRACT_CHAIN,2011-08-14T00:00:00Z,129.71875,129.75,129.59375,5680.0,112.875,112.90625,112.75,5680.0
SOURCE_NATIVE_FUTURES,ZN,bond,APPENDIX_C_172_004,10-year US,ZNU1,133520,2011-08-15,PROVIDER_CONDITION_AVAILABLE,-16.84375,129.421875,112.578125,DEV_RECON_LOCAL_BACK_ADJUSTED_DATED_CONTRACT_CHAIN,2011-08-15T00:00:00Z,129.65625,129.984375,129.34375,732937.0,112.8125,113.140625,112.5,732937.0
SOURCE_NATIVE_FUTURES,ZN,bond,APPENDIX_C_172_004,10-year US,ZNU1,133520,2011-08-15,PROVIDER_CONDITION_AVAILABLE,-16.84375,129.421875,112.578125,DEV_RECON_LOCAL_BACK_ADJUSTED_DATED_CONTRACT_CHAIN,2011-08-15T00:00:00Z,129.65625,129.984375,129.34375,732937.0,112.8125,113.140625,112.5,732937.0
SOURCE_NATIVE_FUTURES,ZN,bond,APPENDIX_C_172_004,10-year US,ZNU1,133520,2011-08-16,PROVIDER_CONDITION_AVAILABLE,-16.84375,130.0625,113.21875,DEV_RECON_LOCAL_BACK_ADJUSTED_DATED_CONTRACT_CHAIN,2011-08-16T00:00:00Z,129.421875,130.25,129.359375,1117139.0,112.578125,113.40625,112.515625,1117139.0
SOURCE_NATIVE_FUTURES,ZN,bond,APPENDIX_C_172_004,10-year US,ZNU1,133520,2011-08-16,PROVIDER_CONDITION_AVAILABLE,-16.84375,130.0625,113.21875,DEV_RECON_LOCAL_BACK_ADJUSTED_DATED_CONTRACT_CHAIN,2011-08-16T00:00:00Z,129.421875,130.25,129.359375,1117139.0,112.578125,113.40625,112.515625,1117139.0
SOURCE_NATIVE_FUTURES,ZN,bond,APPENDIX_C_172_004,10-year US,ZNU1,133520,2011-08-17,PROVIDER_CONDITION_AVAILABLE,-16.84375,130.265625,113.421875,DEV_RECON_LOCAL_BACK_ADJUSTED_DATED_CONTRACT_CHAIN,2011-08-17T00:00:00Z,130.0625,130.421875,129.78125,926649.0,113.21875,113.578125,112.9375,926649.0
SOURCE_NATIVE_FUTURES,ZN,bond,APPENDIX_C_172_004,10-year US,ZNU1,133520,2011-08-17,PROVIDER_CONDITION_AVAILABLE,-16.84375,130.265625,113.421875,DEV_RECON_LOCAL_BACK_ADJUSTED_DATED_CONTRACT_CHAIN,2011-08-17T00:00:00Z,130.0625,130.421875,129.78125,926649.0,113.21875,113.578125,112.9375,926649.0
SOURCE_NATIVE_FUTURES,ZN,bond,APPENDIX_C_172_004,10-year US,ZNU1,133520,2011-08-18,PROVIDER_CONDITION_AVAILABLE,-16.84375,130.96875,114.125,DEV_RECON_LOCAL_BACK_ADJUSTED_DATED_CONTRACT_CHAIN,2011-08-18T00:00:00Z,130.265625,131.640625,130.234375,1556692.0,113.421875,114.796875,113.390625,1556692.0
SOURCE_NATIVE_FUTURES,ZN,bond,APPENDIX_C_172_004,10-year US,ZNU1,133520,2011-08-18,PROVIDER_CONDITION_AVAILABLE,-16.84375,130.96875,114.125,DEV_RECON_LOCAL_BACK_ADJUSTED_DATED_CONTRACT_CHAIN,2011-08-18T00:00:00Z,130.265625,131.640625,130.234375,1556692.0,113.421875,114.796875,113.390625,1556692.0
SOURCE_NATIVE_FUTURES,ZN,bond,APPENDIX_C_172_004,10-year US,ZNZ1,578198,2011-08-19,PROVIDER_CONDITION_AVAILABLE,-15.90625,129.90625,114.0,DEV_RECON_LOCAL_BACK_ADJUSTED_DATED_CONTRACT_CHAIN,2011-08-19T00:00:00Z,130.140625,130.25,129.390625,6272.0,114.234375,114.34375,113.484375,6272.0
SOURCE_NATIVE_FUTURES,ZN,bond,APPENDIX_C_172_004,10-year US,ZNZ1,578198,2011-08-19,PROVIDER_CONDITION_AVAILABLE,-15.90625,129.90625,114.0,DEV_RECON_LOCAL_BACK_ADJUSTED_DATED_CONTRACT_CHAIN,2011-08-19T00:00:00Z,130.140625,130.25,129.390625,6272.0,114.234375,114.34375,113.484375,6272.0
SOURCE_NATIVE_FUTURES,ZN,bond,APPENDIX_C_172_004,10-year US,ZNZ1,578198,2011-08-21,PROVIDER_CONDITION_AVAILABLE,-15.90625,130.0,114.09375,DEV_RECON_LOCAL_BACK_ADJUSTED_DATED_CONTRACT_CHAIN,2011-08-21T00:00:00Z,129.953125,130.0625,129.953125,44.0,114.046875,114.15625,114.046875,44.0
SOURCE_NATIVE_FUTURES,ZN,bond,APPENDIX_C_172_004,10-year US,ZNZ1,578198,2011-08-21,PROVIDER_CONDITION_AVAILABLE,-15.90625,130.0,114.09375,DEV_RECON_LOCAL_BACK_ADJUSTED_DATED_CONTRACT_CHAIN,2011-08-21T00:00:00Z,129.953125,130.0625,129.953125,44.0,114.046875,114.15625,114.046875,44.0
SOURCE_NATIVE_FUTURES,ZN,bond,APPENDIX_C_172_004,10-year US,ZNZ1,578198,2011-08-22,PROVIDER_CONDITION_AVAILABLE,-15.90625,129.65625,113.75,DEV_RECON_LOCAL_BACK_ADJUSTED_DATED_CONTRACT_CHAIN,2011-08-22T00:00:00Z,129.96875,129.96875,129.328125,7474.0,114.0625,114.0625,113.421875,7474.0
SOURCE_NATIVE_FUTURES,ZN,bond,APPENDIX_C_172_004,10-year US,ZNZ1,578198,2011-08-22,PROVIDER_CONDITION_AVAILABLE,-15.90625,129.65625,113.75,DEV_RECON_LOCAL_BACK_ADJUSTED_DATED_CONTRACT_CHAIN,2011-08-22T00:00:00Z,129.96875,129.96875,129.328125,7474.0,114.0625,114.0625,113.421875,7474.0
SOURCE_NATIVE_FUTURES,ZN,bond,APPENDIX_C_172_004,10-year US,ZNZ1,578198,2011-08-23,PROVIDER_CONDITION_AVAILABLE,-15.90625,129.25,113.34375,DEV_RECON_LOCAL_BACK_ADJUSTED_DATED_CONTRACT_CHAIN,2011-08-23T00:00:00Z,129.6875,129.921875,129.15625,14385.0,113.78125,114.015625,113.25,14385.0
SOURCE_NATIVE_FUTURES,ZN,bond,APPENDIX_C_172_004,10-year US,ZNZ1,578198,2011-08-23,PROVIDER_CONDITION_AVAILABLE,-15.90625,129.25,113.34375,DEV_RECON_LOCAL_BACK_ADJUSTED_DATED_CONTRACT_CHAIN,2011-08-23T00:00:00Z,129.6875,129.921875,129.15625,14385.0,113.78125,114.015625,113.25,14385.0
SOURCE_NATIVE_FUTURES,ZN,bond,APPENDIX_C_172_004,10-year US,ZNZ1,578198,2011-08-24,PROVIDER_CONDITION_AVAILABLE,-15.90625,128.5625,112.65625,DEV_RECON_LOCAL_BACK_ADJUSTED_DATED_CONTRACT_CHAIN,2011-08-24T00:00:00Z,129.265625,129.609375,128.359375,43617.0,113.359375,113.703125,112.453125,43617.0
SOURCE_NATIVE_FUTURES,ZN,bond,APPENDIX_C_172_004,10-year US,ZNZ1,578198,2011-08-24,PROVIDER_CONDITION_AVAILABLE,-15.90625,128.5625,112.65625,DEV_RECON_LOCAL_BACK_ADJUSTED_DATED_CONTRACT_CHAIN,2011-08-24T00:00:00Z,129.265625,129.609375,128.359375,43617.0,113.359375,113.703125,112.453125,43617.0
SOURCE_NATIVE_FUTURES,ZN,bond,APPENDIX_C_172_004,10-year US,ZNZ1,578198,2011-08-25,PROVIDER_CONDITION_AVAILABLE,-15.90625,129.0,113.09375,DEV_RECON_LOCAL_BACK_ADJUSTED_DATED_CONTRACT_CHAIN,2011-08-25T00:00:00Z,128.546875,129.203125,128.359375,111729.0,112.640625,113.296875,112.453125,111729.0
SOURCE_NATIVE_FUTURES,ZN,bond,APPENDIX_C_172_004,10-year US,ZNZ1,578198,2011-08-25,PROVIDER_CONDITION_AVAILABLE,-15.90625,129.0,113.09375,DEV_RECON_LOCAL_BACK_ADJUSTED_DATED_CONTRACT_CHAIN,2011-08-25T00:00:00Z,128.546875,129.203125,128.359375,111729.0,112.640625,113.296875,112.453125,111729.0
SOURCE_NATIVE_FUTURES,ZN,bond,APPENDIX_C_172_004,10-year US,ZNZ1,578198,2011-08-26,PROVIDER_CONDITION_AVAILABLE,-15.90625,129.328125,113.421875,DEV_RECON_LOCAL_BACK_ADJUSTED_DATED_CONTRACT_CHAIN,2011-08-26T00:00:00Z,128.984375,129.859375,128.84375,124911.0,113.078125,113.953125,112.9375,124911.0
SOURCE_NATIVE_FUTURES,ZN,bond,APPENDIX_C_172_004,10-year US,ZNZ1,578198,2011-08-26,PROVIDER_CONDITION_AVAILABLE,-15.90625,129.328125,113.421875,DEV_RECON_LOCAL_BACK_ADJUSTED_DATED_CONTRACT_CHAIN,2011-08-26T00:00:00Z,128.984375,129.859375,128.84375,124911.0,113.078125,113.953125,112.9375,124911.0
SOURCE_NATIVE_FUTURES,ZN,bond,APPENDIX_C_172_004,10-year US,ZNZ1,578198,2011-08-28,PROVIDER_CONDITION_AVAILABLE,-15.90625,129.3125,113.40625,DEV_RECON_LOCAL_BACK_ADJUSTED_DATED_CONTRACT_CHAIN,2011-08-28T00:00:00Z,129.3125,129.34375,129.203125,1063.0,113.40625,113.4375,113.296875,1063.0
SOURCE_NATIVE_FUTURES,ZN,bond,APPENDIX_C_172_004,10-year US,ZNZ1,578198,2011-08-28,PROVIDER_CONDITION_AVAILABLE,-15.90625,129.3125,113.40625,DEV_RECON_LOCAL_BACK_ADJUSTED_DATED_CONTRACT_CHAIN,2011-08-28T00:00:00Z,129.3125,129.34375,129.203125,1063.0,113.40625,113.4375,113.296875,1063.0
SOURCE_NATIVE_FUTURES,ZN,bond,APPENDIX_C_172_004,10-year US,ZNZ1,578198,2011-08-29,PROVIDER_CONDITION_AVAILABLE,-15.90625,128.875,112.96875,DEV_RECON_LOCAL_BACK_ADJUSTED_DATED_CONTRACT_CHAIN,2011-08-29T00:00:00Z,129.3125,129.3125,128.46875,116730.0,113.40625,113.40625,112.5625,116730.0
SOURCE_NATIVE_FUTURES,ZN,bond,APPENDIX_C_172_004,10-year US,ZNZ1,578198,2011-08-29,PROVIDER_CONDITION_AVAILABLE,-15.90625,128.875,112.96875,DEV_RECON_LOCAL_BACK_ADJUSTED_DATED_CONTRACT_CHAIN,2011-08-29T00:00:00Z,129.3125,129.3125,128.46875,116730.0,113.40625,113.40625,112.5625,116730.0
SOURCE_NATIVE_FUTURES,ZN,bond,APPENDIX_C_172_004,10-year US,ZNZ1,578198,2011-08-30,PROVIDER_CONDITION_AVAILABLE,-15.90625,129.484375,113.578125,DEV_RECON_LOCAL_BACK_ADJUSTED_DATED_CONTRACT_CHAIN,2011-08-30T00:00:00Z,128.859375,129.609375,128.8125,279378.0,112.953125,113.703125,112.90625,279378.0
SOURCE_NATIVE_FUTURES,ZN,bond,APPENDIX_C_172_004,10-year US,ZNZ1,578198,2011-08-30,PROVIDER_CONDITION_AVAILABLE,-15.90625,129.484375,113.578125,DEV_RECON_LOCAL_BACK_ADJUSTED_DATED_CONTRACT_CHAIN,2011-08-30T00:00:00Z,128.859375,129.609375,128.8125,279378.0,112.953125,113.703125,112.90625,279378.0
SOURCE_NATIVE_FUTURES,ZN,bond,APPENDIX_C_172_004,10-year US,ZNZ1,578198,2011-08-31,PROVIDER_CONDITION_AVAILABLE,-15.90625,129.015625,113.109375,DEV_RECON_LOCAL_BACK_ADJUSTED_DATED_CONTRACT_CHAIN,2011-08-31T00:00:00Z,129.46875,129.71875,128.875,1150113.0,113.5625,113.8125,112.96875,1150113.0
SOURCE_NATIVE_FUTURES,ZN,bond,APPENDIX_C_172_004,10-year US,ZNZ1,578198,2011-08-31,PROVIDER_CONDITION_AVAILABLE,-15.90625,129.015625,113.109375,DEV_RECON_LOCAL_BACK_ADJUSTED_DATED_CONTRACT_CHAIN,2011-08-31T00:00:00Z,129.46875,129.71875,128.875,1150113.0,113.5625,113.8125,112.96875,1150113.0
SOURCE_NATIVE_FUTURES,ZN,bond,APPENDIX_C_172_004,10-year US,ZNZ1,578198,2011-09-01,PROVIDER_CONDITION_AVAILABLE,-15.90625,129.609375,113.703125,DEV_RECON_LOCAL_BACK_ADJUSTED_DATED_CONTRACT_CHAIN,2011-09-01T00:00:00Z,129.015625,129.71875,128.578125,1275647.0,113.109375,113.8125,112.671875,1275647.0
SOURCE_NATIVE_FUTURES,ZN,bond,APPENDIX_C_172_004,10-year US,ZNZ1,578198,2011-09-01,PROVIDER_CONDITION_AVAILABLE,-15.90625,129.609375,113.703125,DEV_RECON_LOCAL_BACK_ADJUSTED_DATED_CONTRACT_CHAIN,2011-09-01T00:00:00Z,129.015625,129.71875,128.578125,1275647.0,113.109375,113.8125,112.671875,1275647.0
SOURCE_NATIVE_FUTURES,ZN,bond,APPENDIX_C_172_004,10-year US,ZNZ1,578198,2011-09-02,PROVIDER_CONDITION_AVAILABLE,-15.90625,130.3125,114.40625,DEV_RECON_LOCAL_BACK_ADJUSTED_DATED_CONTRACT_CHAIN,2011-09-02T00:00:00Z,129.609375,130.4375,129.265625,1209270.0,113.703125,114.53125,113.359375,1209270.0
SOURCE_NATIVE_FUTURES,ZN,bond,APPENDIX_C_172_004,10-year US,ZNZ1,578198,2011-09-02,PROVIDER_CONDITION_AVAILABLE,-15.90625,130.3125,114.40625,DEV_RECON_LOCAL_BACK_ADJUSTED_DATED_CONTRACT_CHAIN,2011-09-02T00:00:00Z,129.609375,130.4375,129.265625,1209270.0,113.703125,114.53125,113.359375,1209270.0
SOURCE_NATIVE_FUTURES,ZN,bond,APPENDIX_C_172_004,10-year US,ZNZ1,578198,2011-09-04,PROVIDER_CONDITION_AVAILABLE,-15.90625,130.375,114.46875,DEV_RECON_LOCAL_BACK_ADJUSTED_DATED_CONTRACT_CHAIN,2011-09-04T00:00:00Z,130.359375,130.390625,130.21875,4403.0,114.453125,114.484375,114.3125,4403.0
SOURCE_NATIVE_FUTURES,ZN,bond,APPENDIX_C_172_004,10-year US,ZNZ1,578198,2011-09-04,PROVIDER_CONDITION_AVAILABLE,-15.90625,130.375,114.46875,DEV_RECON_LOCAL_BACK_ADJUSTED_DATED_CONTRACT_CHAIN,2011-09-04T00:00:00Z,130.359375,130.390625,130.21875,4403.0,114.453125,114.484375,114.3125,4403.0
SOURCE_NATIVE_FUTURES,ZN,bond,APPENDIX_C_172_004,10-year US,ZNZ1,578198,2011-09-05,PROVIDER_CONDITION_AVAILABLE,-15.90625,130.828125,114.921875,DEV_RECON_LOCAL_BACK_ADJUSTED_DATED_CONTRACT_CHAIN,2011-09-05T00:00:00Z,130.359375,130.875,130.25,127757.0,114.453125,114.96875,114.34375,127757.0
SOURCE_NATIVE_FUTURES,ZN,bond,APPENDIX_C_172_004,10-year US,ZNZ1,578198,2011-09-05,PROVIDER_CONDITION_AVAILABLE,-15.90625,130.828125,114.921875,DEV_RECON_LOCAL_BACK_ADJUSTED_DATED_CONTRACT_CHAIN,2011-09-05T00:00:00Z,130.359375,130.875,130.25,127757.0,114.453125,114.96875,114.34375,127757.0
SOURCE_NATIVE_FUTURES,ZN,bond,APPENDIX_C_172_004,10-year US,ZNZ1,578198,2011-09-06,PROVIDER_CONDITION_AVAILABLE,-15.90625,130.203125,114.296875,DEV_RECON_LOCAL_BACK_ADJUSTED_DATED_CONTRACT_CHAIN,2011-09-06T00:00:00Z,130.8125,130.96875,130.171875,1038551.0,114.90625,115.0625,114.265625,1038551.0
SOURCE_NATIVE_FUTURES,ZN,bond,APPENDIX_C_172_004,10-year US,ZNZ1,578198,2011-09-06,PROVIDER_CONDITION_AVAILABLE,-15.90625,130.203125,114.296875,DEV_RECON_LOCAL_BACK_ADJUSTED_DATED_CONTRACT_CHAIN,2011-09-06T00:00:00Z,130.8125,130.96875,130.171875,1038551.0,114.90625,115.0625,114.265625,1038551.0
SOURCE_NATIVE_FUTURES,ZN,bond,APPENDIX_C_172_004,10-year US,ZNZ1,578198,2011-09-07,PROVIDER_CONDITION_AVAILABLE,-15.90625,129.890625,113.984375,DEV_RECON_LOCAL_BACK_ADJUSTED_DATED_CONTRACT_CHAIN,2011-09-07T00:00:00Z,130.203125,130.234375,129.71875,989780.0,114.296875,114.328125,113.8125,989780.0
SOURCE_NATIVE_FUTURES,ZN,bond,APPENDIX_C_172_004,10-year US,ZNZ1,578198,2011-09-07,PROVIDER_CONDITION_AVAILABLE,-15.90625,129.890625,113.984375,DEV_RECON_LOCAL_BACK_ADJUSTED_DATED_CONTRACT_CHAIN,2011-09-07T00:00:00Z,130.203125,130.234375,129.71875,989780.0,114.296875,114.328125,113.8125,989780.0
SOURCE_NATIVE_FUTURES,ZN,bond,APPENDIX_C_172_004,10-year US,ZNZ1,578198,2011-09-08,PROVIDER_CONDITION_AVAILABLE,-15.90625,130.28125,114.375,DEV_RECON_LOCAL_BACK_ADJUSTED_DATED_CONTRACT_CHAIN,2011-09-08T00:00:00Z,129.890625,130.390625,129.890625,893291.0,113.984375,114.484375,113.984375,893291.0
SOURCE_NATIVE_FUTURES,ZN,bond,APPENDIX_C_172_004,10-year US,ZNZ1,578198,2011-09-08,PROVIDER_CONDITION_AVAILABLE,-15.90625,130.28125,114.375,DEV_RECON_LOCAL_BACK_ADJUSTED_DATED_CONTRACT_CHAIN,2011-09-08T00:00:00Z,129.890625,130.390625,129.890625,893291.0,113.984375,114.484375,113.984375,893291.0
SOURCE_NATIVE_FUTURES,ZN,bond,APPENDIX_C_172_004,10-year US,ZNZ1,578198,2011-09-09,PROVIDER_CONDITION_AVAILABLE,-15.90625,130.84375,114.9375,DEV_RECON_LOCAL_BACK_ADJUSTED_DATED_CONTRACT_CHAIN,2011-09-09T00:00:00Z,130.265625,131.03125,130.0625,1087194.0,114.359375,115.125,114.15625,1087194.0
SOURCE_NATIVE_FUTURES,ZN,bond,APPENDIX_C_172_004,10-year US,ZNZ1,578198,2011-09-09,PROVIDER_CONDITION_AVAILABLE,-15.90625,130.84375,114.9375,DEV_RECON_LOCAL_BACK_ADJUSTED_DATED_CONTRACT_CHAIN,2011-09-09T00:00:00Z,130.265625,131.03125,130.0625,1087194.0,114.359375,115.125,114.15625,1087194.0
SOURCE_NATIVE_FUTURES,ZN,bond,APPENDIX_C_172_004,10-year US,ZNZ1,578198,2011-09-11,PROVIDER_CONDITION_AVAILABLE,-15.90625,130.9375,115.03125,DEV_RECON_LOCAL_BACK_ADJUSTED_DATED_CONTRACT_CHAIN,2011-09-11T00:00:00Z,131.015625,131.0625,130.8125,9305.0,115.109375,115.15625,114.90625,9305.0
SOURCE_NATIVE_FUTURES,ZN,bond,APPENDIX_C_172_004,10-year US,ZNZ1,578198,2011-09-11,PROVIDER_CONDITION_AVAILABLE,-15.90625,130.9375,115.03125,DEV_RECON_LOCAL_BACK_ADJUSTED_DATED_CONTRACT_CHAIN,2011-09-11T00:00:00Z,131.015625,131.0625,130.8125,9305.0,115.109375,115.15625,114.90625,9305.0
SOURCE_NATIVE_FUTURES,ZN,bond,APPENDIX_C_172_004,10-year US,ZNZ1,578198,2011-09-12,PROVIDER_CONDITION_AVAILABLE,-15.90625,130.515625,114.609375,DEV_RECON_LOCAL_BACK_ADJUSTED_DATED_CONTRACT_CHAIN,2011-09-12T00:00:00Z,130.953125,131.125,130.375,863533.0,115.046875,115.21875,114.46875,863533.0
SOURCE_NATIVE_FUTURES,ZN,bond,APPENDIX_C_172_004,10-year US,ZNZ1,578198,2011-09-12,PROVIDER_CONDITION_AVAILABLE,-15.90625,130.515625,114.609375,DEV_RECON_LOCAL_BACK_ADJUSTED_DATED_CONTRACT_CHAIN,2011-09-12T00:00:00Z,130.953125,131.125,130.375,863533.0,115.046875,115.21875,114.46875,863533.0
SOURCE_NATIVE_FUTURES,ZN,bond,APPENDIX_C_172_004,10-year US,ZNZ1,578198,2011-09-13,PROVIDER_CONDITION_AVAILABLE,-15.90625,130.15625,114.25,DEV_RECON_LOCAL_BACK_ADJUSTED_DATED_CONTRACT_CHAIN,2011-09-13T00:00:00Z,130.515625,130.734375,130.046875,1039018.0,114.609375,114.828125,114.140625,1039018.0
SOURCE_NATIVE_FUTURES,ZN,bond,APPENDIX_C_172_004,10-year US,ZNZ1,578198,2011-09-13,PROVIDER_CONDITION_AVAILABLE,-15.90625,130.15625,114.25,DEV_RECON_LOCAL_BACK_ADJUSTED_DATED_CONTRACT_CHAIN,2011-09-13T00:00:00Z,130.515625,130.734375,130.046875,1039018.0,114.609375,114.828125,114.140625,1039018.0
SOURCE_NATIVE_FUTURES,ZN,bond,APPENDIX_C_172_004,10-year US,ZNZ1,578198,2011-09-14,PROVIDER_CONDITION_AVAILABLE,-15.90625,130.125,114.21875,DEV_RECON_LOCAL_BACK_ADJUSTED_DATED_CONTRACT_CHAIN,2011-09-14T00:00:00Z,130.140625,130.515625,129.921875,1303034.0,114.234375,114.609375,114.015625,1303034.0
SOURCE_NATIVE_FUTURES,ZN,bond,APPENDIX_C_172_004,10-year US,ZNZ1,578198,2011-09-14,PROVIDER_CONDITION_AVAILABLE,-15.90625,130.125,114.21875,DEV_RECON_LOCAL_BACK_ADJUSTED_DATED_CONTRACT_CHAIN,2011-09-14T00:00:00Z,130.140625,130.515625,129.921875,1303034.0,114.234375,114.609375,114.015625,1303034.0
SOURCE_NATIVE_FUTURES,ZN,bond,APPENDIX_C_172_004,10-year US,ZNZ1,578198,2011-09-15,PROVIDER_CONDITION_AVAILABLE,-15.90625,129.609375,113.703125,DEV_RECON_LOCAL_BACK_ADJUSTED_DATED_CONTRACT_CHAIN,2011-09-15T00:00:00Z,130.140625,130.25,129.0625,1354108.0,114.234375,114.34375,113.15625,1354108.0
SOURCE_NATIVE_FUTURES,ZN,bond,APPENDIX_C_172_004,10-year US,ZNZ1,578198,2011-09-15,PROVIDER_CONDITION_AVAILABLE,-15.90625,129.609375,113.703125,DEV_RECON_LOCAL_BACK_ADJUSTED_DATED_CONTRACT_CHAIN,2011-09-15T00:00:00Z,130.140625,130.25,129.0625,1354108.0,114.234375,114.34375,113.15625,1354108.0
SOURCE_NATIVE_FUTURES,ZN,bond,APPENDIX_C_172_004,10-year US,ZNZ1,578198,2011-09-16,PROVIDER_CONDITION_AVAILABLE,-15.90625,129.765625,113.859375,DEV_RECON_LOCAL_BACK_ADJUSTED_DATED_CONTRACT_CHAIN,2011-09-16T00:00:00Z,129.609375,129.796875,129.1875,829982.0,113.703125,113.890625,113.28125,829982.0
SOURCE_NATIVE_FUTURES,ZN,bond,APPENDIX_C_172_004,10-year US,ZNZ1,578198,2011-09-16,PROVIDER_CONDITION_AVAILABLE,-15.90625,129.765625,113.859375,DEV_RECON_LOCAL_BACK_ADJUSTED_DATED_CONTRACT_CHAIN,2011-09-16T00:00:00Z,129.609375,129.796875,129.1875,829982.0,113.703125,113.890625,113.28125,829982.0
SOURCE_NATIVE_FUTURES,ZN,bond,APPENDIX_C_172_004,10-year US,ZNZ1,578198,2011-09-18,PROVIDER_CONDITION_AVAILABLE,-15.90625,130.015625,114.109375,DEV_RECON_LOCAL_BACK_ADJUSTED_DATED_CONTRACT_CHAIN,2011-09-18T00:00:00Z,129.90625,130.046875,129.859375,8333.0,114.0,114.140625,113.953125,8333.0
SOURCE_NATIVE_FUTURES,ZN,bond,APPENDIX_C_172_004,10-year US,ZNZ1,578198,2011-09-18,PROVIDER_CONDITION_AVAILABLE,-15.90625,130.015625,114.109375,DEV_RECON_LOCAL_BACK_ADJUSTED_DATED_CONTRACT_CHAIN,2011-09-18T00:00:00Z,129.90625,130.046875,129.859375,8333.0,114.0,114.140625,113.953125,8333.0
SOURCE_NATIVE_FUTURES,ZN,bond,APPENDIX_C_172_004,10-year US,ZNZ1,578198,2011-09-19,PROVIDER_CONDITION_AVAILABLE,-15.90625,130.546875,114.640625,DEV_RECON_LOCAL_BACK_ADJUSTED_DATED_CONTRACT_CHAIN,2011-09-19T00:00:00Z,130.015625,130.734375,129.84375,857563.0,114.109375,114.828125,113.9375,857563.0
SOURCE_NATIVE_FUTURES,ZN,bond,APPENDIX_C_172_004,10-year US,ZNZ1,578198,2011-09-19,PROVIDER_CONDITION_AVAILABLE,-15.90625,130.546875,114.640625,DEV_RECON_LOCAL_BACK_ADJUSTED_DATED_CONTRACT_CHAIN,2011-09-19T00:00:00Z,130.015625,130.734375,129.84375,857563.0,114.109375,114.828125,113.9375,857563.0
SOURCE_NATIVE_FUTURES,ZN,bond,APPENDIX_C_172_004,10-year US,ZNZ1,578198,2011-09-20,PROVIDER_CONDITION_AVAILABLE,-15.90625,130.453125,114.546875,DEV_RECON_LOCAL_BACK_ADJUSTED_DATED_CONTRACT_CHAIN,2011-09-20T00:00:00Z,130.546875,130.640625,130.171875,818351.0,114.640625,114.734375,114.265625,818351.0
SOURCE_NATIVE_FUTURES,ZN,bond,APPENDIX_C_172_004,10-year US,ZNZ1,578198,2011-09-20,PROVIDER_CONDITION_AVAILABLE,-15.90625,130.453125,114.546875,DEV_RECON_LOCAL_BACK_ADJUSTED_DATED_CONTRACT_CHAIN,2011-09-20T00:00:00Z,130.546875,130.640625,130.171875,818351.0,114.640625,114.734375,114.265625,818351.0
SOURCE_NATIVE_FUTURES,ZN,bond,APPENDIX_C_172_004,10-year US,ZNZ1,578198,2011-09-21,PROVIDER_CONDITION_AVAILABLE,-15.90625,130.859375,114.953125,DEV_RECON_LOCAL_BACK_ADJUSTED_DATED_CONTRACT_CHAIN,2011-09-21T00:00:00Z,130.453125,130.953125,130.15625,1084459.0,114.546875,115.046875,114.25,1084459.0
SOURCE_NATIVE_FUTURES,ZN,bond,APPENDIX_C_172_004,10-year US,ZNZ1,578198,2011-09-21,PROVIDER_CONDITION_AVAILABLE,-15.90625,130.859375,114.953125,DEV_RECON_LOCAL_BACK_ADJUSTED_DATED_CONTRACT_CHAIN,2011-09-21T00:00:00Z,130.453125,130.953125,130.15625,1084459.0,114.546875,115.046875,114.25,1084459.0
SOURCE_NATIVE_FUTURES,ZN,bond,APPENDIX_C_172_004,10-year US,ZNZ1,578198,2011-09-22,PROVIDER_CONDITION_AVAILABLE,-15.90625,131.578125,115.671875,DEV_RECON_LOCAL_BACK_ADJUSTED_DATED_CONTRACT_CHAIN,2011-09-22T00:00:00Z,130.875,131.859375,130.84375,1206728.0,114.96875,115.953125,114.9375,1206728.0
SOURCE_NATIVE_FUTURES,ZN,bond,APPENDIX_C_172_004,10-year US,ZNZ1,578198,2011-09-22,PROVIDER_CONDITION_AVAILABLE,-15.90625,131.578125,115.671875,DEV_RECON_LOCAL_BACK_ADJUSTED_DATED_CONTRACT_CHAIN,2011-09-22T00:00:00Z,130.875,131.859375,130.84375,1206728.0,114.96875,115.953125,114.9375,1206728.0
SOURCE_NATIVE_FUTURES,ZN,bond,APPENDIX_C_172_004,10-year US,ZNZ1,578198,2011-09-23,PROVIDER_CONDITION_AVAILABLE,-15.90625,130.75,114.84375,DEV_RECON_LOCAL_BACK_ADJUSTED_DATED_CONTRACT_CHAIN,2011-09-23T00:00:00Z,131.5625,131.9375,130.75,1284499.0,115.65625,116.03125,114.84375,1284499.0
SOURCE_NATIVE_FUTURES,ZN,bond,APPENDIX_C_172_004,10-year US,ZNZ1,578198,2011-09-23,PROVIDER_CONDITION_AVAILABLE,-15.90625,130.75,114.84375,DEV_RECON_LOCAL_BACK_ADJUSTED_DATED_CONTRACT_CHAIN,2011-09-23T00:00:00Z,131.5625,131.9375,130.75,1284499.0,115.65625,116.03125,114.84375,1284499.0
SOURCE_NATIVE_FUTURES,ZN,bond,APPENDIX_C_172_004,10-year US,ZNZ1,578198,2011-09-25,PROVIDER_CONDITION_AVAILABLE,-15.90625,130.59375,114.6875,DEV_RECON_LOCAL_BACK_ADJUSTED_DATED_CONTRACT_CHAIN,2011-09-25T00:00:00Z,130.625,130.6875,130.484375,14122.0,114.71875,114.78125,114.578125,14122.0
SOURCE_NATIVE_FUTURES,ZN,bond,APPENDIX_C_172_004,10-year US,ZNZ1,578198,2011-09-25,PROVIDER_CONDITION_AVAILABLE,-15.90625,130.59375,114.6875,DEV_RECON_LOCAL_BACK_ADJUSTED_DATED_CONTRACT_CHAIN,2011-09-25T00:00:00Z,130.625,130.6875,130.484375,14122.0,114.71875,114.78125,114.578125,14122.0
SOURCE_NATIVE_FUTURES,ZN,bond,APPENDIX_C_172_004,10-year US,ZNZ1,578198,2011-09-26,PROVIDER_CONDITION_AVAILABLE,-15.90625,130.40625,114.5,DEV_RECON_LOCAL_BACK_ADJUSTED_DATED_CONTRACT_CHAIN,2011-09-26T00:00:00Z,130.578125,131.109375,130.28125,981464.0,114.671875,115.203125,114.375,981464.0
SOURCE_NATIVE_FUTURES,ZN,bond,APPENDIX_C_172_004,10-year US,ZNZ1,578198,2011-09-26,PROVIDER_CONDITION_AVAILABLE,-15.90625,130.40625,114.5,DEV_RECON_LOCAL_BACK_ADJUSTED_DATED_CONTRACT_CHAIN,2011-09-26T00:00:00Z,130.578125,131.109375,130.28125,981464.0,114.671875,115.203125,114.375,981464.0
SOURCE_NATIVE_FUTURES,ZN,bond,APPENDIX_C_172_004,10-year US,ZNZ1,578198,2011-09-27,PROVIDER_CONDITION_AVAILABLE,-15.90625,129.890625,113.984375,DEV_RECON_LOCAL_BACK_ADJUSTED_DATED_CONTRACT_CHAIN,2011-09-27T00:00:00Z,130.40625,130.5,129.546875,986402.0,114.5,114.59375,113.640625,986402.0
SOURCE_NATIVE_FUTURES,ZN,bond,APPENDIX_C_172_004,10-year US,ZNZ1,578198,2011-09-27,PROVIDER_CONDITION_AVAILABLE,-15.90625,129.890625,113.984375,DEV_RECON_LOCAL_BACK_ADJUSTED_DATED_CONTRACT_CHAIN,2011-09-27T00:00:00Z,130.40625,130.5,129.546875,986402.0,114.5,114.59375,113.640625,986402.0
SOURCE_NATIVE_FUTURES,ZN,bond,APPENDIX_C_172_004,10-year US,ZNZ1,578198,2011-09-28,PROVIDER_CONDITION_AVAILABLE,-15.90625,129.921875,114.015625,DEV_RECON_LOCAL_BACK_ADJUSTED_DATED_CONTRACT_CHAIN,2011-09-28T00:00:00Z,129.890625,130.09375,129.203125,1255460.0,113.984375,114.1875,113.296875,1255460.0
SOURCE_NATIVE_FUTURES,ZN,bond,APPENDIX_C_172_004,10-year US,ZNZ1,578198,2011-09-28,PROVIDER_CONDITION_AVAILABLE,-15.90625,129.921875,114.015625,DEV_RECON_LOCAL_BACK_ADJUSTED_DATED_CONTRACT_CHAIN,2011-09-28T00:00:00Z,129.890625,130.09375,129.203125,1255460.0,113.984375,114.1875,113.296875,1255460.0
SOURCE_NATIVE_FUTURES,ZN,bond,APPENDIX_C_172_004,10-year US,ZNZ1,578198,2011-09-29,PROVIDER_CONDITION_AVAILABLE,-15.90625,129.734375,113.828125,DEV_RECON_LOCAL_BACK_ADJUSTED_DATED_CONTRACT_CHAIN,2011-09-29T00:00:00Z,129.9375,130.015625,129.421875,1111066.0,114.03125,114.109375,113.515625,1111066.0
SOURCE_NATIVE_FUTURES,ZN,bond,APPENDIX_C_172_004,10-year US,ZNZ1,578198,2011-09-29,PROVIDER_CONDITION_AVAILABLE,-15.90625,129.734375,113.828125,DEV_RECON_LOCAL_BACK_ADJUSTED_DATED_CONTRACT_CHAIN,2011-09-29T00:00:00Z,129.9375,130.015625,129.421875,1111066.0,114.03125,114.109375,113.515625,1111066.0
SOURCE_NATIVE_FUTURES,ZN,bond,APPENDIX_C_172_004,10-year US,ZNZ1,578198,2011-09-30,PROVIDER_CONDITION_AVAILABLE,-15.90625,130.203125,114.296875,DEV_RECON_LOCAL_BACK_ADJUSTED_DATED_CONTRACT_CHAIN,2011-09-30T00:00:00Z,129.734375,130.453125,129.6875,1062503.0,113.828125,114.546875,113.78125,1062503.0
SOURCE_NATIVE_FUTURES,ZN,bond,APPENDIX_C_172_004,10-year US,ZNZ1,578198,2011-09-30,PROVIDER_CONDITION_AVAILABLE,-15.90625,130.203125,114.296875,DEV_RECON_LOCAL_BACK_ADJUSTED_DATED_CONTRACT_CHAIN,2011-09-30T00:00:00Z,129.734375,130.453125,129.6875,1062503.0,113.828125,114.546875,113.78125,1062503.0
SOURCE_NATIVE_FUTURES,ZN,bond,APPENDIX_C_172_004,10-year US,ZNZ1,578198,2011-10-02,PROVIDER_CONDITION_AVAILABLE,-15.90625,130.171875,114.265625,DEV_RECON_LOCAL_BACK_ADJUSTED_DATED_CONTRACT_CHAIN,2011-10-02T00:00:00Z,130.15625,130.359375,130.15625,4981.0,114.25,114.453125,114.25,4981.0
SOURCE_NATIVE_FUTURES,ZN,bond,APPENDIX_C_172_004,10-year US,ZNZ1,578198,2011-10-02,PROVIDER_CONDITION_AVAILABLE,-15.90625,130.171875,114.265625,DEV_RECON_LOCAL_BACK_ADJUSTED_DATED_CONTRACT_CHAIN,2011-10-02T00:00:00Z,130.15625,130.359375,130.15625,4981.0,114.25,114.453125,114.25,4981.0
SOURCE_NATIVE_FUTURES,ZN,bond,APPENDIX_C_172_004,10-year US,ZNZ1,578198,2011-10-03,PROVIDER_CONDITION_AVAILABLE,-15.90625,131.046875,115.140625,DEV_RECON_LOCAL_BACK_ADJUSTED_DATED_CONTRACT_CHAIN,2011-10-03T00:00:00Z,130.171875,131.234375,130.15625,1092098.0,114.265625,115.328125,114.25,1092098.0
SOURCE_NATIVE_FUTURES,ZN,bond,APPENDIX_C_172_004,10-year US,ZNZ1,578198,2011-10-03,PROVIDER_CONDITION_AVAILABLE,-15.90625,131.046875,115.140625,DEV_RECON_LOCAL_BACK_ADJUSTED_DATED_CONTRACT_CHAIN,2011-10-03T00:00:00Z,130.171875,131.234375,130.15625,1092098.0,114.265625,115.328125,114.25,1092098.0
SOURCE_NATIVE_FUTURES,ZN,bond,APPENDIX_C_172_004,10-year US,ZNZ1,578198,2011-10-04,PROVIDER_CONDITION_AVAILABLE,-15.90625,130.578125,114.671875,DEV_RECON_LOCAL_BACK_ADJUSTED_DATED_CONTRACT_CHAIN,2011-10-04T00:00:00Z,131.046875,131.390625,130.53125,1352328.0,115.140625,115.484375,114.625,1352328.0
SOURCE_NATIVE_FUTURES,ZN,bond,APPENDIX_C_172_004,10-year US,ZNZ1,578198,2011-10-04,PROVIDER_CONDITION_AVAILABLE,-15.90625,130.578125,114.671875,DEV_RECON_LOCAL_BACK_ADJUSTED_DATED_CONTRACT_CHAIN,2011-10-04T00:00:00Z,131.046875,131.390625,130.53125,1352328.0,115.140625,115.484375,114.625,1352328.0
SOURCE_NATIVE_FUTURES,ZN,bond,APPENDIX_C_172_004,10-year US,ZNZ1,578198,2011-10-05,PROVIDER_CONDITION_AVAILABLE,-15.90625,130.25,114.34375,DEV_RECON_LOCAL_BACK_ADJUSTED_DATED_CONTRACT_CHAIN,2011-10-05T00:00:00Z,130.59375,130.734375,130.015625,1023370.0,114.6875,114.828125,114.109375,1023370.0
SOURCE_NATIVE_FUTURES,ZN,bond,APPENDIX_C_172_004,10-year US,ZNZ1,578198,2011-10-05,PROVIDER_CONDITION_AVAILABLE,-15.90625,130.25,114.34375,DEV_RECON_LOCAL_BACK_ADJUSTED_DATED_CONTRACT_CHAIN,2011-10-05T00:00:00Z,130.59375,130.734375,130.015625,1023370.0,114.6875,114.828125,114.109375,1023370.0
SOURCE_NATIVE_FUTURES,ZN,bond,APPENDIX_C_172_004,10-year US,ZNZ1,578198,2011-10-06,PROVIDER_CONDITION_AVAILABLE,-15.90625,129.609375,113.703125,DEV_RECON_LOCAL_BACK_ADJUSTED_DATED_CONTRACT_CHAIN,2011-10-06T00:00:00Z,130.265625,130.34375,129.4375,1087562.0,114.359375,114.4375,113.53125,1087562.0
SOURCE_NATIVE_FUTURES,ZN,bond,APPENDIX_C_172_004,10-year US,ZNZ1,578198,2011-10-06,PROVIDER_CONDITION_AVAILABLE,-15.90625,129.609375,113.703125,DEV_RECON_LOCAL_BACK_ADJUSTED_DATED_CONTRACT_CHAIN,2011-10-06T00:00:00Z,130.265625,130.34375,129.4375,1087562.0,114.359375,114.4375,113.53125,1087562.0
SOURCE_NATIVE_FUTURES,ZN,bond,APPENDIX_C_172_004,10-year US,ZNZ1,578198,2011-10-07,PROVIDER_CONDITION_AVAILABLE,-15.90625,128.8125,112.90625,DEV_RECON_LOCAL_BACK_ADJUSTED_DATED_CONTRACT_CHAIN,2011-10-07T00:00:00Z,129.625,129.65625,128.46875,1329825.0,113.71875,113.75,112.5625,1329825.0
SOURCE_NATIVE_FUTURES,ZN,bond,APPENDIX_C_172_004,10-year US,ZNZ1,578198,2011-10-07,PROVIDER_CONDITION_AVAILABLE,-15.90625,128.8125,112.90625,DEV_RECON_LOCAL_BACK_ADJUSTED_DATED_CONTRACT_CHAIN,2011-10-07T00:00:00Z,129.625,129.65625,128.46875,1329825.0,113.71875,113.75,112.5625,1329825.0
SOURCE_NATIVE_FUTURES,ZN,bond,APPENDIX_C_172_004,10-year US,ZNZ1,578198,2011-10-09,PROVIDER_CONDITION_AVAILABLE,-15.90625,128.78125,112.875,DEV_RECON_LOCAL_BACK_ADJUSTED_DATED_CONTRACT_CHAIN,2011-10-09T00:00:00Z,128.84375,128.90625,128.765625,2733.0,112.9375,113.0,112.859375,2733.0
SOURCE_NATIVE_FUTURES,ZN,bond,APPENDIX_C_172_004,10-year US,ZNZ1,578198,2011-10-09,PROVIDER_CONDITION_AVAILABLE,-15.90625,128.78125,112.875,DEV_RECON_LOCAL_BACK_ADJUSTED_DATED_CONTRACT_CHAIN,2011-10-09T00:00:00Z,128.84375,128.90625,128.765625,2733.0,112.9375,113.0,112.859375,2733.0
SOURCE_NATIVE_FUTURES,ZN,bond,APPENDIX_C_172_004,10-year US,ZNZ1,578198,2011-10-10,PROVIDER_CONDITION_AVAILABLE,-15.90625,127.96875,112.0625,DEV_RECON_LOCAL_BACK_ADJUSTED_DATED_CONTRACT_CHAIN,2011-10-10T00:00:00Z,128.765625,128.78125,127.5625,249896.0,112.859375,112.875,111.65625,249896.0
SOURCE_NATIVE_FUTURES,ZN,bond,APPENDIX_C_172_004,10-year US,ZNZ1,578198,2011-10-10,PROVIDER_CONDITION_AVAILABLE,-15.90625,127.96875,112.0625,DEV_RECON_LOCAL_BACK_ADJUSTED_DATED_CONTRACT_CHAIN,2011-10-10T00:00:00Z,128.765625,128.78125,127.5625,249896.0,112.859375,112.875,111.65625,249896.0
SOURCE_NATIVE_FUTURES,ZN,bond,APPENDIX_C_172_004,10-year US,ZNZ1,578198,2011-10-11,PROVIDER_CONDITION_AVAILABLE,-15.90625,128.3125,112.40625,DEV_RECON_LOCAL_BACK_ADJUSTED_DATED_CONTRACT_CHAIN,2011-10-11T00:00:00Z,127.96875,128.46875,127.9375,926980.0,112.0625,112.5625,112.03125,926980.0
SOURCE_NATIVE_FUTURES,ZN,bond,APPENDIX_C_172_004,10-year US,ZNZ1,578198,2011-10-11,PROVIDER_CONDITION_AVAILABLE,-15.90625,128.3125,112.40625,DEV_RECON_LOCAL_BACK_ADJUSTED_DATED_CONTRACT_CHAIN,2011-10-11T00:00:00Z,127.96875,128.46875,127.9375,926980.0,112.0625,112.5625,112.03125,926980.0
SOURCE_NATIVE_FUTURES,ZN,bond,APPENDIX_C_172_004,10-year US,ZNZ1,578198,2011-10-12,PROVIDER_CONDITION_AVAILABLE,-15.90625,128.046875,112.140625,DEV_RECON_LOCAL_BACK_ADJUSTED_DATED_CONTRACT_CHAIN,2011-10-12T00:00:00Z,128.296875,128.484375,127.515625,1188972.0,112.390625,112.578125,111.609375,1188972.0
SOURCE_NATIVE_FUTURES,ZN,bond,APPENDIX_C_172_004,10-year US,ZNZ1,578198,2011-10-12,PROVIDER_CONDITION_AVAILABLE,-15.90625,128.046875,112.140625,DEV_RECON_LOCAL_BACK_ADJUSTED_DATED_CONTRACT_CHAIN,2011-10-12T00:00:00Z,128.296875,128.484375,127.515625,1188972.0,112.390625,112.578125,111.609375,1188972.0
SOURCE_NATIVE_FUTURES,ZN,bond,APPENDIX_C_172_004,10-year US,ZNZ1,578198,2011-10-13,PROVIDER_CONDITION_AVAILABLE,-15.90625,128.515625,112.609375,DEV_RECON_LOCAL_BACK_ADJUSTED_DATED_CONTRACT_CHAIN,2011-10-13T00:00:00Z,128.0625,128.828125,127.9375,1251290.0,112.15625,112.921875,112.03125,1251290.0
SOURCE_NATIVE_FUTURES,ZN,bond,APPENDIX_C_172_004,10-year US,ZNZ1,578198,2011-10-13,PROVIDER_CONDITION_AVAILABLE,-15.90625,128.515625,112.609375,DEV_RECON_LOCAL_BACK_ADJUSTED_DATED_CONTRACT_CHAIN,2011-10-13T00:00:00Z,128.0625,128.828125,127.9375,1251290.0,112.15625,112.921875,112.03125,1251290.0
SOURCE_NATIVE_FUTURES,ZN,bond,APPENDIX_C_172_004,10-year US,ZNZ1,578198,2011-10-14,PROVIDER_CONDITION_AVAILABLE,-15.90625,127.984375,112.078125,DEV_RECON_LOCAL_BACK_ADJUSTED_DATED_CONTRACT_CHAIN,2011-10-14T00:00:00Z,128.515625,128.59375,127.78125,979954.0,112.609375,112.6875,111.875,979954.0
SOURCE_NATIVE_FUTURES,ZN,bond,APPENDIX_C_172_004,10-year US,ZNZ1,578198,2011-10-14,PROVIDER_CONDITION_AVAILABLE,-15.90625,127.984375,112.078125,DEV_RECON_LOCAL_BACK_ADJUSTED_DATED_CONTRACT_CHAIN,2011-10-14T00:00:00Z,128.515625,128.59375,127.78125,979954.0,112.609375,112.6875,111.875,979954.0
SOURCE_NATIVE_FUTURES,ZN,bond,APPENDIX_C_172_004,10-year US,ZNZ1,578198,2011-10-16,PROVIDER_CONDITION_AVAILABLE,-15.90625,127.984375,112.078125,DEV_RECON_LOCAL_BACK_ADJUSTED_DATED_CONTRACT_CHAIN,2011-10-16T00:00:00Z,128.0,128.0625,127.90625,7095.0,112.09375,112.15625,112.0,7095.0
SOURCE_NATIVE_FUTURES,ZN,bond,APPENDIX_C_172_004,10-year US,ZNZ1,578198,2011-10-16,PROVIDER_CONDITION_AVAILABLE,-15.90625,127.984375,112.078125,DEV_RECON_LOCAL_BACK_ADJUSTED_DATED_CONTRACT_CHAIN,2011-10-16T00:00:00Z,128.0,128.0625,127.90625,7095.0,112.09375,112.15625,112.0,7095.0
SOURCE_NATIVE_FUTURES,ZN,bond,APPENDIX_C_172_004,10-year US,ZNZ1,578198,2011-10-17,PROVIDER_CONDITION_AVAILABLE,-15.90625,128.6875,112.78125,DEV_RECON_LOCAL_BACK_ADJUSTED_DATED_CONTRACT_CHAIN,2011-10-17T00:00:00Z,127.96875,128.75,127.65625,845123.0,112.0625,112.84375,111.75,845123.0
SOURCE_NATIVE_FUTURES,ZN,bond,APPENDIX_C_172_004,10-year US,ZNZ1,578198,2011-10-17,PROVIDER_CONDITION_AVAILABLE,-15.90625,128.6875,112.78125,DEV_RECON_LOCAL_BACK_ADJUSTED_DATED_CONTRACT_CHAIN,2011-10-17T00:00:00Z,127.96875,128.75,127.65625,845123.0,112.0625,112.84375,111.75,845123.0
SOURCE_NATIVE_FUTURES,ZN,bond,APPENDIX_C_172_004,10-year US,ZNZ1,578198,2011-10-18,PROVIDER_CONDITION_AVAILABLE,-15.90625,128.671875,112.765625,DEV_RECON_LOCAL_BACK_ADJUSTED_DATED_CONTRACT_CHAIN,2011-10-18T00:00:00Z,128.6875,129.296875,128.375,1232099.0,112.78125,113.390625,112.46875,1232099.0
SOURCE_NATIVE_FUTURES,ZN,bond,APPENDIX_C_172_004,10-year US,ZNZ1,578198,2011-10-18,PROVIDER_CONDITION_AVAILABLE,-15.90625,128.671875,112.765625,DEV_RECON_LOCAL_BACK_ADJUSTED_DATED_CONTRACT_CHAIN,2011-10-18T00:00:00Z,128.6875,129.296875,128.375,1232099.0,112.78125,113.390625,112.46875,1232099.0
SOURCE_NATIVE_FUTURES,ZN,bond,APPENDIX_C_172_004,10-year US,ZNZ1,578198,2011-10-19,PROVIDER_CONDITION_AVAILABLE,-15.90625,128.703125,112.796875,DEV_RECON_LOCAL_BACK_ADJUSTED_DATED_CONTRACT_CHAIN,2011-10-19T00:00:00Z,128.65625,129.0625,128.3125,1110174.0,112.75,113.15625,112.40625,1110174.0
SOURCE_NATIVE_FUTURES,ZN,bond,APPENDIX_C_172_004,10-year US,ZNZ1,578198,2011-10-19,PROVIDER_CONDITION_AVAILABLE,-15.90625,128.703125,112.796875,DEV_RECON_LOCAL_BACK_ADJUSTED_DATED_CONTRACT_CHAIN,2011-10-19T00:00:00Z,128.65625,129.0625,128.3125,1110174.0,112.75,113.15625,112.40625,1110174.0
SOURCE_NATIVE_FUTURES,ZN,bond,APPENDIX_C_172_004,10-year US,ZNZ1,578198,2011-10-20,PROVIDER_CONDITION_AVAILABLE,-15.90625,128.625,112.71875,DEV_RECON_LOCAL_BACK_ADJUSTED_DATED_CONTRACT_CHAIN,2011-10-20T00:00:00Z,128.6875,129.203125,128.40625,1298048.0,112.78125,113.296875,112.5,1298048.0
SOURCE_NATIVE_FUTURES,ZN,bond,APPENDIX_C_172_004,10-year US,ZNZ1,578198,2011-10-20,PROVIDER_CONDITION_AVAILABLE,-15.90625,128.625,112.71875,DEV_RECON_LOCAL_BACK_ADJUSTED_DATED_CONTRACT_CHAIN,2011-10-20T00:00:00Z,128.6875,129.203125,128.40625,1298048.0,112.78125,113.296875,112.5,1298048.0
SOURCE_NATIVE_FUTURES,ZN,bond,APPENDIX_C_172_004,10-year US,ZNZ1,578198,2011-10-21,PROVIDER_CONDITION_AVAILABLE,-15.90625,128.515625,112.609375,DEV_RECON_LOCAL_BACK_ADJUSTED_DATED_CONTRACT_CHAIN,2011-10-21T00:00:00Z,128.625,128.828125,128.21875,798282.0,112.71875,112.921875,112.3125,798282.0
SOURCE_NATIVE_FUTURES,ZN,bond,APPENDIX_C_172_004,10-year US,ZNZ1,578198,2011-10-21,PROVIDER_CONDITION_AVAILABLE,-15.90625,128.515625,112.609375,DEV_RECON_LOCAL_BACK_ADJUSTED_DATED_CONTRACT_CHAIN,2011-10-21T00:00:00Z,128.625,128.828125,128.21875,798282.0,112.71875,112.921875,112.3125,798282.0
SOURCE_NATIVE_FUTURES,ZN,bond,APPENDIX_C_172_004,10-year US,ZNZ1,578198,2011-10-23,PROVIDER_CONDITION_AVAILABLE,-15.90625,128.6875,112.78125,DEV_RECON_LOCAL_BACK_ADJUSTED_DATED_CONTRACT_CHAIN,2011-10-23T00:00:00Z,128.71875,128.875,128.640625,7544.0,112.8125,112.96875,112.734375,7544.0
SOURCE_NATIVE_FUTURES,ZN,bond,APPENDIX_C_172_004,10-year US,ZNZ1,578198,2011-10-23,PROVIDER_CONDITION_AVAILABLE,-15.90625,128.6875,112.78125,DEV_RECON_LOCAL_BACK_ADJUSTED_DATED_CONTRACT_CHAIN,2011-10-23T00:00:00Z,128.71875,128.875,128.640625,7544.0,112.8125,112.96875,112.734375,7544.0
SOURCE_NATIVE_FUTURES,ZN,bond,APPENDIX_C_172_004,10-year US,ZNZ1,578198,2011-10-24,PROVIDER_CONDITION_AVAILABLE,-15.90625,128.40625,112.5,DEV_RECON_LOCAL_BACK_ADJUSTED_DATED_CONTRACT_CHAIN,2011-10-24T00:00:00Z,128.671875,128.8125,128.28125,726187.0,112.765625,112.90625,112.375,726187.0
SOURCE_NATIVE_FUTURES,ZN,bond,APPENDIX_C_172_004,10-year US,ZNZ1,578198,2011-10-24,PROVIDER_CONDITION_AVAILABLE,-15.90625,128.40625,112.5,DEV_RECON_LOCAL_BACK_ADJUSTED_DATED_CONTRACT_CHAIN,2011-10-24T00:00:00Z,128.671875,128.8125,128.28125,726187.0,112.765625,112.90625,112.375,726187.0
SOURCE_NATIVE_FUTURES,ZN,bond,APPENDIX_C_172_004,10-year US,ZNZ1,578198,2011-10-25,PROVIDER_CONDITION_AVAILABLE,-15.90625,129.203125,113.296875,DEV_RECON_LOCAL_BACK_ADJUSTED_DATED_CONTRACT_CHAIN,2011-10-25T00:00:00Z,128.390625,129.296875,128.03125,1217721.0,112.484375,113.390625,112.125,1217721.0
SOURCE_NATIVE_FUTURES,ZN,bond,APPENDIX_C_172_004,10-year US,ZNZ1,578198,2011-10-25,PROVIDER_CONDITION_AVAILABLE,-15.90625,129.203125,113.296875,DEV_RECON_LOCAL_BACK_ADJUSTED_DATED_CONTRACT_CHAIN,2011-10-25T00:00:00Z,128.390625,129.296875,128.03125,1217721.0,112.484375,113.390625,112.125,1217721.0
SOURCE_NATIVE_FUTURES,ZN,bond,APPENDIX_C_172_004,10-year US,ZNZ1,578198,2011-10-26,PROVIDER_CONDITION_AVAILABLE,-15.90625,128.578125,112.671875,DEV_RECON_LOCAL_BACK_ADJUSTED_DATED_CONTRACT_CHAIN,2011-10-26T00:00:00Z,129.21875,129.21875,128.4375,1301872.0,113.3125,113.3125,112.53125,1301872.0
SOURCE_NATIVE_FUTURES,ZN,bond,APPENDIX_C_172_004,10-year US,ZNZ1,578198,2011-10-26,PROVIDER_CONDITION_AVAILABLE,-15.90625,128.578125,112.671875,DEV_RECON_LOCAL_BACK_ADJUSTED_DATED_CONTRACT_CHAIN,2011-10-26T00:00:00Z,129.21875,129.21875,128.4375,1301872.0,113.3125,113.3125,112.53125,1301872.0
SOURCE_NATIVE_FUTURES,ZN,bond,APPENDIX_C_172_004,10-year US,ZNZ1,578198,2011-10-27,PROVIDER_CONDITION_AVAILABLE,-15.90625,127.296875,111.390625,DEV_RECON_LOCAL_BACK_ADJUSTED_DATED_CONTRACT_CHAIN,2011-10-27T00:00:00Z,128.5625,128.734375,127.1875,1617144.0,112.65625,112.828125,111.28125,1617144.0
SOURCE_NATIVE_FUTURES,ZN,bond,APPENDIX_C_172_004,10-year US,ZNZ1,578198,2011-10-27,PROVIDER_CONDITION_AVAILABLE,-15.90625,127.296875,111.390625,DEV_RECON_LOCAL_BACK_ADJUSTED_DATED_CONTRACT_CHAIN,2011-10-27T00:00:00Z,128.5625,128.734375,127.1875,1617144.0,112.65625,112.828125,111.28125,1617144.0
SOURCE_NATIVE_FUTURES,ZN,bond,APPENDIX_C_172_004,10-year US,ZNZ1,578198,2011-10-28,PROVIDER_CONDITION_AVAILABLE,-15.90625,128.0,112.09375,DEV_RECON_LOCAL_BACK_ADJUSTED_DATED_CONTRACT_CHAIN,2011-10-28T00:00:00Z,127.28125,128.21875,127.25,1030214.0,111.375,112.3125,111.34375,1030214.0
SOURCE_NATIVE_FUTURES,ZN,bond,APPENDIX_C_172_004,10-year US,ZNZ1,578198,2011-10-28,PROVIDER_CONDITION_AVAILABLE,-15.90625,128.0,112.09375,DEV_RECON_LOCAL_BACK_ADJUSTED_DATED_CONTRACT_CHAIN,2011-10-28T00:00:00Z,127.28125,128.21875,127.25,1030214.0,111.375,112.3125,111.34375,1030214.0
SOURCE_NATIVE_FUTURES,ZN,bond,APPENDIX_C_172_004,10-year US,ZNZ1,578198,2011-10-30,PROVIDER_CONDITION_AVAILABLE,-15.90625,128.140625,112.234375,DEV_RECON_LOCAL_BACK_ADJUSTED_DATED_CONTRACT_CHAIN,2011-10-30T00:00:00Z,128.0,128.15625,127.96875,7769.0,112.09375,112.25,112.0625,7769.0
SOURCE_NATIVE_FUTURES,ZN,bond,APPENDIX_C_172_004,10-year US,ZNZ1,578198,2011-10-30,PROVIDER_CONDITION_AVAILABLE,-15.90625,128.140625,112.234375,DEV_RECON_LOCAL_BACK_ADJUSTED_DATED_CONTRACT_CHAIN,2011-10-30T00:00:00Z,128.0,128.15625,127.96875,7769.0,112.09375,112.25,112.0625,7769.0
SOURCE_NATIVE_FUTURES,ZN,bond,APPENDIX_C_172_004,10-year US,ZNZ1,578198,2011-10-31,PROVIDER_CONDITION_AVAILABLE,-15.90625,129.359375,113.453125,DEV_RECON_LOCAL_BACK_ADJUSTED_DATED_CONTRACT_CHAIN,2011-10-31T00:00:00Z,128.140625,129.546875,128.046875,1040117.0,112.234375,113.640625,112.140625,1040117.0
SOURCE_NATIVE_FUTURES,ZN,bond,APPENDIX_C_172_004,10-year US,ZNZ1,578198,2011-10-31,PROVIDER_CONDITION_AVAILABLE,-15.90625,129.359375,113.453125,DEV_RECON_LOCAL_BACK_ADJUSTED_DATED_CONTRACT_CHAIN,2011-10-31T00:00:00Z,128.140625,129.546875,128.046875,1040117.0,112.234375,113.640625,112.140625,1040117.0
SOURCE_NATIVE_FUTURES,ZN,bond,APPENDIX_C_172_004,10-year US,ZNZ1,578198,2011-11-01,PROVIDER_CONDITION_AVAILABLE,-15.90625,130.328125,114.421875,DEV_RECON_LOCAL_BACK_ADJUSTED_DATED_CONTRACT_CHAIN,2011-11-01T00:00:00Z,129.359375,130.5625,129.234375,1691852.0,113.453125,114.65625,113.328125,1691852.0
SOURCE_NATIVE_FUTURES,ZN,bond,APPENDIX_C_172_004,10-year US,ZNZ1,578198,2011-11-01,PROVIDER_CONDITION_AVAILABLE,-15.90625,130.328125,114.421875,DEV_RECON_LOCAL_BACK_ADJUSTED_DATED_CONTRACT_CHAIN,2011-11-01T00:00:00Z,129.359375,130.5625,129.234375,1691852.0,113.453125,114.65625,113.328125,1691852.0
SOURCE_NATIVE_FUTURES,ZN,bond,APPENDIX_C_172_004,10-year US,ZNZ1,578198,2011-11-02,PROVIDER_CONDITION_AVAILABLE,-15.90625,130.546875,114.640625,DEV_RECON_LOCAL_BACK_ADJUSTED_DATED_CONTRACT_CHAIN,2011-11-02T00:00:00Z,130.328125,130.546875,129.71875,1016982.0,114.421875,114.640625,113.8125,1016982.0
SOURCE_NATIVE_FUTURES,ZN,bond,APPENDIX_C_172_004,10-year US,ZNZ1,578198,2011-11-02,PROVIDER_CONDITION_AVAILABLE,-15.90625,130.546875,114.640625,DEV_RECON_LOCAL_BACK_ADJUSTED_DATED_CONTRACT_CHAIN,2011-11-02T00:00:00Z,130.328125,130.546875,129.71875,1016982.0,114.421875,114.640625,113.8125,1016982.0
SOURCE_NATIVE_FUTURES,ZN,bond,APPENDIX_C_172_004,10-year US,ZNZ1,578198,2011-11-03,PROVIDER_CONDITION_AVAILABLE,-15.90625,129.9375,114.03125,DEV_RECON_LOCAL_BACK_ADJUSTED_DATED_CONTRACT_CHAIN,2011-11-03T00:00:00Z,130.546875,130.90625,129.8125,1133503.0,114.640625,115.0,113.90625,1133503.0
SOURCE_NATIVE_FUTURES,ZN,bond,APPENDIX_C_172_004,10-year US,ZNZ1,578198,2011-11-03,PROVIDER_CONDITION_AVAILABLE,-15.90625,129.9375,114.03125,DEV_RECON_LOCAL_BACK_ADJUSTED_DATED_CONTRACT_CHAIN,2011-11-03T00:00:00Z,130.546875,130.90625,129.8125,1133503.0,114.640625,115.0,113.90625,1133503.0
SOURCE_NATIVE_FUTURES,ZN,bond,APPENDIX_C_172_004,10-year US,ZNZ1,578198,2011-11-04,PROVIDER_CONDITION_AVAILABLE,-15.90625,130.328125,114.421875,DEV_RECON_LOCAL_BACK_ADJUSTED_DATED_CONTRACT_CHAIN,2011-11-04T00:00:00Z,129.9375,130.453125,129.609375,1105733.0,114.03125,114.546875,113.703125,1105733.0
SOURCE_NATIVE_FUTURES,ZN,bond,APPENDIX_C_172_004,10-year US,ZNZ1,578198,2011-11-04,PROVIDER_CONDITION_AVAILABLE,-15.90625,130.328125,114.421875,DEV_RECON_LOCAL_BACK_ADJUSTED_DATED_CONTRACT_CHAIN,2011-11-04T00:00:00Z,129.9375,130.453125,129.609375,1105733.0,114.03125,114.546875,113.703125,1105733.0
SOURCE_NATIVE_FUTURES,ZN,bond,APPENDIX_C_172_004,10-year US,ZNZ1,578198,2011-11-06,PROVIDER_CONDITION_AVAILABLE,-15.90625,130.125,114.21875,DEV_RECON_LOCAL_BACK_ADJUSTED_DATED_CONTRACT_CHAIN,2011-11-06T00:00:00Z,130.171875,130.21875,129.984375,9500.0,114.265625,114.3125,114.078125,9500.0
SOURCE_NATIVE_FUTURES,ZN,bond,APPENDIX_C_172_004,10-year US,ZNZ1,578198,2011-11-06,PROVIDER_CONDITION_AVAILABLE,-15.90625,130.125,114.21875,DEV_RECON_LOCAL_BACK_ADJUSTED_DATED_CONTRACT_CHAIN,2011-11-06T00:00:00Z,130.171875,130.21875,129.984375,9500.0,114.265625,114.3125,114.078125,9500.0
SOURCE_NATIVE_FUTURES,ZN,bond,APPENDIX_C_172_004,10-year US,ZNZ1,578198,2011-11-07,PROVIDER_CONDITION_AVAILABLE,-15.90625,130.375,114.46875,DEV_RECON_LOCAL_BACK_ADJUSTED_DATED_CONTRACT_CHAIN,2011-11-07T00:00:00Z,130.109375,130.8125,130.046875,900082.0,114.203125,114.90625,114.140625,900082.0
SOURCE_NATIVE_FUTURES,ZN,bond,APPENDIX_C_172_004,10-year US,ZNZ1,578198,2011-11-07,PROVIDER_CONDITION_AVAILABLE,-15.90625,130.375,114.46875,DEV_RECON_LOCAL_BACK_ADJUSTED_DATED_CONTRACT_CHAIN,2011-11-07T00:00:00Z,130.109375,130.8125,130.046875,900082.0,114.203125,114.90625,114.140625,900082.0
SOURCE_NATIVE_FUTURES,ZN,bond,APPENDIX_C_172_004,10-year US,ZNZ1,578198,2011-11-08,PROVIDER_CONDITION_AVAILABLE,-15.90625,129.921875,114.015625,DEV_RECON_LOCAL_BACK_ADJUSTED_DATED_CONTRACT_CHAIN,2011-11-08T00:00:00Z,130.359375,130.578125,129.859375,866291.0,114.453125,114.671875,113.953125,866291.0
SOURCE_NATIVE_FUTURES,ZN,bond,APPENDIX_C_172_004,10-year US,ZNZ1,578198,2011-11-08,PROVIDER_CONDITION_AVAILABLE,-15.90625,129.921875,114.015625,DEV_RECON_LOCAL_BACK_ADJUSTED_DATED_CONTRACT_CHAIN,2011-11-08T00:00:00Z,130.359375,130.578125,129.859375,866291.0,114.453125,114.671875,113.953125,866291.0
SOURCE_NATIVE_FUTURES,ZN,bond,APPENDIX_C_172_004,10-year US,ZNZ1,578198,2011-11-09,PROVIDER_CONDITION_AVAILABLE,-15.90625,130.71875,114.8125,DEV_RECON_LOCAL_BACK_ADJUSTED_DATED_CONTRACT_CHAIN,2011-11-09T00:00:00Z,129.921875,131.0,129.890625,1205617.0,114.015625,115.09375,113.984375,1205617.0
SOURCE_NATIVE_FUTURES,ZN,bond,APPENDIX_C_172_004,10-year US,ZNZ1,578198,2011-11-09,PROVIDER_CONDITION_AVAILABLE,-15.90625,130.71875,114.8125,DEV_RECON_LOCAL_BACK_ADJUSTED_DATED_CONTRACT_CHAIN,2011-11-09T00:00:00Z,129.921875,131.0,129.890625,1205617.0,114.015625,115.09375,113.984375,1205617.0
SOURCE_NATIVE_FUTURES,ZN,bond,APPENDIX_C_172_004,10-year US,ZNZ1,578198,2011-11-10,PROVIDER_CONDITION_AVAILABLE,-15.90625,130.34375,114.4375,DEV_RECON_LOCAL_BACK_ADJUSTED_DATED_CONTRACT_CHAIN,2011-11-10T00:00:00Z,130.71875,130.890625,129.890625,1063143.0,114.8125,114.984375,113.984375,1063143.0
SOURCE_NATIVE_FUTURES,ZN,bond,APPENDIX_C_172_004,10-year US,ZNZ1,578198,2011-11-10,PROVIDER_CONDITION_AVAILABLE,-15.90625,130.34375,114.4375,DEV_RECON_LOCAL_BACK_ADJUSTED_DATED_CONTRACT_CHAIN,2011-11-10T00:00:00Z,130.71875,130.890625,129.890625,1063143.0,114.8125,114.984375,113.984375,1063143.0
SOURCE_NATIVE_FUTURES,ZN,bond,APPENDIX_C_172_004,10-year US,ZNZ1,578198,2011-11-11,PROVIDER_CONDITION_AVAILABLE,-15.90625,129.9375,114.03125,DEV_RECON_LOCAL_BACK_ADJUSTED_DATED_CONTRACT_CHAIN,2011-11-11T00:00:00Z,130.34375,130.359375,129.6875,153256.0,114.4375,114.453125,113.78125,153256.0
SOURCE_NATIVE_FUTURES,ZN,bond,APPENDIX_C_172_004,10-year US,ZNZ1,578198,2011-11-11,PROVIDER_CONDITION_AVAILABLE,-15.90625,129.9375,114.03125,DEV_RECON_LOCAL_BACK_ADJUSTED_DATED_CONTRACT_CHAIN,2011-11-11T00:00:00Z,130.34375,130.359375,129.6875,153256.0,114.4375,114.453125,113.78125,153256.0
SOURCE_NATIVE_FUTURES,ZN,bond,APPENDIX_C_172_004,10-year US,ZNZ1,578198,2011-11-13,PROVIDER_CONDITION_AVAILABLE,-15.90625,129.734375,113.828125,DEV_RECON_LOCAL_BACK_ADJUSTED_DATED_CONTRACT_CHAIN,2011-11-13T00:00:00Z,129.78125,129.8125,129.609375,8133.0,113.875,113.90625,113.703125,8133.0
SOURCE_NATIVE_FUTURES,ZN,bond,APPENDIX_C_172_004,10-year US,ZNZ1,578198,2011-11-13,PROVIDER_CONDITION_AVAILABLE,-15.90625,129.734375,113.828125,DEV_RECON_LOCAL_BACK_ADJUSTED_DATED_CONTRACT_CHAIN,2011-11-13T00:00:00Z,129.78125,129.8125,129.609375,8133.0,113.875,113.90625,113.703125,8133.0
SOURCE_NATIVE_FUTURES,ZN,bond,APPENDIX_C_172_004,10-year US,ZNZ1,578198,2011-11-14,PROVIDER_CONDITION_AVAILABLE,-15.90625,130.359375,114.453125,DEV_RECON_LOCAL_BACK_ADJUSTED_DATED_CONTRACT_CHAIN,2011-11-14T00:00:00Z,129.734375,130.59375,129.703125,722357.0,113.828125,114.6875,113.796875,722357.0
SOURCE_NATIVE_FUTURES,ZN,bond,APPENDIX_C_172_004,10-year US,ZNZ1,578198,2011-11-14,PROVIDER_CONDITION_AVAILABLE,-15.90625,130.359375,114.453125,DEV_RECON_LOCAL_BACK_ADJUSTED_DATED_CONTRACT_CHAIN,2011-11-14T00:00:00Z,129.734375,130.59375,129.703125,722357.0,113.828125,114.6875,113.796875,722357.0
SOURCE_NATIVE_FUTURES,ZN,bond,APPENDIX_C_172_004,10-year US,ZNZ1,578198,2011-11-15,PROVIDER_CONDITION_AVAILABLE,-15.90625,130.453125,114.546875,DEV_RECON_LOCAL_BACK_ADJUSTED_DATED_CONTRACT_CHAIN,2011-11-15T00:00:00Z,130.359375,130.84375,130.21875,909171.0,114.453125,114.9375,114.3125,909171.0
SOURCE_NATIVE_FUTURES,ZN,bond,APPENDIX_C_172_004,10-year US,ZNZ1,578198,2011-11-15,PROVIDER_CONDITION_AVAILABLE,-15.90625,130.453125,114.546875,DEV_RECON_LOCAL_BACK_ADJUSTED_DATED_CONTRACT_CHAIN,2011-11-15T00:00:00Z,130.359375,130.84375,130.21875,909171.0,114.453125,114.9375,114.3125,909171.0
SOURCE_NATIVE_FUTURES,ZN,bond,APPENDIX_C_172_004,10-year US,ZNZ1,578198,2011-11-16,PROVIDER_CONDITION_AVAILABLE,-15.90625,130.703125,114.796875,DEV_RECON_LOCAL_BACK_ADJUSTED_DATED_CONTRACT_CHAIN,2011-11-16T00:00:00Z,130.4375,130.765625,130.265625,795428.0,114.53125,114.859375,114.359375,795428.0
SOURCE_NATIVE_FUTURES,ZN,bond,APPENDIX_C_172_004,10-year US,ZNZ1,578198,2011-11-16,PROVIDER_CONDITION_AVAILABLE,-15.90625,130.703125,114.796875,DEV_RECON_LOCAL_BACK_ADJUSTED_DATED_CONTRACT_CHAIN,2011-11-16T00:00:00Z,130.4375,130.765625,130.265625,795428.0,114.53125,114.859375,114.359375,795428.0
SOURCE_NATIVE_FUTURES,ZN,bond,APPENDIX_C_172_004,10-year US,ZNZ1,578198,2011-11-17,PROVIDER_CONDITION_AVAILABLE,-15.90625,130.859375,114.953125,DEV_RECON_LOCAL_BACK_ADJUSTED_DATED_CONTRACT_CHAIN,2011-11-17T00:00:00Z,130.703125,130.96875,130.265625,1213795.0,114.796875,115.0625,114.359375,1213795.0
SOURCE_NATIVE_FUTURES,ZN,bond,APPENDIX_C_172_004,10-year US,ZNZ1,578198,2011-11-17,PROVIDER_CONDITION_AVAILABLE,-15.90625,130.859375,114.953125,DEV_RECON_LOCAL_BACK_ADJUSTED_DATED_CONTRACT_CHAIN,2011-11-17T00:00:00Z,130.703125,130.96875,130.265625,1213795.0,114.796875,115.0625,114.359375,1213795.0
SOURCE_NATIVE_FUTURES,ZN,bond,APPENDIX_C_172_004,10-year US,ZNH2,745944,2011-11-18,PROVIDER_CONDITION_AVAILABLE,-15.296875,129.671875,114.375,DEV_RECON_LOCAL_BACK_ADJUSTED_DATED_CONTRACT_CHAIN,2011-11-18T00:00:00Z,130.140625,130.25,129.46875,1244.0,114.84375,114.953125,114.171875,1244.0
SOURCE_NATIVE_FUTURES,ZN,bond,APPENDIX_C_172_004,10-year US,ZNH2,745944,2011-11-18,PROVIDER_CONDITION_AVAILABLE,-15.296875,129.671875,114.375,DEV_RECON_LOCAL_BACK_ADJUSTED_DATED_CONTRACT_CHAIN,2011-11-18T00:00:00Z,130.140625,130.25,129.46875,1244.0,114.84375,114.953125,114.171875,1244.0
SOURCE_NATIVE_FUTURES,ZN,bond,APPENDIX_C_172_004,10-year US,ZNH2,745944,2011-11-20,PROVIDER_CONDITION_AVAILABLE,-15.296875,129.75,114.453125,DEV_RECON_LOCAL_BACK_ADJUSTED_DATED_CONTRACT_CHAIN,2011-11-20T00:00:00Z,129.71875,129.765625,129.71875,33.0,114.421875,114.46875,114.421875,33.0
SOURCE_NATIVE_FUTURES,ZN,bond,APPENDIX_C_172_004,10-year US,ZNH2,745944,2011-11-20,PROVIDER_CONDITION_AVAILABLE,-15.296875,129.75,114.453125,DEV_RECON_LOCAL_BACK_ADJUSTED_DATED_CONTRACT_CHAIN,2011-11-20T00:00:00Z,129.71875,129.765625,129.71875,33.0,114.421875,114.46875,114.421875,33.0
SOURCE_NATIVE_FUTURES,ZN,bond,APPENDIX_C_172_004,10-year US,ZNH2,745944,2011-11-21,PROVIDER_CONDITION_AVAILABLE,-15.296875,130.015625,114.71875,DEV_RECON_LOCAL_BACK_ADJUSTED_DATED_CONTRACT_CHAIN,2011-11-21T00:00:00Z,129.78125,130.0625,129.765625,3695.0,114.484375,114.765625,114.46875,3695.0
SOURCE_NATIVE_FUTURES,ZN,bond,APPENDIX_C_172_004,10-year US,ZNH2,745944,2011-11-21,PROVIDER_CONDITION_AVAILABLE,-15.296875,130.015625,114.71875,DEV_RECON_LOCAL_BACK_ADJUSTED_DATED_CONTRACT_CHAIN,2011-11-21T00:00:00Z,129.78125,130.0625,129.765625,3695.0,114.484375,114.765625,114.46875,3695.0
SOURCE_NATIVE_FUTURES,ZN,bond,APPENDIX_C_172_004,10-year US,ZNH2,745944,2011-11-22,PROVIDER_CONDITION_AVAILABLE,-15.296875,130.109375,114.8125,DEV_RECON_LOCAL_BACK_ADJUSTED_DATED_CONTRACT_CHAIN,2011-11-22T00:00:00Z,129.9375,130.203125,129.6875,18438.0,114.640625,114.90625,114.390625,18438.0
SOURCE_NATIVE_FUTURES,ZN,bond,APPENDIX_C_172_004,10-year US,ZNH2,745944,2011-11-22,PROVIDER_CONDITION_AVAILABLE,-15.296875,130.109375,114.8125,DEV_RECON_LOCAL_BACK_ADJUSTED_DATED_CONTRACT_CHAIN,2011-11-22T00:00:00Z,129.9375,130.203125,129.6875,18438.0,114.640625,114.90625,114.390625,18438.0
SOURCE_NATIVE_FUTURES,ZN,bond,APPENDIX_C_172_004,10-year US,ZNH2,745944,2011-11-23,PROVIDER_CONDITION_AVAILABLE,-15.296875,130.359375,115.0625,DEV_RECON_LOCAL_BACK_ADJUSTED_DATED_CONTRACT_CHAIN,2011-11-23T00:00:00Z,130.15625,130.625,129.875,65457.0,114.859375,115.328125,114.578125,65457.0
SOURCE_NATIVE_FUTURES,ZN,bond,APPENDIX_C_172_004,10-year US,ZNH2,745944,2011-11-23,PROVIDER_CONDITION_AVAILABLE,-15.296875,130.359375,115.0625,DEV_RECON_LOCAL_BACK_ADJUSTED_DATED_CONTRACT_CHAIN,2011-11-23T00:00:00Z,130.15625,130.625,129.875,65457.0,114.859375,115.328125,114.578125,65457.0
SOURCE_NATIVE_FUTURES,ZN,bond,APPENDIX_C_172_004,10-year US,ZNH2,745944,2011-11-24,PROVIDER_CONDITION_AVAILABLE,-15.296875,130.125,114.828125,DEV_RECON_LOCAL_BACK_ADJUSTED_DATED_CONTRACT_CHAIN,2011-11-24T00:00:00Z,130.421875,130.453125,129.765625,10010.0,115.125,115.15625,114.46875,10010.0
SOURCE_NATIVE_FUTURES,ZN,bond,APPENDIX_C_172_004,10-year US,ZNH2,745944,2011-11-24,PROVIDER_CONDITION_AVAILABLE,-15.296875,130.125,114.828125,DEV_RECON_LOCAL_BACK_ADJUSTED_DATED_CONTRACT_CHAIN,2011-11-24T00:00:00Z,130.421875,130.453125,129.765625,10010.0,115.125,115.15625,114.46875,10010.0
SOURCE_NATIVE_FUTURES,ZN,bond,APPENDIX_C_172_004,10-year US,ZNH2,745944,2011-11-25,PROVIDER_CONDITION_AVAILABLE,-15.296875,129.9375,114.640625,DEV_RECON_LOCAL_BACK_ADJUSTED_DATED_CONTRACT_CHAIN,2011-11-25T00:00:00Z,130.140625,130.265625,129.828125,64641.0,114.84375,114.96875,114.53125,64641.0
SOURCE_NATIVE_FUTURES,ZN,bond,APPENDIX_C_172_004,10-year US,ZNH2,745944,2011-11-25,PROVIDER_CONDITION_AVAILABLE,-15.296875,129.9375,114.640625,DEV_RECON_LOCAL_BACK_ADJUSTED_DATED_CONTRACT_CHAIN,2011-11-25T00:00:00Z,130.140625,130.265625,129.828125,64641.0,114.84375,114.96875,114.53125,64641.0
SOURCE_NATIVE_FUTURES,ZN,bond,APPENDIX_C_172_004,10-year US,ZNH2,745944,2011-11-27,PROVIDER_CONDITION_AVAILABLE,-15.296875,129.546875,114.25,DEV_RECON_LOCAL_BACK_ADJUSTED_DATED_CONTRACT_CHAIN,2011-11-27T00:00:00Z,129.640625,129.703125,129.5,1291.0,114.34375,114.40625,114.203125,1291.0
SOURCE_NATIVE_FUTURES,ZN,bond,APPENDIX_C_172_004,10-year US,ZNH2,745944,2011-11-27,PROVIDER_CONDITION_AVAILABLE,-15.296875,129.546875,114.25,DEV_RECON_LOCAL_BACK_ADJUSTED_DATED_CONTRACT_CHAIN,2011-11-27T00:00:00Z,129.640625,129.703125,129.5,1291.0,114.34375,114.40625,114.203125,1291.0
SOURCE_NATIVE_FUTURES,ZN,bond,APPENDIX_C_172_004,10-year US,ZNH2,745944,2011-11-28,PROVIDER_CONDITION_AVAILABLE,-15.296875,129.859375,114.5625,DEV_RECON_LOCAL_BACK_ADJUSTED_DATED_CONTRACT_CHAIN,2011-11-28T00:00:00Z,129.546875,130.046875,129.078125,186285.0,114.25,114.75,113.78125,186285.0
SOURCE_NATIVE_FUTURES,ZN,bond,APPENDIX_C_172_004,10-year US,ZNH2,745944,2011-11-28,PROVIDER_CONDITION_AVAILABLE,-15.296875,129.859375,114.5625,DEV_RECON_LOCAL_BACK_ADJUSTED_DATED_CONTRACT_CHAIN,2011-11-28T00:00:00Z,129.546875,130.046875,129.078125,186285.0,114.25,114.75,113.78125,186285.0
SOURCE_NATIVE_FUTURES,ZN,bond,APPENDIX_C_172_004,10-year US,ZNH2,745944,2011-11-29,PROVIDER_CONDITION_AVAILABLE,-15.296875,129.796875,114.5,DEV_RECON_LOCAL_BACK_ADJUSTED_DATED_CONTRACT_CHAIN,2011-11-29T00:00:00Z,129.84375,129.96875,129.3125,315441.0,114.546875,114.671875,114.015625,315441.0
SOURCE_NATIVE_FUTURES,ZN,bond,APPENDIX_C_172_004,10-year US,ZNH2,745944,2011-11-29,PROVIDER_CONDITION_AVAILABLE,-15.296875,129.796875,114.5,DEV_RECON_LOCAL_BACK_ADJUSTED_DATED_CONTRACT_CHAIN,2011-11-29T00:00:00Z,129.84375,129.96875,129.3125,315441.0,114.546875,114.671875,114.015625,315441.0
SOURCE_NATIVE_FUTURES,ZN,bond,APPENDIX_C_172_004,10-year US,ZNH2,745944,2011-11-30,PROVIDER_CONDITION_AVAILABLE,-15.296875,129.3125,114.015625,DEV_RECON_LOCAL_BACK_ADJUSTED_DATED_CONTRACT_CHAIN,2011-11-30T00:00:00Z,129.78125,129.953125,128.875,1163011.0,114.484375,114.65625,113.578125,1163011.0
SOURCE_NATIVE_FUTURES,ZN,bond,APPENDIX_C_172_004,10-year US,ZNH2,745944,2011-11-30,PROVIDER_CONDITION_AVAILABLE,-15.296875,129.3125,114.015625,DEV_RECON_LOCAL_BACK_ADJUSTED_DATED_CONTRACT_CHAIN,2011-11-30T00:00:00Z,129.78125,129.953125,128.875,1163011.0,114.484375,114.65625,113.578125,1163011.0
SOURCE_NATIVE_FUTURES,ZN,bond,APPENDIX_C_172_004,10-year US,ZNH2,745944,2011-12-01,PROVIDER_CONDITION_AVAILABLE,-15.296875,129.28125,113.984375,DEV_RECON_LOCAL_BACK_ADJUSTED_DATED_CONTRACT_CHAIN,2011-12-01T00:00:00Z,129.296875,129.546875,128.890625,912073.0,114.0,114.25,113.59375,912073.0
SOURCE_NATIVE_FUTURES,ZN,bond,APPENDIX_C_172_004,10-year US,ZNH2,745944,2011-12-01,PROVIDER_CONDITION_AVAILABLE,-15.296875,129.28125,113.984375,DEV_RECON_LOCAL_BACK_ADJUSTED_DATED_CONTRACT_CHAIN,2011-12-01T00:00:00Z,129.296875,129.546875,128.890625,912073.0,114.0,114.25,113.59375,912073.0
SOURCE_NATIVE_FUTURES,ZN,bond,APPENDIX_C_172_004,10-year US,ZNH2,745944,2011-12-02,PROVIDER_CONDITION_AVAILABLE,-15.296875,129.75,114.453125,DEV_RECON_LOCAL_BACK_ADJUSTED_DATED_CONTRACT_CHAIN,2011-12-02T00:00:00Z,129.28125,129.78125,128.625,882235.0,113.984375,114.484375,113.328125,882235.0
SOURCE_NATIVE_FUTURES,ZN,bond,APPENDIX_C_172_004,10-year US,ZNH2,745944,2011-12-02,PROVIDER_CONDITION_AVAILABLE,-15.296875,129.75,114.453125,DEV_RECON_LOCAL_BACK_ADJUSTED_DATED_CONTRACT_CHAIN,2011-12-02T00:00:00Z,129.28125,129.78125,128.625,882235.0,113.984375,114.484375,113.328125,882235.0
SOURCE_NATIVE_FUTURES,ZN,bond,APPENDIX_C_172_004,10-year US,ZNH2,745944,2011-12-04,PROVIDER_CONDITION_AVAILABLE,-15.296875,129.515625,114.21875,DEV_RECON_LOCAL_BACK_ADJUSTED_DATED_CONTRACT_CHAIN,2011-12-04T00:00:00Z,129.625,129.640625,129.421875,7237.0,114.328125,114.34375,114.125,7237.0
SOURCE_NATIVE_FUTURES,ZN,bond,APPENDIX_C_172_004,10-year US,ZNH2,745944,2011-12-04,PROVIDER_CONDITION_AVAILABLE,-15.296875,129.515625,114.21875,DEV_RECON_LOCAL_BACK_ADJUSTED_DATED_CONTRACT_CHAIN,2011-12-04T00:00:00Z,129.625,129.640625,129.421875,7237.0,114.328125,114.34375,114.125,7237.0
SOURCE_NATIVE_FUTURES,ZN,bond,APPENDIX_C_172_004,10-year US,ZNH2,745944,2011-12-05,PROVIDER_CONDITION_AVAILABLE,-15.296875,129.5,114.203125,DEV_RECON_LOCAL_BACK_ADJUSTED_DATED_CONTRACT_CHAIN,2011-12-05T00:00:00Z,129.515625,129.734375,129.109375,715447.0,114.21875,114.4375,113.8125,715447.0
SOURCE_NATIVE_FUTURES,ZN,bond,APPENDIX_C_172_004,10-year US,ZNH2,745944,2011-12-05,PROVIDER_CONDITION_AVAILABLE,-15.296875,129.5,114.203125,DEV_RECON_LOCAL_BACK_ADJUSTED_DATED_CONTRACT_CHAIN,2011-12-05T00:00:00Z,129.515625,129.734375,129.109375,715447.0,114.21875,114.4375,113.8125,715447.0
SOURCE_NATIVE_FUTURES,ZN,bond,APPENDIX_C_172_004,10-year US,ZNH2,745944,2011-12-06,PROVIDER_CONDITION_AVAILABLE,-15.296875,129.328125,114.03125,DEV_RECON_LOCAL_BACK_ADJUSTED_DATED_CONTRACT_CHAIN,2011-12-06T00:00:00Z,129.5,129.703125,129.234375,694796.0,114.203125,114.40625,113.9375,694796.0
SOURCE_NATIVE_FUTURES,ZN,bond,APPENDIX_C_172_004,10-year US,ZNH2,745944,2011-12-06,PROVIDER_CONDITION_AVAILABLE,-15.296875,129.328125,114.03125,DEV_RECON_LOCAL_BACK_ADJUSTED_DATED_CONTRACT_CHAIN,2011-12-06T00:00:00Z,129.5,129.703125,129.234375,694796.0,114.203125,114.40625,113.9375,694796.0
SOURCE_NATIVE_FUTURES,ZN,bond,APPENDIX_C_172_004,10-year US,ZNH2,745944,2011-12-07,PROVIDER_CONDITION_AVAILABLE,-15.296875,129.84375,114.546875,DEV_RECON_LOCAL_BACK_ADJUSTED_DATED_CONTRACT_CHAIN,2011-12-07T00:00:00Z,129.328125,130.03125,129.109375,818274.0,114.03125,114.734375,113.8125,818274.0
SOURCE_NATIVE_FUTURES,ZN,bond,APPENDIX_C_172_004,10-year US,ZNH2,745944,2011-12-07,PROVIDER_CONDITION_AVAILABLE,-15.296875,129.84375,114.546875,DEV_RECON_LOCAL_BACK_ADJUSTED_DATED_CONTRACT_CHAIN,2011-12-07T00:00:00Z,129.328125,130.03125,129.109375,818274.0,114.03125,114.734375,113.8125,818274.0
SOURCE_NATIVE_FUTURES,ZN,bond,APPENDIX_C_172_004,10-year US,ZNH2,745944,2011-12-08,PROVIDER_CONDITION_AVAILABLE,-15.296875,130.25,114.953125,DEV_RECON_LOCAL_BACK_ADJUSTED_DATED_CONTRACT_CHAIN,2011-12-08T00:00:00Z,129.828125,130.421875,129.390625,983961.0,114.53125,115.125,114.09375,983961.0
SOURCE_NATIVE_FUTURES,ZN,bond,APPENDIX_C_172_004,10-year US,ZNH2,745944,2011-12-08,PROVIDER_CONDITION_AVAILABLE,-15.296875,130.25,114.953125,DEV_RECON_LOCAL_BACK_ADJUSTED_DATED_CONTRACT_CHAIN,2011-12-08T00:00:00Z,129.828125,130.421875,129.390625,983961.0,114.53125,115.125,114.09375,983961.0
SOURCE_NATIVE_FUTURES,ZN,bond,APPENDIX_C_172_004,10-year US,ZNH2,745944,2011-12-09,PROVIDER_CONDITION_AVAILABLE,-15.296875,129.734375,114.4375,DEV_RECON_LOCAL_BACK_ADJUSTED_DATED_CONTRACT_CHAIN,2011-12-09T00:00:00Z,130.265625,130.484375,129.703125,755843.0,114.96875,115.1875,114.40625,755843.0
SOURCE_NATIVE_FUTURES,ZN,bond,APPENDIX_C_172_004,10-year US,ZNH2,745944,2011-12-09,PROVIDER_CONDITION_AVAILABLE,-15.296875,129.734375,114.4375,DEV_RECON_LOCAL_BACK_ADJUSTED_DATED_CONTRACT_CHAIN,2011-12-09T00:00:00Z,130.265625,130.484375,129.703125,755843.0,114.96875,115.1875,114.40625,755843.0
SOURCE_NATIVE_FUTURES,ZN,bond,APPENDIX_C_172_004,10-year US,ZNH2,745944,2011-12-11,PROVIDER_CONDITION_AVAILABLE,-15.296875,129.75,114.453125,DEV_RECON_LOCAL_BACK_ADJUSTED_DATED_CONTRACT_CHAIN,2011-12-11T00:00:00Z,129.78125,129.78125,129.65625,4463.0,114.484375,114.484375,114.359375,4463.0
SOURCE_NATIVE_FUTURES,ZN,bond,APPENDIX_C_172_004,10-year US,ZNH2,745944,2011-12-11,PROVIDER_CONDITION_AVAILABLE,-15.296875,129.75,114.453125,DEV_RECON_LOCAL_BACK_ADJUSTED_DATED_CONTRACT_CHAIN,2011-12-11T00:00:00Z,129.78125,129.78125,129.65625,4463.0,114.484375,114.484375,114.359375,4463.0
SOURCE_NATIVE_FUTURES,ZN,bond,APPENDIX_C_172_004,10-year US,ZNH2,745944,2011-12-12,PROVIDER_CONDITION_AVAILABLE,-15.296875,130.140625,114.84375,DEV_RECON_LOCAL_BACK_ADJUSTED_DATED_CONTRACT_CHAIN,2011-12-12T00:00:00Z,129.75,130.34375,129.71875,504026.0,114.453125,115.046875,114.421875,504026.0
SOURCE_NATIVE_FUTURES,ZN,bond,APPENDIX_C_172_004,10-year US,ZNH2,745944,2011-12-12,PROVIDER_CONDITION_AVAILABLE,-15.296875,130.140625,114.84375,DEV_RECON_LOCAL_BACK_ADJUSTED_DATED_CONTRACT_CHAIN,2011-12-12T00:00:00Z,129.75,130.34375,129.71875,504026.0,114.453125,115.046875,114.421875,504026.0
SOURCE_NATIVE_FUTURES,ZN,bond,APPENDIX_C_172_004,10-year US,ZNH2,745944,2011-12-13,PROVIDER_CONDITION_AVAILABLE,-15.296875,130.40625,115.109375,DEV_RECON_LOCAL_BACK_ADJUSTED_DATED_CONTRACT_CHAIN,2011-12-13T00:00:00Z,130.140625,130.59375,129.859375,864832.0,114.84375,115.296875,114.5625,864832.0
SOURCE_NATIVE_FUTURES,ZN,bond,APPENDIX_C_172_004,10-year US,ZNH2,745944,2011-12-13,PROVIDER_CONDITION_AVAILABLE,-15.296875,130.40625,115.109375,DEV_RECON_LOCAL_BACK_ADJUSTED_DATED_CONTRACT_CHAIN,2011-12-13T00:00:00Z,130.140625,130.59375,129.859375,864832.0,114.84375,115.296875,114.5625,864832.0
SOURCE_NATIVE_FUTURES,ZN,bond,APPENDIX_C_172_004,10-year US,ZNH2,745944,2011-12-14,PROVIDER_CONDITION_AVAILABLE,-15.296875,130.71875,115.421875,DEV_RECON_LOCAL_BACK_ADJUSTED_DATED_CONTRACT_CHAIN,2011-12-14T00:00:00Z,130.40625,130.859375,130.234375,820303.0,115.109375,115.5625,114.9375,820303.0
SOURCE_NATIVE_FUTURES,ZN,bond,APPENDIX_C_172_004,10-year US,ZNH2,745944,2011-12-14,PROVIDER_CONDITION_AVAILABLE,-15.296875,130.71875,115.421875,DEV_RECON_LOCAL_BACK_ADJUSTED_DATED_CONTRACT_CHAIN,2011-12-14T00:00:00Z,130.40625,130.859375,130.234375,820303.0,115.109375,115.5625,114.9375,820303.0
SOURCE_NATIVE_FUTURES,ZN,bond,APPENDIX_C_172_004,10-year US,ZNH2,745944,2011-12-15,PROVIDER_CONDITION_AVAILABLE,-15.296875,130.75,115.453125,DEV_RECON_LOCAL_BACK_ADJUSTED_DATED_CONTRACT_CHAIN,2011-12-15T00:00:00Z,130.734375,131.0625,130.453125,790526.0,115.4375,115.765625,115.15625,790526.0
SOURCE_NATIVE_FUTURES,ZN,bond,APPENDIX_C_172_004,10-year US,ZNH2,745944,2011-12-15,PROVIDER_CONDITION_AVAILABLE,-15.296875,130.75,115.453125,DEV_RECON_LOCAL_BACK_ADJUSTED_DATED_CONTRACT_CHAIN,2011-12-15T00:00:00Z,130.734375,131.0625,130.453125,790526.0,115.4375,115.765625,115.15625,790526.0
SOURCE_NATIVE_FUTURES,ZN,bond,APPENDIX_C_172_004,10-year US,ZNH2,745944,2011-12-16,PROVIDER_CONDITION_AVAILABLE,-15.296875,131.265625,115.96875,DEV_RECON_LOCAL_BACK_ADJUSTED_DATED_CONTRACT_CHAIN,2011-12-16T00:00:00Z,130.734375,131.34375,130.546875,724618.0,115.4375,116.046875,115.25,724618.0
SOURCE_NATIVE_FUTURES,ZN,bond,APPENDIX_C_172_004,10-year US,ZNH2,745944,2011-12-16,PROVIDER_CONDITION_AVAILABLE,-15.296875,131.265625,115.96875,DEV_RECON_LOCAL_BACK_ADJUSTED_DATED_CONTRACT_CHAIN,2011-12-16T00:00:00Z,130.734375,131.34375,130.546875,724618.0,115.4375,116.046875,115.25,724618.0
SOURCE_NATIVE_FUTURES,ZN,bond,APPENDIX_C_172_004,10-year US,ZNH2,745944,2011-12-18,PROVIDER_CONDITION_AVAILABLE,-15.296875,131.15625,115.859375,DEV_RECON_LOCAL_BACK_ADJUSTED_DATED_CONTRACT_CHAIN,2011-12-18T00:00:00Z,131.171875,131.21875,131.125,2461.0,115.875,115.921875,115.828125,2461.0
SOURCE_NATIVE_FUTURES,ZN,bond,APPENDIX_C_172_004,10-year US,ZNH2,745944,2011-12-18,PROVIDER_CONDITION_AVAILABLE,-15.296875,131.15625,115.859375,DEV_RECON_LOCAL_BACK_ADJUSTED_DATED_CONTRACT_CHAIN,2011-12-18T00:00:00Z,131.171875,131.21875,131.125,2461.0,115.875,115.921875,115.828125,2461.0
SOURCE_NATIVE_FUTURES,ZN,bond,APPENDIX_C_172_004,10-year US,ZNH2,745944,2011-12-19,PROVIDER_CONDITION_AVAILABLE,-15.296875,131.28125,115.984375,DEV_RECON_LOCAL_BACK_ADJUSTED_DATED_CONTRACT_CHAIN,2011-12-19T00:00:00Z,131.140625,131.4375,130.96875,458324.0,115.84375,116.140625,115.671875,458324.0
SOURCE_NATIVE_FUTURES,ZN,bond,APPENDIX_C_172_004,10-year US,ZNH2,745944,2011-12-19,PROVIDER_CONDITION_AVAILABLE,-15.296875,131.28125,115.984375,DEV_RECON_LOCAL_BACK_ADJUSTED_DATED_CONTRACT_CHAIN,2011-12-19T00:00:00Z,131.140625,131.4375,130.96875,458324.0,115.84375,116.140625,115.671875,458324.0
SOURCE_NATIVE_FUTURES,ZN,bond,APPENDIX_C_172_004,10-year US,ZNH2,745944,2011-12-20,PROVIDER_CONDITION_AVAILABLE,-15.296875,130.5625,115.265625,DEV_RECON_LOCAL_BACK_ADJUSTED_DATED_CONTRACT_CHAIN,2011-12-20T00:00:00Z,131.265625,131.265625,130.546875,606434.0,115.96875,115.96875,115.25,606434.0
SOURCE_NATIVE_FUTURES,ZN,bond,APPENDIX_C_172_004,10-year US,ZNH2,745944,2011-12-20,PROVIDER_CONDITION_AVAILABLE,-15.296875,130.5625,115.265625,DEV_RECON_LOCAL_BACK_ADJUSTED_DATED_CONTRACT_CHAIN,2011-12-20T00:00:00Z,131.265625,131.265625,130.546875,606434.0,115.96875,115.96875,115.25,606434.0
SOURCE_NATIVE_FUTURES,ZN,bond,APPENDIX_C_172_004,10-year US,ZNH2,745944,2011-12-21,PROVIDER_CONDITION_AVAILABLE,-15.296875,130.453125,115.15625,DEV_RECON_LOCAL_BACK_ADJUSTED_DATED_CONTRACT_CHAIN,2011-12-21T00:00:00Z,130.546875,130.890625,130.296875,712706.0,115.25,115.59375,115.0,712706.0
SOURCE_NATIVE_FUTURES,ZN,bond,APPENDIX_C_172_004,10-year US,ZNH2,745944,2011-12-21,PROVIDER_CONDITION_AVAILABLE,-15.296875,130.453125,115.15625,DEV_RECON_LOCAL_BACK_ADJUSTED_DATED_CONTRACT_CHAIN,2011-12-21T00:00:00Z,130.546875,130.890625,130.296875,712706.0,115.25,115.59375,115.0,712706.0
SOURCE_NATIVE_FUTURES,ZN,bond,APPENDIX_C_172_004,10-year US,ZNH2,745944,2011-12-22,PROVIDER_CONDITION_AVAILABLE,-15.296875,130.484375,115.1875,DEV_RECON_LOCAL_BACK_ADJUSTED_DATED_CONTRACT_CHAIN,2011-12-22T00:00:00Z,130.46875,130.71875,130.328125,429732.0,115.171875,115.421875,115.03125,429732.0
SOURCE_NATIVE_FUTURES,ZN,bond,APPENDIX_C_172_004,10-year US,ZNH2,745944,2011-12-22,PROVIDER_CONDITION_AVAILABLE,-15.296875,130.484375,115.1875,DEV_RECON_LOCAL_BACK_ADJUSTED_DATED_CONTRACT_CHAIN,2011-12-22T00:00:00Z,130.46875,130.71875,130.328125,429732.0,115.171875,115.421875,115.03125,429732.0
SOURCE_NATIVE_FUTURES,ZN,bond,APPENDIX_C_172_004,10-year US,ZNH2,745944,2011-12-23,PROVIDER_CONDITION_AVAILABLE,-15.296875,129.90625,114.609375,DEV_RECON_LOCAL_BACK_ADJUSTED_DATED_CONTRACT_CHAIN,2011-12-23T00:00:00Z,130.46875,130.484375,129.8125,296843.0,115.171875,115.1875,114.515625,296843.0
SOURCE_NATIVE_FUTURES,ZN,bond,APPENDIX_C_172_004,10-year US,ZNH2,745944,2011-12-23,PROVIDER_CONDITION_AVAILABLE,-15.296875,129.90625,114.609375,DEV_RECON_LOCAL_BACK_ADJUSTED_DATED_CONTRACT_CHAIN,2011-12-23T00:00:00Z,130.46875,130.484375,129.8125,296843.0,115.171875,115.1875,114.515625,296843.0
SOURCE_NATIVE_FUTURES,ZN,bond,APPENDIX_C_172_004,10-year US,ZNH2,745944,2011-12-27,PROVIDER_CONDITION_AVAILABLE,-15.296875,129.96875,114.671875,DEV_RECON_LOCAL_BACK_ADJUSTED_DATED_CONTRACT_CHAIN,2011-12-27T00:00:00Z,129.9375,130.09375,129.78125,164348.0,114.640625,114.796875,114.484375,164348.0
SOURCE_NATIVE_FUTURES,ZN,bond,APPENDIX_C_172_004,10-year US,ZNH2,745944,2011-12-27,PROVIDER_CONDITION_AVAILABLE,-15.296875,129.96875,114.671875,DEV_RECON_LOCAL_BACK_ADJUSTED_DATED_CONTRACT_CHAIN,2011-12-27T00:00:00Z,129.9375,130.09375,129.78125,164348.0,114.640625,114.796875,114.484375,164348.0
SOURCE_NATIVE_FUTURES,ZN,bond,APPENDIX_C_172_004,10-year US,ZNH2,745944,2011-12-28,PROVIDER_CONDITION_AVAILABLE,-15.296875,130.578125,115.28125,DEV_RECON_LOCAL_BACK_ADJUSTED_DATED_CONTRACT_CHAIN,2011-12-28T00:00:00Z,129.96875,130.71875,129.953125,311969.0,114.671875,115.421875,114.65625,311969.0
SOURCE_NATIVE_FUTURES,ZN,bond,APPENDIX_C_172_004,10-year US,ZNH2,745944,2011-12-28,PROVIDER_CONDITION_AVAILABLE,-15.296875,130.578125,115.28125,DEV_RECON_LOCAL_BACK_ADJUSTED_DATED_CONTRACT_CHAIN,2011-12-28T00:00:00Z,129.96875,130.71875,129.953125,311969.0,114.671875,115.421875,114.65625,311969.0
SOURCE_NATIVE_FUTURES,ZN,bond,APPENDIX_C_172_004,10-year US,ZNH2,745944,2011-12-29,PROVIDER_CONDITION_AVAILABLE,-15.296875,130.71875,115.421875,DEV_RECON_LOCAL_BACK_ADJUSTED_DATED_CONTRACT_CHAIN,2011-12-29T00:00:00Z,130.578125,130.921875,130.421875,267661.0,115.28125,115.625,115.125,267661.0
SOURCE_NATIVE_FUTURES,ZN,bond,APPENDIX_C_172_004,10-year US,ZNH2,745944,2011-12-29,PROVIDER_CONDITION_AVAILABLE,-15.296875,130.71875,115.421875,DEV_RECON_LOCAL_BACK_ADJUSTED_DATED_CONTRACT_CHAIN,2011-12-29T00:00:00Z,130.578125,130.921875,130.421875,267661.0,115.28125,115.625,115.125,267661.0
SOURCE_NATIVE_FUTURES,ZN,bond,APPENDIX_C_172_004,10-year US,ZNH2,745944,2011-12-30,PROVIDER_CONDITION_AVAILABLE,-15.296875,131.09375,115.796875,DEV_RECON_LOCAL_BACK_ADJUSTED_DATED_CONTRACT_CHAIN,2011-12-30T00:00:00Z,130.703125,131.234375,130.59375,288000.0,115.40625,115.9375,115.296875,288000.0
SOURCE_NATIVE_FUTURES,ZN,bond,APPENDIX_C_172_004,10-year US,ZNH2,745944,2011-12-30,PROVIDER_CONDITION_AVAILABLE,-15.296875,131.09375,115.796875,DEV_RECON_LOCAL_BACK_ADJUSTED_DATED_CONTRACT_CHAIN,2011-12-30T00:00:00Z,130.703125,131.234375,130.59375,288000.0,115.40625,115.9375,115.296875,288000.0
SOURCE_NATIVE_FUTURES,ZN,bond,APPENDIX_C_172_004,10-year US,ZNH2,745944,2012-01-03,PROVIDER_CONDITION_AVAILABLE,-15.296875,130.5,115.203125,DEV_RECON_LOCAL_BACK_ADJUSTED_DATED_CONTRACT_CHAIN,2012-01-03T00:00:00Z,130.609375,130.875,130.484375,555487.0,115.3125,115.578125,115.1875,555487.0
SOURCE_NATIVE_FUTURES,ZN,bond,APPENDIX_C_172_004,10-year US,ZNH2,745944,2012-01-03,PROVIDER_CONDITION_AVAILABLE,-15.296875,130.5,115.203125,DEV_RECON_LOCAL_BACK_ADJUSTED_DATED_CONTRACT_CHAIN,2012-01-03T00:00:00Z,130.609375,130.875,130.484375,555487.0,115.3125,115.578125,115.1875,555487.0
SOURCE_NATIVE_FUTURES,ZN,bond,APPENDIX_C_172_004,10-year US,ZNH2,745944,2012-01-04,PROVIDER_CONDITION_AVAILABLE,-15.296875,130.5,115.203125,DEV_RECON_LOCAL_BACK_ADJUSTED_DATED_CONTRACT_CHAIN,2012-01-04T00:00:00Z,130.5,130.734375,130.25,641538.0,115.203125,115.4375,114.953125,641538.0
SOURCE_NATIVE_FUTURES,ZN,bond,APPENDIX_C_172_004,10-year US,ZNH2,745944,2012-01-04,PROVIDER_CONDITION_AVAILABLE,-15.296875,130.5,115.203125,DEV_RECON_LOCAL_BACK_ADJUSTED_DATED_CONTRACT_CHAIN,2012-01-04T00:00:00Z,130.5,130.734375,130.25,641538.0,115.203125,115.4375,114.953125,641538.0
SOURCE_NATIVE_FUTURES,ZN,bond,APPENDIX_C_172_004,10-year US,ZNH2,745944,2012-01-05,PROVIDER_CONDITION_AVAILABLE,-15.296875,130.5,115.203125,DEV_RECON_LOCAL_BACK_ADJUSTED_DATED_CONTRACT_CHAIN,2012-01-05T00:00:00Z,130.5,130.875,130.203125,1008871.0,115.203125,115.578125,114.90625,1008871.0
SOURCE_NATIVE_FUTURES,ZN,bond,APPENDIX_C_172_004,10-year US,ZNH2,745944,2012-01-05,PROVIDER_CONDITION_AVAILABLE,-15.296875,130.5,115.203125,DEV_RECON_LOCAL_BACK_ADJUSTED_DATED_CONTRACT_CHAIN,2012-01-05T00:00:00Z,130.5,130.875,130.203125,1008871.0,115.203125,115.578125,114.90625,1008871.0
SOURCE_NATIVE_FUTURES,ZN,bond,APPENDIX_C_172_004,10-year US,ZNH2,745944,2012-01-06,PROVIDER_CONDITION_AVAILABLE,-15.296875,130.765625,115.46875,DEV_RECON_LOCAL_BACK_ADJUSTED_DATED_CONTRACT_CHAIN,2012-01-06T00:00:00Z,130.484375,130.890625,130.09375,911438.0,115.1875,115.59375,114.796875,911438.0
SOURCE_NATIVE_FUTURES,ZN,bond,APPENDIX_C_172_004,10-year US,ZNH2,745944,2012-01-06,PROVIDER_CONDITION_AVAILABLE,-15.296875,130.765625,115.46875,DEV_RECON_LOCAL_BACK_ADJUSTED_DATED_CONTRACT_CHAIN,2012-01-06T00:00:00Z,130.484375,130.890625,130.09375,911438.0,115.1875,115.59375,114.796875,911438.0
SOURCE_NATIVE_FUTURES,ZN,bond,APPENDIX_C_172_004,10-year US,ZNH2,745944,2012-01-08,PROVIDER_CONDITION_AVAILABLE,-15.296875,130.828125,115.53125,DEV_RECON_LOCAL_BACK_ADJUSTED_DATED_CONTRACT_CHAIN,2012-01-08T00:00:00Z,130.75,130.90625,130.75,2850.0,115.453125,115.609375,115.453125,2850.0
SOURCE_NATIVE_FUTURES,ZN,bond,APPENDIX_C_172_004,10-year US,ZNH2,745944,2012-01-08,PROVIDER_CONDITION_AVAILABLE,-15.296875,130.828125,115.53125,DEV_RECON_LOCAL_BACK_ADJUSTED_DATED_CONTRACT_CHAIN,2012-01-08T00:00:00Z,130.75,130.90625,130.75,2850.0,115.453125,115.609375,115.453125,2850.0
SOURCE_NATIVE_FUTURES,ZN,bond,APPENDIX_C_172_004,10-year US,ZNH2,745944,2012-01-09,PROVIDER_CONDITION_AVAILABLE,-15.296875,130.78125,115.484375,DEV_RECON_LOCAL_BACK_ADJUSTED_DATED_CONTRACT_CHAIN,2012-01-09T00:00:00Z,130.828125,131.125,130.578125,518253.0,115.53125,115.828125,115.28125,518253.0
SOURCE_NATIVE_FUTURES,ZN,bond,APPENDIX_C_172_004,10-year US,ZNH2,745944,2012-01-09,PROVIDER_CONDITION_AVAILABLE,-15.296875,130.78125,115.484375,DEV_RECON_LOCAL_BACK_ADJUSTED_DATED_CONTRACT_CHAIN,2012-01-09T00:00:00Z,130.828125,131.125,130.578125,518253.0,115.53125,115.828125,115.28125,518253.0
SOURCE_NATIVE_FUTURES,ZN,bond,APPENDIX_C_172_004,10-year US,ZNH2,745944,2012-01-10,PROVIDER_CONDITION_AVAILABLE,-15.296875,130.765625,115.46875,DEV_RECON_LOCAL_BACK_ADJUSTED_DATED_CONTRACT_CHAIN,2012-01-10T00:00:00Z,130.78125,130.890625,130.453125,723181.0,115.484375,115.59375,115.15625,723181.0
SOURCE_NATIVE_FUTURES,ZN,bond,APPENDIX_C_172_004,10-year US,ZNH2,745944,2012-01-10,PROVIDER_CONDITION_AVAILABLE,-15.296875,130.765625,115.46875,DEV_RECON_LOCAL_BACK_ADJUSTED_DATED_CONTRACT_CHAIN,2012-01-10T00:00:00Z,130.78125,130.890625,130.453125,723181.0,115.484375,115.59375,115.15625,723181.0
SOURCE_NATIVE_FUTURES,ZN,bond,APPENDIX_C_172_004,10-year US,ZNH2,745944,2012-01-11,PROVIDER_CONDITION_AVAILABLE,-15.296875,131.15625,115.859375,DEV_RECON_LOCAL_BACK_ADJUSTED_DATED_CONTRACT_CHAIN,2012-01-11T00:00:00Z,130.765625,131.3125,130.6875,889668.0,115.46875,116.015625,115.390625,889668.0
SOURCE_NATIVE_FUTURES,ZN,bond,APPENDIX_C_172_004,10-year US,ZNH2,745944,2012-01-11,PROVIDER_CONDITION_AVAILABLE,-15.296875,131.15625,115.859375,DEV_RECON_LOCAL_BACK_ADJUSTED_DATED_CONTRACT_CHAIN,2012-01-11T00:00:00Z,130.765625,131.3125,130.6875,889668.0,115.46875,116.015625,115.390625,889668.0
SOURCE_NATIVE_FUTURES,ZN,bond,APPENDIX_C_172_004,10-year US,ZNH2,745944,2012-01-12,PROVIDER_CONDITION_AVAILABLE,-15.296875,130.953125,115.65625,DEV_RECON_LOCAL_BACK_ADJUSTED_DATED_CONTRACT_CHAIN,2012-01-12T00:00:00Z,131.171875,131.3125,130.90625,860331.0,115.875,116.015625,115.609375,860331.0
SOURCE_NATIVE_FUTURES,ZN,bond,APPENDIX_C_172_004,10-year US,ZNH2,745944,2012-01-12,PROVIDER_CONDITION_AVAILABLE,-15.296875,130.953125,115.65625,DEV_RECON_LOCAL_BACK_ADJUSTED_DATED_CONTRACT_CHAIN,2012-01-12T00:00:00Z,131.171875,131.3125,130.90625,860331.0,115.875,116.015625,115.609375,860331.0
SOURCE_NATIVE_FUTURES,ZN,bond,APPENDIX_C_172_004,10-year US,ZNH2,745944,2012-01-13,PROVIDER_CONDITION_AVAILABLE,-15.296875,131.4375,116.140625,DEV_RECON_LOCAL_BACK_ADJUSTED_DATED_CONTRACT_CHAIN,2012-01-13T00:00:00Z,130.96875,131.734375,130.890625,926966.0,115.671875,116.4375,115.59375,926966.0
SOURCE_NATIVE_FUTURES,ZN,bond,APPENDIX_C_172_004,10-year US,ZNH2,745944,2012-01-13,PROVIDER_CONDITION_AVAILABLE,-15.296875,131.4375,116.140625,DEV_RECON_LOCAL_BACK_ADJUSTED_DATED_CONTRACT_CHAIN,2012-01-13T00:00:00Z,130.96875,131.734375,130.890625,926966.0,115.671875,116.4375,115.59375,926966.0
SOURCE_NATIVE_FUTURES,ZN,bond,APPENDIX_C_172_004,10-year US,ZNH2,745944,2012-01-15,PROVIDER_CONDITION_AVAILABLE,-15.296875,131.625,116.328125,DEV_RECON_LOCAL_BACK_ADJUSTED_DATED_CONTRACT_CHAIN,2012-01-15T00:00:00Z,131.5625,131.65625,131.53125,4049.0,116.265625,116.359375,116.234375,4049.0
SOURCE_NATIVE_FUTURES,ZN,bond,APPENDIX_C_172_004,10-year US,ZNH2,745944,2012-01-15,PROVIDER_CONDITION_AVAILABLE,-15.296875,131.625,116.328125,DEV_RECON_LOCAL_BACK_ADJUSTED_DATED_CONTRACT_CHAIN,2012-01-15T00:00:00Z,131.5625,131.65625,131.53125,4049.0,116.265625,116.359375,116.234375,4049.0
SOURCE_NATIVE_FUTURES,ZN,bond,APPENDIX_C_172_004,10-year US,ZNH2,745944,2012-01-16,PROVIDER_CONDITION_AVAILABLE,-15.296875,131.484375,116.1875,DEV_RECON_LOCAL_BACK_ADJUSTED_DATED_CONTRACT_CHAIN,2012-01-16T00:00:00Z,131.625,131.71875,131.4375,66965.0,116.328125,116.421875,116.140625,66965.0
SOURCE_NATIVE_FUTURES,ZN,bond,APPENDIX_C_172_004,10-year US,ZNH2,745944,2012-01-16,PROVIDER_CONDITION_AVAILABLE,-15.296875,131.484375,116.1875,DEV_RECON_LOCAL_BACK_ADJUSTED_DATED_CONTRACT_CHAIN,2012-01-16T00:00:00Z,131.625,131.71875,131.4375,66965.0,116.328125,116.421875,116.140625,66965.0
SOURCE_NATIVE_FUTURES,ZN,bond,APPENDIX_C_172_004,10-year US,ZNH2,745944,2012-01-17,PROVIDER_CONDITION_AVAILABLE,-15.296875,131.515625,116.21875,DEV_RECON_LOCAL_BACK_ADJUSTED_DATED_CONTRACT_CHAIN,2012-01-17T00:00:00Z,131.5,131.609375,131.171875,741155.0,116.203125,116.3125,115.875,741155.0
SOURCE_NATIVE_FUTURES,ZN,bond,APPENDIX_C_172_004,10-year US,ZNH2,745944,2012-01-17,PROVIDER_CONDITION_AVAILABLE,-15.296875,131.515625,116.21875,DEV_RECON_LOCAL_BACK_ADJUSTED_DATED_CONTRACT_CHAIN,2012-01-17T00:00:00Z,131.5,131.609375,131.171875,741155.0,116.203125,116.3125,115.875,741155.0
SOURCE_NATIVE_FUTURES,ZN,bond,APPENDIX_C_172_004,10-year US,ZNH2,745944,2012-01-18,PROVIDER_CONDITION_AVAILABLE,-15.296875,131.265625,115.96875,DEV_RECON_LOCAL_BACK_ADJUSTED_DATED_CONTRACT_CHAIN,2012-01-18T00:00:00Z,131.515625,131.703125,131.203125,851869.0,116.21875,116.40625,115.90625,851869.0
SOURCE_NATIVE_FUTURES,ZN,bond,APPENDIX_C_172_004,10-year US,ZNH2,745944,2012-01-18,PROVIDER_CONDITION_AVAILABLE,-15.296875,131.265625,115.96875,DEV_RECON_LOCAL_BACK_ADJUSTED_DATED_CONTRACT_CHAIN,2012-01-18T00:00:00Z,131.515625,131.703125,131.203125,851869.0,116.21875,116.40625,115.90625,851869.0
SOURCE_NATIVE_FUTURES,ZN,bond,APPENDIX_C_172_004,10-year US,ZNH2,745944,2012-01-19,PROVIDER_CONDITION_AVAILABLE,-15.296875,130.6875,115.390625,DEV_RECON_LOCAL_BACK_ADJUSTED_DATED_CONTRACT_CHAIN,2012-01-19T00:00:00Z,131.265625,131.375,130.5,1222451.0,115.96875,116.078125,115.203125,1222451.0
SOURCE_NATIVE_FUTURES,ZN,bond,APPENDIX_C_172_004,10-year US,ZNH2,745944,2012-01-19,PROVIDER_CONDITION_AVAILABLE,-15.296875,130.6875,115.390625,DEV_RECON_LOCAL_BACK_ADJUSTED_DATED_CONTRACT_CHAIN,2012-01-19T00:00:00Z,131.265625,131.375,130.5,1222451.0,115.96875,116.078125,115.203125,1222451.0
SOURCE_NATIVE_FUTURES,ZN,bond,APPENDIX_C_172_004,10-year US,ZNH2,745944,2012-01-20,PROVIDER_CONDITION_AVAILABLE,-15.296875,130.3125,115.015625,DEV_RECON_LOCAL_BACK_ADJUSTED_DATED_CONTRACT_CHAIN,2012-01-20T00:00:00Z,130.6875,130.828125,130.21875,965496.0,115.390625,115.53125,114.921875,965496.0
SOURCE_NATIVE_FUTURES,ZN,bond,APPENDIX_C_172_004,10-year US,ZNH2,745944,2012-01-20,PROVIDER_CONDITION_AVAILABLE,-15.296875,130.3125,115.015625,DEV_RECON_LOCAL_BACK_ADJUSTED_DATED_CONTRACT_CHAIN,2012-01-20T00:00:00Z,130.6875,130.828125,130.21875,965496.0,115.390625,115.53125,114.921875,965496.0
SOURCE_NATIVE_FUTURES,ZN,bond,APPENDIX_C_172_004,10-year US,ZNH2,745944,2012-01-22,PROVIDER_CONDITION_AVAILABLE,-15.296875,130.40625,115.109375,DEV_RECON_LOCAL_BACK_ADJUSTED_DATED_CONTRACT_CHAIN,2012-01-22T00:00:00Z,130.34375,130.4375,130.328125,8170.0,115.046875,115.140625,115.03125,8170.0
SOURCE_NATIVE_FUTURES,ZN,bond,APPENDIX_C_172_004,10-year US,ZNH2,745944,2012-01-22,PROVIDER_CONDITION_AVAILABLE,-15.296875,130.40625,115.109375,DEV_RECON_LOCAL_BACK_ADJUSTED_DATED_CONTRACT_CHAIN,2012-01-22T00:00:00Z,130.34375,130.4375,130.328125,8170.0,115.046875,115.140625,115.03125,8170.0
SOURCE_NATIVE_FUTURES,ZN,bond,APPENDIX_C_172_004,10-year US,ZNH2,745944,2012-01-23,PROVIDER_CONDITION_AVAILABLE,-15.296875,130.09375,114.796875,DEV_RECON_LOCAL_BACK_ADJUSTED_DATED_CONTRACT_CHAIN,2012-01-23T00:00:00Z,130.421875,130.5625,129.8125,933053.0,115.125,115.265625,114.515625,933053.0
SOURCE_NATIVE_FUTURES,ZN,bond,APPENDIX_C_172_004,10-year US,ZNH2,745944,2012-01-23,PROVIDER_CONDITION_AVAILABLE,-15.296875,130.09375,114.796875,DEV_RECON_LOCAL_BACK_ADJUSTED_DATED_CONTRACT_CHAIN,2012-01-23T00:00:00Z,130.421875,130.5625,129.8125,933053.0,115.125,115.265625,114.515625,933053.0
SOURCE_NATIVE_FUTURES,ZN,bond,APPENDIX_C_172_004,10-year US,ZNH2,745944,2012-01-24,PROVIDER_CONDITION_AVAILABLE,-15.296875,130.078125,114.78125,DEV_RECON_LOCAL_BACK_ADJUSTED_DATED_CONTRACT_CHAIN,2012-01-24T00:00:00Z,130.109375,130.21875,129.859375,920148.0,114.8125,114.921875,114.5625,920148.0
SOURCE_NATIVE_FUTURES,ZN,bond,APPENDIX_C_172_004,10-year US,ZNH2,745944,2012-01-24,PROVIDER_CONDITION_AVAILABLE,-15.296875,130.078125,114.78125,DEV_RECON_LOCAL_BACK_ADJUSTED_DATED_CONTRACT_CHAIN,2012-01-24T00:00:00Z,130.109375,130.21875,129.859375,920148.0,114.8125,114.921875,114.5625,920148.0
SOURCE_NATIVE_FUTURES,ZN,bond,APPENDIX_C_172_004,10-year US,ZNH2,745944,2012-01-25,PROVIDER_CONDITION_AVAILABLE,-15.296875,130.953125,115.65625,DEV_RECON_LOCAL_BACK_ADJUSTED_DATED_CONTRACT_CHAIN,2012-01-25T00:00:00Z,130.0625,131.390625,129.96875,1558664.0,114.765625,116.09375,114.671875,1558664.0
SOURCE_NATIVE_FUTURES,ZN,bond,APPENDIX_C_172_004,10-year US,ZNH2,745944,2012-01-25,PROVIDER_CONDITION_AVAILABLE,-15.296875,130.953125,115.65625,DEV_RECON_LOCAL_BACK_ADJUSTED_DATED_CONTRACT_CHAIN,2012-01-25T00:00:00Z,130.0625,131.390625,129.96875,1558664.0,114.765625,116.09375,114.671875,1558664.0
SOURCE_NATIVE_FUTURES,ZN,bond,APPENDIX_C_172_004,10-year US,ZNH2,745944,2012-01-26,PROVIDER_CONDITION_AVAILABLE,-15.296875,131.34375,116.046875,DEV_RECON_LOCAL_BACK_ADJUSTED_DATED_CONTRACT_CHAIN,2012-01-26T00:00:00Z,130.9375,131.515625,130.921875,1280938.0,115.640625,116.21875,115.625,1280938.0
SOURCE_NATIVE_FUTURES,ZN,bond,APPENDIX_C_172_004,10-year US,ZNH2,745944,2012-01-26,PROVIDER_CONDITION_AVAILABLE,-15.296875,131.34375,116.046875,DEV_RECON_LOCAL_BACK_ADJUSTED_DATED_CONTRACT_CHAIN,2012-01-26T00:00:00Z,130.9375,131.515625,130.921875,1280938.0,115.640625,116.21875,115.625,1280938.0
SOURCE_NATIVE_FUTURES,ZN,bond,APPENDIX_C_172_004,10-year US,ZNH2,745944,2012-01-27,PROVIDER_CONDITION_AVAILABLE,-15.296875,131.75,116.453125,DEV_RECON_LOCAL_BACK_ADJUSTED_DATED_CONTRACT_CHAIN,2012-01-27T00:00:00Z,131.34375,131.828125,131.203125,1024776.0,116.046875,116.53125,115.90625,1024776.0
SOURCE_NATIVE_FUTURES,ZN,bond,APPENDIX_C_172_004,10-year US,ZNH2,745944,2012-01-27,PROVIDER_CONDITION_AVAILABLE,-15.296875,131.75,116.453125,DEV_RECON_LOCAL_BACK_ADJUSTED_DATED_CONTRACT_CHAIN,2012-01-27T00:00:00Z,131.34375,131.828125,131.203125,1024776.0,116.046875,116.53125,115.90625,1024776.0
SOURCE_NATIVE_FUTURES,ZN,bond,APPENDIX_C_172_004,10-year US,ZNH2,745944,2012-01-29,PROVIDER_CONDITION_AVAILABLE,-15.296875,131.796875,116.5,DEV_RECON_LOCAL_BACK_ADJUSTED_DATED_CONTRACT_CHAIN,2012-01-29T00:00:00Z,131.71875,131.8125,131.703125,5854.0,116.421875,116.515625,116.40625,5854.0
SOURCE_NATIVE_FUTURES,ZN,bond,APPENDIX_C_172_004,10-year US,ZNH2,745944,2012-01-29,PROVIDER_CONDITION_AVAILABLE,-15.296875,131.796875,116.5,DEV_RECON_LOCAL_BACK_ADJUSTED_DATED_CONTRACT_CHAIN,2012-01-29T00:00:00Z,131.71875,131.8125,131.703125,5854.0,116.421875,116.515625,116.40625,5854.0
SOURCE_NATIVE_FUTURES,ZN,bond,APPENDIX_C_172_004,10-year US,ZNH2,745944,2012-01-30,PROVIDER_CONDITION_AVAILABLE,-15.296875,131.96875,116.671875,DEV_RECON_LOCAL_BACK_ADJUSTED_DATED_CONTRACT_CHAIN,2012-01-30T00:00:00Z,131.78125,132.21875,131.734375,867592.0,116.484375,116.921875,116.4375,867592.0
SOURCE_NATIVE_FUTURES,ZN,bond,APPENDIX_C_172_004,10-year US,ZNH2,745944,2012-01-30,PROVIDER_CONDITION_AVAILABLE,-15.296875,131.96875,116.671875,DEV_RECON_LOCAL_BACK_ADJUSTED_DATED_CONTRACT_CHAIN,2012-01-30T00:00:00Z,131.78125,132.21875,131.734375,867592.0,116.484375,116.921875,116.4375,867592.0
SOURCE_NATIVE_FUTURES,ZN,bond,APPENDIX_C_172_004,10-year US,ZNH2,745944,2012-01-31,PROVIDER_CONDITION_AVAILABLE,-15.296875,132.28125,116.984375,DEV_RECON_LOCAL_BACK_ADJUSTED_DATED_CONTRACT_CHAIN,2012-01-31T00:00:00Z,131.953125,132.34375,131.6875,1149651.0,116.65625,117.046875,116.390625,1149651.0
SOURCE_NATIVE_FUTURES,ZN,bond,APPENDIX_C_172_004,10-year US,ZNH2,745944,2012-01-31,PROVIDER_CONDITION_AVAILABLE,-15.296875,132.28125,116.984375,DEV_RECON_LOCAL_BACK_ADJUSTED_DATED_CONTRACT_CHAIN,2012-01-31T00:00:00Z,131.953125,132.34375,131.6875,1149651.0,116.65625,117.046875,116.390625,1149651.0
SOURCE_NATIVE_FUTURES,ZN,bond,APPENDIX_C_172_004,10-year US,ZNH2,745944,2012-02-01,PROVIDER_CONDITION_AVAILABLE,-15.296875,131.9375,116.640625,DEV_RECON_LOCAL_BACK_ADJUSTED_DATED_CONTRACT_CHAIN,2012-02-01T00:00:00Z,132.265625,132.265625,131.921875,988576.0,116.96875,116.96875,116.625,988576.0
SOURCE_NATIVE_FUTURES,ZN,bond,APPENDIX_C_172_004,10-year US,ZNH2,745944,2012-02-01,PROVIDER_CONDITION_AVAILABLE,-15.296875,131.9375,116.640625,DEV_RECON_LOCAL_BACK_ADJUSTED_DATED_CONTRACT_CHAIN,2012-02-01T00:00:00Z,132.265625,132.265625,131.921875,988576.0,116.96875,116.96875,116.625,988576.0
SOURCE_NATIVE_FUTURES,ZN,bond,APPENDIX_C_172_004,10-year US,ZNH2,745944,2012-02-02,PROVIDER_CONDITION_AVAILABLE,-15.296875,132.203125,116.90625,DEV_RECON_LOCAL_BACK_ADJUSTED_DATED_CONTRACT_CHAIN,2012-02-02T00:00:00Z,131.9375,132.25,131.875,934480.0,116.640625,116.953125,116.578125,934480.0
SOURCE_NATIVE_FUTURES,ZN,bond,APPENDIX_C_172_004,10-year US,ZNH2,745944,2012-02-02,PROVIDER_CONDITION_AVAILABLE,-15.296875,132.203125,116.90625,DEV_RECON_LOCAL_BACK_ADJUSTED_DATED_CONTRACT_CHAIN,2012-02-02T00:00:00Z,131.9375,132.25,131.875,934480.0,116.640625,116.953125,116.578125,934480.0
SOURCE_NATIVE_FUTURES,ZN,bond,APPENDIX_C_172_004,10-year US,ZNH2,745944,2012-02-03,PROVIDER_CONDITION_AVAILABLE,-15.296875,131.515625,116.21875,DEV_RECON_LOCAL_BACK_ADJUSTED_DATED_CONTRACT_CHAIN,2012-02-03T00:00:00Z,132.203125,132.328125,131.296875,1297819.0,116.90625,117.03125,116.0,1297819.0
SOURCE_NATIVE_FUTURES,ZN,bond,APPENDIX_C_172_004,10-year US,ZNH2,745944,2012-02-03,PROVIDER_CONDITION_AVAILABLE,-15.296875,131.515625,116.21875,DEV_RECON_LOCAL_BACK_ADJUSTED_DATED_CONTRACT_CHAIN,2012-02-03T00:00:00Z,132.203125,132.328125,131.296875,1297819.0,116.90625,117.03125,116.0,1297819.0
SOURCE_NATIVE_FUTURES,ZN,bond,APPENDIX_C_172_004,10-year US,ZNH2,745944,2012-02-05,PROVIDER_CONDITION_AVAILABLE,-15.296875,131.515625,116.21875,DEV_RECON_LOCAL_BACK_ADJUSTED_DATED_CONTRACT_CHAIN,2012-02-05T00:00:00Z,131.546875,131.546875,131.46875,4217.0,116.25,116.25,116.171875,4217.0
SOURCE_NATIVE_FUTURES,ZN,bond,APPENDIX_C_172_004,10-year US,ZNH2,745944,2012-02-05,PROVIDER_CONDITION_AVAILABLE,-15.296875,131.515625,116.21875,DEV_RECON_LOCAL_BACK_ADJUSTED_DATED_CONTRACT_CHAIN,2012-02-05T00:00:00Z,131.546875,131.546875,131.46875,4217.0,116.25,116.25,116.171875,4217.0
SOURCE_NATIVE_FUTURES,ZN,bond,APPENDIX_C_172_004,10-year US,ZNH2,745944,2012-02-06,PROVIDER_CONDITION_AVAILABLE,-15.296875,131.59375,116.296875,DEV_RECON_LOCAL_BACK_ADJUSTED_DATED_CONTRACT_CHAIN,2012-02-06T00:00:00Z,131.515625,131.8125,131.359375,683097.0,116.21875,116.515625,116.0625,683097.0
SOURCE_NATIVE_FUTURES,ZN,bond,APPENDIX_C_172_004,10-year US,ZNH2,745944,2012-02-06,PROVIDER_CONDITION_AVAILABLE,-15.296875,131.59375,116.296875,DEV_RECON_LOCAL_BACK_ADJUSTED_DATED_CONTRACT_CHAIN,2012-02-06T00:00:00Z,131.515625,131.8125,131.359375,683097.0,116.21875,116.515625,116.0625,683097.0
SOURCE_NATIVE_FUTURES,ZN,bond,APPENDIX_C_172_004,10-year US,ZNH2,745944,2012-02-07,PROVIDER_CONDITION_AVAILABLE,-15.296875,131.171875,115.875,DEV_RECON_LOCAL_BACK_ADJUSTED_DATED_CONTRACT_CHAIN,2012-02-07T00:00:00Z,131.609375,131.6875,130.953125,1008909.0,116.3125,116.390625,115.65625,1008909.0
SOURCE_NATIVE_FUTURES,ZN,bond,APPENDIX_C_172_004,10-year US,ZNH2,745944,2012-02-07,PROVIDER_CONDITION_AVAILABLE,-15.296875,131.171875,115.875,DEV_RECON_LOCAL_BACK_ADJUSTED_DATED_CONTRACT_CHAIN,2012-02-07T00:00:00Z,131.609375,131.6875,130.953125,1008909.0,116.3125,116.390625,115.65625,1008909.0
SOURCE_NATIVE_FUTURES,ZN,bond,APPENDIX_C_172_004,10-year US,ZNH2,745944,2012-02-08,PROVIDER_CONDITION_AVAILABLE,-15.296875,131.109375,115.8125,DEV_RECON_LOCAL_BACK_ADJUSTED_DATED_CONTRACT_CHAIN,2012-02-08T00:00:00Z,131.15625,131.21875,130.875,921253.0,115.859375,115.921875,115.578125,921253.0
SOURCE_NATIVE_FUTURES,ZN,bond,APPENDIX_C_172_004,10-year US,ZNH2,745944,2012-02-08,PROVIDER_CONDITION_AVAILABLE,-15.296875,131.109375,115.8125,DEV_RECON_LOCAL_BACK_ADJUSTED_DATED_CONTRACT_CHAIN,2012-02-08T00:00:00Z,131.15625,131.21875,130.875,921253.0,115.859375,115.921875,115.578125,921253.0
SOURCE_NATIVE_FUTURES,ZN,bond,APPENDIX_C_172_004,10-year US,ZNH2,745944,2012-02-09,PROVIDER_CONDITION_AVAILABLE,-15.296875,130.90625,115.609375,DEV_RECON_LOCAL_BACK_ADJUSTED_DATED_CONTRACT_CHAIN,2012-02-09T00:00:00Z,131.109375,131.203125,130.5625,1252771.0,115.8125,115.90625,115.265625,1252771.0
SOURCE_NATIVE_FUTURES,ZN,bond,APPENDIX_C_172_004,10-year US,ZNH2,745944,2012-02-09,PROVIDER_CONDITION_AVAILABLE,-15.296875,130.90625,115.609375,DEV_RECON_LOCAL_BACK_ADJUSTED_DATED_CONTRACT_CHAIN,2012-02-09T00:00:00Z,131.109375,131.203125,130.5625,1252771.0,115.8125,115.90625,115.265625,1252771.0
SOURCE_NATIVE_FUTURES,ZN,bond,APPENDIX_C_172_004,10-year US,ZNH2,745944,2012-02-10,PROVIDER_CONDITION_AVAILABLE,-15.296875,131.21875,115.921875,DEV_RECON_LOCAL_BACK_ADJUSTED_DATED_CONTRACT_CHAIN,2012-02-10T00:00:00Z,130.90625,131.5,130.875,982520.0,115.609375,116.203125,115.578125,982520.0
SOURCE_NATIVE_FUTURES,ZN,bond,APPENDIX_C_172_004,10-year US,ZNH2,745944,2012-02-10,PROVIDER_CONDITION_AVAILABLE,-15.296875,131.21875,115.921875,DEV_RECON_LOCAL_BACK_ADJUSTED_DATED_CONTRACT_CHAIN,2012-02-10T00:00:00Z,130.90625,131.5,130.875,982520.0,115.609375,116.203125,115.578125,982520.0
SOURCE_NATIVE_FUTURES,ZN,bond,APPENDIX_C_172_004,10-year US,ZNH2,745944,2012-02-12,PROVIDER_CONDITION_AVAILABLE,-15.296875,131.15625,115.859375,DEV_RECON_LOCAL_BACK_ADJUSTED_DATED_CONTRACT_CHAIN,2012-02-12T00:00:00Z,131.109375,131.171875,131.0625,12097.0,115.8125,115.875,115.765625,12097.0
SOURCE_NATIVE_FUTURES,ZN,bond,APPENDIX_C_172_004,10-year US,ZNH2,745944,2012-02-12,PROVIDER_CONDITION_AVAILABLE,-15.296875,131.15625,115.859375,DEV_RECON_LOCAL_BACK_ADJUSTED_DATED_CONTRACT_CHAIN,2012-02-12T00:00:00Z,131.109375,131.171875,131.0625,12097.0,115.8125,115.875,115.765625,12097.0
SOURCE_NATIVE_FUTURES,ZN,bond,APPENDIX_C_172_004,10-year US,ZNH2,745944,2012-02-13,PROVIDER_CONDITION_AVAILABLE,-15.296875,131.3125,116.015625,DEV_RECON_LOCAL_BACK_ADJUSTED_DATED_CONTRACT_CHAIN,2012-02-13T00:00:00Z,131.140625,131.40625,130.890625,763035.0,115.84375,116.109375,115.59375,763035.0
SOURCE_NATIVE_FUTURES,ZN,bond,APPENDIX_C_172_004,10-year US,ZNH2,745944,2012-02-13,PROVIDER_CONDITION_AVAILABLE,-15.296875,131.3125,116.015625,DEV_RECON_LOCAL_BACK_ADJUSTED_DATED_CONTRACT_CHAIN,2012-02-13T00:00:00Z,131.140625,131.40625,130.890625,763035.0,115.84375,116.109375,115.59375,763035.0
SOURCE_NATIVE_FUTURES,ZN,bond,APPENDIX_C_172_004,10-year US,ZNH2,745944,2012-02-14,PROVIDER_CONDITION_AVAILABLE,-15.296875,131.34375,116.046875,DEV_RECON_LOCAL_BACK_ADJUSTED_DATED_CONTRACT_CHAIN,2012-02-14T00:00:00Z,131.3125,131.578125,131.09375,996720.0,116.015625,116.28125,115.796875,996720.0
SOURCE_NATIVE_FUTURES,ZN,bond,APPENDIX_C_172_004,10-year US,ZNH2,745944,2012-02-14,PROVIDER_CONDITION_AVAILABLE,-15.296875,131.34375,116.046875,DEV_RECON_LOCAL_BACK_ADJUSTED_DATED_CONTRACT_CHAIN,2012-02-14T00:00:00Z,131.3125,131.578125,131.09375,996720.0,116.015625,116.28125,115.796875,996720.0
SOURCE_NATIVE_FUTURES,ZN,bond,APPENDIX_C_172_004,10-year US,ZNH2,745944,2012-02-15,PROVIDER_CONDITION_AVAILABLE,-15.296875,131.625,116.328125,DEV_RECON_LOCAL_BACK_ADJUSTED_DATED_CONTRACT_CHAIN,2012-02-15T00:00:00Z,131.34375,131.765625,131.203125,951081.0,116.046875,116.46875,115.90625,951081.0
SOURCE_NATIVE_FUTURES,ZN,bond,APPENDIX_C_172_004,10-year US,ZNH2,745944,2012-02-15,PROVIDER_CONDITION_AVAILABLE,-15.296875,131.625,116.328125,DEV_RECON_LOCAL_BACK_ADJUSTED_DATED_CONTRACT_CHAIN,2012-02-15T00:00:00Z,131.34375,131.765625,131.203125,951081.0,116.046875,116.46875,115.90625,951081.0
SOURCE_NATIVE_FUTURES,ZN,bond,APPENDIX_C_172_004,10-year US,ZNH2,745944,2012-02-16,PROVIDER_CONDITION_AVAILABLE,-15.296875,131.03125,115.734375,DEV_RECON_LOCAL_BACK_ADJUSTED_DATED_CONTRACT_CHAIN,2012-02-16T00:00:00Z,131.625,131.734375,130.828125,1077015.0,116.328125,116.4375,115.53125,1077015.0
SOURCE_NATIVE_FUTURES,ZN,bond,APPENDIX_C_172_004,10-year US,ZNH2,745944,2012-02-16,PROVIDER_CONDITION_AVAILABLE,-15.296875,131.03125,115.734375,DEV_RECON_LOCAL_BACK_ADJUSTED_DATED_CONTRACT_CHAIN,2012-02-16T00:00:00Z,131.625,131.734375,130.828125,1077015.0,116.328125,116.4375,115.53125,1077015.0
SOURCE_NATIVE_FUTURES,ZN,bond,APPENDIX_C_172_004,10-year US,ZNM2,328264,2012-02-17,PROVIDER_CONDITION_AVAILABLE,-15.03125,130.6875,115.65625,DEV_RECON_LOCAL_BACK_ADJUSTED_DATED_CONTRACT_CHAIN,2012-02-17T00:00:00Z,130.765625,130.796875,130.34375,3180.0,115.734375,115.765625,115.3125,3180.0
SOURCE_NATIVE_FUTURES,ZN,bond,APPENDIX_C_172_004,10-year US,ZNM2,328264,2012-02-17,PROVIDER_CONDITION_AVAILABLE,-15.03125,130.6875,115.65625,DEV_RECON_LOCAL_BACK_ADJUSTED_DATED_CONTRACT_CHAIN,2012-02-17T00:00:00Z,130.765625,130.796875,130.34375,3180.0,115.734375,115.765625,115.3125,3180.0
SOURCE_NATIVE_FUTURES,ZN,bond,APPENDIX_C_172_004,10-year US,ZNM2,328264,2012-02-19,PROVIDER_CONDITION_AVAILABLE,-15.03125,130.359375,115.328125,DEV_RECON_LOCAL_BACK_ADJUSTED_DATED_CONTRACT_CHAIN,2012-02-19T00:00:00Z,130.53125,130.53125,130.34375,54.0,115.5,115.5,115.3125,54.0
SOURCE_NATIVE_FUTURES,ZN,bond,APPENDIX_C_172_004,10-year US,ZNM2,328264,2012-02-19,PROVIDER_CONDITION_AVAILABLE,-15.03125,130.359375,115.328125,DEV_RECON_LOCAL_BACK_ADJUSTED_DATED_CONTRACT_CHAIN,2012-02-19T00:00:00Z,130.53125,130.53125,130.34375,54.0,115.5,115.5,115.3125,54.0
SOURCE_NATIVE_FUTURES,ZN,bond,APPENDIX_C_172_004,10-year US,ZNM2,328264,2012-02-20,PROVIDER_CONDITION_AVAILABLE,-15.03125,130.453125,115.421875,DEV_RECON_LOCAL_BACK_ADJUSTED_DATED_CONTRACT_CHAIN,2012-02-20T00:00:00Z,130.390625,130.53125,130.25,183.0,115.359375,115.5,115.21875,183.0
SOURCE_NATIVE_FUTURES,ZN,bond,APPENDIX_C_172_004,10-year US,ZNM2,328264,2012-02-20,PROVIDER_CONDITION_AVAILABLE,-15.03125,130.453125,115.421875,DEV_RECON_LOCAL_BACK_ADJUSTED_DATED_CONTRACT_CHAIN,2012-02-20T00:00:00Z,130.390625,130.53125,130.25,183.0,115.359375,115.5,115.21875,183.0
SOURCE_NATIVE_FUTURES,ZN,bond,APPENDIX_C_172_004,10-year US,ZNM2,328264,2012-02-21,PROVIDER_CONDITION_AVAILABLE,-15.03125,130.25,115.21875,DEV_RECON_LOCAL_BACK_ADJUSTED_DATED_CONTRACT_CHAIN,2012-02-21T00:00:00Z,130.46875,130.5625,130.09375,6233.0,115.4375,115.53125,115.0625,6233.0
SOURCE_NATIVE_FUTURES,ZN,bond,APPENDIX_C_172_004,10-year US,ZNM2,328264,2012-02-21,PROVIDER_CONDITION_AVAILABLE,-15.03125,130.25,115.21875,DEV_RECON_LOCAL_BACK_ADJUSTED_DATED_CONTRACT_CHAIN,2012-02-21T00:00:00Z,130.46875,130.5625,130.09375,6233.0,115.4375,115.53125,115.0625,6233.0
SOURCE_NATIVE_FUTURES,ZN,bond,APPENDIX_C_172_004,10-year US,ZNM2,328264,2012-02-22,PROVIDER_CONDITION_AVAILABLE,-15.03125,130.71875,115.6875,DEV_RECON_LOCAL_BACK_ADJUSTED_DATED_CONTRACT_CHAIN,2012-02-22T00:00:00Z,130.25,130.8125,130.125,13160.0,115.21875,115.78125,115.09375,13160.0
SOURCE_NATIVE_FUTURES,ZN,bond,APPENDIX_C_172_004,10-year US,ZNM2,328264,2012-02-22,PROVIDER_CONDITION_AVAILABLE,-15.03125,130.71875,115.6875,DEV_RECON_LOCAL_BACK_ADJUSTED_DATED_CONTRACT_CHAIN,2012-02-22T00:00:00Z,130.25,130.8125,130.125,13160.0,115.21875,115.78125,115.09375,13160.0
SOURCE_NATIVE_FUTURES,ZN,bond,APPENDIX_C_172_004,10-year US,ZNM2,328264,2012-02-23,PROVIDER_CONDITION_AVAILABLE,-15.03125,130.78125,115.75,DEV_RECON_LOCAL_BACK_ADJUSTED_DATED_CONTRACT_CHAIN,2012-02-23T00:00:00Z,130.6875,131.0,130.453125,55905.0,115.65625,115.96875,115.421875,55905.0
SOURCE_NATIVE_FUTURES,ZN,bond,APPENDIX_C_172_004,10-year US,ZNM2,328264,2012-02-23,PROVIDER_CONDITION_AVAILABLE,-15.03125,130.78125,115.75,DEV_RECON_LOCAL_BACK_ADJUSTED_DATED_CONTRACT_CHAIN,2012-02-23T00:00:00Z,130.6875,131.0,130.453125,55905.0,115.65625,115.96875,115.421875,55905.0
SOURCE_NATIVE_FUTURES,ZN,bond,APPENDIX_C_172_004,10-year US,ZNM2,328264,2012-02-24,PROVIDER_CONDITION_AVAILABLE,-15.03125,130.890625,115.859375,DEV_RECON_LOCAL_BACK_ADJUSTED_DATED_CONTRACT_CHAIN,2012-02-24T00:00:00Z,130.78125,131.0,130.71875,59981.0,115.75,115.96875,115.6875,59981.0
SOURCE_NATIVE_FUTURES,ZN,bond,APPENDIX_C_172_004,10-year US,ZNM2,328264,2012-02-24,PROVIDER_CONDITION_AVAILABLE,-15.03125,130.890625,115.859375,DEV_RECON_LOCAL_BACK_ADJUSTED_DATED_CONTRACT_CHAIN,2012-02-24T00:00:00Z,130.78125,131.0,130.71875,59981.0,115.75,115.96875,115.6875,59981.0
SOURCE_NATIVE_FUTURES,ZN,bond,APPENDIX_C_172_004,10-year US,ZNM2,328264,2012-02-26,PROVIDER_CONDITION_AVAILABLE,-15.03125,130.921875,115.890625,DEV_RECON_LOCAL_BACK_ADJUSTED_DATED_CONTRACT_CHAIN,2012-02-26T00:00:00Z,130.921875,130.953125,130.875,647.0,115.890625,115.921875,115.84375,647.0
SOURCE_NATIVE_FUTURES,ZN,bond,APPENDIX_C_172_004,10-year US,ZNM2,328264,2012-02-26,PROVIDER_CONDITION_AVAILABLE,-15.03125,130.921875,115.890625,DEV_RECON_LOCAL_BACK_ADJUSTED_DATED_CONTRACT_CHAIN,2012-02-26T00:00:00Z,130.921875,130.953125,130.875,647.0,115.890625,115.921875,115.84375,647.0
SOURCE_NATIVE_FUTURES,ZN,bond,APPENDIX_C_172_004,10-year US,ZNM2,328264,2012-02-27,PROVIDER_CONDITION_AVAILABLE,-15.03125,131.296875,116.265625,DEV_RECON_LOCAL_BACK_ADJUSTED_DATED_CONTRACT_CHAIN,2012-02-27T00:00:00Z,130.890625,131.4375,130.890625,184910.0,115.859375,116.40625,115.859375,184910.0
SOURCE_NATIVE_FUTURES,ZN,bond,APPENDIX_C_172_004,10-year US,ZNM2,328264,2012-02-27,PROVIDER_CONDITION_AVAILABLE,-15.03125,131.296875,116.265625,DEV_RECON_LOCAL_BACK_ADJUSTED_DATED_CONTRACT_CHAIN,2012-02-27T00:00:00Z,130.890625,131.4375,130.890625,184910.0,115.859375,116.40625,115.859375,184910.0
SOURCE_NATIVE_FUTURES,ZN,bond,APPENDIX_C_172_004,10-year US,ZNM2,328264,2012-02-28,PROVIDER_CONDITION_AVAILABLE,-15.03125,131.28125,116.25,DEV_RECON_LOCAL_BACK_ADJUSTED_DATED_CONTRACT_CHAIN,2012-02-28T00:00:00Z,131.28125,131.609375,131.1875,361935.0,116.25,116.578125,116.15625,361935.0
SOURCE_NATIVE_FUTURES,ZN,bond,APPENDIX_C_172_004,10-year US,ZNM2,328264,2012-02-28,PROVIDER_CONDITION_AVAILABLE,-15.03125,131.28125,116.25,DEV_RECON_LOCAL_BACK_ADJUSTED_DATED_CONTRACT_CHAIN,2012-02-28T00:00:00Z,131.28125,131.609375,131.1875,361935.0,116.25,116.578125,116.15625,361935.0
SOURCE_NATIVE_FUTURES,ZN,bond,APPENDIX_C_172_004,10-year US,ZNM2,328264,2012-02-29,PROVIDER_CONDITION_AVAILABLE,-15.03125,130.9375,115.90625,DEV_RECON_LOCAL_BACK_ADJUSTED_DATED_CONTRACT_CHAIN,2012-02-29T00:00:00Z,131.265625,131.46875,130.71875,1236412.0,116.234375,116.4375,115.6875,1236412.0
SOURCE_NATIVE_FUTURES,ZN,bond,APPENDIX_C_172_004,10-year US,ZNM2,328264,2012-02-29,PROVIDER_CONDITION_AVAILABLE,-15.03125,130.9375,115.90625,DEV_RECON_LOCAL_BACK_ADJUSTED_DATED_CONTRACT_CHAIN,2012-02-29T00:00:00Z,131.265625,131.46875,130.71875,1236412.0,116.234375,116.4375,115.6875,1236412.0
SOURCE_NATIVE_FUTURES,ZN,bond,APPENDIX_C_172_004,10-year US,ZNM2,328264,2012-03-01,PROVIDER_CONDITION_AVAILABLE,-15.03125,130.625,115.59375,DEV_RECON_LOCAL_BACK_ADJUSTED_DATED_CONTRACT_CHAIN,2012-03-01T00:00:00Z,130.953125,130.953125,130.3125,1125796.0,115.921875,115.921875,115.28125,1125796.0
SOURCE_NATIVE_FUTURES,ZN,bond,APPENDIX_C_172_004,10-year US,ZNM2,328264,2012-03-01,PROVIDER_CONDITION_AVAILABLE,-15.03125,130.625,115.59375,DEV_RECON_LOCAL_BACK_ADJUSTED_DATED_CONTRACT_CHAIN,2012-03-01T00:00:00Z,130.953125,130.953125,130.3125,1125796.0,115.921875,115.921875,115.28125,1125796.0
SOURCE_NATIVE_FUTURES,ZN,bond,APPENDIX_C_172_004,10-year US,ZNM2,328264,2012-03-02,PROVIDER_CONDITION_AVAILABLE,-15.03125,131.15625,116.125,DEV_RECON_LOCAL_BACK_ADJUSTED_DATED_CONTRACT_CHAIN,2012-03-02T00:00:00Z,130.609375,131.203125,130.515625,770178.0,115.578125,116.171875,115.484375,770178.0
SOURCE_NATIVE_FUTURES,ZN,bond,APPENDIX_C_172_004,10-year US,ZNM2,328264,2012-03-02,PROVIDER_CONDITION_AVAILABLE,-15.03125,131.15625,116.125,DEV_RECON_LOCAL_BACK_ADJUSTED_DATED_CONTRACT_CHAIN,2012-03-02T00:00:00Z,130.609375,131.203125,130.515625,770178.0,115.578125,116.171875,115.484375,770178.0
SOURCE_NATIVE_FUTURES,ZN,bond,APPENDIX_C_172_004,10-year US,ZNM2,328264,2012-03-04,PROVIDER_CONDITION_AVAILABLE,-15.03125,131.109375,116.078125,DEV_RECON_LOCAL_BACK_ADJUSTED_DATED_CONTRACT_CHAIN,2012-03-04T00:00:00Z,131.140625,131.140625,131.046875,4463.0,116.109375,116.109375,116.015625,4463.0
SOURCE_NATIVE_FUTURES,ZN,bond,APPENDIX_C_172_004,10-year US,ZNM2,328264,2012-03-04,PROVIDER_CONDITION_AVAILABLE,-15.03125,131.109375,116.078125,DEV_RECON_LOCAL_BACK_ADJUSTED_DATED_CONTRACT_CHAIN,2012-03-04T00:00:00Z,131.140625,131.140625,131.046875,4463.0,116.109375,116.109375,116.015625,4463.0
SOURCE_NATIVE_FUTURES,ZN,bond,APPENDIX_C_172_004,10-year US,ZNM2,328264,2012-03-05,PROVIDER_CONDITION_AVAILABLE,-15.03125,130.8125,115.78125,DEV_RECON_LOCAL_BACK_ADJUSTED_DATED_CONTRACT_CHAIN,2012-03-05T00:00:00Z,131.109375,131.28125,130.796875,708556.0,116.078125,116.25,115.765625,708556.0
SOURCE_NATIVE_FUTURES,ZN,bond,APPENDIX_C_172_004,10-year US,ZNM2,328264,2012-03-05,PROVIDER_CONDITION_AVAILABLE,-15.03125,130.8125,115.78125,DEV_RECON_LOCAL_BACK_ADJUSTED_DATED_CONTRACT_CHAIN,2012-03-05T00:00:00Z,131.109375,131.28125,130.796875,708556.0,116.078125,116.25,115.765625,708556.0
SOURCE_NATIVE_FUTURES,ZN,bond,APPENDIX_C_172_004,10-year US,ZNM2,328264,2012-03-06,PROVIDER_CONDITION_AVAILABLE,-15.03125,131.34375,116.3125,DEV_RECON_LOCAL_BACK_ADJUSTED_DATED_CONTRACT_CHAIN,2012-03-06T00:00:00Z,130.8125,131.515625,130.8125,876456.0,115.78125,116.484375,115.78125,876456.0
SOURCE_NATIVE_FUTURES,ZN,bond,APPENDIX_C_172_004,10-year US,ZNM2,328264,2012-03-06,PROVIDER_CONDITION_AVAILABLE,-15.03125,131.34375,116.3125,DEV_RECON_LOCAL_BACK_ADJUSTED_DATED_CONTRACT_CHAIN,2012-03-06T00:00:00Z,130.8125,131.515625,130.8125,876456.0,115.78125,116.484375,115.78125,876456.0
SOURCE_NATIVE_FUTURES,ZN,bond,APPENDIX_C_172_004,10-year US,ZNM2,328264,2012-03-07,PROVIDER_CONDITION_AVAILABLE,-15.03125,131.203125,116.171875,DEV_RECON_LOCAL_BACK_ADJUSTED_DATED_CONTRACT_CHAIN,2012-03-07T00:00:00Z,131.34375,131.421875,131.140625,747369.0,116.3125,116.390625,116.109375,747369.0
SOURCE_NATIVE_FUTURES,ZN,bond,APPENDIX_C_172_004,10-year US,ZNM2,328264,2012-03-07,PROVIDER_CONDITION_AVAILABLE,-15.03125,131.203125,116.171875,DEV_RECON_LOCAL_BACK_ADJUSTED_DATED_CONTRACT_CHAIN,2012-03-07T00:00:00Z,131.34375,131.421875,131.140625,747369.0,116.3125,116.390625,116.109375,747369.0
SOURCE_NATIVE_FUTURES,ZN,bond,APPENDIX_C_172_004,10-year US,ZNM2,328264,2012-03-08,PROVIDER_CONDITION_AVAILABLE,-15.03125,130.890625,115.859375,DEV_RECON_LOCAL_BACK_ADJUSTED_DATED_CONTRACT_CHAIN,2012-03-08T00:00:00Z,131.203125,131.265625,130.828125,767236.0,116.171875,116.234375,115.796875,767236.0
SOURCE_NATIVE_FUTURES,ZN,bond,APPENDIX_C_172_004,10-year US,ZNM2,328264,2012-03-08,PROVIDER_CONDITION_AVAILABLE,-15.03125,130.890625,115.859375,DEV_RECON_LOCAL_BACK_ADJUSTED_DATED_CONTRACT_CHAIN,2012-03-08T00:00:00Z,131.203125,131.265625,130.828125,767236.0,116.171875,116.234375,115.796875,767236.0
SOURCE_NATIVE_FUTURES,ZN,bond,APPENDIX_C_172_004,10-year US,ZNM2,328264,2012-03-09,PROVIDER_CONDITION_AVAILABLE,-15.03125,130.796875,115.765625,DEV_RECON_LOCAL_BACK_ADJUSTED_DATED_CONTRACT_CHAIN,2012-03-09T00:00:00Z,130.890625,130.984375,130.53125,953423.0,115.859375,115.953125,115.5,953423.0
SOURCE_NATIVE_FUTURES,ZN,bond,APPENDIX_C_172_004,10-year US,ZNM2,328264,2012-03-09,PROVIDER_CONDITION_AVAILABLE,-15.03125,130.796875,115.765625,DEV_RECON_LOCAL_BACK_ADJUSTED_DATED_CONTRACT_CHAIN,2012-03-09T00:00:00Z,130.890625,130.984375,130.53125,953423.0,115.859375,115.953125,115.5,953423.0
SOURCE_NATIVE_FUTURES,ZN,bond,APPENDIX_C_172_004,10-year US,ZNM2,328264,2012-03-11,PROVIDER_CONDITION_AVAILABLE,-15.03125,130.828125,115.796875,DEV_RECON_LOCAL_BACK_ADJUSTED_DATED_CONTRACT_CHAIN,2012-03-11T00:00:00Z,130.75,130.859375,130.734375,5918.0,115.71875,115.828125,115.703125,5918.0
SOURCE_NATIVE_FUTURES,ZN,bond,APPENDIX_C_172_004,10-year US,ZNM2,328264,2012-03-11,PROVIDER_CONDITION_AVAILABLE,-15.03125,130.828125,115.796875,DEV_RECON_LOCAL_BACK_ADJUSTED_DATED_CONTRACT_CHAIN,2012-03-11T00:00:00Z,130.75,130.859375,130.734375,5918.0,115.71875,115.828125,115.703125,5918.0
SOURCE_NATIVE_FUTURES,ZN,bond,APPENDIX_C_172_004,10-year US,ZNM2,328264,2012-03-12,PROVIDER_CONDITION_AVAILABLE,-15.03125,130.75,115.71875,DEV_RECON_LOCAL_BACK_ADJUSTED_DATED_CONTRACT_CHAIN,2012-03-12T00:00:00Z,130.828125,131.140625,130.703125,556911.0,115.796875,116.109375,115.671875,556911.0
SOURCE_NATIVE_FUTURES,ZN,bond,APPENDIX_C_172_004,10-year US,ZNM2,328264,2012-03-12,PROVIDER_CONDITION_AVAILABLE,-15.03125,130.75,115.71875,DEV_RECON_LOCAL_BACK_ADJUSTED_DATED_CONTRACT_CHAIN,2012-03-12T00:00:00Z,130.828125,131.140625,130.703125,556911.0,115.796875,116.109375,115.671875,556911.0
SOURCE_NATIVE_FUTURES,ZN,bond,APPENDIX_C_172_004,10-year US,ZNM2,328264,2012-03-13,PROVIDER_CONDITION_AVAILABLE,-15.03125,129.953125,114.921875,DEV_RECON_LOCAL_BACK_ADJUSTED_DATED_CONTRACT_CHAIN,2012-03-13T00:00:00Z,130.734375,130.796875,129.859375,1186336.0,115.703125,115.765625,114.828125,1186336.0
SOURCE_NATIVE_FUTURES,ZN,bond,APPENDIX_C_172_004,10-year US,ZNM2,328264,2012-03-13,PROVIDER_CONDITION_AVAILABLE,-15.03125,129.953125,114.921875,DEV_RECON_LOCAL_BACK_ADJUSTED_DATED_CONTRACT_CHAIN,2012-03-13T00:00:00Z,130.734375,130.796875,129.859375,1186336.0,115.703125,115.765625,114.828125,1186336.0
SOURCE_NATIVE_FUTURES,ZN,bond,APPENDIX_C_172_004,10-year US,ZNM2,328264,2012-03-14,PROVIDER_CONDITION_AVAILABLE,-15.03125,128.84375,113.8125,DEV_RECON_LOCAL_BACK_ADJUSTED_DATED_CONTRACT_CHAIN,2012-03-14T00:00:00Z,129.953125,130.03125,128.625,1726820.0,114.921875,115.0,113.59375,1726820.0
SOURCE_NATIVE_FUTURES,ZN,bond,APPENDIX_C_172_004,10-year US,ZNM2,328264,2012-03-14,PROVIDER_CONDITION_AVAILABLE,-15.03125,128.84375,113.8125,DEV_RECON_LOCAL_BACK_ADJUSTED_DATED_CONTRACT_CHAIN,2012-03-14T00:00:00Z,129.953125,130.03125,128.625,1726820.0,114.921875,115.0,113.59375,1726820.0
SOURCE_NATIVE_FUTURES,ZN,bond,APPENDIX_C_172_004,10-year US,ZNM2,328264,2012-03-15,PROVIDER_CONDITION_AVAILABLE,-15.03125,128.78125,113.75,DEV_RECON_LOCAL_BACK_ADJUSTED_DATED_CONTRACT_CHAIN,2012-03-15T00:00:00Z,128.84375,129.0625,128.21875,1467692.0,113.8125,114.03125,113.1875,1467692.0
SOURCE_NATIVE_FUTURES,ZN,bond,APPENDIX_C_172_004,10-year US,ZNM2,328264,2012-03-15,PROVIDER_CONDITION_AVAILABLE,-15.03125,128.78125,113.75,DEV_RECON_LOCAL_BACK_ADJUSTED_DATED_CONTRACT_CHAIN,2012-03-15T00:00:00Z,128.84375,129.0625,128.21875,1467692.0,113.8125,114.03125,113.1875,1467692.0
SOURCE_NATIVE_FUTURES,ZN,bond,APPENDIX_C_172_004,10-year US,ZNM2,328264,2012-03-16,PROVIDER_CONDITION_AVAILABLE,-15.03125,128.59375,113.5625,DEV_RECON_LOCAL_BACK_ADJUSTED_DATED_CONTRACT_CHAIN,2012-03-16T00:00:00Z,128.796875,128.890625,128.09375,1223699.0,113.765625,113.859375,113.0625,1223699.0
SOURCE_NATIVE_FUTURES,ZN,bond,APPENDIX_C_172_004,10-year US,ZNM2,328264,2012-03-16,PROVIDER_CONDITION_AVAILABLE,-15.03125,128.59375,113.5625,DEV_RECON_LOCAL_BACK_ADJUSTED_DATED_CONTRACT_CHAIN,2012-03-16T00:00:00Z,128.796875,128.890625,128.09375,1223699.0,113.765625,113.859375,113.0625,1223699.0
SOURCE_NATIVE_FUTURES,ZN,bond,APPENDIX_C_172_004,10-year US,ZNM2,328264,2012-03-18,PROVIDER_CONDITION_AVAILABLE,-15.03125,128.546875,113.515625,DEV_RECON_LOCAL_BACK_ADJUSTED_DATED_CONTRACT_CHAIN,2012-03-18T00:00:00Z,128.578125,128.625,128.546875,6538.0,113.546875,113.59375,113.515625,6538.0
SOURCE_NATIVE_FUTURES,ZN,bond,APPENDIX_C_172_004,10-year US,ZNM2,328264,2012-03-18,PROVIDER_CONDITION_AVAILABLE,-15.03125,128.546875,113.515625,DEV_RECON_LOCAL_BACK_ADJUSTED_DATED_CONTRACT_CHAIN,2012-03-18T00:00:00Z,128.578125,128.625,128.546875,6538.0,113.546875,113.59375,113.515625,6538.0
SOURCE_NATIVE_FUTURES,ZN,bond,APPENDIX_C_172_004,10-year US,ZNM2,328264,2012-03-19,PROVIDER_CONDITION_AVAILABLE,-15.03125,127.859375,112.828125,DEV_RECON_LOCAL_BACK_ADJUSTED_DATED_CONTRACT_CHAIN,2012-03-19T00:00:00Z,128.546875,128.90625,127.828125,1185504.0,113.515625,113.875,112.796875,1185504.0
SOURCE_NATIVE_FUTURES,ZN,bond,APPENDIX_C_172_004,10-year US,ZNM2,328264,2012-03-19,PROVIDER_CONDITION_AVAILABLE,-15.03125,127.859375,112.828125,DEV_RECON_LOCAL_BACK_ADJUSTED_DATED_CONTRACT_CHAIN,2012-03-19T00:00:00Z,128.546875,128.90625,127.828125,1185504.0,113.515625,113.875,112.796875,1185504.0
SOURCE_NATIVE_FUTURES,ZN,bond,APPENDIX_C_172_004,10-year US,ZNM2,328264,2012-03-20,PROVIDER_CONDITION_AVAILABLE,-15.03125,128.09375,113.0625,DEV_RECON_LOCAL_BACK_ADJUSTED_DATED_CONTRACT_CHAIN,2012-03-20T00:00:00Z,127.859375,128.40625,127.71875,1128155.0,112.828125,113.375,112.6875,1128155.0
SOURCE_NATIVE_FUTURES,ZN,bond,APPENDIX_C_172_004,10-year US,ZNM2,328264,2012-03-20,PROVIDER_CONDITION_AVAILABLE,-15.03125,128.09375,113.0625,DEV_RECON_LOCAL_BACK_ADJUSTED_DATED_CONTRACT_CHAIN,2012-03-20T00:00:00Z,127.859375,128.40625,127.71875,1128155.0,112.828125,113.375,112.6875,1128155.0
SOURCE_NATIVE_FUTURES,ZN,bond,APPENDIX_C_172_004,10-year US,ZNM2,328264,2012-03-21,PROVIDER_CONDITION_AVAILABLE,-15.03125,128.546875,113.515625,DEV_RECON_LOCAL_BACK_ADJUSTED_DATED_CONTRACT_CHAIN,2012-03-21T00:00:00Z,128.09375,128.640625,127.828125,1127104.0,113.0625,113.609375,112.796875,1127104.0
SOURCE_NATIVE_FUTURES,ZN,bond,APPENDIX_C_172_004,10-year US,ZNM2,328264,2012-03-21,PROVIDER_CONDITION_AVAILABLE,-15.03125,128.546875,113.515625,DEV_RECON_LOCAL_BACK_ADJUSTED_DATED_CONTRACT_CHAIN,2012-03-21T00:00:00Z,128.09375,128.640625,127.828125,1127104.0,113.0625,113.609375,112.796875,1127104.0
SOURCE_NATIVE_FUTURES,ZN,bond,APPENDIX_C_172_004,10-year US,ZNM2,328264,2012-03-22,PROVIDER_CONDITION_AVAILABLE,-15.03125,128.640625,113.609375,DEV_RECON_LOCAL_BACK_ADJUSTED_DATED_CONTRACT_CHAIN,2012-03-22T00:00:00Z,128.546875,128.96875,128.40625,1105649.0,113.515625,113.9375,113.375,1105649.0
SOURCE_NATIVE_FUTURES,ZN,bond,APPENDIX_C_172_004,10-year US,ZNM2,328264,2012-03-22,PROVIDER_CONDITION_AVAILABLE,-15.03125,128.640625,113.609375,DEV_RECON_LOCAL_BACK_ADJUSTED_DATED_CONTRACT_CHAIN,2012-03-22T00:00:00Z,128.546875,128.96875,128.40625,1105649.0,113.515625,113.9375,113.375,1105649.0
SOURCE_NATIVE_FUTURES,ZN,bond,APPENDIX_C_172_004,10-year US,ZNM2,328264,2012-03-23,PROVIDER_CONDITION_AVAILABLE,-15.03125,129.046875,114.015625,DEV_RECON_LOCAL_BACK_ADJUSTED_DATED_CONTRACT_CHAIN,2012-03-23T00:00:00Z,128.640625,129.296875,128.5625,968178.0,113.609375,114.265625,113.53125,968178.0
SOURCE_NATIVE_FUTURES,ZN,bond,APPENDIX_C_172_004,10-year US,ZNM2,328264,2012-03-23,PROVIDER_CONDITION_AVAILABLE,-15.03125,129.046875,114.015625,DEV_RECON_LOCAL_BACK_ADJUSTED_DATED_CONTRACT_CHAIN,2012-03-23T00:00:00Z,128.640625,129.296875,128.5625,968178.0,113.609375,114.265625,113.53125,968178.0
SOURCE_NATIVE_FUTURES,ZN,bond,APPENDIX_C_172_004,10-year US,ZNM2,328264,2012-03-25,PROVIDER_CONDITION_AVAILABLE,-15.03125,128.90625,113.875,DEV_RECON_LOCAL_BACK_ADJUSTED_DATED_CONTRACT_CHAIN,2012-03-25T00:00:00Z,128.984375,129.0,128.890625,9844.0,113.953125,113.96875,113.859375,9844.0
SOURCE_NATIVE_FUTURES,ZN,bond,APPENDIX_C_172_004,10-year US,ZNM2,328264,2012-03-25,PROVIDER_CONDITION_AVAILABLE,-15.03125,128.90625,113.875,DEV_RECON_LOCAL_BACK_ADJUSTED_DATED_CONTRACT_CHAIN,2012-03-25T00:00:00Z,128.984375,129.0,128.890625,9844.0,113.953125,113.96875,113.859375,9844.0
SOURCE_NATIVE_FUTURES,ZN,bond,APPENDIX_C_172_004,10-year US,ZNM2,328264,2012-03-26,PROVIDER_CONDITION_AVAILABLE,-15.03125,129.015625,113.984375,DEV_RECON_LOCAL_BACK_ADJUSTED_DATED_CONTRACT_CHAIN,2012-03-26T00:00:00Z,128.921875,129.1875,128.625,878791.0,113.890625,114.15625,113.59375,878791.0
SOURCE_NATIVE_FUTURES,ZN,bond,APPENDIX_C_172_004,10-year US,ZNM2,328264,2012-03-26,PROVIDER_CONDITION_AVAILABLE,-15.03125,129.015625,113.984375,DEV_RECON_LOCAL_BACK_ADJUSTED_DATED_CONTRACT_CHAIN,2012-03-26T00:00:00Z,128.921875,129.1875,128.625,878791.0,113.890625,114.15625,113.59375,878791.0
SOURCE_NATIVE_FUTURES,ZN,bond,APPENDIX_C_172_004,10-year US,ZNM2,328264,2012-03-27,PROVIDER_CONDITION_AVAILABLE,-15.03125,129.5625,114.53125,DEV_RECON_LOCAL_BACK_ADJUSTED_DATED_CONTRACT_CHAIN,2012-03-27T00:00:00Z,129.015625,129.703125,128.9375,952118.0,113.984375,114.671875,113.90625,952118.0
SOURCE_NATIVE_FUTURES,ZN,bond,APPENDIX_C_172_004,10-year US,ZNM2,328264,2012-03-27,PROVIDER_CONDITION_AVAILABLE,-15.03125,129.5625,114.53125,DEV_RECON_LOCAL_BACK_ADJUSTED_DATED_CONTRACT_CHAIN,2012-03-27T00:00:00Z,129.015625,129.703125,128.9375,952118.0,113.984375,114.671875,113.90625,952118.0
SOURCE_NATIVE_FUTURES,ZN,bond,APPENDIX_C_172_004,10-year US,ZNM2,328264,2012-03-28,PROVIDER_CONDITION_AVAILABLE,-15.03125,129.453125,114.421875,DEV_RECON_LOCAL_BACK_ADJUSTED_DATED_CONTRACT_CHAIN,2012-03-28T00:00:00Z,129.578125,129.84375,129.34375,1038240.0,114.546875,114.8125,114.3125,1038240.0
SOURCE_NATIVE_FUTURES,ZN,bond,APPENDIX_C_172_004,10-year US,ZNM2,328264,2012-03-28,PROVIDER_CONDITION_AVAILABLE,-15.03125,129.453125,114.421875,DEV_RECON_LOCAL_BACK_ADJUSTED_DATED_CONTRACT_CHAIN,2012-03-28T00:00:00Z,129.578125,129.84375,129.34375,1038240.0,114.546875,114.8125,114.3125,1038240.0
SOURCE_NATIVE_FUTURES,ZN,bond,APPENDIX_C_172_004,10-year US,ZNM2,328264,2012-03-29,PROVIDER_CONDITION_AVAILABLE,-15.03125,129.859375,114.828125,DEV_RECON_LOCAL_BACK_ADJUSTED_DATED_CONTRACT_CHAIN,2012-03-29T00:00:00Z,129.453125,129.96875,129.421875,1016272.0,114.421875,114.9375,114.390625,1016272.0
SOURCE_NATIVE_FUTURES,ZN,bond,APPENDIX_C_172_004,10-year US,ZNM2,328264,2012-03-29,PROVIDER_CONDITION_AVAILABLE,-15.03125,129.859375,114.828125,DEV_RECON_LOCAL_BACK_ADJUSTED_DATED_CONTRACT_CHAIN,2012-03-29T00:00:00Z,129.453125,129.96875,129.421875,1016272.0,114.421875,114.9375,114.390625,1016272.0
SOURCE_NATIVE_FUTURES,ZN,bond,APPENDIX_C_172_004,10-year US,ZNM2,328264,2012-03-30,PROVIDER_CONDITION_AVAILABLE,-15.03125,129.515625,114.484375,DEV_RECON_LOCAL_BACK_ADJUSTED_DATED_CONTRACT_CHAIN,2012-03-30T00:00:00Z,129.84375,130.0625,129.265625,1065875.0,114.8125,115.03125,114.234375,1065875.0
SOURCE_NATIVE_FUTURES,ZN,bond,APPENDIX_C_172_004,10-year US,ZNM2,328264,2012-03-30,PROVIDER_CONDITION_AVAILABLE,-15.03125,129.515625,114.484375,DEV_RECON_LOCAL_BACK_ADJUSTED_DATED_CONTRACT_CHAIN,2012-03-30T00:00:00Z,129.84375,130.0625,129.265625,1065875.0,114.8125,115.03125,114.234375,1065875.0
SOURCE_NATIVE_FUTURES,ZN,bond,APPENDIX_C_172_004,10-year US,ZNM2,328264,2012-04-01,PROVIDER_CONDITION_AVAILABLE,-15.03125,129.328125,114.296875,DEV_RECON_LOCAL_BACK_ADJUSTED_DATED_CONTRACT_CHAIN,2012-04-01T00:00:00Z,129.4375,129.4375,129.21875,17329.0,114.40625,114.40625,114.1875,17329.0
SOURCE_NATIVE_FUTURES,ZN,bond,APPENDIX_C_172_004,10-year US,ZNM2,328264,2012-04-01,PROVIDER_CONDITION_AVAILABLE,-15.03125,129.328125,114.296875,DEV_RECON_LOCAL_BACK_ADJUSTED_DATED_CONTRACT_CHAIN,2012-04-01T00:00:00Z,129.4375,129.4375,129.21875,17329.0,114.40625,114.40625,114.1875,17329.0
SOURCE_NATIVE_FUTURES,ZN,bond,APPENDIX_C_172_004,10-year US,ZNM2,328264,2012-04-02,PROVIDER_CONDITION_AVAILABLE,-15.03125,129.78125,114.75,DEV_RECON_LOCAL_BACK_ADJUSTED_DATED_CONTRACT_CHAIN,2012-04-02T00:00:00Z,129.328125,129.9375,129.171875,953758.0,114.296875,114.90625,114.140625,953758.0
SOURCE_NATIVE_FUTURES,ZN,bond,APPENDIX_C_172_004,10-year US,ZNM2,328264,2012-04-02,PROVIDER_CONDITION_AVAILABLE,-15.03125,129.78125,114.75,DEV_RECON_LOCAL_BACK_ADJUSTED_DATED_CONTRACT_CHAIN,2012-04-02T00:00:00Z,129.328125,129.9375,129.171875,953758.0,114.296875,114.90625,114.140625,953758.0
SOURCE_NATIVE_FUTURES,ZN,bond,APPENDIX_C_172_004,10-year US,ZNM2,328264,2012-04-03,PROVIDER_CONDITION_AVAILABLE,-15.03125,128.859375,113.828125,DEV_RECON_LOCAL_BACK_ADJUSTED_DATED_CONTRACT_CHAIN,2012-04-03T00:00:00Z,129.78125,130.0625,128.765625,1327428.0,114.75,115.03125,113.734375,1327428.0
SOURCE_NATIVE_FUTURES,ZN,bond,APPENDIX_C_172_004,10-year US,ZNM2,328264,2012-04-03,PROVIDER_CONDITION_AVAILABLE,-15.03125,128.859375,113.828125,DEV_RECON_LOCAL_BACK_ADJUSTED_DATED_CONTRACT_CHAIN,2012-04-03T00:00:00Z,129.78125,130.0625,128.765625,1327428.0,114.75,115.03125,113.734375,1327428.0
SOURCE_NATIVE_FUTURES,ZN,bond,APPENDIX_C_172_004,10-year US,ZNM2,328264,2012-04-04,PROVIDER_CONDITION_AVAILABLE,-15.03125,129.4375,114.40625,DEV_RECON_LOCAL_BACK_ADJUSTED_DATED_CONTRACT_CHAIN,2012-04-04T00:00:00Z,128.875,129.546875,128.796875,1243045.0,113.84375,114.515625,113.765625,1243045.0
SOURCE_NATIVE_FUTURES,ZN,bond,APPENDIX_C_172_004,10-year US,ZNM2,328264,2012-04-04,PROVIDER_CONDITION_AVAILABLE,-15.03125,129.4375,114.40625,DEV_RECON_LOCAL_BACK_ADJUSTED_DATED_CONTRACT_CHAIN,2012-04-04T00:00:00Z,128.875,129.546875,128.796875,1243045.0,113.84375,114.515625,113.765625,1243045.0
SOURCE_NATIVE_FUTURES,ZN,bond,APPENDIX_C_172_004,10-year US,ZNM2,328264,2012-04-05,PROVIDER_CONDITION_AVAILABLE,-15.03125,129.9375,114.90625,DEV_RECON_LOCAL_BACK_ADJUSTED_DATED_CONTRACT_CHAIN,2012-04-05T00:00:00Z,129.453125,130.28125,129.390625,1105600.0,114.421875,115.25,114.359375,1105600.0
SOURCE_NATIVE_FUTURES,ZN,bond,APPENDIX_C_172_004,10-year US,ZNM2,328264,2012-04-05,PROVIDER_CONDITION_AVAILABLE,-15.03125,129.9375,114.90625,DEV_RECON_LOCAL_BACK_ADJUSTED_DATED_CONTRACT_CHAIN,2012-04-05T00:00:00Z,129.453125,130.28125,129.390625,1105600.0,114.421875,115.25,114.359375,1105600.0
SOURCE_NATIVE_FUTURES,ZN,bond,APPENDIX_C_172_004,10-year US,ZNM2,328264,2012-04-06,PROVIDER_CONDITION_AVAILABLE,-15.03125,131.0625,116.03125,DEV_RECON_LOCAL_BACK_ADJUSTED_DATED_CONTRACT_CHAIN,2012-04-06T00:00:00Z,129.9375,131.09375,129.765625,441556.0,114.90625,116.0625,114.734375,441556.0
SOURCE_NATIVE_FUTURES,ZN,bond,APPENDIX_C_172_004,10-year US,ZNM2,328264,2012-04-06,PROVIDER_CONDITION_AVAILABLE,-15.03125,131.0625,116.03125,DEV_RECON_LOCAL_BACK_ADJUSTED_DATED_CONTRACT_CHAIN,2012-04-06T00:00:00Z,129.9375,131.09375,129.765625,441556.0,114.90625,116.0625,114.734375,441556.0
SOURCE_NATIVE_FUTURES,ZN,bond,APPENDIX_C_172_004,10-year US,ZNM2,328264,2012-04-08,PROVIDER_CONDITION_AVAILABLE,-15.03125,131.171875,116.140625,DEV_RECON_LOCAL_BACK_ADJUSTED_DATED_CONTRACT_CHAIN,2012-04-08T00:00:00Z,131.3125,131.3125,131.109375,11679.0,116.28125,116.28125,116.078125,11679.0
SOURCE_NATIVE_FUTURES,ZN,bond,APPENDIX_C_172_004,10-year US,ZNM2,328264,2012-04-08,PROVIDER_CONDITION_AVAILABLE,-15.03125,131.171875,116.140625,DEV_RECON_LOCAL_BACK_ADJUSTED_DATED_CONTRACT_CHAIN,2012-04-08T00:00:00Z,131.3125,131.3125,131.109375,11679.0,116.28125,116.28125,116.078125,11679.0
SOURCE_NATIVE_FUTURES,ZN,bond,APPENDIX_C_172_004,10-year US,ZNM2,328264,2012-04-09,PROVIDER_CONDITION_AVAILABLE,-15.03125,131.046875,116.015625,DEV_RECON_LOCAL_BACK_ADJUSTED_DATED_CONTRACT_CHAIN,2012-04-09T00:00:00Z,131.171875,131.3125,130.890625,552506.0,116.140625,116.28125,115.859375,552506.0
SOURCE_NATIVE_FUTURES,ZN,bond,APPENDIX_C_172_004,10-year US,ZNM2,328264,2012-04-09,PROVIDER_CONDITION_AVAILABLE,-15.03125,131.046875,116.015625,DEV_RECON_LOCAL_BACK_ADJUSTED_DATED_CONTRACT_CHAIN,2012-04-09T00:00:00Z,131.171875,131.3125,130.890625,552506.0,116.140625,116.28125,115.859375,552506.0
SOURCE_NATIVE_FUTURES,ZN,bond,APPENDIX_C_172_004,10-year US,ZNM2,328264,2012-04-10,PROVIDER_CONDITION_AVAILABLE,-15.03125,131.515625,116.484375,DEV_RECON_LOCAL_BACK_ADJUSTED_DATED_CONTRACT_CHAIN,2012-04-10T00:00:00Z,131.046875,131.734375,130.921875,1381160.0,116.015625,116.703125,115.890625,1381160.0
SOURCE_NATIVE_FUTURES,ZN,bond,APPENDIX_C_172_004,10-year US,ZNM2,328264,2012-04-10,PROVIDER_CONDITION_AVAILABLE,-15.03125,131.515625,116.484375,DEV_RECON_LOCAL_BACK_ADJUSTED_DATED_CONTRACT_CHAIN,2012-04-10T00:00:00Z,131.046875,131.734375,130.921875,1381160.0,116.015625,116.703125,115.890625,1381160.0
SOURCE_NATIVE_FUTURES,ZN,bond,APPENDIX_C_172_004,10-year US,ZNM2,328264,2012-04-11,PROVIDER_CONDITION_AVAILABLE,-15.03125,131.296875,116.265625,DEV_RECON_LOCAL_BACK_ADJUSTED_DATED_CONTRACT_CHAIN,2012-04-11T00:00:00Z,131.515625,131.546875,131.140625,1049229.0,116.484375,116.515625,116.109375,1049229.0
SOURCE_NATIVE_FUTURES,ZN,bond,APPENDIX_C_172_004,10-year US,ZNM2,328264,2012-04-11,PROVIDER_CONDITION_AVAILABLE,-15.03125,131.296875,116.265625,DEV_RECON_LOCAL_BACK_ADJUSTED_DATED_CONTRACT_CHAIN,2012-04-11T00:00:00Z,131.515625,131.546875,131.140625,1049229.0,116.484375,116.515625,116.109375,1049229.0
SOURCE_NATIVE_FUTURES,ZN,bond,APPENDIX_C_172_004,10-year US,ZNM2,328264,2012-04-12,PROVIDER_CONDITION_AVAILABLE,-15.03125,131.203125,116.171875,DEV_RECON_LOCAL_BACK_ADJUSTED_DATED_CONTRACT_CHAIN,2012-04-12T00:00:00Z,131.296875,131.46875,131.0,1106782.0,116.265625,116.4375,115.96875,1106782.0
SOURCE_NATIVE_FUTURES,ZN,bond,APPENDIX_C_172_004,10-year US,ZNM2,328264,2012-04-12,PROVIDER_CONDITION_AVAILABLE,-15.03125,131.203125,116.171875,DEV_RECON_LOCAL_BACK_ADJUSTED_DATED_CONTRACT_CHAIN,2012-04-12T00:00:00Z,131.296875,131.46875,131.0,1106782.0,116.265625,116.4375,115.96875,1106782.0
SOURCE_NATIVE_FUTURES,ZN,bond,APPENDIX_C_172_004,10-year US,ZNM2,328264,2012-04-13,PROVIDER_CONDITION_AVAILABLE,-15.03125,131.59375,116.5625,DEV_RECON_LOCAL_BACK_ADJUSTED_DATED_CONTRACT_CHAIN,2012-04-13T00:00:00Z,131.203125,131.671875,131.15625,908411.0,116.171875,116.640625,116.125,908411.0
SOURCE_NATIVE_FUTURES,ZN,bond,APPENDIX_C_172_004,10-year US,ZNM2,328264,2012-04-13,PROVIDER_CONDITION_AVAILABLE,-15.03125,131.59375,116.5625,DEV_RECON_LOCAL_BACK_ADJUSTED_DATED_CONTRACT_CHAIN,2012-04-13T00:00:00Z,131.203125,131.671875,131.15625,908411.0,116.171875,116.640625,116.125,908411.0
SOURCE_NATIVE_FUTURES,ZN,bond,APPENDIX_C_172_004,10-year US,ZNM2,328264,2012-04-15,PROVIDER_CONDITION_AVAILABLE,-15.03125,131.5625,116.53125,DEV_RECON_LOCAL_BACK_ADJUSTED_DATED_CONTRACT_CHAIN,2012-04-15T00:00:00Z,131.578125,131.640625,131.53125,10068.0,116.546875,116.609375,116.5,10068.0
SOURCE_NATIVE_FUTURES,ZN,bond,APPENDIX_C_172_004,10-year US,ZNM2,328264,2012-04-15,PROVIDER_CONDITION_AVAILABLE,-15.03125,131.5625,116.53125,DEV_RECON_LOCAL_BACK_ADJUSTED_DATED_CONTRACT_CHAIN,2012-04-15T00:00:00Z,131.578125,131.640625,131.53125,10068.0,116.546875,116.609375,116.5,10068.0
SOURCE_NATIVE_FUTURES,ZN,bond,APPENDIX_C_172_004,10-year US,ZNM2,328264,2012-04-16,PROVIDER_CONDITION_AVAILABLE,-15.03125,131.59375,116.5625,DEV_RECON_LOCAL_BACK_ADJUSTED_DATED_CONTRACT_CHAIN,2012-04-16T00:00:00Z,131.5625,131.90625,131.46875,976084.0,116.53125,116.875,116.4375,976084.0
SOURCE_NATIVE_FUTURES,ZN,bond,APPENDIX_C_172_004,10-year US,ZNM2,328264,2012-04-16,PROVIDER_CONDITION_AVAILABLE,-15.03125,131.59375,116.5625,DEV_RECON_LOCAL_BACK_ADJUSTED_DATED_CONTRACT_CHAIN,2012-04-16T00:00:00Z,131.5625,131.90625,131.46875,976084.0,116.53125,116.875,116.4375,976084.0
SOURCE_NATIVE_FUTURES,ZN,bond,APPENDIX_C_172_004,10-year US,ZNM2,328264,2012-04-17,PROVIDER_CONDITION_AVAILABLE,-15.03125,131.40625,116.375,DEV_RECON_LOCAL_BACK_ADJUSTED_DATED_CONTRACT_CHAIN,2012-04-17T00:00:00Z,131.59375,131.78125,131.3125,908620.0,116.5625,116.75,116.28125,908620.0
SOURCE_NATIVE_FUTURES,ZN,bond,APPENDIX_C_172_004,10-year US,ZNM2,328264,2012-04-17,PROVIDER_CONDITION_AVAILABLE,-15.03125,131.40625,116.375,DEV_RECON_LOCAL_BACK_ADJUSTED_DATED_CONTRACT_CHAIN,2012-04-17T00:00:00Z,131.59375,131.78125,131.3125,908620.0,116.5625,116.75,116.28125,908620.0
SOURCE_NATIVE_FUTURES,ZN,bond,APPENDIX_C_172_004,10-year US,ZNM2,328264,2012-04-18,PROVIDER_CONDITION_AVAILABLE,-15.03125,131.5625,116.53125,DEV_RECON_LOCAL_BACK_ADJUSTED_DATED_CONTRACT_CHAIN,2012-04-18T00:00:00Z,131.421875,131.6875,131.296875,783824.0,116.390625,116.65625,116.265625,783824.0
SOURCE_NATIVE_FUTURES,ZN,bond,APPENDIX_C_172_004,10-year US,ZNM2,328264,2012-04-18,PROVIDER_CONDITION_AVAILABLE,-15.03125,131.5625,116.53125,DEV_RECON_LOCAL_BACK_ADJUSTED_DATED_CONTRACT_CHAIN,2012-04-18T00:00:00Z,131.421875,131.6875,131.296875,783824.0,116.390625,116.65625,116.265625,783824.0
SOURCE_NATIVE_FUTURES,ZN,bond,APPENDIX_C_172_004,10-year US,ZNM2,328264,2012-04-19,PROVIDER_CONDITION_AVAILABLE,-15.03125,131.65625,116.625,DEV_RECON_LOCAL_BACK_ADJUSTED_DATED_CONTRACT_CHAIN,2012-04-19T00:00:00Z,131.578125,131.8125,131.421875,977395.0,116.546875,116.78125,116.390625,977395.0
SOURCE_NATIVE_FUTURES,ZN,bond,APPENDIX_C_172_004,10-year US,ZNM2,328264,2012-04-19,PROVIDER_CONDITION_AVAILABLE,-15.03125,131.65625,116.625,DEV_RECON_LOCAL_BACK_ADJUSTED_DATED_CONTRACT_CHAIN,2012-04-19T00:00:00Z,131.578125,131.8125,131.421875,977395.0,116.546875,116.78125,116.390625,977395.0
SOURCE_NATIVE_FUTURES,ZN,bond,APPENDIX_C_172_004,10-year US,ZNM2,328264,2012-04-20,PROVIDER_CONDITION_AVAILABLE,-15.03125,131.71875,116.6875,DEV_RECON_LOCAL_BACK_ADJUSTED_DATED_CONTRACT_CHAIN,2012-04-20T00:00:00Z,131.65625,131.78125,131.453125,691644.0,116.625,116.75,116.421875,691644.0
SOURCE_NATIVE_FUTURES,ZN,bond,APPENDIX_C_172_004,10-year US,ZNM2,328264,2012-04-20,PROVIDER_CONDITION_AVAILABLE,-15.03125,131.71875,116.6875,DEV_RECON_LOCAL_BACK_ADJUSTED_DATED_CONTRACT_CHAIN,2012-04-20T00:00:00Z,131.65625,131.78125,131.453125,691644.0,116.625,116.75,116.421875,691644.0
SOURCE_NATIVE_FUTURES,ZN,bond,APPENDIX_C_172_004,10-year US,ZNM2,328264,2012-04-22,PROVIDER_CONDITION_AVAILABLE,-15.03125,131.75,116.71875,DEV_RECON_LOCAL_BACK_ADJUSTED_DATED_CONTRACT_CHAIN,2012-04-22T00:00:00Z,131.71875,131.78125,131.71875,4359.0,116.6875,116.75,116.6875,4359.0
SOURCE_NATIVE_FUTURES,ZN,bond,APPENDIX_C_172_004,10-year US,ZNM2,328264,2012-04-22,PROVIDER_CONDITION_AVAILABLE,-15.03125,131.75,116.71875,DEV_RECON_LOCAL_BACK_ADJUSTED_DATED_CONTRACT_CHAIN,2012-04-22T00:00:00Z,131.71875,131.78125,131.71875,4359.0,116.6875,116.75,116.6875,4359.0
SOURCE_NATIVE_FUTURES,ZN,bond,APPENDIX_C_172_004,10-year US,ZNM2,328264,2012-04-23,PROVIDER_CONDITION_AVAILABLE,-15.03125,131.96875,116.9375,DEV_RECON_LOCAL_BACK_ADJUSTED_DATED_CONTRACT_CHAIN,2012-04-23T00:00:00Z,131.75,132.140625,131.703125,791968.0,116.71875,117.109375,116.671875,791968.0
SOURCE_NATIVE_FUTURES,ZN,bond,APPENDIX_C_172_004,10-year US,ZNM2,328264,2012-04-23,PROVIDER_CONDITION_AVAILABLE,-15.03125,131.96875,116.9375,DEV_RECON_LOCAL_BACK_ADJUSTED_DATED_CONTRACT_CHAIN,2012-04-23T00:00:00Z,131.75,132.140625,131.703125,791968.0,116.71875,117.109375,116.671875,791968.0
SOURCE_NATIVE_FUTURES,ZN,bond,APPENDIX_C_172_004,10-year US,ZNM2,328264,2012-04-24,PROVIDER_CONDITION_AVAILABLE,-15.03125,131.671875,116.640625,DEV_RECON_LOCAL_BACK_ADJUSTED_DATED_CONTRACT_CHAIN,2012-04-24T00:00:00Z,131.96875,132.109375,131.640625,844127.0,116.9375,117.078125,116.609375,844127.0
SOURCE_NATIVE_FUTURES,ZN,bond,APPENDIX_C_172_004,10-year US,ZNM2,328264,2012-04-24,PROVIDER_CONDITION_AVAILABLE,-15.03125,131.671875,116.640625,DEV_RECON_LOCAL_BACK_ADJUSTED_DATED_CONTRACT_CHAIN,2012-04-24T00:00:00Z,131.96875,132.109375,131.640625,844127.0,116.9375,117.078125,116.609375,844127.0
SOURCE_NATIVE_FUTURES,ZN,bond,APPENDIX_C_172_004,10-year US,ZNM2,328264,2012-04-25,PROVIDER_CONDITION_AVAILABLE,-15.03125,131.703125,116.671875,DEV_RECON_LOCAL_BACK_ADJUSTED_DATED_CONTRACT_CHAIN,2012-04-25T00:00:00Z,131.671875,131.78125,131.1875,1234330.0,116.640625,116.75,116.15625,1234330.0
SOURCE_NATIVE_FUTURES,ZN,bond,APPENDIX_C_172_004,10-year US,ZNM2,328264,2012-04-25,PROVIDER_CONDITION_AVAILABLE,-15.03125,131.703125,116.671875,DEV_RECON_LOCAL_BACK_ADJUSTED_DATED_CONTRACT_CHAIN,2012-04-25T00:00:00Z,131.671875,131.78125,131.1875,1234330.0,116.640625,116.75,116.15625,1234330.0
SOURCE_NATIVE_FUTURES,ZN,bond,APPENDIX_C_172_004,10-year US,ZNM2,328264,2012-04-26,PROVIDER_CONDITION_AVAILABLE,-15.03125,132.25,117.21875,DEV_RECON_LOCAL_BACK_ADJUSTED_DATED_CONTRACT_CHAIN,2012-04-26T00:00:00Z,131.6875,132.296875,131.59375,1106787.0,116.65625,117.265625,116.5625,1106787.0
SOURCE_NATIVE_FUTURES,ZN,bond,APPENDIX_C_172_004,10-year US,ZNM2,328264,2012-04-26,PROVIDER_CONDITION_AVAILABLE,-15.03125,132.25,117.21875,DEV_RECON_LOCAL_BACK_ADJUSTED_DATED_CONTRACT_CHAIN,2012-04-26T00:00:00Z,131.6875,132.296875,131.59375,1106787.0,116.65625,117.265625,116.5625,1106787.0
SOURCE_NATIVE_FUTURES,ZN,bond,APPENDIX_C_172_004,10-year US,ZNM2,328264,2012-04-27,PROVIDER_CONDITION_AVAILABLE,-15.03125,132.109375,117.078125,DEV_RECON_LOCAL_BACK_ADJUSTED_DATED_CONTRACT_CHAIN,2012-04-27T00:00:00Z,132.25,132.53125,131.9375,934076.0,117.21875,117.5,116.90625,934076.0
SOURCE_NATIVE_FUTURES,ZN,bond,APPENDIX_C_172_004,10-year US,ZNM2,328264,2012-04-27,PROVIDER_CONDITION_AVAILABLE,-15.03125,132.109375,117.078125,DEV_RECON_LOCAL_BACK_ADJUSTED_DATED_CONTRACT_CHAIN,2012-04-27T00:00:00Z,132.25,132.53125,131.9375,934076.0,117.21875,117.5,116.90625,934076.0
SOURCE_NATIVE_FUTURES,ZN,bond,APPENDIX_C_172_004,10-year US,ZNM2,328264,2012-04-29,PROVIDER_CONDITION_AVAILABLE,-15.03125,132.125,117.09375,DEV_RECON_LOCAL_BACK_ADJUSTED_DATED_CONTRACT_CHAIN,2012-04-29T00:00:00Z,132.140625,132.15625,132.109375,5757.0,117.109375,117.125,117.078125,5757.0
SOURCE_NATIVE_FUTURES,ZN,bond,APPENDIX_C_172_004,10-year US,ZNM2,328264,2012-04-29,PROVIDER_CONDITION_AVAILABLE,-15.03125,132.125,117.09375,DEV_RECON_LOCAL_BACK_ADJUSTED_DATED_CONTRACT_CHAIN,2012-04-29T00:00:00Z,132.140625,132.15625,132.109375,5757.0,117.109375,117.125,117.078125,5757.0
SOURCE_NATIVE_FUTURES,ZN,bond,APPENDIX_C_172_004,10-year US,ZNM2,328264,2012-04-30,PROVIDER_CONDITION_AVAILABLE,-15.03125,132.25,117.21875,DEV_RECON_LOCAL_BACK_ADJUSTED_DATED_CONTRACT_CHAIN,2012-04-30T00:00:00Z,132.125,132.375,132.0,624757.0,117.09375,117.34375,116.96875,624757.0
SOURCE_NATIVE_FUTURES,ZN,bond,APPENDIX_C_172_004,10-year US,ZNM2,328264,2012-04-30,PROVIDER_CONDITION_AVAILABLE,-15.03125,132.25,117.21875,DEV_RECON_LOCAL_BACK_ADJUSTED_DATED_CONTRACT_CHAIN,2012-04-30T00:00:00Z,132.125,132.375,132.0,624757.0,117.09375,117.34375,116.96875,624757.0
SOURCE_NATIVE_FUTURES,ZN,bond,APPENDIX_C_172_004,10-year US,ZNM2,328264,2012-05-01,PROVIDER_CONDITION_AVAILABLE,-15.03125,132.0,116.96875,DEV_RECON_LOCAL_BACK_ADJUSTED_DATED_CONTRACT_CHAIN,2012-05-01T00:00:00Z,132.234375,132.40625,131.921875,762628.0,117.203125,117.375,116.890625,762628.0
SOURCE_NATIVE_FUTURES,ZN,bond,APPENDIX_C_172_004,10-year US,ZNM2,328264,2012-05-01,PROVIDER_CONDITION_AVAILABLE,-15.03125,132.0,116.96875,DEV_RECON_LOCAL_BACK_ADJUSTED_DATED_CONTRACT_CHAIN,2012-05-01T00:00:00Z,132.234375,132.40625,131.921875,762628.0,117.203125,117.375,116.890625,762628.0
SOURCE_NATIVE_FUTURES,ZN,bond,APPENDIX_C_172_004,10-year US,ZNM2,328264,2012-05-02,PROVIDER_CONDITION_AVAILABLE,-15.03125,132.171875,117.140625,DEV_RECON_LOCAL_BACK_ADJUSTED_DATED_CONTRACT_CHAIN,2012-05-02T00:00:00Z,132.015625,132.40625,131.859375,949751.0,116.984375,117.375,116.828125,949751.0
SOURCE_NATIVE_FUTURES,ZN,bond,APPENDIX_C_172_004,10-year US,ZNM2,328264,2012-05-02,PROVIDER_CONDITION_AVAILABLE,-15.03125,132.171875,117.140625,DEV_RECON_LOCAL_BACK_ADJUSTED_DATED_CONTRACT_CHAIN,2012-05-02T00:00:00Z,132.015625,132.40625,131.859375,949751.0,116.984375,117.375,116.828125,949751.0
SOURCE_NATIVE_FUTURES,ZN,bond,APPENDIX_C_172_004,10-year US,ZNM2,328264,2012-05-03,PROVIDER_CONDITION_AVAILABLE,-15.03125,132.125,117.09375,DEV_RECON_LOCAL_BACK_ADJUSTED_DATED_CONTRACT_CHAIN,2012-05-03T00:00:00Z,132.1875,132.296875,131.921875,786837.0,117.15625,117.265625,116.890625,786837.0
SOURCE_NATIVE_FUTURES,ZN,bond,APPENDIX_C_172_004,10-year US,ZNM2,328264,2012-05-03,PROVIDER_CONDITION_AVAILABLE,-15.03125,132.125,117.09375,DEV_RECON_LOCAL_BACK_ADJUSTED_DATED_CONTRACT_CHAIN,2012-05-03T00:00:00Z,132.1875,132.296875,131.921875,786837.0,117.15625,117.265625,116.890625,786837.0
SOURCE_NATIVE_FUTURES,ZN,bond,APPENDIX_C_172_004,10-year US,ZNM2,328264,2012-05-04,PROVIDER_CONDITION_AVAILABLE,-15.03125,132.640625,117.609375,DEV_RECON_LOCAL_BACK_ADJUSTED_DATED_CONTRACT_CHAIN,2012-05-04T00:00:00Z,132.125,132.703125,131.984375,1248326.0,117.09375,117.671875,116.953125,1248326.0
SOURCE_NATIVE_FUTURES,ZN,bond,APPENDIX_C_172_004,10-year US,ZNM2,328264,2012-05-04,PROVIDER_CONDITION_AVAILABLE,-15.03125,132.640625,117.609375,DEV_RECON_LOCAL_BACK_ADJUSTED_DATED_CONTRACT_CHAIN,2012-05-04T00:00:00Z,132.125,132.703125,131.984375,1248326.0,117.09375,117.671875,116.953125,1248326.0
SOURCE_NATIVE_FUTURES,ZN,bond,APPENDIX_C_172_004,10-year US,ZNM2,328264,2012-05-06,PROVIDER_CONDITION_AVAILABLE,-15.03125,132.953125,117.921875,DEV_RECON_LOCAL_BACK_ADJUSTED_DATED_CONTRACT_CHAIN,2012-05-06T00:00:00Z,132.78125,132.984375,132.75,32525.0,117.75,117.953125,117.71875,32525.0
SOURCE_NATIVE_FUTURES,ZN,bond,APPENDIX_C_172_004,10-year US,ZNM2,328264,2012-05-06,PROVIDER_CONDITION_AVAILABLE,-15.03125,132.953125,117.921875,DEV_RECON_LOCAL_BACK_ADJUSTED_DATED_CONTRACT_CHAIN,2012-05-06T00:00:00Z,132.78125,132.984375,132.75,32525.0,117.75,117.953125,117.71875,32525.0
SOURCE_NATIVE_FUTURES,ZN,bond,APPENDIX_C_172_004,10-year US,ZNM2,328264,2012-05-07,PROVIDER_CONDITION_AVAILABLE,-15.03125,132.671875,117.640625,DEV_RECON_LOCAL_BACK_ADJUSTED_DATED_CONTRACT_CHAIN,2012-05-07T00:00:00Z,132.9375,133.0625,132.609375,596200.0,117.90625,118.03125,117.578125,596200.0
SOURCE_NATIVE_FUTURES,ZN,bond,APPENDIX_C_172_004,10-year US,ZNM2,328264,2012-05-07,PROVIDER_CONDITION_AVAILABLE,-15.03125,132.671875,117.640625,DEV_RECON_LOCAL_BACK_ADJUSTED_DATED_CONTRACT_CHAIN,2012-05-07T00:00:00Z,132.9375,133.0625,132.609375,596200.0,117.90625,118.03125,117.578125,596200.0
SOURCE_NATIVE_FUTURES,ZN,bond,APPENDIX_C_172_004,10-year US,ZNM2,328264,2012-05-08,PROVIDER_CONDITION_AVAILABLE,-15.03125,132.859375,117.828125,DEV_RECON_LOCAL_BACK_ADJUSTED_DATED_CONTRACT_CHAIN,2012-05-08T00:00:00Z,132.671875,133.125,132.59375,982976.0,117.640625,118.09375,117.5625,982976.0
SOURCE_NATIVE_FUTURES,ZN,bond,APPENDIX_C_172_004,10-year US,ZNM2,328264,2012-05-08,PROVIDER_CONDITION_AVAILABLE,-15.03125,132.859375,117.828125,DEV_RECON_LOCAL_BACK_ADJUSTED_DATED_CONTRACT_CHAIN,2012-05-08T00:00:00Z,132.671875,133.125,132.59375,982976.0,117.640625,118.09375,117.5625,982976.0
SOURCE_NATIVE_FUTURES,ZN,bond,APPENDIX_C_172_004,10-year US,ZNM2,328264,2012-05-09,PROVIDER_CONDITION_AVAILABLE,-15.03125,132.96875,117.9375,DEV_RECON_LOCAL_BACK_ADJUSTED_DATED_CONTRACT_CHAIN,2012-05-09T00:00:00Z,132.859375,133.265625,132.828125,1203364.0,117.828125,118.234375,117.796875,1203364.0
SOURCE_NATIVE_FUTURES,ZN,bond,APPENDIX_C_172_004,10-year US,ZNM2,328264,2012-05-09,PROVIDER_CONDITION_AVAILABLE,-15.03125,132.96875,117.9375,DEV_RECON_LOCAL_BACK_ADJUSTED_DATED_CONTRACT_CHAIN,2012-05-09T00:00:00Z,132.859375,133.265625,132.828125,1203364.0,117.828125,118.234375,117.796875,1203364.0
SOURCE_NATIVE_FUTURES,ZN,bond,APPENDIX_C_172_004,10-year US,ZNM2,328264,2012-05-10,PROVIDER_CONDITION_AVAILABLE,-15.03125,133.015625,117.984375,DEV_RECON_LOCAL_BACK_ADJUSTED_DATED_CONTRACT_CHAIN,2012-05-10T00:00:00Z,132.96875,133.0625,132.546875,1168019.0,117.9375,118.03125,117.515625,1168019.0
SOURCE_NATIVE_FUTURES,ZN,bond,APPENDIX_C_172_004,10-year US,ZNM2,328264,2012-05-10,PROVIDER_CONDITION_AVAILABLE,-15.03125,133.015625,117.984375,DEV_RECON_LOCAL_BACK_ADJUSTED_DATED_CONTRACT_CHAIN,2012-05-10T00:00:00Z,132.96875,133.0625,132.546875,1168019.0,117.9375,118.03125,117.515625,1168019.0
SOURCE_NATIVE_FUTURES,ZN,bond,APPENDIX_C_172_004,10-year US,ZNM2,328264,2012-05-11,PROVIDER_CONDITION_AVAILABLE,-15.03125,133.078125,118.046875,DEV_RECON_LOCAL_BACK_ADJUSTED_DATED_CONTRACT_CHAIN,2012-05-11T00:00:00Z,133.015625,133.140625,132.875,734452.0,117.984375,118.109375,117.84375,734452.0
SOURCE_NATIVE_FUTURES,ZN,bond,APPENDIX_C_172_004,10-year US,ZNM2,328264,2012-05-11,PROVIDER_CONDITION_AVAILABLE,-15.03125,133.078125,118.046875,DEV_RECON_LOCAL_BACK_ADJUSTED_DATED_CONTRACT_CHAIN,2012-05-11T00:00:00Z,133.015625,133.140625,132.875,734452.0,117.984375,118.109375,117.84375,734452.0
SOURCE_NATIVE_FUTURES,ZN,bond,APPENDIX_C_172_004,10-year US,ZNM2,328264,2012-05-13,PROVIDER_CONDITION_AVAILABLE,-15.03125,133.171875,118.140625,DEV_RECON_LOCAL_BACK_ADJUSTED_DATED_CONTRACT_CHAIN,2012-05-13T00:00:00Z,133.125,133.25,133.125,12792.0,118.09375,118.21875,118.09375,12792.0
SOURCE_NATIVE_FUTURES,ZN,bond,APPENDIX_C_172_004,10-year US,ZNM2,328264,2012-05-13,PROVIDER_CONDITION_AVAILABLE,-15.03125,133.171875,118.140625,DEV_RECON_LOCAL_BACK_ADJUSTED_DATED_CONTRACT_CHAIN,2012-05-13T00:00:00Z,133.125,133.25,133.125,12792.0,118.09375,118.21875,118.09375,12792.0
SOURCE_NATIVE_FUTURES,ZN,bond,APPENDIX_C_172_004,10-year US,ZNM2,328264,2012-05-14,PROVIDER_CONDITION_AVAILABLE,-15.03125,133.5,118.46875,DEV_RECON_LOCAL_BACK_ADJUSTED_DATED_CONTRACT_CHAIN,2012-05-14T00:00:00Z,133.171875,133.609375,133.09375,945641.0,118.140625,118.578125,118.0625,945641.0
SOURCE_NATIVE_FUTURES,ZN,bond,APPENDIX_C_172_004,10-year US,ZNM2,328264,2012-05-14,PROVIDER_CONDITION_AVAILABLE,-15.03125,133.5,118.46875,DEV_RECON_LOCAL_BACK_ADJUSTED_DATED_CONTRACT_CHAIN,2012-05-14T00:00:00Z,133.171875,133.609375,133.09375,945641.0,118.140625,118.578125,118.0625,945641.0
SOURCE_NATIVE_FUTURES,ZN,bond,APPENDIX_C_172_004,10-year US,ZNM2,328264,2012-05-15,PROVIDER_CONDITION_AVAILABLE,-15.03125,133.40625,118.375,DEV_RECON_LOCAL_BACK_ADJUSTED_DATED_CONTRACT_CHAIN,2012-05-15T00:00:00Z,133.484375,133.609375,133.203125,1238557.0,118.453125,118.578125,118.171875,1238557.0
SOURCE_NATIVE_FUTURES,ZN,bond,APPENDIX_C_172_004,10-year US,ZNM2,328264,2012-05-15,PROVIDER_CONDITION_AVAILABLE,-15.03125,133.40625,118.375,DEV_RECON_LOCAL_BACK_ADJUSTED_DATED_CONTRACT_CHAIN,2012-05-15T00:00:00Z,133.484375,133.609375,133.203125,1238557.0,118.453125,118.578125,118.171875,1238557.0
SOURCE_NATIVE_FUTURES,ZN,bond,APPENDIX_C_172_004,10-year US,ZNM2,328264,2012-05-16,PROVIDER_CONDITION_AVAILABLE,-15.03125,133.296875,118.265625,DEV_RECON_LOCAL_BACK_ADJUSTED_DATED_CONTRACT_CHAIN,2012-05-16T00:00:00Z,133.40625,133.59375,133.015625,1332441.0,118.375,118.5625,117.984375,1332441.0
SOURCE_NATIVE_FUTURES,ZN,bond,APPENDIX_C_172_004,10-year US,ZNM2,328264,2012-05-16,PROVIDER_CONDITION_AVAILABLE,-15.03125,133.296875,118.265625,DEV_RECON_LOCAL_BACK_ADJUSTED_DATED_CONTRACT_CHAIN,2012-05-16T00:00:00Z,133.40625,133.59375,133.015625,1332441.0,118.375,118.5625,117.984375,1332441.0
SOURCE_NATIVE_FUTURES,ZN,bond,APPENDIX_C_172_004,10-year US,ZNM2,328264,2012-05-17,PROVIDER_CONDITION_AVAILABLE,-15.03125,133.75,118.71875,DEV_RECON_LOCAL_BACK_ADJUSTED_DATED_CONTRACT_CHAIN,2012-05-17T00:00:00Z,133.296875,133.8125,133.15625,1300573.0,118.265625,118.78125,118.125,1300573.0
SOURCE_NATIVE_FUTURES,ZN,bond,APPENDIX_C_172_004,10-year US,ZNM2,328264,2012-05-17,PROVIDER_CONDITION_AVAILABLE,-15.03125,133.75,118.71875,DEV_RECON_LOCAL_BACK_ADJUSTED_DATED_CONTRACT_CHAIN,2012-05-17T00:00:00Z,133.296875,133.8125,133.15625,1300573.0,118.265625,118.78125,118.125,1300573.0
SOURCE_NATIVE_FUTURES,ZN,bond,APPENDIX_C_172_004,10-year US,ZNM2,328264,2012-05-18,PROVIDER_CONDITION_AVAILABLE,-15.03125,133.609375,118.578125,DEV_RECON_LOCAL_BACK_ADJUSTED_DATED_CONTRACT_CHAIN,2012-05-18T00:00:00Z,133.734375,133.84375,133.484375,1104333.0,118.703125,118.8125,118.453125,1104333.0
SOURCE_NATIVE_FUTURES,ZN,bond,APPENDIX_C_172_004,10-year US,ZNM2,328264,2012-05-18,PROVIDER_CONDITION_AVAILABLE,-15.03125,133.609375,118.578125,DEV_RECON_LOCAL_BACK_ADJUSTED_DATED_CONTRACT_CHAIN,2012-05-18T00:00:00Z,133.734375,133.84375,133.484375,1104333.0,118.703125,118.8125,118.453125,1104333.0
SOURCE_NATIVE_FUTURES,ZN,bond,APPENDIX_C_172_004,10-year US,ZNU2,585392,2012-05-20,PROVIDER_CONDITION_AVAILABLE,-14.046875,132.65625,118.609375,DEV_RECON_LOCAL_BACK_ADJUSTED_DATED_CONTRACT_CHAIN,2012-05-20T00:00:00Z,132.65625,132.65625,132.65625,1.0,118.609375,118.609375,118.609375,1.0
SOURCE_NATIVE_FUTURES,ZN,bond,APPENDIX_C_172_004,10-year US,ZNU2,585392,2012-05-20,PROVIDER_CONDITION_AVAILABLE,-14.046875,132.65625,118.609375,DEV_RECON_LOCAL_BACK_ADJUSTED_DATED_CONTRACT_CHAIN,2012-05-20T00:00:00Z,132.65625,132.65625,132.65625,1.0,118.609375,118.609375,118.609375,1.0
SOURCE_NATIVE_FUTURES,ZN,bond,APPENDIX_C_172_004,10-year US,ZNU2,585392,2012-05-21,PROVIDER_CONDITION_AVAILABLE,-14.046875,132.46875,118.421875,DEV_RECON_LOCAL_BACK_ADJUSTED_DATED_CONTRACT_CHAIN,2012-05-21T00:00:00Z,132.5625,132.6875,132.375,5578.0,118.515625,118.640625,118.328125,5578.0
SOURCE_NATIVE_FUTURES,ZN,bond,APPENDIX_C_172_004,10-year US,ZNU2,585392,2012-05-21,PROVIDER_CONDITION_AVAILABLE,-14.046875,132.46875,118.421875,DEV_RECON_LOCAL_BACK_ADJUSTED_DATED_CONTRACT_CHAIN,2012-05-21T00:00:00Z,132.5625,132.6875,132.375,5578.0,118.515625,118.640625,118.328125,5578.0
SOURCE_NATIVE_FUTURES,ZN,bond,APPENDIX_C_172_004,10-year US,ZNU2,585392,2012-05-22,PROVIDER_CONDITION_AVAILABLE,-14.046875,132.40625,118.359375,DEV_RECON_LOCAL_BACK_ADJUSTED_DATED_CONTRACT_CHAIN,2012-05-22T00:00:00Z,132.4375,132.453125,132.09375,19795.0,118.390625,118.40625,118.046875,19795.0
SOURCE_NATIVE_FUTURES,ZN,bond,APPENDIX_C_172_004,10-year US,ZNU2,585392,2012-05-22,PROVIDER_CONDITION_AVAILABLE,-14.046875,132.40625,118.359375,DEV_RECON_LOCAL_BACK_ADJUSTED_DATED_CONTRACT_CHAIN,2012-05-22T00:00:00Z,132.4375,132.453125,132.09375,19795.0,118.390625,118.40625,118.046875,19795.0
SOURCE_NATIVE_FUTURES,ZN,bond,APPENDIX_C_172_004,10-year US,ZNU2,585392,2012-05-23,PROVIDER_CONDITION_AVAILABLE,-14.046875,132.671875,118.625,DEV_RECON_LOCAL_BACK_ADJUSTED_DATED_CONTRACT_CHAIN,2012-05-23T00:00:00Z,132.421875,132.875,132.40625,36829.0,118.375,118.828125,118.359375,36829.0
SOURCE_NATIVE_FUTURES,ZN,bond,APPENDIX_C_172_004,10-year US,ZNU2,585392,2012-05-23,PROVIDER_CONDITION_AVAILABLE,-14.046875,132.671875,118.625,DEV_RECON_LOCAL_BACK_ADJUSTED_DATED_CONTRACT_CHAIN,2012-05-23T00:00:00Z,132.421875,132.875,132.40625,36829.0,118.375,118.828125,118.359375,36829.0
SOURCE_NATIVE_FUTURES,ZN,bond,APPENDIX_C_172_004,10-year US,ZNU2,585392,2012-05-24,PROVIDER_CONDITION_AVAILABLE,-14.046875,132.421875,118.375,DEV_RECON_LOCAL_BACK_ADJUSTED_DATED_CONTRACT_CHAIN,2012-05-24T00:00:00Z,132.6875,132.875,132.34375,73744.0,118.640625,118.828125,118.296875,73744.0
SOURCE_NATIVE_FUTURES,ZN,bond,APPENDIX_C_172_004,10-year US,ZNU2,585392,2012-05-24,PROVIDER_CONDITION_AVAILABLE,-14.046875,132.421875,118.375,DEV_RECON_LOCAL_BACK_ADJUSTED_DATED_CONTRACT_CHAIN,2012-05-24T00:00:00Z,132.6875,132.875,132.34375,73744.0,118.640625,118.828125,118.296875,73744.0
SOURCE_NATIVE_FUTURES,ZN,bond,APPENDIX_C_172_004,10-year US,ZNU2,585392,2012-05-25,PROVIDER_CONDITION_AVAILABLE,-14.046875,132.84375,118.796875,DEV_RECON_LOCAL_BACK_ADJUSTED_DATED_CONTRACT_CHAIN,2012-05-25T00:00:00Z,132.421875,132.859375,132.34375,75214.0,118.375,118.8125,118.296875,75214.0
SOURCE_NATIVE_FUTURES,ZN,bond,APPENDIX_C_172_004,10-year US,ZNU2,585392,2012-05-25,PROVIDER_CONDITION_AVAILABLE,-14.046875,132.84375,118.796875,DEV_RECON_LOCAL_BACK_ADJUSTED_DATED_CONTRACT_CHAIN,2012-05-25T00:00:00Z,132.421875,132.859375,132.34375,75214.0,118.375,118.8125,118.296875,75214.0
SOURCE_NATIVE_FUTURES,ZN,bond,APPENDIX_C_172_004,10-year US,ZNU2,585392,2012-05-27,PROVIDER_CONDITION_AVAILABLE,-14.046875,132.65625,118.609375,DEV_RECON_LOCAL_BACK_ADJUSTED_DATED_CONTRACT_CHAIN,2012-05-27T00:00:00Z,132.78125,132.796875,132.5625,499.0,118.734375,118.75,118.515625,499.0
SOURCE_NATIVE_FUTURES,ZN,bond,APPENDIX_C_172_004,10-year US,ZNU2,585392,2012-05-27,PROVIDER_CONDITION_AVAILABLE,-14.046875,132.65625,118.609375,DEV_RECON_LOCAL_BACK_ADJUSTED_DATED_CONTRACT_CHAIN,2012-05-27T00:00:00Z,132.78125,132.796875,132.5625,499.0,118.734375,118.75,118.515625,499.0
SOURCE_NATIVE_FUTURES,ZN,bond,APPENDIX_C_172_004,10-year US,ZNU2,585392,2012-05-28,PROVIDER_CONDITION_AVAILABLE,-14.046875,132.765625,118.71875,DEV_RECON_LOCAL_BACK_ADJUSTED_DATED_CONTRACT_CHAIN,2012-05-28T00:00:00Z,132.625,132.796875,132.5,14445.0,118.578125,118.75,118.453125,14445.0
SOURCE_NATIVE_FUTURES,ZN,bond,APPENDIX_C_172_004,10-year US,ZNU2,585392,2012-05-28,PROVIDER_CONDITION_AVAILABLE,-14.046875,132.765625,118.71875,DEV_RECON_LOCAL_BACK_ADJUSTED_DATED_CONTRACT_CHAIN,2012-05-28T00:00:00Z,132.625,132.796875,132.5,14445.0,118.578125,118.75,118.453125,14445.0
SOURCE_NATIVE_FUTURES,ZN,bond,APPENDIX_C_172_004,10-year US,ZNU2,585392,2012-05-29,PROVIDER_CONDITION_AVAILABLE,-14.046875,132.796875,118.75,DEV_RECON_LOCAL_BACK_ADJUSTED_DATED_CONTRACT_CHAIN,2012-05-29T00:00:00Z,132.765625,133.078125,132.578125,194353.0,118.71875,119.03125,118.53125,194353.0
SOURCE_NATIVE_FUTURES,ZN,bond,APPENDIX_C_172_004,10-year US,ZNU2,585392,2012-05-29,PROVIDER_CONDITION_AVAILABLE,-14.046875,132.796875,118.75,DEV_RECON_LOCAL_BACK_ADJUSTED_DATED_CONTRACT_CHAIN,2012-05-29T00:00:00Z,132.765625,133.078125,132.578125,194353.0,118.71875,119.03125,118.53125,194353.0
SOURCE_NATIVE_FUTURES,ZN,bond,APPENDIX_C_172_004,10-year US,ZNU2,585392,2012-05-30,PROVIDER_CONDITION_AVAILABLE,-14.046875,133.78125,119.734375,DEV_RECON_LOCAL_BACK_ADJUSTED_DATED_CONTRACT_CHAIN,2012-05-30T00:00:00Z,132.78125,133.8125,132.78125,550011.0,118.734375,119.765625,118.734375,550011.0
SOURCE_NATIVE_FUTURES,ZN,bond,APPENDIX_C_172_004,10-year US,ZNU2,585392,2012-05-30,PROVIDER_CONDITION_AVAILABLE,-14.046875,133.78125,119.734375,DEV_RECON_LOCAL_BACK_ADJUSTED_DATED_CONTRACT_CHAIN,2012-05-30T00:00:00Z,132.78125,133.8125,132.78125,550011.0,118.734375,119.765625,118.734375,550011.0
SOURCE_NATIVE_FUTURES,ZN,bond,APPENDIX_C_172_004,10-year US,ZNU2,585392,2012-05-31,PROVIDER_CONDITION_AVAILABLE,-14.046875,134.015625,119.96875,DEV_RECON_LOCAL_BACK_ADJUSTED_DATED_CONTRACT_CHAIN,2012-05-31T00:00:00Z,133.78125,134.3125,133.453125,1452804.0,119.734375,120.265625,119.40625,1452804.0
SOURCE_NATIVE_FUTURES,ZN,bond,APPENDIX_C_172_004,10-year US,ZNU2,585392,2012-05-31,PROVIDER_CONDITION_AVAILABLE,-14.046875,134.015625,119.96875,DEV_RECON_LOCAL_BACK_ADJUSTED_DATED_CONTRACT_CHAIN,2012-05-31T00:00:00Z,133.78125,134.3125,133.453125,1452804.0,119.734375,120.265625,119.40625,1452804.0
SOURCE_NATIVE_FUTURES,ZN,bond,APPENDIX_C_172_004,10-year US,ZNU2,585392,2012-06-01,PROVIDER_CONDITION_AVAILABLE,-14.046875,134.796875,120.75,DEV_RECON_LOCAL_BACK_ADJUSTED_DATED_CONTRACT_CHAIN,2012-06-01T00:00:00Z,134.015625,134.953125,133.9375,1575220.0,119.96875,120.90625,119.890625,1575220.0
SOURCE_NATIVE_FUTURES,ZN,bond,APPENDIX_C_172_004,10-year US,ZNU2,585392,2012-06-01,PROVIDER_CONDITION_AVAILABLE,-14.046875,134.796875,120.75,DEV_RECON_LOCAL_BACK_ADJUSTED_DATED_CONTRACT_CHAIN,2012-06-01T00:00:00Z,134.015625,134.953125,133.9375,1575220.0,119.96875,120.90625,119.890625,1575220.0
SOURCE_NATIVE_FUTURES,ZN,bond,APPENDIX_C_172_004,10-year US,ZNU2,585392,2012-06-03,PROVIDER_CONDITION_AVAILABLE,-14.046875,134.859375,120.8125,DEV_RECON_LOCAL_BACK_ADJUSTED_DATED_CONTRACT_CHAIN,2012-06-03T00:00:00Z,134.75,134.921875,134.75,11265.0,120.703125,120.875,120.703125,11265.0
SOURCE_NATIVE_FUTURES,ZN,bond,APPENDIX_C_172_004,10-year US,ZNU2,585392,2012-06-03,PROVIDER_CONDITION_AVAILABLE,-14.046875,134.859375,120.8125,DEV_RECON_LOCAL_BACK_ADJUSTED_DATED_CONTRACT_CHAIN,2012-06-03T00:00:00Z,134.75,134.921875,134.75,11265.0,120.703125,120.875,120.703125,11265.0
SOURCE_NATIVE_FUTURES,ZN,bond,APPENDIX_C_172_004,10-year US,ZNU2,585392,2012-06-04,PROVIDER_CONDITION_AVAILABLE,-14.046875,134.109375,120.0625,DEV_RECON_LOCAL_BACK_ADJUSTED_DATED_CONTRACT_CHAIN,2012-06-04T00:00:00Z,134.859375,134.875,134.0625,949303.0,120.8125,120.828125,120.015625,949303.0
SOURCE_NATIVE_FUTURES,ZN,bond,APPENDIX_C_172_004,10-year US,ZNU2,585392,2012-06-04,PROVIDER_CONDITION_AVAILABLE,-14.046875,134.109375,120.0625,DEV_RECON_LOCAL_BACK_ADJUSTED_DATED_CONTRACT_CHAIN,2012-06-04T00:00:00Z,134.859375,134.875,134.0625,949303.0,120.8125,120.828125,120.015625,949303.0
SOURCE_NATIVE_FUTURES,ZN,bond,APPENDIX_C_172_004,10-year US,ZNU2,585392,2012-06-05,PROVIDER_CONDITION_AVAILABLE,-14.046875,133.859375,119.8125,DEV_RECON_LOCAL_BACK_ADJUSTED_DATED_CONTRACT_CHAIN,2012-06-05T00:00:00Z,134.109375,134.28125,133.703125,1054251.0,120.0625,120.234375,119.65625,1054251.0
SOURCE_NATIVE_FUTURES,ZN,bond,APPENDIX_C_172_004,10-year US,ZNU2,585392,2012-06-05,PROVIDER_CONDITION_AVAILABLE,-14.046875,133.859375,119.8125,DEV_RECON_LOCAL_BACK_ADJUSTED_DATED_CONTRACT_CHAIN,2012-06-05T00:00:00Z,134.109375,134.28125,133.703125,1054251.0,120.0625,120.234375,119.65625,1054251.0
SOURCE_NATIVE_FUTURES,ZN,bond,APPENDIX_C_172_004,10-year US,ZNU2,585392,2012-06-06,PROVIDER_CONDITION_AVAILABLE,-14.046875,133.28125,119.234375,DEV_RECON_LOCAL_BACK_ADJUSTED_DATED_CONTRACT_CHAIN,2012-06-06T00:00:00Z,133.859375,134.015625,133.140625,1614209.0,119.8125,119.96875,119.09375,1614209.0
SOURCE_NATIVE_FUTURES,ZN,bond,APPENDIX_C_172_004,10-year US,ZNU2,585392,2012-06-06,PROVIDER_CONDITION_AVAILABLE,-14.046875,133.28125,119.234375,DEV_RECON_LOCAL_BACK_ADJUSTED_DATED_CONTRACT_CHAIN,2012-06-06T00:00:00Z,133.859375,134.015625,133.140625,1614209.0,119.8125,119.96875,119.09375,1614209.0
SOURCE_NATIVE_FUTURES,ZN,bond,APPENDIX_C_172_004,10-year US,ZNU2,585392,2012-06-07,PROVIDER_CONDITION_AVAILABLE,-14.046875,133.546875,119.5,DEV_RECON_LOCAL_BACK_ADJUSTED_DATED_CONTRACT_CHAIN,2012-06-07T00:00:00Z,133.296875,133.578125,133.15625,1258592.0,119.25,119.53125,119.109375,1258592.0
SOURCE_NATIVE_FUTURES,ZN,bond,APPENDIX_C_172_004,10-year US,ZNU2,585392,2012-06-07,PROVIDER_CONDITION_AVAILABLE,-14.046875,133.546875,119.5,DEV_RECON_LOCAL_BACK_ADJUSTED_DATED_CONTRACT_CHAIN,2012-06-07T00:00:00Z,133.296875,133.578125,133.15625,1258592.0,119.25,119.53125,119.109375,1258592.0
SOURCE_NATIVE_FUTURES,ZN,bond,APPENDIX_C_172_004,10-year US,ZNU2,585392,2012-06-08,PROVIDER_CONDITION_AVAILABLE,-14.046875,133.46875,119.421875,DEV_RECON_LOCAL_BACK_ADJUSTED_DATED_CONTRACT_CHAIN,2012-06-08T00:00:00Z,133.546875,134.171875,133.4375,1155816.0,119.5,120.125,119.390625,1155816.0
SOURCE_NATIVE_FUTURES,ZN,bond,APPENDIX_C_172_004,10-year US,ZNU2,585392,2012-06-08,PROVIDER_CONDITION_AVAILABLE,-14.046875,133.46875,119.421875,DEV_RECON_LOCAL_BACK_ADJUSTED_DATED_CONTRACT_CHAIN,2012-06-08T00:00:00Z,133.546875,134.171875,133.4375,1155816.0,119.5,120.125,119.390625,1155816.0
SOURCE_NATIVE_FUTURES,ZN,bond,APPENDIX_C_172_004,10-year US,ZNU2,585392,2012-06-10,PROVIDER_CONDITION_AVAILABLE,-14.046875,132.859375,118.8125,DEV_RECON_LOCAL_BACK_ADJUSTED_DATED_CONTRACT_CHAIN,2012-06-10T00:00:00Z,133.03125,133.046875,132.5625,34308.0,118.984375,119.0,118.515625,34308.0
SOURCE_NATIVE_FUTURES,ZN,bond,APPENDIX_C_172_004,10-year US,ZNU2,585392,2012-06-10,PROVIDER_CONDITION_AVAILABLE,-14.046875,132.859375,118.8125,DEV_RECON_LOCAL_BACK_ADJUSTED_DATED_CONTRACT_CHAIN,2012-06-10T00:00:00Z,133.03125,133.046875,132.5625,34308.0,118.984375,119.0,118.515625,34308.0
SOURCE_NATIVE_FUTURES,ZN,bond,APPENDIX_C_172_004,10-year US,ZNU2,585392,2012-06-11,PROVIDER_CONDITION_AVAILABLE,-14.046875,133.890625,119.84375,DEV_RECON_LOCAL_BACK_ADJUSTED_DATED_CONTRACT_CHAIN,2012-06-11T00:00:00Z,132.859375,133.953125,132.75,1181743.0,118.8125,119.90625,118.703125,1181743.0
SOURCE_NATIVE_FUTURES,ZN,bond,APPENDIX_C_172_004,10-year US,ZNU2,585392,2012-06-11,PROVIDER_CONDITION_AVAILABLE,-14.046875,133.890625,119.84375,DEV_RECON_LOCAL_BACK_ADJUSTED_DATED_CONTRACT_CHAIN,2012-06-11T00:00:00Z,132.859375,133.953125,132.75,1181743.0,118.8125,119.90625,118.703125,1181743.0
SOURCE_NATIVE_FUTURES,ZN,bond,APPENDIX_C_172_004,10-year US,ZNU2,585392,2012-06-12,PROVIDER_CONDITION_AVAILABLE,-14.046875,133.28125,119.234375,DEV_RECON_LOCAL_BACK_ADJUSTED_DATED_CONTRACT_CHAIN,2012-06-12T00:00:00Z,133.890625,133.90625,133.15625,1228780.0,119.84375,119.859375,119.109375,1228780.0
SOURCE_NATIVE_FUTURES,ZN,bond,APPENDIX_C_172_004,10-year US,ZNU2,585392,2012-06-12,PROVIDER_CONDITION_AVAILABLE,-14.046875,133.28125,119.234375,DEV_RECON_LOCAL_BACK_ADJUSTED_DATED_CONTRACT_CHAIN,2012-06-12T00:00:00Z,133.890625,133.90625,133.15625,1228780.0,119.84375,119.859375,119.109375,1228780.0
SOURCE_NATIVE_FUTURES,ZN,bond,APPENDIX_C_172_004,10-year US,ZNU2,585392,2012-06-13,PROVIDER_CONDITION_AVAILABLE,-14.046875,133.640625,119.59375,DEV_RECON_LOCAL_BACK_ADJUSTED_DATED_CONTRACT_CHAIN,2012-06-13T00:00:00Z,133.296875,133.796875,132.90625,1328389.0,119.25,119.75,118.859375,1328389.0
SOURCE_NATIVE_FUTURES,ZN,bond,APPENDIX_C_172_004,10-year US,ZNU2,585392,2012-06-13,PROVIDER_CONDITION_AVAILABLE,-14.046875,133.640625,119.59375,DEV_RECON_LOCAL_BACK_ADJUSTED_DATED_CONTRACT_CHAIN,2012-06-13T00:00:00Z,133.296875,133.796875,132.90625,1328389.0,119.25,119.75,118.859375,1328389.0
SOURCE_NATIVE_FUTURES,ZN,bond,APPENDIX_C_172_004,10-year US,ZNU2,585392,2012-06-14,PROVIDER_CONDITION_AVAILABLE,-14.046875,133.328125,119.28125,DEV_RECON_LOCAL_BACK_ADJUSTED_DATED_CONTRACT_CHAIN,2012-06-14T00:00:00Z,133.640625,133.828125,133.21875,1180605.0,119.59375,119.78125,119.171875,1180605.0
SOURCE_NATIVE_FUTURES,ZN,bond,APPENDIX_C_172_004,10-year US,ZNU2,585392,2012-06-14,PROVIDER_CONDITION_AVAILABLE,-14.046875,133.328125,119.28125,DEV_RECON_LOCAL_BACK_ADJUSTED_DATED_CONTRACT_CHAIN,2012-06-14T00:00:00Z,133.640625,133.828125,133.21875,1180605.0,119.59375,119.78125,119.171875,1180605.0
SOURCE_NATIVE_FUTURES,ZN,bond,APPENDIX_C_172_004,10-year US,ZNU2,585392,2012-06-15,PROVIDER_CONDITION_AVAILABLE,-14.046875,133.828125,119.78125,DEV_RECON_LOCAL_BACK_ADJUSTED_DATED_CONTRACT_CHAIN,2012-06-15T00:00:00Z,133.328125,133.9375,133.3125,839187.0,119.28125,119.890625,119.265625,839187.0
SOURCE_NATIVE_FUTURES,ZN,bond,APPENDIX_C_172_004,10-year US,ZNU2,585392,2012-06-15,PROVIDER_CONDITION_AVAILABLE,-14.046875,133.828125,119.78125,DEV_RECON_LOCAL_BACK_ADJUSTED_DATED_CONTRACT_CHAIN,2012-06-15T00:00:00Z,133.328125,133.9375,133.3125,839187.0,119.28125,119.890625,119.265625,839187.0
SOURCE_NATIVE_FUTURES,ZN,bond,APPENDIX_C_172_004,10-year US,ZNU2,585392,2012-06-17,PROVIDER_CONDITION_AVAILABLE,-14.046875,133.40625,119.359375,DEV_RECON_LOCAL_BACK_ADJUSTED_DATED_CONTRACT_CHAIN,2012-06-17T00:00:00Z,133.28125,133.4375,133.21875,27400.0,119.234375,119.390625,119.171875,27400.0
SOURCE_NATIVE_FUTURES,ZN,bond,APPENDIX_C_172_004,10-year US,ZNU2,585392,2012-06-17,PROVIDER_CONDITION_AVAILABLE,-14.046875,133.40625,119.359375,DEV_RECON_LOCAL_BACK_ADJUSTED_DATED_CONTRACT_CHAIN,2012-06-17T00:00:00Z,133.28125,133.4375,133.21875,27400.0,119.234375,119.390625,119.171875,27400.0
SOURCE_NATIVE_FUTURES,ZN,bond,APPENDIX_C_172_004,10-year US,ZNU2,585392,2012-06-18,PROVIDER_CONDITION_AVAILABLE,-14.046875,133.828125,119.78125,DEV_RECON_LOCAL_BACK_ADJUSTED_DATED_CONTRACT_CHAIN,2012-06-18T00:00:00Z,133.40625,133.984375,133.3125,781346.0,119.359375,119.9375,119.265625,781346.0
SOURCE_NATIVE_FUTURES,ZN,bond,APPENDIX_C_172_004,10-year US,ZNU2,585392,2012-06-18,PROVIDER_CONDITION_AVAILABLE,-14.046875,133.828125,119.78125,DEV_RECON_LOCAL_BACK_ADJUSTED_DATED_CONTRACT_CHAIN,2012-06-18T00:00:00Z,133.40625,133.984375,133.3125,781346.0,119.359375,119.9375,119.265625,781346.0
SOURCE_NATIVE_FUTURES,ZN,bond,APPENDIX_C_172_004,10-year US,ZNU2,585392,2012-06-19,PROVIDER_CONDITION_AVAILABLE,-14.046875,133.5,119.453125,DEV_RECON_LOCAL_BACK_ADJUSTED_DATED_CONTRACT_CHAIN,2012-06-19T00:00:00Z,133.828125,133.96875,133.296875,914862.0,119.78125,119.921875,119.25,914862.0
SOURCE_NATIVE_FUTURES,ZN,bond,APPENDIX_C_172_004,10-year US,ZNU2,585392,2012-06-19,PROVIDER_CONDITION_AVAILABLE,-14.046875,133.5,119.453125,DEV_RECON_LOCAL_BACK_ADJUSTED_DATED_CONTRACT_CHAIN,2012-06-19T00:00:00Z,133.828125,133.96875,133.296875,914862.0,119.78125,119.921875,119.25,914862.0
SOURCE_NATIVE_FUTURES,ZN,bond,APPENDIX_C_172_004,10-year US,ZNU2,585392,2012-06-20,PROVIDER_CONDITION_AVAILABLE,-14.046875,133.15625,119.109375,DEV_RECON_LOCAL_BACK_ADJUSTED_DATED_CONTRACT_CHAIN,2012-06-20T00:00:00Z,133.5,133.59375,132.84375,1257116.0,119.453125,119.546875,118.796875,1257116.0
SOURCE_NATIVE_FUTURES,ZN,bond,APPENDIX_C_172_004,10-year US,ZNU2,585392,2012-06-20,PROVIDER_CONDITION_AVAILABLE,-14.046875,133.15625,119.109375,DEV_RECON_LOCAL_BACK_ADJUSTED_DATED_CONTRACT_CHAIN,2012-06-20T00:00:00Z,133.5,133.59375,132.84375,1257116.0,119.453125,119.546875,118.796875,1257116.0
SOURCE_NATIVE_FUTURES,ZN,bond,APPENDIX_C_172_004,10-year US,ZNU2,585392,2012-06-21,PROVIDER_CONDITION_AVAILABLE,-14.046875,133.359375,119.3125,DEV_RECON_LOCAL_BACK_ADJUSTED_DATED_CONTRACT_CHAIN,2012-06-21T00:00:00Z,133.140625,133.546875,133.015625,996925.0,119.09375,119.5,118.96875,996925.0
SOURCE_NATIVE_FUTURES,ZN,bond,APPENDIX_C_172_004,10-year US,ZNU2,585392,2012-06-21,PROVIDER_CONDITION_AVAILABLE,-14.046875,133.359375,119.3125,DEV_RECON_LOCAL_BACK_ADJUSTED_DATED_CONTRACT_CHAIN,2012-06-21T00:00:00Z,133.140625,133.546875,133.015625,996925.0,119.09375,119.5,118.96875,996925.0
SOURCE_NATIVE_FUTURES,ZN,bond,APPENDIX_C_172_004,10-year US,ZNU2,585392,2012-06-22,PROVIDER_CONDITION_AVAILABLE,-14.046875,132.984375,118.9375,DEV_RECON_LOCAL_BACK_ADJUSTED_DATED_CONTRACT_CHAIN,2012-06-22T00:00:00Z,133.34375,133.4375,132.90625,813609.0,119.296875,119.390625,118.859375,813609.0
SOURCE_NATIVE_FUTURES,ZN,bond,APPENDIX_C_172_004,10-year US,ZNU2,585392,2012-06-22,PROVIDER_CONDITION_AVAILABLE,-14.046875,132.984375,118.9375,DEV_RECON_LOCAL_BACK_ADJUSTED_DATED_CONTRACT_CHAIN,2012-06-22T00:00:00Z,133.34375,133.4375,132.90625,813609.0,119.296875,119.390625,118.859375,813609.0
SOURCE_NATIVE_FUTURES,ZN,bond,APPENDIX_C_172_004,10-year US,ZNU2,585392,2012-06-24,PROVIDER_CONDITION_AVAILABLE,-14.046875,133.09375,119.046875,DEV_RECON_LOCAL_BACK_ADJUSTED_DATED_CONTRACT_CHAIN,2012-06-24T00:00:00Z,133.015625,133.109375,133.0,5204.0,118.96875,119.0625,118.953125,5204.0
SOURCE_NATIVE_FUTURES,ZN,bond,APPENDIX_C_172_004,10-year US,ZNU2,585392,2012-06-24,PROVIDER_CONDITION_AVAILABLE,-14.046875,133.09375,119.046875,DEV_RECON_LOCAL_BACK_ADJUSTED_DATED_CONTRACT_CHAIN,2012-06-24T00:00:00Z,133.015625,133.109375,133.0,5204.0,118.96875,119.0625,118.953125,5204.0
SOURCE_NATIVE_FUTURES,ZN,bond,APPENDIX_C_172_004,10-year US,ZNU2,585392,2012-06-25,PROVIDER_CONDITION_AVAILABLE,-14.046875,133.5,119.453125,DEV_RECON_LOCAL_BACK_ADJUSTED_DATED_CONTRACT_CHAIN,2012-06-25T00:00:00Z,133.109375,133.640625,133.078125,640680.0,119.0625,119.59375,119.03125,640680.0
SOURCE_NATIVE_FUTURES,ZN,bond,APPENDIX_C_172_004,10-year US,ZNU2,585392,2012-06-25,PROVIDER_CONDITION_AVAILABLE,-14.046875,133.5,119.453125,DEV_RECON_LOCAL_BACK_ADJUSTED_DATED_CONTRACT_CHAIN,2012-06-25T00:00:00Z,133.109375,133.640625,133.078125,640680.0,119.0625,119.59375,119.03125,640680.0
SOURCE_NATIVE_FUTURES,ZN,bond,APPENDIX_C_172_004,10-year US,ZNU2,585392,2012-06-26,PROVIDER_CONDITION_AVAILABLE,-14.046875,133.453125,119.40625,DEV_RECON_LOCAL_BACK_ADJUSTED_DATED_CONTRACT_CHAIN,2012-06-26T00:00:00Z,133.5,133.578125,133.203125,881469.0,119.453125,119.53125,119.15625,881469.0
SOURCE_NATIVE_FUTURES,ZN,bond,APPENDIX_C_172_004,10-year US,ZNU2,585392,2012-06-26,PROVIDER_CONDITION_AVAILABLE,-14.046875,133.453125,119.40625,DEV_RECON_LOCAL_BACK_ADJUSTED_DATED_CONTRACT_CHAIN,2012-06-26T00:00:00Z,133.5,133.578125,133.203125,881469.0,119.453125,119.53125,119.15625,881469.0
SOURCE_NATIVE_FUTURES,ZN,bond,APPENDIX_C_172_004,10-year US,ZNU2,585392,2012-06-27,PROVIDER_CONDITION_AVAILABLE,-14.046875,133.484375,119.4375,DEV_RECON_LOCAL_BACK_ADJUSTED_DATED_CONTRACT_CHAIN,2012-06-27T00:00:00Z,133.453125,133.578125,133.265625,696610.0,119.40625,119.53125,119.21875,696610.0
SOURCE_NATIVE_FUTURES,ZN,bond,APPENDIX_C_172_004,10-year US,ZNU2,585392,2012-06-27,PROVIDER_CONDITION_AVAILABLE,-14.046875,133.484375,119.4375,DEV_RECON_LOCAL_BACK_ADJUSTED_DATED_CONTRACT_CHAIN,2012-06-27T00:00:00Z,133.453125,133.578125,133.265625,696610.0,119.40625,119.53125,119.21875,696610.0
SOURCE_NATIVE_FUTURES,ZN,bond,APPENDIX_C_172_004,10-year US,ZNU2,585392,2012-06-28,PROVIDER_CONDITION_AVAILABLE,-14.046875,133.96875,119.921875,DEV_RECON_LOCAL_BACK_ADJUSTED_DATED_CONTRACT_CHAIN,2012-06-28T00:00:00Z,133.484375,134.046875,133.421875,977844.0,119.4375,120.0,119.375,977844.0
SOURCE_NATIVE_FUTURES,ZN,bond,APPENDIX_C_172_004,10-year US,ZNU2,585392,2012-06-28,PROVIDER_CONDITION_AVAILABLE,-14.046875,133.96875,119.921875,DEV_RECON_LOCAL_BACK_ADJUSTED_DATED_CONTRACT_CHAIN,2012-06-28T00:00:00Z,133.484375,134.046875,133.421875,977844.0,119.4375,120.0,119.375,977844.0
SOURCE_NATIVE_FUTURES,ZN,bond,APPENDIX_C_172_004,10-year US,ZNU2,585392,2012-06-29,PROVIDER_CONDITION_AVAILABLE,-14.046875,133.46875,119.421875,DEV_RECON_LOCAL_BACK_ADJUSTED_DATED_CONTRACT_CHAIN,2012-06-29T00:00:00Z,133.953125,133.984375,133.125,1163509.0,119.90625,119.9375,119.078125,1163509.0
SOURCE_NATIVE_FUTURES,ZN,bond,APPENDIX_C_172_004,10-year US,ZNU2,585392,2012-06-29,PROVIDER_CONDITION_AVAILABLE,-14.046875,133.46875,119.421875,DEV_RECON_LOCAL_BACK_ADJUSTED_DATED_CONTRACT_CHAIN,2012-06-29T00:00:00Z,133.953125,133.984375,133.125,1163509.0,119.90625,119.9375,119.078125,1163509.0
SOURCE_NATIVE_FUTURES,ZN,bond,APPENDIX_C_172_004,10-year US,ZNU2,585392,2012-07-01,PROVIDER_CONDITION_AVAILABLE,-14.046875,133.390625,119.34375,DEV_RECON_LOCAL_BACK_ADJUSTED_DATED_CONTRACT_CHAIN,2012-07-01T00:00:00Z,133.453125,133.46875,133.296875,9672.0,119.40625,119.421875,119.25,9672.0
SOURCE_NATIVE_FUTURES,ZN,bond,APPENDIX_C_172_004,10-year US,ZNU2,585392,2012-07-01,PROVIDER_CONDITION_AVAILABLE,-14.046875,133.390625,119.34375,DEV_RECON_LOCAL_BACK_ADJUSTED_DATED_CONTRACT_CHAIN,2012-07-01T00:00:00Z,133.453125,133.46875,133.296875,9672.0,119.40625,119.421875,119.25,9672.0
SOURCE_NATIVE_FUTURES,ZN,bond,APPENDIX_C_172_004,10-year US,ZNU2,585392,2012-07-02,PROVIDER_CONDITION_AVAILABLE,-14.046875,134.0,119.953125,DEV_RECON_LOCAL_BACK_ADJUSTED_DATED_CONTRACT_CHAIN,2012-07-02T00:00:00Z,133.390625,134.234375,133.328125,926864.0,119.34375,120.1875,119.28125,926864.0
SOURCE_NATIVE_FUTURES,ZN,bond,APPENDIX_C_172_004,10-year US,ZNU2,585392,2012-07-02,PROVIDER_CONDITION_AVAILABLE,-14.046875,134.0,119.953125,DEV_RECON_LOCAL_BACK_ADJUSTED_DATED_CONTRACT_CHAIN,2012-07-02T00:00:00Z,133.390625,134.234375,133.328125,926864.0,119.34375,120.1875,119.28125,926864.0
SOURCE_NATIVE_FUTURES,ZN,bond,APPENDIX_C_172_004,10-year US,ZNU2,585392,2012-07-03,PROVIDER_CONDITION_AVAILABLE,-14.046875,133.703125,119.65625,DEV_RECON_LOCAL_BACK_ADJUSTED_DATED_CONTRACT_CHAIN,2012-07-03T00:00:00Z,134.0,134.03125,133.578125,520775.0,119.953125,119.984375,119.53125,520775.0
SOURCE_NATIVE_FUTURES,ZN,bond,APPENDIX_C_172_004,10-year US,ZNU2,585392,2012-07-03,PROVIDER_CONDITION_AVAILABLE,-14.046875,133.703125,119.65625,DEV_RECON_LOCAL_BACK_ADJUSTED_DATED_CONTRACT_CHAIN,2012-07-03T00:00:00Z,134.0,134.03125,133.578125,520775.0,119.953125,119.984375,119.53125,520775.0
SOURCE_NATIVE_FUTURES,ZN,bond,APPENDIX_C_172_004,10-year US,ZNU2,585392,2012-07-04,PROVIDER_CONDITION_AVAILABLE,-14.046875,133.84375,119.796875,DEV_RECON_LOCAL_BACK_ADJUSTED_DATED_CONTRACT_CHAIN,2012-07-04T00:00:00Z,133.6875,133.953125,133.65625,77906.0,119.640625,119.90625,119.609375,77906.0
SOURCE_NATIVE_FUTURES,ZN,bond,APPENDIX_C_172_004,10-year US,ZNU2,585392,2012-07-04,PROVIDER_CONDITION_AVAILABLE,-14.046875,133.84375,119.796875,DEV_RECON_LOCAL_BACK_ADJUSTED_DATED_CONTRACT_CHAIN,2012-07-04T00:00:00Z,133.6875,133.953125,133.65625,77906.0,119.640625,119.90625,119.609375,77906.0
SOURCE_NATIVE_FUTURES,ZN,bond,APPENDIX_C_172_004,10-year US,ZNU2,585392,2012-07-05,PROVIDER_CONDITION_AVAILABLE,-14.046875,133.9375,119.890625,DEV_RECON_LOCAL_BACK_ADJUSTED_DATED_CONTRACT_CHAIN,2012-07-05T00:00:00Z,133.84375,134.09375,133.703125,858452.0,119.796875,120.046875,119.65625,858452.0
SOURCE_NATIVE_FUTURES,ZN,bond,APPENDIX_C_172_004,10-year US,ZNU2,585392,2012-07-05,PROVIDER_CONDITION_AVAILABLE,-14.046875,133.9375,119.890625,DEV_RECON_LOCAL_BACK_ADJUSTED_DATED_CONTRACT_CHAIN,2012-07-05T00:00:00Z,133.84375,134.09375,133.703125,858452.0,119.796875,120.046875,119.65625,858452.0
SOURCE_NATIVE_FUTURES,ZN,bond,APPENDIX_C_172_004,10-year US,ZNU2,585392,2012-07-06,PROVIDER_CONDITION_AVAILABLE,-14.046875,134.296875,120.25,DEV_RECON_LOCAL_BACK_ADJUSTED_DATED_CONTRACT_CHAIN,2012-07-06T00:00:00Z,133.9375,134.421875,133.921875,773440.0,119.890625,120.375,119.875,773440.0
SOURCE_NATIVE_FUTURES,ZN,bond,APPENDIX_C_172_004,10-year US,ZNU2,585392,2012-07-06,PROVIDER_CONDITION_AVAILABLE,-14.046875,134.296875,120.25,DEV_RECON_LOCAL_BACK_ADJUSTED_DATED_CONTRACT_CHAIN,2012-07-06T00:00:00Z,133.9375,134.421875,133.921875,773440.0,119.890625,120.375,119.875,773440.0
SOURCE_NATIVE_FUTURES,ZN,bond,APPENDIX_C_172_004,10-year US,ZNU2,585392,2012-07-08,PROVIDER_CONDITION_AVAILABLE,-14.046875,134.390625,120.34375,DEV_RECON_LOCAL_BACK_ADJUSTED_DATED_CONTRACT_CHAIN,2012-07-08T00:00:00Z,134.359375,134.40625,134.328125,4231.0,120.3125,120.359375,120.28125,4231.0
SOURCE_NATIVE_FUTURES,ZN,bond,APPENDIX_C_172_004,10-year US,ZNU2,585392,2012-07-08,PROVIDER_CONDITION_AVAILABLE,-14.046875,134.390625,120.34375,DEV_RECON_LOCAL_BACK_ADJUSTED_DATED_CONTRACT_CHAIN,2012-07-08T00:00:00Z,134.359375,134.40625,134.328125,4231.0,120.3125,120.359375,120.28125,4231.0
SOURCE_NATIVE_FUTURES,ZN,bond,APPENDIX_C_172_004,10-year US,ZNU2,585392,2012-07-09,PROVIDER_CONDITION_AVAILABLE,-14.046875,134.46875,120.421875,DEV_RECON_LOCAL_BACK_ADJUSTED_DATED_CONTRACT_CHAIN,2012-07-09T00:00:00Z,134.390625,134.625,134.328125,553543.0,120.34375,120.578125,120.28125,553543.0
SOURCE_NATIVE_FUTURES,ZN,bond,APPENDIX_C_172_004,10-year US,ZNU2,585392,2012-07-09,PROVIDER_CONDITION_AVAILABLE,-14.046875,134.46875,120.421875,DEV_RECON_LOCAL_BACK_ADJUSTED_DATED_CONTRACT_CHAIN,2012-07-09T00:00:00Z,134.390625,134.625,134.328125,553543.0,120.34375,120.578125,120.28125,553543.0
SOURCE_NATIVE_FUTURES,ZN,bond,APPENDIX_C_172_004,10-year US,ZNU2,585392,2012-07-10,PROVIDER_CONDITION_AVAILABLE,-14.046875,134.59375,120.546875,DEV_RECON_LOCAL_BACK_ADJUSTED_DATED_CONTRACT_CHAIN,2012-07-10T00:00:00Z,134.46875,134.640625,134.34375,591590.0,120.421875,120.59375,120.296875,591590.0
SOURCE_NATIVE_FUTURES,ZN,bond,APPENDIX_C_172_004,10-year US,ZNU2,585392,2012-07-10,PROVIDER_CONDITION_AVAILABLE,-14.046875,134.59375,120.546875,DEV_RECON_LOCAL_BACK_ADJUSTED_DATED_CONTRACT_CHAIN,2012-07-10T00:00:00Z,134.46875,134.640625,134.34375,591590.0,120.421875,120.59375,120.296875,591590.0
SOURCE_NATIVE_FUTURES,ZN,bond,APPENDIX_C_172_004,10-year US,ZNU2,585392,2012-07-11,PROVIDER_CONDITION_AVAILABLE,-14.046875,134.484375,120.4375,DEV_RECON_LOCAL_BACK_ADJUSTED_DATED_CONTRACT_CHAIN,2012-07-11T00:00:00Z,134.609375,134.921875,134.421875,892234.0,120.5625,120.875,120.375,892234.0
SOURCE_NATIVE_FUTURES,ZN,bond,APPENDIX_C_172_004,10-year US,ZNU2,585392,2012-07-11,PROVIDER_CONDITION_AVAILABLE,-14.046875,134.484375,120.4375,DEV_RECON_LOCAL_BACK_ADJUSTED_DATED_CONTRACT_CHAIN,2012-07-11T00:00:00Z,134.609375,134.921875,134.421875,892234.0,120.5625,120.875,120.375,892234.0
SOURCE_NATIVE_FUTURES,ZN,bond,APPENDIX_C_172_004,10-year US,ZNU2,585392,2012-07-12,PROVIDER_CONDITION_AVAILABLE,-14.046875,134.734375,120.6875,DEV_RECON_LOCAL_BACK_ADJUSTED_DATED_CONTRACT_CHAIN,2012-07-12T00:00:00Z,134.484375,134.78125,134.484375,715309.0,120.4375,120.734375,120.4375,715309.0
SOURCE_NATIVE_FUTURES,ZN,bond,APPENDIX_C_172_004,10-year US,ZNU2,585392,2012-07-12,PROVIDER_CONDITION_AVAILABLE,-14.046875,134.734375,120.6875,DEV_RECON_LOCAL_BACK_ADJUSTED_DATED_CONTRACT_CHAIN,2012-07-12T00:00:00Z,134.484375,134.78125,134.484375,715309.0,120.4375,120.734375,120.4375,715309.0
SOURCE_NATIVE_FUTURES,ZN,bond,APPENDIX_C_172_004,10-year US,ZNU2,585392,2012-07-13,PROVIDER_CONDITION_AVAILABLE,-14.046875,134.625,120.578125,DEV_RECON_LOCAL_BACK_ADJUSTED_DATED_CONTRACT_CHAIN,2012-07-13T00:00:00Z,134.75,134.765625,134.359375,568265.0,120.703125,120.71875,120.3125,568265.0
SOURCE_NATIVE_FUTURES,ZN,bond,APPENDIX_C_172_004,10-year US,ZNU2,585392,2012-07-13,PROVIDER_CONDITION_AVAILABLE,-14.046875,134.625,120.578125,DEV_RECON_LOCAL_BACK_ADJUSTED_DATED_CONTRACT_CHAIN,2012-07-13T00:00:00Z,134.75,134.765625,134.359375,568265.0,120.703125,120.71875,120.3125,568265.0
SOURCE_NATIVE_FUTURES,ZN,bond,APPENDIX_C_172_004,10-year US,ZNU2,585392,2012-07-15,PROVIDER_CONDITION_AVAILABLE,-14.046875,134.59375,120.546875,DEV_RECON_LOCAL_BACK_ADJUSTED_DATED_CONTRACT_CHAIN,2012-07-15T00:00:00Z,134.59375,134.609375,134.5625,2540.0,120.546875,120.5625,120.515625,2540.0
SOURCE_NATIVE_FUTURES,ZN,bond,APPENDIX_C_172_004,10-year US,ZNU2,585392,2012-07-15,PROVIDER_CONDITION_AVAILABLE,-14.046875,134.59375,120.546875,DEV_RECON_LOCAL_BACK_ADJUSTED_DATED_CONTRACT_CHAIN,2012-07-15T00:00:00Z,134.59375,134.609375,134.5625,2540.0,120.546875,120.5625,120.515625,2540.0
SOURCE_NATIVE_FUTURES,ZN,bond,APPENDIX_C_172_004,10-year US,ZNU2,585392,2012-07-16,PROVIDER_CONDITION_AVAILABLE,-14.046875,134.671875,120.625,DEV_RECON_LOCAL_BACK_ADJUSTED_DATED_CONTRACT_CHAIN,2012-07-16T00:00:00Z,134.59375,135.015625,134.546875,604473.0,120.546875,120.96875,120.5,604473.0
SOURCE_NATIVE_FUTURES,ZN,bond,APPENDIX_C_172_004,10-year US,ZNU2,585392,2012-07-16,PROVIDER_CONDITION_AVAILABLE,-14.046875,134.671875,120.625,DEV_RECON_LOCAL_BACK_ADJUSTED_DATED_CONTRACT_CHAIN,2012-07-16T00:00:00Z,134.59375,135.015625,134.546875,604473.0,120.546875,120.96875,120.5,604473.0
SOURCE_NATIVE_FUTURES,ZN,bond,APPENDIX_C_172_004,10-year US,ZNU2,585392,2012-07-17,PROVIDER_CONDITION_AVAILABLE,-14.046875,134.5,120.453125,DEV_RECON_LOCAL_BACK_ADJUSTED_DATED_CONTRACT_CHAIN,2012-07-17T00:00:00Z,134.671875,134.859375,134.453125,672468.0,120.625,120.8125,120.40625,672468.0
SOURCE_NATIVE_FUTURES,ZN,bond,APPENDIX_C_172_004,10-year US,ZNU2,585392,2012-07-17,PROVIDER_CONDITION_AVAILABLE,-14.046875,134.5,120.453125,DEV_RECON_LOCAL_BACK_ADJUSTED_DATED_CONTRACT_CHAIN,2012-07-17T00:00:00Z,134.671875,134.859375,134.453125,672468.0,120.625,120.8125,120.40625,672468.0
SOURCE_NATIVE_FUTURES,ZN,bond,APPENDIX_C_172_004,10-year US,ZNU2,585392,2012-07-18,PROVIDER_CONDITION_AVAILABLE,-14.046875,134.640625,120.59375,DEV_RECON_LOCAL_BACK_ADJUSTED_DATED_CONTRACT_CHAIN,2012-07-18T00:00:00Z,134.5,134.8125,134.5,538039.0,120.453125,120.765625,120.453125,538039.0
SOURCE_NATIVE_FUTURES,ZN,bond,APPENDIX_C_172_004,10-year US,ZNU2,585392,2012-07-18,PROVIDER_CONDITION_AVAILABLE,-14.046875,134.640625,120.59375,DEV_RECON_LOCAL_BACK_ADJUSTED_DATED_CONTRACT_CHAIN,2012-07-18T00:00:00Z,134.5,134.8125,134.5,538039.0,120.453125,120.765625,120.453125,538039.0
SOURCE_NATIVE_FUTURES,ZN,bond,APPENDIX_C_172_004,10-year US,ZNU2,585392,2012-07-19,PROVIDER_CONDITION_AVAILABLE,-14.046875,134.53125,120.484375,DEV_RECON_LOCAL_BACK_ADJUSTED_DATED_CONTRACT_CHAIN,2012-07-19T00:00:00Z,134.640625,134.734375,134.4375,744155.0,120.59375,120.6875,120.390625,744155.0
SOURCE_NATIVE_FUTURES,ZN,bond,APPENDIX_C_172_004,10-year US,ZNU2,585392,2012-07-19,PROVIDER_CONDITION_AVAILABLE,-14.046875,134.53125,120.484375,DEV_RECON_LOCAL_BACK_ADJUSTED_DATED_CONTRACT_CHAIN,2012-07-19T00:00:00Z,134.640625,134.734375,134.4375,744155.0,120.59375,120.6875,120.390625,744155.0
SOURCE_NATIVE_FUTURES,ZN,bond,APPENDIX_C_172_004,10-year US,ZNU2,585392,2012-07-20,PROVIDER_CONDITION_AVAILABLE,-14.046875,134.9375,120.890625,DEV_RECON_LOCAL_BACK_ADJUSTED_DATED_CONTRACT_CHAIN,2012-07-20T00:00:00Z,134.546875,135.0,134.53125,605150.0,120.5,120.953125,120.484375,605150.0
SOURCE_NATIVE_FUTURES,ZN,bond,APPENDIX_C_172_004,10-year US,ZNU2,585392,2012-07-20,PROVIDER_CONDITION_AVAILABLE,-14.046875,134.9375,120.890625,DEV_RECON_LOCAL_BACK_ADJUSTED_DATED_CONTRACT_CHAIN,2012-07-20T00:00:00Z,134.546875,135.0,134.53125,605150.0,120.5,120.953125,120.484375,605150.0
SOURCE_NATIVE_FUTURES,ZN,bond,APPENDIX_C_172_004,10-year US,ZNU2,585392,2012-07-22,PROVIDER_CONDITION_AVAILABLE,-14.046875,135.03125,120.984375,DEV_RECON_LOCAL_BACK_ADJUSTED_DATED_CONTRACT_CHAIN,2012-07-22T00:00:00Z,134.96875,135.0625,134.9375,8450.0,120.921875,121.015625,120.890625,8450.0
SOURCE_NATIVE_FUTURES,ZN,bond,APPENDIX_C_172_004,10-year US,ZNU2,585392,2012-07-22,PROVIDER_CONDITION_AVAILABLE,-14.046875,135.03125,120.984375,DEV_RECON_LOCAL_BACK_ADJUSTED_DATED_CONTRACT_CHAIN,2012-07-22T00:00:00Z,134.96875,135.0625,134.9375,8450.0,120.921875,121.015625,120.890625,8450.0
SOURCE_NATIVE_FUTURES,ZN,bond,APPENDIX_C_172_004,10-year US,ZNU2,585392,2012-07-23,PROVIDER_CONDITION_AVAILABLE,-14.046875,135.125,121.078125,DEV_RECON_LOCAL_BACK_ADJUSTED_DATED_CONTRACT_CHAIN,2012-07-23T00:00:00Z,135.03125,135.375,134.96875,821847.0,120.984375,121.328125,120.921875,821847.0
SOURCE_NATIVE_FUTURES,ZN,bond,APPENDIX_C_172_004,10-year US,ZNU2,585392,2012-07-23,PROVIDER_CONDITION_AVAILABLE,-14.046875,135.125,121.078125,DEV_RECON_LOCAL_BACK_ADJUSTED_DATED_CONTRACT_CHAIN,2012-07-23T00:00:00Z,135.03125,135.375,134.96875,821847.0,120.984375,121.328125,120.921875,821847.0
SOURCE_NATIVE_FUTURES,ZN,bond,APPENDIX_C_172_004,10-year US,ZNU2,585392,2012-07-24,PROVIDER_CONDITION_AVAILABLE,-14.046875,135.421875,121.375,DEV_RECON_LOCAL_BACK_ADJUSTED_DATED_CONTRACT_CHAIN,2012-07-24T00:00:00Z,135.140625,135.484375,134.828125,895801.0,121.09375,121.4375,120.78125,895801.0
SOURCE_NATIVE_FUTURES,ZN,bond,APPENDIX_C_172_004,10-year US,ZNU2,585392,2012-07-24,PROVIDER_CONDITION_AVAILABLE,-14.046875,135.421875,121.375,DEV_RECON_LOCAL_BACK_ADJUSTED_DATED_CONTRACT_CHAIN,2012-07-24T00:00:00Z,135.140625,135.484375,134.828125,895801.0,121.09375,121.4375,120.78125,895801.0
SOURCE_NATIVE_FUTURES,ZN,bond,APPENDIX_C_172_004,10-year US,ZNU2,585392,2012-07-25,PROVIDER_CONDITION_AVAILABLE,-14.046875,135.171875,121.125,DEV_RECON_LOCAL_BACK_ADJUSTED_DATED_CONTRACT_CHAIN,2012-07-25T00:00:00Z,135.4375,135.46875,134.984375,735676.0,121.390625,121.421875,120.9375,735676.0
SOURCE_NATIVE_FUTURES,ZN,bond,APPENDIX_C_172_004,10-year US,ZNU2,585392,2012-07-25,PROVIDER_CONDITION_AVAILABLE,-14.046875,135.171875,121.125,DEV_RECON_LOCAL_BACK_ADJUSTED_DATED_CONTRACT_CHAIN,2012-07-25T00:00:00Z,135.4375,135.46875,134.984375,735676.0,121.390625,121.421875,120.9375,735676.0
SOURCE_NATIVE_FUTURES,ZN,bond,APPENDIX_C_172_004,10-year US,ZNU2,585392,2012-07-26,PROVIDER_CONDITION_AVAILABLE,-14.046875,134.875,120.828125,DEV_RECON_LOCAL_BACK_ADJUSTED_DATED_CONTRACT_CHAIN,2012-07-26T00:00:00Z,135.171875,135.328125,134.84375,906753.0,121.125,121.28125,120.796875,906753.0
SOURCE_NATIVE_FUTURES,ZN,bond,APPENDIX_C_172_004,10-year US,ZNU2,585392,2012-07-26,PROVIDER_CONDITION_AVAILABLE,-14.046875,134.875,120.828125,DEV_RECON_LOCAL_BACK_ADJUSTED_DATED_CONTRACT_CHAIN,2012-07-26T00:00:00Z,135.171875,135.328125,134.84375,906753.0,121.125,121.28125,120.796875,906753.0
SOURCE_NATIVE_FUTURES,ZN,bond,APPENDIX_C_172_004,10-year US,ZNU2,585392,2012-07-27,PROVIDER_CONDITION_AVAILABLE,-14.046875,134.1875,120.140625,DEV_RECON_LOCAL_BACK_ADJUSTED_DATED_CONTRACT_CHAIN,2012-07-27T00:00:00Z,134.890625,134.96875,133.828125,1236632.0,120.84375,120.921875,119.78125,1236632.0
SOURCE_NATIVE_FUTURES,ZN,bond,APPENDIX_C_172_004,10-year US,ZNU2,585392,2012-07-27,PROVIDER_CONDITION_AVAILABLE,-14.046875,134.1875,120.140625,DEV_RECON_LOCAL_BACK_ADJUSTED_DATED_CONTRACT_CHAIN,2012-07-27T00:00:00Z,134.890625,134.96875,133.828125,1236632.0,120.84375,120.921875,119.78125,1236632.0
SOURCE_NATIVE_FUTURES,ZN,bond,APPENDIX_C_172_004,10-year US,ZNU2,585392,2012-07-29,PROVIDER_CONDITION_AVAILABLE,-14.046875,134.21875,120.171875,DEV_RECON_LOCAL_BACK_ADJUSTED_DATED_CONTRACT_CHAIN,2012-07-29T00:00:00Z,134.21875,134.328125,134.140625,17972.0,120.171875,120.28125,120.09375,17972.0
SOURCE_NATIVE_FUTURES,ZN,bond,APPENDIX_C_172_004,10-year US,ZNU2,585392,2012-07-29,PROVIDER_CONDITION_AVAILABLE,-14.046875,134.21875,120.171875,DEV_RECON_LOCAL_BACK_ADJUSTED_DATED_CONTRACT_CHAIN,2012-07-29T00:00:00Z,134.21875,134.328125,134.140625,17972.0,120.171875,120.28125,120.09375,17972.0
SOURCE_NATIVE_FUTURES,ZN,bond,APPENDIX_C_172_004,10-year US,ZNU2,585392,2012-07-30,PROVIDER_CONDITION_AVAILABLE,-14.046875,134.546875,120.5,DEV_RECON_LOCAL_BACK_ADJUSTED_DATED_CONTRACT_CHAIN,2012-07-30T00:00:00Z,134.21875,134.625,134.015625,786489.0,120.171875,120.578125,119.96875,786489.0
SOURCE_NATIVE_FUTURES,ZN,bond,APPENDIX_C_172_004,10-year US,ZNU2,585392,2012-07-30,PROVIDER_CONDITION_AVAILABLE,-14.046875,134.546875,120.5,DEV_RECON_LOCAL_BACK_ADJUSTED_DATED_CONTRACT_CHAIN,2012-07-30T00:00:00Z,134.21875,134.625,134.015625,786489.0,120.171875,120.578125,119.96875,786489.0
SOURCE_NATIVE_FUTURES,ZN,bond,APPENDIX_C_172_004,10-year US,ZNU2,585392,2012-07-31,PROVIDER_CONDITION_AVAILABLE,-14.046875,134.765625,120.71875,DEV_RECON_LOCAL_BACK_ADJUSTED_DATED_CONTRACT_CHAIN,2012-07-31T00:00:00Z,134.546875,134.875,134.40625,931040.0,120.5,120.828125,120.359375,931040.0
SOURCE_NATIVE_FUTURES,ZN,bond,APPENDIX_C_172_004,10-year US,ZNU2,585392,2012-07-31,PROVIDER_CONDITION_AVAILABLE,-14.046875,134.765625,120.71875,DEV_RECON_LOCAL_BACK_ADJUSTED_DATED_CONTRACT_CHAIN,2012-07-31T00:00:00Z,134.546875,134.875,134.40625,931040.0,120.5,120.828125,120.359375,931040.0
SOURCE_NATIVE_FUTURES,ZN,bond,APPENDIX_C_172_004,10-year US,ZNU2,585392,2012-08-01,PROVIDER_CONDITION_AVAILABLE,-14.046875,134.125,120.078125,DEV_RECON_LOCAL_BACK_ADJUSTED_DATED_CONTRACT_CHAIN,2012-08-01T00:00:00Z,134.75,134.765625,134.125,853534.0,120.703125,120.71875,120.078125,853534.0
SOURCE_NATIVE_FUTURES,ZN,bond,APPENDIX_C_172_004,10-year US,ZNU2,585392,2012-08-01,PROVIDER_CONDITION_AVAILABLE,-14.046875,134.125,120.078125,DEV_RECON_LOCAL_BACK_ADJUSTED_DATED_CONTRACT_CHAIN,2012-08-01T00:00:00Z,134.75,134.765625,134.125,853534.0,120.703125,120.71875,120.078125,853534.0
SOURCE_NATIVE_FUTURES,ZN,bond,APPENDIX_C_172_004,10-year US,ZNU2,585392,2012-08-02,PROVIDER_CONDITION_AVAILABLE,-14.046875,134.578125,120.53125,DEV_RECON_LOCAL_BACK_ADJUSTED_DATED_CONTRACT_CHAIN,2012-08-02T00:00:00Z,134.140625,134.921875,133.921875,1149017.0,120.09375,120.875,119.875,1149017.0
SOURCE_NATIVE_FUTURES,ZN,bond,APPENDIX_C_172_004,10-year US,ZNU2,585392,2012-08-02,PROVIDER_CONDITION_AVAILABLE,-14.046875,134.578125,120.53125,DEV_RECON_LOCAL_BACK_ADJUSTED_DATED_CONTRACT_CHAIN,2012-08-02T00:00:00Z,134.140625,134.921875,133.921875,1149017.0,120.09375,120.875,119.875,1149017.0
SOURCE_NATIVE_FUTURES,ZN,bond,APPENDIX_C_172_004,10-year US,ZNU2,585392,2012-08-03,PROVIDER_CONDITION_AVAILABLE,-14.046875,134.0,119.953125,DEV_RECON_LOCAL_BACK_ADJUSTED_DATED_CONTRACT_CHAIN,2012-08-03T00:00:00Z,134.59375,134.703125,133.765625,951891.0,120.546875,120.65625,119.71875,951891.0
SOURCE_NATIVE_FUTURES,ZN,bond,APPENDIX_C_172_004,10-year US,ZNU2,585392,2012-08-03,PROVIDER_CONDITION_AVAILABLE,-14.046875,134.0,119.953125,DEV_RECON_LOCAL_BACK_ADJUSTED_DATED_CONTRACT_CHAIN,2012-08-03T00:00:00Z,134.59375,134.703125,133.765625,951891.0,120.546875,120.65625,119.71875,951891.0
SOURCE_NATIVE_FUTURES,ZN,bond,APPENDIX_C_172_004,10-year US,ZNU2,585392,2012-08-05,PROVIDER_CONDITION_AVAILABLE,-14.046875,133.875,119.828125,DEV_RECON_LOCAL_BACK_ADJUSTED_DATED_CONTRACT_CHAIN,2012-08-05T00:00:00Z,133.984375,133.984375,133.859375,9598.0,119.9375,119.9375,119.8125,9598.0
SOURCE_NATIVE_FUTURES,ZN,bond,APPENDIX_C_172_004,10-year US,ZNU2,585392,2012-08-05,PROVIDER_CONDITION_AVAILABLE,-14.046875,133.875,119.828125,DEV_RECON_LOCAL_BACK_ADJUSTED_DATED_CONTRACT_CHAIN,2012-08-05T00:00:00Z,133.984375,133.984375,133.859375,9598.0,119.9375,119.9375,119.8125,9598.0
SOURCE_NATIVE_FUTURES,ZN,bond,APPENDIX_C_172_004,10-year US,ZNU2,585392,2012-08-06,PROVIDER_CONDITION_AVAILABLE,-14.046875,134.078125,120.03125,DEV_RECON_LOCAL_BACK_ADJUSTED_DATED_CONTRACT_CHAIN,2012-08-06T00:00:00Z,133.875,134.3125,133.875,551715.0,119.828125,120.265625,119.828125,551715.0
SOURCE_NATIVE_FUTURES,ZN,bond,APPENDIX_C_172_004,10-year US,ZNU2,585392,2012-08-06,PROVIDER_CONDITION_AVAILABLE,-14.046875,134.078125,120.03125,DEV_RECON_LOCAL_BACK_ADJUSTED_DATED_CONTRACT_CHAIN,2012-08-06T00:00:00Z,133.875,134.3125,133.875,551715.0,119.828125,120.265625,119.828125,551715.0
SOURCE_NATIVE_FUTURES,ZN,bond,APPENDIX_C_172_004,10-year US,ZNU2,585392,2012-08-07,PROVIDER_CONDITION_AVAILABLE,-14.046875,133.578125,119.53125,DEV_RECON_LOCAL_BACK_ADJUSTED_DATED_CONTRACT_CHAIN,2012-08-07T00:00:00Z,134.09375,134.125,133.4375,852936.0,120.046875,120.078125,119.390625,852936.0
SOURCE_NATIVE_FUTURES,ZN,bond,APPENDIX_C_172_004,10-year US,ZNU2,585392,2012-08-07,PROVIDER_CONDITION_AVAILABLE,-14.046875,133.578125,119.53125,DEV_RECON_LOCAL_BACK_ADJUSTED_DATED_CONTRACT_CHAIN,2012-08-07T00:00:00Z,134.09375,134.125,133.4375,852936.0,120.046875,120.078125,119.390625,852936.0
SOURCE_NATIVE_FUTURES,ZN,bond,APPENDIX_C_172_004,10-year US,ZNU2,585392,2012-08-08,PROVIDER_CONDITION_AVAILABLE,-14.046875,133.484375,119.4375,DEV_RECON_LOCAL_BACK_ADJUSTED_DATED_CONTRACT_CHAIN,2012-08-08T00:00:00Z,133.59375,133.78125,133.3125,805693.0,119.546875,119.734375,119.265625,805693.0
SOURCE_NATIVE_FUTURES,ZN,bond,APPENDIX_C_172_004,10-year US,ZNU2,585392,2012-08-08,PROVIDER_CONDITION_AVAILABLE,-14.046875,133.484375,119.4375,DEV_RECON_LOCAL_BACK_ADJUSTED_DATED_CONTRACT_CHAIN,2012-08-08T00:00:00Z,133.59375,133.78125,133.3125,805693.0,119.546875,119.734375,119.265625,805693.0
SOURCE_NATIVE_FUTURES,ZN,bond,APPENDIX_C_172_004,10-year US,ZNU2,585392,2012-08-09,PROVIDER_CONDITION_AVAILABLE,-14.046875,133.5,119.453125,DEV_RECON_LOCAL_BACK_ADJUSTED_DATED_CONTRACT_CHAIN,2012-08-09T00:00:00Z,133.484375,133.5625,133.15625,866678.0,119.4375,119.515625,119.109375,866678.0
SOURCE_NATIVE_FUTURES,ZN,bond,APPENDIX_C_172_004,10-year US,ZNU2,585392,2012-08-09,PROVIDER_CONDITION_AVAILABLE,-14.046875,133.5,119.453125,DEV_RECON_LOCAL_BACK_ADJUSTED_DATED_CONTRACT_CHAIN,2012-08-09T00:00:00Z,133.484375,133.5625,133.15625,866678.0,119.4375,119.515625,119.109375,866678.0
SOURCE_NATIVE_FUTURES,ZN,bond,APPENDIX_C_172_004,10-year US,ZNU2,585392,2012-08-10,PROVIDER_CONDITION_AVAILABLE,-14.046875,133.625,119.578125,DEV_RECON_LOCAL_BACK_ADJUSTED_DATED_CONTRACT_CHAIN,2012-08-10T00:00:00Z,133.484375,133.859375,133.46875,566275.0,119.4375,119.8125,119.421875,566275.0
SOURCE_NATIVE_FUTURES,ZN,bond,APPENDIX_C_172_004,10-year US,ZNU2,585392,2012-08-10,PROVIDER_CONDITION_AVAILABLE,-14.046875,133.625,119.578125,DEV_RECON_LOCAL_BACK_ADJUSTED_DATED_CONTRACT_CHAIN,2012-08-10T00:00:00Z,133.484375,133.859375,133.46875,566275.0,119.4375,119.8125,119.421875,566275.0
SOURCE_NATIVE_FUTURES,ZN,bond,APPENDIX_C_172_004,10-year US,ZNU2,585392,2012-08-12,PROVIDER_CONDITION_AVAILABLE,-14.046875,133.75,119.703125,DEV_RECON_LOCAL_BACK_ADJUSTED_DATED_CONTRACT_CHAIN,2012-08-12T00:00:00Z,133.671875,133.78125,133.65625,4364.0,119.625,119.734375,119.609375,4364.0
SOURCE_NATIVE_FUTURES,ZN,bond,APPENDIX_C_172_004,10-year US,ZNU2,585392,2012-08-12,PROVIDER_CONDITION_AVAILABLE,-14.046875,133.75,119.703125,DEV_RECON_LOCAL_BACK_ADJUSTED_DATED_CONTRACT_CHAIN,2012-08-12T00:00:00Z,133.671875,133.78125,133.65625,4364.0,119.625,119.734375,119.609375,4364.0
SOURCE_NATIVE_FUTURES,ZN,bond,APPENDIX_C_172_004,10-year US,ZNU2,585392,2012-08-13,PROVIDER_CONDITION_AVAILABLE,-14.046875,133.625,119.578125,DEV_RECON_LOCAL_BACK_ADJUSTED_DATED_CONTRACT_CHAIN,2012-08-13T00:00:00Z,133.765625,133.859375,133.5,511795.0,119.71875,119.8125,119.453125,511795.0
SOURCE_NATIVE_FUTURES,ZN,bond,APPENDIX_C_172_004,10-year US,ZNU2,585392,2012-08-13,PROVIDER_CONDITION_AVAILABLE,-14.046875,133.625,119.578125,DEV_RECON_LOCAL_BACK_ADJUSTED_DATED_CONTRACT_CHAIN,2012-08-13T00:00:00Z,133.765625,133.859375,133.5,511795.0,119.71875,119.8125,119.453125,511795.0
SOURCE_NATIVE_FUTURES,ZN,bond,APPENDIX_C_172_004,10-year US,ZNU2,585392,2012-08-14,PROVIDER_CONDITION_AVAILABLE,-14.046875,133.109375,119.0625,DEV_RECON_LOCAL_BACK_ADJUSTED_DATED_CONTRACT_CHAIN,2012-08-14T00:00:00Z,133.625,133.640625,133.046875,906009.0,119.578125,119.59375,119.0,906009.0
SOURCE_NATIVE_FUTURES,ZN,bond,APPENDIX_C_172_004,10-year US,ZNU2,585392,2012-08-14,PROVIDER_CONDITION_AVAILABLE,-14.046875,133.109375,119.0625,DEV_RECON_LOCAL_BACK_ADJUSTED_DATED_CONTRACT_CHAIN,2012-08-14T00:00:00Z,133.625,133.640625,133.046875,906009.0,119.578125,119.59375,119.0,906009.0
SOURCE_NATIVE_FUTURES,ZN,bond,APPENDIX_C_172_004,10-year US,ZNU2,585392,2012-08-15,PROVIDER_CONDITION_AVAILABLE,-14.046875,132.453125,118.40625,DEV_RECON_LOCAL_BACK_ADJUSTED_DATED_CONTRACT_CHAIN,2012-08-15T00:00:00Z,133.109375,133.1875,132.40625,1168721.0,119.0625,119.140625,118.359375,1168721.0
SOURCE_NATIVE_FUTURES,ZN,bond,APPENDIX_C_172_004,10-year US,ZNU2,585392,2012-08-15,PROVIDER_CONDITION_AVAILABLE,-14.046875,132.453125,118.40625,DEV_RECON_LOCAL_BACK_ADJUSTED_DATED_CONTRACT_CHAIN,2012-08-15T00:00:00Z,133.109375,133.1875,132.40625,1168721.0,119.0625,119.140625,118.359375,1168721.0
SOURCE_NATIVE_FUTURES,ZN,bond,APPENDIX_C_172_004,10-year US,ZNU2,585392,2012-08-16,PROVIDER_CONDITION_AVAILABLE,-14.046875,132.421875,118.375,DEV_RECON_LOCAL_BACK_ADJUSTED_DATED_CONTRACT_CHAIN,2012-08-16T00:00:00Z,132.453125,132.703125,132.15625,1025460.0,118.40625,118.65625,118.109375,1025460.0
SOURCE_NATIVE_FUTURES,ZN,bond,APPENDIX_C_172_004,10-year US,ZNU2,585392,2012-08-16,PROVIDER_CONDITION_AVAILABLE,-14.046875,132.421875,118.375,DEV_RECON_LOCAL_BACK_ADJUSTED_DATED_CONTRACT_CHAIN,2012-08-16T00:00:00Z,132.453125,132.703125,132.15625,1025460.0,118.40625,118.65625,118.109375,1025460.0
SOURCE_NATIVE_FUTURES,ZN,bond,APPENDIX_C_172_004,10-year US,ZNU2,585392,2012-08-17,PROVIDER_CONDITION_AVAILABLE,-14.046875,132.5,118.453125,DEV_RECON_LOCAL_BACK_ADJUSTED_DATED_CONTRACT_CHAIN,2012-08-17T00:00:00Z,132.421875,132.671875,132.3125,618707.0,118.375,118.625,118.265625,618707.0
SOURCE_NATIVE_FUTURES,ZN,bond,APPENDIX_C_172_004,10-year US,ZNU2,585392,2012-08-17,PROVIDER_CONDITION_AVAILABLE,-14.046875,132.5,118.453125,DEV_RECON_LOCAL_BACK_ADJUSTED_DATED_CONTRACT_CHAIN,2012-08-17T00:00:00Z,132.421875,132.671875,132.3125,618707.0,118.375,118.625,118.265625,618707.0
SOURCE_NATIVE_FUTURES,ZN,bond,APPENDIX_C_172_004,10-year US,ZNU2,585392,2012-08-19,PROVIDER_CONDITION_AVAILABLE,-14.046875,132.53125,118.484375,DEV_RECON_LOCAL_BACK_ADJUSTED_DATED_CONTRACT_CHAIN,2012-08-19T00:00:00Z,132.515625,132.53125,132.4375,5453.0,118.46875,118.484375,118.390625,5453.0
SOURCE_NATIVE_FUTURES,ZN,bond,APPENDIX_C_172_004,10-year US,ZNU2,585392,2012-08-19,PROVIDER_CONDITION_AVAILABLE,-14.046875,132.53125,118.484375,DEV_RECON_LOCAL_BACK_ADJUSTED_DATED_CONTRACT_CHAIN,2012-08-19T00:00:00Z,132.515625,132.53125,132.4375,5453.0,118.46875,118.484375,118.390625,5453.0
SOURCE_NATIVE_FUTURES,ZN,bond,APPENDIX_C_172_004,10-year US,ZNZ2,720496,2012-08-20,PROVIDER_CONDITION_AVAILABLE,-12.90625,131.453125,118.546875,DEV_RECON_LOCAL_BACK_ADJUSTED_DATED_CONTRACT_CHAIN,2012-08-20T00:00:00Z,131.453125,131.59375,131.078125,3711.0,118.546875,118.6875,118.171875,3711.0
SOURCE_NATIVE_FUTURES,ZN,bond,APPENDIX_C_172_004,10-year US,ZNZ2,720496,2012-08-20,PROVIDER_CONDITION_AVAILABLE,-12.90625,131.453125,118.546875,DEV_RECON_LOCAL_BACK_ADJUSTED_DATED_CONTRACT_CHAIN,2012-08-20T00:00:00Z,131.453125,131.59375,131.078125,3711.0,118.546875,118.6875,118.171875,3711.0
SOURCE_NATIVE_FUTURES,ZN,bond,APPENDIX_C_172_004,10-year US,ZNZ2,720496,2012-08-21,PROVIDER_CONDITION_AVAILABLE,-12.90625,131.609375,118.703125,DEV_RECON_LOCAL_BACK_ADJUSTED_DATED_CONTRACT_CHAIN,2012-08-21T00:00:00Z,131.515625,131.609375,131.078125,5977.0,118.609375,118.703125,118.171875,5977.0
SOURCE_NATIVE_FUTURES,ZN,bond,APPENDIX_C_172_004,10-year US,ZNZ2,720496,2012-08-21,PROVIDER_CONDITION_AVAILABLE,-12.90625,131.609375,118.703125,DEV_RECON_LOCAL_BACK_ADJUSTED_DATED_CONTRACT_CHAIN,2012-08-21T00:00:00Z,131.515625,131.609375,131.078125,5977.0,118.609375,118.703125,118.171875,5977.0
SOURCE_NATIVE_FUTURES,ZN,bond,APPENDIX_C_172_004,10-year US,ZNZ2,720496,2012-08-22,PROVIDER_CONDITION_AVAILABLE,-12.90625,132.34375,119.4375,DEV_RECON_LOCAL_BACK_ADJUSTED_DATED_CONTRACT_CHAIN,2012-08-22T00:00:00Z,131.625,132.4375,131.59375,13937.0,118.71875,119.53125,118.6875,13937.0
SOURCE_NATIVE_FUTURES,ZN,bond,APPENDIX_C_172_004,10-year US,ZNZ2,720496,2012-08-22,PROVIDER_CONDITION_AVAILABLE,-12.90625,132.34375,119.4375,DEV_RECON_LOCAL_BACK_ADJUSTED_DATED_CONTRACT_CHAIN,2012-08-22T00:00:00Z,131.625,132.4375,131.59375,13937.0,118.71875,119.53125,118.6875,13937.0
SOURCE_NATIVE_FUTURES,ZN,bond,APPENDIX_C_172_004,10-year US,ZNZ2,720496,2012-08-23,PROVIDER_CONDITION_AVAILABLE,-12.90625,132.40625,119.5,DEV_RECON_LOCAL_BACK_ADJUSTED_DATED_CONTRACT_CHAIN,2012-08-23T00:00:00Z,132.3125,132.6875,132.203125,11576.0,119.40625,119.78125,119.296875,11576.0
SOURCE_NATIVE_FUTURES,ZN,bond,APPENDIX_C_172_004,10-year US,ZNZ2,720496,2012-08-23,PROVIDER_CONDITION_AVAILABLE,-12.90625,132.40625,119.5,DEV_RECON_LOCAL_BACK_ADJUSTED_DATED_CONTRACT_CHAIN,2012-08-23T00:00:00Z,132.3125,132.6875,132.203125,11576.0,119.40625,119.78125,119.296875,11576.0
SOURCE_NATIVE_FUTURES,ZN,bond,APPENDIX_C_172_004,10-year US,ZNZ2,720496,2012-08-24,PROVIDER_CONDITION_AVAILABLE,-12.90625,132.421875,119.515625,DEV_RECON_LOCAL_BACK_ADJUSTED_DATED_CONTRACT_CHAIN,2012-08-24T00:00:00Z,132.453125,132.859375,132.40625,13949.0,119.546875,119.953125,119.5,13949.0
SOURCE_NATIVE_FUTURES,ZN,bond,APPENDIX_C_172_004,10-year US,ZNZ2,720496,2012-08-24,PROVIDER_CONDITION_AVAILABLE,-12.90625,132.421875,119.515625,DEV_RECON_LOCAL_BACK_ADJUSTED_DATED_CONTRACT_CHAIN,2012-08-24T00:00:00Z,132.453125,132.859375,132.40625,13949.0,119.546875,119.953125,119.5,13949.0
SOURCE_NATIVE_FUTURES,ZN,bond,APPENDIX_C_172_004,10-year US,ZNZ2,720496,2012-08-26,PROVIDER_CONDITION_AVAILABLE,-12.90625,132.4375,119.53125,DEV_RECON_LOCAL_BACK_ADJUSTED_DATED_CONTRACT_CHAIN,2012-08-26T00:00:00Z,132.4375,132.46875,132.359375,254.0,119.53125,119.5625,119.453125,254.0
SOURCE_NATIVE_FUTURES,ZN,bond,APPENDIX_C_172_004,10-year US,ZNZ2,720496,2012-08-26,PROVIDER_CONDITION_AVAILABLE,-12.90625,132.4375,119.53125,DEV_RECON_LOCAL_BACK_ADJUSTED_DATED_CONTRACT_CHAIN,2012-08-26T00:00:00Z,132.4375,132.46875,132.359375,254.0,119.53125,119.5625,119.453125,254.0
SOURCE_NATIVE_FUTURES,ZN,bond,APPENDIX_C_172_004,10-year US,ZNZ2,720496,2012-08-27,PROVIDER_CONDITION_AVAILABLE,-12.90625,132.640625,119.734375,DEV_RECON_LOCAL_BACK_ADJUSTED_DATED_CONTRACT_CHAIN,2012-08-27T00:00:00Z,132.421875,132.765625,132.40625,32831.0,119.515625,119.859375,119.5,32831.0
SOURCE_NATIVE_FUTURES,ZN,bond,APPENDIX_C_172_004,10-year US,ZNZ2,720496,2012-08-27,PROVIDER_CONDITION_AVAILABLE,-12.90625,132.640625,119.734375,DEV_RECON_LOCAL_BACK_ADJUSTED_DATED_CONTRACT_CHAIN,2012-08-27T00:00:00Z,132.421875,132.765625,132.40625,32831.0,119.515625,119.859375,119.5,32831.0
SOURCE_NATIVE_FUTURES,ZN,bond,APPENDIX_C_172_004,10-year US,ZNZ2,720496,2012-08-28,PROVIDER_CONDITION_AVAILABLE,-12.90625,132.8125,119.90625,DEV_RECON_LOCAL_BACK_ADJUSTED_DATED_CONTRACT_CHAIN,2012-08-28T00:00:00Z,132.65625,133.0,132.65625,87815.0,119.75,120.09375,119.75,87815.0
SOURCE_NATIVE_FUTURES,ZN,bond,APPENDIX_C_172_004,10-year US,ZNZ2,720496,2012-08-28,PROVIDER_CONDITION_AVAILABLE,-12.90625,132.8125,119.90625,DEV_RECON_LOCAL_BACK_ADJUSTED_DATED_CONTRACT_CHAIN,2012-08-28T00:00:00Z,132.65625,133.0,132.65625,87815.0,119.75,120.09375,119.75,87815.0
SOURCE_NATIVE_FUTURES,ZN,bond,APPENDIX_C_172_004,10-year US,ZNZ2,720496,2012-08-29,PROVIDER_CONDITION_AVAILABLE,-12.90625,132.75,119.84375,DEV_RECON_LOCAL_BACK_ADJUSTED_DATED_CONTRACT_CHAIN,2012-08-29T00:00:00Z,132.828125,132.9375,132.5625,215957.0,119.921875,120.03125,119.65625,215957.0
SOURCE_NATIVE_FUTURES,ZN,bond,APPENDIX_C_172_004,10-year US,ZNZ2,720496,2012-08-29,PROVIDER_CONDITION_AVAILABLE,-12.90625,132.75,119.84375,DEV_RECON_LOCAL_BACK_ADJUSTED_DATED_CONTRACT_CHAIN,2012-08-29T00:00:00Z,132.828125,132.9375,132.5625,215957.0,119.921875,120.03125,119.65625,215957.0
SOURCE_NATIVE_FUTURES,ZN,bond,APPENDIX_C_172_004,10-year US,ZNZ2,720496,2012-08-30,PROVIDER_CONDITION_AVAILABLE,-12.90625,133.09375,120.1875,DEV_RECON_LOCAL_BACK_ADJUSTED_DATED_CONTRACT_CHAIN,2012-08-30T00:00:00Z,132.75,133.21875,132.703125,410763.0,119.84375,120.3125,119.796875,410763.0
SOURCE_NATIVE_FUTURES,ZN,bond,APPENDIX_C_172_004,10-year US,ZNZ2,720496,2012-08-30,PROVIDER_CONDITION_AVAILABLE,-12.90625,133.09375,120.1875,DEV_RECON_LOCAL_BACK_ADJUSTED_DATED_CONTRACT_CHAIN,2012-08-30T00:00:00Z,132.75,133.21875,132.703125,410763.0,119.84375,120.3125,119.796875,410763.0
SOURCE_NATIVE_FUTURES,ZN,bond,APPENDIX_C_172_004,10-year US,ZNZ2,720496,2012-08-31,PROVIDER_CONDITION_AVAILABLE,-12.90625,133.8125,120.90625,DEV_RECON_LOCAL_BACK_ADJUSTED_DATED_CONTRACT_CHAIN,2012-08-31T00:00:00Z,133.09375,133.828125,132.859375,881247.0,120.1875,120.921875,119.953125,881247.0
SOURCE_NATIVE_FUTURES,ZN,bond,APPENDIX_C_172_004,10-year US,ZNZ2,720496,2012-08-31,PROVIDER_CONDITION_AVAILABLE,-12.90625,133.8125,120.90625,DEV_RECON_LOCAL_BACK_ADJUSTED_DATED_CONTRACT_CHAIN,2012-08-31T00:00:00Z,133.09375,133.828125,132.859375,881247.0,120.1875,120.921875,119.953125,881247.0
SOURCE_NATIVE_FUTURES,ZN,bond,APPENDIX_C_172_004,10-year US,ZNZ2,720496,2012-09-02,PROVIDER_CONDITION_AVAILABLE,-12.90625,133.8125,120.90625,DEV_RECON_LOCAL_BACK_ADJUSTED_DATED_CONTRACT_CHAIN,2012-09-02T00:00:00Z,133.75,133.828125,133.734375,6603.0,120.84375,120.921875,120.828125,6603.0
SOURCE_NATIVE_FUTURES,ZN,bond,APPENDIX_C_172_004,10-year US,ZNZ2,720496,2012-09-02,PROVIDER_CONDITION_AVAILABLE,-12.90625,133.8125,120.90625,DEV_RECON_LOCAL_BACK_ADJUSTED_DATED_CONTRACT_CHAIN,2012-09-02T00:00:00Z,133.75,133.828125,133.734375,6603.0,120.84375,120.921875,120.828125,6603.0
SOURCE_NATIVE_FUTURES,ZN,bond,APPENDIX_C_172_004,10-year US,ZNZ2,720496,2012-09-03,PROVIDER_CONDITION_AVAILABLE,-12.90625,133.78125,120.875,DEV_RECON_LOCAL_BACK_ADJUSTED_DATED_CONTRACT_CHAIN,2012-09-03T00:00:00Z,133.8125,133.828125,133.578125,93751.0,120.90625,120.921875,120.671875,93751.0
SOURCE_NATIVE_FUTURES,ZN,bond,APPENDIX_C_172_004,10-year US,ZNZ2,720496,2012-09-03,PROVIDER_CONDITION_AVAILABLE,-12.90625,133.78125,120.875,DEV_RECON_LOCAL_BACK_ADJUSTED_DATED_CONTRACT_CHAIN,2012-09-03T00:00:00Z,133.8125,133.828125,133.578125,93751.0,120.90625,120.921875,120.671875,93751.0
SOURCE_NATIVE_FUTURES,ZN,bond,APPENDIX_C_172_004,10-year US,ZNZ2,720496,2012-09-04,PROVIDER_CONDITION_AVAILABLE,-12.90625,133.53125,120.625,DEV_RECON_LOCAL_BACK_ADJUSTED_DATED_CONTRACT_CHAIN,2012-09-04T00:00:00Z,133.78125,133.828125,133.34375,963299.0,120.875,120.921875,120.4375,963299.0
SOURCE_NATIVE_FUTURES,ZN,bond,APPENDIX_C_172_004,10-year US,ZNZ2,720496,2012-09-04,PROVIDER_CONDITION_AVAILABLE,-12.90625,133.53125,120.625,DEV_RECON_LOCAL_BACK_ADJUSTED_DATED_CONTRACT_CHAIN,2012-09-04T00:00:00Z,133.78125,133.828125,133.34375,963299.0,120.875,120.921875,120.4375,963299.0
SOURCE_NATIVE_FUTURES,ZN,bond,APPENDIX_C_172_004,10-year US,ZNZ2,720496,2012-09-05,PROVIDER_CONDITION_AVAILABLE,-12.90625,133.3125,120.40625,DEV_RECON_LOCAL_BACK_ADJUSTED_DATED_CONTRACT_CHAIN,2012-09-05T00:00:00Z,133.53125,133.6875,133.296875,810858.0,120.625,120.78125,120.390625,810858.0
SOURCE_NATIVE_FUTURES,ZN,bond,APPENDIX_C_172_004,10-year US,ZNZ2,720496,2012-09-05,PROVIDER_CONDITION_AVAILABLE,-12.90625,133.3125,120.40625,DEV_RECON_LOCAL_BACK_ADJUSTED_DATED_CONTRACT_CHAIN,2012-09-05T00:00:00Z,133.53125,133.6875,133.296875,810858.0,120.625,120.78125,120.390625,810858.0
SOURCE_NATIVE_FUTURES,ZN,bond,APPENDIX_C_172_004,10-year US,ZNZ2,720496,2012-09-06,PROVIDER_CONDITION_AVAILABLE,-12.90625,132.65625,119.75,DEV_RECON_LOCAL_BACK_ADJUSTED_DATED_CONTRACT_CHAIN,2012-09-06T00:00:00Z,133.328125,133.390625,132.640625,1047501.0,120.421875,120.484375,119.734375,1047501.0
SOURCE_NATIVE_FUTURES,ZN,bond,APPENDIX_C_172_004,10-year US,ZNZ2,720496,2012-09-06,PROVIDER_CONDITION_AVAILABLE,-12.90625,132.65625,119.75,DEV_RECON_LOCAL_BACK_ADJUSTED_DATED_CONTRACT_CHAIN,2012-09-06T00:00:00Z,133.328125,133.390625,132.640625,1047501.0,120.421875,120.484375,119.734375,1047501.0
SOURCE_NATIVE_FUTURES,ZN,bond,APPENDIX_C_172_004,10-year US,ZNZ2,720496,2012-09-07,PROVIDER_CONDITION_AVAILABLE,-12.90625,132.96875,120.0625,DEV_RECON_LOCAL_BACK_ADJUSTED_DATED_CONTRACT_CHAIN,2012-09-07T00:00:00Z,132.65625,133.53125,132.25,1436843.0,119.75,120.625,119.34375,1436843.0
SOURCE_NATIVE_FUTURES,ZN,bond,APPENDIX_C_172_004,10-year US,ZNZ2,720496,2012-09-07,PROVIDER_CONDITION_AVAILABLE,-12.90625,132.96875,120.0625,DEV_RECON_LOCAL_BACK_ADJUSTED_DATED_CONTRACT_CHAIN,2012-09-07T00:00:00Z,132.65625,133.53125,132.25,1436843.0,119.75,120.625,119.34375,1436843.0
SOURCE_NATIVE_FUTURES,ZN,bond,APPENDIX_C_172_004,10-year US,ZNZ2,720496,2012-09-09,PROVIDER_CONDITION_AVAILABLE,-12.90625,133.09375,120.1875,DEV_RECON_LOCAL_BACK_ADJUSTED_DATED_CONTRACT_CHAIN,2012-09-09T00:00:00Z,133.0,133.140625,133.0,9546.0,120.09375,120.234375,120.09375,9546.0
SOURCE_NATIVE_FUTURES,ZN,bond,APPENDIX_C_172_004,10-year US,ZNZ2,720496,2012-09-09,PROVIDER_CONDITION_AVAILABLE,-12.90625,133.09375,120.1875,DEV_RECON_LOCAL_BACK_ADJUSTED_DATED_CONTRACT_CHAIN,2012-09-09T00:00:00Z,133.0,133.140625,133.0,9546.0,120.09375,120.234375,120.09375,9546.0
SOURCE_NATIVE_FUTURES,ZN,bond,APPENDIX_C_172_004,10-year US,ZNZ2,720496,2012-09-10,PROVIDER_CONDITION_AVAILABLE,-12.90625,133.046875,120.140625,DEV_RECON_LOCAL_BACK_ADJUSTED_DATED_CONTRACT_CHAIN,2012-09-10T00:00:00Z,133.09375,133.234375,132.8125,650437.0,120.1875,120.328125,119.90625,650437.0
SOURCE_NATIVE_FUTURES,ZN,bond,APPENDIX_C_172_004,10-year US,ZNZ2,720496,2012-09-10,PROVIDER_CONDITION_AVAILABLE,-12.90625,133.046875,120.140625,DEV_RECON_LOCAL_BACK_ADJUSTED_DATED_CONTRACT_CHAIN,2012-09-10T00:00:00Z,133.09375,133.234375,132.8125,650437.0,120.1875,120.328125,119.90625,650437.0
SOURCE_NATIVE_FUTURES,ZN,bond,APPENDIX_C_172_004,10-year US,ZNZ2,720496,2012-09-11,PROVIDER_CONDITION_AVAILABLE,-12.90625,132.84375,119.9375,DEV_RECON_LOCAL_BACK_ADJUSTED_DATED_CONTRACT_CHAIN,2012-09-11T00:00:00Z,133.046875,133.1875,132.71875,621529.0,120.140625,120.28125,119.8125,621529.0
SOURCE_NATIVE_FUTURES,ZN,bond,APPENDIX_C_172_004,10-year US,ZNZ2,720496,2012-09-11,PROVIDER_CONDITION_AVAILABLE,-12.90625,132.84375,119.9375,DEV_RECON_LOCAL_BACK_ADJUSTED_DATED_CONTRACT_CHAIN,2012-09-11T00:00:00Z,133.046875,133.1875,132.71875,621529.0,120.140625,120.28125,119.8125,621529.0
SOURCE_NATIVE_FUTURES,ZN,bond,APPENDIX_C_172_004,10-year US,ZNZ2,720496,2012-09-12,PROVIDER_CONDITION_AVAILABLE,-12.90625,132.4375,119.53125,DEV_RECON_LOCAL_BACK_ADJUSTED_DATED_CONTRACT_CHAIN,2012-09-12T00:00:00Z,132.84375,132.859375,132.28125,919348.0,119.9375,119.953125,119.375,919348.0
SOURCE_NATIVE_FUTURES,ZN,bond,APPENDIX_C_172_004,10-year US,ZNZ2,720496,2012-09-12,PROVIDER_CONDITION_AVAILABLE,-12.90625,132.4375,119.53125,DEV_RECON_LOCAL_BACK_ADJUSTED_DATED_CONTRACT_CHAIN,2012-09-12T00:00:00Z,132.84375,132.859375,132.28125,919348.0,119.9375,119.953125,119.375,919348.0
SOURCE_NATIVE_FUTURES,ZN,bond,APPENDIX_C_172_004,10-year US,ZNZ2,720496,2012-09-13,PROVIDER_CONDITION_AVAILABLE,-12.90625,132.890625,119.984375,DEV_RECON_LOCAL_BACK_ADJUSTED_DATED_CONTRACT_CHAIN,2012-09-13T00:00:00Z,132.4375,132.96875,131.84375,1623338.0,119.53125,120.0625,118.9375,1623338.0
SOURCE_NATIVE_FUTURES,ZN,bond,APPENDIX_C_172_004,10-year US,ZNZ2,720496,2012-09-13,PROVIDER_CONDITION_AVAILABLE,-12.90625,132.890625,119.984375,DEV_RECON_LOCAL_BACK_ADJUSTED_DATED_CONTRACT_CHAIN,2012-09-13T00:00:00Z,132.4375,132.96875,131.84375,1623338.0,119.53125,120.0625,118.9375,1623338.0
SOURCE_NATIVE_FUTURES,ZN,bond,APPENDIX_C_172_004,10-year US,ZNZ2,720496,2012-09-14,PROVIDER_CONDITION_AVAILABLE,-12.90625,131.859375,118.953125,DEV_RECON_LOCAL_BACK_ADJUSTED_DATED_CONTRACT_CHAIN,2012-09-14T00:00:00Z,132.890625,132.90625,131.71875,1276130.0,119.984375,120.0,118.8125,1276130.0
SOURCE_NATIVE_FUTURES,ZN,bond,APPENDIX_C_172_004,10-year US,ZNZ2,720496,2012-09-14,PROVIDER_CONDITION_AVAILABLE,-12.90625,131.859375,118.953125,DEV_RECON_LOCAL_BACK_ADJUSTED_DATED_CONTRACT_CHAIN,2012-09-14T00:00:00Z,132.890625,132.90625,131.71875,1276130.0,119.984375,120.0,118.8125,1276130.0
SOURCE_NATIVE_FUTURES,ZN,bond,APPENDIX_C_172_004,10-year US,ZNZ2,720496,2012-09-16,PROVIDER_CONDITION_AVAILABLE,-12.90625,131.84375,118.9375,DEV_RECON_LOCAL_BACK_ADJUSTED_DATED_CONTRACT_CHAIN,2012-09-16T00:00:00Z,131.828125,131.84375,131.734375,4069.0,118.921875,118.9375,118.828125,4069.0
SOURCE_NATIVE_FUTURES,ZN,bond,APPENDIX_C_172_004,10-year US,ZNZ2,720496,2012-09-16,PROVIDER_CONDITION_AVAILABLE,-12.90625,131.84375,118.9375,DEV_RECON_LOCAL_BACK_ADJUSTED_DATED_CONTRACT_CHAIN,2012-09-16T00:00:00Z,131.828125,131.84375,131.734375,4069.0,118.921875,118.9375,118.828125,4069.0
SOURCE_NATIVE_FUTURES,ZN,bond,APPENDIX_C_172_004,10-year US,ZNZ2,720496,2012-09-17,PROVIDER_CONDITION_AVAILABLE,-12.90625,132.03125,119.125,DEV_RECON_LOCAL_BACK_ADJUSTED_DATED_CONTRACT_CHAIN,2012-09-17T00:00:00Z,131.828125,132.203125,131.75,700316.0,118.921875,119.296875,118.84375,700316.0
SOURCE_NATIVE_FUTURES,ZN,bond,APPENDIX_C_172_004,10-year US,ZNZ2,720496,2012-09-17,PROVIDER_CONDITION_AVAILABLE,-12.90625,132.03125,119.125,DEV_RECON_LOCAL_BACK_ADJUSTED_DATED_CONTRACT_CHAIN,2012-09-17T00:00:00Z,131.828125,132.203125,131.75,700316.0,118.921875,119.296875,118.84375,700316.0
SOURCE_NATIVE_FUTURES,ZN,bond,APPENDIX_C_172_004,10-year US,ZNZ2,720496,2012-09-18,PROVIDER_CONDITION_AVAILABLE,-12.90625,132.28125,119.375,DEV_RECON_LOCAL_BACK_ADJUSTED_DATED_CONTRACT_CHAIN,2012-09-18T00:00:00Z,132.03125,132.515625,132.03125,737168.0,119.125,119.609375,119.125,737168.0
SOURCE_NATIVE_FUTURES,ZN,bond,APPENDIX_C_172_004,10-year US,ZNZ2,720496,2012-09-18,PROVIDER_CONDITION_AVAILABLE,-12.90625,132.28125,119.375,DEV_RECON_LOCAL_BACK_ADJUSTED_DATED_CONTRACT_CHAIN,2012-09-18T00:00:00Z,132.03125,132.515625,132.03125,737168.0,119.125,119.609375,119.125,737168.0
SOURCE_NATIVE_FUTURES,ZN,bond,APPENDIX_C_172_004,10-year US,ZNZ2,720496,2012-09-19,PROVIDER_CONDITION_AVAILABLE,-12.90625,132.453125,119.546875,DEV_RECON_LOCAL_BACK_ADJUSTED_DATED_CONTRACT_CHAIN,2012-09-19T00:00:00Z,132.28125,132.5625,132.0625,816617.0,119.375,119.65625,119.15625,816617.0
SOURCE_NATIVE_FUTURES,ZN,bond,APPENDIX_C_172_004,10-year US,ZNZ2,720496,2012-09-19,PROVIDER_CONDITION_AVAILABLE,-12.90625,132.453125,119.546875,DEV_RECON_LOCAL_BACK_ADJUSTED_DATED_CONTRACT_CHAIN,2012-09-19T00:00:00Z,132.28125,132.5625,132.0625,816617.0,119.375,119.65625,119.15625,816617.0
SOURCE_NATIVE_FUTURES,ZN,bond,APPENDIX_C_172_004,10-year US,ZNZ2,720496,2012-09-20,PROVIDER_CONDITION_AVAILABLE,-12.90625,132.46875,119.5625,DEV_RECON_LOCAL_BACK_ADJUSTED_DATED_CONTRACT_CHAIN,2012-09-20T00:00:00Z,132.453125,132.875,132.34375,895572.0,119.546875,119.96875,119.4375,895572.0
SOURCE_NATIVE_FUTURES,ZN,bond,APPENDIX_C_172_004,10-year US,ZNZ2,720496,2012-09-20,PROVIDER_CONDITION_AVAILABLE,-12.90625,132.46875,119.5625,DEV_RECON_LOCAL_BACK_ADJUSTED_DATED_CONTRACT_CHAIN,2012-09-20T00:00:00Z,132.453125,132.875,132.34375,895572.0,119.546875,119.96875,119.4375,895572.0
SOURCE_NATIVE_FUTURES,ZN,bond,APPENDIX_C_172_004,10-year US,ZNZ2,720496,2012-09-21,PROVIDER_CONDITION_AVAILABLE,-12.90625,132.703125,119.796875,DEV_RECON_LOCAL_BACK_ADJUSTED_DATED_CONTRACT_CHAIN,2012-09-21T00:00:00Z,132.46875,132.765625,132.25,705839.0,119.5625,119.859375,119.34375,705839.0
SOURCE_NATIVE_FUTURES,ZN,bond,APPENDIX_C_172_004,10-year US,ZNZ2,720496,2012-09-21,PROVIDER_CONDITION_AVAILABLE,-12.90625,132.703125,119.796875,DEV_RECON_LOCAL_BACK_ADJUSTED_DATED_CONTRACT_CHAIN,2012-09-21T00:00:00Z,132.46875,132.765625,132.25,705839.0,119.5625,119.859375,119.34375,705839.0
SOURCE_NATIVE_FUTURES,ZN,bond,APPENDIX_C_172_004,10-year US,ZNZ2,720496,2012-09-23,PROVIDER_CONDITION_AVAILABLE,-12.90625,132.703125,119.796875,DEV_RECON_LOCAL_BACK_ADJUSTED_DATED_CONTRACT_CHAIN,2012-09-23T00:00:00Z,132.703125,132.734375,132.640625,4912.0,119.796875,119.828125,119.734375,4912.0
SOURCE_NATIVE_FUTURES,ZN,bond,APPENDIX_C_172_004,10-year US,ZNZ2,720496,2012-09-23,PROVIDER_CONDITION_AVAILABLE,-12.90625,132.703125,119.796875,DEV_RECON_LOCAL_BACK_ADJUSTED_DATED_CONTRACT_CHAIN,2012-09-23T00:00:00Z,132.703125,132.734375,132.640625,4912.0,119.796875,119.828125,119.734375,4912.0
SOURCE_NATIVE_FUTURES,ZN,bond,APPENDIX_C_172_004,10-year US,ZNZ2,720496,2012-09-24,PROVIDER_CONDITION_AVAILABLE,-12.90625,132.953125,120.046875,DEV_RECON_LOCAL_BACK_ADJUSTED_DATED_CONTRACT_CHAIN,2012-09-24T00:00:00Z,132.703125,133.046875,132.65625,509255.0,119.796875,120.140625,119.75,509255.0
SOURCE_NATIVE_FUTURES,ZN,bond,APPENDIX_C_172_004,10-year US,ZNZ2,720496,2012-09-24,PROVIDER_CONDITION_AVAILABLE,-12.90625,132.953125,120.046875,DEV_RECON_LOCAL_BACK_ADJUSTED_DATED_CONTRACT_CHAIN,2012-09-24T00:00:00Z,132.703125,133.046875,132.65625,509255.0,119.796875,120.140625,119.75,509255.0
SOURCE_NATIVE_FUTURES,ZN,bond,APPENDIX_C_172_004,10-year US,ZNZ2,720496,2012-09-25,PROVIDER_CONDITION_AVAILABLE,-12.90625,133.25,120.34375,DEV_RECON_LOCAL_BACK_ADJUSTED_DATED_CONTRACT_CHAIN,2012-09-25T00:00:00Z,132.953125,133.3125,132.734375,866534.0,120.046875,120.40625,119.828125,866534.0
SOURCE_NATIVE_FUTURES,ZN,bond,APPENDIX_C_172_004,10-year US,ZNZ2,720496,2012-09-25,PROVIDER_CONDITION_AVAILABLE,-12.90625,133.25,120.34375,DEV_RECON_LOCAL_BACK_ADJUSTED_DATED_CONTRACT_CHAIN,2012-09-25T00:00:00Z,132.953125,133.3125,132.734375,866534.0,120.046875,120.40625,119.828125,866534.0
SOURCE_NATIVE_FUTURES,ZN,bond,APPENDIX_C_172_004,10-year US,ZNZ2,720496,2012-09-26,PROVIDER_CONDITION_AVAILABLE,-12.90625,133.546875,120.640625,DEV_RECON_LOCAL_BACK_ADJUSTED_DATED_CONTRACT_CHAIN,2012-09-26T00:00:00Z,133.234375,133.671875,133.140625,831947.0,120.328125,120.765625,120.234375,831947.0
SOURCE_NATIVE_FUTURES,ZN,bond,APPENDIX_C_172_004,10-year US,ZNZ2,720496,2012-09-26,PROVIDER_CONDITION_AVAILABLE,-12.90625,133.546875,120.640625,DEV_RECON_LOCAL_BACK_ADJUSTED_DATED_CONTRACT_CHAIN,2012-09-26T00:00:00Z,133.234375,133.671875,133.140625,831947.0,120.328125,120.765625,120.234375,831947.0
SOURCE_NATIVE_FUTURES,ZN,bond,APPENDIX_C_172_004,10-year US,ZNZ2,720496,2012-09-27,PROVIDER_CONDITION_AVAILABLE,-12.90625,133.4375,120.53125,DEV_RECON_LOCAL_BACK_ADJUSTED_DATED_CONTRACT_CHAIN,2012-09-27T00:00:00Z,133.546875,133.59375,133.328125,913621.0,120.640625,120.6875,120.421875,913621.0
SOURCE_NATIVE_FUTURES,ZN,bond,APPENDIX_C_172_004,10-year US,ZNZ2,720496,2012-09-27,PROVIDER_CONDITION_AVAILABLE,-12.90625,133.4375,120.53125,DEV_RECON_LOCAL_BACK_ADJUSTED_DATED_CONTRACT_CHAIN,2012-09-27T00:00:00Z,133.546875,133.59375,133.328125,913621.0,120.640625,120.6875,120.421875,913621.0
SOURCE_NATIVE_FUTURES,ZN,bond,APPENDIX_C_172_004,10-year US,ZNZ2,720496,2012-09-28,PROVIDER_CONDITION_AVAILABLE,-12.90625,133.515625,120.609375,DEV_RECON_LOCAL_BACK_ADJUSTED_DATED_CONTRACT_CHAIN,2012-09-28T00:00:00Z,133.453125,133.84375,133.390625,952775.0,120.546875,120.9375,120.484375,952775.0
SOURCE_NATIVE_FUTURES,ZN,bond,APPENDIX_C_172_004,10-year US,ZNZ2,720496,2012-09-28,PROVIDER_CONDITION_AVAILABLE,-12.90625,133.515625,120.609375,DEV_RECON_LOCAL_BACK_ADJUSTED_DATED_CONTRACT_CHAIN,2012-09-28T00:00:00Z,133.453125,133.84375,133.390625,952775.0,120.546875,120.9375,120.484375,952775.0
SOURCE_NATIVE_FUTURES,ZN,bond,APPENDIX_C_172_004,10-year US,ZNZ2,720496,2012-09-30,PROVIDER_CONDITION_AVAILABLE,-12.90625,133.625,120.71875,DEV_RECON_LOCAL_BACK_ADJUSTED_DATED_CONTRACT_CHAIN,2012-09-30T00:00:00Z,133.46875,133.671875,133.46875,7903.0,120.5625,120.765625,120.5625,7903.0
SOURCE_NATIVE_FUTURES,ZN,bond,APPENDIX_C_172_004,10-year US,ZNZ2,720496,2012-09-30,PROVIDER_CONDITION_AVAILABLE,-12.90625,133.625,120.71875,DEV_RECON_LOCAL_BACK_ADJUSTED_DATED_CONTRACT_CHAIN,2012-09-30T00:00:00Z,133.46875,133.671875,133.46875,7903.0,120.5625,120.765625,120.5625,7903.0
SOURCE_NATIVE_FUTURES,ZN,bond,APPENDIX_C_172_004,10-year US,ZNZ2,720496,2012-10-01,PROVIDER_CONDITION_AVAILABLE,-12.90625,133.5625,120.65625,DEV_RECON_LOCAL_BACK_ADJUSTED_DATED_CONTRACT_CHAIN,2012-10-01T00:00:00Z,133.625,133.671875,133.359375,746839.0,120.71875,120.765625,120.453125,746839.0
SOURCE_NATIVE_FUTURES,ZN,bond,APPENDIX_C_172_004,10-year US,ZNZ2,720496,2012-10-01,PROVIDER_CONDITION_AVAILABLE,-12.90625,133.5625,120.65625,DEV_RECON_LOCAL_BACK_ADJUSTED_DATED_CONTRACT_CHAIN,2012-10-01T00:00:00Z,133.625,133.671875,133.359375,746839.0,120.71875,120.765625,120.453125,746839.0
SOURCE_NATIVE_FUTURES,ZN,bond,APPENDIX_C_172_004,10-year US,ZNZ2,720496,2012-10-02,PROVIDER_CONDITION_AVAILABLE,-12.90625,133.609375,120.703125,DEV_RECON_LOCAL_BACK_ADJUSTED_DATED_CONTRACT_CHAIN,2012-10-02T00:00:00Z,133.578125,133.6875,133.390625,592036.0,120.671875,120.78125,120.484375,592036.0
SOURCE_NATIVE_FUTURES,ZN,bond,APPENDIX_C_172_004,10-year US,ZNZ2,720496,2012-10-02,PROVIDER_CONDITION_AVAILABLE,-12.90625,133.609375,120.703125,DEV_RECON_LOCAL_BACK_ADJUSTED_DATED_CONTRACT_CHAIN,2012-10-02T00:00:00Z,133.578125,133.6875,133.390625,592036.0,120.671875,120.78125,120.484375,592036.0
SOURCE_NATIVE_FUTURES,ZN,bond,APPENDIX_C_172_004,10-year US,ZNZ2,720496,2012-10-03,PROVIDER_CONDITION_AVAILABLE,-12.90625,133.71875,120.8125,DEV_RECON_LOCAL_BACK_ADJUSTED_DATED_CONTRACT_CHAIN,2012-10-03T00:00:00Z,133.609375,133.796875,133.515625,751037.0,120.703125,120.890625,120.609375,751037.0
SOURCE_NATIVE_FUTURES,ZN,bond,APPENDIX_C_172_004,10-year US,ZNZ2,720496,2012-10-03,PROVIDER_CONDITION_AVAILABLE,-12.90625,133.71875,120.8125,DEV_RECON_LOCAL_BACK_ADJUSTED_DATED_CONTRACT_CHAIN,2012-10-03T00:00:00Z,133.609375,133.796875,133.515625,751037.0,120.703125,120.890625,120.609375,751037.0
SOURCE_NATIVE_FUTURES,ZN,bond,APPENDIX_C_172_004,10-year US,ZNZ2,720496,2012-10-04,PROVIDER_CONDITION_AVAILABLE,-12.90625,133.390625,120.484375,DEV_RECON_LOCAL_BACK_ADJUSTED_DATED_CONTRACT_CHAIN,2012-10-04T00:00:00Z,133.734375,133.734375,133.3125,700955.0,120.828125,120.828125,120.40625,700955.0
SOURCE_NATIVE_FUTURES,ZN,bond,APPENDIX_C_172_004,10-year US,ZNZ2,720496,2012-10-04,PROVIDER_CONDITION_AVAILABLE,-12.90625,133.390625,120.484375,DEV_RECON_LOCAL_BACK_ADJUSTED_DATED_CONTRACT_CHAIN,2012-10-04T00:00:00Z,133.734375,133.734375,133.3125,700955.0,120.828125,120.828125,120.40625,700955.0
SOURCE_NATIVE_FUTURES,ZN,bond,APPENDIX_C_172_004,10-year US,ZNZ2,720496,2012-10-05,PROVIDER_CONDITION_AVAILABLE,-12.90625,132.921875,120.015625,DEV_RECON_LOCAL_BACK_ADJUSTED_DATED_CONTRACT_CHAIN,2012-10-05T00:00:00Z,133.40625,133.484375,132.859375,967963.0,120.5,120.578125,119.953125,967963.0
SOURCE_NATIVE_FUTURES,ZN,bond,APPENDIX_C_172_004,10-year US,ZNZ2,720496,2012-10-05,PROVIDER_CONDITION_AVAILABLE,-12.90625,132.921875,120.015625,DEV_RECON_LOCAL_BACK_ADJUSTED_DATED_CONTRACT_CHAIN,2012-10-05T00:00:00Z,133.40625,133.484375,132.859375,967963.0,120.5,120.578125,119.953125,967963.0
SOURCE_NATIVE_FUTURES,ZN,bond,APPENDIX_C_172_004,10-year US,ZNZ2,720496,2012-10-07,PROVIDER_CONDITION_AVAILABLE,-12.90625,133.015625,120.109375,DEV_RECON_LOCAL_BACK_ADJUSTED_DATED_CONTRACT_CHAIN,2012-10-07T00:00:00Z,132.890625,133.015625,132.890625,4648.0,119.984375,120.109375,119.984375,4648.0
SOURCE_NATIVE_FUTURES,ZN,bond,APPENDIX_C_172_004,10-year US,ZNZ2,720496,2012-10-07,PROVIDER_CONDITION_AVAILABLE,-12.90625,133.015625,120.109375,DEV_RECON_LOCAL_BACK_ADJUSTED_DATED_CONTRACT_CHAIN,2012-10-07T00:00:00Z,132.890625,133.015625,132.890625,4648.0,119.984375,120.109375,119.984375,4648.0
SOURCE_NATIVE_FUTURES,ZN,bond,APPENDIX_C_172_004,10-year US,ZNZ2,720496,2012-10-08,PROVIDER_CONDITION_AVAILABLE,-12.90625,133.171875,120.265625,DEV_RECON_LOCAL_BACK_ADJUSTED_DATED_CONTRACT_CHAIN,2012-10-08T00:00:00Z,133.0,133.28125,132.984375,168533.0,120.09375,120.375,120.078125,168533.0
SOURCE_NATIVE_FUTURES,ZN,bond,APPENDIX_C_172_004,10-year US,ZNZ2,720496,2012-10-08,PROVIDER_CONDITION_AVAILABLE,-12.90625,133.171875,120.265625,DEV_RECON_LOCAL_BACK_ADJUSTED_DATED_CONTRACT_CHAIN,2012-10-08T00:00:00Z,133.0,133.28125,132.984375,168533.0,120.09375,120.375,120.078125,168533.0
SOURCE_NATIVE_FUTURES,ZN,bond,APPENDIX_C_172_004,10-year US,ZNZ2,720496,2012-10-09,PROVIDER_CONDITION_AVAILABLE,-12.90625,133.15625,120.25,DEV_RECON_LOCAL_BACK_ADJUSTED_DATED_CONTRACT_CHAIN,2012-10-09T00:00:00Z,133.171875,133.34375,132.9375,722296.0,120.265625,120.4375,120.03125,722296.0
SOURCE_NATIVE_FUTURES,ZN,bond,APPENDIX_C_172_004,10-year US,ZNZ2,720496,2012-10-09,PROVIDER_CONDITION_AVAILABLE,-12.90625,133.15625,120.25,DEV_RECON_LOCAL_BACK_ADJUSTED_DATED_CONTRACT_CHAIN,2012-10-09T00:00:00Z,133.171875,133.34375,132.9375,722296.0,120.265625,120.4375,120.03125,722296.0
SOURCE_NATIVE_FUTURES,ZN,bond,APPENDIX_C_172_004,10-year US,ZNZ2,720496,2012-10-10,PROVIDER_CONDITION_AVAILABLE,-12.90625,133.328125,120.421875,DEV_RECON_LOCAL_BACK_ADJUSTED_DATED_CONTRACT_CHAIN,2012-10-10T00:00:00Z,133.15625,133.375,132.8125,805532.0,120.25,120.46875,119.90625,805532.0
SOURCE_NATIVE_FUTURES,ZN,bond,APPENDIX_C_172_004,10-year US,ZNZ2,720496,2012-10-10,PROVIDER_CONDITION_AVAILABLE,-12.90625,133.328125,120.421875,DEV_RECON_LOCAL_BACK_ADJUSTED_DATED_CONTRACT_CHAIN,2012-10-10T00:00:00Z,133.15625,133.375,132.8125,805532.0,120.25,120.46875,119.90625,805532.0
SOURCE_NATIVE_FUTURES,ZN,bond,APPENDIX_C_172_004,10-year US,ZNZ2,720496,2012-10-11,PROVIDER_CONDITION_AVAILABLE,-12.90625,133.21875,120.3125,DEV_RECON_LOCAL_BACK_ADJUSTED_DATED_CONTRACT_CHAIN,2012-10-11T00:00:00Z,133.328125,133.390625,132.828125,980295.0,120.421875,120.484375,119.921875,980295.0
SOURCE_NATIVE_FUTURES,ZN,bond,APPENDIX_C_172_004,10-year US,ZNZ2,720496,2012-10-11,PROVIDER_CONDITION_AVAILABLE,-12.90625,133.21875,120.3125,DEV_RECON_LOCAL_BACK_ADJUSTED_DATED_CONTRACT_CHAIN,2012-10-11T00:00:00Z,133.328125,133.390625,132.828125,980295.0,120.421875,120.484375,119.921875,980295.0
SOURCE_NATIVE_FUTURES,ZN,bond,APPENDIX_C_172_004,10-year US,ZNZ2,720496,2012-10-12,PROVIDER_CONDITION_AVAILABLE,-12.90625,133.328125,120.421875,DEV_RECON_LOCAL_BACK_ADJUSTED_DATED_CONTRACT_CHAIN,2012-10-12T00:00:00Z,133.21875,133.53125,133.09375,694269.0,120.3125,120.625,120.1875,694269.0
SOURCE_NATIVE_FUTURES,ZN,bond,APPENDIX_C_172_004,10-year US,ZNZ2,720496,2012-10-12,PROVIDER_CONDITION_AVAILABLE,-12.90625,133.328125,120.421875,DEV_RECON_LOCAL_BACK_ADJUSTED_DATED_CONTRACT_CHAIN,2012-10-12T00:00:00Z,133.21875,133.53125,133.09375,694269.0,120.3125,120.625,120.1875,694269.0
SOURCE_NATIVE_FUTURES,ZN,bond,APPENDIX_C_172_004,10-year US,ZNZ2,720496,2012-10-14,PROVIDER_CONDITION_AVAILABLE,-12.90625,133.296875,120.390625,DEV_RECON_LOCAL_BACK_ADJUSTED_DATED_CONTRACT_CHAIN,2012-10-14T00:00:00Z,133.3125,133.359375,133.28125,6089.0,120.40625,120.453125,120.375,6089.0
SOURCE_NATIVE_FUTURES,ZN,bond,APPENDIX_C_172_004,10-year US,ZNZ2,720496,2012-10-14,PROVIDER_CONDITION_AVAILABLE,-12.90625,133.296875,120.390625,DEV_RECON_LOCAL_BACK_ADJUSTED_DATED_CONTRACT_CHAIN,2012-10-14T00:00:00Z,133.3125,133.359375,133.28125,6089.0,120.40625,120.453125,120.375,6089.0
SOURCE_NATIVE_FUTURES,ZN,bond,APPENDIX_C_172_004,10-year US,ZNZ2,720496,2012-10-15,PROVIDER_CONDITION_AVAILABLE,-12.90625,133.265625,120.359375,DEV_RECON_LOCAL_BACK_ADJUSTED_DATED_CONTRACT_CHAIN,2012-10-15T00:00:00Z,133.3125,133.40625,133.078125,609596.0,120.40625,120.5,120.171875,609596.0
SOURCE_NATIVE_FUTURES,ZN,bond,APPENDIX_C_172_004,10-year US,ZNZ2,720496,2012-10-15,PROVIDER_CONDITION_AVAILABLE,-12.90625,133.265625,120.359375,DEV_RECON_LOCAL_BACK_ADJUSTED_DATED_CONTRACT_CHAIN,2012-10-15T00:00:00Z,133.3125,133.40625,133.078125,609596.0,120.40625,120.5,120.171875,609596.0
SOURCE_NATIVE_FUTURES,ZN,bond,APPENDIX_C_172_004,10-year US,ZNZ2,720496,2012-10-16,PROVIDER_CONDITION_AVAILABLE,-12.90625,132.71875,119.8125,DEV_RECON_LOCAL_BACK_ADJUSTED_DATED_CONTRACT_CHAIN,2012-10-16T00:00:00Z,133.25,133.296875,132.65625,871781.0,120.34375,120.390625,119.75,871781.0
SOURCE_NATIVE_FUTURES,ZN,bond,APPENDIX_C_172_004,10-year US,ZNZ2,720496,2012-10-16,PROVIDER_CONDITION_AVAILABLE,-12.90625,132.71875,119.8125,DEV_RECON_LOCAL_BACK_ADJUSTED_DATED_CONTRACT_CHAIN,2012-10-16T00:00:00Z,133.25,133.296875,132.65625,871781.0,120.34375,120.390625,119.75,871781.0
SOURCE_NATIVE_FUTURES,ZN,bond,APPENDIX_C_172_004,10-year US,ZNZ2,720496,2012-10-17,PROVIDER_CONDITION_AVAILABLE,-12.90625,132.109375,119.203125,DEV_RECON_LOCAL_BACK_ADJUSTED_DATED_CONTRACT_CHAIN,2012-10-17T00:00:00Z,132.71875,132.828125,132.0,1163252.0,119.8125,119.921875,119.09375,1163252.0
SOURCE_NATIVE_FUTURES,ZN,bond,APPENDIX_C_172_004,10-year US,ZNZ2,720496,2012-10-17,PROVIDER_CONDITION_AVAILABLE,-12.90625,132.109375,119.203125,DEV_RECON_LOCAL_BACK_ADJUSTED_DATED_CONTRACT_CHAIN,2012-10-17T00:00:00Z,132.71875,132.828125,132.0,1163252.0,119.8125,119.921875,119.09375,1163252.0
SOURCE_NATIVE_FUTURES,ZN,bond,APPENDIX_C_172_004,10-year US,ZNZ2,720496,2012-10-18,PROVIDER_CONDITION_AVAILABLE,-12.90625,131.96875,119.0625,DEV_RECON_LOCAL_BACK_ADJUSTED_DATED_CONTRACT_CHAIN,2012-10-18T00:00:00Z,132.109375,132.296875,131.90625,1101516.0,119.203125,119.390625,119.0,1101516.0
SOURCE_NATIVE_FUTURES,ZN,bond,APPENDIX_C_172_004,10-year US,ZNZ2,720496,2012-10-18,PROVIDER_CONDITION_AVAILABLE,-12.90625,131.96875,119.0625,DEV_RECON_LOCAL_BACK_ADJUSTED_DATED_CONTRACT_CHAIN,2012-10-18T00:00:00Z,132.109375,132.296875,131.90625,1101516.0,119.203125,119.390625,119.0,1101516.0
SOURCE_NATIVE_FUTURES,ZN,bond,APPENDIX_C_172_004,10-year US,ZNZ2,720496,2012-10-19,PROVIDER_CONDITION_AVAILABLE,-12.90625,132.390625,119.484375,DEV_RECON_LOCAL_BACK_ADJUSTED_DATED_CONTRACT_CHAIN,2012-10-19T00:00:00Z,131.96875,132.46875,131.953125,785146.0,119.0625,119.5625,119.046875,785146.0
SOURCE_NATIVE_FUTURES,ZN,bond,APPENDIX_C_172_004,10-year US,ZNZ2,720496,2012-10-19,PROVIDER_CONDITION_AVAILABLE,-12.90625,132.390625,119.484375,DEV_RECON_LOCAL_BACK_ADJUSTED_DATED_CONTRACT_CHAIN,2012-10-19T00:00:00Z,131.96875,132.46875,131.953125,785146.0,119.0625,119.5625,119.046875,785146.0
SOURCE_NATIVE_FUTURES,ZN,bond,APPENDIX_C_172_004,10-year US,ZNZ2,720496,2012-10-21,PROVIDER_CONDITION_AVAILABLE,-12.90625,132.40625,119.5,DEV_RECON_LOCAL_BACK_ADJUSTED_DATED_CONTRACT_CHAIN,2012-10-21T00:00:00Z,132.375,132.421875,132.328125,8432.0,119.46875,119.515625,119.421875,8432.0
SOURCE_NATIVE_FUTURES,ZN,bond,APPENDIX_C_172_004,10-year US,ZNZ2,720496,2012-10-21,PROVIDER_CONDITION_AVAILABLE,-12.90625,132.40625,119.5,DEV_RECON_LOCAL_BACK_ADJUSTED_DATED_CONTRACT_CHAIN,2012-10-21T00:00:00Z,132.375,132.421875,132.328125,8432.0,119.46875,119.515625,119.421875,8432.0
SOURCE_NATIVE_FUTURES,ZN,bond,APPENDIX_C_172_004,10-year US,ZNZ2,720496,2012-10-22,PROVIDER_CONDITION_AVAILABLE,-12.90625,131.953125,119.046875,DEV_RECON_LOCAL_BACK_ADJUSTED_DATED_CONTRACT_CHAIN,2012-10-22T00:00:00Z,132.390625,132.421875,131.921875,748060.0,119.484375,119.515625,119.015625,748060.0
SOURCE_NATIVE_FUTURES,ZN,bond,APPENDIX_C_172_004,10-year US,ZNZ2,720496,2012-10-22,PROVIDER_CONDITION_AVAILABLE,-12.90625,131.953125,119.046875,DEV_RECON_LOCAL_BACK_ADJUSTED_DATED_CONTRACT_CHAIN,2012-10-22T00:00:00Z,132.390625,132.421875,131.921875,748060.0,119.484375,119.515625,119.015625,748060.0
SOURCE_NATIVE_FUTURES,ZN,bond,APPENDIX_C_172_004,10-year US,ZNZ2,720496,2012-10-23,PROVIDER_CONDITION_AVAILABLE,-12.90625,132.34375,119.4375,DEV_RECON_LOCAL_BACK_ADJUSTED_DATED_CONTRACT_CHAIN,2012-10-23T00:00:00Z,131.9375,132.453125,131.9375,812508.0,119.03125,119.546875,119.03125,812508.0
SOURCE_NATIVE_FUTURES,ZN,bond,APPENDIX_C_172_004,10-year US,ZNZ2,720496,2012-10-23,PROVIDER_CONDITION_AVAILABLE,-12.90625,132.34375,119.4375,DEV_RECON_LOCAL_BACK_ADJUSTED_DATED_CONTRACT_CHAIN,2012-10-23T00:00:00Z,131.9375,132.453125,131.9375,812508.0,119.03125,119.546875,119.03125,812508.0
SOURCE_NATIVE_FUTURES,ZN,bond,APPENDIX_C_172_004,10-year US,ZNZ2,720496,2012-10-24,PROVIDER_CONDITION_AVAILABLE,-12.90625,132.25,119.34375,DEV_RECON_LOCAL_BACK_ADJUSTED_DATED_CONTRACT_CHAIN,2012-10-24T00:00:00Z,132.34375,132.5,132.15625,895863.0,119.4375,119.59375,119.25,895863.0
SOURCE_NATIVE_FUTURES,ZN,bond,APPENDIX_C_172_004,10-year US,ZNZ2,720496,2012-10-24,PROVIDER_CONDITION_AVAILABLE,-12.90625,132.25,119.34375,DEV_RECON_LOCAL_BACK_ADJUSTED_DATED_CONTRACT_CHAIN,2012-10-24T00:00:00Z,132.34375,132.5,132.15625,895863.0,119.4375,119.59375,119.25,895863.0
SOURCE_NATIVE_FUTURES,ZN,bond,APPENDIX_C_172_004,10-year US,ZNZ2,720496,2012-10-25,PROVIDER_CONDITION_AVAILABLE,-12.90625,131.84375,118.9375,DEV_RECON_LOCAL_BACK_ADJUSTED_DATED_CONTRACT_CHAIN,2012-10-25T00:00:00Z,132.265625,132.265625,131.6875,1260741.0,119.359375,119.359375,118.78125,1260741.0
SOURCE_NATIVE_FUTURES,ZN,bond,APPENDIX_C_172_004,10-year US,ZNZ2,720496,2012-10-25,PROVIDER_CONDITION_AVAILABLE,-12.90625,131.84375,118.9375,DEV_RECON_LOCAL_BACK_ADJUSTED_DATED_CONTRACT_CHAIN,2012-10-25T00:00:00Z,132.265625,132.265625,131.6875,1260741.0,119.359375,119.359375,118.78125,1260741.0
SOURCE_NATIVE_FUTURES,ZN,bond,APPENDIX_C_172_004,10-year US,ZNZ2,720496,2012-10-26,PROVIDER_CONDITION_AVAILABLE,-12.90625,132.59375,119.6875,DEV_RECON_LOCAL_BACK_ADJUSTED_DATED_CONTRACT_CHAIN,2012-10-26T00:00:00Z,131.828125,132.609375,131.828125,1045125.0,118.921875,119.703125,118.921875,1045125.0
SOURCE_NATIVE_FUTURES,ZN,bond,APPENDIX_C_172_004,10-year US,ZNZ2,720496,2012-10-26,PROVIDER_CONDITION_AVAILABLE,-12.90625,132.59375,119.6875,DEV_RECON_LOCAL_BACK_ADJUSTED_DATED_CONTRACT_CHAIN,2012-10-26T00:00:00Z,131.828125,132.609375,131.828125,1045125.0,118.921875,119.703125,118.921875,1045125.0
SOURCE_NATIVE_FUTURES,ZN,bond,APPENDIX_C_172_004,10-year US,ZNZ2,720496,2012-10-28,PROVIDER_CONDITION_AVAILABLE,-12.90625,132.65625,119.75,DEV_RECON_LOCAL_BACK_ADJUSTED_DATED_CONTRACT_CHAIN,2012-10-28T00:00:00Z,132.671875,132.78125,132.625,27312.0,119.765625,119.875,119.71875,27312.0
SOURCE_NATIVE_FUTURES,ZN,bond,APPENDIX_C_172_004,10-year US,ZNZ2,720496,2012-10-28,PROVIDER_CONDITION_AVAILABLE,-12.90625,132.65625,119.75,DEV_RECON_LOCAL_BACK_ADJUSTED_DATED_CONTRACT_CHAIN,2012-10-28T00:00:00Z,132.671875,132.78125,132.625,27312.0,119.765625,119.875,119.71875,27312.0
SOURCE_NATIVE_FUTURES,ZN,bond,APPENDIX_C_172_004,10-year US,ZNZ2,720496,2012-10-29,PROVIDER_CONDITION_AVAILABLE,-12.90625,132.859375,119.953125,DEV_RECON_LOCAL_BACK_ADJUSTED_DATED_CONTRACT_CHAIN,2012-10-29T00:00:00Z,132.65625,132.96875,132.546875,328406.0,119.75,120.0625,119.640625,328406.0
SOURCE_NATIVE_FUTURES,ZN,bond,APPENDIX_C_172_004,10-year US,ZNZ2,720496,2012-10-29,PROVIDER_CONDITION_AVAILABLE,-12.90625,132.859375,119.953125,DEV_RECON_LOCAL_BACK_ADJUSTED_DATED_CONTRACT_CHAIN,2012-10-29T00:00:00Z,132.65625,132.96875,132.546875,328406.0,119.75,120.0625,119.640625,328406.0
SOURCE_NATIVE_FUTURES,ZN,bond,APPENDIX_C_172_004,10-year US,ZNZ2,720496,2012-10-30,PROVIDER_CONDITION_AVAILABLE,-12.90625,132.59375,119.6875,DEV_RECON_LOCAL_BACK_ADJUSTED_DATED_CONTRACT_CHAIN,2012-10-30T00:00:00Z,132.859375,133.046875,132.578125,282941.0,119.953125,120.140625,119.671875,282941.0
SOURCE_NATIVE_FUTURES,ZN,bond,APPENDIX_C_172_004,10-year US,ZNZ2,720496,2012-10-30,PROVIDER_CONDITION_AVAILABLE,-12.90625,132.59375,119.6875,DEV_RECON_LOCAL_BACK_ADJUSTED_DATED_CONTRACT_CHAIN,2012-10-30T00:00:00Z,132.859375,133.046875,132.578125,282941.0,119.953125,120.140625,119.671875,282941.0
SOURCE_NATIVE_FUTURES,ZN,bond,APPENDIX_C_172_004,10-year US,ZNZ2,720496,2012-10-31,PROVIDER_CONDITION_AVAILABLE,-12.90625,132.84375,119.9375,DEV_RECON_LOCAL_BACK_ADJUSTED_DATED_CONTRACT_CHAIN,2012-10-31T00:00:00Z,132.59375,133.0625,132.390625,945843.0,119.6875,120.15625,119.484375,945843.0
SOURCE_NATIVE_FUTURES,ZN,bond,APPENDIX_C_172_004,10-year US,ZNZ2,720496,2012-10-31,PROVIDER_CONDITION_AVAILABLE,-12.90625,132.84375,119.9375,DEV_RECON_LOCAL_BACK_ADJUSTED_DATED_CONTRACT_CHAIN,2012-10-31T00:00:00Z,132.59375,133.0625,132.390625,945843.0,119.6875,120.15625,119.484375,945843.0
SOURCE_NATIVE_FUTURES,ZN,bond,APPENDIX_C_172_004,10-year US,ZNZ2,720496,2012-11-01,PROVIDER_CONDITION_AVAILABLE,-12.90625,132.6875,119.78125,DEV_RECON_LOCAL_BACK_ADJUSTED_DATED_CONTRACT_CHAIN,2012-11-01T00:00:00Z,132.84375,132.921875,132.640625,782474.0,119.9375,120.015625,119.734375,782474.0
SOURCE_NATIVE_FUTURES,ZN,bond,APPENDIX_C_172_004,10-year US,ZNZ2,720496,2012-11-01,PROVIDER_CONDITION_AVAILABLE,-12.90625,132.6875,119.78125,DEV_RECON_LOCAL_BACK_ADJUSTED_DATED_CONTRACT_CHAIN,2012-11-01T00:00:00Z,132.84375,132.921875,132.640625,782474.0,119.9375,120.015625,119.734375,782474.0
SOURCE_NATIVE_FUTURES,ZN,bond,APPENDIX_C_172_004,10-year US,ZNZ2,720496,2012-11-02,PROVIDER_CONDITION_AVAILABLE,-12.90625,132.859375,119.953125,DEV_RECON_LOCAL_BACK_ADJUSTED_DATED_CONTRACT_CHAIN,2012-11-02T00:00:00Z,132.6875,132.890625,132.3125,1029129.0,119.78125,119.984375,119.40625,1029129.0
SOURCE_NATIVE_FUTURES,ZN,bond,APPENDIX_C_172_004,10-year US,ZNZ2,720496,2012-11-02,PROVIDER_CONDITION_AVAILABLE,-12.90625,132.859375,119.953125,DEV_RECON_LOCAL_BACK_ADJUSTED_DATED_CONTRACT_CHAIN,2012-11-02T00:00:00Z,132.6875,132.890625,132.3125,1029129.0,119.78125,119.984375,119.40625,1029129.0
SOURCE_NATIVE_FUTURES,ZN,bond,APPENDIX_C_172_004,10-year US,ZNZ2,720496,2012-11-04,PROVIDER_CONDITION_AVAILABLE,-12.90625,132.84375,119.9375,DEV_RECON_LOCAL_BACK_ADJUSTED_DATED_CONTRACT_CHAIN,2012-11-04T00:00:00Z,132.84375,132.875,132.8125,3622.0,119.9375,119.96875,119.90625,3622.0
SOURCE_NATIVE_FUTURES,ZN,bond,APPENDIX_C_172_004,10-year US,ZNZ2,720496,2012-11-04,PROVIDER_CONDITION_AVAILABLE,-12.90625,132.84375,119.9375,DEV_RECON_LOCAL_BACK_ADJUSTED_DATED_CONTRACT_CHAIN,2012-11-04T00:00:00Z,132.84375,132.875,132.8125,3622.0,119.9375,119.96875,119.90625,3622.0
SOURCE_NATIVE_FUTURES,ZN,bond,APPENDIX_C_172_004,10-year US,ZNZ2,720496,2012-11-05,PROVIDER_CONDITION_AVAILABLE,-12.90625,133.078125,120.171875,DEV_RECON_LOCAL_BACK_ADJUSTED_DATED_CONTRACT_CHAIN,2012-11-05T00:00:00Z,132.84375,133.234375,132.78125,699110.0,119.9375,120.328125,119.875,699110.0
SOURCE_NATIVE_FUTURES,ZN,bond,APPENDIX_C_172_004,10-year US,ZNZ2,720496,2012-11-05,PROVIDER_CONDITION_AVAILABLE,-12.90625,133.078125,120.171875,DEV_RECON_LOCAL_BACK_ADJUSTED_DATED_CONTRACT_CHAIN,2012-11-05T00:00:00Z,132.84375,133.234375,132.78125,699110.0,119.9375,120.328125,119.875,699110.0
SOURCE_NATIVE_FUTURES,ZN,bond,APPENDIX_C_172_004,10-year US,ZNZ2,720496,2012-11-06,PROVIDER_CONDITION_AVAILABLE,-12.90625,132.765625,119.859375,DEV_RECON_LOCAL_BACK_ADJUSTED_DATED_CONTRACT_CHAIN,2012-11-06T00:00:00Z,133.078125,133.171875,132.625,742803.0,120.171875,120.265625,119.71875,742803.0
SOURCE_NATIVE_FUTURES,ZN,bond,APPENDIX_C_172_004,10-year US,ZNZ2,720496,2012-11-06,PROVIDER_CONDITION_AVAILABLE,-12.90625,132.765625,119.859375,DEV_RECON_LOCAL_BACK_ADJUSTED_DATED_CONTRACT_CHAIN,2012-11-06T00:00:00Z,133.078125,133.171875,132.625,742803.0,120.171875,120.265625,119.71875,742803.0
SOURCE_NATIVE_FUTURES,ZN,bond,APPENDIX_C_172_004,10-year US,ZNZ2,720496,2012-11-07,PROVIDER_CONDITION_AVAILABLE,-12.90625,133.453125,120.546875,DEV_RECON_LOCAL_BACK_ADJUSTED_DATED_CONTRACT_CHAIN,2012-11-07T00:00:00Z,132.765625,133.703125,132.765625,1534898.0,119.859375,120.796875,119.859375,1534898.0
SOURCE_NATIVE_FUTURES,ZN,bond,APPENDIX_C_172_004,10-year US,ZNZ2,720496,2012-11-07,PROVIDER_CONDITION_AVAILABLE,-12.90625,133.453125,120.546875,DEV_RECON_LOCAL_BACK_ADJUSTED_DATED_CONTRACT_CHAIN,2012-11-07T00:00:00Z,132.765625,133.703125,132.765625,1534898.0,119.859375,120.796875,119.859375,1534898.0
SOURCE_NATIVE_FUTURES,ZN,bond,APPENDIX_C_172_004,10-year US,ZNZ2,720496,2012-11-08,PROVIDER_CONDITION_AVAILABLE,-12.90625,133.90625,121.0,DEV_RECON_LOCAL_BACK_ADJUSTED_DATED_CONTRACT_CHAIN,2012-11-08T00:00:00Z,133.453125,133.96875,133.40625,1141420.0,120.546875,121.0625,120.5,1141420.0
SOURCE_NATIVE_FUTURES,ZN,bond,APPENDIX_C_172_004,10-year US,ZNZ2,720496,2012-11-08,PROVIDER_CONDITION_AVAILABLE,-12.90625,133.90625,121.0,DEV_RECON_LOCAL_BACK_ADJUSTED_DATED_CONTRACT_CHAIN,2012-11-08T00:00:00Z,133.453125,133.96875,133.40625,1141420.0,120.546875,121.0625,120.5,1141420.0
SOURCE_NATIVE_FUTURES,ZN,bond,APPENDIX_C_172_004,10-year US,ZNZ2,720496,2012-11-09,PROVIDER_CONDITION_AVAILABLE,-12.90625,133.90625,121.0,DEV_RECON_LOCAL_BACK_ADJUSTED_DATED_CONTRACT_CHAIN,2012-11-09T00:00:00Z,133.90625,134.203125,133.6875,1104565.0,121.0,121.296875,120.78125,1104565.0
SOURCE_NATIVE_FUTURES,ZN,bond,APPENDIX_C_172_004,10-year US,ZNZ2,720496,2012-11-09,PROVIDER_CONDITION_AVAILABLE,-12.90625,133.90625,121.0,DEV_RECON_LOCAL_BACK_ADJUSTED_DATED_CONTRACT_CHAIN,2012-11-09T00:00:00Z,133.90625,134.203125,133.6875,1104565.0,121.0,121.296875,120.78125,1104565.0
SOURCE_NATIVE_FUTURES,ZN,bond,APPENDIX_C_172_004,10-year US,ZNZ2,720496,2012-11-11,PROVIDER_CONDITION_AVAILABLE,-12.90625,133.9375,121.03125,DEV_RECON_LOCAL_BACK_ADJUSTED_DATED_CONTRACT_CHAIN,2012-11-11T00:00:00Z,133.90625,133.953125,133.875,3779.0,121.0,121.046875,120.96875,3779.0
SOURCE_NATIVE_FUTURES,ZN,bond,APPENDIX_C_172_004,10-year US,ZNZ2,720496,2012-11-11,PROVIDER_CONDITION_AVAILABLE,-12.90625,133.9375,121.03125,DEV_RECON_LOCAL_BACK_ADJUSTED_DATED_CONTRACT_CHAIN,2012-11-11T00:00:00Z,133.90625,133.953125,133.875,3779.0,121.0,121.046875,120.96875,3779.0
SOURCE_NATIVE_FUTURES,ZN,bond,APPENDIX_C_172_004,10-year US,ZNZ2,720496,2012-11-12,PROVIDER_CONDITION_AVAILABLE,-12.90625,133.859375,120.953125,DEV_RECON_LOCAL_BACK_ADJUSTED_DATED_CONTRACT_CHAIN,2012-11-12T00:00:00Z,133.921875,133.96875,133.734375,215597.0,121.015625,121.0625,120.828125,215597.0
SOURCE_NATIVE_FUTURES,ZN,bond,APPENDIX_C_172_004,10-year US,ZNZ2,720496,2012-11-12,PROVIDER_CONDITION_AVAILABLE,-12.90625,133.859375,120.953125,DEV_RECON_LOCAL_BACK_ADJUSTED_DATED_CONTRACT_CHAIN,2012-11-12T00:00:00Z,133.921875,133.96875,133.734375,215597.0,121.015625,121.0625,120.828125,215597.0
SOURCE_NATIVE_FUTURES,ZN,bond,APPENDIX_C_172_004,10-year US,ZNZ2,720496,2012-11-13,PROVIDER_CONDITION_AVAILABLE,-12.90625,133.984375,121.078125,DEV_RECON_LOCAL_BACK_ADJUSTED_DATED_CONTRACT_CHAIN,2012-11-13T00:00:00Z,133.859375,134.171875,133.8125,777382.0,120.953125,121.265625,120.90625,777382.0
SOURCE_NATIVE_FUTURES,ZN,bond,APPENDIX_C_172_004,10-year US,ZNZ2,720496,2012-11-13,PROVIDER_CONDITION_AVAILABLE,-12.90625,133.984375,121.078125,DEV_RECON_LOCAL_BACK_ADJUSTED_DATED_CONTRACT_CHAIN,2012-11-13T00:00:00Z,133.859375,134.171875,133.8125,777382.0,120.953125,121.265625,120.90625,777382.0
SOURCE_NATIVE_FUTURES,ZN,bond,APPENDIX_C_172_004,10-year US,ZNZ2,720496,2012-11-14,PROVIDER_CONDITION_AVAILABLE,-12.90625,134.046875,121.140625,DEV_RECON_LOCAL_BACK_ADJUSTED_DATED_CONTRACT_CHAIN,2012-11-14T00:00:00Z,134.0,134.109375,133.6875,926264.0,121.09375,121.203125,120.78125,926264.0
SOURCE_NATIVE_FUTURES,ZN,bond,APPENDIX_C_172_004,10-year US,ZNZ2,720496,2012-11-14,PROVIDER_CONDITION_AVAILABLE,-12.90625,134.046875,121.140625,DEV_RECON_LOCAL_BACK_ADJUSTED_DATED_CONTRACT_CHAIN,2012-11-14T00:00:00Z,134.0,134.109375,133.6875,926264.0,121.09375,121.203125,120.78125,926264.0
SOURCE_NATIVE_FUTURES,ZN,bond,APPENDIX_C_172_004,10-year US,ZNZ2,720496,2012-11-15,PROVIDER_CONDITION_AVAILABLE,-12.90625,134.0,121.09375,DEV_RECON_LOCAL_BACK_ADJUSTED_DATED_CONTRACT_CHAIN,2012-11-15T00:00:00Z,134.046875,134.15625,133.8125,866416.0,121.140625,121.25,120.90625,866416.0
SOURCE_NATIVE_FUTURES,ZN,bond,APPENDIX_C_172_004,10-year US,ZNZ2,720496,2012-11-15,PROVIDER_CONDITION_AVAILABLE,-12.90625,134.0,121.09375,DEV_RECON_LOCAL_BACK_ADJUSTED_DATED_CONTRACT_CHAIN,2012-11-15T00:00:00Z,134.046875,134.15625,133.8125,866416.0,121.140625,121.25,120.90625,866416.0
SOURCE_NATIVE_FUTURES,ZN,bond,APPENDIX_C_172_004,10-year US,ZNZ2,720496,2012-11-16,PROVIDER_CONDITION_AVAILABLE,-12.90625,134.15625,121.25,DEV_RECON_LOCAL_BACK_ADJUSTED_DATED_CONTRACT_CHAIN,2012-11-16T00:00:00Z,134.0,134.359375,133.9375,918715.0,121.09375,121.453125,121.03125,918715.0
SOURCE_NATIVE_FUTURES,ZN,bond,APPENDIX_C_172_004,10-year US,ZNZ2,720496,2012-11-16,PROVIDER_CONDITION_AVAILABLE,-12.90625,134.15625,121.25,DEV_RECON_LOCAL_BACK_ADJUSTED_DATED_CONTRACT_CHAIN,2012-11-16T00:00:00Z,134.0,134.359375,133.9375,918715.0,121.09375,121.453125,121.03125,918715.0
SOURCE_NATIVE_FUTURES,ZN,bond,APPENDIX_C_172_004,10-year US,ZNZ2,720496,2012-11-18,PROVIDER_CONDITION_AVAILABLE,-12.90625,134.015625,121.109375,DEV_RECON_LOCAL_BACK_ADJUSTED_DATED_CONTRACT_CHAIN,2012-11-18T00:00:00Z,134.125,134.140625,134.0,7899.0,121.21875,121.234375,121.09375,7899.0
SOURCE_NATIVE_FUTURES,ZN,bond,APPENDIX_C_172_004,10-year US,ZNZ2,720496,2012-11-18,PROVIDER_CONDITION_AVAILABLE,-12.90625,134.015625,121.109375,DEV_RECON_LOCAL_BACK_ADJUSTED_DATED_CONTRACT_CHAIN,2012-11-18T00:00:00Z,134.125,134.140625,134.0,7899.0,121.21875,121.234375,121.09375,7899.0
SOURCE_NATIVE_FUTURES,ZN,bond,APPENDIX_C_172_004,10-year US,ZNH3,896125,2012-11-19,PROVIDER_CONDITION_AVAILABLE,-12.40625,133.484375,121.078125,DEV_RECON_LOCAL_BACK_ADJUSTED_DATED_CONTRACT_CHAIN,2012-11-19T00:00:00Z,133.53125,133.546875,133.28125,2101.0,121.125,121.140625,120.875,2101.0
SOURCE_NATIVE_FUTURES,ZN,bond,APPENDIX_C_172_004,10-year US,ZNH3,896125,2012-11-19,PROVIDER_CONDITION_AVAILABLE,-12.40625,133.484375,121.078125,DEV_RECON_LOCAL_BACK_ADJUSTED_DATED_CONTRACT_CHAIN,2012-11-19T00:00:00Z,133.53125,133.546875,133.28125,2101.0,121.125,121.140625,120.875,2101.0
SOURCE_NATIVE_FUTURES,ZN,bond,APPENDIX_C_172_004,10-year US,ZNH3,896125,2012-11-20,PROVIDER_CONDITION_AVAILABLE,-12.40625,133.046875,120.640625,DEV_RECON_LOCAL_BACK_ADJUSTED_DATED_CONTRACT_CHAIN,2012-11-20T00:00:00Z,133.421875,133.4375,133.015625,4635.0,121.015625,121.03125,120.609375,4635.0
SOURCE_NATIVE_FUTURES,ZN,bond,APPENDIX_C_172_004,10-year US,ZNH3,896125,2012-11-20,PROVIDER_CONDITION_AVAILABLE,-12.40625,133.046875,120.640625,DEV_RECON_LOCAL_BACK_ADJUSTED_DATED_CONTRACT_CHAIN,2012-11-20T00:00:00Z,133.421875,133.4375,133.015625,4635.0,121.015625,121.03125,120.609375,4635.0
SOURCE_NATIVE_FUTURES,ZN,bond,APPENDIX_C_172_004,10-year US,ZNH3,896125,2012-11-21,PROVIDER_CONDITION_AVAILABLE,-12.40625,132.9375,120.53125,DEV_RECON_LOCAL_BACK_ADJUSTED_DATED_CONTRACT_CHAIN,2012-11-21T00:00:00Z,133.015625,133.171875,132.796875,5146.0,120.609375,120.765625,120.390625,5146.0
SOURCE_NATIVE_FUTURES,ZN,bond,APPENDIX_C_172_004,10-year US,ZNH3,896125,2012-11-21,PROVIDER_CONDITION_AVAILABLE,-12.40625,132.9375,120.53125,DEV_RECON_LOCAL_BACK_ADJUSTED_DATED_CONTRACT_CHAIN,2012-11-21T00:00:00Z,133.015625,133.171875,132.796875,5146.0,120.609375,120.765625,120.390625,5146.0
SOURCE_NATIVE_FUTURES,ZN,bond,APPENDIX_C_172_004,10-year US,ZNH3,896125,2012-11-22,PROVIDER_CONDITION_AVAILABLE,-12.40625,132.84375,120.4375,DEV_RECON_LOCAL_BACK_ADJUSTED_DATED_CONTRACT_CHAIN,2012-11-22T00:00:00Z,132.84375,132.84375,132.84375,12.0,120.4375,120.4375,120.4375,12.0
SOURCE_NATIVE_FUTURES,ZN,bond,APPENDIX_C_172_004,10-year US,ZNH3,896125,2012-11-22,PROVIDER_CONDITION_AVAILABLE,-12.40625,132.84375,120.4375,DEV_RECON_LOCAL_BACK_ADJUSTED_DATED_CONTRACT_CHAIN,2012-11-22T00:00:00Z,132.84375,132.84375,132.84375,12.0,120.4375,120.4375,120.4375,12.0
SOURCE_NATIVE_FUTURES,ZN,bond,APPENDIX_C_172_004,10-year US,ZNH3,896125,2012-11-23,PROVIDER_CONDITION_AVAILABLE,-12.40625,132.828125,120.421875,DEV_RECON_LOCAL_BACK_ADJUSTED_DATED_CONTRACT_CHAIN,2012-11-23T00:00:00Z,132.875,133.015625,132.8125,5101.0,120.46875,120.609375,120.40625,5101.0
SOURCE_NATIVE_FUTURES,ZN,bond,APPENDIX_C_172_004,10-year US,ZNH3,896125,2012-11-23,PROVIDER_CONDITION_AVAILABLE,-12.40625,132.828125,120.421875,DEV_RECON_LOCAL_BACK_ADJUSTED_DATED_CONTRACT_CHAIN,2012-11-23T00:00:00Z,132.875,133.015625,132.8125,5101.0,120.46875,120.609375,120.40625,5101.0
SOURCE_NATIVE_FUTURES,ZN,bond,APPENDIX_C_172_004,10-year US,ZNH3,896125,2012-11-25,PROVIDER_CONDITION_AVAILABLE,-12.40625,132.84375,120.4375,DEV_RECON_LOCAL_BACK_ADJUSTED_DATED_CONTRACT_CHAIN,2012-11-25T00:00:00Z,132.84375,132.84375,132.78125,214.0,120.4375,120.4375,120.375,214.0
SOURCE_NATIVE_FUTURES,ZN,bond,APPENDIX_C_172_004,10-year US,ZNH3,896125,2012-11-25,PROVIDER_CONDITION_AVAILABLE,-12.40625,132.84375,120.4375,DEV_RECON_LOCAL_BACK_ADJUSTED_DATED_CONTRACT_CHAIN,2012-11-25T00:00:00Z,132.84375,132.84375,132.78125,214.0,120.4375,120.4375,120.375,214.0
SOURCE_NATIVE_FUTURES,ZN,bond,APPENDIX_C_172_004,10-year US,ZNH3,896125,2012-11-26,PROVIDER_CONDITION_AVAILABLE,-12.40625,133.046875,120.640625,DEV_RECON_LOCAL_BACK_ADJUSTED_DATED_CONTRACT_CHAIN,2012-11-26T00:00:00Z,132.8125,133.234375,132.8125,30636.0,120.40625,120.828125,120.40625,30636.0
SOURCE_NATIVE_FUTURES,ZN,bond,APPENDIX_C_172_004,10-year US,ZNH3,896125,2012-11-26,PROVIDER_CONDITION_AVAILABLE,-12.40625,133.046875,120.640625,DEV_RECON_LOCAL_BACK_ADJUSTED_DATED_CONTRACT_CHAIN,2012-11-26T00:00:00Z,132.8125,133.234375,132.8125,30636.0,120.40625,120.828125,120.40625,30636.0
SOURCE_NATIVE_FUTURES,ZN,bond,APPENDIX_C_172_004,10-year US,ZNH3,896125,2012-11-27,PROVIDER_CONDITION_AVAILABLE,-12.40625,133.3125,120.90625,DEV_RECON_LOCAL_BACK_ADJUSTED_DATED_CONTRACT_CHAIN,2012-11-27T00:00:00Z,133.03125,133.34375,132.90625,84706.0,120.625,120.9375,120.5,84706.0
SOURCE_NATIVE_FUTURES,ZN,bond,APPENDIX_C_172_004,10-year US,ZNH3,896125,2012-11-27,PROVIDER_CONDITION_AVAILABLE,-12.40625,133.3125,120.90625,DEV_RECON_LOCAL_BACK_ADJUSTED_DATED_CONTRACT_CHAIN,2012-11-27T00:00:00Z,133.03125,133.34375,132.90625,84706.0,120.625,120.9375,120.5,84706.0
SOURCE_NATIVE_FUTURES,ZN,bond,APPENDIX_C_172_004,10-year US,ZNH3,896125,2012-11-28,PROVIDER_CONDITION_AVAILABLE,-12.40625,133.359375,120.953125,DEV_RECON_LOCAL_BACK_ADJUSTED_DATED_CONTRACT_CHAIN,2012-11-28T00:00:00Z,133.3125,133.578125,133.265625,217851.0,120.90625,121.171875,120.859375,217851.0
SOURCE_NATIVE_FUTURES,ZN,bond,APPENDIX_C_172_004,10-year US,ZNH3,896125,2012-11-28,PROVIDER_CONDITION_AVAILABLE,-12.40625,133.359375,120.953125,DEV_RECON_LOCAL_BACK_ADJUSTED_DATED_CONTRACT_CHAIN,2012-11-28T00:00:00Z,133.3125,133.578125,133.265625,217851.0,120.90625,121.171875,120.859375,217851.0
SOURCE_NATIVE_FUTURES,ZN,bond,APPENDIX_C_172_004,10-year US,ZNH3,896125,2012-11-29,PROVIDER_CONDITION_AVAILABLE,-12.40625,133.515625,121.109375,DEV_RECON_LOCAL_BACK_ADJUSTED_DATED_CONTRACT_CHAIN,2012-11-29T00:00:00Z,133.359375,133.59375,133.28125,348501.0,120.953125,121.1875,120.875,348501.0
SOURCE_NATIVE_FUTURES,ZN,bond,APPENDIX_C_172_004,10-year US,ZNH3,896125,2012-11-29,PROVIDER_CONDITION_AVAILABLE,-12.40625,133.515625,121.109375,DEV_RECON_LOCAL_BACK_ADJUSTED_DATED_CONTRACT_CHAIN,2012-11-29T00:00:00Z,133.359375,133.59375,133.28125,348501.0,120.953125,121.1875,120.875,348501.0
SOURCE_NATIVE_FUTURES,ZN,bond,APPENDIX_C_172_004,10-year US,ZNH3,896125,2012-11-30,PROVIDER_CONDITION_AVAILABLE,-12.40625,133.546875,121.140625,DEV_RECON_LOCAL_BACK_ADJUSTED_DATED_CONTRACT_CHAIN,2012-11-30T00:00:00Z,133.5,133.703125,133.40625,651662.0,121.09375,121.296875,121.0,651662.0
SOURCE_NATIVE_FUTURES,ZN,bond,APPENDIX_C_172_004,10-year US,ZNH3,896125,2012-11-30,PROVIDER_CONDITION_AVAILABLE,-12.40625,133.546875,121.140625,DEV_RECON_LOCAL_BACK_ADJUSTED_DATED_CONTRACT_CHAIN,2012-11-30T00:00:00Z,133.5,133.703125,133.40625,651662.0,121.09375,121.296875,121.0,651662.0
SOURCE_NATIVE_FUTURES,ZN,bond,APPENDIX_C_172_004,10-year US,ZNH3,896125,2012-12-02,PROVIDER_CONDITION_AVAILABLE,-12.40625,133.5625,121.15625,DEV_RECON_LOCAL_BACK_ADJUSTED_DATED_CONTRACT_CHAIN,2012-12-02T00:00:00Z,133.578125,133.625,133.546875,5494.0,121.171875,121.21875,121.140625,5494.0
SOURCE_NATIVE_FUTURES,ZN,bond,APPENDIX_C_172_004,10-year US,ZNH3,896125,2012-12-02,PROVIDER_CONDITION_AVAILABLE,-12.40625,133.5625,121.15625,DEV_RECON_LOCAL_BACK_ADJUSTED_DATED_CONTRACT_CHAIN,2012-12-02T00:00:00Z,133.578125,133.625,133.546875,5494.0,121.171875,121.21875,121.140625,5494.0
SOURCE_NATIVE_FUTURES,ZN,bond,APPENDIX_C_172_004,10-year US,ZNH3,896125,2012-12-03,PROVIDER_CONDITION_AVAILABLE,-12.40625,133.5,121.09375,DEV_RECON_LOCAL_BACK_ADJUSTED_DATED_CONTRACT_CHAIN,2012-12-03T00:00:00Z,133.578125,133.625,133.265625,739813.0,121.171875,121.21875,120.859375,739813.0
SOURCE_NATIVE_FUTURES,ZN,bond,APPENDIX_C_172_004,10-year US,ZNH3,896125,2012-12-03,PROVIDER_CONDITION_AVAILABLE,-12.40625,133.5,121.09375,DEV_RECON_LOCAL_BACK_ADJUSTED_DATED_CONTRACT_CHAIN,2012-12-03T00:00:00Z,133.578125,133.625,133.265625,739813.0,121.171875,121.21875,120.859375,739813.0
SOURCE_NATIVE_FUTURES,ZN,bond,APPENDIX_C_172_004,10-year US,ZNH3,896125,2012-12-04,PROVIDER_CONDITION_AVAILABLE,-12.40625,133.625,121.21875,DEV_RECON_LOCAL_BACK_ADJUSTED_DATED_CONTRACT_CHAIN,2012-12-04T00:00:00Z,133.5,133.671875,133.359375,693375.0,121.09375,121.265625,120.953125,693375.0
SOURCE_NATIVE_FUTURES,ZN,bond,APPENDIX_C_172_004,10-year US,ZNH3,896125,2012-12-04,PROVIDER_CONDITION_AVAILABLE,-12.40625,133.625,121.21875,DEV_RECON_LOCAL_BACK_ADJUSTED_DATED_CONTRACT_CHAIN,2012-12-04T00:00:00Z,133.5,133.671875,133.359375,693375.0,121.09375,121.265625,120.953125,693375.0
SOURCE_NATIVE_FUTURES,ZN,bond,APPENDIX_C_172_004,10-year US,ZNH3,896125,2012-12-05,PROVIDER_CONDITION_AVAILABLE,-12.40625,133.78125,121.375,DEV_RECON_LOCAL_BACK_ADJUSTED_DATED_CONTRACT_CHAIN,2012-12-05T00:00:00Z,133.609375,133.921875,133.5,851307.0,121.203125,121.515625,121.09375,851307.0
SOURCE_NATIVE_FUTURES,ZN,bond,APPENDIX_C_172_004,10-year US,ZNH3,896125,2012-12-05,PROVIDER_CONDITION_AVAILABLE,-12.40625,133.78125,121.375,DEV_RECON_LOCAL_BACK_ADJUSTED_DATED_CONTRACT_CHAIN,2012-12-05T00:00:00Z,133.609375,133.921875,133.5,851307.0,121.203125,121.515625,121.09375,851307.0
SOURCE_NATIVE_FUTURES,ZN,bond,APPENDIX_C_172_004,10-year US,ZNH3,896125,2012-12-06,PROVIDER_CONDITION_AVAILABLE,-12.40625,133.84375,121.4375,DEV_RECON_LOCAL_BACK_ADJUSTED_DATED_CONTRACT_CHAIN,2012-12-06T00:00:00Z,133.765625,134.03125,133.75,652474.0,121.359375,121.625,121.34375,652474.0
SOURCE_NATIVE_FUTURES,ZN,bond,APPENDIX_C_172_004,10-year US,ZNH3,896125,2012-12-06,PROVIDER_CONDITION_AVAILABLE,-12.40625,133.84375,121.4375,DEV_RECON_LOCAL_BACK_ADJUSTED_DATED_CONTRACT_CHAIN,2012-12-06T00:00:00Z,133.765625,134.03125,133.75,652474.0,121.359375,121.625,121.34375,652474.0
SOURCE_NATIVE_FUTURES,ZN,bond,APPENDIX_C_172_004,10-year US,ZNH3,896125,2012-12-07,PROVIDER_CONDITION_AVAILABLE,-12.40625,133.625,121.21875,DEV_RECON_LOCAL_BACK_ADJUSTED_DATED_CONTRACT_CHAIN,2012-12-07T00:00:00Z,133.84375,133.96875,133.46875,1030639.0,121.4375,121.5625,121.0625,1030639.0
SOURCE_NATIVE_FUTURES,ZN,bond,APPENDIX_C_172_004,10-year US,ZNH3,896125,2012-12-07,PROVIDER_CONDITION_AVAILABLE,-12.40625,133.625,121.21875,DEV_RECON_LOCAL_BACK_ADJUSTED_DATED_CONTRACT_CHAIN,2012-12-07T00:00:00Z,133.84375,133.96875,133.46875,1030639.0,121.4375,121.5625,121.0625,1030639.0
SOURCE_NATIVE_FUTURES,ZN,bond,APPENDIX_C_172_004,10-year US,ZNH3,896125,2012-12-09,PROVIDER_CONDITION_AVAILABLE,-12.40625,133.625,121.21875,DEV_RECON_LOCAL_BACK_ADJUSTED_DATED_CONTRACT_CHAIN,2012-12-09T00:00:00Z,133.59375,133.640625,133.578125,3615.0,121.1875,121.234375,121.171875,3615.0
SOURCE_NATIVE_FUTURES,ZN,bond,APPENDIX_C_172_004,10-year US,ZNH3,896125,2012-12-09,PROVIDER_CONDITION_AVAILABLE,-12.40625,133.625,121.21875,DEV_RECON_LOCAL_BACK_ADJUSTED_DATED_CONTRACT_CHAIN,2012-12-09T00:00:00Z,133.59375,133.640625,133.578125,3615.0,121.1875,121.234375,121.171875,3615.0
SOURCE_NATIVE_FUTURES,ZN,bond,APPENDIX_C_172_004,10-year US,ZNH3,896125,2012-12-10,PROVIDER_CONDITION_AVAILABLE,-12.40625,133.640625,121.234375,DEV_RECON_LOCAL_BACK_ADJUSTED_DATED_CONTRACT_CHAIN,2012-12-10T00:00:00Z,133.625,133.828125,133.546875,481890.0,121.21875,121.421875,121.140625,481890.0
SOURCE_NATIVE_FUTURES,ZN,bond,APPENDIX_C_172_004,10-year US,ZNH3,896125,2012-12-10,PROVIDER_CONDITION_AVAILABLE,-12.40625,133.640625,121.234375,DEV_RECON_LOCAL_BACK_ADJUSTED_DATED_CONTRACT_CHAIN,2012-12-10T00:00:00Z,133.625,133.828125,133.546875,481890.0,121.21875,121.421875,121.140625,481890.0
SOURCE_NATIVE_FUTURES,ZN,bond,APPENDIX_C_172_004,10-year US,ZNH3,896125,2012-12-11,PROVIDER_CONDITION_AVAILABLE,-12.40625,133.359375,120.953125,DEV_RECON_LOCAL_BACK_ADJUSTED_DATED_CONTRACT_CHAIN,2012-12-11T00:00:00Z,133.640625,133.6875,133.296875,573495.0,121.234375,121.28125,120.890625,573495.0
SOURCE_NATIVE_FUTURES,ZN,bond,APPENDIX_C_172_004,10-year US,ZNH3,896125,2012-12-11,PROVIDER_CONDITION_AVAILABLE,-12.40625,133.359375,120.953125,DEV_RECON_LOCAL_BACK_ADJUSTED_DATED_CONTRACT_CHAIN,2012-12-11T00:00:00Z,133.640625,133.6875,133.296875,573495.0,121.234375,121.28125,120.890625,573495.0
SOURCE_NATIVE_FUTURES,ZN,bond,APPENDIX_C_172_004,10-year US,ZNH3,896125,2012-12-12,PROVIDER_CONDITION_AVAILABLE,-12.40625,133.078125,120.671875,DEV_RECON_LOCAL_BACK_ADJUSTED_DATED_CONTRACT_CHAIN,2012-12-12T00:00:00Z,133.34375,133.546875,132.96875,1158799.0,120.9375,121.140625,120.5625,1158799.0
SOURCE_NATIVE_FUTURES,ZN,bond,APPENDIX_C_172_004,10-year US,ZNH3,896125,2012-12-12,PROVIDER_CONDITION_AVAILABLE,-12.40625,133.078125,120.671875,DEV_RECON_LOCAL_BACK_ADJUSTED_DATED_CONTRACT_CHAIN,2012-12-12T00:00:00Z,133.34375,133.546875,132.96875,1158799.0,120.9375,121.140625,120.5625,1158799.0
SOURCE_NATIVE_FUTURES,ZN,bond,APPENDIX_C_172_004,10-year US,ZNH3,896125,2012-12-13,PROVIDER_CONDITION_AVAILABLE,-12.40625,132.671875,120.265625,DEV_RECON_LOCAL_BACK_ADJUSTED_DATED_CONTRACT_CHAIN,2012-12-13T00:00:00Z,133.078125,133.171875,132.640625,1231198.0,120.671875,120.765625,120.234375,1231198.0
SOURCE_NATIVE_FUTURES,ZN,bond,APPENDIX_C_172_004,10-year US,ZNH3,896125,2012-12-13,PROVIDER_CONDITION_AVAILABLE,-12.40625,132.671875,120.265625,DEV_RECON_LOCAL_BACK_ADJUSTED_DATED_CONTRACT_CHAIN,2012-12-13T00:00:00Z,133.078125,133.171875,132.640625,1231198.0,120.671875,120.765625,120.234375,1231198.0
SOURCE_NATIVE_FUTURES,ZN,bond,APPENDIX_C_172_004,10-year US,ZNH3,896125,2012-12-14,PROVIDER_CONDITION_AVAILABLE,-12.40625,132.828125,120.421875,DEV_RECON_LOCAL_BACK_ADJUSTED_DATED_CONTRACT_CHAIN,2012-12-14T00:00:00Z,132.6875,132.890625,132.53125,812594.0,120.28125,120.484375,120.125,812594.0
SOURCE_NATIVE_FUTURES,ZN,bond,APPENDIX_C_172_004,10-year US,ZNH3,896125,2012-12-14,PROVIDER_CONDITION_AVAILABLE,-12.40625,132.828125,120.421875,DEV_RECON_LOCAL_BACK_ADJUSTED_DATED_CONTRACT_CHAIN,2012-12-14T00:00:00Z,132.6875,132.890625,132.53125,812594.0,120.28125,120.484375,120.125,812594.0
SOURCE_NATIVE_FUTURES,ZN,bond,APPENDIX_C_172_004,10-year US,ZNH3,896125,2012-12-16,PROVIDER_CONDITION_AVAILABLE,-12.40625,132.640625,120.234375,DEV_RECON_LOCAL_BACK_ADJUSTED_DATED_CONTRACT_CHAIN,2012-12-16T00:00:00Z,132.765625,132.765625,132.609375,10407.0,120.359375,120.359375,120.203125,10407.0
SOURCE_NATIVE_FUTURES,ZN,bond,APPENDIX_C_172_004,10-year US,ZNH3,896125,2012-12-16,PROVIDER_CONDITION_AVAILABLE,-12.40625,132.640625,120.234375,DEV_RECON_LOCAL_BACK_ADJUSTED_DATED_CONTRACT_CHAIN,2012-12-16T00:00:00Z,132.765625,132.765625,132.609375,10407.0,120.359375,120.359375,120.203125,10407.0
SOURCE_NATIVE_FUTURES,ZN,bond,APPENDIX_C_172_004,10-year US,ZNH3,896125,2012-12-17,PROVIDER_CONDITION_AVAILABLE,-12.40625,132.34375,119.9375,DEV_RECON_LOCAL_BACK_ADJUSTED_DATED_CONTRACT_CHAIN,2012-12-17T00:00:00Z,132.640625,132.765625,132.265625,790183.0,120.234375,120.359375,119.859375,790183.0
SOURCE_NATIVE_FUTURES,ZN,bond,APPENDIX_C_172_004,10-year US,ZNH3,896125,2012-12-17,PROVIDER_CONDITION_AVAILABLE,-12.40625,132.34375,119.9375,DEV_RECON_LOCAL_BACK_ADJUSTED_DATED_CONTRACT_CHAIN,2012-12-17T00:00:00Z,132.640625,132.765625,132.265625,790183.0,120.234375,120.359375,119.859375,790183.0
SOURCE_NATIVE_FUTURES,ZN,bond,APPENDIX_C_172_004,10-year US,ZNH3,896125,2012-12-18,PROVIDER_CONDITION_AVAILABLE,-12.40625,132.03125,119.625,DEV_RECON_LOCAL_BACK_ADJUSTED_DATED_CONTRACT_CHAIN,2012-12-18T00:00:00Z,132.359375,132.390625,131.796875,1169855.0,119.953125,119.984375,119.390625,1169855.0
SOURCE_NATIVE_FUTURES,ZN,bond,APPENDIX_C_172_004,10-year US,ZNH3,896125,2012-12-18,PROVIDER_CONDITION_AVAILABLE,-12.40625,132.03125,119.625,DEV_RECON_LOCAL_BACK_ADJUSTED_DATED_CONTRACT_CHAIN,2012-12-18T00:00:00Z,132.359375,132.390625,131.796875,1169855.0,119.953125,119.984375,119.390625,1169855.0
SOURCE_NATIVE_FUTURES,ZN,bond,APPENDIX_C_172_004,10-year US,ZNH3,896125,2012-12-19,PROVIDER_CONDITION_AVAILABLE,-12.40625,132.21875,119.8125,DEV_RECON_LOCAL_BACK_ADJUSTED_DATED_CONTRACT_CHAIN,2012-12-19T00:00:00Z,132.03125,132.34375,131.875,1092831.0,119.625,119.9375,119.46875,1092831.0
SOURCE_NATIVE_FUTURES,ZN,bond,APPENDIX_C_172_004,10-year US,ZNH3,896125,2012-12-19,PROVIDER_CONDITION_AVAILABLE,-12.40625,132.21875,119.8125,DEV_RECON_LOCAL_BACK_ADJUSTED_DATED_CONTRACT_CHAIN,2012-12-19T00:00:00Z,132.03125,132.34375,131.875,1092831.0,119.625,119.9375,119.46875,1092831.0
SOURCE_NATIVE_FUTURES,ZN,bond,APPENDIX_C_172_004,10-year US,ZNH3,896125,2012-12-20,PROVIDER_CONDITION_AVAILABLE,-12.40625,132.09375,119.6875,DEV_RECON_LOCAL_BACK_ADJUSTED_DATED_CONTRACT_CHAIN,2012-12-20T00:00:00Z,132.21875,132.375,132.0625,910661.0,119.8125,119.96875,119.65625,910661.0
SOURCE_NATIVE_FUTURES,ZN,bond,APPENDIX_C_172_004,10-year US,ZNH3,896125,2012-12-20,PROVIDER_CONDITION_AVAILABLE,-12.40625,132.09375,119.6875,DEV_RECON_LOCAL_BACK_ADJUSTED_DATED_CONTRACT_CHAIN,2012-12-20T00:00:00Z,132.21875,132.375,132.0625,910661.0,119.8125,119.96875,119.65625,910661.0
SOURCE_NATIVE_FUTURES,ZN,bond,APPENDIX_C_172_004,10-year US,ZNH3,896125,2012-12-21,PROVIDER_CONDITION_AVAILABLE,-12.40625,132.390625,119.984375,DEV_RECON_LOCAL_BACK_ADJUSTED_DATED_CONTRACT_CHAIN,2012-12-21T00:00:00Z,132.078125,132.640625,132.078125,681516.0,119.671875,120.234375,119.671875,681516.0
SOURCE_NATIVE_FUTURES,ZN,bond,APPENDIX_C_172_004,10-year US,ZNH3,896125,2012-12-21,PROVIDER_CONDITION_AVAILABLE,-12.40625,132.390625,119.984375,DEV_RECON_LOCAL_BACK_ADJUSTED_DATED_CONTRACT_CHAIN,2012-12-21T00:00:00Z,132.078125,132.640625,132.078125,681516.0,119.671875,120.234375,119.671875,681516.0
SOURCE_NATIVE_FUTURES,ZN,bond,APPENDIX_C_172_004,10-year US,ZNH3,896125,2012-12-23,PROVIDER_CONDITION_AVAILABLE,-12.40625,132.40625,120.0,DEV_RECON_LOCAL_BACK_ADJUSTED_DATED_CONTRACT_CHAIN,2012-12-23T00:00:00Z,132.390625,132.421875,132.359375,2413.0,119.984375,120.015625,119.953125,2413.0
SOURCE_NATIVE_FUTURES,ZN,bond,APPENDIX_C_172_004,10-year US,ZNH3,896125,2012-12-23,PROVIDER_CONDITION_AVAILABLE,-12.40625,132.40625,120.0,DEV_RECON_LOCAL_BACK_ADJUSTED_DATED_CONTRACT_CHAIN,2012-12-23T00:00:00Z,132.390625,132.421875,132.359375,2413.0,119.984375,120.015625,119.953125,2413.0
SOURCE_NATIVE_FUTURES,ZN,bond,APPENDIX_C_172_004,10-year US,ZNH3,896125,2012-12-24,PROVIDER_CONDITION_AVAILABLE,-12.40625,132.328125,119.921875,DEV_RECON_LOCAL_BACK_ADJUSTED_DATED_CONTRACT_CHAIN,2012-12-24T00:00:00Z,132.40625,132.46875,132.25,70101.0,120.0,120.0625,119.84375,70101.0
SOURCE_NATIVE_FUTURES,ZN,bond,APPENDIX_C_172_004,10-year US,ZNH3,896125,2012-12-24,PROVIDER_CONDITION_AVAILABLE,-12.40625,132.328125,119.921875,DEV_RECON_LOCAL_BACK_ADJUSTED_DATED_CONTRACT_CHAIN,2012-12-24T00:00:00Z,132.40625,132.46875,132.25,70101.0,120.0,120.0625,119.84375,70101.0
SOURCE_NATIVE_FUTURES,ZN,bond,APPENDIX_C_172_004,10-year US,ZNH3,896125,2012-12-26,PROVIDER_CONDITION_AVAILABLE,-12.40625,132.515625,120.109375,DEV_RECON_LOCAL_BACK_ADJUSTED_DATED_CONTRACT_CHAIN,2012-12-26T00:00:00Z,132.328125,132.59375,132.25,109883.0,119.921875,120.1875,119.84375,109883.0
SOURCE_NATIVE_FUTURES,ZN,bond,APPENDIX_C_172_004,10-year US,ZNH3,896125,2012-12-26,PROVIDER_CONDITION_AVAILABLE,-12.40625,132.515625,120.109375,DEV_RECON_LOCAL_BACK_ADJUSTED_DATED_CONTRACT_CHAIN,2012-12-26T00:00:00Z,132.328125,132.59375,132.25,109883.0,119.921875,120.1875,119.84375,109883.0
SOURCE_NATIVE_FUTURES,ZN,bond,APPENDIX_C_172_004,10-year US,ZNH3,896125,2012-12-27,PROVIDER_CONDITION_AVAILABLE,-12.40625,132.734375,120.328125,DEV_RECON_LOCAL_BACK_ADJUSTED_DATED_CONTRACT_CHAIN,2012-12-27T00:00:00Z,132.53125,133.015625,132.3125,549836.0,120.125,120.609375,119.90625,549836.0
SOURCE_NATIVE_FUTURES,ZN,bond,APPENDIX_C_172_004,10-year US,ZNH3,896125,2012-12-27,PROVIDER_CONDITION_AVAILABLE,-12.40625,132.734375,120.328125,DEV_RECON_LOCAL_BACK_ADJUSTED_DATED_CONTRACT_CHAIN,2012-12-27T00:00:00Z,132.53125,133.015625,132.3125,549836.0,120.125,120.609375,119.90625,549836.0
SOURCE_NATIVE_FUTURES,ZN,bond,APPENDIX_C_172_004,10-year US,ZNH3,896125,2012-12-28,PROVIDER_CONDITION_AVAILABLE,-12.40625,133.0,120.59375,DEV_RECON_LOCAL_BACK_ADJUSTED_DATED_CONTRACT_CHAIN,2012-12-28T00:00:00Z,132.75,133.078125,132.734375,421990.0,120.34375,120.671875,120.328125,421990.0
SOURCE_NATIVE_FUTURES,ZN,bond,APPENDIX_C_172_004,10-year US,ZNH3,896125,2012-12-28,PROVIDER_CONDITION_AVAILABLE,-12.40625,133.0,120.59375,DEV_RECON_LOCAL_BACK_ADJUSTED_DATED_CONTRACT_CHAIN,2012-12-28T00:00:00Z,132.75,133.078125,132.734375,421990.0,120.34375,120.671875,120.328125,421990.0
SOURCE_NATIVE_FUTURES,ZN,bond,APPENDIX_C_172_004,10-year US,ZNH3,896125,2012-12-30,PROVIDER_CONDITION_AVAILABLE,-12.40625,132.921875,120.515625,DEV_RECON_LOCAL_BACK_ADJUSTED_DATED_CONTRACT_CHAIN,2012-12-30T00:00:00Z,132.953125,133.015625,132.90625,3312.0,120.546875,120.609375,120.5,3312.0
SOURCE_NATIVE_FUTURES,ZN,bond,APPENDIX_C_172_004,10-year US,ZNH3,896125,2012-12-30,PROVIDER_CONDITION_AVAILABLE,-12.40625,132.921875,120.515625,DEV_RECON_LOCAL_BACK_ADJUSTED_DATED_CONTRACT_CHAIN,2012-12-30T00:00:00Z,132.953125,133.015625,132.90625,3312.0,120.546875,120.609375,120.5,3312.0
SOURCE_NATIVE_FUTURES,ZN,bond,APPENDIX_C_172_004,10-year US,ZNH3,896125,2012-12-31,PROVIDER_CONDITION_AVAILABLE,-12.40625,132.484375,120.078125,DEV_RECON_LOCAL_BACK_ADJUSTED_DATED_CONTRACT_CHAIN,2012-12-31T00:00:00Z,132.9375,133.0625,132.3125,308370.0,120.53125,120.65625,119.90625,308370.0
SOURCE_NATIVE_FUTURES,ZN,bond,APPENDIX_C_172_004,10-year US,ZNH3,896125,2012-12-31,PROVIDER_CONDITION_AVAILABLE,-12.40625,132.484375,120.078125,DEV_RECON_LOCAL_BACK_ADJUSTED_DATED_CONTRACT_CHAIN,2012-12-31T00:00:00Z,132.9375,133.0625,132.3125,308370.0,120.53125,120.65625,119.90625,308370.0
SOURCE_NATIVE_FUTURES,ZN,bond,APPENDIX_C_172_004,10-year US,ZNH3,896125,2013-01-02,PROVIDER_CONDITION_AVAILABLE,-12.40625,132.171875,119.765625,DEV_RECON_LOCAL_BACK_ADJUSTED_DATED_CONTRACT_CHAIN,2013-01-02T00:00:00Z,131.9375,132.234375,131.890625,732162.0,119.53125,119.828125,119.484375,732162.0
SOURCE_NATIVE_FUTURES,ZN,bond,APPENDIX_C_172_004,10-year US,ZNH3,896125,2013-01-02,PROVIDER_CONDITION_AVAILABLE,-12.40625,132.171875,119.765625,DEV_RECON_LOCAL_BACK_ADJUSTED_DATED_CONTRACT_CHAIN,2013-01-02T00:00:00Z,131.9375,132.234375,131.890625,732162.0,119.53125,119.828125,119.484375,732162.0
SOURCE_NATIVE_FUTURES,ZN,bond,APPENDIX_C_172_004,10-year US,ZNH3,896125,2013-01-03,PROVIDER_CONDITION_AVAILABLE,-12.40625,131.515625,119.109375,DEV_RECON_LOCAL_BACK_ADJUSTED_DATED_CONTRACT_CHAIN,2013-01-03T00:00:00Z,132.15625,132.25,131.453125,1142170.0,119.75,119.84375,119.046875,1142170.0
SOURCE_NATIVE_FUTURES,ZN,bond,APPENDIX_C_172_004,10-year US,ZNH3,896125,2013-01-03,PROVIDER_CONDITION_AVAILABLE,-12.40625,131.515625,119.109375,DEV_RECON_LOCAL_BACK_ADJUSTED_DATED_CONTRACT_CHAIN,2013-01-03T00:00:00Z,132.15625,132.25,131.453125,1142170.0,119.75,119.84375,119.046875,1142170.0
SOURCE_NATIVE_FUTURES,ZN,bond,APPENDIX_C_172_004,10-year US,ZNH3,896125,2013-01-04,PROVIDER_CONDITION_AVAILABLE,-12.40625,131.625,119.21875,DEV_RECON_LOCAL_BACK_ADJUSTED_DATED_CONTRACT_CHAIN,2013-01-04T00:00:00Z,131.515625,131.640625,131.125,1491088.0,119.109375,119.234375,118.71875,1491088.0
SOURCE_NATIVE_FUTURES,ZN,bond,APPENDIX_C_172_004,10-year US,ZNH3,896125,2013-01-04,PROVIDER_CONDITION_AVAILABLE,-12.40625,131.625,119.21875,DEV_RECON_LOCAL_BACK_ADJUSTED_DATED_CONTRACT_CHAIN,2013-01-04T00:00:00Z,131.515625,131.640625,131.125,1491088.0,119.109375,119.234375,118.71875,1491088.0
SOURCE_NATIVE_FUTURES,ZN,bond,APPENDIX_C_172_004,10-year US,ZNH3,896125,2013-01-06,PROVIDER_CONDITION_AVAILABLE,-12.40625,131.609375,119.203125,DEV_RECON_LOCAL_BACK_ADJUSTED_DATED_CONTRACT_CHAIN,2013-01-06T00:00:00Z,131.546875,131.625,131.515625,7912.0,119.140625,119.21875,119.109375,7912.0
SOURCE_NATIVE_FUTURES,ZN,bond,APPENDIX_C_172_004,10-year US,ZNH3,896125,2013-01-06,PROVIDER_CONDITION_AVAILABLE,-12.40625,131.609375,119.203125,DEV_RECON_LOCAL_BACK_ADJUSTED_DATED_CONTRACT_CHAIN,2013-01-06T00:00:00Z,131.546875,131.625,131.515625,7912.0,119.140625,119.21875,119.109375,7912.0
SOURCE_NATIVE_FUTURES,ZN,bond,APPENDIX_C_172_004,10-year US,ZNH3,896125,2013-01-07,PROVIDER_CONDITION_AVAILABLE,-12.40625,131.6875,119.28125,DEV_RECON_LOCAL_BACK_ADJUSTED_DATED_CONTRACT_CHAIN,2013-01-07T00:00:00Z,131.625,131.765625,131.5,647676.0,119.21875,119.359375,119.09375,647676.0
SOURCE_NATIVE_FUTURES,ZN,bond,APPENDIX_C_172_004,10-year US,ZNH3,896125,2013-01-07,PROVIDER_CONDITION_AVAILABLE,-12.40625,131.6875,119.28125,DEV_RECON_LOCAL_BACK_ADJUSTED_DATED_CONTRACT_CHAIN,2013-01-07T00:00:00Z,131.625,131.765625,131.5,647676.0,119.21875,119.359375,119.09375,647676.0
SOURCE_NATIVE_FUTURES,ZN,bond,APPENDIX_C_172_004,10-year US,ZNH3,896125,2013-01-08,PROVIDER_CONDITION_AVAILABLE,-12.40625,131.828125,119.421875,DEV_RECON_LOCAL_BACK_ADJUSTED_DATED_CONTRACT_CHAIN,2013-01-08T00:00:00Z,131.671875,131.90625,131.546875,798002.0,119.265625,119.5,119.140625,798002.0
SOURCE_NATIVE_FUTURES,ZN,bond,APPENDIX_C_172_004,10-year US,ZNH3,896125,2013-01-08,PROVIDER_CONDITION_AVAILABLE,-12.40625,131.828125,119.421875,DEV_RECON_LOCAL_BACK_ADJUSTED_DATED_CONTRACT_CHAIN,2013-01-08T00:00:00Z,131.671875,131.90625,131.546875,798002.0,119.265625,119.5,119.140625,798002.0
SOURCE_NATIVE_FUTURES,ZN,bond,APPENDIX_C_172_004,10-year US,ZNH3,896125,2013-01-09,PROVIDER_CONDITION_AVAILABLE,-12.40625,131.96875,119.5625,DEV_RECON_LOCAL_BACK_ADJUSTED_DATED_CONTRACT_CHAIN,2013-01-09T00:00:00Z,131.8125,132.125,131.671875,939187.0,119.40625,119.71875,119.265625,939187.0
SOURCE_NATIVE_FUTURES,ZN,bond,APPENDIX_C_172_004,10-year US,ZNH3,896125,2013-01-09,PROVIDER_CONDITION_AVAILABLE,-12.40625,131.96875,119.5625,DEV_RECON_LOCAL_BACK_ADJUSTED_DATED_CONTRACT_CHAIN,2013-01-09T00:00:00Z,131.8125,132.125,131.671875,939187.0,119.40625,119.71875,119.265625,939187.0
SOURCE_NATIVE_FUTURES,ZN,bond,APPENDIX_C_172_004,10-year US,ZNH3,896125,2013-01-10,PROVIDER_CONDITION_AVAILABLE,-12.40625,131.546875,119.140625,DEV_RECON_LOCAL_BACK_ADJUSTED_DATED_CONTRACT_CHAIN,2013-01-10T00:00:00Z,131.96875,131.96875,131.515625,1223929.0,119.5625,119.5625,119.109375,1223929.0
SOURCE_NATIVE_FUTURES,ZN,bond,APPENDIX_C_172_004,10-year US,ZNH3,896125,2013-01-10,PROVIDER_CONDITION_AVAILABLE,-12.40625,131.546875,119.140625,DEV_RECON_LOCAL_BACK_ADJUSTED_DATED_CONTRACT_CHAIN,2013-01-10T00:00:00Z,131.96875,131.96875,131.515625,1223929.0,119.5625,119.5625,119.109375,1223929.0
SOURCE_NATIVE_FUTURES,ZN,bond,APPENDIX_C_172_004,10-year US,ZNH3,896125,2013-01-11,PROVIDER_CONDITION_AVAILABLE,-12.40625,131.9375,119.53125,DEV_RECON_LOCAL_BACK_ADJUSTED_DATED_CONTRACT_CHAIN,2013-01-11T00:00:00Z,131.546875,132.015625,131.453125,1078478.0,119.140625,119.609375,119.046875,1078478.0
SOURCE_NATIVE_FUTURES,ZN,bond,APPENDIX_C_172_004,10-year US,ZNH3,896125,2013-01-11,PROVIDER_CONDITION_AVAILABLE,-12.40625,131.9375,119.53125,DEV_RECON_LOCAL_BACK_ADJUSTED_DATED_CONTRACT_CHAIN,2013-01-11T00:00:00Z,131.546875,132.015625,131.453125,1078478.0,119.140625,119.609375,119.046875,1078478.0
SOURCE_NATIVE_FUTURES,ZN,bond,APPENDIX_C_172_004,10-year US,ZNH3,896125,2013-01-13,PROVIDER_CONDITION_AVAILABLE,-12.40625,132.0,119.59375,DEV_RECON_LOCAL_BACK_ADJUSTED_DATED_CONTRACT_CHAIN,2013-01-13T00:00:00Z,131.90625,132.046875,131.90625,10744.0,119.5,119.640625,119.5,10744.0
SOURCE_NATIVE_FUTURES,ZN,bond,APPENDIX_C_172_004,10-year US,ZNH3,896125,2013-01-13,PROVIDER_CONDITION_AVAILABLE,-12.40625,132.0,119.59375,DEV_RECON_LOCAL_BACK_ADJUSTED_DATED_CONTRACT_CHAIN,2013-01-13T00:00:00Z,131.90625,132.046875,131.90625,10744.0,119.5,119.640625,119.5,10744.0
SOURCE_NATIVE_FUTURES,ZN,bond,APPENDIX_C_172_004,10-year US,ZNH3,896125,2013-01-14,PROVIDER_CONDITION_AVAILABLE,-12.40625,132.09375,119.6875,DEV_RECON_LOCAL_BACK_ADJUSTED_DATED_CONTRACT_CHAIN,2013-01-14T00:00:00Z,132.015625,132.234375,131.859375,759865.0,119.609375,119.828125,119.453125,759865.0
SOURCE_NATIVE_FUTURES,ZN,bond,APPENDIX_C_172_004,10-year US,ZNH3,896125,2013-01-14,PROVIDER_CONDITION_AVAILABLE,-12.40625,132.09375,119.6875,DEV_RECON_LOCAL_BACK_ADJUSTED_DATED_CONTRACT_CHAIN,2013-01-14T00:00:00Z,132.015625,132.234375,131.859375,759865.0,119.609375,119.828125,119.453125,759865.0
SOURCE_NATIVE_FUTURES,ZN,bond,APPENDIX_C_172_004,10-year US,ZNH3,896125,2013-01-15,PROVIDER_CONDITION_AVAILABLE,-12.40625,132.1875,119.78125,DEV_RECON_LOCAL_BACK_ADJUSTED_DATED_CONTRACT_CHAIN,2013-01-15T00:00:00Z,132.09375,132.40625,132.078125,984060.0,119.6875,120.0,119.671875,984060.0
SOURCE_NATIVE_FUTURES,ZN,bond,APPENDIX_C_172_004,10-year US,ZNH3,896125,2013-01-15,PROVIDER_CONDITION_AVAILABLE,-12.40625,132.1875,119.78125,DEV_RECON_LOCAL_BACK_ADJUSTED_DATED_CONTRACT_CHAIN,2013-01-15T00:00:00Z,132.09375,132.40625,132.078125,984060.0,119.6875,120.0,119.671875,984060.0
SOURCE_NATIVE_FUTURES,ZN,bond,APPENDIX_C_172_004,10-year US,ZNH3,896125,2013-01-16,PROVIDER_CONDITION_AVAILABLE,-12.40625,132.328125,119.921875,DEV_RECON_LOCAL_BACK_ADJUSTED_DATED_CONTRACT_CHAIN,2013-01-16T00:00:00Z,132.203125,132.46875,132.203125,757469.0,119.796875,120.0625,119.796875,757469.0
SOURCE_NATIVE_FUTURES,ZN,bond,APPENDIX_C_172_004,10-year US,ZNH3,896125,2013-01-16,PROVIDER_CONDITION_AVAILABLE,-12.40625,132.328125,119.921875,DEV_RECON_LOCAL_BACK_ADJUSTED_DATED_CONTRACT_CHAIN,2013-01-16T00:00:00Z,132.203125,132.46875,132.203125,757469.0,119.796875,120.0625,119.796875,757469.0
SOURCE_NATIVE_FUTURES,ZN,bond,APPENDIX_C_172_004,10-year US,ZNH3,896125,2013-01-17,PROVIDER_CONDITION_AVAILABLE,-12.40625,131.875,119.46875,DEV_RECON_LOCAL_BACK_ADJUSTED_DATED_CONTRACT_CHAIN,2013-01-17T00:00:00Z,132.3125,132.484375,131.75,1253219.0,119.90625,120.078125,119.34375,1253219.0
SOURCE_NATIVE_FUTURES,ZN,bond,APPENDIX_C_172_004,10-year US,ZNH3,896125,2013-01-17,PROVIDER_CONDITION_AVAILABLE,-12.40625,131.875,119.46875,DEV_RECON_LOCAL_BACK_ADJUSTED_DATED_CONTRACT_CHAIN,2013-01-17T00:00:00Z,132.3125,132.484375,131.75,1253219.0,119.90625,120.078125,119.34375,1253219.0
SOURCE_NATIVE_FUTURES,ZN,bond,APPENDIX_C_172_004,10-year US,ZNH3,896125,2013-01-18,PROVIDER_CONDITION_AVAILABLE,-12.40625,132.171875,119.765625,DEV_RECON_LOCAL_BACK_ADJUSTED_DATED_CONTRACT_CHAIN,2013-01-18T00:00:00Z,131.875,132.234375,131.6875,920824.0,119.46875,119.828125,119.28125,920824.0
SOURCE_NATIVE_FUTURES,ZN,bond,APPENDIX_C_172_004,10-year US,ZNH3,896125,2013-01-18,PROVIDER_CONDITION_AVAILABLE,-12.40625,132.171875,119.765625,DEV_RECON_LOCAL_BACK_ADJUSTED_DATED_CONTRACT_CHAIN,2013-01-18T00:00:00Z,131.875,132.234375,131.6875,920824.0,119.46875,119.828125,119.28125,920824.0
SOURCE_NATIVE_FUTURES,ZN,bond,APPENDIX_C_172_004,10-year US,ZNH3,896125,2013-01-21,PROVIDER_CONDITION_AVAILABLE,-12.40625,131.984375,119.578125,DEV_RECON_LOCAL_BACK_ADJUSTED_DATED_CONTRACT_CHAIN,2013-01-21T00:00:00Z,131.921875,131.984375,131.90625,3952.0,119.515625,119.578125,119.5,3952.0
SOURCE_NATIVE_FUTURES,ZN,bond,APPENDIX_C_172_004,10-year US,ZNH3,896125,2013-01-21,PROVIDER_CONDITION_AVAILABLE,-12.40625,131.984375,119.578125,DEV_RECON_LOCAL_BACK_ADJUSTED_DATED_CONTRACT_CHAIN,2013-01-21T00:00:00Z,131.921875,131.984375,131.90625,3952.0,119.515625,119.578125,119.5,3952.0
SOURCE_NATIVE_FUTURES,ZN,bond,APPENDIX_C_172_004,10-year US,ZNH3,896125,2013-01-22,PROVIDER_CONDITION_AVAILABLE,-12.40625,132.21875,119.8125,DEV_RECON_LOCAL_BACK_ADJUSTED_DATED_CONTRACT_CHAIN,2013-01-22T00:00:00Z,131.984375,132.34375,131.875,991852.0,119.578125,119.9375,119.46875,991852.0
SOURCE_NATIVE_FUTURES,ZN,bond,APPENDIX_C_172_004,10-year US,ZNH3,896125,2013-01-22,PROVIDER_CONDITION_AVAILABLE,-12.40625,132.21875,119.8125,DEV_RECON_LOCAL_BACK_ADJUSTED_DATED_CONTRACT_CHAIN,2013-01-22T00:00:00Z,131.984375,132.34375,131.875,991852.0,119.578125,119.9375,119.46875,991852.0
SOURCE_NATIVE_FUTURES,ZN,bond,APPENDIX_C_172_004,10-year US,ZNH3,896125,2013-01-23,PROVIDER_CONDITION_AVAILABLE,-12.40625,132.390625,119.984375,DEV_RECON_LOCAL_BACK_ADJUSTED_DATED_CONTRACT_CHAIN,2013-01-23T00:00:00Z,132.21875,132.46875,132.15625,708479.0,119.8125,120.0625,119.75,708479.0
SOURCE_NATIVE_FUTURES,ZN,bond,APPENDIX_C_172_004,10-year US,ZNH3,896125,2013-01-23,PROVIDER_CONDITION_AVAILABLE,-12.40625,132.390625,119.984375,DEV_RECON_LOCAL_BACK_ADJUSTED_DATED_CONTRACT_CHAIN,2013-01-23T00:00:00Z,132.21875,132.46875,132.15625,708479.0,119.8125,120.0625,119.75,708479.0
SOURCE_NATIVE_FUTURES,ZN,bond,APPENDIX_C_172_004,10-year US,ZNH3,896125,2013-01-24,PROVIDER_CONDITION_AVAILABLE,-12.40625,132.125,119.71875,DEV_RECON_LOCAL_BACK_ADJUSTED_DATED_CONTRACT_CHAIN,2013-01-24T00:00:00Z,132.40625,132.546875,131.984375,1358315.0,120.0,120.140625,119.578125,1358315.0
SOURCE_NATIVE_FUTURES,ZN,bond,APPENDIX_C_172_004,10-year US,ZNH3,896125,2013-01-24,PROVIDER_CONDITION_AVAILABLE,-12.40625,132.125,119.71875,DEV_RECON_LOCAL_BACK_ADJUSTED_DATED_CONTRACT_CHAIN,2013-01-24T00:00:00Z,132.40625,132.546875,131.984375,1358315.0,120.0,120.140625,119.578125,1358315.0
SOURCE_NATIVE_FUTURES,ZN,bond,APPENDIX_C_172_004,10-year US,ZNH3,896125,2013-01-25,PROVIDER_CONDITION_AVAILABLE,-12.40625,131.390625,118.984375,DEV_RECON_LOCAL_BACK_ADJUSTED_DATED_CONTRACT_CHAIN,2013-01-25T00:00:00Z,132.140625,132.1875,131.34375,1557943.0,119.734375,119.78125,118.9375,1557943.0
SOURCE_NATIVE_FUTURES,ZN,bond,APPENDIX_C_172_004,10-year US,ZNH3,896125,2013-01-25,PROVIDER_CONDITION_AVAILABLE,-12.40625,131.390625,118.984375,DEV_RECON_LOCAL_BACK_ADJUSTED_DATED_CONTRACT_CHAIN,2013-01-25T00:00:00Z,132.140625,132.1875,131.34375,1557943.0,119.734375,119.78125,118.9375,1557943.0
SOURCE_NATIVE_FUTURES,ZN,bond,APPENDIX_C_172_004,10-year US,ZNH3,896125,2013-01-27,PROVIDER_CONDITION_AVAILABLE,-12.40625,131.34375,118.9375,DEV_RECON_LOCAL_BACK_ADJUSTED_DATED_CONTRACT_CHAIN,2013-01-27T00:00:00Z,131.359375,131.375,131.265625,12435.0,118.953125,118.96875,118.859375,12435.0
SOURCE_NATIVE_FUTURES,ZN,bond,APPENDIX_C_172_004,10-year US,ZNH3,896125,2013-01-27,PROVIDER_CONDITION_AVAILABLE,-12.40625,131.34375,118.9375,DEV_RECON_LOCAL_BACK_ADJUSTED_DATED_CONTRACT_CHAIN,2013-01-27T00:00:00Z,131.359375,131.375,131.265625,12435.0,118.953125,118.96875,118.859375,12435.0
SOURCE_NATIVE_FUTURES,ZN,bond,APPENDIX_C_172_004,10-year US,ZNH3,896125,2013-01-28,PROVIDER_CONDITION_AVAILABLE,-12.40625,131.328125,118.921875,DEV_RECON_LOCAL_BACK_ADJUSTED_DATED_CONTRACT_CHAIN,2013-01-28T00:00:00Z,131.34375,131.515625,130.9375,1443809.0,118.9375,119.109375,118.53125,1443809.0
SOURCE_NATIVE_FUTURES,ZN,bond,APPENDIX_C_172_004,10-year US,ZNH3,896125,2013-01-28,PROVIDER_CONDITION_AVAILABLE,-12.40625,131.328125,118.921875,DEV_RECON_LOCAL_BACK_ADJUSTED_DATED_CONTRACT_CHAIN,2013-01-28T00:00:00Z,131.34375,131.515625,130.9375,1443809.0,118.9375,119.109375,118.53125,1443809.0
SOURCE_NATIVE_FUTURES,ZN,bond,APPENDIX_C_172_004,10-year US,ZNH3,896125,2013-01-29,PROVIDER_CONDITION_AVAILABLE,-12.40625,131.140625,118.734375,DEV_RECON_LOCAL_BACK_ADJUSTED_DATED_CONTRACT_CHAIN,2013-01-29T00:00:00Z,131.328125,131.484375,131.109375,1294051.0,118.921875,119.078125,118.703125,1294051.0
SOURCE_NATIVE_FUTURES,ZN,bond,APPENDIX_C_172_004,10-year US,ZNH3,896125,2013-01-29,PROVIDER_CONDITION_AVAILABLE,-12.40625,131.140625,118.734375,DEV_RECON_LOCAL_BACK_ADJUSTED_DATED_CONTRACT_CHAIN,2013-01-29T00:00:00Z,131.328125,131.484375,131.109375,1294051.0,118.921875,119.078125,118.703125,1294051.0
SOURCE_NATIVE_FUTURES,ZN,bond,APPENDIX_C_172_004,10-year US,ZNH3,896125,2013-01-30,PROVIDER_CONDITION_AVAILABLE,-12.40625,131.34375,118.9375,DEV_RECON_LOCAL_BACK_ADJUSTED_DATED_CONTRACT_CHAIN,2013-01-30T00:00:00Z,131.140625,131.4375,130.9375,1874001.0,118.734375,119.03125,118.53125,1874001.0
SOURCE_NATIVE_FUTURES,ZN,bond,APPENDIX_C_172_004,10-year US,ZNH3,896125,2013-01-30,PROVIDER_CONDITION_AVAILABLE,-12.40625,131.34375,118.9375,DEV_RECON_LOCAL_BACK_ADJUSTED_DATED_CONTRACT_CHAIN,2013-01-30T00:00:00Z,131.140625,131.4375,130.9375,1874001.0,118.734375,119.03125,118.53125,1874001.0
SOURCE_NATIVE_FUTURES,ZN,bond,APPENDIX_C_172_004,10-year US,ZNH3,896125,2013-01-31,PROVIDER_CONDITION_AVAILABLE,-12.40625,131.171875,118.765625,DEV_RECON_LOCAL_BACK_ADJUSTED_DATED_CONTRACT_CHAIN,2013-01-31T00:00:00Z,131.34375,131.5625,131.140625,1407452.0,118.9375,119.15625,118.734375,1407452.0
SOURCE_NATIVE_FUTURES,ZN,bond,APPENDIX_C_172_004,10-year US,ZNH3,896125,2013-01-31,PROVIDER_CONDITION_AVAILABLE,-12.40625,131.171875,118.765625,DEV_RECON_LOCAL_BACK_ADJUSTED_DATED_CONTRACT_CHAIN,2013-01-31T00:00:00Z,131.34375,131.5625,131.140625,1407452.0,118.9375,119.15625,118.734375,1407452.0
SOURCE_NATIVE_FUTURES,ZN,bond,APPENDIX_C_172_004,10-year US,ZNH3,896125,2013-02-01,PROVIDER_CONDITION_AVAILABLE,-12.40625,131.09375,118.6875,DEV_RECON_LOCAL_BACK_ADJUSTED_DATED_CONTRACT_CHAIN,2013-02-01T00:00:00Z,131.171875,131.828125,130.9375,2214523.0,118.765625,119.421875,118.53125,2214523.0
SOURCE_NATIVE_FUTURES,ZN,bond,APPENDIX_C_172_004,10-year US,ZNH3,896125,2013-02-01,PROVIDER_CONDITION_AVAILABLE,-12.40625,131.09375,118.6875,DEV_RECON_LOCAL_BACK_ADJUSTED_DATED_CONTRACT_CHAIN,2013-02-01T00:00:00Z,131.171875,131.828125,130.9375,2214523.0,118.765625,119.421875,118.53125,2214523.0
SOURCE_NATIVE_FUTURES,ZN,bond,APPENDIX_C_172_004,10-year US,ZNH3,896125,2013-02-03,PROVIDER_CONDITION_AVAILABLE,-12.40625,130.875,118.46875,DEV_RECON_LOCAL_BACK_ADJUSTED_DATED_CONTRACT_CHAIN,2013-02-03T00:00:00Z,131.0,131.015625,130.78125,29863.0,118.59375,118.609375,118.375,29863.0
SOURCE_NATIVE_FUTURES,ZN,bond,APPENDIX_C_172_004,10-year US,ZNH3,896125,2013-02-03,PROVIDER_CONDITION_AVAILABLE,-12.40625,130.875,118.46875,DEV_RECON_LOCAL_BACK_ADJUSTED_DATED_CONTRACT_CHAIN,2013-02-03T00:00:00Z,131.0,131.015625,130.78125,29863.0,118.59375,118.609375,118.375,29863.0
SOURCE_NATIVE_FUTURES,ZN,bond,APPENDIX_C_172_004,10-year US,ZNH3,896125,2013-02-04,PROVIDER_CONDITION_AVAILABLE,-12.40625,131.5625,119.15625,DEV_RECON_LOCAL_BACK_ADJUSTED_DATED_CONTRACT_CHAIN,2013-02-04T00:00:00Z,130.875,131.6875,130.71875,1554830.0,118.46875,119.28125,118.3125,1554830.0
SOURCE_NATIVE_FUTURES,ZN,bond,APPENDIX_C_172_004,10-year US,ZNH3,896125,2013-02-04,PROVIDER_CONDITION_AVAILABLE,-12.40625,131.5625,119.15625,DEV_RECON_LOCAL_BACK_ADJUSTED_DATED_CONTRACT_CHAIN,2013-02-04T00:00:00Z,130.875,131.6875,130.71875,1554830.0,118.46875,119.28125,118.3125,1554830.0
SOURCE_NATIVE_FUTURES,ZN,bond,APPENDIX_C_172_004,10-year US,ZNH3,896125,2013-02-05,PROVIDER_CONDITION_AVAILABLE,-12.40625,131.28125,118.875,DEV_RECON_LOCAL_BACK_ADJUSTED_DATED_CONTRACT_CHAIN,2013-02-05T00:00:00Z,131.5625,131.65625,131.125,1142995.0,119.15625,119.25,118.71875,1142995.0
SOURCE_NATIVE_FUTURES,ZN,bond,APPENDIX_C_172_004,10-year US,ZNH3,896125,2013-02-05,PROVIDER_CONDITION_AVAILABLE,-12.40625,131.28125,118.875,DEV_RECON_LOCAL_BACK_ADJUSTED_DATED_CONTRACT_CHAIN,2013-02-05T00:00:00Z,131.5625,131.65625,131.125,1142995.0,119.15625,119.25,118.71875,1142995.0
SOURCE_NATIVE_FUTURES,ZN,bond,APPENDIX_C_172_004,10-year US,ZNH3,896125,2013-02-06,PROVIDER_CONDITION_AVAILABLE,-12.40625,131.609375,119.203125,DEV_RECON_LOCAL_BACK_ADJUSTED_DATED_CONTRACT_CHAIN,2013-02-06T00:00:00Z,131.28125,131.65625,131.234375,1262903.0,118.875,119.25,118.828125,1262903.0
SOURCE_NATIVE_FUTURES,ZN,bond,APPENDIX_C_172_004,10-year US,ZNH3,896125,2013-02-06,PROVIDER_CONDITION_AVAILABLE,-12.40625,131.609375,119.203125,DEV_RECON_LOCAL_BACK_ADJUSTED_DATED_CONTRACT_CHAIN,2013-02-06T00:00:00Z,131.28125,131.65625,131.234375,1262903.0,118.875,119.25,118.828125,1262903.0
SOURCE_NATIVE_FUTURES,ZN,bond,APPENDIX_C_172_004,10-year US,ZNH3,896125,2013-02-07,PROVIDER_CONDITION_AVAILABLE,-12.40625,131.6875,119.28125,DEV_RECON_LOCAL_BACK_ADJUSTED_DATED_CONTRACT_CHAIN,2013-02-07T00:00:00Z,131.609375,131.921875,131.375,1447634.0,119.203125,119.515625,118.96875,1447634.0
SOURCE_NATIVE_FUTURES,ZN,bond,APPENDIX_C_172_004,10-year US,ZNH3,896125,2013-02-07,PROVIDER_CONDITION_AVAILABLE,-12.40625,131.6875,119.28125,DEV_RECON_LOCAL_BACK_ADJUSTED_DATED_CONTRACT_CHAIN,2013-02-07T00:00:00Z,131.609375,131.921875,131.375,1447634.0,119.203125,119.515625,118.96875,1447634.0
SOURCE_NATIVE_FUTURES,ZN,bond,APPENDIX_C_172_004,10-year US,ZNH3,896125,2013-02-08,PROVIDER_CONDITION_AVAILABLE,-12.40625,131.734375,119.328125,DEV_RECON_LOCAL_BACK_ADJUSTED_DATED_CONTRACT_CHAIN,2013-02-08T00:00:00Z,131.6875,131.890625,131.40625,1094968.0,119.28125,119.484375,119.0,1094968.0
SOURCE_NATIVE_FUTURES,ZN,bond,APPENDIX_C_172_004,10-year US,ZNH3,896125,2013-02-08,PROVIDER_CONDITION_AVAILABLE,-12.40625,131.734375,119.328125,DEV_RECON_LOCAL_BACK_ADJUSTED_DATED_CONTRACT_CHAIN,2013-02-08T00:00:00Z,131.6875,131.890625,131.40625,1094968.0,119.28125,119.484375,119.0,1094968.0
SOURCE_NATIVE_FUTURES,ZN,bond,APPENDIX_C_172_004,10-year US,ZNH3,896125,2013-02-10,PROVIDER_CONDITION_AVAILABLE,-12.40625,131.640625,119.234375,DEV_RECON_LOCAL_BACK_ADJUSTED_DATED_CONTRACT_CHAIN,2013-02-10T00:00:00Z,131.703125,131.71875,131.640625,2982.0,119.296875,119.3125,119.234375,2982.0
SOURCE_NATIVE_FUTURES,ZN,bond,APPENDIX_C_172_004,10-year US,ZNH3,896125,2013-02-10,PROVIDER_CONDITION_AVAILABLE,-12.40625,131.640625,119.234375,DEV_RECON_LOCAL_BACK_ADJUSTED_DATED_CONTRACT_CHAIN,2013-02-10T00:00:00Z,131.703125,131.71875,131.640625,2982.0,119.296875,119.3125,119.234375,2982.0
SOURCE_NATIVE_FUTURES,ZN,bond,APPENDIX_C_172_004,10-year US,ZNH3,896125,2013-02-11,PROVIDER_CONDITION_AVAILABLE,-12.40625,131.578125,119.171875,DEV_RECON_LOCAL_BACK_ADJUSTED_DATED_CONTRACT_CHAIN,2013-02-11T00:00:00Z,131.640625,131.78125,131.5,699268.0,119.234375,119.375,119.09375,699268.0
SOURCE_NATIVE_FUTURES,ZN,bond,APPENDIX_C_172_004,10-year US,ZNH3,896125,2013-02-11,PROVIDER_CONDITION_AVAILABLE,-12.40625,131.578125,119.171875,DEV_RECON_LOCAL_BACK_ADJUSTED_DATED_CONTRACT_CHAIN,2013-02-11T00:00:00Z,131.640625,131.78125,131.5,699268.0,119.234375,119.375,119.09375,699268.0
SOURCE_NATIVE_FUTURES,ZN,bond,APPENDIX_C_172_004,10-year US,ZNH3,896125,2013-02-12,PROVIDER_CONDITION_AVAILABLE,-12.40625,131.453125,119.046875,DEV_RECON_LOCAL_BACK_ADJUSTED_DATED_CONTRACT_CHAIN,2013-02-12T00:00:00Z,131.5625,131.703125,131.375,856332.0,119.15625,119.296875,118.96875,856332.0
SOURCE_NATIVE_FUTURES,ZN,bond,APPENDIX_C_172_004,10-year US,ZNH3,896125,2013-02-12,PROVIDER_CONDITION_AVAILABLE,-12.40625,131.453125,119.046875,DEV_RECON_LOCAL_BACK_ADJUSTED_DATED_CONTRACT_CHAIN,2013-02-12T00:00:00Z,131.5625,131.703125,131.375,856332.0,119.15625,119.296875,118.96875,856332.0
SOURCE_NATIVE_FUTURES,ZN,bond,APPENDIX_C_172_004,10-year US,ZNH3,896125,2013-02-13,PROVIDER_CONDITION_AVAILABLE,-12.40625,131.109375,118.703125,DEV_RECON_LOCAL_BACK_ADJUSTED_DATED_CONTRACT_CHAIN,2013-02-13T00:00:00Z,131.453125,131.53125,131.015625,1243356.0,119.046875,119.125,118.609375,1243356.0
SOURCE_NATIVE_FUTURES,ZN,bond,APPENDIX_C_172_004,10-year US,ZNH3,896125,2013-02-13,PROVIDER_CONDITION_AVAILABLE,-12.40625,131.109375,118.703125,DEV_RECON_LOCAL_BACK_ADJUSTED_DATED_CONTRACT_CHAIN,2013-02-13T00:00:00Z,131.453125,131.53125,131.015625,1243356.0,119.046875,119.125,118.609375,1243356.0
SOURCE_NATIVE_FUTURES,ZN,bond,APPENDIX_C_172_004,10-year US,ZNH3,896125,2013-02-14,PROVIDER_CONDITION_AVAILABLE,-12.40625,131.53125,119.125,DEV_RECON_LOCAL_BACK_ADJUSTED_DATED_CONTRACT_CHAIN,2013-02-14T00:00:00Z,131.125,131.59375,131.015625,1409595.0,118.71875,119.1875,118.609375,1409595.0
SOURCE_NATIVE_FUTURES,ZN,bond,APPENDIX_C_172_004,10-year US,ZNH3,896125,2013-02-14,PROVIDER_CONDITION_AVAILABLE,-12.40625,131.53125,119.125,DEV_RECON_LOCAL_BACK_ADJUSTED_DATED_CONTRACT_CHAIN,2013-02-14T00:00:00Z,131.125,131.59375,131.015625,1409595.0,118.71875,119.1875,118.609375,1409595.0
SOURCE_NATIVE_FUTURES,ZN,bond,APPENDIX_C_172_004,10-year US,ZNM3,619999,2013-02-15,PROVIDER_CONDITION_AVAILABLE,-11.25,130.34375,119.09375,DEV_RECON_LOCAL_BACK_ADJUSTED_DATED_CONTRACT_CHAIN,2013-02-15T00:00:00Z,130.390625,130.515625,130.125,6937.0,119.140625,119.265625,118.875,6937.0
SOURCE_NATIVE_FUTURES,ZN,bond,APPENDIX_C_172_004,10-year US,ZNM3,619999,2013-02-15,PROVIDER_CONDITION_AVAILABLE,-11.25,130.34375,119.09375,DEV_RECON_LOCAL_BACK_ADJUSTED_DATED_CONTRACT_CHAIN,2013-02-15T00:00:00Z,130.390625,130.515625,130.125,6937.0,119.140625,119.265625,118.875,6937.0
SOURCE_NATIVE_FUTURES,ZN,bond,APPENDIX_C_172_004,10-year US,ZNM3,619999,2013-02-19,PROVIDER_CONDITION_AVAILABLE,-11.25,130.15625,118.90625,DEV_RECON_LOCAL_BACK_ADJUSTED_DATED_CONTRACT_CHAIN,2013-02-19T00:00:00Z,130.34375,130.515625,130.140625,4443.0,119.09375,119.265625,118.890625,4443.0
SOURCE_NATIVE_FUTURES,ZN,bond,APPENDIX_C_172_004,10-year US,ZNM3,619999,2013-02-19,PROVIDER_CONDITION_AVAILABLE,-11.25,130.15625,118.90625,DEV_RECON_LOCAL_BACK_ADJUSTED_DATED_CONTRACT_CHAIN,2013-02-19T00:00:00Z,130.34375,130.515625,130.140625,4443.0,119.09375,119.265625,118.890625,4443.0
SOURCE_NATIVE_FUTURES,ZN,bond,APPENDIX_C_172_004,10-year US,ZNM3,619999,2013-02-20,PROVIDER_CONDITION_AVAILABLE,-11.25,130.359375,119.109375,DEV_RECON_LOCAL_BACK_ADJUSTED_DATED_CONTRACT_CHAIN,2013-02-20T00:00:00Z,130.1875,130.40625,130.0,9916.0,118.9375,119.15625,118.75,9916.0
SOURCE_NATIVE_FUTURES,ZN,bond,APPENDIX_C_172_004,10-year US,ZNM3,619999,2013-02-20,PROVIDER_CONDITION_AVAILABLE,-11.25,130.359375,119.109375,DEV_RECON_LOCAL_BACK_ADJUSTED_DATED_CONTRACT_CHAIN,2013-02-20T00:00:00Z,130.1875,130.40625,130.0,9916.0,118.9375,119.15625,118.75,9916.0
SOURCE_NATIVE_FUTURES,ZN,bond,APPENDIX_C_172_004,10-year US,ZNM3,619999,2013-02-21,PROVIDER_CONDITION_AVAILABLE,-11.25,130.59375,119.34375,DEV_RECON_LOCAL_BACK_ADJUSTED_DATED_CONTRACT_CHAIN,2013-02-21T00:00:00Z,130.359375,130.828125,130.296875,21863.0,119.109375,119.578125,119.046875,21863.0
SOURCE_NATIVE_FUTURES,ZN,bond,APPENDIX_C_172_004,10-year US,ZNM3,619999,2013-02-21,PROVIDER_CONDITION_AVAILABLE,-11.25,130.59375,119.34375,DEV_RECON_LOCAL_BACK_ADJUSTED_DATED_CONTRACT_CHAIN,2013-02-21T00:00:00Z,130.359375,130.828125,130.296875,21863.0,119.109375,119.578125,119.046875,21863.0
SOURCE_NATIVE_FUTURES,ZN,bond,APPENDIX_C_172_004,10-year US,ZNM3,619999,2013-02-22,PROVIDER_CONDITION_AVAILABLE,-11.25,130.78125,119.53125,DEV_RECON_LOCAL_BACK_ADJUSTED_DATED_CONTRACT_CHAIN,2013-02-22T00:00:00Z,130.609375,130.8125,130.4375,40123.0,119.359375,119.5625,119.1875,40123.0
SOURCE_NATIVE_FUTURES,ZN,bond,APPENDIX_C_172_004,10-year US,ZNM3,619999,2013-02-22,PROVIDER_CONDITION_AVAILABLE,-11.25,130.78125,119.53125,DEV_RECON_LOCAL_BACK_ADJUSTED_DATED_CONTRACT_CHAIN,2013-02-22T00:00:00Z,130.609375,130.8125,130.4375,40123.0,119.359375,119.5625,119.1875,40123.0
SOURCE_NATIVE_FUTURES,ZN,bond,APPENDIX_C_172_004,10-year US,ZNM3,619999,2013-02-24,PROVIDER_CONDITION_AVAILABLE,-11.25,130.65625,119.40625,DEV_RECON_LOCAL_BACK_ADJUSTED_DATED_CONTRACT_CHAIN,2013-02-24T00:00:00Z,130.71875,130.71875,130.609375,1052.0,119.46875,119.46875,119.359375,1052.0
SOURCE_NATIVE_FUTURES,ZN,bond,APPENDIX_C_172_004,10-year US,ZNM3,619999,2013-02-24,PROVIDER_CONDITION_AVAILABLE,-11.25,130.65625,119.40625,DEV_RECON_LOCAL_BACK_ADJUSTED_DATED_CONTRACT_CHAIN,2013-02-24T00:00:00Z,130.71875,130.71875,130.609375,1052.0,119.46875,119.46875,119.359375,1052.0
SOURCE_NATIVE_FUTURES,ZN,bond,APPENDIX_C_172_004,10-year US,ZNM3,619999,2013-02-25,PROVIDER_CONDITION_AVAILABLE,-11.25,131.46875,120.21875,DEV_RECON_LOCAL_BACK_ADJUSTED_DATED_CONTRACT_CHAIN,2013-02-25T00:00:00Z,130.65625,131.609375,130.484375,148510.0,119.40625,120.359375,119.234375,148510.0
SOURCE_NATIVE_FUTURES,ZN,bond,APPENDIX_C_172_004,10-year US,ZNM3,619999,2013-02-25,PROVIDER_CONDITION_AVAILABLE,-11.25,131.46875,120.21875,DEV_RECON_LOCAL_BACK_ADJUSTED_DATED_CONTRACT_CHAIN,2013-02-25T00:00:00Z,130.65625,131.609375,130.484375,148510.0,119.40625,120.359375,119.234375,148510.0
SOURCE_NATIVE_FUTURES,ZN,bond,APPENDIX_C_172_004,10-year US,ZNM3,619999,2013-02-26,PROVIDER_CONDITION_AVAILABLE,-11.25,131.484375,120.234375,DEV_RECON_LOCAL_BACK_ADJUSTED_DATED_CONTRACT_CHAIN,2013-02-26T00:00:00Z,131.46875,131.8125,131.34375,307628.0,120.21875,120.5625,120.09375,307628.0
SOURCE_NATIVE_FUTURES,ZN,bond,APPENDIX_C_172_004,10-year US,ZNM3,619999,2013-02-26,PROVIDER_CONDITION_AVAILABLE,-11.25,131.484375,120.234375,DEV_RECON_LOCAL_BACK_ADJUSTED_DATED_CONTRACT_CHAIN,2013-02-26T00:00:00Z,131.46875,131.8125,131.34375,307628.0,120.21875,120.5625,120.09375,307628.0
SOURCE_NATIVE_FUTURES,ZN,bond,APPENDIX_C_172_004,10-year US,ZNM3,619999,2013-02-27,PROVIDER_CONDITION_AVAILABLE,-11.25,131.46875,120.21875,DEV_RECON_LOCAL_BACK_ADJUSTED_DATED_CONTRACT_CHAIN,2013-02-27T00:00:00Z,131.484375,131.84375,131.375,575610.0,120.234375,120.59375,120.125,575610.0
SOURCE_NATIVE_FUTURES,ZN,bond,APPENDIX_C_172_004,10-year US,ZNM3,619999,2013-02-27,PROVIDER_CONDITION_AVAILABLE,-11.25,131.46875,120.21875,DEV_RECON_LOCAL_BACK_ADJUSTED_DATED_CONTRACT_CHAIN,2013-02-27T00:00:00Z,131.484375,131.84375,131.375,575610.0,120.234375,120.59375,120.125,575610.0
SOURCE_NATIVE_FUTURES,ZN,bond,APPENDIX_C_172_004,10-year US,ZNM3,619999,2013-02-28,PROVIDER_CONDITION_AVAILABLE,-11.25,131.671875,120.421875,DEV_RECON_LOCAL_BACK_ADJUSTED_DATED_CONTRACT_CHAIN,2013-02-28T00:00:00Z,131.453125,131.71875,131.421875,1021832.0,120.203125,120.46875,120.171875,1021832.0
SOURCE_NATIVE_FUTURES,ZN,bond,APPENDIX_C_172_004,10-year US,ZNM3,619999,2013-02-28,PROVIDER_CONDITION_AVAILABLE,-11.25,131.671875,120.421875,DEV_RECON_LOCAL_BACK_ADJUSTED_DATED_CONTRACT_CHAIN,2013-02-28T00:00:00Z,131.453125,131.71875,131.421875,1021832.0,120.203125,120.46875,120.171875,1021832.0
SOURCE_NATIVE_FUTURES,ZN,bond,APPENDIX_C_172_004,10-year US,ZNM3,619999,2013-03-01,PROVIDER_CONDITION_AVAILABLE,-11.25,131.859375,120.609375,DEV_RECON_LOCAL_BACK_ADJUSTED_DATED_CONTRACT_CHAIN,2013-03-01T00:00:00Z,131.671875,131.90625,131.5625,1065791.0,120.421875,120.65625,120.3125,1065791.0
SOURCE_NATIVE_FUTURES,ZN,bond,APPENDIX_C_172_004,10-year US,ZNM3,619999,2013-03-01,PROVIDER_CONDITION_AVAILABLE,-11.25,131.859375,120.609375,DEV_RECON_LOCAL_BACK_ADJUSTED_DATED_CONTRACT_CHAIN,2013-03-01T00:00:00Z,131.671875,131.90625,131.5625,1065791.0,120.421875,120.65625,120.3125,1065791.0
SOURCE_NATIVE_FUTURES,ZN,bond,APPENDIX_C_172_004,10-year US,ZNM3,619999,2013-03-03,PROVIDER_CONDITION_AVAILABLE,-11.25,131.859375,120.609375,DEV_RECON_LOCAL_BACK_ADJUSTED_DATED_CONTRACT_CHAIN,2013-03-03T00:00:00Z,131.875,131.890625,131.8125,3401.0,120.625,120.640625,120.5625,3401.0
SOURCE_NATIVE_FUTURES,ZN,bond,APPENDIX_C_172_004,10-year US,ZNM3,619999,2013-03-03,PROVIDER_CONDITION_AVAILABLE,-11.25,131.859375,120.609375,DEV_RECON_LOCAL_BACK_ADJUSTED_DATED_CONTRACT_CHAIN,2013-03-03T00:00:00Z,131.875,131.890625,131.8125,3401.0,120.625,120.640625,120.5625,3401.0
SOURCE_NATIVE_FUTURES,ZN,bond,APPENDIX_C_172_004,10-year US,ZNM3,619999,2013-03-04,PROVIDER_CONDITION_AVAILABLE,-11.25,131.671875,120.421875,DEV_RECON_LOCAL_BACK_ADJUSTED_DATED_CONTRACT_CHAIN,2013-03-04T00:00:00Z,131.859375,132.015625,131.609375,714540.0,120.609375,120.765625,120.359375,714540.0
SOURCE_NATIVE_FUTURES,ZN,bond,APPENDIX_C_172_004,10-year US,ZNM3,619999,2013-03-04,PROVIDER_CONDITION_AVAILABLE,-11.25,131.671875,120.421875,DEV_RECON_LOCAL_BACK_ADJUSTED_DATED_CONTRACT_CHAIN,2013-03-04T00:00:00Z,131.859375,132.015625,131.609375,714540.0,120.609375,120.765625,120.359375,714540.0
SOURCE_NATIVE_FUTURES,ZN,bond,APPENDIX_C_172_004,10-year US,ZNM3,619999,2013-03-05,PROVIDER_CONDITION_AVAILABLE,-11.25,131.5,120.25,DEV_RECON_LOCAL_BACK_ADJUSTED_DATED_CONTRACT_CHAIN,2013-03-05T00:00:00Z,131.671875,131.71875,131.375,876602.0,120.421875,120.46875,120.125,876602.0
SOURCE_NATIVE_FUTURES,ZN,bond,APPENDIX_C_172_004,10-year US,ZNM3,619999,2013-03-05,PROVIDER_CONDITION_AVAILABLE,-11.25,131.5,120.25,DEV_RECON_LOCAL_BACK_ADJUSTED_DATED_CONTRACT_CHAIN,2013-03-05T00:00:00Z,131.671875,131.71875,131.375,876602.0,120.421875,120.46875,120.125,876602.0
SOURCE_NATIVE_FUTURES,ZN,bond,APPENDIX_C_172_004,10-year US,ZNM3,619999,2013-03-06,PROVIDER_CONDITION_AVAILABLE,-11.25,131.234375,119.984375,DEV_RECON_LOCAL_BACK_ADJUSTED_DATED_CONTRACT_CHAIN,2013-03-06T00:00:00Z,131.515625,131.53125,131.125,976539.0,120.265625,120.28125,119.875,976539.0
SOURCE_NATIVE_FUTURES,ZN,bond,APPENDIX_C_172_004,10-year US,ZNM3,619999,2013-03-06,PROVIDER_CONDITION_AVAILABLE,-11.25,131.234375,119.984375,DEV_RECON_LOCAL_BACK_ADJUSTED_DATED_CONTRACT_CHAIN,2013-03-06T00:00:00Z,131.515625,131.53125,131.125,976539.0,120.265625,120.28125,119.875,976539.0
SOURCE_NATIVE_FUTURES,ZN,bond,APPENDIX_C_172_004,10-year US,ZNM3,619999,2013-03-07,PROVIDER_CONDITION_AVAILABLE,-11.25,130.671875,119.421875,DEV_RECON_LOCAL_BACK_ADJUSTED_DATED_CONTRACT_CHAIN,2013-03-07T00:00:00Z,131.234375,131.328125,130.65625,1285124.0,119.984375,120.078125,119.40625,1285124.0
SOURCE_NATIVE_FUTURES,ZN,bond,APPENDIX_C_172_004,10-year US,ZNM3,619999,2013-03-07,PROVIDER_CONDITION_AVAILABLE,-11.25,130.671875,119.421875,DEV_RECON_LOCAL_BACK_ADJUSTED_DATED_CONTRACT_CHAIN,2013-03-07T00:00:00Z,131.234375,131.328125,130.65625,1285124.0,119.984375,120.078125,119.40625,1285124.0
SOURCE_NATIVE_FUTURES,ZN,bond,APPENDIX_C_172_004,10-year US,ZNM3,619999,2013-03-08,PROVIDER_CONDITION_AVAILABLE,-11.25,130.3125,119.0625,DEV_RECON_LOCAL_BACK_ADJUSTED_DATED_CONTRACT_CHAIN,2013-03-08T00:00:00Z,130.6875,130.734375,130.0,1825917.0,119.4375,119.484375,118.75,1825917.0
SOURCE_NATIVE_FUTURES,ZN,bond,APPENDIX_C_172_004,10-year US,ZNM3,619999,2013-03-08,PROVIDER_CONDITION_AVAILABLE,-11.25,130.3125,119.0625,DEV_RECON_LOCAL_BACK_ADJUSTED_DATED_CONTRACT_CHAIN,2013-03-08T00:00:00Z,130.6875,130.734375,130.0,1825917.0,119.4375,119.484375,118.75,1825917.0
SOURCE_NATIVE_FUTURES,ZN,bond,APPENDIX_C_172_004,10-year US,ZNM3,619999,2013-03-10,PROVIDER_CONDITION_AVAILABLE,-11.25,130.265625,119.015625,DEV_RECON_LOCAL_BACK_ADJUSTED_DATED_CONTRACT_CHAIN,2013-03-10T00:00:00Z,130.328125,130.34375,130.234375,11232.0,119.078125,119.09375,118.984375,11232.0
SOURCE_NATIVE_FUTURES,ZN,bond,APPENDIX_C_172_004,10-year US,ZNM3,619999,2013-03-10,PROVIDER_CONDITION_AVAILABLE,-11.25,130.265625,119.015625,DEV_RECON_LOCAL_BACK_ADJUSTED_DATED_CONTRACT_CHAIN,2013-03-10T00:00:00Z,130.328125,130.34375,130.234375,11232.0,119.078125,119.09375,118.984375,11232.0
SOURCE_NATIVE_FUTURES,ZN,bond,APPENDIX_C_172_004,10-year US,ZNM3,619999,2013-03-11,PROVIDER_CONDITION_AVAILABLE,-11.25,130.140625,118.890625,DEV_RECON_LOCAL_BACK_ADJUSTED_DATED_CONTRACT_CHAIN,2013-03-11T00:00:00Z,130.28125,130.390625,130.046875,685252.0,119.03125,119.140625,118.796875,685252.0
SOURCE_NATIVE_FUTURES,ZN,bond,APPENDIX_C_172_004,10-year US,ZNM3,619999,2013-03-11,PROVIDER_CONDITION_AVAILABLE,-11.25,130.140625,118.890625,DEV_RECON_LOCAL_BACK_ADJUSTED_DATED_CONTRACT_CHAIN,2013-03-11T00:00:00Z,130.28125,130.390625,130.046875,685252.0,119.03125,119.140625,118.796875,685252.0
SOURCE_NATIVE_FUTURES,ZN,bond,APPENDIX_C_172_004,10-year US,ZNM3,619999,2013-03-12,PROVIDER_CONDITION_AVAILABLE,-11.25,130.484375,119.234375,DEV_RECON_LOCAL_BACK_ADJUSTED_DATED_CONTRACT_CHAIN,2013-03-12T00:00:00Z,130.125,130.578125,130.109375,883837.0,118.875,119.328125,118.859375,883837.0
SOURCE_NATIVE_FUTURES,ZN,bond,APPENDIX_C_172_004,10-year US,ZNM3,619999,2013-03-12,PROVIDER_CONDITION_AVAILABLE,-11.25,130.484375,119.234375,DEV_RECON_LOCAL_BACK_ADJUSTED_DATED_CONTRACT_CHAIN,2013-03-12T00:00:00Z,130.125,130.578125,130.109375,883837.0,118.875,119.328125,118.859375,883837.0
SOURCE_NATIVE_FUTURES,ZN,bond,APPENDIX_C_172_004,10-year US,ZNM3,619999,2013-03-13,PROVIDER_CONDITION_AVAILABLE,-11.25,130.4375,119.1875,DEV_RECON_LOCAL_BACK_ADJUSTED_DATED_CONTRACT_CHAIN,2013-03-13T00:00:00Z,130.484375,130.65625,130.234375,1181855.0,119.234375,119.40625,118.984375,1181855.0
SOURCE_NATIVE_FUTURES,ZN,bond,APPENDIX_C_172_004,10-year US,ZNM3,619999,2013-03-13,PROVIDER_CONDITION_AVAILABLE,-11.25,130.4375,119.1875,DEV_RECON_LOCAL_BACK_ADJUSTED_DATED_CONTRACT_CHAIN,2013-03-13T00:00:00Z,130.484375,130.65625,130.234375,1181855.0,119.234375,119.40625,118.984375,1181855.0
SOURCE_NATIVE_FUTURES,ZN,bond,APPENDIX_C_172_004,10-year US,ZNM3,619999,2013-03-14,PROVIDER_CONDITION_AVAILABLE,-11.25,130.5,119.25,DEV_RECON_LOCAL_BACK_ADJUSTED_DATED_CONTRACT_CHAIN,2013-03-14T00:00:00Z,130.4375,130.578125,130.109375,1221786.0,119.1875,119.328125,118.859375,1221786.0
SOURCE_NATIVE_FUTURES,ZN,bond,APPENDIX_C_172_004,10-year US,ZNM3,619999,2013-03-14,PROVIDER_CONDITION_AVAILABLE,-11.25,130.5,119.25,DEV_RECON_LOCAL_BACK_ADJUSTED_DATED_CONTRACT_CHAIN,2013-03-14T00:00:00Z,130.4375,130.578125,130.109375,1221786.0,119.1875,119.328125,118.859375,1221786.0
SOURCE_NATIVE_FUTURES,ZN,bond,APPENDIX_C_172_004,10-year US,ZNM3,619999,2013-03-15,PROVIDER_CONDITION_AVAILABLE,-11.25,130.921875,119.671875,DEV_RECON_LOCAL_BACK_ADJUSTED_DATED_CONTRACT_CHAIN,2013-03-15T00:00:00Z,130.5,130.96875,130.390625,1191539.0,119.25,119.71875,119.140625,1191539.0
SOURCE_NATIVE_FUTURES,ZN,bond,APPENDIX_C_172_004,10-year US,ZNM3,619999,2013-03-15,PROVIDER_CONDITION_AVAILABLE,-11.25,130.921875,119.671875,DEV_RECON_LOCAL_BACK_ADJUSTED_DATED_CONTRACT_CHAIN,2013-03-15T00:00:00Z,130.5,130.96875,130.390625,1191539.0,119.25,119.71875,119.140625,1191539.0
SOURCE_NATIVE_FUTURES,ZN,bond,APPENDIX_C_172_004,10-year US,ZNM3,619999,2013-03-17,PROVIDER_CONDITION_AVAILABLE,-11.25,131.578125,120.328125,DEV_RECON_LOCAL_BACK_ADJUSTED_DATED_CONTRACT_CHAIN,2013-03-17T00:00:00Z,131.265625,131.640625,131.25,91915.0,120.015625,120.390625,120.0,91915.0
SOURCE_NATIVE_FUTURES,ZN,bond,APPENDIX_C_172_004,10-year US,ZNM3,619999,2013-03-17,PROVIDER_CONDITION_AVAILABLE,-11.25,131.578125,120.328125,DEV_RECON_LOCAL_BACK_ADJUSTED_DATED_CONTRACT_CHAIN,2013-03-17T00:00:00Z,131.265625,131.640625,131.25,91915.0,120.015625,120.390625,120.0,91915.0
SOURCE_NATIVE_FUTURES,ZN,bond,APPENDIX_C_172_004,10-year US,ZNM3,619999,2013-03-18,PROVIDER_CONDITION_AVAILABLE,-11.25,131.25,120.0,DEV_RECON_LOCAL_BACK_ADJUSTED_DATED_CONTRACT_CHAIN,2013-03-18T00:00:00Z,131.5625,131.671875,131.109375,1212864.0,120.3125,120.421875,119.859375,1212864.0
SOURCE_NATIVE_FUTURES,ZN,bond,APPENDIX_C_172_004,10-year US,ZNM3,619999,2013-03-18,PROVIDER_CONDITION_AVAILABLE,-11.25,131.25,120.0,DEV_RECON_LOCAL_BACK_ADJUSTED_DATED_CONTRACT_CHAIN,2013-03-18T00:00:00Z,131.5625,131.671875,131.109375,1212864.0,120.3125,120.421875,119.859375,1212864.0
SOURCE_NATIVE_FUTURES,ZN,bond,APPENDIX_C_172_004,10-year US,ZNM3,619999,2013-03-19,PROVIDER_CONDITION_AVAILABLE,-11.25,131.65625,120.40625,DEV_RECON_LOCAL_BACK_ADJUSTED_DATED_CONTRACT_CHAIN,2013-03-19T00:00:00Z,131.25,131.734375,131.078125,1530966.0,120.0,120.484375,119.828125,1530966.0
SOURCE_NATIVE_FUTURES,ZN,bond,APPENDIX_C_172_004,10-year US,ZNM3,619999,2013-03-19,PROVIDER_CONDITION_AVAILABLE,-11.25,131.65625,120.40625,DEV_RECON_LOCAL_BACK_ADJUSTED_DATED_CONTRACT_CHAIN,2013-03-19T00:00:00Z,131.25,131.734375,131.078125,1530966.0,120.0,120.484375,119.828125,1530966.0
SOURCE_NATIVE_FUTURES,ZN,bond,APPENDIX_C_172_004,10-year US,ZNM3,619999,2013-03-20,PROVIDER_CONDITION_AVAILABLE,-11.25,131.25,120.0,DEV_RECON_LOCAL_BACK_ADJUSTED_DATED_CONTRACT_CHAIN,2013-03-20T00:00:00Z,131.65625,131.75,131.1875,1034011.0,120.40625,120.5,119.9375,1034011.0
SOURCE_NATIVE_FUTURES,ZN,bond,APPENDIX_C_172_004,10-year US,ZNM3,619999,2013-03-20,PROVIDER_CONDITION_AVAILABLE,-11.25,131.25,120.0,DEV_RECON_LOCAL_BACK_ADJUSTED_DATED_CONTRACT_CHAIN,2013-03-20T00:00:00Z,131.65625,131.75,131.1875,1034011.0,120.40625,120.5,119.9375,1034011.0
SOURCE_NATIVE_FUTURES,ZN,bond,APPENDIX_C_172_004,10-year US,ZNM3,619999,2013-03-21,PROVIDER_CONDITION_AVAILABLE,-11.25,131.546875,120.296875,DEV_RECON_LOCAL_BACK_ADJUSTED_DATED_CONTRACT_CHAIN,2013-03-21T00:00:00Z,131.234375,131.59375,131.15625,1060872.0,119.984375,120.34375,119.90625,1060872.0
SOURCE_NATIVE_FUTURES,ZN,bond,APPENDIX_C_172_004,10-year US,ZNM3,619999,2013-03-21,PROVIDER_CONDITION_AVAILABLE,-11.25,131.546875,120.296875,DEV_RECON_LOCAL_BACK_ADJUSTED_DATED_CONTRACT_CHAIN,2013-03-21T00:00:00Z,131.234375,131.59375,131.15625,1060872.0,119.984375,120.34375,119.90625,1060872.0
SOURCE_NATIVE_FUTURES,ZN,bond,APPENDIX_C_172_004,10-year US,ZNM3,619999,2013-03-22,PROVIDER_CONDITION_AVAILABLE,-11.25,131.46875,120.21875,DEV_RECON_LOCAL_BACK_ADJUSTED_DATED_CONTRACT_CHAIN,2013-03-22T00:00:00Z,131.546875,131.671875,131.265625,968659.0,120.296875,120.421875,120.015625,968659.0
SOURCE_NATIVE_FUTURES,ZN,bond,APPENDIX_C_172_004,10-year US,ZNM3,619999,2013-03-22,PROVIDER_CONDITION_AVAILABLE,-11.25,131.46875,120.21875,DEV_RECON_LOCAL_BACK_ADJUSTED_DATED_CONTRACT_CHAIN,2013-03-22T00:00:00Z,131.546875,131.671875,131.265625,968659.0,120.296875,120.421875,120.015625,968659.0
SOURCE_NATIVE_FUTURES,ZN,bond,APPENDIX_C_172_004,10-year US,ZNM3,619999,2013-03-24,PROVIDER_CONDITION_AVAILABLE,-11.25,131.28125,120.03125,DEV_RECON_LOCAL_BACK_ADJUSTED_DATED_CONTRACT_CHAIN,2013-03-24T00:00:00Z,131.453125,131.5,131.25,35007.0,120.203125,120.25,120.0,35007.0
SOURCE_NATIVE_FUTURES,ZN,bond,APPENDIX_C_172_004,10-year US,ZNM3,619999,2013-03-24,PROVIDER_CONDITION_AVAILABLE,-11.25,131.28125,120.03125,DEV_RECON_LOCAL_BACK_ADJUSTED_DATED_CONTRACT_CHAIN,2013-03-24T00:00:00Z,131.453125,131.5,131.25,35007.0,120.203125,120.25,120.0,35007.0
SOURCE_NATIVE_FUTURES,ZN,bond,APPENDIX_C_172_004,10-year US,ZNM3,619999,2013-03-25,PROVIDER_CONDITION_AVAILABLE,-11.25,131.546875,120.296875,DEV_RECON_LOCAL_BACK_ADJUSTED_DATED_CONTRACT_CHAIN,2013-03-25T00:00:00Z,131.28125,131.75,131.09375,1291417.0,120.03125,120.5,119.84375,1291417.0
SOURCE_NATIVE_FUTURES,ZN,bond,APPENDIX_C_172_004,10-year US,ZNM3,619999,2013-03-25,PROVIDER_CONDITION_AVAILABLE,-11.25,131.546875,120.296875,DEV_RECON_LOCAL_BACK_ADJUSTED_DATED_CONTRACT_CHAIN,2013-03-25T00:00:00Z,131.28125,131.75,131.09375,1291417.0,120.03125,120.5,119.84375,1291417.0
SOURCE_NATIVE_FUTURES,ZN,bond,APPENDIX_C_172_004,10-year US,ZNM3,619999,2013-03-26,PROVIDER_CONDITION_AVAILABLE,-11.25,131.625,120.375,DEV_RECON_LOCAL_BACK_ADJUSTED_DATED_CONTRACT_CHAIN,2013-03-26T00:00:00Z,131.5625,131.734375,131.3125,1081482.0,120.3125,120.484375,120.0625,1081482.0
SOURCE_NATIVE_FUTURES,ZN,bond,APPENDIX_C_172_004,10-year US,ZNM3,619999,2013-03-26,PROVIDER_CONDITION_AVAILABLE,-11.25,131.625,120.375,DEV_RECON_LOCAL_BACK_ADJUSTED_DATED_CONTRACT_CHAIN,2013-03-26T00:00:00Z,131.5625,131.734375,131.3125,1081482.0,120.3125,120.484375,120.0625,1081482.0
SOURCE_NATIVE_FUTURES,ZN,bond,APPENDIX_C_172_004,10-year US,ZNM3,619999,2013-03-27,PROVIDER_CONDITION_AVAILABLE,-11.25,132.171875,120.921875,DEV_RECON_LOCAL_BACK_ADJUSTED_DATED_CONTRACT_CHAIN,2013-03-27T00:00:00Z,131.625,132.3125,131.59375,1306003.0,120.375,121.0625,120.34375,1306003.0
SOURCE_NATIVE_FUTURES,ZN,bond,APPENDIX_C_172_004,10-year US,ZNM3,619999,2013-03-27,PROVIDER_CONDITION_AVAILABLE,-11.25,132.171875,120.921875,DEV_RECON_LOCAL_BACK_ADJUSTED_DATED_CONTRACT_CHAIN,2013-03-27T00:00:00Z,131.625,132.3125,131.59375,1306003.0,120.375,121.0625,120.34375,1306003.0
SOURCE_NATIVE_FUTURES,ZN,bond,APPENDIX_C_172_004,10-year US,ZNM3,619999,2013-03-28,PROVIDER_CONDITION_AVAILABLE,-11.25,131.9375,120.6875,DEV_RECON_LOCAL_BACK_ADJUSTED_DATED_CONTRACT_CHAIN,2013-03-28T00:00:00Z,132.171875,132.34375,131.890625,1070869.0,120.921875,121.09375,120.640625,1070869.0
SOURCE_NATIVE_FUTURES,ZN,bond,APPENDIX_C_172_004,10-year US,ZNM3,619999,2013-03-28,PROVIDER_CONDITION_AVAILABLE,-11.25,131.9375,120.6875,DEV_RECON_LOCAL_BACK_ADJUSTED_DATED_CONTRACT_CHAIN,2013-03-28T00:00:00Z,132.171875,132.34375,131.890625,1070869.0,120.921875,121.09375,120.640625,1070869.0
SOURCE_NATIVE_FUTURES,ZN,bond,APPENDIX_C_172_004,10-year US,ZNM3,619999,2013-03-31,PROVIDER_CONDITION_AVAILABLE,-11.25,131.859375,120.609375,DEV_RECON_LOCAL_BACK_ADJUSTED_DATED_CONTRACT_CHAIN,2013-03-31T00:00:00Z,131.734375,131.875,131.734375,13334.0,120.484375,120.625,120.484375,13334.0
SOURCE_NATIVE_FUTURES,ZN,bond,APPENDIX_C_172_004,10-year US,ZNM3,619999,2013-03-31,PROVIDER_CONDITION_AVAILABLE,-11.25,131.859375,120.609375,DEV_RECON_LOCAL_BACK_ADJUSTED_DATED_CONTRACT_CHAIN,2013-03-31T00:00:00Z,131.734375,131.875,131.734375,13334.0,120.484375,120.625,120.484375,13334.0
SOURCE_NATIVE_FUTURES,ZN,bond,APPENDIX_C_172_004,10-year US,ZNM3,619999,2013-04-01,PROVIDER_CONDITION_AVAILABLE,-11.25,132.140625,120.890625,DEV_RECON_LOCAL_BACK_ADJUSTED_DATED_CONTRACT_CHAIN,2013-04-01T00:00:00Z,131.859375,132.25,131.765625,476275.0,120.609375,121.0,120.515625,476275.0
SOURCE_NATIVE_FUTURES,ZN,bond,APPENDIX_C_172_004,10-year US,ZNM3,619999,2013-04-01,PROVIDER_CONDITION_AVAILABLE,-11.25,132.140625,120.890625,DEV_RECON_LOCAL_BACK_ADJUSTED_DATED_CONTRACT_CHAIN,2013-04-01T00:00:00Z,131.859375,132.25,131.765625,476275.0,120.609375,121.0,120.515625,476275.0
SOURCE_NATIVE_FUTURES,ZN,bond,APPENDIX_C_172_004,10-year US,ZNM3,619999,2013-04-02,PROVIDER_CONDITION_AVAILABLE,-11.25,131.984375,120.734375,DEV_RECON_LOCAL_BACK_ADJUSTED_DATED_CONTRACT_CHAIN,2013-04-02T00:00:00Z,132.140625,132.25,131.90625,831487.0,120.890625,121.0,120.65625,831487.0
SOURCE_NATIVE_FUTURES,ZN,bond,APPENDIX_C_172_004,10-year US,ZNM3,619999,2013-04-02,PROVIDER_CONDITION_AVAILABLE,-11.25,131.984375,120.734375,DEV_RECON_LOCAL_BACK_ADJUSTED_DATED_CONTRACT_CHAIN,2013-04-02T00:00:00Z,132.140625,132.25,131.90625,831487.0,120.890625,121.0,120.65625,831487.0
SOURCE_NATIVE_FUTURES,ZN,bond,APPENDIX_C_172_004,10-year US,ZNM3,619999,2013-04-03,PROVIDER_CONDITION_AVAILABLE,-11.25,132.484375,121.234375,DEV_RECON_LOCAL_BACK_ADJUSTED_DATED_CONTRACT_CHAIN,2013-04-03T00:00:00Z,131.984375,132.53125,131.828125,1280949.0,120.734375,121.28125,120.578125,1280949.0
SOURCE_NATIVE_FUTURES,ZN,bond,APPENDIX_C_172_004,10-year US,ZNM3,619999,2013-04-03,PROVIDER_CONDITION_AVAILABLE,-11.25,132.484375,121.234375,DEV_RECON_LOCAL_BACK_ADJUSTED_DATED_CONTRACT_CHAIN,2013-04-03T00:00:00Z,131.984375,132.53125,131.828125,1280949.0,120.734375,121.28125,120.578125,1280949.0
SOURCE_NATIVE_FUTURES,ZN,bond,APPENDIX_C_172_004,10-year US,ZNM3,619999,2013-04-04,PROVIDER_CONDITION_AVAILABLE,-11.25,132.75,121.5,DEV_RECON_LOCAL_BACK_ADJUSTED_DATED_CONTRACT_CHAIN,2013-04-04T00:00:00Z,132.484375,132.875,132.328125,1554060.0,121.234375,121.625,121.078125,1554060.0
SOURCE_NATIVE_FUTURES,ZN,bond,APPENDIX_C_172_004,10-year US,ZNM3,619999,2013-04-04,PROVIDER_CONDITION_AVAILABLE,-11.25,132.75,121.5,DEV_RECON_LOCAL_BACK_ADJUSTED_DATED_CONTRACT_CHAIN,2013-04-04T00:00:00Z,132.484375,132.875,132.328125,1554060.0,121.234375,121.625,121.078125,1554060.0
SOURCE_NATIVE_FUTURES,ZN,bond,APPENDIX_C_172_004,10-year US,ZNM3,619999,2013-04-05,PROVIDER_CONDITION_AVAILABLE,-11.25,133.015625,121.765625,DEV_RECON_LOCAL_BACK_ADJUSTED_DATED_CONTRACT_CHAIN,2013-04-05T00:00:00Z,132.75,133.359375,132.640625,1490607.0,121.5,122.109375,121.390625,1490607.0
SOURCE_NATIVE_FUTURES,ZN,bond,APPENDIX_C_172_004,10-year US,ZNM3,619999,2013-04-05,PROVIDER_CONDITION_AVAILABLE,-11.25,133.015625,121.765625,DEV_RECON_LOCAL_BACK_ADJUSTED_DATED_CONTRACT_CHAIN,2013-04-05T00:00:00Z,132.75,133.359375,132.640625,1490607.0,121.5,122.109375,121.390625,1490607.0
SOURCE_NATIVE_FUTURES,ZN,bond,APPENDIX_C_172_004,10-year US,ZNM3,619999,2013-04-07,PROVIDER_CONDITION_AVAILABLE,-11.25,133.140625,121.890625,DEV_RECON_LOCAL_BACK_ADJUSTED_DATED_CONTRACT_CHAIN,2013-04-07T00:00:00Z,133.0625,133.171875,133.03125,16616.0,121.8125,121.921875,121.78125,16616.0
SOURCE_NATIVE_FUTURES,ZN,bond,APPENDIX_C_172_004,10-year US,ZNM3,619999,2013-04-07,PROVIDER_CONDITION_AVAILABLE,-11.25,133.140625,121.890625,DEV_RECON_LOCAL_BACK_ADJUSTED_DATED_CONTRACT_CHAIN,2013-04-07T00:00:00Z,133.0625,133.171875,133.03125,16616.0,121.8125,121.921875,121.78125,16616.0
SOURCE_NATIVE_FUTURES,ZN,bond,APPENDIX_C_172_004,10-year US,ZNM3,619999,2013-04-08,PROVIDER_CONDITION_AVAILABLE,-11.25,132.828125,121.578125,DEV_RECON_LOCAL_BACK_ADJUSTED_DATED_CONTRACT_CHAIN,2013-04-08T00:00:00Z,133.140625,133.15625,132.734375,960340.0,121.890625,121.90625,121.484375,960340.0
SOURCE_NATIVE_FUTURES,ZN,bond,APPENDIX_C_172_004,10-year US,ZNM3,619999,2013-04-08,PROVIDER_CONDITION_AVAILABLE,-11.25,132.828125,121.578125,DEV_RECON_LOCAL_BACK_ADJUSTED_DATED_CONTRACT_CHAIN,2013-04-08T00:00:00Z,133.140625,133.15625,132.734375,960340.0,121.890625,121.90625,121.484375,960340.0
SOURCE_NATIVE_FUTURES,ZN,bond,APPENDIX_C_172_004,10-year US,ZNM3,619999,2013-04-09,PROVIDER_CONDITION_AVAILABLE,-11.25,132.8125,121.5625,DEV_RECON_LOCAL_BACK_ADJUSTED_DATED_CONTRACT_CHAIN,2013-04-09T00:00:00Z,132.8125,133.015625,132.671875,969190.0,121.5625,121.765625,121.421875,969190.0
SOURCE_NATIVE_FUTURES,ZN,bond,APPENDIX_C_172_004,10-year US,ZNM3,619999,2013-04-09,PROVIDER_CONDITION_AVAILABLE,-11.25,132.8125,121.5625,DEV_RECON_LOCAL_BACK_ADJUSTED_DATED_CONTRACT_CHAIN,2013-04-09T00:00:00Z,132.8125,133.015625,132.671875,969190.0,121.5625,121.765625,121.421875,969190.0
SOURCE_NATIVE_FUTURES,ZN,bond,APPENDIX_C_172_004,10-year US,ZNM3,619999,2013-04-10,PROVIDER_CONDITION_AVAILABLE,-11.25,132.390625,121.140625,DEV_RECON_LOCAL_BACK_ADJUSTED_DATED_CONTRACT_CHAIN,2013-04-10T00:00:00Z,132.796875,132.859375,132.34375,1243849.0,121.546875,121.609375,121.09375,1243849.0
SOURCE_NATIVE_FUTURES,ZN,bond,APPENDIX_C_172_004,10-year US,ZNM3,619999,2013-04-10,PROVIDER_CONDITION_AVAILABLE,-11.25,132.390625,121.140625,DEV_RECON_LOCAL_BACK_ADJUSTED_DATED_CONTRACT_CHAIN,2013-04-10T00:00:00Z,132.796875,132.859375,132.34375,1243849.0,121.546875,121.609375,121.09375,1243849.0
SOURCE_NATIVE_FUTURES,ZN,bond,APPENDIX_C_172_004,10-year US,ZNM3,619999,2013-04-11,PROVIDER_CONDITION_AVAILABLE,-11.25,132.53125,121.28125,DEV_RECON_LOCAL_BACK_ADJUSTED_DATED_CONTRACT_CHAIN,2013-04-11T00:00:00Z,132.390625,132.65625,132.328125,1032519.0,121.140625,121.40625,121.078125,1032519.0
SOURCE_NATIVE_FUTURES,ZN,bond,APPENDIX_C_172_004,10-year US,ZNM3,619999,2013-04-11,PROVIDER_CONDITION_AVAILABLE,-11.25,132.53125,121.28125,DEV_RECON_LOCAL_BACK_ADJUSTED_DATED_CONTRACT_CHAIN,2013-04-11T00:00:00Z,132.390625,132.65625,132.328125,1032519.0,121.140625,121.40625,121.078125,1032519.0
SOURCE_NATIVE_FUTURES,ZN,bond,APPENDIX_C_172_004,10-year US,ZNM3,619999,2013-04-12,PROVIDER_CONDITION_AVAILABLE,-11.25,133.015625,121.765625,DEV_RECON_LOCAL_BACK_ADJUSTED_DATED_CONTRACT_CHAIN,2013-04-12T00:00:00Z,132.515625,133.03125,132.515625,1030897.0,121.265625,121.78125,121.265625,1030897.0
SOURCE_NATIVE_FUTURES,ZN,bond,APPENDIX_C_172_004,10-year US,ZNM3,619999,2013-04-12,PROVIDER_CONDITION_AVAILABLE,-11.25,133.015625,121.765625,DEV_RECON_LOCAL_BACK_ADJUSTED_DATED_CONTRACT_CHAIN,2013-04-12T00:00:00Z,132.515625,133.03125,132.515625,1030897.0,121.265625,121.78125,121.265625,1030897.0
SOURCE_NATIVE_FUTURES,ZN,bond,APPENDIX_C_172_004,10-year US,ZNM3,619999,2013-04-14,PROVIDER_CONDITION_AVAILABLE,-11.25,132.984375,121.734375,DEV_RECON_LOCAL_BACK_ADJUSTED_DATED_CONTRACT_CHAIN,2013-04-14T00:00:00Z,133.0,133.0625,132.96875,6797.0,121.75,121.8125,121.71875,6797.0
SOURCE_NATIVE_FUTURES,ZN,bond,APPENDIX_C_172_004,10-year US,ZNM3,619999,2013-04-14,PROVIDER_CONDITION_AVAILABLE,-11.25,132.984375,121.734375,DEV_RECON_LOCAL_BACK_ADJUSTED_DATED_CONTRACT_CHAIN,2013-04-14T00:00:00Z,133.0,133.0625,132.96875,6797.0,121.75,121.8125,121.71875,6797.0
SOURCE_NATIVE_FUTURES,ZN,bond,APPENDIX_C_172_004,10-year US,ZNM3,619999,2013-04-15,PROVIDER_CONDITION_AVAILABLE,-11.25,133.171875,121.921875,DEV_RECON_LOCAL_BACK_ADJUSTED_DATED_CONTRACT_CHAIN,2013-04-15T00:00:00Z,132.984375,133.28125,132.875,1253069.0,121.734375,122.03125,121.625,1253069.0
SOURCE_NATIVE_FUTURES,ZN,bond,APPENDIX_C_172_004,10-year US,ZNM3,619999,2013-04-15,PROVIDER_CONDITION_AVAILABLE,-11.25,133.171875,121.921875,DEV_RECON_LOCAL_BACK_ADJUSTED_DATED_CONTRACT_CHAIN,2013-04-15T00:00:00Z,132.984375,133.28125,132.875,1253069.0,121.734375,122.03125,121.625,1253069.0
SOURCE_NATIVE_FUTURES,ZN,bond,APPENDIX_C_172_004,10-year US,ZNM3,619999,2013-04-16,PROVIDER_CONDITION_AVAILABLE,-11.25,132.953125,121.703125,DEV_RECON_LOCAL_BACK_ADJUSTED_DATED_CONTRACT_CHAIN,2013-04-16T00:00:00Z,133.171875,133.21875,132.796875,983042.0,121.921875,121.96875,121.546875,983042.0
SOURCE_NATIVE_FUTURES,ZN,bond,APPENDIX_C_172_004,10-year US,ZNM3,619999,2013-04-16,PROVIDER_CONDITION_AVAILABLE,-11.25,132.953125,121.703125,DEV_RECON_LOCAL_BACK_ADJUSTED_DATED_CONTRACT_CHAIN,2013-04-16T00:00:00Z,133.171875,133.21875,132.796875,983042.0,121.921875,121.96875,121.546875,983042.0
SOURCE_NATIVE_FUTURES,ZN,bond,APPENDIX_C_172_004,10-year US,ZNM3,619999,2013-04-17,PROVIDER_CONDITION_AVAILABLE,-11.25,133.109375,121.859375,DEV_RECON_LOCAL_BACK_ADJUSTED_DATED_CONTRACT_CHAIN,2013-04-17T00:00:00Z,132.953125,133.296875,132.828125,1202974.0,121.703125,122.046875,121.578125,1202974.0
SOURCE_NATIVE_FUTURES,ZN,bond,APPENDIX_C_172_004,10-year US,ZNM3,619999,2013-04-17,PROVIDER_CONDITION_AVAILABLE,-11.25,133.109375,121.859375,DEV_RECON_LOCAL_BACK_ADJUSTED_DATED_CONTRACT_CHAIN,2013-04-17T00:00:00Z,132.953125,133.296875,132.828125,1202974.0,121.703125,122.046875,121.578125,1202974.0
SOURCE_NATIVE_FUTURES,ZN,bond,APPENDIX_C_172_004,10-year US,ZNM3,619999,2013-04-18,PROVIDER_CONDITION_AVAILABLE,-11.25,133.078125,121.828125,DEV_RECON_LOCAL_BACK_ADJUSTED_DATED_CONTRACT_CHAIN,2013-04-18T00:00:00Z,133.109375,133.234375,132.9375,1095758.0,121.859375,121.984375,121.6875,1095758.0
SOURCE_NATIVE_FUTURES,ZN,bond,APPENDIX_C_172_004,10-year US,ZNM3,619999,2013-04-18,PROVIDER_CONDITION_AVAILABLE,-11.25,133.078125,121.828125,DEV_RECON_LOCAL_BACK_ADJUSTED_DATED_CONTRACT_CHAIN,2013-04-18T00:00:00Z,133.109375,133.234375,132.9375,1095758.0,121.859375,121.984375,121.6875,1095758.0
SOURCE_NATIVE_FUTURES,ZN,bond,APPENDIX_C_172_004,10-year US,ZNM3,619999,2013-04-19,PROVIDER_CONDITION_AVAILABLE,-11.25,132.96875,121.71875,DEV_RECON_LOCAL_BACK_ADJUSTED_DATED_CONTRACT_CHAIN,2013-04-19T00:00:00Z,133.078125,133.125,132.90625,835095.0,121.828125,121.875,121.65625,835095.0
SOURCE_NATIVE_FUTURES,ZN,bond,APPENDIX_C_172_004,10-year US,ZNM3,619999,2013-04-19,PROVIDER_CONDITION_AVAILABLE,-11.25,132.96875,121.71875,DEV_RECON_LOCAL_BACK_ADJUSTED_DATED_CONTRACT_CHAIN,2013-04-19T00:00:00Z,133.078125,133.125,132.90625,835095.0,121.828125,121.875,121.65625,835095.0
SOURCE_NATIVE_FUTURES,ZN,bond,APPENDIX_C_172_004,10-year US,ZNM3,619999,2013-04-21,PROVIDER_CONDITION_AVAILABLE,-11.25,132.9375,121.6875,DEV_RECON_LOCAL_BACK_ADJUSTED_DATED_CONTRACT_CHAIN,2013-04-21T00:00:00Z,132.953125,132.984375,132.9375,4660.0,121.703125,121.734375,121.6875,4660.0
SOURCE_NATIVE_FUTURES,ZN,bond,APPENDIX_C_172_004,10-year US,ZNM3,619999,2013-04-21,PROVIDER_CONDITION_AVAILABLE,-11.25,132.9375,121.6875,DEV_RECON_LOCAL_BACK_ADJUSTED_DATED_CONTRACT_CHAIN,2013-04-21T00:00:00Z,132.953125,132.984375,132.9375,4660.0,121.703125,121.734375,121.6875,4660.0
SOURCE_NATIVE_FUTURES,ZN,bond,APPENDIX_C_172_004,10-year US,ZNM3,619999,2013-04-22,PROVIDER_CONDITION_AVAILABLE,-11.25,133.15625,121.90625,DEV_RECON_LOCAL_BACK_ADJUSTED_DATED_CONTRACT_CHAIN,2013-04-22T00:00:00Z,132.9375,133.25,132.765625,886895.0,121.6875,122.0,121.515625,886895.0
SOURCE_NATIVE_FUTURES,ZN,bond,APPENDIX_C_172_004,10-year US,ZNM3,619999,2013-04-22,PROVIDER_CONDITION_AVAILABLE,-11.25,133.15625,121.90625,DEV_RECON_LOCAL_BACK_ADJUSTED_DATED_CONTRACT_CHAIN,2013-04-22T00:00:00Z,132.9375,133.25,132.765625,886895.0,121.6875,122.0,121.515625,886895.0
SOURCE_NATIVE_FUTURES,ZN,bond,APPENDIX_C_172_004,10-year US,ZNM3,619999,2013-04-23,PROVIDER_CONDITION_AVAILABLE,-11.25,133.046875,121.796875,DEV_RECON_LOCAL_BACK_ADJUSTED_DATED_CONTRACT_CHAIN,2013-04-23T00:00:00Z,133.15625,133.5625,133.0,1393531.0,121.90625,122.3125,121.75,1393531.0
SOURCE_NATIVE_FUTURES,ZN,bond,APPENDIX_C_172_004,10-year US,ZNM3,619999,2013-04-23,PROVIDER_CONDITION_AVAILABLE,-11.25,133.046875,121.796875,DEV_RECON_LOCAL_BACK_ADJUSTED_DATED_CONTRACT_CHAIN,2013-04-23T00:00:00Z,133.15625,133.5625,133.0,1393531.0,121.90625,122.3125,121.75,1393531.0
SOURCE_NATIVE_FUTURES,ZN,bond,APPENDIX_C_172_004,10-year US,ZNM3,619999,2013-04-24,PROVIDER_CONDITION_AVAILABLE,-11.25,133.078125,121.828125,DEV_RECON_LOCAL_BACK_ADJUSTED_DATED_CONTRACT_CHAIN,2013-04-24T00:00:00Z,133.046875,133.203125,132.875,964477.0,121.796875,121.953125,121.625,964477.0
SOURCE_NATIVE_FUTURES,ZN,bond,APPENDIX_C_172_004,10-year US,ZNM3,619999,2013-04-24,PROVIDER_CONDITION_AVAILABLE,-11.25,133.078125,121.828125,DEV_RECON_LOCAL_BACK_ADJUSTED_DATED_CONTRACT_CHAIN,2013-04-24T00:00:00Z,133.046875,133.203125,132.875,964477.0,121.796875,121.953125,121.625,964477.0
SOURCE_NATIVE_FUTURES,ZN,bond,APPENDIX_C_172_004,10-year US,ZNM3,619999,2013-04-25,PROVIDER_CONDITION_AVAILABLE,-11.25,133.109375,121.859375,DEV_RECON_LOCAL_BACK_ADJUSTED_DATED_CONTRACT_CHAIN,2013-04-25T00:00:00Z,133.078125,133.140625,132.890625,832316.0,121.828125,121.890625,121.640625,832316.0
SOURCE_NATIVE_FUTURES,ZN,bond,APPENDIX_C_172_004,10-year US,ZNM3,619999,2013-04-25,PROVIDER_CONDITION_AVAILABLE,-11.25,133.109375,121.859375,DEV_RECON_LOCAL_BACK_ADJUSTED_DATED_CONTRACT_CHAIN,2013-04-25T00:00:00Z,133.078125,133.140625,132.890625,832316.0,121.828125,121.890625,121.640625,832316.0
SOURCE_NATIVE_FUTURES,ZN,bond,APPENDIX_C_172_004,10-year US,ZNM3,619999,2013-04-26,PROVIDER_CONDITION_AVAILABLE,-11.25,133.4375,122.1875,DEV_RECON_LOCAL_BACK_ADJUSTED_DATED_CONTRACT_CHAIN,2013-04-26T00:00:00Z,133.109375,133.46875,133.078125,804250.0,121.859375,122.21875,121.828125,804250.0
SOURCE_NATIVE_FUTURES,ZN,bond,APPENDIX_C_172_004,10-year US,ZNM3,619999,2013-04-26,PROVIDER_CONDITION_AVAILABLE,-11.25,133.4375,122.1875,DEV_RECON_LOCAL_BACK_ADJUSTED_DATED_CONTRACT_CHAIN,2013-04-26T00:00:00Z,133.109375,133.46875,133.078125,804250.0,121.859375,122.21875,121.828125,804250.0
SOURCE_NATIVE_FUTURES,ZN,bond,APPENDIX_C_172_004,10-year US,ZNM3,619999,2013-04-28,PROVIDER_CONDITION_AVAILABLE,-11.25,133.46875,122.21875,DEV_RECON_LOCAL_BACK_ADJUSTED_DATED_CONTRACT_CHAIN,2013-04-28T00:00:00Z,133.375,133.484375,133.375,4460.0,122.125,122.234375,122.125,4460.0
SOURCE_NATIVE_FUTURES,ZN,bond,APPENDIX_C_172_004,10-year US,ZNM3,619999,2013-04-28,PROVIDER_CONDITION_AVAILABLE,-11.25,133.46875,122.21875,DEV_RECON_LOCAL_BACK_ADJUSTED_DATED_CONTRACT_CHAIN,2013-04-28T00:00:00Z,133.375,133.484375,133.375,4460.0,122.125,122.234375,122.125,4460.0
SOURCE_NATIVE_FUTURES,ZN,bond,APPENDIX_C_172_004,10-year US,ZNM3,619999,2013-04-29,PROVIDER_CONDITION_AVAILABLE,-11.25,133.453125,122.203125,DEV_RECON_LOCAL_BACK_ADJUSTED_DATED_CONTRACT_CHAIN,2013-04-29T00:00:00Z,133.46875,133.546875,133.34375,682996.0,122.21875,122.296875,122.09375,682996.0
SOURCE_NATIVE_FUTURES,ZN,bond,APPENDIX_C_172_004,10-year US,ZNM3,619999,2013-04-29,PROVIDER_CONDITION_AVAILABLE,-11.25,133.453125,122.203125,DEV_RECON_LOCAL_BACK_ADJUSTED_DATED_CONTRACT_CHAIN,2013-04-29T00:00:00Z,133.46875,133.546875,133.34375,682996.0,122.21875,122.296875,122.09375,682996.0
SOURCE_NATIVE_FUTURES,ZN,bond,APPENDIX_C_172_004,10-year US,ZNM3,619999,2013-04-30,PROVIDER_CONDITION_AVAILABLE,-11.25,133.375,122.125,DEV_RECON_LOCAL_BACK_ADJUSTED_DATED_CONTRACT_CHAIN,2013-04-30T00:00:00Z,133.4375,133.75,133.28125,1135701.0,122.1875,122.5,122.03125,1135701.0
SOURCE_NATIVE_FUTURES,ZN,bond,APPENDIX_C_172_004,10-year US,ZNM3,619999,2013-04-30,PROVIDER_CONDITION_AVAILABLE,-11.25,133.375,122.125,DEV_RECON_LOCAL_BACK_ADJUSTED_DATED_CONTRACT_CHAIN,2013-04-30T00:00:00Z,133.4375,133.75,133.28125,1135701.0,122.1875,122.5,122.03125,1135701.0
SOURCE_NATIVE_FUTURES,ZN,bond,APPENDIX_C_172_004,10-year US,ZNM3,619999,2013-05-01,PROVIDER_CONDITION_AVAILABLE,-11.25,133.671875,122.421875,DEV_RECON_LOCAL_BACK_ADJUSTED_DATED_CONTRACT_CHAIN,2013-05-01T00:00:00Z,133.375,133.78125,133.3125,763957.0,122.125,122.53125,122.0625,763957.0
SOURCE_NATIVE_FUTURES,ZN,bond,APPENDIX_C_172_004,10-year US,ZNM3,619999,2013-05-01,PROVIDER_CONDITION_AVAILABLE,-11.25,133.671875,122.421875,DEV_RECON_LOCAL_BACK_ADJUSTED_DATED_CONTRACT_CHAIN,2013-05-01T00:00:00Z,133.375,133.78125,133.3125,763957.0,122.125,122.53125,122.0625,763957.0
SOURCE_NATIVE_FUTURES,ZN,bond,APPENDIX_C_172_004,10-year US,ZNM3,619999,2013-05-02,PROVIDER_CONDITION_AVAILABLE,-11.25,133.65625,122.40625,DEV_RECON_LOCAL_BACK_ADJUSTED_DATED_CONTRACT_CHAIN,2013-05-02T00:00:00Z,133.6875,133.71875,133.40625,1008522.0,122.4375,122.46875,122.15625,1008522.0
SOURCE_NATIVE_FUTURES,ZN,bond,APPENDIX_C_172_004,10-year US,ZNM3,619999,2013-05-02,PROVIDER_CONDITION_AVAILABLE,-11.25,133.65625,122.40625,DEV_RECON_LOCAL_BACK_ADJUSTED_DATED_CONTRACT_CHAIN,2013-05-02T00:00:00Z,133.6875,133.71875,133.40625,1008522.0,122.4375,122.46875,122.15625,1008522.0
SOURCE_NATIVE_FUTURES,ZN,bond,APPENDIX_C_172_004,10-year US,ZNM3,619999,2013-05-03,PROVIDER_CONDITION_AVAILABLE,-11.25,132.875,121.625,DEV_RECON_LOCAL_BACK_ADJUSTED_DATED_CONTRACT_CHAIN,2013-05-03T00:00:00Z,133.65625,133.671875,132.765625,1713112.0,122.40625,122.421875,121.515625,1713112.0
SOURCE_NATIVE_FUTURES,ZN,bond,APPENDIX_C_172_004,10-year US,ZNM3,619999,2013-05-03,PROVIDER_CONDITION_AVAILABLE,-11.25,132.875,121.625,DEV_RECON_LOCAL_BACK_ADJUSTED_DATED_CONTRACT_CHAIN,2013-05-03T00:00:00Z,133.65625,133.671875,132.765625,1713112.0,122.40625,122.421875,121.515625,1713112.0
SOURCE_NATIVE_FUTURES,ZN,bond,APPENDIX_C_172_004,10-year US,ZNM3,619999,2013-05-05,PROVIDER_CONDITION_AVAILABLE,-11.25,132.921875,121.671875,DEV_RECON_LOCAL_BACK_ADJUSTED_DATED_CONTRACT_CHAIN,2013-05-05T00:00:00Z,132.921875,132.9375,132.875,7114.0,121.671875,121.6875,121.625,7114.0
SOURCE_NATIVE_FUTURES,ZN,bond,APPENDIX_C_172_004,10-year US,ZNM3,619999,2013-05-05,PROVIDER_CONDITION_AVAILABLE,-11.25,132.921875,121.671875,DEV_RECON_LOCAL_BACK_ADJUSTED_DATED_CONTRACT_CHAIN,2013-05-05T00:00:00Z,132.921875,132.9375,132.875,7114.0,121.671875,121.6875,121.625,7114.0
SOURCE_NATIVE_FUTURES,ZN,bond,APPENDIX_C_172_004,10-year US,ZNM3,619999,2013-05-06,PROVIDER_CONDITION_AVAILABLE,-11.25,132.78125,121.53125,DEV_RECON_LOCAL_BACK_ADJUSTED_DATED_CONTRACT_CHAIN,2013-05-06T00:00:00Z,132.921875,132.9375,132.640625,702859.0,121.671875,121.6875,121.390625,702859.0
SOURCE_NATIVE_FUTURES,ZN,bond,APPENDIX_C_172_004,10-year US,ZNM3,619999,2013-05-06,PROVIDER_CONDITION_AVAILABLE,-11.25,132.78125,121.53125,DEV_RECON_LOCAL_BACK_ADJUSTED_DATED_CONTRACT_CHAIN,2013-05-06T00:00:00Z,132.921875,132.9375,132.640625,702859.0,121.671875,121.6875,121.390625,702859.0
SOURCE_NATIVE_FUTURES,ZN,bond,APPENDIX_C_172_004,10-year US,ZNM3,619999,2013-05-07,PROVIDER_CONDITION_AVAILABLE,-11.25,132.671875,121.421875,DEV_RECON_LOCAL_BACK_ADJUSTED_DATED_CONTRACT_CHAIN,2013-05-07T00:00:00Z,132.796875,132.890625,132.53125,839104.0,121.546875,121.640625,121.28125,839104.0
SOURCE_NATIVE_FUTURES,ZN,bond,APPENDIX_C_172_004,10-year US,ZNM3,619999,2013-05-07,PROVIDER_CONDITION_AVAILABLE,-11.25,132.671875,121.421875,DEV_RECON_LOCAL_BACK_ADJUSTED_DATED_CONTRACT_CHAIN,2013-05-07T00:00:00Z,132.796875,132.890625,132.53125,839104.0,121.546875,121.640625,121.28125,839104.0
SOURCE_NATIVE_FUTURES,ZN,bond,APPENDIX_C_172_004,10-year US,ZNM3,619999,2013-05-08,PROVIDER_CONDITION_AVAILABLE,-11.25,132.78125,121.53125,DEV_RECON_LOCAL_BACK_ADJUSTED_DATED_CONTRACT_CHAIN,2013-05-08T00:00:00Z,132.671875,132.875,132.53125,1018199.0,121.421875,121.625,121.28125,1018199.0
SOURCE_NATIVE_FUTURES,ZN,bond,APPENDIX_C_172_004,10-year US,ZNM3,619999,2013-05-08,PROVIDER_CONDITION_AVAILABLE,-11.25,132.78125,121.53125,DEV_RECON_LOCAL_BACK_ADJUSTED_DATED_CONTRACT_CHAIN,2013-05-08T00:00:00Z,132.671875,132.875,132.53125,1018199.0,121.421875,121.625,121.28125,1018199.0
SOURCE_NATIVE_FUTURES,ZN,bond,APPENDIX_C_172_004,10-year US,ZNM3,619999,2013-05-09,PROVIDER_CONDITION_AVAILABLE,-11.25,132.703125,121.453125,DEV_RECON_LOCAL_BACK_ADJUSTED_DATED_CONTRACT_CHAIN,2013-05-09T00:00:00Z,132.78125,132.984375,132.6875,1240005.0,121.53125,121.734375,121.4375,1240005.0
SOURCE_NATIVE_FUTURES,ZN,bond,APPENDIX_C_172_004,10-year US,ZNM3,619999,2013-05-09,PROVIDER_CONDITION_AVAILABLE,-11.25,132.703125,121.453125,DEV_RECON_LOCAL_BACK_ADJUSTED_DATED_CONTRACT_CHAIN,2013-05-09T00:00:00Z,132.78125,132.984375,132.6875,1240005.0,121.53125,121.734375,121.4375,1240005.0
SOURCE_NATIVE_FUTURES,ZN,bond,APPENDIX_C_172_004,10-year US,ZNM3,619999,2013-05-10,PROVIDER_CONDITION_AVAILABLE,-11.25,132.09375,120.84375,DEV_RECON_LOCAL_BACK_ADJUSTED_DATED_CONTRACT_CHAIN,2013-05-10T00:00:00Z,132.703125,132.703125,131.875,1834481.0,121.453125,121.453125,120.625,1834481.0
SOURCE_NATIVE_FUTURES,ZN,bond,APPENDIX_C_172_004,10-year US,ZNM3,619999,2013-05-10,PROVIDER_CONDITION_AVAILABLE,-11.25,132.09375,120.84375,DEV_RECON_LOCAL_BACK_ADJUSTED_DATED_CONTRACT_CHAIN,2013-05-10T00:00:00Z,132.703125,132.703125,131.875,1834481.0,121.453125,121.453125,120.625,1834481.0
SOURCE_NATIVE_FUTURES,ZN,bond,APPENDIX_C_172_004,10-year US,ZNM3,619999,2013-05-12,PROVIDER_CONDITION_AVAILABLE,-11.25,131.796875,120.546875,DEV_RECON_LOCAL_BACK_ADJUSTED_DATED_CONTRACT_CHAIN,2013-05-12T00:00:00Z,131.984375,131.984375,131.734375,36934.0,120.734375,120.734375,120.484375,36934.0
SOURCE_NATIVE_FUTURES,ZN,bond,APPENDIX_C_172_004,10-year US,ZNM3,619999,2013-05-12,PROVIDER_CONDITION_AVAILABLE,-11.25,131.796875,120.546875,DEV_RECON_LOCAL_BACK_ADJUSTED_DATED_CONTRACT_CHAIN,2013-05-12T00:00:00Z,131.984375,131.984375,131.734375,36934.0,120.734375,120.734375,120.484375,36934.0
SOURCE_NATIVE_FUTURES,ZN,bond,APPENDIX_C_172_004,10-year US,ZNM3,619999,2013-05-13,PROVIDER_CONDITION_AVAILABLE,-11.25,132.046875,120.796875,DEV_RECON_LOCAL_BACK_ADJUSTED_DATED_CONTRACT_CHAIN,2013-05-13T00:00:00Z,131.78125,132.171875,131.78125,1204634.0,120.53125,120.921875,120.53125,1204634.0
SOURCE_NATIVE_FUTURES,ZN,bond,APPENDIX_C_172_004,10-year US,ZNM3,619999,2013-05-13,PROVIDER_CONDITION_AVAILABLE,-11.25,132.046875,120.796875,DEV_RECON_LOCAL_BACK_ADJUSTED_DATED_CONTRACT_CHAIN,2013-05-13T00:00:00Z,131.78125,132.171875,131.78125,1204634.0,120.53125,120.921875,120.53125,1204634.0
SOURCE_NATIVE_FUTURES,ZN,bond,APPENDIX_C_172_004,10-year US,ZNM3,619999,2013-05-14,PROVIDER_CONDITION_AVAILABLE,-11.25,131.5625,120.3125,DEV_RECON_LOCAL_BACK_ADJUSTED_DATED_CONTRACT_CHAIN,2013-05-14T00:00:00Z,132.0625,132.15625,131.515625,1418494.0,120.8125,120.90625,120.265625,1418494.0
SOURCE_NATIVE_FUTURES,ZN,bond,APPENDIX_C_172_004,10-year US,ZNM3,619999,2013-05-14,PROVIDER_CONDITION_AVAILABLE,-11.25,131.5625,120.3125,DEV_RECON_LOCAL_BACK_ADJUSTED_DATED_CONTRACT_CHAIN,2013-05-14T00:00:00Z,132.0625,132.15625,131.515625,1418494.0,120.8125,120.90625,120.265625,1418494.0
SOURCE_NATIVE_FUTURES,ZN,bond,APPENDIX_C_172_004,10-year US,ZNM3,619999,2013-05-15,PROVIDER_CONDITION_AVAILABLE,-11.25,131.859375,120.609375,DEV_RECON_LOCAL_BACK_ADJUSTED_DATED_CONTRACT_CHAIN,2013-05-15T00:00:00Z,131.5625,132.03125,131.5,1549844.0,120.3125,120.78125,120.25,1549844.0
SOURCE_NATIVE_FUTURES,ZN,bond,APPENDIX_C_172_004,10-year US,ZNM3,619999,2013-05-15,PROVIDER_CONDITION_AVAILABLE,-11.25,131.859375,120.609375,DEV_RECON_LOCAL_BACK_ADJUSTED_DATED_CONTRACT_CHAIN,2013-05-15T00:00:00Z,131.5625,132.03125,131.5,1549844.0,120.3125,120.78125,120.25,1549844.0
SOURCE_NATIVE_FUTURES,ZN,bond,APPENDIX_C_172_004,10-year US,ZNM3,619999,2013-05-16,PROVIDER_CONDITION_AVAILABLE,-11.25,132.359375,121.109375,DEV_RECON_LOCAL_BACK_ADJUSTED_DATED_CONTRACT_CHAIN,2013-05-16T00:00:00Z,131.875,132.53125,131.71875,1624915.0,120.625,121.28125,120.46875,1624915.0
SOURCE_NATIVE_FUTURES,ZN,bond,APPENDIX_C_172_004,10-year US,ZNM3,619999,2013-05-16,PROVIDER_CONDITION_AVAILABLE,-11.25,132.359375,121.109375,DEV_RECON_LOCAL_BACK_ADJUSTED_DATED_CONTRACT_CHAIN,2013-05-16T00:00:00Z,131.875,132.53125,131.71875,1624915.0,120.625,121.28125,120.46875,1624915.0
SOURCE_NATIVE_FUTURES,ZN,bond,APPENDIX_C_172_004,10-year US,ZNM3,619999,2013-05-17,PROVIDER_CONDITION_AVAILABLE,-11.25,131.84375,120.59375,DEV_RECON_LOCAL_BACK_ADJUSTED_DATED_CONTRACT_CHAIN,2013-05-17T00:00:00Z,132.359375,132.53125,131.78125,1389582.0,121.109375,121.28125,120.53125,1389582.0
SOURCE_NATIVE_FUTURES,ZN,bond,APPENDIX_C_172_004,10-year US,ZNM3,619999,2013-05-17,PROVIDER_CONDITION_AVAILABLE,-11.25,131.84375,120.59375,DEV_RECON_LOCAL_BACK_ADJUSTED_DATED_CONTRACT_CHAIN,2013-05-17T00:00:00Z,132.359375,132.53125,131.78125,1389582.0,121.109375,121.28125,120.53125,1389582.0
SOURCE_NATIVE_FUTURES,ZN,bond,APPENDIX_C_172_004,10-year US,ZNU3,400198,2013-05-19,PROVIDER_CONDITION_AVAILABLE,-10.34375,130.890625,120.546875,DEV_RECON_LOCAL_BACK_ADJUSTED_DATED_CONTRACT_CHAIN,2013-05-19T00:00:00Z,130.90625,130.90625,130.828125,63.0,120.5625,120.5625,120.484375,63.0
SOURCE_NATIVE_FUTURES,ZN,bond,APPENDIX_C_172_004,10-year US,ZNU3,400198,2013-05-19,PROVIDER_CONDITION_AVAILABLE,-10.34375,130.890625,120.546875,DEV_RECON_LOCAL_BACK_ADJUSTED_DATED_CONTRACT_CHAIN,2013-05-19T00:00:00Z,130.90625,130.90625,130.828125,63.0,120.5625,120.5625,120.484375,63.0
SOURCE_NATIVE_FUTURES,ZN,bond,APPENDIX_C_172_004,10-year US,ZNU3,400198,2013-05-20,PROVIDER_CONDITION_AVAILABLE,-10.34375,130.90625,120.5625,DEV_RECON_LOCAL_BACK_ADJUSTED_DATED_CONTRACT_CHAIN,2013-05-20T00:00:00Z,130.90625,131.1875,130.734375,4855.0,120.5625,120.84375,120.390625,4855.0
SOURCE_NATIVE_FUTURES,ZN,bond,APPENDIX_C_172_004,10-year US,ZNU3,400198,2013-05-20,PROVIDER_CONDITION_AVAILABLE,-10.34375,130.90625,120.5625,DEV_RECON_LOCAL_BACK_ADJUSTED_DATED_CONTRACT_CHAIN,2013-05-20T00:00:00Z,130.90625,131.1875,130.734375,4855.0,120.5625,120.84375,120.390625,4855.0
SOURCE_NATIVE_FUTURES,ZN,bond,APPENDIX_C_172_004,10-year US,ZNU3,400198,2013-05-21,PROVIDER_CONDITION_AVAILABLE,-10.34375,131.09375,120.75,DEV_RECON_LOCAL_BACK_ADJUSTED_DATED_CONTRACT_CHAIN,2013-05-21T00:00:00Z,130.90625,131.1875,130.59375,19767.0,120.5625,120.84375,120.25,19767.0
SOURCE_NATIVE_FUTURES,ZN,bond,APPENDIX_C_172_004,10-year US,ZNU3,400198,2013-05-21,PROVIDER_CONDITION_AVAILABLE,-10.34375,131.09375,120.75,DEV_RECON_LOCAL_BACK_ADJUSTED_DATED_CONTRACT_CHAIN,2013-05-21T00:00:00Z,130.90625,131.1875,130.59375,19767.0,120.5625,120.84375,120.25,19767.0
SOURCE_NATIVE_FUTURES,ZN,bond,APPENDIX_C_172_004,10-year US,ZNU3,400198,2013-05-22,PROVIDER_CONDITION_AVAILABLE,-10.34375,130.046875,119.703125,DEV_RECON_LOCAL_BACK_ADJUSTED_DATED_CONTRACT_CHAIN,2013-05-22T00:00:00Z,131.09375,131.46875,130.03125,41398.0,120.75,121.125,119.6875,41398.0
SOURCE_NATIVE_FUTURES,ZN,bond,APPENDIX_C_172_004,10-year US,ZNU3,400198,2013-05-22,PROVIDER_CONDITION_AVAILABLE,-10.34375,130.046875,119.703125,DEV_RECON_LOCAL_BACK_ADJUSTED_DATED_CONTRACT_CHAIN,2013-05-22T00:00:00Z,131.09375,131.46875,130.03125,41398.0,120.75,121.125,119.6875,41398.0
SOURCE_NATIVE_FUTURES,ZN,bond,APPENDIX_C_172_004,10-year US,ZNU3,400198,2013-05-23,PROVIDER_CONDITION_AVAILABLE,-10.34375,130.28125,119.9375,DEV_RECON_LOCAL_BACK_ADJUSTED_DATED_CONTRACT_CHAIN,2013-05-23T00:00:00Z,130.03125,130.78125,129.90625,48906.0,119.6875,120.4375,119.5625,48906.0
SOURCE_NATIVE_FUTURES,ZN,bond,APPENDIX_C_172_004,10-year US,ZNU3,400198,2013-05-23,PROVIDER_CONDITION_AVAILABLE,-10.34375,130.28125,119.9375,DEV_RECON_LOCAL_BACK_ADJUSTED_DATED_CONTRACT_CHAIN,2013-05-23T00:00:00Z,130.03125,130.78125,129.90625,48906.0,119.6875,120.4375,119.5625,48906.0
SOURCE_NATIVE_FUTURES,ZN,bond,APPENDIX_C_172_004,10-year US,ZNU3,400198,2013-05-24,PROVIDER_CONDITION_AVAILABLE,-10.34375,130.34375,120.0,DEV_RECON_LOCAL_BACK_ADJUSTED_DATED_CONTRACT_CHAIN,2013-05-24T00:00:00Z,130.265625,130.640625,130.21875,30027.0,119.921875,120.296875,119.875,30027.0
SOURCE_NATIVE_FUTURES,ZN,bond,APPENDIX_C_172_004,10-year US,ZNU3,400198,2013-05-24,PROVIDER_CONDITION_AVAILABLE,-10.34375,130.34375,120.0,DEV_RECON_LOCAL_BACK_ADJUSTED_DATED_CONTRACT_CHAIN,2013-05-24T00:00:00Z,130.265625,130.640625,130.21875,30027.0,119.921875,120.296875,119.875,30027.0
SOURCE_NATIVE_FUTURES,ZN,bond,APPENDIX_C_172_004,10-year US,ZNU3,400198,2013-05-27,PROVIDER_CONDITION_AVAILABLE,-10.34375,130.28125,119.9375,DEV_RECON_LOCAL_BACK_ADJUSTED_DATED_CONTRACT_CHAIN,2013-05-27T00:00:00Z,130.234375,130.28125,130.21875,55.0,119.890625,119.9375,119.875,55.0
SOURCE_NATIVE_FUTURES,ZN,bond,APPENDIX_C_172_004,10-year US,ZNU3,400198,2013-05-27,PROVIDER_CONDITION_AVAILABLE,-10.34375,130.28125,119.9375,DEV_RECON_LOCAL_BACK_ADJUSTED_DATED_CONTRACT_CHAIN,2013-05-27T00:00:00Z,130.234375,130.28125,130.21875,55.0,119.890625,119.9375,119.875,55.0
SOURCE_NATIVE_FUTURES,ZN,bond,APPENDIX_C_172_004,10-year US,ZNU3,400198,2013-05-28,PROVIDER_CONDITION_AVAILABLE,-10.34375,129.125,118.78125,DEV_RECON_LOCAL_BACK_ADJUSTED_DATED_CONTRACT_CHAIN,2013-05-28T00:00:00Z,130.28125,130.28125,129.109375,248278.0,119.9375,119.9375,118.765625,248278.0
SOURCE_NATIVE_FUTURES,ZN,bond,APPENDIX_C_172_004,10-year US,ZNU3,400198,2013-05-28,PROVIDER_CONDITION_AVAILABLE,-10.34375,129.125,118.78125,DEV_RECON_LOCAL_BACK_ADJUSTED_DATED_CONTRACT_CHAIN,2013-05-28T00:00:00Z,130.28125,130.28125,129.109375,248278.0,119.9375,119.9375,118.765625,248278.0
SOURCE_NATIVE_FUTURES,ZN,bond,APPENDIX_C_172_004,10-year US,ZNU3,400198,2013-05-29,PROVIDER_CONDITION_AVAILABLE,-10.34375,129.5,119.15625,DEV_RECON_LOCAL_BACK_ADJUSTED_DATED_CONTRACT_CHAIN,2013-05-29T00:00:00Z,129.109375,129.59375,128.609375,534968.0,118.765625,119.25,118.265625,534968.0
SOURCE_NATIVE_FUTURES,ZN,bond,APPENDIX_C_172_004,10-year US,ZNU3,400198,2013-05-29,PROVIDER_CONDITION_AVAILABLE,-10.34375,129.5,119.15625,DEV_RECON_LOCAL_BACK_ADJUSTED_DATED_CONTRACT_CHAIN,2013-05-29T00:00:00Z,129.109375,129.59375,128.609375,534968.0,118.765625,119.25,118.265625,534968.0
SOURCE_NATIVE_FUTURES,ZN,bond,APPENDIX_C_172_004,10-year US,ZNU3,400198,2013-05-30,PROVIDER_CONDITION_AVAILABLE,-10.34375,129.546875,119.203125,DEV_RECON_LOCAL_BACK_ADJUSTED_DATED_CONTRACT_CHAIN,2013-05-30T00:00:00Z,129.5,129.734375,129.171875,550386.0,119.15625,119.390625,118.828125,550386.0
SOURCE_NATIVE_FUTURES,ZN,bond,APPENDIX_C_172_004,10-year US,ZNU3,400198,2013-05-30,PROVIDER_CONDITION_AVAILABLE,-10.34375,129.546875,119.203125,DEV_RECON_LOCAL_BACK_ADJUSTED_DATED_CONTRACT_CHAIN,2013-05-30T00:00:00Z,129.5,129.734375,129.171875,550386.0,119.15625,119.390625,118.828125,550386.0
SOURCE_NATIVE_FUTURES,ZN,bond,APPENDIX_C_172_004,10-year US,ZNU3,400198,2013-05-31,PROVIDER_CONDITION_AVAILABLE,-10.34375,129.40625,119.0625,DEV_RECON_LOCAL_BACK_ADJUSTED_DATED_CONTRACT_CHAIN,2013-05-31T00:00:00Z,129.546875,129.953125,128.765625,1986103.0,119.203125,119.609375,118.421875,1986103.0
SOURCE_NATIVE_FUTURES,ZN,bond,APPENDIX_C_172_004,10-year US,ZNU3,400198,2013-05-31,PROVIDER_CONDITION_AVAILABLE,-10.34375,129.40625,119.0625,DEV_RECON_LOCAL_BACK_ADJUSTED_DATED_CONTRACT_CHAIN,2013-05-31T00:00:00Z,129.546875,129.953125,128.765625,1986103.0,119.203125,119.609375,118.421875,1986103.0
SOURCE_NATIVE_FUTURES,ZN,bond,APPENDIX_C_172_004,10-year US,ZNU3,400198,2013-06-02,PROVIDER_CONDITION_AVAILABLE,-10.34375,129.234375,118.890625,DEV_RECON_LOCAL_BACK_ADJUSTED_DATED_CONTRACT_CHAIN,2013-06-02T00:00:00Z,129.265625,129.390625,129.15625,22359.0,118.921875,119.046875,118.8125,22359.0
SOURCE_NATIVE_FUTURES,ZN,bond,APPENDIX_C_172_004,10-year US,ZNU3,400198,2013-06-02,PROVIDER_CONDITION_AVAILABLE,-10.34375,129.234375,118.890625,DEV_RECON_LOCAL_BACK_ADJUSTED_DATED_CONTRACT_CHAIN,2013-06-02T00:00:00Z,129.265625,129.390625,129.15625,22359.0,118.921875,119.046875,118.8125,22359.0
SOURCE_NATIVE_FUTURES,ZN,bond,APPENDIX_C_172_004,10-year US,ZNU3,400198,2013-06-03,PROVIDER_CONDITION_AVAILABLE,-10.34375,129.421875,119.078125,DEV_RECON_LOCAL_BACK_ADJUSTED_DATED_CONTRACT_CHAIN,2013-06-03T00:00:00Z,129.234375,129.9375,128.90625,1930836.0,118.890625,119.59375,118.5625,1930836.0
SOURCE_NATIVE_FUTURES,ZN,bond,APPENDIX_C_172_004,10-year US,ZNU3,400198,2013-06-03,PROVIDER_CONDITION_AVAILABLE,-10.34375,129.421875,119.078125,DEV_RECON_LOCAL_BACK_ADJUSTED_DATED_CONTRACT_CHAIN,2013-06-03T00:00:00Z,129.234375,129.9375,128.90625,1930836.0,118.890625,119.59375,118.5625,1930836.0
SOURCE_NATIVE_FUTURES,ZN,bond,APPENDIX_C_172_004,10-year US,ZNU3,400198,2013-06-04,PROVIDER_CONDITION_AVAILABLE,-10.34375,129.265625,118.921875,DEV_RECON_LOCAL_BACK_ADJUSTED_DATED_CONTRACT_CHAIN,2013-06-04T00:00:00Z,129.4375,129.59375,129.140625,1203501.0,119.09375,119.25,118.796875,1203501.0
SOURCE_NATIVE_FUTURES,ZN,bond,APPENDIX_C_172_004,10-year US,ZNU3,400198,2013-06-04,PROVIDER_CONDITION_AVAILABLE,-10.34375,129.265625,118.921875,DEV_RECON_LOCAL_BACK_ADJUSTED_DATED_CONTRACT_CHAIN,2013-06-04T00:00:00Z,129.4375,129.59375,129.140625,1203501.0,119.09375,119.25,118.796875,1203501.0
SOURCE_NATIVE_FUTURES,ZN,bond,APPENDIX_C_172_004,10-year US,ZNU3,400198,2013-06-05,PROVIDER_CONDITION_AVAILABLE,-10.34375,129.5625,119.21875,DEV_RECON_LOCAL_BACK_ADJUSTED_DATED_CONTRACT_CHAIN,2013-06-05T00:00:00Z,129.265625,129.765625,129.1875,1395151.0,118.921875,119.421875,118.84375,1395151.0
SOURCE_NATIVE_FUTURES,ZN,bond,APPENDIX_C_172_004,10-year US,ZNU3,400198,2013-06-05,PROVIDER_CONDITION_AVAILABLE,-10.34375,129.5625,119.21875,DEV_RECON_LOCAL_BACK_ADJUSTED_DATED_CONTRACT_CHAIN,2013-06-05T00:00:00Z,129.265625,129.765625,129.1875,1395151.0,118.921875,119.421875,118.84375,1395151.0
SOURCE_NATIVE_FUTURES,ZN,bond,APPENDIX_C_172_004,10-year US,ZNU3,400198,2013-06-06,PROVIDER_CONDITION_AVAILABLE,-10.34375,129.828125,119.484375,DEV_RECON_LOCAL_BACK_ADJUSTED_DATED_CONTRACT_CHAIN,2013-06-06T00:00:00Z,129.546875,130.46875,129.3125,1861006.0,119.203125,120.125,118.96875,1861006.0
SOURCE_NATIVE_FUTURES,ZN,bond,APPENDIX_C_172_004,10-year US,ZNU3,400198,2013-06-06,PROVIDER_CONDITION_AVAILABLE,-10.34375,129.828125,119.484375,DEV_RECON_LOCAL_BACK_ADJUSTED_DATED_CONTRACT_CHAIN,2013-06-06T00:00:00Z,129.546875,130.46875,129.3125,1861006.0,119.203125,120.125,118.96875,1861006.0
SOURCE_NATIVE_FUTURES,ZN,bond,APPENDIX_C_172_004,10-year US,ZNU3,400198,2013-06-07,PROVIDER_CONDITION_AVAILABLE,-10.34375,128.953125,118.609375,DEV_RECON_LOCAL_BACK_ADJUSTED_DATED_CONTRACT_CHAIN,2013-06-07T00:00:00Z,129.828125,130.109375,128.90625,1939772.0,119.484375,119.765625,118.5625,1939772.0
SOURCE_NATIVE_FUTURES,ZN,bond,APPENDIX_C_172_004,10-year US,ZNU3,400198,2013-06-07,PROVIDER_CONDITION_AVAILABLE,-10.34375,128.953125,118.609375,DEV_RECON_LOCAL_BACK_ADJUSTED_DATED_CONTRACT_CHAIN,2013-06-07T00:00:00Z,129.828125,130.109375,128.90625,1939772.0,119.484375,119.765625,118.5625,1939772.0
SOURCE_NATIVE_FUTURES,ZN,bond,APPENDIX_C_172_004,10-year US,ZNU3,400198,2013-06-09,PROVIDER_CONDITION_AVAILABLE,-10.34375,128.9375,118.59375,DEV_RECON_LOCAL_BACK_ADJUSTED_DATED_CONTRACT_CHAIN,2013-06-09T00:00:00Z,129.0,129.015625,128.890625,14250.0,118.65625,118.671875,118.546875,14250.0
SOURCE_NATIVE_FUTURES,ZN,bond,APPENDIX_C_172_004,10-year US,ZNU3,400198,2013-06-09,PROVIDER_CONDITION_AVAILABLE,-10.34375,128.9375,118.59375,DEV_RECON_LOCAL_BACK_ADJUSTED_DATED_CONTRACT_CHAIN,2013-06-09T00:00:00Z,129.0,129.015625,128.890625,14250.0,118.65625,118.671875,118.546875,14250.0
SOURCE_NATIVE_FUTURES,ZN,bond,APPENDIX_C_172_004,10-year US,ZNU3,400198,2013-06-10,PROVIDER_CONDITION_AVAILABLE,-10.34375,128.703125,118.359375,DEV_RECON_LOCAL_BACK_ADJUSTED_DATED_CONTRACT_CHAIN,2013-06-10T00:00:00Z,128.9375,129.15625,128.53125,1295654.0,118.59375,118.8125,118.1875,1295654.0
SOURCE_NATIVE_FUTURES,ZN,bond,APPENDIX_C_172_004,10-year US,ZNU3,400198,2013-06-10,PROVIDER_CONDITION_AVAILABLE,-10.34375,128.703125,118.359375,DEV_RECON_LOCAL_BACK_ADJUSTED_DATED_CONTRACT_CHAIN,2013-06-10T00:00:00Z,128.9375,129.15625,128.53125,1295654.0,118.59375,118.8125,118.1875,1295654.0
SOURCE_NATIVE_FUTURES,ZN,bond,APPENDIX_C_172_004,10-year US,ZNU3,400198,2013-06-11,PROVIDER_CONDITION_AVAILABLE,-10.34375,128.875,118.53125,DEV_RECON_LOCAL_BACK_ADJUSTED_DATED_CONTRACT_CHAIN,2013-06-11T00:00:00Z,128.6875,129.0,128.09375,1934557.0,118.34375,118.65625,117.75,1934557.0
SOURCE_NATIVE_FUTURES,ZN,bond,APPENDIX_C_172_004,10-year US,ZNU3,400198,2013-06-11,PROVIDER_CONDITION_AVAILABLE,-10.34375,128.875,118.53125,DEV_RECON_LOCAL_BACK_ADJUSTED_DATED_CONTRACT_CHAIN,2013-06-11T00:00:00Z,128.6875,129.0,128.09375,1934557.0,118.34375,118.65625,117.75,1934557.0
SOURCE_NATIVE_FUTURES,ZN,bond,APPENDIX_C_172_004,10-year US,ZNU3,400198,2013-06-12,PROVIDER_CONDITION_AVAILABLE,-10.34375,128.65625,118.3125,DEV_RECON_LOCAL_BACK_ADJUSTED_DATED_CONTRACT_CHAIN,2013-06-12T00:00:00Z,128.875,129.09375,128.546875,1336831.0,118.53125,118.75,118.203125,1336831.0
SOURCE_NATIVE_FUTURES,ZN,bond,APPENDIX_C_172_004,10-year US,ZNU3,400198,2013-06-12,PROVIDER_CONDITION_AVAILABLE,-10.34375,128.65625,118.3125,DEV_RECON_LOCAL_BACK_ADJUSTED_DATED_CONTRACT_CHAIN,2013-06-12T00:00:00Z,128.875,129.09375,128.546875,1336831.0,118.53125,118.75,118.203125,1336831.0
SOURCE_NATIVE_FUTURES,ZN,bond,APPENDIX_C_172_004,10-year US,ZNU3,400198,2013-06-13,PROVIDER_CONDITION_AVAILABLE,-10.34375,129.265625,118.921875,DEV_RECON_LOCAL_BACK_ADJUSTED_DATED_CONTRACT_CHAIN,2013-06-13T00:00:00Z,128.65625,129.453125,128.640625,1621810.0,118.3125,119.109375,118.296875,1621810.0
SOURCE_NATIVE_FUTURES,ZN,bond,APPENDIX_C_172_004,10-year US,ZNU3,400198,2013-06-13,PROVIDER_CONDITION_AVAILABLE,-10.34375,129.265625,118.921875,DEV_RECON_LOCAL_BACK_ADJUSTED_DATED_CONTRACT_CHAIN,2013-06-13T00:00:00Z,128.65625,129.453125,128.640625,1621810.0,118.3125,119.109375,118.296875,1621810.0
SOURCE_NATIVE_FUTURES,ZN,bond,APPENDIX_C_172_004,10-year US,ZNU3,400198,2013-06-14,PROVIDER_CONDITION_AVAILABLE,-10.34375,129.578125,119.234375,DEV_RECON_LOCAL_BACK_ADJUSTED_DATED_CONTRACT_CHAIN,2013-06-14T00:00:00Z,129.265625,129.796875,129.25,1054814.0,118.921875,119.453125,118.90625,1054814.0
SOURCE_NATIVE_FUTURES,ZN,bond,APPENDIX_C_172_004,10-year US,ZNU3,400198,2013-06-14,PROVIDER_CONDITION_AVAILABLE,-10.34375,129.578125,119.234375,DEV_RECON_LOCAL_BACK_ADJUSTED_DATED_CONTRACT_CHAIN,2013-06-14T00:00:00Z,129.265625,129.796875,129.25,1054814.0,118.921875,119.453125,118.90625,1054814.0
SOURCE_NATIVE_FUTURES,ZN,bond,APPENDIX_C_172_004,10-year US,ZNU3,400198,2013-06-16,PROVIDER_CONDITION_AVAILABLE,-10.34375,129.46875,119.125,DEV_RECON_LOCAL_BACK_ADJUSTED_DATED_CONTRACT_CHAIN,2013-06-16T00:00:00Z,129.5625,129.5625,129.453125,7284.0,119.21875,119.21875,119.109375,7284.0
SOURCE_NATIVE_FUTURES,ZN,bond,APPENDIX_C_172_004,10-year US,ZNU3,400198,2013-06-16,PROVIDER_CONDITION_AVAILABLE,-10.34375,129.46875,119.125,DEV_RECON_LOCAL_BACK_ADJUSTED_DATED_CONTRACT_CHAIN,2013-06-16T00:00:00Z,129.5625,129.5625,129.453125,7284.0,119.21875,119.21875,119.109375,7284.0
SOURCE_NATIVE_FUTURES,ZN,bond,APPENDIX_C_172_004,10-year US,ZNU3,400198,2013-06-17,PROVIDER_CONDITION_AVAILABLE,-10.34375,129.21875,118.875,DEV_RECON_LOCAL_BACK_ADJUSTED_DATED_CONTRACT_CHAIN,2013-06-17T00:00:00Z,129.484375,129.765625,129.15625,893853.0,119.140625,119.421875,118.8125,893853.0
SOURCE_NATIVE_FUTURES,ZN,bond,APPENDIX_C_172_004,10-year US,ZNU3,400198,2013-06-17,PROVIDER_CONDITION_AVAILABLE,-10.34375,129.21875,118.875,DEV_RECON_LOCAL_BACK_ADJUSTED_DATED_CONTRACT_CHAIN,2013-06-17T00:00:00Z,129.484375,129.765625,129.15625,893853.0,119.140625,119.421875,118.8125,893853.0
SOURCE_NATIVE_FUTURES,ZN,bond,APPENDIX_C_172_004,10-year US,ZNU3,400198,2013-06-18,PROVIDER_CONDITION_AVAILABLE,-10.34375,129.1875,118.84375,DEV_RECON_LOCAL_BACK_ADJUSTED_DATED_CONTRACT_CHAIN,2013-06-18T00:00:00Z,129.21875,129.3125,128.9375,977712.0,118.875,118.96875,118.59375,977712.0
SOURCE_NATIVE_FUTURES,ZN,bond,APPENDIX_C_172_004,10-year US,ZNU3,400198,2013-06-18,PROVIDER_CONDITION_AVAILABLE,-10.34375,129.1875,118.84375,DEV_RECON_LOCAL_BACK_ADJUSTED_DATED_CONTRACT_CHAIN,2013-06-18T00:00:00Z,129.21875,129.3125,128.9375,977712.0,118.875,118.96875,118.59375,977712.0
SOURCE_NATIVE_FUTURES,ZN,bond,APPENDIX_C_172_004,10-year US,ZNU3,400198,2013-06-19,PROVIDER_CONDITION_AVAILABLE,-10.34375,127.34375,117.0,DEV_RECON_LOCAL_BACK_ADJUSTED_DATED_CONTRACT_CHAIN,2013-06-19T00:00:00Z,129.203125,129.375,127.265625,1796266.0,118.859375,119.03125,116.921875,1796266.0
SOURCE_NATIVE_FUTURES,ZN,bond,APPENDIX_C_172_004,10-year US,ZNU3,400198,2013-06-19,PROVIDER_CONDITION_AVAILABLE,-10.34375,127.34375,117.0,DEV_RECON_LOCAL_BACK_ADJUSTED_DATED_CONTRACT_CHAIN,2013-06-19T00:00:00Z,129.203125,129.375,127.265625,1796266.0,118.859375,119.03125,116.921875,1796266.0
SOURCE_NATIVE_FUTURES,ZN,bond,APPENDIX_C_172_004,10-year US,ZNU3,400198,2013-06-20,PROVIDER_CONDITION_AVAILABLE,-10.34375,127.234375,116.890625,DEV_RECON_LOCAL_BACK_ADJUSTED_DATED_CONTRACT_CHAIN,2013-06-20T00:00:00Z,127.34375,127.5625,126.640625,2228390.0,117.0,117.21875,116.296875,2228390.0
SOURCE_NATIVE_FUTURES,ZN,bond,APPENDIX_C_172_004,10-year US,ZNU3,400198,2013-06-20,PROVIDER_CONDITION_AVAILABLE,-10.34375,127.234375,116.890625,DEV_RECON_LOCAL_BACK_ADJUSTED_DATED_CONTRACT_CHAIN,2013-06-20T00:00:00Z,127.34375,127.5625,126.640625,2228390.0,117.0,117.21875,116.296875,2228390.0
SOURCE_NATIVE_FUTURES,ZN,bond,APPENDIX_C_172_004,10-year US,ZNU3,400198,2013-06-21,PROVIDER_CONDITION_AVAILABLE,-10.34375,126.109375,115.765625,DEV_RECON_LOCAL_BACK_ADJUSTED_DATED_CONTRACT_CHAIN,2013-06-21T00:00:00Z,127.21875,127.375,126.015625,1814498.0,116.875,117.03125,115.671875,1814498.0
SOURCE_NATIVE_FUTURES,ZN,bond,APPENDIX_C_172_004,10-year US,ZNU3,400198,2013-06-21,PROVIDER_CONDITION_AVAILABLE,-10.34375,126.109375,115.765625,DEV_RECON_LOCAL_BACK_ADJUSTED_DATED_CONTRACT_CHAIN,2013-06-21T00:00:00Z,127.21875,127.375,126.015625,1814498.0,116.875,117.03125,115.671875,1814498.0
SOURCE_NATIVE_FUTURES,ZN,bond,APPENDIX_C_172_004,10-year US,ZNU3,400198,2013-06-23,PROVIDER_CONDITION_AVAILABLE,-10.34375,126.078125,115.734375,DEV_RECON_LOCAL_BACK_ADJUSTED_DATED_CONTRACT_CHAIN,2013-06-23T00:00:00Z,126.21875,126.25,126.03125,15752.0,115.875,115.90625,115.6875,15752.0
SOURCE_NATIVE_FUTURES,ZN,bond,APPENDIX_C_172_004,10-year US,ZNU3,400198,2013-06-23,PROVIDER_CONDITION_AVAILABLE,-10.34375,126.078125,115.734375,DEV_RECON_LOCAL_BACK_ADJUSTED_DATED_CONTRACT_CHAIN,2013-06-23T00:00:00Z,126.21875,126.25,126.03125,15752.0,115.875,115.90625,115.6875,15752.0
SOURCE_NATIVE_FUTURES,ZN,bond,APPENDIX_C_172_004,10-year US,ZNU3,400198,2013-06-24,PROVIDER_CONDITION_AVAILABLE,-10.34375,126.125,115.78125,DEV_RECON_LOCAL_BACK_ADJUSTED_DATED_CONTRACT_CHAIN,2013-06-24T00:00:00Z,126.078125,126.25,125.015625,1927458.0,115.734375,115.90625,114.671875,1927458.0
SOURCE_NATIVE_FUTURES,ZN,bond,APPENDIX_C_172_004,10-year US,ZNU3,400198,2013-06-24,PROVIDER_CONDITION_AVAILABLE,-10.34375,126.125,115.78125,DEV_RECON_LOCAL_BACK_ADJUSTED_DATED_CONTRACT_CHAIN,2013-06-24T00:00:00Z,126.078125,126.25,125.015625,1927458.0,115.734375,115.90625,114.671875,1927458.0
SOURCE_NATIVE_FUTURES,ZN,bond,APPENDIX_C_172_004,10-year US,ZNU3,400198,2013-06-25,PROVIDER_CONDITION_AVAILABLE,-10.34375,125.484375,115.140625,DEV_RECON_LOCAL_BACK_ADJUSTED_DATED_CONTRACT_CHAIN,2013-06-25T00:00:00Z,126.109375,126.546875,125.328125,1561561.0,115.765625,116.203125,114.984375,1561561.0
SOURCE_NATIVE_FUTURES,ZN,bond,APPENDIX_C_172_004,10-year US,ZNU3,400198,2013-06-25,PROVIDER_CONDITION_AVAILABLE,-10.34375,125.484375,115.140625,DEV_RECON_LOCAL_BACK_ADJUSTED_DATED_CONTRACT_CHAIN,2013-06-25T00:00:00Z,126.109375,126.546875,125.328125,1561561.0,115.765625,116.203125,114.984375,1561561.0
SOURCE_NATIVE_FUTURES,ZN,bond,APPENDIX_C_172_004,10-year US,ZNU3,400198,2013-06-26,PROVIDER_CONDITION_AVAILABLE,-10.34375,126.1875,115.84375,DEV_RECON_LOCAL_BACK_ADJUSTED_DATED_CONTRACT_CHAIN,2013-06-26T00:00:00Z,125.46875,126.4375,125.453125,1350916.0,115.125,116.09375,115.109375,1350916.0
SOURCE_NATIVE_FUTURES,ZN,bond,APPENDIX_C_172_004,10-year US,ZNU3,400198,2013-06-26,PROVIDER_CONDITION_AVAILABLE,-10.34375,126.1875,115.84375,DEV_RECON_LOCAL_BACK_ADJUSTED_DATED_CONTRACT_CHAIN,2013-06-26T00:00:00Z,125.46875,126.4375,125.453125,1350916.0,115.125,116.09375,115.109375,1350916.0
SOURCE_NATIVE_FUTURES,ZN,bond,APPENDIX_C_172_004,10-year US,ZNU3,400198,2013-06-27,PROVIDER_CONDITION_AVAILABLE,-10.34375,126.71875,116.375,DEV_RECON_LOCAL_BACK_ADJUSTED_DATED_CONTRACT_CHAIN,2013-06-27T00:00:00Z,126.1875,126.78125,126.0625,1276439.0,115.84375,116.4375,115.71875,1276439.0
SOURCE_NATIVE_FUTURES,ZN,bond,APPENDIX_C_172_004,10-year US,ZNU3,400198,2013-06-27,PROVIDER_CONDITION_AVAILABLE,-10.34375,126.71875,116.375,DEV_RECON_LOCAL_BACK_ADJUSTED_DATED_CONTRACT_CHAIN,2013-06-27T00:00:00Z,126.1875,126.78125,126.0625,1276439.0,115.84375,116.4375,115.71875,1276439.0
SOURCE_NATIVE_FUTURES,ZN,bond,APPENDIX_C_172_004,10-year US,ZNU3,400198,2013-06-28,PROVIDER_CONDITION_AVAILABLE,-10.34375,126.46875,116.125,DEV_RECON_LOCAL_BACK_ADJUSTED_DATED_CONTRACT_CHAIN,2013-06-28T00:00:00Z,126.703125,126.921875,125.984375,1382590.0,116.359375,116.578125,115.640625,1382590.0
SOURCE_NATIVE_FUTURES,ZN,bond,APPENDIX_C_172_004,10-year US,ZNU3,400198,2013-06-28,PROVIDER_CONDITION_AVAILABLE,-10.34375,126.46875,116.125,DEV_RECON_LOCAL_BACK_ADJUSTED_DATED_CONTRACT_CHAIN,2013-06-28T00:00:00Z,126.703125,126.921875,125.984375,1382590.0,116.359375,116.578125,115.640625,1382590.0
SOURCE_NATIVE_FUTURES,ZN,bond,APPENDIX_C_172_004,10-year US,ZNU3,400198,2013-06-30,PROVIDER_CONDITION_AVAILABLE,-10.34375,126.328125,115.984375,DEV_RECON_LOCAL_BACK_ADJUSTED_DATED_CONTRACT_CHAIN,2013-06-30T00:00:00Z,126.375,126.484375,126.28125,11050.0,116.03125,116.140625,115.9375,11050.0
SOURCE_NATIVE_FUTURES,ZN,bond,APPENDIX_C_172_004,10-year US,ZNU3,400198,2013-06-30,PROVIDER_CONDITION_AVAILABLE,-10.34375,126.328125,115.984375,DEV_RECON_LOCAL_BACK_ADJUSTED_DATED_CONTRACT_CHAIN,2013-06-30T00:00:00Z,126.375,126.484375,126.28125,11050.0,116.03125,116.140625,115.9375,11050.0
SOURCE_NATIVE_FUTURES,ZN,bond,APPENDIX_C_172_004,10-year US,ZNU3,400198,2013-07-01,PROVIDER_CONDITION_AVAILABLE,-10.34375,126.59375,116.25,DEV_RECON_LOCAL_BACK_ADJUSTED_DATED_CONTRACT_CHAIN,2013-07-01T00:00:00Z,126.328125,126.6875,125.96875,820130.0,115.984375,116.34375,115.625,820130.0
SOURCE_NATIVE_FUTURES,ZN,bond,APPENDIX_C_172_004,10-year US,ZNU3,400198,2013-07-01,PROVIDER_CONDITION_AVAILABLE,-10.34375,126.59375,116.25,DEV_RECON_LOCAL_BACK_ADJUSTED_DATED_CONTRACT_CHAIN,2013-07-01T00:00:00Z,126.328125,126.6875,125.96875,820130.0,115.984375,116.34375,115.625,820130.0
SOURCE_NATIVE_FUTURES,ZN,bond,APPENDIX_C_172_004,10-year US,ZNU3,400198,2013-07-02,PROVIDER_CONDITION_AVAILABLE,-10.34375,126.640625,116.296875,DEV_RECON_LOCAL_BACK_ADJUSTED_DATED_CONTRACT_CHAIN,2013-07-02T00:00:00Z,126.578125,126.8125,126.421875,779882.0,116.234375,116.46875,116.078125,779882.0
SOURCE_NATIVE_FUTURES,ZN,bond,APPENDIX_C_172_004,10-year US,ZNU3,400198,2013-07-02,PROVIDER_CONDITION_AVAILABLE,-10.34375,126.640625,116.296875,DEV_RECON_LOCAL_BACK_ADJUSTED_DATED_CONTRACT_CHAIN,2013-07-02T00:00:00Z,126.578125,126.8125,126.421875,779882.0,116.234375,116.46875,116.078125,779882.0
SOURCE_NATIVE_FUTURES,ZN,bond,APPENDIX_C_172_004,10-year US,ZNU3,400198,2013-07-03,PROVIDER_CONDITION_AVAILABLE,-10.34375,126.25,115.90625,DEV_RECON_LOCAL_BACK_ADJUSTED_DATED_CONTRACT_CHAIN,2013-07-03T00:00:00Z,126.640625,127.078125,126.1875,852647.0,116.296875,116.734375,115.84375,852647.0
SOURCE_NATIVE_FUTURES,ZN,bond,APPENDIX_C_172_004,10-year US,ZNU3,400198,2013-07-03,PROVIDER_CONDITION_AVAILABLE,-10.34375,126.25,115.90625,DEV_RECON_LOCAL_BACK_ADJUSTED_DATED_CONTRACT_CHAIN,2013-07-03T00:00:00Z,126.640625,127.078125,126.1875,852647.0,116.296875,116.734375,115.84375,852647.0
SOURCE_NATIVE_FUTURES,ZN,bond,APPENDIX_C_172_004,10-year US,ZNU3,400198,2013-07-04,PROVIDER_CONDITION_AVAILABLE,-10.34375,126.203125,115.859375,DEV_RECON_LOCAL_BACK_ADJUSTED_DATED_CONTRACT_CHAIN,2013-07-04T00:00:00Z,126.171875,126.234375,126.15625,3674.0,115.828125,115.890625,115.8125,3674.0
SOURCE_NATIVE_FUTURES,ZN,bond,APPENDIX_C_172_004,10-year US,ZNU3,400198,2013-07-04,PROVIDER_CONDITION_AVAILABLE,-10.34375,126.203125,115.859375,DEV_RECON_LOCAL_BACK_ADJUSTED_DATED_CONTRACT_CHAIN,2013-07-04T00:00:00Z,126.171875,126.234375,126.15625,3674.0,115.828125,115.890625,115.8125,3674.0
SOURCE_NATIVE_FUTURES,ZN,bond,APPENDIX_C_172_004,10-year US,ZNU3,400198,2013-07-05,PROVIDER_CONDITION_AVAILABLE,-10.34375,124.5,114.15625,DEV_RECON_LOCAL_BACK_ADJUSTED_DATED_CONTRACT_CHAIN,2013-07-05T00:00:00Z,126.203125,126.234375,124.484375,1491247.0,115.859375,115.890625,114.140625,1491247.0
SOURCE_NATIVE_FUTURES,ZN,bond,APPENDIX_C_172_004,10-year US,ZNU3,400198,2013-07-05,PROVIDER_CONDITION_AVAILABLE,-10.34375,124.5,114.15625,DEV_RECON_LOCAL_BACK_ADJUSTED_DATED_CONTRACT_CHAIN,2013-07-05T00:00:00Z,126.203125,126.234375,124.484375,1491247.0,115.859375,115.890625,114.140625,1491247.0
SOURCE_NATIVE_FUTURES,ZN,bond,APPENDIX_C_172_004,10-year US,ZNU3,400198,2013-07-07,PROVIDER_CONDITION_AVAILABLE,-10.34375,124.453125,114.109375,DEV_RECON_LOCAL_BACK_ADJUSTED_DATED_CONTRACT_CHAIN,2013-07-07T00:00:00Z,124.625,124.625,124.421875,15433.0,114.28125,114.28125,114.078125,15433.0
SOURCE_NATIVE_FUTURES,ZN,bond,APPENDIX_C_172_004,10-year US,ZNU3,400198,2013-07-07,PROVIDER_CONDITION_AVAILABLE,-10.34375,124.453125,114.109375,DEV_RECON_LOCAL_BACK_ADJUSTED_DATED_CONTRACT_CHAIN,2013-07-07T00:00:00Z,124.625,124.625,124.421875,15433.0,114.28125,114.28125,114.078125,15433.0
SOURCE_NATIVE_FUTURES,ZN,bond,APPENDIX_C_172_004,10-year US,ZNU3,400198,2013-07-08,PROVIDER_CONDITION_AVAILABLE,-10.34375,125.28125,114.9375,DEV_RECON_LOCAL_BACK_ADJUSTED_DATED_CONTRACT_CHAIN,2013-07-08T00:00:00Z,124.4375,125.34375,124.359375,999462.0,114.09375,115.0,114.015625,999462.0
SOURCE_NATIVE_FUTURES,ZN,bond,APPENDIX_C_172_004,10-year US,ZNU3,400198,2013-07-08,PROVIDER_CONDITION_AVAILABLE,-10.34375,125.28125,114.9375,DEV_RECON_LOCAL_BACK_ADJUSTED_DATED_CONTRACT_CHAIN,2013-07-08T00:00:00Z,124.4375,125.34375,124.359375,999462.0,114.09375,115.0,114.015625,999462.0
SOURCE_NATIVE_FUTURES,ZN,bond,APPENDIX_C_172_004,10-year US,ZNU3,400198,2013-07-09,PROVIDER_CONDITION_AVAILABLE,-10.34375,125.390625,115.046875,DEV_RECON_LOCAL_BACK_ADJUSTED_DATED_CONTRACT_CHAIN,2013-07-09T00:00:00Z,125.28125,125.609375,125.125,767228.0,114.9375,115.265625,114.78125,767228.0
SOURCE_NATIVE_FUTURES,ZN,bond,APPENDIX_C_172_004,10-year US,ZNU3,400198,2013-07-09,PROVIDER_CONDITION_AVAILABLE,-10.34375,125.390625,115.046875,DEV_RECON_LOCAL_BACK_ADJUSTED_DATED_CONTRACT_CHAIN,2013-07-09T00:00:00Z,125.28125,125.609375,125.125,767228.0,114.9375,115.265625,114.78125,767228.0
SOURCE_NATIVE_FUTURES,ZN,bond,APPENDIX_C_172_004,10-year US,ZNU3,400198,2013-07-10,PROVIDER_CONDITION_AVAILABLE,-10.34375,126.34375,116.0,DEV_RECON_LOCAL_BACK_ADJUSTED_DATED_CONTRACT_CHAIN,2013-07-10T00:00:00Z,125.375,126.5,125.15625,1183081.0,115.03125,116.15625,114.8125,1183081.0
SOURCE_NATIVE_FUTURES,ZN,bond,APPENDIX_C_172_004,10-year US,ZNU3,400198,2013-07-10,PROVIDER_CONDITION_AVAILABLE,-10.34375,126.34375,116.0,DEV_RECON_LOCAL_BACK_ADJUSTED_DATED_CONTRACT_CHAIN,2013-07-10T00:00:00Z,125.375,126.5,125.15625,1183081.0,115.03125,116.15625,114.8125,1183081.0
SOURCE_NATIVE_FUTURES,ZN,bond,APPENDIX_C_172_004,10-year US,ZNU3,400198,2013-07-11,PROVIDER_CONDITION_AVAILABLE,-10.34375,126.34375,116.0,DEV_RECON_LOCAL_BACK_ADJUSTED_DATED_CONTRACT_CHAIN,2013-07-11T00:00:00Z,126.34375,126.40625,126.0,1099239.0,116.0,116.0625,115.65625,1099239.0
SOURCE_NATIVE_FUTURES,ZN,bond,APPENDIX_C_172_004,10-year US,ZNU3,400198,2013-07-11,PROVIDER_CONDITION_AVAILABLE,-10.34375,126.34375,116.0,DEV_RECON_LOCAL_BACK_ADJUSTED_DATED_CONTRACT_CHAIN,2013-07-11T00:00:00Z,126.34375,126.40625,126.0,1099239.0,116.0,116.0625,115.65625,1099239.0
SOURCE_NATIVE_FUTURES,ZN,bond,APPENDIX_C_172_004,10-year US,ZNU3,400198,2013-07-12,PROVIDER_CONDITION_AVAILABLE,-10.34375,126.21875,115.875,DEV_RECON_LOCAL_BACK_ADJUSTED_DATED_CONTRACT_CHAIN,2013-07-12T00:00:00Z,126.328125,126.796875,126.0625,934782.0,115.984375,116.453125,115.71875,934782.0
SOURCE_NATIVE_FUTURES,ZN,bond,APPENDIX_C_172_004,10-year US,ZNU3,400198,2013-07-12,PROVIDER_CONDITION_AVAILABLE,-10.34375,126.21875,115.875,DEV_RECON_LOCAL_BACK_ADJUSTED_DATED_CONTRACT_CHAIN,2013-07-12T00:00:00Z,126.328125,126.796875,126.0625,934782.0,115.984375,116.453125,115.71875,934782.0
SOURCE_NATIVE_FUTURES,ZN,bond,APPENDIX_C_172_004,10-year US,ZNU3,400198,2013-07-14,PROVIDER_CONDITION_AVAILABLE,-10.34375,126.171875,115.828125,DEV_RECON_LOCAL_BACK_ADJUSTED_DATED_CONTRACT_CHAIN,2013-07-14T00:00:00Z,126.15625,126.203125,126.09375,4277.0,115.8125,115.859375,115.75,4277.0
SOURCE_NATIVE_FUTURES,ZN,bond,APPENDIX_C_172_004,10-year US,ZNU3,400198,2013-07-14,PROVIDER_CONDITION_AVAILABLE,-10.34375,126.171875,115.828125,DEV_RECON_LOCAL_BACK_ADJUSTED_DATED_CONTRACT_CHAIN,2013-07-14T00:00:00Z,126.15625,126.203125,126.09375,4277.0,115.8125,115.859375,115.75,4277.0
SOURCE_NATIVE_FUTURES,ZN,bond,APPENDIX_C_172_004,10-year US,ZNU3,400198,2013-07-15,PROVIDER_CONDITION_AVAILABLE,-10.34375,126.578125,116.234375,DEV_RECON_LOCAL_BACK_ADJUSTED_DATED_CONTRACT_CHAIN,2013-07-15T00:00:00Z,126.171875,126.609375,125.8125,727219.0,115.828125,116.265625,115.46875,727219.0
SOURCE_NATIVE_FUTURES,ZN,bond,APPENDIX_C_172_004,10-year US,ZNU3,400198,2013-07-15,PROVIDER_CONDITION_AVAILABLE,-10.34375,126.578125,116.234375,DEV_RECON_LOCAL_BACK_ADJUSTED_DATED_CONTRACT_CHAIN,2013-07-15T00:00:00Z,126.171875,126.609375,125.8125,727219.0,115.828125,116.265625,115.46875,727219.0
SOURCE_NATIVE_FUTURES,ZN,bond,APPENDIX_C_172_004,10-year US,ZNU3,400198,2013-07-16,PROVIDER_CONDITION_AVAILABLE,-10.34375,126.5625,116.21875,DEV_RECON_LOCAL_BACK_ADJUSTED_DATED_CONTRACT_CHAIN,2013-07-16T00:00:00Z,126.578125,126.828125,126.4375,765962.0,116.234375,116.484375,116.09375,765962.0
SOURCE_NATIVE_FUTURES,ZN,bond,APPENDIX_C_172_004,10-year US,ZNU3,400198,2013-07-16,PROVIDER_CONDITION_AVAILABLE,-10.34375,126.5625,116.21875,DEV_RECON_LOCAL_BACK_ADJUSTED_DATED_CONTRACT_CHAIN,2013-07-16T00:00:00Z,126.578125,126.828125,126.4375,765962.0,116.234375,116.484375,116.09375,765962.0
SOURCE_NATIVE_FUTURES,ZN,bond,APPENDIX_C_172_004,10-year US,ZNU3,400198,2013-07-17,PROVIDER_CONDITION_AVAILABLE,-10.34375,127.09375,116.75,DEV_RECON_LOCAL_BACK_ADJUSTED_DATED_CONTRACT_CHAIN,2013-07-17T00:00:00Z,126.578125,127.3125,126.34375,1236035.0,116.234375,116.96875,116.0,1236035.0
SOURCE_NATIVE_FUTURES,ZN,bond,APPENDIX_C_172_004,10-year US,ZNU3,400198,2013-07-17,PROVIDER_CONDITION_AVAILABLE,-10.34375,127.09375,116.75,DEV_RECON_LOCAL_BACK_ADJUSTED_DATED_CONTRACT_CHAIN,2013-07-17T00:00:00Z,126.578125,127.3125,126.34375,1236035.0,116.234375,116.96875,116.0,1236035.0
SOURCE_NATIVE_FUTURES,ZN,bond,APPENDIX_C_172_004,10-year US,ZNU3,400198,2013-07-18,PROVIDER_CONDITION_AVAILABLE,-10.34375,126.8125,116.46875,DEV_RECON_LOCAL_BACK_ADJUSTED_DATED_CONTRACT_CHAIN,2013-07-18T00:00:00Z,127.09375,127.28125,126.609375,942257.0,116.75,116.9375,116.265625,942257.0
SOURCE_NATIVE_FUTURES,ZN,bond,APPENDIX_C_172_004,10-year US,ZNU3,400198,2013-07-18,PROVIDER_CONDITION_AVAILABLE,-10.34375,126.8125,116.46875,DEV_RECON_LOCAL_BACK_ADJUSTED_DATED_CONTRACT_CHAIN,2013-07-18T00:00:00Z,127.09375,127.28125,126.609375,942257.0,116.75,116.9375,116.265625,942257.0
SOURCE_NATIVE_FUTURES,ZN,bond,APPENDIX_C_172_004,10-year US,ZNU3,400198,2013-07-19,PROVIDER_CONDITION_AVAILABLE,-10.34375,127.09375,116.75,DEV_RECON_LOCAL_BACK_ADJUSTED_DATED_CONTRACT_CHAIN,2013-07-19T00:00:00Z,126.828125,127.15625,126.703125,621706.0,116.484375,116.8125,116.359375,621706.0
SOURCE_NATIVE_FUTURES,ZN,bond,APPENDIX_C_172_004,10-year US,ZNU3,400198,2013-07-19,PROVIDER_CONDITION_AVAILABLE,-10.34375,127.09375,116.75,DEV_RECON_LOCAL_BACK_ADJUSTED_DATED_CONTRACT_CHAIN,2013-07-19T00:00:00Z,126.828125,127.15625,126.703125,621706.0,116.484375,116.8125,116.359375,621706.0
SOURCE_NATIVE_FUTURES,ZN,bond,APPENDIX_C_172_004,10-year US,ZNU3,400198,2013-07-21,PROVIDER_CONDITION_AVAILABLE,-10.34375,127.140625,116.796875,DEV_RECON_LOCAL_BACK_ADJUSTED_DATED_CONTRACT_CHAIN,2013-07-21T00:00:00Z,127.078125,127.1875,127.078125,5704.0,116.734375,116.84375,116.734375,5704.0
SOURCE_NATIVE_FUTURES,ZN,bond,APPENDIX_C_172_004,10-year US,ZNU3,400198,2013-07-21,PROVIDER_CONDITION_AVAILABLE,-10.34375,127.140625,116.796875,DEV_RECON_LOCAL_BACK_ADJUSTED_DATED_CONTRACT_CHAIN,2013-07-21T00:00:00Z,127.078125,127.1875,127.078125,5704.0,116.734375,116.84375,116.734375,5704.0
SOURCE_NATIVE_FUTURES,ZN,bond,APPENDIX_C_172_004,10-year US,ZNU3,400198,2013-07-22,PROVIDER_CONDITION_AVAILABLE,-10.34375,127.15625,116.8125,DEV_RECON_LOCAL_BACK_ADJUSTED_DATED_CONTRACT_CHAIN,2013-07-22T00:00:00Z,127.15625,127.3125,127.0625,543191.0,116.8125,116.96875,116.71875,543191.0
SOURCE_NATIVE_FUTURES,ZN,bond,APPENDIX_C_172_004,10-year US,ZNU3,400198,2013-07-22,PROVIDER_CONDITION_AVAILABLE,-10.34375,127.15625,116.8125,DEV_RECON_LOCAL_BACK_ADJUSTED_DATED_CONTRACT_CHAIN,2013-07-22T00:00:00Z,127.15625,127.3125,127.0625,543191.0,116.8125,116.96875,116.71875,543191.0
SOURCE_NATIVE_FUTURES,ZN,bond,APPENDIX_C_172_004,10-year US,ZNU3,400198,2013-07-23,PROVIDER_CONDITION_AVAILABLE,-10.34375,126.96875,116.625,DEV_RECON_LOCAL_BACK_ADJUSTED_DATED_CONTRACT_CHAIN,2013-07-23T00:00:00Z,127.171875,127.21875,126.78125,719096.0,116.828125,116.875,116.4375,719096.0
SOURCE_NATIVE_FUTURES,ZN,bond,APPENDIX_C_172_004,10-year US,ZNU3,400198,2013-07-23,PROVIDER_CONDITION_AVAILABLE,-10.34375,126.96875,116.625,DEV_RECON_LOCAL_BACK_ADJUSTED_DATED_CONTRACT_CHAIN,2013-07-23T00:00:00Z,127.171875,127.21875,126.78125,719096.0,116.828125,116.875,116.4375,719096.0
SOURCE_NATIVE_FUTURES,ZN,bond,APPENDIX_C_172_004,10-year US,ZNU3,400198,2013-07-24,PROVIDER_CONDITION_AVAILABLE,-10.34375,126.390625,116.046875,DEV_RECON_LOCAL_BACK_ADJUSTED_DATED_CONTRACT_CHAIN,2013-07-24T00:00:00Z,126.984375,127.015625,126.109375,1061748.0,116.640625,116.671875,115.765625,1061748.0
SOURCE_NATIVE_FUTURES,ZN,bond,APPENDIX_C_172_004,10-year US,ZNU3,400198,2013-07-24,PROVIDER_CONDITION_AVAILABLE,-10.34375,126.390625,116.046875,DEV_RECON_LOCAL_BACK_ADJUSTED_DATED_CONTRACT_CHAIN,2013-07-24T00:00:00Z,126.984375,127.015625,126.109375,1061748.0,116.640625,116.671875,115.765625,1061748.0
SOURCE_NATIVE_FUTURES,ZN,bond,APPENDIX_C_172_004,10-year US,ZNU3,400198,2013-07-25,PROVIDER_CONDITION_AVAILABLE,-10.34375,126.609375,116.265625,DEV_RECON_LOCAL_BACK_ADJUSTED_DATED_CONTRACT_CHAIN,2013-07-25T00:00:00Z,126.390625,126.671875,126.09375,1138946.0,116.046875,116.328125,115.75,1138946.0
SOURCE_NATIVE_FUTURES,ZN,bond,APPENDIX_C_172_004,10-year US,ZNU3,400198,2013-07-25,PROVIDER_CONDITION_AVAILABLE,-10.34375,126.609375,116.265625,DEV_RECON_LOCAL_BACK_ADJUSTED_DATED_CONTRACT_CHAIN,2013-07-25T00:00:00Z,126.390625,126.671875,126.09375,1138946.0,116.046875,116.328125,115.75,1138946.0
SOURCE_NATIVE_FUTURES,ZN,bond,APPENDIX_C_172_004,10-year US,ZNU3,400198,2013-07-26,PROVIDER_CONDITION_AVAILABLE,-10.34375,126.640625,116.296875,DEV_RECON_LOCAL_BACK_ADJUSTED_DATED_CONTRACT_CHAIN,2013-07-26T00:00:00Z,126.625,126.8125,126.453125,662200.0,116.28125,116.46875,116.109375,662200.0
SOURCE_NATIVE_FUTURES,ZN,bond,APPENDIX_C_172_004,10-year US,ZNU3,400198,2013-07-26,PROVIDER_CONDITION_AVAILABLE,-10.34375,126.640625,116.296875,DEV_RECON_LOCAL_BACK_ADJUSTED_DATED_CONTRACT_CHAIN,2013-07-26T00:00:00Z,126.625,126.8125,126.453125,662200.0,116.28125,116.46875,116.109375,662200.0
SOURCE_NATIVE_FUTURES,ZN,bond,APPENDIX_C_172_004,10-year US,ZNU3,400198,2013-07-28,PROVIDER_CONDITION_AVAILABLE,-10.34375,126.6875,116.34375,DEV_RECON_LOCAL_BACK_ADJUSTED_DATED_CONTRACT_CHAIN,2013-07-28T00:00:00Z,126.625,126.703125,126.625,3434.0,116.28125,116.359375,116.28125,3434.0
SOURCE_NATIVE_FUTURES,ZN,bond,APPENDIX_C_172_004,10-year US,ZNU3,400198,2013-07-28,PROVIDER_CONDITION_AVAILABLE,-10.34375,126.6875,116.34375,DEV_RECON_LOCAL_BACK_ADJUSTED_DATED_CONTRACT_CHAIN,2013-07-28T00:00:00Z,126.625,126.703125,126.625,3434.0,116.28125,116.359375,116.28125,3434.0
SOURCE_NATIVE_FUTURES,ZN,bond,APPENDIX_C_172_004,10-year US,ZNU3,400198,2013-07-29,PROVIDER_CONDITION_AVAILABLE,-10.34375,126.4375,116.09375,DEV_RECON_LOCAL_BACK_ADJUSTED_DATED_CONTRACT_CHAIN,2013-07-29T00:00:00Z,126.6875,126.8125,126.375,645627.0,116.34375,116.46875,116.03125,645627.0
SOURCE_NATIVE_FUTURES,ZN,bond,APPENDIX_C_172_004,10-year US,ZNU3,400198,2013-07-29,PROVIDER_CONDITION_AVAILABLE,-10.34375,126.4375,116.09375,DEV_RECON_LOCAL_BACK_ADJUSTED_DATED_CONTRACT_CHAIN,2013-07-29T00:00:00Z,126.6875,126.8125,126.375,645627.0,116.34375,116.46875,116.03125,645627.0
SOURCE_NATIVE_FUTURES,ZN,bond,APPENDIX_C_172_004,10-year US,ZNU3,400198,2013-07-30,PROVIDER_CONDITION_AVAILABLE,-10.34375,126.421875,116.078125,DEV_RECON_LOCAL_BACK_ADJUSTED_DATED_CONTRACT_CHAIN,2013-07-30T00:00:00Z,126.4375,126.65625,126.359375,710996.0,116.09375,116.3125,116.015625,710996.0
SOURCE_NATIVE_FUTURES,ZN,bond,APPENDIX_C_172_004,10-year US,ZNU3,400198,2013-07-30,PROVIDER_CONDITION_AVAILABLE,-10.34375,126.421875,116.078125,DEV_RECON_LOCAL_BACK_ADJUSTED_DATED_CONTRACT_CHAIN,2013-07-30T00:00:00Z,126.4375,126.65625,126.359375,710996.0,116.09375,116.3125,116.015625,710996.0
SOURCE_NATIVE_FUTURES,ZN,bond,APPENDIX_C_172_004,10-year US,ZNU3,400198,2013-07-31,PROVIDER_CONDITION_AVAILABLE,-10.34375,126.5,116.15625,DEV_RECON_LOCAL_BACK_ADJUSTED_DATED_CONTRACT_CHAIN,2013-07-31T00:00:00Z,126.421875,126.625,125.53125,1590038.0,116.078125,116.28125,115.1875,1590038.0
SOURCE_NATIVE_FUTURES,ZN,bond,APPENDIX_C_172_004,10-year US,ZNU3,400198,2013-07-31,PROVIDER_CONDITION_AVAILABLE,-10.34375,126.5,116.15625,DEV_RECON_LOCAL_BACK_ADJUSTED_DATED_CONTRACT_CHAIN,2013-07-31T00:00:00Z,126.421875,126.625,125.53125,1590038.0,116.078125,116.28125,115.1875,1590038.0
SOURCE_NATIVE_FUTURES,ZN,bond,APPENDIX_C_172_004,10-year US,ZNU3,400198,2013-08-01,PROVIDER_CONDITION_AVAILABLE,-10.34375,125.484375,115.140625,DEV_RECON_LOCAL_BACK_ADJUSTED_DATED_CONTRACT_CHAIN,2013-08-01T00:00:00Z,126.5,126.515625,125.34375,1273023.0,116.15625,116.171875,115.0,1273023.0
SOURCE_NATIVE_FUTURES,ZN,bond,APPENDIX_C_172_004,10-year US,ZNU3,400198,2013-08-01,PROVIDER_CONDITION_AVAILABLE,-10.34375,125.484375,115.140625,DEV_RECON_LOCAL_BACK_ADJUSTED_DATED_CONTRACT_CHAIN,2013-08-01T00:00:00Z,126.5,126.515625,125.34375,1273023.0,116.15625,116.171875,115.0,1273023.0
SOURCE_NATIVE_FUTURES,ZN,bond,APPENDIX_C_172_004,10-year US,ZNU3,400198,2013-08-02,PROVIDER_CONDITION_AVAILABLE,-10.34375,126.609375,116.265625,DEV_RECON_LOCAL_BACK_ADJUSTED_DATED_CONTRACT_CHAIN,2013-08-02T00:00:00Z,125.484375,126.625,125.15625,1468472.0,115.140625,116.28125,114.8125,1468472.0
SOURCE_NATIVE_FUTURES,ZN,bond,APPENDIX_C_172_004,10-year US,ZNU3,400198,2013-08-02,PROVIDER_CONDITION_AVAILABLE,-10.34375,126.609375,116.265625,DEV_RECON_LOCAL_BACK_ADJUSTED_DATED_CONTRACT_CHAIN,2013-08-02T00:00:00Z,125.484375,126.625,125.15625,1468472.0,115.140625,116.28125,114.8125,1468472.0
SOURCE_NATIVE_FUTURES,ZN,bond,APPENDIX_C_172_004,10-year US,ZNU3,400198,2013-08-04,PROVIDER_CONDITION_AVAILABLE,-10.34375,126.578125,116.234375,DEV_RECON_LOCAL_BACK_ADJUSTED_DATED_CONTRACT_CHAIN,2013-08-04T00:00:00Z,126.5625,126.640625,126.546875,7043.0,116.21875,116.296875,116.203125,7043.0
SOURCE_NATIVE_FUTURES,ZN,bond,APPENDIX_C_172_004,10-year US,ZNU3,400198,2013-08-04,PROVIDER_CONDITION_AVAILABLE,-10.34375,126.578125,116.234375,DEV_RECON_LOCAL_BACK_ADJUSTED_DATED_CONTRACT_CHAIN,2013-08-04T00:00:00Z,126.5625,126.640625,126.546875,7043.0,116.21875,116.296875,116.203125,7043.0
SOURCE_NATIVE_FUTURES,ZN,bond,APPENDIX_C_172_004,10-year US,ZNU3,400198,2013-08-05,PROVIDER_CONDITION_AVAILABLE,-10.34375,126.390625,116.046875,DEV_RECON_LOCAL_BACK_ADJUSTED_DATED_CONTRACT_CHAIN,2013-08-05T00:00:00Z,126.578125,126.625,126.171875,669718.0,116.234375,116.28125,115.828125,669718.0
SOURCE_NATIVE_FUTURES,ZN,bond,APPENDIX_C_172_004,10-year US,ZNU3,400198,2013-08-05,PROVIDER_CONDITION_AVAILABLE,-10.34375,126.390625,116.046875,DEV_RECON_LOCAL_BACK_ADJUSTED_DATED_CONTRACT_CHAIN,2013-08-05T00:00:00Z,126.578125,126.625,126.171875,669718.0,116.234375,116.28125,115.828125,669718.0
SOURCE_NATIVE_FUTURES,ZN,bond,APPENDIX_C_172_004,10-year US,ZNU3,400198,2013-08-06,PROVIDER_CONDITION_AVAILABLE,-10.34375,126.375,116.03125,DEV_RECON_LOCAL_BACK_ADJUSTED_DATED_CONTRACT_CHAIN,2013-08-06T00:00:00Z,126.390625,126.484375,126.1875,652098.0,116.046875,116.140625,115.84375,652098.0
SOURCE_NATIVE_FUTURES,ZN,bond,APPENDIX_C_172_004,10-year US,ZNU3,400198,2013-08-06,PROVIDER_CONDITION_AVAILABLE,-10.34375,126.375,116.03125,DEV_RECON_LOCAL_BACK_ADJUSTED_DATED_CONTRACT_CHAIN,2013-08-06T00:00:00Z,126.390625,126.484375,126.1875,652098.0,116.046875,116.140625,115.84375,652098.0
SOURCE_NATIVE_FUTURES,ZN,bond,APPENDIX_C_172_004,10-year US,ZNU3,400198,2013-08-07,PROVIDER_CONDITION_AVAILABLE,-10.34375,126.671875,116.328125,DEV_RECON_LOCAL_BACK_ADJUSTED_DATED_CONTRACT_CHAIN,2013-08-07T00:00:00Z,126.375,126.75,126.328125,899978.0,116.03125,116.40625,115.984375,899978.0
SOURCE_NATIVE_FUTURES,ZN,bond,APPENDIX_C_172_004,10-year US,ZNU3,400198,2013-08-07,PROVIDER_CONDITION_AVAILABLE,-10.34375,126.671875,116.328125,DEV_RECON_LOCAL_BACK_ADJUSTED_DATED_CONTRACT_CHAIN,2013-08-07T00:00:00Z,126.375,126.75,126.328125,899978.0,116.03125,116.40625,115.984375,899978.0
SOURCE_NATIVE_FUTURES,ZN,bond,APPENDIX_C_172_004,10-year US,ZNU3,400198,2013-08-08,PROVIDER_CONDITION_AVAILABLE,-10.34375,126.71875,116.375,DEV_RECON_LOCAL_BACK_ADJUSTED_DATED_CONTRACT_CHAIN,2013-08-08T00:00:00Z,126.65625,126.90625,126.578125,857956.0,116.3125,116.5625,116.234375,857956.0
SOURCE_NATIVE_FUTURES,ZN,bond,APPENDIX_C_172_004,10-year US,ZNU3,400198,2013-08-08,PROVIDER_CONDITION_AVAILABLE,-10.34375,126.71875,116.375,DEV_RECON_LOCAL_BACK_ADJUSTED_DATED_CONTRACT_CHAIN,2013-08-08T00:00:00Z,126.65625,126.90625,126.578125,857956.0,116.3125,116.5625,116.234375,857956.0
SOURCE_NATIVE_FUTURES,ZN,bond,APPENDIX_C_172_004,10-year US,ZNU3,400198,2013-08-09,PROVIDER_CONDITION_AVAILABLE,-10.34375,126.828125,116.484375,DEV_RECON_LOCAL_BACK_ADJUSTED_DATED_CONTRACT_CHAIN,2013-08-09T00:00:00Z,126.71875,126.875,126.640625,489101.0,116.375,116.53125,116.296875,489101.0
SOURCE_NATIVE_FUTURES,ZN,bond,APPENDIX_C_172_004,10-year US,ZNU3,400198,2013-08-09,PROVIDER_CONDITION_AVAILABLE,-10.34375,126.828125,116.484375,DEV_RECON_LOCAL_BACK_ADJUSTED_DATED_CONTRACT_CHAIN,2013-08-09T00:00:00Z,126.71875,126.875,126.640625,489101.0,116.375,116.53125,116.296875,489101.0
SOURCE_NATIVE_FUTURES,ZN,bond,APPENDIX_C_172_004,10-year US,ZNU3,400198,2013-08-11,PROVIDER_CONDITION_AVAILABLE,-10.34375,126.859375,116.515625,DEV_RECON_LOCAL_BACK_ADJUSTED_DATED_CONTRACT_CHAIN,2013-08-11T00:00:00Z,126.796875,126.890625,126.78125,7211.0,116.453125,116.546875,116.4375,7211.0
SOURCE_NATIVE_FUTURES,ZN,bond,APPENDIX_C_172_004,10-year US,ZNU3,400198,2013-08-11,PROVIDER_CONDITION_AVAILABLE,-10.34375,126.859375,116.515625,DEV_RECON_LOCAL_BACK_ADJUSTED_DATED_CONTRACT_CHAIN,2013-08-11T00:00:00Z,126.796875,126.890625,126.78125,7211.0,116.453125,116.546875,116.4375,7211.0
SOURCE_NATIVE_FUTURES,ZN,bond,APPENDIX_C_172_004,10-year US,ZNU3,400198,2013-08-12,PROVIDER_CONDITION_AVAILABLE,-10.34375,126.4375,116.09375,DEV_RECON_LOCAL_BACK_ADJUSTED_DATED_CONTRACT_CHAIN,2013-08-12T00:00:00Z,126.875,126.984375,126.40625,711730.0,116.53125,116.640625,116.0625,711730.0
SOURCE_NATIVE_FUTURES,ZN,bond,APPENDIX_C_172_004,10-year US,ZNU3,400198,2013-08-12,PROVIDER_CONDITION_AVAILABLE,-10.34375,126.4375,116.09375,DEV_RECON_LOCAL_BACK_ADJUSTED_DATED_CONTRACT_CHAIN,2013-08-12T00:00:00Z,126.875,126.984375,126.40625,711730.0,116.53125,116.640625,116.0625,711730.0
SOURCE_NATIVE_FUTURES,ZN,bond,APPENDIX_C_172_004,10-year US,ZNU3,400198,2013-08-13,PROVIDER_CONDITION_AVAILABLE,-10.34375,125.65625,115.3125,DEV_RECON_LOCAL_BACK_ADJUSTED_DATED_CONTRACT_CHAIN,2013-08-13T00:00:00Z,126.4375,126.46875,125.578125,1330053.0,116.09375,116.125,115.234375,1330053.0
SOURCE_NATIVE_FUTURES,ZN,bond,APPENDIX_C_172_004,10-year US,ZNU3,400198,2013-08-13,PROVIDER_CONDITION_AVAILABLE,-10.34375,125.65625,115.3125,DEV_RECON_LOCAL_BACK_ADJUSTED_DATED_CONTRACT_CHAIN,2013-08-13T00:00:00Z,126.4375,126.46875,125.578125,1330053.0,116.09375,116.125,115.234375,1330053.0
SOURCE_NATIVE_FUTURES,ZN,bond,APPENDIX_C_172_004,10-year US,ZNU3,400198,2013-08-14,PROVIDER_CONDITION_AVAILABLE,-10.34375,125.84375,115.5,DEV_RECON_LOCAL_BACK_ADJUSTED_DATED_CONTRACT_CHAIN,2013-08-14T00:00:00Z,125.65625,125.90625,125.5625,746378.0,115.3125,115.5625,115.21875,746378.0
SOURCE_NATIVE_FUTURES,ZN,bond,APPENDIX_C_172_004,10-year US,ZNU3,400198,2013-08-14,PROVIDER_CONDITION_AVAILABLE,-10.34375,125.84375,115.5,DEV_RECON_LOCAL_BACK_ADJUSTED_DATED_CONTRACT_CHAIN,2013-08-14T00:00:00Z,125.65625,125.90625,125.5625,746378.0,115.3125,115.5625,115.21875,746378.0
SOURCE_NATIVE_FUTURES,ZN,bond,APPENDIX_C_172_004,10-year US,ZNU3,400198,2013-08-15,PROVIDER_CONDITION_AVAILABLE,-10.34375,125.453125,115.109375,DEV_RECON_LOCAL_BACK_ADJUSTED_DATED_CONTRACT_CHAIN,2013-08-15T00:00:00Z,125.859375,125.875,124.8125,1620364.0,115.515625,115.53125,114.46875,1620364.0
SOURCE_NATIVE_FUTURES,ZN,bond,APPENDIX_C_172_004,10-year US,ZNU3,400198,2013-08-15,PROVIDER_CONDITION_AVAILABLE,-10.34375,125.453125,115.109375,DEV_RECON_LOCAL_BACK_ADJUSTED_DATED_CONTRACT_CHAIN,2013-08-15T00:00:00Z,125.859375,125.875,124.8125,1620364.0,115.515625,115.53125,114.46875,1620364.0
SOURCE_NATIVE_FUTURES,ZN,bond,APPENDIX_C_172_004,10-year US,ZNU3,400198,2013-08-16,PROVIDER_CONDITION_AVAILABLE,-10.34375,125.0,114.65625,DEV_RECON_LOCAL_BACK_ADJUSTED_DATED_CONTRACT_CHAIN,2013-08-16T00:00:00Z,125.453125,125.46875,124.65625,1099985.0,115.109375,115.125,114.3125,1099985.0
SOURCE_NATIVE_FUTURES,ZN,bond,APPENDIX_C_172_004,10-year US,ZNU3,400198,2013-08-16,PROVIDER_CONDITION_AVAILABLE,-10.34375,125.0,114.65625,DEV_RECON_LOCAL_BACK_ADJUSTED_DATED_CONTRACT_CHAIN,2013-08-16T00:00:00Z,125.453125,125.46875,124.65625,1099985.0,115.109375,115.125,114.3125,1099985.0
SOURCE_NATIVE_FUTURES,ZN,bond,APPENDIX_C_172_004,10-year US,ZNU3,400198,2013-08-18,PROVIDER_CONDITION_AVAILABLE,-10.34375,124.84375,114.5,DEV_RECON_LOCAL_BACK_ADJUSTED_DATED_CONTRACT_CHAIN,2013-08-18T00:00:00Z,125.015625,125.015625,124.828125,11869.0,114.671875,114.671875,114.484375,11869.0
SOURCE_NATIVE_FUTURES,ZN,bond,APPENDIX_C_172_004,10-year US,ZNU3,400198,2013-08-18,PROVIDER_CONDITION_AVAILABLE,-10.34375,124.84375,114.5,DEV_RECON_LOCAL_BACK_ADJUSTED_DATED_CONTRACT_CHAIN,2013-08-18T00:00:00Z,125.015625,125.015625,124.828125,11869.0,114.671875,114.671875,114.484375,11869.0
SOURCE_NATIVE_FUTURES,ZN,bond,APPENDIX_C_172_004,10-year US,ZNZ3,780401,2013-08-19,PROVIDER_CONDITION_AVAILABLE,-9.15625,123.53125,114.375,DEV_RECON_LOCAL_BACK_ADJUSTED_DATED_CONTRACT_CHAIN,2013-08-19T00:00:00Z,123.703125,123.765625,123.328125,5732.0,114.546875,114.609375,114.171875,5732.0
SOURCE_NATIVE_FUTURES,ZN,bond,APPENDIX_C_172_004,10-year US,ZNZ3,780401,2013-08-19,PROVIDER_CONDITION_AVAILABLE,-9.15625,123.53125,114.375,DEV_RECON_LOCAL_BACK_ADJUSTED_DATED_CONTRACT_CHAIN,2013-08-19T00:00:00Z,123.703125,123.765625,123.328125,5732.0,114.546875,114.609375,114.171875,5732.0
SOURCE_NATIVE_FUTURES,ZN,bond,APPENDIX_C_172_004,10-year US,ZNZ3,780401,2013-08-20,PROVIDER_CONDITION_AVAILABLE,-9.15625,123.953125,114.796875,DEV_RECON_LOCAL_BACK_ADJUSTED_DATED_CONTRACT_CHAIN,2013-08-20T00:00:00Z,123.53125,124.125,123.53125,5700.0,114.375,114.96875,114.375,5700.0
SOURCE_NATIVE_FUTURES,ZN,bond,APPENDIX_C_172_004,10-year US,ZNZ3,780401,2013-08-20,PROVIDER_CONDITION_AVAILABLE,-9.15625,123.953125,114.796875,DEV_RECON_LOCAL_BACK_ADJUSTED_DATED_CONTRACT_CHAIN,2013-08-20T00:00:00Z,123.53125,124.125,123.53125,5700.0,114.375,114.96875,114.375,5700.0
SOURCE_NATIVE_FUTURES,ZN,bond,APPENDIX_C_172_004,10-year US,ZNZ3,780401,2013-08-21,PROVIDER_CONDITION_AVAILABLE,-9.15625,123.203125,114.046875,DEV_RECON_LOCAL_BACK_ADJUSTED_DATED_CONTRACT_CHAIN,2013-08-21T00:00:00Z,123.96875,124.0625,123.125,15021.0,114.8125,114.90625,113.96875,15021.0
SOURCE_NATIVE_FUTURES,ZN,bond,APPENDIX_C_172_004,10-year US,ZNZ3,780401,2013-08-21,PROVIDER_CONDITION_AVAILABLE,-9.15625,123.203125,114.046875,DEV_RECON_LOCAL_BACK_ADJUSTED_DATED_CONTRACT_CHAIN,2013-08-21T00:00:00Z,123.96875,124.0625,123.125,15021.0,114.8125,114.90625,113.96875,15021.0
SOURCE_NATIVE_FUTURES,ZN,bond,APPENDIX_C_172_004,10-year US,ZNZ3,780401,2013-08-22,PROVIDER_CONDITION_AVAILABLE,-9.15625,123.03125,113.875,DEV_RECON_LOCAL_BACK_ADJUSTED_DATED_CONTRACT_CHAIN,2013-08-22T00:00:00Z,123.265625,123.359375,122.84375,19782.0,114.109375,114.203125,113.6875,19782.0
SOURCE_NATIVE_FUTURES,ZN,bond,APPENDIX_C_172_004,10-year US,ZNZ3,780401,2013-08-22,PROVIDER_CONDITION_AVAILABLE,-9.15625,123.03125,113.875,DEV_RECON_LOCAL_BACK_ADJUSTED_DATED_CONTRACT_CHAIN,2013-08-22T00:00:00Z,123.265625,123.359375,122.84375,19782.0,114.109375,114.203125,113.6875,19782.0
SOURCE_NATIVE_FUTURES,ZN,bond,APPENDIX_C_172_004,10-year US,ZNZ3,780401,2013-08-23,PROVIDER_CONDITION_AVAILABLE,-9.15625,123.703125,114.546875,DEV_RECON_LOCAL_BACK_ADJUSTED_DATED_CONTRACT_CHAIN,2013-08-23T00:00:00Z,123.015625,123.796875,122.734375,37378.0,113.859375,114.640625,113.578125,37378.0
SOURCE_NATIVE_FUTURES,ZN,bond,APPENDIX_C_172_004,10-year US,ZNZ3,780401,2013-08-23,PROVIDER_CONDITION_AVAILABLE,-9.15625,123.703125,114.546875,DEV_RECON_LOCAL_BACK_ADJUSTED_DATED_CONTRACT_CHAIN,2013-08-23T00:00:00Z,123.015625,123.796875,122.734375,37378.0,113.859375,114.640625,113.578125,37378.0
SOURCE_NATIVE_FUTURES,ZN,bond,APPENDIX_C_172_004,10-year US,ZNZ3,780401,2013-08-25,PROVIDER_CONDITION_AVAILABLE,-9.15625,123.625,114.46875,DEV_RECON_LOCAL_BACK_ADJUSTED_DATED_CONTRACT_CHAIN,2013-08-25T00:00:00Z,123.6875,123.6875,123.5625,217.0,114.53125,114.53125,114.40625,217.0
SOURCE_NATIVE_FUTURES,ZN,bond,APPENDIX_C_172_004,10-year US,ZNZ3,780401,2013-08-25,PROVIDER_CONDITION_AVAILABLE,-9.15625,123.625,114.46875,DEV_RECON_LOCAL_BACK_ADJUSTED_DATED_CONTRACT_CHAIN,2013-08-25T00:00:00Z,123.6875,123.6875,123.5625,217.0,114.53125,114.53125,114.40625,217.0
SOURCE_NATIVE_FUTURES,ZN,bond,APPENDIX_C_172_004,10-year US,ZNZ3,780401,2013-08-26,PROVIDER_CONDITION_AVAILABLE,-9.15625,123.984375,114.828125,DEV_RECON_LOCAL_BACK_ADJUSTED_DATED_CONTRACT_CHAIN,2013-08-26T00:00:00Z,123.625,124.046875,123.546875,45227.0,114.46875,114.890625,114.390625,45227.0
SOURCE_NATIVE_FUTURES,ZN,bond,APPENDIX_C_172_004,10-year US,ZNZ3,780401,2013-08-26,PROVIDER_CONDITION_AVAILABLE,-9.15625,123.984375,114.828125,DEV_RECON_LOCAL_BACK_ADJUSTED_DATED_CONTRACT_CHAIN,2013-08-26T00:00:00Z,123.625,124.046875,123.546875,45227.0,114.46875,114.890625,114.390625,45227.0
SOURCE_NATIVE_FUTURES,ZN,bond,APPENDIX_C_172_004,10-year US,ZNZ3,780401,2013-08-27,PROVIDER_CONDITION_AVAILABLE,-9.15625,124.65625,115.5,DEV_RECON_LOCAL_BACK_ADJUSTED_DATED_CONTRACT_CHAIN,2013-08-27T00:00:00Z,123.9375,124.75,123.828125,140617.0,114.78125,115.59375,114.671875,140617.0
SOURCE_NATIVE_FUTURES,ZN,bond,APPENDIX_C_172_004,10-year US,ZNZ3,780401,2013-08-27,PROVIDER_CONDITION_AVAILABLE,-9.15625,124.65625,115.5,DEV_RECON_LOCAL_BACK_ADJUSTED_DATED_CONTRACT_CHAIN,2013-08-27T00:00:00Z,123.9375,124.75,123.828125,140617.0,114.78125,115.59375,114.671875,140617.0
SOURCE_NATIVE_FUTURES,ZN,bond,APPENDIX_C_172_004,10-year US,ZNZ3,780401,2013-08-28,PROVIDER_CONDITION_AVAILABLE,-9.15625,124.140625,114.984375,DEV_RECON_LOCAL_BACK_ADJUSTED_DATED_CONTRACT_CHAIN,2013-08-28T00:00:00Z,124.6875,124.71875,123.96875,251257.0,115.53125,115.5625,114.8125,251257.0
SOURCE_NATIVE_FUTURES,ZN,bond,APPENDIX_C_172_004,10-year US,ZNZ3,780401,2013-08-28,PROVIDER_CONDITION_AVAILABLE,-9.15625,124.140625,114.984375,DEV_RECON_LOCAL_BACK_ADJUSTED_DATED_CONTRACT_CHAIN,2013-08-28T00:00:00Z,124.6875,124.71875,123.96875,251257.0,115.53125,115.5625,114.8125,251257.0
SOURCE_NATIVE_FUTURES,ZN,bond,APPENDIX_C_172_004,10-year US,ZNZ3,780401,2013-08-29,PROVIDER_CONDITION_AVAILABLE,-9.15625,124.234375,115.078125,DEV_RECON_LOCAL_BACK_ADJUSTED_DATED_CONTRACT_CHAIN,2013-08-29T00:00:00Z,124.15625,124.4375,123.625,511200.0,115.0,115.28125,114.46875,511200.0
SOURCE_NATIVE_FUTURES,ZN,bond,APPENDIX_C_172_004,10-year US,ZNZ3,780401,2013-08-29,PROVIDER_CONDITION_AVAILABLE,-9.15625,124.234375,115.078125,DEV_RECON_LOCAL_BACK_ADJUSTED_DATED_CONTRACT_CHAIN,2013-08-29T00:00:00Z,124.15625,124.4375,123.625,511200.0,115.0,115.28125,114.46875,511200.0
SOURCE_NATIVE_FUTURES,ZN,bond,APPENDIX_C_172_004,10-year US,ZNZ3,780401,2013-08-30,PROVIDER_CONDITION_AVAILABLE,-9.15625,123.984375,114.828125,DEV_RECON_LOCAL_BACK_ADJUSTED_DATED_CONTRACT_CHAIN,2013-08-30T00:00:00Z,124.21875,124.46875,123.984375,1027745.0,115.0625,115.3125,114.828125,1027745.0
SOURCE_NATIVE_FUTURES,ZN,bond,APPENDIX_C_172_004,10-year US,ZNZ3,780401,2013-08-30,PROVIDER_CONDITION_AVAILABLE,-9.15625,123.984375,114.828125,DEV_RECON_LOCAL_BACK_ADJUSTED_DATED_CONTRACT_CHAIN,2013-08-30T00:00:00Z,124.21875,124.46875,123.984375,1027745.0,115.0625,115.3125,114.828125,1027745.0
SOURCE_NATIVE_FUTURES,ZN,bond,APPENDIX_C_172_004,10-year US,ZNZ3,780401,2013-09-02,PROVIDER_CONDITION_AVAILABLE,-9.15625,123.515625,114.359375,DEV_RECON_LOCAL_BACK_ADJUSTED_DATED_CONTRACT_CHAIN,2013-09-02T00:00:00Z,123.546875,123.578125,123.453125,6225.0,114.390625,114.421875,114.296875,6225.0
SOURCE_NATIVE_FUTURES,ZN,bond,APPENDIX_C_172_004,10-year US,ZNZ3,780401,2013-09-02,PROVIDER_CONDITION_AVAILABLE,-9.15625,123.515625,114.359375,DEV_RECON_LOCAL_BACK_ADJUSTED_DATED_CONTRACT_CHAIN,2013-09-02T00:00:00Z,123.546875,123.578125,123.453125,6225.0,114.390625,114.421875,114.296875,6225.0
SOURCE_NATIVE_FUTURES,ZN,bond,APPENDIX_C_172_004,10-year US,ZNZ3,780401,2013-09-03,PROVIDER_CONDITION_AVAILABLE,-9.15625,123.453125,114.296875,DEV_RECON_LOCAL_BACK_ADJUSTED_DATED_CONTRACT_CHAIN,2013-09-03T00:00:00Z,123.515625,123.78125,122.984375,1378449.0,114.359375,114.625,113.828125,1378449.0
SOURCE_NATIVE_FUTURES,ZN,bond,APPENDIX_C_172_004,10-year US,ZNZ3,780401,2013-09-03,PROVIDER_CONDITION_AVAILABLE,-9.15625,123.453125,114.296875,DEV_RECON_LOCAL_BACK_ADJUSTED_DATED_CONTRACT_CHAIN,2013-09-03T00:00:00Z,123.515625,123.78125,122.984375,1378449.0,114.359375,114.625,113.828125,1378449.0
SOURCE_NATIVE_FUTURES,ZN,bond,APPENDIX_C_172_004,10-year US,ZNZ3,780401,2013-09-04,PROVIDER_CONDITION_AVAILABLE,-9.15625,123.078125,113.921875,DEV_RECON_LOCAL_BACK_ADJUSTED_DATED_CONTRACT_CHAIN,2013-09-04T00:00:00Z,123.46875,123.59375,123.015625,938875.0,114.3125,114.4375,113.859375,938875.0
SOURCE_NATIVE_FUTURES,ZN,bond,APPENDIX_C_172_004,10-year US,ZNZ3,780401,2013-09-04,PROVIDER_CONDITION_AVAILABLE,-9.15625,123.078125,113.921875,DEV_RECON_LOCAL_BACK_ADJUSTED_DATED_CONTRACT_CHAIN,2013-09-04T00:00:00Z,123.46875,123.59375,123.015625,938875.0,114.3125,114.4375,113.859375,938875.0
SOURCE_NATIVE_FUTURES,ZN,bond,APPENDIX_C_172_004,10-year US,ZNZ3,780401,2013-09-05,PROVIDER_CONDITION_AVAILABLE,-9.15625,122.34375,113.1875,DEV_RECON_LOCAL_BACK_ADJUSTED_DATED_CONTRACT_CHAIN,2013-09-05T00:00:00Z,123.078125,123.15625,122.265625,1297572.0,113.921875,114.0,113.109375,1297572.0
SOURCE_NATIVE_FUTURES,ZN,bond,APPENDIX_C_172_004,10-year US,ZNZ3,780401,2013-09-05,PROVIDER_CONDITION_AVAILABLE,-9.15625,122.34375,113.1875,DEV_RECON_LOCAL_BACK_ADJUSTED_DATED_CONTRACT_CHAIN,2013-09-05T00:00:00Z,123.078125,123.15625,122.265625,1297572.0,113.921875,114.0,113.109375,1297572.0
SOURCE_NATIVE_FUTURES,ZN,bond,APPENDIX_C_172_004,10-year US,ZNZ3,780401,2013-09-06,PROVIDER_CONDITION_AVAILABLE,-9.15625,123.0,113.84375,DEV_RECON_LOCAL_BACK_ADJUSTED_DATED_CONTRACT_CHAIN,2013-09-06T00:00:00Z,122.34375,123.640625,122.21875,1611781.0,113.1875,114.484375,113.0625,1611781.0
SOURCE_NATIVE_FUTURES,ZN,bond,APPENDIX_C_172_004,10-year US,ZNZ3,780401,2013-09-06,PROVIDER_CONDITION_AVAILABLE,-9.15625,123.0,113.84375,DEV_RECON_LOCAL_BACK_ADJUSTED_DATED_CONTRACT_CHAIN,2013-09-06T00:00:00Z,122.34375,123.640625,122.21875,1611781.0,113.1875,114.484375,113.0625,1611781.0
SOURCE_NATIVE_FUTURES,ZN,bond,APPENDIX_C_172_004,10-year US,ZNZ3,780401,2013-09-08,PROVIDER_CONDITION_AVAILABLE,-9.15625,122.9375,113.78125,DEV_RECON_LOCAL_BACK_ADJUSTED_DATED_CONTRACT_CHAIN,2013-09-08T00:00:00Z,122.984375,123.015625,122.921875,10819.0,113.828125,113.859375,113.765625,10819.0
SOURCE_NATIVE_FUTURES,ZN,bond,APPENDIX_C_172_004,10-year US,ZNZ3,780401,2013-09-08,PROVIDER_CONDITION_AVAILABLE,-9.15625,122.9375,113.78125,DEV_RECON_LOCAL_BACK_ADJUSTED_DATED_CONTRACT_CHAIN,2013-09-08T00:00:00Z,122.984375,123.015625,122.921875,10819.0,113.828125,113.859375,113.765625,10819.0
SOURCE_NATIVE_FUTURES,ZN,bond,APPENDIX_C_172_004,10-year US,ZNZ3,780401,2013-09-09,PROVIDER_CONDITION_AVAILABLE,-9.15625,123.203125,114.046875,DEV_RECON_LOCAL_BACK_ADJUSTED_DATED_CONTRACT_CHAIN,2013-09-09T00:00:00Z,122.9375,123.5,122.875,763843.0,113.78125,114.34375,113.71875,763843.0
SOURCE_NATIVE_FUTURES,ZN,bond,APPENDIX_C_172_004,10-year US,ZNZ3,780401,2013-09-09,PROVIDER_CONDITION_AVAILABLE,-9.15625,123.203125,114.046875,DEV_RECON_LOCAL_BACK_ADJUSTED_DATED_CONTRACT_CHAIN,2013-09-09T00:00:00Z,122.9375,123.5,122.875,763843.0,113.78125,114.34375,113.71875,763843.0
SOURCE_NATIVE_FUTURES,ZN,bond,APPENDIX_C_172_004,10-year US,ZNZ3,780401,2013-09-10,PROVIDER_CONDITION_AVAILABLE,-9.15625,122.84375,113.6875,DEV_RECON_LOCAL_BACK_ADJUSTED_DATED_CONTRACT_CHAIN,2013-09-10T00:00:00Z,123.1875,123.234375,122.78125,945424.0,114.03125,114.078125,113.625,945424.0
SOURCE_NATIVE_FUTURES,ZN,bond,APPENDIX_C_172_004,10-year US,ZNZ3,780401,2013-09-10,PROVIDER_CONDITION_AVAILABLE,-9.15625,122.84375,113.6875,DEV_RECON_LOCAL_BACK_ADJUSTED_DATED_CONTRACT_CHAIN,2013-09-10T00:00:00Z,123.1875,123.234375,122.78125,945424.0,114.03125,114.078125,113.625,945424.0
SOURCE_NATIVE_FUTURES,ZN,bond,APPENDIX_C_172_004,10-year US,ZNZ3,780401,2013-09-11,PROVIDER_CONDITION_AVAILABLE,-9.15625,123.375,114.21875,DEV_RECON_LOCAL_BACK_ADJUSTED_DATED_CONTRACT_CHAIN,2013-09-11T00:00:00Z,122.84375,123.46875,122.796875,1197669.0,113.6875,114.3125,113.640625,1197669.0
SOURCE_NATIVE_FUTURES,ZN,bond,APPENDIX_C_172_004,10-year US,ZNZ3,780401,2013-09-11,PROVIDER_CONDITION_AVAILABLE,-9.15625,123.375,114.21875,DEV_RECON_LOCAL_BACK_ADJUSTED_DATED_CONTRACT_CHAIN,2013-09-11T00:00:00Z,122.84375,123.46875,122.796875,1197669.0,113.6875,114.3125,113.640625,1197669.0
SOURCE_NATIVE_FUTURES,ZN,bond,APPENDIX_C_172_004,10-year US,ZNZ3,780401,2013-09-12,PROVIDER_CONDITION_AVAILABLE,-9.15625,123.375,114.21875,DEV_RECON_LOCAL_BACK_ADJUSTED_DATED_CONTRACT_CHAIN,2013-09-12T00:00:00Z,123.359375,123.828125,123.328125,1070405.0,114.203125,114.671875,114.171875,1070405.0
SOURCE_NATIVE_FUTURES,ZN,bond,APPENDIX_C_172_004,10-year US,ZNZ3,780401,2013-09-12,PROVIDER_CONDITION_AVAILABLE,-9.15625,123.375,114.21875,DEV_RECON_LOCAL_BACK_ADJUSTED_DATED_CONTRACT_CHAIN,2013-09-12T00:00:00Z,123.359375,123.828125,123.328125,1070405.0,114.203125,114.671875,114.171875,1070405.0
SOURCE_NATIVE_FUTURES,ZN,bond,APPENDIX_C_172_004,10-year US,ZNZ3,780401,2013-09-13,PROVIDER_CONDITION_AVAILABLE,-9.15625,123.625,114.46875,DEV_RECON_LOCAL_BACK_ADJUSTED_DATED_CONTRACT_CHAIN,2013-09-13T00:00:00Z,123.375,123.6875,122.9375,958968.0,114.21875,114.53125,113.78125,958968.0
SOURCE_NATIVE_FUTURES,ZN,bond,APPENDIX_C_172_004,10-year US,ZNZ3,780401,2013-09-13,PROVIDER_CONDITION_AVAILABLE,-9.15625,123.625,114.46875,DEV_RECON_LOCAL_BACK_ADJUSTED_DATED_CONTRACT_CHAIN,2013-09-13T00:00:00Z,123.375,123.6875,122.9375,958968.0,114.21875,114.53125,113.78125,958968.0
SOURCE_NATIVE_FUTURES,ZN,bond,APPENDIX_C_172_004,10-year US,ZNZ3,780401,2013-09-15,PROVIDER_CONDITION_AVAILABLE,-9.15625,124.5,115.34375,DEV_RECON_LOCAL_BACK_ADJUSTED_DATED_CONTRACT_CHAIN,2013-09-15T00:00:00Z,124.203125,124.78125,124.15625,75556.0,115.046875,115.625,115.0,75556.0
SOURCE_NATIVE_FUTURES,ZN,bond,APPENDIX_C_172_004,10-year US,ZNZ3,780401,2013-09-15,PROVIDER_CONDITION_AVAILABLE,-9.15625,124.5,115.34375,DEV_RECON_LOCAL_BACK_ADJUSTED_DATED_CONTRACT_CHAIN,2013-09-15T00:00:00Z,124.203125,124.78125,124.15625,75556.0,115.046875,115.625,115.0,75556.0
SOURCE_NATIVE_FUTURES,ZN,bond,APPENDIX_C_172_004,10-year US,ZNZ3,780401,2013-09-16,PROVIDER_CONDITION_AVAILABLE,-9.15625,124.09375,114.9375,DEV_RECON_LOCAL_BACK_ADJUSTED_DATED_CONTRACT_CHAIN,2013-09-16T00:00:00Z,124.5,124.734375,123.9375,1274111.0,115.34375,115.578125,114.78125,1274111.0
SOURCE_NATIVE_FUTURES,ZN,bond,APPENDIX_C_172_004,10-year US,ZNZ3,780401,2013-09-16,PROVIDER_CONDITION_AVAILABLE,-9.15625,124.09375,114.9375,DEV_RECON_LOCAL_BACK_ADJUSTED_DATED_CONTRACT_CHAIN,2013-09-16T00:00:00Z,124.5,124.734375,123.9375,1274111.0,115.34375,115.578125,114.78125,1274111.0
SOURCE_NATIVE_FUTURES,ZN,bond,APPENDIX_C_172_004,10-year US,ZNZ3,780401,2013-09-17,PROVIDER_CONDITION_AVAILABLE,-9.15625,124.21875,115.0625,DEV_RECON_LOCAL_BACK_ADJUSTED_DATED_CONTRACT_CHAIN,2013-09-17T00:00:00Z,124.09375,124.359375,124.0,803315.0,114.9375,115.203125,114.84375,803315.0
SOURCE_NATIVE_FUTURES,ZN,bond,APPENDIX_C_172_004,10-year US,ZNZ3,780401,2013-09-17,PROVIDER_CONDITION_AVAILABLE,-9.15625,124.21875,115.0625,DEV_RECON_LOCAL_BACK_ADJUSTED_DATED_CONTRACT_CHAIN,2013-09-17T00:00:00Z,124.09375,124.359375,124.0,803315.0,114.9375,115.203125,114.84375,803315.0
SOURCE_NATIVE_FUTURES,ZN,bond,APPENDIX_C_172_004,10-year US,ZNZ3,780401,2013-09-18,PROVIDER_CONDITION_AVAILABLE,-9.15625,125.6875,116.53125,DEV_RECON_LOCAL_BACK_ADJUSTED_DATED_CONTRACT_CHAIN,2013-09-18T00:00:00Z,124.203125,125.90625,123.734375,1715105.0,115.046875,116.75,114.578125,1715105.0
SOURCE_NATIVE_FUTURES,ZN,bond,APPENDIX_C_172_004,10-year US,ZNZ3,780401,2013-09-18,PROVIDER_CONDITION_AVAILABLE,-9.15625,125.6875,116.53125,DEV_RECON_LOCAL_BACK_ADJUSTED_DATED_CONTRACT_CHAIN,2013-09-18T00:00:00Z,124.203125,125.90625,123.734375,1715105.0,115.046875,116.75,114.578125,1715105.0
SOURCE_NATIVE_FUTURES,ZN,bond,APPENDIX_C_172_004,10-year US,ZNZ3,780401,2013-09-19,PROVIDER_CONDITION_AVAILABLE,-9.15625,125.203125,116.046875,DEV_RECON_LOCAL_BACK_ADJUSTED_DATED_CONTRACT_CHAIN,2013-09-19T00:00:00Z,125.703125,125.96875,125.109375,1338771.0,116.546875,116.8125,115.953125,1338771.0
SOURCE_NATIVE_FUTURES,ZN,bond,APPENDIX_C_172_004,10-year US,ZNZ3,780401,2013-09-19,PROVIDER_CONDITION_AVAILABLE,-9.15625,125.203125,116.046875,DEV_RECON_LOCAL_BACK_ADJUSTED_DATED_CONTRACT_CHAIN,2013-09-19T00:00:00Z,125.703125,125.96875,125.109375,1338771.0,116.546875,116.8125,115.953125,1338771.0
SOURCE_NATIVE_FUTURES,ZN,bond,APPENDIX_C_172_004,10-year US,ZNZ3,780401,2013-09-20,PROVIDER_CONDITION_AVAILABLE,-9.15625,125.28125,116.125,DEV_RECON_LOCAL_BACK_ADJUSTED_DATED_CONTRACT_CHAIN,2013-09-20T00:00:00Z,125.203125,125.4375,124.921875,861232.0,116.046875,116.28125,115.765625,861232.0
SOURCE_NATIVE_FUTURES,ZN,bond,APPENDIX_C_172_004,10-year US,ZNZ3,780401,2013-09-20,PROVIDER_CONDITION_AVAILABLE,-9.15625,125.28125,116.125,DEV_RECON_LOCAL_BACK_ADJUSTED_DATED_CONTRACT_CHAIN,2013-09-20T00:00:00Z,125.203125,125.4375,124.921875,861232.0,116.046875,116.28125,115.765625,861232.0
SOURCE_NATIVE_FUTURES,ZN,bond,APPENDIX_C_172_004,10-year US,ZNZ3,780401,2013-09-22,PROVIDER_CONDITION_AVAILABLE,-9.15625,125.375,116.21875,DEV_RECON_LOCAL_BACK_ADJUSTED_DATED_CONTRACT_CHAIN,2013-09-22T00:00:00Z,125.265625,125.390625,125.25,3834.0,116.109375,116.234375,116.09375,3834.0
SOURCE_NATIVE_FUTURES,ZN,bond,APPENDIX_C_172_004,10-year US,ZNZ3,780401,2013-09-22,PROVIDER_CONDITION_AVAILABLE,-9.15625,125.375,116.21875,DEV_RECON_LOCAL_BACK_ADJUSTED_DATED_CONTRACT_CHAIN,2013-09-22T00:00:00Z,125.265625,125.390625,125.25,3834.0,116.109375,116.234375,116.09375,3834.0
SOURCE_NATIVE_FUTURES,ZN,bond,APPENDIX_C_172_004,10-year US,ZNZ3,780401,2013-09-23,PROVIDER_CONDITION_AVAILABLE,-9.15625,125.578125,116.421875,DEV_RECON_LOCAL_BACK_ADJUSTED_DATED_CONTRACT_CHAIN,2013-09-23T00:00:00Z,125.390625,125.609375,125.078125,626810.0,116.234375,116.453125,115.921875,626810.0
SOURCE_NATIVE_FUTURES,ZN,bond,APPENDIX_C_172_004,10-year US,ZNZ3,780401,2013-09-23,PROVIDER_CONDITION_AVAILABLE,-9.15625,125.578125,116.421875,DEV_RECON_LOCAL_BACK_ADJUSTED_DATED_CONTRACT_CHAIN,2013-09-23T00:00:00Z,125.390625,125.609375,125.078125,626810.0,116.234375,116.453125,115.921875,626810.0
SOURCE_NATIVE_FUTURES,ZN,bond,APPENDIX_C_172_004,10-year US,ZNZ3,780401,2013-09-24,PROVIDER_CONDITION_AVAILABLE,-9.15625,125.875,116.71875,DEV_RECON_LOCAL_BACK_ADJUSTED_DATED_CONTRACT_CHAIN,2013-09-24T00:00:00Z,125.578125,126.046875,125.515625,862974.0,116.421875,116.890625,116.359375,862974.0
SOURCE_NATIVE_FUTURES,ZN,bond,APPENDIX_C_172_004,10-year US,ZNZ3,780401,2013-09-24,PROVIDER_CONDITION_AVAILABLE,-9.15625,125.875,116.71875,DEV_RECON_LOCAL_BACK_ADJUSTED_DATED_CONTRACT_CHAIN,2013-09-24T00:00:00Z,125.578125,126.046875,125.515625,862974.0,116.421875,116.890625,116.359375,862974.0
SOURCE_NATIVE_FUTURES,ZN,bond,APPENDIX_C_172_004,10-year US,ZNZ3,780401,2013-09-25,PROVIDER_CONDITION_AVAILABLE,-9.15625,126.109375,116.953125,DEV_RECON_LOCAL_BACK_ADJUSTED_DATED_CONTRACT_CHAIN,2013-09-25T00:00:00Z,125.875,126.3125,125.796875,917595.0,116.71875,117.15625,116.640625,917595.0
SOURCE_NATIVE_FUTURES,ZN,bond,APPENDIX_C_172_004,10-year US,ZNZ3,780401,2013-09-25,PROVIDER_CONDITION_AVAILABLE,-9.15625,126.109375,116.953125,DEV_RECON_LOCAL_BACK_ADJUSTED_DATED_CONTRACT_CHAIN,2013-09-25T00:00:00Z,125.875,126.3125,125.796875,917595.0,116.71875,117.15625,116.640625,917595.0
SOURCE_NATIVE_FUTURES,ZN,bond,APPENDIX_C_172_004,10-year US,ZNZ3,780401,2013-09-26,PROVIDER_CONDITION_AVAILABLE,-9.15625,126.03125,116.875,DEV_RECON_LOCAL_BACK_ADJUSTED_DATED_CONTRACT_CHAIN,2013-09-26T00:00:00Z,126.09375,126.25,125.921875,909112.0,116.9375,117.09375,116.765625,909112.0
SOURCE_NATIVE_FUTURES,ZN,bond,APPENDIX_C_172_004,10-year US,ZNZ3,780401,2013-09-26,PROVIDER_CONDITION_AVAILABLE,-9.15625,126.03125,116.875,DEV_RECON_LOCAL_BACK_ADJUSTED_DATED_CONTRACT_CHAIN,2013-09-26T00:00:00Z,126.09375,126.25,125.921875,909112.0,116.9375,117.09375,116.765625,909112.0
SOURCE_NATIVE_FUTURES,ZN,bond,APPENDIX_C_172_004,10-year US,ZNZ3,780401,2013-09-27,PROVIDER_CONDITION_AVAILABLE,-9.15625,126.296875,117.140625,DEV_RECON_LOCAL_BACK_ADJUSTED_DATED_CONTRACT_CHAIN,2013-09-27T00:00:00Z,126.03125,126.484375,125.90625,810058.0,116.875,117.328125,116.75,810058.0
SOURCE_NATIVE_FUTURES,ZN,bond,APPENDIX_C_172_004,10-year US,ZNZ3,780401,2013-09-27,PROVIDER_CONDITION_AVAILABLE,-9.15625,126.296875,117.140625,DEV_RECON_LOCAL_BACK_ADJUSTED_DATED_CONTRACT_CHAIN,2013-09-27T00:00:00Z,126.03125,126.484375,125.90625,810058.0,116.875,117.328125,116.75,810058.0
SOURCE_NATIVE_FUTURES,ZN,bond,APPENDIX_C_172_004,10-year US,ZNZ3,780401,2013-09-29,PROVIDER_CONDITION_AVAILABLE,-9.15625,126.609375,117.453125,DEV_RECON_LOCAL_BACK_ADJUSTED_DATED_CONTRACT_CHAIN,2013-09-29T00:00:00Z,126.546875,126.671875,126.515625,24392.0,117.390625,117.515625,117.359375,24392.0
SOURCE_NATIVE_FUTURES,ZN,bond,APPENDIX_C_172_004,10-year US,ZNZ3,780401,2013-09-29,PROVIDER_CONDITION_AVAILABLE,-9.15625,126.609375,117.453125,DEV_RECON_LOCAL_BACK_ADJUSTED_DATED_CONTRACT_CHAIN,2013-09-29T00:00:00Z,126.546875,126.671875,126.515625,24392.0,117.390625,117.515625,117.359375,24392.0
SOURCE_NATIVE_FUTURES,ZN,bond,APPENDIX_C_172_004,10-year US,ZNZ3,780401,2013-09-30,PROVIDER_CONDITION_AVAILABLE,-9.15625,126.40625,117.25,DEV_RECON_LOCAL_BACK_ADJUSTED_DATED_CONTRACT_CHAIN,2013-09-30T00:00:00Z,126.609375,126.625,126.09375,1051163.0,117.453125,117.46875,116.9375,1051163.0
SOURCE_NATIVE_FUTURES,ZN,bond,APPENDIX_C_172_004,10-year US,ZNZ3,780401,2013-09-30,PROVIDER_CONDITION_AVAILABLE,-9.15625,126.40625,117.25,DEV_RECON_LOCAL_BACK_ADJUSTED_DATED_CONTRACT_CHAIN,2013-09-30T00:00:00Z,126.609375,126.625,126.09375,1051163.0,117.453125,117.46875,116.9375,1051163.0
SOURCE_NATIVE_FUTURES,ZN,bond,APPENDIX_C_172_004,10-year US,ZNZ3,780401,2013-10-01,PROVIDER_CONDITION_AVAILABLE,-9.15625,126.03125,116.875,DEV_RECON_LOCAL_BACK_ADJUSTED_DATED_CONTRACT_CHAIN,2013-10-01T00:00:00Z,126.40625,126.421875,125.953125,1037243.0,117.25,117.265625,116.796875,1037243.0
SOURCE_NATIVE_FUTURES,ZN,bond,APPENDIX_C_172_004,10-year US,ZNZ3,780401,2013-10-01,PROVIDER_CONDITION_AVAILABLE,-9.15625,126.03125,116.875,DEV_RECON_LOCAL_BACK_ADJUSTED_DATED_CONTRACT_CHAIN,2013-10-01T00:00:00Z,126.40625,126.421875,125.953125,1037243.0,117.25,117.265625,116.796875,1037243.0
SOURCE_NATIVE_FUTURES,ZN,bond,APPENDIX_C_172_004,10-year US,ZNZ3,780401,2013-10-02,PROVIDER_CONDITION_AVAILABLE,-9.15625,126.46875,117.3125,DEV_RECON_LOCAL_BACK_ADJUSTED_DATED_CONTRACT_CHAIN,2013-10-02T00:00:00Z,126.046875,126.65625,125.984375,1086581.0,116.890625,117.5,116.828125,1086581.0
SOURCE_NATIVE_FUTURES,ZN,bond,APPENDIX_C_172_004,10-year US,ZNZ3,780401,2013-10-02,PROVIDER_CONDITION_AVAILABLE,-9.15625,126.46875,117.3125,DEV_RECON_LOCAL_BACK_ADJUSTED_DATED_CONTRACT_CHAIN,2013-10-02T00:00:00Z,126.046875,126.65625,125.984375,1086581.0,116.890625,117.5,116.828125,1086581.0
SOURCE_NATIVE_FUTURES,ZN,bond,APPENDIX_C_172_004,10-year US,ZNZ3,780401,2013-10-03,PROVIDER_CONDITION_AVAILABLE,-9.15625,126.53125,117.375,DEV_RECON_LOCAL_BACK_ADJUSTED_DATED_CONTRACT_CHAIN,2013-10-03T00:00:00Z,126.453125,126.859375,126.15625,1079095.0,117.296875,117.703125,117.0,1079095.0
SOURCE_NATIVE_FUTURES,ZN,bond,APPENDIX_C_172_004,10-year US,ZNZ3,780401,2013-10-03,PROVIDER_CONDITION_AVAILABLE,-9.15625,126.53125,117.375,DEV_RECON_LOCAL_BACK_ADJUSTED_DATED_CONTRACT_CHAIN,2013-10-03T00:00:00Z,126.453125,126.859375,126.15625,1079095.0,117.296875,117.703125,117.0,1079095.0
SOURCE_NATIVE_FUTURES,ZN,bond,APPENDIX_C_172_004,10-year US,ZNZ3,780401,2013-10-04,PROVIDER_CONDITION_AVAILABLE,-9.15625,126.171875,117.015625,DEV_RECON_LOCAL_BACK_ADJUSTED_DATED_CONTRACT_CHAIN,2013-10-04T00:00:00Z,126.53125,126.59375,126.125,722509.0,117.375,117.4375,116.96875,722509.0
SOURCE_NATIVE_FUTURES,ZN,bond,APPENDIX_C_172_004,10-year US,ZNZ3,780401,2013-10-04,PROVIDER_CONDITION_AVAILABLE,-9.15625,126.171875,117.015625,DEV_RECON_LOCAL_BACK_ADJUSTED_DATED_CONTRACT_CHAIN,2013-10-04T00:00:00Z,126.53125,126.59375,126.125,722509.0,117.375,117.4375,116.96875,722509.0
SOURCE_NATIVE_FUTURES,ZN,bond,APPENDIX_C_172_004,10-year US,ZNZ3,780401,2013-10-06,PROVIDER_CONDITION_AVAILABLE,-9.15625,126.3125,117.15625,DEV_RECON_LOCAL_BACK_ADJUSTED_DATED_CONTRACT_CHAIN,2013-10-06T00:00:00Z,126.28125,126.375,126.28125,9416.0,117.125,117.21875,117.125,9416.0
SOURCE_NATIVE_FUTURES,ZN,bond,APPENDIX_C_172_004,10-year US,ZNZ3,780401,2013-10-06,PROVIDER_CONDITION_AVAILABLE,-9.15625,126.3125,117.15625,DEV_RECON_LOCAL_BACK_ADJUSTED_DATED_CONTRACT_CHAIN,2013-10-06T00:00:00Z,126.28125,126.375,126.28125,9416.0,117.125,117.21875,117.125,9416.0
SOURCE_NATIVE_FUTURES,ZN,bond,APPENDIX_C_172_004,10-year US,ZNZ3,780401,2013-10-07,PROVIDER_CONDITION_AVAILABLE,-9.15625,126.375,117.21875,DEV_RECON_LOCAL_BACK_ADJUSTED_DATED_CONTRACT_CHAIN,2013-10-07T00:00:00Z,126.328125,126.5625,126.265625,583607.0,117.171875,117.40625,117.109375,583607.0
SOURCE_NATIVE_FUTURES,ZN,bond,APPENDIX_C_172_004,10-year US,ZNZ3,780401,2013-10-07,PROVIDER_CONDITION_AVAILABLE,-9.15625,126.375,117.21875,DEV_RECON_LOCAL_BACK_ADJUSTED_DATED_CONTRACT_CHAIN,2013-10-07T00:00:00Z,126.328125,126.5625,126.265625,583607.0,117.171875,117.40625,117.109375,583607.0
SOURCE_NATIVE_FUTURES,ZN,bond,APPENDIX_C_172_004,10-year US,ZNZ3,780401,2013-10-08,PROVIDER_CONDITION_AVAILABLE,-9.15625,126.421875,117.265625,DEV_RECON_LOCAL_BACK_ADJUSTED_DATED_CONTRACT_CHAIN,2013-10-08T00:00:00Z,126.359375,126.5,126.09375,829280.0,117.203125,117.34375,116.9375,829280.0
SOURCE_NATIVE_FUTURES,ZN,bond,APPENDIX_C_172_004,10-year US,ZNZ3,780401,2013-10-08,PROVIDER_CONDITION_AVAILABLE,-9.15625,126.421875,117.265625,DEV_RECON_LOCAL_BACK_ADJUSTED_DATED_CONTRACT_CHAIN,2013-10-08T00:00:00Z,126.359375,126.5,126.09375,829280.0,117.203125,117.34375,116.9375,829280.0
SOURCE_NATIVE_FUTURES,ZN,bond,APPENDIX_C_172_004,10-year US,ZNZ3,780401,2013-10-09,PROVIDER_CONDITION_AVAILABLE,-9.15625,126.15625,117.0,DEV_RECON_LOCAL_BACK_ADJUSTED_DATED_CONTRACT_CHAIN,2013-10-09T00:00:00Z,126.421875,126.453125,126.046875,949559.0,117.265625,117.296875,116.890625,949559.0
SOURCE_NATIVE_FUTURES,ZN,bond,APPENDIX_C_172_004,10-year US,ZNZ3,780401,2013-10-09,PROVIDER_CONDITION_AVAILABLE,-9.15625,126.15625,117.0,DEV_RECON_LOCAL_BACK_ADJUSTED_DATED_CONTRACT_CHAIN,2013-10-09T00:00:00Z,126.421875,126.453125,126.046875,949559.0,117.265625,117.296875,116.890625,949559.0
SOURCE_NATIVE_FUTURES,ZN,bond,APPENDIX_C_172_004,10-year US,ZNZ3,780401,2013-10-10,PROVIDER_CONDITION_AVAILABLE,-9.15625,126.03125,116.875,DEV_RECON_LOCAL_BACK_ADJUSTED_DATED_CONTRACT_CHAIN,2013-10-10T00:00:00Z,126.15625,126.296875,125.671875,1255914.0,117.0,117.140625,116.515625,1255914.0
SOURCE_NATIVE_FUTURES,ZN,bond,APPENDIX_C_172_004,10-year US,ZNZ3,780401,2013-10-10,PROVIDER_CONDITION_AVAILABLE,-9.15625,126.03125,116.875,DEV_RECON_LOCAL_BACK_ADJUSTED_DATED_CONTRACT_CHAIN,2013-10-10T00:00:00Z,126.15625,126.296875,125.671875,1255914.0,117.0,117.140625,116.515625,1255914.0
SOURCE_NATIVE_FUTURES,ZN,bond,APPENDIX_C_172_004,10-year US,ZNZ3,780401,2013-10-11,PROVIDER_CONDITION_AVAILABLE,-9.15625,126.078125,116.921875,DEV_RECON_LOCAL_BACK_ADJUSTED_DATED_CONTRACT_CHAIN,2013-10-11T00:00:00Z,126.03125,126.40625,125.9375,795108.0,116.875,117.25,116.78125,795108.0
SOURCE_NATIVE_FUTURES,ZN,bond,APPENDIX_C_172_004,10-year US,ZNZ3,780401,2013-10-11,PROVIDER_CONDITION_AVAILABLE,-9.15625,126.078125,116.921875,DEV_RECON_LOCAL_BACK_ADJUSTED_DATED_CONTRACT_CHAIN,2013-10-11T00:00:00Z,126.03125,126.40625,125.9375,795108.0,116.875,117.25,116.78125,795108.0
SOURCE_NATIVE_FUTURES,ZN,bond,APPENDIX_C_172_004,10-year US,ZNZ3,780401,2013-10-13,PROVIDER_CONDITION_AVAILABLE,-9.15625,126.234375,117.078125,DEV_RECON_LOCAL_BACK_ADJUSTED_DATED_CONTRACT_CHAIN,2013-10-13T00:00:00Z,126.34375,126.359375,126.234375,14111.0,117.1875,117.203125,117.078125,14111.0
SOURCE_NATIVE_FUTURES,ZN,bond,APPENDIX_C_172_004,10-year US,ZNZ3,780401,2013-10-13,PROVIDER_CONDITION_AVAILABLE,-9.15625,126.234375,117.078125,DEV_RECON_LOCAL_BACK_ADJUSTED_DATED_CONTRACT_CHAIN,2013-10-13T00:00:00Z,126.34375,126.359375,126.234375,14111.0,117.1875,117.203125,117.078125,14111.0
SOURCE_NATIVE_FUTURES,ZN,bond,APPENDIX_C_172_004,10-year US,ZNZ3,780401,2013-10-14,PROVIDER_CONDITION_AVAILABLE,-9.15625,125.703125,116.546875,DEV_RECON_LOCAL_BACK_ADJUSTED_DATED_CONTRACT_CHAIN,2013-10-14T00:00:00Z,126.234375,126.296875,125.65625,187560.0,117.078125,117.140625,116.5,187560.0
SOURCE_NATIVE_FUTURES,ZN,bond,APPENDIX_C_172_004,10-year US,ZNZ3,780401,2013-10-14,PROVIDER_CONDITION_AVAILABLE,-9.15625,125.703125,116.546875,DEV_RECON_LOCAL_BACK_ADJUSTED_DATED_CONTRACT_CHAIN,2013-10-14T00:00:00Z,126.234375,126.296875,125.65625,187560.0,117.078125,117.140625,116.5,187560.0
SOURCE_NATIVE_FUTURES,ZN,bond,APPENDIX_C_172_004,10-year US,ZNZ3,780401,2013-10-15,PROVIDER_CONDITION_AVAILABLE,-9.15625,125.703125,116.546875,DEV_RECON_LOCAL_BACK_ADJUSTED_DATED_CONTRACT_CHAIN,2013-10-15T00:00:00Z,125.71875,126.078125,125.6875,836566.0,116.5625,116.921875,116.53125,836566.0
SOURCE_NATIVE_FUTURES,ZN,bond,APPENDIX_C_172_004,10-year US,ZNZ3,780401,2013-10-15,PROVIDER_CONDITION_AVAILABLE,-9.15625,125.703125,116.546875,DEV_RECON_LOCAL_BACK_ADJUSTED_DATED_CONTRACT_CHAIN,2013-10-15T00:00:00Z,125.71875,126.078125,125.6875,836566.0,116.5625,116.921875,116.53125,836566.0
SOURCE_NATIVE_FUTURES,ZN,bond,APPENDIX_C_172_004,10-year US,ZNZ3,780401,2013-10-16,PROVIDER_CONDITION_AVAILABLE,-9.15625,126.265625,117.109375,DEV_RECON_LOCAL_BACK_ADJUSTED_DATED_CONTRACT_CHAIN,2013-10-16T00:00:00Z,125.703125,126.3125,125.515625,1106915.0,116.546875,117.15625,116.359375,1106915.0
SOURCE_NATIVE_FUTURES,ZN,bond,APPENDIX_C_172_004,10-year US,ZNZ3,780401,2013-10-16,PROVIDER_CONDITION_AVAILABLE,-9.15625,126.265625,117.109375,DEV_RECON_LOCAL_BACK_ADJUSTED_DATED_CONTRACT_CHAIN,2013-10-16T00:00:00Z,125.703125,126.3125,125.515625,1106915.0,116.546875,117.15625,116.359375,1106915.0
SOURCE_NATIVE_FUTURES,ZN,bond,APPENDIX_C_172_004,10-year US,ZNZ3,780401,2013-10-17,PROVIDER_CONDITION_AVAILABLE,-9.15625,126.84375,117.6875,DEV_RECON_LOCAL_BACK_ADJUSTED_DATED_CONTRACT_CHAIN,2013-10-17T00:00:00Z,126.265625,127.0,126.25,1128222.0,117.109375,117.84375,117.09375,1128222.0
SOURCE_NATIVE_FUTURES,ZN,bond,APPENDIX_C_172_004,10-year US,ZNZ3,780401,2013-10-17,PROVIDER_CONDITION_AVAILABLE,-9.15625,126.84375,117.6875,DEV_RECON_LOCAL_BACK_ADJUSTED_DATED_CONTRACT_CHAIN,2013-10-17T00:00:00Z,126.265625,127.0,126.25,1128222.0,117.109375,117.84375,117.09375,1128222.0
SOURCE_NATIVE_FUTURES,ZN,bond,APPENDIX_C_172_004,10-year US,ZNZ3,780401,2013-10-18,PROVIDER_CONDITION_AVAILABLE,-9.15625,126.9375,117.78125,DEV_RECON_LOCAL_BACK_ADJUSTED_DATED_CONTRACT_CHAIN,2013-10-18T00:00:00Z,126.84375,127.359375,126.8125,936451.0,117.6875,118.203125,117.65625,936451.0
SOURCE_NATIVE_FUTURES,ZN,bond,APPENDIX_C_172_004,10-year US,ZNZ3,780401,2013-10-18,PROVIDER_CONDITION_AVAILABLE,-9.15625,126.9375,117.78125,DEV_RECON_LOCAL_BACK_ADJUSTED_DATED_CONTRACT_CHAIN,2013-10-18T00:00:00Z,126.84375,127.359375,126.8125,936451.0,117.6875,118.203125,117.65625,936451.0
SOURCE_NATIVE_FUTURES,ZN,bond,APPENDIX_C_172_004,10-year US,ZNZ3,780401,2013-10-20,PROVIDER_CONDITION_AVAILABLE,-9.15625,126.90625,117.75,DEV_RECON_LOCAL_BACK_ADJUSTED_DATED_CONTRACT_CHAIN,2013-10-20T00:00:00Z,126.890625,126.921875,126.859375,8462.0,117.734375,117.765625,117.703125,8462.0
SOURCE_NATIVE_FUTURES,ZN,bond,APPENDIX_C_172_004,10-year US,ZNZ3,780401,2013-10-20,PROVIDER_CONDITION_AVAILABLE,-9.15625,126.90625,117.75,DEV_RECON_LOCAL_BACK_ADJUSTED_DATED_CONTRACT_CHAIN,2013-10-20T00:00:00Z,126.890625,126.921875,126.859375,8462.0,117.734375,117.765625,117.703125,8462.0
SOURCE_NATIVE_FUTURES,ZN,bond,APPENDIX_C_172_004,10-year US,ZNZ3,780401,2013-10-21,PROVIDER_CONDITION_AVAILABLE,-9.15625,126.765625,117.609375,DEV_RECON_LOCAL_BACK_ADJUSTED_DATED_CONTRACT_CHAIN,2013-10-21T00:00:00Z,126.90625,126.96875,126.640625,561275.0,117.75,117.8125,117.484375,561275.0
SOURCE_NATIVE_FUTURES,ZN,bond,APPENDIX_C_172_004,10-year US,ZNZ3,780401,2013-10-21,PROVIDER_CONDITION_AVAILABLE,-9.15625,126.765625,117.609375,DEV_RECON_LOCAL_BACK_ADJUSTED_DATED_CONTRACT_CHAIN,2013-10-21T00:00:00Z,126.90625,126.96875,126.640625,561275.0,117.75,117.8125,117.484375,561275.0
SOURCE_NATIVE_FUTURES,ZN,bond,APPENDIX_C_172_004,10-year US,ZNZ3,780401,2013-10-22,PROVIDER_CONDITION_AVAILABLE,-9.15625,127.578125,118.421875,DEV_RECON_LOCAL_BACK_ADJUSTED_DATED_CONTRACT_CHAIN,2013-10-22T00:00:00Z,126.765625,127.59375,126.71875,1152983.0,117.609375,118.4375,117.5625,1152983.0
SOURCE_NATIVE_FUTURES,ZN,bond,APPENDIX_C_172_004,10-year US,ZNZ3,780401,2013-10-22,PROVIDER_CONDITION_AVAILABLE,-9.15625,127.578125,118.421875,DEV_RECON_LOCAL_BACK_ADJUSTED_DATED_CONTRACT_CHAIN,2013-10-22T00:00:00Z,126.765625,127.59375,126.71875,1152983.0,117.609375,118.4375,117.5625,1152983.0
SOURCE_NATIVE_FUTURES,ZN,bond,APPENDIX_C_172_004,10-year US,ZNZ3,780401,2013-10-23,PROVIDER_CONDITION_AVAILABLE,-9.15625,127.5625,118.40625,DEV_RECON_LOCAL_BACK_ADJUSTED_DATED_CONTRACT_CHAIN,2013-10-23T00:00:00Z,127.5625,127.796875,127.5,831788.0,118.40625,118.640625,118.34375,831788.0
SOURCE_NATIVE_FUTURES,ZN,bond,APPENDIX_C_172_004,10-year US,ZNZ3,780401,2013-10-23,PROVIDER_CONDITION_AVAILABLE,-9.15625,127.5625,118.40625,DEV_RECON_LOCAL_BACK_ADJUSTED_DATED_CONTRACT_CHAIN,2013-10-23T00:00:00Z,127.5625,127.796875,127.5,831788.0,118.40625,118.640625,118.34375,831788.0
SOURCE_NATIVE_FUTURES,ZN,bond,APPENDIX_C_172_004,10-year US,ZNZ3,780401,2013-10-24,PROVIDER_CONDITION_AVAILABLE,-9.15625,127.4375,118.28125,DEV_RECON_LOCAL_BACK_ADJUSTED_DATED_CONTRACT_CHAIN,2013-10-24T00:00:00Z,127.578125,127.765625,127.34375,840019.0,118.421875,118.609375,118.1875,840019.0
SOURCE_NATIVE_FUTURES,ZN,bond,APPENDIX_C_172_004,10-year US,ZNZ3,780401,2013-10-24,PROVIDER_CONDITION_AVAILABLE,-9.15625,127.4375,118.28125,DEV_RECON_LOCAL_BACK_ADJUSTED_DATED_CONTRACT_CHAIN,2013-10-24T00:00:00Z,127.578125,127.765625,127.34375,840019.0,118.421875,118.609375,118.1875,840019.0
SOURCE_NATIVE_FUTURES,ZN,bond,APPENDIX_C_172_004,10-year US,ZNZ3,780401,2013-10-25,PROVIDER_CONDITION_AVAILABLE,-9.15625,127.546875,118.390625,DEV_RECON_LOCAL_BACK_ADJUSTED_DATED_CONTRACT_CHAIN,2013-10-25T00:00:00Z,127.4375,127.671875,127.421875,568211.0,118.28125,118.515625,118.265625,568211.0
SOURCE_NATIVE_FUTURES,ZN,bond,APPENDIX_C_172_004,10-year US,ZNZ3,780401,2013-10-25,PROVIDER_CONDITION_AVAILABLE,-9.15625,127.546875,118.390625,DEV_RECON_LOCAL_BACK_ADJUSTED_DATED_CONTRACT_CHAIN,2013-10-25T00:00:00Z,127.4375,127.671875,127.421875,568211.0,118.28125,118.515625,118.265625,568211.0
SOURCE_NATIVE_FUTURES,ZN,bond,APPENDIX_C_172_004,10-year US,ZNZ3,780401,2013-10-27,PROVIDER_CONDITION_AVAILABLE,-9.15625,127.53125,118.375,DEV_RECON_LOCAL_BACK_ADJUSTED_DATED_CONTRACT_CHAIN,2013-10-27T00:00:00Z,127.5625,127.609375,127.515625,5765.0,118.40625,118.453125,118.359375,5765.0
SOURCE_NATIVE_FUTURES,ZN,bond,APPENDIX_C_172_004,10-year US,ZNZ3,780401,2013-10-27,PROVIDER_CONDITION_AVAILABLE,-9.15625,127.53125,118.375,DEV_RECON_LOCAL_BACK_ADJUSTED_DATED_CONTRACT_CHAIN,2013-10-27T00:00:00Z,127.5625,127.609375,127.515625,5765.0,118.40625,118.453125,118.359375,5765.0
SOURCE_NATIVE_FUTURES,ZN,bond,APPENDIX_C_172_004,10-year US,ZNZ3,780401,2013-10-28,PROVIDER_CONDITION_AVAILABLE,-9.15625,127.5625,118.40625,DEV_RECON_LOCAL_BACK_ADJUSTED_DATED_CONTRACT_CHAIN,2013-10-28T00:00:00Z,127.515625,127.65625,127.375,474175.0,118.359375,118.5,118.21875,474175.0
SOURCE_NATIVE_FUTURES,ZN,bond,APPENDIX_C_172_004,10-year US,ZNZ3,780401,2013-10-28,PROVIDER_CONDITION_AVAILABLE,-9.15625,127.5625,118.40625,DEV_RECON_LOCAL_BACK_ADJUSTED_DATED_CONTRACT_CHAIN,2013-10-28T00:00:00Z,127.515625,127.65625,127.375,474175.0,118.359375,118.5,118.21875,474175.0
SOURCE_NATIVE_FUTURES,ZN,bond,APPENDIX_C_172_004,10-year US,ZNZ3,780401,2013-10-29,PROVIDER_CONDITION_AVAILABLE,-9.15625,127.703125,118.546875,DEV_RECON_LOCAL_BACK_ADJUSTED_DATED_CONTRACT_CHAIN,2013-10-29T00:00:00Z,127.546875,127.75,127.4375,726025.0,118.390625,118.59375,118.28125,726025.0
SOURCE_NATIVE_FUTURES,ZN,bond,APPENDIX_C_172_004,10-year US,ZNZ3,780401,2013-10-29,PROVIDER_CONDITION_AVAILABLE,-9.15625,127.703125,118.546875,DEV_RECON_LOCAL_BACK_ADJUSTED_DATED_CONTRACT_CHAIN,2013-10-29T00:00:00Z,127.546875,127.75,127.4375,726025.0,118.390625,118.59375,118.28125,726025.0
SOURCE_NATIVE_FUTURES,ZN,bond,APPENDIX_C_172_004,10-year US,ZNZ3,780401,2013-10-30,PROVIDER_CONDITION_AVAILABLE,-9.15625,127.40625,118.25,DEV_RECON_LOCAL_BACK_ADJUSTED_DATED_CONTRACT_CHAIN,2013-10-30T00:00:00Z,127.703125,128.0625,127.296875,1212339.0,118.546875,118.90625,118.140625,1212339.0
SOURCE_NATIVE_FUTURES,ZN,bond,APPENDIX_C_172_004,10-year US,ZNZ3,780401,2013-10-30,PROVIDER_CONDITION_AVAILABLE,-9.15625,127.40625,118.25,DEV_RECON_LOCAL_BACK_ADJUSTED_DATED_CONTRACT_CHAIN,2013-10-30T00:00:00Z,127.703125,128.0625,127.296875,1212339.0,118.546875,118.90625,118.140625,1212339.0
SOURCE_NATIVE_FUTURES,ZN,bond,APPENDIX_C_172_004,10-year US,ZNZ3,780401,2013-10-31,PROVIDER_CONDITION_AVAILABLE,-9.15625,127.1875,118.03125,DEV_RECON_LOCAL_BACK_ADJUSTED_DATED_CONTRACT_CHAIN,2013-10-31T00:00:00Z,127.390625,127.765625,127.078125,1416277.0,118.234375,118.609375,117.921875,1416277.0
SOURCE_NATIVE_FUTURES,ZN,bond,APPENDIX_C_172_004,10-year US,ZNZ3,780401,2013-10-31,PROVIDER_CONDITION_AVAILABLE,-9.15625,127.1875,118.03125,DEV_RECON_LOCAL_BACK_ADJUSTED_DATED_CONTRACT_CHAIN,2013-10-31T00:00:00Z,127.390625,127.765625,127.078125,1416277.0,118.234375,118.609375,117.921875,1416277.0
SOURCE_NATIVE_FUTURES,ZN,bond,APPENDIX_C_172_004,10-year US,ZNZ3,780401,2013-11-01,PROVIDER_CONDITION_AVAILABLE,-9.15625,126.75,117.59375,DEV_RECON_LOCAL_BACK_ADJUSTED_DATED_CONTRACT_CHAIN,2013-11-01T00:00:00Z,127.1875,127.25,126.6875,1029896.0,118.03125,118.09375,117.53125,1029896.0
SOURCE_NATIVE_FUTURES,ZN,bond,APPENDIX_C_172_004,10-year US,ZNZ3,780401,2013-11-01,PROVIDER_CONDITION_AVAILABLE,-9.15625,126.75,117.59375,DEV_RECON_LOCAL_BACK_ADJUSTED_DATED_CONTRACT_CHAIN,2013-11-01T00:00:00Z,127.1875,127.25,126.6875,1029896.0,118.03125,118.09375,117.53125,1029896.0
SOURCE_NATIVE_FUTURES,ZN,bond,APPENDIX_C_172_004,10-year US,ZNZ3,780401,2013-11-03,PROVIDER_CONDITION_AVAILABLE,-9.15625,126.671875,117.515625,DEV_RECON_LOCAL_BACK_ADJUSTED_DATED_CONTRACT_CHAIN,2013-11-03T00:00:00Z,126.6875,126.71875,126.671875,5965.0,117.53125,117.5625,117.515625,5965.0
SOURCE_NATIVE_FUTURES,ZN,bond,APPENDIX_C_172_004,10-year US,ZNZ3,780401,2013-11-03,PROVIDER_CONDITION_AVAILABLE,-9.15625,126.671875,117.515625,DEV_RECON_LOCAL_BACK_ADJUSTED_DATED_CONTRACT_CHAIN,2013-11-03T00:00:00Z,126.6875,126.71875,126.671875,5965.0,117.53125,117.5625,117.515625,5965.0
SOURCE_NATIVE_FUTURES,ZN,bond,APPENDIX_C_172_004,10-year US,ZNZ3,780401,2013-11-04,PROVIDER_CONDITION_AVAILABLE,-9.15625,126.96875,117.8125,DEV_RECON_LOCAL_BACK_ADJUSTED_DATED_CONTRACT_CHAIN,2013-11-04T00:00:00Z,126.6875,127.0625,126.671875,520095.0,117.53125,117.90625,117.515625,520095.0
SOURCE_NATIVE_FUTURES,ZN,bond,APPENDIX_C_172_004,10-year US,ZNZ3,780401,2013-11-04,PROVIDER_CONDITION_AVAILABLE,-9.15625,126.96875,117.8125,DEV_RECON_LOCAL_BACK_ADJUSTED_DATED_CONTRACT_CHAIN,2013-11-04T00:00:00Z,126.6875,127.0625,126.671875,520095.0,117.53125,117.90625,117.515625,520095.0
SOURCE_NATIVE_FUTURES,ZN,bond,APPENDIX_C_172_004,10-year US,ZNZ3,780401,2013-11-05,PROVIDER_CONDITION_AVAILABLE,-9.15625,126.546875,117.390625,DEV_RECON_LOCAL_BACK_ADJUSTED_DATED_CONTRACT_CHAIN,2013-11-05T00:00:00Z,126.96875,127.046875,126.390625,1085783.0,117.8125,117.890625,117.234375,1085783.0
SOURCE_NATIVE_FUTURES,ZN,bond,APPENDIX_C_172_004,10-year US,ZNZ3,780401,2013-11-05,PROVIDER_CONDITION_AVAILABLE,-9.15625,126.546875,117.390625,DEV_RECON_LOCAL_BACK_ADJUSTED_DATED_CONTRACT_CHAIN,2013-11-05T00:00:00Z,126.96875,127.046875,126.390625,1085783.0,117.8125,117.890625,117.234375,1085783.0
SOURCE_NATIVE_FUTURES,ZN,bond,APPENDIX_C_172_004,10-year US,ZNZ3,780401,2013-11-06,PROVIDER_CONDITION_AVAILABLE,-9.15625,126.90625,117.75,DEV_RECON_LOCAL_BACK_ADJUSTED_DATED_CONTRACT_CHAIN,2013-11-06T00:00:00Z,126.546875,127.03125,126.5,961741.0,117.390625,117.875,117.34375,961741.0
SOURCE_NATIVE_FUTURES,ZN,bond,APPENDIX_C_172_004,10-year US,ZNZ3,780401,2013-11-06,PROVIDER_CONDITION_AVAILABLE,-9.15625,126.90625,117.75,DEV_RECON_LOCAL_BACK_ADJUSTED_DATED_CONTRACT_CHAIN,2013-11-06T00:00:00Z,126.546875,127.03125,126.5,961741.0,117.390625,117.875,117.34375,961741.0
SOURCE_NATIVE_FUTURES,ZN,bond,APPENDIX_C_172_004,10-year US,ZNZ3,780401,2013-11-07,PROVIDER_CONDITION_AVAILABLE,-9.15625,127.1875,118.03125,DEV_RECON_LOCAL_BACK_ADJUSTED_DATED_CONTRACT_CHAIN,2013-11-07T00:00:00Z,126.921875,127.421875,126.859375,1227664.0,117.765625,118.265625,117.703125,1227664.0
SOURCE_NATIVE_FUTURES,ZN,bond,APPENDIX_C_172_004,10-year US,ZNZ3,780401,2013-11-07,PROVIDER_CONDITION_AVAILABLE,-9.15625,127.1875,118.03125,DEV_RECON_LOCAL_BACK_ADJUSTED_DATED_CONTRACT_CHAIN,2013-11-07T00:00:00Z,126.921875,127.421875,126.859375,1227664.0,117.765625,118.265625,117.703125,1227664.0
SOURCE_NATIVE_FUTURES,ZN,bond,APPENDIX_C_172_004,10-year US,ZNZ3,780401,2013-11-08,PROVIDER_CONDITION_AVAILABLE,-9.15625,126.109375,116.953125,DEV_RECON_LOCAL_BACK_ADJUSTED_DATED_CONTRACT_CHAIN,2013-11-08T00:00:00Z,127.1875,127.703125,125.953125,1517106.0,118.03125,118.546875,116.796875,1517106.0
SOURCE_NATIVE_FUTURES,ZN,bond,APPENDIX_C_172_004,10-year US,ZNZ3,780401,2013-11-08,PROVIDER_CONDITION_AVAILABLE,-9.15625,126.109375,116.953125,DEV_RECON_LOCAL_BACK_ADJUSTED_DATED_CONTRACT_CHAIN,2013-11-08T00:00:00Z,127.1875,127.703125,125.953125,1517106.0,118.03125,118.546875,116.796875,1517106.0
SOURCE_NATIVE_FUTURES,ZN,bond,APPENDIX_C_172_004,10-year US,ZNZ3,780401,2013-11-10,PROVIDER_CONDITION_AVAILABLE,-9.15625,126.046875,116.890625,DEV_RECON_LOCAL_BACK_ADJUSTED_DATED_CONTRACT_CHAIN,2013-11-10T00:00:00Z,126.078125,126.09375,126.0,6696.0,116.921875,116.9375,116.84375,6696.0
SOURCE_NATIVE_FUTURES,ZN,bond,APPENDIX_C_172_004,10-year US,ZNZ3,780401,2013-11-10,PROVIDER_CONDITION_AVAILABLE,-9.15625,126.046875,116.890625,DEV_RECON_LOCAL_BACK_ADJUSTED_DATED_CONTRACT_CHAIN,2013-11-10T00:00:00Z,126.078125,126.09375,126.0,6696.0,116.921875,116.9375,116.84375,6696.0
SOURCE_NATIVE_FUTURES,ZN,bond,APPENDIX_C_172_004,10-year US,ZNZ3,780401,2013-11-11,PROVIDER_CONDITION_AVAILABLE,-9.15625,126.0,116.84375,DEV_RECON_LOCAL_BACK_ADJUSTED_DATED_CONTRACT_CHAIN,2013-11-11T00:00:00Z,126.0625,126.265625,126.0,157051.0,116.90625,117.109375,116.84375,157051.0
SOURCE_NATIVE_FUTURES,ZN,bond,APPENDIX_C_172_004,10-year US,ZNZ3,780401,2013-11-11,PROVIDER_CONDITION_AVAILABLE,-9.15625,126.0,116.84375,DEV_RECON_LOCAL_BACK_ADJUSTED_DATED_CONTRACT_CHAIN,2013-11-11T00:00:00Z,126.0625,126.265625,126.0,157051.0,116.90625,117.109375,116.84375,157051.0
SOURCE_NATIVE_FUTURES,ZN,bond,APPENDIX_C_172_004,10-year US,ZNZ3,780401,2013-11-12,PROVIDER_CONDITION_AVAILABLE,-9.15625,125.890625,116.734375,DEV_RECON_LOCAL_BACK_ADJUSTED_DATED_CONTRACT_CHAIN,2013-11-12T00:00:00Z,126.0,126.09375,125.71875,825469.0,116.84375,116.9375,116.5625,825469.0
SOURCE_NATIVE_FUTURES,ZN,bond,APPENDIX_C_172_004,10-year US,ZNZ3,780401,2013-11-12,PROVIDER_CONDITION_AVAILABLE,-9.15625,125.890625,116.734375,DEV_RECON_LOCAL_BACK_ADJUSTED_DATED_CONTRACT_CHAIN,2013-11-12T00:00:00Z,126.0,126.09375,125.71875,825469.0,116.84375,116.9375,116.5625,825469.0
SOURCE_NATIVE_FUTURES,ZN,bond,APPENDIX_C_172_004,10-year US,ZNZ3,780401,2013-11-13,PROVIDER_CONDITION_AVAILABLE,-9.15625,126.734375,117.578125,DEV_RECON_LOCAL_BACK_ADJUSTED_DATED_CONTRACT_CHAIN,2013-11-13T00:00:00Z,125.90625,126.765625,125.875,881343.0,116.75,117.609375,116.71875,881343.0
SOURCE_NATIVE_FUTURES,ZN,bond,APPENDIX_C_172_004,10-year US,ZNZ3,780401,2013-11-13,PROVIDER_CONDITION_AVAILABLE,-9.15625,126.734375,117.578125,DEV_RECON_LOCAL_BACK_ADJUSTED_DATED_CONTRACT_CHAIN,2013-11-13T00:00:00Z,125.90625,126.765625,125.875,881343.0,116.75,117.609375,116.71875,881343.0
SOURCE_NATIVE_FUTURES,ZN,bond,APPENDIX_C_172_004,10-year US,ZNZ3,780401,2013-11-14,PROVIDER_CONDITION_AVAILABLE,-9.15625,126.921875,117.765625,DEV_RECON_LOCAL_BACK_ADJUSTED_DATED_CONTRACT_CHAIN,2013-11-14T00:00:00Z,126.734375,126.96875,126.421875,1248677.0,117.578125,117.8125,117.265625,1248677.0
SOURCE_NATIVE_FUTURES,ZN,bond,APPENDIX_C_172_004,10-year US,ZNZ3,780401,2013-11-14,PROVIDER_CONDITION_AVAILABLE,-9.15625,126.921875,117.765625,DEV_RECON_LOCAL_BACK_ADJUSTED_DATED_CONTRACT_CHAIN,2013-11-14T00:00:00Z,126.734375,126.96875,126.421875,1248677.0,117.578125,117.8125,117.265625,1248677.0
SOURCE_NATIVE_FUTURES,ZN,bond,APPENDIX_C_172_004,10-year US,ZNZ3,780401,2013-11-15,PROVIDER_CONDITION_AVAILABLE,-9.15625,126.796875,117.640625,DEV_RECON_LOCAL_BACK_ADJUSTED_DATED_CONTRACT_CHAIN,2013-11-15T00:00:00Z,126.90625,126.9375,126.578125,644870.0,117.75,117.78125,117.421875,644870.0
SOURCE_NATIVE_FUTURES,ZN,bond,APPENDIX_C_172_004,10-year US,ZNZ3,780401,2013-11-15,PROVIDER_CONDITION_AVAILABLE,-9.15625,126.796875,117.640625,DEV_RECON_LOCAL_BACK_ADJUSTED_DATED_CONTRACT_CHAIN,2013-11-15T00:00:00Z,126.90625,126.9375,126.578125,644870.0,117.75,117.78125,117.421875,644870.0
SOURCE_NATIVE_FUTURES,ZN,bond,APPENDIX_C_172_004,10-year US,ZNZ3,780401,2013-11-17,PROVIDER_CONDITION_AVAILABLE,-9.15625,126.703125,117.546875,DEV_RECON_LOCAL_BACK_ADJUSTED_DATED_CONTRACT_CHAIN,2013-11-17T00:00:00Z,126.703125,126.734375,126.671875,7040.0,117.546875,117.578125,117.515625,7040.0
SOURCE_NATIVE_FUTURES,ZN,bond,APPENDIX_C_172_004,10-year US,ZNZ3,780401,2013-11-17,PROVIDER_CONDITION_AVAILABLE,-9.15625,126.703125,117.546875,DEV_RECON_LOCAL_BACK_ADJUSTED_DATED_CONTRACT_CHAIN,2013-11-17T00:00:00Z,126.703125,126.734375,126.671875,7040.0,117.546875,117.578125,117.515625,7040.0
SOURCE_NATIVE_FUTURES,ZN,bond,APPENDIX_C_172_004,10-year US,ZNH4,381207,2013-11-18,PROVIDER_CONDITION_AVAILABLE,-7.84375,125.78125,117.9375,DEV_RECON_LOCAL_BACK_ADJUSTED_DATED_CONTRACT_CHAIN,2013-11-18T00:00:00Z,125.375,125.828125,125.375,4070.0,117.53125,117.984375,117.53125,4070.0
SOURCE_NATIVE_FUTURES,ZN,bond,APPENDIX_C_172_004,10-year US,ZNH4,381207,2013-11-18,PROVIDER_CONDITION_AVAILABLE,-7.84375,125.78125,117.9375,DEV_RECON_LOCAL_BACK_ADJUSTED_DATED_CONTRACT_CHAIN,2013-11-18T00:00:00Z,125.375,125.828125,125.375,4070.0,117.53125,117.984375,117.53125,4070.0
SOURCE_NATIVE_FUTURES,ZN,bond,APPENDIX_C_172_004,10-year US,ZNH4,381207,2013-11-19,PROVIDER_CONDITION_AVAILABLE,-7.84375,125.5,117.65625,DEV_RECON_LOCAL_BACK_ADJUSTED_DATED_CONTRACT_CHAIN,2013-11-19T00:00:00Z,125.765625,125.796875,125.390625,7458.0,117.921875,117.953125,117.546875,7458.0
SOURCE_NATIVE_FUTURES,ZN,bond,APPENDIX_C_172_004,10-year US,ZNH4,381207,2013-11-19,PROVIDER_CONDITION_AVAILABLE,-7.84375,125.5,117.65625,DEV_RECON_LOCAL_BACK_ADJUSTED_DATED_CONTRACT_CHAIN,2013-11-19T00:00:00Z,125.765625,125.796875,125.390625,7458.0,117.921875,117.953125,117.546875,7458.0
SOURCE_NATIVE_FUTURES,ZN,bond,APPENDIX_C_172_004,10-year US,ZNH4,381207,2013-11-20,PROVIDER_CONDITION_AVAILABLE,-7.84375,124.84375,117.0,DEV_RECON_LOCAL_BACK_ADJUSTED_DATED_CONTRACT_CHAIN,2013-11-20T00:00:00Z,125.484375,125.75,124.8125,17728.0,117.640625,117.90625,116.96875,17728.0
SOURCE_NATIVE_FUTURES,ZN,bond,APPENDIX_C_172_004,10-year US,ZNH4,381207,2013-11-20,PROVIDER_CONDITION_AVAILABLE,-7.84375,124.84375,117.0,DEV_RECON_LOCAL_BACK_ADJUSTED_DATED_CONTRACT_CHAIN,2013-11-20T00:00:00Z,125.484375,125.75,124.8125,17728.0,117.640625,117.90625,116.96875,17728.0
SOURCE_NATIVE_FUTURES,ZN,bond,APPENDIX_C_172_004,10-year US,ZNH4,381207,2013-11-21,PROVIDER_CONDITION_AVAILABLE,-7.84375,125.078125,117.234375,DEV_RECON_LOCAL_BACK_ADJUSTED_DATED_CONTRACT_CHAIN,2013-11-21T00:00:00Z,124.84375,125.140625,124.5625,35756.0,117.0,117.296875,116.71875,35756.0
SOURCE_NATIVE_FUTURES,ZN,bond,APPENDIX_C_172_004,10-year US,ZNH4,381207,2013-11-21,PROVIDER_CONDITION_AVAILABLE,-7.84375,125.078125,117.234375,DEV_RECON_LOCAL_BACK_ADJUSTED_DATED_CONTRACT_CHAIN,2013-11-21T00:00:00Z,124.84375,125.140625,124.5625,35756.0,117.0,117.296875,116.71875,35756.0
SOURCE_NATIVE_FUTURES,ZN,bond,APPENDIX_C_172_004,10-year US,ZNH4,381207,2013-11-22,PROVIDER_CONDITION_AVAILABLE,-7.84375,125.328125,117.484375,DEV_RECON_LOCAL_BACK_ADJUSTED_DATED_CONTRACT_CHAIN,2013-11-22T00:00:00Z,125.0625,125.34375,124.96875,30486.0,117.21875,117.5,117.125,30486.0
SOURCE_NATIVE_FUTURES,ZN,bond,APPENDIX_C_172_004,10-year US,ZNH4,381207,2013-11-22,PROVIDER_CONDITION_AVAILABLE,-7.84375,125.328125,117.484375,DEV_RECON_LOCAL_BACK_ADJUSTED_DATED_CONTRACT_CHAIN,2013-11-22T00:00:00Z,125.0625,125.34375,124.96875,30486.0,117.21875,117.5,117.125,30486.0
SOURCE_NATIVE_FUTURES,ZN,bond,APPENDIX_C_172_004,10-year US,ZNH4,381207,2013-11-24,PROVIDER_CONDITION_AVAILABLE,-7.84375,125.265625,117.421875,DEV_RECON_LOCAL_BACK_ADJUSTED_DATED_CONTRACT_CHAIN,2013-11-24T00:00:00Z,125.28125,125.296875,125.25,63.0,117.4375,117.453125,117.40625,63.0
SOURCE_NATIVE_FUTURES,ZN,bond,APPENDIX_C_172_004,10-year US,ZNH4,381207,2013-11-24,PROVIDER_CONDITION_AVAILABLE,-7.84375,125.265625,117.421875,DEV_RECON_LOCAL_BACK_ADJUSTED_DATED_CONTRACT_CHAIN,2013-11-24T00:00:00Z,125.28125,125.296875,125.25,63.0,117.4375,117.453125,117.40625,63.0
SOURCE_NATIVE_FUTURES,ZN,bond,APPENDIX_C_172_004,10-year US,ZNH4,381207,2013-11-25,PROVIDER_CONDITION_AVAILABLE,-7.84375,125.59375,117.75,DEV_RECON_LOCAL_BACK_ADJUSTED_DATED_CONTRACT_CHAIN,2013-11-25T00:00:00Z,125.25,125.703125,125.125,104467.0,117.40625,117.859375,117.28125,104467.0
SOURCE_NATIVE_FUTURES,ZN,bond,APPENDIX_C_172_004,10-year US,ZNH4,381207,2013-11-25,PROVIDER_CONDITION_AVAILABLE,-7.84375,125.59375,117.75,DEV_RECON_LOCAL_BACK_ADJUSTED_DATED_CONTRACT_CHAIN,2013-11-25T00:00:00Z,125.25,125.703125,125.125,104467.0,117.40625,117.859375,117.28125,104467.0
SOURCE_NATIVE_FUTURES,ZN,bond,APPENDIX_C_172_004,10-year US,ZNH4,381207,2013-11-26,PROVIDER_CONDITION_AVAILABLE,-7.84375,125.65625,117.8125,DEV_RECON_LOCAL_BACK_ADJUSTED_DATED_CONTRACT_CHAIN,2013-11-26T00:00:00Z,125.578125,125.796875,125.375,240208.0,117.734375,117.953125,117.53125,240208.0
SOURCE_NATIVE_FUTURES,ZN,bond,APPENDIX_C_172_004,10-year US,ZNH4,381207,2013-11-26,PROVIDER_CONDITION_AVAILABLE,-7.84375,125.65625,117.8125,DEV_RECON_LOCAL_BACK_ADJUSTED_DATED_CONTRACT_CHAIN,2013-11-26T00:00:00Z,125.578125,125.796875,125.375,240208.0,117.734375,117.953125,117.53125,240208.0
SOURCE_NATIVE_FUTURES,ZN,bond,APPENDIX_C_172_004,10-year US,ZNH4,381207,2013-11-27,PROVIDER_CONDITION_AVAILABLE,-7.84375,125.4375,117.59375,DEV_RECON_LOCAL_BACK_ADJUSTED_DATED_CONTRACT_CHAIN,2013-11-27T00:00:00Z,125.640625,125.71875,125.125,468038.0,117.796875,117.875,117.28125,468038.0
SOURCE_NATIVE_FUTURES,ZN,bond,APPENDIX_C_172_004,10-year US,ZNH4,381207,2013-11-27,PROVIDER_CONDITION_AVAILABLE,-7.84375,125.4375,117.59375,DEV_RECON_LOCAL_BACK_ADJUSTED_DATED_CONTRACT_CHAIN,2013-11-27T00:00:00Z,125.640625,125.71875,125.125,468038.0,117.796875,117.875,117.28125,468038.0
SOURCE_NATIVE_FUTURES,ZN,bond,APPENDIX_C_172_004,10-year US,ZNH4,381207,2013-11-28,PROVIDER_CONDITION_AVAILABLE,-7.84375,125.390625,117.546875,DEV_RECON_LOCAL_BACK_ADJUSTED_DATED_CONTRACT_CHAIN,2013-11-28T00:00:00Z,125.4375,125.4375,125.375,2183.0,117.59375,117.59375,117.53125,2183.0
SOURCE_NATIVE_FUTURES,ZN,bond,APPENDIX_C_172_004,10-year US,ZNH4,381207,2013-11-28,PROVIDER_CONDITION_AVAILABLE,-7.84375,125.390625,117.546875,DEV_RECON_LOCAL_BACK_ADJUSTED_DATED_CONTRACT_CHAIN,2013-11-28T00:00:00Z,125.4375,125.4375,125.375,2183.0,117.59375,117.59375,117.53125,2183.0
SOURCE_NATIVE_FUTURES,ZN,bond,APPENDIX_C_172_004,10-year US,ZNH4,381207,2013-11-29,PROVIDER_CONDITION_AVAILABLE,-7.84375,125.25,117.40625,DEV_RECON_LOCAL_BACK_ADJUSTED_DATED_CONTRACT_CHAIN,2013-11-29T00:00:00Z,125.390625,125.421875,125.1875,428350.0,117.546875,117.578125,117.34375,428350.0
SOURCE_NATIVE_FUTURES,ZN,bond,APPENDIX_C_172_004,10-year US,ZNH4,381207,2013-11-29,PROVIDER_CONDITION_AVAILABLE,-7.84375,125.25,117.40625,DEV_RECON_LOCAL_BACK_ADJUSTED_DATED_CONTRACT_CHAIN,2013-11-29T00:00:00Z,125.390625,125.421875,125.1875,428350.0,117.546875,117.578125,117.34375,428350.0
SOURCE_NATIVE_FUTURES,ZN,bond,APPENDIX_C_172_004,10-year US,ZNH4,381207,2013-12-01,PROVIDER_CONDITION_AVAILABLE,-7.84375,125.3125,117.46875,DEV_RECON_LOCAL_BACK_ADJUSTED_DATED_CONTRACT_CHAIN,2013-12-01T00:00:00Z,125.234375,125.328125,125.21875,5736.0,117.390625,117.484375,117.375,5736.0
SOURCE_NATIVE_FUTURES,ZN,bond,APPENDIX_C_172_004,10-year US,ZNH4,381207,2013-12-01,PROVIDER_CONDITION_AVAILABLE,-7.84375,125.3125,117.46875,DEV_RECON_LOCAL_BACK_ADJUSTED_DATED_CONTRACT_CHAIN,2013-12-01T00:00:00Z,125.234375,125.328125,125.21875,5736.0,117.390625,117.484375,117.375,5736.0
SOURCE_NATIVE_FUTURES,ZN,bond,APPENDIX_C_172_004,10-year US,ZNH4,381207,2013-12-02,PROVIDER_CONDITION_AVAILABLE,-7.84375,124.875,117.03125,DEV_RECON_LOCAL_BACK_ADJUSTED_DATED_CONTRACT_CHAIN,2013-12-02T00:00:00Z,125.3125,125.328125,124.734375,1008563.0,117.46875,117.484375,116.890625,1008563.0
SOURCE_NATIVE_FUTURES,ZN,bond,APPENDIX_C_172_004,10-year US,ZNH4,381207,2013-12-02,PROVIDER_CONDITION_AVAILABLE,-7.84375,124.875,117.03125,DEV_RECON_LOCAL_BACK_ADJUSTED_DATED_CONTRACT_CHAIN,2013-12-02T00:00:00Z,125.3125,125.328125,124.734375,1008563.0,117.46875,117.484375,116.890625,1008563.0
SOURCE_NATIVE_FUTURES,ZN,bond,APPENDIX_C_172_004,10-year US,ZNH4,381207,2013-12-03,PROVIDER_CONDITION_AVAILABLE,-7.84375,125.046875,117.203125,DEV_RECON_LOCAL_BACK_ADJUSTED_DATED_CONTRACT_CHAIN,2013-12-03T00:00:00Z,124.890625,125.21875,124.796875,795265.0,117.046875,117.375,116.953125,795265.0
SOURCE_NATIVE_FUTURES,ZN,bond,APPENDIX_C_172_004,10-year US,ZNH4,381207,2013-12-03,PROVIDER_CONDITION_AVAILABLE,-7.84375,125.046875,117.203125,DEV_RECON_LOCAL_BACK_ADJUSTED_DATED_CONTRACT_CHAIN,2013-12-03T00:00:00Z,124.890625,125.21875,124.796875,795265.0,117.046875,117.375,116.953125,795265.0
SOURCE_NATIVE_FUTURES,ZN,bond,APPENDIX_C_172_004,10-year US,ZNH4,381207,2013-12-04,PROVIDER_CONDITION_AVAILABLE,-7.84375,124.609375,116.765625,DEV_RECON_LOCAL_BACK_ADJUSTED_DATED_CONTRACT_CHAIN,2013-12-04T00:00:00Z,125.046875,125.109375,124.4375,1293716.0,117.203125,117.265625,116.59375,1293716.0
SOURCE_NATIVE_FUTURES,ZN,bond,APPENDIX_C_172_004,10-year US,ZNH4,381207,2013-12-04,PROVIDER_CONDITION_AVAILABLE,-7.84375,124.609375,116.765625,DEV_RECON_LOCAL_BACK_ADJUSTED_DATED_CONTRACT_CHAIN,2013-12-04T00:00:00Z,125.046875,125.109375,124.4375,1293716.0,117.203125,117.265625,116.59375,1293716.0
SOURCE_NATIVE_FUTURES,ZN,bond,APPENDIX_C_172_004,10-year US,ZNH4,381207,2013-12-05,PROVIDER_CONDITION_AVAILABLE,-7.84375,124.265625,116.421875,DEV_RECON_LOCAL_BACK_ADJUSTED_DATED_CONTRACT_CHAIN,2013-12-05T00:00:00Z,124.609375,124.71875,124.21875,1081130.0,116.765625,116.875,116.375,1081130.0
SOURCE_NATIVE_FUTURES,ZN,bond,APPENDIX_C_172_004,10-year US,ZNH4,381207,2013-12-05,PROVIDER_CONDITION_AVAILABLE,-7.84375,124.265625,116.421875,DEV_RECON_LOCAL_BACK_ADJUSTED_DATED_CONTRACT_CHAIN,2013-12-05T00:00:00Z,124.609375,124.71875,124.21875,1081130.0,116.765625,116.875,116.375,1081130.0
SOURCE_NATIVE_FUTURES,ZN,bond,APPENDIX_C_172_004,10-year US,ZNH4,381207,2013-12-06,PROVIDER_CONDITION_AVAILABLE,-7.84375,124.359375,116.515625,DEV_RECON_LOCAL_BACK_ADJUSTED_DATED_CONTRACT_CHAIN,2013-12-06T00:00:00Z,124.28125,124.578125,123.75,1591814.0,116.4375,116.734375,115.90625,1591814.0
SOURCE_NATIVE_FUTURES,ZN,bond,APPENDIX_C_172_004,10-year US,ZNH4,381207,2013-12-06,PROVIDER_CONDITION_AVAILABLE,-7.84375,124.359375,116.515625,DEV_RECON_LOCAL_BACK_ADJUSTED_DATED_CONTRACT_CHAIN,2013-12-06T00:00:00Z,124.28125,124.578125,123.75,1591814.0,116.4375,116.734375,115.90625,1591814.0
SOURCE_NATIVE_FUTURES,ZN,bond,APPENDIX_C_172_004,10-year US,ZNH4,381207,2013-12-08,PROVIDER_CONDITION_AVAILABLE,-7.84375,124.28125,116.4375,DEV_RECON_LOCAL_BACK_ADJUSTED_DATED_CONTRACT_CHAIN,2013-12-08T00:00:00Z,124.296875,124.3125,124.203125,13445.0,116.453125,116.46875,116.359375,13445.0
SOURCE_NATIVE_FUTURES,ZN,bond,APPENDIX_C_172_004,10-year US,ZNH4,381207,2013-12-08,PROVIDER_CONDITION_AVAILABLE,-7.84375,124.28125,116.4375,DEV_RECON_LOCAL_BACK_ADJUSTED_DATED_CONTRACT_CHAIN,2013-12-08T00:00:00Z,124.296875,124.3125,124.203125,13445.0,116.453125,116.46875,116.359375,13445.0
SOURCE_NATIVE_FUTURES,ZN,bond,APPENDIX_C_172_004,10-year US,ZNH4,381207,2013-12-09,PROVIDER_CONDITION_AVAILABLE,-7.84375,124.4375,116.59375,DEV_RECON_LOCAL_BACK_ADJUSTED_DATED_CONTRACT_CHAIN,2013-12-09T00:00:00Z,124.296875,124.59375,124.28125,622939.0,116.453125,116.75,116.4375,622939.0
SOURCE_NATIVE_FUTURES,ZN,bond,APPENDIX_C_172_004,10-year US,ZNH4,381207,2013-12-09,PROVIDER_CONDITION_AVAILABLE,-7.84375,124.4375,116.59375,DEV_RECON_LOCAL_BACK_ADJUSTED_DATED_CONTRACT_CHAIN,2013-12-09T00:00:00Z,124.296875,124.59375,124.28125,622939.0,116.453125,116.75,116.4375,622939.0
SOURCE_NATIVE_FUTURES,ZN,bond,APPENDIX_C_172_004,10-year US,ZNH4,381207,2013-12-10,PROVIDER_CONDITION_AVAILABLE,-7.84375,124.6875,116.84375,DEV_RECON_LOCAL_BACK_ADJUSTED_DATED_CONTRACT_CHAIN,2013-12-10T00:00:00Z,124.4375,124.9375,124.390625,962565.0,116.59375,117.09375,116.546875,962565.0
SOURCE_NATIVE_FUTURES,ZN,bond,APPENDIX_C_172_004,10-year US,ZNH4,381207,2013-12-10,PROVIDER_CONDITION_AVAILABLE,-7.84375,124.6875,116.84375,DEV_RECON_LOCAL_BACK_ADJUSTED_DATED_CONTRACT_CHAIN,2013-12-10T00:00:00Z,124.4375,124.9375,124.390625,962565.0,116.59375,117.09375,116.546875,962565.0
SOURCE_NATIVE_FUTURES,ZN,bond,APPENDIX_C_172_004,10-year US,ZNH4,381207,2013-12-11,PROVIDER_CONDITION_AVAILABLE,-7.84375,124.40625,116.5625,DEV_RECON_LOCAL_BACK_ADJUSTED_DATED_CONTRACT_CHAIN,2013-12-11T00:00:00Z,124.6875,124.828125,124.375,834840.0,116.84375,116.984375,116.53125,834840.0
SOURCE_NATIVE_FUTURES,ZN,bond,APPENDIX_C_172_004,10-year US,ZNH4,381207,2013-12-11,PROVIDER_CONDITION_AVAILABLE,-7.84375,124.40625,116.5625,DEV_RECON_LOCAL_BACK_ADJUSTED_DATED_CONTRACT_CHAIN,2013-12-11T00:00:00Z,124.6875,124.828125,124.375,834840.0,116.84375,116.984375,116.53125,834840.0
SOURCE_NATIVE_FUTURES,ZN,bond,APPENDIX_C_172_004,10-year US,ZNH4,381207,2013-12-12,PROVIDER_CONDITION_AVAILABLE,-7.84375,124.234375,116.390625,DEV_RECON_LOCAL_BACK_ADJUSTED_DATED_CONTRACT_CHAIN,2013-12-12T00:00:00Z,124.40625,124.546875,124.109375,996205.0,116.5625,116.703125,116.265625,996205.0
SOURCE_NATIVE_FUTURES,ZN,bond,APPENDIX_C_172_004,10-year US,ZNH4,381207,2013-12-12,PROVIDER_CONDITION_AVAILABLE,-7.84375,124.234375,116.390625,DEV_RECON_LOCAL_BACK_ADJUSTED_DATED_CONTRACT_CHAIN,2013-12-12T00:00:00Z,124.40625,124.546875,124.109375,996205.0,116.5625,116.703125,116.265625,996205.0
SOURCE_NATIVE_FUTURES,ZN,bond,APPENDIX_C_172_004,10-year US,ZNH4,381207,2013-12-13,PROVIDER_CONDITION_AVAILABLE,-7.84375,124.265625,116.421875,DEV_RECON_LOCAL_BACK_ADJUSTED_DATED_CONTRACT_CHAIN,2013-12-13T00:00:00Z,124.234375,124.40625,124.125,598019.0,116.390625,116.5625,116.28125,598019.0
SOURCE_NATIVE_FUTURES,ZN,bond,APPENDIX_C_172_004,10-year US,ZNH4,381207,2013-12-13,PROVIDER_CONDITION_AVAILABLE,-7.84375,124.265625,116.421875,DEV_RECON_LOCAL_BACK_ADJUSTED_DATED_CONTRACT_CHAIN,2013-12-13T00:00:00Z,124.234375,124.40625,124.125,598019.0,116.390625,116.5625,116.28125,598019.0
SOURCE_NATIVE_FUTURES,ZN,bond,APPENDIX_C_172_004,10-year US,ZNH4,381207,2013-12-15,PROVIDER_CONDITION_AVAILABLE,-7.84375,124.25,116.40625,DEV_RECON_LOCAL_BACK_ADJUSTED_DATED_CONTRACT_CHAIN,2013-12-15T00:00:00Z,124.296875,124.296875,124.234375,2608.0,116.453125,116.453125,116.390625,2608.0
SOURCE_NATIVE_FUTURES,ZN,bond,APPENDIX_C_172_004,10-year US,ZNH4,381207,2013-12-15,PROVIDER_CONDITION_AVAILABLE,-7.84375,124.25,116.40625,DEV_RECON_LOCAL_BACK_ADJUSTED_DATED_CONTRACT_CHAIN,2013-12-15T00:00:00Z,124.296875,124.296875,124.234375,2608.0,116.453125,116.453125,116.390625,2608.0
SOURCE_NATIVE_FUTURES,ZN,bond,APPENDIX_C_172_004,10-year US,ZNH4,381207,2013-12-16,PROVIDER_CONDITION_AVAILABLE,-7.84375,124.25,116.40625,DEV_RECON_LOCAL_BACK_ADJUSTED_DATED_CONTRACT_CHAIN,2013-12-16T00:00:00Z,124.265625,124.5,124.140625,612168.0,116.421875,116.65625,116.296875,612168.0
SOURCE_NATIVE_FUTURES,ZN,bond,APPENDIX_C_172_004,10-year US,ZNH4,381207,2013-12-16,PROVIDER_CONDITION_AVAILABLE,-7.84375,124.25,116.40625,DEV_RECON_LOCAL_BACK_ADJUSTED_DATED_CONTRACT_CHAIN,2013-12-16T00:00:00Z,124.265625,124.5,124.140625,612168.0,116.421875,116.65625,116.296875,612168.0
SOURCE_NATIVE_FUTURES,ZN,bond,APPENDIX_C_172_004,10-year US,ZNH4,381207,2013-12-17,PROVIDER_CONDITION_AVAILABLE,-7.84375,124.5625,116.71875,DEV_RECON_LOCAL_BACK_ADJUSTED_DATED_CONTRACT_CHAIN,2013-12-17T00:00:00Z,124.265625,124.609375,124.21875,628193.0,116.421875,116.765625,116.375,628193.0
SOURCE_NATIVE_FUTURES,ZN,bond,APPENDIX_C_172_004,10-year US,ZNH4,381207,2013-12-17,PROVIDER_CONDITION_AVAILABLE,-7.84375,124.5625,116.71875,DEV_RECON_LOCAL_BACK_ADJUSTED_DATED_CONTRACT_CHAIN,2013-12-17T00:00:00Z,124.265625,124.609375,124.21875,628193.0,116.421875,116.765625,116.375,628193.0
SOURCE_NATIVE_FUTURES,ZN,bond,APPENDIX_C_172_004,10-year US,ZNH4,381207,2013-12-18,PROVIDER_CONDITION_AVAILABLE,-7.84375,124.203125,116.359375,DEV_RECON_LOCAL_BACK_ADJUSTED_DATED_CONTRACT_CHAIN,2013-12-18T00:00:00Z,124.546875,124.75,123.78125,1236646.0,116.703125,116.90625,115.9375,1236646.0
SOURCE_NATIVE_FUTURES,ZN,bond,APPENDIX_C_172_004,10-year US,ZNH4,381207,2013-12-18,PROVIDER_CONDITION_AVAILABLE,-7.84375,124.203125,116.359375,DEV_RECON_LOCAL_BACK_ADJUSTED_DATED_CONTRACT_CHAIN,2013-12-18T00:00:00Z,124.546875,124.75,123.78125,1236646.0,116.703125,116.90625,115.9375,1236646.0
SOURCE_NATIVE_FUTURES,ZN,bond,APPENDIX_C_172_004,10-year US,ZNH4,381207,2013-12-19,PROVIDER_CONDITION_AVAILABLE,-7.84375,123.59375,115.75,DEV_RECON_LOCAL_BACK_ADJUSTED_DATED_CONTRACT_CHAIN,2013-12-19T00:00:00Z,124.203125,124.25,123.421875,1204728.0,116.359375,116.40625,115.578125,1204728.0
SOURCE_NATIVE_FUTURES,ZN,bond,APPENDIX_C_172_004,10-year US,ZNH4,381207,2013-12-19,PROVIDER_CONDITION_AVAILABLE,-7.84375,123.59375,115.75,DEV_RECON_LOCAL_BACK_ADJUSTED_DATED_CONTRACT_CHAIN,2013-12-19T00:00:00Z,124.203125,124.25,123.421875,1204728.0,116.359375,116.40625,115.578125,1204728.0
SOURCE_NATIVE_FUTURES,ZN,bond,APPENDIX_C_172_004,10-year US,ZNH4,381207,2013-12-20,PROVIDER_CONDITION_AVAILABLE,-7.84375,123.75,115.90625,DEV_RECON_LOCAL_BACK_ADJUSTED_DATED_CONTRACT_CHAIN,2013-12-20T00:00:00Z,123.59375,123.875,123.265625,832752.0,115.75,116.03125,115.421875,832752.0
SOURCE_NATIVE_FUTURES,ZN,bond,APPENDIX_C_172_004,10-year US,ZNH4,381207,2013-12-20,PROVIDER_CONDITION_AVAILABLE,-7.84375,123.75,115.90625,DEV_RECON_LOCAL_BACK_ADJUSTED_DATED_CONTRACT_CHAIN,2013-12-20T00:00:00Z,123.59375,123.875,123.265625,832752.0,115.75,116.03125,115.421875,832752.0
SOURCE_NATIVE_FUTURES,ZN,bond,APPENDIX_C_172_004,10-year US,ZNH4,381207,2013-12-22,PROVIDER_CONDITION_AVAILABLE,-7.84375,123.703125,115.859375,DEV_RECON_LOCAL_BACK_ADJUSTED_DATED_CONTRACT_CHAIN,2013-12-22T00:00:00Z,123.71875,123.734375,123.65625,3905.0,115.875,115.890625,115.8125,3905.0
SOURCE_NATIVE_FUTURES,ZN,bond,APPENDIX_C_172_004,10-year US,ZNH4,381207,2013-12-22,PROVIDER_CONDITION_AVAILABLE,-7.84375,123.703125,115.859375,DEV_RECON_LOCAL_BACK_ADJUSTED_DATED_CONTRACT_CHAIN,2013-12-22T00:00:00Z,123.71875,123.734375,123.65625,3905.0,115.875,115.890625,115.8125,3905.0
SOURCE_NATIVE_FUTURES,ZN,bond,APPENDIX_C_172_004,10-year US,ZNH4,381207,2013-12-23,PROVIDER_CONDITION_AVAILABLE,-7.84375,123.453125,115.609375,DEV_RECON_LOCAL_BACK_ADJUSTED_DATED_CONTRACT_CHAIN,2013-12-23T00:00:00Z,123.703125,123.75,123.40625,364737.0,115.859375,115.90625,115.5625,364737.0
SOURCE_NATIVE_FUTURES,ZN,bond,APPENDIX_C_172_004,10-year US,ZNH4,381207,2013-12-23,PROVIDER_CONDITION_AVAILABLE,-7.84375,123.453125,115.609375,DEV_RECON_LOCAL_BACK_ADJUSTED_DATED_CONTRACT_CHAIN,2013-12-23T00:00:00Z,123.703125,123.75,123.40625,364737.0,115.859375,115.90625,115.5625,364737.0
SOURCE_NATIVE_FUTURES,ZN,bond,APPENDIX_C_172_004,10-year US,ZNH4,381207,2013-12-24,PROVIDER_CONDITION_AVAILABLE,-7.84375,123.046875,115.203125,DEV_RECON_LOCAL_BACK_ADJUSTED_DATED_CONTRACT_CHAIN,2013-12-24T00:00:00Z,123.453125,123.546875,123.0,186140.0,115.609375,115.703125,115.15625,186140.0
SOURCE_NATIVE_FUTURES,ZN,bond,APPENDIX_C_172_004,10-year US,ZNH4,381207,2013-12-24,PROVIDER_CONDITION_AVAILABLE,-7.84375,123.046875,115.203125,DEV_RECON_LOCAL_BACK_ADJUSTED_DATED_CONTRACT_CHAIN,2013-12-24T00:00:00Z,123.453125,123.546875,123.0,186140.0,115.609375,115.703125,115.15625,186140.0
SOURCE_NATIVE_FUTURES,ZN,bond,APPENDIX_C_172_004,10-year US,ZNH4,381207,2013-12-26,PROVIDER_CONDITION_AVAILABLE,-7.84375,123.015625,115.171875,DEV_RECON_LOCAL_BACK_ADJUSTED_DATED_CONTRACT_CHAIN,2013-12-26T00:00:00Z,123.0625,123.09375,122.90625,125023.0,115.21875,115.25,115.0625,125023.0
SOURCE_NATIVE_FUTURES,ZN,bond,APPENDIX_C_172_004,10-year US,ZNH4,381207,2013-12-26,PROVIDER_CONDITION_AVAILABLE,-7.84375,123.015625,115.171875,DEV_RECON_LOCAL_BACK_ADJUSTED_DATED_CONTRACT_CHAIN,2013-12-26T00:00:00Z,123.0625,123.09375,122.90625,125023.0,115.21875,115.25,115.0625,125023.0
SOURCE_NATIVE_FUTURES,ZN,bond,APPENDIX_C_172_004,10-year US,ZNH4,381207,2013-12-27,PROVIDER_CONDITION_AVAILABLE,-7.84375,123.015625,115.171875,DEV_RECON_LOCAL_BACK_ADJUSTED_DATED_CONTRACT_CHAIN,2013-12-27T00:00:00Z,123.015625,123.21875,122.828125,362196.0,115.171875,115.375,114.984375,362196.0
SOURCE_NATIVE_FUTURES,ZN,bond,APPENDIX_C_172_004,10-year US,ZNH4,381207,2013-12-27,PROVIDER_CONDITION_AVAILABLE,-7.84375,123.015625,115.171875,DEV_RECON_LOCAL_BACK_ADJUSTED_DATED_CONTRACT_CHAIN,2013-12-27T00:00:00Z,123.015625,123.21875,122.828125,362196.0,115.171875,115.375,114.984375,362196.0
SOURCE_NATIVE_FUTURES,ZN,bond,APPENDIX_C_172_004,10-year US,ZNH4,381207,2013-12-29,PROVIDER_CONDITION_AVAILABLE,-7.84375,123.0,115.15625,DEV_RECON_LOCAL_BACK_ADJUSTED_DATED_CONTRACT_CHAIN,2013-12-29T00:00:00Z,123.03125,123.046875,122.96875,2336.0,115.1875,115.203125,115.125,2336.0
SOURCE_NATIVE_FUTURES,ZN,bond,APPENDIX_C_172_004,10-year US,ZNH4,381207,2013-12-29,PROVIDER_CONDITION_AVAILABLE,-7.84375,123.0,115.15625,DEV_RECON_LOCAL_BACK_ADJUSTED_DATED_CONTRACT_CHAIN,2013-12-29T00:00:00Z,123.03125,123.046875,122.96875,2336.0,115.1875,115.203125,115.125,2336.0
SOURCE_NATIVE_FUTURES,ZN,bond,APPENDIX_C_172_004,10-year US,ZNH4,381207,2013-12-30,PROVIDER_CONDITION_AVAILABLE,-7.84375,123.203125,115.359375,DEV_RECON_LOCAL_BACK_ADJUSTED_DATED_CONTRACT_CHAIN,2013-12-30T00:00:00Z,123.0,123.28125,122.84375,337645.0,115.15625,115.4375,115.0,337645.0
SOURCE_NATIVE_FUTURES,ZN,bond,APPENDIX_C_172_004,10-year US,ZNH4,381207,2013-12-30,PROVIDER_CONDITION_AVAILABLE,-7.84375,123.203125,115.359375,DEV_RECON_LOCAL_BACK_ADJUSTED_DATED_CONTRACT_CHAIN,2013-12-30T00:00:00Z,123.0,123.28125,122.84375,337645.0,115.15625,115.4375,115.0,337645.0
SOURCE_NATIVE_FUTURES,ZN,bond,APPENDIX_C_172_004,10-year US,ZNH4,381207,2013-12-31,PROVIDER_CONDITION_AVAILABLE,-7.84375,122.875,115.03125,DEV_RECON_LOCAL_BACK_ADJUSTED_DATED_CONTRACT_CHAIN,2013-12-31T00:00:00Z,123.1875,123.28125,122.765625,341759.0,115.34375,115.4375,114.921875,341759.0
SOURCE_NATIVE_FUTURES,ZN,bond,APPENDIX_C_172_004,10-year US,ZNH4,381207,2013-12-31,PROVIDER_CONDITION_AVAILABLE,-7.84375,122.875,115.03125,DEV_RECON_LOCAL_BACK_ADJUSTED_DATED_CONTRACT_CHAIN,2013-12-31T00:00:00Z,123.1875,123.28125,122.765625,341759.0,115.34375,115.4375,114.921875,341759.0
SOURCE_NATIVE_FUTURES,ZN,bond,APPENDIX_C_172_004,10-year US,ZNH4,381207,2014-01-02,PROVIDER_CONDITION_AVAILABLE,-7.84375,123.125,115.28125,DEV_RECON_LOCAL_BACK_ADJUSTED_DATED_CONTRACT_CHAIN,2014-01-02T00:00:00Z,122.796875,123.28125,122.78125,580877.0,114.953125,115.4375,114.9375,580877.0
SOURCE_NATIVE_FUTURES,ZN,bond,APPENDIX_C_172_004,10-year US,ZNH4,381207,2014-01-02,PROVIDER_CONDITION_AVAILABLE,-7.84375,123.125,115.28125,DEV_RECON_LOCAL_BACK_ADJUSTED_DATED_CONTRACT_CHAIN,2014-01-02T00:00:00Z,122.796875,123.28125,122.78125,580877.0,114.953125,115.4375,114.9375,580877.0
SOURCE_NATIVE_FUTURES,ZN,bond,APPENDIX_C_172_004,10-year US,ZNH4,381207,2014-01-03,PROVIDER_CONDITION_AVAILABLE,-7.84375,123.125,115.28125,DEV_RECON_LOCAL_BACK_ADJUSTED_DATED_CONTRACT_CHAIN,2014-01-03T00:00:00Z,123.125,123.390625,123.046875,504700.0,115.28125,115.546875,115.203125,504700.0
SOURCE_NATIVE_FUTURES,ZN,bond,APPENDIX_C_172_004,10-year US,ZNH4,381207,2014-01-03,PROVIDER_CONDITION_AVAILABLE,-7.84375,123.125,115.28125,DEV_RECON_LOCAL_BACK_ADJUSTED_DATED_CONTRACT_CHAIN,2014-01-03T00:00:00Z,123.125,123.390625,123.046875,504700.0,115.28125,115.546875,115.203125,504700.0
SOURCE_NATIVE_FUTURES,ZN,bond,APPENDIX_C_172_004,10-year US,ZNH4,381207,2014-01-05,PROVIDER_CONDITION_AVAILABLE,-7.84375,123.0,115.15625,DEV_RECON_LOCAL_BACK_ADJUSTED_DATED_CONTRACT_CHAIN,2014-01-05T00:00:00Z,123.09375,123.109375,122.9375,10631.0,115.25,115.265625,115.09375,10631.0
SOURCE_NATIVE_FUTURES,ZN,bond,APPENDIX_C_172_004,10-year US,ZNH4,381207,2014-01-05,PROVIDER_CONDITION_AVAILABLE,-7.84375,123.0,115.15625,DEV_RECON_LOCAL_BACK_ADJUSTED_DATED_CONTRACT_CHAIN,2014-01-05T00:00:00Z,123.09375,123.109375,122.9375,10631.0,115.25,115.265625,115.09375,10631.0
SOURCE_NATIVE_FUTURES,ZN,bond,APPENDIX_C_172_004,10-year US,ZNH4,381207,2014-01-06,PROVIDER_CONDITION_AVAILABLE,-7.84375,123.5,115.65625,DEV_RECON_LOCAL_BACK_ADJUSTED_DATED_CONTRACT_CHAIN,2014-01-06T00:00:00Z,123.015625,123.59375,122.96875,641690.0,115.171875,115.75,115.125,641690.0
SOURCE_NATIVE_FUTURES,ZN,bond,APPENDIX_C_172_004,10-year US,ZNH4,381207,2014-01-06,PROVIDER_CONDITION_AVAILABLE,-7.84375,123.5,115.65625,DEV_RECON_LOCAL_BACK_ADJUSTED_DATED_CONTRACT_CHAIN,2014-01-06T00:00:00Z,123.015625,123.59375,122.96875,641690.0,115.171875,115.75,115.125,641690.0
SOURCE_NATIVE_FUTURES,ZN,bond,APPENDIX_C_172_004,10-year US,ZNH4,381207,2014-01-07,PROVIDER_CONDITION_AVAILABLE,-7.84375,123.59375,115.75,DEV_RECON_LOCAL_BACK_ADJUSTED_DATED_CONTRACT_CHAIN,2014-01-07T00:00:00Z,123.484375,123.6875,123.40625,679922.0,115.640625,115.84375,115.5625,679922.0
SOURCE_NATIVE_FUTURES,ZN,bond,APPENDIX_C_172_004,10-year US,ZNH4,381207,2014-01-07,PROVIDER_CONDITION_AVAILABLE,-7.84375,123.59375,115.75,DEV_RECON_LOCAL_BACK_ADJUSTED_DATED_CONTRACT_CHAIN,2014-01-07T00:00:00Z,123.484375,123.6875,123.40625,679922.0,115.640625,115.84375,115.5625,679922.0
SOURCE_NATIVE_FUTURES,ZN,bond,APPENDIX_C_172_004,10-year US,ZNH4,381207,2014-01-08,PROVIDER_CONDITION_AVAILABLE,-7.84375,123.125,115.28125,DEV_RECON_LOCAL_BACK_ADJUSTED_DATED_CONTRACT_CHAIN,2014-01-08T00:00:00Z,123.609375,123.609375,123.0,1149948.0,115.765625,115.765625,115.15625,1149948.0
SOURCE_NATIVE_FUTURES,ZN,bond,APPENDIX_C_172_004,10-year US,ZNH4,381207,2014-01-08,PROVIDER_CONDITION_AVAILABLE,-7.84375,123.125,115.28125,DEV_RECON_LOCAL_BACK_ADJUSTED_DATED_CONTRACT_CHAIN,2014-01-08T00:00:00Z,123.609375,123.609375,123.0,1149948.0,115.765625,115.765625,115.15625,1149948.0
SOURCE_NATIVE_FUTURES,ZN,bond,APPENDIX_C_172_004,10-year US,ZNH4,381207,2014-01-09,PROVIDER_CONDITION_AVAILABLE,-7.84375,123.265625,115.421875,DEV_RECON_LOCAL_BACK_ADJUSTED_DATED_CONTRACT_CHAIN,2014-01-09T00:00:00Z,123.140625,123.359375,123.015625,997188.0,115.296875,115.515625,115.171875,997188.0
SOURCE_NATIVE_FUTURES,ZN,bond,APPENDIX_C_172_004,10-year US,ZNH4,381207,2014-01-09,PROVIDER_CONDITION_AVAILABLE,-7.84375,123.265625,115.421875,DEV_RECON_LOCAL_BACK_ADJUSTED_DATED_CONTRACT_CHAIN,2014-01-09T00:00:00Z,123.140625,123.359375,123.015625,997188.0,115.296875,115.515625,115.171875,997188.0
SOURCE_NATIVE_FUTURES,ZN,bond,APPENDIX_C_172_004,10-year US,ZNH4,381207,2014-01-10,PROVIDER_CONDITION_AVAILABLE,-7.84375,124.3125,116.46875,DEV_RECON_LOCAL_BACK_ADJUSTED_DATED_CONTRACT_CHAIN,2014-01-10T00:00:00Z,123.265625,124.359375,123.265625,1596153.0,115.421875,116.515625,115.421875,1596153.0
SOURCE_NATIVE_FUTURES,ZN,bond,APPENDIX_C_172_004,10-year US,ZNH4,381207,2014-01-10,PROVIDER_CONDITION_AVAILABLE,-7.84375,124.3125,116.46875,DEV_RECON_LOCAL_BACK_ADJUSTED_DATED_CONTRACT_CHAIN,2014-01-10T00:00:00Z,123.265625,124.359375,123.265625,1596153.0,115.421875,116.515625,115.421875,1596153.0
SOURCE_NATIVE_FUTURES,ZN,bond,APPENDIX_C_172_004,10-year US,ZNH4,381207,2014-01-12,PROVIDER_CONDITION_AVAILABLE,-7.84375,124.390625,116.546875,DEV_RECON_LOCAL_BACK_ADJUSTED_DATED_CONTRACT_CHAIN,2014-01-12T00:00:00Z,124.265625,124.390625,124.265625,11370.0,116.421875,116.546875,116.421875,11370.0
SOURCE_NATIVE_FUTURES,ZN,bond,APPENDIX_C_172_004,10-year US,ZNH4,381207,2014-01-12,PROVIDER_CONDITION_AVAILABLE,-7.84375,124.390625,116.546875,DEV_RECON_LOCAL_BACK_ADJUSTED_DATED_CONTRACT_CHAIN,2014-01-12T00:00:00Z,124.265625,124.390625,124.265625,11370.0,116.421875,116.546875,116.421875,11370.0
SOURCE_NATIVE_FUTURES,ZN,bond,APPENDIX_C_172_004,10-year US,ZNH4,381207,2014-01-13,PROVIDER_CONDITION_AVAILABLE,-7.84375,124.515625,116.671875,DEV_RECON_LOCAL_BACK_ADJUSTED_DATED_CONTRACT_CHAIN,2014-01-13T00:00:00Z,124.390625,124.640625,124.234375,736213.0,116.546875,116.796875,116.390625,736213.0
SOURCE_NATIVE_FUTURES,ZN,bond,APPENDIX_C_172_004,10-year US,ZNH4,381207,2014-01-13,PROVIDER_CONDITION_AVAILABLE,-7.84375,124.515625,116.671875,DEV_RECON_LOCAL_BACK_ADJUSTED_DATED_CONTRACT_CHAIN,2014-01-13T00:00:00Z,124.390625,124.640625,124.234375,736213.0,116.546875,116.796875,116.390625,736213.0
SOURCE_NATIVE_FUTURES,ZN,bond,APPENDIX_C_172_004,10-year US,ZNH4,381207,2014-01-14,PROVIDER_CONDITION_AVAILABLE,-7.84375,124.125,116.28125,DEV_RECON_LOCAL_BACK_ADJUSTED_DATED_CONTRACT_CHAIN,2014-01-14T00:00:00Z,124.515625,124.578125,124.109375,803625.0,116.671875,116.734375,116.265625,803625.0
SOURCE_NATIVE_FUTURES,ZN,bond,APPENDIX_C_172_004,10-year US,ZNH4,381207,2014-01-14,PROVIDER_CONDITION_AVAILABLE,-7.84375,124.125,116.28125,DEV_RECON_LOCAL_BACK_ADJUSTED_DATED_CONTRACT_CHAIN,2014-01-14T00:00:00Z,124.515625,124.578125,124.109375,803625.0,116.671875,116.734375,116.265625,803625.0
SOURCE_NATIVE_FUTURES,ZN,bond,APPENDIX_C_172_004,10-year US,ZNH4,381207,2014-01-15,PROVIDER_CONDITION_AVAILABLE,-7.84375,123.921875,116.078125,DEV_RECON_LOCAL_BACK_ADJUSTED_DATED_CONTRACT_CHAIN,2014-01-15T00:00:00Z,124.125,124.265625,123.75,975602.0,116.28125,116.421875,115.90625,975602.0
SOURCE_NATIVE_FUTURES,ZN,bond,APPENDIX_C_172_004,10-year US,ZNH4,381207,2014-01-15,PROVIDER_CONDITION_AVAILABLE,-7.84375,123.921875,116.078125,DEV_RECON_LOCAL_BACK_ADJUSTED_DATED_CONTRACT_CHAIN,2014-01-15T00:00:00Z,124.125,124.265625,123.75,975602.0,116.28125,116.421875,115.90625,975602.0
SOURCE_NATIVE_FUTURES,ZN,bond,APPENDIX_C_172_004,10-year US,ZNH4,381207,2014-01-16,PROVIDER_CONDITION_AVAILABLE,-7.84375,124.3125,116.46875,DEV_RECON_LOCAL_BACK_ADJUSTED_DATED_CONTRACT_CHAIN,2014-01-16T00:00:00Z,123.921875,124.375,123.890625,819747.0,116.078125,116.53125,116.046875,819747.0
SOURCE_NATIVE_FUTURES,ZN,bond,APPENDIX_C_172_004,10-year US,ZNH4,381207,2014-01-16,PROVIDER_CONDITION_AVAILABLE,-7.84375,124.3125,116.46875,DEV_RECON_LOCAL_BACK_ADJUSTED_DATED_CONTRACT_CHAIN,2014-01-16T00:00:00Z,123.921875,124.375,123.890625,819747.0,116.078125,116.53125,116.046875,819747.0
SOURCE_NATIVE_FUTURES,ZN,bond,APPENDIX_C_172_004,10-year US,ZNH4,381207,2014-01-17,PROVIDER_CONDITION_AVAILABLE,-7.84375,124.484375,116.640625,DEV_RECON_LOCAL_BACK_ADJUSTED_DATED_CONTRACT_CHAIN,2014-01-17T00:00:00Z,124.3125,124.5,124.15625,670306.0,116.46875,116.65625,116.3125,670306.0
SOURCE_NATIVE_FUTURES,ZN,bond,APPENDIX_C_172_004,10-year US,ZNH4,381207,2014-01-17,PROVIDER_CONDITION_AVAILABLE,-7.84375,124.484375,116.640625,DEV_RECON_LOCAL_BACK_ADJUSTED_DATED_CONTRACT_CHAIN,2014-01-17T00:00:00Z,124.3125,124.5,124.15625,670306.0,116.46875,116.65625,116.3125,670306.0
SOURCE_NATIVE_FUTURES,ZN,bond,APPENDIX_C_172_004,10-year US,ZNH4,381207,2014-01-20,PROVIDER_CONDITION_AVAILABLE,-7.84375,124.40625,116.5625,DEV_RECON_LOCAL_BACK_ADJUSTED_DATED_CONTRACT_CHAIN,2014-01-20T00:00:00Z,124.46875,124.484375,124.375,7202.0,116.625,116.640625,116.53125,7202.0
SOURCE_NATIVE_FUTURES,ZN,bond,APPENDIX_C_172_004,10-year US,ZNH4,381207,2014-01-20,PROVIDER_CONDITION_AVAILABLE,-7.84375,124.40625,116.5625,DEV_RECON_LOCAL_BACK_ADJUSTED_DATED_CONTRACT_CHAIN,2014-01-20T00:00:00Z,124.46875,124.484375,124.375,7202.0,116.625,116.640625,116.53125,7202.0
SOURCE_NATIVE_FUTURES,ZN,bond,APPENDIX_C_172_004,10-year US,ZNH4,381207,2014-01-21,PROVIDER_CONDITION_AVAILABLE,-7.84375,124.34375,116.5,DEV_RECON_LOCAL_BACK_ADJUSTED_DATED_CONTRACT_CHAIN,2014-01-21T00:00:00Z,124.40625,124.421875,124.0,723237.0,116.5625,116.578125,116.15625,723237.0
SOURCE_NATIVE_FUTURES,ZN,bond,APPENDIX_C_172_004,10-year US,ZNH4,381207,2014-01-21,PROVIDER_CONDITION_AVAILABLE,-7.84375,124.34375,116.5,DEV_RECON_LOCAL_BACK_ADJUSTED_DATED_CONTRACT_CHAIN,2014-01-21T00:00:00Z,124.40625,124.421875,124.0,723237.0,116.5625,116.578125,116.15625,723237.0
SOURCE_NATIVE_FUTURES,ZN,bond,APPENDIX_C_172_004,10-year US,ZNH4,381207,2014-01-22,PROVIDER_CONDITION_AVAILABLE,-7.84375,123.875,116.03125,DEV_RECON_LOCAL_BACK_ADJUSTED_DATED_CONTRACT_CHAIN,2014-01-22T00:00:00Z,124.328125,124.328125,123.84375,844717.0,116.484375,116.484375,116.0,844717.0
SOURCE_NATIVE_FUTURES,ZN,bond,APPENDIX_C_172_004,10-year US,ZNH4,381207,2014-01-22,PROVIDER_CONDITION_AVAILABLE,-7.84375,123.875,116.03125,DEV_RECON_LOCAL_BACK_ADJUSTED_DATED_CONTRACT_CHAIN,2014-01-22T00:00:00Z,124.328125,124.328125,123.84375,844717.0,116.484375,116.484375,116.0,844717.0
SOURCE_NATIVE_FUTURES,ZN,bond,APPENDIX_C_172_004,10-year US,ZNH4,381207,2014-01-23,PROVIDER_CONDITION_AVAILABLE,-7.84375,124.765625,116.921875,DEV_RECON_LOCAL_BACK_ADJUSTED_DATED_CONTRACT_CHAIN,2014-01-23T00:00:00Z,123.859375,124.90625,123.859375,1587939.0,116.015625,117.0625,116.015625,1587939.0
SOURCE_NATIVE_FUTURES,ZN,bond,APPENDIX_C_172_004,10-year US,ZNH4,381207,2014-01-23,PROVIDER_CONDITION_AVAILABLE,-7.84375,124.765625,116.921875,DEV_RECON_LOCAL_BACK_ADJUSTED_DATED_CONTRACT_CHAIN,2014-01-23T00:00:00Z,123.859375,124.90625,123.859375,1587939.0,116.015625,117.0625,116.015625,1587939.0
SOURCE_NATIVE_FUTURES,ZN,bond,APPENDIX_C_172_004,10-year US,ZNH4,381207,2014-01-24,PROVIDER_CONDITION_AVAILABLE,-7.84375,125.234375,117.390625,DEV_RECON_LOCAL_BACK_ADJUSTED_DATED_CONTRACT_CHAIN,2014-01-24T00:00:00Z,124.75,125.5,124.671875,1799431.0,116.90625,117.65625,116.828125,1799431.0
SOURCE_NATIVE_FUTURES,ZN,bond,APPENDIX_C_172_004,10-year US,ZNH4,381207,2014-01-24,PROVIDER_CONDITION_AVAILABLE,-7.84375,125.234375,117.390625,DEV_RECON_LOCAL_BACK_ADJUSTED_DATED_CONTRACT_CHAIN,2014-01-24T00:00:00Z,124.75,125.5,124.671875,1799431.0,116.90625,117.65625,116.828125,1799431.0
SOURCE_NATIVE_FUTURES,ZN,bond,APPENDIX_C_172_004,10-year US,ZNH4,381207,2014-01-26,PROVIDER_CONDITION_AVAILABLE,-7.84375,125.234375,117.390625,DEV_RECON_LOCAL_BACK_ADJUSTED_DATED_CONTRACT_CHAIN,2014-01-26T00:00:00Z,125.203125,125.296875,125.171875,11069.0,117.359375,117.453125,117.328125,11069.0
SOURCE_NATIVE_FUTURES,ZN,bond,APPENDIX_C_172_004,10-year US,ZNH4,381207,2014-01-26,PROVIDER_CONDITION_AVAILABLE,-7.84375,125.234375,117.390625,DEV_RECON_LOCAL_BACK_ADJUSTED_DATED_CONTRACT_CHAIN,2014-01-26T00:00:00Z,125.203125,125.296875,125.171875,11069.0,117.359375,117.453125,117.328125,11069.0
SOURCE_NATIVE_FUTURES,ZN,bond,APPENDIX_C_172_004,10-year US,ZNH4,381207,2014-01-27,PROVIDER_CONDITION_AVAILABLE,-7.84375,124.921875,117.078125,DEV_RECON_LOCAL_BACK_ADJUSTED_DATED_CONTRACT_CHAIN,2014-01-27T00:00:00Z,125.234375,125.25,124.8125,1216544.0,117.390625,117.40625,116.96875,1216544.0
SOURCE_NATIVE_FUTURES,ZN,bond,APPENDIX_C_172_004,10-year US,ZNH4,381207,2014-01-27,PROVIDER_CONDITION_AVAILABLE,-7.84375,124.921875,117.078125,DEV_RECON_LOCAL_BACK_ADJUSTED_DATED_CONTRACT_CHAIN,2014-01-27T00:00:00Z,125.234375,125.25,124.8125,1216544.0,117.390625,117.40625,116.96875,1216544.0
SOURCE_NATIVE_FUTURES,ZN,bond,APPENDIX_C_172_004,10-year US,ZNH4,381207,2014-01-28,PROVIDER_CONDITION_AVAILABLE,-7.84375,124.828125,116.984375,DEV_RECON_LOCAL_BACK_ADJUSTED_DATED_CONTRACT_CHAIN,2014-01-28T00:00:00Z,124.921875,125.125,124.65625,1188152.0,117.078125,117.28125,116.8125,1188152.0
SOURCE_NATIVE_FUTURES,ZN,bond,APPENDIX_C_172_004,10-year US,ZNH4,381207,2014-01-28,PROVIDER_CONDITION_AVAILABLE,-7.84375,124.828125,116.984375,DEV_RECON_LOCAL_BACK_ADJUSTED_DATED_CONTRACT_CHAIN,2014-01-28T00:00:00Z,124.921875,125.125,124.65625,1188152.0,117.078125,117.28125,116.8125,1188152.0
SOURCE_NATIVE_FUTURES,ZN,bond,APPENDIX_C_172_004,10-year US,ZNH4,381207,2014-01-29,PROVIDER_CONDITION_AVAILABLE,-7.84375,125.515625,117.671875,DEV_RECON_LOCAL_BACK_ADJUSTED_DATED_CONTRACT_CHAIN,2014-01-29T00:00:00Z,124.8125,125.734375,124.734375,1907233.0,116.96875,117.890625,116.890625,1907233.0
SOURCE_NATIVE_FUTURES,ZN,bond,APPENDIX_C_172_004,10-year US,ZNH4,381207,2014-01-29,PROVIDER_CONDITION_AVAILABLE,-7.84375,125.515625,117.671875,DEV_RECON_LOCAL_BACK_ADJUSTED_DATED_CONTRACT_CHAIN,2014-01-29T00:00:00Z,124.8125,125.734375,124.734375,1907233.0,116.96875,117.890625,116.890625,1907233.0
SOURCE_NATIVE_FUTURES,ZN,bond,APPENDIX_C_172_004,10-year US,ZNH4,381207,2014-01-30,PROVIDER_CONDITION_AVAILABLE,-7.84375,125.453125,117.609375,DEV_RECON_LOCAL_BACK_ADJUSTED_DATED_CONTRACT_CHAIN,2014-01-30T00:00:00Z,125.515625,125.640625,125.1875,1321871.0,117.671875,117.796875,117.34375,1321871.0
SOURCE_NATIVE_FUTURES,ZN,bond,APPENDIX_C_172_004,10-year US,ZNH4,381207,2014-01-30,PROVIDER_CONDITION_AVAILABLE,-7.84375,125.453125,117.609375,DEV_RECON_LOCAL_BACK_ADJUSTED_DATED_CONTRACT_CHAIN,2014-01-30T00:00:00Z,125.515625,125.640625,125.1875,1321871.0,117.671875,117.796875,117.34375,1321871.0
SOURCE_NATIVE_FUTURES,ZN,bond,APPENDIX_C_172_004,10-year US,ZNH4,381207,2014-01-31,PROVIDER_CONDITION_AVAILABLE,-7.84375,125.890625,118.046875,DEV_RECON_LOCAL_BACK_ADJUSTED_DATED_CONTRACT_CHAIN,2014-01-31T00:00:00Z,125.453125,125.90625,125.34375,1345896.0,117.609375,118.0625,117.5,1345896.0
SOURCE_NATIVE_FUTURES,ZN,bond,APPENDIX_C_172_004,10-year US,ZNH4,381207,2014-01-31,PROVIDER_CONDITION_AVAILABLE,-7.84375,125.890625,118.046875,DEV_RECON_LOCAL_BACK_ADJUSTED_DATED_CONTRACT_CHAIN,2014-01-31T00:00:00Z,125.453125,125.90625,125.34375,1345896.0,117.609375,118.0625,117.5,1345896.0
SOURCE_NATIVE_FUTURES,ZN,bond,APPENDIX_C_172_004,10-year US,ZNH4,381207,2014-02-02,PROVIDER_CONDITION_AVAILABLE,-7.84375,125.71875,117.875,DEV_RECON_LOCAL_BACK_ADJUSTED_DATED_CONTRACT_CHAIN,2014-02-02T00:00:00Z,125.78125,125.78125,125.703125,13333.0,117.9375,117.9375,117.859375,13333.0
SOURCE_NATIVE_FUTURES,ZN,bond,APPENDIX_C_172_004,10-year US,ZNH4,381207,2014-02-02,PROVIDER_CONDITION_AVAILABLE,-7.84375,125.71875,117.875,DEV_RECON_LOCAL_BACK_ADJUSTED_DATED_CONTRACT_CHAIN,2014-02-02T00:00:00Z,125.78125,125.78125,125.703125,13333.0,117.9375,117.9375,117.859375,13333.0
SOURCE_NATIVE_FUTURES,ZN,bond,APPENDIX_C_172_004,10-year US,ZNH4,381207,2014-02-03,PROVIDER_CONDITION_AVAILABLE,-7.84375,126.359375,118.515625,DEV_RECON_LOCAL_BACK_ADJUSTED_DATED_CONTRACT_CHAIN,2014-02-03T00:00:00Z,125.71875,126.5,125.609375,1559535.0,117.875,118.65625,117.765625,1559535.0
SOURCE_NATIVE_FUTURES,ZN,bond,APPENDIX_C_172_004,10-year US,ZNH4,381207,2014-02-03,PROVIDER_CONDITION_AVAILABLE,-7.84375,126.359375,118.515625,DEV_RECON_LOCAL_BACK_ADJUSTED_DATED_CONTRACT_CHAIN,2014-02-03T00:00:00Z,125.71875,126.5,125.609375,1559535.0,117.875,118.65625,117.765625,1559535.0
SOURCE_NATIVE_FUTURES,ZN,bond,APPENDIX_C_172_004,10-year US,ZNH4,381207,2014-02-04,PROVIDER_CONDITION_AVAILABLE,-7.84375,126.109375,118.265625,DEV_RECON_LOCAL_BACK_ADJUSTED_DATED_CONTRACT_CHAIN,2014-02-04T00:00:00Z,126.375,126.46875,126.0625,1178877.0,118.53125,118.625,118.21875,1178877.0
SOURCE_NATIVE_FUTURES,ZN,bond,APPENDIX_C_172_004,10-year US,ZNH4,381207,2014-02-04,PROVIDER_CONDITION_AVAILABLE,-7.84375,126.109375,118.265625,DEV_RECON_LOCAL_BACK_ADJUSTED_DATED_CONTRACT_CHAIN,2014-02-04T00:00:00Z,126.375,126.46875,126.0625,1178877.0,118.53125,118.625,118.21875,1178877.0
SOURCE_NATIVE_FUTURES,ZN,bond,APPENDIX_C_172_004,10-year US,ZNH4,381207,2014-02-05,PROVIDER_CONDITION_AVAILABLE,-7.84375,125.890625,118.046875,DEV_RECON_LOCAL_BACK_ADJUSTED_DATED_CONTRACT_CHAIN,2014-02-05T00:00:00Z,126.109375,126.46875,125.796875,1436242.0,118.265625,118.625,117.953125,1436242.0
SOURCE_NATIVE_FUTURES,ZN,bond,APPENDIX_C_172_004,10-year US,ZNH4,381207,2014-02-05,PROVIDER_CONDITION_AVAILABLE,-7.84375,125.890625,118.046875,DEV_RECON_LOCAL_BACK_ADJUSTED_DATED_CONTRACT_CHAIN,2014-02-05T00:00:00Z,126.109375,126.46875,125.796875,1436242.0,118.265625,118.625,117.953125,1436242.0
SOURCE_NATIVE_FUTURES,ZN,bond,APPENDIX_C_172_004,10-year US,ZNH4,381207,2014-02-06,PROVIDER_CONDITION_AVAILABLE,-7.84375,125.640625,117.796875,DEV_RECON_LOCAL_BACK_ADJUSTED_DATED_CONTRACT_CHAIN,2014-02-06T00:00:00Z,125.890625,125.953125,125.53125,1060023.0,118.046875,118.109375,117.6875,1060023.0
SOURCE_NATIVE_FUTURES,ZN,bond,APPENDIX_C_172_004,10-year US,ZNH4,381207,2014-02-06,PROVIDER_CONDITION_AVAILABLE,-7.84375,125.640625,117.796875,DEV_RECON_LOCAL_BACK_ADJUSTED_DATED_CONTRACT_CHAIN,2014-02-06T00:00:00Z,125.890625,125.953125,125.53125,1060023.0,118.046875,118.109375,117.6875,1060023.0
SOURCE_NATIVE_FUTURES,ZN,bond,APPENDIX_C_172_004,10-year US,ZNH4,381207,2014-02-07,PROVIDER_CONDITION_AVAILABLE,-7.84375,125.90625,118.0625,DEV_RECON_LOCAL_BACK_ADJUSTED_DATED_CONTRACT_CHAIN,2014-02-07T00:00:00Z,125.65625,126.28125,125.21875,1692605.0,117.8125,118.4375,117.375,1692605.0
SOURCE_NATIVE_FUTURES,ZN,bond,APPENDIX_C_172_004,10-year US,ZNH4,381207,2014-02-07,PROVIDER_CONDITION_AVAILABLE,-7.84375,125.90625,118.0625,DEV_RECON_LOCAL_BACK_ADJUSTED_DATED_CONTRACT_CHAIN,2014-02-07T00:00:00Z,125.65625,126.28125,125.21875,1692605.0,117.8125,118.4375,117.375,1692605.0
SOURCE_NATIVE_FUTURES,ZN,bond,APPENDIX_C_172_004,10-year US,ZNH4,381207,2014-02-09,PROVIDER_CONDITION_AVAILABLE,-7.84375,125.90625,118.0625,DEV_RECON_LOCAL_BACK_ADJUSTED_DATED_CONTRACT_CHAIN,2014-02-09T00:00:00Z,125.859375,125.921875,125.828125,7931.0,118.015625,118.078125,117.984375,7931.0
SOURCE_NATIVE_FUTURES,ZN,bond,APPENDIX_C_172_004,10-year US,ZNH4,381207,2014-02-09,PROVIDER_CONDITION_AVAILABLE,-7.84375,125.90625,118.0625,DEV_RECON_LOCAL_BACK_ADJUSTED_DATED_CONTRACT_CHAIN,2014-02-09T00:00:00Z,125.859375,125.921875,125.828125,7931.0,118.015625,118.078125,117.984375,7931.0
SOURCE_NATIVE_FUTURES,ZN,bond,APPENDIX_C_172_004,10-year US,ZNH4,381207,2014-02-10,PROVIDER_CONDITION_AVAILABLE,-7.84375,125.96875,118.125,DEV_RECON_LOCAL_BACK_ADJUSTED_DATED_CONTRACT_CHAIN,2014-02-10T00:00:00Z,125.90625,126.109375,125.828125,626634.0,118.0625,118.265625,117.984375,626634.0
SOURCE_NATIVE_FUTURES,ZN,bond,APPENDIX_C_172_004,10-year US,ZNH4,381207,2014-02-10,PROVIDER_CONDITION_AVAILABLE,-7.84375,125.96875,118.125,DEV_RECON_LOCAL_BACK_ADJUSTED_DATED_CONTRACT_CHAIN,2014-02-10T00:00:00Z,125.90625,126.109375,125.828125,626634.0,118.0625,118.265625,117.984375,626634.0
SOURCE_NATIVE_FUTURES,ZN,bond,APPENDIX_C_172_004,10-year US,ZNH4,381207,2014-02-11,PROVIDER_CONDITION_AVAILABLE,-7.84375,125.5625,117.71875,DEV_RECON_LOCAL_BACK_ADJUSTED_DATED_CONTRACT_CHAIN,2014-02-11T00:00:00Z,125.96875,125.984375,125.453125,1015852.0,118.125,118.140625,117.609375,1015852.0
SOURCE_NATIVE_FUTURES,ZN,bond,APPENDIX_C_172_004,10-year US,ZNH4,381207,2014-02-11,PROVIDER_CONDITION_AVAILABLE,-7.84375,125.5625,117.71875,DEV_RECON_LOCAL_BACK_ADJUSTED_DATED_CONTRACT_CHAIN,2014-02-11T00:00:00Z,125.96875,125.984375,125.453125,1015852.0,118.125,118.140625,117.609375,1015852.0
SOURCE_NATIVE_FUTURES,ZN,bond,APPENDIX_C_172_004,10-year US,ZNH4,381207,2014-02-12,PROVIDER_CONDITION_AVAILABLE,-7.84375,125.28125,117.4375,DEV_RECON_LOCAL_BACK_ADJUSTED_DATED_CONTRACT_CHAIN,2014-02-12T00:00:00Z,125.5625,125.609375,125.09375,993100.0,117.71875,117.765625,117.25,993100.0
SOURCE_NATIVE_FUTURES,ZN,bond,APPENDIX_C_172_004,10-year US,ZNH4,381207,2014-02-12,PROVIDER_CONDITION_AVAILABLE,-7.84375,125.28125,117.4375,DEV_RECON_LOCAL_BACK_ADJUSTED_DATED_CONTRACT_CHAIN,2014-02-12T00:00:00Z,125.5625,125.609375,125.09375,993100.0,117.71875,117.765625,117.25,993100.0
SOURCE_NATIVE_FUTURES,ZN,bond,APPENDIX_C_172_004,10-year US,ZNH4,381207,2014-02-13,PROVIDER_CONDITION_AVAILABLE,-7.84375,125.71875,117.875,DEV_RECON_LOCAL_BACK_ADJUSTED_DATED_CONTRACT_CHAIN,2014-02-13T00:00:00Z,125.28125,125.8125,125.28125,1124787.0,117.4375,117.96875,117.4375,1124787.0
SOURCE_NATIVE_FUTURES,ZN,bond,APPENDIX_C_172_004,10-year US,ZNH4,381207,2014-02-13,PROVIDER_CONDITION_AVAILABLE,-7.84375,125.71875,117.875,DEV_RECON_LOCAL_BACK_ADJUSTED_DATED_CONTRACT_CHAIN,2014-02-13T00:00:00Z,125.28125,125.8125,125.28125,1124787.0,117.4375,117.96875,117.4375,1124787.0
SOURCE_NATIVE_FUTURES,ZN,bond,APPENDIX_C_172_004,10-year US,ZNH4,381207,2014-02-14,PROVIDER_CONDITION_AVAILABLE,-7.84375,125.640625,117.796875,DEV_RECON_LOCAL_BACK_ADJUSTED_DATED_CONTRACT_CHAIN,2014-02-14T00:00:00Z,125.71875,125.96875,125.5625,802390.0,117.875,118.125,117.71875,802390.0
SOURCE_NATIVE_FUTURES,ZN,bond,APPENDIX_C_172_004,10-year US,ZNH4,381207,2014-02-14,PROVIDER_CONDITION_AVAILABLE,-7.84375,125.640625,117.796875,DEV_RECON_LOCAL_BACK_ADJUSTED_DATED_CONTRACT_CHAIN,2014-02-14T00:00:00Z,125.71875,125.96875,125.5625,802390.0,117.875,118.125,117.71875,802390.0
SOURCE_NATIVE_FUTURES,ZN,bond,APPENDIX_C_172_004,10-year US,ZNM4,617542,2014-02-17,PROVIDER_CONDITION_AVAILABLE,-6.234375,124.0,117.765625,DEV_RECON_LOCAL_BACK_ADJUSTED_DATED_CONTRACT_CHAIN,2014-02-17T00:00:00Z,124.0,124.0,124.0,1.0,117.765625,117.765625,117.765625,1.0
SOURCE_NATIVE_FUTURES,ZN,bond,APPENDIX_C_172_004,10-year US,ZNM4,617542,2014-02-18,PROVIDER_CONDITION_AVAILABLE,-6.234375,124.359375,118.125,DEV_RECON_LOCAL_BACK_ADJUSTED_DATED_CONTRACT_CHAIN,2014-02-18T00:00:00Z,124.0,124.46875,123.9375,5448.0,117.765625,118.234375,117.703125,5448.0
SOURCE_NATIVE_FUTURES,ZN,bond,APPENDIX_C_172_004,10-year US,ZNM4,617542,2014-02-19,PROVIDER_CONDITION_AVAILABLE,-6.234375,124.125,117.890625,DEV_RECON_LOCAL_BACK_ADJUSTED_DATED_CONTRACT_CHAIN,2014-02-19T00:00:00Z,124.390625,124.671875,124.09375,5380.0,118.15625,118.4375,117.859375,5380.0
SOURCE_NATIVE_FUTURES,ZN,bond,APPENDIX_C_172_004,10-year US,ZNM4,617542,2014-02-20,PROVIDER_CONDITION_AVAILABLE,-6.234375,123.921875,117.6875,DEV_RECON_LOCAL_BACK_ADJUSTED_DATED_CONTRACT_CHAIN,2014-02-20T00:00:00Z,124.09375,124.46875,123.78125,13578.0,117.859375,118.234375,117.546875,13578.0
SOURCE_NATIVE_FUTURES,ZN,bond,APPENDIX_C_172_004,10-year US,ZNM4,617542,2014-02-21,PROVIDER_CONDITION_AVAILABLE,-6.234375,124.046875,117.8125,DEV_RECON_LOCAL_BACK_ADJUSTED_DATED_CONTRACT_CHAIN,2014-02-21T00:00:00Z,123.890625,124.078125,123.703125,17382.0,117.65625,117.84375,117.46875,17382.0
SOURCE_NATIVE_FUTURES,ZN,bond,APPENDIX_C_172_004,10-year US,ZNM4,617542,2014-02-23,PROVIDER_CONDITION_AVAILABLE,-6.234375,124.015625,117.78125,DEV_RECON_LOCAL_BACK_ADJUSTED_DATED_CONTRACT_CHAIN,2014-02-23T00:00:00Z,124.046875,124.0625,123.984375,33.0,117.8125,117.828125,117.75,33.0
SOURCE_NATIVE_FUTURES,ZN,bond,APPENDIX_C_172_004,10-year US,ZNM4,617542,2014-02-24,PROVIDER_CONDITION_AVAILABLE,-6.234375,123.96875,117.734375,DEV_RECON_LOCAL_BACK_ADJUSTED_DATED_CONTRACT_CHAIN,2014-02-24T00:00:00Z,124.046875,124.171875,123.8125,52385.0,117.8125,117.9375,117.578125,52385.0
SOURCE_NATIVE_FUTURES,ZN,bond,APPENDIX_C_172_004,10-year US,ZNM4,617542,2014-02-25,PROVIDER_CONDITION_AVAILABLE,-6.234375,124.21875,117.984375,DEV_RECON_LOCAL_BACK_ADJUSTED_DATED_CONTRACT_CHAIN,2014-02-25T00:00:00Z,123.96875,124.34375,123.9375,159481.0,117.734375,118.109375,117.703125,159481.0
SOURCE_NATIVE_FUTURES,ZN,bond,APPENDIX_C_172_004,10-year US,ZNM4,617542,2014-02-26,PROVIDER_CONDITION_AVAILABLE,-6.234375,124.5625,118.328125,DEV_RECON_LOCAL_BACK_ADJUSTED_DATED_CONTRACT_CHAIN,2014-02-26T00:00:00Z,124.234375,124.625,124.140625,324080.0,118.0,118.390625,117.90625,324080.0
SOURCE_NATIVE_FUTURES,ZN,bond,APPENDIX_C_172_004,10-year US,ZNM4,617542,2014-02-27,PROVIDER_CONDITION_AVAILABLE,-6.234375,124.765625,118.53125,DEV_RECON_LOCAL_BACK_ADJUSTED_DATED_CONTRACT_CHAIN,2014-02-27T00:00:00Z,124.5625,124.84375,124.5,497853.0,118.328125,118.609375,118.265625,497853.0
SOURCE_NATIVE_FUTURES,ZN,bond,APPENDIX_C_172_004,10-year US,ZNM4,617542,2014-02-28,PROVIDER_CONDITION_AVAILABLE,-6.234375,124.609375,118.375,DEV_RECON_LOCAL_BACK_ADJUSTED_DATED_CONTRACT_CHAIN,2014-02-28T00:00:00Z,124.75,124.859375,124.1875,1275190.0,118.515625,118.625,117.953125,1275190.0
SOURCE_NATIVE_FUTURES,ZN,bond,APPENDIX_C_172_004,10-year US,ZNM4,617542,2014-03-02,PROVIDER_CONDITION_AVAILABLE,-6.234375,125.0,118.765625,DEV_RECON_LOCAL_BACK_ADJUSTED_DATED_CONTRACT_CHAIN,2014-03-02T00:00:00Z,125.1875,125.203125,124.9375,53430.0,118.953125,118.96875,118.703125,53430.0
SOURCE_NATIVE_FUTURES,ZN,bond,APPENDIX_C_172_004,10-year US,ZNM4,617542,2014-03-03,PROVIDER_CONDITION_AVAILABLE,-6.234375,125.0,118.765625,DEV_RECON_LOCAL_BACK_ADJUSTED_DATED_CONTRACT_CHAIN,2014-03-03T00:00:00Z,125.0,125.09375,124.671875,1343803.0,118.765625,118.859375,118.4375,1343803.0
SOURCE_NATIVE_FUTURES,ZN,bond,APPENDIX_C_172_004,10-year US,ZNM4,617542,2014-03-04,PROVIDER_CONDITION_AVAILABLE,-6.234375,124.328125,118.09375,DEV_RECON_LOCAL_BACK_ADJUSTED_DATED_CONTRACT_CHAIN,2014-03-04T00:00:00Z,125.0,125.0,124.21875,1224130.0,118.765625,118.765625,117.984375,1224130.0
SOURCE_NATIVE_FUTURES,ZN,bond,APPENDIX_C_172_004,10-year US,ZNM4,617542,2014-03-05,PROVIDER_CONDITION_AVAILABLE,-6.234375,124.28125,118.046875,DEV_RECON_LOCAL_BACK_ADJUSTED_DATED_CONTRACT_CHAIN,2014-03-05T00:00:00Z,124.328125,124.453125,124.0625,1179759.0,118.09375,118.21875,117.828125,1179759.0
SOURCE_NATIVE_FUTURES,ZN,bond,APPENDIX_C_172_004,10-year US,ZNM4,617542,2014-03-06,PROVIDER_CONDITION_AVAILABLE,-6.234375,124.0,117.765625,DEV_RECON_LOCAL_BACK_ADJUSTED_DATED_CONTRACT_CHAIN,2014-03-06T00:00:00Z,124.28125,124.328125,123.890625,1042933.0,118.046875,118.09375,117.65625,1042933.0
SOURCE_NATIVE_FUTURES,ZN,bond,APPENDIX_C_172_004,10-year US,ZNM4,617542,2014-03-07,PROVIDER_CONDITION_AVAILABLE,-6.234375,123.546875,117.3125,DEV_RECON_LOCAL_BACK_ADJUSTED_DATED_CONTRACT_CHAIN,2014-03-07T00:00:00Z,124.0,124.15625,123.328125,1585496.0,117.765625,117.921875,117.09375,1585496.0
SOURCE_NATIVE_FUTURES,ZN,bond,APPENDIX_C_172_004,10-year US,ZNM4,617542,2014-03-09,PROVIDER_CONDITION_AVAILABLE,-6.234375,123.5625,117.328125,DEV_RECON_LOCAL_BACK_ADJUSTED_DATED_CONTRACT_CHAIN,2014-03-09T00:00:00Z,123.59375,123.609375,123.53125,10602.0,117.359375,117.375,117.296875,10602.0
SOURCE_NATIVE_FUTURES,ZN,bond,APPENDIX_C_172_004,10-year US,ZNM4,617542,2014-03-10,PROVIDER_CONDITION_AVAILABLE,-6.234375,123.640625,117.40625,DEV_RECON_LOCAL_BACK_ADJUSTED_DATED_CONTRACT_CHAIN,2014-03-10T00:00:00Z,123.5625,123.75,123.421875,846355.0,117.328125,117.515625,117.1875,846355.0
SOURCE_NATIVE_FUTURES,ZN,bond,APPENDIX_C_172_004,10-year US,ZNM4,617542,2014-03-11,PROVIDER_CONDITION_AVAILABLE,-6.234375,123.75,117.515625,DEV_RECON_LOCAL_BACK_ADJUSTED_DATED_CONTRACT_CHAIN,2014-03-11T00:00:00Z,123.640625,123.84375,123.5,1007401.0,117.40625,117.609375,117.265625,1007401.0
SOURCE_NATIVE_FUTURES,ZN,bond,APPENDIX_C_172_004,10-year US,ZNM4,617542,2014-03-12,PROVIDER_CONDITION_AVAILABLE,-6.234375,124.03125,117.796875,DEV_RECON_LOCAL_BACK_ADJUSTED_DATED_CONTRACT_CHAIN,2014-03-12T00:00:00Z,123.734375,124.21875,123.703125,1227377.0,117.5,117.984375,117.46875,1227377.0
SOURCE_NATIVE_FUTURES,ZN,bond,APPENDIX_C_172_004,10-year US,ZNM4,617542,2014-03-13,PROVIDER_CONDITION_AVAILABLE,-6.234375,124.65625,118.421875,DEV_RECON_LOCAL_BACK_ADJUSTED_DATED_CONTRACT_CHAIN,2014-03-13T00:00:00Z,124.015625,124.734375,123.78125,1970017.0,117.78125,118.5,117.546875,1970017.0
SOURCE_NATIVE_FUTURES,ZN,bond,APPENDIX_C_172_004,10-year US,ZNM4,617542,2014-03-14,PROVIDER_CONDITION_AVAILABLE,-6.234375,124.5625,118.328125,DEV_RECON_LOCAL_BACK_ADJUSTED_DATED_CONTRACT_CHAIN,2014-03-14T00:00:00Z,124.65625,125.0,124.46875,1582811.0,118.421875,118.765625,118.234375,1582811.0
SOURCE_NATIVE_FUTURES,ZN,bond,APPENDIX_C_172_004,10-year US,ZNM4,617542,2014-03-16,PROVIDER_CONDITION_AVAILABLE,-6.234375,124.703125,118.46875,DEV_RECON_LOCAL_BACK_ADJUSTED_DATED_CONTRACT_CHAIN,2014-03-16T00:00:00Z,124.59375,124.71875,124.53125,12687.0,118.359375,118.484375,118.296875,12687.0
SOURCE_NATIVE_FUTURES,ZN,bond,APPENDIX_C_172_004,10-year US,ZNM4,617542,2014-03-17,PROVIDER_CONDITION_AVAILABLE,-6.234375,124.3125,118.078125,DEV_RECON_LOCAL_BACK_ADJUSTED_DATED_CONTRACT_CHAIN,2014-03-17T00:00:00Z,124.703125,124.71875,124.265625,880860.0,118.46875,118.484375,118.03125,880860.0
SOURCE_NATIVE_FUTURES,ZN,bond,APPENDIX_C_172_004,10-year US,ZNM4,617542,2014-03-18,PROVIDER_CONDITION_AVAILABLE,-6.234375,124.46875,118.234375,DEV_RECON_LOCAL_BACK_ADJUSTED_DATED_CONTRACT_CHAIN,2014-03-18T00:00:00Z,124.3125,124.59375,124.25,922712.0,118.078125,118.359375,118.015625,922712.0
SOURCE_NATIVE_FUTURES,ZN,bond,APPENDIX_C_172_004,10-year US,ZNM4,617542,2014-03-19,PROVIDER_CONDITION_AVAILABLE,-6.234375,123.46875,117.234375,DEV_RECON_LOCAL_BACK_ADJUSTED_DATED_CONTRACT_CHAIN,2014-03-19T00:00:00Z,124.453125,124.59375,123.15625,1651111.0,118.21875,118.359375,116.921875,1651111.0
SOURCE_NATIVE_FUTURES,ZN,bond,APPENDIX_C_172_004,10-year US,ZNM4,617542,2014-03-20,PROVIDER_CONDITION_AVAILABLE,-6.234375,123.4375,117.203125,DEV_RECON_LOCAL_BACK_ADJUSTED_DATED_CONTRACT_CHAIN,2014-03-20T00:00:00Z,123.46875,123.59375,123.234375,1464127.0,117.234375,117.359375,117.0,1464127.0
SOURCE_NATIVE_FUTURES,ZN,bond,APPENDIX_C_172_004,10-year US,ZNM4,617542,2014-03-21,PROVIDER_CONDITION_AVAILABLE,-6.234375,123.5,117.265625,DEV_RECON_LOCAL_BACK_ADJUSTED_DATED_CONTRACT_CHAIN,2014-03-21T00:00:00Z,123.4375,123.546875,123.265625,946145.0,117.203125,117.3125,117.03125,946145.0
SOURCE_NATIVE_FUTURES,ZN,bond,APPENDIX_C_172_004,10-year US,ZNM4,617542,2014-03-23,PROVIDER_CONDITION_AVAILABLE,-6.234375,123.375,117.140625,DEV_RECON_LOCAL_BACK_ADJUSTED_DATED_CONTRACT_CHAIN,2014-03-23T00:00:00Z,123.46875,123.46875,123.34375,9575.0,117.234375,117.234375,117.109375,9575.0
SOURCE_NATIVE_FUTURES,ZN,bond,APPENDIX_C_172_004,10-year US,ZNM4,617542,2014-03-24,PROVIDER_CONDITION_AVAILABLE,-6.234375,123.40625,117.171875,DEV_RECON_LOCAL_BACK_ADJUSTED_DATED_CONTRACT_CHAIN,2014-03-24T00:00:00Z,123.375,123.53125,123.078125,1149997.0,117.140625,117.296875,116.84375,1149997.0
SOURCE_NATIVE_FUTURES,ZN,bond,APPENDIX_C_172_004,10-year US,ZNM4,617542,2014-03-25,PROVIDER_CONDITION_AVAILABLE,-6.234375,123.390625,117.15625,DEV_RECON_LOCAL_BACK_ADJUSTED_DATED_CONTRACT_CHAIN,2014-03-25T00:00:00Z,123.40625,123.5625,123.265625,992114.0,117.171875,117.328125,117.03125,992114.0
SOURCE_NATIVE_FUTURES,ZN,bond,APPENDIX_C_172_004,10-year US,ZNM4,617542,2014-03-26,PROVIDER_CONDITION_AVAILABLE,-6.234375,123.828125,117.59375,DEV_RECON_LOCAL_BACK_ADJUSTED_DATED_CONTRACT_CHAIN,2014-03-26T00:00:00Z,123.375,123.921875,123.28125,1152153.0,117.140625,117.6875,117.046875,1152153.0
SOURCE_NATIVE_FUTURES,ZN,bond,APPENDIX_C_172_004,10-year US,ZNM4,617542,2014-03-27,PROVIDER_CONDITION_AVAILABLE,-6.234375,123.8125,117.578125,DEV_RECON_LOCAL_BACK_ADJUSTED_DATED_CONTRACT_CHAIN,2014-03-27T00:00:00Z,123.828125,123.953125,123.578125,1402422.0,117.59375,117.71875,117.34375,1402422.0
SOURCE_NATIVE_FUTURES,ZN,bond,APPENDIX_C_172_004,10-year US,ZNM4,617542,2014-03-28,PROVIDER_CONDITION_AVAILABLE,-6.234375,123.453125,117.21875,DEV_RECON_LOCAL_BACK_ADJUSTED_DATED_CONTRACT_CHAIN,2014-03-28T00:00:00Z,123.8125,123.90625,123.40625,932734.0,117.578125,117.671875,117.171875,932734.0
SOURCE_NATIVE_FUTURES,ZN,bond,APPENDIX_C_172_004,10-year US,ZNM4,617542,2014-03-30,PROVIDER_CONDITION_AVAILABLE,-6.234375,123.40625,117.171875,DEV_RECON_LOCAL_BACK_ADJUSTED_DATED_CONTRACT_CHAIN,2014-03-30T00:00:00Z,123.453125,123.453125,123.390625,6112.0,117.21875,117.21875,117.15625,6112.0
SOURCE_NATIVE_FUTURES,ZN,bond,APPENDIX_C_172_004,10-year US,ZNM4,617542,2014-03-31,PROVIDER_CONDITION_AVAILABLE,-6.234375,123.5,117.265625,DEV_RECON_LOCAL_BACK_ADJUSTED_DATED_CONTRACT_CHAIN,2014-03-31T00:00:00Z,123.40625,123.546875,123.125,1266133.0,117.171875,117.3125,116.890625,1266133.0
SOURCE_NATIVE_FUTURES,ZN,bond,APPENDIX_C_172_004,10-year US,ZNM4,617542,2014-04-01,PROVIDER_CONDITION_AVAILABLE,-6.234375,123.390625,117.15625,DEV_RECON_LOCAL_BACK_ADJUSTED_DATED_CONTRACT_CHAIN,2014-04-01T00:00:00Z,123.5,123.515625,123.28125,895121.0,117.265625,117.28125,117.046875,895121.0
SOURCE_NATIVE_FUTURES,ZN,bond,APPENDIX_C_172_004,10-year US,ZNM4,617542,2014-04-02,PROVIDER_CONDITION_AVAILABLE,-6.234375,122.875,116.640625,DEV_RECON_LOCAL_BACK_ADJUSTED_DATED_CONTRACT_CHAIN,2014-04-02T00:00:00Z,123.375,123.40625,122.828125,1251750.0,117.140625,117.171875,116.59375,1251750.0
SOURCE_NATIVE_FUTURES,ZN,bond,APPENDIX_C_172_004,10-year US,ZNM4,617542,2014-04-03,PROVIDER_CONDITION_AVAILABLE,-6.234375,122.90625,116.671875,DEV_RECON_LOCAL_BACK_ADJUSTED_DATED_CONTRACT_CHAIN,2014-04-03T00:00:00Z,122.859375,123.09375,122.84375,1038565.0,116.625,116.859375,116.609375,1038565.0
SOURCE_NATIVE_FUTURES,ZN,bond,APPENDIX_C_172_004,10-year US,ZNM4,617542,2014-04-04,PROVIDER_CONDITION_AVAILABLE,-6.234375,123.703125,117.46875,DEV_RECON_LOCAL_BACK_ADJUSTED_DATED_CONTRACT_CHAIN,2014-04-04T00:00:00Z,122.921875,123.71875,122.703125,1948107.0,116.6875,117.484375,116.46875,1948107.0
SOURCE_NATIVE_FUTURES,ZN,bond,APPENDIX_C_172_004,10-year US,ZNM4,617542,2014-04-06,PROVIDER_CONDITION_AVAILABLE,-6.234375,123.71875,117.484375,DEV_RECON_LOCAL_BACK_ADJUSTED_DATED_CONTRACT_CHAIN,2014-04-06T00:00:00Z,123.65625,123.75,123.65625,10193.0,117.421875,117.515625,117.421875,10193.0
SOURCE_NATIVE_FUTURES,ZN,bond,APPENDIX_C_172_004,10-year US,ZNM4,617542,2014-04-07,PROVIDER_CONDITION_AVAILABLE,-6.234375,123.78125,117.546875,DEV_RECON_LOCAL_BACK_ADJUSTED_DATED_CONTRACT_CHAIN,2014-04-07T00:00:00Z,123.703125,124.0,123.625,1056983.0,117.46875,117.765625,117.390625,1056983.0
SOURCE_NATIVE_FUTURES,ZN,bond,APPENDIX_C_172_004,10-year US,ZNM4,617542,2014-04-08,PROVIDER_CONDITION_AVAILABLE,-6.234375,124.015625,117.78125,DEV_RECON_LOCAL_BACK_ADJUSTED_DATED_CONTRACT_CHAIN,2014-04-08T00:00:00Z,123.78125,124.09375,123.703125,1173052.0,117.546875,117.859375,117.46875,1173052.0
SOURCE_NATIVE_FUTURES,ZN,bond,APPENDIX_C_172_004,10-year US,ZNM4,617542,2014-04-09,PROVIDER_CONDITION_AVAILABLE,-6.234375,124.1875,117.953125,DEV_RECON_LOCAL_BACK_ADJUSTED_DATED_CONTRACT_CHAIN,2014-04-09T00:00:00Z,124.015625,124.265625,123.71875,1213905.0,117.78125,118.03125,117.484375,1213905.0
SOURCE_NATIVE_FUTURES,ZN,bond,APPENDIX_C_172_004,10-year US,ZNM4,617542,2014-04-10,PROVIDER_CONDITION_AVAILABLE,-6.234375,124.609375,118.375,DEV_RECON_LOCAL_BACK_ADJUSTED_DATED_CONTRACT_CHAIN,2014-04-10T00:00:00Z,124.171875,124.90625,124.140625,1706278.0,117.9375,118.671875,117.90625,1706278.0
SOURCE_NATIVE_FUTURES,ZN,bond,APPENDIX_C_172_004,10-year US,ZNM4,617542,2014-04-11,PROVIDER_CONDITION_AVAILABLE,-6.234375,124.71875,118.484375,DEV_RECON_LOCAL_BACK_ADJUSTED_DATED_CONTRACT_CHAIN,2014-04-11T00:00:00Z,124.609375,124.9375,124.46875,1161803.0,118.375,118.703125,118.234375,1161803.0
SOURCE_NATIVE_FUTURES,ZN,bond,APPENDIX_C_172_004,10-year US,ZNM4,617542,2014-04-13,PROVIDER_CONDITION_AVAILABLE,-6.234375,124.921875,118.6875,DEV_RECON_LOCAL_BACK_ADJUSTED_DATED_CONTRACT_CHAIN,2014-04-13T00:00:00Z,124.828125,125.078125,124.796875,24182.0,118.59375,118.84375,118.5625,24182.0
SOURCE_NATIVE_FUTURES,ZN,bond,APPENDIX_C_172_004,10-year US,ZNM4,617542,2014-04-14,PROVIDER_CONDITION_AVAILABLE,-6.234375,124.5,118.265625,DEV_RECON_LOCAL_BACK_ADJUSTED_DATED_CONTRACT_CHAIN,2014-04-14T00:00:00Z,124.9375,124.9375,124.453125,903392.0,118.703125,118.703125,118.21875,903392.0
SOURCE_NATIVE_FUTURES,ZN,bond,APPENDIX_C_172_004,10-year US,ZNM4,617542,2014-04-15,PROVIDER_CONDITION_AVAILABLE,-6.234375,124.609375,118.375,DEV_RECON_LOCAL_BACK_ADJUSTED_DATED_CONTRACT_CHAIN,2014-04-15T00:00:00Z,124.5,124.875,124.359375,1345958.0,118.265625,118.640625,118.125,1345958.0
SOURCE_NATIVE_FUTURES,ZN,bond,APPENDIX_C_172_004,10-year US,ZNM4,617542,2014-04-16,PROVIDER_CONDITION_AVAILABLE,-6.234375,124.4375,118.203125,DEV_RECON_LOCAL_BACK_ADJUSTED_DATED_CONTRACT_CHAIN,2014-04-16T00:00:00Z,124.59375,124.609375,124.296875,1020474.0,118.359375,118.375,118.0625,1020474.0
SOURCE_NATIVE_FUTURES,ZN,bond,APPENDIX_C_172_004,10-year US,ZNM4,617542,2014-04-17,PROVIDER_CONDITION_AVAILABLE,-6.234375,123.71875,117.484375,DEV_RECON_LOCAL_BACK_ADJUSTED_DATED_CONTRACT_CHAIN,2014-04-17T00:00:00Z,124.4375,124.546875,123.625,1088277.0,118.203125,118.3125,117.390625,1088277.0
SOURCE_NATIVE_FUTURES,ZN,bond,APPENDIX_C_172_004,10-year US,ZNM4,617542,2014-04-20,PROVIDER_CONDITION_AVAILABLE,-6.234375,123.71875,117.484375,DEV_RECON_LOCAL_BACK_ADJUSTED_DATED_CONTRACT_CHAIN,2014-04-20T00:00:00Z,123.71875,123.765625,123.703125,8272.0,117.484375,117.53125,117.46875,8272.0
SOURCE_NATIVE_FUTURES,ZN,bond,APPENDIX_C_172_004,10-year US,ZNM4,617542,2014-04-21,PROVIDER_CONDITION_AVAILABLE,-6.234375,123.75,117.515625,DEV_RECON_LOCAL_BACK_ADJUSTED_DATED_CONTRACT_CHAIN,2014-04-21T00:00:00Z,123.71875,123.953125,123.578125,408341.0,117.484375,117.71875,117.34375,408341.0
SOURCE_NATIVE_FUTURES,ZN,bond,APPENDIX_C_172_004,10-year US,ZNM4,617542,2014-04-22,PROVIDER_CONDITION_AVAILABLE,-6.234375,123.71875,117.484375,DEV_RECON_LOCAL_BACK_ADJUSTED_DATED_CONTRACT_CHAIN,2014-04-22T00:00:00Z,123.734375,123.890625,123.5,872768.0,117.5,117.65625,117.265625,872768.0
SOURCE_NATIVE_FUTURES,ZN,bond,APPENDIX_C_172_004,10-year US,ZNM4,617542,2014-04-23,PROVIDER_CONDITION_AVAILABLE,-6.234375,123.859375,117.625,DEV_RECON_LOCAL_BACK_ADJUSTED_DATED_CONTRACT_CHAIN,2014-04-23T00:00:00Z,123.71875,124.09375,123.65625,983706.0,117.484375,117.859375,117.421875,983706.0
SOURCE_NATIVE_FUTURES,ZN,bond,APPENDIX_C_172_004,10-year US,ZNM4,617542,2014-04-24,PROVIDER_CONDITION_AVAILABLE,-6.234375,123.953125,117.71875,DEV_RECON_LOCAL_BACK_ADJUSTED_DATED_CONTRACT_CHAIN,2014-04-24T00:00:00Z,123.859375,124.0625,123.59375,1329360.0,117.625,117.828125,117.359375,1329360.0
SOURCE_NATIVE_FUTURES,ZN,bond,APPENDIX_C_172_004,10-year US,ZNM4,617542,2014-04-25,PROVIDER_CONDITION_AVAILABLE,-6.234375,124.109375,117.875,DEV_RECON_LOCAL_BACK_ADJUSTED_DATED_CONTRACT_CHAIN,2014-04-25T00:00:00Z,123.953125,124.3125,123.9375,1005273.0,117.71875,118.078125,117.703125,1005273.0
SOURCE_NATIVE_FUTURES,ZN,bond,APPENDIX_C_172_004,10-year US,ZNM4,617542,2014-04-27,PROVIDER_CONDITION_AVAILABLE,-6.234375,124.046875,117.8125,DEV_RECON_LOCAL_BACK_ADJUSTED_DATED_CONTRACT_CHAIN,2014-04-27T00:00:00Z,124.0625,124.09375,124.03125,6659.0,117.828125,117.859375,117.796875,6659.0
SOURCE_NATIVE_FUTURES,ZN,bond,APPENDIX_C_172_004,10-year US,ZNM4,617542,2014-04-28,PROVIDER_CONDITION_AVAILABLE,-6.234375,123.921875,117.6875,DEV_RECON_LOCAL_BACK_ADJUSTED_DATED_CONTRACT_CHAIN,2014-04-28T00:00:00Z,124.046875,124.203125,123.75,1073722.0,117.8125,117.96875,117.515625,1073722.0
SOURCE_NATIVE_FUTURES,ZN,bond,APPENDIX_C_172_004,10-year US,ZNM4,617542,2014-04-29,PROVIDER_CONDITION_AVAILABLE,-6.234375,124.0,117.765625,DEV_RECON_LOCAL_BACK_ADJUSTED_DATED_CONTRACT_CHAIN,2014-04-29T00:00:00Z,123.9375,124.0625,123.6875,1085748.0,117.703125,117.828125,117.453125,1085748.0
SOURCE_NATIVE_FUTURES,ZN,bond,APPENDIX_C_172_004,10-year US,ZNM4,617542,2014-04-30,PROVIDER_CONDITION_AVAILABLE,-6.234375,124.375,118.140625,DEV_RECON_LOCAL_BACK_ADJUSTED_DATED_CONTRACT_CHAIN,2014-04-30T00:00:00Z,123.984375,124.453125,123.8125,1494344.0,117.75,118.21875,117.578125,1494344.0
SOURCE_NATIVE_FUTURES,ZN,bond,APPENDIX_C_172_004,10-year US,ZNM4,617542,2014-05-01,PROVIDER_CONDITION_AVAILABLE,-6.234375,124.625,118.390625,DEV_RECON_LOCAL_BACK_ADJUSTED_DATED_CONTRACT_CHAIN,2014-05-01T00:00:00Z,124.359375,124.796875,124.296875,896535.0,118.125,118.5625,118.0625,896535.0
SOURCE_NATIVE_FUTURES,ZN,bond,APPENDIX_C_172_004,10-year US,ZNM4,617542,2014-05-02,PROVIDER_CONDITION_AVAILABLE,-6.234375,124.75,118.515625,DEV_RECON_LOCAL_BACK_ADJUSTED_DATED_CONTRACT_CHAIN,2014-05-02T00:00:00Z,124.625,124.90625,123.78125,2355275.0,118.390625,118.671875,117.546875,2355275.0
SOURCE_NATIVE_FUTURES,ZN,bond,APPENDIX_C_172_004,10-year US,ZNM4,617542,2014-05-04,PROVIDER_CONDITION_AVAILABLE,-6.234375,124.625,118.390625,DEV_RECON_LOCAL_BACK_ADJUSTED_DATED_CONTRACT_CHAIN,2014-05-04T00:00:00Z,124.703125,124.703125,124.5625,10335.0,118.46875,118.46875,118.328125,10335.0
SOURCE_NATIVE_FUTURES,ZN,bond,APPENDIX_C_172_004,10-year US,ZNM4,617542,2014-05-05,PROVIDER_CONDITION_AVAILABLE,-6.234375,124.609375,118.375,DEV_RECON_LOCAL_BACK_ADJUSTED_DATED_CONTRACT_CHAIN,2014-05-05T00:00:00Z,124.625,124.890625,124.515625,672416.0,118.390625,118.65625,118.28125,672416.0
SOURCE_NATIVE_FUTURES,ZN,bond,APPENDIX_C_172_004,10-year US,ZNM4,617542,2014-05-06,PROVIDER_CONDITION_AVAILABLE,-6.234375,124.65625,118.421875,DEV_RECON_LOCAL_BACK_ADJUSTED_DATED_CONTRACT_CHAIN,2014-05-06T00:00:00Z,124.609375,124.703125,124.4375,936879.0,118.375,118.46875,118.203125,936879.0
SOURCE_NATIVE_FUTURES,ZN,bond,APPENDIX_C_172_004,10-year US,ZNM4,617542,2014-05-07,PROVIDER_CONDITION_AVAILABLE,-6.234375,124.828125,118.59375,DEV_RECON_LOCAL_BACK_ADJUSTED_DATED_CONTRACT_CHAIN,2014-05-07T00:00:00Z,124.65625,124.96875,124.46875,1431420.0,118.421875,118.734375,118.234375,1431420.0
SOURCE_NATIVE_FUTURES,ZN,bond,APPENDIX_C_172_004,10-year US,ZNM4,617542,2014-05-08,PROVIDER_CONDITION_AVAILABLE,-6.234375,125.09375,118.859375,DEV_RECON_LOCAL_BACK_ADJUSTED_DATED_CONTRACT_CHAIN,2014-05-08T00:00:00Z,124.828125,125.15625,124.765625,1364299.0,118.59375,118.921875,118.53125,1364299.0
SOURCE_NATIVE_FUTURES,ZN,bond,APPENDIX_C_172_004,10-year US,ZNM4,617542,2014-05-09,PROVIDER_CONDITION_AVAILABLE,-6.234375,125.0,118.765625,DEV_RECON_LOCAL_BACK_ADJUSTED_DATED_CONTRACT_CHAIN,2014-05-09T00:00:00Z,125.09375,125.1875,124.90625,895825.0,118.859375,118.953125,118.671875,895825.0
SOURCE_NATIVE_FUTURES,ZN,bond,APPENDIX_C_172_004,10-year US,ZNM4,617542,2014-05-11,PROVIDER_CONDITION_AVAILABLE,-6.234375,124.9375,118.703125,DEV_RECON_LOCAL_BACK_ADJUSTED_DATED_CONTRACT_CHAIN,2014-05-11T00:00:00Z,124.96875,124.984375,124.90625,8051.0,118.734375,118.75,118.671875,8051.0
SOURCE_NATIVE_FUTURES,ZN,bond,APPENDIX_C_172_004,10-year US,ZNM4,617542,2014-05-12,PROVIDER_CONDITION_AVAILABLE,-6.234375,124.703125,118.46875,DEV_RECON_LOCAL_BACK_ADJUSTED_DATED_CONTRACT_CHAIN,2014-05-12T00:00:00Z,124.9375,124.9375,124.671875,681126.0,118.703125,118.703125,118.4375,681126.0
SOURCE_NATIVE_FUTURES,ZN,bond,APPENDIX_C_172_004,10-year US,ZNM4,617542,2014-05-13,PROVIDER_CONDITION_AVAILABLE,-6.234375,125.078125,118.84375,DEV_RECON_LOCAL_BACK_ADJUSTED_DATED_CONTRACT_CHAIN,2014-05-13T00:00:00Z,124.703125,125.140625,124.640625,997785.0,118.46875,118.90625,118.40625,997785.0
SOURCE_NATIVE_FUTURES,ZN,bond,APPENDIX_C_172_004,10-year US,ZNM4,617542,2014-05-14,PROVIDER_CONDITION_AVAILABLE,-6.234375,125.609375,119.375,DEV_RECON_LOCAL_BACK_ADJUSTED_DATED_CONTRACT_CHAIN,2014-05-14T00:00:00Z,125.078125,125.8125,125.03125,1532547.0,118.84375,119.578125,118.796875,1532547.0
SOURCE_NATIVE_FUTURES,ZN,bond,APPENDIX_C_172_004,10-year US,ZNM4,617542,2014-05-15,PROVIDER_CONDITION_AVAILABLE,-6.234375,125.96875,119.734375,DEV_RECON_LOCAL_BACK_ADJUSTED_DATED_CONTRACT_CHAIN,2014-05-15T00:00:00Z,125.609375,126.15625,125.390625,1961791.0,119.375,119.921875,119.15625,1961791.0
SOURCE_NATIVE_FUTURES,ZN,bond,APPENDIX_C_172_004,10-year US,ZNM4,617542,2014-05-16,PROVIDER_CONDITION_AVAILABLE,-6.234375,125.703125,119.46875,DEV_RECON_LOCAL_BACK_ADJUSTED_DATED_CONTRACT_CHAIN,2014-05-16T00:00:00Z,125.96875,126.015625,125.6875,1006130.0,119.734375,119.78125,119.453125,1006130.0
SOURCE_NATIVE_FUTURES,ZN,bond,APPENDIX_C_172_004,10-year US,ZNM4,617542,2014-05-18,PROVIDER_CONDITION_AVAILABLE,-6.234375,125.75,119.515625,DEV_RECON_LOCAL_BACK_ADJUSTED_DATED_CONTRACT_CHAIN,2014-05-18T00:00:00Z,125.6875,125.75,125.6875,7721.0,119.453125,119.515625,119.453125,7721.0
SOURCE_NATIVE_FUTURES,ZN,bond,APPENDIX_C_172_004,10-year US,ZNU4,241710,2014-05-19,PROVIDER_CONDITION_AVAILABLE,-5.375,124.84375,119.46875,DEV_RECON_LOCAL_BACK_ADJUSTED_DATED_CONTRACT_CHAIN,2014-05-19T00:00:00Z,124.890625,125.203125,124.8125,4127.0,119.515625,119.828125,119.4375,4127.0
SOURCE_NATIVE_FUTURES,ZN,bond,APPENDIX_C_172_004,10-year US,ZNU4,241710,2014-05-20,PROVIDER_CONDITION_AVAILABLE,-5.375,125.15625,119.78125,DEV_RECON_LOCAL_BACK_ADJUSTED_DATED_CONTRACT_CHAIN,2014-05-20T00:00:00Z,124.859375,125.25,124.78125,18105.0,119.484375,119.875,119.40625,18105.0
SOURCE_NATIVE_FUTURES,ZN,bond,APPENDIX_C_172_004,10-year US,ZNU4,241710,2014-05-21,PROVIDER_CONDITION_AVAILABLE,-5.375,125.015625,119.640625,DEV_RECON_LOCAL_BACK_ADJUSTED_DATED_CONTRACT_CHAIN,2014-05-21T00:00:00Z,125.1875,125.28125,124.75,28819.0,119.8125,119.90625,119.375,28819.0
SOURCE_NATIVE_FUTURES,ZN,bond,APPENDIX_C_172_004,10-year US,ZNU4,241710,2014-05-22,PROVIDER_CONDITION_AVAILABLE,-5.375,124.8125,119.4375,DEV_RECON_LOCAL_BACK_ADJUSTED_DATED_CONTRACT_CHAIN,2014-05-22T00:00:00Z,125.0,125.0625,124.71875,41415.0,119.625,119.6875,119.34375,41415.0
SOURCE_NATIVE_FUTURES,ZN,bond,APPENDIX_C_172_004,10-year US,ZNU4,241710,2014-05-23,PROVIDER_CONDITION_AVAILABLE,-5.375,125.0,119.625,DEV_RECON_LOCAL_BACK_ADJUSTED_DATED_CONTRACT_CHAIN,2014-05-23T00:00:00Z,124.8125,125.09375,124.78125,42363.0,119.4375,119.71875,119.40625,42363.0
SOURCE_NATIVE_FUTURES,ZN,bond,APPENDIX_C_172_004,10-year US,ZNU4,241710,2014-05-25,PROVIDER_CONDITION_AVAILABLE,-5.375,124.921875,119.546875,DEV_RECON_LOCAL_BACK_ADJUSTED_DATED_CONTRACT_CHAIN,2014-05-25T00:00:00Z,124.953125,124.96875,124.90625,87.0,119.578125,119.59375,119.53125,87.0
SOURCE_NATIVE_FUTURES,ZN,bond,APPENDIX_C_172_004,10-year US,ZNU4,241710,2014-05-26,PROVIDER_CONDITION_AVAILABLE,-5.375,124.953125,119.578125,DEV_RECON_LOCAL_BACK_ADJUSTED_DATED_CONTRACT_CHAIN,2014-05-26T00:00:00Z,124.921875,125.03125,124.890625,7879.0,119.546875,119.65625,119.515625,7879.0
SOURCE_NATIVE_FUTURES,ZN,bond,APPENDIX_C_172_004,10-year US,ZNU4,241710,2014-05-27,PROVIDER_CONDITION_AVAILABLE,-5.375,125.09375,119.71875,DEV_RECON_LOCAL_BACK_ADJUSTED_DATED_CONTRACT_CHAIN,2014-05-27T00:00:00Z,124.953125,125.125,124.796875,174267.0,119.578125,119.75,119.421875,174267.0
SOURCE_NATIVE_FUTURES,ZN,bond,APPENDIX_C_172_004,10-year US,ZNU4,241710,2014-05-28,PROVIDER_CONDITION_AVAILABLE,-5.375,125.609375,120.234375,DEV_RECON_LOCAL_BACK_ADJUSTED_DATED_CONTRACT_CHAIN,2014-05-28T00:00:00Z,125.109375,125.75,125.09375,449180.0,119.734375,120.375,119.71875,449180.0
SOURCE_NATIVE_FUTURES,ZN,bond,APPENDIX_C_172_004,10-year US,ZNU4,241710,2014-05-29,PROVIDER_CONDITION_AVAILABLE,-5.375,125.5,120.125,DEV_RECON_LOCAL_BACK_ADJUSTED_DATED_CONTRACT_CHAIN,2014-05-29T00:00:00Z,125.609375,126.0,125.421875,692320.0,120.234375,120.625,120.046875,692320.0
SOURCE_NATIVE_FUTURES,ZN,bond,APPENDIX_C_172_004,10-year US,ZNU4,241710,2014-05-30,PROVIDER_CONDITION_AVAILABLE,-5.375,125.34375,119.96875,DEV_RECON_LOCAL_BACK_ADJUSTED_DATED_CONTRACT_CHAIN,2014-05-30T00:00:00Z,125.5,125.546875,125.21875,1065423.0,120.125,120.171875,119.84375,1065423.0
SOURCE_NATIVE_FUTURES,ZN,bond,APPENDIX_C_172_004,10-year US,ZNU4,241710,2014-06-01,PROVIDER_CONDITION_AVAILABLE,-5.375,125.296875,119.921875,DEV_RECON_LOCAL_BACK_ADJUSTED_DATED_CONTRACT_CHAIN,2014-06-01T00:00:00Z,125.328125,125.359375,125.28125,7107.0,119.953125,119.984375,119.90625,7107.0
SOURCE_NATIVE_FUTURES,ZN,bond,APPENDIX_C_172_004,10-year US,ZNU4,241710,2014-06-02,PROVIDER_CONDITION_AVAILABLE,-5.375,124.90625,119.53125,DEV_RECON_LOCAL_BACK_ADJUSTED_DATED_CONTRACT_CHAIN,2014-06-02T00:00:00Z,125.28125,125.390625,124.796875,1102806.0,119.90625,120.015625,119.421875,1102806.0
SOURCE_NATIVE_FUTURES,ZN,bond,APPENDIX_C_172_004,10-year US,ZNU4,241710,2014-06-03,PROVIDER_CONDITION_AVAILABLE,-5.375,124.390625,119.015625,DEV_RECON_LOCAL_BACK_ADJUSTED_DATED_CONTRACT_CHAIN,2014-06-03T00:00:00Z,124.90625,125.0,124.328125,1181575.0,119.53125,119.625,118.953125,1181575.0
SOURCE_NATIVE_FUTURES,ZN,bond,APPENDIX_C_172_004,10-year US,ZNU4,241710,2014-06-04,PROVIDER_CONDITION_AVAILABLE,-5.375,124.375,119.0,DEV_RECON_LOCAL_BACK_ADJUSTED_DATED_CONTRACT_CHAIN,2014-06-04T00:00:00Z,124.40625,124.625,124.1875,1316004.0,119.03125,119.25,118.8125,1316004.0
SOURCE_NATIVE_FUTURES,ZN,bond,APPENDIX_C_172_004,10-year US,ZNU4,241710,2014-06-05,PROVIDER_CONDITION_AVAILABLE,-5.375,124.5625,119.1875,DEV_RECON_LOCAL_BACK_ADJUSTED_DATED_CONTRACT_CHAIN,2014-06-05T00:00:00Z,124.390625,124.703125,124.03125,1415878.0,119.015625,119.328125,118.65625,1415878.0
SOURCE_NATIVE_FUTURES,ZN,bond,APPENDIX_C_172_004,10-year US,ZNU4,241710,2014-06-06,PROVIDER_CONDITION_AVAILABLE,-5.375,124.40625,119.03125,DEV_RECON_LOCAL_BACK_ADJUSTED_DATED_CONTRACT_CHAIN,2014-06-06T00:00:00Z,124.578125,124.96875,124.296875,1470430.0,119.203125,119.59375,118.921875,1470430.0
SOURCE_NATIVE_FUTURES,ZN,bond,APPENDIX_C_172_004,10-year US,ZNU4,241710,2014-06-08,PROVIDER_CONDITION_AVAILABLE,-5.375,124.375,119.0,DEV_RECON_LOCAL_BACK_ADJUSTED_DATED_CONTRACT_CHAIN,2014-06-08T00:00:00Z,124.359375,124.390625,124.3125,5925.0,118.984375,119.015625,118.9375,5925.0
SOURCE_NATIVE_FUTURES,ZN,bond,APPENDIX_C_172_004,10-year US,ZNU4,241710,2014-06-09,PROVIDER_CONDITION_AVAILABLE,-5.375,124.234375,118.859375,DEV_RECON_LOCAL_BACK_ADJUSTED_DATED_CONTRACT_CHAIN,2014-06-09T00:00:00Z,124.375,124.390625,124.0625,762844.0,119.0,119.015625,118.6875,762844.0
SOURCE_NATIVE_FUTURES,ZN,bond,APPENDIX_C_172_004,10-year US,ZNU4,241710,2014-06-10,PROVIDER_CONDITION_AVAILABLE,-5.375,123.890625,118.515625,DEV_RECON_LOCAL_BACK_ADJUSTED_DATED_CONTRACT_CHAIN,2014-06-10T00:00:00Z,124.25,124.359375,123.875,982403.0,118.875,118.984375,118.5,982403.0
SOURCE_NATIVE_FUTURES,ZN,bond,APPENDIX_C_172_004,10-year US,ZNU4,241710,2014-06-16,PROVIDER_CONDITION_AVAILABLE,-5.375,124.3125,118.9375,DEV_RECON_LOCAL_BACK_ADJUSTED_DATED_CONTRACT_CHAIN,2014-06-16T00:00:00Z,124.296875,124.515625,124.1875,719499.0,118.921875,119.140625,118.8125,719499.0
SOURCE_NATIVE_FUTURES,ZN,bond,APPENDIX_C_172_004,10-year US,ZNU4,241710,2014-06-17,PROVIDER_CONDITION_AVAILABLE,-5.375,123.859375,118.484375,DEV_RECON_LOCAL_BACK_ADJUSTED_DATED_CONTRACT_CHAIN,2014-06-17T00:00:00Z,124.3125,124.390625,123.78125,1069799.0,118.9375,119.015625,118.40625,1069799.0
SOURCE_NATIVE_FUTURES,ZN,bond,APPENDIX_C_172_004,10-year US,ZNU4,241710,2014-06-18,PROVIDER_CONDITION_AVAILABLE,-5.375,124.515625,119.140625,DEV_RECON_LOCAL_BACK_ADJUSTED_DATED_CONTRACT_CHAIN,2014-06-18T00:00:00Z,123.859375,124.546875,123.828125,1295615.0,118.484375,119.171875,118.453125,1295615.0
SOURCE_NATIVE_FUTURES,ZN,bond,APPENDIX_C_172_004,10-year US,ZNU4,241710,2014-06-19,PROVIDER_CONDITION_AVAILABLE,-5.375,124.375,119.0,DEV_RECON_LOCAL_BACK_ADJUSTED_DATED_CONTRACT_CHAIN,2014-06-19T00:00:00Z,124.515625,124.734375,124.125,1271670.0,119.140625,119.359375,118.75,1271670.0
SOURCE_NATIVE_FUTURES,ZN,bond,APPENDIX_C_172_004,10-year US,ZNU4,241710,2014-06-20,PROVIDER_CONDITION_AVAILABLE,-5.375,124.390625,119.015625,DEV_RECON_LOCAL_BACK_ADJUSTED_DATED_CONTRACT_CHAIN,2014-06-20T00:00:00Z,124.375,124.453125,124.078125,795679.0,119.0,119.078125,118.703125,795679.0
SOURCE_NATIVE_FUTURES,ZN,bond,APPENDIX_C_172_004,10-year US,ZNU4,241710,2014-06-22,PROVIDER_CONDITION_AVAILABLE,-5.375,124.359375,118.984375,DEV_RECON_LOCAL_BACK_ADJUSTED_DATED_CONTRACT_CHAIN,2014-06-22T00:00:00Z,124.375,124.390625,124.328125,4918.0,119.0,119.015625,118.953125,4918.0
SOURCE_NATIVE_FUTURES,ZN,bond,APPENDIX_C_172_004,10-year US,ZNU4,241710,2014-06-23,PROVIDER_CONDITION_AVAILABLE,-5.375,124.3125,118.9375,DEV_RECON_LOCAL_BACK_ADJUSTED_DATED_CONTRACT_CHAIN,2014-06-23T00:00:00Z,124.359375,124.53125,124.21875,648762.0,118.984375,119.15625,118.84375,648762.0
SOURCE_NATIVE_FUTURES,ZN,bond,APPENDIX_C_172_004,10-year US,ZNU4,241710,2014-06-24,PROVIDER_CONDITION_AVAILABLE,-5.375,124.65625,119.28125,DEV_RECON_LOCAL_BACK_ADJUSTED_DATED_CONTRACT_CHAIN,2014-06-24T00:00:00Z,124.296875,124.65625,124.28125,1099615.0,118.921875,119.28125,118.90625,1099615.0
SOURCE_NATIVE_FUTURES,ZN,bond,APPENDIX_C_172_004,10-year US,ZNU4,241710,2014-06-25,PROVIDER_CONDITION_AVAILABLE,-5.375,124.8125,119.4375,DEV_RECON_LOCAL_BACK_ADJUSTED_DATED_CONTRACT_CHAIN,2014-06-25T00:00:00Z,124.65625,125.078125,124.546875,1122596.0,119.28125,119.703125,119.171875,1122596.0
SOURCE_NATIVE_FUTURES,ZN,bond,APPENDIX_C_172_004,10-year US,ZNU4,241710,2014-06-26,PROVIDER_CONDITION_AVAILABLE,-5.375,125.0625,119.6875,DEV_RECON_LOCAL_BACK_ADJUSTED_DATED_CONTRACT_CHAIN,2014-06-26T00:00:00Z,124.796875,125.171875,124.703125,1096304.0,119.421875,119.796875,119.328125,1096304.0
SOURCE_NATIVE_FUTURES,ZN,bond,APPENDIX_C_172_004,10-year US,ZNU4,241710,2014-06-27,PROVIDER_CONDITION_AVAILABLE,-5.375,125.078125,119.703125,DEV_RECON_LOCAL_BACK_ADJUSTED_DATED_CONTRACT_CHAIN,2014-06-27T00:00:00Z,125.0625,125.28125,125.0625,717825.0,119.6875,119.90625,119.6875,717825.0
SOURCE_NATIVE_FUTURES,ZN,bond,APPENDIX_C_172_004,10-year US,ZNU4,241710,2014-06-29,PROVIDER_CONDITION_AVAILABLE,-5.375,125.125,119.75,DEV_RECON_LOCAL_BACK_ADJUSTED_DATED_CONTRACT_CHAIN,2014-06-29T00:00:00Z,125.09375,125.140625,125.09375,3035.0,119.71875,119.765625,119.71875,3035.0
SOURCE_NATIVE_FUTURES,ZN,bond,APPENDIX_C_172_004,10-year US,ZNU4,241710,2014-06-30,PROVIDER_CONDITION_AVAILABLE,-5.375,125.109375,119.734375,DEV_RECON_LOCAL_BACK_ADJUSTED_DATED_CONTRACT_CHAIN,2014-06-30T00:00:00Z,125.125,125.234375,124.953125,801728.0,119.75,119.859375,119.578125,801728.0
SOURCE_NATIVE_FUTURES,ZN,bond,APPENDIX_C_172_004,10-year US,ZNU4,241710,2014-07-01,PROVIDER_CONDITION_AVAILABLE,-5.375,124.84375,119.46875,DEV_RECON_LOCAL_BACK_ADJUSTED_DATED_CONTRACT_CHAIN,2014-07-01T00:00:00Z,125.109375,125.15625,124.8125,788330.0,119.734375,119.78125,119.4375,788330.0
SOURCE_NATIVE_FUTURES,ZN,bond,APPENDIX_C_172_004,10-year US,ZNU4,241710,2014-07-02,PROVIDER_CONDITION_AVAILABLE,-5.375,124.4375,119.0625,DEV_RECON_LOCAL_BACK_ADJUSTED_DATED_CONTRACT_CHAIN,2014-07-02T00:00:00Z,124.84375,124.984375,124.375,1049500.0,119.46875,119.609375,119.0,1049500.0
SOURCE_NATIVE_FUTURES,ZN,bond,APPENDIX_C_172_004,10-year US,ZNU4,241710,2014-07-03,PROVIDER_CONDITION_AVAILABLE,-5.375,124.25,118.875,DEV_RECON_LOCAL_BACK_ADJUSTED_DATED_CONTRACT_CHAIN,2014-07-03T00:00:00Z,124.4375,124.5,123.8125,1270108.0,119.0625,119.125,118.4375,1270108.0
SOURCE_NATIVE_FUTURES,ZN,bond,APPENDIX_C_172_004,10-year US,ZNU4,241710,2014-07-04,PROVIDER_CONDITION_AVAILABLE,-5.375,124.234375,118.859375,DEV_RECON_LOCAL_BACK_ADJUSTED_DATED_CONTRACT_CHAIN,2014-07-04T00:00:00Z,124.25,124.296875,124.140625,60698.0,118.875,118.921875,118.765625,60698.0
SOURCE_NATIVE_FUTURES,ZN,bond,APPENDIX_C_172_004,10-year US,ZNU4,241710,2014-07-06,PROVIDER_CONDITION_AVAILABLE,-5.375,124.09375,118.71875,DEV_RECON_LOCAL_BACK_ADJUSTED_DATED_CONTRACT_CHAIN,2014-07-06T00:00:00Z,124.21875,124.234375,124.09375,8083.0,118.84375,118.859375,118.71875,8083.0
SOURCE_NATIVE_FUTURES,ZN,bond,APPENDIX_C_172_004,10-year US,ZNU4,241710,2014-07-07,PROVIDER_CONDITION_AVAILABLE,-5.375,124.375,119.0,DEV_RECON_LOCAL_BACK_ADJUSTED_DATED_CONTRACT_CHAIN,2014-07-07T00:00:00Z,124.109375,124.421875,124.0625,551670.0,118.734375,119.046875,118.6875,551670.0
SOURCE_NATIVE_FUTURES,ZN,bond,APPENDIX_C_172_004,10-year US,ZNU4,241710,2014-07-08,PROVIDER_CONDITION_AVAILABLE,-5.375,124.796875,119.421875,DEV_RECON_LOCAL_BACK_ADJUSTED_DATED_CONTRACT_CHAIN,2014-07-08T00:00:00Z,124.375,124.875,124.328125,982196.0,119.0,119.5,118.953125,982196.0
SOURCE_NATIVE_FUTURES,ZN,bond,APPENDIX_C_172_004,10-year US,ZNU4,241710,2014-07-09,PROVIDER_CONDITION_AVAILABLE,-5.375,124.921875,119.546875,DEV_RECON_LOCAL_BACK_ADJUSTED_DATED_CONTRACT_CHAIN,2014-07-09T00:00:00Z,124.796875,125.0,124.421875,1103674.0,119.421875,119.625,119.046875,1103674.0
SOURCE_NATIVE_FUTURES,ZN,bond,APPENDIX_C_172_004,10-year US,ZNU4,241710,2014-07-10,PROVIDER_CONDITION_AVAILABLE,-5.375,125.1875,119.8125,DEV_RECON_LOCAL_BACK_ADJUSTED_DATED_CONTRACT_CHAIN,2014-07-10T00:00:00Z,124.9375,125.484375,124.90625,1356492.0,119.5625,120.109375,119.53125,1356492.0
SOURCE_NATIVE_FUTURES,ZN,bond,APPENDIX_C_172_004,10-year US,ZNU4,241710,2014-07-11,PROVIDER_CONDITION_AVAILABLE,-5.375,125.234375,119.859375,DEV_RECON_LOCAL_BACK_ADJUSTED_DATED_CONTRACT_CHAIN,2014-07-11T00:00:00Z,125.171875,125.375,125.03125,646757.0,119.796875,120.0,119.65625,646757.0
SOURCE_NATIVE_FUTURES,ZN,bond,APPENDIX_C_172_004,10-year US,ZNU4,241710,2014-07-13,PROVIDER_CONDITION_AVAILABLE,-5.375,125.203125,119.828125,DEV_RECON_LOCAL_BACK_ADJUSTED_DATED_CONTRACT_CHAIN,2014-07-13T00:00:00Z,125.21875,125.25,125.1875,3466.0,119.84375,119.875,119.8125,3466.0
SOURCE_NATIVE_FUTURES,ZN,bond,APPENDIX_C_172_004,10-year US,ZNU4,241710,2014-07-14,PROVIDER_CONDITION_AVAILABLE,-5.375,124.984375,119.609375,DEV_RECON_LOCAL_BACK_ADJUSTED_DATED_CONTRACT_CHAIN,2014-07-14T00:00:00Z,125.203125,125.234375,124.96875,502032.0,119.828125,119.859375,119.59375,502032.0
SOURCE_NATIVE_FUTURES,ZN,bond,APPENDIX_C_172_004,10-year US,ZNU4,241710,2014-07-15,PROVIDER_CONDITION_AVAILABLE,-5.375,124.9375,119.5625,DEV_RECON_LOCAL_BACK_ADJUSTED_DATED_CONTRACT_CHAIN,2014-07-15T00:00:00Z,124.984375,125.25,124.75,1272724.0,119.609375,119.875,119.375,1272724.0
SOURCE_NATIVE_FUTURES,ZN,bond,APPENDIX_C_172_004,10-year US,ZNU4,241710,2014-07-16,PROVIDER_CONDITION_AVAILABLE,-5.375,125.0,119.625,DEV_RECON_LOCAL_BACK_ADJUSTED_DATED_CONTRACT_CHAIN,2014-07-16T00:00:00Z,124.9375,125.046875,124.75,701636.0,119.5625,119.671875,119.375,701636.0
SOURCE_NATIVE_FUTURES,ZN,bond,APPENDIX_C_172_004,10-year US,ZNU4,241710,2014-07-17,PROVIDER_CONDITION_AVAILABLE,-5.375,125.578125,120.203125,DEV_RECON_LOCAL_BACK_ADJUSTED_DATED_CONTRACT_CHAIN,2014-07-17T00:00:00Z,125.015625,125.734375,125.0,1484588.0,119.640625,120.359375,119.625,1484588.0
SOURCE_NATIVE_FUTURES,ZN,bond,APPENDIX_C_172_004,10-year US,ZNU4,241710,2014-07-18,PROVIDER_CONDITION_AVAILABLE,-5.375,125.265625,119.890625,DEV_RECON_LOCAL_BACK_ADJUSTED_DATED_CONTRACT_CHAIN,2014-07-18T00:00:00Z,125.5625,125.625,125.15625,939721.0,120.1875,120.25,119.78125,939721.0
SOURCE_NATIVE_FUTURES,ZN,bond,APPENDIX_C_172_004,10-year US,ZNU4,241710,2014-07-20,PROVIDER_CONDITION_AVAILABLE,-5.375,125.25,119.875,DEV_RECON_LOCAL_BACK_ADJUSTED_DATED_CONTRACT_CHAIN,2014-07-20T00:00:00Z,125.234375,125.265625,125.21875,4045.0,119.859375,119.890625,119.84375,4045.0
SOURCE_NATIVE_FUTURES,ZN,bond,APPENDIX_C_172_004,10-year US,ZNU4,241710,2014-07-21,PROVIDER_CONDITION_AVAILABLE,-5.375,125.3125,119.9375,DEV_RECON_LOCAL_BACK_ADJUSTED_DATED_CONTRACT_CHAIN,2014-07-21T00:00:00Z,125.25,125.515625,125.1875,671636.0,119.875,120.140625,119.8125,671636.0
SOURCE_NATIVE_FUTURES,ZN,bond,APPENDIX_C_172_004,10-year US,ZNU4,241710,2014-07-22,PROVIDER_CONDITION_AVAILABLE,-5.375,125.421875,120.046875,DEV_RECON_LOCAL_BACK_ADJUSTED_DATED_CONTRACT_CHAIN,2014-07-22T00:00:00Z,125.3125,125.453125,125.0625,983923.0,119.9375,120.078125,119.6875,983923.0
SOURCE_NATIVE_FUTURES,ZN,bond,APPENDIX_C_172_004,10-year US,ZNU4,241710,2014-07-23,PROVIDER_CONDITION_AVAILABLE,-5.375,125.40625,120.03125,DEV_RECON_LOCAL_BACK_ADJUSTED_DATED_CONTRACT_CHAIN,2014-07-23T00:00:00Z,125.421875,125.546875,125.296875,589343.0,120.046875,120.171875,119.921875,589343.0
SOURCE_NATIVE_FUTURES,ZN,bond,APPENDIX_C_172_004,10-year US,ZNU4,241710,2014-07-24,PROVIDER_CONDITION_AVAILABLE,-5.375,125.09375,119.71875,DEV_RECON_LOCAL_BACK_ADJUSTED_DATED_CONTRACT_CHAIN,2014-07-24T00:00:00Z,125.390625,125.46875,124.953125,1093904.0,120.015625,120.09375,119.578125,1093904.0
SOURCE_NATIVE_FUTURES,ZN,bond,APPENDIX_C_172_004,10-year US,ZNU4,241710,2014-07-25,PROVIDER_CONDITION_AVAILABLE,-5.375,125.328125,119.953125,DEV_RECON_LOCAL_BACK_ADJUSTED_DATED_CONTRACT_CHAIN,2014-07-25T00:00:00Z,125.109375,125.359375,124.9375,891315.0,119.734375,119.984375,119.5625,891315.0
SOURCE_NATIVE_FUTURES,ZN,bond,APPENDIX_C_172_004,10-year US,ZNU4,241710,2014-07-27,PROVIDER_CONDITION_AVAILABLE,-5.375,125.3125,119.9375,DEV_RECON_LOCAL_BACK_ADJUSTED_DATED_CONTRACT_CHAIN,2014-07-27T00:00:00Z,125.296875,125.3125,125.28125,5666.0,119.921875,119.9375,119.90625,5666.0
SOURCE_NATIVE_FUTURES,ZN,bond,APPENDIX_C_172_004,10-year US,ZNU4,241710,2014-07-28,PROVIDER_CONDITION_AVAILABLE,-5.375,125.140625,119.765625,DEV_RECON_LOCAL_BACK_ADJUSTED_DATED_CONTRACT_CHAIN,2014-07-28T00:00:00Z,125.296875,125.328125,125.0625,717568.0,119.921875,119.953125,119.6875,717568.0
SOURCE_NATIVE_FUTURES,ZN,bond,APPENDIX_C_172_004,10-year US,ZNU4,241710,2014-07-29,PROVIDER_CONDITION_AVAILABLE,-5.375,125.375,120.0,DEV_RECON_LOCAL_BACK_ADJUSTED_DATED_CONTRACT_CHAIN,2014-07-29T00:00:00Z,125.140625,125.4375,125.03125,1081843.0,119.765625,120.0625,119.65625,1081843.0
SOURCE_NATIVE_FUTURES,ZN,bond,APPENDIX_C_172_004,10-year US,ZNU4,241710,2014-07-30,PROVIDER_CONDITION_AVAILABLE,-5.375,124.609375,119.234375,DEV_RECON_LOCAL_BACK_ADJUSTED_DATED_CONTRACT_CHAIN,2014-07-30T00:00:00Z,125.375,125.390625,124.4375,1761307.0,120.0,120.015625,119.0625,1761307.0
SOURCE_NATIVE_FUTURES,ZN,bond,APPENDIX_C_172_004,10-year US,ZNU4,241710,2014-07-31,PROVIDER_CONDITION_AVAILABLE,-5.375,124.640625,119.265625,DEV_RECON_LOCAL_BACK_ADJUSTED_DATED_CONTRACT_CHAIN,2014-07-31T00:00:00Z,124.609375,124.765625,124.234375,1772729.0,119.234375,119.390625,118.859375,1772729.0
SOURCE_NATIVE_FUTURES,ZN,bond,APPENDIX_C_172_004,10-year US,ZNU4,241710,2014-08-01,PROVIDER_CONDITION_AVAILABLE,-5.375,125.328125,119.953125,DEV_RECON_LOCAL_BACK_ADJUSTED_DATED_CONTRACT_CHAIN,2014-08-01T00:00:00Z,124.640625,125.390625,124.40625,2188446.0,119.265625,120.015625,119.03125,2188446.0
SOURCE_NATIVE_FUTURES,ZN,bond,APPENDIX_C_172_004,10-year US,ZNU4,241710,2014-08-03,PROVIDER_CONDITION_AVAILABLE,-5.375,125.28125,119.90625,DEV_RECON_LOCAL_BACK_ADJUSTED_DATED_CONTRACT_CHAIN,2014-08-03T00:00:00Z,125.25,125.296875,125.234375,4656.0,119.875,119.921875,119.859375,4656.0
SOURCE_NATIVE_FUTURES,ZN,bond,APPENDIX_C_172_004,10-year US,ZNU4,241710,2014-08-04,PROVIDER_CONDITION_AVAILABLE,-5.375,125.40625,120.03125,DEV_RECON_LOCAL_BACK_ADJUSTED_DATED_CONTRACT_CHAIN,2014-08-04T00:00:00Z,125.28125,125.5625,125.171875,718802.0,119.90625,120.1875,119.796875,718802.0
SOURCE_NATIVE_FUTURES,ZN,bond,APPENDIX_C_172_004,10-year US,ZNU4,241710,2014-08-05,PROVIDER_CONDITION_AVAILABLE,-5.375,125.375,120.0,DEV_RECON_LOCAL_BACK_ADJUSTED_DATED_CONTRACT_CHAIN,2014-08-05T00:00:00Z,125.40625,125.546875,125.09375,1119858.0,120.03125,120.171875,119.71875,1119858.0
SOURCE_NATIVE_FUTURES,ZN,bond,APPENDIX_C_172_004,10-year US,ZNU4,241710,2014-08-06,PROVIDER_CONDITION_AVAILABLE,-5.375,125.515625,120.140625,DEV_RECON_LOCAL_BACK_ADJUSTED_DATED_CONTRACT_CHAIN,2014-08-06T00:00:00Z,125.375,125.765625,125.3125,1177632.0,120.0,120.390625,119.9375,1177632.0
SOURCE_NATIVE_FUTURES,ZN,bond,APPENDIX_C_172_004,10-year US,ZNU4,241710,2014-08-07,PROVIDER_CONDITION_AVAILABLE,-5.375,125.953125,120.578125,DEV_RECON_LOCAL_BACK_ADJUSTED_DATED_CONTRACT_CHAIN,2014-08-07T00:00:00Z,125.53125,126.015625,125.390625,1284331.0,120.15625,120.640625,120.015625,1284331.0
SOURCE_NATIVE_FUTURES,ZN,bond,APPENDIX_C_172_004,10-year US,ZNU4,241710,2014-08-08,PROVIDER_CONDITION_AVAILABLE,-5.375,125.875,120.5,DEV_RECON_LOCAL_BACK_ADJUSTED_DATED_CONTRACT_CHAIN,2014-08-08T00:00:00Z,125.9375,126.546875,125.859375,1685811.0,120.5625,121.171875,120.484375,1685811.0
SOURCE_NATIVE_FUTURES,ZN,bond,APPENDIX_C_172_004,10-year US,ZNU4,241710,2014-08-10,PROVIDER_CONDITION_AVAILABLE,-5.375,125.828125,120.453125,DEV_RECON_LOCAL_BACK_ADJUSTED_DATED_CONTRACT_CHAIN,2014-08-10T00:00:00Z,125.828125,125.890625,125.796875,11560.0,120.453125,120.515625,120.421875,11560.0
SOURCE_NATIVE_FUTURES,ZN,bond,APPENDIX_C_172_004,10-year US,ZNU4,241710,2014-08-11,PROVIDER_CONDITION_AVAILABLE,-5.375,125.859375,120.484375,DEV_RECON_LOCAL_BACK_ADJUSTED_DATED_CONTRACT_CHAIN,2014-08-11T00:00:00Z,125.8125,126.0,125.734375,742783.0,120.4375,120.625,120.359375,742783.0
SOURCE_NATIVE_FUTURES,ZN,bond,APPENDIX_C_172_004,10-year US,ZNU4,241710,2014-08-12,PROVIDER_CONDITION_AVAILABLE,-5.375,125.703125,120.328125,DEV_RECON_LOCAL_BACK_ADJUSTED_DATED_CONTRACT_CHAIN,2014-08-12T00:00:00Z,125.859375,126.0,125.671875,807316.0,120.484375,120.625,120.296875,807316.0
SOURCE_NATIVE_FUTURES,ZN,bond,APPENDIX_C_172_004,10-year US,ZNU4,241710,2014-08-13,PROVIDER_CONDITION_AVAILABLE,-5.375,126.125,120.75,DEV_RECON_LOCAL_BACK_ADJUSTED_DATED_CONTRACT_CHAIN,2014-08-13T00:00:00Z,125.703125,126.21875,125.5625,1273587.0,120.328125,120.84375,120.1875,1273587.0
SOURCE_NATIVE_FUTURES,ZN,bond,APPENDIX_C_172_004,10-year US,ZNU4,241710,2014-08-14,PROVIDER_CONDITION_AVAILABLE,-5.375,126.234375,120.859375,DEV_RECON_LOCAL_BACK_ADJUSTED_DATED_CONTRACT_CHAIN,2014-08-14T00:00:00Z,126.125,126.4375,126.015625,1205914.0,120.75,121.0625,120.640625,1205914.0
SOURCE_NATIVE_FUTURES,ZN,bond,APPENDIX_C_172_004,10-year US,ZNU4,241710,2014-08-15,PROVIDER_CONDITION_AVAILABLE,-5.375,126.65625,121.28125,DEV_RECON_LOCAL_BACK_ADJUSTED_DATED_CONTRACT_CHAIN,2014-08-15T00:00:00Z,126.21875,127.03125,126.171875,1478073.0,120.84375,121.65625,120.796875,1478073.0
SOURCE_NATIVE_FUTURES,ZN,bond,APPENDIX_C_172_004,10-year US,ZNU4,241710,2014-08-17,PROVIDER_CONDITION_AVAILABLE,-5.375,126.515625,121.140625,DEV_RECON_LOCAL_BACK_ADJUSTED_DATED_CONTRACT_CHAIN,2014-08-17T00:00:00Z,126.625,126.65625,126.46875,20355.0,121.25,121.28125,121.09375,20355.0
SOURCE_NATIVE_FUTURES,ZN,bond,APPENDIX_C_172_004,10-year US,ZNZ4,354456,2014-08-18,PROVIDER_CONDITION_AVAILABLE,-4.6875,125.609375,120.921875,DEV_RECON_LOCAL_BACK_ADJUSTED_DATED_CONTRACT_CHAIN,2014-08-18T00:00:00Z,125.875,125.921875,125.59375,5228.0,121.1875,121.234375,120.90625,5228.0
SOURCE_NATIVE_FUTURES,ZN,bond,APPENDIX_C_172_004,10-year US,ZNZ4,354456,2014-08-19,PROVIDER_CONDITION_AVAILABLE,-4.6875,125.625,120.9375,DEV_RECON_LOCAL_BACK_ADJUSTED_DATED_CONTRACT_CHAIN,2014-08-19T00:00:00Z,125.59375,125.953125,125.53125,10915.0,120.90625,121.265625,120.84375,10915.0
SOURCE_NATIVE_FUTURES,ZN,bond,APPENDIX_C_172_004,10-year US,ZNZ4,354456,2014-08-20,PROVIDER_CONDITION_AVAILABLE,-4.6875,125.25,120.5625,DEV_RECON_LOCAL_BACK_ADJUSTED_DATED_CONTRACT_CHAIN,2014-08-20T00:00:00Z,125.609375,125.609375,125.15625,11711.0,120.921875,120.921875,120.46875,11711.0
SOURCE_NATIVE_FUTURES,ZN,bond,APPENDIX_C_172_004,10-year US,ZNZ4,354456,2014-08-21,PROVIDER_CONDITION_AVAILABLE,-4.6875,125.3125,120.625,DEV_RECON_LOCAL_BACK_ADJUSTED_DATED_CONTRACT_CHAIN,2014-08-21T00:00:00Z,125.21875,125.453125,125.140625,12593.0,120.53125,120.765625,120.453125,12593.0
SOURCE_NATIVE_FUTURES,ZN,bond,APPENDIX_C_172_004,10-year US,ZNZ4,354456,2014-08-22,PROVIDER_CONDITION_AVAILABLE,-4.6875,125.25,120.5625,DEV_RECON_LOCAL_BACK_ADJUSTED_DATED_CONTRACT_CHAIN,2014-08-22T00:00:00Z,125.328125,125.578125,124.953125,30123.0,120.640625,120.890625,120.265625,30123.0
SOURCE_NATIVE_FUTURES,ZN,bond,APPENDIX_C_172_004,10-year US,ZNZ4,354456,2014-08-25,PROVIDER_CONDITION_AVAILABLE,-4.6875,125.4375,120.75,DEV_RECON_LOCAL_BACK_ADJUSTED_DATED_CONTRACT_CHAIN,2014-08-25T00:00:00Z,125.21875,125.453125,125.171875,58338.0,120.53125,120.765625,120.484375,58338.0
SOURCE_NATIVE_FUTURES,ZN,bond,APPENDIX_C_172_004,10-year US,ZNZ4,354456,2014-08-26,PROVIDER_CONDITION_AVAILABLE,-4.6875,125.421875,120.734375,DEV_RECON_LOCAL_BACK_ADJUSTED_DATED_CONTRACT_CHAIN,2014-08-26T00:00:00Z,125.421875,125.609375,125.34375,163611.0,120.734375,120.921875,120.65625,163611.0
SOURCE_NATIVE_FUTURES,ZN,bond,APPENDIX_C_172_004,10-year US,ZNZ4,354456,2014-08-27,PROVIDER_CONDITION_AVAILABLE,-4.6875,125.671875,120.984375,DEV_RECON_LOCAL_BACK_ADJUSTED_DATED_CONTRACT_CHAIN,2014-08-27T00:00:00Z,125.421875,125.71875,125.40625,268103.0,120.734375,121.03125,120.71875,268103.0
SOURCE_NATIVE_FUTURES,ZN,bond,APPENDIX_C_172_004,10-year US,ZNZ4,354456,2014-08-28,PROVIDER_CONDITION_AVAILABLE,-4.6875,125.8125,121.125,DEV_RECON_LOCAL_BACK_ADJUSTED_DATED_CONTRACT_CHAIN,2014-08-28T00:00:00Z,125.671875,125.953125,125.640625,489407.0,120.984375,121.265625,120.953125,489407.0
SOURCE_NATIVE_FUTURES,ZN,bond,APPENDIX_C_172_004,10-year US,ZNZ4,354456,2014-08-29,PROVIDER_CONDITION_AVAILABLE,-4.6875,125.765625,121.078125,DEV_RECON_LOCAL_BACK_ADJUSTED_DATED_CONTRACT_CHAIN,2014-08-29T00:00:00Z,125.8125,125.90625,125.671875,901568.0,121.125,121.21875,120.984375,901568.0
SOURCE_NATIVE_FUTURES,ZN,bond,APPENDIX_C_172_004,10-year US,ZNZ4,354456,2014-08-31,PROVIDER_CONDITION_AVAILABLE,-4.6875,125.75,121.0625,DEV_RECON_LOCAL_BACK_ADJUSTED_DATED_CONTRACT_CHAIN,2014-08-31T00:00:00Z,125.828125,126.296875,125.71875,42056.0,121.140625,121.609375,121.03125,42056.0
SOURCE_NATIVE_FUTURES,ZN,bond,APPENDIX_C_172_004,10-year US,ZNZ4,354456,2014-09-01,PROVIDER_CONDITION_AVAILABLE,-4.6875,125.6875,121.0,DEV_RECON_LOCAL_BACK_ADJUSTED_DATED_CONTRACT_CHAIN,2014-09-01T00:00:00Z,125.765625,125.765625,125.625,92018.0,121.078125,121.078125,120.9375,92018.0
SOURCE_NATIVE_FUTURES,ZN,bond,APPENDIX_C_172_004,10-year US,ZNZ4,354456,2014-09-02,PROVIDER_CONDITION_AVAILABLE,-4.6875,125.234375,120.546875,DEV_RECON_LOCAL_BACK_ADJUSTED_DATED_CONTRACT_CHAIN,2014-09-02T00:00:00Z,125.6875,125.6875,125.203125,1053743.0,121.0,121.0,120.515625,1053743.0
SOURCE_NATIVE_FUTURES,ZN,bond,APPENDIX_C_172_004,10-year US,ZNZ4,354456,2014-09-03,PROVIDER_CONDITION_AVAILABLE,-4.6875,125.296875,120.609375,DEV_RECON_LOCAL_BACK_ADJUSTED_DATED_CONTRACT_CHAIN,2014-09-03T00:00:00Z,125.25,125.34375,124.765625,1179622.0,120.5625,120.65625,120.078125,1179622.0
SOURCE_NATIVE_FUTURES,ZN,bond,APPENDIX_C_172_004,10-year US,ZNZ4,354456,2014-09-04,PROVIDER_CONDITION_AVAILABLE,-4.6875,124.875,120.1875,DEV_RECON_LOCAL_BACK_ADJUSTED_DATED_CONTRACT_CHAIN,2014-09-04T00:00:00Z,125.296875,125.546875,124.84375,1494058.0,120.609375,120.859375,120.15625,1494058.0
SOURCE_NATIVE_FUTURES,ZN,bond,APPENDIX_C_172_004,10-year US,ZNZ4,354456,2014-09-05,PROVIDER_CONDITION_AVAILABLE,-4.6875,125.03125,120.34375,DEV_RECON_LOCAL_BACK_ADJUSTED_DATED_CONTRACT_CHAIN,2014-09-05T00:00:00Z,124.875,125.671875,124.8125,1541564.0,120.1875,120.984375,120.125,1541564.0
SOURCE_NATIVE_FUTURES,ZN,bond,APPENDIX_C_172_004,10-year US,ZNZ4,354456,2014-09-07,PROVIDER_CONDITION_AVAILABLE,-4.6875,125.15625,120.46875,DEV_RECON_LOCAL_BACK_ADJUSTED_DATED_CONTRACT_CHAIN,2014-09-07T00:00:00Z,125.0625,125.15625,125.046875,7103.0,120.375,120.46875,120.359375,7103.0
SOURCE_NATIVE_FUTURES,ZN,bond,APPENDIX_C_172_004,10-year US,ZNZ4,354456,2014-09-08,PROVIDER_CONDITION_AVAILABLE,-4.6875,124.859375,120.171875,DEV_RECON_LOCAL_BACK_ADJUSTED_DATED_CONTRACT_CHAIN,2014-09-08T00:00:00Z,125.140625,125.375,124.828125,1027497.0,120.453125,120.6875,120.140625,1027497.0
SOURCE_NATIVE_FUTURES,ZN,bond,APPENDIX_C_172_004,10-year US,ZNZ4,354456,2014-09-09,PROVIDER_CONDITION_AVAILABLE,-4.6875,124.65625,119.96875,DEV_RECON_LOCAL_BACK_ADJUSTED_DATED_CONTRACT_CHAIN,2014-09-09T00:00:00Z,124.859375,124.875,124.578125,1180340.0,120.171875,120.1875,119.890625,1180340.0
SOURCE_NATIVE_FUTURES,ZN,bond,APPENDIX_C_172_004,10-year US,ZNZ4,354456,2014-09-10,PROVIDER_CONDITION_AVAILABLE,-4.6875,124.46875,119.78125,DEV_RECON_LOCAL_BACK_ADJUSTED_DATED_CONTRACT_CHAIN,2014-09-10T00:00:00Z,124.671875,124.71875,124.375,1162643.0,119.984375,120.03125,119.6875,1162643.0
SOURCE_NATIVE_FUTURES,ZN,bond,APPENDIX_C_172_004,10-year US,ZNZ4,354456,2014-09-11,PROVIDER_CONDITION_AVAILABLE,-4.6875,124.421875,119.734375,DEV_RECON_LOCAL_BACK_ADJUSTED_DATED_CONTRACT_CHAIN,2014-09-11T00:00:00Z,124.453125,124.703125,124.328125,1257879.0,119.765625,120.015625,119.640625,1257879.0
SOURCE_NATIVE_FUTURES,ZN,bond,APPENDIX_C_172_004,10-year US,ZNZ4,354456,2014-09-12,PROVIDER_CONDITION_AVAILABLE,-4.6875,123.984375,119.296875,DEV_RECON_LOCAL_BACK_ADJUSTED_DATED_CONTRACT_CHAIN,2014-09-12T00:00:00Z,124.421875,124.453125,123.953125,1431049.0,119.734375,119.765625,119.265625,1431049.0
SOURCE_NATIVE_FUTURES,ZN,bond,APPENDIX_C_172_004,10-year US,ZNZ4,354456,2014-09-14,PROVIDER_CONDITION_AVAILABLE,-4.6875,124.078125,119.390625,DEV_RECON_LOCAL_BACK_ADJUSTED_DATED_CONTRACT_CHAIN,2014-09-14T00:00:00Z,124.046875,124.09375,124.03125,7573.0,119.359375,119.40625,119.34375,7573.0
SOURCE_NATIVE_FUTURES,ZN,bond,APPENDIX_C_172_004,10-year US,ZNZ4,354456,2014-09-15,PROVIDER_CONDITION_AVAILABLE,-4.6875,124.203125,119.515625,DEV_RECON_LOCAL_BACK_ADJUSTED_DATED_CONTRACT_CHAIN,2014-09-15T00:00:00Z,124.0625,124.25,123.921875,836227.0,119.375,119.5625,119.234375,836227.0
SOURCE_NATIVE_FUTURES,ZN,bond,APPENDIX_C_172_004,10-year US,ZNZ4,354456,2014-09-16,PROVIDER_CONDITION_AVAILABLE,-4.6875,124.234375,119.546875,DEV_RECON_LOCAL_BACK_ADJUSTED_DATED_CONTRACT_CHAIN,2014-09-16T00:00:00Z,124.203125,124.453125,124.15625,1081594.0,119.515625,119.765625,119.46875,1081594.0
SOURCE_NATIVE_FUTURES,ZN,bond,APPENDIX_C_172_004,10-year US,ZNZ4,354456,2014-09-17,PROVIDER_CONDITION_AVAILABLE,-4.6875,123.78125,119.09375,DEV_RECON_LOCAL_BACK_ADJUSTED_DATED_CONTRACT_CHAIN,2014-09-17T00:00:00Z,124.234375,124.625,123.734375,1550054.0,119.546875,119.9375,119.046875,1550054.0
SOURCE_NATIVE_FUTURES,ZN,bond,APPENDIX_C_172_004,10-year US,ZNZ4,354456,2014-09-18,PROVIDER_CONDITION_AVAILABLE,-4.6875,123.734375,119.046875,DEV_RECON_LOCAL_BACK_ADJUSTED_DATED_CONTRACT_CHAIN,2014-09-18T00:00:00Z,123.78125,123.953125,123.5625,1273582.0,119.09375,119.265625,118.875,1273582.0
SOURCE_NATIVE_FUTURES,ZN,bond,APPENDIX_C_172_004,10-year US,ZNZ4,354456,2014-09-19,PROVIDER_CONDITION_AVAILABLE,-4.6875,124.0625,119.375,DEV_RECON_LOCAL_BACK_ADJUSTED_DATED_CONTRACT_CHAIN,2014-09-19T00:00:00Z,123.734375,124.09375,123.5,1064446.0,119.046875,119.40625,118.8125,1064446.0
SOURCE_NATIVE_FUTURES,ZN,bond,APPENDIX_C_172_004,10-year US,ZNZ4,354456,2014-09-21,PROVIDER_CONDITION_AVAILABLE,-4.6875,124.125,119.4375,DEV_RECON_LOCAL_BACK_ADJUSTED_DATED_CONTRACT_CHAIN,2014-09-21T00:00:00Z,124.03125,124.140625,124.03125,8352.0,119.34375,119.453125,119.34375,8352.0
SOURCE_NATIVE_FUTURES,ZN,bond,APPENDIX_C_172_004,10-year US,ZNZ4,354456,2014-09-26,PROVIDER_CONDITION_AVAILABLE,-4.6875,124.515625,119.828125,DEV_RECON_LOCAL_BACK_ADJUSTED_DATED_CONTRACT_CHAIN,2014-09-26T00:00:00Z,124.78125,124.921875,124.34375,1570421.0,120.09375,120.234375,119.65625,1570421.0
SOURCE_NATIVE_FUTURES,ZN,bond,APPENDIX_C_172_004,10-year US,ZNZ4,354456,2014-09-28,PROVIDER_CONDITION_AVAILABLE,-4.6875,124.515625,119.828125,DEV_RECON_LOCAL_BACK_ADJUSTED_DATED_CONTRACT_CHAIN,2014-09-28T00:00:00Z,124.5,124.53125,124.5,7537.0,119.8125,119.84375,119.8125,7537.0
SOURCE_NATIVE_FUTURES,ZN,bond,APPENDIX_C_172_004,10-year US,ZNZ4,354456,2014-09-29,PROVIDER_CONDITION_AVAILABLE,-4.6875,124.84375,120.15625,DEV_RECON_LOCAL_BACK_ADJUSTED_DATED_CONTRACT_CHAIN,2014-09-29T00:00:00Z,124.515625,124.875,124.390625,1057122.0,119.828125,120.1875,119.703125,1057122.0
SOURCE_NATIVE_FUTURES,ZN,bond,APPENDIX_C_172_004,10-year US,ZNZ4,354456,2014-09-30,PROVIDER_CONDITION_AVAILABLE,-4.6875,124.75,120.0625,DEV_RECON_LOCAL_BACK_ADJUSTED_DATED_CONTRACT_CHAIN,2014-09-30T00:00:00Z,124.84375,124.859375,124.5,1343875.0,120.15625,120.171875,119.8125,1343875.0
SOURCE_NATIVE_FUTURES,ZN,bond,APPENDIX_C_172_004,10-year US,ZNZ4,354456,2014-10-01,PROVIDER_CONDITION_AVAILABLE,-4.6875,125.625,120.9375,DEV_RECON_LOCAL_BACK_ADJUSTED_DATED_CONTRACT_CHAIN,2014-10-01T00:00:00Z,124.75,125.6875,124.6875,1884481.0,120.0625,121.0,120.0,1884481.0
SOURCE_NATIVE_FUTURES,ZN,bond,APPENDIX_C_172_004,10-year US,ZNZ4,354456,2014-10-02,PROVIDER_CONDITION_AVAILABLE,-4.6875,125.40625,120.71875,DEV_RECON_LOCAL_BACK_ADJUSTED_DATED_CONTRACT_CHAIN,2014-10-02T00:00:00Z,125.640625,125.71875,125.265625,1676438.0,120.953125,121.03125,120.578125,1676438.0
SOURCE_NATIVE_FUTURES,ZN,bond,APPENDIX_C_172_004,10-year US,ZNZ4,354456,2014-10-05,PROVIDER_CONDITION_AVAILABLE,-4.6875,125.171875,120.484375,DEV_RECON_LOCAL_BACK_ADJUSTED_DATED_CONTRACT_CHAIN,2014-10-05T00:00:00Z,125.1875,125.203125,125.125,7950.0,120.5,120.515625,120.4375,7950.0
SOURCE_NATIVE_FUTURES,ZN,bond,APPENDIX_C_172_004,10-year US,ZNZ4,354456,2014-10-06,PROVIDER_CONDITION_AVAILABLE,-4.6875,125.421875,120.734375,DEV_RECON_LOCAL_BACK_ADJUSTED_DATED_CONTRACT_CHAIN,2014-10-06T00:00:00Z,125.1875,125.578125,125.109375,1058505.0,120.5,120.890625,120.421875,1058505.0
SOURCE_NATIVE_FUTURES,ZN,bond,APPENDIX_C_172_004,10-year US,ZNZ4,354456,2014-10-07,PROVIDER_CONDITION_AVAILABLE,-4.6875,126.0,121.3125,DEV_RECON_LOCAL_BACK_ADJUSTED_DATED_CONTRACT_CHAIN,2014-10-07T00:00:00Z,125.4375,126.125,125.359375,1489053.0,120.75,121.4375,120.671875,1489053.0
SOURCE_NATIVE_FUTURES,ZN,bond,APPENDIX_C_172_004,10-year US,ZNZ4,354456,2014-10-08,PROVIDER_CONDITION_AVAILABLE,-4.6875,126.4375,121.75,DEV_RECON_LOCAL_BACK_ADJUSTED_DATED_CONTRACT_CHAIN,2014-10-08T00:00:00Z,126.0,126.625,125.796875,2203886.0,121.3125,121.9375,121.109375,2203886.0
SOURCE_NATIVE_FUTURES,ZN,bond,APPENDIX_C_172_004,10-year US,ZNZ4,354456,2014-10-09,PROVIDER_CONDITION_AVAILABLE,-4.6875,126.546875,121.859375,DEV_RECON_LOCAL_BACK_ADJUSTED_DATED_CONTRACT_CHAIN,2014-10-09T00:00:00Z,126.421875,126.890625,126.34375,2168144.0,121.734375,122.203125,121.65625,2168144.0
SOURCE_NATIVE_FUTURES,ZN,bond,APPENDIX_C_172_004,10-year US,ZNZ4,354456,2014-10-10,PROVIDER_CONDITION_AVAILABLE,-4.6875,126.765625,122.078125,DEV_RECON_LOCAL_BACK_ADJUSTED_DATED_CONTRACT_CHAIN,2014-10-10T00:00:00Z,126.546875,126.78125,126.21875,1331444.0,121.859375,122.09375,121.53125,1331444.0
SOURCE_NATIVE_FUTURES,ZN,bond,APPENDIX_C_172_004,10-year US,ZNZ4,354456,2014-10-12,PROVIDER_CONDITION_AVAILABLE,-4.6875,127.046875,122.359375,DEV_RECON_LOCAL_BACK_ADJUSTED_DATED_CONTRACT_CHAIN,2014-10-12T00:00:00Z,126.765625,127.140625,126.703125,37588.0,122.078125,122.453125,122.015625,37588.0
SOURCE_NATIVE_FUTURES,ZN,bond,APPENDIX_C_172_004,10-year US,ZNZ4,354456,2014-10-13,PROVIDER_CONDITION_AVAILABLE,-4.6875,127.234375,122.546875,DEV_RECON_LOCAL_BACK_ADJUSTED_DATED_CONTRACT_CHAIN,2014-10-13T00:00:00Z,127.046875,127.390625,126.875,498707.0,122.359375,122.703125,122.1875,498707.0
SOURCE_NATIVE_FUTURES,ZN,bond,APPENDIX_C_172_004,10-year US,ZNZ4,354456,2014-10-14,PROVIDER_CONDITION_AVAILABLE,-4.6875,127.453125,122.765625,DEV_RECON_LOCAL_BACK_ADJUSTED_DATED_CONTRACT_CHAIN,2014-10-14T00:00:00Z,127.21875,127.734375,127.0,2023876.0,122.53125,123.046875,122.3125,2023876.0
SOURCE_NATIVE_FUTURES,ZN,bond,APPENDIX_C_172_004,10-year US,ZNZ4,354456,2014-10-15,PROVIDER_CONDITION_AVAILABLE,-4.6875,128.515625,123.828125,DEV_RECON_LOCAL_BACK_ADJUSTED_DATED_CONTRACT_CHAIN,2014-10-15T00:00:00Z,127.4375,130.53125,127.234375,3955162.0,122.75,125.84375,122.546875,3955162.0
SOURCE_NATIVE_FUTURES,ZN,bond,APPENDIX_C_172_004,10-year US,ZNZ4,354456,2014-10-16,PROVIDER_CONDITION_AVAILABLE,-4.6875,128.015625,123.328125,DEV_RECON_LOCAL_BACK_ADJUSTED_DATED_CONTRACT_CHAIN,2014-10-16T00:00:00Z,128.515625,129.5625,127.78125,3089175.0,123.828125,124.875,123.09375,3089175.0
SOURCE_NATIVE_FUTURES,ZN,bond,APPENDIX_C_172_004,10-year US,ZNZ4,354456,2014-10-17,PROVIDER_CONDITION_AVAILABLE,-4.6875,127.6875,123.0,DEV_RECON_LOCAL_BACK_ADJUSTED_DATED_CONTRACT_CHAIN,2014-10-17T00:00:00Z,128.03125,128.328125,127.4375,1876958.0,123.34375,123.640625,122.75,1876958.0
SOURCE_NATIVE_FUTURES,ZN,bond,APPENDIX_C_172_004,10-year US,ZNZ4,354456,2014-10-19,PROVIDER_CONDITION_AVAILABLE,-4.6875,127.4375,122.75,DEV_RECON_LOCAL_BACK_ADJUSTED_DATED_CONTRACT_CHAIN,2014-10-19T00:00:00Z,127.625,127.640625,127.390625,19461.0,122.9375,122.953125,122.703125,19461.0
SOURCE_NATIVE_FUTURES,ZN,bond,APPENDIX_C_172_004,10-year US,ZNZ4,354456,2014-10-20,PROVIDER_CONDITION_AVAILABLE,-4.6875,127.84375,123.15625,DEV_RECON_LOCAL_BACK_ADJUSTED_DATED_CONTRACT_CHAIN,2014-10-20T00:00:00Z,127.453125,127.96875,127.390625,1335692.0,122.765625,123.28125,122.703125,1335692.0
SOURCE_NATIVE_FUTURES,ZN,bond,APPENDIX_C_172_004,10-year US,ZNZ4,354456,2014-10-21,PROVIDER_CONDITION_AVAILABLE,-4.6875,127.546875,122.859375,DEV_RECON_LOCAL_BACK_ADJUSTED_DATED_CONTRACT_CHAIN,2014-10-21T00:00:00Z,127.84375,128.265625,127.4375,1383710.0,123.15625,123.578125,122.75,1383710.0
SOURCE_NATIVE_FUTURES,ZN,bond,APPENDIX_C_172_004,10-year US,ZNZ4,354456,2014-10-22,PROVIDER_CONDITION_AVAILABLE,-4.6875,127.546875,122.859375,DEV_RECON_LOCAL_BACK_ADJUSTED_DATED_CONTRACT_CHAIN,2014-10-22T00:00:00Z,127.546875,127.875,127.234375,1238374.0,122.859375,123.1875,122.546875,1238374.0
SOURCE_NATIVE_FUTURES,ZN,bond,APPENDIX_C_172_004,10-year US,ZNZ4,354456,2014-10-23,PROVIDER_CONDITION_AVAILABLE,-4.6875,127.046875,122.359375,DEV_RECON_LOCAL_BACK_ADJUSTED_DATED_CONTRACT_CHAIN,2014-10-23T00:00:00Z,127.5625,127.6875,126.8125,1347688.0,122.875,123.0,122.125,1347688.0
SOURCE_NATIVE_FUTURES,ZN,bond,APPENDIX_C_172_004,10-year US,ZNZ4,354456,2014-10-24,PROVIDER_CONDITION_AVAILABLE,-4.6875,127.03125,122.34375,DEV_RECON_LOCAL_BACK_ADJUSTED_DATED_CONTRACT_CHAIN,2014-10-24T00:00:00Z,127.046875,127.453125,127.0,1285559.0,122.359375,122.765625,122.3125,1285559.0
SOURCE_NATIVE_FUTURES,ZN,bond,APPENDIX_C_172_004,10-year US,ZNZ4,354456,2014-10-26,PROVIDER_CONDITION_AVAILABLE,-4.6875,126.875,122.1875,DEV_RECON_LOCAL_BACK_ADJUSTED_DATED_CONTRACT_CHAIN,2014-10-26T00:00:00Z,126.96875,126.984375,126.859375,9781.0,122.28125,122.296875,122.171875,9781.0
SOURCE_NATIVE_FUTURES,ZN,bond,APPENDIX_C_172_004,10-year US,ZNZ4,354456,2014-10-27,PROVIDER_CONDITION_AVAILABLE,-4.6875,127.09375,122.40625,DEV_RECON_LOCAL_BACK_ADJUSTED_DATED_CONTRACT_CHAIN,2014-10-27T00:00:00Z,126.890625,127.25,126.796875,849109.0,122.203125,122.5625,122.109375,849109.0
SOURCE_NATIVE_FUTURES,ZN,bond,APPENDIX_C_172_004,10-year US,ZNZ4,354456,2014-10-28,PROVIDER_CONDITION_AVAILABLE,-4.6875,126.84375,122.15625,DEV_RECON_LOCAL_BACK_ADJUSTED_DATED_CONTRACT_CHAIN,2014-10-28T00:00:00Z,127.09375,127.21875,126.8125,1127932.0,122.40625,122.53125,122.125,1127932.0
SOURCE_NATIVE_FUTURES,ZN,bond,APPENDIX_C_172_004,10-year US,ZNZ4,354456,2014-10-29,PROVIDER_CONDITION_AVAILABLE,-4.6875,126.53125,121.84375,DEV_RECON_LOCAL_BACK_ADJUSTED_DATED_CONTRACT_CHAIN,2014-10-29T00:00:00Z,126.84375,127.015625,126.1875,1094045.0,122.15625,122.328125,121.5,1094045.0
SOURCE_NATIVE_FUTURES,ZN,bond,APPENDIX_C_172_004,10-year US,ZNZ4,354456,2014-10-30,PROVIDER_CONDITION_AVAILABLE,-4.6875,126.625,121.9375,DEV_RECON_LOCAL_BACK_ADJUSTED_DATED_CONTRACT_CHAIN,2014-10-30T00:00:00Z,126.53125,126.765625,126.3125,1295852.0,121.84375,122.078125,121.625,1295852.0
SOURCE_NATIVE_FUTURES,ZN,bond,APPENDIX_C_172_004,10-year US,ZNZ4,354456,2014-10-31,PROVIDER_CONDITION_AVAILABLE,-4.6875,126.375,121.6875,DEV_RECON_LOCAL_BACK_ADJUSTED_DATED_CONTRACT_CHAIN,2014-10-31T00:00:00Z,126.640625,126.734375,126.203125,1326982.0,121.953125,122.046875,121.515625,1326982.0
SOURCE_NATIVE_FUTURES,ZN,bond,APPENDIX_C_172_004,10-year US,ZNZ4,354456,2014-11-02,PROVIDER_CONDITION_AVAILABLE,-4.6875,126.34375,121.65625,DEV_RECON_LOCAL_BACK_ADJUSTED_DATED_CONTRACT_CHAIN,2014-11-02T00:00:00Z,126.421875,126.421875,126.3125,7003.0,121.734375,121.734375,121.625,7003.0
SOURCE_NATIVE_FUTURES,ZN,bond,APPENDIX_C_172_004,10-year US,ZNZ4,354456,2014-11-03,PROVIDER_CONDITION_AVAILABLE,-4.6875,126.34375,121.65625,DEV_RECON_LOCAL_BACK_ADJUSTED_DATED_CONTRACT_CHAIN,2014-11-03T00:00:00Z,126.34375,126.625,125.953125,1088102.0,121.65625,121.9375,121.265625,1088102.0
SOURCE_NATIVE_FUTURES,ZN,bond,APPENDIX_C_172_004,10-year US,ZNZ4,354456,2014-11-04,PROVIDER_CONDITION_AVAILABLE,-4.6875,126.34375,121.65625,DEV_RECON_LOCAL_BACK_ADJUSTED_DATED_CONTRACT_CHAIN,2014-11-04T00:00:00Z,126.328125,126.625,126.21875,1071090.0,121.640625,121.9375,121.53125,1071090.0
SOURCE_NATIVE_FUTURES,ZN,bond,APPENDIX_C_172_004,10-year US,ZNZ4,354456,2014-11-05,PROVIDER_CONDITION_AVAILABLE,-4.6875,126.296875,121.609375,DEV_RECON_LOCAL_BACK_ADJUSTED_DATED_CONTRACT_CHAIN,2014-11-05T00:00:00Z,126.34375,126.421875,126.0625,874530.0,121.65625,121.734375,121.375,874530.0
SOURCE_NATIVE_FUTURES,ZN,bond,APPENDIX_C_172_004,10-year US,ZNZ4,354456,2014-11-06,PROVIDER_CONDITION_AVAILABLE,-4.6875,125.984375,121.296875,DEV_RECON_LOCAL_BACK_ADJUSTED_DATED_CONTRACT_CHAIN,2014-11-06T00:00:00Z,126.3125,126.46875,125.90625,1062730.0,121.625,121.78125,121.21875,1062730.0
SOURCE_NATIVE_FUTURES,ZN,bond,APPENDIX_C_172_004,10-year US,ZNZ4,354456,2014-11-07,PROVIDER_CONDITION_AVAILABLE,-4.6875,126.75,122.0625,DEV_RECON_LOCAL_BACK_ADJUSTED_DATED_CONTRACT_CHAIN,2014-11-07T00:00:00Z,125.96875,126.75,125.84375,1540130.0,121.28125,122.0625,121.15625,1540130.0
SOURCE_NATIVE_FUTURES,ZN,bond,APPENDIX_C_172_004,10-year US,ZNZ4,354456,2014-11-09,PROVIDER_CONDITION_AVAILABLE,-4.6875,126.6875,122.0,DEV_RECON_LOCAL_BACK_ADJUSTED_DATED_CONTRACT_CHAIN,2014-11-09T00:00:00Z,126.671875,126.703125,126.65625,7987.0,121.984375,122.015625,121.96875,7987.0
SOURCE_NATIVE_FUTURES,ZN,bond,APPENDIX_C_172_004,10-year US,ZNZ4,354456,2014-11-10,PROVIDER_CONDITION_AVAILABLE,-4.6875,126.28125,121.59375,DEV_RECON_LOCAL_BACK_ADJUSTED_DATED_CONTRACT_CHAIN,2014-11-10T00:00:00Z,126.6875,127.015625,126.25,922914.0,122.0,122.328125,121.5625,922914.0
SOURCE_NATIVE_FUTURES,ZN,bond,APPENDIX_C_172_004,10-year US,ZNZ4,354456,2014-11-11,PROVIDER_CONDITION_AVAILABLE,-4.6875,126.15625,121.46875,DEV_RECON_LOCAL_BACK_ADJUSTED_DATED_CONTRACT_CHAIN,2014-11-11T00:00:00Z,126.265625,126.34375,126.0625,217548.0,121.578125,121.65625,121.375,217548.0
SOURCE_NATIVE_FUTURES,ZN,bond,APPENDIX_C_172_004,10-year US,ZNZ4,354456,2014-11-12,PROVIDER_CONDITION_AVAILABLE,-4.6875,126.234375,121.546875,DEV_RECON_LOCAL_BACK_ADJUSTED_DATED_CONTRACT_CHAIN,2014-11-12T00:00:00Z,126.15625,126.625,126.109375,960905.0,121.46875,121.9375,121.421875,960905.0
SOURCE_NATIVE_FUTURES,ZN,bond,APPENDIX_C_172_004,10-year US,ZNZ4,354456,2014-11-13,PROVIDER_CONDITION_AVAILABLE,-4.6875,126.515625,121.828125,DEV_RECON_LOCAL_BACK_ADJUSTED_DATED_CONTRACT_CHAIN,2014-11-13T00:00:00Z,126.234375,126.546875,126.15625,999090.0,121.546875,121.859375,121.46875,999090.0
SOURCE_NATIVE_FUTURES,ZN,bond,APPENDIX_C_172_004,10-year US,ZNZ4,354456,2014-11-14,PROVIDER_CONDITION_AVAILABLE,-4.6875,126.625,121.9375,DEV_RECON_LOCAL_BACK_ADJUSTED_DATED_CONTRACT_CHAIN,2014-11-14T00:00:00Z,126.5,126.75,126.171875,1097273.0,121.8125,122.0625,121.484375,1097273.0
SOURCE_NATIVE_FUTURES,ZN,bond,APPENDIX_C_172_004,10-year US,ZNZ4,354456,2014-11-16,PROVIDER_CONDITION_AVAILABLE,-4.6875,126.734375,122.046875,DEV_RECON_LOCAL_BACK_ADJUSTED_DATED_CONTRACT_CHAIN,2014-11-16T00:00:00Z,126.609375,126.75,126.609375,7598.0,121.921875,122.0625,121.921875,7598.0
SOURCE_NATIVE_FUTURES,ZN,bond,APPENDIX_C_172_004,10-year US,ZNZ4,354456,2014-11-17,PROVIDER_CONDITION_AVAILABLE,-4.6875,126.53125,121.84375,DEV_RECON_LOCAL_BACK_ADJUSTED_DATED_CONTRACT_CHAIN,2014-11-17T00:00:00Z,126.734375,127.0,126.421875,908679.0,122.046875,122.3125,121.734375,908679.0
SOURCE_NATIVE_FUTURES,ZN,bond,APPENDIX_C_172_004,10-year US,ZNH5,42281,2014-11-18,PROVIDER_CONDITION_AVAILABLE,-4.0,126.0,122.0,DEV_RECON_LOCAL_BACK_ADJUSTED_DATED_CONTRACT_CHAIN,2014-11-18T00:00:00Z,125.828125,126.046875,125.78125,5470.0,121.828125,122.046875,121.78125,5470.0
SOURCE_NATIVE_FUTURES,ZN,bond,APPENDIX_C_172_004,10-year US,ZNH5,42281,2014-11-19,PROVIDER_CONDITION_AVAILABLE,-4.0,125.65625,121.65625,DEV_RECON_LOCAL_BACK_ADJUSTED_DATED_CONTRACT_CHAIN,2014-11-19T00:00:00Z,125.984375,126.0,125.53125,6263.0,121.984375,122.0,121.53125,6263.0
SOURCE_NATIVE_FUTURES,ZN,bond,APPENDIX_C_172_004,10-year US,ZNH5,42281,2014-11-20,PROVIDER_CONDITION_AVAILABLE,-4.0,125.8125,121.8125,DEV_RECON_LOCAL_BACK_ADJUSTED_DATED_CONTRACT_CHAIN,2014-11-20T00:00:00Z,125.671875,126.109375,125.65625,28544.0,121.671875,122.109375,121.65625,28544.0
SOURCE_NATIVE_FUTURES,ZN,bond,APPENDIX_C_172_004,10-year US,ZNH5,42281,2014-11-21,PROVIDER_CONDITION_AVAILABLE,-4.0,125.984375,121.984375,DEV_RECON_LOCAL_BACK_ADJUSTED_DATED_CONTRACT_CHAIN,2014-11-21T00:00:00Z,125.84375,126.015625,125.671875,32693.0,121.84375,122.015625,121.671875,32693.0
SOURCE_NATIVE_FUTURES,ZN,bond,APPENDIX_C_172_004,10-year US,ZNH5,42281,2014-11-23,PROVIDER_CONDITION_AVAILABLE,-4.0,125.96875,121.96875,DEV_RECON_LOCAL_BACK_ADJUSTED_DATED_CONTRACT_CHAIN,2014-11-23T00:00:00Z,125.984375,125.984375,125.9375,39.0,121.984375,121.984375,121.9375,39.0
SOURCE_NATIVE_FUTURES,ZN,bond,APPENDIX_C_172_004,10-year US,ZNH5,42281,2014-11-24,PROVIDER_CONDITION_AVAILABLE,-4.0,126.15625,122.15625,DEV_RECON_LOCAL_BACK_ADJUSTED_DATED_CONTRACT_CHAIN,2014-11-24T00:00:00Z,126.015625,126.1875,125.8125,92015.0,122.015625,122.1875,121.8125,92015.0
SOURCE_NATIVE_FUTURES,ZN,bond,APPENDIX_C_172_004,10-year US,ZNH5,42281,2014-11-25,PROVIDER_CONDITION_AVAILABLE,-4.0,126.484375,122.484375,DEV_RECON_LOCAL_BACK_ADJUSTED_DATED_CONTRACT_CHAIN,2014-11-25T00:00:00Z,126.15625,126.515625,126.0,280699.0,122.15625,122.515625,122.0,280699.0
SOURCE_NATIVE_FUTURES,ZN,bond,APPENDIX_C_172_004,10-year US,ZNH5,42281,2014-11-26,PROVIDER_CONDITION_AVAILABLE,-4.0,126.703125,122.703125,DEV_RECON_LOCAL_BACK_ADJUSTED_DATED_CONTRACT_CHAIN,2014-11-26T00:00:00Z,126.5,126.796875,126.453125,412391.0,122.5,122.796875,122.453125,412391.0
SOURCE_NATIVE_FUTURES,ZN,bond,APPENDIX_C_172_004,10-year US,ZNH5,42281,2014-11-27,PROVIDER_CONDITION_AVAILABLE,-4.0,126.921875,122.921875,DEV_RECON_LOCAL_BACK_ADJUSTED_DATED_CONTRACT_CHAIN,2014-11-27T00:00:00Z,126.703125,126.984375,126.671875,69851.0,122.703125,122.984375,122.671875,69851.0
SOURCE_NATIVE_FUTURES,ZN,bond,APPENDIX_C_172_004,10-year US,ZNH5,42281,2014-11-28,PROVIDER_CONDITION_AVAILABLE,-4.0,127.15625,123.15625,DEV_RECON_LOCAL_BACK_ADJUSTED_DATED_CONTRACT_CHAIN,2014-11-28T00:00:00Z,126.921875,127.171875,126.8125,502950.0,122.921875,123.171875,122.8125,502950.0
SOURCE_NATIVE_FUTURES,ZN,bond,APPENDIX_C_172_004,10-year US,ZNH5,42281,2014-11-30,PROVIDER_CONDITION_AVAILABLE,-4.0,127.203125,123.203125,DEV_RECON_LOCAL_BACK_ADJUSTED_DATED_CONTRACT_CHAIN,2014-11-30T00:00:00Z,127.203125,127.265625,127.171875,12403.0,123.203125,123.265625,123.171875,12403.0
SOURCE_NATIVE_FUTURES,ZN,bond,APPENDIX_C_172_004,10-year US,ZNH5,42281,2014-12-01,PROVIDER_CONDITION_AVAILABLE,-4.0,126.8125,122.8125,DEV_RECON_LOCAL_BACK_ADJUSTED_DATED_CONTRACT_CHAIN,2014-12-01T00:00:00Z,127.21875,127.484375,126.703125,1201825.0,123.21875,123.484375,122.703125,1201825.0
SOURCE_NATIVE_FUTURES,ZN,bond,APPENDIX_C_172_004,10-year US,ZNH5,42281,2014-12-02,PROVIDER_CONDITION_AVAILABLE,-4.0,126.328125,122.328125,DEV_RECON_LOCAL_BACK_ADJUSTED_DATED_CONTRACT_CHAIN,2014-12-02T00:00:00Z,126.8125,126.828125,126.265625,1149064.0,122.8125,122.828125,122.265625,1149064.0
SOURCE_NATIVE_FUTURES,ZN,bond,APPENDIX_C_172_004,10-year US,ZNH5,42281,2014-12-03,PROVIDER_CONDITION_AVAILABLE,-4.0,126.328125,122.328125,DEV_RECON_LOCAL_BACK_ADJUSTED_DATED_CONTRACT_CHAIN,2014-12-03T00:00:00Z,126.328125,126.421875,126.15625,1036367.0,122.328125,122.421875,122.15625,1036367.0
SOURCE_NATIVE_FUTURES,ZN,bond,APPENDIX_C_172_004,10-year US,ZNH5,42281,2014-12-04,PROVIDER_CONDITION_AVAILABLE,-4.0,126.59375,122.59375,DEV_RECON_LOCAL_BACK_ADJUSTED_DATED_CONTRACT_CHAIN,2014-12-04T00:00:00Z,126.328125,126.640625,126.140625,1050490.0,122.328125,122.640625,122.140625,1050490.0
SOURCE_NATIVE_FUTURES,ZN,bond,APPENDIX_C_172_004,10-year US,ZNH5,42281,2014-12-05,PROVIDER_CONDITION_AVAILABLE,-4.0,125.875,121.875,DEV_RECON_LOCAL_BACK_ADJUSTED_DATED_CONTRACT_CHAIN,2014-12-05T00:00:00Z,126.59375,126.59375,125.734375,1561938.0,122.59375,122.59375,121.734375,1561938.0
SOURCE_NATIVE_FUTURES,ZN,bond,APPENDIX_C_172_004,10-year US,ZNH5,42281,2014-12-07,PROVIDER_CONDITION_AVAILABLE,-4.0,125.859375,121.859375,DEV_RECON_LOCAL_BACK_ADJUSTED_DATED_CONTRACT_CHAIN,2014-12-07T00:00:00Z,125.84375,125.859375,125.765625,7252.0,121.84375,121.859375,121.765625,7252.0
SOURCE_NATIVE_FUTURES,ZN,bond,APPENDIX_C_172_004,10-year US,ZNH5,42281,2014-12-08,PROVIDER_CONDITION_AVAILABLE,-4.0,126.1875,122.1875,DEV_RECON_LOCAL_BACK_ADJUSTED_DATED_CONTRACT_CHAIN,2014-12-08T00:00:00Z,125.859375,126.375,125.546875,997853.0,121.859375,122.375,121.546875,997853.0
SOURCE_NATIVE_FUTURES,ZN,bond,APPENDIX_C_172_004,10-year US,ZNH5,42281,2014-12-09,PROVIDER_CONDITION_AVAILABLE,-4.0,126.609375,122.609375,DEV_RECON_LOCAL_BACK_ADJUSTED_DATED_CONTRACT_CHAIN,2014-12-09T00:00:00Z,126.171875,126.875,126.109375,1383273.0,122.171875,122.875,122.109375,1383273.0
SOURCE_NATIVE_FUTURES,ZN,bond,APPENDIX_C_172_004,10-year US,ZNH5,42281,2014-12-10,PROVIDER_CONDITION_AVAILABLE,-4.0,127.125,123.125,DEV_RECON_LOCAL_BACK_ADJUSTED_DATED_CONTRACT_CHAIN,2014-12-10T00:00:00Z,126.59375,127.21875,126.5,1232018.0,122.59375,123.21875,122.5,1232018.0
SOURCE_NATIVE_FUTURES,ZN,bond,APPENDIX_C_172_004,10-year US,ZNH5,42281,2014-12-11,PROVIDER_CONDITION_AVAILABLE,-4.0,126.9375,122.9375,DEV_RECON_LOCAL_BACK_ADJUSTED_DATED_CONTRACT_CHAIN,2014-12-11T00:00:00Z,127.125,127.375,126.59375,1417345.0,123.125,123.375,122.59375,1417345.0
SOURCE_NATIVE_FUTURES,ZN,bond,APPENDIX_C_172_004,10-year US,ZNH5,42281,2014-12-12,PROVIDER_CONDITION_AVAILABLE,-4.0,127.71875,123.71875,DEV_RECON_LOCAL_BACK_ADJUSTED_DATED_CONTRACT_CHAIN,2014-12-12T00:00:00Z,126.9375,127.796875,126.90625,1436037.0,122.9375,123.796875,122.90625,1436037.0
SOURCE_NATIVE_FUTURES,ZN,bond,APPENDIX_C_172_004,10-year US,ZNH5,42281,2014-12-14,PROVIDER_CONDITION_AVAILABLE,-4.0,127.75,123.75,DEV_RECON_LOCAL_BACK_ADJUSTED_DATED_CONTRACT_CHAIN,2014-12-14T00:00:00Z,127.625,127.875,127.609375,17367.0,123.625,123.875,123.609375,17367.0
SOURCE_NATIVE_FUTURES,ZN,bond,APPENDIX_C_172_004,10-year US,ZNH5,42281,2014-12-15,PROVIDER_CONDITION_AVAILABLE,-4.0,127.296875,123.296875,DEV_RECON_LOCAL_BACK_ADJUSTED_DATED_CONTRACT_CHAIN,2014-12-15T00:00:00Z,127.75,127.84375,127.1875,1311615.0,123.75,123.84375,123.1875,1311615.0
SOURCE_NATIVE_FUTURES,ZN,bond,APPENDIX_C_172_004,10-year US,ZNH5,42281,2014-12-16,PROVIDER_CONDITION_AVAILABLE,-4.0,127.765625,123.765625,DEV_RECON_LOCAL_BACK_ADJUSTED_DATED_CONTRACT_CHAIN,2014-12-16T00:00:00Z,127.296875,128.390625,127.28125,1388676.0,123.296875,124.390625,123.28125,1388676.0
SOURCE_NATIVE_FUTURES,ZN,bond,APPENDIX_C_172_004,10-year US,ZNH5,42281,2014-12-17,PROVIDER_CONDITION_AVAILABLE,-4.0,126.90625,122.90625,DEV_RECON_LOCAL_BACK_ADJUSTED_DATED_CONTRACT_CHAIN,2014-12-17T00:00:00Z,127.765625,127.84375,126.84375,1236464.0,123.765625,123.84375,122.84375,1236464.0
SOURCE_NATIVE_FUTURES,ZN,bond,APPENDIX_C_172_004,10-year US,ZNH5,42281,2014-12-18,PROVIDER_CONDITION_AVAILABLE,-4.0,126.4375,122.4375,DEV_RECON_LOCAL_BACK_ADJUSTED_DATED_CONTRACT_CHAIN,2014-12-18T00:00:00Z,126.90625,127.234375,126.3125,1146175.0,122.90625,123.234375,122.3125,1146175.0
SOURCE_NATIVE_FUTURES,ZN,bond,APPENDIX_C_172_004,10-year US,ZNH5,42281,2014-12-19,PROVIDER_CONDITION_AVAILABLE,-4.0,126.703125,122.703125,DEV_RECON_LOCAL_BACK_ADJUSTED_DATED_CONTRACT_CHAIN,2014-12-19T00:00:00Z,126.4375,126.78125,126.28125,744099.0,122.4375,122.78125,122.28125,744099.0
SOURCE_NATIVE_FUTURES,ZN,bond,APPENDIX_C_172_004,10-year US,ZNH5,42281,2014-12-21,PROVIDER_CONDITION_AVAILABLE,-4.0,126.6875,122.6875,DEV_RECON_LOCAL_BACK_ADJUSTED_DATED_CONTRACT_CHAIN,2014-12-21T00:00:00Z,126.6875,126.703125,126.640625,1329.0,122.6875,122.703125,122.640625,1329.0
SOURCE_NATIVE_FUTURES,ZN,bond,APPENDIX_C_172_004,10-year US,ZNH5,42281,2014-12-22,PROVIDER_CONDITION_AVAILABLE,-4.0,126.6875,122.6875,DEV_RECON_LOCAL_BACK_ADJUSTED_DATED_CONTRACT_CHAIN,2014-12-22T00:00:00Z,126.6875,126.828125,126.515625,398034.0,122.6875,122.828125,122.515625,398034.0
SOURCE_NATIVE_FUTURES,ZN,bond,APPENDIX_C_172_004,10-year US,ZNH5,42281,2014-12-23,PROVIDER_CONDITION_AVAILABLE,-4.0,126.0,122.0,DEV_RECON_LOCAL_BACK_ADJUSTED_DATED_CONTRACT_CHAIN,2014-12-23T00:00:00Z,126.6875,126.796875,125.90625,531589.0,122.6875,122.796875,121.90625,531589.0
SOURCE_NATIVE_FUTURES,ZN,bond,APPENDIX_C_172_004,10-year US,ZNH5,42281,2014-12-24,PROVIDER_CONDITION_AVAILABLE,-4.0,125.984375,121.984375,DEV_RECON_LOCAL_BACK_ADJUSTED_DATED_CONTRACT_CHAIN,2014-12-24T00:00:00Z,126.0,126.1875,125.65625,293381.0,122.0,122.1875,121.65625,293381.0
SOURCE_NATIVE_FUTURES,ZN,bond,APPENDIX_C_172_004,10-year US,ZNH5,42281,2014-12-25,PROVIDER_CONDITION_AVAILABLE,-4.0,125.984375,121.984375,DEV_RECON_LOCAL_BACK_ADJUSTED_DATED_CONTRACT_CHAIN,2014-12-25T00:00:00Z,125.984375,126.0,125.953125,1194.0,121.984375,122.0,121.953125,1194.0
SOURCE_NATIVE_FUTURES,ZN,bond,APPENDIX_C_172_004,10-year US,ZNH5,42281,2014-12-26,PROVIDER_CONDITION_AVAILABLE,-4.0,126.0,122.0,DEV_RECON_LOCAL_BACK_ADJUSTED_DATED_CONTRACT_CHAIN,2014-12-26T00:00:00Z,125.984375,126.109375,125.921875,121143.0,121.984375,122.109375,121.921875,121143.0
SOURCE_NATIVE_FUTURES,ZN,bond,APPENDIX_C_172_004,10-year US,ZNH5,42281,2014-12-28,PROVIDER_CONDITION_AVAILABLE,-4.0,126.046875,122.046875,DEV_RECON_LOCAL_BACK_ADJUSTED_DATED_CONTRACT_CHAIN,2014-12-28T00:00:00Z,126.0,126.046875,125.96875,4805.0,122.0,122.046875,121.96875,4805.0
SOURCE_NATIVE_FUTURES,ZN,bond,APPENDIX_C_172_004,10-year US,ZNH5,42281,2014-12-29,PROVIDER_CONDITION_AVAILABLE,-4.0,126.421875,122.421875,DEV_RECON_LOCAL_BACK_ADJUSTED_DATED_CONTRACT_CHAIN,2014-12-29T00:00:00Z,126.03125,126.484375,125.96875,387370.0,122.03125,122.484375,121.96875,387370.0
SOURCE_NATIVE_FUTURES,ZN,bond,APPENDIX_C_172_004,10-year US,ZNH5,42281,2014-12-30,PROVIDER_CONDITION_AVAILABLE,-4.0,126.59375,122.59375,DEV_RECON_LOCAL_BACK_ADJUSTED_DATED_CONTRACT_CHAIN,2014-12-30T00:00:00Z,126.421875,126.75,126.390625,381251.0,122.421875,122.75,122.390625,381251.0
SOURCE_NATIVE_FUTURES,ZN,bond,APPENDIX_C_172_004,10-year US,ZNH5,42281,2015-01-01,PROVIDER_CONDITION_AVAILABLE,-4.0,126.59375,122.59375,DEV_RECON_LOCAL_BACK_ADJUSTED_DATED_CONTRACT_CHAIN,2015-01-01T00:00:00Z,126.609375,126.6875,126.59375,3361.0,122.609375,122.6875,122.59375,3361.0
SOURCE_NATIVE_FUTURES,ZN,bond,APPENDIX_C_172_004,10-year US,ZNH5,42281,2015-01-02,PROVIDER_CONDITION_AVAILABLE,-4.0,127.25,123.25,DEV_RECON_LOCAL_BACK_ADJUSTED_DATED_CONTRACT_CHAIN,2015-01-02T00:00:00Z,126.59375,127.328125,126.40625,734463.0,122.59375,123.328125,122.40625,734463.0
SOURCE_NATIVE_FUTURES,ZN,bond,APPENDIX_C_172_004,10-year US,ZNH5,42281,2015-01-04,PROVIDER_CONDITION_AVAILABLE,-4.0,127.34375,123.34375,DEV_RECON_LOCAL_BACK_ADJUSTED_DATED_CONTRACT_CHAIN,2015-01-04T00:00:00Z,127.15625,127.375,127.15625,10975.0,123.15625,123.375,123.15625,10975.0
SOURCE_NATIVE_FUTURES,ZN,bond,APPENDIX_C_172_004,10-year US,ZNH5,42281,2015-01-05,PROVIDER_CONDITION_AVAILABLE,-4.0,127.765625,123.765625,DEV_RECON_LOCAL_BACK_ADJUSTED_DATED_CONTRACT_CHAIN,2015-01-05T00:00:00Z,127.34375,127.84375,127.046875,850577.0,123.34375,123.84375,123.046875,850577.0
SOURCE_NATIVE_FUTURES,ZN,bond,APPENDIX_C_172_004,10-year US,ZNH5,42281,2015-01-06,PROVIDER_CONDITION_AVAILABLE,-4.0,128.5,124.5,DEV_RECON_LOCAL_BACK_ADJUSTED_DATED_CONTRACT_CHAIN,2015-01-06T00:00:00Z,127.765625,129.109375,127.75,1652876.0,123.765625,125.109375,123.75,1652876.0
SOURCE_NATIVE_FUTURES,ZN,bond,APPENDIX_C_172_004,10-year US,ZNH5,42281,2015-01-07,PROVIDER_CONDITION_AVAILABLE,-4.0,128.3125,124.3125,DEV_RECON_LOCAL_BACK_ADJUSTED_DATED_CONTRACT_CHAIN,2015-01-07T00:00:00Z,128.5,128.6875,128.015625,1414215.0,124.5,124.6875,124.015625,1414215.0
SOURCE_NATIVE_FUTURES,ZN,bond,APPENDIX_C_172_004,10-year US,ZNH5,42281,2015-01-08,PROVIDER_CONDITION_AVAILABLE,-4.0,128.125,124.125,DEV_RECON_LOCAL_BACK_ADJUSTED_DATED_CONTRACT_CHAIN,2015-01-08T00:00:00Z,128.3125,128.375,127.96875,904556.0,124.3125,124.375,123.96875,904556.0
SOURCE_NATIVE_FUTURES,ZN,bond,APPENDIX_C_172_004,10-year US,ZNH5,42281,2015-01-09,PROVIDER_CONDITION_AVAILABLE,-4.0,128.75,124.75,DEV_RECON_LOCAL_BACK_ADJUSTED_DATED_CONTRACT_CHAIN,2015-01-09T00:00:00Z,128.125,128.84375,128.0625,1407672.0,124.125,124.84375,124.0625,1407672.0
SOURCE_NATIVE_FUTURES,ZN,bond,APPENDIX_C_172_004,10-year US,ZNH5,42281,2015-01-11,PROVIDER_CONDITION_AVAILABLE,-4.0,128.8125,124.8125,DEV_RECON_LOCAL_BACK_ADJUSTED_DATED_CONTRACT_CHAIN,2015-01-11T00:00:00Z,128.78125,128.828125,128.71875,4780.0,124.78125,124.828125,124.71875,4780.0
SOURCE_NATIVE_FUTURES,ZN,bond,APPENDIX_C_172_004,10-year US,ZNH5,42281,2015-01-12,PROVIDER_CONDITION_AVAILABLE,-4.0,129.140625,125.140625,DEV_RECON_LOCAL_BACK_ADJUSTED_DATED_CONTRACT_CHAIN,2015-01-12T00:00:00Z,128.8125,129.15625,128.53125,795864.0,124.8125,125.15625,124.53125,795864.0
SOURCE_NATIVE_FUTURES,ZN,bond,APPENDIX_C_172_004,10-year US,ZNH5,42281,2015-01-13,PROVIDER_CONDITION_AVAILABLE,-4.0,129.21875,125.21875,DEV_RECON_LOCAL_BACK_ADJUSTED_DATED_CONTRACT_CHAIN,2015-01-13T00:00:00Z,129.140625,129.546875,128.84375,1587923.0,125.140625,125.546875,124.84375,1587923.0
SOURCE_NATIVE_FUTURES,ZN,bond,APPENDIX_C_172_004,10-year US,ZNH5,42281,2015-01-14,PROVIDER_CONDITION_AVAILABLE,-4.0,129.578125,125.578125,DEV_RECON_LOCAL_BACK_ADJUSTED_DATED_CONTRACT_CHAIN,2015-01-14T00:00:00Z,129.21875,130.234375,129.21875,1908151.0,125.21875,126.234375,125.21875,1908151.0
SOURCE_NATIVE_FUTURES,ZN,bond,APPENDIX_C_172_004,10-year US,ZNH5,42281,2015-01-15,PROVIDER_CONDITION_AVAILABLE,-4.0,130.8125,126.8125,DEV_RECON_LOCAL_BACK_ADJUSTED_DATED_CONTRACT_CHAIN,2015-01-15T00:00:00Z,129.5625,130.9375,129.203125,1819901.0,125.5625,126.9375,125.203125,1819901.0
SOURCE_NATIVE_FUTURES,ZN,bond,APPENDIX_C_172_004,10-year US,ZNH5,42281,2015-01-16,PROVIDER_CONDITION_AVAILABLE,-4.0,129.78125,125.78125,DEV_RECON_LOCAL_BACK_ADJUSTED_DATED_CONTRACT_CHAIN,2015-01-16T00:00:00Z,130.8125,130.9375,129.734375,1544150.0,126.8125,126.9375,125.734375,1544150.0
SOURCE_NATIVE_FUTURES,ZN,bond,APPENDIX_C_172_004,10-year US,ZNH5,42281,2015-01-18,PROVIDER_CONDITION_AVAILABLE,-4.0,129.828125,125.828125,DEV_RECON_LOCAL_BACK_ADJUSTED_DATED_CONTRACT_CHAIN,2015-01-18T00:00:00Z,129.8125,129.84375,129.796875,4339.0,125.8125,125.84375,125.796875,4339.0
SOURCE_NATIVE_FUTURES,ZN,bond,APPENDIX_C_172_004,10-year US,ZNH5,42281,2015-01-19,PROVIDER_CONDITION_AVAILABLE,-4.0,130.03125,126.03125,DEV_RECON_LOCAL_BACK_ADJUSTED_DATED_CONTRACT_CHAIN,2015-01-19T00:00:00Z,129.828125,130.171875,129.703125,126779.0,125.828125,126.171875,125.703125,126779.0
SOURCE_NATIVE_FUTURES,ZN,bond,APPENDIX_C_172_004,10-year US,ZNH5,42281,2015-01-20,PROVIDER_CONDITION_AVAILABLE,-4.0,129.921875,125.921875,DEV_RECON_LOCAL_BACK_ADJUSTED_DATED_CONTRACT_CHAIN,2015-01-20T00:00:00Z,130.03125,130.34375,129.65625,1172276.0,126.03125,126.34375,125.65625,1172276.0
SOURCE_NATIVE_FUTURES,ZN,bond,APPENDIX_C_172_004,10-year US,ZNH5,42281,2015-01-21,PROVIDER_CONDITION_AVAILABLE,-4.0,129.359375,125.359375,DEV_RECON_LOCAL_BACK_ADJUSTED_DATED_CONTRACT_CHAIN,2015-01-21T00:00:00Z,129.9375,130.140625,129.28125,1479923.0,125.9375,126.140625,125.28125,1479923.0
SOURCE_NATIVE_FUTURES,ZN,bond,APPENDIX_C_172_004,10-year US,ZNH5,42281,2015-01-22,PROVIDER_CONDITION_AVAILABLE,-4.0,129.21875,125.21875,DEV_RECON_LOCAL_BACK_ADJUSTED_DATED_CONTRACT_CHAIN,2015-01-22T00:00:00Z,129.359375,129.84375,128.734375,1633073.0,125.359375,125.84375,124.734375,1633073.0
SOURCE_NATIVE_FUTURES,ZN,bond,APPENDIX_C_172_004,10-year US,ZNH5,42281,2015-01-23,PROVIDER_CONDITION_AVAILABLE,-4.0,129.828125,125.828125,DEV_RECON_LOCAL_BACK_ADJUSTED_DATED_CONTRACT_CHAIN,2015-01-23T00:00:00Z,129.234375,130.015625,129.21875,1123636.0,125.234375,126.015625,125.21875,1123636.0
SOURCE_NATIVE_FUTURES,ZN,bond,APPENDIX_C_172_004,10-year US,ZNH5,42281,2015-01-25,PROVIDER_CONDITION_AVAILABLE,-4.0,130.09375,126.09375,DEV_RECON_LOCAL_BACK_ADJUSTED_DATED_CONTRACT_CHAIN,2015-01-25T00:00:00Z,130.0,130.125,129.953125,18826.0,126.0,126.125,125.953125,18826.0
SOURCE_NATIVE_FUTURES,ZN,bond,APPENDIX_C_172_004,10-year US,ZNH5,42281,2015-01-26,PROVIDER_CONDITION_AVAILABLE,-4.0,129.53125,125.53125,DEV_RECON_LOCAL_BACK_ADJUSTED_DATED_CONTRACT_CHAIN,2015-01-26T00:00:00Z,130.078125,130.1875,129.375,853929.0,126.078125,126.1875,125.375,853929.0
SOURCE_NATIVE_FUTURES,ZN,bond,APPENDIX_C_172_004,10-year US,ZNH5,42281,2015-01-27,PROVIDER_CONDITION_AVAILABLE,-4.0,129.640625,125.640625,DEV_RECON_LOCAL_BACK_ADJUSTED_DATED_CONTRACT_CHAIN,2015-01-27T00:00:00Z,129.53125,130.171875,129.5,1127860.0,125.53125,126.171875,125.5,1127860.0
SOURCE_NATIVE_FUTURES,ZN,bond,APPENDIX_C_172_004,10-year US,ZNH5,42281,2015-01-28,PROVIDER_CONDITION_AVAILABLE,-4.0,130.421875,126.421875,DEV_RECON_LOCAL_BACK_ADJUSTED_DATED_CONTRACT_CHAIN,2015-01-28T00:00:00Z,129.640625,130.625,129.5,1230716.0,125.640625,126.625,125.5,1230716.0
SOURCE_NATIVE_FUTURES,ZN,bond,APPENDIX_C_172_004,10-year US,ZNH5,42281,2015-01-29,PROVIDER_CONDITION_AVAILABLE,-4.0,130.140625,126.140625,DEV_RECON_LOCAL_BACK_ADJUSTED_DATED_CONTRACT_CHAIN,2015-01-29T00:00:00Z,130.4375,130.53125,129.90625,1230821.0,126.4375,126.53125,125.90625,1230821.0
SOURCE_NATIVE_FUTURES,ZN,bond,APPENDIX_C_172_004,10-year US,ZNH5,42281,2015-01-30,PROVIDER_CONDITION_AVAILABLE,-4.0,131.109375,127.109375,DEV_RECON_LOCAL_BACK_ADJUSTED_DATED_CONTRACT_CHAIN,2015-01-30T00:00:00Z,130.125,131.171875,130.125,1619202.0,126.125,127.171875,126.125,1619202.0
SOURCE_NATIVE_FUTURES,ZN,bond,APPENDIX_C_172_004,10-year US,ZNH5,42281,2015-02-01,PROVIDER_CONDITION_AVAILABLE,-4.0,131.015625,127.015625,DEV_RECON_LOCAL_BACK_ADJUSTED_DATED_CONTRACT_CHAIN,2015-02-01T00:00:00Z,131.046875,131.109375,131.0,8914.0,127.046875,127.109375,127.0,8914.0
SOURCE_NATIVE_FUTURES,ZN,bond,APPENDIX_C_172_004,10-year US,ZNH5,42281,2015-02-02,PROVIDER_CONDITION_AVAILABLE,-4.0,130.90625,126.90625,DEV_RECON_LOCAL_BACK_ADJUSTED_DATED_CONTRACT_CHAIN,2015-02-02T00:00:00Z,131.015625,131.078125,130.5625,1217131.0,127.015625,127.078125,126.5625,1217131.0
SOURCE_NATIVE_FUTURES,ZN,bond,APPENDIX_C_172_004,10-year US,ZNH5,42281,2015-02-03,PROVIDER_CONDITION_AVAILABLE,-4.0,130.0,126.0,DEV_RECON_LOCAL_BACK_ADJUSTED_DATED_CONTRACT_CHAIN,2015-02-03T00:00:00Z,130.90625,131.046875,129.890625,1307410.0,126.90625,127.046875,125.890625,1307410.0
SOURCE_NATIVE_FUTURES,ZN,bond,APPENDIX_C_172_004,10-year US,ZNH5,42281,2015-02-04,PROVIDER_CONDITION_AVAILABLE,-4.0,130.515625,126.515625,DEV_RECON_LOCAL_BACK_ADJUSTED_DATED_CONTRACT_CHAIN,2015-02-04T00:00:00Z,130.0,130.53125,129.578125,1506013.0,126.0,126.53125,125.578125,1506013.0
SOURCE_NATIVE_FUTURES,ZN,bond,APPENDIX_C_172_004,10-year US,ZNH5,42281,2015-02-05,PROVIDER_CONDITION_AVAILABLE,-4.0,129.859375,125.859375,DEV_RECON_LOCAL_BACK_ADJUSTED_DATED_CONTRACT_CHAIN,2015-02-05T00:00:00Z,130.5,130.625,129.65625,1130270.0,126.5,126.625,125.65625,1130270.0
SOURCE_NATIVE_FUTURES,ZN,bond,APPENDIX_C_172_004,10-year US,ZNH5,42281,2015-02-06,PROVIDER_CONDITION_AVAILABLE,-4.0,128.546875,124.546875,DEV_RECON_LOCAL_BACK_ADJUSTED_DATED_CONTRACT_CHAIN,2015-02-06T00:00:00Z,129.859375,130.359375,128.46875,1754988.0,125.859375,126.359375,124.46875,1754988.0
SOURCE_NATIVE_FUTURES,ZN,bond,APPENDIX_C_172_004,10-year US,ZNH5,42281,2015-02-08,PROVIDER_CONDITION_AVAILABLE,-4.0,128.6875,124.6875,DEV_RECON_LOCAL_BACK_ADJUSTED_DATED_CONTRACT_CHAIN,2015-02-08T00:00:00Z,128.609375,128.734375,128.59375,13984.0,124.609375,124.734375,124.59375,13984.0
SOURCE_NATIVE_FUTURES,ZN,bond,APPENDIX_C_172_004,10-year US,ZNH5,42281,2015-02-09,PROVIDER_CONDITION_AVAILABLE,-4.0,128.484375,124.484375,DEV_RECON_LOCAL_BACK_ADJUSTED_DATED_CONTRACT_CHAIN,2015-02-09T00:00:00Z,128.6875,129.109375,128.34375,1086792.0,124.6875,125.109375,124.34375,1086792.0
SOURCE_NATIVE_FUTURES,ZN,bond,APPENDIX_C_172_004,10-year US,ZNH5,42281,2015-02-10,PROVIDER_CONDITION_AVAILABLE,-4.0,128.34375,124.34375,DEV_RECON_LOCAL_BACK_ADJUSTED_DATED_CONTRACT_CHAIN,2015-02-10T00:00:00Z,128.5,128.5625,128.125,1211629.0,124.5,124.5625,124.125,1211629.0
SOURCE_NATIVE_FUTURES,ZN,bond,APPENDIX_C_172_004,10-year US,ZNH5,42281,2015-02-11,PROVIDER_CONDITION_AVAILABLE,-4.0,128.25,124.25,DEV_RECON_LOCAL_BACK_ADJUSTED_DATED_CONTRACT_CHAIN,2015-02-11T00:00:00Z,128.34375,128.59375,128.0,1068343.0,124.34375,124.59375,124.0,1068343.0
SOURCE_NATIVE_FUTURES,ZN,bond,APPENDIX_C_172_004,10-year US,ZNH5,42281,2015-02-12,PROVIDER_CONDITION_AVAILABLE,-4.0,128.453125,124.453125,DEV_RECON_LOCAL_BACK_ADJUSTED_DATED_CONTRACT_CHAIN,2015-02-12T00:00:00Z,128.234375,128.59375,127.859375,1392596.0,124.234375,124.59375,123.859375,1392596.0
SOURCE_NATIVE_FUTURES,ZN,bond,APPENDIX_C_172_004,10-year US,ZNH5,42281,2015-02-13,PROVIDER_CONDITION_AVAILABLE,-4.0,128.078125,124.078125,DEV_RECON_LOCAL_BACK_ADJUSTED_DATED_CONTRACT_CHAIN,2015-02-13T00:00:00Z,128.4375,128.5,128.046875,852234.0,124.4375,124.5,124.046875,852234.0
SOURCE_NATIVE_FUTURES,ZN,bond,APPENDIX_C_172_004,10-year US,ZNH5,42281,2015-02-15,PROVIDER_CONDITION_AVAILABLE,-4.0,127.921875,123.921875,DEV_RECON_LOCAL_BACK_ADJUSTED_DATED_CONTRACT_CHAIN,2015-02-15T00:00:00Z,128.046875,128.0625,127.90625,10153.0,124.046875,124.0625,123.90625,10153.0
SOURCE_NATIVE_FUTURES,ZN,bond,APPENDIX_C_172_004,10-year US,ZNM5,752340,2015-02-16,PROVIDER_CONDITION_AVAILABLE,-3.3125,127.65625,124.34375,DEV_RECON_LOCAL_BACK_ADJUSTED_DATED_CONTRACT_CHAIN,2015-02-16T00:00:00Z,127.3125,127.734375,127.234375,2000.0,124.0,124.421875,123.921875,2000.0
SOURCE_NATIVE_FUTURES,ZN,bond,APPENDIX_C_172_004,10-year US,ZNM5,752340,2015-02-17,PROVIDER_CONDITION_AVAILABLE,-3.3125,126.65625,123.34375,DEV_RECON_LOCAL_BACK_ADJUSTED_DATED_CONTRACT_CHAIN,2015-02-17T00:00:00Z,127.71875,127.78125,126.4375,10538.0,124.40625,124.46875,123.125,10538.0
SOURCE_NATIVE_FUTURES,ZN,bond,APPENDIX_C_172_004,10-year US,ZNM5,752340,2015-02-18,PROVIDER_CONDITION_AVAILABLE,-3.3125,127.296875,123.984375,DEV_RECON_LOCAL_BACK_ADJUSTED_DATED_CONTRACT_CHAIN,2015-02-18T00:00:00Z,126.6875,127.546875,126.375,11142.0,123.375,124.234375,123.0625,11142.0
SOURCE_NATIVE_FUTURES,ZN,bond,APPENDIX_C_172_004,10-year US,ZNM5,752340,2015-02-19,PROVIDER_CONDITION_AVAILABLE,-3.3125,126.84375,123.53125,DEV_RECON_LOCAL_BACK_ADJUSTED_DATED_CONTRACT_CHAIN,2015-02-19T00:00:00Z,127.3125,127.53125,126.78125,10291.0,124.0,124.21875,123.46875,10291.0
SOURCE_NATIVE_FUTURES,ZN,bond,APPENDIX_C_172_004,10-year US,ZNM5,752340,2015-02-20,PROVIDER_CONDITION_AVAILABLE,-3.3125,126.875,123.5625,DEV_RECON_LOCAL_BACK_ADJUSTED_DATED_CONTRACT_CHAIN,2015-02-20T00:00:00Z,126.828125,127.515625,126.625,43195.0,123.515625,124.203125,123.3125,43195.0
SOURCE_NATIVE_FUTURES,ZN,bond,APPENDIX_C_172_004,10-year US,ZNM5,752340,2015-02-22,PROVIDER_CONDITION_AVAILABLE,-3.3125,126.828125,123.515625,DEV_RECON_LOCAL_BACK_ADJUSTED_DATED_CONTRACT_CHAIN,2015-02-22T00:00:00Z,126.8125,126.84375,126.765625,22.0,123.5,123.53125,123.453125,22.0
SOURCE_NATIVE_FUTURES,ZN,bond,APPENDIX_C_172_004,10-year US,ZNM5,752340,2015-02-23,PROVIDER_CONDITION_AVAILABLE,-3.3125,127.296875,123.984375,DEV_RECON_LOCAL_BACK_ADJUSTED_DATED_CONTRACT_CHAIN,2015-02-23T00:00:00Z,126.859375,127.375,126.734375,100543.0,123.546875,124.0625,123.421875,100543.0
SOURCE_NATIVE_FUTURES,ZN,bond,APPENDIX_C_172_004,10-year US,ZNM5,752340,2015-02-24,PROVIDER_CONDITION_AVAILABLE,-3.3125,128.03125,124.71875,DEV_RECON_LOCAL_BACK_ADJUSTED_DATED_CONTRACT_CHAIN,2015-02-24T00:00:00Z,127.28125,128.140625,126.890625,286054.0,123.96875,124.828125,123.578125,286054.0
SOURCE_NATIVE_FUTURES,ZN,bond,APPENDIX_C_172_004,10-year US,ZNM5,752340,2015-02-25,PROVIDER_CONDITION_AVAILABLE,-3.3125,128.09375,124.78125,DEV_RECON_LOCAL_BACK_ADJUSTED_DATED_CONTRACT_CHAIN,2015-02-25T00:00:00Z,128.03125,128.25,127.890625,399270.0,124.71875,124.9375,124.578125,399270.0
SOURCE_NATIVE_FUTURES,ZN,bond,APPENDIX_C_172_004,10-year US,ZNM5,752340,2015-02-26,PROVIDER_CONDITION_AVAILABLE,-3.3125,127.609375,124.296875,DEV_RECON_LOCAL_BACK_ADJUSTED_DATED_CONTRACT_CHAIN,2015-02-26T00:00:00Z,128.09375,128.390625,127.453125,764523.0,124.78125,125.078125,124.140625,764523.0
SOURCE_NATIVE_FUTURES,ZN,bond,APPENDIX_C_172_004,10-year US,ZNM5,752340,2015-02-27,PROVIDER_CONDITION_AVAILABLE,-3.3125,127.8125,124.5,DEV_RECON_LOCAL_BACK_ADJUSTED_DATED_CONTRACT_CHAIN,2015-02-27T00:00:00Z,127.609375,127.859375,127.359375,1139116.0,124.296875,124.546875,124.046875,1139116.0
SOURCE_NATIVE_FUTURES,ZN,bond,APPENDIX_C_172_004,10-year US,ZNM5,752340,2015-03-01,PROVIDER_CONDITION_AVAILABLE,-3.3125,127.71875,124.40625,DEV_RECON_LOCAL_BACK_ADJUSTED_DATED_CONTRACT_CHAIN,2015-03-01T00:00:00Z,127.796875,127.8125,127.6875,7802.0,124.484375,124.5,124.375,7802.0
SOURCE_NATIVE_FUTURES,ZN,bond,APPENDIX_C_172_004,10-year US,ZNM5,752340,2015-03-02,PROVIDER_CONDITION_AVAILABLE,-3.3125,127.140625,123.828125,DEV_RECON_LOCAL_BACK_ADJUSTED_DATED_CONTRACT_CHAIN,2015-03-02T00:00:00Z,127.71875,127.875,127.046875,1050922.0,124.40625,124.5625,123.734375,1050922.0
SOURCE_NATIVE_FUTURES,ZN,bond,APPENDIX_C_172_004,10-year US,ZNM5,752340,2015-03-03,PROVIDER_CONDITION_AVAILABLE,-3.3125,126.859375,123.546875,DEV_RECON_LOCAL_BACK_ADJUSTED_DATED_CONTRACT_CHAIN,2015-03-03T00:00:00Z,127.140625,127.234375,126.765625,1138453.0,123.828125,123.921875,123.453125,1138453.0
SOURCE_NATIVE_FUTURES,ZN,bond,APPENDIX_C_172_004,10-year US,ZNM5,752340,2015-03-04,PROVIDER_CONDITION_AVAILABLE,-3.3125,127.03125,123.71875,DEV_RECON_LOCAL_BACK_ADJUSTED_DATED_CONTRACT_CHAIN,2015-03-04T00:00:00Z,126.859375,127.109375,126.71875,894705.0,123.546875,123.796875,123.40625,894705.0
SOURCE_NATIVE_FUTURES,ZN,bond,APPENDIX_C_172_004,10-year US,ZNM5,752340,2015-03-05,PROVIDER_CONDITION_AVAILABLE,-3.3125,127.015625,123.703125,DEV_RECON_LOCAL_BACK_ADJUSTED_DATED_CONTRACT_CHAIN,2015-03-05T00:00:00Z,127.03125,127.1875,126.734375,992531.0,123.71875,123.875,123.421875,992531.0
SOURCE_NATIVE_FUTURES,ZN,bond,APPENDIX_C_172_004,10-year US,ZNM5,752340,2015-03-06,PROVIDER_CONDITION_AVAILABLE,-3.3125,126.046875,122.734375,DEV_RECON_LOCAL_BACK_ADJUSTED_DATED_CONTRACT_CHAIN,2015-03-06T00:00:00Z,127.015625,127.5,125.921875,1649156.0,123.703125,124.1875,122.609375,1649156.0
SOURCE_NATIVE_FUTURES,ZN,bond,APPENDIX_C_172_004,10-year US,ZNM5,752340,2015-03-08,PROVIDER_CONDITION_AVAILABLE,-3.3125,125.96875,122.65625,DEV_RECON_LOCAL_BACK_ADJUSTED_DATED_CONTRACT_CHAIN,2015-03-08T00:00:00Z,126.078125,126.078125,125.953125,10515.0,122.765625,122.765625,122.640625,10515.0
SOURCE_NATIVE_FUTURES,ZN,bond,APPENDIX_C_172_004,10-year US,ZNM5,752340,2015-03-09,PROVIDER_CONDITION_AVAILABLE,-3.3125,126.390625,123.078125,DEV_RECON_LOCAL_BACK_ADJUSTED_DATED_CONTRACT_CHAIN,2015-03-09T00:00:00Z,125.96875,126.5,125.96875,934231.0,122.65625,123.1875,122.65625,934231.0
SOURCE_NATIVE_FUTURES,ZN,bond,APPENDIX_C_172_004,10-year US,ZNM5,752340,2015-03-10,PROVIDER_CONDITION_AVAILABLE,-3.3125,126.921875,123.609375,DEV_RECON_LOCAL_BACK_ADJUSTED_DATED_CONTRACT_CHAIN,2015-03-10T00:00:00Z,126.390625,127.078125,126.28125,1294902.0,123.078125,123.765625,122.96875,1294902.0
SOURCE_NATIVE_FUTURES,ZN,bond,APPENDIX_C_172_004,10-year US,ZNM5,752340,2015-03-11,PROVIDER_CONDITION_AVAILABLE,-3.3125,127.046875,123.734375,DEV_RECON_LOCAL_BACK_ADJUSTED_DATED_CONTRACT_CHAIN,2015-03-11T00:00:00Z,126.90625,127.171875,126.625,1140544.0,123.59375,123.859375,123.3125,1140544.0
SOURCE_NATIVE_FUTURES,ZN,bond,APPENDIX_C_172_004,10-year US,ZNM5,752340,2015-03-12,PROVIDER_CONDITION_AVAILABLE,-3.3125,127.0625,123.75,DEV_RECON_LOCAL_BACK_ADJUSTED_DATED_CONTRACT_CHAIN,2015-03-12T00:00:00Z,127.046875,127.671875,126.890625,1405467.0,123.734375,124.359375,123.578125,1405467.0
SOURCE_NATIVE_FUTURES,ZN,bond,APPENDIX_C_172_004,10-year US,ZNM5,752340,2015-03-13,PROVIDER_CONDITION_AVAILABLE,-3.3125,127.078125,123.765625,DEV_RECON_LOCAL_BACK_ADJUSTED_DATED_CONTRACT_CHAIN,2015-03-13T00:00:00Z,127.046875,127.375,126.78125,967177.0,123.734375,124.0625,123.46875,967177.0
SOURCE_NATIVE_FUTURES,ZN,bond,APPENDIX_C_172_004,10-year US,ZNM5,752340,2015-03-15,PROVIDER_CONDITION_AVAILABLE,-3.3125,127.15625,123.84375,DEV_RECON_LOCAL_BACK_ADJUSTED_DATED_CONTRACT_CHAIN,2015-03-15T00:00:00Z,127.078125,127.171875,127.046875,4430.0,123.765625,123.859375,123.734375,4430.0
SOURCE_NATIVE_FUTURES,ZN,bond,APPENDIX_C_172_004,10-year US,ZNM5,752340,2015-03-16,PROVIDER_CONDITION_AVAILABLE,-3.3125,127.3125,124.0,DEV_RECON_LOCAL_BACK_ADJUSTED_DATED_CONTRACT_CHAIN,2015-03-16T00:00:00Z,127.15625,127.515625,127.109375,712725.0,123.84375,124.203125,123.796875,712725.0
SOURCE_NATIVE_FUTURES,ZN,bond,APPENDIX_C_172_004,10-year US,ZNM5,752340,2015-03-17,PROVIDER_CONDITION_AVAILABLE,-3.3125,127.5,124.1875,DEV_RECON_LOCAL_BACK_ADJUSTED_DATED_CONTRACT_CHAIN,2015-03-17T00:00:00Z,127.3125,127.703125,127.3125,749634.0,124.0,124.390625,124.0,749634.0
SOURCE_NATIVE_FUTURES,ZN,bond,APPENDIX_C_172_004,10-year US,ZNM5,752340,2015-03-18,PROVIDER_CONDITION_AVAILABLE,-3.3125,128.84375,125.53125,DEV_RECON_LOCAL_BACK_ADJUSTED_DATED_CONTRACT_CHAIN,2015-03-18T00:00:00Z,127.5,128.953125,127.5,1342758.0,124.1875,125.640625,124.1875,1342758.0
SOURCE_NATIVE_FUTURES,ZN,bond,APPENDIX_C_172_004,10-year US,ZNM5,752340,2015-03-19,PROVIDER_CONDITION_AVAILABLE,-3.3125,128.34375,125.03125,DEV_RECON_LOCAL_BACK_ADJUSTED_DATED_CONTRACT_CHAIN,2015-03-19T00:00:00Z,128.84375,129.015625,128.078125,1266577.0,125.53125,125.703125,124.765625,1266577.0
SOURCE_NATIVE_FUTURES,ZN,bond,APPENDIX_C_172_004,10-year US,ZNM5,752340,2015-03-20,PROVIDER_CONDITION_AVAILABLE,-3.3125,128.671875,125.359375,DEV_RECON_LOCAL_BACK_ADJUSTED_DATED_CONTRACT_CHAIN,2015-03-20T00:00:00Z,128.359375,128.765625,128.25,749835.0,125.046875,125.453125,124.9375,749835.0
SOURCE_NATIVE_FUTURES,ZN,bond,APPENDIX_C_172_004,10-year US,ZNM5,752340,2015-03-22,PROVIDER_CONDITION_AVAILABLE,-3.3125,128.75,125.4375,DEV_RECON_LOCAL_BACK_ADJUSTED_DATED_CONTRACT_CHAIN,2015-03-22T00:00:00Z,128.6875,128.765625,128.6875,5666.0,125.375,125.453125,125.375,5666.0
SOURCE_NATIVE_FUTURES,ZN,bond,APPENDIX_C_172_004,10-year US,ZNM5,752340,2015-03-23,PROVIDER_CONDITION_AVAILABLE,-3.3125,128.828125,125.515625,DEV_RECON_LOCAL_BACK_ADJUSTED_DATED_CONTRACT_CHAIN,2015-03-23T00:00:00Z,128.75,128.9375,128.609375,724349.0,125.4375,125.625,125.296875,724349.0
SOURCE_NATIVE_FUTURES,ZN,bond,APPENDIX_C_172_004,10-year US,ZNM5,752340,2015-03-24,PROVIDER_CONDITION_AVAILABLE,-3.3125,129.140625,125.828125,DEV_RECON_LOCAL_BACK_ADJUSTED_DATED_CONTRACT_CHAIN,2015-03-24T00:00:00Z,128.8125,129.21875,128.75,939517.0,125.5,125.90625,125.4375,939517.0
SOURCE_NATIVE_FUTURES,ZN,bond,APPENDIX_C_172_004,10-year US,ZNM5,752340,2015-03-25,PROVIDER_CONDITION_AVAILABLE,-3.3125,128.765625,125.453125,DEV_RECON_LOCAL_BACK_ADJUSTED_DATED_CONTRACT_CHAIN,2015-03-25T00:00:00Z,129.140625,129.390625,128.6875,977537.0,125.828125,126.078125,125.375,977537.0
SOURCE_NATIVE_FUTURES,ZN,bond,APPENDIX_C_172_004,10-year US,ZNM5,752340,2015-03-26,PROVIDER_CONDITION_AVAILABLE,-3.3125,128.3125,125.0,DEV_RECON_LOCAL_BACK_ADJUSTED_DATED_CONTRACT_CHAIN,2015-03-26T00:00:00Z,128.765625,129.0625,128.171875,1291476.0,125.453125,125.75,124.859375,1291476.0
SOURCE_NATIVE_FUTURES,ZN,bond,APPENDIX_C_172_004,10-year US,ZNM5,752340,2015-03-27,PROVIDER_CONDITION_AVAILABLE,-3.3125,128.515625,125.203125,DEV_RECON_LOCAL_BACK_ADJUSTED_DATED_CONTRACT_CHAIN,2015-03-27T00:00:00Z,128.3125,128.703125,128.25,911173.0,125.0,125.390625,124.9375,911173.0
SOURCE_NATIVE_FUTURES,ZN,bond,APPENDIX_C_172_004,10-year US,ZNM5,752340,2015-03-29,PROVIDER_CONDITION_AVAILABLE,-3.3125,128.59375,125.28125,DEV_RECON_LOCAL_BACK_ADJUSTED_DATED_CONTRACT_CHAIN,2015-03-29T00:00:00Z,128.546875,128.609375,128.53125,5263.0,125.234375,125.296875,125.21875,5263.0
SOURCE_NATIVE_FUTURES,ZN,bond,APPENDIX_C_172_004,10-year US,ZNM5,752340,2015-03-30,PROVIDER_CONDITION_AVAILABLE,-3.3125,128.671875,125.359375,DEV_RECON_LOCAL_BACK_ADJUSTED_DATED_CONTRACT_CHAIN,2015-03-30T00:00:00Z,128.578125,128.765625,128.4375,771600.0,125.265625,125.453125,125.125,771600.0
SOURCE_NATIVE_FUTURES,ZN,bond,APPENDIX_C_172_004,10-year US,ZNM5,752340,2015-03-31,PROVIDER_CONDITION_AVAILABLE,-3.3125,128.90625,125.59375,DEV_RECON_LOCAL_BACK_ADJUSTED_DATED_CONTRACT_CHAIN,2015-03-31T00:00:00Z,128.6875,128.984375,128.5625,1040145.0,125.375,125.671875,125.25,1040145.0
SOURCE_NATIVE_FUTURES,ZN,bond,APPENDIX_C_172_004,10-year US,ZNM5,752340,2015-04-01,PROVIDER_CONDITION_AVAILABLE,-3.3125,129.453125,126.140625,DEV_RECON_LOCAL_BACK_ADJUSTED_DATED_CONTRACT_CHAIN,2015-04-01T00:00:00Z,128.90625,129.515625,128.75,1086978.0,125.59375,126.203125,125.4375,1086978.0
SOURCE_NATIVE_FUTURES,ZN,bond,APPENDIX_C_172_004,10-year US,ZNM5,752340,2015-04-02,PROVIDER_CONDITION_AVAILABLE,-3.3125,129.125,125.8125,DEV_RECON_LOCAL_BACK_ADJUSTED_DATED_CONTRACT_CHAIN,2015-04-02T00:00:00Z,129.46875,129.71875,129.078125,841357.0,126.15625,126.40625,125.765625,841357.0
SOURCE_NATIVE_FUTURES,ZN,bond,APPENDIX_C_172_004,10-year US,ZNM5,752340,2015-04-03,PROVIDER_CONDITION_AVAILABLE,-3.3125,129.890625,126.578125,DEV_RECON_LOCAL_BACK_ADJUSTED_DATED_CONTRACT_CHAIN,2015-04-03T00:00:00Z,129.125,130.125,129.125,348571.0,125.8125,126.8125,125.8125,348571.0
SOURCE_NATIVE_FUTURES,ZN,bond,APPENDIX_C_172_004,10-year US,ZNM5,752340,2015-04-05,PROVIDER_CONDITION_AVAILABLE,-3.3125,129.96875,126.65625,DEV_RECON_LOCAL_BACK_ADJUSTED_DATED_CONTRACT_CHAIN,2015-04-05T00:00:00Z,129.90625,130.03125,129.875,8122.0,126.59375,126.71875,126.5625,8122.0
SOURCE_NATIVE_FUTURES,ZN,bond,APPENDIX_C_172_004,10-year US,ZNM5,752340,2015-04-06,PROVIDER_CONDITION_AVAILABLE,-3.3125,129.453125,126.140625,DEV_RECON_LOCAL_BACK_ADJUSTED_DATED_CONTRACT_CHAIN,2015-04-06T00:00:00Z,129.953125,130.03125,129.34375,492396.0,126.640625,126.71875,126.03125,492396.0
SOURCE_NATIVE_FUTURES,ZN,bond,APPENDIX_C_172_004,10-year US,ZNM5,752340,2015-04-07,PROVIDER_CONDITION_AVAILABLE,-3.3125,129.40625,126.09375,DEV_RECON_LOCAL_BACK_ADJUSTED_DATED_CONTRACT_CHAIN,2015-04-07T00:00:00Z,129.46875,129.5,129.125,749745.0,126.15625,126.1875,125.8125,749745.0
SOURCE_NATIVE_FUTURES,ZN,bond,APPENDIX_C_172_004,10-year US,ZNM5,752340,2015-04-08,PROVIDER_CONDITION_AVAILABLE,-3.3125,129.296875,125.984375,DEV_RECON_LOCAL_BACK_ADJUSTED_DATED_CONTRACT_CHAIN,2015-04-08T00:00:00Z,129.40625,129.546875,129.109375,864769.0,126.09375,126.234375,125.796875,864769.0
SOURCE_NATIVE_FUTURES,ZN,bond,APPENDIX_C_172_004,10-year US,ZNM5,752340,2015-04-09,PROVIDER_CONDITION_AVAILABLE,-3.3125,128.8125,125.5,DEV_RECON_LOCAL_BACK_ADJUSTED_DATED_CONTRACT_CHAIN,2015-04-09T00:00:00Z,129.296875,129.53125,128.75,983772.0,125.984375,126.21875,125.4375,983772.0
SOURCE_NATIVE_FUTURES,ZN,bond,APPENDIX_C_172_004,10-year US,ZNM5,752340,2015-04-10,PROVIDER_CONDITION_AVAILABLE,-3.3125,128.859375,125.546875,DEV_RECON_LOCAL_BACK_ADJUSTED_DATED_CONTRACT_CHAIN,2015-04-10T00:00:00Z,128.8125,129.09375,128.75,796249.0,125.5,125.78125,125.4375,796249.0
SOURCE_NATIVE_FUTURES,ZN,bond,APPENDIX_C_172_004,10-year US,ZNM5,752340,2015-04-12,PROVIDER_CONDITION_AVAILABLE,-3.3125,128.859375,125.546875,DEV_RECON_LOCAL_BACK_ADJUSTED_DATED_CONTRACT_CHAIN,2015-04-12T00:00:00Z,128.84375,128.875,128.8125,3179.0,125.53125,125.5625,125.5,3179.0
SOURCE_NATIVE_FUTURES,ZN,bond,APPENDIX_C_172_004,10-year US,ZNM5,752340,2015-04-13,PROVIDER_CONDITION_AVAILABLE,-3.3125,129.09375,125.78125,DEV_RECON_LOCAL_BACK_ADJUSTED_DATED_CONTRACT_CHAIN,2015-04-13T00:00:00Z,128.859375,129.125,128.578125,748206.0,125.546875,125.8125,125.265625,748206.0
SOURCE_NATIVE_FUTURES,ZN,bond,APPENDIX_C_172_004,10-year US,ZNM5,752340,2015-04-14,PROVIDER_CONDITION_AVAILABLE,-3.3125,129.421875,126.109375,DEV_RECON_LOCAL_BACK_ADJUSTED_DATED_CONTRACT_CHAIN,2015-04-14T00:00:00Z,129.09375,129.703125,129.046875,1137910.0,125.78125,126.390625,125.734375,1137910.0
SOURCE_NATIVE_FUTURES,ZN,bond,APPENDIX_C_172_004,10-year US,ZNM5,752340,2015-04-15,PROVIDER_CONDITION_AVAILABLE,-3.3125,129.46875,126.15625,DEV_RECON_LOCAL_BACK_ADJUSTED_DATED_CONTRACT_CHAIN,2015-04-15T00:00:00Z,129.421875,129.625,129.25,741656.0,126.109375,126.3125,125.9375,741656.0
SOURCE_NATIVE_FUTURES,ZN,bond,APPENDIX_C_172_004,10-year US,ZNM5,752340,2015-04-16,PROVIDER_CONDITION_AVAILABLE,-3.3125,129.59375,126.28125,DEV_RECON_LOCAL_BACK_ADJUSTED_DATED_CONTRACT_CHAIN,2015-04-16T00:00:00Z,129.46875,129.75,129.265625,1135393.0,126.15625,126.4375,125.953125,1135393.0
SOURCE_NATIVE_FUTURES,ZN,bond,APPENDIX_C_172_004,10-year US,ZNM5,752340,2015-04-17,PROVIDER_CONDITION_AVAILABLE,-3.3125,129.640625,126.328125,DEV_RECON_LOCAL_BACK_ADJUSTED_DATED_CONTRACT_CHAIN,2015-04-17T00:00:00Z,129.59375,129.96875,129.390625,1127834.0,126.28125,126.65625,126.078125,1127834.0
SOURCE_NATIVE_FUTURES,ZN,bond,APPENDIX_C_172_004,10-year US,ZNM5,752340,2015-04-19,PROVIDER_CONDITION_AVAILABLE,-3.3125,129.625,126.3125,DEV_RECON_LOCAL_BACK_ADJUSTED_DATED_CONTRACT_CHAIN,2015-04-19T00:00:00Z,129.59375,129.65625,129.578125,6452.0,126.28125,126.34375,126.265625,6452.0
SOURCE_NATIVE_FUTURES,ZN,bond,APPENDIX_C_172_004,10-year US,ZNM5,752340,2015-04-20,PROVIDER_CONDITION_AVAILABLE,-3.3125,129.59375,126.28125,DEV_RECON_LOCAL_BACK_ADJUSTED_DATED_CONTRACT_CHAIN,2015-04-20T00:00:00Z,129.640625,129.796875,129.4375,761688.0,126.328125,126.484375,126.125,761688.0
SOURCE_NATIVE_FUTURES,ZN,bond,APPENDIX_C_172_004,10-year US,ZNM5,752340,2015-04-21,PROVIDER_CONDITION_AVAILABLE,-3.3125,129.40625,126.09375,DEV_RECON_LOCAL_BACK_ADJUSTED_DATED_CONTRACT_CHAIN,2015-04-21T00:00:00Z,129.59375,129.71875,129.3125,680713.0,126.28125,126.40625,126.0,680713.0
SOURCE_NATIVE_FUTURES,ZN,bond,APPENDIX_C_172_004,10-year US,ZNM5,752340,2015-04-22,PROVIDER_CONDITION_AVAILABLE,-3.3125,128.796875,125.484375,DEV_RECON_LOCAL_BACK_ADJUSTED_DATED_CONTRACT_CHAIN,2015-04-22T00:00:00Z,129.421875,129.53125,128.703125,1096374.0,126.109375,126.21875,125.390625,1096374.0
SOURCE_NATIVE_FUTURES,ZN,bond,APPENDIX_C_172_004,10-year US,ZNM5,752340,2015-04-23,PROVIDER_CONDITION_AVAILABLE,-3.3125,129.046875,125.734375,DEV_RECON_LOCAL_BACK_ADJUSTED_DATED_CONTRACT_CHAIN,2015-04-23T00:00:00Z,128.8125,129.203125,128.734375,1124647.0,125.5,125.890625,125.421875,1124647.0
SOURCE_NATIVE_FUTURES,ZN,bond,APPENDIX_C_172_004,10-year US,ZNM5,752340,2015-04-24,PROVIDER_CONDITION_AVAILABLE,-3.3125,129.453125,126.140625,DEV_RECON_LOCAL_BACK_ADJUSTED_DATED_CONTRACT_CHAIN,2015-04-24T00:00:00Z,129.046875,129.46875,128.90625,996060.0,125.734375,126.15625,125.59375,996060.0
SOURCE_NATIVE_FUTURES,ZN,bond,APPENDIX_C_172_004,10-year US,ZNM5,752340,2015-04-26,PROVIDER_CONDITION_AVAILABLE,-3.3125,129.46875,126.15625,DEV_RECON_LOCAL_BACK_ADJUSTED_DATED_CONTRACT_CHAIN,2015-04-26T00:00:00Z,129.421875,129.46875,129.421875,3265.0,126.109375,126.15625,126.109375,3265.0
SOURCE_NATIVE_FUTURES,ZN,bond,APPENDIX_C_172_004,10-year US,ZNM5,752340,2015-04-27,PROVIDER_CONDITION_AVAILABLE,-3.3125,129.296875,125.984375,DEV_RECON_LOCAL_BACK_ADJUSTED_DATED_CONTRACT_CHAIN,2015-04-27T00:00:00Z,129.46875,129.578125,129.125,652954.0,126.15625,126.265625,125.8125,652954.0
SOURCE_NATIVE_FUTURES,ZN,bond,APPENDIX_C_172_004,10-year US,ZNM5,752340,2015-04-28,PROVIDER_CONDITION_AVAILABLE,-3.3125,128.78125,125.46875,DEV_RECON_LOCAL_BACK_ADJUSTED_DATED_CONTRACT_CHAIN,2015-04-28T00:00:00Z,129.296875,129.40625,128.703125,1080368.0,125.984375,126.09375,125.390625,1080368.0
SOURCE_NATIVE_FUTURES,ZN,bond,APPENDIX_C_172_004,10-year US,ZNM5,752340,2015-04-29,PROVIDER_CONDITION_AVAILABLE,-3.3125,128.5625,125.25,DEV_RECON_LOCAL_BACK_ADJUSTED_DATED_CONTRACT_CHAIN,2015-04-29T00:00:00Z,128.78125,128.90625,128.09375,1920953.0,125.46875,125.59375,124.78125,1920953.0
SOURCE_NATIVE_FUTURES,ZN,bond,APPENDIX_C_172_004,10-year US,ZNM5,752340,2015-04-30,PROVIDER_CONDITION_AVAILABLE,-3.3125,128.359375,125.046875,DEV_RECON_LOCAL_BACK_ADJUSTED_DATED_CONTRACT_CHAIN,2015-04-30T00:00:00Z,128.546875,128.640625,127.8125,1884359.0,125.234375,125.328125,124.5,1884359.0
SOURCE_NATIVE_FUTURES,ZN,bond,APPENDIX_C_172_004,10-year US,ZNM5,752340,2015-05-01,PROVIDER_CONDITION_AVAILABLE,-3.3125,127.828125,124.515625,DEV_RECON_LOCAL_BACK_ADJUSTED_DATED_CONTRACT_CHAIN,2015-05-01T00:00:00Z,128.359375,128.375,127.734375,829199.0,125.046875,125.0625,124.421875,829199.0
SOURCE_NATIVE_FUTURES,ZN,bond,APPENDIX_C_172_004,10-year US,ZNM5,752340,2015-05-03,PROVIDER_CONDITION_AVAILABLE,-3.3125,127.765625,124.453125,DEV_RECON_LOCAL_BACK_ADJUSTED_DATED_CONTRACT_CHAIN,2015-05-03T00:00:00Z,127.875,127.875,127.6875,7454.0,124.5625,124.5625,124.375,7454.0
SOURCE_NATIVE_FUTURES,ZN,bond,APPENDIX_C_172_004,10-year US,ZNM5,752340,2015-05-04,PROVIDER_CONDITION_AVAILABLE,-3.3125,127.71875,124.40625,DEV_RECON_LOCAL_BACK_ADJUSTED_DATED_CONTRACT_CHAIN,2015-05-04T00:00:00Z,127.75,128.078125,127.59375,836210.0,124.4375,124.765625,124.28125,836210.0
SOURCE_NATIVE_FUTURES,ZN,bond,APPENDIX_C_172_004,10-year US,ZNM5,752340,2015-05-05,PROVIDER_CONDITION_AVAILABLE,-3.3125,127.34375,124.03125,DEV_RECON_LOCAL_BACK_ADJUSTED_DATED_CONTRACT_CHAIN,2015-05-05T00:00:00Z,127.703125,127.96875,127.25,1444385.0,124.390625,124.65625,123.9375,1444385.0
SOURCE_NATIVE_FUTURES,ZN,bond,APPENDIX_C_172_004,10-year US,ZNM5,752340,2015-05-06,PROVIDER_CONDITION_AVAILABLE,-3.3125,127.046875,123.734375,DEV_RECON_LOCAL_BACK_ADJUSTED_DATED_CONTRACT_CHAIN,2015-05-06T00:00:00Z,127.34375,127.484375,126.90625,1527876.0,124.03125,124.171875,123.59375,1527876.0
SOURCE_NATIVE_FUTURES,ZN,bond,APPENDIX_C_172_004,10-year US,ZNM5,752340,2015-05-07,PROVIDER_CONDITION_AVAILABLE,-3.3125,127.46875,124.15625,DEV_RECON_LOCAL_BACK_ADJUSTED_DATED_CONTRACT_CHAIN,2015-05-07T00:00:00Z,127.0625,127.515625,126.421875,1797958.0,123.75,124.203125,123.109375,1797958.0
SOURCE_NATIVE_FUTURES,ZN,bond,APPENDIX_C_172_004,10-year US,ZNM5,752340,2015-05-08,PROVIDER_CONDITION_AVAILABLE,-3.3125,127.84375,124.53125,DEV_RECON_LOCAL_BACK_ADJUSTED_DATED_CONTRACT_CHAIN,2015-05-08T00:00:00Z,127.4375,128.203125,127.234375,1612554.0,124.125,124.890625,123.921875,1612554.0
SOURCE_NATIVE_FUTURES,ZN,bond,APPENDIX_C_172_004,10-year US,ZNM5,752340,2015-05-10,PROVIDER_CONDITION_AVAILABLE,-3.3125,127.921875,124.609375,DEV_RECON_LOCAL_BACK_ADJUSTED_DATED_CONTRACT_CHAIN,2015-05-10T00:00:00Z,127.796875,127.921875,127.78125,5020.0,124.484375,124.609375,124.46875,5020.0
SOURCE_NATIVE_FUTURES,ZN,bond,APPENDIX_C_172_004,10-year US,ZNM5,752340,2015-05-11,PROVIDER_CONDITION_AVAILABLE,-3.3125,126.859375,123.546875,DEV_RECON_LOCAL_BACK_ADJUSTED_DATED_CONTRACT_CHAIN,2015-05-11T00:00:00Z,127.921875,128.0,126.796875,1266732.0,124.609375,124.6875,123.484375,1266732.0
SOURCE_NATIVE_FUTURES,ZN,bond,APPENDIX_C_172_004,10-year US,ZNM5,752340,2015-05-12,PROVIDER_CONDITION_AVAILABLE,-3.3125,127.078125,123.765625,DEV_RECON_LOCAL_BACK_ADJUSTED_DATED_CONTRACT_CHAIN,2015-05-12T00:00:00Z,126.875,127.21875,126.203125,1987700.0,123.5625,123.90625,122.890625,1987700.0
SOURCE_NATIVE_FUTURES,ZN,bond,APPENDIX_C_172_004,10-year US,ZNM5,752340,2015-05-13,PROVIDER_CONDITION_AVAILABLE,-3.3125,126.984375,123.671875,DEV_RECON_LOCAL_BACK_ADJUSTED_DATED_CONTRACT_CHAIN,2015-05-13T00:00:00Z,127.078125,127.671875,126.875,1862617.0,123.765625,124.359375,123.5625,1862617.0
SOURCE_NATIVE_FUTURES,ZN,bond,APPENDIX_C_172_004,10-year US,ZNM5,752340,2015-05-14,PROVIDER_CONDITION_AVAILABLE,-3.3125,127.46875,124.15625,DEV_RECON_LOCAL_BACK_ADJUSTED_DATED_CONTRACT_CHAIN,2015-05-14T00:00:00Z,126.96875,127.5,126.84375,1393739.0,123.65625,124.1875,123.53125,1393739.0
SOURCE_NATIVE_FUTURES,ZN,bond,APPENDIX_C_172_004,10-year US,ZNM5,752340,2015-05-15,PROVIDER_CONDITION_AVAILABLE,-3.3125,128.015625,124.703125,DEV_RECON_LOCAL_BACK_ADJUSTED_DATED_CONTRACT_CHAIN,2015-05-15T00:00:00Z,127.46875,128.140625,127.421875,1142727.0,124.15625,124.828125,124.109375,1142727.0
SOURCE_NATIVE_FUTURES,ZN,bond,APPENDIX_C_172_004,10-year US,ZNM5,752340,2015-05-17,PROVIDER_CONDITION_AVAILABLE,-3.3125,127.96875,124.65625,DEV_RECON_LOCAL_BACK_ADJUSTED_DATED_CONTRACT_CHAIN,2015-05-17T00:00:00Z,127.96875,128.09375,127.953125,10578.0,124.65625,124.78125,124.640625,10578.0
SOURCE_NATIVE_FUTURES,ZN,bond,APPENDIX_C_172_004,10-year US,ZNM5,752340,2015-05-18,PROVIDER_CONDITION_AVAILABLE,-3.3125,127.375,124.0625,DEV_RECON_LOCAL_BACK_ADJUSTED_DATED_CONTRACT_CHAIN,2015-05-18T00:00:00Z,127.96875,128.078125,127.265625,974762.0,124.65625,124.765625,123.953125,974762.0
SOURCE_NATIVE_FUTURES,ZN,bond,APPENDIX_C_172_004,10-year US,ZNU5,326771,2015-05-19,PROVIDER_CONDITION_AVAILABLE,-2.59375,126.1875,123.59375,DEV_RECON_LOCAL_BACK_ADJUSTED_DATED_CONTRACT_CHAIN,2015-05-19T00:00:00Z,126.65625,127.0625,126.046875,7045.0,124.0625,124.46875,123.453125,7045.0
SOURCE_NATIVE_FUTURES,ZN,bond,APPENDIX_C_172_004,10-year US,ZNU5,326771,2015-05-20,PROVIDER_CONDITION_AVAILABLE,-2.59375,126.578125,123.984375,DEV_RECON_LOCAL_BACK_ADJUSTED_DATED_CONTRACT_CHAIN,2015-05-20T00:00:00Z,126.15625,126.703125,126.15625,9021.0,123.5625,124.109375,123.5625,9021.0
SOURCE_NATIVE_FUTURES,ZN,bond,APPENDIX_C_172_004,10-year US,ZNU5,326771,2015-05-21,PROVIDER_CONDITION_AVAILABLE,-2.59375,127.015625,124.421875,DEV_RECON_LOCAL_BACK_ADJUSTED_DATED_CONTRACT_CHAIN,2015-05-21T00:00:00Z,126.578125,127.046875,126.46875,12196.0,123.984375,124.453125,123.875,12196.0
SOURCE_NATIVE_FUTURES,ZN,bond,APPENDIX_C_172_004,10-year US,ZNU5,326771,2015-05-22,PROVIDER_CONDITION_AVAILABLE,-2.59375,126.78125,124.1875,DEV_RECON_LOCAL_BACK_ADJUSTED_DATED_CONTRACT_CHAIN,2015-05-22T00:00:00Z,127.0,127.25,126.4375,34141.0,124.40625,124.65625,123.84375,34141.0
SOURCE_NATIVE_FUTURES,ZN,bond,APPENDIX_C_172_004,10-year US,ZNU5,326771,2015-05-24,PROVIDER_CONDITION_AVAILABLE,-2.59375,126.71875,124.125,DEV_RECON_LOCAL_BACK_ADJUSTED_DATED_CONTRACT_CHAIN,2015-05-24T00:00:00Z,126.796875,126.84375,126.71875,243.0,124.203125,124.25,124.125,243.0
SOURCE_NATIVE_FUTURES,ZN,bond,APPENDIX_C_172_004,10-year US,ZNU5,326771,2015-05-25,PROVIDER_CONDITION_AVAILABLE,-2.59375,126.78125,124.1875,DEV_RECON_LOCAL_BACK_ADJUSTED_DATED_CONTRACT_CHAIN,2015-05-25T00:00:00Z,126.71875,126.921875,126.6875,3875.0,124.125,124.328125,124.09375,3875.0
SOURCE_NATIVE_FUTURES,ZN,bond,APPENDIX_C_172_004,10-year US,ZNU5,326771,2015-05-26,PROVIDER_CONDITION_AVAILABLE,-2.59375,127.203125,124.609375,DEV_RECON_LOCAL_BACK_ADJUSTED_DATED_CONTRACT_CHAIN,2015-05-26T00:00:00Z,126.78125,127.34375,126.65625,183063.0,124.1875,124.75,124.0625,183063.0
SOURCE_NATIVE_FUTURES,ZN,bond,APPENDIX_C_172_004,10-year US,ZNU5,326771,2015-05-27,PROVIDER_CONDITION_AVAILABLE,-2.59375,127.28125,124.6875,DEV_RECON_LOCAL_BACK_ADJUSTED_DATED_CONTRACT_CHAIN,2015-05-27T00:00:00Z,127.203125,127.34375,126.953125,339877.0,124.609375,124.75,124.359375,339877.0
SOURCE_NATIVE_FUTURES,ZN,bond,APPENDIX_C_172_004,10-year US,ZNU5,326771,2015-05-28,PROVIDER_CONDITION_AVAILABLE,-2.59375,127.34375,124.75,DEV_RECON_LOCAL_BACK_ADJUSTED_DATED_CONTRACT_CHAIN,2015-05-28T00:00:00Z,127.28125,127.484375,127.171875,583844.0,124.6875,124.890625,124.578125,583844.0
SOURCE_NATIVE_FUTURES,ZN,bond,APPENDIX_C_172_004,10-year US,ZNU5,326771,2015-05-29,PROVIDER_CONDITION_AVAILABLE,-2.59375,127.46875,124.875,DEV_RECON_LOCAL_BACK_ADJUSTED_DATED_CONTRACT_CHAIN,2015-05-29T00:00:00Z,127.34375,127.71875,127.28125,1068603.0,124.75,125.125,124.6875,1068603.0
SOURCE_NATIVE_FUTURES,ZN,bond,APPENDIX_C_172_004,10-year US,ZNU5,326771,2015-05-31,PROVIDER_CONDITION_AVAILABLE,-2.59375,127.453125,124.859375,DEV_RECON_LOCAL_BACK_ADJUSTED_DATED_CONTRACT_CHAIN,2015-05-31T00:00:00Z,127.484375,127.546875,127.4375,8166.0,124.890625,124.953125,124.84375,8166.0
SOURCE_NATIVE_FUTURES,ZN,bond,APPENDIX_C_172_004,10-year US,ZNU5,326771,2015-06-01,PROVIDER_CONDITION_AVAILABLE,-2.59375,126.953125,124.359375,DEV_RECON_LOCAL_BACK_ADJUSTED_DATED_CONTRACT_CHAIN,2015-06-01T00:00:00Z,127.453125,127.671875,126.859375,1052236.0,124.859375,125.078125,124.265625,1052236.0
SOURCE_NATIVE_FUTURES,ZN,bond,APPENDIX_C_172_004,10-year US,ZNU5,326771,2015-06-02,PROVIDER_CONDITION_AVAILABLE,-2.59375,126.359375,123.765625,DEV_RECON_LOCAL_BACK_ADJUSTED_DATED_CONTRACT_CHAIN,2015-06-02T00:00:00Z,126.96875,127.03125,126.21875,1375972.0,124.375,124.4375,123.625,1375972.0
SOURCE_NATIVE_FUTURES,ZN,bond,APPENDIX_C_172_004,10-year US,ZNU5,326771,2015-06-03,PROVIDER_CONDITION_AVAILABLE,-2.59375,125.5,122.90625,DEV_RECON_LOCAL_BACK_ADJUSTED_DATED_CONTRACT_CHAIN,2015-06-03T00:00:00Z,126.359375,126.40625,125.34375,1636743.0,123.765625,123.8125,122.75,1636743.0
SOURCE_NATIVE_FUTURES,ZN,bond,APPENDIX_C_172_004,10-year US,ZNU5,326771,2015-06-04,PROVIDER_CONDITION_AVAILABLE,-2.59375,125.890625,123.296875,DEV_RECON_LOCAL_BACK_ADJUSTED_DATED_CONTRACT_CHAIN,2015-06-04T00:00:00Z,125.515625,126.0625,124.984375,1738101.0,122.921875,123.46875,122.390625,1738101.0
SOURCE_NATIVE_FUTURES,ZN,bond,APPENDIX_C_172_004,10-year US,ZNU5,326771,2015-06-05,PROVIDER_CONDITION_AVAILABLE,-2.59375,125.0625,122.46875,DEV_RECON_LOCAL_BACK_ADJUSTED_DATED_CONTRACT_CHAIN,2015-06-05T00:00:00Z,125.875,125.890625,124.6875,1500635.0,123.28125,123.296875,122.09375,1500635.0
SOURCE_NATIVE_FUTURES,ZN,bond,APPENDIX_C_172_004,10-year US,ZNU5,326771,2015-06-07,PROVIDER_CONDITION_AVAILABLE,-2.59375,125.0,122.40625,DEV_RECON_LOCAL_BACK_ADJUSTED_DATED_CONTRACT_CHAIN,2015-06-07T00:00:00Z,125.0625,125.0625,124.984375,6749.0,122.46875,122.46875,122.390625,6749.0
SOURCE_NATIVE_FUTURES,ZN,bond,APPENDIX_C_172_004,10-year US,ZNU5,326771,2015-06-08,PROVIDER_CONDITION_AVAILABLE,-2.59375,125.328125,122.734375,DEV_RECON_LOCAL_BACK_ADJUSTED_DATED_CONTRACT_CHAIN,2015-06-08T00:00:00Z,125.0,125.453125,125.0,824252.0,122.40625,122.859375,122.40625,824252.0
SOURCE_NATIVE_FUTURES,ZN,bond,APPENDIX_C_172_004,10-year US,ZNU5,326771,2015-06-09,PROVIDER_CONDITION_AVAILABLE,-2.59375,124.96875,122.375,DEV_RECON_LOCAL_BACK_ADJUSTED_DATED_CONTRACT_CHAIN,2015-06-09T00:00:00Z,125.328125,125.59375,124.796875,1096622.0,122.734375,123.0,122.203125,1096622.0
SOURCE_NATIVE_FUTURES,ZN,bond,APPENDIX_C_172_004,10-year US,ZNU5,326771,2015-06-10,PROVIDER_CONDITION_AVAILABLE,-2.59375,124.71875,122.125,DEV_RECON_LOCAL_BACK_ADJUSTED_DATED_CONTRACT_CHAIN,2015-06-10T00:00:00Z,124.96875,124.984375,124.515625,1339242.0,122.375,122.390625,121.921875,1339242.0
SOURCE_NATIVE_FUTURES,ZN,bond,APPENDIX_C_172_004,10-year US,ZNU5,326771,2015-06-11,PROVIDER_CONDITION_AVAILABLE,-2.59375,125.34375,122.75,DEV_RECON_LOCAL_BACK_ADJUSTED_DATED_CONTRACT_CHAIN,2015-06-11T00:00:00Z,124.734375,125.421875,124.453125,1447516.0,122.140625,122.828125,121.859375,1447516.0
SOURCE_NATIVE_FUTURES,ZN,bond,APPENDIX_C_172_004,10-year US,ZNU5,326771,2015-06-12,PROVIDER_CONDITION_AVAILABLE,-2.59375,125.21875,122.625,DEV_RECON_LOCAL_BACK_ADJUSTED_DATED_CONTRACT_CHAIN,2015-06-12T00:00:00Z,125.34375,125.71875,125.109375,1219565.0,122.75,123.125,122.515625,1219565.0
SOURCE_NATIVE_FUTURES,ZN,bond,APPENDIX_C_172_004,10-year US,ZNU5,326771,2015-06-14,PROVIDER_CONDITION_AVAILABLE,-2.59375,125.59375,123.0,DEV_RECON_LOCAL_BACK_ADJUSTED_DATED_CONTRACT_CHAIN,2015-06-14T00:00:00Z,125.453125,125.8125,125.375,35057.0,122.859375,123.21875,122.78125,35057.0
SOURCE_NATIVE_FUTURES,ZN,bond,APPENDIX_C_172_004,10-year US,ZNU5,326771,2015-06-15,PROVIDER_CONDITION_AVAILABLE,-2.59375,125.640625,123.046875,DEV_RECON_LOCAL_BACK_ADJUSTED_DATED_CONTRACT_CHAIN,2015-06-15T00:00:00Z,125.609375,125.96875,125.4375,981857.0,123.015625,123.375,122.84375,981857.0
SOURCE_NATIVE_FUTURES,ZN,bond,APPENDIX_C_172_004,10-year US,ZNU5,326771,2015-06-16,PROVIDER_CONDITION_AVAILABLE,-2.59375,126.0,123.40625,DEV_RECON_LOCAL_BACK_ADJUSTED_DATED_CONTRACT_CHAIN,2015-06-16T00:00:00Z,125.640625,126.0625,125.625,882026.0,123.046875,123.46875,123.03125,882026.0
SOURCE_NATIVE_FUTURES,ZN,bond,APPENDIX_C_172_004,10-year US,ZNU5,326771,2015-06-17,PROVIDER_CONDITION_AVAILABLE,-2.59375,126.265625,123.671875,DEV_RECON_LOCAL_BACK_ADJUSTED_DATED_CONTRACT_CHAIN,2015-06-17T00:00:00Z,126.0,126.28125,125.171875,1162734.0,123.40625,123.6875,122.578125,1162734.0
SOURCE_NATIVE_FUTURES,ZN,bond,APPENDIX_C_172_004,10-year US,ZNU5,326771,2015-06-18,PROVIDER_CONDITION_AVAILABLE,-2.59375,126.125,123.53125,DEV_RECON_LOCAL_BACK_ADJUSTED_DATED_CONTRACT_CHAIN,2015-06-18T00:00:00Z,126.265625,126.5625,125.578125,1531202.0,123.671875,123.96875,122.984375,1531202.0
SOURCE_NATIVE_FUTURES,ZN,bond,APPENDIX_C_172_004,10-year US,ZNU5,326771,2015-06-19,PROVIDER_CONDITION_AVAILABLE,-2.59375,126.609375,124.015625,DEV_RECON_LOCAL_BACK_ADJUSTED_DATED_CONTRACT_CHAIN,2015-06-19T00:00:00Z,126.109375,126.640625,126.078125,898063.0,123.515625,124.046875,123.484375,898063.0
SOURCE_NATIVE_FUTURES,ZN,bond,APPENDIX_C_172_004,10-year US,ZNU5,326771,2015-06-21,PROVIDER_CONDITION_AVAILABLE,-2.59375,126.375,123.78125,DEV_RECON_LOCAL_BACK_ADJUSTED_DATED_CONTRACT_CHAIN,2015-06-21T00:00:00Z,126.4375,126.484375,126.28125,25044.0,123.84375,123.890625,123.6875,25044.0
SOURCE_NATIVE_FUTURES,ZN,bond,APPENDIX_C_172_004,10-year US,ZNU5,326771,2015-06-22,PROVIDER_CONDITION_AVAILABLE,-2.59375,125.734375,123.140625,DEV_RECON_LOCAL_BACK_ADJUSTED_DATED_CONTRACT_CHAIN,2015-06-22T00:00:00Z,126.375,126.4375,125.6875,1013333.0,123.78125,123.84375,123.09375,1013333.0
SOURCE_NATIVE_FUTURES,ZN,bond,APPENDIX_C_172_004,10-year US,ZNU5,326771,2015-06-23,PROVIDER_CONDITION_AVAILABLE,-2.59375,125.515625,122.921875,DEV_RECON_LOCAL_BACK_ADJUSTED_DATED_CONTRACT_CHAIN,2015-06-23T00:00:00Z,125.734375,125.796875,125.28125,1159423.0,123.140625,123.203125,122.6875,1159423.0
SOURCE_NATIVE_FUTURES,ZN,bond,APPENDIX_C_172_004,10-year US,ZNU5,326771,2015-06-24,PROVIDER_CONDITION_AVAILABLE,-2.59375,125.796875,123.203125,DEV_RECON_LOCAL_BACK_ADJUSTED_DATED_CONTRACT_CHAIN,2015-06-24T00:00:00Z,125.53125,125.8125,125.328125,1086486.0,122.9375,123.21875,122.734375,1086486.0
SOURCE_NATIVE_FUTURES,ZN,bond,APPENDIX_C_172_004,10-year US,ZNU5,326771,2015-06-25,PROVIDER_CONDITION_AVAILABLE,-2.59375,125.546875,122.953125,DEV_RECON_LOCAL_BACK_ADJUSTED_DATED_CONTRACT_CHAIN,2015-06-25T00:00:00Z,125.78125,125.796875,125.28125,1205607.0,123.1875,123.203125,122.6875,1205607.0
SOURCE_NATIVE_FUTURES,ZN,bond,APPENDIX_C_172_004,10-year US,ZNU5,326771,2015-06-26,PROVIDER_CONDITION_AVAILABLE,-2.59375,124.984375,122.390625,DEV_RECON_LOCAL_BACK_ADJUSTED_DATED_CONTRACT_CHAIN,2015-06-26T00:00:00Z,125.546875,125.625,124.90625,1020363.0,122.953125,123.03125,122.3125,1020363.0
SOURCE_NATIVE_FUTURES,ZN,bond,APPENDIX_C_172_004,10-year US,ZNU5,326771,2015-06-28,PROVIDER_CONDITION_AVAILABLE,-2.59375,126.453125,123.859375,DEV_RECON_LOCAL_BACK_ADJUSTED_DATED_CONTRACT_CHAIN,2015-06-28T00:00:00Z,126.3125,126.90625,126.3125,137946.0,123.71875,124.3125,123.71875,137946.0
SOURCE_NATIVE_FUTURES,ZN,bond,APPENDIX_C_172_004,10-year US,ZNU5,326771,2015-06-29,PROVIDER_CONDITION_AVAILABLE,-2.59375,126.25,123.65625,DEV_RECON_LOCAL_BACK_ADJUSTED_DATED_CONTRACT_CHAIN,2015-06-29T00:00:00Z,126.46875,126.578125,125.59375,1440060.0,123.875,123.984375,123.0,1440060.0
SOURCE_NATIVE_FUTURES,ZN,bond,APPENDIX_C_172_004,10-year US,ZNU5,326771,2015-06-30,PROVIDER_CONDITION_AVAILABLE,-2.59375,125.984375,123.390625,DEV_RECON_LOCAL_BACK_ADJUSTED_DATED_CONTRACT_CHAIN,2015-06-30T00:00:00Z,126.25,126.390625,125.8125,1636439.0,123.65625,123.796875,123.21875,1636439.0
SOURCE_NATIVE_FUTURES,ZN,bond,APPENDIX_C_172_004,10-year US,ZNU5,326771,2015-07-01,PROVIDER_CONDITION_AVAILABLE,-2.59375,125.421875,122.828125,DEV_RECON_LOCAL_BACK_ADJUSTED_DATED_CONTRACT_CHAIN,2015-07-01T00:00:00Z,125.96875,126.03125,125.28125,1216385.0,123.375,123.4375,122.6875,1216385.0
SOURCE_NATIVE_FUTURES,ZN,bond,APPENDIX_C_172_004,10-year US,ZNU5,326771,2015-07-02,PROVIDER_CONDITION_AVAILABLE,-2.59375,125.875,123.28125,DEV_RECON_LOCAL_BACK_ADJUSTED_DATED_CONTRACT_CHAIN,2015-07-02T00:00:00Z,125.40625,126.109375,125.15625,1141252.0,122.8125,123.515625,122.5625,1141252.0
SOURCE_NATIVE_FUTURES,ZN,bond,APPENDIX_C_172_004,10-year US,ZNU5,326771,2015-07-03,PROVIDER_CONDITION_AVAILABLE,-2.59375,126.3125,123.71875,DEV_RECON_LOCAL_BACK_ADJUSTED_DATED_CONTRACT_CHAIN,2015-07-03T00:00:00Z,125.875,126.390625,125.875,126711.0,123.28125,123.796875,123.28125,126711.0
SOURCE_NATIVE_FUTURES,ZN,bond,APPENDIX_C_172_004,10-year US,ZNU5,326771,2015-07-05,PROVIDER_CONDITION_AVAILABLE,-2.59375,126.875,124.28125,DEV_RECON_LOCAL_BACK_ADJUSTED_DATED_CONTRACT_CHAIN,2015-07-05T00:00:00Z,127.0,127.203125,126.796875,93643.0,124.40625,124.609375,124.203125,93643.0
SOURCE_NATIVE_FUTURES,ZN,bond,APPENDIX_C_172_004,10-year US,ZNU5,326771,2015-07-06,PROVIDER_CONDITION_AVAILABLE,-2.59375,126.609375,124.015625,DEV_RECON_LOCAL_BACK_ADJUSTED_DATED_CONTRACT_CHAIN,2015-07-06T00:00:00Z,126.875,126.921875,126.234375,1087866.0,124.28125,124.328125,123.640625,1087866.0
SOURCE_NATIVE_FUTURES,ZN,bond,APPENDIX_C_172_004,10-year US,ZNU5,326771,2015-07-07,PROVIDER_CONDITION_AVAILABLE,-2.59375,126.90625,124.3125,DEV_RECON_LOCAL_BACK_ADJUSTED_DATED_CONTRACT_CHAIN,2015-07-07T00:00:00Z,126.625,127.5625,126.46875,1473773.0,124.03125,124.96875,123.875,1473773.0
SOURCE_NATIVE_FUTURES,ZN,bond,APPENDIX_C_172_004,10-year US,ZNU5,326771,2015-07-08,PROVIDER_CONDITION_AVAILABLE,-2.59375,127.4375,124.84375,DEV_RECON_LOCAL_BACK_ADJUSTED_DATED_CONTRACT_CHAIN,2015-07-08T00:00:00Z,126.90625,127.59375,126.90625,1385788.0,124.3125,125.0,124.3125,1385788.0
SOURCE_NATIVE_FUTURES,ZN,bond,APPENDIX_C_172_004,10-year US,ZNU5,326771,2015-07-09,PROVIDER_CONDITION_AVAILABLE,-2.59375,126.28125,123.6875,DEV_RECON_LOCAL_BACK_ADJUSTED_DATED_CONTRACT_CHAIN,2015-07-09T00:00:00Z,127.4375,127.5625,126.25,1135550.0,124.84375,124.96875,123.65625,1135550.0
SOURCE_NATIVE_FUTURES,ZN,bond,APPENDIX_C_172_004,10-year US,ZNU5,326771,2015-07-10,PROVIDER_CONDITION_AVAILABLE,-2.59375,125.90625,123.3125,DEV_RECON_LOCAL_BACK_ADJUSTED_DATED_CONTRACT_CHAIN,2015-07-10T00:00:00Z,126.296875,126.453125,125.6875,1199924.0,123.703125,123.859375,123.09375,1199924.0
SOURCE_NATIVE_FUTURES,ZN,bond,APPENDIX_C_172_004,10-year US,ZNU5,326771,2015-07-12,PROVIDER_CONDITION_AVAILABLE,-2.59375,126.0,123.40625,DEV_RECON_LOCAL_BACK_ADJUSTED_DATED_CONTRACT_CHAIN,2015-07-12T00:00:00Z,126.375,126.375,125.96875,32675.0,123.78125,123.78125,123.375,32675.0
SOURCE_NATIVE_FUTURES,ZN,bond,APPENDIX_C_172_004,10-year US,ZNU5,326771,2015-07-13,PROVIDER_CONDITION_AVAILABLE,-2.59375,125.484375,122.890625,DEV_RECON_LOCAL_BACK_ADJUSTED_DATED_CONTRACT_CHAIN,2015-07-13T00:00:00Z,126.0,126.09375,125.3125,1094196.0,123.40625,123.5,122.71875,1094196.0
SOURCE_NATIVE_FUTURES,ZN,bond,APPENDIX_C_172_004,10-year US,ZNU5,326771,2015-07-14,PROVIDER_CONDITION_AVAILABLE,-2.59375,126.046875,123.453125,DEV_RECON_LOCAL_BACK_ADJUSTED_DATED_CONTRACT_CHAIN,2015-07-14T00:00:00Z,125.484375,126.0625,125.4375,890620.0,122.890625,123.46875,122.84375,890620.0
SOURCE_NATIVE_FUTURES,ZN,bond,APPENDIX_C_172_004,10-year US,ZNU5,326771,2015-07-15,PROVIDER_CONDITION_AVAILABLE,-2.59375,126.15625,123.5625,DEV_RECON_LOCAL_BACK_ADJUSTED_DATED_CONTRACT_CHAIN,2015-07-15T00:00:00Z,126.03125,126.390625,125.609375,997785.0,123.4375,123.796875,123.015625,997785.0
SOURCE_NATIVE_FUTURES,ZN,bond,APPENDIX_C_172_004,10-year US,ZNU5,326771,2015-07-16,PROVIDER_CONDITION_AVAILABLE,-2.59375,126.125,123.53125,DEV_RECON_LOCAL_BACK_ADJUSTED_DATED_CONTRACT_CHAIN,2015-07-16T00:00:00Z,126.15625,126.28125,125.859375,835827.0,123.5625,123.6875,123.265625,835827.0
SOURCE_NATIVE_FUTURES,ZN,bond,APPENDIX_C_172_004,10-year US,ZNU5,326771,2015-07-17,PROVIDER_CONDITION_AVAILABLE,-2.59375,126.109375,123.515625,DEV_RECON_LOCAL_BACK_ADJUSTED_DATED_CONTRACT_CHAIN,2015-07-17T00:00:00Z,126.125,126.3125,125.890625,722519.0,123.53125,123.71875,123.296875,722519.0
SOURCE_NATIVE_FUTURES,ZN,bond,APPENDIX_C_172_004,10-year US,ZNU5,326771,2015-07-19,PROVIDER_CONDITION_AVAILABLE,-2.59375,126.0625,123.46875,DEV_RECON_LOCAL_BACK_ADJUSTED_DATED_CONTRACT_CHAIN,2015-07-19T00:00:00Z,126.125,126.15625,126.03125,3811.0,123.53125,123.5625,123.4375,3811.0
SOURCE_NATIVE_FUTURES,ZN,bond,APPENDIX_C_172_004,10-year US,ZNU5,326771,2015-07-20,PROVIDER_CONDITION_AVAILABLE,-2.59375,125.890625,123.296875,DEV_RECON_LOCAL_BACK_ADJUSTED_DATED_CONTRACT_CHAIN,2015-07-20T00:00:00Z,126.078125,126.140625,125.703125,748327.0,123.484375,123.546875,123.109375,748327.0
SOURCE_NATIVE_FUTURES,ZN,bond,APPENDIX_C_172_004,10-year US,ZNU5,326771,2015-07-21,PROVIDER_CONDITION_AVAILABLE,-2.59375,126.265625,123.671875,DEV_RECON_LOCAL_BACK_ADJUSTED_DATED_CONTRACT_CHAIN,2015-07-21T00:00:00Z,125.890625,126.3125,125.6875,801972.0,123.296875,123.71875,123.09375,801972.0
SOURCE_NATIVE_FUTURES,ZN,bond,APPENDIX_C_172_004,10-year US,ZNU5,326771,2015-07-22,PROVIDER_CONDITION_AVAILABLE,-2.59375,126.265625,123.671875,DEV_RECON_LOCAL_BACK_ADJUSTED_DATED_CONTRACT_CHAIN,2015-07-22T00:00:00Z,126.25,126.484375,126.15625,812588.0,123.65625,123.890625,123.5625,812588.0
SOURCE_NATIVE_FUTURES,ZN,bond,APPENDIX_C_172_004,10-year US,ZNU5,326771,2015-07-23,PROVIDER_CONDITION_AVAILABLE,-2.59375,126.609375,124.015625,DEV_RECON_LOCAL_BACK_ADJUSTED_DATED_CONTRACT_CHAIN,2015-07-23T00:00:00Z,126.28125,126.6875,126.125,901876.0,123.6875,124.09375,123.53125,901876.0
SOURCE_NATIVE_FUTURES,ZN,bond,APPENDIX_C_172_004,10-year US,ZNU5,326771,2015-07-24,PROVIDER_CONDITION_AVAILABLE,-2.59375,126.765625,124.171875,DEV_RECON_LOCAL_BACK_ADJUSTED_DATED_CONTRACT_CHAIN,2015-07-24T00:00:00Z,126.609375,126.875,126.546875,826852.0,124.015625,124.28125,123.953125,826852.0
SOURCE_NATIVE_FUTURES,ZN,bond,APPENDIX_C_172_004,10-year US,ZNU5,326771,2015-07-26,PROVIDER_CONDITION_AVAILABLE,-2.59375,126.796875,124.203125,DEV_RECON_LOCAL_BACK_ADJUSTED_DATED_CONTRACT_CHAIN,2015-07-26T00:00:00Z,126.78125,126.828125,126.765625,3438.0,124.1875,124.234375,124.171875,3438.0
SOURCE_NATIVE_FUTURES,ZN,bond,APPENDIX_C_172_004,10-year US,ZNU5,326771,2015-07-27,PROVIDER_CONDITION_AVAILABLE,-2.59375,127.203125,124.609375,DEV_RECON_LOCAL_BACK_ADJUSTED_DATED_CONTRACT_CHAIN,2015-07-27T00:00:00Z,126.796875,127.28125,126.765625,746309.0,124.203125,124.6875,124.171875,746309.0
SOURCE_NATIVE_FUTURES,ZN,bond,APPENDIX_C_172_004,10-year US,ZNU5,326771,2015-07-28,PROVIDER_CONDITION_AVAILABLE,-2.59375,126.90625,124.3125,DEV_RECON_LOCAL_BACK_ADJUSTED_DATED_CONTRACT_CHAIN,2015-07-28T00:00:00Z,127.203125,127.21875,126.8125,811291.0,124.609375,124.625,124.21875,811291.0
SOURCE_NATIVE_FUTURES,ZN,bond,APPENDIX_C_172_004,10-year US,ZNU5,326771,2015-07-29,PROVIDER_CONDITION_AVAILABLE,-2.59375,126.65625,124.0625,DEV_RECON_LOCAL_BACK_ADJUSTED_DATED_CONTRACT_CHAIN,2015-07-29T00:00:00Z,126.90625,126.984375,126.625,765416.0,124.3125,124.390625,124.03125,765416.0
SOURCE_NATIVE_FUTURES,ZN,bond,APPENDIX_C_172_004,10-year US,ZNU5,326771,2015-07-30,PROVIDER_CONDITION_AVAILABLE,-2.59375,126.890625,124.296875,DEV_RECON_LOCAL_BACK_ADJUSTED_DATED_CONTRACT_CHAIN,2015-07-30T00:00:00Z,126.65625,126.90625,126.34375,1173836.0,124.0625,124.3125,123.75,1173836.0
SOURCE_NATIVE_FUTURES,ZN,bond,APPENDIX_C_172_004,10-year US,ZNU5,326771,2015-07-31,PROVIDER_CONDITION_AVAILABLE,-2.59375,127.609375,125.015625,DEV_RECON_LOCAL_BACK_ADJUSTED_DATED_CONTRACT_CHAIN,2015-07-31T00:00:00Z,126.875,127.625,126.640625,1344446.0,124.28125,125.03125,124.046875,1344446.0
SOURCE_NATIVE_FUTURES,ZN,bond,APPENDIX_C_172_004,10-year US,ZNU5,326771,2015-08-02,PROVIDER_CONDITION_AVAILABLE,-2.59375,127.453125,124.859375,DEV_RECON_LOCAL_BACK_ADJUSTED_DATED_CONTRACT_CHAIN,2015-08-02T00:00:00Z,127.578125,127.609375,127.453125,11701.0,124.984375,125.015625,124.859375,11701.0
SOURCE_NATIVE_FUTURES,ZN,bond,APPENDIX_C_172_004,10-year US,ZNU5,326771,2015-08-03,PROVIDER_CONDITION_AVAILABLE,-2.59375,127.828125,125.234375,DEV_RECON_LOCAL_BACK_ADJUSTED_DATED_CONTRACT_CHAIN,2015-08-03T00:00:00Z,127.453125,127.921875,127.359375,908994.0,124.859375,125.328125,124.765625,908994.0
SOURCE_NATIVE_FUTURES,ZN,bond,APPENDIX_C_172_004,10-year US,ZNU5,326771,2015-08-04,PROVIDER_CONDITION_AVAILABLE,-2.59375,127.046875,124.453125,DEV_RECON_LOCAL_BACK_ADJUSTED_DATED_CONTRACT_CHAIN,2015-08-04T00:00:00Z,127.828125,127.859375,127.046875,944427.0,125.234375,125.265625,124.453125,944427.0
SOURCE_NATIVE_FUTURES,ZN,bond,APPENDIX_C_172_004,10-year US,ZNU5,326771,2015-08-05,PROVIDER_CONDITION_AVAILABLE,-2.59375,126.734375,124.140625,DEV_RECON_LOCAL_BACK_ADJUSTED_DATED_CONTRACT_CHAIN,2015-08-05T00:00:00Z,127.03125,127.234375,126.546875,1251137.0,124.4375,124.640625,123.953125,1251137.0
SOURCE_NATIVE_FUTURES,ZN,bond,APPENDIX_C_172_004,10-year US,ZNU5,326771,2015-08-06,PROVIDER_CONDITION_AVAILABLE,-2.59375,127.0625,124.46875,DEV_RECON_LOCAL_BACK_ADJUSTED_DATED_CONTRACT_CHAIN,2015-08-06T00:00:00Z,126.71875,127.140625,126.65625,799327.0,124.125,124.546875,124.0625,799327.0
SOURCE_NATIVE_FUTURES,ZN,bond,APPENDIX_C_172_004,10-year US,ZNU5,326771,2015-08-07,PROVIDER_CONDITION_AVAILABLE,-2.59375,127.546875,124.953125,DEV_RECON_LOCAL_BACK_ADJUSTED_DATED_CONTRACT_CHAIN,2015-08-07T00:00:00Z,127.0625,127.5625,126.8125,1109666.0,124.46875,124.96875,124.21875,1109666.0
SOURCE_NATIVE_FUTURES,ZN,bond,APPENDIX_C_172_004,10-year US,ZNU5,326771,2015-08-09,PROVIDER_CONDITION_AVAILABLE,-2.59375,127.4375,124.84375,DEV_RECON_LOCAL_BACK_ADJUSTED_DATED_CONTRACT_CHAIN,2015-08-09T00:00:00Z,127.5,127.515625,127.4375,8368.0,124.90625,124.921875,124.84375,8368.0
SOURCE_NATIVE_FUTURES,ZN,bond,APPENDIX_C_172_004,10-year US,ZNU5,326771,2015-08-10,PROVIDER_CONDITION_AVAILABLE,-2.59375,127.0625,124.46875,DEV_RECON_LOCAL_BACK_ADJUSTED_DATED_CONTRACT_CHAIN,2015-08-10T00:00:00Z,127.453125,127.453125,126.953125,640766.0,124.859375,124.859375,124.359375,640766.0
SOURCE_NATIVE_FUTURES,ZN,bond,APPENDIX_C_172_004,10-year US,ZNU5,326771,2015-08-11,PROVIDER_CONDITION_AVAILABLE,-2.59375,127.765625,125.171875,DEV_RECON_LOCAL_BACK_ADJUSTED_DATED_CONTRACT_CHAIN,2015-08-11T00:00:00Z,127.046875,128.078125,127.046875,1182332.0,124.453125,125.484375,124.453125,1182332.0
SOURCE_NATIVE_FUTURES,ZN,bond,APPENDIX_C_172_004,10-year US,ZNU5,326771,2015-08-12,PROVIDER_CONDITION_AVAILABLE,-2.59375,127.921875,125.328125,DEV_RECON_LOCAL_BACK_ADJUSTED_DATED_CONTRACT_CHAIN,2015-08-12T00:00:00Z,127.78125,128.6875,127.703125,1505101.0,125.1875,126.09375,125.109375,1505101.0
SOURCE_NATIVE_FUTURES,ZN,bond,APPENDIX_C_172_004,10-year US,ZNU5,326771,2015-08-13,PROVIDER_CONDITION_AVAILABLE,-2.59375,127.5,124.90625,DEV_RECON_LOCAL_BACK_ADJUSTED_DATED_CONTRACT_CHAIN,2015-08-13T00:00:00Z,127.921875,128.21875,127.40625,1216996.0,125.328125,125.625,124.8125,1216996.0
SOURCE_NATIVE_FUTURES,ZN,bond,APPENDIX_C_172_004,10-year US,ZNU5,326771,2015-08-14,PROVIDER_CONDITION_AVAILABLE,-2.59375,127.328125,124.734375,DEV_RECON_LOCAL_BACK_ADJUSTED_DATED_CONTRACT_CHAIN,2015-08-14T00:00:00Z,127.5,127.6875,127.1875,689383.0,124.90625,125.09375,124.59375,689383.0
SOURCE_NATIVE_FUTURES,ZN,bond,APPENDIX_C_172_004,10-year US,ZNU5,326771,2015-08-16,PROVIDER_CONDITION_AVAILABLE,-2.59375,127.390625,124.796875,DEV_RECON_LOCAL_BACK_ADJUSTED_DATED_CONTRACT_CHAIN,2015-08-16T00:00:00Z,127.390625,127.453125,127.359375,4883.0,124.796875,124.859375,124.765625,4883.0
SOURCE_NATIVE_FUTURES,ZN,bond,APPENDIX_C_172_004,10-year US,ZNU5,326771,2015-08-17,PROVIDER_CONDITION_AVAILABLE,-2.59375,127.6875,125.09375,DEV_RECON_LOCAL_BACK_ADJUSTED_DATED_CONTRACT_CHAIN,2015-08-17T00:00:00Z,127.375,127.828125,127.328125,633100.0,124.78125,125.234375,124.734375,633100.0
SOURCE_NATIVE_FUTURES,ZN,bond,APPENDIX_C_172_004,10-year US,ZNU5,326771,2015-08-18,PROVIDER_CONDITION_AVAILABLE,-2.59375,127.46875,124.875,DEV_RECON_LOCAL_BACK_ADJUSTED_DATED_CONTRACT_CHAIN,2015-08-18T00:00:00Z,127.6875,127.90625,127.375,694997.0,125.09375,125.3125,124.78125,694997.0
SOURCE_NATIVE_FUTURES,ZN,bond,APPENDIX_C_172_004,10-year US,ZNZ5,184597,2015-08-19,PROVIDER_CONDITION_AVAILABLE,-1.984375,127.46875,125.484375,DEV_RECON_LOCAL_BACK_ADJUSTED_DATED_CONTRACT_CHAIN,2015-08-19T00:00:00Z,126.859375,127.59375,126.5,13061.0,124.875,125.609375,124.515625,13061.0
SOURCE_NATIVE_FUTURES,ZN,bond,APPENDIX_C_172_004,10-year US,ZNZ5,184597,2015-08-20,PROVIDER_CONDITION_AVAILABLE,-1.984375,127.828125,125.84375,DEV_RECON_LOCAL_BACK_ADJUSTED_DATED_CONTRACT_CHAIN,2015-08-20T00:00:00Z,127.453125,127.890625,127.453125,11127.0,125.46875,125.90625,125.46875,11127.0
SOURCE_NATIVE_FUTURES,ZN,bond,APPENDIX_C_172_004,10-year US,ZNZ5,184597,2015-08-21,PROVIDER_CONDITION_AVAILABLE,-1.984375,128.1875,126.203125,DEV_RECON_LOCAL_BACK_ADJUSTED_DATED_CONTRACT_CHAIN,2015-08-21T00:00:00Z,127.8125,128.296875,127.75,25317.0,125.828125,126.3125,125.765625,25317.0
SOURCE_NATIVE_FUTURES,ZN,bond,APPENDIX_C_172_004,10-year US,ZNZ5,184597,2015-08-23,PROVIDER_CONDITION_AVAILABLE,-1.984375,128.28125,126.296875,DEV_RECON_LOCAL_BACK_ADJUSTED_DATED_CONTRACT_CHAIN,2015-08-23T00:00:00Z,128.25,128.390625,128.21875,1095.0,126.265625,126.40625,126.234375,1095.0
SOURCE_NATIVE_FUTURES,ZN,bond,APPENDIX_C_172_004,10-year US,ZNZ5,184597,2015-08-24,PROVIDER_CONDITION_AVAILABLE,-1.984375,128.453125,126.46875,DEV_RECON_LOCAL_BACK_ADJUSTED_DATED_CONTRACT_CHAIN,2015-08-24T00:00:00Z,128.28125,129.328125,128.15625,125767.0,126.296875,127.34375,126.171875,125767.0
SOURCE_NATIVE_FUTURES,ZN,bond,APPENDIX_C_172_004,10-year US,ZNZ5,184597,2015-08-25,PROVIDER_CONDITION_AVAILABLE,-1.984375,128.203125,126.21875,DEV_RECON_LOCAL_BACK_ADJUSTED_DATED_CONTRACT_CHAIN,2015-08-25T00:00:00Z,128.46875,128.5625,127.484375,175095.0,126.484375,126.578125,125.5,175095.0
SOURCE_NATIVE_FUTURES,ZN,bond,APPENDIX_C_172_004,10-year US,ZNZ5,184597,2015-08-26,PROVIDER_CONDITION_AVAILABLE,-1.984375,127.40625,125.421875,DEV_RECON_LOCAL_BACK_ADJUSTED_DATED_CONTRACT_CHAIN,2015-08-26T00:00:00Z,128.1875,128.25,127.234375,344509.0,126.203125,126.265625,125.25,344509.0
SOURCE_NATIVE_FUTURES,ZN,bond,APPENDIX_C_172_004,10-year US,ZNZ5,184597,2015-08-27,PROVIDER_CONDITION_AVAILABLE,-1.984375,127.1875,125.203125,DEV_RECON_LOCAL_BACK_ADJUSTED_DATED_CONTRACT_CHAIN,2015-08-27T00:00:00Z,127.40625,127.609375,127.0,439319.0,125.421875,125.625,125.015625,439319.0
SOURCE_NATIVE_FUTURES,ZN,bond,APPENDIX_C_172_004,10-year US,ZNZ5,184597,2015-08-28,PROVIDER_CONDITION_AVAILABLE,-1.984375,127.265625,125.28125,DEV_RECON_LOCAL_BACK_ADJUSTED_DATED_CONTRACT_CHAIN,2015-08-28T00:00:00Z,127.1875,127.765625,127.09375,463261.0,125.203125,125.78125,125.109375,463261.0
SOURCE_NATIVE_FUTURES,ZN,bond,APPENDIX_C_172_004,10-year US,ZNZ5,184597,2015-08-30,PROVIDER_CONDITION_AVAILABLE,-1.984375,127.09375,125.109375,DEV_RECON_LOCAL_BACK_ADJUSTED_DATED_CONTRACT_CHAIN,2015-08-30T00:00:00Z,126.75,127.125,126.75,22821.0,124.765625,125.140625,124.765625,22821.0
SOURCE_NATIVE_FUTURES,ZN,bond,APPENDIX_C_172_004,10-year US,ZNZ5,184597,2015-08-31,PROVIDER_CONDITION_AVAILABLE,-1.984375,126.96875,124.984375,DEV_RECON_LOCAL_BACK_ADJUSTED_DATED_CONTRACT_CHAIN,2015-08-31T00:00:00Z,127.09375,127.59375,126.890625,919759.0,125.109375,125.609375,124.90625,919759.0
SOURCE_NATIVE_FUTURES,ZN,bond,APPENDIX_C_172_004,10-year US,ZNZ5,184597,2015-09-01,PROVIDER_CONDITION_AVAILABLE,-1.984375,127.421875,125.4375,DEV_RECON_LOCAL_BACK_ADJUSTED_DATED_CONTRACT_CHAIN,2015-09-01T00:00:00Z,126.96875,127.5,126.953125,1154535.0,124.984375,125.515625,124.96875,1154535.0
SOURCE_NATIVE_FUTURES,ZN,bond,APPENDIX_C_172_004,10-year US,ZNZ5,184597,2015-09-02,PROVIDER_CONDITION_AVAILABLE,-1.984375,127.265625,125.28125,DEV_RECON_LOCAL_BACK_ADJUSTED_DATED_CONTRACT_CHAIN,2015-09-02T00:00:00Z,127.4375,127.546875,127.078125,959039.0,125.453125,125.5625,125.09375,959039.0
SOURCE_NATIVE_FUTURES,ZN,bond,APPENDIX_C_172_004,10-year US,ZNZ5,184597,2015-09-03,PROVIDER_CONDITION_AVAILABLE,-1.984375,127.4375,125.453125,DEV_RECON_LOCAL_BACK_ADJUSTED_DATED_CONTRACT_CHAIN,2015-09-03T00:00:00Z,127.265625,127.546875,127.15625,855413.0,125.28125,125.5625,125.171875,855413.0
SOURCE_NATIVE_FUTURES,ZN,bond,APPENDIX_C_172_004,10-year US,ZNZ5,184597,2015-09-04,PROVIDER_CONDITION_AVAILABLE,-1.984375,127.734375,125.75,DEV_RECON_LOCAL_BACK_ADJUSTED_DATED_CONTRACT_CHAIN,2015-09-04T00:00:00Z,127.4375,128.125,127.375,1160053.0,125.453125,126.140625,125.390625,1160053.0
SOURCE_NATIVE_FUTURES,ZN,bond,APPENDIX_C_172_004,10-year US,ZNZ5,184597,2015-09-06,PROVIDER_CONDITION_AVAILABLE,-1.984375,127.59375,125.609375,DEV_RECON_LOCAL_BACK_ADJUSTED_DATED_CONTRACT_CHAIN,2015-09-06T00:00:00Z,127.75,127.765625,127.5625,5300.0,125.765625,125.78125,125.578125,5300.0
SOURCE_NATIVE_FUTURES,ZN,bond,APPENDIX_C_172_004,10-year US,ZNZ5,184597,2015-09-07,PROVIDER_CONDITION_AVAILABLE,-1.984375,127.53125,125.546875,DEV_RECON_LOCAL_BACK_ADJUSTED_DATED_CONTRACT_CHAIN,2015-09-07T00:00:00Z,127.59375,127.6875,127.40625,90074.0,125.609375,125.703125,125.421875,90074.0
SOURCE_NATIVE_FUTURES,ZN,bond,APPENDIX_C_172_004,10-year US,ZNZ5,184597,2015-09-08,PROVIDER_CONDITION_AVAILABLE,-1.984375,127.328125,125.34375,DEV_RECON_LOCAL_BACK_ADJUSTED_DATED_CONTRACT_CHAIN,2015-09-08T00:00:00Z,127.53125,127.75,127.234375,640787.0,125.546875,125.765625,125.25,640787.0
SOURCE_NATIVE_FUTURES,ZN,bond,APPENDIX_C_172_004,10-year US,ZNZ5,184597,2015-09-09,PROVIDER_CONDITION_AVAILABLE,-1.984375,127.40625,125.421875,DEV_RECON_LOCAL_BACK_ADJUSTED_DATED_CONTRACT_CHAIN,2015-09-09T00:00:00Z,127.3125,127.484375,126.796875,1137921.0,125.328125,125.5,124.8125,1137921.0
SOURCE_NATIVE_FUTURES,ZN,bond,APPENDIX_C_172_004,10-year US,ZNZ5,184597,2015-09-10,PROVIDER_CONDITION_AVAILABLE,-1.984375,127.140625,125.15625,DEV_RECON_LOCAL_BACK_ADJUSTED_DATED_CONTRACT_CHAIN,2015-09-10T00:00:00Z,127.390625,127.484375,127.0,937397.0,125.40625,125.5,125.015625,937397.0
SOURCE_NATIVE_FUTURES,ZN,bond,APPENDIX_C_172_004,10-year US,ZNZ5,184597,2015-09-11,PROVIDER_CONDITION_AVAILABLE,-1.984375,127.4375,125.453125,DEV_RECON_LOCAL_BACK_ADJUSTED_DATED_CONTRACT_CHAIN,2015-09-11T00:00:00Z,127.125,127.59375,127.09375,667672.0,125.140625,125.609375,125.109375,667672.0
SOURCE_NATIVE_FUTURES,ZN,bond,APPENDIX_C_172_004,10-year US,ZNZ5,184597,2015-09-13,PROVIDER_CONDITION_AVAILABLE,-1.984375,127.359375,125.375,DEV_RECON_LOCAL_BACK_ADJUSTED_DATED_CONTRACT_CHAIN,2015-09-13T00:00:00Z,127.453125,127.484375,127.34375,5891.0,125.46875,125.5,125.359375,5891.0
SOURCE_NATIVE_FUTURES,ZN,bond,APPENDIX_C_172_004,10-year US,ZNZ5,184597,2015-09-14,PROVIDER_CONDITION_AVAILABLE,-1.984375,127.53125,125.546875,DEV_RECON_LOCAL_BACK_ADJUSTED_DATED_CONTRACT_CHAIN,2015-09-14T00:00:00Z,127.359375,127.6875,127.34375,514124.0,125.375,125.703125,125.359375,514124.0
SOURCE_NATIVE_FUTURES,ZN,bond,APPENDIX_C_172_004,10-year US,ZNZ5,184597,2015-09-15,PROVIDER_CONDITION_AVAILABLE,-1.984375,126.734375,124.75,DEV_RECON_LOCAL_BACK_ADJUSTED_DATED_CONTRACT_CHAIN,2015-09-15T00:00:00Z,127.515625,127.703125,126.578125,944300.0,125.53125,125.71875,124.59375,944300.0
SOURCE_NATIVE_FUTURES,ZN,bond,APPENDIX_C_172_004,10-year US,ZNZ5,184597,2015-09-16,PROVIDER_CONDITION_AVAILABLE,-1.984375,126.546875,124.5625,DEV_RECON_LOCAL_BACK_ADJUSTED_DATED_CONTRACT_CHAIN,2015-09-16T00:00:00Z,126.75,126.875,126.515625,954209.0,124.765625,124.890625,124.53125,954209.0
SOURCE_NATIVE_FUTURES,ZN,bond,APPENDIX_C_172_004,10-year US,ZNZ5,184597,2015-09-17,PROVIDER_CONDITION_AVAILABLE,-1.984375,127.5,125.515625,DEV_RECON_LOCAL_BACK_ADJUSTED_DATED_CONTRACT_CHAIN,2015-09-17T00:00:00Z,126.5625,127.53125,126.546875,1114381.0,124.578125,125.546875,124.5625,1114381.0
SOURCE_NATIVE_FUTURES,ZN,bond,APPENDIX_C_172_004,10-year US,ZNZ5,184597,2015-09-18,PROVIDER_CONDITION_AVAILABLE,-1.984375,127.921875,125.9375,DEV_RECON_LOCAL_BACK_ADJUSTED_DATED_CONTRACT_CHAIN,2015-09-18T00:00:00Z,127.484375,128.015625,127.46875,1038638.0,125.5,126.03125,125.484375,1038638.0
SOURCE_NATIVE_FUTURES,ZN,bond,APPENDIX_C_172_004,10-year US,ZNZ5,184597,2015-09-20,PROVIDER_CONDITION_AVAILABLE,-1.984375,127.828125,125.84375,DEV_RECON_LOCAL_BACK_ADJUSTED_DATED_CONTRACT_CHAIN,2015-09-20T00:00:00Z,127.90625,127.90625,127.796875,6466.0,125.921875,125.921875,125.8125,6466.0
SOURCE_NATIVE_FUTURES,ZN,bond,APPENDIX_C_172_004,10-year US,ZNZ5,184597,2015-09-21,PROVIDER_CONDITION_AVAILABLE,-1.984375,127.46875,125.484375,DEV_RECON_LOCAL_BACK_ADJUSTED_DATED_CONTRACT_CHAIN,2015-09-21T00:00:00Z,127.8125,127.859375,127.328125,717362.0,125.828125,125.875,125.34375,717362.0
SOURCE_NATIVE_FUTURES,ZN,bond,APPENDIX_C_172_004,10-year US,ZNZ5,184597,2015-09-22,PROVIDER_CONDITION_AVAILABLE,-1.984375,128.046875,126.0625,DEV_RECON_LOCAL_BACK_ADJUSTED_DATED_CONTRACT_CHAIN,2015-09-22T00:00:00Z,127.453125,128.1875,127.4375,908720.0,125.46875,126.203125,125.453125,908720.0
SOURCE_NATIVE_FUTURES,ZN,bond,APPENDIX_C_172_004,10-year US,ZNZ5,184597,2015-09-23,PROVIDER_CONDITION_AVAILABLE,-1.984375,127.921875,125.9375,DEV_RECON_LOCAL_BACK_ADJUSTED_DATED_CONTRACT_CHAIN,2015-09-23T00:00:00Z,128.0625,128.34375,127.78125,867506.0,126.078125,126.359375,125.796875,867506.0
SOURCE_NATIVE_FUTURES,ZN,bond,APPENDIX_C_172_004,10-year US,ZNZ5,184597,2015-09-24,PROVIDER_CONDITION_AVAILABLE,-1.984375,127.859375,125.875,DEV_RECON_LOCAL_BACK_ADJUSTED_DATED_CONTRACT_CHAIN,2015-09-24T00:00:00Z,127.9375,128.46875,127.8125,1232782.0,125.953125,126.484375,125.828125,1232782.0
SOURCE_NATIVE_FUTURES,ZN,bond,APPENDIX_C_172_004,10-year US,ZNZ5,184597,2015-09-25,PROVIDER_CONDITION_AVAILABLE,-1.984375,127.875,125.890625,DEV_RECON_LOCAL_BACK_ADJUSTED_DATED_CONTRACT_CHAIN,2015-09-25T00:00:00Z,127.859375,127.984375,127.4375,1080141.0,125.875,126.0,125.453125,1080141.0
SOURCE_NATIVE_FUTURES,ZN,bond,APPENDIX_C_172_004,10-year US,ZNZ5,184597,2015-09-27,PROVIDER_CONDITION_AVAILABLE,-1.984375,127.9375,125.953125,DEV_RECON_LOCAL_BACK_ADJUSTED_DATED_CONTRACT_CHAIN,2015-09-27T00:00:00Z,127.890625,127.953125,127.875,5593.0,125.90625,125.96875,125.890625,5593.0
SOURCE_NATIVE_FUTURES,ZN,bond,APPENDIX_C_172_004,10-year US,ZNZ5,184597,2015-09-28,PROVIDER_CONDITION_AVAILABLE,-1.984375,128.421875,126.4375,DEV_RECON_LOCAL_BACK_ADJUSTED_DATED_CONTRACT_CHAIN,2015-09-28T00:00:00Z,127.9375,128.453125,127.828125,948732.0,125.953125,126.46875,125.84375,948732.0
SOURCE_NATIVE_FUTURES,ZN,bond,APPENDIX_C_172_004,10-year US,ZNZ5,184597,2015-09-29,PROVIDER_CONDITION_AVAILABLE,-1.984375,128.703125,126.71875,DEV_RECON_LOCAL_BACK_ADJUSTED_DATED_CONTRACT_CHAIN,2015-09-29T00:00:00Z,128.4375,128.890625,128.265625,1261953.0,126.453125,126.90625,126.28125,1261953.0
SOURCE_NATIVE_FUTURES,ZN,bond,APPENDIX_C_172_004,10-year US,ZNZ5,184597,2015-09-30,PROVIDER_CONDITION_AVAILABLE,-1.984375,128.84375,126.859375,DEV_RECON_LOCAL_BACK_ADJUSTED_DATED_CONTRACT_CHAIN,2015-09-30T00:00:00Z,128.703125,128.921875,128.34375,1210247.0,126.71875,126.9375,126.359375,1210247.0
SOURCE_NATIVE_FUTURES,ZN,bond,APPENDIX_C_172_004,10-year US,ZNZ5,184597,2015-10-01,PROVIDER_CONDITION_AVAILABLE,-1.984375,128.71875,126.734375,DEV_RECON_LOCAL_BACK_ADJUSTED_DATED_CONTRACT_CHAIN,2015-10-01T00:00:00Z,128.84375,129.03125,128.578125,1159091.0,126.859375,127.046875,126.59375,1159091.0
SOURCE_NATIVE_FUTURES,ZN,bond,APPENDIX_C_172_004,10-year US,ZNZ5,184597,2015-10-02,PROVIDER_CONDITION_AVAILABLE,-1.984375,129.265625,127.28125,DEV_RECON_LOCAL_BACK_ADJUSTED_DATED_CONTRACT_CHAIN,2015-10-02T00:00:00Z,128.71875,130.015625,128.59375,1822316.0,126.734375,128.03125,126.609375,1822316.0
SOURCE_NATIVE_FUTURES,ZN,bond,APPENDIX_C_172_004,10-year US,ZNZ5,184597,2015-10-04,PROVIDER_CONDITION_AVAILABLE,-1.984375,129.390625,127.40625,DEV_RECON_LOCAL_BACK_ADJUSTED_DATED_CONTRACT_CHAIN,2015-10-04T00:00:00Z,129.296875,129.390625,129.265625,6072.0,127.3125,127.40625,127.28125,6072.0
SOURCE_NATIVE_FUTURES,ZN,bond,APPENDIX_C_172_004,10-year US,ZNZ5,184597,2015-10-05,PROVIDER_CONDITION_AVAILABLE,-1.984375,128.90625,126.921875,DEV_RECON_LOCAL_BACK_ADJUSTED_DATED_CONTRACT_CHAIN,2015-10-05T00:00:00Z,129.390625,129.46875,128.78125,851442.0,127.40625,127.484375,126.796875,851442.0
SOURCE_NATIVE_FUTURES,ZN,bond,APPENDIX_C_172_004,10-year US,ZNZ5,184597,2015-10-06,PROVIDER_CONDITION_AVAILABLE,-1.984375,129.03125,127.046875,DEV_RECON_LOCAL_BACK_ADJUSTED_DATED_CONTRACT_CHAIN,2015-10-06T00:00:00Z,128.90625,129.125,128.6875,1022395.0,126.921875,127.140625,126.703125,1022395.0
SOURCE_NATIVE_FUTURES,ZN,bond,APPENDIX_C_172_004,10-year US,ZNZ5,184597,2015-10-07,PROVIDER_CONDITION_AVAILABLE,-1.984375,128.78125,126.796875,DEV_RECON_LOCAL_BACK_ADJUSTED_DATED_CONTRACT_CHAIN,2015-10-07T00:00:00Z,129.03125,129.0625,128.609375,955876.0,127.046875,127.078125,126.625,955876.0
SOURCE_NATIVE_FUTURES,ZN,bond,APPENDIX_C_172_004,10-year US,ZNZ5,184597,2015-10-08,PROVIDER_CONDITION_AVAILABLE,-1.984375,128.578125,126.59375,DEV_RECON_LOCAL_BACK_ADJUSTED_DATED_CONTRACT_CHAIN,2015-10-08T00:00:00Z,128.78125,129.0625,128.359375,1134203.0,126.796875,127.078125,126.375,1134203.0
SOURCE_NATIVE_FUTURES,ZN,bond,APPENDIX_C_172_004,10-year US,ZNZ5,184597,2015-10-09,PROVIDER_CONDITION_AVAILABLE,-1.984375,128.546875,126.5625,DEV_RECON_LOCAL_BACK_ADJUSTED_DATED_CONTRACT_CHAIN,2015-10-09T00:00:00Z,128.59375,128.71875,128.171875,912218.0,126.609375,126.734375,126.1875,912218.0
SOURCE_NATIVE_FUTURES,ZN,bond,APPENDIX_C_172_004,10-year US,ZNZ5,184597,2015-10-11,PROVIDER_CONDITION_AVAILABLE,-1.984375,128.515625,126.53125,DEV_RECON_LOCAL_BACK_ADJUSTED_DATED_CONTRACT_CHAIN,2015-10-11T00:00:00Z,128.5625,128.5625,128.453125,3272.0,126.578125,126.578125,126.46875,3272.0
SOURCE_NATIVE_FUTURES,ZN,bond,APPENDIX_C_172_004,10-year US,ZNZ5,184597,2015-10-12,PROVIDER_CONDITION_AVAILABLE,-1.984375,128.703125,126.71875,DEV_RECON_LOCAL_BACK_ADJUSTED_DATED_CONTRACT_CHAIN,2015-10-12T00:00:00Z,128.515625,128.8125,128.4375,153529.0,126.53125,126.828125,126.453125,153529.0
SOURCE_NATIVE_FUTURES,ZN,bond,APPENDIX_C_172_004,10-year US,ZNZ5,184597,2015-10-13,PROVIDER_CONDITION_AVAILABLE,-1.984375,128.921875,126.9375,DEV_RECON_LOCAL_BACK_ADJUSTED_DATED_CONTRACT_CHAIN,2015-10-13T00:00:00Z,128.703125,129.015625,128.625,808692.0,126.71875,127.03125,126.640625,808692.0
SOURCE_NATIVE_FUTURES,ZN,bond,APPENDIX_C_172_004,10-year US,ZNZ5,184597,2015-10-14,PROVIDER_CONDITION_AVAILABLE,-1.984375,129.5625,127.578125,DEV_RECON_LOCAL_BACK_ADJUSTED_DATED_CONTRACT_CHAIN,2015-10-14T00:00:00Z,128.921875,129.625,128.90625,1166056.0,126.9375,127.640625,126.921875,1166056.0
SOURCE_NATIVE_FUTURES,ZN,bond,APPENDIX_C_172_004,10-year US,ZNZ5,184597,2015-10-15,PROVIDER_CONDITION_AVAILABLE,-1.984375,129.09375,127.109375,DEV_RECON_LOCAL_BACK_ADJUSTED_DATED_CONTRACT_CHAIN,2015-10-15T00:00:00Z,129.578125,129.59375,129.0625,1006142.0,127.59375,127.609375,127.078125,1006142.0
SOURCE_NATIVE_FUTURES,ZN,bond,APPENDIX_C_172_004,10-year US,ZNZ5,184597,2015-10-16,PROVIDER_CONDITION_AVAILABLE,-1.984375,128.953125,126.96875,DEV_RECON_LOCAL_BACK_ADJUSTED_DATED_CONTRACT_CHAIN,2015-10-16T00:00:00Z,129.078125,129.296875,128.9375,727729.0,127.09375,127.3125,126.953125,727729.0
SOURCE_NATIVE_FUTURES,ZN,bond,APPENDIX_C_172_004,10-year US,ZNZ5,184597,2015-10-18,PROVIDER_CONDITION_AVAILABLE,-1.984375,129.03125,127.046875,DEV_RECON_LOCAL_BACK_ADJUSTED_DATED_CONTRACT_CHAIN,2015-10-18T00:00:00Z,128.953125,129.0625,128.9375,8302.0,126.96875,127.078125,126.953125,8302.0
SOURCE_NATIVE_FUTURES,ZN,bond,APPENDIX_C_172_004,10-year US,ZNZ5,184597,2015-10-19,PROVIDER_CONDITION_AVAILABLE,-1.984375,128.984375,127.0,DEV_RECON_LOCAL_BACK_ADJUSTED_DATED_CONTRACT_CHAIN,2015-10-19T00:00:00Z,129.046875,129.125,128.71875,830728.0,127.0625,127.140625,126.734375,830728.0
SOURCE_NATIVE_FUTURES,ZN,bond,APPENDIX_C_172_004,10-year US,ZNZ5,184597,2015-10-20,PROVIDER_CONDITION_AVAILABLE,-1.984375,128.65625,126.671875,DEV_RECON_LOCAL_BACK_ADJUSTED_DATED_CONTRACT_CHAIN,2015-10-20T00:00:00Z,129.0,129.0625,128.484375,999894.0,127.015625,127.078125,126.5,999894.0
SOURCE_NATIVE_FUTURES,ZN,bond,APPENDIX_C_172_004,10-year US,ZNZ5,184597,2015-10-21,PROVIDER_CONDITION_AVAILABLE,-1.984375,128.953125,126.96875,DEV_RECON_LOCAL_BACK_ADJUSTED_DATED_CONTRACT_CHAIN,2015-10-21T00:00:00Z,128.640625,129.0,128.53125,810040.0,126.65625,127.015625,126.546875,810040.0
SOURCE_NATIVE_FUTURES,ZN,bond,APPENDIX_C_172_004,10-year US,ZNZ5,184597,2015-10-22,PROVIDER_CONDITION_AVAILABLE,-1.984375,128.84375,126.859375,DEV_RECON_LOCAL_BACK_ADJUSTED_DATED_CONTRACT_CHAIN,2015-10-22T00:00:00Z,128.9375,129.09375,128.671875,1067962.0,126.953125,127.109375,126.6875,1067962.0
SOURCE_NATIVE_FUTURES,ZN,bond,APPENDIX_C_172_004,10-year US,ZNZ5,184597,2015-10-23,PROVIDER_CONDITION_AVAILABLE,-1.984375,128.375,126.390625,DEV_RECON_LOCAL_BACK_ADJUSTED_DATED_CONTRACT_CHAIN,2015-10-23T00:00:00Z,128.84375,128.921875,128.28125,1167758.0,126.859375,126.9375,126.296875,1167758.0
SOURCE_NATIVE_FUTURES,ZN,bond,APPENDIX_C_172_004,10-year US,ZNZ5,184597,2015-10-25,PROVIDER_CONDITION_AVAILABLE,-1.984375,128.390625,126.40625,DEV_RECON_LOCAL_BACK_ADJUSTED_DATED_CONTRACT_CHAIN,2015-10-25T00:00:00Z,128.40625,128.4375,128.375,6723.0,126.421875,126.453125,126.390625,6723.0
SOURCE_NATIVE_FUTURES,ZN,bond,APPENDIX_C_172_004,10-year US,ZNZ5,184597,2015-10-26,PROVIDER_CONDITION_AVAILABLE,-1.984375,128.625,126.640625,DEV_RECON_LOCAL_BACK_ADJUSTED_DATED_CONTRACT_CHAIN,2015-10-26T00:00:00Z,128.390625,128.671875,128.328125,702921.0,126.40625,126.6875,126.34375,702921.0
SOURCE_NATIVE_FUTURES,ZN,bond,APPENDIX_C_172_004,10-year US,ZNZ5,184597,2015-10-27,PROVIDER_CONDITION_AVAILABLE,-1.984375,128.828125,126.84375,DEV_RECON_LOCAL_BACK_ADJUSTED_DATED_CONTRACT_CHAIN,2015-10-27T00:00:00Z,128.625,129.078125,128.5625,902441.0,126.640625,127.09375,126.578125,902441.0
SOURCE_NATIVE_FUTURES,ZN,bond,APPENDIX_C_172_004,10-year US,ZNZ5,184597,2015-10-28,PROVIDER_CONDITION_AVAILABLE,-1.984375,128.1875,126.203125,DEV_RECON_LOCAL_BACK_ADJUSTED_DATED_CONTRACT_CHAIN,2015-10-28T00:00:00Z,128.8125,128.90625,128.0625,1252967.0,126.828125,126.921875,126.078125,1252967.0
SOURCE_NATIVE_FUTURES,ZN,bond,APPENDIX_C_172_004,10-year US,ZNZ5,184597,2015-10-29,PROVIDER_CONDITION_AVAILABLE,-1.984375,127.703125,125.71875,DEV_RECON_LOCAL_BACK_ADJUSTED_DATED_CONTRACT_CHAIN,2015-10-29T00:00:00Z,128.1875,128.265625,127.546875,1500477.0,126.203125,126.28125,125.5625,1500477.0
SOURCE_NATIVE_FUTURES,ZN,bond,APPENDIX_C_172_004,10-year US,ZNZ5,184597,2015-10-30,PROVIDER_CONDITION_AVAILABLE,-1.984375,127.71875,125.734375,DEV_RECON_LOCAL_BACK_ADJUSTED_DATED_CONTRACT_CHAIN,2015-10-30T00:00:00Z,127.703125,127.828125,127.453125,1404997.0,125.71875,125.84375,125.46875,1404997.0
SOURCE_NATIVE_FUTURES,ZN,bond,APPENDIX_C_172_004,10-year US,ZNZ5,184597,2015-11-01,PROVIDER_CONDITION_AVAILABLE,-1.984375,127.796875,125.8125,DEV_RECON_LOCAL_BACK_ADJUSTED_DATED_CONTRACT_CHAIN,2015-11-01T00:00:00Z,127.765625,127.8125,127.734375,8364.0,125.78125,125.828125,125.75,8364.0
SOURCE_NATIVE_FUTURES,ZN,bond,APPENDIX_C_172_004,10-year US,ZNZ5,184597,2015-11-02,PROVIDER_CONDITION_AVAILABLE,-1.984375,127.46875,125.484375,DEV_RECON_LOCAL_BACK_ADJUSTED_DATED_CONTRACT_CHAIN,2015-11-02T00:00:00Z,127.796875,127.828125,127.34375,916677.0,125.8125,125.84375,125.359375,916677.0
SOURCE_NATIVE_FUTURES,ZN,bond,APPENDIX_C_172_004,10-year US,ZNZ5,184597,2015-11-03,PROVIDER_CONDITION_AVAILABLE,-1.984375,127.171875,125.1875,DEV_RECON_LOCAL_BACK_ADJUSTED_DATED_CONTRACT_CHAIN,2015-11-03T00:00:00Z,127.453125,127.515625,127.046875,847369.0,125.46875,125.53125,125.0625,847369.0
SOURCE_NATIVE_FUTURES,ZN,bond,APPENDIX_C_172_004,10-year US,ZNZ5,184597,2015-11-04,PROVIDER_CONDITION_AVAILABLE,-1.984375,126.953125,124.96875,DEV_RECON_LOCAL_BACK_ADJUSTED_DATED_CONTRACT_CHAIN,2015-11-04T00:00:00Z,127.171875,127.28125,126.796875,1278255.0,125.1875,125.296875,124.8125,1278255.0
SOURCE_NATIVE_FUTURES,ZN,bond,APPENDIX_C_172_004,10-year US,ZNZ5,184597,2015-11-05,PROVIDER_CONDITION_AVAILABLE,-1.984375,126.921875,124.9375,DEV_RECON_LOCAL_BACK_ADJUSTED_DATED_CONTRACT_CHAIN,2015-11-05T00:00:00Z,126.953125,127.0625,126.671875,1167851.0,124.96875,125.078125,124.6875,1167851.0
SOURCE_NATIVE_FUTURES,ZN,bond,APPENDIX_C_172_004,10-year US,ZNZ5,184597,2015-11-06,PROVIDER_CONDITION_AVAILABLE,-1.984375,126.09375,124.109375,DEV_RECON_LOCAL_BACK_ADJUSTED_DATED_CONTRACT_CHAIN,2015-11-06T00:00:00Z,126.921875,127.0,125.875,1700095.0,124.9375,125.015625,123.890625,1700095.0
SOURCE_NATIVE_FUTURES,ZN,bond,APPENDIX_C_172_004,10-year US,ZNZ5,184597,2015-11-08,PROVIDER_CONDITION_AVAILABLE,-1.984375,126.09375,124.109375,DEV_RECON_LOCAL_BACK_ADJUSTED_DATED_CONTRACT_CHAIN,2015-11-08T00:00:00Z,126.125,126.140625,126.0625,6826.0,124.140625,124.15625,124.078125,6826.0
SOURCE_NATIVE_FUTURES,ZN,bond,APPENDIX_C_172_004,10-year US,ZNZ5,184597,2015-11-09,PROVIDER_CONDITION_AVAILABLE,-1.984375,126.0,124.015625,DEV_RECON_LOCAL_BACK_ADJUSTED_DATED_CONTRACT_CHAIN,2015-11-09T00:00:00Z,126.09375,126.109375,125.703125,1201645.0,124.109375,124.125,123.71875,1201645.0
SOURCE_NATIVE_FUTURES,ZN,bond,APPENDIX_C_172_004,10-year US,ZNZ5,184597,2015-11-10,PROVIDER_CONDITION_AVAILABLE,-1.984375,126.15625,124.171875,DEV_RECON_LOCAL_BACK_ADJUSTED_DATED_CONTRACT_CHAIN,2015-11-10T00:00:00Z,126.0,126.359375,125.984375,1042107.0,124.015625,124.375,124.0,1042107.0
SOURCE_NATIVE_FUTURES,ZN,bond,APPENDIX_C_172_004,10-year US,ZNZ5,184597,2015-11-11,PROVIDER_CONDITION_AVAILABLE,-1.984375,126.140625,124.15625,DEV_RECON_LOCAL_BACK_ADJUSTED_DATED_CONTRACT_CHAIN,2015-11-11T00:00:00Z,126.15625,126.234375,126.03125,215551.0,124.171875,124.25,124.046875,215551.0
SOURCE_NATIVE_FUTURES,ZN,bond,APPENDIX_C_172_004,10-year US,ZNZ5,184597,2015-11-12,PROVIDER_CONDITION_AVAILABLE,-1.984375,126.203125,124.21875,DEV_RECON_LOCAL_BACK_ADJUSTED_DATED_CONTRACT_CHAIN,2015-11-12T00:00:00Z,126.140625,126.375,126.015625,1054562.0,124.15625,124.390625,124.03125,1054562.0
SOURCE_NATIVE_FUTURES,ZN,bond,APPENDIX_C_172_004,10-year US,ZNZ5,184597,2015-11-13,PROVIDER_CONDITION_AVAILABLE,-1.984375,126.65625,124.671875,DEV_RECON_LOCAL_BACK_ADJUSTED_DATED_CONTRACT_CHAIN,2015-11-13T00:00:00Z,126.203125,126.65625,126.140625,985482.0,124.21875,124.671875,124.15625,985482.0
SOURCE_NATIVE_FUTURES,ZN,bond,APPENDIX_C_172_004,10-year US,ZNZ5,184597,2015-11-15,PROVIDER_CONDITION_AVAILABLE,-1.984375,126.859375,124.875,DEV_RECON_LOCAL_BACK_ADJUSTED_DATED_CONTRACT_CHAIN,2015-11-15T00:00:00Z,126.9375,126.9375,126.8125,31777.0,124.953125,124.953125,124.828125,31777.0
SOURCE_NATIVE_FUTURES,ZN,bond,APPENDIX_C_172_004,10-year US,ZNZ5,184597,2015-11-16,PROVIDER_CONDITION_AVAILABLE,-1.984375,126.640625,124.65625,DEV_RECON_LOCAL_BACK_ADJUSTED_DATED_CONTRACT_CHAIN,2015-11-16T00:00:00Z,126.859375,126.921875,126.578125,873157.0,124.875,124.9375,124.59375,873157.0
SOURCE_NATIVE_FUTURES,ZN,bond,APPENDIX_C_172_004,10-year US,ZNZ5,184597,2015-11-17,PROVIDER_CONDITION_AVAILABLE,-1.984375,126.640625,124.65625,DEV_RECON_LOCAL_BACK_ADJUSTED_DATED_CONTRACT_CHAIN,2015-11-17T00:00:00Z,126.640625,126.84375,126.3125,1007317.0,124.65625,124.859375,124.328125,1007317.0
SOURCE_NATIVE_FUTURES,ZN,bond,APPENDIX_C_172_004,10-year US,ZNH6,72174,2015-11-18,PROVIDER_CONDITION_AVAILABLE,-1.375,125.984375,124.609375,DEV_RECON_LOCAL_BACK_ADJUSTED_DATED_CONTRACT_CHAIN,2015-11-18T00:00:00Z,126.078125,126.125,125.8125,2996.0,124.703125,124.75,124.4375,2996.0
SOURCE_NATIVE_FUTURES,ZN,bond,APPENDIX_C_172_004,10-year US,ZNH6,72174,2015-11-19,PROVIDER_CONDITION_AVAILABLE,-1.375,126.15625,124.78125,DEV_RECON_LOCAL_BACK_ADJUSTED_DATED_CONTRACT_CHAIN,2015-11-19T00:00:00Z,126.0,126.296875,125.984375,10855.0,124.625,124.921875,124.609375,10855.0
SOURCE_NATIVE_FUTURES,ZN,bond,APPENDIX_C_172_004,10-year US,ZNH6,72174,2015-11-20,PROVIDER_CONDITION_AVAILABLE,-1.375,126.0625,124.6875,DEV_RECON_LOCAL_BACK_ADJUSTED_DATED_CONTRACT_CHAIN,2015-11-20T00:00:00Z,126.140625,126.359375,126.0625,21743.0,124.765625,124.984375,124.6875,21743.0
SOURCE_NATIVE_FUTURES,ZN,bond,APPENDIX_C_172_004,10-year US,ZNH6,72174,2015-11-22,PROVIDER_CONDITION_AVAILABLE,-1.375,125.953125,124.578125,DEV_RECON_LOCAL_BACK_ADJUSTED_DATED_CONTRACT_CHAIN,2015-11-22T00:00:00Z,126.046875,126.046875,125.953125,110.0,124.671875,124.671875,124.578125,110.0
SOURCE_NATIVE_FUTURES,ZN,bond,APPENDIX_C_172_004,10-year US,ZNH6,72174,2015-11-23,PROVIDER_CONDITION_AVAILABLE,-1.375,126.28125,124.90625,DEV_RECON_LOCAL_BACK_ADJUSTED_DATED_CONTRACT_CHAIN,2015-11-23T00:00:00Z,125.96875,126.34375,125.78125,87554.0,124.59375,124.96875,124.40625,87554.0
SOURCE_NATIVE_FUTURES,ZN,bond,APPENDIX_C_172_004,10-year US,ZNH6,72174,2015-11-24,PROVIDER_CONDITION_AVAILABLE,-1.375,126.3125,124.9375,DEV_RECON_LOCAL_BACK_ADJUSTED_DATED_CONTRACT_CHAIN,2015-11-24T00:00:00Z,126.28125,126.625,126.21875,184566.0,124.90625,125.25,124.84375,184566.0
SOURCE_NATIVE_FUTURES,ZN,bond,APPENDIX_C_172_004,10-year US,ZNH6,72174,2015-11-25,PROVIDER_CONDITION_AVAILABLE,-1.375,126.375,125.0,DEV_RECON_LOCAL_BACK_ADJUSTED_DATED_CONTRACT_CHAIN,2015-11-25T00:00:00Z,126.328125,126.53125,126.21875,335451.0,124.953125,125.15625,124.84375,335451.0
SOURCE_NATIVE_FUTURES,ZN,bond,APPENDIX_C_172_004,10-year US,ZNH6,72174,2015-11-26,PROVIDER_CONDITION_AVAILABLE,-1.375,126.484375,125.109375,DEV_RECON_LOCAL_BACK_ADJUSTED_DATED_CONTRACT_CHAIN,2015-11-26T00:00:00Z,126.359375,126.5625,126.359375,43647.0,124.984375,125.1875,124.984375,43647.0
SOURCE_NATIVE_FUTURES,ZN,bond,APPENDIX_C_172_004,10-year US,ZNH6,72174,2015-11-27,PROVIDER_CONDITION_AVAILABLE,-1.375,126.5,125.125,DEV_RECON_LOCAL_BACK_ADJUSTED_DATED_CONTRACT_CHAIN,2015-11-27T00:00:00Z,126.484375,126.625,126.421875,221454.0,125.109375,125.25,125.046875,221454.0
SOURCE_NATIVE_FUTURES,ZN,bond,APPENDIX_C_172_004,10-year US,ZNH6,72174,2015-11-29,PROVIDER_CONDITION_AVAILABLE,-1.375,126.5625,125.1875,DEV_RECON_LOCAL_BACK_ADJUSTED_DATED_CONTRACT_CHAIN,2015-11-29T00:00:00Z,126.5,126.578125,126.5,2946.0,125.125,125.203125,125.125,2946.0
SOURCE_NATIVE_FUTURES,ZN,bond,APPENDIX_C_172_004,10-year US,ZNH6,72174,2015-11-30,PROVIDER_CONDITION_AVAILABLE,-1.375,126.453125,125.078125,DEV_RECON_LOCAL_BACK_ADJUSTED_DATED_CONTRACT_CHAIN,2015-11-30T00:00:00Z,126.5625,126.578125,126.265625,743776.0,125.1875,125.203125,124.890625,743776.0
SOURCE_NATIVE_FUTURES,ZN,bond,APPENDIX_C_172_004,10-year US,ZNH6,72174,2015-12-01,PROVIDER_CONDITION_AVAILABLE,-1.375,126.9375,125.5625,DEV_RECON_LOCAL_BACK_ADJUSTED_DATED_CONTRACT_CHAIN,2015-12-01T00:00:00Z,126.4375,127.078125,126.234375,1113780.0,125.0625,125.703125,124.859375,1113780.0
SOURCE_NATIVE_FUTURES,ZN,bond,APPENDIX_C_172_004,10-year US,ZNH6,72174,2015-12-02,PROVIDER_CONDITION_AVAILABLE,-1.375,126.671875,125.296875,DEV_RECON_LOCAL_BACK_ADJUSTED_DATED_CONTRACT_CHAIN,2015-12-02T00:00:00Z,126.9375,127.0,126.5,972724.0,125.5625,125.625,125.125,972724.0
SOURCE_NATIVE_FUTURES,ZN,bond,APPENDIX_C_172_004,10-year US,ZNH6,72174,2015-12-03,PROVIDER_CONDITION_AVAILABLE,-1.375,125.765625,124.390625,DEV_RECON_LOCAL_BACK_ADJUSTED_DATED_CONTRACT_CHAIN,2015-12-03T00:00:00Z,126.671875,126.71875,125.34375,1423213.0,125.296875,125.34375,123.96875,1423213.0
SOURCE_NATIVE_FUTURES,ZN,bond,APPENDIX_C_172_004,10-year US,ZNH6,72174,2015-12-04,PROVIDER_CONDITION_AVAILABLE,-1.375,125.953125,124.578125,DEV_RECON_LOCAL_BACK_ADJUSTED_DATED_CONTRACT_CHAIN,2015-12-04T00:00:00Z,125.75,126.0625,125.28125,1526640.0,124.375,124.6875,123.90625,1526640.0
SOURCE_NATIVE_FUTURES,ZN,bond,APPENDIX_C_172_004,10-year US,ZNH6,72174,2015-12-06,PROVIDER_CONDITION_AVAILABLE,-1.375,125.875,124.5,DEV_RECON_LOCAL_BACK_ADJUSTED_DATED_CONTRACT_CHAIN,2015-12-06T00:00:00Z,125.875,125.90625,125.828125,5128.0,124.5,124.53125,124.453125,5128.0
SOURCE_NATIVE_FUTURES,ZN,bond,APPENDIX_C_172_004,10-year US,ZNH6,72174,2015-12-07,PROVIDER_CONDITION_AVAILABLE,-1.375,126.296875,124.921875,DEV_RECON_LOCAL_BACK_ADJUSTED_DATED_CONTRACT_CHAIN,2015-12-07T00:00:00Z,125.859375,126.484375,125.78125,842405.0,124.484375,125.109375,124.40625,842405.0
SOURCE_NATIVE_FUTURES,ZN,bond,APPENDIX_C_172_004,10-year US,ZNH6,72174,2015-12-08,PROVIDER_CONDITION_AVAILABLE,-1.375,126.40625,125.03125,DEV_RECON_LOCAL_BACK_ADJUSTED_DATED_CONTRACT_CHAIN,2015-12-08T00:00:00Z,126.296875,126.609375,126.1875,974433.0,124.921875,125.234375,124.8125,974433.0
SOURCE_NATIVE_FUTURES,ZN,bond,APPENDIX_C_172_004,10-year US,ZNH6,72174,2015-12-09,PROVIDER_CONDITION_AVAILABLE,-1.375,126.59375,125.21875,DEV_RECON_LOCAL_BACK_ADJUSTED_DATED_CONTRACT_CHAIN,2015-12-09T00:00:00Z,126.40625,126.765625,126.109375,1106959.0,125.03125,125.390625,124.734375,1106959.0
SOURCE_NATIVE_FUTURES,ZN,bond,APPENDIX_C_172_004,10-year US,ZNH6,72174,2015-12-10,PROVIDER_CONDITION_AVAILABLE,-1.375,126.34375,124.96875,DEV_RECON_LOCAL_BACK_ADJUSTED_DATED_CONTRACT_CHAIN,2015-12-10T00:00:00Z,126.59375,126.703125,126.296875,733345.0,125.21875,125.328125,124.921875,733345.0
SOURCE_NATIVE_FUTURES,ZN,bond,APPENDIX_C_172_004,10-year US,ZNH6,72174,2015-12-11,PROVIDER_CONDITION_AVAILABLE,-1.375,127.265625,125.890625,DEV_RECON_LOCAL_BACK_ADJUSTED_DATED_CONTRACT_CHAIN,2015-12-11T00:00:00Z,126.34375,127.3125,126.28125,1221478.0,124.96875,125.9375,124.90625,1221478.0
SOURCE_NATIVE_FUTURES,ZN,bond,APPENDIX_C_172_004,10-year US,ZNH6,72174,2015-12-13,PROVIDER_CONDITION_AVAILABLE,-1.375,127.078125,125.703125,DEV_RECON_LOCAL_BACK_ADJUSTED_DATED_CONTRACT_CHAIN,2015-12-13T00:00:00Z,127.140625,127.15625,127.0625,12011.0,125.765625,125.78125,125.6875,12011.0
SOURCE_NATIVE_FUTURES,ZN,bond,APPENDIX_C_172_004,10-year US,ZNH6,72174,2015-12-14,PROVIDER_CONDITION_AVAILABLE,-1.375,126.453125,125.078125,DEV_RECON_LOCAL_BACK_ADJUSTED_DATED_CONTRACT_CHAIN,2015-12-14T00:00:00Z,127.09375,127.1875,126.375,1010879.0,125.71875,125.8125,125.0,1010879.0
SOURCE_NATIVE_FUTURES,ZN,bond,APPENDIX_C_172_004,10-year US,ZNH6,72174,2015-12-15,PROVIDER_CONDITION_AVAILABLE,-1.375,126.078125,124.703125,DEV_RECON_LOCAL_BACK_ADJUSTED_DATED_CONTRACT_CHAIN,2015-12-15T00:00:00Z,126.46875,126.59375,125.90625,895037.0,125.09375,125.21875,124.53125,895037.0
SOURCE_NATIVE_FUTURES,ZN,bond,APPENDIX_C_172_004,10-year US,ZNH6,72174,2015-12-16,PROVIDER_CONDITION_AVAILABLE,-1.375,125.75,124.375,DEV_RECON_LOCAL_BACK_ADJUSTED_DATED_CONTRACT_CHAIN,2015-12-16T00:00:00Z,126.078125,126.171875,125.390625,970027.0,124.703125,124.796875,124.015625,970027.0
SOURCE_NATIVE_FUTURES,ZN,bond,APPENDIX_C_172_004,10-year US,ZNH6,72174,2015-12-17,PROVIDER_CONDITION_AVAILABLE,-1.375,126.234375,124.859375,DEV_RECON_LOCAL_BACK_ADJUSTED_DATED_CONTRACT_CHAIN,2015-12-17T00:00:00Z,125.75,126.28125,125.75,917954.0,124.375,124.90625,124.375,917954.0
SOURCE_NATIVE_FUTURES,ZN,bond,APPENDIX_C_172_004,10-year US,ZNH6,72174,2015-12-18,PROVIDER_CONDITION_AVAILABLE,-1.375,126.453125,125.078125,DEV_RECON_LOCAL_BACK_ADJUSTED_DATED_CONTRACT_CHAIN,2015-12-18T00:00:00Z,126.234375,126.65625,126.1875,739031.0,124.859375,125.28125,124.8125,739031.0
SOURCE_NATIVE_FUTURES,ZN,bond,APPENDIX_C_172_004,10-year US,ZNH6,72174,2015-12-20,PROVIDER_CONDITION_AVAILABLE,-1.375,126.453125,125.078125,DEV_RECON_LOCAL_BACK_ADJUSTED_DATED_CONTRACT_CHAIN,2015-12-20T00:00:00Z,126.421875,126.46875,126.421875,1729.0,125.046875,125.09375,125.046875,1729.0
SOURCE_NATIVE_FUTURES,ZN,bond,APPENDIX_C_172_004,10-year US,ZNH6,72174,2015-12-21,PROVIDER_CONDITION_AVAILABLE,-1.375,126.546875,125.171875,DEV_RECON_LOCAL_BACK_ADJUSTED_DATED_CONTRACT_CHAIN,2015-12-21T00:00:00Z,126.46875,126.75,126.265625,529285.0,125.09375,125.375,124.890625,529285.0
SOURCE_NATIVE_FUTURES,ZN,bond,APPENDIX_C_172_004,10-year US,ZNH6,72174,2015-12-22,PROVIDER_CONDITION_AVAILABLE,-1.375,126.171875,124.796875,DEV_RECON_LOCAL_BACK_ADJUSTED_DATED_CONTRACT_CHAIN,2015-12-22T00:00:00Z,126.53125,126.65625,126.15625,477639.0,125.15625,125.28125,124.78125,477639.0
SOURCE_NATIVE_FUTURES,ZN,bond,APPENDIX_C_172_004,10-year US,ZNH6,72174,2015-12-23,PROVIDER_CONDITION_AVAILABLE,-1.375,126.078125,124.703125,DEV_RECON_LOCAL_BACK_ADJUSTED_DATED_CONTRACT_CHAIN,2015-12-23T00:00:00Z,126.171875,126.21875,125.890625,434318.0,124.796875,124.84375,124.515625,434318.0
SOURCE_NATIVE_FUTURES,ZN,bond,APPENDIX_C_172_004,10-year US,ZNH6,72174,2015-12-24,PROVIDER_CONDITION_AVAILABLE,-1.375,126.171875,124.796875,DEV_RECON_LOCAL_BACK_ADJUSTED_DATED_CONTRACT_CHAIN,2015-12-24T00:00:00Z,126.0625,126.1875,125.953125,155150.0,124.6875,124.8125,124.578125,155150.0
SOURCE_NATIVE_FUTURES,ZN,bond,APPENDIX_C_172_004,10-year US,ZNH6,72174,2015-12-27,PROVIDER_CONDITION_AVAILABLE,-1.375,126.078125,124.703125,DEV_RECON_LOCAL_BACK_ADJUSTED_DATED_CONTRACT_CHAIN,2015-12-27T00:00:00Z,126.09375,126.09375,126.0625,4153.0,124.71875,124.71875,124.6875,4153.0
SOURCE_NATIVE_FUTURES,ZN,bond,APPENDIX_C_172_004,10-year US,ZNH6,72174,2015-12-28,PROVIDER_CONDITION_AVAILABLE,-1.375,126.25,124.875,DEV_RECON_LOCAL_BACK_ADJUSTED_DATED_CONTRACT_CHAIN,2015-12-28T00:00:00Z,126.078125,126.40625,126.015625,308406.0,124.703125,125.03125,124.640625,308406.0
SOURCE_NATIVE_FUTURES,ZN,bond,APPENDIX_C_172_004,10-year US,ZNH6,72174,2015-12-29,PROVIDER_CONDITION_AVAILABLE,-1.375,125.703125,124.328125,DEV_RECON_LOCAL_BACK_ADJUSTED_DATED_CONTRACT_CHAIN,2015-12-29T00:00:00Z,126.265625,126.328125,125.546875,559630.0,124.890625,124.953125,124.171875,559630.0
SOURCE_NATIVE_FUTURES,ZN,bond,APPENDIX_C_172_004,10-year US,ZNH6,72174,2015-12-30,PROVIDER_CONDITION_AVAILABLE,-1.375,125.703125,124.328125,DEV_RECON_LOCAL_BACK_ADJUSTED_DATED_CONTRACT_CHAIN,2015-12-30T00:00:00Z,125.703125,125.796875,125.4375,654199.0,124.328125,124.421875,124.0625,654199.0
SOURCE_NATIVE_FUTURES,ZN,bond,APPENDIX_C_172_004,10-year US,ZNH6,72174,2015-12-31,PROVIDER_CONDITION_AVAILABLE,-1.375,125.90625,124.53125,DEV_RECON_LOCAL_BACK_ADJUSTED_DATED_CONTRACT_CHAIN,2015-12-31T00:00:00Z,125.6875,125.984375,125.625,431955.0,124.3125,124.609375,124.25,431955.0
SOURCE_NATIVE_FUTURES,ZN,bond,APPENDIX_C_172_004,10-year US,ZNH6,72174,2016-01-03,PROVIDER_CONDITION_AVAILABLE,-1.375,125.796875,124.421875,DEV_RECON_LOCAL_BACK_ADJUSTED_DATED_CONTRACT_CHAIN,2016-01-03T00:00:00Z,125.875,125.890625,125.78125,6448.0,124.5,124.515625,124.40625,6448.0
SOURCE_NATIVE_FUTURES,ZN,bond,APPENDIX_C_172_004,10-year US,ZNH6,72174,2016-01-04,PROVIDER_CONDITION_AVAILABLE,-1.375,126.234375,124.859375,DEV_RECON_LOCAL_BACK_ADJUSTED_DATED_CONTRACT_CHAIN,2016-01-04T00:00:00Z,125.78125,126.5625,125.765625,1051339.0,124.40625,125.1875,124.390625,1051339.0
SOURCE_NATIVE_FUTURES,ZN,bond,APPENDIX_C_172_004,10-year US,ZNH6,72174,2016-01-05,PROVIDER_CONDITION_AVAILABLE,-1.375,126.328125,124.953125,DEV_RECON_LOCAL_BACK_ADJUSTED_DATED_CONTRACT_CHAIN,2016-01-05T00:00:00Z,126.234375,126.4375,126.015625,894638.0,124.859375,125.0625,124.640625,894638.0
SOURCE_NATIVE_FUTURES,ZN,bond,APPENDIX_C_172_004,10-year US,ZNH6,72174,2016-01-06,PROVIDER_CONDITION_AVAILABLE,-1.375,126.796875,125.421875,DEV_RECON_LOCAL_BACK_ADJUSTED_DATED_CONTRACT_CHAIN,2016-01-06T00:00:00Z,126.34375,126.921875,126.234375,1134678.0,124.96875,125.546875,124.859375,1134678.0
SOURCE_NATIVE_FUTURES,ZN,bond,APPENDIX_C_172_004,10-year US,ZNH6,72174,2016-01-07,PROVIDER_CONDITION_AVAILABLE,-1.375,127.125,125.75,DEV_RECON_LOCAL_BACK_ADJUSTED_DATED_CONTRACT_CHAIN,2016-01-07T00:00:00Z,126.8125,127.3125,126.671875,1399500.0,125.4375,125.9375,125.296875,1399500.0
SOURCE_NATIVE_FUTURES,ZN,bond,APPENDIX_C_172_004,10-year US,ZNH6,72174,2016-01-08,PROVIDER_CONDITION_AVAILABLE,-1.375,127.5,126.125,DEV_RECON_LOCAL_BACK_ADJUSTED_DATED_CONTRACT_CHAIN,2016-01-08T00:00:00Z,127.140625,127.5625,126.578125,1578513.0,125.765625,126.1875,125.203125,1578513.0
SOURCE_NATIVE_FUTURES,ZN,bond,APPENDIX_C_172_004,10-year US,ZNH6,72174,2016-01-10,PROVIDER_CONDITION_AVAILABLE,-1.375,127.6875,126.3125,DEV_RECON_LOCAL_BACK_ADJUSTED_DATED_CONTRACT_CHAIN,2016-01-10T00:00:00Z,127.53125,127.71875,127.5,21183.0,126.15625,126.34375,126.125,21183.0
SOURCE_NATIVE_FUTURES,ZN,bond,APPENDIX_C_172_004,10-year US,ZNH6,72174,2016-01-11,PROVIDER_CONDITION_AVAILABLE,-1.375,127.234375,125.859375,DEV_RECON_LOCAL_BACK_ADJUSTED_DATED_CONTRACT_CHAIN,2016-01-11T00:00:00Z,127.6875,127.703125,127.0625,1063565.0,126.3125,126.328125,125.6875,1063565.0
SOURCE_NATIVE_FUTURES,ZN,bond,APPENDIX_C_172_004,10-year US,ZNH6,72174,2016-01-12,PROVIDER_CONDITION_AVAILABLE,-1.375,127.671875,126.296875,DEV_RECON_LOCAL_BACK_ADJUSTED_DATED_CONTRACT_CHAIN,2016-01-12T00:00:00Z,127.21875,128.0,126.984375,1384324.0,125.84375,126.625,125.609375,1384324.0
SOURCE_NATIVE_FUTURES,ZN,bond,APPENDIX_C_172_004,10-year US,ZNH6,72174,2016-01-13,PROVIDER_CONDITION_AVAILABLE,-1.375,127.984375,126.609375,DEV_RECON_LOCAL_BACK_ADJUSTED_DATED_CONTRACT_CHAIN,2016-01-13T00:00:00Z,127.671875,128.265625,127.421875,1616177.0,126.296875,126.890625,126.046875,1616177.0
SOURCE_NATIVE_FUTURES,ZN,bond,APPENDIX_C_172_004,10-year US,ZNH6,72174,2016-01-14,PROVIDER_CONDITION_AVAILABLE,-1.375,127.84375,126.46875,DEV_RECON_LOCAL_BACK_ADJUSTED_DATED_CONTRACT_CHAIN,2016-01-14T00:00:00Z,127.96875,128.21875,127.625,1482171.0,126.59375,126.84375,126.25,1482171.0
SOURCE_NATIVE_FUTURES,ZN,bond,APPENDIX_C_172_004,10-year US,ZNH6,72174,2016-01-15,PROVIDER_CONDITION_AVAILABLE,-1.375,128.453125,127.078125,DEV_RECON_LOCAL_BACK_ADJUSTED_DATED_CONTRACT_CHAIN,2016-01-15T00:00:00Z,127.828125,128.90625,127.8125,1799807.0,126.453125,127.53125,126.4375,1799807.0
SOURCE_NATIVE_FUTURES,ZN,bond,APPENDIX_C_172_004,10-year US,ZNH6,72174,2016-01-17,PROVIDER_CONDITION_AVAILABLE,-1.375,128.484375,127.109375,DEV_RECON_LOCAL_BACK_ADJUSTED_DATED_CONTRACT_CHAIN,2016-01-17T00:00:00Z,128.5,128.59375,128.46875,8380.0,127.125,127.21875,127.09375,8380.0
SOURCE_NATIVE_FUTURES,ZN,bond,APPENDIX_C_172_004,10-year US,ZNH6,72174,2016-01-18,PROVIDER_CONDITION_AVAILABLE,-1.375,128.375,127.0,DEV_RECON_LOCAL_BACK_ADJUSTED_DATED_CONTRACT_CHAIN,2016-01-18T00:00:00Z,128.5,128.578125,128.234375,197079.0,127.125,127.203125,126.859375,197079.0
SOURCE_NATIVE_FUTURES,ZN,bond,APPENDIX_C_172_004,10-year US,ZNH6,72174,2016-01-19,PROVIDER_CONDITION_AVAILABLE,-1.375,128.28125,126.90625,DEV_RECON_LOCAL_BACK_ADJUSTED_DATED_CONTRACT_CHAIN,2016-01-19T00:00:00Z,128.375,128.53125,128.015625,1309465.0,127.0,127.15625,126.640625,1309465.0
SOURCE_NATIVE_FUTURES,ZN,bond,APPENDIX_C_172_004,10-year US,ZNH6,72174,2016-01-20,PROVIDER_CONDITION_AVAILABLE,-1.375,128.78125,127.40625,DEV_RECON_LOCAL_BACK_ADJUSTED_DATED_CONTRACT_CHAIN,2016-01-20T00:00:00Z,128.265625,129.25,128.265625,1933668.0,126.890625,127.875,126.890625,1933668.0
SOURCE_NATIVE_FUTURES,ZN,bond,APPENDIX_C_172_004,10-year US,ZNH6,72174,2016-01-21,PROVIDER_CONDITION_AVAILABLE,-1.375,128.59375,127.21875,DEV_RECON_LOCAL_BACK_ADJUSTED_DATED_CONTRACT_CHAIN,2016-01-21T00:00:00Z,128.78125,129.171875,128.5,1750895.0,127.40625,127.796875,127.125,1750895.0
SOURCE_NATIVE_FUTURES,ZN,bond,APPENDIX_C_172_004,10-year US,ZNH6,72174,2016-01-22,PROVIDER_CONDITION_AVAILABLE,-1.375,128.3125,126.9375,DEV_RECON_LOCAL_BACK_ADJUSTED_DATED_CONTRACT_CHAIN,2016-01-22T00:00:00Z,128.59375,128.734375,128.078125,1170295.0,127.21875,127.359375,126.703125,1170295.0
SOURCE_NATIVE_FUTURES,ZN,bond,APPENDIX_C_172_004,10-year US,ZNH6,72174,2016-01-24,PROVIDER_CONDITION_AVAILABLE,-1.375,128.265625,126.890625,DEV_RECON_LOCAL_BACK_ADJUSTED_DATED_CONTRACT_CHAIN,2016-01-24T00:00:00Z,128.3125,128.328125,128.234375,6113.0,126.9375,126.953125,126.859375,6113.0
SOURCE_NATIVE_FUTURES,ZN,bond,APPENDIX_C_172_004,10-year US,ZNH6,72174,2016-01-25,PROVIDER_CONDITION_AVAILABLE,-1.375,128.6875,127.3125,DEV_RECON_LOCAL_BACK_ADJUSTED_DATED_CONTRACT_CHAIN,2016-01-25T00:00:00Z,128.28125,128.71875,128.21875,831680.0,126.90625,127.34375,126.84375,831680.0
SOURCE_NATIVE_FUTURES,ZN,bond,APPENDIX_C_172_004,10-year US,ZNH6,72174,2016-01-26,PROVIDER_CONDITION_AVAILABLE,-1.375,128.859375,127.484375,DEV_RECON_LOCAL_BACK_ADJUSTED_DATED_CONTRACT_CHAIN,2016-01-26T00:00:00Z,128.703125,129.078125,128.5,1042301.0,127.328125,127.703125,127.125,1042301.0
SOURCE_NATIVE_FUTURES,ZN,bond,APPENDIX_C_172_004,10-year US,ZNH6,72174,2016-01-27,PROVIDER_CONDITION_AVAILABLE,-1.375,128.9375,127.5625,DEV_RECON_LOCAL_BACK_ADJUSTED_DATED_CONTRACT_CHAIN,2016-01-27T00:00:00Z,128.875,128.9375,128.3125,1091154.0,127.5,127.5625,126.9375,1091154.0
SOURCE_NATIVE_FUTURES,ZN,bond,APPENDIX_C_172_004,10-year US,ZNH6,72174,2016-01-28,PROVIDER_CONDITION_AVAILABLE,-1.375,129.015625,127.640625,DEV_RECON_LOCAL_BACK_ADJUSTED_DATED_CONTRACT_CHAIN,2016-01-28T00:00:00Z,128.921875,129.09375,128.53125,1583313.0,127.546875,127.71875,127.15625,1583313.0
SOURCE_NATIVE_FUTURES,ZN,bond,APPENDIX_C_172_004,10-year US,ZNH6,72174,2016-01-29,PROVIDER_CONDITION_AVAILABLE,-1.375,129.625,128.25,DEV_RECON_LOCAL_BACK_ADJUSTED_DATED_CONTRACT_CHAIN,2016-01-29T00:00:00Z,129.015625,129.6875,128.96875,1588221.0,127.640625,128.3125,127.59375,1588221.0
SOURCE_NATIVE_FUTURES,ZN,bond,APPENDIX_C_172_004,10-year US,ZNH6,72174,2016-01-31,PROVIDER_CONDITION_AVAILABLE,-1.375,129.53125,128.15625,DEV_RECON_LOCAL_BACK_ADJUSTED_DATED_CONTRACT_CHAIN,2016-01-31T00:00:00Z,129.59375,129.625,129.484375,9898.0,128.21875,128.25,128.109375,9898.0
SOURCE_NATIVE_FUTURES,ZN,bond,APPENDIX_C_172_004,10-year US,ZNH6,72174,2016-02-01,PROVIDER_CONDITION_AVAILABLE,-1.375,129.375,128.0,DEV_RECON_LOCAL_BACK_ADJUSTED_DATED_CONTRACT_CHAIN,2016-02-01T00:00:00Z,129.546875,129.796875,129.15625,1194701.0,128.171875,128.421875,127.78125,1194701.0
SOURCE_NATIVE_FUTURES,ZN,bond,APPENDIX_C_172_004,10-year US,ZNH6,72174,2016-02-02,PROVIDER_CONDITION_AVAILABLE,-1.375,130.171875,128.796875,DEV_RECON_LOCAL_BACK_ADJUSTED_DATED_CONTRACT_CHAIN,2016-02-02T00:00:00Z,129.375,130.21875,129.3125,1372091.0,128.0,128.84375,127.9375,1372091.0
SOURCE_NATIVE_FUTURES,ZN,bond,APPENDIX_C_172_004,10-year US,ZNH6,72174,2016-02-03,PROVIDER_CONDITION_AVAILABLE,-1.375,130.046875,128.671875,DEV_RECON_LOCAL_BACK_ADJUSTED_DATED_CONTRACT_CHAIN,2016-02-03T00:00:00Z,130.171875,130.75,129.8125,1928842.0,128.796875,129.375,128.4375,1928842.0
SOURCE_NATIVE_FUTURES,ZN,bond,APPENDIX_C_172_004,10-year US,ZNH6,72174,2016-02-04,PROVIDER_CONDITION_AVAILABLE,-1.375,130.40625,129.03125,DEV_RECON_LOCAL_BACK_ADJUSTED_DATED_CONTRACT_CHAIN,2016-02-04T00:00:00Z,130.046875,130.46875,129.84375,1621800.0,128.671875,129.09375,128.46875,1621800.0
SOURCE_NATIVE_FUTURES,ZN,bond,APPENDIX_C_172_004,10-year US,ZNH6,72174,2016-02-05,PROVIDER_CONDITION_AVAILABLE,-1.375,130.4375,129.0625,DEV_RECON_LOCAL_BACK_ADJUSTED_DATED_CONTRACT_CHAIN,2016-02-05T00:00:00Z,130.40625,130.6875,129.921875,1770118.0,129.03125,129.3125,128.546875,1770118.0
SOURCE_NATIVE_FUTURES,ZN,bond,APPENDIX_C_172_004,10-year US,ZNH6,72174,2016-02-07,PROVIDER_CONDITION_AVAILABLE,-1.375,130.328125,128.953125,DEV_RECON_LOCAL_BACK_ADJUSTED_DATED_CONTRACT_CHAIN,2016-02-07T00:00:00Z,130.34375,130.40625,130.296875,10133.0,128.96875,129.03125,128.921875,10133.0
SOURCE_NATIVE_FUTURES,ZN,bond,APPENDIX_C_172_004,10-year US,ZNH6,72174,2016-02-08,PROVIDER_CONDITION_AVAILABLE,-1.375,131.21875,129.84375,DEV_RECON_LOCAL_BACK_ADJUSTED_DATED_CONTRACT_CHAIN,2016-02-08T00:00:00Z,130.328125,131.34375,130.171875,1569711.0,128.953125,129.96875,128.796875,1569711.0
SOURCE_NATIVE_FUTURES,ZN,bond,APPENDIX_C_172_004,10-year US,ZNH6,72174,2016-02-09,PROVIDER_CONDITION_AVAILABLE,-1.375,131.25,129.875,DEV_RECON_LOCAL_BACK_ADJUSTED_DATED_CONTRACT_CHAIN,2016-02-09T00:00:00Z,131.21875,131.75,131.015625,1870666.0,129.84375,130.375,129.640625,1870666.0
SOURCE_NATIVE_FUTURES,ZN,bond,APPENDIX_C_172_004,10-year US,ZNH6,72174,2016-02-10,PROVIDER_CONDITION_AVAILABLE,-1.375,131.75,130.375,DEV_RECON_LOCAL_BACK_ADJUSTED_DATED_CONTRACT_CHAIN,2016-02-10T00:00:00Z,131.25,131.765625,130.90625,1659557.0,129.875,130.390625,129.53125,1659557.0
SOURCE_NATIVE_FUTURES,ZN,bond,APPENDIX_C_172_004,10-year US,ZNH6,72174,2016-02-11,PROVIDER_CONDITION_AVAILABLE,-1.375,131.875,130.5,DEV_RECON_LOCAL_BACK_ADJUSTED_DATED_CONTRACT_CHAIN,2016-02-11T00:00:00Z,131.75,133.046875,131.671875,2301799.0,130.375,131.671875,130.296875,2301799.0
SOURCE_NATIVE_FUTURES,ZN,bond,APPENDIX_C_172_004,10-year US,ZNH6,72174,2016-02-12,PROVIDER_CONDITION_AVAILABLE,-1.375,131.046875,129.671875,DEV_RECON_LOCAL_BACK_ADJUSTED_DATED_CONTRACT_CHAIN,2016-02-12T00:00:00Z,131.875,132.0,130.953125,1618940.0,130.5,130.625,129.578125,1618940.0
SOURCE_NATIVE_FUTURES,ZN,bond,APPENDIX_C_172_004,10-year US,ZNH6,72174,2016-02-14,PROVIDER_CONDITION_AVAILABLE,-1.375,131.03125,129.65625,DEV_RECON_LOCAL_BACK_ADJUSTED_DATED_CONTRACT_CHAIN,2016-02-14T00:00:00Z,130.984375,131.03125,130.921875,8269.0,129.609375,129.65625,129.546875,8269.0
SOURCE_NATIVE_FUTURES,ZN,bond,APPENDIX_C_172_004,10-year US,ZNH6,72174,2016-02-15,PROVIDER_CONDITION_AVAILABLE,-1.375,130.84375,129.46875,DEV_RECON_LOCAL_BACK_ADJUSTED_DATED_CONTRACT_CHAIN,2016-02-15T00:00:00Z,131.03125,131.15625,130.75,267013.0,129.65625,129.78125,129.375,267013.0
SOURCE_NATIVE_FUTURES,ZN,bond,APPENDIX_C_172_004,10-year US,ZNH6,72174,2016-02-16,PROVIDER_CONDITION_AVAILABLE,-1.375,130.859375,129.484375,DEV_RECON_LOCAL_BACK_ADJUSTED_DATED_CONTRACT_CHAIN,2016-02-16T00:00:00Z,130.84375,131.15625,130.625,1200248.0,129.46875,129.78125,129.25,1200248.0
SOURCE_NATIVE_FUTURES,ZN,bond,APPENDIX_C_172_004,10-year US,ZNM6,771901,2016-02-17,PROVIDER_CONDITION_AVAILABLE,-1.0,130.109375,129.109375,DEV_RECON_LOCAL_BACK_ADJUSTED_DATED_CONTRACT_CHAIN,2016-02-17T00:00:00Z,130.53125,130.8125,129.8125,7484.0,129.53125,129.8125,128.8125,7484.0
SOURCE_NATIVE_FUTURES,ZN,bond,APPENDIX_C_172_004,10-year US,ZNM6,771901,2016-02-18,PROVIDER_CONDITION_AVAILABLE,-1.0,130.65625,129.65625,DEV_RECON_LOCAL_BACK_ADJUSTED_DATED_CONTRACT_CHAIN,2016-02-18T00:00:00Z,130.109375,130.71875,129.9375,12781.0,129.109375,129.71875,128.9375,12781.0
SOURCE_NATIVE_FUTURES,ZN,bond,APPENDIX_C_172_004,10-year US,ZNM6,771901,2016-02-19,PROVIDER_CONDITION_AVAILABLE,-1.0,130.53125,129.53125,DEV_RECON_LOCAL_BACK_ADJUSTED_DATED_CONTRACT_CHAIN,2016-02-19T00:00:00Z,130.71875,130.875,130.265625,22678.0,129.71875,129.875,129.265625,22678.0
SOURCE_NATIVE_FUTURES,ZN,bond,APPENDIX_C_172_004,10-year US,ZNM6,771901,2016-02-21,PROVIDER_CONDITION_AVAILABLE,-1.0,130.515625,129.515625,DEV_RECON_LOCAL_BACK_ADJUSTED_DATED_CONTRACT_CHAIN,2016-02-21T00:00:00Z,130.5,130.546875,130.484375,30.0,129.5,129.546875,129.484375,30.0
SOURCE_NATIVE_FUTURES,ZN,bond,APPENDIX_C_172_004,10-year US,ZNM6,771901,2016-02-22,PROVIDER_CONDITION_AVAILABLE,-1.0,130.46875,129.46875,DEV_RECON_LOCAL_BACK_ADJUSTED_DATED_CONTRACT_CHAIN,2016-02-22T00:00:00Z,130.515625,130.53125,130.171875,40269.0,129.515625,129.53125,129.171875,40269.0
SOURCE_NATIVE_FUTURES,ZN,bond,APPENDIX_C_172_004,10-year US,ZNM6,771901,2016-02-23,PROVIDER_CONDITION_AVAILABLE,-1.0,130.78125,129.78125,DEV_RECON_LOCAL_BACK_ADJUSTED_DATED_CONTRACT_CHAIN,2016-02-23T00:00:00Z,130.46875,130.8125,129.984375,183260.0,129.46875,129.8125,128.984375,183260.0
SOURCE_NATIVE_FUTURES,ZN,bond,APPENDIX_C_172_004,10-year US,ZNM6,771901,2016-02-24,PROVIDER_CONDITION_AVAILABLE,-1.0,130.53125,129.53125,DEV_RECON_LOCAL_BACK_ADJUSTED_DATED_CONTRACT_CHAIN,2016-02-24T00:00:00Z,130.765625,131.4375,130.515625,308572.0,129.765625,130.4375,129.515625,308572.0
SOURCE_NATIVE_FUTURES,ZN,bond,APPENDIX_C_172_004,10-year US,ZNM6,771901,2016-02-25,PROVIDER_CONDITION_AVAILABLE,-1.0,130.859375,129.859375,DEV_RECON_LOCAL_BACK_ADJUSTED_DATED_CONTRACT_CHAIN,2016-02-25T00:00:00Z,130.53125,131.234375,130.4375,464774.0,129.53125,130.234375,129.4375,464774.0
SOURCE_NATIVE_FUTURES,ZN,bond,APPENDIX_C_172_004,10-year US,ZNM6,771901,2016-02-26,PROVIDER_CONDITION_AVAILABLE,-1.0,130.375,129.375,DEV_RECON_LOCAL_BACK_ADJUSTED_DATED_CONTRACT_CHAIN,2016-02-26T00:00:00Z,130.84375,130.890625,130.203125,735009.0,129.84375,129.890625,129.203125,735009.0
SOURCE_NATIVE_FUTURES,ZN,bond,APPENDIX_C_172_004,10-year US,ZNM6,771901,2016-02-28,PROVIDER_CONDITION_AVAILABLE,-1.0,130.4375,129.4375,DEV_RECON_LOCAL_BACK_ADJUSTED_DATED_CONTRACT_CHAIN,2016-02-28T00:00:00Z,130.390625,130.484375,130.375,7520.0,129.390625,129.484375,129.375,7520.0
SOURCE_NATIVE_FUTURES,ZN,bond,APPENDIX_C_172_004,10-year US,ZNM6,771901,2016-02-29,PROVIDER_CONDITION_AVAILABLE,-1.0,130.53125,129.53125,DEV_RECON_LOCAL_BACK_ADJUSTED_DATED_CONTRACT_CHAIN,2016-02-29T00:00:00Z,130.4375,130.609375,130.265625,1072157.0,129.4375,129.609375,129.265625,1072157.0
SOURCE_NATIVE_FUTURES,ZN,bond,APPENDIX_C_172_004,10-year US,ZNM6,771901,2016-03-01,PROVIDER_CONDITION_AVAILABLE,-1.0,129.6875,128.6875,DEV_RECON_LOCAL_BACK_ADJUSTED_DATED_CONTRACT_CHAIN,2016-03-01T00:00:00Z,130.53125,130.84375,129.5625,1469077.0,129.53125,129.84375,128.5625,1469077.0
SOURCE_NATIVE_FUTURES,ZN,bond,APPENDIX_C_172_004,10-year US,ZNM6,771901,2016-03-02,PROVIDER_CONDITION_AVAILABLE,-1.0,129.453125,128.453125,DEV_RECON_LOCAL_BACK_ADJUSTED_DATED_CONTRACT_CHAIN,2016-03-02T00:00:00Z,129.6875,129.78125,129.1875,1361508.0,128.6875,128.78125,128.1875,1361508.0
SOURCE_NATIVE_FUTURES,ZN,bond,APPENDIX_C_172_004,10-year US,ZNM6,771901,2016-03-03,PROVIDER_CONDITION_AVAILABLE,-1.0,129.46875,128.46875,DEV_RECON_LOCAL_BACK_ADJUSTED_DATED_CONTRACT_CHAIN,2016-03-03T00:00:00Z,129.4375,129.640625,129.203125,1081827.0,128.4375,128.640625,128.203125,1081827.0
SOURCE_NATIVE_FUTURES,ZN,bond,APPENDIX_C_172_004,10-year US,ZNM6,771901,2016-03-04,PROVIDER_CONDITION_AVAILABLE,-1.0,129.15625,128.15625,DEV_RECON_LOCAL_BACK_ADJUSTED_DATED_CONTRACT_CHAIN,2016-03-04T00:00:00Z,129.46875,129.65625,128.921875,1497231.0,128.46875,128.65625,127.921875,1497231.0
SOURCE_NATIVE_FUTURES,ZN,bond,APPENDIX_C_172_004,10-year US,ZNM6,771901,2016-03-06,PROVIDER_CONDITION_AVAILABLE,-1.0,129.109375,128.109375,DEV_RECON_LOCAL_BACK_ADJUSTED_DATED_CONTRACT_CHAIN,2016-03-06T00:00:00Z,129.1875,129.234375,129.078125,9285.0,128.1875,128.234375,128.078125,9285.0
SOURCE_NATIVE_FUTURES,ZN,bond,APPENDIX_C_172_004,10-year US,ZNM6,771901,2016-03-07,PROVIDER_CONDITION_AVAILABLE,-1.0,128.90625,127.90625,DEV_RECON_LOCAL_BACK_ADJUSTED_DATED_CONTRACT_CHAIN,2016-03-07T00:00:00Z,129.125,129.140625,128.828125,801954.0,128.125,128.140625,127.828125,801954.0
SOURCE_NATIVE_FUTURES,ZN,bond,APPENDIX_C_172_004,10-year US,ZNM6,771901,2016-03-08,PROVIDER_CONDITION_AVAILABLE,-1.0,129.5625,128.5625,DEV_RECON_LOCAL_BACK_ADJUSTED_DATED_CONTRACT_CHAIN,2016-03-08T00:00:00Z,128.921875,129.703125,128.90625,1087416.0,127.921875,128.703125,127.90625,1087416.0
SOURCE_NATIVE_FUTURES,ZN,bond,APPENDIX_C_172_004,10-year US,ZNM6,771901,2016-03-09,PROVIDER_CONDITION_AVAILABLE,-1.0,129.1875,128.1875,DEV_RECON_LOCAL_BACK_ADJUSTED_DATED_CONTRACT_CHAIN,2016-03-09T00:00:00Z,129.546875,129.578125,129.0,1022487.0,128.546875,128.578125,128.0,1022487.0
SOURCE_NATIVE_FUTURES,ZN,bond,APPENDIX_C_172_004,10-year US,ZNM6,771901,2016-03-10,PROVIDER_CONDITION_AVAILABLE,-1.0,128.625,127.625,DEV_RECON_LOCAL_BACK_ADJUSTED_DATED_CONTRACT_CHAIN,2016-03-10T00:00:00Z,129.1875,129.390625,128.484375,1651016.0,128.1875,128.390625,127.484375,1651016.0
SOURCE_NATIVE_FUTURES,ZN,bond,APPENDIX_C_172_004,10-year US,ZNM6,771901,2016-03-11,PROVIDER_CONDITION_AVAILABLE,-1.0,128.265625,127.265625,DEV_RECON_LOCAL_BACK_ADJUSTED_DATED_CONTRACT_CHAIN,2016-03-11T00:00:00Z,128.640625,128.75,128.203125,1045217.0,127.640625,127.75,127.203125,1045217.0
SOURCE_NATIVE_FUTURES,ZN,bond,APPENDIX_C_172_004,10-year US,ZNM6,771901,2016-03-13,PROVIDER_CONDITION_AVAILABLE,-1.0,128.328125,127.328125,DEV_RECON_LOCAL_BACK_ADJUSTED_DATED_CONTRACT_CHAIN,2016-03-13T00:00:00Z,128.34375,128.40625,128.3125,10407.0,127.34375,127.40625,127.3125,10407.0
SOURCE_NATIVE_FUTURES,ZN,bond,APPENDIX_C_172_004,10-year US,ZNM6,771901,2016-03-14,PROVIDER_CONDITION_AVAILABLE,-1.0,128.421875,127.421875,DEV_RECON_LOCAL_BACK_ADJUSTED_DATED_CONTRACT_CHAIN,2016-03-14T00:00:00Z,128.328125,128.609375,128.234375,693217.0,127.328125,127.609375,127.234375,693217.0
SOURCE_NATIVE_FUTURES,ZN,bond,APPENDIX_C_172_004,10-year US,ZNM6,771901,2016-03-15,PROVIDER_CONDITION_AVAILABLE,-1.0,128.359375,127.359375,DEV_RECON_LOCAL_BACK_ADJUSTED_DATED_CONTRACT_CHAIN,2016-03-15T00:00:00Z,128.421875,128.8125,128.296875,885507.0,127.421875,127.8125,127.296875,885507.0
SOURCE_NATIVE_FUTURES,ZN,bond,APPENDIX_C_172_004,10-year US,ZNM6,771901,2016-03-16,PROVIDER_CONDITION_AVAILABLE,-1.0,129.109375,128.109375,DEV_RECON_LOCAL_BACK_ADJUSTED_DATED_CONTRACT_CHAIN,2016-03-16T00:00:00Z,128.359375,129.140625,128.046875,1269682.0,127.359375,128.140625,127.046875,1269682.0
SOURCE_NATIVE_FUTURES,ZN,bond,APPENDIX_C_172_004,10-year US,ZNM6,771901,2016-03-17,PROVIDER_CONDITION_AVAILABLE,-1.0,129.109375,128.109375,DEV_RECON_LOCAL_BACK_ADJUSTED_DATED_CONTRACT_CHAIN,2016-03-17T00:00:00Z,129.109375,129.53125,129.0,1198788.0,128.109375,128.53125,128.0,1198788.0
SOURCE_NATIVE_FUTURES,ZN,bond,APPENDIX_C_172_004,10-year US,ZNM6,771901,2016-03-18,PROVIDER_CONDITION_AVAILABLE,-1.0,129.390625,128.390625,DEV_RECON_LOCAL_BACK_ADJUSTED_DATED_CONTRACT_CHAIN,2016-03-18T00:00:00Z,129.109375,129.46875,129.109375,892699.0,128.109375,128.46875,128.109375,892699.0
SOURCE_NATIVE_FUTURES,ZN,bond,APPENDIX_C_172_004,10-year US,ZNM6,771901,2016-03-20,PROVIDER_CONDITION_AVAILABLE,-1.0,129.34375,128.34375,DEV_RECON_LOCAL_BACK_ADJUSTED_DATED_CONTRACT_CHAIN,2016-03-20T00:00:00Z,129.390625,129.421875,129.328125,6987.0,128.390625,128.421875,128.328125,6987.0
SOURCE_NATIVE_FUTURES,ZN,bond,APPENDIX_C_172_004,10-year US,ZNM6,771901,2016-03-21,PROVIDER_CONDITION_AVAILABLE,-1.0,129.015625,128.015625,DEV_RECON_LOCAL_BACK_ADJUSTED_DATED_CONTRACT_CHAIN,2016-03-21T00:00:00Z,129.34375,129.46875,128.9375,749619.0,128.34375,128.46875,127.9375,749619.0
SOURCE_NATIVE_FUTURES,ZN,bond,APPENDIX_C_172_004,10-year US,ZNM6,771901,2016-03-22,PROVIDER_CONDITION_AVAILABLE,-1.0,128.703125,127.703125,DEV_RECON_LOCAL_BACK_ADJUSTED_DATED_CONTRACT_CHAIN,2016-03-22T00:00:00Z,129.03125,129.375,128.671875,1010824.0,128.03125,128.375,127.671875,1010824.0
SOURCE_NATIVE_FUTURES,ZN,bond,APPENDIX_C_172_004,10-year US,ZNM6,771901,2016-03-23,PROVIDER_CONDITION_AVAILABLE,-1.0,129.28125,128.28125,DEV_RECON_LOCAL_BACK_ADJUSTED_DATED_CONTRACT_CHAIN,2016-03-23T00:00:00Z,128.6875,129.359375,128.640625,842096.0,127.6875,128.359375,127.640625,842096.0
SOURCE_NATIVE_FUTURES,ZN,bond,APPENDIX_C_172_004,10-year US,ZNM6,771901,2016-03-24,PROVIDER_CONDITION_AVAILABLE,-1.0,129.1875,128.1875,DEV_RECON_LOCAL_BACK_ADJUSTED_DATED_CONTRACT_CHAIN,2016-03-24T00:00:00Z,129.265625,129.46875,128.96875,692550.0,128.265625,128.46875,127.96875,692550.0
SOURCE_NATIVE_FUTURES,ZN,bond,APPENDIX_C_172_004,10-year US,ZNM6,771901,2016-03-27,PROVIDER_CONDITION_AVAILABLE,-1.0,129.0,128.0,DEV_RECON_LOCAL_BACK_ADJUSTED_DATED_CONTRACT_CHAIN,2016-03-27T00:00:00Z,129.15625,129.171875,129.0,5215.0,128.15625,128.171875,128.0,5215.0
SOURCE_NATIVE_FUTURES,ZN,bond,APPENDIX_C_172_004,10-year US,ZNM6,771901,2016-03-28,PROVIDER_CONDITION_AVAILABLE,-1.0,129.34375,128.34375,DEV_RECON_LOCAL_BACK_ADJUSTED_DATED_CONTRACT_CHAIN,2016-03-28T00:00:00Z,129.0,129.46875,128.96875,411412.0,128.0,128.46875,127.96875,411412.0
SOURCE_NATIVE_FUTURES,ZN,bond,APPENDIX_C_172_004,10-year US,ZNM6,771901,2016-03-29,PROVIDER_CONDITION_AVAILABLE,-1.0,130.0,129.0,DEV_RECON_LOCAL_BACK_ADJUSTED_DATED_CONTRACT_CHAIN,2016-03-29T00:00:00Z,129.328125,130.09375,129.203125,1016987.0,128.328125,129.09375,128.203125,1016987.0
SOURCE_NATIVE_FUTURES,ZN,bond,APPENDIX_C_172_004,10-year US,ZNM6,771901,2016-03-30,PROVIDER_CONDITION_AVAILABLE,-1.0,130.125,129.125,DEV_RECON_LOCAL_BACK_ADJUSTED_DATED_CONTRACT_CHAIN,2016-03-30T00:00:00Z,130.015625,130.171875,129.703125,1069299.0,129.015625,129.171875,128.703125,1069299.0
SOURCE_NATIVE_FUTURES,ZN,bond,APPENDIX_C_172_004,10-year US,ZNM6,771901,2016-03-31,PROVIDER_CONDITION_AVAILABLE,-1.0,130.390625,129.390625,DEV_RECON_LOCAL_BACK_ADJUSTED_DATED_CONTRACT_CHAIN,2016-03-31T00:00:00Z,130.140625,130.53125,129.953125,1087015.0,129.140625,129.53125,128.953125,1087015.0
SOURCE_NATIVE_FUTURES,ZN,bond,APPENDIX_C_172_004,10-year US,ZNM6,771901,2016-04-01,PROVIDER_CONDITION_AVAILABLE,-1.0,130.46875,129.46875,DEV_RECON_LOCAL_BACK_ADJUSTED_DATED_CONTRACT_CHAIN,2016-04-01T00:00:00Z,130.390625,130.5,130.0625,1227351.0,129.390625,129.5,129.0625,1227351.0
SOURCE_NATIVE_FUTURES,ZN,bond,APPENDIX_C_172_004,10-year US,ZNM6,771901,2016-04-03,PROVIDER_CONDITION_AVAILABLE,-1.0,130.515625,129.515625,DEV_RECON_LOCAL_BACK_ADJUSTED_DATED_CONTRACT_CHAIN,2016-04-03T00:00:00Z,130.46875,130.5625,130.4375,10904.0,129.46875,129.5625,129.4375,10904.0
SOURCE_NATIVE_FUTURES,ZN,bond,APPENDIX_C_172_004,10-year US,ZNM6,771901,2016-04-04,PROVIDER_CONDITION_AVAILABLE,-1.0,130.609375,129.609375,DEV_RECON_LOCAL_BACK_ADJUSTED_DATED_CONTRACT_CHAIN,2016-04-04T00:00:00Z,130.5,130.65625,130.3125,708816.0,129.5,129.65625,129.3125,708816.0
SOURCE_NATIVE_FUTURES,ZN,bond,APPENDIX_C_172_004,10-year US,ZNM6,771901,2016-04-05,PROVIDER_CONDITION_AVAILABLE,-1.0,130.796875,129.796875,DEV_RECON_LOCAL_BACK_ADJUSTED_DATED_CONTRACT_CHAIN,2016-04-05T00:00:00Z,130.625,130.96875,130.59375,955833.0,129.625,129.96875,129.59375,955833.0
SOURCE_NATIVE_FUTURES,ZN,bond,APPENDIX_C_172_004,10-year US,ZNM6,771901,2016-04-06,PROVIDER_CONDITION_AVAILABLE,-1.0,130.671875,129.671875,DEV_RECON_LOCAL_BACK_ADJUSTED_DATED_CONTRACT_CHAIN,2016-04-06T00:00:00Z,130.796875,130.90625,130.515625,909969.0,129.796875,129.90625,129.515625,909969.0
SOURCE_NATIVE_FUTURES,ZN,bond,APPENDIX_C_172_004,10-year US,ZNM6,771901,2016-04-07,PROVIDER_CONDITION_AVAILABLE,-1.0,131.1875,130.1875,DEV_RECON_LOCAL_BACK_ADJUSTED_DATED_CONTRACT_CHAIN,2016-04-07T00:00:00Z,130.671875,131.296875,130.578125,992119.0,129.671875,130.296875,129.578125,992119.0
SOURCE_NATIVE_FUTURES,ZN,bond,APPENDIX_C_172_004,10-year US,ZNM6,771901,2016-04-08,PROVIDER_CONDITION_AVAILABLE,-1.0,131.078125,130.078125,DEV_RECON_LOCAL_BACK_ADJUSTED_DATED_CONTRACT_CHAIN,2016-04-08T00:00:00Z,131.171875,131.1875,130.84375,747793.0,130.171875,130.1875,129.84375,747793.0
SOURCE_NATIVE_FUTURES,ZN,bond,APPENDIX_C_172_004,10-year US,ZNM6,771901,2016-04-10,PROVIDER_CONDITION_AVAILABLE,-1.0,130.96875,129.96875,DEV_RECON_LOCAL_BACK_ADJUSTED_DATED_CONTRACT_CHAIN,2016-04-10T00:00:00Z,131.078125,131.109375,130.921875,8730.0,130.078125,130.109375,129.921875,8730.0
SOURCE_NATIVE_FUTURES,ZN,bond,APPENDIX_C_172_004,10-year US,ZNM6,771901,2016-04-11,PROVIDER_CONDITION_AVAILABLE,-1.0,131.0,130.0,DEV_RECON_LOCAL_BACK_ADJUSTED_DATED_CONTRACT_CHAIN,2016-04-11T00:00:00Z,130.96875,131.21875,130.765625,780175.0,129.96875,130.21875,129.765625,780175.0
SOURCE_NATIVE_FUTURES,ZN,bond,APPENDIX_C_172_004,10-year US,ZNM6,771901,2016-04-12,PROVIDER_CONDITION_AVAILABLE,-1.0,130.546875,129.546875,DEV_RECON_LOCAL_BACK_ADJUSTED_DATED_CONTRACT_CHAIN,2016-04-12T00:00:00Z,131.0,131.03125,130.5,946057.0,130.0,130.03125,129.5,946057.0
SOURCE_NATIVE_FUTURES,ZN,bond,APPENDIX_C_172_004,10-year US,ZNM6,771901,2016-04-13,PROVIDER_CONDITION_AVAILABLE,-1.0,130.53125,129.53125,DEV_RECON_LOCAL_BACK_ADJUSTED_DATED_CONTRACT_CHAIN,2016-04-13T00:00:00Z,130.546875,130.71875,130.359375,1031751.0,129.546875,129.71875,129.359375,1031751.0
SOURCE_NATIVE_FUTURES,ZN,bond,APPENDIX_C_172_004,10-year US,ZNM6,771901,2016-04-14,PROVIDER_CONDITION_AVAILABLE,-1.0,130.328125,129.328125,DEV_RECON_LOCAL_BACK_ADJUSTED_DATED_CONTRACT_CHAIN,2016-04-14T00:00:00Z,130.53125,130.703125,130.203125,1039006.0,129.53125,129.703125,129.203125,1039006.0
SOURCE_NATIVE_FUTURES,ZN,bond,APPENDIX_C_172_004,10-year US,ZNM6,771901,2016-04-15,PROVIDER_CONDITION_AVAILABLE,-1.0,130.609375,129.609375,DEV_RECON_LOCAL_BACK_ADJUSTED_DATED_CONTRACT_CHAIN,2016-04-15T00:00:00Z,130.328125,130.734375,130.203125,774372.0,129.328125,129.734375,129.203125,774372.0
SOURCE_NATIVE_FUTURES,ZN,bond,APPENDIX_C_172_004,10-year US,ZNM6,771901,2016-04-17,PROVIDER_CONDITION_AVAILABLE,-1.0,130.84375,129.84375,DEV_RECON_LOCAL_BACK_ADJUSTED_DATED_CONTRACT_CHAIN,2016-04-17T00:00:00Z,130.859375,130.875,130.78125,25047.0,129.859375,129.875,129.78125,25047.0
SOURCE_NATIVE_FUTURES,ZN,bond,APPENDIX_C_172_004,10-year US,ZNM6,771901,2016-04-18,PROVIDER_CONDITION_AVAILABLE,-1.0,130.390625,129.390625,DEV_RECON_LOCAL_BACK_ADJUSTED_DATED_CONTRACT_CHAIN,2016-04-18T00:00:00Z,130.859375,130.890625,130.375,863817.0,129.859375,129.890625,129.375,863817.0
SOURCE_NATIVE_FUTURES,ZN,bond,APPENDIX_C_172_004,10-year US,ZNM6,771901,2016-04-19,PROVIDER_CONDITION_AVAILABLE,-1.0,130.375,129.375,DEV_RECON_LOCAL_BACK_ADJUSTED_DATED_CONTRACT_CHAIN,2016-04-19T00:00:00Z,130.390625,130.46875,130.203125,984412.0,129.390625,129.46875,129.203125,984412.0
SOURCE_NATIVE_FUTURES,ZN,bond,APPENDIX_C_172_004,10-year US,ZNM6,771901,2016-04-20,PROVIDER_CONDITION_AVAILABLE,-1.0,129.859375,128.859375,DEV_RECON_LOCAL_BACK_ADJUSTED_DATED_CONTRACT_CHAIN,2016-04-20T00:00:00Z,130.375,130.59375,129.703125,1261934.0,129.375,129.59375,128.703125,1261934.0
SOURCE_NATIVE_FUTURES,ZN,bond,APPENDIX_C_172_004,10-year US,ZNM6,771901,2016-04-21,PROVIDER_CONDITION_AVAILABLE,-1.0,129.65625,128.65625,DEV_RECON_LOCAL_BACK_ADJUSTED_DATED_CONTRACT_CHAIN,2016-04-21T00:00:00Z,129.859375,129.90625,129.453125,1325349.0,128.859375,128.90625,128.453125,1325349.0
SOURCE_NATIVE_FUTURES,ZN,bond,APPENDIX_C_172_004,10-year US,ZNM6,771901,2016-04-22,PROVIDER_CONDITION_AVAILABLE,-1.0,129.484375,128.484375,DEV_RECON_LOCAL_BACK_ADJUSTED_DATED_CONTRACT_CHAIN,2016-04-22T00:00:00Z,129.65625,129.78125,129.359375,942887.0,128.65625,128.78125,128.359375,942887.0
SOURCE_NATIVE_FUTURES,ZN,bond,APPENDIX_C_172_004,10-year US,ZNM6,771901,2016-04-24,PROVIDER_CONDITION_AVAILABLE,-1.0,129.4375,128.4375,DEV_RECON_LOCAL_BACK_ADJUSTED_DATED_CONTRACT_CHAIN,2016-04-24T00:00:00Z,129.515625,129.515625,129.421875,6356.0,128.515625,128.515625,128.421875,6356.0
SOURCE_NATIVE_FUTURES,ZN,bond,APPENDIX_C_172_004,10-year US,ZNM6,771901,2016-04-25,PROVIDER_CONDITION_AVAILABLE,-1.0,129.359375,128.359375,DEV_RECON_LOCAL_BACK_ADJUSTED_DATED_CONTRACT_CHAIN,2016-04-25T00:00:00Z,129.4375,129.703125,129.28125,895987.0,128.4375,128.703125,128.28125,895987.0
SOURCE_NATIVE_FUTURES,ZN,bond,APPENDIX_C_172_004,10-year US,ZNM6,771901,2016-04-26,PROVIDER_CONDITION_AVAILABLE,-1.0,129.21875,128.21875,DEV_RECON_LOCAL_BACK_ADJUSTED_DATED_CONTRACT_CHAIN,2016-04-26T00:00:00Z,129.359375,129.484375,129.0625,1025966.0,128.359375,128.484375,128.0625,1025966.0
SOURCE_NATIVE_FUTURES,ZN,bond,APPENDIX_C_172_004,10-year US,ZNM6,771901,2016-04-27,PROVIDER_CONDITION_AVAILABLE,-1.0,129.9375,128.9375,DEV_RECON_LOCAL_BACK_ADJUSTED_DATED_CONTRACT_CHAIN,2016-04-27T00:00:00Z,129.234375,130.03125,129.21875,1118348.0,128.234375,129.03125,128.21875,1118348.0
SOURCE_NATIVE_FUTURES,ZN,bond,APPENDIX_C_172_004,10-year US,ZNM6,771901,2016-04-28,PROVIDER_CONDITION_AVAILABLE,-1.0,130.0625,129.0625,DEV_RECON_LOCAL_BACK_ADJUSTED_DATED_CONTRACT_CHAIN,2016-04-28T00:00:00Z,129.9375,130.171875,129.65625,1400504.0,128.9375,129.171875,128.65625,1400504.0
SOURCE_NATIVE_FUTURES,ZN,bond,APPENDIX_C_172_004,10-year US,ZNM6,771901,2016-04-29,PROVIDER_CONDITION_AVAILABLE,-1.0,129.921875,128.921875,DEV_RECON_LOCAL_BACK_ADJUSTED_DATED_CONTRACT_CHAIN,2016-04-29T00:00:00Z,130.046875,130.1875,129.65625,1443272.0,129.046875,129.1875,128.65625,1443272.0
SOURCE_NATIVE_FUTURES,ZN,bond,APPENDIX_C_172_004,10-year US,ZNM6,771901,2016-05-01,PROVIDER_CONDITION_AVAILABLE,-1.0,130.015625,129.015625,DEV_RECON_LOCAL_BACK_ADJUSTED_DATED_CONTRACT_CHAIN,2016-05-01T00:00:00Z,129.921875,130.03125,129.890625,11470.0,128.921875,129.03125,128.890625,11470.0
SOURCE_NATIVE_FUTURES,ZN,bond,APPENDIX_C_172_004,10-year US,ZNM6,771901,2016-05-02,PROVIDER_CONDITION_AVAILABLE,-1.0,129.703125,128.703125,DEV_RECON_LOCAL_BACK_ADJUSTED_DATED_CONTRACT_CHAIN,2016-05-02T00:00:00Z,130.015625,130.15625,129.625,846536.0,129.015625,129.15625,128.625,846536.0
SOURCE_NATIVE_FUTURES,ZN,bond,APPENDIX_C_172_004,10-year US,ZNM6,771901,2016-05-03,PROVIDER_CONDITION_AVAILABLE,-1.0,130.34375,129.34375,DEV_RECON_LOCAL_BACK_ADJUSTED_DATED_CONTRACT_CHAIN,2016-05-03T00:00:00Z,129.703125,130.46875,129.6875,1257230.0,128.703125,129.46875,128.6875,1257230.0
SOURCE_NATIVE_FUTURES,ZN,bond,APPENDIX_C_172_004,10-year US,ZNM6,771901,2016-05-04,PROVIDER_CONDITION_AVAILABLE,-1.0,130.53125,129.53125,DEV_RECON_LOCAL_BACK_ADJUSTED_DATED_CONTRACT_CHAIN,2016-05-04T00:00:00Z,130.328125,130.546875,130.15625,1083521.0,129.328125,129.546875,129.15625,1083521.0
SOURCE_NATIVE_FUTURES,ZN,bond,APPENDIX_C_172_004,10-year US,ZNM6,771901,2016-05-05,PROVIDER_CONDITION_AVAILABLE,-1.0,130.703125,129.703125,DEV_RECON_LOCAL_BACK_ADJUSTED_DATED_CONTRACT_CHAIN,2016-05-05T00:00:00Z,130.53125,130.875,130.25,1143109.0,129.53125,129.875,129.25,1143109.0
SOURCE_NATIVE_FUTURES,ZN,bond,APPENDIX_C_172_004,10-year US,ZNM6,771901,2016-05-06,PROVIDER_CONDITION_AVAILABLE,-1.0,130.546875,129.546875,DEV_RECON_LOCAL_BACK_ADJUSTED_DATED_CONTRACT_CHAIN,2016-05-06T00:00:00Z,130.703125,131.203125,130.453125,1451036.0,129.703125,130.203125,129.453125,1451036.0
SOURCE_NATIVE_FUTURES,ZN,bond,APPENDIX_C_172_004,10-year US,ZNM6,771901,2016-05-08,PROVIDER_CONDITION_AVAILABLE,-1.0,130.453125,129.453125,DEV_RECON_LOCAL_BACK_ADJUSTED_DATED_CONTRACT_CHAIN,2016-05-08T00:00:00Z,130.53125,130.546875,130.4375,11916.0,129.53125,129.546875,129.4375,11916.0
SOURCE_NATIVE_FUTURES,ZN,bond,APPENDIX_C_172_004,10-year US,ZNM6,771901,2016-05-09,PROVIDER_CONDITION_AVAILABLE,-1.0,130.8125,129.8125,DEV_RECON_LOCAL_BACK_ADJUSTED_DATED_CONTRACT_CHAIN,2016-05-09T00:00:00Z,130.453125,130.90625,130.4375,834615.0,129.453125,129.90625,129.4375,834615.0
SOURCE_NATIVE_FUTURES,ZN,bond,APPENDIX_C_172_004,10-year US,ZNM6,771901,2016-05-10,PROVIDER_CONDITION_AVAILABLE,-1.0,130.71875,129.71875,DEV_RECON_LOCAL_BACK_ADJUSTED_DATED_CONTRACT_CHAIN,2016-05-10T00:00:00Z,130.8125,130.890625,130.625,959746.0,129.8125,129.890625,129.625,959746.0
SOURCE_NATIVE_FUTURES,ZN,bond,APPENDIX_C_172_004,10-year US,ZNM6,771901,2016-05-11,PROVIDER_CONDITION_AVAILABLE,-1.0,130.90625,129.90625,DEV_RECON_LOCAL_BACK_ADJUSTED_DATED_CONTRACT_CHAIN,2016-05-11T00:00:00Z,130.703125,131.09375,130.65625,1045124.0,129.703125,130.09375,129.65625,1045124.0
SOURCE_NATIVE_FUTURES,ZN,bond,APPENDIX_C_172_004,10-year US,ZNM6,771901,2016-05-12,PROVIDER_CONDITION_AVAILABLE,-1.0,130.609375,129.609375,DEV_RECON_LOCAL_BACK_ADJUSTED_DATED_CONTRACT_CHAIN,2016-05-12T00:00:00Z,130.90625,130.953125,130.515625,1155059.0,129.90625,129.953125,129.515625,1155059.0
SOURCE_NATIVE_FUTURES,ZN,bond,APPENDIX_C_172_004,10-year US,ZNM6,771901,2016-05-13,PROVIDER_CONDITION_AVAILABLE,-1.0,130.984375,129.984375,DEV_RECON_LOCAL_BACK_ADJUSTED_DATED_CONTRACT_CHAIN,2016-05-13T00:00:00Z,130.625,130.984375,130.5625,1219155.0,129.625,129.984375,129.5625,1219155.0
SOURCE_NATIVE_FUTURES,ZN,bond,APPENDIX_C_172_004,10-year US,ZNM6,771901,2016-05-15,PROVIDER_CONDITION_AVAILABLE,-1.0,131.0,130.0,DEV_RECON_LOCAL_BACK_ADJUSTED_DATED_CONTRACT_CHAIN,2016-05-15T00:00:00Z,131.03125,131.109375,131.0,17077.0,130.03125,130.109375,130.0,17077.0
SOURCE_NATIVE_FUTURES,ZN,bond,APPENDIX_C_172_004,10-year US,ZNM6,771901,2016-05-16,PROVIDER_CONDITION_AVAILABLE,-1.0,130.5,129.5,DEV_RECON_LOCAL_BACK_ADJUSTED_DATED_CONTRACT_CHAIN,2016-05-16T00:00:00Z,131.0,131.015625,130.453125,845622.0,130.0,130.015625,129.453125,845622.0
SOURCE_NATIVE_FUTURES,ZN,bond,APPENDIX_C_172_004,10-year US,ZNM6,771901,2016-05-17,PROVIDER_CONDITION_AVAILABLE,-1.0,130.3125,129.3125,DEV_RECON_LOCAL_BACK_ADJUSTED_DATED_CONTRACT_CHAIN,2016-05-17T00:00:00Z,130.5,130.625,130.28125,1060401.0,129.5,129.625,129.28125,1060401.0
SOURCE_NATIVE_FUTURES,ZN,bond,APPENDIX_C_172_004,10-year US,ZNM6,771901,2016-05-18,PROVIDER_CONDITION_AVAILABLE,-1.0,129.625,128.625,DEV_RECON_LOCAL_BACK_ADJUSTED_DATED_CONTRACT_CHAIN,2016-05-18T00:00:00Z,130.296875,130.375,129.328125,1777689.0,129.296875,129.375,128.328125,1777689.0
SOURCE_NATIVE_FUTURES,ZN,bond,APPENDIX_C_172_004,10-year US,ZNU6,732065,2016-05-19,PROVIDER_CONDITION_AVAILABLE,-0.84375,129.5,128.65625,DEV_RECON_LOCAL_BACK_ADJUSTED_DATED_CONTRACT_CHAIN,2016-05-19T00:00:00Z,129.515625,129.671875,129.1875,22968.0,128.671875,128.828125,128.34375,22968.0
SOURCE_NATIVE_FUTURES,ZN,bond,APPENDIX_C_172_004,10-year US,ZNU6,732065,2016-05-20,PROVIDER_CONDITION_AVAILABLE,-0.84375,129.640625,128.796875,DEV_RECON_LOCAL_BACK_ADJUSTED_DATED_CONTRACT_CHAIN,2016-05-20T00:00:00Z,129.546875,129.703125,129.390625,18742.0,128.703125,128.859375,128.546875,18742.0
SOURCE_NATIVE_FUTURES,ZN,bond,APPENDIX_C_172_004,10-year US,ZNU6,732065,2016-05-22,PROVIDER_CONDITION_AVAILABLE,-0.84375,129.703125,128.859375,DEV_RECON_LOCAL_BACK_ADJUSTED_DATED_CONTRACT_CHAIN,2016-05-22T00:00:00Z,129.640625,129.71875,129.625,224.0,128.796875,128.875,128.78125,224.0
SOURCE_NATIVE_FUTURES,ZN,bond,APPENDIX_C_172_004,10-year US,ZNU6,732065,2016-05-23,PROVIDER_CONDITION_AVAILABLE,-0.84375,129.65625,128.8125,DEV_RECON_LOCAL_BACK_ADJUSTED_DATED_CONTRACT_CHAIN,2016-05-23T00:00:00Z,129.703125,129.828125,129.5,40890.0,128.859375,128.984375,128.65625,40890.0
SOURCE_NATIVE_FUTURES,ZN,bond,APPENDIX_C_172_004,10-year US,ZNU6,732065,2016-05-24,PROVIDER_CONDITION_AVAILABLE,-0.84375,129.40625,128.5625,DEV_RECON_LOCAL_BACK_ADJUSTED_DATED_CONTRACT_CHAIN,2016-05-24T00:00:00Z,129.65625,129.796875,129.296875,112214.0,128.8125,128.953125,128.453125,112214.0
SOURCE_NATIVE_FUTURES,ZN,bond,APPENDIX_C_172_004,10-year US,ZNU6,732065,2016-05-25,PROVIDER_CONDITION_AVAILABLE,-0.84375,129.421875,128.578125,DEV_RECON_LOCAL_BACK_ADJUSTED_DATED_CONTRACT_CHAIN,2016-05-25T00:00:00Z,129.421875,129.546875,129.21875,197987.0,128.578125,128.703125,128.375,197987.0
SOURCE_NATIVE_FUTURES,ZN,bond,APPENDIX_C_172_004,10-year US,ZNU6,732065,2016-05-26,PROVIDER_CONDITION_AVAILABLE,-0.84375,129.734375,128.890625,DEV_RECON_LOCAL_BACK_ADJUSTED_DATED_CONTRACT_CHAIN,2016-05-26T00:00:00Z,129.421875,129.828125,129.34375,316239.0,128.578125,128.984375,128.5,316239.0
SOURCE_NATIVE_FUTURES,ZN,bond,APPENDIX_C_172_004,10-year US,ZNU6,732065,2016-05-27,PROVIDER_CONDITION_AVAILABLE,-0.84375,129.390625,128.546875,DEV_RECON_LOCAL_BACK_ADJUSTED_DATED_CONTRACT_CHAIN,2016-05-27T00:00:00Z,129.734375,129.828125,129.34375,353403.0,128.890625,128.984375,128.5,353403.0
SOURCE_NATIVE_FUTURES,ZN,bond,APPENDIX_C_172_004,10-year US,ZNU6,732065,2016-05-29,PROVIDER_CONDITION_AVAILABLE,-0.84375,129.375,128.53125,DEV_RECON_LOCAL_BACK_ADJUSTED_DATED_CONTRACT_CHAIN,2016-05-29T00:00:00Z,129.390625,129.40625,129.328125,6650.0,128.546875,128.5625,128.484375,6650.0
SOURCE_NATIVE_FUTURES,ZN,bond,APPENDIX_C_172_004,10-year US,ZNU6,732065,2016-05-30,PROVIDER_CONDITION_AVAILABLE,-0.84375,129.375,128.53125,DEV_RECON_LOCAL_BACK_ADJUSTED_DATED_CONTRACT_CHAIN,2016-05-30T00:00:00Z,129.390625,129.40625,129.234375,76834.0,128.546875,128.5625,128.390625,76834.0
SOURCE_NATIVE_FUTURES,ZN,bond,APPENDIX_C_172_004,10-year US,ZNU6,732065,2016-05-31,PROVIDER_CONDITION_AVAILABLE,-0.84375,129.5625,128.71875,DEV_RECON_LOCAL_BACK_ADJUSTED_DATED_CONTRACT_CHAIN,2016-05-31T00:00:00Z,129.390625,129.703125,129.171875,1156234.0,128.546875,128.859375,128.328125,1156234.0
SOURCE_NATIVE_FUTURES,ZN,bond,APPENDIX_C_172_004,10-year US,ZNU6,732065,2016-06-01,PROVIDER_CONDITION_AVAILABLE,-0.84375,129.59375,128.75,DEV_RECON_LOCAL_BACK_ADJUSTED_DATED_CONTRACT_CHAIN,2016-06-01T00:00:00Z,129.5625,129.9375,129.484375,1122424.0,128.71875,129.09375,128.640625,1122424.0
SOURCE_NATIVE_FUTURES,ZN,bond,APPENDIX_C_172_004,10-year US,ZNU6,732065,2016-06-02,PROVIDER_CONDITION_AVAILABLE,-0.84375,129.890625,129.046875,DEV_RECON_LOCAL_BACK_ADJUSTED_DATED_CONTRACT_CHAIN,2016-06-02T00:00:00Z,129.59375,129.984375,129.5625,1008261.0,128.75,129.140625,128.71875,1008261.0
SOURCE_NATIVE_FUTURES,ZN,bond,APPENDIX_C_172_004,10-year US,ZNU6,732065,2016-06-03,PROVIDER_CONDITION_AVAILABLE,-0.84375,130.984375,130.140625,DEV_RECON_LOCAL_BACK_ADJUSTED_DATED_CONTRACT_CHAIN,2016-06-03T00:00:00Z,129.890625,131.0625,129.84375,1551777.0,129.046875,130.21875,129.0,1551777.0
SOURCE_NATIVE_FUTURES,ZN,bond,APPENDIX_C_172_004,10-year US,ZNU6,732065,2016-06-05,PROVIDER_CONDITION_AVAILABLE,-0.84375,130.984375,130.140625,DEV_RECON_LOCAL_BACK_ADJUSTED_DATED_CONTRACT_CHAIN,2016-06-05T00:00:00Z,130.96875,131.0625,130.9375,21710.0,130.125,130.21875,130.09375,21710.0
SOURCE_NATIVE_FUTURES,ZN,bond,APPENDIX_C_172_004,10-year US,ZNU6,732065,2016-06-06,PROVIDER_CONDITION_AVAILABLE,-0.84375,130.796875,129.953125,DEV_RECON_LOCAL_BACK_ADJUSTED_DATED_CONTRACT_CHAIN,2016-06-06T00:00:00Z,131.0,131.0,130.625,1006527.0,130.15625,130.15625,129.78125,1006527.0
SOURCE_NATIVE_FUTURES,ZN,bond,APPENDIX_C_172_004,10-year US,ZNU6,732065,2016-06-07,PROVIDER_CONDITION_AVAILABLE,-0.84375,130.921875,130.078125,DEV_RECON_LOCAL_BACK_ADJUSTED_DATED_CONTRACT_CHAIN,2016-06-07T00:00:00Z,130.796875,131.046875,130.6875,620272.0,129.953125,130.203125,129.84375,620272.0
SOURCE_NATIVE_FUTURES,ZN,bond,APPENDIX_C_172_004,10-year US,ZNU6,732065,2016-06-08,PROVIDER_CONDITION_AVAILABLE,-0.84375,130.953125,130.109375,DEV_RECON_LOCAL_BACK_ADJUSTED_DATED_CONTRACT_CHAIN,2016-06-08T00:00:00Z,130.921875,131.078125,130.84375,732394.0,130.078125,130.234375,130.0,732394.0
SOURCE_NATIVE_FUTURES,ZN,bond,APPENDIX_C_172_004,10-year US,ZNU6,732065,2016-06-09,PROVIDER_CONDITION_AVAILABLE,-0.84375,131.078125,130.234375,DEV_RECON_LOCAL_BACK_ADJUSTED_DATED_CONTRACT_CHAIN,2016-06-09T00:00:00Z,130.953125,131.28125,130.890625,962293.0,130.109375,130.4375,130.046875,962293.0
SOURCE_NATIVE_FUTURES,ZN,bond,APPENDIX_C_172_004,10-year US,ZNU6,732065,2016-06-10,PROVIDER_CONDITION_AVAILABLE,-0.84375,131.5,130.65625,DEV_RECON_LOCAL_BACK_ADJUSTED_DATED_CONTRACT_CHAIN,2016-06-10T00:00:00Z,131.078125,131.625,131.0625,1038648.0,130.234375,130.78125,130.21875,1038648.0
SOURCE_NATIVE_FUTURES,ZN,bond,APPENDIX_C_172_004,10-year US,ZNU6,732065,2016-06-12,PROVIDER_CONDITION_AVAILABLE,-0.84375,131.671875,130.828125,DEV_RECON_LOCAL_BACK_ADJUSTED_DATED_CONTRACT_CHAIN,2016-06-12T00:00:00Z,131.625,131.6875,131.578125,17005.0,130.78125,130.84375,130.734375,17005.0
SOURCE_NATIVE_FUTURES,ZN,bond,APPENDIX_C_172_004,10-year US,ZNU6,732065,2016-06-13,PROVIDER_CONDITION_AVAILABLE,-0.84375,131.828125,130.984375,DEV_RECON_LOCAL_BACK_ADJUSTED_DATED_CONTRACT_CHAIN,2016-06-13T00:00:00Z,131.671875,131.875,131.5625,1022502.0,130.828125,131.03125,130.71875,1022502.0
SOURCE_NATIVE_FUTURES,ZN,bond,APPENDIX_C_172_004,10-year US,ZNU6,732065,2016-06-14,PROVIDER_CONDITION_AVAILABLE,-0.84375,131.75,130.90625,DEV_RECON_LOCAL_BACK_ADJUSTED_DATED_CONTRACT_CHAIN,2016-06-14T00:00:00Z,131.8125,132.234375,131.671875,1462697.0,130.96875,131.390625,130.828125,1462697.0
SOURCE_NATIVE_FUTURES,ZN,bond,APPENDIX_C_172_004,10-year US,ZNU6,732065,2016-06-15,PROVIDER_CONDITION_AVAILABLE,-0.84375,132.328125,131.484375,DEV_RECON_LOCAL_BACK_ADJUSTED_DATED_CONTRACT_CHAIN,2016-06-15T00:00:00Z,131.75,132.34375,131.5625,1063397.0,130.90625,131.5,130.71875,1063397.0
SOURCE_NATIVE_FUTURES,ZN,bond,APPENDIX_C_172_004,10-year US,ZNU6,732065,2016-06-16,PROVIDER_CONDITION_AVAILABLE,-0.84375,132.0625,131.21875,DEV_RECON_LOCAL_BACK_ADJUSTED_DATED_CONTRACT_CHAIN,2016-06-16T00:00:00Z,132.328125,132.703125,132.046875,1441839.0,131.484375,131.859375,131.203125,1441839.0
SOURCE_NATIVE_FUTURES,ZN,bond,APPENDIX_C_172_004,10-year US,ZNU6,732065,2016-06-17,PROVIDER_CONDITION_AVAILABLE,-0.84375,131.90625,131.0625,DEV_RECON_LOCAL_BACK_ADJUSTED_DATED_CONTRACT_CHAIN,2016-06-17T00:00:00Z,132.0625,132.171875,131.8125,1086522.0,131.21875,131.328125,130.96875,1086522.0
SOURCE_NATIVE_FUTURES,ZN,bond,APPENDIX_C_172_004,10-year US,ZNU6,732065,2016-06-19,PROVIDER_CONDITION_AVAILABLE,-0.84375,131.53125,130.6875,DEV_RECON_LOCAL_BACK_ADJUSTED_DATED_CONTRACT_CHAIN,2016-06-19T00:00:00Z,131.46875,131.609375,131.421875,32354.0,130.625,130.765625,130.578125,32354.0
SOURCE_NATIVE_FUTURES,ZN,bond,APPENDIX_C_172_004,10-year US,ZNU6,732065,2016-06-20,PROVIDER_CONDITION_AVAILABLE,-0.84375,131.453125,130.609375,DEV_RECON_LOCAL_BACK_ADJUSTED_DATED_CONTRACT_CHAIN,2016-06-20T00:00:00Z,131.515625,131.625,131.265625,924043.0,130.671875,130.78125,130.421875,924043.0
SOURCE_NATIVE_FUTURES,ZN,bond,APPENDIX_C_172_004,10-year US,ZNU6,732065,2016-06-21,PROVIDER_CONDITION_AVAILABLE,-0.84375,131.25,130.40625,DEV_RECON_LOCAL_BACK_ADJUSTED_DATED_CONTRACT_CHAIN,2016-06-21T00:00:00Z,131.453125,131.5625,131.125,926840.0,130.609375,130.71875,130.28125,926840.0
SOURCE_NATIVE_FUTURES,ZN,bond,APPENDIX_C_172_004,10-year US,ZNU6,732065,2016-06-22,PROVIDER_CONDITION_AVAILABLE,-0.84375,131.203125,130.359375,DEV_RECON_LOCAL_BACK_ADJUSTED_DATED_CONTRACT_CHAIN,2016-06-22T00:00:00Z,131.25,131.421875,131.15625,854858.0,130.40625,130.578125,130.3125,854858.0
SOURCE_NATIVE_FUTURES,ZN,bond,APPENDIX_C_172_004,10-year US,ZNU6,732065,2016-06-23,PROVIDER_CONDITION_AVAILABLE,-0.84375,131.375,130.53125,DEV_RECON_LOCAL_BACK_ADJUSTED_DATED_CONTRACT_CHAIN,2016-06-23T00:00:00Z,131.203125,131.59375,130.671875,1138489.0,130.359375,130.75,129.828125,1138489.0
SOURCE_NATIVE_FUTURES,ZN,bond,APPENDIX_C_172_004,10-year US,ZNU6,732065,2016-06-24,PROVIDER_CONDITION_AVAILABLE,-0.84375,132.59375,131.75,DEV_RECON_LOCAL_BACK_ADJUSTED_DATED_CONTRACT_CHAIN,2016-06-24T00:00:00Z,131.375,134.21875,131.203125,2829371.0,130.53125,133.375,130.359375,2829371.0
SOURCE_NATIVE_FUTURES,ZN,bond,APPENDIX_C_172_004,10-year US,ZNU6,732065,2016-06-26,PROVIDER_CONDITION_AVAILABLE,-0.84375,133.109375,132.265625,DEV_RECON_LOCAL_BACK_ADJUSTED_DATED_CONTRACT_CHAIN,2016-06-26T00:00:00Z,132.75,133.1875,132.703125,56141.0,131.90625,132.34375,131.859375,56141.0
SOURCE_NATIVE_FUTURES,ZN,bond,APPENDIX_C_172_004,10-year US,ZNU6,732065,2016-06-27,PROVIDER_CONDITION_AVAILABLE,-0.84375,133.453125,132.609375,DEV_RECON_LOCAL_BACK_ADJUSTED_DATED_CONTRACT_CHAIN,2016-06-27T00:00:00Z,133.09375,133.46875,132.875,1212826.0,132.25,132.625,132.03125,1212826.0
SOURCE_NATIVE_FUTURES,ZN,bond,APPENDIX_C_172_004,10-year US,ZNU6,732065,2016-06-28,PROVIDER_CONDITION_AVAILABLE,-0.84375,133.203125,132.359375,DEV_RECON_LOCAL_BACK_ADJUSTED_DATED_CONTRACT_CHAIN,2016-06-28T00:00:00Z,133.453125,133.5625,133.03125,1081869.0,132.609375,132.71875,132.1875,1081869.0
SOURCE_NATIVE_FUTURES,ZN,bond,APPENDIX_C_172_004,10-year US,ZNU6,732065,2016-06-29,PROVIDER_CONDITION_AVAILABLE,-0.84375,132.796875,131.953125,DEV_RECON_LOCAL_BACK_ADJUSTED_DATED_CONTRACT_CHAIN,2016-06-29T00:00:00Z,133.203125,133.3125,132.6875,1012838.0,132.359375,132.46875,131.84375,1012838.0
SOURCE_NATIVE_FUTURES,ZN,bond,APPENDIX_C_172_004,10-year US,ZNU6,732065,2016-06-30,PROVIDER_CONDITION_AVAILABLE,-0.84375,133.109375,132.265625,DEV_RECON_LOCAL_BACK_ADJUSTED_DATED_CONTRACT_CHAIN,2016-06-30T00:00:00Z,132.78125,133.234375,132.4375,1843801.0,131.9375,132.390625,131.59375,1843801.0
SOURCE_NATIVE_FUTURES,ZN,bond,APPENDIX_C_172_004,10-year US,ZNU6,732065,2016-07-01,PROVIDER_CONDITION_AVAILABLE,-0.84375,133.25,132.40625,DEV_RECON_LOCAL_BACK_ADJUSTED_DATED_CONTRACT_CHAIN,2016-07-01T00:00:00Z,133.109375,133.921875,132.984375,1281780.0,132.265625,133.078125,132.140625,1281780.0
SOURCE_NATIVE_FUTURES,ZN,bond,APPENDIX_C_172_004,10-year US,ZNU6,732065,2016-07-03,PROVIDER_CONDITION_AVAILABLE,-0.84375,133.25,132.40625,DEV_RECON_LOCAL_BACK_ADJUSTED_DATED_CONTRACT_CHAIN,2016-07-03T00:00:00Z,133.296875,133.3125,133.140625,5802.0,132.453125,132.46875,132.296875,5802.0
SOURCE_NATIVE_FUTURES,ZN,bond,APPENDIX_C_172_004,10-year US,ZNU6,732065,2016-07-04,PROVIDER_CONDITION_AVAILABLE,-0.84375,133.28125,132.4375,DEV_RECON_LOCAL_BACK_ADJUSTED_DATED_CONTRACT_CHAIN,2016-07-04T00:00:00Z,133.265625,133.34375,133.0,94993.0,132.421875,132.5,132.15625,94993.0
SOURCE_NATIVE_FUTURES,ZN,bond,APPENDIX_C_172_004,10-year US,ZNU6,732065,2016-07-05,PROVIDER_CONDITION_AVAILABLE,-0.84375,133.921875,133.078125,DEV_RECON_LOCAL_BACK_ADJUSTED_DATED_CONTRACT_CHAIN,2016-07-05T00:00:00Z,133.28125,133.984375,133.28125,983157.0,132.4375,133.140625,132.4375,983157.0
SOURCE_NATIVE_FUTURES,ZN,bond,APPENDIX_C_172_004,10-year US,ZNU6,732065,2016-07-06,PROVIDER_CONDITION_AVAILABLE,-0.84375,133.796875,132.953125,DEV_RECON_LOCAL_BACK_ADJUSTED_DATED_CONTRACT_CHAIN,2016-07-06T00:00:00Z,133.921875,134.234375,133.578125,1366135.0,133.078125,133.390625,132.734375,1366135.0
SOURCE_NATIVE_FUTURES,ZN,bond,APPENDIX_C_172_004,10-year US,ZNU6,732065,2016-07-07,PROVIDER_CONDITION_AVAILABLE,-0.84375,133.6875,132.84375,DEV_RECON_LOCAL_BACK_ADJUSTED_DATED_CONTRACT_CHAIN,2016-07-07T00:00:00Z,133.796875,133.921875,133.34375,1128877.0,132.953125,133.078125,132.5,1128877.0
SOURCE_NATIVE_FUTURES,ZN,bond,APPENDIX_C_172_004,10-year US,ZNU6,732065,2016-07-08,PROVIDER_CONDITION_AVAILABLE,-0.84375,133.84375,133.0,DEV_RECON_LOCAL_BACK_ADJUSTED_DATED_CONTRACT_CHAIN,2016-07-08T00:00:00Z,133.671875,134.015625,133.046875,1404246.0,132.828125,133.171875,132.203125,1404246.0
SOURCE_NATIVE_FUTURES,ZN,bond,APPENDIX_C_172_004,10-year US,ZNU6,732065,2016-07-10,PROVIDER_CONDITION_AVAILABLE,-0.84375,133.78125,132.9375,DEV_RECON_LOCAL_BACK_ADJUSTED_DATED_CONTRACT_CHAIN,2016-07-10T00:00:00Z,133.859375,133.890625,133.75,9715.0,133.015625,133.046875,132.90625,9715.0
SOURCE_NATIVE_FUTURES,ZN,bond,APPENDIX_C_172_004,10-year US,ZNU6,732065,2016-07-11,PROVIDER_CONDITION_AVAILABLE,-0.84375,133.234375,132.390625,DEV_RECON_LOCAL_BACK_ADJUSTED_DATED_CONTRACT_CHAIN,2016-07-11T00:00:00Z,133.78125,133.8125,133.125,887733.0,132.9375,132.96875,132.28125,887733.0
SOURCE_NATIVE_FUTURES,ZN,bond,APPENDIX_C_172_004,10-year US,ZNU6,732065,2016-07-12,PROVIDER_CONDITION_AVAILABLE,-0.84375,132.515625,131.671875,DEV_RECON_LOCAL_BACK_ADJUSTED_DATED_CONTRACT_CHAIN,2016-07-12T00:00:00Z,133.234375,133.25,132.359375,1367876.0,132.390625,132.40625,131.515625,1367876.0
SOURCE_NATIVE_FUTURES,ZN,bond,APPENDIX_C_172_004,10-year US,ZNU6,732065,2016-07-13,PROVIDER_CONDITION_AVAILABLE,-0.84375,132.796875,131.953125,DEV_RECON_LOCAL_BACK_ADJUSTED_DATED_CONTRACT_CHAIN,2016-07-13T00:00:00Z,132.515625,132.9375,132.515625,1136616.0,131.671875,132.09375,131.671875,1136616.0
SOURCE_NATIVE_FUTURES,ZN,bond,APPENDIX_C_172_004,10-year US,ZNU6,732065,2016-07-14,PROVIDER_CONDITION_AVAILABLE,-0.84375,132.484375,131.640625,DEV_RECON_LOCAL_BACK_ADJUSTED_DATED_CONTRACT_CHAIN,2016-07-14T00:00:00Z,132.796875,132.90625,132.1875,1297680.0,131.953125,132.0625,131.34375,1297680.0
SOURCE_NATIVE_FUTURES,ZN,bond,APPENDIX_C_172_004,10-year US,ZNU6,732065,2016-07-15,PROVIDER_CONDITION_AVAILABLE,-0.84375,132.25,131.40625,DEV_RECON_LOCAL_BACK_ADJUSTED_DATED_CONTRACT_CHAIN,2016-07-15T00:00:00Z,132.5,132.515625,131.78125,1168662.0,131.65625,131.671875,130.9375,1168662.0
SOURCE_NATIVE_FUTURES,ZN,bond,APPENDIX_C_172_004,10-year US,ZNU6,732065,2016-07-17,PROVIDER_CONDITION_AVAILABLE,-0.84375,131.953125,131.109375,DEV_RECON_LOCAL_BACK_ADJUSTED_DATED_CONTRACT_CHAIN,2016-07-17T00:00:00Z,131.9375,132.0,131.734375,30663.0,131.09375,131.15625,130.890625,30663.0
SOURCE_NATIVE_FUTURES,ZN,bond,APPENDIX_C_172_004,10-year US,ZNU6,732065,2016-07-18,PROVIDER_CONDITION_AVAILABLE,-0.84375,132.109375,131.265625,DEV_RECON_LOCAL_BACK_ADJUSTED_DATED_CONTRACT_CHAIN,2016-07-18T00:00:00Z,131.953125,132.25,131.84375,781071.0,131.109375,131.40625,131.0,781071.0
SOURCE_NATIVE_FUTURES,ZN,bond,APPENDIX_C_172_004,10-year US,ZNU6,732065,2016-07-19,PROVIDER_CONDITION_AVAILABLE,-0.84375,132.21875,131.375,DEV_RECON_LOCAL_BACK_ADJUSTED_DATED_CONTRACT_CHAIN,2016-07-19T00:00:00Z,132.09375,132.40625,132.09375,841602.0,131.25,131.5625,131.25,841602.0
SOURCE_NATIVE_FUTURES,ZN,bond,APPENDIX_C_172_004,10-year US,ZNU6,732065,2016-07-20,PROVIDER_CONDITION_AVAILABLE,-0.84375,131.984375,131.140625,DEV_RECON_LOCAL_BACK_ADJUSTED_DATED_CONTRACT_CHAIN,2016-07-20T00:00:00Z,132.21875,132.328125,131.859375,805114.0,131.375,131.484375,131.015625,805114.0
SOURCE_NATIVE_FUTURES,ZN,bond,APPENDIX_C_172_004,10-year US,ZNU6,732065,2016-07-21,PROVIDER_CONDITION_AVAILABLE,-0.84375,132.390625,131.546875,DEV_RECON_LOCAL_BACK_ADJUSTED_DATED_CONTRACT_CHAIN,2016-07-21T00:00:00Z,131.96875,132.453125,131.609375,1216043.0,131.125,131.609375,130.765625,1216043.0
SOURCE_NATIVE_FUTURES,ZN,bond,APPENDIX_C_172_004,10-year US,ZNU6,732065,2016-07-22,PROVIDER_CONDITION_AVAILABLE,-0.84375,132.125,131.28125,DEV_RECON_LOCAL_BACK_ADJUSTED_DATED_CONTRACT_CHAIN,2016-07-22T00:00:00Z,132.40625,132.515625,131.90625,881371.0,131.5625,131.671875,131.0625,881371.0
SOURCE_NATIVE_FUTURES,ZN,bond,APPENDIX_C_172_004,10-year US,ZNU6,732065,2016-07-24,PROVIDER_CONDITION_AVAILABLE,-0.84375,132.078125,131.234375,DEV_RECON_LOCAL_BACK_ADJUSTED_DATED_CONTRACT_CHAIN,2016-07-24T00:00:00Z,132.125,132.140625,132.046875,5390.0,131.28125,131.296875,131.203125,5390.0
SOURCE_NATIVE_FUTURES,ZN,bond,APPENDIX_C_172_004,10-year US,ZNU6,732065,2016-07-25,PROVIDER_CONDITION_AVAILABLE,-0.84375,132.078125,131.234375,DEV_RECON_LOCAL_BACK_ADJUSTED_DATED_CONTRACT_CHAIN,2016-07-25T00:00:00Z,132.09375,132.265625,131.890625,683735.0,131.25,131.421875,131.046875,683735.0
SOURCE_NATIVE_FUTURES,ZN,bond,APPENDIX_C_172_004,10-year US,ZNU6,732065,2016-07-26,PROVIDER_CONDITION_AVAILABLE,-0.84375,132.109375,131.265625,DEV_RECON_LOCAL_BACK_ADJUSTED_DATED_CONTRACT_CHAIN,2016-07-26T00:00:00Z,132.078125,132.34375,131.859375,996257.0,131.234375,131.5,131.015625,996257.0
SOURCE_NATIVE_FUTURES,ZN,bond,APPENDIX_C_172_004,10-year US,ZNU6,732065,2016-07-27,PROVIDER_CONDITION_AVAILABLE,-0.84375,132.625,131.78125,DEV_RECON_LOCAL_BACK_ADJUSTED_DATED_CONTRACT_CHAIN,2016-07-27T00:00:00Z,132.109375,132.671875,131.828125,1119816.0,131.265625,131.828125,130.984375,1119816.0
SOURCE_NATIVE_FUTURES,ZN,bond,APPENDIX_C_172_004,10-year US,ZNU6,732065,2016-07-28,PROVIDER_CONDITION_AVAILABLE,-0.84375,132.671875,131.828125,DEV_RECON_LOCAL_BACK_ADJUSTED_DATED_CONTRACT_CHAIN,2016-07-28T00:00:00Z,132.640625,132.75,132.34375,1051479.0,131.796875,131.90625,131.5,1051479.0
SOURCE_NATIVE_FUTURES,ZN,bond,APPENDIX_C_172_004,10-year US,ZNU6,732065,2016-07-29,PROVIDER_CONDITION_AVAILABLE,-0.84375,133.09375,132.25,DEV_RECON_LOCAL_BACK_ADJUSTED_DATED_CONTRACT_CHAIN,2016-07-29T00:00:00Z,132.6875,133.140625,132.109375,1517632.0,131.84375,132.296875,131.265625,1517632.0
SOURCE_NATIVE_FUTURES,ZN,bond,APPENDIX_C_172_004,10-year US,ZNU6,732065,2016-07-31,PROVIDER_CONDITION_AVAILABLE,-0.84375,133.046875,132.203125,DEV_RECON_LOCAL_BACK_ADJUSTED_DATED_CONTRACT_CHAIN,2016-07-31T00:00:00Z,133.125,133.125,133.03125,10579.0,132.28125,132.28125,132.1875,10579.0
SOURCE_NATIVE_FUTURES,ZN,bond,APPENDIX_C_172_004,10-year US,ZNU6,732065,2016-08-01,PROVIDER_CONDITION_AVAILABLE,-0.84375,132.640625,131.796875,DEV_RECON_LOCAL_BACK_ADJUSTED_DATED_CONTRACT_CHAIN,2016-08-01T00:00:00Z,133.046875,133.046875,132.5625,1006411.0,132.203125,132.203125,131.71875,1006411.0
SOURCE_NATIVE_FUTURES,ZN,bond,APPENDIX_C_172_004,10-year US,ZNU6,732065,2016-08-02,PROVIDER_CONDITION_AVAILABLE,-0.84375,132.375,131.53125,DEV_RECON_LOCAL_BACK_ADJUSTED_DATED_CONTRACT_CHAIN,2016-08-02T00:00:00Z,132.640625,132.71875,132.203125,1384411.0,131.796875,131.875,131.359375,1384411.0
SOURCE_NATIVE_FUTURES,ZN,bond,APPENDIX_C_172_004,10-year US,ZNU6,732065,2016-08-03,PROVIDER_CONDITION_AVAILABLE,-0.84375,132.59375,131.75,DEV_RECON_LOCAL_BACK_ADJUSTED_DATED_CONTRACT_CHAIN,2016-08-03T00:00:00Z,132.375,132.640625,132.265625,972140.0,131.53125,131.796875,131.421875,972140.0
SOURCE_NATIVE_FUTURES,ZN,bond,APPENDIX_C_172_004,10-year US,ZNU6,732065,2016-08-04,PROVIDER_CONDITION_AVAILABLE,-0.84375,132.96875,132.125,DEV_RECON_LOCAL_BACK_ADJUSTED_DATED_CONTRACT_CHAIN,2016-08-04T00:00:00Z,132.578125,133.09375,132.453125,1050520.0,131.734375,132.25,131.609375,1050520.0
SOURCE_NATIVE_FUTURES,ZN,bond,APPENDIX_C_172_004,10-year US,ZNU6,732065,2016-08-05,PROVIDER_CONDITION_AVAILABLE,-0.84375,132.0625,131.21875,DEV_RECON_LOCAL_BACK_ADJUSTED_DATED_CONTRACT_CHAIN,2016-08-05T00:00:00Z,132.96875,133.0625,132.046875,1267641.0,132.125,132.21875,131.203125,1267641.0
SOURCE_NATIVE_FUTURES,ZN,bond,APPENDIX_C_172_004,10-year US,ZNU6,732065,2016-08-07,PROVIDER_CONDITION_AVAILABLE,-0.84375,132.03125,131.1875,DEV_RECON_LOCAL_BACK_ADJUSTED_DATED_CONTRACT_CHAIN,2016-08-07T00:00:00Z,132.046875,132.0625,131.9375,14219.0,131.203125,131.21875,131.09375,14219.0
SOURCE_NATIVE_FUTURES,ZN,bond,APPENDIX_C_172_004,10-year US,ZNU6,732065,2016-08-08,PROVIDER_CONDITION_AVAILABLE,-0.84375,132.015625,131.171875,DEV_RECON_LOCAL_BACK_ADJUSTED_DATED_CONTRACT_CHAIN,2016-08-08T00:00:00Z,132.03125,132.203125,131.796875,938266.0,131.1875,131.359375,130.953125,938266.0
SOURCE_NATIVE_FUTURES,ZN,bond,APPENDIX_C_172_004,10-year US,ZNU6,732065,2016-08-09,PROVIDER_CONDITION_AVAILABLE,-0.84375,132.34375,131.5,DEV_RECON_LOCAL_BACK_ADJUSTED_DATED_CONTRACT_CHAIN,2016-08-09T00:00:00Z,132.0,132.421875,131.921875,849388.0,131.15625,131.578125,131.078125,849388.0
SOURCE_NATIVE_FUTURES,ZN,bond,APPENDIX_C_172_004,10-year US,ZNU6,732065,2016-08-10,PROVIDER_CONDITION_AVAILABLE,-0.84375,132.75,131.90625,DEV_RECON_LOCAL_BACK_ADJUSTED_DATED_CONTRACT_CHAIN,2016-08-10T00:00:00Z,132.34375,132.78125,132.34375,974331.0,131.5,131.9375,131.5,974331.0
SOURCE_NATIVE_FUTURES,ZN,bond,APPENDIX_C_172_004,10-year US,ZNU6,732065,2016-08-11,PROVIDER_CONDITION_AVAILABLE,-0.84375,132.109375,131.265625,DEV_RECON_LOCAL_BACK_ADJUSTED_DATED_CONTRACT_CHAIN,2016-08-11T00:00:00Z,132.75,132.765625,132.0,964753.0,131.90625,131.921875,131.15625,964753.0
SOURCE_NATIVE_FUTURES,ZN,bond,APPENDIX_C_172_004,10-year US,ZNU6,732065,2016-08-12,PROVIDER_CONDITION_AVAILABLE,-0.84375,132.546875,131.703125,DEV_RECON_LOCAL_BACK_ADJUSTED_DATED_CONTRACT_CHAIN,2016-08-12T00:00:00Z,132.109375,132.90625,132.0625,1120706.0,131.265625,132.0625,131.21875,1120706.0
SOURCE_NATIVE_FUTURES,ZN,bond,APPENDIX_C_172_004,10-year US,ZNU6,732065,2016-08-14,PROVIDER_CONDITION_AVAILABLE,-0.84375,132.59375,131.75,DEV_RECON_LOCAL_BACK_ADJUSTED_DATED_CONTRACT_CHAIN,2016-08-14T00:00:00Z,132.546875,132.640625,132.53125,4007.0,131.703125,131.796875,131.6875,4007.0
SOURCE_NATIVE_FUTURES,ZN,bond,APPENDIX_C_172_004,10-year US,ZNU6,732065,2016-08-15,PROVIDER_CONDITION_AVAILABLE,-0.84375,132.234375,131.390625,DEV_RECON_LOCAL_BACK_ADJUSTED_DATED_CONTRACT_CHAIN,2016-08-15T00:00:00Z,132.59375,132.703125,132.171875,741680.0,131.75,131.859375,131.328125,741680.0
SOURCE_NATIVE_FUTURES,ZN,bond,APPENDIX_C_172_004,10-year US,ZNU6,732065,2016-08-16,PROVIDER_CONDITION_AVAILABLE,-0.84375,132.078125,131.234375,DEV_RECON_LOCAL_BACK_ADJUSTED_DATED_CONTRACT_CHAIN,2016-08-16T00:00:00Z,132.234375,132.640625,131.875,1391531.0,131.390625,131.796875,131.03125,1391531.0
SOURCE_NATIVE_FUTURES,ZN,bond,APPENDIX_C_172_004,10-year US,ZNU6,732065,2016-08-17,PROVIDER_CONDITION_AVAILABLE,-0.84375,132.328125,131.484375,DEV_RECON_LOCAL_BACK_ADJUSTED_DATED_CONTRACT_CHAIN,2016-08-17T00:00:00Z,132.09375,132.390625,131.828125,1051984.0,131.25,131.546875,130.984375,1051984.0
SOURCE_NATIVE_FUTURES,ZN,bond,APPENDIX_C_172_004,10-year US,ZNU6,732065,2016-08-18,PROVIDER_CONDITION_AVAILABLE,-0.84375,132.296875,131.453125,DEV_RECON_LOCAL_BACK_ADJUSTED_DATED_CONTRACT_CHAIN,2016-08-18T00:00:00Z,132.328125,132.484375,132.078125,845074.0,131.484375,131.640625,131.234375,845074.0
SOURCE_NATIVE_FUTURES,ZN,bond,APPENDIX_C_172_004,10-year US,ZNU6,732065,2016-08-19,PROVIDER_CONDITION_AVAILABLE,-0.84375,131.953125,131.109375,DEV_RECON_LOCAL_BACK_ADJUSTED_DATED_CONTRACT_CHAIN,2016-08-19T00:00:00Z,132.3125,132.375,131.828125,887332.0,131.46875,131.53125,130.984375,887332.0
SOURCE_NATIVE_FUTURES,ZN,bond,APPENDIX_C_172_004,10-year US,ZNU6,732065,2016-08-21,PROVIDER_CONDITION_AVAILABLE,-0.84375,131.765625,130.921875,DEV_RECON_LOCAL_BACK_ADJUSTED_DATED_CONTRACT_CHAIN,2016-08-21T00:00:00Z,131.890625,131.90625,131.734375,22300.0,131.046875,131.0625,130.890625,22300.0
SOURCE_NATIVE_FUTURES,ZN,bond,APPENDIX_C_172_004,10-year US,ZNU6,732065,2016-08-22,PROVIDER_CONDITION_AVAILABLE,-0.84375,132.203125,131.359375,DEV_RECON_LOCAL_BACK_ADJUSTED_DATED_CONTRACT_CHAIN,2016-08-22T00:00:00Z,131.78125,132.3125,131.6875,860822.0,130.9375,131.46875,130.84375,860822.0
SOURCE_NATIVE_FUTURES,ZN,bond,APPENDIX_C_172_004,10-year US,ZNU6,732065,2016-08-23,PROVIDER_CONDITION_AVAILABLE,-0.84375,132.21875,131.375,DEV_RECON_LOCAL_BACK_ADJUSTED_DATED_CONTRACT_CHAIN,2016-08-23T00:00:00Z,132.1875,132.421875,132.046875,799264.0,131.34375,131.578125,131.203125,799264.0
SOURCE_NATIVE_FUTURES,ZN,bond,APPENDIX_C_172_004,10-year US,ZNU6,732065,2016-08-24,PROVIDER_CONDITION_AVAILABLE,-0.84375,132.171875,131.328125,DEV_RECON_LOCAL_BACK_ADJUSTED_DATED_CONTRACT_CHAIN,2016-08-24T00:00:00Z,132.21875,132.359375,132.109375,720830.0,131.375,131.515625,131.265625,720830.0
SOURCE_NATIVE_FUTURES,ZN,bond,APPENDIX_C_172_004,10-year US,ZNU6,732065,2016-08-25,PROVIDER_CONDITION_AVAILABLE,-0.84375,132.0625,131.21875,DEV_RECON_LOCAL_BACK_ADJUSTED_DATED_CONTRACT_CHAIN,2016-08-25T00:00:00Z,132.171875,132.296875,132.0,864704.0,131.328125,131.453125,131.15625,864704.0
SOURCE_NATIVE_FUTURES,ZN,bond,APPENDIX_C_172_004,10-year US,ZNU6,732065,2016-08-26,PROVIDER_CONDITION_AVAILABLE,-0.84375,131.375,130.53125,DEV_RECON_LOCAL_BACK_ADJUSTED_DATED_CONTRACT_CHAIN,2016-08-26T00:00:00Z,132.0625,132.4375,131.359375,1541792.0,131.21875,131.59375,130.515625,1541792.0
SOURCE_NATIVE_FUTURES,ZN,bond,APPENDIX_C_172_004,10-year US,ZNU6,732065,2016-08-28,PROVIDER_CONDITION_AVAILABLE,-0.84375,131.453125,130.609375,DEV_RECON_LOCAL_BACK_ADJUSTED_DATED_CONTRACT_CHAIN,2016-08-28T00:00:00Z,131.375,131.46875,131.296875,18309.0,130.53125,130.625,130.453125,18309.0
SOURCE_NATIVE_FUTURES,ZN,bond,APPENDIX_C_172_004,10-year US,ZNU6,732065,2016-08-29,PROVIDER_CONDITION_AVAILABLE,-0.84375,131.859375,131.015625,DEV_RECON_LOCAL_BACK_ADJUSTED_DATED_CONTRACT_CHAIN,2016-08-29T00:00:00Z,131.453125,132.0,131.421875,724660.0,130.609375,131.15625,130.578125,724660.0
SOURCE_NATIVE_FUTURES,ZN,bond,APPENDIX_C_172_004,10-year US,ZNU6,732065,2016-08-30,PROVIDER_CONDITION_AVAILABLE,-0.84375,131.890625,131.046875,DEV_RECON_LOCAL_BACK_ADJUSTED_DATED_CONTRACT_CHAIN,2016-08-30T00:00:00Z,131.875,132.03125,131.6875,532895.0,131.03125,131.1875,130.84375,532895.0
SOURCE_NATIVE_FUTURES,ZN,bond,APPENDIX_C_172_004,10-year US,ZNU6,732065,2016-08-31,PROVIDER_CONDITION_AVAILABLE,-0.84375,131.71875,130.875,DEV_RECON_LOCAL_BACK_ADJUSTED_DATED_CONTRACT_CHAIN,2016-08-31T00:00:00Z,131.890625,132.078125,131.703125,140938.0,131.046875,131.234375,130.859375,140938.0
SOURCE_NATIVE_FUTURES,ZN,bond,APPENDIX_C_172_004,10-year US,ZNU6,732065,2016-09-01,PROVIDER_CONDITION_AVAILABLE,-0.84375,131.875,131.03125,DEV_RECON_LOCAL_BACK_ADJUSTED_DATED_CONTRACT_CHAIN,2016-09-01T00:00:00Z,131.71875,132.015625,131.390625,88532.0,130.875,131.171875,130.546875,88532.0
SOURCE_NATIVE_FUTURES,ZN,bond,APPENDIX_C_172_004,10-year US,ZNU6,732065,2016-09-02,PROVIDER_CONDITION_AVAILABLE,-0.84375,131.640625,130.796875,DEV_RECON_LOCAL_BACK_ADJUSTED_DATED_CONTRACT_CHAIN,2016-09-02T00:00:00Z,131.875,132.25,131.46875,33414.0,131.03125,131.40625,130.625,33414.0
SOURCE_NATIVE_FUTURES,ZN,bond,APPENDIX_C_172_004,10-year US,ZNU6,732065,2016-09-04,PROVIDER_CONDITION_AVAILABLE,-0.84375,131.625,130.78125,DEV_RECON_LOCAL_BACK_ADJUSTED_DATED_CONTRACT_CHAIN,2016-09-04T00:00:00Z,131.671875,131.671875,131.625,63.0,130.828125,130.828125,130.78125,63.0
SOURCE_NATIVE_FUTURES,ZN,bond,APPENDIX_C_172_004,10-year US,ZNU6,732065,2016-09-05,PROVIDER_CONDITION_AVAILABLE,-0.84375,131.625,130.78125,DEV_RECON_LOCAL_BACK_ADJUSTED_DATED_CONTRACT_CHAIN,2016-09-05T00:00:00Z,131.625,131.71875,131.5625,873.0,130.78125,130.875,130.71875,873.0
SOURCE_NATIVE_FUTURES,ZN,bond,APPENDIX_C_172_004,10-year US,ZNU6,732065,2016-09-06,PROVIDER_CONDITION_AVAILABLE,-0.84375,132.296875,131.453125,DEV_RECON_LOCAL_BACK_ADJUSTED_DATED_CONTRACT_CHAIN,2016-09-06T00:00:00Z,131.625,132.359375,131.578125,13651.0,130.78125,131.515625,130.734375,13651.0
SOURCE_NATIVE_FUTURES,ZN,bond,APPENDIX_C_172_004,10-year US,ZNU6,732065,2016-09-07,PROVIDER_CONDITION_AVAILABLE,-0.84375,132.28125,131.4375,DEV_RECON_LOCAL_BACK_ADJUSTED_DATED_CONTRACT_CHAIN,2016-09-07T00:00:00Z,132.296875,132.484375,132.21875,5255.0,131.453125,131.640625,131.375,5255.0
SOURCE_NATIVE_FUTURES,ZN,bond,APPENDIX_C_172_004,10-year US,ZNU6,732065,2016-09-08,PROVIDER_CONDITION_AVAILABLE,-0.84375,131.78125,130.9375,DEV_RECON_LOCAL_BACK_ADJUSTED_DATED_CONTRACT_CHAIN,2016-09-08T00:00:00Z,132.28125,132.359375,131.625,5142.0,131.4375,131.515625,130.78125,5142.0
SOURCE_NATIVE_FUTURES,ZN,bond,APPENDIX_C_172_004,10-year US,ZNU6,732065,2016-09-09,PROVIDER_CONDITION_AVAILABLE,-0.84375,131.3125,130.46875,DEV_RECON_LOCAL_BACK_ADJUSTED_DATED_CONTRACT_CHAIN,2016-09-09T00:00:00Z,131.8125,131.828125,131.265625,5326.0,130.96875,130.984375,130.421875,5326.0
SOURCE_NATIVE_FUTURES,ZN,bond,APPENDIX_C_172_004,10-year US,ZNU6,732065,2016-09-11,PROVIDER_CONDITION_AVAILABLE,-0.84375,131.28125,130.4375,DEV_RECON_LOCAL_BACK_ADJUSTED_DATED_CONTRACT_CHAIN,2016-09-11T00:00:00Z,131.25,131.28125,131.234375,182.0,130.40625,130.4375,130.390625,182.0
SOURCE_NATIVE_FUTURES,ZN,bond,APPENDIX_C_172_004,10-year US,ZNU6,732065,2016-09-12,PROVIDER_CONDITION_AVAILABLE,-0.84375,131.5,130.65625,DEV_RECON_LOCAL_BACK_ADJUSTED_DATED_CONTRACT_CHAIN,2016-09-12T00:00:00Z,131.375,131.578125,131.15625,2771.0,130.53125,130.734375,130.3125,2771.0
SOURCE_NATIVE_FUTURES,ZN,bond,APPENDIX_C_172_004,10-year US,ZNU6,732065,2016-09-13,PROVIDER_CONDITION_AVAILABLE,-0.84375,131.0625,130.21875,DEV_RECON_LOCAL_BACK_ADJUSTED_DATED_CONTRACT_CHAIN,2016-09-13T00:00:00Z,131.734375,131.734375,130.8125,1863.0,130.890625,130.890625,129.96875,1863.0
SOURCE_NATIVE_FUTURES,ZN,bond,APPENDIX_C_172_004,10-year US,ZNU6,732065,2016-09-14,PROVIDER_CONDITION_AVAILABLE,-0.84375,131.375,130.53125,DEV_RECON_LOCAL_BACK_ADJUSTED_DATED_CONTRACT_CHAIN,2016-09-14T00:00:00Z,131.03125,131.46875,131.03125,1335.0,130.1875,130.625,130.1875,1335.0
SOURCE_NATIVE_FUTURES,ZN,bond,APPENDIX_C_172_004,10-year US,ZNU6,732065,2016-09-15,PROVIDER_CONDITION_AVAILABLE,-0.84375,131.5,130.65625,DEV_RECON_LOCAL_BACK_ADJUSTED_DATED_CONTRACT_CHAIN,2016-09-15T00:00:00Z,131.375,131.71875,131.171875,2518.0,130.53125,130.875,130.328125,2518.0
SOURCE_NATIVE_FUTURES,ZN,bond,APPENDIX_C_172_004,10-year US,ZNU6,732065,2016-09-16,PROVIDER_CONDITION_AVAILABLE,-0.84375,131.40625,130.5625,DEV_RECON_LOCAL_BACK_ADJUSTED_DATED_CONTRACT_CHAIN,2016-09-16T00:00:00Z,131.578125,131.796875,131.390625,285.0,130.734375,130.953125,130.546875,285.0
SOURCE_NATIVE_FUTURES,ZN,bond,APPENDIX_C_172_004,10-year US,ZNU6,732065,2016-09-19,PROVIDER_CONDITION_AVAILABLE,-0.84375,131.3125,130.46875,DEV_RECON_LOCAL_BACK_ADJUSTED_DATED_CONTRACT_CHAIN,2016-09-19T00:00:00Z,131.53125,131.5625,131.3125,392.0,130.6875,130.71875,130.46875,392.0
SOURCE_NATIVE_FUTURES,ZN,bond,APPENDIX_C_172_004,10-year US,ZNU6,732065,2016-09-20,PROVIDER_CONDITION_AVAILABLE,-0.84375,131.453125,130.609375,DEV_RECON_LOCAL_BACK_ADJUSTED_DATED_CONTRACT_CHAIN,2016-09-20T00:00:00Z,131.328125,131.65625,131.328125,1620.0,130.484375,130.8125,130.484375,1620.0
SOURCE_NATIVE_FUTURES,ZN,bond,APPENDIX_C_172_004,10-year US,ZNU6,732065,2016-09-21,PROVIDER_CONDITION_AVAILABLE,-0.84375,131.3125,130.46875,DEV_RECON_LOCAL_BACK_ADJUSTED_DATED_CONTRACT_CHAIN,2016-09-21T00:00:00Z,131.421875,131.5625,131.1875,945.0,130.578125,130.71875,130.34375,945.0
