ts_event,rtype,publisher_id,instrument_id,open,high,low,close,volume,symbol
2023-01-16 09:00:00+00:00,34,1,687964,109.84375,109.84375,109.828125,109.828125,20,ZFM3
2023-01-17 13:00:00+00:00,34,1,687964,109.8125,109.84375,109.8125,109.84375,50,ZFM3
2023-01-17 18:00:00+00:00,34,1,687964,109.90625,109.90625,109.90625,109.90625,1,ZFM3
2023-01-18 13:00:00+00:00,34,1,687964,110.4375,110.453125,110.4375,110.453125,2,ZFM3
2023-01-18 14:00:00+00:00,34,1,687964,110.703125,110.703125,110.6484375,110.65625,3,ZFM3
2023-01-18 15:00:00+00:00,34,1,687964,110.703125,110.703125,110.703125,110.703125,1,ZFM3
2023-01-19 05:00:00+00:00,34,1,687964,110.9765625,110.9765625,110.9765625,110.9765625,1,ZFM3
2023-01-19 07:00:00+00:00,34,1,687964,110.96875,110.96875,110.96875,110.96875,1,ZFM3
2023-01-19 10:00:00+00:00,34,1,687964,110.8671875,110.9140625,110.8671875,110.9140625,155,ZFM3
2023-01-19 12:00:00+00:00,34,1,687964,110.71875,110.71875,110.71875,110.71875,1,ZFM3
2023-01-19 13:00:00+00:00,34,1,687964,110.625,110.625,110.625,110.625,1,ZFM3
2023-01-19 15:00:00+00:00,34,1,687964,110.6171875,110.6171875,110.6171875,110.6171875,2,ZFM3
2023-01-19 16:00:00+00:00,34,1,687964,110.625,110.625,110.625,110.625,5,ZFM3
2023-01-20 02:00:00+00:00,34,1,687964,110.4296875,110.4296875,110.4296875,110.4296875,1,ZFM3
2023-01-20 04:00:00+00:00,34,1,687964,110.4375,110.4375,110.4375,110.4375,1,ZFM3
2023-01-20 13:00:00+00:00,34,1,687964,110.359375,110.359375,110.2421875,110.2421875,3,ZFM3
2023-01-20 14:00:00+00:00,34,1,687964,110.2421875,110.2421875,110.2421875,110.2421875,2,ZFM3
2023-01-20 15:00:00+00:00,34,1,687964,110.2109375,110.2109375,110.2109375,110.2109375,1,ZFM3
2023-01-20 16:00:00+00:00,34,1,687964,110.09375,110.09375,110.0546875,110.0546875,4,ZFM3
2023-01-20 17:00:00+00:00,34,1,687964,110.1328125,110.1328125,110.1015625,110.1015625,4,ZFM3
2023-01-20 18:00:00+00:00,34,1,687964,110.109375,110.109375,110.109375,110.109375,1,ZFM3
2023-01-20 19:00:00+00:00,34,1,687964,110.1640625,110.1640625,110.1640625,110.1640625,1,ZFM3
2023-01-23 09:00:00+00:00,34,1,687964,110.2109375,110.2109375,110.2109375,110.2109375,1,ZFM3
2023-01-23 13:00:00+00:00,34,1,687964,109.953125,109.953125,109.8671875,109.8671875,6,ZFM3
2023-01-23 14:00:00+00:00,34,1,687964,109.984375,109.984375,109.984375,109.984375,1,ZFM3
2023-01-23 16:00:00+00:00,34,1,687964,110.0078125,110.0078125,110.0078125,110.0078125,1,ZFM3
2023-01-23 17:00:00+00:00,34,1,687964,109.90625,109.9140625,109.90625,109.9140625,4,ZFM3
2023-01-23 19:00:00+00:00,34,1,687964,109.875,109.875,109.875,109.875,1,ZFM3
2023-01-23 20:00:00+00:00,34,1,687964,109.9140625,109.9140625,109.859375,109.859375,4,ZFM3
2023-01-24 01:00:00+00:00,34,1,687964,109.921875,109.921875,109.921875,109.921875,1,ZFM3
2023-01-24 03:00:00+00:00,34,1,687964,109.9140625,109.921875,109.9140625,109.921875,4,ZFM3
2023-01-24 04:00:00+00:00,34,1,687964,109.8984375,109.8984375,109.8984375,109.8984375,1,ZFM3
2023-01-24 05:00:00+00:00,34,1,687964,109.90625,109.921875,109.90625,109.921875,4,ZFM3
2023-01-24 06:00:00+00:00,34,1,687964,109.9296875,109.9296875,109.9296875,109.9296875,2,ZFM3
2023-01-24 07:00:00+00:00,34,1,687964,109.9453125,109.9609375,109.9453125,109.9609375,6,ZFM3
2023-01-24 09:00:00+00:00,34,1,687964,109.9609375,109.9765625,109.9609375,109.9765625,3,ZFM3
2023-01-24 10:00:00+00:00,34,1,687964,110.0234375,110.0234375,110.0234375,110.0234375,2,ZFM3
2023-01-24 11:00:00+00:00,34,1,687964,110.0,110.0,109.9921875,110.0,10,ZFM3
2023-01-24 14:00:00+00:00,34,1,687964,109.890625,109.8984375,109.7421875,109.7421875,10,ZFM3
2023-01-24 15:00:00+00:00,34,1,687964,109.8125,109.9375,109.8046875,109.9375,12,ZFM3
2023-01-24 16:00:00+00:00,34,1,687964,110.0234375,110.0390625,110.0234375,110.03125,28,ZFM3
2023-01-24 17:00:00+00:00,34,1,687964,110.0078125,110.03125,110.0,110.015625,4,ZFM3
2023-01-24 20:00:00+00:00,34,1,687964,110.0546875,110.0546875,110.0546875,110.0546875,1,ZFM3
2023-01-25 08:00:00+00:00,34,1,687964,110.125,110.125,110.125,110.125,1,ZFM3
2023-01-25 12:00:00+00:00,34,1,687964,110.2578125,110.2578125,110.2421875,110.2421875,2,ZFM3
2023-01-25 13:00:00+00:00,34,1,687964,110.1953125,110.1953125,110.1953125,110.1953125,4,ZFM3
2023-01-25 14:00:00+00:00,34,1,687964,110.1953125,110.21875,110.1953125,110.21875,2,ZFM3
2023-01-25 15:00:00+00:00,34,1,687964,110.234375,110.25,110.125,110.125,5,ZFM3
2023-01-25 20:00:00+00:00,34,1,687964,110.1640625,110.1640625,110.1640625,110.1640625,1,ZFM3
2023-01-26 13:00:00+00:00,34,1,687964,109.90625,109.9296875,109.875,109.9296875,3,ZFM3
2023-01-26 16:00:00+00:00,34,1,687964,109.90625,109.90625,109.90625,109.90625,1,ZFM3
2023-01-26 17:00:00+00:00,34,1,687964,109.9453125,109.953125,109.9453125,109.953125,2,ZFM3
2023-01-26 18:00:00+00:00,34,1,687964,110.0546875,110.0546875,110.0234375,110.0234375,200,ZFM3
2023-01-27 14:00:00+00:00,34,1,687964,109.7578125,109.7578125,109.7578125,109.7578125,1,ZFM3
2023-01-30 12:00:00+00:00,34,1,687964,109.6484375,109.65625,109.6484375,109.65625,27,ZFM3
2023-01-30 13:00:00+00:00,34,1,687964,109.59375,109.59375,109.5078125,109.5390625,22,ZFM3
2023-01-30 14:00:00+00:00,34,1,687964,109.5703125,109.5703125,109.5625,109.5625,33,ZFM3
2023-01-30 15:00:00+00:00,34,1,687964,109.6171875,109.6171875,109.53125,109.53125,3,ZFM3
2023-01-30 16:00:00+00:00,34,1,687964,109.5078125,109.5078125,109.5,109.5,4,ZFM3
2023-01-30 21:00:00+00:00,34,1,687964,109.578125,109.578125,109.578125,109.578125,1,ZFM3
2023-01-30 23:00:00+00:00,34,1,687964,109.59375,109.59375,109.59375,109.59375,4,ZFM3
2023-01-31 00:00:00+00:00,34,1,687964,109.59375,109.59375,109.59375,109.59375,1,ZFM3
2023-01-31 02:00:00+00:00,34,1,687964,109.5859375,109.5859375,109.5859375,109.5859375,1,ZFM3
2023-01-31 08:00:00+00:00,34,1,687964,109.7265625,109.7265625,109.7265625,109.7265625,1,ZFM3
2023-01-31 10:00:00+00:00,34,1,687964,109.640625,109.640625,109.640625,109.640625,1,ZFM3
2023-01-31 13:00:00+00:00,34,1,687964,109.6796875,109.859375,109.6796875,109.84375,29,ZFM3
2023-01-31 14:00:00+00:00,34,1,687964,109.796875,109.796875,109.796875,109.796875,2,ZFM3
2023-01-31 15:00:00+00:00,34,1,687964,109.6640625,109.6640625,109.6640625,109.6640625,1,ZFM3
2023-01-31 20:00:00+00:00,34,1,687964,109.8515625,109.8515625,109.8515625,109.8515625,1,ZFM3
2023-01-31 21:00:00+00:00,34,1,687964,109.9453125,109.9453125,109.84375,109.84375,43,ZFM3
2023-01-31 23:00:00+00:00,34,1,687964,109.8203125,109.8203125,109.8203125,109.8203125,2,ZFM3
2023-02-01 07:00:00+00:00,34,1,687964,109.8828125,109.8984375,109.8828125,109.8984375,2,ZFM3
2023-02-01 08:00:00+00:00,34,1,687964,109.9921875,110.0234375,109.9921875,110.0234375,820,ZFM3
2023-02-01 09:00:00+00:00,34,1,687964,110.0078125,110.046875,109.9453125,110.0390625,931,ZFM3
2023-02-01 10:00:00+00:00,34,1,687964,109.984375,109.984375,109.984375,109.984375,27,ZFM3
2023-02-01 11:00:00+00:00,34,1,687964,109.984375,109.984375,109.984375,109.984375,25,ZFM3
2023-02-01 13:00:00+00:00,34,1,687964,110.0625,110.0625,109.984375,109.984375,3,ZFM3
2023-02-01 14:00:00+00:00,34,1,687964,109.9375,109.9765625,109.9375,109.9765625,10,ZFM3
2023-02-01 15:00:00+00:00,34,1,687964,109.84375,109.921875,109.8046875,109.921875,72,ZFM3
2023-02-01 16:00:00+00:00,34,1,687964,109.9140625,109.921875,109.9140625,109.921875,14,ZFM3
2023-02-01 17:00:00+00:00,34,1,687964,109.9609375,109.96875,109.9609375,109.96875,16,ZFM3
2023-02-01 19:00:00+00:00,34,1,687964,109.84375,110.4140625,109.828125,110.390625,74,ZFM3
2023-02-01 20:00:00+00:00,34,1,687964,110.3828125,110.4765625,110.3359375,110.4609375,266,ZFM3
2023-02-01 21:00:00+00:00,34,1,687964,110.4453125,110.453125,110.3203125,110.3515625,414,ZFM3
2023-02-02 02:00:00+00:00,34,1,687964,110.3671875,110.3671875,110.3671875,110.3671875,1,ZFM3
2023-02-02 08:00:00+00:00,34,1,687964,110.3671875,110.3671875,110.3671875,110.3671875,20,ZFM3
2023-02-02 10:00:00+00:00,34,1,687964,110.3671875,110.3671875,110.3671875,110.3671875,20,ZFM3
2023-02-02 12:00:00+00:00,34,1,687964,110.4453125,110.5546875,110.4453125,110.5546875,27,ZFM3
2023-02-02 13:00:00+00:00,34,1,687964,110.515625,110.7578125,110.5078125,110.7578125,99,ZFM3
2023-02-02 14:00:00+00:00,34,1,687964,110.7578125,110.7578125,110.4453125,110.4453125,800,ZFM3
2023-02-02 15:00:00+00:00,34,1,687964,110.4296875,110.609375,110.3984375,110.609375,1569,ZFM3
2023-02-02 16:00:00+00:00,34,1,687964,110.6640625,110.6640625,110.5703125,110.5703125,7,ZFM3
2023-02-02 17:00:00+00:00,34,1,687964,110.5859375,110.5859375,110.5859375,110.5859375,1,ZFM3
2023-02-02 18:00:00+00:00,34,1,687964,110.5,110.5,110.5,110.5,11,ZFM3
2023-02-02 19:00:00+00:00,34,1,687964,110.4921875,110.4921875,110.46875,110.46875,27,ZFM3
2023-02-02 20:00:00+00:00,34,1,687964,110.46875,110.46875,110.390625,110.390625,337,ZFM3
2023-02-02 21:00:00+00:00,34,1,687964,110.3984375,110.4921875,110.3984375,110.4609375,63,ZFM3
2023-02-03 00:00:00+00:00,34,1,687964,110.4765625,110.4765625,110.4765625,110.4765625,10,ZFM3
2023-02-03 01:00:00+00:00,34,1,687964,110.5078125,110.5078125,110.5078125,110.5078125,5,ZFM3
2023-02-03 08:00:00+00:00,34,1,687964,110.4296875,110.4296875,110.4296875,110.4296875,30,ZFM3
2023-02-03 09:00:00+00:00,34,1,687964,110.4296875,110.4296875,110.4296875,110.4296875,1,ZFM3
2023-02-03 10:00:00+00:00,34,1,687964,110.453125,110.453125,110.453125,110.453125,1,ZFM3
2023-02-03 12:00:00+00:00,34,1,687964,110.53125,110.53125,110.4609375,110.4609375,54,ZFM3
2023-02-03 13:00:00+00:00,34,1,687964,110.4609375,110.484375,109.7265625,109.796875,119,ZFM3
2023-02-03 14:00:00+00:00,34,1,687964,109.8203125,109.921875,109.7578125,109.890625,87,ZFM3
2023-02-03 15:00:00+00:00,34,1,687964,109.65625,109.734375,109.578125,109.6953125,209,ZFM3
2023-02-03 16:00:00+00:00,34,1,687964,109.6953125,109.7265625,109.671875,109.7109375,129,ZFM3
2023-02-03 17:00:00+00:00,34,1,687964,109.71875,109.71875,109.6953125,109.71875,37,ZFM3
2023-02-03 18:00:00+00:00,34,1,687964,109.6953125,109.7265625,109.6875,109.7109375,10,ZFM3
2023-02-03 19:00:00+00:00,34,1,687964,109.6171875,109.640625,109.5546875,109.578125,76,ZFM3
2023-02-03 20:00:00+00:00,34,1,687964,109.578125,109.578125,109.5390625,109.5390625,22,ZFM3
2023-02-03 21:00:00+00:00,34,1,687964,109.59375,109.6015625,109.59375,109.6015625,19,ZFM3
2023-02-06 01:00:00+00:00,34,1,687964,109.421875,109.4296875,109.421875,109.421875,8,ZFM3
2023-02-06 02:00:00+00:00,34,1,687964,109.40625,109.40625,109.40625,109.40625,241,ZFM3
2023-02-06 03:00:00+00:00,34,1,687964,109.40625,109.4296875,109.40625,109.4296875,48,ZFM3
2023-02-06 06:00:00+00:00,34,1,687964,109.4453125,109.4453125,109.4375,109.4375,6,ZFM3
2023-02-06 07:00:00+00:00,34,1,687964,109.328125,109.375,109.328125,109.375,4,ZFM3
2023-02-06 09:00:00+00:00,34,1,687964,109.28125,109.28125,109.1875,109.1875,5,ZFM3
2023-02-06 10:00:00+00:00,34,1,687964,109.1484375,109.1484375,109.0625,109.0625,38,ZFM3
2023-02-06 11:00:00+00:00,34,1,687964,109.0859375,109.1171875,109.078125,109.109375,71,ZFM3
2023-02-06 12:00:00+00:00,34,1,687964,109.125,109.140625,109.0859375,109.140625,85,ZFM3
2023-02-06 13:00:00+00:00,34,1,687964,109.1328125,109.140625,108.96875,108.96875,154,ZFM3
2023-02-06 14:00:00+00:00,34,1,687964,109.0,109.1015625,108.953125,109.0625,177,ZFM3
2023-02-06 15:00:00+00:00,34,1,687964,109.0390625,109.0625,108.984375,108.984375,105,ZFM3
2023-02-06 16:00:00+00:00,34,1,687964,108.9609375,108.9921875,108.9140625,108.9140625,29,ZFM3
2023-02-06 17:00:00+00:00,34,1,687964,108.8828125,108.90625,108.8359375,108.84375,72,ZFM3
2023-02-06 18:00:00+00:00,34,1,687964,108.8671875,108.90625,108.8671875,108.8984375,145,ZFM3
2023-02-06 19:00:00+00:00,34,1,687964,108.9296875,108.9296875,108.8671875,108.8828125,32,ZFM3
2023-02-06 20:00:00+00:00,34,1,687964,108.875,108.8984375,108.8125,108.8125,22,ZFM3
2023-02-06 21:00:00+00:00,34,1,687964,108.7578125,108.8046875,108.7265625,108.8046875,74,ZFM3
2023-02-06 23:00:00+00:00,34,1,687964,108.8125,108.8359375,108.8046875,108.8359375,25,ZFM3
2023-02-07 00:00:00+00:00,34,1,687964,108.9140625,108.9140625,108.9140625,108.9140625,5,ZFM3
2023-02-07 02:00:00+00:00,34,1,687964,108.9609375,109.0,108.9609375,109.0,40,ZFM3
2023-02-07 03:00:00+00:00,34,1,687964,109.015625,109.0234375,109.015625,109.0234375,106,ZFM3
2023-02-07 06:00:00+00:00,34,1,687964,108.984375,109.0078125,108.984375,109.0078125,15,ZFM3
2023-02-07 07:00:00+00:00,34,1,687964,109.0625,109.0625,108.9921875,108.9921875,16,ZFM3
2023-02-07 08:00:00+00:00,34,1,687964,108.9296875,109.0,108.9296875,109.0,14,ZFM3
2023-02-07 10:00:00+00:00,34,1,687964,108.9765625,108.9765625,108.9765625,108.9765625,6,ZFM3
2023-02-07 11:00:00+00:00,34,1,687964,108.984375,108.9921875,108.921875,108.921875,115,ZFM3
2023-02-07 12:00:00+00:00,34,1,687964,108.9453125,108.9453125,108.9453125,108.9453125,2,ZFM3
2023-02-07 13:00:00+00:00,34,1,687964,108.9296875,108.9296875,108.8359375,108.8359375,49,ZFM3
2023-02-07 14:00:00+00:00,34,1,687964,108.8515625,108.9140625,108.84375,108.90625,61,ZFM3
2023-02-07 15:00:00+00:00,34,1,687964,108.8984375,108.9296875,108.890625,108.9296875,55,ZFM3
2023-02-07 16:00:00+00:00,34,1,687964,108.9453125,108.9765625,108.8984375,108.90625,83,ZFM3
2023-02-07 17:00:00+00:00,34,1,687964,108.8671875,109.1875,108.8125,109.1875,53,ZFM3
2023-02-07 18:00:00+00:00,34,1,687964,109.1484375,109.1640625,108.8359375,108.859375,94,ZFM3
2023-02-07 19:00:00+00:00,34,1,687964,108.8828125,108.8828125,108.75,108.75,38,ZFM3
2023-02-07 20:00:00+00:00,34,1,687964,108.734375,108.765625,108.734375,108.75,17,ZFM3
2023-02-07 21:00:00+00:00,34,1,687964,108.765625,108.7890625,108.7265625,108.7890625,19,ZFM3
2023-02-08 01:00:00+00:00,34,1,687964,108.9375,108.9375,108.9375,108.9375,3,ZFM3
2023-02-08 02:00:00+00:00,34,1,687964,108.90625,108.90625,108.90625,108.90625,3,ZFM3
2023-02-08 03:00:00+00:00,34,1,687964,108.9375,108.953125,108.9375,108.953125,9,ZFM3
2023-02-08 05:00:00+00:00,34,1,687964,108.953125,108.953125,108.953125,108.953125,1,ZFM3
2023-02-08 06:00:00+00:00,34,1,687964,108.9453125,108.9453125,108.9453125,108.9453125,2,ZFM3
2023-02-08 08:00:00+00:00,34,1,687964,108.9140625,108.9140625,108.9140625,108.9140625,1,ZFM3
2023-02-08 09:00:00+00:00,34,1,687964,108.9375,108.9375,108.921875,108.921875,14,ZFM3
2023-02-08 10:00:00+00:00,34,1,687964,108.890625,108.890625,108.890625,108.890625,6,ZFM3
2023-02-08 11:00:00+00:00,34,1,687964,108.9375,108.9375,108.9375,108.9375,26,ZFM3
2023-02-08 12:00:00+00:00,34,1,687964,108.953125,108.953125,108.9453125,108.9453125,14,ZFM3
2023-02-08 13:00:00+00:00,34,1,687964,108.875,108.875,108.84375,108.84375,3,ZFM3
2023-02-08 14:00:00+00:00,34,1,687964,108.875,108.875,108.78125,108.78125,68,ZFM3
2023-02-08 15:00:00+00:00,34,1,687964,108.78125,108.78125,108.75,108.765625,22,ZFM3
2023-02-08 16:00:00+00:00,34,1,687964,108.828125,108.828125,108.8203125,108.8203125,20,ZFM3
2023-02-08 17:00:00+00:00,34,1,687964,108.8515625,108.890625,108.8515625,108.8828125,18,ZFM3
2023-02-08 18:00:00+00:00,34,1,687964,108.984375,108.984375,108.859375,108.8828125,67,ZFM3
2023-02-08 19:00:00+00:00,34,1,687964,108.84375,108.875,108.84375,108.875,45,ZFM3
2023-02-08 20:00:00+00:00,34,1,687964,108.875,108.9296875,108.84375,108.921875,52,ZFM3
2023-02-08 21:00:00+00:00,34,1,687964,108.953125,108.984375,108.953125,108.984375,15,ZFM3
2023-02-08 23:00:00+00:00,34,1,687964,108.953125,108.96875,108.9375,108.9375,17,ZFM3
2023-02-09 00:00:00+00:00,34,1,687964,108.953125,108.953125,108.953125,108.953125,11,ZFM3
2023-02-09 01:00:00+00:00,34,1,687964,108.9296875,108.9296875,108.921875,108.9296875,16,ZFM3
2023-02-09 02:00:00+00:00,34,1,687964,108.9140625,108.9140625,108.9140625,108.9140625,3,ZFM3
2023-02-09 03:00:00+00:00,34,1,687964,108.8984375,108.8984375,108.8984375,108.8984375,23,ZFM3
2023-02-09 05:00:00+00:00,34,1,687964,108.8828125,108.8828125,108.875,108.8828125,38,ZFM3
2023-02-09 07:00:00+00:00,34,1,687964,108.9765625,108.9765625,108.90625,108.90625,29,ZFM3
2023-02-09 08:00:00+00:00,34,1,687964,108.9609375,108.9609375,108.9609375,108.9609375,3,ZFM3
2023-02-09 09:00:00+00:00,34,1,687964,108.9296875,108.9609375,108.9296875,108.9609375,162,ZFM3
2023-02-09 11:00:00+00:00,34,1,687964,109.03125,109.03125,109.0078125,109.0078125,21,ZFM3
2023-02-09 12:00:00+00:00,34,1,687964,109.015625,109.015625,108.953125,108.953125,69,ZFM3
2023-02-09 13:00:00+00:00,34,1,687964,109.046875,109.046875,109.03125,109.03125,37,ZFM3
2023-02-09 14:00:00+00:00,34,1,687964,109.0,109.015625,108.953125,108.953125,41,ZFM3
2023-02-09 15:00:00+00:00,34,1,687964,108.9296875,108.9296875,108.828125,108.84375,92,ZFM3
2023-02-09 16:00:00+00:00,34,1,687964,108.8515625,108.9296875,108.8515625,108.9296875,16,ZFM3
2023-02-09 17:00:00+00:00,34,1,687964,108.875,108.875,108.875,108.875,4,ZFM3
2023-02-09 18:00:00+00:00,34,1,687964,108.8125,108.8125,108.640625,108.6484375,65,ZFM3
2023-02-09 19:00:00+00:00,34,1,687964,108.6015625,108.6484375,108.546875,108.5625,169,ZFM3
2023-02-09 20:00:00+00:00,34,1,687964,108.5390625,108.625,108.5390625,108.625,12,ZFM3
2023-02-09 21:00:00+00:00,34,1,687964,108.6328125,108.6796875,108.6328125,108.6484375,42,ZFM3
2023-02-09 23:00:00+00:00,34,1,687964,108.6328125,108.6328125,108.625,108.625,12,ZFM3
2023-02-10 00:00:00+00:00,34,1,687964,108.6015625,108.6015625,108.59375,108.59375,3,ZFM3
2023-02-10 02:00:00+00:00,34,1,687964,108.6015625,108.609375,108.6015625,108.609375,204,ZFM3
2023-02-10 03:00:00+00:00,34,1,687964,108.640625,108.640625,108.640625,108.640625,2,ZFM3
2023-02-10 06:00:00+00:00,34,1,687964,108.625,108.671875,108.625,108.671875,14,ZFM3
2023-02-10 07:00:00+00:00,34,1,687964,108.6015625,108.6015625,108.5546875,108.5546875,254,ZFM3
2023-02-10 08:00:00+00:00,34,1,687964,108.671875,108.671875,108.6015625,108.6015625,17,ZFM3
2023-02-10 09:00:00+00:00,34,1,687964,108.5703125,108.5703125,108.515625,108.5390625,57,ZFM3
2023-02-10 10:00:00+00:00,34,1,687964,108.5078125,108.5078125,108.4765625,108.4765625,202,ZFM3
2023-02-10 11:00:00+00:00,34,1,687964,108.484375,108.484375,108.4140625,108.453125,21,ZFM3
2023-02-10 12:00:00+00:00,34,1,687964,108.4609375,108.46875,108.4453125,108.46875,46,ZFM3
2023-02-10 13:00:00+00:00,34,1,687964,108.4921875,108.5625,108.4921875,108.5390625,99,ZFM3
2023-02-10 14:00:00+00:00,34,1,687964,108.546875,108.6015625,108.5234375,108.59375,265,ZFM3
2023-02-10 15:00:00+00:00,34,1,687964,108.5,108.5234375,108.4375,108.4453125,123,ZFM3
2023-02-10 16:00:00+00:00,34,1,687964,108.4140625,108.4453125,108.390625,108.421875,264,ZFM3
2023-02-10 17:00:00+00:00,34,1,687964,108.421875,108.4296875,108.3984375,108.4296875,99,ZFM3
2023-02-10 18:00:00+00:00,34,1,687964,108.4375,108.4453125,108.4140625,108.4140625,24,ZFM3
2023-02-10 19:00:00+00:00,34,1,687964,108.359375,108.390625,108.359375,108.359375,59,ZFM3
2023-02-10 20:00:00+00:00,34,1,687964,108.359375,108.359375,108.328125,108.328125,33,ZFM3
2023-02-10 21:00:00+00:00,34,1,687964,108.3359375,108.3515625,108.3203125,108.3515625,352,ZFM3
2023-02-12 23:00:00+00:00,34,1,687964,108.2734375,108.375,108.265625,108.375,149,ZFM3
2023-02-13 00:00:00+00:00,34,1,687964,108.359375,108.40625,108.359375,108.40625,6,ZFM3
2023-02-13 01:00:00+00:00,34,1,687964,108.375,108.375,108.3515625,108.3515625,31,ZFM3
2023-02-13 03:00:00+00:00,34,1,687964,108.3125,108.359375,108.3125,108.359375,209,ZFM3
2023-02-13 05:00:00+00:00,34,1,687964,108.34375,108.34375,108.34375,108.34375,8,ZFM3
2023-02-13 06:00:00+00:00,34,1,687964,108.34375,108.359375,108.3359375,108.359375,5,ZFM3
2023-02-13 07:00:00+00:00,34,1,687964,108.328125,108.328125,108.296875,108.296875,4,ZFM3
2023-02-13 08:00:00+00:00,34,1,687964,108.296875,108.296875,108.265625,108.265625,23,ZFM3
2023-02-13 09:00:00+00:00,34,1,687964,108.3046875,108.3046875,108.296875,108.296875,6,ZFM3
2023-02-13 10:00:00+00:00,34,1,687964,108.2890625,108.2890625,108.2890625,108.2890625,11,ZFM3
2023-02-13 11:00:00+00:00,34,1,687964,108.3125,108.3125,108.3125,108.3125,21,ZFM3
2023-02-13 12:00:00+00:00,34,1,687964,108.2890625,108.2890625,108.2421875,108.265625,32,ZFM3
2023-02-13 13:00:00+00:00,34,1,687964,108.28125,108.28125,108.203125,108.28125,567,ZFM3
2023-02-13 14:00:00+00:00,34,1,687964,108.2734375,108.3828125,108.25,108.3828125,642,ZFM3
2023-02-13 15:00:00+00:00,34,1,687964,108.3828125,108.3828125,108.2890625,108.296875,178,ZFM3
2023-02-13 16:00:00+00:00,34,1,687964,108.296875,108.296875,108.2734375,108.2734375,30,ZFM3
2023-02-13 17:00:00+00:00,34,1,687964,108.296875,108.296875,108.296875,108.296875,19,ZFM3
2023-02-13 18:00:00+00:00,34,1,687964,108.2890625,108.296875,108.2734375,108.296875,96,ZFM3
2023-02-13 19:00:00+00:00,34,1,687964,108.28125,108.3203125,108.28125,108.3125,253,ZFM3
2023-02-13 20:00:00+00:00,34,1,687964,108.328125,108.3515625,108.3203125,108.3515625,66,ZFM3
2023-02-13 21:00:00+00:00,34,1,687964,108.375,108.375,108.375,108.375,20,ZFM3
2023-02-13 23:00:00+00:00,34,1,687964,108.3671875,108.3671875,108.3671875,108.3671875,2,ZFM3
2023-02-14 00:00:00+00:00,34,1,687964,108.3515625,108.359375,108.3515625,108.359375,7,ZFM3
2023-02-14 01:00:00+00:00,34,1,687964,108.4296875,108.4453125,108.4140625,108.4140625,50,ZFM3
2023-02-14 02:00:00+00:00,34,1,687964,108.4140625,108.4140625,108.375,108.3984375,190,ZFM3
2023-02-14 03:00:00+00:00,34,1,687964,108.40625,108.421875,108.40625,108.421875,4,ZFM3
2023-02-14 04:00:00+00:00,34,1,687964,108.421875,108.421875,108.421875,108.421875,3,ZFM3
2023-02-14 05:00:00+00:00,34,1,687964,108.4296875,108.4296875,108.421875,108.421875,24,ZFM3
2023-02-14 06:00:00+00:00,34,1,687964,108.4140625,108.4375,108.4140625,108.4375,6,ZFM3
2023-02-14 07:00:00+00:00,34,1,687964,108.4375,108.4765625,108.421875,108.4375,63,ZFM3
2023-02-14 08:00:00+00:00,34,1,687964,108.421875,108.4765625,108.421875,108.453125,20,ZFM3
2023-02-14 09:00:00+00:00,34,1,687964,108.4375,108.4375,108.4140625,108.4140625,14,ZFM3
2023-02-14 10:00:00+00:00,34,1,687964,108.3984375,108.4453125,108.390625,108.4296875,64,ZFM3
2023-02-14 11:00:00+00:00,34,1,687964,108.46875,108.4921875,108.46875,108.46875,5,ZFM3
2023-02-14 12:00:00+00:00,34,1,687964,108.4609375,108.515625,108.4609375,108.515625,263,ZFM3
2023-02-14 13:00:00+00:00,34,1,687964,108.5234375,108.8671875,108.1484375,108.3203125,1467,ZFM3
2023-02-14 14:00:00+00:00,34,1,687964,108.328125,108.421875,107.921875,108.0625,2754,ZFM3
2023-02-14 15:00:00+00:00,34,1,687964,108.0625,108.1640625,107.921875,107.9296875,909,ZFM3
2023-02-14 16:00:00+00:00,34,1,687964,107.9140625,107.984375,107.7734375,107.8359375,637,ZFM3
2023-02-14 17:00:00+00:00,34,1,687964,107.8515625,107.8828125,107.828125,107.859375,374,ZFM3
2023-02-14 18:00:00+00:00,34,1,687964,107.859375,107.9921875,107.859375,107.9296875,1039,ZFM3
2023-02-14 19:00:00+00:00,34,1,687964,107.9140625,107.9296875,107.859375,107.921875,545,ZFM3
2023-02-14 20:00:00+00:00,34,1,687964,107.921875,107.9375,107.8828125,107.8828125,1258,ZFM3
2023-02-14 21:00:00+00:00,34,1,687964,107.8828125,107.9453125,107.875,107.9375,300,ZFM3
2023-02-15 00:00:00+00:00,34,1,687964,107.90625,107.9765625,107.90625,107.9765625,40,ZFM3
2023-02-15 01:00:00+00:00,34,1,687964,107.9921875,108.0,107.9921875,108.0,52,ZFM3
2023-02-15 02:00:00+00:00,34,1,687964,107.9609375,107.9765625,107.9609375,107.9765625,137,ZFM3
2023-02-15 03:00:00+00:00,34,1,687964,107.96875,107.96875,107.96875,107.96875,1,ZFM3
2023-02-15 05:00:00+00:00,34,1,687964,107.9921875,107.9921875,107.9921875,107.9921875,1,ZFM3
2023-02-15 06:00:00+00:00,34,1,687964,107.96875,107.96875,107.921875,107.921875,11,ZFM3
2023-02-15 07:00:00+00:00,34,1,687964,107.953125,108.0078125,107.9453125,107.9453125,232,ZFM3
2023-02-15 08:00:00+00:00,34,1,687964,107.96875,107.9921875,107.9375,107.9609375,165,ZFM3
2023-02-15 09:00:00+00:00,34,1,687964,107.96875,108.078125,107.96875,108.078125,80,ZFM3
2023-02-15 10:00:00+00:00,34,1,687964,108.0625,108.0859375,108.0078125,108.015625,84,ZFM3
2023-02-15 11:00:00+00:00,34,1,687964,107.9921875,108.0,107.9375,107.9375,19,ZFM3
2023-02-15 12:00:00+00:00,34,1,687964,107.9296875,107.9375,107.8046875,107.8203125,243,ZFM3
2023-02-15 13:00:00+00:00,34,1,687964,107.859375,107.9140625,107.6015625,107.8125,1125,ZFM3
2023-02-15 14:00:00+00:00,34,1,687964,107.8203125,107.953125,107.765625,107.90625,2070,ZFM3
2023-02-15 15:00:00+00:00,34,1,687964,107.9453125,107.984375,107.8203125,107.84375,2934,ZFM3
2023-02-15 16:00:00+00:00,34,1,687964,107.84375,107.8828125,107.7421875,107.7578125,3939,ZFM3
2023-02-15 17:00:00+00:00,34,1,687964,107.7734375,107.8203125,107.734375,107.8203125,3632,ZFM3
2023-02-15 18:00:00+00:00,34,1,687964,107.8203125,107.828125,107.75,107.7578125,3216,ZFM3
2023-02-15 19:00:00+00:00,34,1,687964,107.7578125,107.8046875,107.734375,107.78125,1559,ZFM3
2023-02-15 20:00:00+00:00,34,1,687964,107.78125,107.8125,107.75,107.8125,1168,ZFM3
2023-02-15 21:00:00+00:00,34,1,687964,107.796875,107.828125,107.7578125,107.7890625,2288,ZFM3
2023-02-15 23:00:00+00:00,34,1,687964,107.734375,107.75,107.734375,107.7421875,51,ZFM3
2023-02-16 00:00:00+00:00,34,1,687964,107.7578125,107.7890625,107.703125,107.78125,101,ZFM3
2023-02-16 01:00:00+00:00,34,1,687964,107.7734375,107.84375,107.7734375,107.84375,168,ZFM3
2023-02-16 02:00:00+00:00,34,1,687964,107.859375,107.8828125,107.84375,107.875,186,ZFM3
2023-02-16 03:00:00+00:00,34,1,687964,107.875,107.921875,107.8671875,107.921875,199,ZFM3
2023-02-16 04:00:00+00:00,34,1,687964,107.921875,107.9296875,107.8984375,107.9140625,116,ZFM3
2023-02-16 05:00:00+00:00,34,1,687964,107.921875,107.921875,107.90625,107.90625,107,ZFM3
2023-02-16 06:00:00+00:00,34,1,687964,107.8984375,107.8984375,107.8828125,107.8984375,266,ZFM3
2023-02-16 07:00:00+00:00,34,1,687964,107.890625,107.9453125,107.875,107.9453125,208,ZFM3
2023-02-16 08:00:00+00:00,34,1,687964,107.9453125,107.9609375,107.921875,107.9296875,290,ZFM3
2023-02-16 09:00:00+00:00,34,1,687964,107.953125,108.0234375,107.953125,107.9609375,560,ZFM3
2023-02-16 10:00:00+00:00,34,1,687964,107.953125,107.984375,107.9375,107.984375,437,ZFM3
2023-02-16 11:00:00+00:00,34,1,687964,107.96875,107.9921875,107.9375,107.9609375,497,ZFM3
2023-02-16 12:00:00+00:00,34,1,687964,107.953125,107.96875,107.890625,107.90625,355,ZFM3
2023-02-16 13:00:00+00:00,34,1,687964,107.90625,107.921875,107.5859375,107.71875,9624,ZFM3
2023-02-16 14:00:00+00:00,34,1,687964,107.7109375,107.765625,107.546875,107.5703125,4496,ZFM3
2023-02-16 15:00:00+00:00,34,1,687964,107.578125,107.671875,107.578125,107.671875,3458,ZFM3
2023-02-16 16:00:00+00:00,34,1,687964,107.6796875,107.796875,107.6796875,107.75,1919,ZFM3
2023-02-16 17:00:00+00:00,34,1,687964,107.7578125,107.7734375,107.7109375,107.734375,1385,ZFM3
2023-02-16 18:00:00+00:00,34,1,687964,107.71875,107.8046875,107.671875,107.796875,1185,ZFM3
2023-02-16 19:00:00+00:00,34,1,687964,107.8125,107.828125,107.734375,107.75,1001,ZFM3
2023-02-16 20:00:00+00:00,34,1,687964,107.7421875,107.75,107.5703125,107.6484375,9432,ZFM3
2023-02-16 21:00:00+00:00,34,1,687964,107.65625,107.65625,107.59375,107.6171875,644,ZFM3
2023-02-16 23:00:00+00:00,34,1,687964,107.609375,107.6328125,107.59375,107.6328125,91,ZFM3
2023-02-17 00:00:00+00:00,34,1,687964,107.6015625,107.6171875,107.546875,107.546875,146,ZFM3
2023-02-17 01:00:00+00:00,34,1,687964,107.5546875,107.5703125,107.46875,107.4765625,339,ZFM3
2023-02-17 02:00:00+00:00,34,1,687964,107.46875,107.4921875,107.453125,107.4921875,498,ZFM3
2023-02-17 03:00:00+00:00,34,1,687964,107.4921875,107.53125,107.4921875,107.515625,283,ZFM3
2023-02-17 04:00:00+00:00,34,1,687964,107.515625,107.5234375,107.5,107.5078125,203,ZFM3
2023-02-17 05:00:00+00:00,34,1,687964,107.5,107.5,107.484375,107.4921875,281,ZFM3
2023-02-17 06:00:00+00:00,34,1,687964,107.484375,107.484375,107.4609375,107.4609375,54,ZFM3
2023-02-17 07:00:00+00:00,34,1,687964,107.453125,107.4921875,107.3828125,107.390625,568,ZFM3
2023-02-17 08:00:00+00:00,34,1,687964,107.3828125,107.421875,107.2890625,107.40625,917,ZFM3
2023-02-17 09:00:00+00:00,34,1,687964,107.40625,107.453125,107.375,107.4375,270,ZFM3
2023-02-17 10:00:00+00:00,34,1,687964,107.421875,107.4375,107.390625,107.40625,205,ZFM3
2023-02-17 11:00:00+00:00,34,1,687964,107.40625,107.4765625,107.359375,107.46875,427,ZFM3
2023-02-17 12:00:00+00:00,34,1,687964,107.484375,107.5859375,107.4765625,107.4765625,2303,ZFM3
2023-02-17 13:00:00+00:00,34,1,687964,107.4765625,107.5703125,107.4453125,107.546875,2824,ZFM3
2023-02-17 14:00:00+00:00,34,1,687964,107.5390625,107.59375,107.5078125,107.5625,2235,ZFM3
2023-02-17 15:00:00+00:00,34,1,687964,107.5625,107.78125,107.5625,107.734375,5304,ZFM3
2023-02-17 16:00:00+00:00,34,1,687964,107.7265625,107.796875,107.671875,107.765625,2297,ZFM3
2023-02-17 17:00:00+00:00,34,1,687964,107.7578125,107.8203125,107.7421875,107.7421875,873,ZFM3
2023-02-17 18:00:00+00:00,34,1,687964,107.7421875,107.796875,107.7265625,107.78125,1611,ZFM3
2023-02-17 19:00:00+00:00,34,1,687964,107.78125,107.8203125,107.78125,107.8125,2512,ZFM3
2023-02-17 20:00:00+00:00,34,1,687964,107.8046875,107.8515625,107.796875,107.8359375,1989,ZFM3
2023-02-17 21:00:00+00:00,34,1,687964,107.8359375,107.8515625,107.8203125,107.8203125,354,ZFM3
2023-02-19 23:00:00+00:00,34,1,687964,107.7890625,107.796875,107.75,107.75,48,ZFM3
2023-02-20 00:00:00+00:00,34,1,687964,107.75,107.75,107.6875,107.6875,781,ZFM3
2023-02-20 01:00:00+00:00,34,1,687964,107.6875,107.6953125,107.6796875,107.6796875,401,ZFM3
2023-02-20 02:00:00+00:00,34,1,687964,107.671875,107.6953125,107.671875,107.6953125,114,ZFM3
2023-02-20 03:00:00+00:00,34,1,687964,107.6953125,107.7109375,107.6875,107.703125,304,ZFM3
2023-02-20 04:00:00+00:00,34,1,687964,107.7109375,107.7265625,107.7109375,107.7265625,210,ZFM3
2023-02-20 05:00:00+00:00,34,1,687964,107.71875,107.71875,107.71875,107.71875,114,ZFM3
2023-02-20 06:00:00+00:00,34,1,687964,107.71875,107.71875,107.703125,107.703125,45,ZFM3
2023-02-20 07:00:00+00:00,34,1,687964,107.703125,107.703125,107.6640625,107.703125,489,ZFM3
2023-02-20 08:00:00+00:00,34,1,687964,107.703125,107.703125,107.6640625,107.6640625,487,ZFM3
2023-02-20 09:00:00+00:00,34,1,687964,107.671875,107.671875,107.6328125,107.6484375,411,ZFM3
2023-02-20 10:00:00+00:00,34,1,687964,107.640625,107.65625,107.640625,107.65625,121,ZFM3
2023-02-20 11:00:00+00:00,34,1,687964,107.65625,107.6953125,107.65625,107.6953125,204,ZFM3
2023-02-20 12:00:00+00:00,34,1,687964,107.6796875,107.6796875,107.6484375,107.6484375,87,ZFM3
2023-02-20 13:00:00+00:00,34,1,687964,107.6484375,107.6640625,107.6328125,107.6640625,549,ZFM3
2023-02-20 14:00:00+00:00,34,1,687964,107.65625,107.671875,107.6484375,107.671875,408,ZFM3
2023-02-20 15:00:00+00:00,34,1,687964,107.6640625,107.6796875,107.6484375,107.65625,752,ZFM3
2023-02-20 16:00:00+00:00,34,1,687964,107.6484375,107.6484375,107.6328125,107.640625,106,ZFM3
2023-02-20 17:00:00+00:00,34,1,687964,107.6328125,107.640625,107.6171875,107.6328125,90,ZFM3
2023-02-20 23:00:00+00:00,34,1,687964,107.625,107.6328125,107.625,107.625,108,ZFM3
2023-02-21 00:00:00+00:00,34,1,687964,107.6171875,107.640625,107.609375,107.609375,311,ZFM3
2023-02-21 01:00:00+00:00,34,1,687964,107.6015625,107.6328125,107.5546875,107.625,1572,ZFM3
2023-02-21 02:00:00+00:00,34,1,687964,107.625,107.6328125,107.6015625,107.6171875,812,ZFM3
2023-02-21 03:00:00+00:00,34,1,687964,107.6171875,107.6328125,107.59375,107.625,895,ZFM3
2023-02-21 04:00:00+00:00,34,1,687964,107.625,107.640625,107.625,107.640625,310,ZFM3
2023-02-21 05:00:00+00:00,34,1,687964,107.640625,107.6484375,107.6328125,107.6484375,582,ZFM3
2023-02-21 06:00:00+00:00,34,1,687964,107.640625,107.6484375,107.625,107.640625,611,ZFM3
2023-02-21 07:00:00+00:00,34,1,687964,107.640625,107.640625,107.609375,107.640625,2268,ZFM3
2023-02-21 08:00:00+00:00,34,1,687964,107.625,107.625,107.5234375,107.609375,4690,ZFM3
2023-02-21 09:00:00+00:00,34,1,687964,107.6015625,107.6796875,107.5625,107.5625,2750,ZFM3
2023-02-21 10:00:00+00:00,34,1,687964,107.546875,107.5546875,107.4921875,107.53125,2928,ZFM3
2023-02-21 11:00:00+00:00,34,1,687964,107.5234375,107.546875,107.515625,107.5390625,1874,ZFM3
2023-02-21 12:00:00+00:00,34,1,687964,107.53125,107.5546875,107.4765625,107.5234375,5397,ZFM3
2023-02-21 13:00:00+00:00,34,1,687964,107.515625,107.5390625,107.4375,107.4609375,13296,ZFM3
2023-02-21 14:00:00+00:00,34,1,687964,107.4609375,107.4921875,107.2109375,107.21875,17986,ZFM3
2023-02-21 15:00:00+00:00,34,1,687964,107.21875,107.40625,107.21875,107.34375,12256,ZFM3
2023-02-21 16:00:00+00:00,34,1,687964,107.3515625,107.375,107.3125,107.34375,9563,ZFM3
2023-02-21 17:00:00+00:00,34,1,687964,107.34375,107.375,107.3203125,107.3203125,8272,ZFM3
2023-02-21 18:00:00+00:00,34,1,687964,107.3203125,107.3359375,107.1328125,107.1640625,11584,ZFM3
2023-02-21 19:00:00+00:00,34,1,687964,107.1640625,107.234375,107.15625,107.1796875,14884,ZFM3
2023-02-21 20:00:00+00:00,34,1,687964,107.1875,107.21875,107.15625,107.1640625,8589,ZFM3
2023-02-21 21:00:00+00:00,34,1,687964,107.15625,107.171875,107.140625,107.171875,4862,ZFM3
2023-02-21 23:00:00+00:00,34,1,687964,107.15625,107.1640625,107.140625,107.1484375,509,ZFM3
2023-02-22 00:00:00+00:00,34,1,687964,107.140625,107.2109375,107.109375,107.2109375,3846,ZFM3
2023-02-22 01:00:00+00:00,34,1,687964,107.2109375,107.2578125,107.1953125,107.2421875,2768,ZFM3
2023-02-22 02:00:00+00:00,34,1,687964,107.2421875,107.265625,107.234375,107.234375,1558,ZFM3
2023-02-22 03:00:00+00:00,34,1,687964,107.2421875,107.2578125,107.234375,107.2421875,800,ZFM3
2023-02-22 04:00:00+00:00,34,1,687964,107.25,107.265625,107.234375,107.234375,839,ZFM3
2023-02-22 05:00:00+00:00,34,1,687964,107.234375,107.234375,107.203125,107.234375,856,ZFM3
2023-02-22 06:00:00+00:00,34,1,687964,107.234375,107.265625,107.2265625,107.2578125,5043,ZFM3
2023-02-22 07:00:00+00:00,34,1,687964,107.2578125,107.34375,107.2421875,107.296875,7083,ZFM3
2023-02-22 08:00:00+00:00,34,1,687964,107.3125,107.3359375,107.2109375,107.2109375,4219,ZFM3
2023-02-22 09:00:00+00:00,34,1,687964,107.2109375,107.2578125,107.1796875,107.2109375,6210,ZFM3
2023-02-22 10:00:00+00:00,34,1,687964,107.2109375,107.25,107.1328125,107.2421875,5968,ZFM3
2023-02-22 11:00:00+00:00,34,1,687964,107.2421875,107.3046875,107.2265625,107.28125,5062,ZFM3
2023-02-22 12:00:00+00:00,34,1,687964,107.2734375,107.390625,107.2421875,107.328125,8309,ZFM3
2023-02-22 13:00:00+00:00,34,1,687964,107.328125,107.34375,107.21875,107.2734375,18937,ZFM3
2023-02-22 14:00:00+00:00,34,1,687964,107.265625,107.4375,107.265625,107.3984375,28708,ZFM3
2023-02-22 15:00:00+00:00,34,1,687964,107.390625,107.453125,107.3515625,107.4453125,24229,ZFM3
2023-02-22 16:00:00+00:00,34,1,687964,107.4453125,107.453125,107.375,107.3828125,19720,ZFM3
2023-02-22 17:00:00+00:00,34,1,687964,107.3828125,107.421875,107.359375,107.3984375,16327,ZFM3
2023-02-22 18:00:00+00:00,34,1,687964,107.3984375,107.453125,107.3828125,107.3984375,23711,ZFM3
2023-02-22 19:00:00+00:00,34,1,687964,107.390625,107.4375,107.25,107.265625,41123,ZFM3
2023-02-22 20:00:00+00:00,34,1,687964,107.265625,107.28125,107.1953125,107.25,15598,ZFM3
2023-02-22 21:00:00+00:00,34,1,687964,107.2421875,107.28125,107.2265625,107.2421875,21707,ZFM3
2023-02-22 23:00:00+00:00,34,1,687964,107.234375,107.28125,107.234375,107.2578125,740,ZFM3
2023-02-23 00:00:00+00:00,34,1,687964,107.2578125,107.265625,107.25,107.2578125,424,ZFM3
2023-02-23 01:00:00+00:00,34,1,687964,107.2578125,107.2578125,107.2265625,107.2421875,979,ZFM3
2023-02-23 02:00:00+00:00,34,1,687964,107.2421875,107.25,107.234375,107.25,927,ZFM3
2023-02-23 03:00:00+00:00,34,1,687964,107.25,107.28125,107.25,107.28125,1552,ZFM3
2023-02-23 04:00:00+00:00,34,1,687964,107.28125,107.28125,107.2734375,107.28125,347,ZFM3
2023-02-23 05:00:00+00:00,34,1,687964,107.28125,107.2890625,107.2734375,107.2734375,135,ZFM3
2023-02-23 06:00:00+00:00,34,1,687964,107.28125,107.28125,107.2265625,107.2265625,4716,ZFM3
2023-02-23 07:00:00+00:00,34,1,687964,107.234375,107.25,107.1796875,107.2109375,8879,ZFM3
2023-02-23 08:00:00+00:00,34,1,687964,107.21875,107.28125,107.2109375,107.2109375,8179,ZFM3
2023-02-23 09:00:00+00:00,34,1,687964,107.21875,107.2421875,107.1875,107.1953125,7450,ZFM3
2023-02-23 10:00:00+00:00,34,1,687964,107.1953125,107.1953125,107.140625,107.1640625,8002,ZFM3
2023-02-23 11:00:00+00:00,34,1,687964,107.1640625,107.1875,107.140625,107.1640625,12653,ZFM3
2023-02-23 12:00:00+00:00,34,1,687964,107.171875,107.1953125,107.140625,107.1875,17931,ZFM3
2023-02-23 13:00:00+00:00,34,1,687964,107.1875,107.21875,107.015625,107.125,39096,ZFM3
2023-02-23 14:00:00+00:00,34,1,687964,107.1171875,107.34375,107.1171875,107.3046875,65552,ZFM3
2023-02-23 15:00:00+00:00,34,1,687964,107.3046875,107.3515625,107.25,107.265625,37352,ZFM3
2023-02-23 16:00:00+00:00,34,1,687964,107.2578125,107.390625,107.2578125,107.3046875,45063,ZFM3
2023-02-23 17:00:00+00:00,34,1,687964,107.3125,107.3125,107.2578125,107.296875,30527,ZFM3
2023-02-23 18:00:00+00:00,34,1,687964,107.2890625,107.4296875,107.2265625,107.40625,39841,ZFM3
2023-02-23 19:00:00+00:00,34,1,687964,107.40625,107.4453125,107.359375,107.375,41143,ZFM3
2023-02-23 20:00:00+00:00,34,1,687964,107.3671875,107.40625,107.34375,107.3828125,24742,ZFM3
2023-02-23 21:00:00+00:00,34,1,687964,107.3828125,107.390625,107.3125,107.3515625,19229,ZFM3
2023-02-23 23:00:00+00:00,34,1,687964,107.359375,107.375,107.328125,107.328125,2659,ZFM3
2023-02-24 00:00:00+00:00,34,1,687964,107.3359375,107.4453125,107.3359375,107.4296875,5576,ZFM3
2023-02-24 01:00:00+00:00,34,1,687964,107.4296875,107.4375,107.3515625,107.3828125,4646,ZFM3
2023-02-24 02:00:00+00:00,34,1,687964,107.375,107.390625,107.3515625,107.3515625,1825,ZFM3
2023-02-24 03:00:00+00:00,34,1,687964,107.3515625,107.375,107.34375,107.375,3322,ZFM3
2023-02-24 04:00:00+00:00,34,1,687964,107.3671875,107.3984375,107.3671875,107.390625,2883,ZFM3
2023-02-24 05:00:00+00:00,34,1,687964,107.390625,107.3984375,107.3515625,107.3671875,4784,ZFM3
2023-02-24 06:00:00+00:00,34,1,687964,107.375,107.4296875,107.375,107.4140625,3538,ZFM3
2023-02-24 07:00:00+00:00,34,1,687964,107.421875,107.4609375,107.3828125,107.390625,9407,ZFM3
2023-02-24 08:00:00+00:00,34,1,687964,107.3828125,107.421875,107.2734375,107.2890625,14670,ZFM3
2023-02-24 09:00:00+00:00,34,1,687964,107.2890625,107.296875,107.2421875,107.265625,14561,ZFM3
2023-02-24 10:00:00+00:00,34,1,687964,107.2734375,107.2890625,107.234375,107.25,13382,ZFM3
2023-02-24 11:00:00+00:00,34,1,687964,107.25,107.2734375,107.1953125,107.1953125,12159,ZFM3
2023-02-24 12:00:00+00:00,34,1,687964,107.1875,107.21875,107.1640625,107.171875,19525,ZFM3
2023-02-24 13:00:00+00:00,34,1,687964,107.1640625,107.171875,106.96875,107.03125,106045,ZFM3
2023-02-24 14:00:00+00:00,34,1,687964,107.03125,107.03125,106.734375,106.90625,123095,ZFM3
2023-02-24 15:00:00+00:00,34,1,687964,106.90625,106.953125,106.8125,106.8125,100481,ZFM3
2023-02-24 16:00:00+00:00,34,1,687964,106.8125,106.84375,106.78125,106.78125,50805,ZFM3
2023-02-24 17:00:00+00:00,34,1,687964,106.78125,106.7890625,106.7109375,106.734375,48610,ZFM3
2023-02-24 18:00:00+00:00,34,1,687964,106.7421875,106.84375,106.7421875,106.8203125,44052,ZFM3
2023-02-24 19:00:00+00:00,34,1,687964,106.8203125,106.8984375,106.8203125,106.890625,50732,ZFM3
2023-02-24 20:00:00+00:00,34,1,687964,106.8828125,106.90625,106.859375,106.875,39410,ZFM3
2023-02-24 21:00:00+00:00,34,1,687964,106.875,106.8984375,106.8515625,106.8515625,27779,ZFM3
2023-02-26 23:00:00+00:00,34,1,687964,106.8671875,106.9296875,106.84375,106.9140625,10183,ZFM3
2023-02-27 00:00:00+00:00,34,1,687964,106.9140625,106.9296875,106.890625,106.90625,9967,ZFM3
2023-02-27 01:00:00+00:00,34,1,687964,106.90625,106.9375,106.8828125,106.9296875,6086,ZFM3
2023-02-27 02:00:00+00:00,34,1,687964,106.9296875,106.9296875,106.859375,106.8671875,4376,ZFM3
2023-02-27 03:00:00+00:00,34,1,687964,106.8671875,106.8984375,106.8203125,106.828125,9698,ZFM3
2023-02-27 04:00:00+00:00,34,1,687964,106.828125,106.84375,106.7890625,106.8125,7910,ZFM3
2023-02-27 05:00:00+00:00,34,1,687964,106.8125,106.84375,106.796875,106.828125,3998,ZFM3
2023-02-27 06:00:00+00:00,34,1,687964,106.8203125,106.859375,106.796875,106.8125,7282,ZFM3
2023-02-27 07:00:00+00:00,34,1,687964,106.8125,106.8984375,106.796875,106.8828125,15137,ZFM3
2023-02-27 08:00:00+00:00,34,1,687964,106.890625,106.9296875,106.84375,106.84375,24696,ZFM3
2023-02-27 09:00:00+00:00,34,1,687964,106.84375,106.84375,106.7421875,106.7421875,22826,ZFM3
2023-02-27 10:00:00+00:00,34,1,687964,106.7421875,106.7734375,106.7109375,106.765625,19177,ZFM3
2023-02-27 11:00:00+00:00,34,1,687964,106.7734375,106.828125,106.75,106.8203125,22198,ZFM3
2023-02-27 12:00:00+00:00,34,1,687964,106.8203125,106.8359375,106.7421875,106.765625,37131,ZFM3
2023-02-27 13:00:00+00:00,34,1,687964,106.7578125,107.109375,106.7421875,107.0703125,134463,ZFM3
2023-02-27 14:00:00+00:00,34,1,687964,107.0703125,107.1328125,106.984375,107.1171875,96541,ZFM3
2023-02-27 15:00:00+00:00,34,1,687964,107.125,107.125,106.9609375,107.0,72414,ZFM3
2023-02-27 16:00:00+00:00,34,1,687964,107.0078125,107.0546875,106.9453125,107.0546875,53342,ZFM3
2023-02-27 17:00:00+00:00,34,1,687964,107.046875,107.0703125,106.96875,107.0390625,45105,ZFM3
2023-02-27 18:00:00+00:00,34,1,687964,107.0390625,107.0703125,107.0234375,107.0546875,22280,ZFM3
2023-02-27 19:00:00+00:00,34,1,687964,107.0546875,107.078125,107.0234375,107.046875,41388,ZFM3
2023-02-27 20:00:00+00:00,34,1,687964,107.046875,107.09375,107.0234375,107.0859375,60230,ZFM3
2023-02-27 21:00:00+00:00,34,1,687964,107.078125,107.0859375,107.0390625,107.0703125,33298,ZFM3
2023-02-27 23:00:00+00:00,34,1,687964,107.09375,107.1015625,107.0546875,107.0625,3070,ZFM3
2023-02-28 00:00:00+00:00,34,1,687964,107.0703125,107.0703125,107.0234375,107.0234375,4806,ZFM3
2023-02-28 01:00:00+00:00,34,1,687964,107.0234375,107.03125,107.0,107.0234375,4367,ZFM3
2023-02-28 02:00:00+00:00,34,1,687964,107.0234375,107.046875,107.0234375,107.0390625,2350,ZFM3
2023-02-28 03:00:00+00:00,34,1,687964,107.046875,107.0546875,107.03125,107.046875,2421,ZFM3
2023-02-28 04:00:00+00:00,34,1,687964,107.046875,107.0625,107.015625,107.015625,2368,ZFM3
2023-02-28 05:00:00+00:00,34,1,687964,107.0078125,107.0234375,106.9921875,107.0,2551,ZFM3
2023-02-28 06:00:00+00:00,34,1,687964,107.0,107.015625,106.96875,106.984375,6904,ZFM3
2023-02-28 07:00:00+00:00,34,1,687964,106.9921875,106.9921875,106.8828125,106.8828125,20722,ZFM3
2023-02-28 08:00:00+00:00,34,1,687964,106.8828125,106.9140625,106.8359375,106.890625,30079,ZFM3
2023-02-28 09:00:00+00:00,34,1,687964,106.890625,106.953125,106.890625,106.953125,19156,ZFM3
2023-02-28 10:00:00+00:00,34,1,687964,106.9609375,107.0234375,106.9453125,107.0078125,13804,ZFM3
2023-02-28 11:00:00+00:00,34,1,687964,107.0078125,107.015625,106.9453125,106.96875,11126,ZFM3
2023-02-28 12:00:00+00:00,34,1,687964,106.9765625,107.046875,106.953125,107.03125,22965,ZFM3
2023-02-28 13:00:00+00:00,34,1,687964,107.03125,107.0546875,106.9140625,106.9921875,89395,ZFM3
2023-02-28 14:00:00+00:00,34,1,687964,106.984375,107.0,106.8046875,106.8671875,120721,ZFM3
2023-02-28 15:00:00+00:00,34,1,687964,106.875,107.015625,106.875,106.96875,97324,ZFM3
2023-02-28 16:00:00+00:00,34,1,687964,106.9765625,107.078125,106.96875,107.0234375,75748,ZFM3
2023-02-28 17:00:00+00:00,34,1,687964,107.0234375,107.078125,107.0234375,107.0625,49437,ZFM3
2023-02-28 18:00:00+00:00,34,1,687964,107.0546875,107.0703125,106.9765625,107.015625,47595,ZFM3
2023-02-28 19:00:00+00:00,34,1,687964,107.015625,107.1171875,107.0078125,107.0625,118151,ZFM3
2023-02-28 20:00:00+00:00,34,1,687964,107.0546875,107.109375,107.0,107.0859375,246503,ZFM3
2023-02-28 21:00:00+00:00,34,1,687964,107.078125,107.09375,106.96875,107.0,96657,ZFM3
2023-02-28 23:00:00+00:00,34,1,687964,106.9921875,107.0,106.90625,106.921875,7302,ZFM3
2023-03-01 00:00:00+00:00,34,1,687964,106.921875,106.96875,106.859375,106.8984375,14932,ZFM3
2023-03-01 01:00:00+00:00,34,1,687964,106.8984375,106.9453125,106.8984375,106.9296875,6854,ZFM3
2023-03-01 02:00:00+00:00,34,1,687964,106.9296875,106.9453125,106.90625,106.9140625,4933,ZFM3
2023-03-01 03:00:00+00:00,34,1,687964,106.9140625,106.984375,106.9140625,106.953125,5963,ZFM3
2023-03-01 04:00:00+00:00,34,1,687964,106.9609375,106.96875,106.9453125,106.9609375,2195,ZFM3
2023-03-01 05:00:00+00:00,34,1,687964,106.9609375,106.9609375,106.90625,106.90625,2802,ZFM3
2023-03-01 06:00:00+00:00,34,1,687964,106.90625,106.9921875,106.8671875,106.8828125,14181,ZFM3
2023-03-01 07:00:00+00:00,34,1,687964,106.8828125,106.8984375,106.8125,106.8671875,17036,ZFM3
2023-03-01 08:00:00+00:00,34,1,687964,106.8671875,106.8828125,106.7890625,106.828125,27113,ZFM3
2023-03-01 09:00:00+00:00,34,1,687964,106.828125,106.890625,106.828125,106.8515625,23041,ZFM3
2023-03-01 10:00:00+00:00,34,1,687964,106.8515625,106.9140625,106.8046875,106.9140625,14634,ZFM3
2023-03-01 11:00:00+00:00,34,1,687964,106.9140625,107.015625,106.9140625,106.9921875,16516,ZFM3
2023-03-01 12:00:00+00:00,34,1,687964,106.984375,106.984375,106.90625,106.9375,21343,ZFM3
2023-03-01 13:00:00+00:00,34,1,687964,106.9375,106.953125,106.8203125,106.8203125,73264,ZFM3
2023-03-01 14:00:00+00:00,34,1,687964,106.8125,106.8671875,106.78125,106.8125,119142,ZFM3
2023-03-01 15:00:00+00:00,34,1,687964,106.8203125,106.9296875,106.5546875,106.6875,287793,ZFM3
2023-03-01 16:00:00+00:00,34,1,687964,106.6875,106.7109375,106.625,106.6953125,135514,ZFM3
2023-03-01 17:00:00+00:00,34,1,687964,106.6953125,106.75,106.625,106.625,81015,ZFM3
2023-03-01 18:00:00+00:00,34,1,687964,106.625,106.6484375,106.5859375,106.625,80203,ZFM3
2023-03-01 19:00:00+00:00,34,1,687964,106.625,106.65625,106.59375,106.640625,106666,ZFM3
2023-03-01 20:00:00+00:00,34,1,687964,106.640625,106.6640625,106.5859375,106.6328125,60373,ZFM3
2023-03-01 21:00:00+00:00,34,1,687964,106.6328125,106.6953125,106.6328125,106.671875,46760,ZFM3
2023-03-01 23:00:00+00:00,34,1,687964,106.6796875,106.703125,106.65625,106.671875,2791,ZFM3
2023-03-02 00:00:00+00:00,34,1,687964,106.671875,106.6875,106.5703125,106.5859375,7454,ZFM3
2023-03-02 01:00:00+00:00,34,1,687964,106.5859375,106.609375,106.515625,106.5625,16194,ZFM3
2023-03-02 02:00:00+00:00,34,1,687964,106.5625,106.59375,106.53125,106.53125,8300,ZFM3
2023-03-02 03:00:00+00:00,34,1,687964,106.5234375,106.53125,106.4609375,106.4921875,12750,ZFM3
2023-03-02 04:00:00+00:00,34,1,687964,106.4921875,106.5390625,106.4921875,106.53125,4148,ZFM3
2023-03-02 05:00:00+00:00,34,1,687964,106.5234375,106.53125,106.4921875,106.5,4988,ZFM3
2023-03-02 06:00:00+00:00,34,1,687964,106.5078125,106.5078125,106.4453125,106.453125,7532,ZFM3
2023-03-02 07:00:00+00:00,34,1,687964,106.4453125,106.4765625,106.40625,106.453125,25194,ZFM3
2023-03-02 08:00:00+00:00,34,1,687964,106.453125,106.5625,106.4453125,106.5234375,45320,ZFM3
2023-03-02 09:00:00+00:00,34,1,687964,106.53125,106.578125,106.4921875,106.5078125,30524,ZFM3
2023-03-02 10:00:00+00:00,34,1,687964,106.5078125,106.59375,106.453125,106.59375,29155,ZFM3
2023-03-02 11:00:00+00:00,34,1,687964,106.59375,106.625,106.5703125,106.6015625,21297,ZFM3
2023-03-02 12:00:00+00:00,34,1,687964,106.6015625,106.65625,106.4609375,106.4609375,58672,ZFM3
2023-03-02 13:00:00+00:00,34,1,687964,106.46875,106.5,106.2734375,106.3125,172899,ZFM3
2023-03-02 14:00:00+00:00,34,1,687964,106.3125,106.4453125,106.3046875,106.40625,147062,ZFM3
2023-03-02 15:00:00+00:00,34,1,687964,106.4140625,106.4453125,106.328125,106.390625,96502,ZFM3
2023-03-02 16:00:00+00:00,34,1,687964,106.390625,106.453125,106.3515625,106.359375,65987,ZFM3
2023-03-02 17:00:00+00:00,34,1,687964,106.359375,106.390625,106.3203125,106.375,50237,ZFM3
2023-03-02 18:00:00+00:00,34,1,687964,106.375,106.4453125,106.3515625,106.421875,51069,ZFM3
2023-03-02 19:00:00+00:00,34,1,687964,106.4296875,106.4609375,106.3671875,106.390625,66740,ZFM3
2023-03-02 20:00:00+00:00,34,1,687964,106.390625,106.4609375,106.359375,106.421875,79399,ZFM3
2023-03-02 21:00:00+00:00,34,1,687964,106.4296875,106.453125,106.3828125,106.4296875,41872,ZFM3
2023-03-02 23:00:00+00:00,34,1,687964,106.4375,106.4453125,106.390625,106.4140625,5501,ZFM3
2023-03-03 00:00:00+00:00,34,1,687964,106.40625,106.4296875,106.375,106.40625,7504,ZFM3
2023-03-03 01:00:00+00:00,34,1,687964,106.4140625,106.4609375,106.4140625,106.4375,12784,ZFM3
2023-03-03 02:00:00+00:00,34,1,687964,106.4375,106.46875,106.4296875,106.4453125,8129,ZFM3
2023-03-03 03:00:00+00:00,34,1,687964,106.4453125,106.4765625,106.4375,106.4609375,5680,ZFM3
2023-03-03 04:00:00+00:00,34,1,687964,106.4609375,106.4765625,106.453125,106.46875,2918,ZFM3
2023-03-03 05:00:00+00:00,34,1,687964,106.46875,106.4765625,106.453125,106.453125,2638,ZFM3
2023-03-03 06:00:00+00:00,34,1,687964,106.4453125,106.5703125,106.4453125,106.5546875,16101,ZFM3
2023-03-03 07:00:00+00:00,34,1,687964,106.5546875,106.5546875,106.46875,106.484375,18263,ZFM3
2023-03-03 08:00:00+00:00,34,1,687964,106.484375,106.59375,106.4765625,106.515625,27711,ZFM3
2023-03-03 09:00:00+00:00,34,1,687964,106.5078125,106.640625,106.5078125,106.6328125,24299,ZFM3
2023-03-03 10:00:00+00:00,34,1,687964,106.6328125,106.65625,106.59375,106.59375,26063,ZFM3
2023-03-03 11:00:00+00:00,34,1,687964,106.6015625,106.6328125,106.5859375,106.6171875,13263,ZFM3
2023-03-03 12:00:00+00:00,34,1,687964,106.6171875,106.6328125,106.53125,106.546875,24111,ZFM3
2023-03-03 13:00:00+00:00,34,1,687964,106.546875,106.7109375,106.515625,106.6953125,86684,ZFM3
2023-03-03 14:00:00+00:00,34,1,687964,106.6953125,106.7421875,106.6015625,106.625,96122,ZFM3
2023-03-03 15:00:00+00:00,34,1,687964,106.6171875,106.6171875,106.3828125,106.40625,238241,ZFM3
2023-03-03 16:00:00+00:00,34,1,687964,106.4140625,106.5859375,106.40625,106.5703125,82220,ZFM3
2023-03-03 17:00:00+00:00,34,1,687964,106.5703125,106.640625,106.5390625,106.6171875,57668,ZFM3
2023-03-03 18:00:00+00:00,34,1,687964,106.625,106.6640625,106.609375,106.65625,47272,ZFM3
2023-03-03 19:00:00+00:00,34,1,687964,106.6484375,106.6796875,106.609375,106.671875,54296,ZFM3
2023-03-03 20:00:00+00:00,34,1,687964,106.6640625,106.6953125,106.625,106.6875,41579,ZFM3
2023-03-03 21:00:00+00:00,34,1,687964,106.6953125,106.703125,106.6640625,106.6953125,21048,ZFM3
2023-03-05 23:00:00+00:00,34,1,687964,106.6875,106.6875,106.6171875,106.6328125,5592,ZFM3
2023-03-06 00:00:00+00:00,34,1,687964,106.6328125,106.734375,106.6328125,106.6953125,8642,ZFM3
2023-03-06 01:00:00+00:00,34,1,687964,106.6953125,106.75,106.6875,106.7265625,7978,ZFM3
2023-03-06 02:00:00+00:00,34,1,687964,106.71875,106.7421875,106.6953125,106.7421875,4735,ZFM3
2023-03-06 03:00:00+00:00,34,1,687964,106.7421875,106.796875,106.7421875,106.78125,9691,ZFM3
2023-03-06 04:00:00+00:00,34,1,687964,106.78125,106.7890625,106.7421875,106.75,5358,ZFM3
2023-03-06 05:00:00+00:00,34,1,687964,106.75,106.765625,106.7421875,106.7578125,2545,ZFM3
2023-03-06 06:00:00+00:00,34,1,687964,106.765625,106.765625,106.7109375,106.765625,5950,ZFM3
2023-03-06 07:00:00+00:00,34,1,687964,106.765625,106.8671875,106.7578125,106.78125,21523,ZFM3
2023-03-06 08:00:00+00:00,34,1,687964,106.7734375,106.8046875,106.71875,106.78125,25602,ZFM3
2023-03-06 09:00:00+00:00,34,1,687964,106.7734375,106.796875,106.71875,106.7734375,15540,ZFM3
2023-03-06 10:00:00+00:00,34,1,687964,106.765625,106.8515625,106.765625,106.8359375,16052,ZFM3
2023-03-06 11:00:00+00:00,34,1,687964,106.8359375,106.8671875,106.734375,106.7421875,28021,ZFM3
2023-03-06 12:00:00+00:00,34,1,687964,106.734375,106.859375,106.71875,106.8515625,31556,ZFM3
2023-03-06 13:00:00+00:00,34,1,687964,106.8515625,106.921875,106.8359375,106.875,86159,ZFM3
2023-03-06 14:00:00+00:00,34,1,687964,106.875,106.8984375,106.703125,106.71875,84784,ZFM3
2023-03-06 15:00:00+00:00,34,1,687964,106.71875,106.7890625,106.6640625,106.6640625,70532,ZFM3
2023-03-06 16:00:00+00:00,34,1,687964,106.65625,106.71875,106.6171875,106.6328125,53129,ZFM3
2023-03-06 17:00:00+00:00,34,1,687964,106.6328125,106.6875,106.625,106.671875,39540,ZFM3
2023-03-06 18:00:00+00:00,34,1,687964,106.671875,106.671875,106.5859375,106.5859375,38261,ZFM3
2023-03-06 19:00:00+00:00,34,1,687964,106.5859375,106.609375,106.5546875,106.59375,56426,ZFM3
2023-03-06 20:00:00+00:00,34,1,687964,106.5859375,106.625,106.5546875,106.6171875,62295,ZFM3
2023-03-06 21:00:00+00:00,34,1,687964,106.609375,106.671875,106.609375,106.6484375,31347,ZFM3
2023-03-06 23:00:00+00:00,34,1,687964,106.6484375,106.6640625,106.609375,106.625,3403,ZFM3
2023-03-07 00:00:00+00:00,34,1,687964,106.6171875,106.625,106.5859375,106.59375,5044,ZFM3
2023-03-07 01:00:00+00:00,34,1,687964,106.5859375,106.625,106.5703125,106.609375,5153,ZFM3
2023-03-07 02:00:00+00:00,34,1,687964,106.6171875,106.6328125,106.609375,106.625,4846,ZFM3
2023-03-07 03:00:00+00:00,34,1,687964,106.625,106.6875,106.609375,106.6484375,7529,ZFM3
2023-03-07 04:00:00+00:00,34,1,687964,106.6484375,106.6640625,106.640625,106.6484375,3903,ZFM3
2023-03-07 05:00:00+00:00,34,1,687964,106.65625,106.6953125,106.6484375,106.6875,3274,ZFM3
2023-03-07 06:00:00+00:00,34,1,687964,106.6953125,106.7109375,106.6875,106.6953125,3147,ZFM3
2023-03-07 07:00:00+00:00,34,1,687964,106.6953125,106.7421875,106.671875,106.6796875,14514,ZFM3
2023-03-07 08:00:00+00:00,34,1,687964,106.6796875,106.7890625,106.6640625,106.75,20427,ZFM3
2023-03-07 09:00:00+00:00,34,1,687964,106.75,106.8203125,106.75,106.7734375,23210,ZFM3
2023-03-07 10:00:00+00:00,34,1,687964,106.7734375,106.7890625,106.734375,106.7734375,17075,ZFM3
2023-03-07 11:00:00+00:00,34,1,687964,106.765625,106.8203125,106.7578125,106.765625,14333,ZFM3
2023-03-07 12:00:00+00:00,34,1,687964,106.765625,106.765625,106.7109375,106.71875,30362,ZFM3
2023-03-07 13:00:00+00:00,34,1,687964,106.7109375,106.828125,106.7109375,106.78125,69414,ZFM3
2023-03-07 14:00:00+00:00,34,1,687964,106.78125,106.7890625,106.6640625,106.6875,93526,ZFM3
2023-03-07 15:00:00+00:00,34,1,687964,106.6796875,106.6875,106.3125,106.4453125,366244,ZFM3
2023-03-07 16:00:00+00:00,34,1,687964,106.4453125,106.5390625,106.4140625,106.4765625,117452,ZFM3
2023-03-07 17:00:00+00:00,34,1,687964,106.4765625,106.5859375,106.453125,106.5234375,116173,ZFM3
2023-03-07 18:00:00+00:00,34,1,687964,106.53125,106.5625,106.40625,106.4375,80581,ZFM3
2023-03-07 19:00:00+00:00,34,1,687964,106.4375,106.453125,106.34375,106.3828125,90001,ZFM3
2023-03-07 20:00:00+00:00,34,1,687964,106.3828125,106.4296875,106.34375,106.375,87267,ZFM3
2023-03-07 21:00:00+00:00,34,1,687964,106.375,106.421875,106.3515625,106.375,41653,ZFM3
2023-03-07 23:00:00+00:00,34,1,687964,106.3671875,106.375,106.296875,106.296875,10242,ZFM3
2023-03-08 00:00:00+00:00,34,1,687964,106.296875,106.3671875,106.25,106.3046875,31072,ZFM3
2023-03-08 01:00:00+00:00,34,1,687964,106.3046875,106.3046875,106.1953125,106.21875,21228,ZFM3
2023-03-08 02:00:00+00:00,34,1,687964,106.21875,106.234375,106.109375,106.1171875,22739,ZFM3
2023-03-08 03:00:00+00:00,34,1,687964,106.1171875,106.1484375,106.078125,106.09375,17306,ZFM3
2023-03-08 04:00:00+00:00,34,1,687964,106.1015625,106.1640625,106.1015625,106.1640625,7271,ZFM3
2023-03-08 05:00:00+00:00,34,1,687964,106.1640625,106.171875,106.125,106.1484375,5504,ZFM3
2023-03-08 06:00:00+00:00,34,1,687964,106.1484375,106.203125,106.1484375,106.203125,9275,ZFM3
2023-03-08 07:00:00+00:00,34,1,687964,106.1953125,106.28125,106.1796875,106.2265625,25424,ZFM3
2023-03-08 08:00:00+00:00,34,1,687964,106.234375,106.2890625,106.203125,106.2265625,36664,ZFM3
2023-03-08 09:00:00+00:00,34,1,687964,106.234375,106.2890625,106.2109375,106.25,22820,ZFM3
2023-03-08 10:00:00+00:00,34,1,687964,106.25,106.296875,106.21875,106.2734375,27614,ZFM3
2023-03-08 11:00:00+00:00,34,1,687964,106.2734375,106.3046875,106.2421875,106.25,31251,ZFM3
2023-03-08 12:00:00+00:00,34,1,687964,106.2421875,106.3125,106.2421875,106.265625,34945,ZFM3
2023-03-08 13:00:00+00:00,34,1,687964,106.265625,106.5,106.234375,106.484375,182000,ZFM3
2023-03-08 14:00:00+00:00,34,1,687964,106.4765625,106.6484375,106.453125,106.59375,183538,ZFM3
2023-03-08 15:00:00+00:00,34,1,687964,106.5859375,106.625,106.375,106.515625,276978,ZFM3
2023-03-08 16:00:00+00:00,34,1,687964,106.515625,106.5546875,106.296875,106.3203125,158783,ZFM3
2023-03-08 17:00:00+00:00,34,1,687964,106.3203125,106.359375,106.2578125,106.2890625,81084,ZFM3
2023-03-08 18:00:00+00:00,34,1,687964,106.28125,106.3046875,106.1875,106.2109375,68486,ZFM3
2023-03-08 19:00:00+00:00,34,1,687964,106.2109375,106.2890625,106.2109375,106.25,68346,ZFM3
2023-03-08 20:00:00+00:00,34,1,687964,106.2578125,106.2890625,106.2421875,106.265625,53183,ZFM3
2023-03-08 21:00:00+00:00,34,1,687964,106.265625,106.2734375,106.1875,106.203125,45795,ZFM3
2023-03-08 23:00:00+00:00,34,1,687964,106.203125,106.265625,106.1953125,106.265625,3378,ZFM3
2023-03-09 00:00:00+00:00,34,1,687964,106.2578125,106.3203125,106.2578125,106.3046875,8029,ZFM3
2023-03-09 01:00:00+00:00,34,1,687964,106.3046875,106.3046875,106.2421875,106.2421875,4162,ZFM3
2023-03-09 02:00:00+00:00,34,1,687964,106.2421875,106.28125,106.2421875,106.2734375,3674,ZFM3
2023-03-09 03:00:00+00:00,34,1,687964,106.2734375,106.28125,106.265625,106.2734375,3203,ZFM3
2023-03-09 04:00:00+00:00,34,1,687964,106.265625,106.265625,106.234375,106.25,2923,ZFM3
2023-03-09 05:00:00+00:00,34,1,687964,106.25,106.25,106.21875,106.2265625,2368,ZFM3
2023-03-09 06:00:00+00:00,34,1,687964,106.234375,106.2578125,106.21875,106.25,4834,ZFM3
2023-03-09 07:00:00+00:00,34,1,687964,106.25,106.265625,106.1875,106.234375,18025,ZFM3
2023-03-09 08:00:00+00:00,34,1,687964,106.234375,106.328125,106.1953125,106.28125,27566,ZFM3
2023-03-09 09:00:00+00:00,34,1,687964,106.28125,106.3125,106.25,106.3046875,23378,ZFM3
2023-03-09 10:00:00+00:00,34,1,687964,106.296875,106.328125,106.2734375,106.3203125,13461,ZFM3
2023-03-09 11:00:00+00:00,34,1,687964,106.3203125,106.3515625,106.3046875,106.3125,25026,ZFM3
2023-03-09 12:00:00+00:00,34,1,687964,106.3125,106.3203125,106.234375,106.28125,32330,ZFM3
2023-03-09 13:00:00+00:00,34,1,687964,106.2734375,106.4765625,106.1796875,106.4765625,178388,ZFM3
2023-03-09 14:00:00+00:00,34,1,687964,106.46875,106.6015625,106.4453125,106.59375,145272,ZFM3
2023-03-09 15:00:00+00:00,34,1,687964,106.5859375,106.640625,106.4921875,106.5,146924,ZFM3
2023-03-09 16:00:00+00:00,34,1,687964,106.5,106.5703125,106.4609375,106.5,90491,ZFM3
2023-03-09 17:00:00+00:00,34,1,687964,106.5,106.640625,106.484375,106.625,72751,ZFM3
2023-03-09 18:00:00+00:00,34,1,687964,106.6171875,106.8671875,106.5859375,106.859375,147574,ZFM3
2023-03-09 19:00:00+00:00,34,1,687964,106.859375,106.984375,106.75,106.828125,186869,ZFM3
2023-03-09 20:00:00+00:00,34,1,687964,106.8359375,106.8984375,106.796875,106.859375,138930,ZFM3
2023-03-09 21:00:00+00:00,34,1,687964,106.859375,106.984375,106.8125,106.9453125,81060,ZFM3
2023-03-09 23:00:00+00:00,34,1,687964,106.9296875,107.0859375,106.9140625,107.0625,23011,ZFM3
2023-03-10 00:00:00+00:00,34,1,687964,107.0625,107.2890625,107.0546875,107.203125,62974,ZFM3
2023-03-10 01:00:00+00:00,34,1,687964,107.2109375,107.296875,107.171875,107.296875,19424,ZFM3
2023-03-10 02:00:00+00:00,34,1,687964,107.296875,107.515625,107.296875,107.34375,65202,ZFM3
2023-03-10 03:00:00+00:00,34,1,687964,107.3359375,107.3984375,107.265625,107.3828125,18174,ZFM3
2023-03-10 04:00:00+00:00,34,1,687964,107.3828125,107.4921875,107.34375,107.484375,28475,ZFM3
2023-03-10 05:00:00+00:00,34,1,687964,107.484375,107.484375,107.3671875,107.390625,12912,ZFM3
2023-03-10 06:00:00+00:00,34,1,687964,107.3828125,107.4140625,107.3203125,107.4140625,21187,ZFM3
2023-03-10 07:00:00+00:00,34,1,687964,107.40625,107.4453125,107.2734375,107.3203125,46562,ZFM3
2023-03-10 08:00:00+00:00,34,1,687964,107.328125,107.4375,107.2421875,107.25,55626,ZFM3
2023-03-10 09:00:00+00:00,34,1,687964,107.25,107.3203125,107.1484375,107.1484375,39789,ZFM3
2023-03-10 10:00:00+00:00,34,1,687964,107.1484375,107.2109375,107.1015625,107.1171875,33768,ZFM3
2023-03-10 11:00:00+00:00,34,1,687964,107.109375,107.2421875,107.1015625,107.21875,32659,ZFM3
2023-03-10 12:00:00+00:00,34,1,687964,107.21875,107.46875,107.1484375,107.4296875,95773,ZFM3
2023-03-10 13:00:00+00:00,34,1,687964,107.421875,107.9609375,107.296875,107.4296875,367121,ZFM3
2023-03-10 14:00:00+00:00,34,1,687964,107.421875,108.125,107.3515625,107.921875,471256,ZFM3
2023-03-10 15:00:00+00:00,34,1,687964,107.9296875,108.1328125,107.8984375,108.125,202397,ZFM3
2023-03-10 16:00:00+00:00,34,1,687964,108.125,108.140625,107.53125,107.6640625,339554,ZFM3
2023-03-10 17:00:00+00:00,34,1,687964,107.65625,107.9921875,107.6328125,107.9375,137817,ZFM3
2023-03-10 18:00:00+00:00,34,1,687964,107.9375,108.078125,107.890625,107.9765625,100100,ZFM3
2023-03-10 19:00:00+00:00,34,1,687964,107.9765625,108.03125,107.90625,108.0234375,138157,ZFM3
2023-03-10 20:00:00+00:00,34,1,687964,108.0234375,108.0625,107.90625,108.046875,95366,ZFM3
2023-03-10 21:00:00+00:00,34,1,687964,108.046875,108.0703125,107.9453125,107.953125,56805,ZFM3
2023-03-12 22:00:00+00:00,34,1,687964,108.015625,108.7421875,107.984375,108.421875,133723,ZFM3
2023-03-12 23:00:00+00:00,34,1,687964,108.421875,108.640625,107.8359375,107.875,60946,ZFM3
2023-03-13 00:00:00+00:00,34,1,687964,107.875,108.1953125,107.796875,108.0546875,61932,ZFM3
2023-03-13 01:00:00+00:00,34,1,687964,108.0546875,108.09375,107.890625,107.9453125,26942,ZFM3
2023-03-13 02:00:00+00:00,34,1,687964,107.9375,108.515625,107.9375,108.4609375,69014,ZFM3
2023-03-13 03:00:00+00:00,34,1,687964,108.4609375,108.5234375,108.3046875,108.3125,38325,ZFM3
2023-03-13 04:00:00+00:00,34,1,687964,108.3125,108.375,108.2734375,108.2734375,24859,ZFM3
2023-03-13 05:00:00+00:00,34,1,687964,108.28125,108.3203125,108.2421875,108.28125,22023,ZFM3
2023-03-13 06:00:00+00:00,34,1,687964,108.2890625,108.484375,108.28125,108.34375,35670,ZFM3
2023-03-13 07:00:00+00:00,34,1,687964,108.3515625,108.421875,108.2109375,108.2421875,61665,ZFM3
2023-03-13 08:00:00+00:00,34,1,687964,108.2421875,108.7109375,108.2109375,108.6953125,86537,ZFM3
2023-03-13 09:00:00+00:00,34,1,687964,108.6953125,109.5234375,108.671875,109.140625,235053,ZFM3
2023-03-13 10:00:00+00:00,34,1,687964,109.140625,109.25,108.7578125,108.7890625,138743,ZFM3
2023-03-13 11:00:00+00:00,34,1,687964,108.7890625,109.5,108.6328125,109.140625,203982,ZFM3
2023-03-13 12:00:00+00:00,34,1,687964,109.1484375,109.9296875,109.140625,109.5078125,454879,ZFM3
2023-03-13 13:00:00+00:00,34,1,687964,109.515625,109.703125,109.1953125,109.3046875,352907,ZFM3
2023-03-13 14:00:00+00:00,34,1,687964,109.3046875,109.875,109.2890625,109.8359375,300263,ZFM3
2023-03-13 15:00:00+00:00,34,1,687964,109.8359375,109.8359375,108.984375,109.1328125,312301,ZFM3
2023-03-13 16:00:00+00:00,34,1,687964,109.140625,109.4140625,109.1171875,109.328125,168366,ZFM3
2023-03-13 17:00:00+00:00,34,1,687964,109.328125,109.4296875,109.2265625,109.234375,109209,ZFM3
2023-03-13 18:00:00+00:00,34,1,687964,109.2421875,109.3671875,109.1640625,109.34375,137526,ZFM3
2023-03-13 19:00:00+00:00,34,1,687964,109.34375,109.3515625,109.0625,109.28125,171473,ZFM3
2023-03-13 20:00:00+00:00,34,1,687964,109.2734375,109.4609375,109.1875,109.203125,103423,ZFM3
2023-03-13 22:00:00+00:00,34,1,687964,109.203125,109.2421875,109.125,109.1328125,16128,ZFM3
2023-03-13 23:00:00+00:00,34,1,687964,109.1328125,109.2265625,109.125,109.21875,8231,ZFM3
2023-03-14 00:00:00+00:00,34,1,687964,109.21875,109.25,109.1171875,109.21875,31064,ZFM3
2023-03-14 01:00:00+00:00,34,1,687964,109.2109375,109.234375,109.0859375,109.109375,35966,ZFM3
2023-03-14 02:00:00+00:00,34,1,687964,109.1171875,109.1484375,108.984375,109.0078125,35648,ZFM3
2023-03-14 03:00:00+00:00,34,1,687964,109.015625,109.0625,108.890625,108.8984375,24049,ZFM3
2023-03-14 04:00:00+00:00,34,1,687964,108.90625,108.953125,108.875,108.8984375,17153,ZFM3
2023-03-14 05:00:00+00:00,34,1,687964,108.90625,108.9921875,108.890625,108.9765625,13890,ZFM3
2023-03-14 06:00:00+00:00,34,1,687964,108.9765625,109.8984375,108.96875,109.3671875,96334,ZFM3
2023-03-14 07:00:00+00:00,34,1,687964,109.375,109.59375,109.3046875,109.515625,46201,ZFM3
2023-03-14 08:00:00+00:00,34,1,687964,109.515625,109.5703125,108.8671875,108.9765625,91887,ZFM3
2023-03-14 09:00:00+00:00,34,1,687964,108.9765625,109.0078125,108.5625,108.59375,101441,ZFM3
2023-03-14 10:00:00+00:00,34,1,687964,108.6015625,108.7109375,108.578125,108.6953125,70568,ZFM3
2023-03-14 11:00:00+00:00,34,1,687964,108.6953125,108.7890625,108.5546875,108.5859375,83242,ZFM3
2023-03-14 12:00:00+00:00,34,1,687964,108.5859375,109.21875,108.3828125,108.9140625,369602,ZFM3
2023-03-14 13:00:00+00:00,34,1,687964,108.9140625,108.9921875,108.2578125,108.3828125,327660,ZFM3
2023-03-14 14:00:00+00:00,34,1,687964,108.390625,108.5703125,108.3125,108.4921875,209154,ZFM3
2023-03-14 15:00:00+00:00,34,1,687964,108.5,108.609375,108.4140625,108.4140625,117406,ZFM3
2023-03-14 16:00:00+00:00,34,1,687964,108.421875,108.515625,108.265625,108.5,109761,ZFM3
2023-03-14 17:00:00+00:00,34,1,687964,108.4921875,108.796875,108.4921875,108.6015625,167828,ZFM3
2023-03-14 18:00:00+00:00,34,1,687964,108.59375,108.8984375,108.5703125,108.7421875,220538,ZFM3
2023-03-14 19:00:00+00:00,34,1,687964,108.7421875,108.84375,108.6015625,108.609375,136253,ZFM3
2023-03-14 20:00:00+00:00,34,1,687964,108.6015625,108.6328125,108.4609375,108.46875,66732,ZFM3
2023-03-14 22:00:00+00:00,34,1,687964,108.453125,108.5546875,108.453125,108.5078125,3999,ZFM3
2023-03-14 23:00:00+00:00,34,1,687964,108.5,108.5390625,108.4453125,108.46875,5243,ZFM3
2023-03-15 00:00:00+00:00,34,1,687964,108.46875,108.515625,108.359375,108.484375,15507,ZFM3
2023-03-15 01:00:00+00:00,34,1,687964,108.484375,108.5546875,108.484375,108.515625,13064,ZFM3
2023-03-15 02:00:00+00:00,34,1,687964,108.5234375,108.625,108.5234375,108.578125,11043,ZFM3
2023-03-15 03:00:00+00:00,34,1,687964,108.578125,108.5859375,108.5234375,108.5390625,7611,ZFM3
2023-03-15 04:00:00+00:00,34,1,687964,108.5390625,108.546875,108.390625,108.4453125,11499,ZFM3
2023-03-15 05:00:00+00:00,34,1,687964,108.4453125,108.53125,108.4453125,108.46875,10090,ZFM3
2023-03-15 06:00:00+00:00,34,1,687964,108.46875,108.6171875,108.375,108.5,22084,ZFM3
2023-03-15 07:00:00+00:00,34,1,687964,108.5,108.59375,108.28125,108.328125,44871,ZFM3
2023-03-15 08:00:00+00:00,34,1,687964,108.328125,108.4609375,108.1953125,108.4453125,66984,ZFM3
2023-03-15 09:00:00+00:00,34,1,687964,108.453125,109.0234375,108.40625,108.7109375,120140,ZFM3
2023-03-15 10:00:00+00:00,34,1,687964,108.71875,109.4921875,108.71875,109.34375,161162,ZFM3
2023-03-15 11:00:00+00:00,34,1,687964,109.34375,109.46875,109.0703125,109.2734375,132866,ZFM3
2023-03-15 12:00:00+00:00,34,1,687964,109.2734375,109.734375,109.2421875,109.6875,238533,ZFM3
2023-03-15 13:00:00+00:00,34,1,687964,109.6875,110.171875,109.671875,110.1640625,436263,ZFM3
2023-03-15 14:00:00+00:00,34,1,687964,110.1640625,110.4296875,110.0390625,110.1953125,329566,ZFM3
2023-03-15 15:00:00+00:00,34,1,687964,110.203125,110.328125,110.0546875,110.203125,175363,ZFM3
2023-03-15 16:00:00+00:00,34,1,687964,110.2109375,110.375,110.15625,110.21875,130034,ZFM3
2023-03-15 17:00:00+00:00,34,1,687964,110.21875,110.2421875,109.84375,109.9609375,173186,ZFM3
2023-03-15 18:00:00+00:00,34,1,687964,109.9609375,110.0078125,109.4921875,109.734375,246268,ZFM3
2023-03-15 19:00:00+00:00,34,1,687964,109.734375,109.9375,109.4765625,109.8515625,165411,ZFM3
2023-03-15 20:00:00+00:00,34,1,687964,109.859375,109.9609375,109.7890625,109.8828125,74867,ZFM3
2023-03-15 22:00:00+00:00,34,1,687964,109.875,109.890625,109.734375,109.765625,6351,ZFM3
2023-03-15 23:00:00+00:00,34,1,687964,109.765625,109.9609375,109.765625,109.8984375,13607,ZFM3
2023-03-16 00:00:00+00:00,34,1,687964,109.90625,110.1171875,109.515625,109.59375,40485,ZFM3
2023-03-16 01:00:00+00:00,34,1,687964,109.59375,109.890625,109.546875,109.71875,33981,ZFM3
2023-03-16 02:00:00+00:00,34,1,687964,109.71875,109.78125,109.53125,109.6875,16313,ZFM3
2023-03-16 03:00:00+00:00,34,1,687964,109.6875,109.796875,109.671875,109.75,6867,ZFM3
2023-03-16 04:00:00+00:00,34,1,687964,109.75,109.859375,109.671875,109.6875,11240,ZFM3
2023-03-16 05:00:00+00:00,34,1,687964,109.6953125,109.7578125,109.6484375,109.6953125,7586,ZFM3
2023-03-16 06:00:00+00:00,34,1,687964,109.6953125,109.7265625,109.6015625,109.7109375,14662,ZFM3
2023-03-16 07:00:00+00:00,34,1,687964,109.71875,109.7734375,109.4765625,109.6328125,54038,ZFM3
2023-03-16 08:00:00+00:00,34,1,687964,109.6328125,109.953125,109.609375,109.640625,63037,ZFM3
2023-03-16 09:00:00+00:00,34,1,687964,109.640625,109.8203125,109.5546875,109.6484375,36843,ZFM3
2023-03-16 10:00:00+00:00,34,1,687964,109.6484375,109.765625,109.53125,109.7578125,30807,ZFM3
2023-03-16 11:00:00+00:00,34,1,687964,109.7578125,109.984375,109.6953125,109.984375,51046,ZFM3
2023-03-16 12:00:00+00:00,34,1,687964,109.984375,110.25,109.796875,109.953125,180136,ZFM3
2023-03-16 13:00:00+00:00,34,1,687964,109.9609375,110.2421875,109.7890625,109.875,221707,ZFM3
2023-03-16 14:00:00+00:00,34,1,687964,109.8828125,110.2890625,109.59375,109.8046875,237991,ZFM3
2023-03-16 15:00:00+00:00,34,1,687964,109.8046875,109.890625,109.1640625,109.28125,284205,ZFM3
2023-03-16 16:00:00+00:00,34,1,687964,109.28125,109.375,108.96875,108.9921875,157308,ZFM3
2023-03-16 17:00:00+00:00,34,1,687964,108.984375,109.2109375,108.921875,109.0,154243,ZFM3
2023-03-16 18:00:00+00:00,34,1,687964,109.0,109.1640625,108.9453125,108.9921875,121420,ZFM3
2023-03-16 19:00:00+00:00,34,1,687964,108.9921875,109.1484375,108.9453125,109.046875,88566,ZFM3
2023-03-16 20:00:00+00:00,34,1,687964,109.0546875,109.078125,108.9375,108.96875,55035,ZFM3
2023-03-16 22:00:00+00:00,34,1,687964,109.0078125,109.0390625,108.9609375,109.015625,5226,ZFM3
2023-03-16 23:00:00+00:00,34,1,687964,109.015625,109.046875,109.0,109.0234375,4667,ZFM3
2023-03-17 00:00:00+00:00,34,1,687964,109.015625,109.0234375,108.796875,108.8125,20600,ZFM3
2023-03-17 01:00:00+00:00,34,1,687964,108.8125,108.9140625,108.7890625,108.8984375,8721,ZFM3
2023-03-17 02:00:00+00:00,34,1,687964,108.8984375,109.03125,108.8984375,108.9609375,7972,ZFM3
2023-03-17 03:00:00+00:00,34,1,687964,108.9609375,109.0,108.9140625,108.9296875,6098,ZFM3
2023-03-17 04:00:00+00:00,34,1,687964,108.921875,109.03125,108.90625,109.0078125,6577,ZFM3
2023-03-17 05:00:00+00:00,34,1,687964,109.0078125,109.046875,108.96875,109.015625,5575,ZFM3
2023-03-17 06:00:00+00:00,34,1,687964,109.0234375,109.15625,109.015625,109.1328125,14666,ZFM3
2023-03-17 07:00:00+00:00,34,1,687964,109.125,109.265625,108.9765625,109.1171875,26555,ZFM3
2023-03-17 08:00:00+00:00,34,1,687964,109.125,109.140625,108.921875,108.9921875,29909,ZFM3
2023-03-17 09:00:00+00:00,34,1,687964,108.9921875,109.1796875,108.984375,109.125,18471,ZFM3
2023-03-17 10:00:00+00:00,34,1,687964,109.1171875,109.234375,109.0859375,109.21875,23289,ZFM3
2023-03-17 11:00:00+00:00,34,1,687964,109.2265625,109.453125,109.2109375,109.3125,70211,ZFM3
2023-03-17 12:00:00+00:00,34,1,687964,109.3125,109.7109375,109.265625,109.5390625,145771,ZFM3
2023-03-17 13:00:00+00:00,34,1,687964,109.5390625,109.7734375,109.5,109.6875,120246,ZFM3
2023-03-17 14:00:00+00:00,34,1,687964,109.6875,110.109375,109.671875,109.9765625,198449,ZFM3
2023-03-17 15:00:00+00:00,34,1,687964,109.9765625,110.1875,109.921875,110.09375,145162,ZFM3
2023-03-17 16:00:00+00:00,34,1,687964,110.09375,110.109375,109.8359375,109.9765625,87216,ZFM3
2023-03-17 17:00:00+00:00,34,1,687964,109.96875,110.0703125,109.8515625,110.0234375,64634,ZFM3
2023-03-17 18:00:00+00:00,34,1,687964,110.015625,110.2578125,110.0078125,110.21875,99606,ZFM3
2023-03-17 19:00:00+00:00,34,1,687964,110.21875,110.2890625,109.9765625,109.9765625,118863,ZFM3
2023-03-17 20:00:00+00:00,34,1,687964,109.984375,110.15625,109.9765625,110.046875,50164,ZFM3
2023-03-19 22:00:00+00:00,34,1,687964,109.875,110.125,109.7421875,109.7578125,44651,ZFM3
2023-03-19 23:00:00+00:00,34,1,687964,109.7578125,109.8203125,109.6875,109.7421875,18258,ZFM3
2023-03-20 00:00:00+00:00,34,1,687964,109.7421875,109.8046875,109.4296875,109.484375,37227,ZFM3
2023-03-20 01:00:00+00:00,34,1,687964,109.4921875,109.7421875,109.4453125,109.6484375,29859,ZFM3
2023-03-20 02:00:00+00:00,34,1,687964,109.65625,109.7890625,109.6171875,109.7265625,12837,ZFM3
2023-03-20 03:00:00+00:00,34,1,687964,109.7265625,110.0390625,109.6875,109.9140625,24078,ZFM3
2023-03-20 04:00:00+00:00,34,1,687964,109.9140625,110.1015625,109.8984375,110.046875,17452,ZFM3
2023-03-20 05:00:00+00:00,34,1,687964,110.0546875,110.1171875,110.03125,110.0859375,11113,ZFM3
2023-03-20 06:00:00+00:00,34,1,687964,110.0859375,110.8203125,110.0234375,110.7421875,70144,ZFM3
2023-03-20 07:00:00+00:00,34,1,687964,110.734375,110.9296875,110.5078125,110.734375,87585,ZFM3
2023-03-20 08:00:00+00:00,34,1,687964,110.7265625,110.96875,110.578125,110.7578125,71220,ZFM3
2023-03-20 09:00:00+00:00,34,1,687964,110.7578125,110.796875,110.4375,110.5390625,62529,ZFM3
2023-03-20 10:00:00+00:00,34,1,687964,110.5390625,110.6171875,110.2109375,110.3359375,58764,ZFM3
2023-03-20 11:00:00+00:00,34,1,687964,110.34375,110.6328125,110.3046875,110.4609375,40069,ZFM3
2023-03-20 12:00:00+00:00,34,1,687964,110.4609375,110.5078125,109.984375,110.0234375,102577,ZFM3
2023-03-20 13:00:00+00:00,34,1,687964,110.03125,110.265625,109.7890625,109.828125,126544,ZFM3
2023-03-20 14:00:00+00:00,34,1,687964,109.828125,109.9296875,109.6953125,109.8203125,130307,ZFM3
2023-03-20 15:00:00+00:00,34,1,687964,109.8203125,109.8515625,109.515625,109.640625,130108,ZFM3
2023-03-20 16:00:00+00:00,34,1,687964,109.6328125,109.796875,109.5859375,109.6796875,109670,ZFM3
2023-03-20 17:00:00+00:00,34,1,687964,109.6796875,109.7109375,109.46875,109.5234375,55677,ZFM3
2023-03-20 18:00:00+00:00,34,1,687964,109.5234375,109.734375,109.4765625,109.7265625,74397,ZFM3
2023-03-20 19:00:00+00:00,34,1,687964,109.7265625,109.8125,109.59375,109.671875,76905,ZFM3
2023-03-20 20:00:00+00:00,34,1,687964,109.6640625,109.6953125,109.6015625,109.640625,39340,ZFM3
2023-03-20 22:00:00+00:00,34,1,687964,109.6171875,109.671875,109.5390625,109.6484375,4154,ZFM3
2023-03-20 23:00:00+00:00,34,1,687964,109.6484375,109.7578125,109.6484375,109.7109375,3228,ZFM3
2023-03-21 00:00:00+00:00,34,1,687964,109.7109375,109.875,109.59375,109.8359375,12617,ZFM3
2023-03-21 01:00:00+00:00,34,1,687964,109.828125,109.90625,109.8203125,109.84375,5606,ZFM3
2023-03-21 02:00:00+00:00,34,1,687964,109.8359375,109.9296875,109.8203125,109.90625,4464,ZFM3
2023-03-21 03:00:00+00:00,34,1,687964,109.8984375,109.921875,109.8515625,109.90625,3139,ZFM3
2023-03-21 04:00:00+00:00,34,1,687964,109.8984375,109.9296875,109.84375,109.8984375,3569,ZFM3
2023-03-21 05:00:00+00:00,34,1,687964,109.890625,109.96875,109.8671875,109.9140625,3954,ZFM3
2023-03-21 06:00:00+00:00,34,1,687964,109.90625,109.9140625,109.703125,109.703125,10602,ZFM3
2023-03-21 07:00:00+00:00,34,1,687964,109.703125,109.921875,109.53125,109.546875,30028,ZFM3
2023-03-21 08:00:00+00:00,34,1,687964,109.5390625,109.6328125,109.4375,109.4375,60249,ZFM3
2023-03-21 09:00:00+00:00,34,1,687964,109.4375,109.453125,109.328125,109.359375,41771,ZFM3
2023-03-21 10:00:00+00:00,34,1,687964,109.359375,109.375,109.265625,109.296875,30632,ZFM3
2023-03-21 11:00:00+00:00,34,1,687964,109.2890625,109.3515625,109.1015625,109.125,50550,ZFM3
2023-03-21 12:00:00+00:00,34,1,687964,109.125,109.2265625,109.0078125,109.0234375,103858,ZFM3
2023-03-21 13:00:00+00:00,34,1,687964,109.0234375,109.09375,108.9609375,109.015625,97831,ZFM3
2023-03-21 14:00:00+00:00,34,1,687964,109.0234375,109.2734375,108.9296875,109.2578125,136202,ZFM3
2023-03-21 15:00:00+00:00,34,1,687964,109.25,109.3046875,109.046875,109.0546875,89473,ZFM3
2023-03-21 16:00:00+00:00,34,1,687964,109.0546875,109.1328125,109.03125,109.0546875,58614,ZFM3
2023-03-21 17:00:00+00:00,34,1,687964,109.046875,109.1015625,108.9296875,108.9921875,62678,ZFM3
2023-03-21 18:00:00+00:00,34,1,687964,108.9921875,109.0234375,108.8515625,108.90625,80145,ZFM3
2023-03-21 19:00:00+00:00,34,1,687964,108.90625,108.984375,108.875,108.921875,56189,ZFM3
2023-03-21 20:00:00+00:00,34,1,687964,108.921875,108.96875,108.8671875,108.8828125,36548,ZFM3
2023-03-21 22:00:00+00:00,34,1,687964,108.890625,108.9375,108.875,108.921875,2814,ZFM3
2023-03-21 23:00:00+00:00,34,1,687964,108.921875,109.0,108.90625,108.90625,4717,ZFM3
2023-03-22 00:00:00+00:00,34,1,687964,108.90625,109.015625,108.90625,108.9921875,9918,ZFM3
2023-03-22 01:00:00+00:00,34,1,687964,108.9921875,109.0625,108.984375,108.9921875,9223,ZFM3
2023-03-22 02:00:00+00:00,34,1,687964,108.9921875,109.09375,108.9921875,109.0859375,6839,ZFM3
2023-03-22 03:00:00+00:00,34,1,687964,109.0859375,109.1171875,109.046875,109.0703125,5903,ZFM3
2023-03-22 04:00:00+00:00,34,1,687964,109.0625,109.09375,108.96875,108.9765625,4437,ZFM3
2023-03-22 05:00:00+00:00,34,1,687964,108.9765625,109.046875,108.9375,109.046875,6302,ZFM3
2023-03-22 06:00:00+00:00,34,1,687964,109.046875,109.1484375,109.0234375,109.140625,11154,ZFM3
2023-03-22 07:00:00+00:00,34,1,687964,109.140625,109.1484375,108.890625,109.0,32082,ZFM3
2023-03-22 08:00:00+00:00,34,1,687964,109.0,109.1171875,108.9296875,109.078125,35271,ZFM3
2023-03-22 09:00:00+00:00,34,1,687964,109.078125,109.1640625,109.0625,109.109375,22477,ZFM3
2023-03-22 10:00:00+00:00,34,1,687964,109.1171875,109.15625,108.9375,108.9453125,21960,ZFM3
2023-03-22 11:00:00+00:00,34,1,687964,108.9453125,108.9609375,108.8203125,108.8203125,38783,ZFM3
2023-03-22 12:00:00+00:00,34,1,687964,108.8203125,108.8203125,108.671875,108.6875,84201,ZFM3
2023-03-22 13:00:00+00:00,34,1,687964,108.6875,108.8984375,108.6640625,108.7734375,76210,ZFM3
2023-03-22 14:00:00+00:00,34,1,687964,108.7734375,108.96875,108.71875,108.9296875,63952,ZFM3
2023-03-22 15:00:00+00:00,34,1,687964,108.9296875,109.015625,108.8515625,108.9453125,75065,ZFM3
2023-03-22 16:00:00+00:00,34,1,687964,108.9453125,109.1171875,108.90625,109.078125,61370,ZFM3
2023-03-22 17:00:00+00:00,34,1,687964,109.078125,109.1875,108.984375,109.1328125,62814,ZFM3
2023-03-22 18:00:00+00:00,34,1,687964,109.140625,109.9765625,109.140625,109.7109375,280722,ZFM3
2023-03-22 19:00:00+00:00,34,1,687964,109.7109375,110.0546875,109.6015625,109.9375,153444,ZFM3
2023-03-22 20:00:00+00:00,34,1,687964,109.9375,110.0078125,109.8203125,109.9609375,60870,ZFM3
2023-03-22 22:00:00+00:00,34,1,687964,109.953125,109.953125,109.828125,109.8359375,3999,ZFM3
2023-03-22 23:00:00+00:00,34,1,687964,109.8359375,109.9296875,109.8359375,109.8984375,4071,ZFM3
2023-03-23 00:00:00+00:00,34,1,687964,109.890625,109.921875,109.8046875,109.8515625,14205,ZFM3
2023-03-23 01:00:00+00:00,34,1,687964,109.8515625,109.90625,109.796875,109.8671875,13032,ZFM3
2023-03-23 02:00:00+00:00,34,1,687964,109.875,109.9765625,109.8515625,109.96875,10865,ZFM3
2023-03-23 03:00:00+00:00,34,1,687964,109.96875,110.1015625,109.9375,110.046875,16786,ZFM3
2023-03-23 04:00:00+00:00,34,1,687964,110.046875,110.0859375,109.984375,110.0703125,6852,ZFM3
2023-03-23 05:00:00+00:00,34,1,687964,110.078125,110.09375,110.03125,110.0546875,5464,ZFM3
2023-03-23 06:00:00+00:00,34,1,687964,110.0546875,110.1171875,109.9921875,109.9921875,16097,ZFM3
2023-03-23 07:00:00+00:00,34,1,687964,109.9921875,110.078125,109.8125,109.890625,48515,ZFM3
2023-03-23 08:00:00+00:00,34,1,687964,109.890625,110.0,109.7265625,109.75,48908,ZFM3
2023-03-23 09:00:00+00:00,34,1,687964,109.7578125,109.953125,109.75,109.9375,29214,ZFM3
2023-03-23 10:00:00+00:00,34,1,687964,109.9453125,109.953125,109.78125,109.78125,33696,ZFM3
2023-03-23 11:00:00+00:00,34,1,687964,109.7890625,109.8828125,109.703125,109.859375,39187,ZFM3
2023-03-23 12:00:00+00:00,34,1,687964,109.8671875,109.9765625,109.71875,109.828125,104130,ZFM3
2023-03-23 13:00:00+00:00,34,1,687964,109.828125,110.0703125,109.828125,109.9765625,79379,ZFM3
2023-03-23 14:00:00+00:00,34,1,687964,109.984375,110.1640625,109.90625,110.1015625,93102,ZFM3
2023-03-23 15:00:00+00:00,34,1,687964,110.1015625,110.15625,110.03125,110.1171875,79131,ZFM3
2023-03-23 16:00:00+00:00,34,1,687964,110.1171875,110.3515625,110.09375,110.21875,103608,ZFM3
2023-03-23 17:00:00+00:00,34,1,687964,110.21875,110.265625,110.1640625,110.265625,56093,ZFM3
2023-03-23 18:00:00+00:00,34,1,687964,110.2578125,110.5390625,110.25,110.4609375,151017,ZFM3
2023-03-23 19:00:00+00:00,34,1,687964,110.4609375,110.6328125,110.28125,110.5546875,172347,ZFM3
2023-03-23 20:00:00+00:00,34,1,687964,110.5546875,110.5859375,110.3203125,110.328125,58000,ZFM3
2023-03-23 22:00:00+00:00,34,1,687964,110.375,110.3828125,110.21875,110.3125,7192,ZFM3
2023-03-23 23:00:00+00:00,34,1,687964,110.3125,110.375,110.3125,110.3671875,5156,ZFM3
2023-03-24 00:00:00+00:00,34,1,687964,110.359375,110.5078125,110.3046875,110.5078125,13178,ZFM3
2023-03-24 01:00:00+00:00,34,1,687964,110.5078125,110.6484375,110.3984375,110.4140625,21928,ZFM3
2023-03-24 02:00:00+00:00,34,1,687964,110.4140625,110.4921875,110.390625,110.4140625,8904,ZFM3
2023-03-24 03:00:00+00:00,34,1,687964,110.4140625,110.5,110.359375,110.453125,10687,ZFM3
2023-03-24 04:00:00+00:00,34,1,687964,110.453125,110.578125,110.390625,110.5625,8945,ZFM3
2023-03-24 05:00:00+00:00,34,1,687964,110.5546875,110.6015625,110.5390625,110.578125,6593,ZFM3
2023-03-24 06:00:00+00:00,34,1,687964,110.578125,110.59375,110.421875,110.4296875,11539,ZFM3
2023-03-24 07:00:00+00:00,34,1,687964,110.4296875,110.59375,110.390625,110.5859375,23592,ZFM3
2023-03-24 08:00:00+00:00,34,1,687964,110.5859375,110.9140625,110.5546875,110.8359375,68549,ZFM3
2023-03-24 09:00:00+00:00,34,1,687964,110.8359375,111.1484375,110.7890625,111.109375,71554,ZFM3
2023-03-24 10:00:00+00:00,34,1,687964,111.109375,111.3046875,111.0390625,111.140625,105382,ZFM3
2023-03-24 11:00:00+00:00,34,1,687964,111.140625,111.2421875,110.921875,111.1796875,86149,ZFM3
2023-03-24 12:00:00+00:00,34,1,687964,111.1796875,111.3046875,110.9765625,111.0390625,143003,ZFM3
2023-03-24 13:00:00+00:00,34,1,687964,111.046875,111.1953125,110.59375,110.6015625,174509,ZFM3
2023-03-24 14:00:00+00:00,34,1,687964,110.609375,110.84375,110.5,110.671875,156633,ZFM3
2023-03-24 15:00:00+00:00,34,1,687964,110.6796875,110.8125,110.5078125,110.5078125,92830,ZFM3
2023-03-24 16:00:00+00:00,34,1,687964,110.5078125,110.6484375,110.4375,110.6015625,84923,ZFM3
2023-03-24 17:00:00+00:00,34,1,687964,110.59375,110.640625,110.4921875,110.5703125,57715,ZFM3
2023-03-24 18:00:00+00:00,34,1,687964,110.5703125,110.5703125,110.4296875,110.484375,64467,ZFM3
2023-03-24 19:00:00+00:00,34,1,687964,110.4921875,110.5546875,110.4453125,110.4921875,48789,ZFM3
2023-03-24 20:00:00+00:00,34,1,687964,110.4921875,110.53125,110.4609375,110.484375,35597,ZFM3
2023-03-26 22:00:00+00:00,34,1,687964,110.5703125,110.5703125,110.28125,110.375,11475,ZFM3
2023-03-26 23:00:00+00:00,34,1,687964,110.3671875,110.421875,110.3125,110.3515625,3209,ZFM3
2023-03-27 00:00:00+00:00,34,1,687964,110.3515625,110.5,110.34375,110.390625,8172,ZFM3
2023-03-27 01:00:00+00:00,34,1,687964,110.390625,110.5234375,110.3828125,110.4375,7921,ZFM3
2023-03-27 02:00:00+00:00,34,1,687964,110.4453125,110.4921875,110.4296875,110.4296875,4679,ZFM3
2023-03-27 03:00:00+00:00,34,1,687964,110.4296875,110.484375,110.4296875,110.4609375,4746,ZFM3
2023-03-27 04:00:00+00:00,34,1,687964,110.4609375,110.5,110.40625,110.421875,6569,ZFM3
2023-03-27 05:00:00+00:00,34,1,687964,110.421875,110.4296875,110.21875,110.265625,16841,ZFM3
2023-03-27 06:00:00+00:00,34,1,687964,110.265625,110.296875,110.140625,110.2265625,34949,ZFM3
2023-03-27 07:00:00+00:00,34,1,687964,110.2265625,110.3828125,110.0703125,110.234375,60799,ZFM3
2023-03-27 08:00:00+00:00,34,1,687964,110.2265625,110.2421875,110.125,110.1953125,30951,ZFM3
2023-03-27 09:00:00+00:00,34,1,687964,110.203125,110.203125,110.0,110.015625,28809,ZFM3
2023-03-27 10:00:00+00:00,34,1,687964,110.0078125,110.03125,109.875,109.9375,45915,ZFM3
2023-03-27 11:00:00+00:00,34,1,687964,109.9375,109.9609375,109.8203125,109.8984375,63155,ZFM3
2023-03-27 12:00:00+00:00,34,1,687964,109.8984375,109.9609375,109.6640625,109.703125,92203,ZFM3
2023-03-27 13:00:00+00:00,34,1,687964,109.703125,109.7890625,109.671875,109.734375,64578,ZFM3
2023-03-27 14:00:00+00:00,34,1,687964,109.7421875,109.90625,109.640625,109.875,97130,ZFM3
2023-03-27 15:00:00+00:00,34,1,687964,109.8671875,109.921875,109.78125,109.828125,64131,ZFM3
2023-03-27 16:00:00+00:00,34,1,687964,109.828125,109.8515625,109.7109375,109.75,52482,ZFM3
2023-03-27 17:00:00+00:00,34,1,687964,109.7421875,109.7734375,109.625,109.6875,56100,ZFM3
2023-03-27 18:00:00+00:00,34,1,687964,109.6875,109.71875,109.5546875,109.640625,57483,ZFM3
2023-03-27 19:00:00+00:00,34,1,687964,109.640625,109.671875,109.578125,109.6015625,56100,ZFM3
2023-03-27 20:00:00+00:00,34,1,687964,109.6015625,109.65625,109.5625,109.640625,39589,ZFM3
2023-03-27 22:00:00+00:00,34,1,687964,109.65625,109.6796875,109.6171875,109.6328125,3503,ZFM3
2023-03-27 23:00:00+00:00,34,1,687964,109.6328125,109.6875,109.6171875,109.6484375,4871,ZFM3
2023-03-28 00:00:00+00:00,34,1,687964,109.6484375,109.7109375,109.6328125,109.640625,7949,ZFM3
2023-03-28 01:00:00+00:00,34,1,687964,109.640625,109.828125,109.6171875,109.78125,12828,ZFM3
2023-03-28 02:00:00+00:00,34,1,687964,109.7890625,109.7890625,109.71875,109.7578125,5184,ZFM3
2023-03-28 03:00:00+00:00,34,1,687964,109.75,109.7890625,109.71875,109.7421875,4164,ZFM3
2023-03-28 04:00:00+00:00,34,1,687964,109.734375,109.765625,109.7109375,109.734375,6495,ZFM3
2023-03-28 05:00:00+00:00,34,1,687964,109.734375,109.7734375,109.7109375,109.75,7002,ZFM3
2023-03-28 06:00:00+00:00,34,1,687964,109.7578125,109.7578125,109.5625,109.640625,25605,ZFM3
2023-03-28 07:00:00+00:00,34,1,687964,109.6328125,109.6328125,109.34375,109.4375,55054,ZFM3
2023-03-28 08:00:00+00:00,34,1,687964,109.4375,109.46875,109.28125,109.2890625,45820,ZFM3
2023-03-28 09:00:00+00:00,34,1,687964,109.2890625,109.453125,109.2734375,109.453125,32063,ZFM3
2023-03-28 10:00:00+00:00,34,1,687964,109.453125,109.4921875,109.359375,109.3984375,24437,ZFM3
2023-03-28 11:00:00+00:00,34,1,687964,109.3984375,109.421875,109.296875,109.4140625,24869,ZFM3
2023-03-28 12:00:00+00:00,34,1,687964,109.4140625,109.6640625,109.40625,109.546875,89660,ZFM3
2023-03-28 13:00:00+00:00,34,1,687964,109.546875,109.546875,109.375,109.4765625,47030,ZFM3
2023-03-28 14:00:00+00:00,34,1,687964,109.4765625,109.484375,109.3125,109.359375,59092,ZFM3
2023-03-28 15:00:00+00:00,34,1,687964,109.359375,109.4453125,109.3125,109.3671875,58287,ZFM3
2023-03-28 16:00:00+00:00,34,1,687964,109.375,109.4140625,109.234375,109.25,78798,ZFM3
2023-03-28 17:00:00+00:00,34,1,687964,109.2421875,109.5078125,109.234375,109.484375,109522,ZFM3
2023-03-28 18:00:00+00:00,34,1,687964,109.484375,109.4921875,109.3125,109.328125,47657,ZFM3
2023-03-28 19:00:00+00:00,34,1,687964,109.328125,109.453125,109.3046875,109.375,43348,ZFM3
2023-03-28 20:00:00+00:00,34,1,687964,109.375,109.390625,109.2265625,109.2578125,41845,ZFM3
2023-03-28 22:00:00+00:00,34,1,687964,109.2734375,109.296875,109.2578125,109.265625,3094,ZFM3
2023-03-28 23:00:00+00:00,34,1,687964,109.2734375,109.2734375,109.25,109.2578125,2781,ZFM3
2023-03-29 00:00:00+00:00,34,1,687964,109.2578125,109.3125,109.2578125,109.2734375,7909,ZFM3
2023-03-29 01:00:00+00:00,34,1,687964,109.2734375,109.28125,109.15625,109.1875,10553,ZFM3
2023-03-29 02:00:00+00:00,34,1,687964,109.1875,109.1953125,109.1484375,109.171875,4447,ZFM3
2023-03-29 03:00:00+00:00,34,1,687964,109.171875,109.203125,109.1640625,109.1953125,2408,ZFM3
2023-03-29 04:00:00+00:00,34,1,687964,109.203125,109.328125,109.203125,109.2734375,8361,ZFM3
2023-03-29 05:00:00+00:00,34,1,687964,109.2734375,109.296875,109.203125,109.203125,7475,ZFM3
2023-03-29 06:00:00+00:00,34,1,687964,109.1953125,109.3046875,109.1875,109.25,12346,ZFM3
2023-03-29 07:00:00+00:00,34,1,687964,109.2578125,109.375,109.2109375,109.28125,26752,ZFM3
2023-03-29 08:00:00+00:00,34,1,687964,109.2734375,109.359375,109.265625,109.359375,20496,ZFM3
2023-03-29 09:00:00+00:00,34,1,687964,109.3671875,109.53125,109.359375,109.515625,43994,ZFM3
2023-03-29 10:00:00+00:00,34,1,687964,109.5078125,109.515625,109.390625,109.40625,18034,ZFM3
2023-03-29 11:00:00+00:00,34,1,687964,109.40625,109.4375,109.3203125,109.34375,25159,ZFM3
2023-03-29 12:00:00+00:00,34,1,687964,109.34375,109.3515625,109.0234375,109.0703125,109999,ZFM3
2023-03-29 13:00:00+00:00,34,1,687964,109.078125,109.234375,109.015625,109.125,95142,ZFM3
2023-03-29 14:00:00+00:00,34,1,687964,109.125,109.359375,109.1015625,109.3359375,76109,ZFM3
2023-03-29 15:00:00+00:00,34,1,687964,109.328125,109.3984375,109.265625,109.2890625,84627,ZFM3
2023-03-29 16:00:00+00:00,34,1,687964,109.2890625,109.34375,109.2421875,109.2890625,48167,ZFM3
2023-03-29 17:00:00+00:00,34,1,687964,109.2890625,109.328125,109.1953125,109.3203125,59525,ZFM3
2023-03-29 18:00:00+00:00,34,1,687964,109.3125,109.3125,109.2109375,109.2421875,45169,ZFM3
2023-03-29 19:00:00+00:00,34,1,687964,109.234375,109.2578125,109.1875,109.234375,59642,ZFM3
2023-03-29 20:00:00+00:00,34,1,687964,109.2265625,109.2578125,109.171875,109.203125,32012,ZFM3
2023-03-29 22:00:00+00:00,34,1,687964,109.1875,109.2421875,109.1875,109.2109375,1855,ZFM3
2023-03-29 23:00:00+00:00,34,1,687964,109.2109375,109.234375,109.1953125,109.2109375,1891,ZFM3
2023-03-30 00:00:00+00:00,34,1,687964,109.2109375,109.2578125,109.15625,109.171875,5358,ZFM3
2023-03-30 01:00:00+00:00,34,1,687964,109.1796875,109.203125,109.1328125,109.171875,5347,ZFM3
2023-03-30 02:00:00+00:00,34,1,687964,109.1796875,109.1875,109.1484375,109.1484375,5060,ZFM3
2023-03-30 03:00:00+00:00,34,1,687964,109.1484375,109.15625,109.1171875,109.125,4237,ZFM3
2023-03-30 04:00:00+00:00,34,1,687964,109.1328125,109.1484375,109.109375,109.1171875,6789,ZFM3
2023-03-30 05:00:00+00:00,34,1,687964,109.1171875,109.2421875,109.0625,109.1796875,23454,ZFM3
2023-03-30 06:00:00+00:00,34,1,687964,109.1796875,109.2890625,109.1484375,109.28125,23698,ZFM3
2023-03-30 07:00:00+00:00,34,1,687964,109.2890625,109.40625,109.2578125,109.3203125,44517,ZFM3
2023-03-30 08:00:00+00:00,34,1,687964,109.3203125,109.3203125,109.15625,109.1953125,32814,ZFM3
2023-03-30 09:00:00+00:00,34,1,687964,109.1875,109.234375,109.15625,109.1953125,18106,ZFM3
2023-03-30 10:00:00+00:00,34,1,687964,109.1875,109.25,109.140625,109.203125,13987,ZFM3
2023-03-30 11:00:00+00:00,34,1,687964,109.203125,109.3046875,109.15625,109.265625,18629,ZFM3
2023-03-30 12:00:00+00:00,34,1,687964,109.2578125,109.2578125,108.9921875,109.0703125,113974,ZFM3
2023-03-30 13:00:00+00:00,34,1,687964,109.0703125,109.1640625,108.9921875,109.1484375,80524,ZFM3
2023-03-30 14:00:00+00:00,34,1,687964,109.15625,109.1875,109.078125,109.15625,55166,ZFM3
2023-03-30 15:00:00+00:00,34,1,687964,109.15625,109.1796875,109.09375,109.1171875,39317,ZFM3
2023-03-30 16:00:00+00:00,34,1,687964,109.1171875,109.2578125,109.1171875,109.25,56114,ZFM3
2023-03-30 17:00:00+00:00,34,1,687964,109.2578125,109.2890625,109.2109375,109.21875,40390,ZFM3
2023-03-30 18:00:00+00:00,34,1,687964,109.21875,109.3046875,109.2109375,109.2890625,40135,ZFM3
2023-03-30 19:00:00+00:00,34,1,687964,109.2890625,109.3046875,109.25,109.25,42812,ZFM3
2023-03-30 20:00:00+00:00,34,1,687964,109.2578125,109.2578125,109.1796875,109.1796875,33544,ZFM3
2023-03-30 22:00:00+00:00,34,1,687964,109.1875,109.2265625,109.1796875,109.203125,2298,ZFM3
2023-03-30 23:00:00+00:00,34,1,687964,109.1953125,109.2421875,109.1875,109.2109375,3893,ZFM3
2023-03-31 00:00:00+00:00,34,1,687964,109.21875,109.2265625,109.15625,109.1953125,7173,ZFM3
2023-03-31 01:00:00+00:00,34,1,687964,109.203125,109.234375,109.1640625,109.1875,8593,ZFM3
2023-03-31 02:00:00+00:00,34,1,687964,109.1875,109.1875,109.125,109.1484375,8962,ZFM3
2023-03-31 03:00:00+00:00,34,1,687964,109.1484375,109.1953125,109.125,109.1953125,2375,ZFM3
2023-03-31 04:00:00+00:00,34,1,687964,109.1953125,109.203125,109.1640625,109.203125,3168,ZFM3
2023-03-31 05:00:00+00:00,34,1,687964,109.203125,109.2421875,109.1953125,109.21875,4672,ZFM3
2023-03-31 06:00:00+00:00,34,1,687964,109.21875,109.28125,109.1484375,109.15625,19705,ZFM3
2023-03-31 07:00:00+00:00,34,1,687964,109.15625,109.1796875,109.0625,109.0859375,22931,ZFM3
2023-03-31 08:00:00+00:00,34,1,687964,109.078125,109.125,109.03125,109.046875,26030,ZFM3
2023-03-31 09:00:00+00:00,34,1,687964,109.0546875,109.2109375,109.0546875,109.09375,26585,ZFM3
2023-03-31 10:00:00+00:00,34,1,687964,109.09375,109.1640625,109.0546875,109.1640625,22729,ZFM3
2023-03-31 11:00:00+00:00,34,1,687964,109.15625,109.2265625,109.1328125,109.1796875,25631,ZFM3
2023-03-31 12:00:00+00:00,34,1,687964,109.1796875,109.390625,109.1015625,109.3046875,160953,ZFM3
2023-03-31 13:00:00+00:00,34,1,687964,109.3046875,109.3515625,109.1796875,109.3203125,126133,ZFM3
2023-03-31 14:00:00+00:00,34,1,687964,109.3203125,109.359375,109.1953125,109.265625,92756,ZFM3
2023-03-31 15:00:00+00:00,34,1,687964,109.2578125,109.390625,109.2421875,109.3671875,77942,ZFM3
2023-03-31 16:00:00+00:00,34,1,687964,109.3671875,109.4296875,109.3125,109.4296875,43813,ZFM3
2023-03-31 17:00:00+00:00,34,1,687964,109.4296875,109.4375,109.3828125,109.40625,30888,ZFM3
2023-03-31 18:00:00+00:00,34,1,687964,109.4140625,109.5234375,109.390625,109.515625,102733,ZFM3
2023-03-31 19:00:00+00:00,34,1,687964,109.515625,109.6484375,109.4765625,109.6484375,252331,ZFM3
2023-03-31 20:00:00+00:00,34,1,687964,109.6484375,109.6796875,109.578125,109.671875,112254,ZFM3
2023-04-02 22:00:00+00:00,34,1,687964,109.53125,109.578125,109.2734375,109.359375,33831,ZFM3
2023-04-02 23:00:00+00:00,34,1,687964,109.3515625,109.4296875,109.3515625,109.40625,6006,ZFM3
2023-04-03 00:00:00+00:00,34,1,687964,109.3984375,109.5,109.390625,109.4609375,10473,ZFM3
2023-04-03 01:00:00+00:00,34,1,687964,109.4609375,109.4765625,109.3671875,109.40625,11728,ZFM3
2023-04-03 02:00:00+00:00,34,1,687964,109.40625,109.421875,109.3515625,109.3515625,4020,ZFM3
2023-04-03 03:00:00+00:00,34,1,687964,109.359375,109.3984375,109.34375,109.3828125,3569,ZFM3
2023-04-03 04:00:00+00:00,34,1,687964,109.390625,109.390625,109.359375,109.3671875,2265,ZFM3
2023-04-03 05:00:00+00:00,34,1,687964,109.3671875,109.421875,109.359375,109.3671875,4666,ZFM3
2023-04-03 06:00:00+00:00,34,1,687964,109.375,109.4140625,109.28125,109.3671875,30407,ZFM3
2023-04-03 07:00:00+00:00,34,1,687964,109.3671875,109.3984375,109.28125,109.3125,21746,ZFM3
2023-04-03 08:00:00+00:00,34,1,687964,109.3046875,109.3671875,109.2890625,109.34375,18813,ZFM3
2023-04-03 09:00:00+00:00,34,1,687964,109.3515625,109.390625,109.3046875,109.390625,13745,ZFM3
2023-04-03 10:00:00+00:00,34,1,687964,109.390625,109.484375,109.3828125,109.3984375,20658,ZFM3
2023-04-03 11:00:00+00:00,34,1,687964,109.3984375,109.5625,109.375,109.4921875,30055,ZFM3
2023-04-03 12:00:00+00:00,34,1,687964,109.4921875,109.4921875,109.3359375,109.3984375,74145,ZFM3
2023-04-03 13:00:00+00:00,34,1,687964,109.3984375,109.6171875,109.3671875,109.53125,67935,ZFM3
2023-04-03 14:00:00+00:00,34,1,687964,109.53125,109.9765625,109.53125,109.921875,206945,ZFM3
2023-04-03 15:00:00+00:00,34,1,687964,109.9296875,110.03125,109.8671875,109.8828125,101412,ZFM3
2023-04-03 16:00:00+00:00,34,1,687964,109.8828125,109.9296875,109.8359375,109.8515625,52034,ZFM3
2023-04-03 17:00:00+00:00,34,1,687964,109.859375,109.8828125,109.8203125,109.8515625,43391,ZFM3
2023-04-03 18:00:00+00:00,34,1,687964,109.8515625,109.921875,109.8359375,109.90625,70021,ZFM3
2023-04-03 19:00:00+00:00,34,1,687964,109.90625,109.9609375,109.8828125,109.9375,50541,ZFM3
2023-04-03 20:00:00+00:00,34,1,687964,109.9453125,110.0078125,109.9375,110.0,47697,ZFM3
2023-04-03 22:00:00+00:00,34,1,687964,110.015625,110.0546875,109.9921875,110.0,5663,ZFM3
2023-04-03 23:00:00+00:00,34,1,687964,110.0,110.03125,109.9765625,109.9921875,5093,ZFM3
2023-04-04 00:00:00+00:00,34,1,687964,109.9921875,110.015625,109.921875,109.9375,9390,ZFM3
2023-04-04 01:00:00+00:00,34,1,687964,109.9375,109.9453125,109.921875,109.9296875,6976,ZFM3
2023-04-04 02:00:00+00:00,34,1,687964,109.9296875,109.9453125,109.90625,109.9140625,4392,ZFM3
2023-04-04 03:00:00+00:00,34,1,687964,109.9140625,109.9296875,109.859375,109.875,4181,ZFM3
2023-04-04 04:00:00+00:00,34,1,687964,109.875,110.0234375,109.875,109.9765625,9887,ZFM3
2023-04-04 05:00:00+00:00,34,1,687964,109.9765625,109.9921875,109.921875,109.953125,5309,ZFM3
2023-04-04 06:00:00+00:00,34,1,687964,109.953125,109.9921875,109.8984375,109.9375,15245,ZFM3
2023-04-04 07:00:00+00:00,34,1,687964,109.9296875,109.9609375,109.8671875,109.875,23373,ZFM3
2023-04-04 08:00:00+00:00,34,1,687964,109.875,109.875,109.78125,109.8203125,23926,ZFM3
2023-04-04 09:00:00+00:00,34,1,687964,109.8203125,109.875,109.7890625,109.875,14827,ZFM3
2023-04-04 10:00:00+00:00,34,1,687964,109.8671875,109.875,109.7890625,109.8046875,15250,ZFM3
2023-04-04 11:00:00+00:00,34,1,687964,109.796875,109.8125,109.671875,109.765625,33293,ZFM3
2023-04-04 12:00:00+00:00,34,1,687964,109.7578125,109.8203125,109.7109375,109.7265625,64464,ZFM3
2023-04-04 13:00:00+00:00,34,1,687964,109.7265625,109.890625,109.6953125,109.8359375,93610,ZFM3
2023-04-04 14:00:00+00:00,34,1,687964,109.8359375,110.4296875,109.828125,110.375,260439,ZFM3
2023-04-04 15:00:00+00:00,34,1,687964,110.3828125,110.484375,110.34375,110.46875,106716,ZFM3
2023-04-04 16:00:00+00:00,34,1,687964,110.46875,110.546875,110.4609375,110.4921875,74907,ZFM3
2023-04-04 17:00:00+00:00,34,1,687964,110.4921875,110.5078125,110.3984375,110.4296875,45841,ZFM3
2023-04-04 18:00:00+00:00,34,1,687964,110.421875,110.5625,110.4140625,110.5546875,56338,ZFM3
2023-04-04 19:00:00+00:00,34,1,687964,110.5546875,110.5703125,110.484375,110.5078125,75781,ZFM3
2023-04-04 20:00:00+00:00,34,1,687964,110.5078125,110.5859375,110.5,110.546875,46132,ZFM3
2023-04-04 22:00:00+00:00,34,1,687964,110.515625,110.53125,110.4765625,110.484375,3455,ZFM3
2023-04-04 23:00:00+00:00,34,1,687964,110.484375,110.5390625,110.484375,110.5,3994,ZFM3
2023-04-05 00:00:00+00:00,34,1,687964,110.5,110.5234375,110.4765625,110.484375,4030,ZFM3
2023-04-05 01:00:00+00:00,34,1,687964,110.484375,110.5078125,110.4453125,110.46875,7537,ZFM3
2023-04-05 02:00:00+00:00,34,1,687964,110.46875,110.46875,110.40625,110.453125,12672,ZFM3
2023-04-05 03:00:00+00:00,34,1,687964,110.453125,110.4609375,110.4140625,110.4375,6425,ZFM3
2023-04-05 04:00:00+00:00,34,1,687964,110.4375,110.4609375,110.4140625,110.4453125,8040,ZFM3
2023-04-05 05:00:00+00:00,34,1,687964,110.4453125,110.453125,110.421875,110.4375,2777,ZFM3
2023-04-05 06:00:00+00:00,34,1,687964,110.4375,110.4375,110.3671875,110.390625,18527,ZFM3
2023-04-05 07:00:00+00:00,34,1,687964,110.390625,110.4609375,110.3671875,110.4296875,19946,ZFM3
2023-04-05 08:00:00+00:00,34,1,687964,110.4296875,110.4609375,110.3359375,110.3515625,20459,ZFM3
2023-04-05 09:00:00+00:00,34,1,687964,110.3515625,110.3671875,110.2890625,110.3359375,21414,ZFM3
2023-04-05 10:00:00+00:00,34,1,687964,110.3359375,110.3671875,110.3203125,110.359375,15103,ZFM3
2023-04-05 11:00:00+00:00,34,1,687964,110.359375,110.5390625,110.328125,110.515625,47141,ZFM3
2023-04-05 12:00:00+00:00,34,1,687964,110.5234375,110.859375,110.5,110.859375,138677,ZFM3
2023-04-05 13:00:00+00:00,34,1,687964,110.859375,110.890625,110.7421875,110.796875,134974,ZFM3
2023-04-05 14:00:00+00:00,34,1,687964,110.8046875,111.1796875,110.78125,110.9609375,214865,ZFM3
2023-04-05 15:00:00+00:00,34,1,687964,110.9609375,110.9921875,110.828125,110.84375,111199,ZFM3
2023-04-05 16:00:00+00:00,34,1,687964,110.84375,110.890625,110.7734375,110.78125,56639,ZFM3
2023-04-05 17:00:00+00:00,34,1,687964,110.78125,110.7890625,110.671875,110.7265625,51336,ZFM3
2023-04-05 18:00:00+00:00,34,1,687964,110.7265625,110.7578125,110.6875,110.7421875,68461,ZFM3
2023-04-05 19:00:00+00:00,34,1,687964,110.75,110.7578125,110.6171875,110.6328125,61108,ZFM3
2023-04-05 20:00:00+00:00,34,1,687964,110.6328125,110.6484375,110.6015625,110.6171875,35370,ZFM3
2023-04-05 22:00:00+00:00,34,1,687964,110.640625,110.65625,110.6015625,110.65625,4381,ZFM3
2023-04-05 23:00:00+00:00,34,1,687964,110.65625,110.6796875,110.6484375,110.6484375,2896,ZFM3
2023-04-06 00:00:00+00:00,34,1,687964,110.65625,110.703125,110.640625,110.6484375,11468,ZFM3
2023-04-06 01:00:00+00:00,34,1,687964,110.640625,110.6796875,110.625,110.671875,6929,ZFM3
2023-04-06 02:00:00+00:00,34,1,687964,110.671875,110.71875,110.6640625,110.6796875,4930,ZFM3
2023-04-06 03:00:00+00:00,34,1,687964,110.6875,110.734375,110.6875,110.7265625,4249,ZFM3
2023-04-06 04:00:00+00:00,34,1,687964,110.7265625,110.7890625,110.703125,110.7578125,9434,ZFM3
2023-04-06 05:00:00+00:00,34,1,687964,110.7578125,110.78125,110.7421875,110.7734375,3920,ZFM3
2023-04-06 06:00:00+00:00,34,1,687964,110.7734375,110.8203125,110.734375,110.7890625,14451,ZFM3
2023-04-06 07:00:00+00:00,34,1,687964,110.78125,110.90625,110.75,110.8359375,44853,ZFM3
2023-04-06 08:00:00+00:00,34,1,687964,110.8359375,110.9296875,110.8203125,110.84375,27413,ZFM3
2023-04-06 09:00:00+00:00,34,1,687964,110.84375,110.890625,110.78125,110.7890625,19815,ZFM3
2023-04-06 10:00:00+00:00,34,1,687964,110.78125,110.828125,110.765625,110.8203125,19555,ZFM3
2023-04-06 11:00:00+00:00,34,1,687964,110.8203125,110.90625,110.8203125,110.90625,37416,ZFM3
2023-04-06 12:00:00+00:00,34,1,687964,110.90625,111.0859375,110.75,110.7890625,156142,ZFM3
2023-04-06 13:00:00+00:00,34,1,687964,110.7890625,110.8125,110.6328125,110.671875,104325,ZFM3
2023-04-06 14:00:00+00:00,34,1,687964,110.6640625,110.828125,110.6328125,110.828125,74782,ZFM3
2023-04-06 15:00:00+00:00,34,1,687964,110.8359375,110.84375,110.65625,110.6953125,82220,ZFM3
2023-04-06 16:00:00+00:00,34,1,687964,110.6953125,110.765625,110.6796875,110.765625,25718,ZFM3
2023-04-06 17:00:00+00:00,34,1,687964,110.765625,110.765625,110.6796875,110.6796875,22255,ZFM3
2023-04-06 18:00:00+00:00,34,1,687964,110.6796875,110.6953125,110.59375,110.671875,82611,ZFM3
2023-04-06 19:00:00+00:00,34,1,687964,110.6640625,110.6796875,110.5859375,110.625,57944,ZFM3
2023-04-06 20:00:00+00:00,34,1,687964,110.6171875,110.640625,110.5625,110.5859375,32224,ZFM3
2023-04-06 22:00:00+00:00,34,1,687964,110.6015625,110.6171875,110.5859375,110.5859375,910,ZFM3
2023-04-06 23:00:00+00:00,34,1,687964,110.5859375,110.6015625,110.578125,110.59375,1393,ZFM3
2023-04-07 00:00:00+00:00,34,1,687964,110.59375,110.59375,110.5703125,110.5703125,1160,ZFM3
2023-04-07 01:00:00+00:00,34,1,687964,110.578125,110.59375,110.5703125,110.5859375,1494,ZFM3
2023-04-07 02:00:00+00:00,34,1,687964,110.578125,110.5859375,110.5390625,110.546875,1743,ZFM3
2023-04-07 03:00:00+00:00,34,1,687964,110.546875,110.5546875,110.5390625,110.546875,688,ZFM3
2023-04-07 04:00:00+00:00,34,1,687964,110.546875,110.5546875,110.5390625,110.546875,322,ZFM3
2023-04-07 05:00:00+00:00,34,1,687964,110.546875,110.5546875,110.546875,110.546875,452,ZFM3
2023-04-07 06:00:00+00:00,34,1,687964,110.546875,110.5703125,110.546875,110.5625,914,ZFM3
2023-04-07 07:00:00+00:00,34,1,687964,110.5625,110.5703125,110.4921875,110.515625,2702,ZFM3
2023-04-07 08:00:00+00:00,34,1,687964,110.5234375,110.5703125,110.5234375,110.5625,1885,ZFM3
2023-04-07 09:00:00+00:00,34,1,687964,110.5703125,110.59375,110.5546875,110.59375,3339,ZFM3
2023-04-07 10:00:00+00:00,34,1,687964,110.59375,110.640625,110.578125,110.6328125,5166,ZFM3
2023-04-07 11:00:00+00:00,34,1,687964,110.625,110.625,110.5625,110.5859375,22828,ZFM3
2023-04-07 12:00:00+00:00,34,1,687964,110.5859375,110.59375,110.0859375,110.28125,128639,ZFM3
2023-04-07 13:00:00+00:00,34,1,687964,110.28125,110.2890625,110.140625,110.15625,73950,ZFM3
2023-04-07 14:00:00+00:00,34,1,687964,110.1484375,110.15625,110.078125,110.09375,30833,ZFM3
2023-04-07 15:00:00+00:00,34,1,687964,110.09375,110.09375,110.0703125,110.078125,5822,ZFM3
2023-04-09 22:00:00+00:00,34,1,687964,110.1015625,110.15625,110.0859375,110.1328125,5351,ZFM3
2023-04-09 23:00:00+00:00,34,1,687964,110.1328125,110.1953125,110.1328125,110.1796875,4684,ZFM3
2023-04-10 00:00:00+00:00,34,1,687964,110.171875,110.1875,110.1015625,110.1015625,6435,ZFM3
2023-04-10 01:00:00+00:00,34,1,687964,110.109375,110.1484375,110.09375,110.140625,5474,ZFM3
2023-04-10 02:00:00+00:00,34,1,687964,110.1328125,110.1484375,110.109375,110.140625,3288,ZFM3
2023-04-10 03:00:00+00:00,34,1,687964,110.1328125,110.1484375,110.125,110.125,1942,ZFM3
2023-04-10 04:00:00+00:00,34,1,687964,110.1328125,110.1484375,110.1171875,110.1328125,1638,ZFM3
2023-04-10 05:00:00+00:00,34,1,687964,110.1328125,110.203125,110.125,110.1953125,6337,ZFM3
2023-04-10 06:00:00+00:00,34,1,687964,110.1953125,110.203125,110.1484375,110.1796875,6497,ZFM3
2023-04-10 07:00:00+00:00,34,1,687964,110.1796875,110.1953125,110.171875,110.1953125,4420,ZFM3
2023-04-10 08:00:00+00:00,34,1,687964,110.1953125,110.2109375,110.1328125,110.140625,3216,ZFM3
2023-04-10 09:00:00+00:00,34,1,687964,110.140625,110.15625,110.1328125,110.1328125,2017,ZFM3
2023-04-10 10:00:00+00:00,34,1,687964,110.1328125,110.15625,110.125,110.1484375,6869,ZFM3
2023-04-10 11:00:00+00:00,34,1,687964,110.1484375,110.234375,110.1484375,110.1796875,22140,ZFM3
2023-04-10 12:00:00+00:00,34,1,687964,110.1796875,110.2265625,110.0,110.0,63794,ZFM3
2023-04-10 13:00:00+00:00,34,1,687964,110.0,110.0234375,109.8828125,109.90625,97881,ZFM3
2023-04-10 14:00:00+00:00,34,1,687964,109.90625,109.9296875,109.84375,109.9140625,60831,ZFM3
2023-04-10 15:00:00+00:00,34,1,687964,109.9140625,109.9453125,109.8828125,109.9296875,33049,ZFM3
2023-04-10 16:00:00+00:00,34,1,687964,109.921875,109.953125,109.859375,109.921875,40133,ZFM3
2023-04-10 17:00:00+00:00,34,1,687964,109.921875,109.9921875,109.921875,109.9375,39919,ZFM3
2023-04-10 18:00:00+00:00,34,1,687964,109.9375,109.9765625,109.921875,109.9296875,35666,ZFM3
2023-04-10 19:00:00+00:00,34,1,687964,109.9375,109.9453125,109.90625,109.9140625,29366,ZFM3
2023-04-10 20:00:00+00:00,34,1,687964,109.9140625,109.9375,109.890625,109.921875,24791,ZFM3
2023-04-10 22:00:00+00:00,34,1,687964,109.9140625,109.9453125,109.90625,109.9375,1677,ZFM3
2023-04-10 23:00:00+00:00,34,1,687964,109.9296875,109.9453125,109.921875,109.9375,1888,ZFM3
2023-04-11 00:00:00+00:00,34,1,687964,109.9453125,109.9921875,109.9453125,109.9765625,6958,ZFM3
2023-04-11 01:00:00+00:00,34,1,687964,109.9765625,110.03125,109.96875,110.015625,10720,ZFM3
2023-04-11 02:00:00+00:00,34,1,687964,110.015625,110.046875,110.0078125,110.0234375,4546,ZFM3
2023-04-11 03:00:00+00:00,34,1,687964,110.0234375,110.0390625,110.0,110.0078125,3576,ZFM3
2023-04-11 04:00:00+00:00,34,1,687964,110.0,110.015625,109.9921875,110.0,3320,ZFM3
2023-04-11 05:00:00+00:00,34,1,687964,110.0,110.0234375,109.984375,110.0,6953,ZFM3
2023-04-11 06:00:00+00:00,34,1,687964,110.0,110.0,109.921875,109.9296875,18609,ZFM3
2023-04-11 07:00:00+00:00,34,1,687964,109.9296875,110.1171875,109.890625,110.078125,24023,ZFM3
2023-04-11 08:00:00+00:00,34,1,687964,110.078125,110.125,110.0546875,110.078125,15015,ZFM3
2023-04-11 09:00:00+00:00,34,1,687964,110.078125,110.0859375,110.0390625,110.0625,9515,ZFM3
2023-04-11 10:00:00+00:00,34,1,687964,110.0625,110.1171875,110.0234375,110.09375,15464,ZFM3
2023-04-11 11:00:00+00:00,34,1,687964,110.0859375,110.09375,109.9296875,109.96875,36898,ZFM3
2023-04-11 12:00:00+00:00,34,1,687964,109.96875,110.0625,109.9453125,110.03125,75224,ZFM3
2023-04-11 13:00:00+00:00,34,1,687964,110.03125,110.03125,109.8359375,109.875,63039,ZFM3
2023-04-11 14:00:00+00:00,34,1,687964,109.875,109.90625,109.7734375,109.7890625,66780,ZFM3
2023-04-11 15:00:00+00:00,34,1,687964,109.7890625,109.7890625,109.6796875,109.6875,97677,ZFM3
2023-04-11 16:00:00+00:00,34,1,687964,109.6875,109.7265625,109.671875,109.6953125,47913,ZFM3
2023-04-11 17:00:00+00:00,34,1,687964,109.703125,109.7578125,109.65625,109.7421875,52470,ZFM3
2023-04-11 18:00:00+00:00,34,1,687964,109.7421875,109.78125,109.7265625,109.7734375,66575,ZFM3
2023-04-11 19:00:00+00:00,34,1,687964,109.765625,109.8515625,109.7578125,109.828125,62515,ZFM3
2023-04-11 20:00:00+00:00,34,1,687964,109.828125,109.8828125,109.8203125,109.875,26535,ZFM3
2023-04-11 22:00:00+00:00,34,1,687964,109.875,109.8828125,109.8515625,109.875,2493,ZFM3
2023-04-11 23:00:00+00:00,34,1,687964,109.875,109.875,109.859375,109.8671875,1047,ZFM3
2023-04-12 00:00:00+00:00,34,1,687964,109.8671875,109.875,109.8203125,109.859375,4284,ZFM3
2023-04-12 01:00:00+00:00,34,1,687964,109.859375,109.875,109.8515625,109.859375,2980,ZFM3
2023-04-12 02:00:00+00:00,34,1,687964,109.859375,109.8671875,109.8203125,109.828125,3214,ZFM3
2023-04-12 03:00:00+00:00,34,1,687964,109.8359375,109.84375,109.8203125,109.8203125,2499,ZFM3
2023-04-12 04:00:00+00:00,34,1,687964,109.8203125,109.828125,109.8046875,109.8125,3463,ZFM3
2023-04-12 05:00:00+00:00,34,1,687964,109.8125,109.828125,109.796875,109.8203125,4491,ZFM3
2023-04-12 06:00:00+00:00,34,1,687964,109.8125,109.875,109.796875,109.84375,10169,ZFM3
2023-04-12 07:00:00+00:00,34,1,687964,109.8359375,109.859375,109.7421875,109.7734375,19654,ZFM3
2023-04-12 08:00:00+00:00,34,1,687964,109.7734375,109.8515625,109.7578125,109.765625,15543,ZFM3
2023-04-12 09:00:00+00:00,34,1,687964,109.7578125,109.796875,109.7265625,109.7265625,23008,ZFM3
2023-04-12 10:00:00+00:00,34,1,687964,109.734375,109.75,109.703125,109.734375,19292,ZFM3
2023-04-12 11:00:00+00:00,34,1,687964,109.7421875,109.8359375,109.71875,109.765625,32229,ZFM3
2023-04-12 12:00:00+00:00,34,1,687964,109.765625,110.4921875,109.71875,110.3125,261575,ZFM3
2023-04-12 13:00:00+00:00,34,1,687964,110.3203125,110.359375,110.046875,110.1640625,150796,ZFM3
2023-04-12 14:00:00+00:00,34,1,687964,110.171875,110.1796875,109.9140625,109.953125,120212,ZFM3
2023-04-12 15:00:00+00:00,34,1,687964,109.9453125,110.0703125,109.9453125,109.9765625,69660,ZFM3
2023-04-12 16:00:00+00:00,34,1,687964,109.9765625,110.0234375,109.953125,109.984375,60943,ZFM3
2023-04-12 17:00:00+00:00,34,1,687964,109.9765625,110.0,109.8359375,109.96875,55888,ZFM3
2023-04-12 18:00:00+00:00,34,1,687964,109.9609375,110.15625,109.953125,110.1171875,84110,ZFM3
2023-04-12 19:00:00+00:00,34,1,687964,110.109375,110.1875,110.0859375,110.125,48379,ZFM3
2023-04-12 20:00:00+00:00,34,1,687964,110.125,110.1796875,110.1171875,110.171875,20296,ZFM3
2023-04-12 22:00:00+00:00,34,1,687964,110.21875,110.2421875,110.171875,110.1953125,5225,ZFM3
2023-04-12 23:00:00+00:00,34,1,687964,110.1875,110.25,110.1875,110.2265625,6779,ZFM3
2023-04-13 00:00:00+00:00,34,1,687964,110.21875,110.2265625,110.15625,110.1640625,6326,ZFM3
2023-04-13 01:00:00+00:00,34,1,687964,110.1640625,110.1875,110.125,110.1484375,7932,ZFM3
2023-04-13 02:00:00+00:00,34,1,687964,110.140625,110.140625,110.078125,110.1015625,6136,ZFM3
2023-04-13 03:00:00+00:00,34,1,687964,110.1015625,110.140625,110.1015625,110.1171875,2485,ZFM3
2023-04-13 04:00:00+00:00,34,1,687964,110.125,110.125,110.09375,110.109375,2399,ZFM3
2023-04-13 05:00:00+00:00,34,1,687964,110.109375,110.1171875,110.1015625,110.1171875,3415,ZFM3
2023-04-13 06:00:00+00:00,34,1,687964,110.109375,110.21875,110.09375,110.2109375,19748,ZFM3
2023-04-13 07:00:00+00:00,34,1,687964,110.2109375,110.2421875,110.1640625,110.1796875,25196,ZFM3
2023-04-13 08:00:00+00:00,34,1,687964,110.1796875,110.1953125,110.0625,110.0703125,20358,ZFM3
2023-04-13 09:00:00+00:00,34,1,687964,110.0703125,110.1015625,110.0546875,110.1015625,13190,ZFM3
2023-04-13 10:00:00+00:00,34,1,687964,110.1015625,110.125,110.03125,110.0546875,17735,ZFM3
2023-04-13 11:00:00+00:00,34,1,687964,110.0546875,110.09375,110.015625,110.0390625,29189,ZFM3
2023-04-13 12:00:00+00:00,34,1,687964,110.03125,110.3203125,109.984375,110.3125,144307,ZFM3
2023-04-13 13:00:00+00:00,34,1,687964,110.3125,110.4140625,110.265625,110.375,108424,ZFM3
2023-04-13 14:00:00+00:00,34,1,687964,110.3671875,110.3671875,110.140625,110.140625,89044,ZFM3
2023-04-13 15:00:00+00:00,34,1,687964,110.1484375,110.2109375,110.125,110.1328125,56557,ZFM3
2023-04-13 16:00:00+00:00,34,1,687964,110.1328125,110.1953125,110.125,110.171875,35221,ZFM3
2023-04-13 17:00:00+00:00,34,1,687964,110.171875,110.203125,110.109375,110.109375,37286,ZFM3
2023-04-13 18:00:00+00:00,34,1,687964,110.109375,110.109375,109.921875,109.984375,86071,ZFM3
2023-04-13 19:00:00+00:00,34,1,687964,109.984375,110.0,109.9609375,109.984375,54415,ZFM3
2023-04-13 20:00:00+00:00,34,1,687964,109.984375,110.0234375,109.984375,110.0,28974,ZFM3
2023-04-13 22:00:00+00:00,34,1,687964,110.0078125,110.0234375,109.9921875,110.0078125,1900,ZFM3
2023-04-13 23:00:00+00:00,34,1,687964,110.0078125,110.015625,109.9765625,110.0078125,3058,ZFM3
2023-04-14 00:00:00+00:00,34,1,687964,110.0078125,110.0234375,109.9921875,110.0078125,3738,ZFM3
2023-04-14 01:00:00+00:00,34,1,687964,110.0,110.0390625,110.0,110.0234375,5831,ZFM3
2023-04-14 02:00:00+00:00,34,1,687964,110.0234375,110.0859375,110.0,110.078125,7928,ZFM3
2023-04-14 03:00:00+00:00,34,1,687964,110.078125,110.078125,110.0234375,110.03125,4860,ZFM3
2023-04-14 04:00:00+00:00,34,1,687964,110.03125,110.046875,110.015625,110.0390625,4411,ZFM3
2023-04-14 05:00:00+00:00,34,1,687964,110.0390625,110.046875,110.0234375,110.03125,3149,ZFM3
2023-04-14 06:00:00+00:00,34,1,687964,110.03125,110.1015625,109.9921875,110.015625,16550,ZFM3
2023-04-14 07:00:00+00:00,34,1,687964,110.015625,110.0859375,109.9609375,110.078125,17726,ZFM3
2023-04-14 08:00:00+00:00,34,1,687964,110.078125,110.078125,110.0078125,110.046875,12059,ZFM3
2023-04-14 09:00:00+00:00,34,1,687964,110.0546875,110.078125,110.03125,110.0625,14816,ZFM3
2023-04-14 10:00:00+00:00,34,1,687964,110.0625,110.140625,110.0078125,110.0234375,28305,ZFM3
2023-04-14 11:00:00+00:00,34,1,687964,110.015625,110.0234375,109.859375,109.9375,64436,ZFM3
2023-04-14 12:00:00+00:00,34,1,687964,109.9375,110.09375,109.3671875,109.546875,293447,ZFM3
2023-04-14 13:00:00+00:00,34,1,687964,109.546875,109.6640625,109.5390625,109.625,108879,ZFM3
2023-04-14 14:00:00+00:00,34,1,687964,109.6171875,109.65625,109.4375,109.546875,125879,ZFM3
2023-04-14 15:00:00+00:00,34,1,687964,109.5390625,109.546875,109.4453125,109.453125,66851,ZFM3
2023-04-14 16:00:00+00:00,34,1,687964,109.453125,109.4921875,109.4140625,109.4375,45457,ZFM3
2023-04-14 17:00:00+00:00,34,1,687964,109.4375,109.5234375,109.421875,109.4375,41998,ZFM3
2023-04-14 18:00:00+00:00,34,1,687964,109.4296875,109.4921875,109.4296875,109.4609375,50437,ZFM3
2023-04-14 19:00:00+00:00,34,1,687964,109.46875,109.53125,109.4609375,109.53125,45828,ZFM3
2023-04-14 20:00:00+00:00,34,1,687964,109.5234375,109.5390625,109.4609375,109.4765625,23422,ZFM3
2023-04-16 22:00:00+00:00,34,1,687964,109.453125,109.484375,109.4140625,109.4296875,6558,ZFM3
2023-04-16 23:00:00+00:00,34,1,687964,109.4296875,109.4375,109.390625,109.3984375,4267,ZFM3
2023-04-17 00:00:00+00:00,34,1,687964,109.40625,109.46875,109.390625,109.4609375,6399,ZFM3
2023-04-17 01:00:00+00:00,34,1,687964,109.4609375,109.4921875,109.4296875,109.4765625,3046,ZFM3
2023-04-17 02:00:00+00:00,34,1,687964,109.4765625,109.5078125,109.4765625,109.4921875,8118,ZFM3
2023-04-17 03:00:00+00:00,34,1,687964,109.484375,109.5078125,109.484375,109.5,7028,ZFM3
2023-04-17 04:00:00+00:00,34,1,687964,109.5,109.5078125,109.484375,109.5,6957,ZFM3
2023-04-17 05:00:00+00:00,34,1,687964,109.5078125,109.515625,109.46875,109.5,8426,ZFM3
2023-04-17 06:00:00+00:00,34,1,687964,109.4921875,109.53125,109.4140625,109.453125,19513,ZFM3
2023-04-17 07:00:00+00:00,34,1,687964,109.453125,109.453125,109.3828125,109.421875,21495,ZFM3
2023-04-17 08:00:00+00:00,34,1,687964,109.421875,109.484375,109.421875,109.453125,15637,ZFM3
2023-04-17 09:00:00+00:00,34,1,687964,109.4609375,109.46875,109.3125,109.3125,28070,ZFM3
2023-04-17 10:00:00+00:00,34,1,687964,109.3125,109.3359375,109.265625,109.3203125,27364,ZFM3
2023-04-17 11:00:00+00:00,34,1,687964,109.3203125,109.34375,109.2734375,109.3203125,26917,ZFM3
2023-04-17 12:00:00+00:00,34,1,687964,109.3203125,109.359375,109.1796875,109.2109375,103443,ZFM3
2023-04-17 13:00:00+00:00,34,1,687964,109.2109375,109.28125,109.1640625,109.25,77720,ZFM3
2023-04-17 14:00:00+00:00,34,1,687964,109.2578125,109.2578125,109.078125,109.0859375,73991,ZFM3
2023-04-17 15:00:00+00:00,34,1,687964,109.0859375,109.140625,109.0546875,109.0859375,54246,ZFM3
2023-04-17 16:00:00+00:00,34,1,687964,109.0859375,109.09375,109.0625,109.078125,29763,ZFM3
2023-04-17 17:00:00+00:00,34,1,687964,109.0859375,109.109375,109.0703125,109.1015625,24972,ZFM3
2023-04-17 18:00:00+00:00,34,1,687964,109.1015625,109.1171875,109.0703125,109.09375,41527,ZFM3
2023-04-17 19:00:00+00:00,34,1,687964,109.1015625,109.125,109.078125,109.1015625,55524,ZFM3
2023-04-17 20:00:00+00:00,34,1,687964,109.09375,109.109375,109.03125,109.0703125,37250,ZFM3
2023-04-17 22:00:00+00:00,34,1,687964,109.0625,109.1015625,109.0625,109.078125,3204,ZFM3
2023-04-17 23:00:00+00:00,34,1,687964,109.0859375,109.1015625,109.078125,109.09375,2735,ZFM3
2023-04-18 00:00:00+00:00,34,1,687964,109.0859375,109.1171875,109.0859375,109.109375,4966,ZFM3
2023-04-18 01:00:00+00:00,34,1,687964,109.109375,109.1328125,109.1015625,109.125,5538,ZFM3
2023-04-18 02:00:00+00:00,34,1,687964,109.1171875,109.1640625,109.0859375,109.1015625,14316,ZFM3
2023-04-18 03:00:00+00:00,34,1,687964,109.1015625,109.1171875,109.0859375,109.1015625,9716,ZFM3
2023-04-18 04:00:00+00:00,34,1,687964,109.109375,109.109375,109.0703125,109.09375,6151,ZFM3
2023-04-18 05:00:00+00:00,34,1,687964,109.09375,109.1328125,109.0859375,109.109375,8174,ZFM3
2023-04-18 06:00:00+00:00,34,1,687964,109.1171875,109.1171875,109.0625,109.1015625,17138,ZFM3
2023-04-18 07:00:00+00:00,34,1,687964,109.09375,109.1015625,109.0390625,109.1015625,20417,ZFM3
2023-04-18 08:00:00+00:00,34,1,687964,109.1015625,109.1484375,109.078125,109.1015625,20302,ZFM3
2023-04-18 09:00:00+00:00,34,1,687964,109.1015625,109.203125,109.0859375,109.171875,23011,ZFM3
2023-04-18 10:00:00+00:00,34,1,687964,109.171875,109.234375,109.1484375,109.1484375,15750,ZFM3
2023-04-18 11:00:00+00:00,34,1,687964,109.15625,109.2734375,109.140625,109.2265625,35045,ZFM3
2023-04-18 12:00:00+00:00,34,1,687964,109.2265625,109.234375,109.0859375,109.1015625,50878,ZFM3
2023-04-18 13:00:00+00:00,34,1,687964,109.109375,109.21875,109.0390625,109.1796875,76820,ZFM3
2023-04-18 14:00:00+00:00,34,1,687964,109.1875,109.296875,109.1171875,109.25,69626,ZFM3
2023-04-18 15:00:00+00:00,34,1,687964,109.25,109.265625,109.078125,109.0859375,63671,ZFM3
2023-04-18 16:00:00+00:00,34,1,687964,109.0859375,109.1015625,109.0234375,109.09375,50155,ZFM3
2023-04-18 17:00:00+00:00,34,1,687964,109.09375,109.1171875,109.0625,109.078125,27120,ZFM3
2023-04-18 18:00:00+00:00,34,1,687964,109.078125,109.171875,109.0703125,109.1640625,51820,ZFM3
2023-04-18 19:00:00+00:00,34,1,687964,109.171875,109.171875,109.109375,109.125,37360,ZFM3
2023-04-18 20:00:00+00:00,34,1,687964,109.1171875,109.171875,109.1015625,109.140625,30624,ZFM3
2023-04-18 22:00:00+00:00,34,1,687964,109.1328125,109.15625,109.1015625,109.1171875,2553,ZFM3
2023-04-18 23:00:00+00:00,34,1,687964,109.109375,109.125,109.0703125,109.0859375,4108,ZFM3
2023-04-19 00:00:00+00:00,34,1,687964,109.078125,109.1171875,109.078125,109.109375,4760,ZFM3
2023-04-19 01:00:00+00:00,34,1,687964,109.109375,109.1171875,109.0859375,109.09375,4444,ZFM3
2023-04-19 02:00:00+00:00,34,1,687964,109.09375,109.109375,109.078125,109.109375,4703,ZFM3
2023-04-19 03:00:00+00:00,34,1,687964,109.109375,109.140625,109.078125,109.1328125,5851,ZFM3
2023-04-19 04:00:00+00:00,34,1,687964,109.140625,109.140625,109.1015625,109.125,3865,ZFM3
2023-04-19 05:00:00+00:00,34,1,687964,109.125,109.140625,109.1015625,109.109375,2717,ZFM3
2023-04-19 06:00:00+00:00,34,1,687964,109.109375,109.109375,108.9140625,108.984375,54599,ZFM3
2023-04-19 07:00:00+00:00,34,1,687964,108.9765625,109.015625,108.890625,108.921875,44459,ZFM3
2023-04-19 08:00:00+00:00,34,1,687964,108.9140625,108.9296875,108.8671875,108.890625,28112,ZFM3
2023-04-19 09:00:00+00:00,34,1,687964,108.8828125,108.90625,108.859375,108.8671875,22481,ZFM3
2023-04-19 10:00:00+00:00,34,1,687964,108.8671875,108.90625,108.7890625,108.890625,33283,ZFM3
2023-04-19 11:00:00+00:00,34,1,687964,108.8984375,108.9140625,108.859375,108.90625,27702,ZFM3
2023-04-19 12:00:00+00:00,34,1,687964,108.8984375,108.921875,108.8203125,108.921875,77087,ZFM3
2023-04-19 13:00:00+00:00,34,1,687964,108.9296875,108.984375,108.921875,108.96875,66656,ZFM3
2023-04-19 14:00:00+00:00,34,1,687964,108.96875,109.0078125,108.84375,108.8515625,71481,ZFM3
2023-04-19 15:00:00+00:00,34,1,687964,108.8515625,108.90625,108.8203125,108.8359375,55272,ZFM3
2023-04-19 16:00:00+00:00,34,1,687964,108.8359375,108.9609375,108.8203125,108.9609375,58382,ZFM3
2023-04-19 17:00:00+00:00,34,1,687964,108.9609375,108.984375,108.8671875,108.890625,42569,ZFM3
2023-04-19 18:00:00+00:00,34,1,687964,108.890625,108.9609375,108.8828125,108.9375,87772,ZFM3
2023-04-19 19:00:00+00:00,34,1,687964,108.9375,108.984375,108.921875,108.953125,53532,ZFM3
2023-04-19 20:00:00+00:00,34,1,687964,108.953125,109.046875,108.9453125,109.03125,44871,ZFM3
2023-04-19 22:00:00+00:00,34,1,687964,109.0,109.046875,108.9921875,109.03125,3374,ZFM3
2023-04-19 23:00:00+00:00,34,1,687964,109.0234375,109.0390625,108.9921875,109.0234375,3962,ZFM3
2023-04-20 00:00:00+00:00,34,1,687964,109.0234375,109.0390625,108.9765625,109.0,5107,ZFM3
2023-04-20 01:00:00+00:00,34,1,687964,109.0,109.03125,108.984375,109.015625,4297,ZFM3
2023-04-20 02:00:00+00:00,34,1,687964,109.015625,109.03125,109.0078125,109.0234375,4256,ZFM3
2023-04-20 03:00:00+00:00,34,1,687964,109.0234375,109.046875,109.0234375,109.0234375,4086,ZFM3
2023-04-20 04:00:00+00:00,34,1,687964,109.0234375,109.03125,109.0078125,109.0234375,2140,ZFM3
2023-04-20 05:00:00+00:00,34,1,687964,109.0234375,109.03125,109.0078125,109.0234375,2912,ZFM3
2023-04-20 06:00:00+00:00,34,1,687964,109.0234375,109.203125,109.015625,109.171875,31159,ZFM3
2023-04-20 07:00:00+00:00,34,1,687964,109.171875,109.2734375,109.15625,109.1796875,33704,ZFM3
2023-04-20 08:00:00+00:00,34,1,687964,109.1796875,109.203125,109.1640625,109.171875,16399,ZFM3
2023-04-20 09:00:00+00:00,34,1,687964,109.171875,109.1875,109.0703125,109.1796875,16742,ZFM3
2023-04-20 10:00:00+00:00,34,1,687964,109.171875,109.2734375,109.171875,109.265625,27030,ZFM3
2023-04-20 11:00:00+00:00,34,1,687964,109.265625,109.265625,109.1484375,109.1796875,33746,ZFM3
2023-04-20 12:00:00+00:00,34,1,687964,109.1796875,109.3984375,109.1171875,109.3203125,116597,ZFM3
2023-04-20 13:00:00+00:00,34,1,687964,109.3203125,109.3671875,109.265625,109.34375,74090,ZFM3
2023-04-20 14:00:00+00:00,34,1,687964,109.34375,109.4296875,109.3359375,109.359375,73928,ZFM3
2023-04-20 15:00:00+00:00,34,1,687964,109.3671875,109.3984375,109.3203125,109.3671875,61428,ZFM3
2023-04-20 16:00:00+00:00,34,1,687964,109.3671875,109.390625,109.328125,109.3515625,46219,ZFM3
2023-04-20 17:00:00+00:00,34,1,687964,109.34375,109.359375,109.2890625,109.2890625,42001,ZFM3
2023-04-20 18:00:00+00:00,34,1,687964,109.2890625,109.359375,109.2578125,109.3203125,88272,ZFM3
2023-04-20 19:00:00+00:00,34,1,687964,109.3125,109.375,109.2890625,109.3671875,60657,ZFM3
2023-04-20 20:00:00+00:00,34,1,687964,109.359375,109.390625,109.3515625,109.375,26755,ZFM3
2023-04-20 22:00:00+00:00,34,1,687964,109.359375,109.390625,109.3515625,109.375,2327,ZFM3
2023-04-20 23:00:00+00:00,34,1,687964,109.375,109.375,109.3515625,109.3671875,1846,ZFM3
2023-04-21 00:00:00+00:00,34,1,687964,109.3671875,109.375,109.34375,109.3671875,3025,ZFM3
2023-04-21 01:00:00+00:00,34,1,687964,109.375,109.4296875,109.375,109.4140625,12981,ZFM3
2023-04-21 02:00:00+00:00,34,1,687964,109.4140625,109.421875,109.390625,109.3984375,3307,ZFM3
2023-04-21 03:00:00+00:00,34,1,687964,109.3984375,109.40625,109.3828125,109.3984375,1901,ZFM3
2023-04-21 04:00:00+00:00,34,1,687964,109.3984375,109.4140625,109.390625,109.40625,3016,ZFM3
2023-04-21 05:00:00+00:00,34,1,687964,109.40625,109.421875,109.40625,109.4140625,5263,ZFM3
2023-04-21 06:00:00+00:00,34,1,687964,109.4140625,109.4453125,109.3984375,109.4296875,15954,ZFM3
2023-04-21 07:00:00+00:00,34,1,687964,109.4375,109.4375,109.296875,109.3203125,34224,ZFM3
2023-04-21 08:00:00+00:00,34,1,687964,109.3203125,109.421875,109.2734375,109.421875,20800,ZFM3
2023-04-21 09:00:00+00:00,34,1,687964,109.421875,109.4609375,109.390625,109.4453125,29875,ZFM3
2023-04-21 10:00:00+00:00,34,1,687964,109.4453125,109.4921875,109.4296875,109.4609375,24597,ZFM3
2023-04-21 11:00:00+00:00,34,1,687964,109.4609375,109.46875,109.40625,109.46875,16565,ZFM3
2023-04-21 12:00:00+00:00,34,1,687964,109.4609375,109.4921875,109.390625,109.4921875,55005,ZFM3
2023-04-21 13:00:00+00:00,34,1,687964,109.4921875,109.59375,109.1875,109.2578125,162583,ZFM3
2023-04-21 14:00:00+00:00,34,1,687964,109.2578125,109.296875,109.1875,109.203125,80176,ZFM3
2023-04-21 15:00:00+00:00,34,1,687964,109.1953125,109.25,109.1640625,109.25,50415,ZFM3
2023-04-21 16:00:00+00:00,34,1,687964,109.25,109.3046875,109.234375,109.3046875,47867,ZFM3
2023-04-21 17:00:00+00:00,34,1,687964,109.296875,109.34375,109.265625,109.28125,27557,ZFM3
2023-04-21 18:00:00+00:00,34,1,687964,109.28125,109.2890625,109.2109375,109.21875,62396,ZFM3
2023-04-21 19:00:00+00:00,34,1,687964,109.21875,109.234375,109.203125,109.2109375,42695,ZFM3
2023-04-21 20:00:00+00:00,34,1,687964,109.203125,109.2578125,109.203125,109.21875,20742,ZFM3
2023-04-23 22:00:00+00:00,34,1,687964,109.2265625,109.234375,109.203125,109.234375,3995,ZFM3
2023-04-23 23:00:00+00:00,34,1,687964,109.234375,109.25,109.21875,109.234375,1880,ZFM3
2023-04-24 00:00:00+00:00,34,1,687964,109.234375,109.2734375,109.234375,109.2734375,5880,ZFM3
2023-04-24 01:00:00+00:00,34,1,687964,109.265625,109.296875,109.2578125,109.296875,4265,ZFM3
2023-04-24 02:00:00+00:00,34,1,687964,109.296875,109.296875,109.265625,109.2734375,4939,ZFM3
2023-04-24 03:00:00+00:00,34,1,687964,109.28125,109.2890625,109.2734375,109.28125,1316,ZFM3
2023-04-24 04:00:00+00:00,34,1,687964,109.28125,109.2890625,109.28125,109.2890625,1932,ZFM3
2023-04-24 05:00:00+00:00,34,1,687964,109.28125,109.3046875,109.265625,109.3046875,3526,ZFM3
2023-04-24 06:00:00+00:00,34,1,687964,109.3046875,109.375,109.3046875,109.3359375,20413,ZFM3
2023-04-24 07:00:00+00:00,34,1,687964,109.34375,109.4140625,109.3359375,109.3984375,23045,ZFM3
2023-04-24 08:00:00+00:00,34,1,687964,109.3984375,109.40625,109.3515625,109.3984375,25232,ZFM3
2023-04-24 09:00:00+00:00,34,1,687964,109.390625,109.40625,109.3671875,109.375,12083,ZFM3
2023-04-24 10:00:00+00:00,34,1,687964,109.3828125,109.3984375,109.3515625,109.375,12642,ZFM3
2023-04-24 11:00:00+00:00,34,1,687964,109.375,109.3984375,109.3515625,109.3515625,16658,ZFM3
2023-04-24 12:00:00+00:00,34,1,687964,109.3515625,109.4609375,109.3359375,109.4375,66527,ZFM3
2023-04-24 13:00:00+00:00,34,1,687964,109.4453125,109.4609375,109.390625,109.4453125,58304,ZFM3
2023-04-24 14:00:00+00:00,34,1,687964,109.4375,109.5234375,109.3515625,109.5,74259,ZFM3
2023-04-24 15:00:00+00:00,34,1,687964,109.5078125,109.5546875,109.46875,109.4765625,54656,ZFM3
2023-04-24 16:00:00+00:00,34,1,687964,109.4765625,109.484375,109.4375,109.4765625,37894,ZFM3
2023-04-24 17:00:00+00:00,34,1,687964,109.484375,109.5,109.4765625,109.484375,16634,ZFM3
2023-04-24 18:00:00+00:00,34,1,687964,109.4921875,109.5234375,109.46875,109.4921875,85618,ZFM3
2023-04-24 19:00:00+00:00,34,1,687964,109.4921875,109.515625,109.46875,109.5078125,29285,ZFM3
2023-04-24 20:00:00+00:00,34,1,687964,109.5,109.6484375,109.4921875,109.640625,48879,ZFM3
2023-04-24 22:00:00+00:00,34,1,687964,109.6328125,109.7109375,109.6328125,109.703125,8545,ZFM3
2023-04-24 23:00:00+00:00,34,1,687964,109.6953125,109.75,109.6953125,109.7265625,8691,ZFM3
2023-04-25 00:00:00+00:00,34,1,687964,109.71875,109.71875,109.6328125,109.6328125,10795,ZFM3
2023-04-25 01:00:00+00:00,34,1,687964,109.640625,109.703125,109.640625,109.6953125,5784,ZFM3
2023-04-25 02:00:00+00:00,34,1,687964,109.703125,109.7421875,109.703125,109.71875,6517,ZFM3
2023-04-25 03:00:00+00:00,34,1,687964,109.71875,109.734375,109.7109375,109.7265625,2851,ZFM3
2023-04-25 04:00:00+00:00,34,1,687964,109.7265625,109.7421875,109.7265625,109.7265625,4106,ZFM3
2023-04-25 05:00:00+00:00,34,1,687964,109.7265625,109.7890625,109.7265625,109.765625,8344,ZFM3
2023-04-25 06:00:00+00:00,34,1,687964,109.765625,109.8125,109.6953125,109.7265625,22230,ZFM3
2023-04-25 07:00:00+00:00,34,1,687964,109.7265625,109.890625,109.7265625,109.8203125,43793,ZFM3
2023-04-25 08:00:00+00:00,34,1,687964,109.8203125,109.875,109.796875,109.8515625,27916,ZFM3
2023-04-25 09:00:00+00:00,34,1,687964,109.8515625,109.90625,109.84375,109.8984375,20438,ZFM3
2023-04-25 10:00:00+00:00,34,1,687964,109.890625,109.90625,109.8515625,109.8828125,18823,ZFM3
2023-04-25 11:00:00+00:00,34,1,687964,109.8828125,109.9140625,109.8359375,109.84375,45380,ZFM3
2023-04-25 12:00:00+00:00,34,1,687964,109.84375,109.9921875,109.828125,109.9609375,114897,ZFM3
2023-04-25 13:00:00+00:00,34,1,687964,109.953125,110.0546875,109.90625,110.0546875,118052,ZFM3
2023-04-25 14:00:00+00:00,34,1,687964,110.046875,110.1328125,110.015625,110.03125,118874,ZFM3
2023-04-25 15:00:00+00:00,34,1,687964,110.03125,110.0625,109.9375,109.9375,65038,ZFM3
2023-04-25 16:00:00+00:00,34,1,687964,109.9453125,110.015625,109.90625,110.015625,66184,ZFM3
2023-04-25 17:00:00+00:00,34,1,687964,110.0234375,110.28125,109.9765625,110.265625,131146,ZFM3
2023-04-25 18:00:00+00:00,34,1,687964,110.265625,110.359375,110.21875,110.25,152967,ZFM3
2023-04-25 19:00:00+00:00,34,1,687964,110.2421875,110.3515625,110.2109375,110.34375,63779,ZFM3
2023-04-25 20:00:00+00:00,34,1,687964,110.3359375,110.34375,110.1953125,110.203125,59087,ZFM3
2023-04-25 22:00:00+00:00,34,1,687964,110.2109375,110.234375,110.1015625,110.1171875,11008,ZFM3
2023-04-25 23:00:00+00:00,34,1,687964,110.125,110.1640625,110.078125,110.1015625,7940,ZFM3
2023-04-26 00:00:00+00:00,34,1,687964,110.1015625,110.1171875,110.0625,110.0625,12466,ZFM3
2023-04-26 01:00:00+00:00,34,1,687964,110.0703125,110.171875,110.0546875,110.125,22047,ZFM3
2023-04-26 02:00:00+00:00,34,1,687964,110.1328125,110.1640625,110.09375,110.125,7716,ZFM3
2023-04-26 03:00:00+00:00,34,1,687964,110.125,110.15625,110.109375,110.140625,4331,ZFM3
2023-04-26 04:00:00+00:00,34,1,687964,110.1484375,110.15625,110.125,110.125,2721,ZFM3
2023-04-26 05:00:00+00:00,34,1,687964,110.125,110.1484375,110.09375,110.1015625,9905,ZFM3
2023-04-26 06:00:00+00:00,34,1,687964,110.1015625,110.15625,110.03125,110.1328125,33883,ZFM3
2023-04-26 07:00:00+00:00,34,1,687964,110.1328125,110.2265625,110.1171875,110.1953125,37398,ZFM3
2023-04-26 08:00:00+00:00,34,1,687964,110.1953125,110.2265625,110.1015625,110.15625,40091,ZFM3
2023-04-26 09:00:00+00:00,34,1,687964,110.15625,110.1796875,110.1328125,110.15625,24670,ZFM3
2023-04-26 10:00:00+00:00,34,1,687964,110.15625,110.203125,110.1328125,110.171875,17073,ZFM3
2023-04-26 11:00:00+00:00,34,1,687964,110.1640625,110.2734375,109.9453125,110.0703125,112608,ZFM3
2023-04-26 12:00:00+00:00,34,1,687964,110.0703125,110.1640625,109.9921875,110.140625,112200,ZFM3
2023-04-26 13:00:00+00:00,34,1,687964,110.140625,110.34375,110.1328125,110.265625,161877,ZFM3
2023-04-26 14:00:00+00:00,34,1,687964,110.2578125,110.3359375,110.15625,110.1640625,111794,ZFM3
2023-04-26 15:00:00+00:00,34,1,687964,110.171875,110.1875,109.9765625,109.9921875,102184,ZFM3
2023-04-26 16:00:00+00:00,34,1,687964,110.0,110.0078125,109.875,109.9140625,117002,ZFM3
2023-04-26 17:00:00+00:00,34,1,687964,109.90625,109.9609375,109.890625,109.9609375,78081,ZFM3
2023-04-26 18:00:00+00:00,34,1,687964,109.953125,110.125,109.9140625,110.109375,126895,ZFM3
2023-04-26 19:00:00+00:00,34,1,687964,110.1171875,110.15625,110.03125,110.078125,93402,ZFM3
2023-04-26 20:00:00+00:00,34,1,687964,110.078125,110.0859375,109.9765625,109.9921875,41711,ZFM3
2023-04-26 22:00:00+00:00,34,1,687964,110.0,110.0546875,109.9765625,110.0,5040,ZFM3
2023-04-26 23:00:00+00:00,34,1,687964,110.0078125,110.0546875,110.0,110.0390625,2657,ZFM3
2023-04-27 00:00:00+00:00,34,1,687964,110.0390625,110.09375,110.0234375,110.09375,5964,ZFM3
2023-04-27 01:00:00+00:00,34,1,687964,110.09375,110.1171875,110.0703125,110.1015625,7215,ZFM3
2023-04-27 02:00:00+00:00,34,1,687964,110.1015625,110.1015625,110.0546875,110.0859375,6714,ZFM3
2023-04-27 03:00:00+00:00,34,1,687964,110.09375,110.09375,110.0390625,110.0390625,5805,ZFM3
2023-04-27 04:00:00+00:00,34,1,687964,110.03125,110.0546875,110.015625,110.0234375,5639,ZFM3
2023-04-27 05:00:00+00:00,34,1,687964,110.015625,110.0390625,109.8984375,109.9296875,14204,ZFM3
2023-04-27 06:00:00+00:00,34,1,687964,109.9296875,109.953125,109.890625,109.9453125,26790,ZFM3
2023-04-27 07:00:00+00:00,34,1,687964,109.9453125,110.0234375,109.90625,109.90625,25860,ZFM3
2023-04-27 08:00:00+00:00,34,1,687964,109.90625,109.9140625,109.8515625,109.859375,31443,ZFM3
2023-04-27 09:00:00+00:00,34,1,687964,109.859375,109.96875,109.8515625,109.9296875,24005,ZFM3
2023-04-27 10:00:00+00:00,34,1,687964,109.9375,110.0234375,109.921875,109.96875,25898,ZFM3
2023-04-27 11:00:00+00:00,34,1,687964,109.9609375,110.03125,109.90625,109.9296875,25478,ZFM3
2023-04-27 12:00:00+00:00,34,1,687964,109.9296875,110.0546875,109.7109375,109.7734375,155398,ZFM3
2023-04-27 13:00:00+00:00,34,1,687964,109.78125,109.8203125,109.640625,109.6640625,99347,ZFM3
2023-04-27 14:00:00+00:00,34,1,687964,109.671875,109.703125,109.5859375,109.6484375,98124,ZFM3
2023-04-27 15:00:00+00:00,34,1,687964,109.6484375,109.65625,109.59375,109.6015625,64251,ZFM3
2023-04-27 16:00:00+00:00,34,1,687964,109.6015625,109.6328125,109.5703125,109.59375,53774,ZFM3
2023-04-27 17:00:00+00:00,34,1,687964,109.59375,109.6171875,109.484375,109.5234375,62483,ZFM3
2023-04-27 18:00:00+00:00,34,1,687964,109.5234375,109.53125,109.4453125,109.4765625,89200,ZFM3
2023-04-27 19:00:00+00:00,34,1,687964,109.4765625,109.5234375,109.4140625,109.484375,66573,ZFM3
2023-04-27 20:00:00+00:00,34,1,687964,109.4921875,109.546875,109.4765625,109.5078125,41069,ZFM3
2023-04-27 22:00:00+00:00,34,1,687964,109.515625,109.5390625,109.515625,109.515625,2758,ZFM3
2023-04-27 23:00:00+00:00,34,1,687964,109.5234375,109.5390625,109.5078125,109.5390625,3493,ZFM3
2023-04-28 00:00:00+00:00,34,1,687964,109.53125,109.546875,109.4921875,109.515625,5598,ZFM3
2023-04-28 01:00:00+00:00,34,1,687964,109.515625,109.546875,109.3515625,109.5,23949,ZFM3
2023-04-28 02:00:00+00:00,34,1,687964,109.5,109.53125,109.46875,109.484375,5958,ZFM3
2023-04-28 03:00:00+00:00,34,1,687964,109.484375,109.5078125,109.390625,109.484375,10832,ZFM3
2023-04-28 04:00:00+00:00,34,1,687964,109.4765625,109.609375,109.4765625,109.546875,20089,ZFM3
2023-04-28 05:00:00+00:00,34,1,687964,109.546875,109.640625,109.4765625,109.609375,15874,ZFM3
2023-04-28 06:00:00+00:00,34,1,687964,109.609375,109.6484375,109.4140625,109.53125,47334,ZFM3
2023-04-28 07:00:00+00:00,34,1,687964,109.53125,109.703125,109.5234375,109.6796875,35008,ZFM3
2023-04-28 08:00:00+00:00,34,1,687964,109.6796875,109.8515625,109.6796875,109.8125,47083,ZFM3
2023-04-28 09:00:00+00:00,34,1,687964,109.8125,109.828125,109.7265625,109.7265625,13145,ZFM3
2023-04-28 10:00:00+00:00,34,1,687964,109.7265625,109.765625,109.6875,109.7109375,23661,ZFM3
2023-04-28 11:00:00+00:00,34,1,687964,109.7109375,109.71875,109.6171875,109.625,30137,ZFM3
2023-04-28 12:00:00+00:00,34,1,687964,109.6328125,109.8515625,109.5078125,109.8515625,163899,ZFM3
2023-04-28 13:00:00+00:00,34,1,687964,109.84375,109.8828125,109.6875,109.6875,160729,ZFM3
2023-04-28 14:00:00+00:00,34,1,687964,109.6953125,109.84375,109.640625,109.8046875,116815,ZFM3
2023-04-28 15:00:00+00:00,34,1,687964,109.8046875,109.84375,109.75,109.8046875,76025,ZFM3
2023-04-28 16:00:00+00:00,34,1,687964,109.8046875,109.8515625,109.765625,109.8203125,49684,ZFM3
2023-04-28 17:00:00+00:00,34,1,687964,109.828125,109.8515625,109.75,109.828125,43374,ZFM3
2023-04-28 18:00:00+00:00,34,1,687964,109.8359375,109.8359375,109.7265625,109.7421875,73421,ZFM3
2023-04-28 19:00:00+00:00,34,1,687964,109.734375,109.9609375,109.734375,109.953125,231960,ZFM3
2023-04-28 20:00:00+00:00,34,1,687964,109.9453125,110.0,109.8515625,109.984375,100951,ZFM3
2023-04-30 22:00:00+00:00,34,1,687964,109.953125,109.953125,109.7734375,109.8203125,11476,ZFM3
2023-04-30 23:00:00+00:00,34,1,687964,109.8203125,109.8359375,109.8046875,109.8203125,2522,ZFM3
2023-05-01 00:00:00+00:00,34,1,687964,109.8203125,109.8359375,109.796875,109.8046875,5933,ZFM3
2023-05-01 01:00:00+00:00,34,1,687964,109.8046875,109.84375,109.7890625,109.8125,5937,ZFM3
2023-05-01 02:00:00+00:00,34,1,687964,109.8203125,109.8515625,109.796875,109.828125,4056,ZFM3
2023-05-01 03:00:00+00:00,34,1,687964,109.8203125,109.828125,109.7890625,109.8046875,2022,ZFM3
2023-05-01 04:00:00+00:00,34,1,687964,109.8046875,109.8125,109.78125,109.7890625,1392,ZFM3
2023-05-01 05:00:00+00:00,34,1,687964,109.7890625,109.796875,109.7265625,109.7734375,5865,ZFM3
2023-05-01 06:00:00+00:00,34,1,687964,109.7734375,109.7890625,109.734375,109.75,4151,ZFM3
2023-05-01 07:00:00+00:00,34,1,687964,109.75,109.7734375,109.6328125,109.6640625,12786,ZFM3
2023-05-01 08:00:00+00:00,34,1,687964,109.65625,109.703125,109.65625,109.6953125,5291,ZFM3
2023-05-01 09:00:00+00:00,34,1,687964,109.6875,109.703125,109.6796875,109.6953125,5690,ZFM3
2023-05-01 10:00:00+00:00,34,1,687964,109.703125,109.7734375,109.703125,109.765625,9359,ZFM3
2023-05-01 11:00:00+00:00,34,1,687964,109.7734375,109.78125,109.6640625,109.703125,21739,ZFM3
2023-05-01 12:00:00+00:00,34,1,687964,109.6953125,109.71875,109.5625,109.6953125,62951,ZFM3
2023-05-01 13:00:00+00:00,34,1,687964,109.6953125,109.7578125,109.625,109.640625,50183,ZFM3
2023-05-01 14:00:00+00:00,34,1,687964,109.625,109.625,109.3828125,109.453125,119556,ZFM3
2023-05-01 15:00:00+00:00,34,1,687964,109.453125,109.484375,109.4140625,109.421875,52168,ZFM3
2023-05-01 16:00:00+00:00,34,1,687964,109.421875,109.4609375,109.4140625,109.4140625,35187,ZFM3
2023-05-01 17:00:00+00:00,34,1,687964,109.4140625,109.4609375,109.390625,109.4296875,67014,ZFM3
2023-05-01 18:00:00+00:00,34,1,687964,109.4296875,109.4296875,109.3203125,109.328125,79720,ZFM3
2023-05-01 19:00:00+00:00,34,1,687964,109.3359375,109.34375,109.2421875,109.2890625,112288,ZFM3
2023-05-01 20:00:00+00:00,34,1,687964,109.28125,109.3828125,109.2734375,109.3203125,54735,ZFM3
2023-05-01 22:00:00+00:00,34,1,687964,109.3359375,109.3671875,109.328125,109.359375,5239,ZFM3
2023-05-01 23:00:00+00:00,34,1,687964,109.359375,109.3671875,109.34375,109.359375,3754,ZFM3
2023-05-02 00:00:00+00:00,34,1,687964,109.3671875,109.3984375,109.359375,109.3984375,10845,ZFM3
2023-05-02 01:00:00+00:00,34,1,687964,109.3984375,109.4296875,109.3828125,109.421875,7251,ZFM3
2023-05-02 02:00:00+00:00,34,1,687964,109.421875,109.4375,109.3984375,109.421875,7036,ZFM3
2023-05-02 03:00:00+00:00,34,1,687964,109.4140625,109.4296875,109.3828125,109.390625,5722,ZFM3
2023-05-02 04:00:00+00:00,34,1,687964,109.3984375,109.40625,109.3046875,109.3359375,16846,ZFM3
2023-05-02 05:00:00+00:00,34,1,687964,109.3359375,109.375,109.3203125,109.3671875,11460,ZFM3
2023-05-02 06:00:00+00:00,34,1,687964,109.3671875,109.4296875,109.3203125,109.4140625,23709,ZFM3
2023-05-02 07:00:00+00:00,34,1,687964,109.421875,109.5,109.3671875,109.5,28084,ZFM3
2023-05-02 08:00:00+00:00,34,1,687964,109.5078125,109.578125,109.484375,109.5078125,33638,ZFM3
2023-05-02 09:00:00+00:00,34,1,687964,109.5,109.53125,109.4765625,109.484375,20682,ZFM3
2023-05-02 10:00:00+00:00,34,1,687964,109.4765625,109.515625,109.4296875,109.4375,19731,ZFM3
2023-05-02 11:00:00+00:00,34,1,687964,109.4375,109.5,109.4375,109.453125,21762,ZFM3
2023-05-02 12:00:00+00:00,34,1,687964,109.453125,109.4921875,109.3828125,109.3828125,54997,ZFM3
2023-05-02 13:00:00+00:00,34,1,687964,109.3828125,109.578125,109.3671875,109.515625,85595,ZFM3
2023-05-02 14:00:00+00:00,34,1,687964,109.5078125,110.1875,109.5078125,110.1484375,290242,ZFM3
2023-05-02 15:00:00+00:00,34,1,687964,110.1484375,110.171875,110.0234375,110.140625,176422,ZFM3
2023-05-02 16:00:00+00:00,34,1,687964,110.1328125,110.1953125,110.09375,110.1328125,64745,ZFM3
2023-05-02 17:00:00+00:00,34,1,687964,110.125,110.1640625,110.0234375,110.03125,55647,ZFM3
2023-05-02 18:00:00+00:00,34,1,687964,110.03125,110.09375,110.0,110.0859375,61215,ZFM3
2023-05-02 19:00:00+00:00,34,1,687964,110.09375,110.1328125,110.0859375,110.1171875,57318,ZFM3
2023-05-02 20:00:00+00:00,34,1,687964,110.1171875,110.140625,110.0390625,110.140625,45389,ZFM3
2023-05-02 22:00:00+00:00,34,1,687964,110.109375,110.1484375,110.09375,110.109375,2547,ZFM3
2023-05-02 23:00:00+00:00,34,1,687964,110.109375,110.125,110.1015625,110.109375,850,ZFM3
2023-05-03 00:00:00+00:00,34,1,687964,110.109375,110.1171875,110.1015625,110.109375,2825,ZFM3
2023-05-03 01:00:00+00:00,34,1,687964,110.109375,110.109375,110.0703125,110.0859375,3864,ZFM3
2023-05-03 02:00:00+00:00,34,1,687964,110.0859375,110.1171875,110.0625,110.09375,2857,ZFM3
2023-05-03 03:00:00+00:00,34,1,687964,110.09375,110.109375,110.0859375,110.09375,1025,ZFM3
2023-05-03 04:00:00+00:00,34,1,687964,110.09375,110.1015625,110.078125,110.0859375,3062,ZFM3
2023-05-03 05:00:00+00:00,34,1,687964,110.0859375,110.1015625,110.0703125,110.078125,1980,ZFM3
2023-05-03 06:00:00+00:00,34,1,687964,110.0859375,110.234375,110.0625,110.2109375,24878,ZFM3
2023-05-03 07:00:00+00:00,34,1,687964,110.2109375,110.2421875,110.140625,110.21875,30600,ZFM3
2023-05-03 08:00:00+00:00,34,1,687964,110.21875,110.34375,110.203125,110.28125,33466,ZFM3
2023-05-03 09:00:00+00:00,34,1,687964,110.28125,110.3046875,110.2421875,110.2890625,23684,ZFM3
2023-05-03 10:00:00+00:00,34,1,687964,110.28125,110.296875,110.203125,110.234375,20263,ZFM3
2023-05-03 11:00:00+00:00,34,1,687964,110.2265625,110.2421875,110.171875,110.2421875,32277,ZFM3
2023-05-03 12:00:00+00:00,34,1,687964,110.2421875,110.3046875,110.1171875,110.25,110150,ZFM3
2023-05-03 13:00:00+00:00,34,1,687964,110.25,110.3671875,110.21875,110.2890625,98997,ZFM3
2023-05-03 14:00:00+00:00,34,1,687964,110.2890625,110.421875,110.2578125,110.3671875,109920,ZFM3
2023-05-03 15:00:00+00:00,34,1,687964,110.3671875,110.4140625,110.328125,110.3515625,71774,ZFM3
2023-05-03 16:00:00+00:00,34,1,687964,110.3515625,110.4296875,110.34375,110.3515625,43464,ZFM3
2023-05-03 17:00:00+00:00,34,1,687964,110.3515625,110.4453125,110.3515625,110.4140625,54241,ZFM3
2023-05-03 18:00:00+00:00,34,1,687964,110.40625,110.59375,110.265625,110.34375,203556,ZFM3
2023-05-03 19:00:00+00:00,34,1,687964,110.34375,110.71875,110.234375,110.6875,207483,ZFM3
2023-05-03 20:00:00+00:00,34,1,687964,110.6875,110.859375,110.578125,110.859375,75819,ZFM3
2023-05-03 22:00:00+00:00,34,1,687964,110.9375,111.125,110.9140625,110.9453125,25149,ZFM3
2023-05-03 23:00:00+00:00,34,1,687964,110.9453125,111.0078125,110.90625,110.90625,15079,ZFM3
2023-05-04 00:00:00+00:00,34,1,687964,110.9140625,110.9453125,110.8671875,110.890625,10527,ZFM3
2023-05-04 01:00:00+00:00,34,1,687964,110.890625,110.890625,110.796875,110.796875,8681,ZFM3
2023-05-04 02:00:00+00:00,34,1,687964,110.796875,110.8203125,110.75,110.796875,7845,ZFM3
2023-05-04 03:00:00+00:00,34,1,687964,110.8046875,110.8125,110.7734375,110.796875,3622,ZFM3
2023-05-04 04:00:00+00:00,34,1,687964,110.796875,110.8515625,110.7734375,110.7734375,6455,ZFM3
2023-05-04 05:00:00+00:00,34,1,687964,110.7734375,110.796875,110.75,110.765625,6515,ZFM3
2023-05-04 06:00:00+00:00,34,1,687964,110.765625,110.78125,110.6640625,110.671875,36360,ZFM3
2023-05-04 07:00:00+00:00,34,1,687964,110.671875,110.75,110.59375,110.625,46760,ZFM3
2023-05-04 08:00:00+00:00,34,1,687964,110.625,110.671875,110.5625,110.640625,29896,ZFM3
2023-05-04 09:00:00+00:00,34,1,687964,110.640625,110.640625,110.5859375,110.6015625,18972,ZFM3
2023-05-04 10:00:00+00:00,34,1,687964,110.609375,110.796875,110.6015625,110.7890625,37046,ZFM3
2023-05-04 11:00:00+00:00,34,1,687964,110.7890625,110.8515625,110.7734375,110.8046875,76019,ZFM3
2023-05-04 12:00:00+00:00,34,1,687964,110.8046875,110.8984375,110.5234375,110.53125,155551,ZFM3
2023-05-04 13:00:00+00:00,34,1,687964,110.5234375,110.84375,110.484375,110.71875,133855,ZFM3
2023-05-04 14:00:00+00:00,34,1,687964,110.7109375,111.0390625,110.6640625,111.015625,236697,ZFM3
2023-05-04 15:00:00+00:00,34,1,687964,111.015625,111.203125,110.890625,111.171875,192049,ZFM3
2023-05-04 16:00:00+00:00,34,1,687964,111.171875,111.3515625,111.1484375,111.15625,190691,ZFM3
2023-05-04 17:00:00+00:00,34,1,687964,111.15625,111.1640625,110.8984375,110.9453125,115679,ZFM3
2023-05-04 18:00:00+00:00,34,1,687964,110.9375,111.046875,110.875,111.0078125,73467,ZFM3
2023-05-04 19:00:00+00:00,34,1,687964,111.0,111.0078125,110.84375,110.84375,66836,ZFM3
2023-05-04 20:00:00+00:00,34,1,687964,110.8515625,110.890625,110.71875,110.7421875,52526,ZFM3
2023-05-04 22:00:00+00:00,34,1,687964,110.75,110.78125,110.7265625,110.765625,3293,ZFM3
2023-05-04 23:00:00+00:00,34,1,687964,110.7578125,110.7890625,110.734375,110.78125,3366,ZFM3
2023-05-05 00:00:00+00:00,34,1,687964,110.7890625,110.8203125,110.765625,110.7890625,4368,ZFM3
2023-05-05 01:00:00+00:00,34,1,687964,110.7890625,110.796875,110.7578125,110.765625,2257,ZFM3
2023-05-05 02:00:00+00:00,34,1,687964,110.7734375,110.78125,110.7421875,110.75,2722,ZFM3
2023-05-05 03:00:00+00:00,34,1,687964,110.75,110.7890625,110.75,110.7734375,2618,ZFM3
2023-05-05 04:00:00+00:00,34,1,687964,110.765625,110.7734375,110.71875,110.71875,1384,ZFM3
2023-05-05 05:00:00+00:00,34,1,687964,110.7265625,110.75,110.6953125,110.71875,5153,ZFM3
2023-05-05 06:00:00+00:00,34,1,687964,110.71875,110.78125,110.6484375,110.7265625,37927,ZFM3
2023-05-05 07:00:00+00:00,34,1,687964,110.734375,110.7734375,110.7109375,110.75,25291,ZFM3
2023-05-05 08:00:00+00:00,34,1,687964,110.75,110.765625,110.6640625,110.671875,27240,ZFM3
2023-05-05 09:00:00+00:00,34,1,687964,110.671875,110.703125,110.625,110.6484375,23301,ZFM3
2023-05-05 10:00:00+00:00,34,1,687964,110.6484375,110.6796875,110.609375,110.640625,16588,ZFM3
2023-05-05 11:00:00+00:00,34,1,687964,110.640625,110.671875,110.6015625,110.6171875,34196,ZFM3
2023-05-05 12:00:00+00:00,34,1,687964,110.6171875,110.671875,110.21875,110.34375,232150,ZFM3
2023-05-05 13:00:00+00:00,34,1,687964,110.3515625,110.4609375,110.25,110.328125,116424,ZFM3
2023-05-05 14:00:00+00:00,34,1,687964,110.328125,110.390625,110.3046875,110.328125,75154,ZFM3
2023-05-05 15:00:00+00:00,34,1,687964,110.328125,110.328125,110.1953125,110.21875,92580,ZFM3
2023-05-05 16:00:00+00:00,34,1,687964,110.2265625,110.296875,110.2109375,110.265625,44791,ZFM3
2023-05-05 17:00:00+00:00,34,1,687964,110.2578125,110.28125,110.2265625,110.265625,32352,ZFM3
2023-05-05 18:00:00+00:00,34,1,687964,110.265625,110.3125,110.2578125,110.3046875,54429,ZFM3
2023-05-05 19:00:00+00:00,34,1,687964,110.3046875,110.34375,110.296875,110.34375,55755,ZFM3
2023-05-05 20:00:00+00:00,34,1,687964,110.3359375,110.3828125,110.3046875,110.3203125,36280,ZFM3
2023-05-07 22:00:00+00:00,34,1,687964,110.328125,110.3515625,110.265625,110.2734375,4758,ZFM3
2023-05-07 23:00:00+00:00,34,1,687964,110.2734375,110.2734375,110.2265625,110.265625,5146,ZFM3
2023-05-08 00:00:00+00:00,34,1,687964,110.2578125,110.3125,110.2421875,110.3046875,6761,ZFM3
2023-05-08 01:00:00+00:00,34,1,687964,110.3046875,110.3203125,110.2890625,110.3046875,4136,ZFM3
2023-05-08 02:00:00+00:00,34,1,687964,110.296875,110.3203125,110.296875,110.3125,3139,ZFM3
2023-05-08 03:00:00+00:00,34,1,687964,110.3046875,110.3359375,110.2890625,110.3203125,5457,ZFM3
2023-05-08 04:00:00+00:00,34,1,687964,110.3203125,110.3359375,110.296875,110.296875,3492,ZFM3
2023-05-08 05:00:00+00:00,34,1,687964,110.296875,110.3125,110.2734375,110.2734375,5111,ZFM3
2023-05-08 06:00:00+00:00,34,1,687964,110.2734375,110.3046875,110.234375,110.25,9290,ZFM3
2023-05-08 07:00:00+00:00,34,1,687964,110.25,110.2578125,110.1796875,110.1796875,19908,ZFM3
2023-05-08 08:00:00+00:00,34,1,687964,110.1796875,110.1953125,110.1328125,110.1875,15747,ZFM3
2023-05-08 09:00:00+00:00,34,1,687964,110.1875,110.1953125,110.1328125,110.171875,7048,ZFM3
2023-05-08 10:00:00+00:00,34,1,687964,110.1640625,110.203125,110.140625,110.1640625,12739,ZFM3
2023-05-08 11:00:00+00:00,34,1,687964,110.1640625,110.171875,110.0234375,110.0390625,34872,ZFM3
2023-05-08 12:00:00+00:00,34,1,687964,110.0390625,110.046875,109.9765625,109.9765625,76309,ZFM3
2023-05-08 13:00:00+00:00,34,1,687964,109.9765625,110.0625,109.921875,110.0625,78759,ZFM3
2023-05-08 14:00:00+00:00,34,1,687964,110.0625,110.09375,109.9921875,110.0703125,76292,ZFM3
2023-05-08 15:00:00+00:00,34,1,687964,110.0625,110.1015625,110.0390625,110.0703125,53481,ZFM3
2023-05-08 16:00:00+00:00,34,1,687964,110.078125,110.125,110.0703125,110.1015625,37979,ZFM3
2023-05-08 17:00:00+00:00,34,1,687964,110.1015625,110.109375,110.0390625,110.0703125,25414,ZFM3
2023-05-08 18:00:00+00:00,34,1,687964,110.0625,110.0625,109.8984375,109.921875,99026,ZFM3
2023-05-08 19:00:00+00:00,34,1,687964,109.921875,109.9609375,109.9140625,109.9453125,42735,ZFM3
2023-05-08 20:00:00+00:00,34,1,687964,109.9375,109.9765625,109.9140625,109.9453125,35595,ZFM3
2023-05-08 22:00:00+00:00,34,1,687964,109.9453125,109.96875,109.921875,109.9609375,3523,ZFM3
2023-05-08 23:00:00+00:00,34,1,687964,109.953125,109.9609375,109.9453125,109.9453125,2133,ZFM3
2023-05-09 00:00:00+00:00,34,1,687964,109.953125,109.953125,109.9296875,109.9375,5026,ZFM3
2023-05-09 01:00:00+00:00,34,1,687964,109.9453125,109.984375,109.9453125,109.9765625,7792,ZFM3
2023-05-09 02:00:00+00:00,34,1,687964,109.9765625,110.0,109.96875,109.9921875,3669,ZFM3
2023-05-09 03:00:00+00:00,34,1,687964,109.9921875,110.0234375,109.9765625,110.015625,6526,ZFM3
2023-05-09 04:00:00+00:00,34,1,687964,110.0234375,110.03125,109.9921875,110.0,4561,ZFM3
2023-05-09 05:00:00+00:00,34,1,687964,109.9921875,110.015625,109.9921875,110.0078125,2852,ZFM3
2023-05-09 06:00:00+00:00,34,1,687964,110.0078125,110.078125,110.0,110.0390625,27345,ZFM3
2023-05-09 07:00:00+00:00,34,1,687964,110.046875,110.0625,109.96875,110.046875,26168,ZFM3
2023-05-09 08:00:00+00:00,34,1,687964,110.046875,110.046875,109.9765625,109.9921875,19514,ZFM3
2023-05-09 09:00:00+00:00,34,1,687964,110.0,110.0859375,109.9765625,110.0703125,15431,ZFM3
2023-05-09 10:00:00+00:00,34,1,687964,110.0703125,110.109375,110.046875,110.078125,17234,ZFM3
2023-05-09 11:00:00+00:00,34,1,687964,110.078125,110.09375,110.015625,110.0390625,21381,ZFM3
2023-05-09 12:00:00+00:00,34,1,687964,110.0390625,110.046875,109.9453125,109.9453125,60446,ZFM3
2023-05-09 13:00:00+00:00,34,1,687964,109.953125,109.953125,109.8515625,109.9296875,90407,ZFM3
2023-05-09 14:00:00+00:00,34,1,687964,109.9296875,109.953125,109.8671875,109.9296875,79495,ZFM3
2023-05-09 15:00:00+00:00,34,1,687964,109.9296875,109.9375,109.8515625,109.8671875,61883,ZFM3
2023-05-09 16:00:00+00:00,34,1,687964,109.875,109.890625,109.765625,109.828125,83528,ZFM3
2023-05-09 17:00:00+00:00,34,1,687964,109.8203125,109.90625,109.8203125,109.8671875,58295,ZFM3
2023-05-09 18:00:00+00:00,34,1,687964,109.8671875,109.9296875,109.84375,109.921875,68840,ZFM3
2023-05-09 19:00:00+00:00,34,1,687964,109.921875,109.9296875,109.8359375,109.84375,54914,ZFM3
2023-05-09 20:00:00+00:00,34,1,687964,109.84375,109.90625,109.84375,109.8984375,34703,ZFM3
2023-05-09 22:00:00+00:00,34,1,687964,109.8984375,109.921875,109.8828125,109.9140625,2621,ZFM3
2023-05-09 23:00:00+00:00,34,1,687964,109.9140625,109.9296875,109.890625,109.8984375,4523,ZFM3
2023-05-10 00:00:00+00:00,34,1,687964,109.8984375,109.953125,109.890625,109.9296875,4957,ZFM3
2023-05-10 01:00:00+00:00,34,1,687964,109.9375,109.9453125,109.921875,109.9375,4471,ZFM3
2023-05-10 02:00:00+00:00,34,1,687964,109.9375,109.9375,109.9140625,109.921875,4833,ZFM3
2023-05-10 03:00:00+00:00,34,1,687964,109.9296875,109.9296875,109.875,109.8828125,6027,ZFM3
2023-05-10 04:00:00+00:00,34,1,687964,109.890625,109.8984375,109.8515625,109.859375,4591,ZFM3
2023-05-10 05:00:00+00:00,34,1,687964,109.859375,109.875,109.828125,109.859375,8228,ZFM3
2023-05-10 06:00:00+00:00,34,1,687964,109.859375,109.875,109.8046875,109.828125,16349,ZFM3
2023-05-10 07:00:00+00:00,34,1,687964,109.828125,109.8828125,109.7890625,109.875,31519,ZFM3
2023-05-10 08:00:00+00:00,34,1,687964,109.875,109.90625,109.828125,109.84375,38810,ZFM3
2023-05-10 09:00:00+00:00,34,1,687964,109.8515625,109.9140625,109.8515625,109.90625,17016,ZFM3
2023-05-10 10:00:00+00:00,34,1,687964,109.90625,109.9453125,109.8828125,109.890625,31120,ZFM3
2023-05-10 11:00:00+00:00,34,1,687964,109.8984375,109.9296875,109.859375,109.890625,35310,ZFM3
2023-05-10 12:00:00+00:00,34,1,687964,109.890625,110.34375,109.8203125,110.2734375,282370,ZFM3
2023-05-10 13:00:00+00:00,34,1,687964,110.2734375,110.3671875,110.1484375,110.296875,157189,ZFM3
2023-05-10 14:00:00+00:00,34,1,687964,110.296875,110.3515625,110.1875,110.3359375,129156,ZFM3
2023-05-10 15:00:00+00:00,34,1,687964,110.328125,110.3359375,110.25,110.296875,83061,ZFM3
2023-05-10 16:00:00+00:00,34,1,687964,110.296875,110.375,110.296875,110.3515625,61528,ZFM3
2023-05-10 17:00:00+00:00,34,1,687964,110.3515625,110.53125,110.3125,110.3984375,129954,ZFM3
2023-05-10 18:00:00+00:00,34,1,687964,110.3984375,110.5,110.3671875,110.4765625,85658,ZFM3
2023-05-10 19:00:00+00:00,34,1,687964,110.4765625,110.4765625,110.3984375,110.4296875,59997,ZFM3
2023-05-10 20:00:00+00:00,34,1,687964,110.4296875,110.4609375,110.390625,110.3984375,37689,ZFM3
2023-05-10 22:00:00+00:00,34,1,687964,110.3984375,110.4296875,110.3984375,110.421875,2174,ZFM3
2023-05-10 23:00:00+00:00,34,1,687964,110.421875,110.4296875,110.3828125,110.40625,4330,ZFM3
2023-05-11 00:00:00+00:00,34,1,687964,110.3984375,110.453125,110.390625,110.40625,7842,ZFM3
2023-05-11 01:00:00+00:00,34,1,687964,110.4140625,110.4609375,110.3984375,110.4375,8547,ZFM3
2023-05-11 02:00:00+00:00,34,1,687964,110.4375,110.4453125,110.421875,110.421875,5735,ZFM3
2023-05-11 03:00:00+00:00,34,1,687964,110.421875,110.421875,110.3515625,110.3671875,5968,ZFM3
2023-05-11 04:00:00+00:00,34,1,687964,110.375,110.3828125,110.3515625,110.375,7135,ZFM3
2023-05-11 05:00:00+00:00,34,1,687964,110.375,110.40625,110.359375,110.3828125,5970,ZFM3
2023-05-11 06:00:00+00:00,34,1,687964,110.3828125,110.5078125,110.3828125,110.46875,34399,ZFM3
2023-05-11 07:00:00+00:00,34,1,687964,110.46875,110.4765625,110.40625,110.4375,21243,ZFM3
2023-05-11 08:00:00+00:00,34,1,687964,110.4375,110.4453125,110.3515625,110.3671875,25195,ZFM3
2023-05-11 09:00:00+00:00,34,1,687964,110.3671875,110.421875,110.328125,110.3984375,17571,ZFM3
2023-05-11 10:00:00+00:00,34,1,687964,110.40625,110.4765625,110.40625,110.4296875,18221,ZFM3
2023-05-11 11:00:00+00:00,34,1,687964,110.4296875,110.6484375,110.390625,110.59375,69826,ZFM3
2023-05-11 12:00:00+00:00,34,1,687964,110.59375,110.8203125,110.453125,110.7890625,205077,ZFM3
2023-05-11 13:00:00+00:00,34,1,687964,110.7890625,110.859375,110.7265625,110.7578125,111008,ZFM3
2023-05-11 14:00:00+00:00,34,1,687964,110.7578125,110.7890625,110.65625,110.6796875,122218,ZFM3
2023-05-11 15:00:00+00:00,34,1,687964,110.6796875,110.6796875,110.5625,110.6015625,85573,ZFM3
2023-05-11 16:00:00+00:00,34,1,687964,110.6015625,110.6796875,110.578125,110.5859375,57155,ZFM3
2023-05-11 17:00:00+00:00,34,1,687964,110.5859375,110.65625,110.5625,110.609375,53860,ZFM3
2023-05-11 18:00:00+00:00,34,1,687964,110.609375,110.6171875,110.453125,110.4921875,76818,ZFM3
2023-05-11 19:00:00+00:00,34,1,687964,110.4921875,110.5234375,110.4609375,110.5078125,57877,ZFM3
2023-05-11 20:00:00+00:00,34,1,687964,110.5078125,110.5390625,110.484375,110.4921875,47643,ZFM3
2023-05-11 22:00:00+00:00,34,1,687964,110.5,110.53125,110.4921875,110.5234375,2606,ZFM3
2023-05-11 23:00:00+00:00,34,1,687964,110.5234375,110.546875,110.515625,110.53125,1422,ZFM3
2023-05-12 00:00:00+00:00,34,1,687964,110.53125,110.5859375,110.53125,110.546875,6979,ZFM3
2023-05-12 01:00:00+00:00,34,1,687964,110.5546875,110.59375,110.546875,110.5703125,6808,ZFM3
2023-05-12 02:00:00+00:00,34,1,687964,110.5703125,110.5703125,110.515625,110.53125,9304,ZFM3
2023-05-12 03:00:00+00:00,34,1,687964,110.53125,110.5703125,110.53125,110.5703125,6797,ZFM3
2023-05-12 04:00:00+00:00,34,1,687964,110.5703125,110.5859375,110.5625,110.578125,3461,ZFM3
2023-05-12 05:00:00+00:00,34,1,687964,110.5703125,110.578125,110.5078125,110.5078125,5409,ZFM3
2023-05-12 06:00:00+00:00,34,1,687964,110.5078125,110.546875,110.4140625,110.4296875,27327,ZFM3
2023-05-12 07:00:00+00:00,34,1,687964,110.4296875,110.484375,110.390625,110.4609375,26198,ZFM3
2023-05-12 08:00:00+00:00,34,1,687964,110.46875,110.4921875,110.375,110.390625,22539,ZFM3
2023-05-12 09:00:00+00:00,34,1,687964,110.390625,110.4453125,110.390625,110.40625,12155,ZFM3
2023-05-12 10:00:00+00:00,34,1,687964,110.4140625,110.4453125,110.40625,110.4375,8633,ZFM3
2023-05-12 11:00:00+00:00,34,1,687964,110.4375,110.4375,110.3359375,110.34375,23851,ZFM3
2023-05-12 12:00:00+00:00,34,1,687964,110.34375,110.4140625,110.328125,110.375,62513,ZFM3
2023-05-12 13:00:00+00:00,34,1,687964,110.3671875,110.5,110.3671875,110.4609375,53195,ZFM3
2023-05-12 14:00:00+00:00,34,1,687964,110.453125,110.453125,110.1328125,110.1953125,141150,ZFM3
2023-05-12 15:00:00+00:00,34,1,687964,110.203125,110.2265625,110.09375,110.109375,57949,ZFM3
2023-05-12 16:00:00+00:00,34,1,687964,110.1015625,110.140625,110.0703125,110.140625,45608,ZFM3
2023-05-12 17:00:00+00:00,34,1,687964,110.140625,110.1640625,110.0859375,110.109375,47835,ZFM3
2023-05-12 18:00:00+00:00,34,1,687964,110.1171875,110.125,110.0390625,110.046875,42392,ZFM3
2023-05-12 19:00:00+00:00,34,1,687964,110.0546875,110.09375,110.046875,110.0859375,43938,ZFM3
2023-05-12 20:00:00+00:00,34,1,687964,110.078125,110.09375,110.0546875,110.0625,35277,ZFM3
2023-05-14 22:00:00+00:00,34,1,687964,110.0625,110.0625,110.015625,110.0546875,3383,ZFM3
2023-05-14 23:00:00+00:00,34,1,687964,110.046875,110.0859375,110.046875,110.0703125,3723,ZFM3
2023-05-15 00:00:00+00:00,34,1,687964,110.0703125,110.078125,110.03125,110.0703125,6563,ZFM3
2023-05-15 01:00:00+00:00,34,1,687964,110.0703125,110.1015625,110.0546875,110.0859375,4208,ZFM3
2023-05-15 02:00:00+00:00,34,1,687964,110.0859375,110.09375,110.0625,110.0703125,4747,ZFM3
2023-05-15 03:00:00+00:00,34,1,687964,110.0703125,110.078125,110.0390625,110.046875,2725,ZFM3
2023-05-15 04:00:00+00:00,34,1,687964,110.046875,110.0625,110.0390625,110.0546875,2083,ZFM3
2023-05-15 05:00:00+00:00,34,1,687964,110.046875,110.0546875,109.9765625,109.9921875,10063,ZFM3
2023-05-15 06:00:00+00:00,34,1,687964,110.0,110.015625,109.9609375,110.015625,17523,ZFM3
2023-05-15 07:00:00+00:00,34,1,687964,110.015625,110.078125,109.96875,110.0,24364,ZFM3
2023-05-15 08:00:00+00:00,34,1,687964,109.9921875,110.0625,109.9765625,110.0625,16907,ZFM3
2023-05-15 09:00:00+00:00,34,1,687964,110.0625,110.0703125,109.9765625,110.0,14882,ZFM3
2023-05-15 10:00:00+00:00,34,1,687964,110.0,110.0078125,109.9609375,109.9921875,11515,ZFM3
2023-05-15 11:00:00+00:00,34,1,687964,109.9921875,109.9921875,109.9296875,109.953125,34023,ZFM3
2023-05-15 12:00:00+00:00,34,1,687964,109.953125,110.140625,109.890625,110.0546875,116060,ZFM3
2023-05-15 13:00:00+00:00,34,1,687964,110.046875,110.0625,109.9296875,110.0078125,77061,ZFM3
2023-05-15 14:00:00+00:00,34,1,687964,110.0,110.015625,109.9453125,110.0,66984,ZFM3
2023-05-15 15:00:00+00:00,34,1,687964,110.0,110.03125,109.9609375,109.984375,44372,ZFM3
2023-05-15 16:00:00+00:00,34,1,687964,109.9765625,110.0078125,109.953125,109.9921875,29016,ZFM3
2023-05-15 17:00:00+00:00,34,1,687964,109.9921875,110.015625,109.9453125,110.0078125,51390,ZFM3
2023-05-15 18:00:00+00:00,34,1,687964,110.0,110.0234375,109.9765625,110.015625,43954,ZFM3
2023-05-15 19:00:00+00:00,34,1,687964,110.0078125,110.0625,110.0,110.0390625,65208,ZFM3
2023-05-15 20:00:00+00:00,34,1,687964,110.0390625,110.0625,109.984375,110.0,36940,ZFM3
2023-05-15 22:00:00+00:00,34,1,687964,110.0,110.0078125,109.9765625,109.9921875,2126,ZFM3
2023-05-15 23:00:00+00:00,34,1,687964,109.9921875,110.0,109.9765625,109.984375,1023,ZFM3
2023-05-16 00:00:00+00:00,34,1,687964,109.984375,110.03125,109.984375,110.0234375,4472,ZFM3
2023-05-16 01:00:00+00:00,34,1,687964,110.03125,110.078125,110.03125,110.0546875,7105,ZFM3
2023-05-16 02:00:00+00:00,34,1,687964,110.0625,110.109375,110.0625,110.09375,7522,ZFM3
2023-05-16 03:00:00+00:00,34,1,687964,110.09375,110.109375,110.09375,110.1015625,4269,ZFM3
2023-05-16 04:00:00+00:00,34,1,687964,110.09375,110.109375,110.078125,110.0859375,3715,ZFM3
2023-05-16 05:00:00+00:00,34,1,687964,110.0859375,110.1328125,110.0625,110.1328125,10174,ZFM3
2023-05-16 06:00:00+00:00,34,1,687964,110.140625,110.1796875,110.125,110.1640625,30352,ZFM3
2023-05-16 07:00:00+00:00,34,1,687964,110.171875,110.234375,110.125,110.1796875,27581,ZFM3
2023-05-16 08:00:00+00:00,34,1,687964,110.1875,110.203125,110.109375,110.1328125,14350,ZFM3
2023-05-16 09:00:00+00:00,34,1,687964,110.140625,110.1953125,110.109375,110.1640625,14144,ZFM3
2023-05-16 10:00:00+00:00,34,1,687964,110.1640625,110.203125,110.1484375,110.171875,19882,ZFM3
2023-05-16 11:00:00+00:00,34,1,687964,110.171875,110.1953125,110.109375,110.125,37485,ZFM3
2023-05-16 12:00:00+00:00,34,1,687964,110.125,110.125,109.859375,109.90625,155313,ZFM3
2023-05-16 13:00:00+00:00,34,1,687964,109.90625,109.9296875,109.7890625,109.8203125,151612,ZFM3
2023-05-16 14:00:00+00:00,34,1,687964,109.828125,109.8359375,109.7421875,109.7734375,114174,ZFM3
2023-05-16 15:00:00+00:00,34,1,687964,109.7734375,109.7734375,109.609375,109.6875,115092,ZFM3
2023-05-16 16:00:00+00:00,34,1,687964,109.6875,109.734375,109.640625,109.71875,72630,ZFM3
2023-05-16 17:00:00+00:00,34,1,687964,109.71875,109.796875,109.6953125,109.7734375,56195,ZFM3
2023-05-16 18:00:00+00:00,34,1,687964,109.765625,109.7890625,109.734375,109.75,46891,ZFM3
2023-05-16 19:00:00+00:00,34,1,687964,109.75,109.8046875,109.734375,109.796875,49969,ZFM3
2023-05-16 20:00:00+00:00,34,1,687964,109.8046875,109.8515625,109.703125,109.7265625,93136,ZFM3
2023-05-16 22:00:00+00:00,34,1,687964,109.71875,109.75,109.7109375,109.75,2525,ZFM3
2023-05-16 23:00:00+00:00,34,1,687964,109.7421875,109.75,109.703125,109.71875,4980,ZFM3
2023-05-17 00:00:00+00:00,34,1,687964,109.71875,109.828125,109.703125,109.8046875,15217,ZFM3
2023-05-17 01:00:00+00:00,34,1,687964,109.8046875,109.8046875,109.7734375,109.796875,7040,ZFM3
2023-05-17 02:00:00+00:00,34,1,687964,109.8046875,109.8046875,109.765625,109.78125,4992,ZFM3
2023-05-17 03:00:00+00:00,34,1,687964,109.7734375,109.8046875,109.7734375,109.7890625,5824,ZFM3
2023-05-17 04:00:00+00:00,34,1,687964,109.7890625,109.8203125,109.7890625,109.8125,5633,ZFM3
2023-05-17 05:00:00+00:00,34,1,687964,109.8046875,109.828125,109.7734375,109.7734375,6873,ZFM3
2023-05-17 06:00:00+00:00,34,1,687964,109.765625,109.828125,109.734375,109.765625,20824,ZFM3
2023-05-17 07:00:00+00:00,34,1,687964,109.7734375,109.8125,109.703125,109.75,31500,ZFM3
2023-05-17 08:00:00+00:00,34,1,687964,109.75,109.765625,109.6484375,109.671875,46382,ZFM3
2023-05-17 09:00:00+00:00,34,1,687964,109.6640625,109.796875,109.6484375,109.78125,18850,ZFM3
2023-05-17 10:00:00+00:00,34,1,687964,109.7734375,109.7890625,109.7109375,109.7265625,12643,ZFM3
2023-05-17 11:00:00+00:00,34,1,687964,109.734375,109.8125,109.7109375,109.8046875,21001,ZFM3
2023-05-17 12:00:00+00:00,34,1,687964,109.8046875,109.8046875,109.6796875,109.71875,62623,ZFM3
2023-05-17 13:00:00+00:00,34,1,687964,109.7109375,109.796875,109.5859375,109.6015625,101581,ZFM3
2023-05-17 14:00:00+00:00,34,1,687964,109.6015625,109.65625,109.5390625,109.5859375,103754,ZFM3
2023-05-17 15:00:00+00:00,34,1,687964,109.578125,109.59375,109.4609375,109.5,85017,ZFM3
2023-05-17 16:00:00+00:00,34,1,687964,109.4921875,109.515625,109.4453125,109.46875,56177,ZFM3
2023-05-17 17:00:00+00:00,34,1,687964,109.46875,109.5,109.3828125,109.4140625,83393,ZFM3
2023-05-17 18:00:00+00:00,34,1,687964,109.4140625,109.4375,109.375,109.421875,56415,ZFM3
2023-05-17 19:00:00+00:00,34,1,687964,109.421875,109.484375,109.4140625,109.453125,60236,ZFM3
2023-05-17 20:00:00+00:00,34,1,687964,109.453125,109.4609375,109.3984375,109.4375,45107,ZFM3
2023-05-17 22:00:00+00:00,34,1,687964,109.453125,109.4765625,109.4453125,109.4609375,2429,ZFM3
2023-05-17 23:00:00+00:00,34,1,687964,109.4609375,109.46875,109.4453125,109.453125,2337,ZFM3
2023-05-18 00:00:00+00:00,34,1,687964,109.4609375,109.4765625,109.421875,109.46875,7581,ZFM3
2023-05-18 01:00:00+00:00,34,1,687964,109.46875,109.5390625,109.453125,109.5,14434,ZFM3
2023-05-18 02:00:00+00:00,34,1,687964,109.5,109.515625,109.484375,109.4921875,4440,ZFM3
2023-05-18 03:00:00+00:00,34,1,687964,109.4921875,109.5,109.4609375,109.4765625,5573,ZFM3
2023-05-18 04:00:00+00:00,34,1,687964,109.4765625,109.484375,109.453125,109.453125,3096,ZFM3
2023-05-18 05:00:00+00:00,34,1,687964,109.4453125,109.453125,109.4296875,109.4453125,5632,ZFM3
2023-05-18 06:00:00+00:00,34,1,687964,109.4375,109.4375,109.3828125,109.390625,14359,ZFM3
2023-05-18 07:00:00+00:00,34,1,687964,109.390625,109.4140625,109.3515625,109.3828125,28013,ZFM3
2023-05-18 08:00:00+00:00,34,1,687964,109.390625,109.390625,109.3046875,109.34375,29939,ZFM3
2023-05-18 09:00:00+00:00,34,1,687964,109.34375,109.375,109.3203125,109.359375,16237,ZFM3
2023-05-18 10:00:00+00:00,34,1,687964,109.359375,109.390625,109.296875,109.3046875,18226,ZFM3
2023-05-18 11:00:00+00:00,34,1,687964,109.3046875,109.3203125,109.2734375,109.2890625,35065,ZFM3
2023-05-18 12:00:00+00:00,34,1,687964,109.2890625,109.328125,109.0390625,109.1015625,174013,ZFM3
2023-05-18 13:00:00+00:00,34,1,687964,109.1015625,109.1640625,109.0390625,109.0703125,113847,ZFM3
2023-05-18 14:00:00+00:00,34,1,687964,109.078125,109.140625,109.046875,109.0703125,96549,ZFM3
2023-05-18 15:00:00+00:00,34,1,687964,109.0703125,109.125,109.0390625,109.1015625,93290,ZFM3
2023-05-18 16:00:00+00:00,34,1,687964,109.1015625,109.125,109.0234375,109.03125,81487,ZFM3
2023-05-18 17:00:00+00:00,34,1,687964,109.03125,109.0390625,108.953125,109.0234375,93821,ZFM3
2023-05-18 18:00:00+00:00,34,1,687964,109.0234375,109.0234375,108.8984375,108.9453125,94918,ZFM3
2023-05-18 19:00:00+00:00,34,1,687964,108.9375,108.9921875,108.8984375,108.9609375,62099,ZFM3
2023-05-18 20:00:00+00:00,34,1,687964,108.953125,109.0078125,108.9296875,109.0,37965,ZFM3
2023-05-18 22:00:00+00:00,34,1,687964,109.0,109.0390625,109.0,109.0078125,2821,ZFM3
2023-05-18 23:00:00+00:00,34,1,687964,109.015625,109.015625,108.96875,108.984375,2861,ZFM3
2023-05-19 00:00:00+00:00,34,1,687964,108.984375,109.03125,108.953125,108.9609375,17061,ZFM3
2023-05-19 01:00:00+00:00,34,1,687964,108.953125,109.0234375,108.953125,108.984375,14150,ZFM3
2023-05-19 02:00:00+00:00,34,1,687964,108.984375,109.0078125,108.953125,108.96875,16511,ZFM3
2023-05-19 03:00:00+00:00,34,1,687964,108.9609375,108.9921875,108.9609375,108.984375,9276,ZFM3
2023-05-19 04:00:00+00:00,34,1,687964,108.984375,109.0078125,108.96875,108.984375,4511,ZFM3
2023-05-19 05:00:00+00:00,34,1,687964,108.984375,109.0234375,108.9609375,109.0234375,6652,ZFM3
2023-05-19 06:00:00+00:00,34,1,687964,109.015625,109.0390625,108.96875,109.015625,25768,ZFM3
2023-05-19 07:00:00+00:00,34,1,687964,109.015625,109.109375,109.015625,109.1015625,22549,ZFM3
2023-05-19 08:00:00+00:00,34,1,687964,109.09375,109.1015625,109.0234375,109.03125,16852,ZFM3
2023-05-19 09:00:00+00:00,34,1,687964,109.0390625,109.0859375,109.0234375,109.03125,10944,ZFM3
2023-05-19 10:00:00+00:00,34,1,687964,109.0234375,109.03125,108.9296875,108.9375,39474,ZFM3
2023-05-19 11:00:00+00:00,34,1,687964,108.9453125,108.9453125,108.8125,108.8515625,57340,ZFM3
2023-05-19 12:00:00+00:00,34,1,687964,108.8515625,108.875,108.6875,108.7109375,130957,ZFM3
2023-05-19 13:00:00+00:00,34,1,687964,108.703125,108.734375,108.515625,108.578125,181198,ZFM3
2023-05-19 14:00:00+00:00,34,1,687964,108.5859375,108.6171875,108.546875,108.5625,100575,ZFM3
2023-05-19 15:00:00+00:00,34,1,687964,108.5546875,109.09375,108.53125,108.90625,336323,ZFM3
2023-05-19 16:00:00+00:00,34,1,687964,108.8984375,108.9453125,108.7734375,108.8515625,89750,ZFM3
2023-05-19 17:00:00+00:00,34,1,687964,108.8515625,108.859375,108.8046875,108.84375,40843,ZFM3
2023-05-19 18:00:00+00:00,34,1,687964,108.84375,108.859375,108.6796875,108.703125,65311,ZFM3
2023-05-19 19:00:00+00:00,34,1,687964,108.703125,108.703125,108.609375,108.6484375,59126,ZFM3
2023-05-19 20:00:00+00:00,34,1,687964,108.65625,108.7734375,108.6328125,108.765625,37369,ZFM3
2023-05-21 22:00:00+00:00,34,1,687964,108.8046875,108.8671875,108.7578125,108.8515625,8178,ZFM3
2023-05-21 23:00:00+00:00,34,1,687964,108.8515625,108.875,108.8359375,108.8359375,5348,ZFM3
2023-05-22 00:00:00+00:00,34,1,687964,108.84375,108.875,108.8125,108.8671875,9869,ZFM3
2023-05-22 01:00:00+00:00,34,1,687964,108.8671875,108.9296875,108.8671875,108.9296875,16247,ZFM3
2023-05-22 02:00:00+00:00,34,1,687964,108.921875,108.9375,108.8984375,108.921875,5991,ZFM3
2023-05-22 03:00:00+00:00,34,1,687964,108.921875,108.921875,108.90625,108.90625,3141,ZFM3
2023-05-22 04:00:00+00:00,34,1,687964,108.9140625,108.921875,108.8984375,108.8984375,2275,ZFM3
2023-05-22 05:00:00+00:00,34,1,687964,108.8984375,108.8984375,108.828125,108.859375,8375,ZFM3
2023-05-22 06:00:00+00:00,34,1,687964,108.8515625,108.8984375,108.8203125,108.890625,15963,ZFM3
2023-05-22 07:00:00+00:00,34,1,687964,108.890625,108.9765625,108.8671875,108.96875,32596,ZFM3
2023-05-22 08:00:00+00:00,34,1,687964,108.9765625,108.9765625,108.8828125,108.9375,23393,ZFM3
2023-05-22 09:00:00+00:00,34,1,687964,108.9453125,108.9609375,108.8671875,108.875,24109,ZFM3
2023-05-22 10:00:00+00:00,34,1,687964,108.875,108.8828125,108.84375,108.8671875,15267,ZFM3
2023-05-22 11:00:00+00:00,34,1,687964,108.8671875,108.890625,108.765625,108.796875,41030,ZFM3
2023-05-22 12:00:00+00:00,34,1,687964,108.7890625,108.796875,108.59375,108.609375,125789,ZFM3
2023-05-22 13:00:00+00:00,34,1,687964,108.609375,108.6875,108.6015625,108.609375,107898,ZFM3
2023-05-22 14:00:00+00:00,34,1,687964,108.609375,108.8359375,108.5703125,108.578125,151972,ZFM3
2023-05-22 15:00:00+00:00,34,1,687964,108.5703125,108.609375,108.5234375,108.5234375,59784,ZFM3
2023-05-22 16:00:00+00:00,34,1,687964,108.5234375,108.6171875,108.515625,108.6015625,54985,ZFM3
2023-05-22 17:00:00+00:00,34,1,687964,108.6015625,108.6953125,108.5859375,108.6640625,72515,ZFM3
2023-05-22 18:00:00+00:00,34,1,687964,108.6640625,108.6796875,108.59375,108.6015625,49094,ZFM3
2023-05-22 19:00:00+00:00,34,1,687964,108.6015625,108.640625,108.5703125,108.578125,44773,ZFM3
2023-05-22 20:00:00+00:00,34,1,687964,108.5859375,108.6328125,108.578125,108.6171875,33542,ZFM3
2023-05-22 22:00:00+00:00,34,1,687964,108.609375,108.6484375,108.609375,108.625,1658,ZFM3
2023-05-22 23:00:00+00:00,34,1,687964,108.6328125,108.65625,108.6015625,108.625,7447,ZFM3
2023-05-23 00:00:00+00:00,34,1,687964,108.6171875,108.6640625,108.6171875,108.625,6825,ZFM3
2023-05-23 01:00:00+00:00,34,1,687964,108.6328125,108.65625,108.5859375,108.5859375,10559,ZFM3
2023-05-23 02:00:00+00:00,34,1,687964,108.59375,108.6171875,108.5859375,108.609375,5652,ZFM3
2023-05-23 03:00:00+00:00,34,1,687964,108.6171875,108.625,108.609375,108.625,2669,ZFM3
2023-05-23 04:00:00+00:00,34,1,687964,108.6171875,108.625,108.6015625,108.609375,4413,ZFM3
2023-05-23 05:00:00+00:00,34,1,687964,108.609375,108.6171875,108.546875,108.5703125,18308,ZFM3
2023-05-23 06:00:00+00:00,34,1,687964,108.5625,108.578125,108.53125,108.546875,21873,ZFM3
2023-05-23 07:00:00+00:00,34,1,687964,108.546875,108.59375,108.484375,108.53125,45112,ZFM3
2023-05-23 08:00:00+00:00,34,1,687964,108.53125,108.5703125,108.484375,108.53125,30685,ZFM3
2023-05-23 09:00:00+00:00,34,1,687964,108.53125,108.546875,108.4375,108.4609375,35725,ZFM3
2023-05-23 10:00:00+00:00,34,1,687964,108.4609375,108.4609375,108.328125,108.375,61364,ZFM3
2023-05-23 11:00:00+00:00,34,1,687964,108.375,108.4453125,108.3515625,108.4375,41435,ZFM3
2023-05-23 12:00:00+00:00,34,1,687964,108.4296875,108.4453125,108.34375,108.40625,105138,ZFM3
2023-05-23 13:00:00+00:00,34,1,687964,108.40625,108.53125,108.3046875,108.4453125,183231,ZFM3
2023-05-23 14:00:00+00:00,34,1,687964,108.4453125,108.5859375,108.4140625,108.53125,128066,ZFM3
2023-05-23 15:00:00+00:00,34,1,687964,108.53125,108.546875,108.4453125,108.4921875,67627,ZFM3
2023-05-23 16:00:00+00:00,34,1,687964,108.4921875,108.59375,108.453125,108.578125,75147,ZFM3
2023-05-23 17:00:00+00:00,34,1,687964,108.578125,108.6484375,108.546875,108.59375,61495,ZFM3
2023-05-23 18:00:00+00:00,34,1,687964,108.59375,108.7265625,108.5625,108.671875,76604,ZFM3
2023-05-23 19:00:00+00:00,34,1,687964,108.671875,108.6796875,108.6015625,108.65625,57751,ZFM3
2023-05-23 20:00:00+00:00,34,1,687964,108.65625,108.71875,108.640625,108.703125,41177,ZFM3
2023-05-23 22:00:00+00:00,34,1,687964,108.7265625,108.734375,108.65625,108.6875,3808,ZFM3
2023-05-23 23:00:00+00:00,34,1,687964,108.6875,108.6953125,108.6484375,108.6796875,5603,ZFM3
2023-05-24 00:00:00+00:00,34,1,687964,108.6796875,108.7578125,108.6796875,108.75,10309,ZFM3
2023-05-24 01:00:00+00:00,34,1,687964,108.75,108.7578125,108.71875,108.75,4304,ZFM3
2023-05-24 02:00:00+00:00,34,1,687964,108.7578125,108.78125,108.7578125,108.765625,9545,ZFM3
2023-05-24 03:00:00+00:00,34,1,687964,108.765625,108.78125,108.7578125,108.78125,3832,ZFM3
2023-05-24 04:00:00+00:00,34,1,687964,108.78125,108.78125,108.7578125,108.7734375,2425,ZFM3
2023-05-24 05:00:00+00:00,34,1,687964,108.765625,108.78125,108.765625,108.7734375,4366,ZFM3
2023-05-24 06:00:00+00:00,34,1,687964,108.765625,108.765625,108.5625,108.578125,57820,ZFM3
2023-05-24 07:00:00+00:00,34,1,687964,108.5703125,108.71875,108.5546875,108.671875,37462,ZFM3
2023-05-24 08:00:00+00:00,34,1,687964,108.6796875,108.71875,108.65625,108.703125,36021,ZFM3
2023-05-24 09:00:00+00:00,34,1,687964,108.7109375,108.734375,108.671875,108.703125,29875,ZFM3
2023-05-24 10:00:00+00:00,34,1,687964,108.703125,108.7421875,108.6640625,108.734375,26606,ZFM3
2023-05-24 11:00:00+00:00,34,1,687964,108.734375,108.765625,108.6953125,108.765625,37763,ZFM3
2023-05-24 12:00:00+00:00,34,1,687964,108.7578125,108.78125,108.609375,108.671875,115151,ZFM3
2023-05-24 13:00:00+00:00,34,1,687964,108.671875,108.7109375,108.6171875,108.6171875,98006,ZFM3
2023-05-24 14:00:00+00:00,34,1,687964,108.625,108.65625,108.578125,108.6171875,138331,ZFM3
2023-05-24 15:00:00+00:00,34,1,687964,108.609375,108.6328125,108.4609375,108.4921875,159773,ZFM3
2023-05-24 16:00:00+00:00,34,1,687964,108.4921875,108.5,108.3359375,108.453125,151645,ZFM3
2023-05-24 17:00:00+00:00,34,1,687964,108.4453125,108.515625,108.4140625,108.4765625,95207,ZFM3
2023-05-24 18:00:00+00:00,34,1,687964,108.4765625,108.6171875,108.4453125,108.53125,91715,ZFM3
2023-05-24 19:00:00+00:00,34,1,687964,108.5234375,108.5390625,108.4140625,108.421875,57724,ZFM3
2023-05-24 20:00:00+00:00,34,1,687964,108.4140625,108.4453125,108.34375,108.359375,48311,ZFM3
2023-05-24 22:00:00+00:00,34,1,687964,108.3671875,108.5,108.3515625,108.4140625,10422,ZFM3
2023-05-24 23:00:00+00:00,34,1,687964,108.4140625,108.4296875,108.375,108.390625,3196,ZFM3
2023-05-25 00:00:00+00:00,34,1,687964,108.3828125,108.4296875,108.375,108.3984375,5057,ZFM3
2023-05-25 01:00:00+00:00,34,1,687964,108.390625,108.40625,108.28125,108.3046875,19605,ZFM3
2023-05-25 02:00:00+00:00,34,1,687964,108.3046875,108.3125,108.2578125,108.2890625,12556,ZFM3
2023-05-25 03:00:00+00:00,34,1,687964,108.28125,108.2890625,108.265625,108.2734375,6045,ZFM3
2023-05-25 04:00:00+00:00,34,1,687964,108.28125,108.296875,108.2578125,108.296875,3801,ZFM3
2023-05-25 05:00:00+00:00,34,1,687964,108.296875,108.3125,108.28125,108.2890625,4460,ZFM3
2023-05-25 06:00:00+00:00,34,1,687964,108.28125,108.3515625,108.2734375,108.28125,29009,ZFM3
2023-05-25 07:00:00+00:00,34,1,687964,108.2890625,108.3671875,108.2578125,108.34375,32712,ZFM3
2023-05-25 08:00:00+00:00,34,1,687964,108.34375,108.3515625,108.265625,108.28125,25316,ZFM3
2023-05-25 09:00:00+00:00,34,1,687964,108.28125,108.28125,108.1796875,108.21875,30649,ZFM3
2023-05-25 10:00:00+00:00,34,1,687964,108.21875,108.2578125,108.1875,108.2109375,17842,ZFM3
2023-05-25 11:00:00+00:00,34,1,687964,108.2109375,108.2734375,108.125,108.2734375,56157,ZFM3
2023-05-25 12:00:00+00:00,34,1,687964,108.2734375,108.359375,107.890625,108.015625,273775,ZFM3
2023-05-25 13:00:00+00:00,34,1,687964,108.0078125,108.2265625,107.96875,108.0546875,136811,ZFM3
2023-05-25 14:00:00+00:00,34,1,687964,108.0546875,108.1953125,108.03125,108.0859375,96071,ZFM3
2023-05-25 15:00:00+00:00,34,1,687964,108.0859375,108.140625,107.9921875,108.046875,108885,ZFM3
2023-05-25 16:00:00+00:00,34,1,687964,108.046875,108.0625,107.9296875,107.953125,122874,ZFM3
2023-05-25 17:00:00+00:00,34,1,687964,107.953125,108.0,107.9296875,107.96875,58864,ZFM3
2023-05-25 18:00:00+00:00,34,1,687964,107.9609375,107.9609375,107.8359375,107.8359375,99911,ZFM3
2023-05-25 19:00:00+00:00,34,1,687964,107.84375,107.84375,107.7421875,107.7734375,102227,ZFM3
2023-05-25 20:00:00+00:00,34,1,687964,107.7734375,107.78125,107.734375,107.7578125,34875,ZFM3
2023-05-25 22:00:00+00:00,34,1,687964,107.7578125,107.796875,107.7421875,107.78125,4820,ZFM3
2023-05-25 23:00:00+00:00,34,1,687964,107.78125,107.78125,107.7265625,107.75,4696,ZFM3
2023-05-26 00:00:00+00:00,34,1,687964,107.75,107.7734375,107.7109375,107.71875,7831,ZFM3
2023-05-26 01:00:00+00:00,34,1,687964,107.7109375,107.8046875,107.703125,107.7890625,7613,ZFM3
2023-05-26 02:00:00+00:00,34,1,687964,107.78125,107.8125,107.7734375,107.8125,4971,ZFM3
2023-05-26 03:00:00+00:00,34,1,687964,107.8046875,107.8203125,107.796875,107.8203125,5844,ZFM3
2023-05-26 04:00:00+00:00,34,1,687964,107.8125,107.8359375,107.8046875,107.8125,8612,ZFM3
2023-05-26 05:00:00+00:00,34,1,687964,107.8125,107.84375,107.8125,107.8203125,6034,ZFM3
2023-05-26 06:00:00+00:00,34,1,687964,107.8125,107.859375,107.7890625,107.859375,18566,ZFM3
2023-05-26 07:00:00+00:00,34,1,687964,107.8515625,107.9375,107.7734375,107.9296875,40884,ZFM3
2023-05-26 08:00:00+00:00,34,1,687964,107.9296875,107.9375,107.859375,107.8828125,22618,ZFM3
2023-05-26 09:00:00+00:00,34,1,687964,107.875,107.9453125,107.859375,107.9296875,14966,ZFM3
2023-05-26 10:00:00+00:00,34,1,687964,107.9296875,107.9453125,107.8828125,107.9375,15677,ZFM3
2023-05-26 11:00:00+00:00,34,1,687964,107.9296875,107.9296875,107.859375,107.8671875,26313,ZFM3
2023-05-26 12:00:00+00:00,34,1,687964,107.8671875,108.0,107.5078125,107.625,165236,ZFM3
2023-05-26 13:00:00+00:00,34,1,687964,107.6171875,107.640625,107.53125,107.546875,73996,ZFM3
2023-05-26 14:00:00+00:00,34,1,687964,107.5546875,107.7578125,107.5234375,107.5390625,114054,ZFM3
2023-05-26 15:00:00+00:00,34,1,687964,107.5390625,107.546875,107.390625,107.5,99244,ZFM3
2023-05-26 16:00:00+00:00,34,1,687964,107.5,107.5703125,107.4765625,107.5703125,48081,ZFM3
2023-05-26 17:00:00+00:00,34,1,687964,107.5703125,107.6640625,107.5703125,107.65625,38716,ZFM3
2023-05-26 18:00:00+00:00,34,1,687964,107.6484375,107.671875,107.6171875,107.625,14198,ZFM3
2023-05-26 19:00:00+00:00,34,1,687964,107.625,107.6875,107.625,107.6796875,13208,ZFM3
2023-05-26 20:00:00+00:00,34,1,687964,107.6875,107.6875,107.6171875,107.6171875,7964,ZFM3
2023-05-28 22:00:00+00:00,34,1,687964,107.5625,107.5625,107.3359375,107.4765625,5748,ZFM3
2023-05-28 23:00:00+00:00,34,1,687964,107.4765625,107.5,107.453125,107.4609375,821,ZFM3
2023-05-29 00:00:00+00:00,34,1,687964,107.4609375,107.515625,107.4375,107.5,2840,ZFM3
2023-05-29 01:00:00+00:00,34,1,687964,107.4921875,107.546875,107.4921875,107.53125,2159,ZFM3
2023-05-29 02:00:00+00:00,34,1,687964,107.53125,107.546875,107.5078125,107.5078125,1185,ZFM3
2023-05-29 03:00:00+00:00,34,1,687964,107.5078125,107.5078125,107.4609375,107.4609375,1096,ZFM3
2023-05-29 04:00:00+00:00,34,1,687964,107.4609375,107.4765625,107.453125,107.453125,1137,ZFM3
2023-05-29 05:00:00+00:00,34,1,687964,107.453125,107.4765625,107.453125,107.4765625,660,ZFM3
2023-05-29 06:00:00+00:00,34,1,687964,107.46875,107.5078125,107.4609375,107.4921875,3358,ZFM3
2023-05-29 07:00:00+00:00,34,1,687964,107.4921875,107.5078125,107.46875,107.5,1679,ZFM3
2023-05-29 08:00:00+00:00,34,1,687964,107.5,107.5859375,107.4609375,107.578125,7207,ZFM3
2023-05-29 09:00:00+00:00,34,1,687964,107.578125,107.6953125,107.5546875,107.6875,4091,ZFM3
2023-05-29 10:00:00+00:00,34,1,687964,107.6875,107.6875,107.609375,107.625,3864,ZFM3
2023-05-29 11:00:00+00:00,34,1,687964,107.6171875,107.6640625,107.6171875,107.6640625,1521,ZFM3
2023-05-29 12:00:00+00:00,34,1,687964,107.65625,107.71875,107.65625,107.6875,2791,ZFM3
2023-05-29 13:00:00+00:00,34,1,687964,107.6875,107.703125,107.6640625,107.6796875,2146,ZFM3
2023-05-29 14:00:00+00:00,34,1,687964,107.6796875,107.703125,107.6796875,107.6953125,2851,ZFM3
2023-05-29 15:00:00+00:00,34,1,687964,107.6875,107.6875,107.6484375,107.6640625,3215,ZFM3
2023-05-29 16:00:00+00:00,34,1,687964,107.65625,107.6640625,107.625,107.640625,2499,ZFM3
2023-05-29 22:00:00+00:00,34,1,687964,107.6328125,107.640625,107.609375,107.640625,1477,ZFM3
2023-05-29 23:00:00+00:00,34,1,687964,107.625,107.6875,107.625,107.6796875,2242,ZFM3
2023-05-30 00:00:00+00:00,34,1,687964,107.6796875,107.7265625,107.65625,107.71875,3838,ZFM3
2023-05-30 01:00:00+00:00,34,1,687964,107.7109375,107.7421875,107.6953125,107.734375,3757,ZFM3
2023-05-30 02:00:00+00:00,34,1,687964,107.734375,107.7578125,107.734375,107.7421875,2684,ZFM3
2023-05-30 03:00:00+00:00,34,1,687964,107.734375,107.7734375,107.734375,107.7421875,1824,ZFM3
2023-05-30 04:00:00+00:00,34,1,687964,107.7421875,107.7421875,107.7109375,107.734375,1607,ZFM3
2023-05-30 05:00:00+00:00,34,1,687964,107.71875,107.7265625,107.671875,107.6796875,1257,ZFM3
2023-05-30 06:00:00+00:00,34,1,687964,107.6796875,107.7421875,107.65625,107.7265625,4732,ZFM3
2023-05-30 07:00:00+00:00,34,1,687964,107.734375,107.921875,107.734375,107.90625,18251,ZFM3
2023-05-30 08:00:00+00:00,34,1,687964,107.8984375,107.8984375,107.84375,107.859375,6626,ZFM3
2023-05-30 09:00:00+00:00,34,1,687964,107.859375,107.984375,107.8125,107.9453125,9148,ZFM3
2023-05-30 10:00:00+00:00,34,1,687964,107.9375,107.9921875,107.9140625,107.9765625,6674,ZFM3
2023-05-30 11:00:00+00:00,34,1,687964,107.984375,108.015625,107.921875,108.015625,11740,ZFM3
2023-05-30 12:00:00+00:00,34,1,687964,108.015625,108.0703125,107.8671875,107.8828125,32720,ZFM3
2023-05-30 13:00:00+00:00,34,1,687964,107.890625,107.890625,107.7734375,107.8515625,41230,ZFM3
2023-05-30 14:00:00+00:00,34,1,687964,107.8359375,107.9921875,107.8125,107.9921875,31942,ZFM3
2023-05-30 15:00:00+00:00,34,1,687964,107.9921875,108.0703125,107.9921875,108.0390625,23103,ZFM3
2023-05-30 16:00:00+00:00,34,1,687964,108.0390625,108.0859375,108.0078125,108.015625,13314,ZFM3
2023-05-30 17:00:00+00:00,34,1,687964,108.0078125,108.1171875,108.0078125,108.1015625,11467,ZFM3
2023-05-30 18:00:00+00:00,34,1,687964,108.1015625,108.109375,108.0390625,108.0859375,19867,ZFM3
2023-05-30 19:00:00+00:00,34,1,687964,108.0859375,108.203125,108.078125,108.1953125,12625,ZFM3
2023-05-30 20:00:00+00:00,34,1,687964,108.1953125,108.1953125,108.1015625,108.1640625,6046,ZFM3
2023-05-30 22:00:00+00:00,34,1,687964,108.125,108.1328125,108.0859375,108.109375,408,ZFM3
2023-05-30 23:00:00+00:00,34,1,687964,108.1171875,108.125,108.1015625,108.125,65,ZFM3
2023-05-31 00:00:00+00:00,34,1,687964,108.1328125,108.15625,108.125,108.1484375,258,ZFM3
2023-05-31 01:00:00+00:00,34,1,687964,108.1640625,108.21875,108.140625,108.1875,323,ZFM3
2023-05-31 02:00:00+00:00,34,1,687964,108.171875,108.1953125,108.1640625,108.171875,397,ZFM3
2023-05-31 03:00:00+00:00,34,1,687964,108.203125,108.203125,108.1875,108.203125,64,ZFM3
2023-05-31 04:00:00+00:00,34,1,687964,108.1953125,108.1953125,108.1796875,108.1796875,89,ZFM3
2023-05-31 05:00:00+00:00,34,1,687964,108.203125,108.3203125,108.203125,108.265625,766,ZFM3
2023-05-31 06:00:00+00:00,34,1,687964,108.2734375,108.40625,108.265625,108.3359375,934,ZFM3
2023-05-31 07:00:00+00:00,34,1,687964,108.3359375,108.3359375,108.2578125,108.265625,1727,ZFM3
2023-05-31 08:00:00+00:00,34,1,687964,108.265625,108.3046875,108.2421875,108.265625,1480,ZFM3
2023-05-31 09:00:00+00:00,34,1,687964,108.265625,108.328125,108.2265625,108.3125,1159,ZFM3
2023-05-31 10:00:00+00:00,34,1,687964,108.3203125,108.34375,108.296875,108.3046875,540,ZFM3
2023-05-31 11:00:00+00:00,34,1,687964,108.3203125,108.375,108.3046875,108.3671875,1429,ZFM3
2023-05-31 12:00:00+00:00,34,1,687964,108.3671875,108.390625,108.2734375,108.2890625,3386,ZFM3
2023-05-31 13:00:00+00:00,34,1,687964,108.2890625,108.46875,108.2578125,108.4453125,3952,ZFM3
2023-05-31 14:00:00+00:00,34,1,687964,108.4453125,108.4453125,108.1484375,108.359375,9007,ZFM3
2023-05-31 15:00:00+00:00,34,1,687964,108.3671875,108.3671875,108.2734375,108.2734375,1952,ZFM3
2023-05-31 16:00:00+00:00,34,1,687964,108.2734375,108.34375,108.2109375,108.34375,1586,ZFM3
2023-05-31 17:00:00+00:00,34,1,687964,108.328125,108.4765625,108.3125,108.4296875,3106,ZFM3
2023-05-31 18:00:00+00:00,34,1,687964,108.4296875,108.5,108.4296875,108.4609375,3437,ZFM3
2023-05-31 19:00:00+00:00,34,1,687964,108.4609375,108.578125,108.421875,108.4453125,3813,ZFM3
2023-05-31 20:00:00+00:00,34,1,687964,108.4453125,108.4765625,108.40625,108.4296875,2084,ZFM3
2023-05-31 22:00:00+00:00,34,1,687964,108.4609375,108.4609375,108.4453125,108.4453125,65,ZFM3
2023-05-31 23:00:00+00:00,34,1,687964,108.453125,108.46875,108.4453125,108.4609375,32,ZFM3
2023-06-01 00:00:00+00:00,34,1,687964,108.484375,108.5,108.484375,108.484375,125,ZFM3
2023-06-01 01:00:00+00:00,34,1,687964,108.4453125,108.453125,108.328125,108.34375,687,ZFM3
2023-06-01 02:00:00+00:00,34,1,687964,108.3359375,108.3515625,108.265625,108.28125,444,ZFM3
2023-06-01 03:00:00+00:00,34,1,687964,108.296875,108.296875,108.2734375,108.2734375,57,ZFM3
2023-06-01 04:00:00+00:00,34,1,687964,108.265625,108.2890625,108.265625,108.2890625,74,ZFM3
2023-06-01 06:00:00+00:00,34,1,687964,108.2734375,108.3046875,108.265625,108.265625,225,ZFM3
2023-06-01 07:00:00+00:00,34,1,687964,108.28125,108.28125,108.1953125,108.2109375,611,ZFM3
2023-06-01 08:00:00+00:00,34,1,687964,108.21875,108.28125,108.203125,108.25,418,ZFM3
2023-06-01 09:00:00+00:00,34,1,687964,108.2578125,108.296875,108.234375,108.2578125,490,ZFM3
2023-06-01 10:00:00+00:00,34,1,687964,108.2578125,108.3125,108.2578125,108.3125,227,ZFM3
2023-06-01 11:00:00+00:00,34,1,687964,108.3359375,108.4453125,108.3203125,108.4453125,51,ZFM3
2023-06-01 12:00:00+00:00,34,1,687964,108.421875,108.65625,108.2578125,108.65625,1072,ZFM3
2023-06-01 13:00:00+00:00,34,1,687964,108.671875,108.71875,108.625,108.703125,662,ZFM3
2023-06-01 14:00:00+00:00,34,1,687964,108.7265625,108.9609375,108.6171875,108.6484375,2210,ZFM3
2023-06-01 15:00:00+00:00,34,1,687964,108.640625,108.6953125,108.625,108.6796875,327,ZFM3
2023-06-01 16:00:00+00:00,34,1,687964,108.6796875,108.6875,108.625,108.640625,502,ZFM3
2023-06-01 17:00:00+00:00,34,1,687964,108.625,108.7109375,108.6171875,108.6796875,423,ZFM3
2023-06-01 18:00:00+00:00,34,1,687964,108.6875,108.71875,108.6796875,108.703125,408,ZFM3
2023-06-01 19:00:00+00:00,34,1,687964,108.703125,108.7421875,108.6796875,108.6953125,1568,ZFM3
2023-06-01 20:00:00+00:00,34,1,687964,108.703125,108.7109375,108.6796875,108.7109375,87,ZFM3
2023-06-01 22:00:00+00:00,34,1,687964,108.71875,108.71875,108.71875,108.71875,2,ZFM3
2023-06-02 00:00:00+00:00,34,1,687964,108.6796875,108.6796875,108.6796875,108.6796875,17,ZFM3
2023-06-02 01:00:00+00:00,34,1,687964,108.6484375,108.6484375,108.6328125,108.6328125,6,ZFM3
2023-06-02 02:00:00+00:00,34,1,687964,108.640625,108.640625,108.640625,108.640625,8,ZFM3
2023-06-02 06:00:00+00:00,34,1,687964,108.6171875,108.671875,108.609375,108.671875,45,ZFM3
2023-06-02 07:00:00+00:00,34,1,687964,108.671875,108.6796875,108.65625,108.6796875,58,ZFM3
2023-06-02 08:00:00+00:00,34,1,687964,108.6640625,108.671875,108.6640625,108.671875,8,ZFM3
2023-06-02 09:00:00+00:00,34,1,687964,108.65625,108.65625,108.6484375,108.6484375,6,ZFM3
2023-06-02 10:00:00+00:00,34,1,687964,108.65625,108.6640625,108.640625,108.6640625,63,ZFM3
2023-06-02 11:00:00+00:00,34,1,687964,108.6640625,108.7109375,108.65625,108.6875,114,ZFM3
2023-06-02 12:00:00+00:00,34,1,687964,108.6796875,108.6953125,108.0625,108.40625,1216,ZFM3
2023-06-02 13:00:00+00:00,34,1,687964,108.421875,108.53125,108.3203125,108.3203125,989,ZFM3
2023-06-02 14:00:00+00:00,34,1,687964,108.3359375,108.3359375,108.1953125,108.265625,783,ZFM3
2023-06-02 15:00:00+00:00,34,1,687964,108.265625,108.2734375,108.15625,108.1796875,180,ZFM3
2023-06-02 16:00:00+00:00,34,1,687964,108.1796875,108.1875,108.09375,108.140625,620,ZFM3
2023-06-02 17:00:00+00:00,34,1,687964,108.140625,108.171875,108.0390625,108.0390625,335,ZFM3
2023-06-02 18:00:00+00:00,34,1,687964,108.046875,108.0859375,108.0078125,108.078125,669,ZFM3
2023-06-02 19:00:00+00:00,34,1,687964,108.078125,108.0859375,108.0546875,108.0703125,424,ZFM3
2023-06-02 20:00:00+00:00,34,1,687964,108.0390625,108.0703125,108.0390625,108.0703125,2,ZFM3
2023-06-04 22:00:00+00:00,34,1,687964,107.9765625,107.9765625,107.9765625,107.9765625,2,ZFM3
2023-06-05 01:00:00+00:00,34,1,687964,107.9375,107.9375,107.8984375,107.8984375,3,ZFM3
2023-06-05 07:00:00+00:00,34,1,687964,107.828125,107.828125,107.828125,107.828125,17,ZFM3
2023-06-05 08:00:00+00:00,34,1,687964,107.8671875,107.8828125,107.8359375,107.8359375,30,ZFM3
2023-06-05 11:00:00+00:00,34,1,687964,107.84375,107.84375,107.84375,107.84375,2,ZFM3
2023-06-05 12:00:00+00:00,34,1,687964,107.8203125,107.8203125,107.8203125,107.8203125,2,ZFM3
2023-06-05 13:00:00+00:00,34,1,687964,107.828125,107.8359375,107.734375,107.7421875,349,ZFM3
2023-06-05 14:00:00+00:00,34,1,687964,107.921875,108.3046875,107.9140625,108.109375,171,ZFM3
2023-06-05 15:00:00+00:00,34,1,687964,108.0703125,108.140625,108.0703125,108.1171875,206,ZFM3
2023-06-05 16:00:00+00:00,34,1,687964,108.15625,108.1640625,108.0546875,108.0703125,56,ZFM3
2023-06-05 17:00:00+00:00,34,1,687964,108.03125,108.0703125,108.015625,108.0625,37,ZFM3
2023-06-05 18:00:00+00:00,34,1,687964,108.0546875,108.1484375,108.0546875,108.140625,328,ZFM3
2023-06-05 19:00:00+00:00,34,1,687964,108.1484375,108.171875,108.109375,108.1484375,118,ZFM3
2023-06-05 20:00:00+00:00,34,1,687964,108.1484375,108.1875,108.1484375,108.1875,21,ZFM3
2023-06-06 10:00:00+00:00,34,1,687964,108.3046875,108.3046875,108.3046875,108.3046875,1,ZFM3
2023-06-06 13:00:00+00:00,34,1,687964,108.078125,108.078125,108.078125,108.078125,5,ZFM3
2023-06-07 10:00:00+00:00,34,1,687964,108.1328125,108.1328125,108.1328125,108.1328125,1,ZFM3
2023-06-07 12:00:00+00:00,34,1,687964,108.03125,108.03125,108.03125,108.03125,3,ZFM3
2023-06-07 13:00:00+00:00,34,1,687964,107.984375,107.984375,107.984375,107.984375,1,ZFM3
2023-06-07 14:00:00+00:00,34,1,687964,107.9609375,108.0,107.78125,107.78125,51,ZFM3
2023-06-07 15:00:00+00:00,34,1,687964,107.6796875,107.6796875,107.6484375,107.6796875,202,ZFM3
2023-06-07 16:00:00+00:00,34,1,687964,107.625,107.6484375,107.625,107.6484375,92,ZFM3
2023-06-07 17:00:00+00:00,34,1,687964,107.6875,107.6953125,107.6875,107.6953125,30,ZFM3
2023-06-07 19:00:00+00:00,34,1,687964,107.78125,107.78125,107.6875,107.734375,64,ZFM3
2023-06-08 12:00:00+00:00,34,1,687964,107.875,107.9375,107.8671875,107.8671875,32,ZFM3
2023-06-08 14:00:00+00:00,34,1,687964,108.0078125,108.0625,107.9765625,108.0625,51,ZFM3
2023-06-08 15:00:00+00:00,34,1,687964,107.9921875,108.0234375,107.9921875,108.0234375,7,ZFM3
2023-06-08 16:00:00+00:00,34,1,687964,108.0625,108.0625,107.984375,107.984375,13,ZFM3
2023-06-08 17:00:00+00:00,34,1,687964,107.984375,107.984375,107.984375,107.984375,2,ZFM3
2023-06-08 19:00:00+00:00,34,1,687964,108.0234375,108.0234375,108.0234375,108.0234375,1,ZFM3
2023-06-08 20:00:00+00:00,34,1,687964,108.03125,108.03125,108.03125,108.03125,1,ZFM3
2023-06-09 09:00:00+00:00,34,1,687964,107.8828125,107.9296875,107.8828125,107.9296875,200,ZFM3
2023-06-09 13:00:00+00:00,34,1,687964,107.8203125,107.8203125,107.671875,107.703125,157,ZFM3
2023-06-09 14:00:00+00:00,34,1,687964,107.7109375,107.7421875,107.6875,107.703125,18,ZFM3
2023-06-09 16:00:00+00:00,34,1,687964,107.7421875,107.7578125,107.7421875,107.7578125,6,ZFM3
2023-06-09 18:00:00+00:00,34,1,687964,107.7734375,107.7734375,107.7734375,107.7734375,3,ZFM3
2023-06-09 19:00:00+00:00,34,1,687964,107.7265625,107.7265625,107.6796875,107.6796875,5,ZFM3
2023-06-12 12:00:00+00:00,34,1,687964,107.765625,107.765625,107.765625,107.765625,1,ZFM3
2023-06-12 13:00:00+00:00,34,1,687964,107.796875,107.796875,107.796875,107.796875,1,ZFM3
2023-06-12 14:00:00+00:00,34,1,687964,107.6328125,107.6328125,107.6328125,107.6328125,6,ZFM3
2023-06-12 15:00:00+00:00,34,1,687964,107.6640625,107.703125,107.6640625,107.703125,2,ZFM3
2023-06-12 17:00:00+00:00,34,1,687964,107.671875,107.7734375,107.3671875,107.7734375,32,ZFM3
2023-06-12 18:00:00+00:00,34,1,687964,107.7734375,107.8046875,107.7734375,107.8046875,36,ZFM3
2023-06-13 09:00:00+00:00,34,1,687964,107.9140625,107.9140625,107.9140625,107.9140625,1,ZFM3
2023-06-13 12:00:00+00:00,34,1,687964,107.859375,108.15625,107.671875,108.15625,411,ZFM3
2023-06-13 13:00:00+00:00,34,1,687964,107.9375,107.9375,107.9375,107.9375,75,ZFM3
2023-06-13 14:00:00+00:00,34,1,687964,107.7265625,107.8359375,107.6875,107.8359375,362,ZFM3
2023-06-13 15:00:00+00:00,34,1,687964,107.75,107.75,107.75,107.75,1,ZFM3
2023-06-13 18:00:00+00:00,34,1,687964,107.3671875,107.3671875,107.3359375,107.3359375,8,ZFM3
2023-06-13 22:00:00+00:00,34,1,687964,107.421875,107.421875,107.421875,107.421875,3,ZFM3
2023-06-14 08:00:00+00:00,34,1,687964,107.5,107.5,107.484375,107.484375,3,ZFM3
2023-06-14 09:00:00+00:00,34,1,687964,107.484375,107.484375,107.484375,107.484375,3,ZFM3
2023-06-14 13:00:00+00:00,34,1,687964,107.5859375,107.5859375,107.5859375,107.5859375,1,ZFM3
2023-06-14 17:00:00+00:00,34,1,687964,107.515625,107.515625,107.515625,107.515625,15,ZFM3
2023-06-14 18:00:00+00:00,34,1,687964,107.5234375,107.5234375,107.0625,107.09375,228,ZFM3
2023-06-14 19:00:00+00:00,34,1,687964,107.1015625,107.1015625,107.0859375,107.0859375,12,ZFM3
2023-06-15 01:00:00+00:00,34,1,687964,107.3046875,107.3125,107.3046875,107.3125,4,ZFM3
2023-06-15 03:00:00+00:00,34,1,687964,107.21875,107.21875,107.21875,107.21875,5,ZFM3
2023-06-15 11:00:00+00:00,34,1,687964,107.171875,107.171875,107.171875,107.171875,45,ZFM3
2023-06-15 13:00:00+00:00,34,1,687964,107.6640625,107.6640625,107.6640625,107.6640625,1,ZFM3
2023-06-15 14:00:00+00:00,34,1,687964,107.75,107.75,107.6640625,107.6640625,370,ZFM3
2023-06-15 15:00:00+00:00,34,1,687964,107.6640625,107.6640625,107.6015625,107.6015625,42,ZFM3
2023-06-15 16:00:00+00:00,34,1,687964,107.6875,107.6875,107.6875,107.6875,14,ZFM3
2023-06-15 17:00:00+00:00,34,1,687964,107.7421875,107.7421875,107.6953125,107.7265625,35,ZFM3
2023-06-15 18:00:00+00:00,34,1,687964,107.7421875,107.7421875,107.7421875,107.7421875,1,ZFM3
2023-06-16 02:00:00+00:00,34,1,687964,107.6484375,107.6484375,107.6484375,107.6484375,5,ZFM3
2023-06-16 05:00:00+00:00,34,1,687964,107.640625,107.65625,107.640625,107.65625,2,ZFM3
2023-06-16 14:00:00+00:00,34,1,687964,107.3671875,107.453125,107.3671875,107.453125,6,ZFM3
2023-06-19 10:00:00+00:00,34,1,687964,107.3046875,107.3046875,107.3046875,107.3046875,2,ZFM3
2023-06-20 10:00:00+00:00,34,1,687964,107.375,107.390625,107.359375,107.375,62,ZFM3
2023-06-20 12:00:00+00:00,34,1,687964,107.4609375,107.4609375,107.4296875,107.4296875,5,ZFM3
2023-06-20 15:00:00+00:00,34,1,687964,107.625,107.625,107.625,107.625,1,ZFM3
2023-06-21 11:00:00+00:00,34,1,687964,107.5,107.5,107.453125,107.453125,2,ZFM3
2023-06-21 18:00:00+00:00,34,1,687964,107.625,107.6328125,107.625,107.6328125,16,ZFM3
2023-06-21 19:00:00+00:00,34,1,687964,107.5703125,107.5703125,107.5703125,107.5703125,1,ZFM3
2023-06-21 20:00:00+00:00,34,1,687964,107.5703125,107.5703125,107.5703125,107.5703125,1,ZFM3
2023-06-22 12:00:00+00:00,34,1,687964,107.4765625,107.4765625,107.46875,107.46875,5,ZFM3
2023-06-26 19:00:00+00:00,34,1,687964,107.78125,107.78125,107.78125,107.78125,1,ZFM3
2023-06-28 19:00:00+00:00,34,1,687964,107.71875,107.71875,107.71875,107.71875,10,ZFM3
2023-06-29 16:00:00+00:00,34,1,687964,106.859375,106.859375,106.859375,106.859375,1,ZFM3
2023-06-30 11:00:00+00:00,34,1,687964,106.8359375,106.8359375,106.8359375,106.8359375,1,ZFM3
2023-06-30 13:00:00+00:00,34,1,687964,106.96875,106.96875,106.96875,106.96875,1,ZFM3
2023-06-30 14:00:00+00:00,34,1,687964,106.875,106.875,106.875,106.875,3,ZFM3
