ts_event,rtype,publisher_id,instrument_id,open,high,low,close,volume,symbol
2023-06-29 13:00:00+00:00,34,1,410749,107.8515625,107.8515625,107.8515625,107.8515625,3,ZFZ3
2023-06-29 14:00:00+00:00,34,1,410749,107.796875,107.796875,107.796875,107.796875,3,ZFZ3
2023-06-30 19:00:00+00:00,34,1,410749,107.859375,107.859375,107.859375,107.859375,3,ZFZ3
2023-07-07 17:00:00+00:00,34,1,410749,106.859375,106.859375,106.859375,106.859375,1,ZFZ3
2023-07-07 19:00:00+00:00,34,1,410749,106.84375,106.84375,106.84375,106.84375,2,ZFZ3
2023-07-10 14:00:00+00:00,34,1,410749,107.1953125,107.1953125,107.1953125,107.1953125,1,ZFZ3
2023-07-10 15:00:00+00:00,34,1,410749,107.1796875,107.1796875,107.1796875,107.1796875,1,ZFZ3
2023-07-10 16:00:00+00:00,34,1,410749,107.171875,107.171875,107.171875,107.171875,1,ZFZ3
2023-07-12 12:00:00+00:00,34,1,410749,107.859375,107.890625,107.7109375,107.7109375,10,ZFZ3
2023-07-12 13:00:00+00:00,34,1,410749,107.8828125,107.8828125,107.8828125,107.8828125,1,ZFZ3
2023-07-12 14:00:00+00:00,34,1,410749,107.8984375,107.8984375,107.8984375,107.8984375,1,ZFZ3
2023-07-12 15:00:00+00:00,34,1,410749,108.0,108.0,108.0,108.0,1,ZFZ3
2023-07-13 06:00:00+00:00,34,1,410749,108.2734375,108.2734375,108.2734375,108.2734375,1,ZFZ3
2023-07-13 07:00:00+00:00,34,1,410749,108.3046875,108.3046875,108.3046875,108.3046875,1,ZFZ3
2023-07-13 12:00:00+00:00,34,1,410749,108.21875,108.21875,108.21875,108.21875,1,ZFZ3
2023-07-13 15:00:00+00:00,34,1,410749,108.3515625,108.3515625,108.3515625,108.3515625,1,ZFZ3
2023-07-13 20:00:00+00:00,34,1,410749,108.59375,108.59375,108.59375,108.59375,1,ZFZ3
2023-07-13 23:00:00+00:00,34,1,410749,108.40625,108.40625,108.40625,108.40625,1,ZFZ3
2023-07-14 00:00:00+00:00,34,1,410749,108.5390625,108.5390625,108.5390625,108.5390625,1,ZFZ3
2023-07-14 12:00:00+00:00,34,1,410749,108.484375,108.484375,108.484375,108.484375,55,ZFZ3
2023-07-14 13:00:00+00:00,34,1,410749,108.40625,108.4296875,108.40625,108.4296875,18,ZFZ3
2023-07-14 14:00:00+00:00,34,1,410749,108.2734375,108.375,108.25,108.375,5,ZFZ3
2023-07-14 19:00:00+00:00,34,1,410749,108.1484375,108.1484375,108.140625,108.140625,5,ZFZ3
2023-07-14 20:00:00+00:00,34,1,410749,108.15625,108.15625,108.15625,108.15625,1,ZFZ3
2023-07-17 11:00:00+00:00,34,1,410749,108.3359375,108.3359375,108.3359375,108.3359375,1,ZFZ3
2023-07-17 15:00:00+00:00,34,1,410749,108.2578125,108.2734375,108.2578125,108.2734375,10,ZFZ3
2023-07-18 08:00:00+00:00,34,1,410749,108.546875,108.546875,108.4921875,108.4921875,11,ZFZ3
2023-07-18 12:00:00+00:00,34,1,410749,108.578125,108.578125,108.578125,108.578125,2,ZFZ3
2023-07-18 16:00:00+00:00,34,1,410749,108.3515625,108.3515625,108.3515625,108.3515625,1,ZFZ3
2023-07-19 06:00:00+00:00,34,1,410749,108.609375,108.609375,108.5546875,108.5546875,14,ZFZ3
2023-07-19 13:00:00+00:00,34,1,410749,108.5234375,108.5234375,108.5234375,108.5234375,1,ZFZ3
2023-07-19 14:00:00+00:00,34,1,410749,108.359375,108.390625,108.359375,108.390625,2,ZFZ3
2023-07-19 15:00:00+00:00,34,1,410749,108.296875,108.296875,108.296875,108.296875,55,ZFZ3
2023-07-20 08:00:00+00:00,34,1,410749,108.171875,108.171875,108.171875,108.171875,2,ZFZ3
2023-07-20 14:00:00+00:00,34,1,410749,107.8359375,107.8359375,107.828125,107.828125,2,ZFZ3
2023-07-20 15:00:00+00:00,34,1,410749,107.796875,107.796875,107.796875,107.796875,1,ZFZ3
2023-07-20 16:00:00+00:00,34,1,410749,107.75,107.75,107.75,107.75,1,ZFZ3
2023-07-21 04:00:00+00:00,34,1,410749,107.859375,107.859375,107.84375,107.84375,3,ZFZ3
2023-07-21 12:00:00+00:00,34,1,410749,107.9609375,107.96875,107.9609375,107.96875,4,ZFZ3
2023-07-21 14:00:00+00:00,34,1,410749,107.953125,107.953125,107.8828125,107.8828125,7,ZFZ3
2023-07-21 17:00:00+00:00,34,1,410749,107.890625,107.890625,107.890625,107.890625,1,ZFZ3
2023-07-21 19:00:00+00:00,34,1,410749,107.875,107.875,107.875,107.875,1,ZFZ3
2023-07-24 02:00:00+00:00,34,1,410749,107.8125,107.8125,107.8125,107.8125,1,ZFZ3
2023-07-24 03:00:00+00:00,34,1,410749,107.8203125,107.8203125,107.8203125,107.8203125,1,ZFZ3
2023-07-24 16:00:00+00:00,34,1,410749,107.84375,107.84375,107.84375,107.84375,1,ZFZ3
2023-07-24 19:00:00+00:00,34,1,410749,107.6484375,107.6484375,107.625,107.625,3,ZFZ3
2023-07-25 00:00:00+00:00,34,1,410749,107.625,107.625,107.609375,107.609375,2,ZFZ3
2023-07-25 04:00:00+00:00,34,1,410749,107.640625,107.640625,107.640625,107.640625,1,ZFZ3
2023-07-25 06:00:00+00:00,34,1,410749,107.578125,107.578125,107.578125,107.578125,2,ZFZ3
2023-07-25 08:00:00+00:00,34,1,410749,107.5390625,107.5390625,107.5390625,107.5390625,1,ZFZ3
2023-07-25 13:00:00+00:00,34,1,410749,107.390625,107.3984375,107.375,107.3984375,5,ZFZ3
2023-07-25 23:00:00+00:00,34,1,410749,107.5,107.5,107.5,107.5,1,ZFZ3
2023-07-26 08:00:00+00:00,34,1,410749,107.5625,107.5625,107.5625,107.5625,1,ZFZ3
2023-07-26 13:00:00+00:00,34,1,410749,107.6171875,107.6171875,107.5625,107.5625,6,ZFZ3
2023-07-26 15:00:00+00:00,34,1,410749,107.5703125,107.5703125,107.5703125,107.5703125,1,ZFZ3
2023-07-26 16:00:00+00:00,34,1,410749,107.5703125,107.5703125,107.5703125,107.5703125,9,ZFZ3
2023-07-26 19:00:00+00:00,34,1,410749,107.71875,107.7421875,107.71875,107.7421875,2,ZFZ3
2023-07-26 20:00:00+00:00,34,1,410749,107.6953125,107.6953125,107.6953125,107.6953125,1,ZFZ3
2023-07-27 04:00:00+00:00,34,1,410749,107.8125,107.8125,107.8125,107.8125,6,ZFZ3
2023-07-27 10:00:00+00:00,34,1,410749,107.7734375,107.7734375,107.7734375,107.7734375,1,ZFZ3
2023-07-27 12:00:00+00:00,34,1,410749,107.7890625,107.796875,107.625,107.625,8,ZFZ3
2023-07-27 13:00:00+00:00,34,1,410749,107.5546875,107.59375,107.46875,107.46875,4,ZFZ3
2023-07-27 14:00:00+00:00,34,1,410749,107.390625,107.3984375,107.25,107.25,13,ZFZ3
2023-07-27 15:00:00+00:00,34,1,410749,107.2421875,107.375,107.2421875,107.375,8,ZFZ3
2023-07-27 16:00:00+00:00,34,1,410749,107.3359375,107.3359375,107.3359375,107.3359375,1,ZFZ3
2023-07-27 18:00:00+00:00,34,1,410749,107.09375,107.09375,107.09375,107.09375,1,ZFZ3
2023-07-27 19:00:00+00:00,34,1,410749,107.09375,107.1328125,107.09375,107.1328125,11,ZFZ3
2023-07-27 20:00:00+00:00,34,1,410749,107.1640625,107.1640625,107.1640625,107.1640625,1,ZFZ3
2023-07-27 23:00:00+00:00,34,1,410749,107.15625,107.15625,107.15625,107.15625,1,ZFZ3
2023-07-28 04:00:00+00:00,34,1,410749,107.0859375,107.0859375,107.0859375,107.0859375,1,ZFZ3
2023-07-28 10:00:00+00:00,34,1,410749,107.390625,107.390625,107.390625,107.390625,8,ZFZ3
2023-07-28 12:00:00+00:00,34,1,410749,107.4921875,107.4921875,107.4921875,107.4921875,1,ZFZ3
2023-07-28 13:00:00+00:00,34,1,410749,107.28125,107.28125,107.28125,107.28125,1,ZFZ3
2023-07-28 14:00:00+00:00,34,1,410749,107.4296875,107.4765625,107.4296875,107.4453125,178,ZFZ3
2023-07-28 15:00:00+00:00,34,1,410749,107.4453125,107.4453125,107.390625,107.390625,16,ZFZ3
2023-07-28 16:00:00+00:00,34,1,410749,107.34375,107.375,107.3359375,107.3359375,23,ZFZ3
2023-07-28 17:00:00+00:00,34,1,410749,107.296875,107.3359375,107.296875,107.3359375,2,ZFZ3
2023-07-30 22:00:00+00:00,34,1,410749,107.4140625,107.4140625,107.390625,107.390625,13,ZFZ3
2023-07-31 07:00:00+00:00,34,1,410749,107.3046875,107.3046875,107.3046875,107.3046875,1,ZFZ3
2023-07-31 08:00:00+00:00,34,1,410749,107.328125,107.3359375,107.328125,107.3359375,250,ZFZ3
2023-07-31 10:00:00+00:00,34,1,410749,107.3203125,107.3203125,107.3203125,107.3203125,1,ZFZ3
2023-07-31 12:00:00+00:00,34,1,410749,107.359375,107.359375,107.359375,107.359375,1,ZFZ3
2023-07-31 13:00:00+00:00,34,1,410749,107.359375,107.3984375,107.359375,107.3984375,3,ZFZ3
2023-07-31 15:00:00+00:00,34,1,410749,107.46875,107.46875,107.421875,107.4296875,51,ZFZ3
2023-07-31 17:00:00+00:00,34,1,410749,107.53125,107.53125,107.515625,107.515625,4,ZFZ3
2023-07-31 18:00:00+00:00,34,1,410749,107.5234375,107.5234375,107.515625,107.515625,25,ZFZ3
2023-07-31 19:00:00+00:00,34,1,410749,107.375,107.484375,107.375,107.484375,27,ZFZ3
2023-07-31 20:00:00+00:00,34,1,410749,107.4375,107.4375,107.4140625,107.4140625,3,ZFZ3
2023-08-01 04:00:00+00:00,34,1,410749,107.40625,107.40625,107.40625,107.40625,2,ZFZ3
2023-08-01 12:00:00+00:00,34,1,410749,107.2890625,107.2890625,107.140625,107.140625,4,ZFZ3
2023-08-01 14:00:00+00:00,34,1,410749,107.140625,107.140625,107.140625,107.140625,1,ZFZ3
2023-08-01 15:00:00+00:00,34,1,410749,107.125,107.1484375,107.109375,107.1484375,37,ZFZ3
2023-08-01 16:00:00+00:00,34,1,410749,107.140625,107.1640625,107.109375,107.109375,78,ZFZ3
2023-08-01 18:00:00+00:00,34,1,410749,107.0859375,107.1171875,107.0859375,107.1015625,57,ZFZ3
2023-08-01 20:00:00+00:00,34,1,410749,107.1953125,107.1953125,107.1796875,107.1796875,20,ZFZ3
2023-08-02 00:00:00+00:00,34,1,410749,107.2890625,107.2890625,107.2890625,107.2890625,6,ZFZ3
2023-08-02 01:00:00+00:00,34,1,410749,107.2734375,107.2734375,107.2734375,107.2734375,30,ZFZ3
2023-08-02 06:00:00+00:00,34,1,410749,107.3203125,107.3359375,107.3046875,107.3046875,51,ZFZ3
2023-08-02 07:00:00+00:00,34,1,410749,107.3046875,107.3046875,107.25,107.25,11,ZFZ3
2023-08-02 08:00:00+00:00,34,1,410749,107.28125,107.28125,107.28125,107.28125,1,ZFZ3
2023-08-02 11:00:00+00:00,34,1,410749,107.3203125,107.3203125,107.3125,107.3125,7,ZFZ3
2023-08-02 12:00:00+00:00,34,1,410749,107.2109375,107.2109375,107.125,107.125,40,ZFZ3
2023-08-02 13:00:00+00:00,34,1,410749,107.125,107.1640625,107.078125,107.140625,26,ZFZ3
2023-08-02 14:00:00+00:00,34,1,410749,107.0625,107.0703125,106.9765625,106.9765625,44,ZFZ3
2023-08-02 15:00:00+00:00,34,1,410749,106.96875,107.0,106.9375,106.9921875,35,ZFZ3
2023-08-02 16:00:00+00:00,34,1,410749,107.0625,107.0625,107.0625,107.0625,3,ZFZ3
2023-08-02 17:00:00+00:00,34,1,410749,107.1640625,107.1640625,107.1484375,107.1484375,15,ZFZ3
2023-08-02 18:00:00+00:00,34,1,410749,107.1015625,107.1328125,107.1015625,107.125,15,ZFZ3
2023-08-02 19:00:00+00:00,34,1,410749,107.1640625,107.171875,107.15625,107.1640625,18,ZFZ3
2023-08-02 20:00:00+00:00,34,1,410749,107.1796875,107.1796875,107.1796875,107.1796875,2,ZFZ3
2023-08-03 01:00:00+00:00,34,1,410749,107.078125,107.078125,107.078125,107.078125,1,ZFZ3
2023-08-03 05:00:00+00:00,34,1,410749,106.9921875,106.9921875,106.9921875,106.9921875,1,ZFZ3
2023-08-03 07:00:00+00:00,34,1,410749,106.921875,106.921875,106.8984375,106.8984375,18,ZFZ3
2023-08-03 10:00:00+00:00,34,1,410749,106.96875,106.96875,106.96875,106.96875,13,ZFZ3
2023-08-03 11:00:00+00:00,34,1,410749,106.8984375,107.0390625,106.8984375,107.0390625,7,ZFZ3
2023-08-03 12:00:00+00:00,34,1,410749,106.9453125,107.03125,106.90625,106.953125,83,ZFZ3
2023-08-03 13:00:00+00:00,34,1,410749,106.8359375,106.890625,106.8203125,106.8671875,97,ZFZ3
2023-08-03 14:00:00+00:00,34,1,410749,106.8828125,106.9765625,106.8828125,106.9296875,91,ZFZ3
2023-08-03 15:00:00+00:00,34,1,410749,106.9921875,106.9921875,106.90625,106.90625,27,ZFZ3
2023-08-03 16:00:00+00:00,34,1,410749,106.9453125,106.9453125,106.9453125,106.9453125,1,ZFZ3
2023-08-03 17:00:00+00:00,34,1,410749,106.8984375,106.90625,106.8984375,106.90625,8,ZFZ3
2023-08-03 18:00:00+00:00,34,1,410749,106.9296875,106.9375,106.921875,106.921875,25,ZFZ3
2023-08-03 19:00:00+00:00,34,1,410749,106.8828125,106.890625,106.859375,106.859375,19,ZFZ3
2023-08-03 20:00:00+00:00,34,1,410749,106.921875,106.921875,106.921875,106.921875,1,ZFZ3
2023-08-04 07:00:00+00:00,34,1,410749,106.8515625,106.8515625,106.8515625,106.8515625,10,ZFZ3
2023-08-04 08:00:00+00:00,34,1,410749,106.796875,106.8046875,106.796875,106.8046875,6,ZFZ3
2023-08-04 09:00:00+00:00,34,1,410749,106.75,106.75,106.7421875,106.7421875,6,ZFZ3
2023-08-04 10:00:00+00:00,34,1,410749,106.7734375,106.78125,106.7421875,106.7421875,9,ZFZ3
2023-08-04 11:00:00+00:00,34,1,410749,106.7890625,106.796875,106.78125,106.796875,15,ZFZ3
2023-08-04 12:00:00+00:00,34,1,410749,106.765625,106.9453125,106.6875,106.9453125,38,ZFZ3
2023-08-04 13:00:00+00:00,34,1,410749,106.96875,107.34375,106.96875,107.296875,141,ZFZ3
2023-08-04 14:00:00+00:00,34,1,410749,107.34375,107.4296875,107.3359375,107.3359375,57,ZFZ3
2023-08-04 15:00:00+00:00,34,1,410749,107.34375,107.3828125,107.34375,107.3828125,8,ZFZ3
2023-08-04 16:00:00+00:00,34,1,410749,107.3671875,107.4453125,107.3671875,107.4375,33,ZFZ3
2023-08-04 17:00:00+00:00,34,1,410749,107.4453125,107.4453125,107.4296875,107.4296875,21,ZFZ3
2023-08-04 18:00:00+00:00,34,1,410749,107.3984375,107.421875,107.3984375,107.421875,19,ZFZ3
2023-08-04 19:00:00+00:00,34,1,410749,107.453125,107.5703125,107.453125,107.5703125,32,ZFZ3
2023-08-04 20:00:00+00:00,34,1,410749,107.5546875,107.5546875,107.5546875,107.5546875,4,ZFZ3
2023-08-06 22:00:00+00:00,34,1,410749,107.5234375,107.5234375,107.5234375,107.5234375,1,ZFZ3
2023-08-07 00:00:00+00:00,34,1,410749,107.4765625,107.4765625,107.4765625,107.4765625,10,ZFZ3
2023-08-07 01:00:00+00:00,34,1,410749,107.40625,107.4296875,107.40625,107.4296875,50,ZFZ3
2023-08-07 03:00:00+00:00,34,1,410749,107.375,107.375,107.375,107.375,1,ZFZ3
2023-08-07 05:00:00+00:00,34,1,410749,107.421875,107.421875,107.421875,107.421875,2,ZFZ3
2023-08-07 06:00:00+00:00,34,1,410749,107.390625,107.390625,107.3828125,107.3828125,7,ZFZ3
2023-08-07 07:00:00+00:00,34,1,410749,107.2734375,107.2734375,107.2578125,107.2578125,7,ZFZ3
2023-08-07 08:00:00+00:00,34,1,410749,107.265625,107.265625,107.265625,107.265625,12,ZFZ3
2023-08-07 09:00:00+00:00,34,1,410749,107.25,107.25,107.25,107.25,5,ZFZ3
2023-08-07 10:00:00+00:00,34,1,410749,107.1875,107.2109375,107.1875,107.2109375,21,ZFZ3
2023-08-07 11:00:00+00:00,34,1,410749,107.3203125,107.3203125,107.3203125,107.3203125,175,ZFZ3
2023-08-07 12:00:00+00:00,34,1,410749,107.28125,107.4375,107.28125,107.4375,11,ZFZ3
2023-08-07 13:00:00+00:00,34,1,410749,107.484375,107.515625,107.4765625,107.515625,23,ZFZ3
2023-08-07 14:00:00+00:00,34,1,410749,107.5234375,107.5234375,107.4453125,107.4453125,9,ZFZ3
2023-08-07 15:00:00+00:00,34,1,410749,107.4375,107.4609375,107.4375,107.4609375,73,ZFZ3
2023-08-07 16:00:00+00:00,34,1,410749,107.4765625,107.484375,107.4765625,107.4765625,13,ZFZ3
2023-08-07 17:00:00+00:00,34,1,410749,107.5078125,107.515625,107.5078125,107.515625,11,ZFZ3
2023-08-07 18:00:00+00:00,34,1,410749,107.5625,107.5625,107.546875,107.546875,28,ZFZ3
2023-08-07 19:00:00+00:00,34,1,410749,107.546875,107.546875,107.4609375,107.4765625,128,ZFZ3
2023-08-07 20:00:00+00:00,34,1,410749,107.453125,107.4609375,107.40625,107.4375,9,ZFZ3
2023-08-08 01:00:00+00:00,34,1,410749,107.515625,107.515625,107.515625,107.515625,1,ZFZ3
2023-08-08 02:00:00+00:00,34,1,410749,107.515625,107.5625,107.515625,107.5546875,62,ZFZ3
2023-08-08 05:00:00+00:00,34,1,410749,107.5859375,107.6484375,107.5859375,107.6484375,107,ZFZ3
2023-08-08 06:00:00+00:00,34,1,410749,107.7109375,107.7109375,107.7109375,107.7109375,6,ZFZ3
2023-08-08 07:00:00+00:00,34,1,410749,107.71875,107.71875,107.671875,107.671875,7,ZFZ3
2023-08-08 09:00:00+00:00,34,1,410749,107.7109375,107.7109375,107.7109375,107.7109375,15,ZFZ3
2023-08-08 10:00:00+00:00,34,1,410749,107.75,107.75,107.75,107.75,1,ZFZ3
2023-08-08 11:00:00+00:00,34,1,410749,107.8125,107.8125,107.7421875,107.7421875,19,ZFZ3
2023-08-08 12:00:00+00:00,34,1,410749,107.765625,107.796875,107.703125,107.71875,133,ZFZ3
2023-08-08 13:00:00+00:00,34,1,410749,107.6796875,107.8203125,107.65625,107.796875,115,ZFZ3
2023-08-08 14:00:00+00:00,34,1,410749,107.7890625,107.8046875,107.7109375,107.7109375,77,ZFZ3
2023-08-08 15:00:00+00:00,34,1,410749,107.6796875,107.6796875,107.640625,107.65625,10,ZFZ3
2023-08-08 16:00:00+00:00,34,1,410749,107.65625,107.6640625,107.6171875,107.6328125,103,ZFZ3
2023-08-08 17:00:00+00:00,34,1,410749,107.703125,107.7265625,107.65625,107.71875,59,ZFZ3
2023-08-08 18:00:00+00:00,34,1,410749,107.6796875,107.6875,107.6640625,107.6875,57,ZFZ3
2023-08-08 19:00:00+00:00,34,1,410749,107.6875,107.7265625,107.6875,107.7265625,14,ZFZ3
2023-08-08 20:00:00+00:00,34,1,410749,107.703125,107.703125,107.6953125,107.703125,38,ZFZ3
2023-08-08 23:00:00+00:00,34,1,410749,107.734375,107.734375,107.734375,107.734375,2,ZFZ3
2023-08-09 00:00:00+00:00,34,1,410749,107.7578125,107.765625,107.7578125,107.765625,20,ZFZ3
2023-08-09 01:00:00+00:00,34,1,410749,107.75,107.75,107.7109375,107.7109375,9,ZFZ3
2023-08-09 05:00:00+00:00,34,1,410749,107.75,107.765625,107.75,107.765625,8,ZFZ3
2023-08-09 06:00:00+00:00,34,1,410749,107.734375,107.734375,107.71875,107.71875,20,ZFZ3
2023-08-09 07:00:00+00:00,34,1,410749,107.65625,107.7109375,107.65625,107.6953125,41,ZFZ3
2023-08-09 08:00:00+00:00,34,1,410749,107.6875,107.703125,107.6875,107.703125,32,ZFZ3
2023-08-09 09:00:00+00:00,34,1,410749,107.71875,107.71875,107.6875,107.6875,34,ZFZ3
2023-08-09 10:00:00+00:00,34,1,410749,107.6875,107.6875,107.625,107.625,58,ZFZ3
2023-08-09 11:00:00+00:00,34,1,410749,107.59375,107.609375,107.59375,107.6015625,42,ZFZ3
2023-08-09 12:00:00+00:00,34,1,410749,107.609375,107.6328125,107.59375,107.609375,120,ZFZ3
2023-08-09 13:00:00+00:00,34,1,410749,107.625,107.7421875,107.625,107.7265625,81,ZFZ3
2023-08-09 14:00:00+00:00,34,1,410749,107.703125,107.78125,107.703125,107.7265625,145,ZFZ3
2023-08-09 15:00:00+00:00,34,1,410749,107.6875,107.765625,107.6875,107.7109375,110,ZFZ3
2023-08-09 16:00:00+00:00,34,1,410749,107.75,107.75,107.75,107.75,5,ZFZ3
2023-08-09 17:00:00+00:00,34,1,410749,107.71875,107.71875,107.640625,107.6875,191,ZFZ3
2023-08-09 18:00:00+00:00,34,1,410749,107.671875,107.671875,107.59375,107.609375,28,ZFZ3
2023-08-09 19:00:00+00:00,34,1,410749,107.6328125,107.6328125,107.6328125,107.6328125,3,ZFZ3
2023-08-09 20:00:00+00:00,34,1,410749,107.6171875,107.6171875,107.5625,107.5625,53,ZFZ3
2023-08-09 22:00:00+00:00,34,1,410749,107.5703125,107.5703125,107.5703125,107.5703125,11,ZFZ3
2023-08-10 00:00:00+00:00,34,1,410749,107.546875,107.546875,107.546875,107.546875,31,ZFZ3
2023-08-10 05:00:00+00:00,34,1,410749,107.5,107.5,107.5,107.5,4,ZFZ3
2023-08-10 07:00:00+00:00,34,1,410749,107.546875,107.5625,107.546875,107.5625,2,ZFZ3
2023-08-10 10:00:00+00:00,34,1,410749,107.59375,107.625,107.578125,107.6015625,76,ZFZ3
2023-08-10 11:00:00+00:00,34,1,410749,107.625,107.640625,107.59375,107.640625,107,ZFZ3
2023-08-10 12:00:00+00:00,34,1,410749,107.671875,107.9375,107.578125,107.796875,195,ZFZ3
2023-08-10 13:00:00+00:00,34,1,410749,107.7890625,107.7890625,107.609375,107.7109375,251,ZFZ3
2023-08-10 14:00:00+00:00,34,1,410749,107.71875,107.734375,107.609375,107.625,367,ZFZ3
2023-08-10 15:00:00+00:00,34,1,410749,107.6171875,107.6328125,107.515625,107.6328125,123,ZFZ3
2023-08-10 16:00:00+00:00,34,1,410749,107.6328125,107.6328125,107.5625,107.578125,133,ZFZ3
2023-08-10 17:00:00+00:00,34,1,410749,107.546875,107.546875,107.265625,107.2890625,336,ZFZ3
2023-08-10 18:00:00+00:00,34,1,410749,107.234375,107.296875,107.203125,107.296875,211,ZFZ3
2023-08-10 19:00:00+00:00,34,1,410749,107.3046875,107.3046875,107.21875,107.21875,125,ZFZ3
2023-08-10 20:00:00+00:00,34,1,410749,107.1875,107.2109375,107.140625,107.171875,611,ZFZ3
2023-08-10 22:00:00+00:00,34,1,410749,107.171875,107.1953125,107.171875,107.1953125,2,ZFZ3
2023-08-11 00:00:00+00:00,34,1,410749,107.1796875,107.1796875,107.1796875,107.1796875,2,ZFZ3
2023-08-11 02:00:00+00:00,34,1,410749,107.203125,107.203125,107.203125,107.203125,2,ZFZ3
2023-08-11 03:00:00+00:00,34,1,410749,107.1640625,107.1640625,107.1640625,107.1640625,10,ZFZ3
2023-08-11 04:00:00+00:00,34,1,410749,107.171875,107.171875,107.171875,107.171875,17,ZFZ3
2023-08-11 05:00:00+00:00,34,1,410749,107.2109375,107.2109375,107.2109375,107.2109375,30,ZFZ3
2023-08-11 06:00:00+00:00,34,1,410749,107.1640625,107.1640625,107.1640625,107.1640625,10,ZFZ3
2023-08-11 10:00:00+00:00,34,1,410749,107.265625,107.265625,107.2421875,107.25,283,ZFZ3
2023-08-11 11:00:00+00:00,34,1,410749,107.25,107.265625,107.234375,107.234375,180,ZFZ3
2023-08-11 12:00:00+00:00,34,1,410749,107.2265625,107.296875,106.890625,106.921875,342,ZFZ3
2023-08-11 13:00:00+00:00,34,1,410749,106.9140625,106.9609375,106.8515625,106.90625,216,ZFZ3
2023-08-11 14:00:00+00:00,34,1,410749,106.96875,107.09375,106.96875,107.078125,285,ZFZ3
2023-08-11 15:00:00+00:00,34,1,410749,107.0546875,107.0546875,106.875,106.9375,187,ZFZ3
2023-08-11 16:00:00+00:00,34,1,410749,106.90625,106.9296875,106.84375,106.8515625,340,ZFZ3
2023-08-11 17:00:00+00:00,34,1,410749,106.8515625,106.890625,106.8203125,106.8203125,214,ZFZ3
2023-08-11 18:00:00+00:00,34,1,410749,106.8671875,106.8671875,106.8203125,106.8203125,1116,ZFZ3
2023-08-11 19:00:00+00:00,34,1,410749,106.8203125,106.8203125,106.7890625,106.8125,134,ZFZ3
2023-08-11 20:00:00+00:00,34,1,410749,106.84375,106.84375,106.828125,106.8359375,54,ZFZ3
2023-08-13 22:00:00+00:00,34,1,410749,106.78125,106.78125,106.7265625,106.7421875,31,ZFZ3
2023-08-13 23:00:00+00:00,34,1,410749,106.7734375,106.7734375,106.7734375,106.7734375,14,ZFZ3
2023-08-14 00:00:00+00:00,34,1,410749,106.765625,106.7734375,106.765625,106.7734375,40,ZFZ3
2023-08-14 01:00:00+00:00,34,1,410749,106.7578125,106.7578125,106.71875,106.71875,61,ZFZ3
2023-08-14 02:00:00+00:00,34,1,410749,106.7265625,106.7265625,106.7265625,106.7265625,11,ZFZ3
2023-08-14 03:00:00+00:00,34,1,410749,106.734375,106.734375,106.734375,106.734375,8,ZFZ3
2023-08-14 05:00:00+00:00,34,1,410749,106.78125,106.796875,106.78125,106.796875,46,ZFZ3
2023-08-14 06:00:00+00:00,34,1,410749,106.8046875,106.8046875,106.796875,106.796875,12,ZFZ3
2023-08-14 09:00:00+00:00,34,1,410749,106.8203125,106.8203125,106.8203125,106.8203125,10,ZFZ3
2023-08-14 12:00:00+00:00,34,1,410749,106.796875,106.796875,106.640625,106.671875,744,ZFZ3
2023-08-14 13:00:00+00:00,34,1,410749,106.640625,106.640625,106.5078125,106.5546875,1028,ZFZ3
2023-08-14 14:00:00+00:00,34,1,410749,106.53125,106.625,106.5078125,106.609375,195,ZFZ3
2023-08-14 15:00:00+00:00,34,1,410749,106.6484375,106.7109375,106.6484375,106.6875,156,ZFZ3
2023-08-14 16:00:00+00:00,34,1,410749,106.6640625,106.75,106.6640625,106.75,665,ZFZ3
2023-08-14 17:00:00+00:00,34,1,410749,106.71875,106.71875,106.6796875,106.6796875,85,ZFZ3
2023-08-14 18:00:00+00:00,34,1,410749,106.671875,106.6953125,106.59375,106.59375,54,ZFZ3
2023-08-14 19:00:00+00:00,34,1,410749,106.578125,106.59375,106.5703125,106.5859375,324,ZFZ3
2023-08-14 20:00:00+00:00,34,1,410749,106.578125,106.578125,106.53125,106.53125,79,ZFZ3
2023-08-14 22:00:00+00:00,34,1,410749,106.5703125,106.5703125,106.5703125,106.5703125,18,ZFZ3
2023-08-15 00:00:00+00:00,34,1,410749,106.515625,106.5234375,106.515625,106.5234375,56,ZFZ3
2023-08-15 01:00:00+00:00,34,1,410749,106.484375,106.5625,106.484375,106.546875,100,ZFZ3
2023-08-15 02:00:00+00:00,34,1,410749,106.578125,106.578125,106.5625,106.5625,529,ZFZ3
2023-08-15 03:00:00+00:00,34,1,410749,106.53125,106.5390625,106.53125,106.5390625,70,ZFZ3
2023-08-15 04:00:00+00:00,34,1,410749,106.5546875,106.5546875,106.5390625,106.5390625,13,ZFZ3
2023-08-15 05:00:00+00:00,34,1,410749,106.5390625,106.5390625,106.515625,106.515625,4,ZFZ3
2023-08-15 06:00:00+00:00,34,1,410749,106.515625,106.515625,106.4296875,106.4453125,106,ZFZ3
2023-08-15 07:00:00+00:00,34,1,410749,106.4765625,106.4765625,106.4453125,106.4609375,149,ZFZ3
2023-08-15 08:00:00+00:00,34,1,410749,106.4453125,106.484375,106.421875,106.484375,102,ZFZ3
2023-08-15 09:00:00+00:00,34,1,410749,106.4375,106.4765625,106.4375,106.46875,59,ZFZ3
2023-08-15 10:00:00+00:00,34,1,410749,106.46875,106.46875,106.421875,106.421875,355,ZFZ3
2023-08-15 11:00:00+00:00,34,1,410749,106.4140625,106.453125,106.40625,106.4296875,218,ZFZ3
2023-08-15 12:00:00+00:00,34,1,410749,106.4296875,106.4375,106.171875,106.359375,596,ZFZ3
2023-08-15 13:00:00+00:00,34,1,410749,106.4140625,106.7265625,106.4140625,106.7109375,778,ZFZ3
2023-08-15 14:00:00+00:00,34,1,410749,106.7109375,106.8046875,106.703125,106.765625,825,ZFZ3
2023-08-15 15:00:00+00:00,34,1,410749,106.765625,106.765625,106.65625,106.6953125,130,ZFZ3
2023-08-15 16:00:00+00:00,34,1,410749,106.703125,106.703125,106.578125,106.6015625,752,ZFZ3
2023-08-15 17:00:00+00:00,34,1,410749,106.6171875,106.640625,106.5859375,106.59375,90,ZFZ3
2023-08-15 18:00:00+00:00,34,1,410749,106.59375,106.59375,106.484375,106.4921875,764,ZFZ3
2023-08-15 19:00:00+00:00,34,1,410749,106.5078125,106.5703125,106.5078125,106.53125,401,ZFZ3
2023-08-15 20:00:00+00:00,34,1,410749,106.515625,106.515625,106.484375,106.5,223,ZFZ3
2023-08-15 22:00:00+00:00,34,1,410749,106.5078125,106.5078125,106.5078125,106.5078125,1,ZFZ3
2023-08-15 23:00:00+00:00,34,1,410749,106.5,106.5234375,106.5,106.5234375,6,ZFZ3
2023-08-16 00:00:00+00:00,34,1,410749,106.515625,106.5546875,106.515625,106.5546875,41,ZFZ3
2023-08-16 01:00:00+00:00,34,1,410749,106.5703125,106.609375,106.5703125,106.609375,223,ZFZ3
2023-08-16 02:00:00+00:00,34,1,410749,106.6015625,106.625,106.6015625,106.6015625,30,ZFZ3
2023-08-16 03:00:00+00:00,34,1,410749,106.6015625,106.6015625,106.6015625,106.6015625,4,ZFZ3
2023-08-16 04:00:00+00:00,34,1,410749,106.59375,106.59375,106.5859375,106.5859375,132,ZFZ3
2023-08-16 05:00:00+00:00,34,1,410749,106.625,106.6875,106.625,106.6875,78,ZFZ3
2023-08-16 06:00:00+00:00,34,1,410749,106.6875,106.7421875,106.671875,106.7265625,208,ZFZ3
2023-08-16 07:00:00+00:00,34,1,410749,106.7265625,106.75,106.6875,106.71875,312,ZFZ3
2023-08-16 08:00:00+00:00,34,1,410749,106.703125,106.7421875,106.6640625,106.7421875,167,ZFZ3
2023-08-16 09:00:00+00:00,34,1,410749,106.7421875,106.765625,106.7109375,106.7109375,65,ZFZ3
2023-08-16 10:00:00+00:00,34,1,410749,106.75,106.75,106.7265625,106.7265625,38,ZFZ3
2023-08-16 11:00:00+00:00,34,1,410749,106.7109375,106.7109375,106.640625,106.6796875,603,ZFZ3
2023-08-16 12:00:00+00:00,34,1,410749,106.6484375,106.6640625,106.53125,106.5625,107,ZFZ3
2023-08-16 13:00:00+00:00,34,1,410749,106.5625,106.6640625,106.5078125,106.59375,741,ZFZ3
2023-08-16 14:00:00+00:00,34,1,410749,106.578125,106.6875,106.578125,106.6328125,497,ZFZ3
2023-08-16 15:00:00+00:00,34,1,410749,106.6171875,106.6171875,106.484375,106.5,554,ZFZ3
2023-08-16 16:00:00+00:00,34,1,410749,106.5234375,106.5234375,106.4296875,106.4453125,568,ZFZ3
2023-08-16 17:00:00+00:00,34,1,410749,106.4375,106.46875,106.3828125,106.4296875,3792,ZFZ3
2023-08-16 18:00:00+00:00,34,1,410749,106.40625,106.453125,106.328125,106.34375,521,ZFZ3
2023-08-16 19:00:00+00:00,34,1,410749,106.3515625,106.3515625,106.28125,106.3046875,285,ZFZ3
2023-08-16 20:00:00+00:00,34,1,410749,106.3125,106.3671875,106.296875,106.359375,114,ZFZ3
2023-08-16 22:00:00+00:00,34,1,410749,106.375,106.40625,106.359375,106.3828125,14,ZFZ3
2023-08-16 23:00:00+00:00,34,1,410749,106.40625,106.4140625,106.40625,106.4140625,2,ZFZ3
2023-08-17 00:00:00+00:00,34,1,410749,106.3203125,106.3203125,106.1953125,106.203125,258,ZFZ3
2023-08-17 01:00:00+00:00,34,1,410749,106.203125,106.21875,106.203125,106.2109375,128,ZFZ3
2023-08-17 02:00:00+00:00,34,1,410749,106.2265625,106.2265625,106.2265625,106.2265625,10,ZFZ3
2023-08-17 03:00:00+00:00,34,1,410749,106.2578125,106.2578125,106.203125,106.203125,111,ZFZ3
2023-08-17 04:00:00+00:00,34,1,410749,106.2109375,106.21875,106.203125,106.203125,17,ZFZ3
2023-08-17 05:00:00+00:00,34,1,410749,106.171875,106.171875,106.1484375,106.15625,41,ZFZ3
2023-08-17 06:00:00+00:00,34,1,410749,106.1640625,106.203125,106.1484375,106.203125,101,ZFZ3
2023-08-17 07:00:00+00:00,34,1,410749,106.1953125,106.3125,106.1953125,106.2890625,374,ZFZ3
2023-08-17 08:00:00+00:00,34,1,410749,106.296875,106.3125,106.265625,106.265625,80,ZFZ3
2023-08-17 09:00:00+00:00,34,1,410749,106.265625,106.3203125,106.265625,106.3203125,19,ZFZ3
2023-08-17 10:00:00+00:00,34,1,410749,106.328125,106.328125,106.2421875,106.2421875,80,ZFZ3
2023-08-17 11:00:00+00:00,34,1,410749,106.265625,106.3515625,106.265625,106.3359375,627,ZFZ3
2023-08-17 12:00:00+00:00,34,1,410749,106.328125,106.3828125,106.234375,106.3359375,769,ZFZ3
2023-08-17 13:00:00+00:00,34,1,410749,106.3515625,106.4296875,106.2890625,106.3046875,352,ZFZ3
2023-08-17 14:00:00+00:00,34,1,410749,106.2890625,106.296875,106.234375,106.25,375,ZFZ3
2023-08-17 15:00:00+00:00,34,1,410749,106.265625,106.28125,106.109375,106.140625,2145,ZFZ3
2023-08-17 16:00:00+00:00,34,1,410749,106.1484375,106.203125,106.109375,106.1875,739,ZFZ3
2023-08-17 17:00:00+00:00,34,1,410749,106.203125,106.203125,106.1171875,106.140625,271,ZFZ3
2023-08-17 18:00:00+00:00,34,1,410749,106.140625,106.25,106.1328125,106.234375,300,ZFZ3
2023-08-17 19:00:00+00:00,34,1,410749,106.234375,106.328125,106.234375,106.3046875,503,ZFZ3
2023-08-17 20:00:00+00:00,34,1,410749,106.3203125,106.359375,106.3203125,106.359375,292,ZFZ3
2023-08-17 22:00:00+00:00,34,1,410749,106.3515625,106.4140625,106.3515625,106.3984375,134,ZFZ3
2023-08-17 23:00:00+00:00,34,1,410749,106.390625,106.3984375,106.375,106.390625,104,ZFZ3
2023-08-18 00:00:00+00:00,34,1,410749,106.3515625,106.421875,106.3359375,106.4140625,101,ZFZ3
2023-08-18 01:00:00+00:00,34,1,410749,106.4140625,106.4609375,106.40625,106.4296875,66,ZFZ3
2023-08-18 02:00:00+00:00,34,1,410749,106.4609375,106.46875,106.4296875,106.4296875,126,ZFZ3
2023-08-18 03:00:00+00:00,34,1,410749,106.4296875,106.4765625,106.4296875,106.4765625,21,ZFZ3
2023-08-18 04:00:00+00:00,34,1,410749,106.4765625,106.4765625,106.4296875,106.4453125,70,ZFZ3
2023-08-18 05:00:00+00:00,34,1,410749,106.4921875,106.515625,106.4921875,106.5,52,ZFZ3
2023-08-18 06:00:00+00:00,34,1,410749,106.4921875,106.6015625,106.4921875,106.5703125,255,ZFZ3
2023-08-18 07:00:00+00:00,34,1,410749,106.5703125,106.5859375,106.5078125,106.5546875,764,ZFZ3
2023-08-18 08:00:00+00:00,34,1,410749,106.5546875,106.5546875,106.5078125,106.515625,423,ZFZ3
2023-08-18 09:00:00+00:00,34,1,410749,106.5,106.5625,106.4921875,106.5625,667,ZFZ3
2023-08-18 10:00:00+00:00,34,1,410749,106.5625,106.59375,106.5625,106.5625,254,ZFZ3
2023-08-18 11:00:00+00:00,34,1,410749,106.5390625,106.59375,106.515625,106.59375,976,ZFZ3
2023-08-18 12:00:00+00:00,34,1,410749,106.5546875,106.5703125,106.390625,106.3984375,927,ZFZ3
2023-08-18 13:00:00+00:00,34,1,410749,106.3984375,106.5234375,106.359375,106.5,2557,ZFZ3
2023-08-18 14:00:00+00:00,34,1,410749,106.5,106.5859375,106.484375,106.5703125,760,ZFZ3
2023-08-18 15:00:00+00:00,34,1,410749,106.5625,106.578125,106.5,106.5625,1091,ZFZ3
2023-08-18 16:00:00+00:00,34,1,410749,106.5625,106.578125,106.5234375,106.546875,929,ZFZ3
2023-08-18 17:00:00+00:00,34,1,410749,106.5546875,106.5546875,106.46875,106.4921875,2119,ZFZ3
2023-08-18 18:00:00+00:00,34,1,410749,106.484375,106.484375,106.4296875,106.4453125,2061,ZFZ3
2023-08-18 19:00:00+00:00,34,1,410749,106.4375,106.4453125,106.3984375,106.4375,1697,ZFZ3
2023-08-18 20:00:00+00:00,34,1,410749,106.4375,106.453125,106.3984375,106.40625,574,ZFZ3
2023-08-20 22:00:00+00:00,34,1,410749,106.4375,106.46875,106.390625,106.390625,372,ZFZ3
2023-08-20 23:00:00+00:00,34,1,410749,106.390625,106.3984375,106.390625,106.3984375,19,ZFZ3
2023-08-21 00:00:00+00:00,34,1,410749,106.3984375,106.4375,106.3984375,106.4140625,106,ZFZ3
2023-08-21 01:00:00+00:00,34,1,410749,106.3984375,106.3984375,106.328125,106.328125,413,ZFZ3
2023-08-21 02:00:00+00:00,34,1,410749,106.328125,106.359375,106.328125,106.3515625,162,ZFZ3
2023-08-21 03:00:00+00:00,34,1,410749,106.359375,106.359375,106.34375,106.34375,168,ZFZ3
2023-08-21 04:00:00+00:00,34,1,410749,106.34375,106.359375,106.3359375,106.3359375,244,ZFZ3
2023-08-21 05:00:00+00:00,34,1,410749,106.3046875,106.3046875,106.25,106.2578125,351,ZFZ3
2023-08-21 06:00:00+00:00,34,1,410749,106.2734375,106.328125,106.25,106.3125,546,ZFZ3
2023-08-21 07:00:00+00:00,34,1,410749,106.328125,106.375,106.328125,106.375,562,ZFZ3
2023-08-21 08:00:00+00:00,34,1,410749,106.3828125,106.390625,106.3515625,106.359375,167,ZFZ3
2023-08-21 09:00:00+00:00,34,1,410749,106.3515625,106.3671875,106.3203125,106.3203125,368,ZFZ3
2023-08-21 10:00:00+00:00,34,1,410749,106.3203125,106.3203125,106.25,106.296875,580,ZFZ3
2023-08-21 11:00:00+00:00,34,1,410749,106.2890625,106.328125,106.28125,106.3203125,609,ZFZ3
2023-08-21 12:00:00+00:00,34,1,410749,106.3125,106.3515625,106.2421875,106.2421875,635,ZFZ3
2023-08-21 13:00:00+00:00,34,1,410749,106.25,106.2578125,106.140625,106.1640625,2107,ZFZ3
2023-08-21 14:00:00+00:00,34,1,410749,106.15625,106.1796875,106.03125,106.09375,5720,ZFZ3
2023-08-21 15:00:00+00:00,34,1,410749,106.09375,106.09375,106.0078125,106.0859375,1330,ZFZ3
2023-08-21 16:00:00+00:00,34,1,410749,106.0859375,106.1328125,106.078125,106.0859375,1234,ZFZ3
2023-08-21 17:00:00+00:00,34,1,410749,106.09375,106.140625,106.0703125,106.125,752,ZFZ3
2023-08-21 18:00:00+00:00,34,1,410749,106.1328125,106.1484375,106.0859375,106.0859375,2785,ZFZ3
2023-08-21 19:00:00+00:00,34,1,410749,106.09375,106.1015625,106.0546875,106.078125,1469,ZFZ3
2023-08-21 20:00:00+00:00,34,1,410749,106.0859375,106.0859375,106.03125,106.046875,946,ZFZ3
2023-08-21 22:00:00+00:00,34,1,410749,106.0546875,106.0703125,106.0546875,106.0625,23,ZFZ3
2023-08-21 23:00:00+00:00,34,1,410749,106.0703125,106.078125,106.0,106.0,170,ZFZ3
2023-08-22 00:00:00+00:00,34,1,410749,106.0078125,106.03125,105.953125,106.015625,1038,ZFZ3
2023-08-22 01:00:00+00:00,34,1,410749,106.0078125,106.0390625,105.9921875,106.03125,884,ZFZ3
2023-08-22 02:00:00+00:00,34,1,410749,106.0390625,106.09375,106.0390625,106.0546875,1159,ZFZ3
2023-08-22 03:00:00+00:00,34,1,410749,106.0546875,106.078125,106.046875,106.0625,243,ZFZ3
2023-08-22 04:00:00+00:00,34,1,410749,106.046875,106.046875,106.0390625,106.0390625,51,ZFZ3
2023-08-22 05:00:00+00:00,34,1,410749,106.046875,106.0703125,106.0390625,106.0546875,125,ZFZ3
2023-08-22 06:00:00+00:00,34,1,410749,106.0625,106.078125,106.0390625,106.078125,473,ZFZ3
2023-08-22 07:00:00+00:00,34,1,410749,106.0625,106.1328125,106.0546875,106.1328125,983,ZFZ3
2023-08-22 08:00:00+00:00,34,1,410749,106.1328125,106.1640625,106.109375,106.15625,1055,ZFZ3
2023-08-22 09:00:00+00:00,34,1,410749,106.15625,106.1875,106.125,106.171875,1367,ZFZ3
2023-08-22 10:00:00+00:00,34,1,410749,106.171875,106.1953125,106.15625,106.1640625,667,ZFZ3
2023-08-22 11:00:00+00:00,34,1,410749,106.1640625,106.1640625,106.109375,106.1640625,1473,ZFZ3
2023-08-22 12:00:00+00:00,34,1,410749,106.1640625,106.1796875,106.0703125,106.0703125,7232,ZFZ3
2023-08-22 13:00:00+00:00,34,1,410749,106.0703125,106.0703125,105.921875,105.9375,7770,ZFZ3
2023-08-22 14:00:00+00:00,34,1,410749,105.9453125,106.03125,105.9375,105.984375,6159,ZFZ3
2023-08-22 15:00:00+00:00,34,1,410749,105.9765625,106.109375,105.96875,106.0859375,3941,ZFZ3
2023-08-22 16:00:00+00:00,34,1,410749,106.0859375,106.09375,106.0546875,106.0625,3629,ZFZ3
2023-08-22 17:00:00+00:00,34,1,410749,106.0703125,106.09375,106.03125,106.046875,4752,ZFZ3
2023-08-22 18:00:00+00:00,34,1,410749,106.0390625,106.046875,105.9921875,106.0,7459,ZFZ3
2023-08-22 19:00:00+00:00,34,1,410749,106.0,106.0,105.953125,105.9765625,7218,ZFZ3
2023-08-22 20:00:00+00:00,34,1,410749,105.96875,105.9921875,105.921875,105.9453125,4356,ZFZ3
2023-08-22 22:00:00+00:00,34,1,410749,105.9453125,105.953125,105.9375,105.953125,490,ZFZ3
2023-08-22 23:00:00+00:00,34,1,410749,105.953125,105.9765625,105.953125,105.9765625,766,ZFZ3
2023-08-23 00:00:00+00:00,34,1,410749,105.984375,106.0234375,105.984375,106.0234375,1070,ZFZ3
2023-08-23 01:00:00+00:00,34,1,410749,106.0234375,106.046875,106.0,106.0390625,1535,ZFZ3
2023-08-23 02:00:00+00:00,34,1,410749,106.0390625,106.046875,106.0078125,106.0078125,981,ZFZ3
2023-08-23 03:00:00+00:00,34,1,410749,106.015625,106.03125,106.0078125,106.015625,508,ZFZ3
2023-08-23 04:00:00+00:00,34,1,410749,106.0078125,106.0078125,105.9921875,106.0078125,727,ZFZ3
2023-08-23 05:00:00+00:00,34,1,410749,106.0078125,106.0078125,105.9765625,105.9921875,874,ZFZ3
2023-08-23 06:00:00+00:00,34,1,410749,105.984375,106.0625,105.984375,106.0546875,3495,ZFZ3
2023-08-23 07:00:00+00:00,34,1,410749,106.0546875,106.21875,106.0234375,106.203125,11744,ZFZ3
2023-08-23 08:00:00+00:00,34,1,410749,106.1953125,106.265625,106.1796875,106.2265625,7586,ZFZ3
2023-08-23 09:00:00+00:00,34,1,410749,106.2265625,106.25,106.203125,106.234375,2813,ZFZ3
2023-08-23 10:00:00+00:00,34,1,410749,106.234375,106.265625,106.21875,106.25,3230,ZFZ3
2023-08-23 11:00:00+00:00,34,1,410749,106.2421875,106.296875,106.1953125,106.203125,5803,ZFZ3
2023-08-23 12:00:00+00:00,34,1,410749,106.2109375,106.2109375,106.09375,106.1484375,10291,ZFZ3
2023-08-23 13:00:00+00:00,34,1,410749,106.1484375,106.53125,106.140625,106.5234375,28541,ZFZ3
2023-08-23 14:00:00+00:00,34,1,410749,106.515625,106.515625,106.359375,106.3984375,15940,ZFZ3
2023-08-23 15:00:00+00:00,34,1,410749,106.40625,106.4921875,106.3984375,106.4765625,12756,ZFZ3
2023-08-23 16:00:00+00:00,34,1,410749,106.46875,106.53125,106.4609375,106.5078125,11293,ZFZ3
2023-08-23 17:00:00+00:00,34,1,410749,106.5,106.5703125,106.4765625,106.5078125,13760,ZFZ3
2023-08-23 18:00:00+00:00,34,1,410749,106.5078125,106.5234375,106.421875,106.484375,22502,ZFZ3
2023-08-23 19:00:00+00:00,34,1,410749,106.484375,106.5078125,106.4453125,106.5,8811,ZFZ3
2023-08-23 20:00:00+00:00,34,1,410749,106.5,106.5,106.40625,106.4296875,5295,ZFZ3
2023-08-23 22:00:00+00:00,34,1,410749,106.4375,106.4453125,106.40625,106.40625,458,ZFZ3
2023-08-23 23:00:00+00:00,34,1,410749,106.40625,106.4453125,106.40625,106.4375,403,ZFZ3
2023-08-24 00:00:00+00:00,34,1,410749,106.4375,106.46875,106.4140625,106.4296875,1032,ZFZ3
2023-08-24 01:00:00+00:00,34,1,410749,106.4296875,106.4296875,106.359375,106.3984375,1078,ZFZ3
2023-08-24 02:00:00+00:00,34,1,410749,106.40625,106.4375,106.40625,106.4140625,793,ZFZ3
2023-08-24 03:00:00+00:00,34,1,410749,106.421875,106.421875,106.3671875,106.3671875,846,ZFZ3
2023-08-24 04:00:00+00:00,34,1,410749,106.375,106.375,106.3515625,106.359375,2080,ZFZ3
2023-08-24 05:00:00+00:00,34,1,410749,106.359375,106.421875,106.359375,106.3984375,1823,ZFZ3
2023-08-24 06:00:00+00:00,34,1,410749,106.3984375,106.4921875,106.390625,106.4609375,2508,ZFZ3
2023-08-24 07:00:00+00:00,34,1,410749,106.453125,106.5,106.3984375,106.40625,6312,ZFZ3
2023-08-24 08:00:00+00:00,34,1,410749,106.40625,106.5234375,106.40625,106.5,9653,ZFZ3
2023-08-24 09:00:00+00:00,34,1,410749,106.5,106.515625,106.421875,106.421875,2841,ZFZ3
2023-08-24 10:00:00+00:00,34,1,410749,106.4296875,106.4453125,106.3984375,106.421875,2946,ZFZ3
2023-08-24 11:00:00+00:00,34,1,410749,106.421875,106.4296875,106.375,106.40625,6957,ZFZ3
2023-08-24 12:00:00+00:00,34,1,410749,106.40625,106.4296875,106.2421875,106.265625,23975,ZFZ3
2023-08-24 13:00:00+00:00,34,1,410749,106.2734375,106.40625,106.234375,106.3828125,25096,ZFZ3
2023-08-24 14:00:00+00:00,34,1,410749,106.3828125,106.4921875,106.328125,106.3359375,29456,ZFZ3
2023-08-24 15:00:00+00:00,34,1,410749,106.3359375,106.390625,106.3125,106.3828125,17758,ZFZ3
2023-08-24 16:00:00+00:00,34,1,410749,106.3828125,106.3828125,106.296875,106.328125,18539,ZFZ3
2023-08-24 17:00:00+00:00,34,1,410749,106.3203125,106.375,106.296875,106.3125,13228,ZFZ3
2023-08-24 18:00:00+00:00,34,1,410749,106.3125,106.328125,106.265625,106.28125,15600,ZFZ3
2023-08-24 19:00:00+00:00,34,1,410749,106.2890625,106.3359375,106.265625,106.28125,17200,ZFZ3
2023-08-24 20:00:00+00:00,34,1,410749,106.2890625,106.296875,106.21875,106.234375,11596,ZFZ3
2023-08-24 22:00:00+00:00,34,1,410749,106.2421875,106.2578125,106.2421875,106.2578125,472,ZFZ3
2023-08-24 23:00:00+00:00,34,1,410749,106.2578125,106.28125,106.25,106.2734375,778,ZFZ3
2023-08-25 00:00:00+00:00,34,1,410749,106.2734375,106.2890625,106.2578125,106.2734375,2190,ZFZ3
2023-08-25 01:00:00+00:00,34,1,410749,106.265625,106.265625,106.2109375,106.2265625,2544,ZFZ3
2023-08-25 02:00:00+00:00,34,1,410749,106.2265625,106.2265625,106.203125,106.203125,915,ZFZ3
2023-08-25 03:00:00+00:00,34,1,410749,106.203125,106.234375,106.203125,106.234375,3087,ZFZ3
2023-08-25 04:00:00+00:00,34,1,410749,106.2265625,106.2265625,106.2109375,106.21875,1256,ZFZ3
2023-08-25 05:00:00+00:00,34,1,410749,106.2109375,106.21875,106.1875,106.2109375,1533,ZFZ3
2023-08-25 06:00:00+00:00,34,1,410749,106.2109375,106.2265625,106.1796875,106.203125,2680,ZFZ3
2023-08-25 07:00:00+00:00,34,1,410749,106.2109375,106.25,106.1875,106.1875,4115,ZFZ3
2023-08-25 08:00:00+00:00,34,1,410749,106.1875,106.1953125,106.140625,106.1875,6339,ZFZ3
2023-08-25 09:00:00+00:00,34,1,410749,106.1875,106.2109375,106.1484375,106.1640625,3750,ZFZ3
2023-08-25 10:00:00+00:00,34,1,410749,106.1640625,106.1875,106.1328125,106.1796875,5816,ZFZ3
2023-08-25 11:00:00+00:00,34,1,410749,106.171875,106.21875,106.140625,106.2109375,10627,ZFZ3
2023-08-25 12:00:00+00:00,34,1,410749,106.2109375,106.25,106.1875,106.203125,17154,ZFZ3
2023-08-25 13:00:00+00:00,34,1,410749,106.203125,106.2578125,106.140625,106.2109375,26364,ZFZ3
2023-08-25 14:00:00+00:00,34,1,410749,106.203125,106.3359375,105.921875,105.984375,80439,ZFZ3
2023-08-25 15:00:00+00:00,34,1,410749,105.9921875,106.1328125,105.9765625,106.0625,41904,ZFZ3
2023-08-25 16:00:00+00:00,34,1,410749,106.0625,106.15625,106.046875,106.15625,18822,ZFZ3
2023-08-25 17:00:00+00:00,34,1,410749,106.1484375,106.203125,106.125,106.15625,15363,ZFZ3
2023-08-25 18:00:00+00:00,34,1,410749,106.15625,106.21875,106.15625,106.171875,21692,ZFZ3
2023-08-25 19:00:00+00:00,34,1,410749,106.171875,106.171875,106.1171875,106.15625,28830,ZFZ3
2023-08-25 20:00:00+00:00,34,1,410749,106.15625,106.171875,106.125,106.140625,15186,ZFZ3
2023-08-27 22:00:00+00:00,34,1,410749,106.1328125,106.15625,106.1015625,106.1015625,1888,ZFZ3
2023-08-27 23:00:00+00:00,34,1,410749,106.1015625,106.1015625,106.0546875,106.0625,2242,ZFZ3
2023-08-28 00:00:00+00:00,34,1,410749,106.0625,106.0859375,106.0546875,106.0625,4083,ZFZ3
2023-08-28 01:00:00+00:00,34,1,410749,106.0625,106.0703125,106.0546875,106.0703125,3857,ZFZ3
2023-08-28 02:00:00+00:00,34,1,410749,106.0703125,106.140625,106.0703125,106.125,4325,ZFZ3
2023-08-28 03:00:00+00:00,34,1,410749,106.125,106.1484375,106.125,106.1328125,549,ZFZ3
2023-08-28 04:00:00+00:00,34,1,410749,106.1328125,106.1640625,106.125,106.1484375,3370,ZFZ3
2023-08-28 05:00:00+00:00,34,1,410749,106.140625,106.171875,106.140625,106.1640625,4885,ZFZ3
2023-08-28 06:00:00+00:00,34,1,410749,106.15625,106.203125,106.1484375,106.171875,6103,ZFZ3
2023-08-28 07:00:00+00:00,34,1,410749,106.171875,106.171875,106.109375,106.125,6451,ZFZ3
2023-08-28 08:00:00+00:00,34,1,410749,106.1171875,106.1328125,106.0859375,106.1015625,5017,ZFZ3
2023-08-28 09:00:00+00:00,34,1,410749,106.1015625,106.1171875,106.0859375,106.09375,4086,ZFZ3
2023-08-28 10:00:00+00:00,34,1,410749,106.0859375,106.09375,106.046875,106.078125,6488,ZFZ3
2023-08-28 11:00:00+00:00,34,1,410749,106.0859375,106.0859375,106.0390625,106.0703125,12400,ZFZ3
2023-08-28 12:00:00+00:00,34,1,410749,106.0703125,106.296875,106.0703125,106.296875,52799,ZFZ3
2023-08-28 13:00:00+00:00,34,1,410749,106.296875,106.296875,106.1953125,106.203125,38626,ZFZ3
2023-08-28 14:00:00+00:00,34,1,410749,106.203125,106.203125,106.109375,106.15625,45480,ZFZ3
2023-08-28 15:00:00+00:00,34,1,410749,106.15625,106.265625,106.1328125,106.21875,46325,ZFZ3
2023-08-28 16:00:00+00:00,34,1,410749,106.21875,106.265625,106.1875,106.2421875,36586,ZFZ3
2023-08-28 17:00:00+00:00,34,1,410749,106.2421875,106.28125,106.1796875,106.2734375,40639,ZFZ3
2023-08-28 18:00:00+00:00,34,1,410749,106.28125,106.2890625,106.2265625,106.2734375,38485,ZFZ3
2023-08-28 19:00:00+00:00,34,1,410749,106.2734375,106.3359375,106.2734375,106.3125,36992,ZFZ3
2023-08-28 20:00:00+00:00,34,1,410749,106.3203125,106.3203125,106.2734375,106.296875,20072,ZFZ3
2023-08-28 22:00:00+00:00,34,1,410749,106.3046875,106.328125,106.296875,106.328125,812,ZFZ3
2023-08-28 23:00:00+00:00,34,1,410749,106.328125,106.3515625,106.328125,106.3515625,1699,ZFZ3
2023-08-29 00:00:00+00:00,34,1,410749,106.3515625,106.3984375,106.34375,106.375,7399,ZFZ3
2023-08-29 01:00:00+00:00,34,1,410749,106.375,106.4296875,106.375,106.3984375,9378,ZFZ3
2023-08-29 02:00:00+00:00,34,1,410749,106.40625,106.40625,106.34375,106.359375,4216,ZFZ3
2023-08-29 03:00:00+00:00,34,1,410749,106.3671875,106.390625,106.359375,106.375,3264,ZFZ3
2023-08-29 04:00:00+00:00,34,1,410749,106.375,106.3828125,106.34375,106.3671875,2899,ZFZ3
2023-08-29 05:00:00+00:00,34,1,410749,106.375,106.421875,106.3671875,106.421875,5029,ZFZ3
2023-08-29 06:00:00+00:00,34,1,410749,106.421875,106.4375,106.3828125,106.421875,14116,ZFZ3
2023-08-29 07:00:00+00:00,34,1,410749,106.421875,106.4296875,106.375,106.3984375,13557,ZFZ3
2023-08-29 08:00:00+00:00,34,1,410749,106.390625,106.40625,106.3203125,106.328125,16370,ZFZ3
2023-08-29 09:00:00+00:00,34,1,410749,106.3203125,106.3671875,106.3125,106.3515625,11508,ZFZ3
2023-08-29 10:00:00+00:00,34,1,410749,106.3515625,106.359375,106.2890625,106.3046875,12168,ZFZ3
2023-08-29 11:00:00+00:00,34,1,410749,106.3046875,106.3203125,106.2421875,106.2421875,17522,ZFZ3
2023-08-29 12:00:00+00:00,34,1,410749,106.2421875,106.265625,106.171875,106.1875,55909,ZFZ3
2023-08-29 13:00:00+00:00,34,1,410749,106.1875,106.28125,106.140625,106.2421875,71012,ZFZ3
2023-08-29 14:00:00+00:00,34,1,410749,106.25,106.75,106.25,106.6953125,236900,ZFZ3
2023-08-29 15:00:00+00:00,34,1,410749,106.6875,106.8203125,106.6328125,106.78125,90062,ZFZ3
2023-08-29 16:00:00+00:00,34,1,410749,106.78125,106.8125,106.75,106.765625,71720,ZFZ3
2023-08-29 17:00:00+00:00,34,1,410749,106.7734375,106.84375,106.765625,106.8046875,55429,ZFZ3
2023-08-29 18:00:00+00:00,34,1,410749,106.796875,106.8046875,106.71875,106.7734375,57972,ZFZ3
2023-08-29 19:00:00+00:00,34,1,410749,106.7734375,106.8359375,106.7578125,106.8203125,58476,ZFZ3
2023-08-29 20:00:00+00:00,34,1,410749,106.8203125,106.8203125,106.7578125,106.7734375,30644,ZFZ3
2023-08-29 22:00:00+00:00,34,1,410749,106.7734375,106.7734375,106.75,106.7578125,2660,ZFZ3
2023-08-29 23:00:00+00:00,34,1,410749,106.7578125,106.765625,106.703125,106.7109375,8892,ZFZ3
2023-08-30 00:00:00+00:00,34,1,410749,106.7109375,106.7578125,106.6875,106.7421875,12970,ZFZ3
2023-08-30 01:00:00+00:00,34,1,410749,106.7421875,106.7890625,106.7109375,106.7265625,11226,ZFZ3
2023-08-30 02:00:00+00:00,34,1,410749,106.7265625,106.7421875,106.6796875,106.6953125,10156,ZFZ3
2023-08-30 03:00:00+00:00,34,1,410749,106.703125,106.71875,106.6875,106.7109375,5291,ZFZ3
2023-08-30 04:00:00+00:00,34,1,410749,106.703125,106.703125,106.671875,106.6796875,4953,ZFZ3
2023-08-30 05:00:00+00:00,34,1,410749,106.6875,106.7109375,106.609375,106.6484375,18807,ZFZ3
2023-08-30 06:00:00+00:00,34,1,410749,106.640625,106.6640625,106.59375,106.609375,26308,ZFZ3
2023-08-30 07:00:00+00:00,34,1,410749,106.609375,106.703125,106.609375,106.703125,31091,ZFZ3
2023-08-30 08:00:00+00:00,34,1,410749,106.703125,106.734375,106.65625,106.703125,29803,ZFZ3
2023-08-30 09:00:00+00:00,34,1,410749,106.6953125,106.7109375,106.6484375,106.65625,21250,ZFZ3
2023-08-30 10:00:00+00:00,34,1,410749,106.65625,106.6875,106.640625,106.6640625,12910,ZFZ3
2023-08-30 11:00:00+00:00,34,1,410749,106.65625,106.6796875,106.59375,106.65625,30651,ZFZ3
2023-08-30 12:00:00+00:00,34,1,410749,106.65625,106.96875,106.6484375,106.9375,187417,ZFZ3
2023-08-30 13:00:00+00:00,34,1,410749,106.9453125,106.9921875,106.890625,106.9453125,119974,ZFZ3
2023-08-30 14:00:00+00:00,34,1,410749,106.953125,106.96875,106.859375,106.859375,112796,ZFZ3
2023-08-30 15:00:00+00:00,34,1,410749,106.8671875,106.9375,106.859375,106.8984375,74510,ZFZ3
2023-08-30 16:00:00+00:00,34,1,410749,106.890625,106.90625,106.8359375,106.875,64288,ZFZ3
2023-08-30 17:00:00+00:00,34,1,410749,106.8828125,106.921875,106.8515625,106.859375,39233,ZFZ3
2023-08-30 18:00:00+00:00,34,1,410749,106.859375,106.875,106.7890625,106.8046875,50325,ZFZ3
2023-08-30 19:00:00+00:00,34,1,410749,106.8125,106.8203125,106.765625,106.796875,64611,ZFZ3
2023-08-30 20:00:00+00:00,34,1,410749,106.8046875,106.84375,106.7890625,106.8125,37330,ZFZ3
2023-08-30 22:00:00+00:00,34,1,410749,106.8125,106.8203125,106.796875,106.8203125,3697,ZFZ3
2023-08-30 23:00:00+00:00,34,1,410749,106.8203125,106.8359375,106.8125,106.8203125,2258,ZFZ3
2023-08-31 00:00:00+00:00,34,1,410749,106.8203125,106.828125,106.7890625,106.7890625,9408,ZFZ3
2023-08-31 01:00:00+00:00,34,1,410749,106.7890625,106.8203125,106.7734375,106.796875,6995,ZFZ3
2023-08-31 02:00:00+00:00,34,1,410749,106.796875,106.84375,106.796875,106.828125,6351,ZFZ3
2023-08-31 03:00:00+00:00,34,1,410749,106.8359375,106.8359375,106.8046875,106.8125,4891,ZFZ3
2023-08-31 04:00:00+00:00,34,1,410749,106.8125,106.8359375,106.796875,106.8125,4796,ZFZ3
2023-08-31 05:00:00+00:00,34,1,410749,106.8046875,106.8046875,106.78125,106.796875,7588,ZFZ3
2023-08-31 06:00:00+00:00,34,1,410749,106.796875,106.828125,106.734375,106.8203125,21730,ZFZ3
2023-08-31 07:00:00+00:00,34,1,410749,106.8203125,106.8984375,106.8203125,106.84375,28906,ZFZ3
2023-08-31 08:00:00+00:00,34,1,410749,106.84375,106.875,106.8359375,106.84375,13984,ZFZ3
2023-08-31 09:00:00+00:00,34,1,410749,106.84375,106.90625,106.84375,106.8828125,22853,ZFZ3
2023-08-31 10:00:00+00:00,34,1,410749,106.875,106.8984375,106.8515625,106.890625,10558,ZFZ3
2023-08-31 11:00:00+00:00,34,1,410749,106.890625,106.9453125,106.875,106.90625,40248,ZFZ3
2023-08-31 12:00:00+00:00,34,1,410749,106.90625,106.96875,106.75,106.8828125,149505,ZFZ3
2023-08-31 13:00:00+00:00,34,1,410749,106.8828125,106.890625,106.7265625,106.8046875,126198,ZFZ3
2023-08-31 14:00:00+00:00,34,1,410749,106.8046875,106.875,106.7890625,106.875,77239,ZFZ3
2023-08-31 15:00:00+00:00,34,1,410749,106.8671875,106.8828125,106.8203125,106.859375,78104,ZFZ3
2023-08-31 16:00:00+00:00,34,1,410749,106.8671875,106.953125,106.8671875,106.921875,58991,ZFZ3
2023-08-31 17:00:00+00:00,34,1,410749,106.9296875,106.9375,106.90625,106.9140625,42526,ZFZ3
2023-08-31 18:00:00+00:00,34,1,410749,106.9140625,106.9609375,106.90625,106.9296875,93124,ZFZ3
2023-08-31 19:00:00+00:00,34,1,410749,106.921875,106.96875,106.890625,106.9609375,237261,ZFZ3
2023-08-31 20:00:00+00:00,34,1,410749,106.96875,106.96875,106.875,106.8828125,102392,ZFZ3
2023-08-31 22:00:00+00:00,34,1,410749,106.890625,106.890625,106.8515625,106.8671875,4128,ZFZ3
2023-08-31 23:00:00+00:00,34,1,410749,106.8671875,106.8828125,106.859375,106.859375,2738,ZFZ3
2023-09-01 00:00:00+00:00,34,1,410749,106.8671875,106.875,106.84375,106.875,8031,ZFZ3
2023-09-01 01:00:00+00:00,34,1,410749,106.875,106.9296875,106.875,106.90625,7847,ZFZ3
2023-09-01 02:00:00+00:00,34,1,410749,106.9140625,106.9296875,106.8984375,106.90625,2682,ZFZ3
2023-09-01 03:00:00+00:00,34,1,410749,106.90625,106.90625,106.875,106.8828125,3958,ZFZ3
2023-09-01 04:00:00+00:00,34,1,410749,106.8828125,106.9140625,106.8671875,106.90625,6162,ZFZ3
2023-09-01 05:00:00+00:00,34,1,410749,106.90625,106.90625,106.859375,106.8671875,4167,ZFZ3
2023-09-01 06:00:00+00:00,34,1,410749,106.875,106.890625,106.8359375,106.8515625,15787,ZFZ3
2023-09-01 07:00:00+00:00,34,1,410749,106.8515625,106.8984375,106.8515625,106.890625,19754,ZFZ3
2023-09-01 08:00:00+00:00,34,1,410749,106.890625,106.8984375,106.8515625,106.859375,13969,ZFZ3
2023-09-01 09:00:00+00:00,34,1,410749,106.8671875,106.8984375,106.8515625,106.859375,12391,ZFZ3
2023-09-01 10:00:00+00:00,34,1,410749,106.8671875,106.921875,106.8515625,106.921875,11826,ZFZ3
2023-09-01 11:00:00+00:00,34,1,410749,106.921875,107.0078125,106.8984375,106.9921875,53485,ZFZ3
2023-09-01 12:00:00+00:00,34,1,410749,106.9921875,107.2890625,106.8515625,107.1484375,304821,ZFZ3
2023-09-01 13:00:00+00:00,34,1,410749,107.1484375,107.1640625,106.8125,106.8515625,229820,ZFZ3
2023-09-01 14:00:00+00:00,34,1,410749,106.8515625,106.8984375,106.6875,106.75,207678,ZFZ3
2023-09-01 15:00:00+00:00,34,1,410749,106.7421875,106.75,106.6171875,106.625,100983,ZFZ3
2023-09-01 16:00:00+00:00,34,1,410749,106.6328125,106.7421875,106.6015625,106.734375,64582,ZFZ3
2023-09-01 17:00:00+00:00,34,1,410749,106.734375,106.7578125,106.71875,106.7265625,26152,ZFZ3
2023-09-01 18:00:00+00:00,34,1,410749,106.7265625,106.75,106.7109375,106.71875,38564,ZFZ3
2023-09-01 19:00:00+00:00,34,1,410749,106.71875,106.75,106.6640625,106.671875,49916,ZFZ3
2023-09-01 20:00:00+00:00,34,1,410749,106.671875,106.71875,106.671875,106.6953125,17601,ZFZ3
2023-09-03 22:00:00+00:00,34,1,410749,106.6796875,106.6875,106.6484375,106.65625,2886,ZFZ3
2023-09-03 23:00:00+00:00,34,1,410749,106.6640625,106.7109375,106.6640625,106.703125,1913,ZFZ3
2023-09-04 00:00:00+00:00,34,1,410749,106.703125,106.7109375,106.6640625,106.6640625,3134,ZFZ3
2023-09-04 01:00:00+00:00,34,1,410749,106.6640625,106.6796875,106.625,106.6328125,3275,ZFZ3
2023-09-04 02:00:00+00:00,34,1,410749,106.6328125,106.6484375,106.625,106.6484375,2920,ZFZ3
2023-09-04 03:00:00+00:00,34,1,410749,106.640625,106.65625,106.6328125,106.6484375,1382,ZFZ3
2023-09-04 04:00:00+00:00,34,1,410749,106.6484375,106.6640625,106.640625,106.6484375,1212,ZFZ3
2023-09-04 05:00:00+00:00,34,1,410749,106.65625,106.65625,106.6328125,106.6484375,2802,ZFZ3
2023-09-04 06:00:00+00:00,34,1,410749,106.6484375,106.65625,106.640625,106.640625,4021,ZFZ3
2023-09-04 07:00:00+00:00,34,1,410749,106.640625,106.640625,106.578125,106.59375,17247,ZFZ3
2023-09-04 08:00:00+00:00,34,1,410749,106.6015625,106.6328125,106.59375,106.6171875,5346,ZFZ3
2023-09-04 09:00:00+00:00,34,1,410749,106.625,106.625,106.5859375,106.59375,6204,ZFZ3
2023-09-04 10:00:00+00:00,34,1,410749,106.59375,106.609375,106.578125,106.5859375,5560,ZFZ3
2023-09-04 11:00:00+00:00,34,1,410749,106.5859375,106.59375,106.5703125,106.5703125,7491,ZFZ3
2023-09-04 12:00:00+00:00,34,1,410749,106.5703125,106.6015625,106.5625,106.5859375,6382,ZFZ3
2023-09-04 13:00:00+00:00,34,1,410749,106.59375,106.59375,106.5625,106.5703125,7311,ZFZ3
2023-09-04 14:00:00+00:00,34,1,410749,106.5703125,106.578125,106.5625,106.5625,5392,ZFZ3
2023-09-04 15:00:00+00:00,34,1,410749,106.5625,106.5625,106.546875,106.5546875,9686,ZFZ3
2023-09-04 16:00:00+00:00,34,1,410749,106.546875,106.5546875,106.546875,106.5546875,1222,ZFZ3
2023-09-04 22:00:00+00:00,34,1,410749,106.5546875,106.578125,106.546875,106.5703125,2650,ZFZ3
2023-09-04 23:00:00+00:00,34,1,410749,106.5625,106.5703125,106.5546875,106.5703125,1411,ZFZ3
2023-09-05 00:00:00+00:00,34,1,410749,106.5625,106.578125,106.5546875,106.5703125,3528,ZFZ3
2023-09-05 01:00:00+00:00,34,1,410749,106.578125,106.59375,106.5625,106.5859375,6254,ZFZ3
2023-09-05 02:00:00+00:00,34,1,410749,106.5859375,106.5859375,106.5546875,106.5625,5931,ZFZ3
2023-09-05 03:00:00+00:00,34,1,410749,106.5625,106.5625,106.546875,106.546875,2015,ZFZ3
2023-09-05 04:00:00+00:00,34,1,410749,106.5546875,106.5703125,106.546875,106.5703125,3013,ZFZ3
2023-09-05 05:00:00+00:00,34,1,410749,106.578125,106.578125,106.546875,106.546875,5237,ZFZ3
2023-09-05 06:00:00+00:00,34,1,410749,106.5546875,106.5546875,106.515625,106.53125,19321,ZFZ3
2023-09-05 07:00:00+00:00,34,1,410749,106.53125,106.578125,106.53125,106.5625,19037,ZFZ3
2023-09-05 08:00:00+00:00,34,1,410749,106.5625,106.5703125,106.53125,106.546875,14600,ZFZ3
2023-09-05 09:00:00+00:00,34,1,410749,106.546875,106.5625,106.515625,106.515625,15736,ZFZ3
2023-09-05 10:00:00+00:00,34,1,410749,106.5078125,106.53125,106.46875,106.484375,20849,ZFZ3
2023-09-05 11:00:00+00:00,34,1,410749,106.484375,106.4921875,106.4375,106.4765625,38052,ZFZ3
2023-09-05 12:00:00+00:00,34,1,410749,106.484375,106.5703125,106.40625,106.5546875,125770,ZFZ3
2023-09-05 13:00:00+00:00,34,1,410749,106.5546875,106.5703125,106.421875,106.453125,126857,ZFZ3
2023-09-05 14:00:00+00:00,34,1,410749,106.453125,106.4609375,106.3671875,106.375,89637,ZFZ3
2023-09-05 15:00:00+00:00,34,1,410749,106.375,106.40625,106.34375,106.359375,59813,ZFZ3
2023-09-05 16:00:00+00:00,34,1,410749,106.3671875,106.4140625,106.359375,106.3984375,50613,ZFZ3
2023-09-05 17:00:00+00:00,34,1,410749,106.3984375,106.40625,106.328125,106.3359375,52256,ZFZ3
2023-09-05 18:00:00+00:00,34,1,410749,106.3359375,106.3515625,106.3046875,106.3203125,54571,ZFZ3
2023-09-05 19:00:00+00:00,34,1,410749,106.3203125,106.3828125,106.3046875,106.359375,69285,ZFZ3
2023-09-05 20:00:00+00:00,34,1,410749,106.3671875,106.3828125,106.3125,106.34375,48101,ZFZ3
2023-09-05 22:00:00+00:00,34,1,410749,106.34375,106.3828125,106.3359375,106.3828125,3115,ZFZ3
2023-09-05 23:00:00+00:00,34,1,410749,106.375,106.40625,106.3671875,106.390625,4281,ZFZ3
2023-09-06 00:00:00+00:00,34,1,410749,106.3984375,106.40625,106.3671875,106.375,8108,ZFZ3
2023-09-06 01:00:00+00:00,34,1,410749,106.375,106.3828125,106.328125,106.359375,8143,ZFZ3
2023-09-06 02:00:00+00:00,34,1,410749,106.359375,106.3984375,106.359375,106.3984375,6485,ZFZ3
2023-09-06 03:00:00+00:00,34,1,410749,106.3984375,106.421875,106.3828125,106.40625,6764,ZFZ3
2023-09-06 04:00:00+00:00,34,1,410749,106.3984375,106.4453125,106.3984375,106.4375,5576,ZFZ3
2023-09-06 05:00:00+00:00,34,1,410749,106.4296875,106.453125,106.421875,106.453125,6520,ZFZ3
2023-09-06 06:00:00+00:00,34,1,410749,106.453125,106.46875,106.34375,106.3515625,22737,ZFZ3
2023-09-06 07:00:00+00:00,34,1,410749,106.34375,106.3828125,106.296875,106.34375,43728,ZFZ3
2023-09-06 08:00:00+00:00,34,1,410749,106.34375,106.390625,106.3359375,106.3671875,20757,ZFZ3
2023-09-06 09:00:00+00:00,34,1,410749,106.375,106.3828125,106.3203125,106.3515625,17522,ZFZ3
2023-09-06 10:00:00+00:00,34,1,410749,106.3515625,106.40625,106.3515625,106.3828125,13716,ZFZ3
2023-09-06 11:00:00+00:00,34,1,410749,106.390625,106.40625,106.359375,106.3828125,22606,ZFZ3
2023-09-06 12:00:00+00:00,34,1,410749,106.3828125,106.421875,106.3359375,106.3515625,52715,ZFZ3
2023-09-06 13:00:00+00:00,34,1,410749,106.3515625,106.3984375,106.2890625,106.3828125,98552,ZFZ3
2023-09-06 14:00:00+00:00,34,1,410749,106.3671875,106.3671875,106.0234375,106.0703125,284612,ZFZ3
2023-09-06 15:00:00+00:00,34,1,410749,106.0625,106.0703125,106.0,106.03125,104686,ZFZ3
2023-09-06 16:00:00+00:00,34,1,410749,106.03125,106.0546875,106.0078125,106.046875,75232,ZFZ3
2023-09-06 17:00:00+00:00,34,1,410749,106.0546875,106.078125,106.03125,106.0546875,55360,ZFZ3
2023-09-06 18:00:00+00:00,34,1,410749,106.0546875,106.0546875,106.0,106.0390625,62120,ZFZ3
2023-09-06 19:00:00+00:00,34,1,410749,106.0390625,106.046875,106.0234375,106.03125,48907,ZFZ3
2023-09-06 20:00:00+00:00,34,1,410749,106.03125,106.1171875,106.0078125,106.109375,66844,ZFZ3
2023-09-06 22:00:00+00:00,34,1,410749,106.0859375,106.1015625,106.0390625,106.0390625,4631,ZFZ3
2023-09-06 23:00:00+00:00,34,1,410749,106.03125,106.0625,106.03125,106.0546875,2241,ZFZ3
2023-09-07 00:00:00+00:00,34,1,410749,106.0546875,106.078125,106.03125,106.0390625,11629,ZFZ3
2023-09-07 01:00:00+00:00,34,1,410749,106.046875,106.1328125,106.046875,106.125,9751,ZFZ3
2023-09-07 02:00:00+00:00,34,1,410749,106.125,106.1328125,106.09375,106.125,6287,ZFZ3
2023-09-07 03:00:00+00:00,34,1,410749,106.125,106.1328125,106.109375,106.1171875,6056,ZFZ3
2023-09-07 04:00:00+00:00,34,1,410749,106.109375,106.125,106.09375,106.09375,4205,ZFZ3
2023-09-07 05:00:00+00:00,34,1,410749,106.09375,106.109375,106.0546875,106.0625,5612,ZFZ3
2023-09-07 06:00:00+00:00,34,1,410749,106.0625,106.125,106.0625,106.109375,14770,ZFZ3
2023-09-07 07:00:00+00:00,34,1,410749,106.1171875,106.171875,106.09375,106.171875,23252,ZFZ3
2023-09-07 08:00:00+00:00,34,1,410749,106.1640625,106.203125,106.140625,106.171875,27758,ZFZ3
2023-09-07 09:00:00+00:00,34,1,410749,106.1796875,106.21875,106.1640625,106.1953125,14350,ZFZ3
2023-09-07 10:00:00+00:00,34,1,410749,106.1953125,106.203125,106.15625,106.1796875,13903,ZFZ3
2023-09-07 11:00:00+00:00,34,1,410749,106.1796875,106.1953125,106.1484375,106.171875,31039,ZFZ3
2023-09-07 12:00:00+00:00,34,1,410749,106.1796875,106.203125,105.9921875,106.15625,148574,ZFZ3
2023-09-07 13:00:00+00:00,34,1,410749,106.1484375,106.1953125,106.109375,106.1328125,79651,ZFZ3
2023-09-07 14:00:00+00:00,34,1,410749,106.140625,106.21875,106.1328125,106.1484375,98162,ZFZ3
2023-09-07 15:00:00+00:00,34,1,410749,106.1484375,106.2734375,106.1484375,106.265625,81973,ZFZ3
2023-09-07 16:00:00+00:00,34,1,410749,106.265625,106.28125,106.2109375,106.234375,47203,ZFZ3
2023-09-07 17:00:00+00:00,34,1,410749,106.234375,106.265625,106.2265625,106.234375,31185,ZFZ3
2023-09-07 18:00:00+00:00,34,1,410749,106.2421875,106.3203125,106.2265625,106.3046875,71550,ZFZ3
2023-09-07 19:00:00+00:00,34,1,410749,106.3046875,106.3203125,106.265625,106.3125,61918,ZFZ3
2023-09-07 20:00:00+00:00,34,1,410749,106.3125,106.3515625,106.3046875,106.3203125,31511,ZFZ3
2023-09-07 22:00:00+00:00,34,1,410749,106.328125,106.328125,106.2890625,106.2890625,1696,ZFZ3
2023-09-07 23:00:00+00:00,34,1,410749,106.2890625,106.3125,106.2890625,106.3046875,2391,ZFZ3
2023-09-08 00:00:00+00:00,34,1,410749,106.3046875,106.5078125,106.296875,106.4296875,27684,ZFZ3
2023-09-08 01:00:00+00:00,34,1,410749,106.421875,106.4375,106.390625,106.421875,7264,ZFZ3
2023-09-08 02:00:00+00:00,34,1,410749,106.421875,106.4609375,106.4140625,106.4296875,7938,ZFZ3
2023-09-08 03:00:00+00:00,34,1,410749,106.4296875,106.4609375,106.4296875,106.4609375,3080,ZFZ3
2023-09-08 04:00:00+00:00,34,1,410749,106.4609375,106.46875,106.4375,106.4453125,2944,ZFZ3
2023-09-08 05:00:00+00:00,34,1,410749,106.4453125,106.4609375,106.4375,106.453125,5245,ZFZ3
2023-09-08 06:00:00+00:00,34,1,410749,106.453125,106.515625,106.4375,106.453125,27557,ZFZ3
2023-09-08 07:00:00+00:00,34,1,410749,106.453125,106.46875,106.390625,106.40625,23900,ZFZ3
2023-09-08 08:00:00+00:00,34,1,410749,106.3984375,106.421875,106.3828125,106.3984375,15866,ZFZ3
2023-09-08 09:00:00+00:00,34,1,410749,106.3984375,106.4375,106.390625,106.40625,17322,ZFZ3
2023-09-08 10:00:00+00:00,34,1,410749,106.40625,106.4140625,106.3828125,106.3828125,9274,ZFZ3
2023-09-08 11:00:00+00:00,34,1,410749,106.3828125,106.3828125,106.3125,106.3203125,26136,ZFZ3
2023-09-08 12:00:00+00:00,34,1,410749,106.3203125,106.4453125,106.3203125,106.3515625,67570,ZFZ3
2023-09-08 13:00:00+00:00,34,1,410749,106.3515625,106.484375,106.3359375,106.4765625,82756,ZFZ3
2023-09-08 14:00:00+00:00,34,1,410749,106.484375,106.5,106.390625,106.390625,72078,ZFZ3
2023-09-08 15:00:00+00:00,34,1,410749,106.390625,106.40625,106.2578125,106.28125,61610,ZFZ3
2023-09-08 16:00:00+00:00,34,1,410749,106.2890625,106.296875,106.21875,106.2578125,41964,ZFZ3
2023-09-08 17:00:00+00:00,34,1,410749,106.25,106.2578125,106.21875,106.234375,28836,ZFZ3
2023-09-08 18:00:00+00:00,34,1,410749,106.234375,106.25,106.1953125,106.2265625,38392,ZFZ3
2023-09-08 19:00:00+00:00,34,1,410749,106.2265625,106.2421875,106.1953125,106.21875,40508,ZFZ3
2023-09-08 20:00:00+00:00,34,1,410749,106.21875,106.2265625,106.1796875,106.1953125,20762,ZFZ3
2023-09-10 22:00:00+00:00,34,1,410749,106.109375,106.21875,106.109375,106.1640625,10261,ZFZ3
2023-09-10 23:00:00+00:00,34,1,410749,106.1640625,106.1640625,106.09375,106.1015625,7711,ZFZ3
2023-09-11 00:00:00+00:00,34,1,410749,106.1015625,106.1484375,106.09375,106.1328125,11976,ZFZ3
2023-09-11 01:00:00+00:00,34,1,410749,106.125,106.125,106.0703125,106.0859375,8993,ZFZ3
2023-09-11 02:00:00+00:00,34,1,410749,106.0859375,106.09375,106.0703125,106.0859375,2636,ZFZ3
2023-09-11 03:00:00+00:00,34,1,410749,106.0859375,106.109375,106.0703125,106.09375,3119,ZFZ3
2023-09-11 04:00:00+00:00,34,1,410749,106.09375,106.1015625,106.0546875,106.0625,4892,ZFZ3
2023-09-11 05:00:00+00:00,34,1,410749,106.0625,106.1328125,106.0546875,106.1328125,8076,ZFZ3
2023-09-11 06:00:00+00:00,34,1,410749,106.125,106.140625,106.1015625,106.1328125,13208,ZFZ3
2023-09-11 07:00:00+00:00,34,1,410749,106.1328125,106.203125,106.1328125,106.140625,21666,ZFZ3
2023-09-11 08:00:00+00:00,34,1,410749,106.1328125,106.1953125,106.125,106.1875,10922,ZFZ3
2023-09-11 09:00:00+00:00,34,1,410749,106.1875,106.203125,106.1328125,106.140625,10834,ZFZ3
2023-09-11 10:00:00+00:00,34,1,410749,106.140625,106.15625,106.1328125,106.140625,6724,ZFZ3
2023-09-11 11:00:00+00:00,34,1,410749,106.1328125,106.1484375,106.1171875,106.125,21193,ZFZ3
2023-09-11 12:00:00+00:00,34,1,410749,106.125,106.203125,106.125,106.125,63565,ZFZ3
2023-09-11 13:00:00+00:00,34,1,410749,106.125,106.203125,106.1015625,106.203125,60759,ZFZ3
2023-09-11 14:00:00+00:00,34,1,410749,106.203125,106.21875,106.125,106.125,60251,ZFZ3
2023-09-11 15:00:00+00:00,34,1,410749,106.125,106.1875,106.125,106.15625,37121,ZFZ3
2023-09-11 16:00:00+00:00,34,1,410749,106.15625,106.2109375,106.15625,106.1875,36910,ZFZ3
2023-09-11 17:00:00+00:00,34,1,410749,106.1953125,106.203125,106.140625,106.203125,40700,ZFZ3
2023-09-11 18:00:00+00:00,34,1,410749,106.1953125,106.21875,106.15625,106.1640625,55233,ZFZ3
2023-09-11 19:00:00+00:00,34,1,410749,106.1640625,106.21875,106.1640625,106.1875,49407,ZFZ3
2023-09-11 20:00:00+00:00,34,1,410749,106.1875,106.1875,106.1484375,106.15625,22154,ZFZ3
2023-09-11 22:00:00+00:00,34,1,410749,106.15625,106.1796875,106.15625,106.171875,1175,ZFZ3
2023-09-11 23:00:00+00:00,34,1,410749,106.171875,106.171875,106.140625,106.140625,1463,ZFZ3
2023-09-12 00:00:00+00:00,34,1,410749,106.140625,106.1484375,106.1328125,106.1328125,2616,ZFZ3
2023-09-12 01:00:00+00:00,34,1,410749,106.1328125,106.1796875,106.1328125,106.1640625,5004,ZFZ3
2023-09-12 02:00:00+00:00,34,1,410749,106.1640625,106.1796875,106.1484375,106.1484375,4016,ZFZ3
2023-09-12 03:00:00+00:00,34,1,410749,106.1484375,106.1875,106.140625,106.1875,5785,ZFZ3
2023-09-12 04:00:00+00:00,34,1,410749,106.1796875,106.1875,106.1640625,106.1640625,3104,ZFZ3
2023-09-12 05:00:00+00:00,34,1,410749,106.1640625,106.171875,106.1484375,106.15625,4430,ZFZ3
2023-09-12 06:00:00+00:00,34,1,410749,106.1484375,106.171875,106.125,106.125,8368,ZFZ3
2023-09-12 07:00:00+00:00,34,1,410749,106.1328125,106.1640625,106.1171875,106.140625,12025,ZFZ3
2023-09-12 08:00:00+00:00,34,1,410749,106.140625,106.203125,106.1328125,106.1640625,17367,ZFZ3
2023-09-12 09:00:00+00:00,34,1,410749,106.1640625,106.171875,106.1328125,106.1640625,10108,ZFZ3
2023-09-12 10:00:00+00:00,34,1,410749,106.1640625,106.171875,106.1484375,106.1484375,7917,ZFZ3
2023-09-12 11:00:00+00:00,34,1,410749,106.1484375,106.1484375,106.109375,106.1328125,21283,ZFZ3
2023-09-12 12:00:00+00:00,34,1,410749,106.1328125,106.171875,106.09375,106.109375,58460,ZFZ3
2023-09-12 13:00:00+00:00,34,1,410749,106.1015625,106.1484375,106.0625,106.0703125,59042,ZFZ3
2023-09-12 14:00:00+00:00,34,1,410749,106.078125,106.1015625,106.0546875,106.09375,48487,ZFZ3
2023-09-12 15:00:00+00:00,34,1,410749,106.0859375,106.1484375,106.0859375,106.140625,39599,ZFZ3
2023-09-12 16:00:00+00:00,34,1,410749,106.140625,106.1484375,106.0859375,106.0859375,36123,ZFZ3
2023-09-12 17:00:00+00:00,34,1,410749,106.0859375,106.109375,106.0703125,106.1015625,37736,ZFZ3
2023-09-12 18:00:00+00:00,34,1,410749,106.09375,106.1640625,106.0859375,106.1484375,49465,ZFZ3
2023-09-12 19:00:00+00:00,34,1,410749,106.1484375,106.15625,106.125,106.1328125,39097,ZFZ3
2023-09-12 20:00:00+00:00,34,1,410749,106.140625,106.140625,106.046875,106.0625,54755,ZFZ3
2023-09-12 22:00:00+00:00,34,1,410749,106.0703125,106.0703125,106.03125,106.0390625,2452,ZFZ3
2023-09-12 23:00:00+00:00,34,1,410749,106.046875,106.046875,106.03125,106.0390625,3148,ZFZ3
2023-09-13 00:00:00+00:00,34,1,410749,106.0390625,106.0546875,106.015625,106.03125,5153,ZFZ3
2023-09-13 01:00:00+00:00,34,1,410749,106.03125,106.046875,106.03125,106.0390625,5611,ZFZ3
2023-09-13 02:00:00+00:00,34,1,410749,106.0390625,106.046875,106.0234375,106.03125,3707,ZFZ3
2023-09-13 03:00:00+00:00,34,1,410749,106.03125,106.0546875,106.0234375,106.046875,4523,ZFZ3
2023-09-13 04:00:00+00:00,34,1,410749,106.046875,106.0546875,106.03125,106.046875,2875,ZFZ3
2023-09-13 05:00:00+00:00,34,1,410749,106.046875,106.046875,106.03125,106.046875,3956,ZFZ3
2023-09-13 06:00:00+00:00,34,1,410749,106.0390625,106.078125,106.015625,106.0546875,14369,ZFZ3
2023-09-13 07:00:00+00:00,34,1,410749,106.0546875,106.0546875,106.0,106.03125,17388,ZFZ3
2023-09-13 08:00:00+00:00,34,1,410749,106.03125,106.046875,106.0078125,106.0078125,22219,ZFZ3
2023-09-13 09:00:00+00:00,34,1,410749,106.015625,106.0234375,105.9921875,106.0,14893,ZFZ3
2023-09-13 10:00:00+00:00,34,1,410749,105.9921875,106.015625,105.96875,106.0078125,17655,ZFZ3
2023-09-13 11:00:00+00:00,34,1,410749,106.015625,106.0234375,105.9765625,106.0,37841,ZFZ3
2023-09-13 12:00:00+00:00,34,1,410749,105.9921875,106.1640625,105.6328125,106.09375,302718,ZFZ3
2023-09-13 13:00:00+00:00,34,1,410749,106.09375,106.1875,106.0234375,106.140625,145805,ZFZ3
2023-09-13 14:00:00+00:00,34,1,410749,106.1328125,106.15625,106.09375,106.125,54913,ZFZ3
2023-09-13 15:00:00+00:00,34,1,410749,106.125,106.1640625,106.078125,106.1328125,56913,ZFZ3
2023-09-13 16:00:00+00:00,34,1,410749,106.1328125,106.2578125,106.125,106.2421875,80001,ZFZ3
2023-09-13 17:00:00+00:00,34,1,410749,106.2421875,106.34375,106.2109375,106.3125,102042,ZFZ3
2023-09-13 18:00:00+00:00,34,1,410749,106.3046875,106.328125,106.234375,106.2421875,52958,ZFZ3
2023-09-13 19:00:00+00:00,34,1,410749,106.2421875,106.28125,106.2265625,106.265625,53858,ZFZ3
2023-09-13 20:00:00+00:00,34,1,410749,106.2578125,106.2734375,106.2265625,106.2578125,37456,ZFZ3
2023-09-13 22:00:00+00:00,34,1,410749,106.2578125,106.28125,106.25,106.28125,2125,ZFZ3
2023-09-13 23:00:00+00:00,34,1,410749,106.28125,106.3046875,106.265625,106.296875,2311,ZFZ3
2023-09-14 00:00:00+00:00,34,1,410749,106.296875,106.3671875,106.2734375,106.3359375,11517,ZFZ3
2023-09-14 01:00:00+00:00,34,1,410749,106.3359375,106.3515625,106.296875,106.328125,7929,ZFZ3
2023-09-14 02:00:00+00:00,34,1,410749,106.328125,106.34375,106.3125,106.3203125,4779,ZFZ3
2023-09-14 03:00:00+00:00,34,1,410749,106.3203125,106.3359375,106.3125,106.3359375,1553,ZFZ3
2023-09-14 04:00:00+00:00,34,1,410749,106.34375,106.3515625,106.3359375,106.3359375,2894,ZFZ3
2023-09-14 05:00:00+00:00,34,1,410749,106.34375,106.359375,106.3359375,106.3515625,4249,ZFZ3
2023-09-14 06:00:00+00:00,34,1,410749,106.34375,106.3515625,106.2890625,106.2890625,14581,ZFZ3
2023-09-14 07:00:00+00:00,34,1,410749,106.2890625,106.296875,106.2109375,106.21875,25642,ZFZ3
2023-09-14 08:00:00+00:00,34,1,410749,106.21875,106.2421875,106.2109375,106.234375,14563,ZFZ3
2023-09-14 09:00:00+00:00,34,1,410749,106.234375,106.2578125,106.203125,106.21875,17674,ZFZ3
2023-09-14 10:00:00+00:00,34,1,410749,106.21875,106.25,106.2109375,106.25,15059,ZFZ3
2023-09-14 11:00:00+00:00,34,1,410749,106.25,106.265625,106.203125,106.2265625,24710,ZFZ3
2023-09-14 12:00:00+00:00,34,1,410749,106.2265625,106.3984375,106.046875,106.2421875,283215,ZFZ3
2023-09-14 13:00:00+00:00,34,1,410749,106.234375,106.4140625,106.1640625,106.1796875,243844,ZFZ3
2023-09-14 14:00:00+00:00,34,1,410749,106.1875,106.3046875,106.1171875,106.2734375,120201,ZFZ3
2023-09-14 15:00:00+00:00,34,1,410749,106.2734375,106.328125,106.1953125,106.2109375,92175,ZFZ3
2023-09-14 16:00:00+00:00,34,1,410749,106.2109375,106.2265625,106.140625,106.15625,56046,ZFZ3
2023-09-14 17:00:00+00:00,34,1,410749,106.1640625,106.1640625,106.1015625,106.1328125,45850,ZFZ3
2023-09-14 18:00:00+00:00,34,1,410749,106.125,106.1640625,106.109375,106.1171875,44930,ZFZ3
2023-09-14 19:00:00+00:00,34,1,410749,106.1171875,106.1328125,106.09375,106.1171875,45919,ZFZ3
2023-09-14 20:00:00+00:00,34,1,410749,106.1171875,106.140625,106.1015625,106.1171875,23099,ZFZ3
2023-09-14 22:00:00+00:00,34,1,410749,106.09375,106.1640625,106.09375,106.15625,3026,ZFZ3
2023-09-14 23:00:00+00:00,34,1,410749,106.15625,106.15625,106.125,106.125,1849,ZFZ3
2023-09-15 00:00:00+00:00,34,1,410749,106.1328125,106.171875,106.1328125,106.1484375,6062,ZFZ3
2023-09-15 01:00:00+00:00,34,1,410749,106.15625,106.203125,106.140625,106.1953125,7104,ZFZ3
2023-09-15 02:00:00+00:00,34,1,410749,106.1953125,106.1953125,106.125,106.140625,5421,ZFZ3
2023-09-15 03:00:00+00:00,34,1,410749,106.140625,106.15625,106.1328125,106.15625,2363,ZFZ3
2023-09-15 04:00:00+00:00,34,1,410749,106.15625,106.1796875,106.140625,106.1640625,4053,ZFZ3
2023-09-15 05:00:00+00:00,34,1,410749,106.1640625,106.1953125,106.1640625,106.1796875,8016,ZFZ3
2023-09-15 06:00:00+00:00,34,1,410749,106.1796875,106.1796875,106.09375,106.09375,17688,ZFZ3
2023-09-15 07:00:00+00:00,34,1,410749,106.1015625,106.1015625,105.9921875,106.0,30743,ZFZ3
2023-09-15 08:00:00+00:00,34,1,410749,106.0078125,106.015625,105.953125,105.96875,23502,ZFZ3
2023-09-15 09:00:00+00:00,34,1,410749,105.96875,106.0078125,105.9609375,105.9765625,17351,ZFZ3
2023-09-15 10:00:00+00:00,34,1,410749,105.9765625,105.9765625,105.9375,105.953125,18578,ZFZ3
2023-09-15 11:00:00+00:00,34,1,410749,105.953125,106.0,105.953125,105.9921875,32461,ZFZ3
2023-09-15 12:00:00+00:00,34,1,410749,105.9921875,106.0234375,105.8828125,105.9375,105749,ZFZ3
2023-09-15 13:00:00+00:00,34,1,410749,105.9453125,106.0390625,105.90625,105.90625,97876,ZFZ3
2023-09-15 14:00:00+00:00,34,1,410749,105.921875,106.09375,105.921875,105.984375,146567,ZFZ3
2023-09-15 15:00:00+00:00,34,1,410749,105.984375,106.0078125,105.90625,105.921875,53235,ZFZ3
2023-09-15 16:00:00+00:00,34,1,410749,105.921875,105.9453125,105.9140625,105.9375,31795,ZFZ3
2023-09-15 17:00:00+00:00,34,1,410749,105.9375,106.03125,105.9296875,106.03125,49183,ZFZ3
2023-09-15 18:00:00+00:00,34,1,410749,106.03125,106.0390625,105.9609375,105.9609375,40021,ZFZ3
2023-09-15 19:00:00+00:00,34,1,410749,105.96875,105.9765625,105.9296875,105.9375,52850,ZFZ3
2023-09-15 20:00:00+00:00,34,1,410749,105.9375,105.953125,105.90625,105.90625,34311,ZFZ3
2023-09-17 22:00:00+00:00,34,1,410749,105.9140625,105.9453125,105.90625,105.9296875,2953,ZFZ3
2023-09-17 23:00:00+00:00,34,1,410749,105.9296875,105.96875,105.921875,105.9609375,3633,ZFZ3
2023-09-18 00:00:00+00:00,34,1,410749,105.9609375,105.96875,105.9140625,105.9375,5288,ZFZ3
2023-09-18 01:00:00+00:00,34,1,410749,105.9375,105.9375,105.859375,105.859375,6683,ZFZ3
2023-09-18 02:00:00+00:00,34,1,410749,105.859375,105.8828125,105.8515625,105.8671875,3646,ZFZ3
2023-09-18 03:00:00+00:00,34,1,410749,105.8671875,105.8671875,105.859375,105.8671875,1611,ZFZ3
2023-09-18 04:00:00+00:00,34,1,410749,105.8671875,105.8671875,105.8515625,105.8515625,1914,ZFZ3
2023-09-18 05:00:00+00:00,34,1,410749,105.8515625,105.8828125,105.8515625,105.875,1828,ZFZ3
2023-09-18 06:00:00+00:00,34,1,410749,105.875,105.8828125,105.828125,105.875,14459,ZFZ3
2023-09-18 07:00:00+00:00,34,1,410749,105.8671875,105.875,105.8125,105.8203125,21341,ZFZ3
2023-09-18 08:00:00+00:00,34,1,410749,105.8203125,105.875,105.8203125,105.8671875,19280,ZFZ3
2023-09-18 09:00:00+00:00,34,1,410749,105.8671875,105.875,105.8515625,105.8671875,10337,ZFZ3
2023-09-18 10:00:00+00:00,34,1,410749,105.859375,105.8828125,105.8359375,105.8515625,17487,ZFZ3
2023-09-18 11:00:00+00:00,34,1,410749,105.84375,105.8828125,105.84375,105.8515625,20031,ZFZ3
2023-09-18 12:00:00+00:00,34,1,410749,105.8515625,105.8828125,105.7890625,105.8046875,67552,ZFZ3
2023-09-18 13:00:00+00:00,34,1,410749,105.8046875,105.9296875,105.765625,105.8515625,99841,ZFZ3
2023-09-18 14:00:00+00:00,34,1,410749,105.859375,105.9140625,105.8125,105.8984375,70236,ZFZ3
2023-09-18 15:00:00+00:00,34,1,410749,105.8984375,105.9140625,105.84375,105.9140625,37891,ZFZ3
2023-09-18 16:00:00+00:00,34,1,410749,105.9140625,105.9453125,105.890625,105.9375,37142,ZFZ3
2023-09-18 17:00:00+00:00,34,1,410749,105.9453125,105.96875,105.9140625,105.921875,47490,ZFZ3
2023-09-18 18:00:00+00:00,34,1,410749,105.921875,105.921875,105.8671875,105.8984375,34323,ZFZ3
2023-09-18 19:00:00+00:00,34,1,410749,105.8984375,105.921875,105.890625,105.890625,55936,ZFZ3
2023-09-18 20:00:00+00:00,34,1,410749,105.8984375,105.96875,105.890625,105.953125,40343,ZFZ3
2023-09-18 22:00:00+00:00,34,1,410749,105.9453125,105.96875,105.9296875,105.9453125,3140,ZFZ3
2023-09-18 23:00:00+00:00,34,1,410749,105.9453125,105.9765625,105.9453125,105.953125,2744,ZFZ3
2023-09-19 00:00:00+00:00,34,1,410749,105.9609375,105.984375,105.953125,105.9609375,6256,ZFZ3
2023-09-19 01:00:00+00:00,34,1,410749,105.96875,105.96875,105.9296875,105.953125,4660,ZFZ3
2023-09-19 02:00:00+00:00,34,1,410749,105.9453125,105.9921875,105.9453125,105.984375,4846,ZFZ3
2023-09-19 03:00:00+00:00,34,1,410749,105.9765625,105.984375,105.9296875,105.9453125,2552,ZFZ3
2023-09-19 04:00:00+00:00,34,1,410749,105.9453125,105.953125,105.9296875,105.9375,1870,ZFZ3
2023-09-19 05:00:00+00:00,34,1,410749,105.9375,105.9609375,105.9140625,105.921875,4766,ZFZ3
2023-09-19 06:00:00+00:00,34,1,410749,105.921875,105.921875,105.8828125,105.890625,16170,ZFZ3
2023-09-19 07:00:00+00:00,34,1,410749,105.8828125,105.921875,105.875,105.90625,21225,ZFZ3
2023-09-19 08:00:00+00:00,34,1,410749,105.90625,105.9375,105.8984375,105.9375,17802,ZFZ3
2023-09-19 09:00:00+00:00,34,1,410749,105.9375,105.9375,105.8984375,105.9140625,11566,ZFZ3
2023-09-19 10:00:00+00:00,34,1,410749,105.9140625,105.953125,105.90625,105.90625,14189,ZFZ3
2023-09-19 11:00:00+00:00,34,1,410749,105.9140625,105.921875,105.875,105.890625,15857,ZFZ3
2023-09-19 12:00:00+00:00,34,1,410749,105.8984375,105.8984375,105.7578125,105.796875,96243,ZFZ3
2023-09-19 13:00:00+00:00,34,1,410749,105.7890625,105.84375,105.703125,105.7890625,140748,ZFZ3
2023-09-19 14:00:00+00:00,34,1,410749,105.796875,105.8515625,105.78125,105.796875,71327,ZFZ3
2023-09-19 15:00:00+00:00,34,1,410749,105.8046875,105.8125,105.71875,105.7734375,71683,ZFZ3
2023-09-19 16:00:00+00:00,34,1,410749,105.765625,105.796875,105.7578125,105.765625,45171,ZFZ3
2023-09-19 17:00:00+00:00,34,1,410749,105.765625,105.796875,105.7421875,105.7578125,41157,ZFZ3
2023-09-19 18:00:00+00:00,34,1,410749,105.75,105.765625,105.6328125,105.640625,111478,ZFZ3
2023-09-19 19:00:00+00:00,34,1,410749,105.640625,105.6796875,105.625,105.6640625,87333,ZFZ3
2023-09-19 20:00:00+00:00,34,1,410749,105.6640625,105.6875,105.6484375,105.6796875,64190,ZFZ3
2023-09-19 22:00:00+00:00,34,1,410749,105.71875,105.7265625,105.6953125,105.6953125,4080,ZFZ3
2023-09-19 23:00:00+00:00,34,1,410749,105.703125,105.71875,105.6796875,105.6796875,2693,ZFZ3
2023-09-20 00:00:00+00:00,34,1,410749,105.6796875,105.6953125,105.65625,105.6953125,8061,ZFZ3
2023-09-20 01:00:00+00:00,34,1,410749,105.703125,105.703125,105.6875,105.6953125,3977,ZFZ3
2023-09-20 02:00:00+00:00,34,1,410749,105.703125,105.703125,105.6796875,105.6875,2384,ZFZ3
2023-09-20 03:00:00+00:00,34,1,410749,105.6796875,105.6875,105.671875,105.6875,1456,ZFZ3
2023-09-20 04:00:00+00:00,34,1,410749,105.6875,105.703125,105.6796875,105.6953125,1509,ZFZ3
2023-09-20 05:00:00+00:00,34,1,410749,105.6953125,105.7109375,105.671875,105.6953125,5480,ZFZ3
2023-09-20 06:00:00+00:00,34,1,410749,105.6953125,105.765625,105.6796875,105.7265625,32636,ZFZ3
2023-09-20 07:00:00+00:00,34,1,410749,105.734375,105.75,105.6953125,105.703125,24298,ZFZ3
2023-09-20 08:00:00+00:00,34,1,410749,105.703125,105.7578125,105.6953125,105.75,23735,ZFZ3
2023-09-20 09:00:00+00:00,34,1,410749,105.75,105.7890625,105.75,105.7890625,16517,ZFZ3
2023-09-20 10:00:00+00:00,34,1,410749,105.78125,105.828125,105.78125,105.8125,14453,ZFZ3
2023-09-20 11:00:00+00:00,34,1,410749,105.8046875,105.8046875,105.7578125,105.78125,22459,ZFZ3
2023-09-20 12:00:00+00:00,34,1,410749,105.78125,105.8203125,105.734375,105.8125,52868,ZFZ3
2023-09-20 13:00:00+00:00,34,1,410749,105.8125,105.890625,105.8125,105.8515625,80718,ZFZ3
2023-09-20 14:00:00+00:00,34,1,410749,105.84375,105.8984375,105.8125,105.84375,74607,ZFZ3
2023-09-20 15:00:00+00:00,34,1,410749,105.84375,105.8984375,105.8359375,105.8671875,60562,ZFZ3
2023-09-20 16:00:00+00:00,34,1,410749,105.875,105.90625,105.84375,105.8984375,45848,ZFZ3
2023-09-20 17:00:00+00:00,34,1,410749,105.8984375,105.9296875,105.8515625,105.875,82770,ZFZ3
2023-09-20 18:00:00+00:00,34,1,410749,105.875,105.875,105.5078125,105.6640625,329448,ZFZ3
2023-09-20 19:00:00+00:00,34,1,410749,105.65625,105.6640625,105.453125,105.5078125,190118,ZFZ3
2023-09-20 20:00:00+00:00,34,1,410749,105.515625,105.515625,105.3515625,105.3515625,114934,ZFZ3
2023-09-20 22:00:00+00:00,34,1,410749,105.3984375,105.3984375,105.328125,105.34375,7122,ZFZ3
2023-09-20 23:00:00+00:00,34,1,410749,105.3515625,105.359375,105.3125,105.359375,7234,ZFZ3
2023-09-21 00:00:00+00:00,34,1,410749,105.3515625,105.3515625,105.1953125,105.2109375,30448,ZFZ3
2023-09-21 01:00:00+00:00,34,1,410749,105.2109375,105.2734375,105.1953125,105.265625,19038,ZFZ3
2023-09-21 02:00:00+00:00,34,1,410749,105.265625,105.265625,105.234375,105.2578125,6003,ZFZ3
2023-09-21 03:00:00+00:00,34,1,410749,105.2578125,105.28125,105.2578125,105.28125,4564,ZFZ3
2023-09-21 04:00:00+00:00,34,1,410749,105.28125,105.28125,105.265625,105.28125,6342,ZFZ3
2023-09-21 05:00:00+00:00,34,1,410749,105.2734375,105.296875,105.2578125,105.28125,8719,ZFZ3
2023-09-21 06:00:00+00:00,34,1,410749,105.2890625,105.34375,105.2734375,105.3359375,31380,ZFZ3
2023-09-21 07:00:00+00:00,34,1,410749,105.3359375,105.375,105.3125,105.359375,34861,ZFZ3
2023-09-21 08:00:00+00:00,34,1,410749,105.3515625,105.3671875,105.296875,105.3046875,37283,ZFZ3
2023-09-21 09:00:00+00:00,34,1,410749,105.3046875,105.328125,105.2734375,105.3203125,22432,ZFZ3
2023-09-21 10:00:00+00:00,34,1,410749,105.3203125,105.375,105.3125,105.3671875,31102,ZFZ3
2023-09-21 11:00:00+00:00,34,1,410749,105.359375,105.390625,105.2421875,105.25,52977,ZFZ3
2023-09-21 12:00:00+00:00,34,1,410749,105.2421875,105.2578125,105.078125,105.1640625,195448,ZFZ3
2023-09-21 13:00:00+00:00,34,1,410749,105.171875,105.2734375,105.1640625,105.1953125,153116,ZFZ3
2023-09-21 14:00:00+00:00,34,1,410749,105.203125,105.3203125,105.1953125,105.28125,152343,ZFZ3
2023-09-21 15:00:00+00:00,34,1,410749,105.28125,105.328125,105.25,105.265625,96838,ZFZ3
2023-09-21 16:00:00+00:00,34,1,410749,105.2734375,105.296875,105.2265625,105.2890625,64977,ZFZ3
2023-09-21 17:00:00+00:00,34,1,410749,105.296875,105.3203125,105.265625,105.2734375,54327,ZFZ3
2023-09-21 18:00:00+00:00,34,1,410749,105.2734375,105.3203125,105.2421875,105.2421875,72376,ZFZ3
2023-09-21 19:00:00+00:00,34,1,410749,105.2421875,105.2890625,105.2421875,105.25,59801,ZFZ3
2023-09-21 20:00:00+00:00,34,1,410749,105.25,105.265625,105.2265625,105.234375,49422,ZFZ3
2023-09-21 22:00:00+00:00,34,1,410749,105.234375,105.25,105.2265625,105.2421875,3511,ZFZ3
2023-09-21 23:00:00+00:00,34,1,410749,105.2421875,105.265625,105.2109375,105.2578125,3765,ZFZ3
2023-09-22 00:00:00+00:00,34,1,410749,105.2578125,105.28125,105.234375,105.25,10878,ZFZ3
2023-09-22 01:00:00+00:00,34,1,410749,105.25,105.25,105.2109375,105.21875,9199,ZFZ3
2023-09-22 02:00:00+00:00,34,1,410749,105.21875,105.2421875,105.21875,105.2265625,5504,ZFZ3
2023-09-22 03:00:00+00:00,34,1,410749,105.234375,105.234375,105.2109375,105.21875,5732,ZFZ3
2023-09-22 04:00:00+00:00,34,1,410749,105.2109375,105.2578125,105.2109375,105.25,6888,ZFZ3
2023-09-22 05:00:00+00:00,34,1,410749,105.25,105.2578125,105.21875,105.2265625,6429,ZFZ3
2023-09-22 06:00:00+00:00,34,1,410749,105.2265625,105.296875,105.21875,105.296875,26153,ZFZ3
2023-09-22 07:00:00+00:00,34,1,410749,105.296875,105.40625,105.28125,105.34375,57651,ZFZ3
2023-09-22 08:00:00+00:00,34,1,410749,105.34375,105.34375,105.296875,105.3046875,22706,ZFZ3
2023-09-22 09:00:00+00:00,34,1,410749,105.296875,105.328125,105.28125,105.28125,14602,ZFZ3
2023-09-22 10:00:00+00:00,34,1,410749,105.28125,105.3046875,105.2734375,105.2890625,14916,ZFZ3
2023-09-22 11:00:00+00:00,34,1,410749,105.2890625,105.34375,105.265625,105.3046875,30045,ZFZ3
2023-09-22 12:00:00+00:00,34,1,410749,105.3046875,105.40625,105.3046875,105.3828125,67365,ZFZ3
2023-09-22 13:00:00+00:00,34,1,410749,105.3828125,105.453125,105.296875,105.4453125,122482,ZFZ3
2023-09-22 14:00:00+00:00,34,1,410749,105.4453125,105.578125,105.4296875,105.515625,162217,ZFZ3
2023-09-22 15:00:00+00:00,34,1,410749,105.515625,105.53125,105.4609375,105.5,73204,ZFZ3
2023-09-22 16:00:00+00:00,34,1,410749,105.5,105.515625,105.4609375,105.5078125,43727,ZFZ3
2023-09-22 17:00:00+00:00,34,1,410749,105.5,105.53125,105.484375,105.4921875,51841,ZFZ3
2023-09-22 18:00:00+00:00,34,1,410749,105.4921875,105.5078125,105.4375,105.4453125,52355,ZFZ3
2023-09-22 19:00:00+00:00,34,1,410749,105.4453125,105.5078125,105.4375,105.5,55862,ZFZ3
2023-09-22 20:00:00+00:00,34,1,410749,105.5078125,105.5078125,105.4609375,105.484375,27936,ZFZ3
2023-09-24 22:00:00+00:00,34,1,410749,105.4921875,105.546875,105.4921875,105.4921875,6534,ZFZ3
2023-09-24 23:00:00+00:00,34,1,410749,105.5,105.53125,105.4921875,105.4921875,3731,ZFZ3
2023-09-25 00:00:00+00:00,34,1,410749,105.484375,105.484375,105.4296875,105.4375,10481,ZFZ3
2023-09-25 01:00:00+00:00,34,1,410749,105.4453125,105.453125,105.4140625,105.453125,6605,ZFZ3
2023-09-25 02:00:00+00:00,34,1,410749,105.4453125,105.4453125,105.421875,105.4375,5309,ZFZ3
2023-09-25 03:00:00+00:00,34,1,410749,105.4296875,105.46875,105.4296875,105.453125,6100,ZFZ3
2023-09-25 04:00:00+00:00,34,1,410749,105.453125,105.46875,105.4453125,105.4453125,8373,ZFZ3
2023-09-25 05:00:00+00:00,34,1,410749,105.4375,105.453125,105.4140625,105.421875,4998,ZFZ3
2023-09-25 06:00:00+00:00,34,1,410749,105.421875,105.4375,105.3828125,105.4140625,13703,ZFZ3
2023-09-25 07:00:00+00:00,34,1,410749,105.4140625,105.4375,105.3515625,105.375,21732,ZFZ3
2023-09-25 08:00:00+00:00,34,1,410749,105.375,105.375,105.328125,105.34375,25095,ZFZ3
2023-09-25 09:00:00+00:00,34,1,410749,105.3515625,105.3671875,105.3046875,105.328125,21386,ZFZ3
2023-09-25 10:00:00+00:00,34,1,410749,105.3203125,105.3671875,105.296875,105.3671875,26896,ZFZ3
2023-09-25 11:00:00+00:00,34,1,410749,105.3671875,105.390625,105.3359375,105.3515625,39091,ZFZ3
2023-09-25 12:00:00+00:00,34,1,410749,105.3515625,105.3828125,105.3046875,105.34375,98344,ZFZ3
2023-09-25 13:00:00+00:00,34,1,410749,105.3515625,105.359375,105.2734375,105.34375,112277,ZFZ3
2023-09-25 14:00:00+00:00,34,1,410749,105.3515625,105.4140625,105.3046875,105.3828125,97244,ZFZ3
2023-09-25 15:00:00+00:00,34,1,410749,105.375,105.4453125,105.34375,105.34375,63565,ZFZ3
2023-09-25 16:00:00+00:00,34,1,410749,105.3515625,105.390625,105.3359375,105.3515625,44930,ZFZ3
2023-09-25 17:00:00+00:00,34,1,410749,105.3515625,105.3671875,105.3125,105.328125,33706,ZFZ3
2023-09-25 18:00:00+00:00,34,1,410749,105.3203125,105.328125,105.2578125,105.28125,71116,ZFZ3
2023-09-25 19:00:00+00:00,34,1,410749,105.2734375,105.3046875,105.2734375,105.296875,64606,ZFZ3
2023-09-25 20:00:00+00:00,34,1,410749,105.296875,105.3125,105.2734375,105.2890625,43921,ZFZ3
2023-09-25 22:00:00+00:00,34,1,410749,105.296875,105.3046875,105.28125,105.28125,1569,ZFZ3
2023-09-25 23:00:00+00:00,34,1,410749,105.28125,105.2890625,105.2578125,105.265625,3319,ZFZ3
2023-09-26 00:00:00+00:00,34,1,410749,105.2734375,105.2734375,105.1953125,105.1953125,10562,ZFZ3
2023-09-26 01:00:00+00:00,34,1,410749,105.203125,105.234375,105.1875,105.2109375,10250,ZFZ3
2023-09-26 02:00:00+00:00,34,1,410749,105.2109375,105.21875,105.1796875,105.203125,8884,ZFZ3
2023-09-26 03:00:00+00:00,34,1,410749,105.2109375,105.2265625,105.1953125,105.2109375,5983,ZFZ3
2023-09-26 04:00:00+00:00,34,1,410749,105.2109375,105.2421875,105.203125,105.234375,7097,ZFZ3
2023-09-26 05:00:00+00:00,34,1,410749,105.234375,105.2578125,105.2109375,105.21875,6620,ZFZ3
2023-09-26 06:00:00+00:00,34,1,410749,105.21875,105.25,105.1796875,105.1875,18899,ZFZ3
2023-09-26 07:00:00+00:00,34,1,410749,105.1953125,105.3046875,105.1796875,105.3046875,35301,ZFZ3
2023-09-26 08:00:00+00:00,34,1,410749,105.3046875,105.3671875,105.296875,105.34375,35185,ZFZ3
2023-09-26 09:00:00+00:00,34,1,410749,105.34375,105.390625,105.328125,105.375,21843,ZFZ3
2023-09-26 10:00:00+00:00,34,1,410749,105.3828125,105.4140625,105.3515625,105.40625,23554,ZFZ3
2023-09-26 11:00:00+00:00,34,1,410749,105.3984375,105.4453125,105.375,105.3828125,41532,ZFZ3
2023-09-26 12:00:00+00:00,34,1,410749,105.3828125,105.4609375,105.3671875,105.453125,85501,ZFZ3
2023-09-26 13:00:00+00:00,34,1,410749,105.4453125,105.4453125,105.3046875,105.3203125,110618,ZFZ3
2023-09-26 14:00:00+00:00,34,1,410749,105.328125,105.3984375,105.2578125,105.265625,123837,ZFZ3
2023-09-26 15:00:00+00:00,34,1,410749,105.265625,105.3046875,105.203125,105.2578125,92592,ZFZ3
2023-09-26 16:00:00+00:00,34,1,410749,105.265625,105.2734375,105.21875,105.25,52111,ZFZ3
2023-09-26 17:00:00+00:00,34,1,410749,105.25,105.3046875,105.2421875,105.3046875,38107,ZFZ3
2023-09-26 18:00:00+00:00,34,1,410749,105.3046875,105.3046875,105.2109375,105.2578125,79264,ZFZ3
2023-09-26 19:00:00+00:00,34,1,410749,105.25,105.296875,105.234375,105.265625,65482,ZFZ3
2023-09-26 20:00:00+00:00,34,1,410749,105.2734375,105.328125,105.2578125,105.3203125,37993,ZFZ3
2023-09-26 22:00:00+00:00,34,1,410749,105.3046875,105.3359375,105.3046875,105.328125,2807,ZFZ3
2023-09-26 23:00:00+00:00,34,1,410749,105.328125,105.3671875,105.3203125,105.359375,4686,ZFZ3
2023-09-27 00:00:00+00:00,34,1,410749,105.3515625,105.375,105.3359375,105.3671875,6800,ZFZ3
2023-09-27 01:00:00+00:00,34,1,410749,105.3671875,105.421875,105.3515625,105.3828125,31754,ZFZ3
2023-09-27 02:00:00+00:00,34,1,410749,105.390625,105.3984375,105.3515625,105.3671875,11421,ZFZ3
2023-09-27 03:00:00+00:00,34,1,410749,105.3671875,105.3828125,105.359375,105.3671875,3969,ZFZ3
2023-09-27 04:00:00+00:00,34,1,410749,105.3671875,105.3671875,105.3359375,105.34375,6571,ZFZ3
2023-09-27 05:00:00+00:00,34,1,410749,105.3515625,105.3515625,105.3125,105.3125,14952,ZFZ3
2023-09-27 06:00:00+00:00,34,1,410749,105.3203125,105.421875,105.3125,105.4140625,23061,ZFZ3
2023-09-27 07:00:00+00:00,34,1,410749,105.40625,105.4375,105.40625,105.4296875,20108,ZFZ3
2023-09-27 08:00:00+00:00,34,1,410749,105.4296875,105.4453125,105.40625,105.421875,19959,ZFZ3
2023-09-27 09:00:00+00:00,34,1,410749,105.4296875,105.4375,105.4140625,105.421875,14466,ZFZ3
2023-09-27 10:00:00+00:00,34,1,410749,105.421875,105.421875,105.375,105.390625,17344,ZFZ3
2023-09-27 11:00:00+00:00,34,1,410749,105.390625,105.4140625,105.3515625,105.375,32086,ZFZ3
2023-09-27 12:00:00+00:00,34,1,410749,105.375,105.453125,105.3203125,105.4296875,104566,ZFZ3
2023-09-27 13:00:00+00:00,34,1,410749,105.421875,105.4375,105.3046875,105.3125,103523,ZFZ3
2023-09-27 14:00:00+00:00,34,1,410749,105.3046875,105.328125,105.203125,105.203125,132936,ZFZ3
2023-09-27 15:00:00+00:00,34,1,410749,105.203125,105.25,105.1015625,105.1328125,98848,ZFZ3
2023-09-27 16:00:00+00:00,34,1,410749,105.140625,105.1484375,105.046875,105.0625,105890,ZFZ3
2023-09-27 17:00:00+00:00,34,1,410749,105.0546875,105.1171875,104.8984375,104.953125,185664,ZFZ3
2023-09-27 18:00:00+00:00,34,1,410749,104.953125,104.953125,104.8515625,104.921875,151987,ZFZ3
2023-09-27 19:00:00+00:00,34,1,410749,104.9296875,105.015625,104.90625,104.984375,122761,ZFZ3
2023-09-27 20:00:00+00:00,34,1,410749,104.984375,104.9921875,104.9453125,104.984375,62325,ZFZ3
2023-09-27 22:00:00+00:00,34,1,410749,105.03125,105.03125,104.984375,105.0078125,4448,ZFZ3
2023-09-27 23:00:00+00:00,34,1,410749,105.0078125,105.0234375,104.9921875,105.0078125,2483,ZFZ3
2023-09-28 00:00:00+00:00,34,1,410749,105.015625,105.03125,104.9921875,105.015625,10222,ZFZ3
2023-09-28 01:00:00+00:00,34,1,410749,105.015625,105.015625,104.9296875,104.984375,12954,ZFZ3
2023-09-28 02:00:00+00:00,34,1,410749,104.984375,105.0078125,104.9765625,104.9921875,11786,ZFZ3
2023-09-28 03:00:00+00:00,34,1,410749,104.9921875,105.0234375,104.9921875,105.0078125,8631,ZFZ3
2023-09-28 04:00:00+00:00,34,1,410749,105.0078125,105.046875,105.0,105.03125,11140,ZFZ3
2023-09-28 05:00:00+00:00,34,1,410749,105.0234375,105.0703125,105.0234375,105.03125,15371,ZFZ3
2023-09-28 06:00:00+00:00,34,1,410749,105.03125,105.046875,104.96875,104.9921875,20864,ZFZ3
2023-09-28 07:00:00+00:00,34,1,410749,104.9921875,105.03125,104.96875,104.9921875,32797,ZFZ3
2023-09-28 08:00:00+00:00,34,1,410749,105.0,105.0,104.90625,104.921875,39750,ZFZ3
2023-09-28 09:00:00+00:00,34,1,410749,104.9140625,105.0,104.8828125,104.984375,51479,ZFZ3
2023-09-28 10:00:00+00:00,34,1,410749,104.984375,104.9921875,104.890625,104.8984375,25705,ZFZ3
2023-09-28 11:00:00+00:00,34,1,410749,104.8984375,104.921875,104.8515625,104.9140625,35154,ZFZ3
2023-09-28 12:00:00+00:00,34,1,410749,104.9140625,105.109375,104.75,104.8359375,186773,ZFZ3
2023-09-28 13:00:00+00:00,34,1,410749,104.828125,105.0234375,104.828125,104.9921875,173424,ZFZ3
2023-09-28 14:00:00+00:00,34,1,410749,104.9921875,105.0625,104.8984375,104.9296875,152696,ZFZ3
2023-09-28 15:00:00+00:00,34,1,410749,104.9296875,105.125,104.8828125,105.09375,143812,ZFZ3
2023-09-28 16:00:00+00:00,34,1,410749,105.09375,105.125,105.0390625,105.078125,82877,ZFZ3
2023-09-28 17:00:00+00:00,34,1,410749,105.078125,105.1171875,105.03125,105.0546875,64281,ZFZ3
2023-09-28 18:00:00+00:00,34,1,410749,105.0546875,105.2109375,105.046875,105.203125,78234,ZFZ3
2023-09-28 19:00:00+00:00,34,1,410749,105.1953125,105.2890625,105.1953125,105.265625,71744,ZFZ3
2023-09-28 20:00:00+00:00,34,1,410749,105.265625,105.2734375,105.2421875,105.2578125,33117,ZFZ3
2023-09-28 22:00:00+00:00,34,1,410749,105.2578125,105.2578125,105.21875,105.234375,6416,ZFZ3
2023-09-28 23:00:00+00:00,34,1,410749,105.2421875,105.25,105.21875,105.234375,4679,ZFZ3
2023-09-29 00:00:00+00:00,34,1,410749,105.2421875,105.2421875,105.1875,105.203125,7237,ZFZ3
2023-09-29 01:00:00+00:00,34,1,410749,105.2109375,105.21875,105.171875,105.171875,8992,ZFZ3
2023-09-29 02:00:00+00:00,34,1,410749,105.1796875,105.1875,105.171875,105.171875,6490,ZFZ3
2023-09-29 03:00:00+00:00,34,1,410749,105.171875,105.203125,105.171875,105.1796875,4245,ZFZ3
2023-09-29 04:00:00+00:00,34,1,410749,105.1875,105.21875,105.1796875,105.21875,5003,ZFZ3
2023-09-29 05:00:00+00:00,34,1,410749,105.21875,105.3125,105.21875,105.28125,12492,ZFZ3
2023-09-29 06:00:00+00:00,34,1,410749,105.28125,105.453125,105.2734375,105.3828125,73087,ZFZ3
2023-09-29 07:00:00+00:00,34,1,410749,105.3828125,105.4375,105.3671875,105.421875,46756,ZFZ3
2023-09-29 08:00:00+00:00,34,1,410749,105.421875,105.4375,105.375,105.390625,38440,ZFZ3
2023-09-29 09:00:00+00:00,34,1,410749,105.390625,105.4296875,105.3671875,105.40625,19839,ZFZ3
2023-09-29 10:00:00+00:00,34,1,410749,105.40625,105.4296875,105.3828125,105.3984375,18524,ZFZ3
2023-09-29 11:00:00+00:00,34,1,410749,105.3984375,105.40625,105.3203125,105.359375,47765,ZFZ3
2023-09-29 12:00:00+00:00,34,1,410749,105.359375,105.53125,105.34375,105.5078125,193942,ZFZ3
2023-09-29 13:00:00+00:00,34,1,410749,105.515625,105.5625,105.46875,105.5,152676,ZFZ3
2023-09-29 14:00:00+00:00,34,1,410749,105.5,105.5390625,105.4140625,105.484375,144887,ZFZ3
2023-09-29 15:00:00+00:00,34,1,410749,105.4765625,105.484375,105.34375,105.3828125,125193,ZFZ3
2023-09-29 16:00:00+00:00,34,1,410749,105.3828125,105.390625,105.3515625,105.3515625,71127,ZFZ3
2023-09-29 17:00:00+00:00,34,1,410749,105.3515625,105.3828125,105.3046875,105.34375,52070,ZFZ3
2023-09-29 18:00:00+00:00,34,1,410749,105.34375,105.3828125,105.3359375,105.3515625,104200,ZFZ3
2023-09-29 19:00:00+00:00,34,1,410749,105.3515625,105.3828125,105.2734375,105.328125,310104,ZFZ3
2023-09-29 20:00:00+00:00,34,1,410749,105.3203125,105.359375,105.2890625,105.3359375,113243,ZFZ3
2023-10-01 22:00:00+00:00,34,1,410749,105.25,105.2578125,105.09375,105.109375,28324,ZFZ3
2023-10-01 23:00:00+00:00,34,1,410749,105.109375,105.1484375,105.09375,105.140625,7787,ZFZ3
2023-10-02 00:00:00+00:00,34,1,410749,105.1484375,105.1484375,105.1015625,105.1328125,11065,ZFZ3
2023-10-02 01:00:00+00:00,34,1,410749,105.125,105.15625,105.125,105.140625,5299,ZFZ3
2023-10-02 02:00:00+00:00,34,1,410749,105.1328125,105.15625,105.125,105.125,2809,ZFZ3
2023-10-02 03:00:00+00:00,34,1,410749,105.125,105.171875,105.125,105.1640625,3066,ZFZ3
2023-10-02 04:00:00+00:00,34,1,410749,105.1640625,105.1796875,105.1640625,105.171875,3700,ZFZ3
2023-10-02 05:00:00+00:00,34,1,410749,105.1640625,105.1796875,105.15625,105.1640625,3275,ZFZ3
2023-10-02 06:00:00+00:00,34,1,410749,105.171875,105.1796875,105.1171875,105.1640625,17143,ZFZ3
2023-10-02 07:00:00+00:00,34,1,410749,105.15625,105.203125,105.0859375,105.109375,23670,ZFZ3
2023-10-02 08:00:00+00:00,34,1,410749,105.109375,105.1328125,105.1015625,105.1015625,17477,ZFZ3
2023-10-02 09:00:00+00:00,34,1,410749,105.1015625,105.109375,105.0234375,105.03125,33650,ZFZ3
2023-10-02 10:00:00+00:00,34,1,410749,105.03125,105.0703125,105.0234375,105.0390625,18415,ZFZ3
2023-10-02 11:00:00+00:00,34,1,410749,105.046875,105.1015625,105.0390625,105.078125,29127,ZFZ3
2023-10-02 12:00:00+00:00,34,1,410749,105.078125,105.09375,105.0,105.0390625,83843,ZFZ3
2023-10-02 13:00:00+00:00,34,1,410749,105.0390625,105.0625,104.9765625,105.0,101729,ZFZ3
2023-10-02 14:00:00+00:00,34,1,410749,104.9921875,105.0859375,104.90625,104.9453125,183009,ZFZ3
2023-10-02 15:00:00+00:00,34,1,410749,104.9453125,104.9765625,104.859375,104.890625,99005,ZFZ3
2023-10-02 16:00:00+00:00,34,1,410749,104.8828125,104.9296875,104.859375,104.921875,72416,ZFZ3
2023-10-02 17:00:00+00:00,34,1,410749,104.921875,104.9765625,104.921875,104.96875,50965,ZFZ3
2023-10-02 18:00:00+00:00,34,1,410749,104.9609375,105.0,104.8984375,104.90625,94341,ZFZ3
2023-10-02 19:00:00+00:00,34,1,410749,104.90625,104.9375,104.8984375,104.90625,66378,ZFZ3
2023-10-02 20:00:00+00:00,34,1,410749,104.90625,104.9453125,104.875,104.9375,52676,ZFZ3
2023-10-02 22:00:00+00:00,34,1,410749,104.953125,104.96875,104.9296875,104.9453125,4071,ZFZ3
2023-10-02 23:00:00+00:00,34,1,410749,104.9453125,104.9765625,104.921875,104.9296875,5704,ZFZ3
2023-10-03 00:00:00+00:00,34,1,410749,104.9296875,104.9375,104.84375,104.9140625,13709,ZFZ3
2023-10-03 01:00:00+00:00,34,1,410749,104.9140625,104.9296875,104.8828125,104.921875,8152,ZFZ3
2023-10-03 02:00:00+00:00,34,1,410749,104.9140625,104.9296875,104.90625,104.921875,3284,ZFZ3
2023-10-03 03:00:00+00:00,34,1,410749,104.921875,104.9296875,104.8984375,104.90625,5161,ZFZ3
2023-10-03 04:00:00+00:00,34,1,410749,104.9140625,104.9296875,104.8828125,104.9140625,6892,ZFZ3
2023-10-03 05:00:00+00:00,34,1,410749,104.9140625,104.9375,104.8359375,104.8515625,8712,ZFZ3
2023-10-03 06:00:00+00:00,34,1,410749,104.8515625,104.9140625,104.8515625,104.890625,17774,ZFZ3
2023-10-03 07:00:00+00:00,34,1,410749,104.8984375,104.9453125,104.875,104.9140625,24622,ZFZ3
2023-10-03 08:00:00+00:00,34,1,410749,104.9140625,104.984375,104.9140625,104.9375,22696,ZFZ3
2023-10-03 09:00:00+00:00,34,1,410749,104.9375,104.9375,104.8515625,104.859375,18056,ZFZ3
2023-10-03 10:00:00+00:00,34,1,410749,104.859375,104.8828125,104.8125,104.8203125,21682,ZFZ3
2023-10-03 11:00:00+00:00,34,1,410749,104.8203125,104.828125,104.71875,104.7421875,85549,ZFZ3
2023-10-03 12:00:00+00:00,34,1,410749,104.75,104.8828125,104.7109375,104.875,118151,ZFZ3
2023-10-03 13:00:00+00:00,34,1,410749,104.8828125,104.9921875,104.84375,104.9453125,131715,ZFZ3
2023-10-03 14:00:00+00:00,34,1,410749,104.953125,104.953125,104.640625,104.7265625,295656,ZFZ3
2023-10-03 15:00:00+00:00,34,1,410749,104.7265625,104.7265625,104.609375,104.6328125,130115,ZFZ3
2023-10-03 16:00:00+00:00,34,1,410749,104.640625,104.703125,104.5859375,104.59375,92912,ZFZ3
2023-10-03 17:00:00+00:00,34,1,410749,104.59375,104.6484375,104.5859375,104.6171875,71024,ZFZ3
2023-10-03 18:00:00+00:00,34,1,410749,104.6171875,104.6171875,104.546875,104.546875,101782,ZFZ3
2023-10-03 19:00:00+00:00,34,1,410749,104.5546875,104.578125,104.5234375,104.546875,100270,ZFZ3
2023-10-03 20:00:00+00:00,34,1,410749,104.5546875,104.6015625,104.546875,104.5625,51197,ZFZ3
2023-10-03 22:00:00+00:00,34,1,410749,104.5546875,104.6015625,104.5546875,104.5859375,6405,ZFZ3
2023-10-03 23:00:00+00:00,34,1,410749,104.578125,104.5859375,104.5625,104.5703125,3686,ZFZ3
2023-10-04 00:00:00+00:00,34,1,410749,104.5703125,104.609375,104.5,104.5,14857,ZFZ3
2023-10-04 01:00:00+00:00,34,1,410749,104.5,104.5078125,104.453125,104.4921875,23812,ZFZ3
2023-10-04 02:00:00+00:00,34,1,410749,104.484375,104.484375,104.390625,104.4375,28288,ZFZ3
2023-10-04 03:00:00+00:00,34,1,410749,104.4453125,104.4765625,104.4140625,104.4296875,9627,ZFZ3
2023-10-04 04:00:00+00:00,34,1,410749,104.4296875,104.46875,104.40625,104.4609375,5293,ZFZ3
2023-10-04 05:00:00+00:00,34,1,410749,104.4609375,104.4609375,104.375,104.3828125,9193,ZFZ3
2023-10-04 06:00:00+00:00,34,1,410749,104.390625,104.3984375,104.265625,104.28125,44902,ZFZ3
2023-10-04 07:00:00+00:00,34,1,410749,104.28125,104.4609375,104.28125,104.4375,69431,ZFZ3
2023-10-04 08:00:00+00:00,34,1,410749,104.4375,104.5234375,104.4296875,104.515625,39478,ZFZ3
2023-10-04 09:00:00+00:00,34,1,410749,104.5234375,104.5546875,104.46875,104.46875,26892,ZFZ3
2023-10-04 10:00:00+00:00,34,1,410749,104.46875,104.515625,104.4296875,104.4765625,32984,ZFZ3
2023-10-04 11:00:00+00:00,34,1,410749,104.46875,104.6640625,104.46875,104.609375,87994,ZFZ3
2023-10-04 12:00:00+00:00,34,1,410749,104.609375,104.84375,104.59375,104.8046875,228858,ZFZ3
2023-10-04 13:00:00+00:00,34,1,410749,104.8125,104.8125,104.703125,104.7578125,126481,ZFZ3
2023-10-04 14:00:00+00:00,34,1,410749,104.75,104.796875,104.5859375,104.703125,188395,ZFZ3
2023-10-04 15:00:00+00:00,34,1,410749,104.703125,104.9140625,104.6640625,104.8828125,145470,ZFZ3
2023-10-04 16:00:00+00:00,34,1,410749,104.890625,104.9296875,104.828125,104.890625,69240,ZFZ3
2023-10-04 17:00:00+00:00,34,1,410749,104.890625,104.9296875,104.8515625,104.8515625,57451,ZFZ3
2023-10-04 18:00:00+00:00,34,1,410749,104.8515625,104.921875,104.828125,104.90625,63694,ZFZ3
2023-10-04 19:00:00+00:00,34,1,410749,104.9140625,104.953125,104.8984375,104.921875,80070,ZFZ3
2023-10-04 20:00:00+00:00,34,1,410749,104.921875,104.9296875,104.8671875,104.8828125,42281,ZFZ3
2023-10-04 22:00:00+00:00,34,1,410749,104.875,104.8828125,104.8359375,104.8828125,3757,ZFZ3
2023-10-04 23:00:00+00:00,34,1,410749,104.8828125,104.90625,104.875,104.90625,2481,ZFZ3
2023-10-05 00:00:00+00:00,34,1,410749,104.8984375,104.9140625,104.8359375,104.890625,8958,ZFZ3
2023-10-05 01:00:00+00:00,34,1,410749,104.890625,105.0,104.890625,105.0,21932,ZFZ3
2023-10-05 02:00:00+00:00,34,1,410749,105.0,105.0234375,104.9765625,105.0,13758,ZFZ3
2023-10-05 03:00:00+00:00,34,1,410749,105.0,105.0,104.9609375,104.9921875,8183,ZFZ3
2023-10-05 04:00:00+00:00,34,1,410749,104.984375,105.015625,104.984375,104.984375,3990,ZFZ3
2023-10-05 05:00:00+00:00,34,1,410749,104.9921875,105.0234375,104.9765625,105.0078125,9939,ZFZ3
2023-10-05 06:00:00+00:00,34,1,410749,105.0078125,105.0078125,104.8828125,104.8828125,25360,ZFZ3
2023-10-05 07:00:00+00:00,34,1,410749,104.8828125,104.9140625,104.859375,104.90625,27454,ZFZ3
2023-10-05 08:00:00+00:00,34,1,410749,104.8984375,104.9375,104.8671875,104.8984375,23265,ZFZ3
2023-10-05 09:00:00+00:00,34,1,410749,104.8984375,104.953125,104.8828125,104.9453125,26167,ZFZ3
2023-10-05 10:00:00+00:00,34,1,410749,104.9375,105.0546875,104.9296875,105.046875,44389,ZFZ3
2023-10-05 11:00:00+00:00,34,1,410749,105.0390625,105.0546875,104.9921875,105.046875,39745,ZFZ3
2023-10-05 12:00:00+00:00,34,1,410749,105.046875,105.0703125,104.8125,104.9765625,136236,ZFZ3
2023-10-05 13:00:00+00:00,34,1,410749,104.9765625,105.1328125,104.96875,105.09375,154755,ZFZ3
2023-10-05 14:00:00+00:00,34,1,410749,105.1015625,105.1015625,104.984375,105.046875,111431,ZFZ3
2023-10-05 15:00:00+00:00,34,1,410749,105.046875,105.09375,105.015625,105.0390625,98597,ZFZ3
2023-10-05 16:00:00+00:00,34,1,410749,105.046875,105.1015625,105.0390625,105.0859375,57835,ZFZ3
2023-10-05 17:00:00+00:00,34,1,410749,105.0859375,105.109375,105.0390625,105.0546875,43623,ZFZ3
2023-10-05 18:00:00+00:00,34,1,410749,105.0546875,105.1015625,105.0546875,105.0625,61818,ZFZ3
2023-10-05 19:00:00+00:00,34,1,410749,105.0546875,105.09375,105.046875,105.0859375,59957,ZFZ3
2023-10-05 20:00:00+00:00,34,1,410749,105.0859375,105.0859375,105.0390625,105.046875,56577,ZFZ3
2023-10-05 22:00:00+00:00,34,1,410749,105.0546875,105.0546875,105.0234375,105.0234375,2863,ZFZ3
2023-10-05 23:00:00+00:00,34,1,410749,105.03125,105.046875,105.015625,105.03125,3612,ZFZ3
2023-10-06 00:00:00+00:00,34,1,410749,105.0234375,105.0390625,105.0078125,105.015625,5919,ZFZ3
2023-10-06 01:00:00+00:00,34,1,410749,105.015625,105.046875,105.0078125,105.03125,5243,ZFZ3
2023-10-06 02:00:00+00:00,34,1,410749,105.03125,105.03125,105.0078125,105.0078125,3698,ZFZ3
2023-10-06 03:00:00+00:00,34,1,410749,105.015625,105.0625,105.015625,105.0546875,5192,ZFZ3
2023-10-06 04:00:00+00:00,34,1,410749,105.0546875,105.0625,105.0390625,105.0390625,3974,ZFZ3
2023-10-06 05:00:00+00:00,34,1,410749,105.0390625,105.046875,105.0,105.0078125,5101,ZFZ3
2023-10-06 06:00:00+00:00,34,1,410749,105.0078125,105.0234375,104.953125,104.9765625,15777,ZFZ3
2023-10-06 07:00:00+00:00,34,1,410749,104.9765625,104.9921875,104.9296875,104.9609375,38263,ZFZ3
2023-10-06 08:00:00+00:00,34,1,410749,104.9609375,104.9765625,104.921875,104.9609375,21372,ZFZ3
2023-10-06 09:00:00+00:00,34,1,410749,104.9609375,105.0078125,104.953125,104.953125,20797,ZFZ3
2023-10-06 10:00:00+00:00,34,1,410749,104.9609375,104.9765625,104.9375,104.9375,17448,ZFZ3
2023-10-06 11:00:00+00:00,34,1,410749,104.9375,104.96875,104.9140625,104.9296875,38919,ZFZ3
2023-10-06 12:00:00+00:00,34,1,410749,104.9296875,104.96875,104.3828125,104.5234375,405174,ZFZ3
2023-10-06 13:00:00+00:00,34,1,410749,104.53125,104.6953125,104.46875,104.59375,252871,ZFZ3
2023-10-06 14:00:00+00:00,34,1,410749,104.59375,104.734375,104.59375,104.6796875,124301,ZFZ3
2023-10-06 15:00:00+00:00,34,1,410749,104.6796875,104.875,104.671875,104.8125,145255,ZFZ3
2023-10-06 16:00:00+00:00,34,1,410749,104.8125,104.8203125,104.7265625,104.734375,66323,ZFZ3
2023-10-06 17:00:00+00:00,34,1,410749,104.7421875,104.796875,104.734375,104.765625,42381,ZFZ3
2023-10-06 18:00:00+00:00,34,1,410749,104.765625,104.828125,104.7578125,104.796875,60088,ZFZ3
2023-10-06 19:00:00+00:00,34,1,410749,104.7890625,104.8203125,104.7578125,104.765625,49192,ZFZ3
2023-10-06 20:00:00+00:00,34,1,410749,104.7734375,104.7890625,104.7421875,104.7578125,41025,ZFZ3
2023-10-08 22:00:00+00:00,34,1,410749,105.015625,105.34375,104.953125,105.203125,55647,ZFZ3
2023-10-08 23:00:00+00:00,34,1,410749,105.203125,105.21875,105.1171875,105.125,15496,ZFZ3
2023-10-09 00:00:00+00:00,34,1,410749,105.125,105.125,105.0078125,105.09375,17719,ZFZ3
2023-10-09 01:00:00+00:00,34,1,410749,105.09375,105.109375,105.0546875,105.09375,8856,ZFZ3
2023-10-09 02:00:00+00:00,34,1,410749,105.09375,105.125,105.0859375,105.1015625,3817,ZFZ3
2023-10-09 03:00:00+00:00,34,1,410749,105.09375,105.109375,105.0703125,105.1015625,3185,ZFZ3
2023-10-09 04:00:00+00:00,34,1,410749,105.1015625,105.1171875,105.0546875,105.0546875,3436,ZFZ3
2023-10-09 05:00:00+00:00,34,1,410749,105.0546875,105.09375,105.03125,105.0703125,9441,ZFZ3
2023-10-09 06:00:00+00:00,34,1,410749,105.0703125,105.1484375,105.03125,105.03125,18787,ZFZ3
2023-10-09 07:00:00+00:00,34,1,410749,105.03125,105.1328125,105.015625,105.09375,20983,ZFZ3
2023-10-09 08:00:00+00:00,34,1,410749,105.09375,105.109375,105.0625,105.0859375,17205,ZFZ3
2023-10-09 09:00:00+00:00,34,1,410749,105.0859375,105.1015625,105.078125,105.1015625,9554,ZFZ3
2023-10-09 10:00:00+00:00,34,1,410749,105.09375,105.1171875,105.0859375,105.0859375,8466,ZFZ3
2023-10-09 11:00:00+00:00,34,1,410749,105.0859375,105.1171875,105.0546875,105.09375,17600,ZFZ3
2023-10-09 12:00:00+00:00,34,1,410749,105.1015625,105.34375,105.0859375,105.328125,61149,ZFZ3
2023-10-09 13:00:00+00:00,34,1,410749,105.328125,105.4296875,105.2421875,105.3203125,65846,ZFZ3
2023-10-09 14:00:00+00:00,34,1,410749,105.3203125,105.4375,105.3203125,105.4296875,41011,ZFZ3
2023-10-09 15:00:00+00:00,34,1,410749,105.4296875,105.4453125,105.390625,105.4140625,26090,ZFZ3
2023-10-09 16:00:00+00:00,34,1,410749,105.4140625,105.4296875,105.375,105.4140625,13474,ZFZ3
2023-10-09 17:00:00+00:00,34,1,410749,105.4140625,105.5234375,105.3984375,105.5,37680,ZFZ3
2023-10-09 18:00:00+00:00,34,1,410749,105.5078125,105.5078125,105.4609375,105.5,20384,ZFZ3
2023-10-09 19:00:00+00:00,34,1,410749,105.5,105.578125,105.4921875,105.578125,24709,ZFZ3
2023-10-09 20:00:00+00:00,34,1,410749,105.578125,105.5859375,105.5078125,105.5078125,8927,ZFZ3
2023-10-09 22:00:00+00:00,34,1,410749,105.484375,105.5234375,105.484375,105.515625,5344,ZFZ3
2023-10-09 23:00:00+00:00,34,1,410749,105.515625,105.546875,105.5078125,105.5390625,20828,ZFZ3
2023-10-10 00:00:00+00:00,34,1,410749,105.5390625,105.5625,105.4296875,105.484375,32871,ZFZ3
2023-10-10 01:00:00+00:00,34,1,410749,105.484375,105.4921875,105.390625,105.40625,27790,ZFZ3
2023-10-10 02:00:00+00:00,34,1,410749,105.3984375,105.4375,105.3984375,105.4296875,18942,ZFZ3
2023-10-10 03:00:00+00:00,34,1,410749,105.4296875,105.453125,105.40625,105.421875,8197,ZFZ3
2023-10-10 04:00:00+00:00,34,1,410749,105.421875,105.421875,105.3671875,105.390625,13420,ZFZ3
2023-10-10 05:00:00+00:00,34,1,410749,105.390625,105.3984375,105.3671875,105.375,10955,ZFZ3
2023-10-10 06:00:00+00:00,34,1,410749,105.3671875,105.4140625,105.265625,105.28125,46555,ZFZ3
2023-10-10 07:00:00+00:00,34,1,410749,105.28125,105.34375,105.2265625,105.2734375,64609,ZFZ3
2023-10-10 08:00:00+00:00,34,1,410749,105.2734375,105.3984375,105.265625,105.375,33112,ZFZ3
2023-10-10 09:00:00+00:00,34,1,410749,105.3671875,105.3671875,105.28125,105.296875,19343,ZFZ3
2023-10-10 10:00:00+00:00,34,1,410749,105.296875,105.3125,105.25,105.2578125,19559,ZFZ3
2023-10-10 11:00:00+00:00,34,1,410749,105.265625,105.265625,105.125,105.1875,57683,ZFZ3
2023-10-10 12:00:00+00:00,34,1,410749,105.1875,105.296875,105.1328125,105.25,157795,ZFZ3
2023-10-10 13:00:00+00:00,34,1,410749,105.25,105.296875,105.1796875,105.265625,103882,ZFZ3
2023-10-10 14:00:00+00:00,34,1,410749,105.265625,105.375,105.25,105.359375,105029,ZFZ3
2023-10-10 15:00:00+00:00,34,1,410749,105.359375,105.53125,105.3515625,105.515625,111965,ZFZ3
2023-10-10 16:00:00+00:00,34,1,410749,105.515625,105.5234375,105.4140625,105.46875,98331,ZFZ3
2023-10-10 17:00:00+00:00,34,1,410749,105.46875,105.484375,105.3359375,105.34375,111904,ZFZ3
2023-10-10 18:00:00+00:00,34,1,410749,105.34375,105.390625,105.328125,105.3359375,60707,ZFZ3
2023-10-10 19:00:00+00:00,34,1,410749,105.3359375,105.3984375,105.296875,105.375,102452,ZFZ3
2023-10-10 20:00:00+00:00,34,1,410749,105.375,105.4140625,105.328125,105.3515625,54723,ZFZ3
2023-10-10 22:00:00+00:00,34,1,410749,105.34375,105.375,105.3125,105.375,4516,ZFZ3
2023-10-10 23:00:00+00:00,34,1,410749,105.375,105.3984375,105.3515625,105.359375,2881,ZFZ3
2023-10-11 00:00:00+00:00,34,1,410749,105.359375,105.421875,105.3515625,105.375,7192,ZFZ3
2023-10-11 01:00:00+00:00,34,1,410749,105.3828125,105.3984375,105.34375,105.3828125,6163,ZFZ3
2023-10-11 02:00:00+00:00,34,1,410749,105.3828125,105.390625,105.3359375,105.3671875,23101,ZFZ3
2023-10-11 03:00:00+00:00,34,1,410749,105.359375,105.359375,105.3046875,105.3046875,11669,ZFZ3
2023-10-11 04:00:00+00:00,34,1,410749,105.3125,105.3203125,105.265625,105.2890625,6863,ZFZ3
2023-10-11 05:00:00+00:00,34,1,410749,105.296875,105.296875,105.2265625,105.2578125,10278,ZFZ3
2023-10-11 06:00:00+00:00,34,1,410749,105.2578125,105.3515625,105.2578125,105.296875,25360,ZFZ3
2023-10-11 07:00:00+00:00,34,1,410749,105.296875,105.59375,105.296875,105.4921875,90404,ZFZ3
2023-10-11 08:00:00+00:00,34,1,410749,105.4921875,105.6171875,105.46875,105.5625,84655,ZFZ3
2023-10-11 09:00:00+00:00,34,1,410749,105.5625,105.59375,105.5234375,105.5703125,26598,ZFZ3
2023-10-11 10:00:00+00:00,34,1,410749,105.5703125,105.6015625,105.53125,105.5703125,31247,ZFZ3
2023-10-11 11:00:00+00:00,34,1,410749,105.578125,105.5859375,105.5234375,105.5234375,37918,ZFZ3
2023-10-11 12:00:00+00:00,34,1,410749,105.53125,105.53125,105.34375,105.4296875,197249,ZFZ3
2023-10-11 13:00:00+00:00,34,1,410749,105.4375,105.4609375,105.28125,105.3359375,133212,ZFZ3
2023-10-11 14:00:00+00:00,34,1,410749,105.328125,105.421875,105.3125,105.375,117697,ZFZ3
2023-10-11 15:00:00+00:00,34,1,410749,105.3828125,105.4765625,105.34375,105.4375,89710,ZFZ3
2023-10-11 16:00:00+00:00,34,1,410749,105.4453125,105.453125,105.3359375,105.3515625,59474,ZFZ3
2023-10-11 17:00:00+00:00,34,1,410749,105.3515625,105.359375,105.2421875,105.2890625,77768,ZFZ3
2023-10-11 18:00:00+00:00,34,1,410749,105.2890625,105.359375,105.2578125,105.3515625,80788,ZFZ3
2023-10-11 19:00:00+00:00,34,1,410749,105.3515625,105.4375,105.34375,105.4296875,55683,ZFZ3
2023-10-11 20:00:00+00:00,34,1,410749,105.4296875,105.4921875,105.4296875,105.453125,55376,ZFZ3
2023-10-11 22:00:00+00:00,34,1,410749,105.4453125,105.46875,105.421875,105.453125,5775,ZFZ3
2023-10-11 23:00:00+00:00,34,1,410749,105.453125,105.46875,105.4375,105.4609375,2747,ZFZ3
2023-10-12 00:00:00+00:00,34,1,410749,105.453125,105.4765625,105.3984375,105.4140625,7257,ZFZ3
2023-10-12 01:00:00+00:00,34,1,410749,105.4140625,105.4375,105.3984375,105.3984375,6788,ZFZ3
2023-10-12 02:00:00+00:00,34,1,410749,105.40625,105.4296875,105.390625,105.390625,5281,ZFZ3
2023-10-12 03:00:00+00:00,34,1,410749,105.3984375,105.421875,105.390625,105.40625,4973,ZFZ3
2023-10-12 04:00:00+00:00,34,1,410749,105.40625,105.4296875,105.3984375,105.4296875,2017,ZFZ3
2023-10-12 05:00:00+00:00,34,1,410749,105.4296875,105.4609375,105.4140625,105.4609375,4722,ZFZ3
2023-10-12 06:00:00+00:00,34,1,410749,105.453125,105.5234375,105.4296875,105.484375,30914,ZFZ3
2023-10-12 07:00:00+00:00,34,1,410749,105.484375,105.4921875,105.375,105.390625,30222,ZFZ3
2023-10-12 08:00:00+00:00,34,1,410749,105.390625,105.4453125,105.3828125,105.4453125,26493,ZFZ3
2023-10-12 09:00:00+00:00,34,1,410749,105.4453125,105.453125,105.3984375,105.4296875,19086,ZFZ3
2023-10-12 10:00:00+00:00,34,1,410749,105.4296875,105.5,105.4296875,105.453125,28740,ZFZ3
2023-10-12 11:00:00+00:00,34,1,410749,105.453125,105.5078125,105.4375,105.4765625,49195,ZFZ3
2023-10-12 12:00:00+00:00,34,1,410749,105.4765625,105.640625,105.0859375,105.1875,326447,ZFZ3
2023-10-12 13:00:00+00:00,34,1,410749,105.1875,105.2421875,105.046875,105.0625,177743,ZFZ3
2023-10-12 14:00:00+00:00,34,1,410749,105.0625,105.1484375,105.03125,105.0703125,121664,ZFZ3
2023-10-12 15:00:00+00:00,34,1,410749,105.0703125,105.078125,105.015625,105.046875,76694,ZFZ3
2023-10-12 16:00:00+00:00,34,1,410749,105.046875,105.078125,105.0,105.0234375,48156,ZFZ3
2023-10-12 17:00:00+00:00,34,1,410749,105.0234375,105.0546875,104.9453125,104.953125,133729,ZFZ3
2023-10-12 18:00:00+00:00,34,1,410749,104.9453125,105.0,104.8984375,104.953125,85285,ZFZ3
2023-10-12 19:00:00+00:00,34,1,410749,104.9609375,105.015625,104.9296875,104.984375,53660,ZFZ3
2023-10-12 20:00:00+00:00,34,1,410749,104.984375,105.0,104.9609375,104.9765625,38523,ZFZ3
2023-10-12 22:00:00+00:00,34,1,410749,104.9765625,104.9921875,104.96875,104.984375,3251,ZFZ3
2023-10-12 23:00:00+00:00,34,1,410749,104.984375,105.0,104.9609375,104.9765625,5418,ZFZ3
2023-10-13 00:00:00+00:00,34,1,410749,104.9765625,105.0390625,104.9765625,105.0234375,6526,ZFZ3
2023-10-13 01:00:00+00:00,34,1,410749,105.0234375,105.078125,104.9921875,105.0703125,14890,ZFZ3
2023-10-13 02:00:00+00:00,34,1,410749,105.0703125,105.09375,105.0546875,105.0859375,6246,ZFZ3
2023-10-13 03:00:00+00:00,34,1,410749,105.0859375,105.09375,105.0625,105.0859375,3061,ZFZ3
2023-10-13 04:00:00+00:00,34,1,410749,105.0859375,105.125,105.078125,105.125,5582,ZFZ3
2023-10-13 05:00:00+00:00,34,1,410749,105.125,105.1796875,105.1171875,105.1484375,15145,ZFZ3
2023-10-13 06:00:00+00:00,34,1,410749,105.140625,105.171875,105.09375,105.1171875,22122,ZFZ3
2023-10-13 07:00:00+00:00,34,1,410749,105.109375,105.1953125,105.09375,105.1875,31487,ZFZ3
2023-10-13 08:00:00+00:00,34,1,410749,105.1875,105.2109375,105.15625,105.171875,24950,ZFZ3
2023-10-13 09:00:00+00:00,34,1,410749,105.171875,105.21875,105.125,105.1953125,20437,ZFZ3
2023-10-13 10:00:00+00:00,34,1,410749,105.203125,105.28125,105.203125,105.25,30384,ZFZ3
2023-10-13 11:00:00+00:00,34,1,410749,105.25,105.3125,105.1953125,105.2265625,51094,ZFZ3
2023-10-13 12:00:00+00:00,34,1,410749,105.2265625,105.3671875,105.1796875,105.359375,117557,ZFZ3
2023-10-13 13:00:00+00:00,34,1,410749,105.359375,105.375,105.1875,105.1953125,101688,ZFZ3
2023-10-13 14:00:00+00:00,34,1,410749,105.1953125,105.2265625,105.09375,105.1875,141714,ZFZ3
2023-10-13 15:00:00+00:00,34,1,410749,105.1875,105.203125,105.125,105.1796875,58693,ZFZ3
2023-10-13 16:00:00+00:00,34,1,410749,105.171875,105.2265625,105.1328125,105.1484375,37771,ZFZ3
2023-10-13 17:00:00+00:00,34,1,410749,105.1484375,105.171875,105.125,105.15625,42738,ZFZ3
2023-10-13 18:00:00+00:00,34,1,410749,105.1640625,105.1875,105.1328125,105.171875,41164,ZFZ3
2023-10-13 19:00:00+00:00,34,1,410749,105.1796875,105.203125,105.15625,105.1875,39252,ZFZ3
2023-10-13 20:00:00+00:00,34,1,410749,105.1953125,105.203125,105.15625,105.1796875,33307,ZFZ3
2023-10-15 22:00:00+00:00,34,1,410749,105.109375,105.1484375,105.0,105.046875,10125,ZFZ3
2023-10-15 23:00:00+00:00,34,1,410749,105.0390625,105.0859375,105.0234375,105.0625,4340,ZFZ3
2023-10-16 00:00:00+00:00,34,1,410749,105.0703125,105.09375,105.0,105.0390625,13620,ZFZ3
2023-10-16 01:00:00+00:00,34,1,410749,105.0390625,105.0703125,105.0234375,105.046875,6394,ZFZ3
2023-10-16 02:00:00+00:00,34,1,410749,105.046875,105.078125,105.046875,105.0546875,3091,ZFZ3
2023-10-16 03:00:00+00:00,34,1,410749,105.0546875,105.0625,105.0234375,105.0546875,9028,ZFZ3
2023-10-16 04:00:00+00:00,34,1,410749,105.0546875,105.109375,105.0546875,105.0859375,5105,ZFZ3
2023-10-16 05:00:00+00:00,34,1,410749,105.09375,105.09375,105.03125,105.0546875,4442,ZFZ3
2023-10-16 06:00:00+00:00,34,1,410749,105.0546875,105.0703125,104.96875,104.984375,29877,ZFZ3
2023-10-16 07:00:00+00:00,34,1,410749,104.9765625,105.0546875,104.953125,105.0234375,42560,ZFZ3
2023-10-16 08:00:00+00:00,34,1,410749,105.015625,105.0625,104.984375,105.046875,15715,ZFZ3
2023-10-16 09:00:00+00:00,34,1,410749,105.0390625,105.0546875,105.0078125,105.015625,11638,ZFZ3
2023-10-16 10:00:00+00:00,34,1,410749,105.0078125,105.0390625,104.984375,105.015625,14756,ZFZ3
2023-10-16 11:00:00+00:00,34,1,410749,105.015625,105.015625,104.9609375,105.0078125,50740,ZFZ3
2023-10-16 12:00:00+00:00,34,1,410749,105.0078125,105.1171875,104.9765625,105.046875,96370,ZFZ3
2023-10-16 13:00:00+00:00,34,1,410749,105.0546875,105.078125,104.875,104.90625,100993,ZFZ3
2023-10-16 14:00:00+00:00,34,1,410749,104.90625,104.9765625,104.8671875,104.9453125,88965,ZFZ3
2023-10-16 15:00:00+00:00,34,1,410749,104.953125,104.984375,104.90625,104.9375,56998,ZFZ3
2023-10-16 16:00:00+00:00,34,1,410749,104.9375,104.9609375,104.890625,104.90625,34114,ZFZ3
2023-10-16 17:00:00+00:00,34,1,410749,104.8984375,104.9296875,104.8671875,104.8984375,39049,ZFZ3
2023-10-16 18:00:00+00:00,34,1,410749,104.8984375,104.9296875,104.8671875,104.890625,47337,ZFZ3
2023-10-16 19:00:00+00:00,34,1,410749,104.890625,104.90625,104.859375,104.8828125,65432,ZFZ3
2023-10-16 20:00:00+00:00,34,1,410749,104.890625,104.921875,104.8671875,104.8828125,45191,ZFZ3
2023-10-16 22:00:00+00:00,34,1,410749,104.8828125,104.8828125,104.8359375,104.84375,7187,ZFZ3
2023-10-16 23:00:00+00:00,34,1,410749,104.84375,104.875,104.84375,104.8515625,3016,ZFZ3
2023-10-17 00:00:00+00:00,34,1,410749,104.8515625,104.90625,104.8515625,104.8671875,8558,ZFZ3
2023-10-17 01:00:00+00:00,34,1,410749,104.8671875,104.90625,104.859375,104.875,11344,ZFZ3
2023-10-17 02:00:00+00:00,34,1,410749,104.8671875,104.875,104.8203125,104.828125,9058,ZFZ3
2023-10-17 03:00:00+00:00,34,1,410749,104.828125,104.8359375,104.7578125,104.8046875,11982,ZFZ3
2023-10-17 04:00:00+00:00,34,1,410749,104.8046875,104.8203125,104.78125,104.7890625,4075,ZFZ3
2023-10-17 05:00:00+00:00,34,1,410749,104.7890625,104.8125,104.765625,104.7890625,9247,ZFZ3
2023-10-17 06:00:00+00:00,34,1,410749,104.7890625,104.796875,104.734375,104.765625,16573,ZFZ3
2023-10-17 07:00:00+00:00,34,1,410749,104.765625,104.8359375,104.75,104.796875,26206,ZFZ3
2023-10-17 08:00:00+00:00,34,1,410749,104.796875,104.8203125,104.7578125,104.7734375,19528,ZFZ3
2023-10-17 09:00:00+00:00,34,1,410749,104.7734375,104.7890625,104.75,104.765625,21366,ZFZ3
2023-10-17 10:00:00+00:00,34,1,410749,104.765625,104.8203125,104.71875,104.7265625,39244,ZFZ3
2023-10-17 11:00:00+00:00,34,1,410749,104.71875,104.7421875,104.703125,104.734375,41835,ZFZ3
2023-10-17 12:00:00+00:00,34,1,410749,104.734375,104.7578125,104.4453125,104.453125,218588,ZFZ3
2023-10-17 13:00:00+00:00,34,1,410749,104.453125,104.484375,104.3125,104.3515625,159855,ZFZ3
2023-10-17 14:00:00+00:00,34,1,410749,104.3515625,104.4140625,104.328125,104.375,141350,ZFZ3
2023-10-17 15:00:00+00:00,34,1,410749,104.375,104.40625,104.3125,104.375,101510,ZFZ3
2023-10-17 16:00:00+00:00,34,1,410749,104.375,104.390625,104.28125,104.296875,79031,ZFZ3
2023-10-17 17:00:00+00:00,34,1,410749,104.296875,104.3046875,104.171875,104.1875,77737,ZFZ3
2023-10-17 18:00:00+00:00,34,1,410749,104.1875,104.234375,104.140625,104.2265625,118373,ZFZ3
2023-10-17 19:00:00+00:00,34,1,410749,104.2265625,104.2890625,104.21875,104.234375,88843,ZFZ3
2023-10-17 20:00:00+00:00,34,1,410749,104.2421875,104.25,104.1953125,104.2421875,68867,ZFZ3
2023-10-17 22:00:00+00:00,34,1,410749,104.234375,104.2734375,104.2109375,104.25,7310,ZFZ3
2023-10-17 23:00:00+00:00,34,1,410749,104.25,104.265625,104.2265625,104.2421875,4153,ZFZ3
2023-10-18 00:00:00+00:00,34,1,410749,104.2421875,104.3046875,104.2265625,104.28125,22246,ZFZ3
2023-10-18 01:00:00+00:00,34,1,410749,104.2734375,104.3046875,104.2578125,104.296875,14992,ZFZ3
2023-10-18 02:00:00+00:00,34,1,410749,104.296875,104.3359375,104.28125,104.3125,9334,ZFZ3
2023-10-18 03:00:00+00:00,34,1,410749,104.3125,104.328125,104.2890625,104.3125,4271,ZFZ3
2023-10-18 04:00:00+00:00,34,1,410749,104.3203125,104.328125,104.296875,104.3046875,4918,ZFZ3
2023-10-18 05:00:00+00:00,34,1,410749,104.3125,104.34375,104.3046875,104.3125,9811,ZFZ3
2023-10-18 06:00:00+00:00,34,1,410749,104.3125,104.3125,104.2109375,104.2265625,31374,ZFZ3
2023-10-18 07:00:00+00:00,34,1,410749,104.234375,104.28125,104.1796875,104.2734375,40548,ZFZ3
2023-10-18 08:00:00+00:00,34,1,410749,104.2734375,104.3046875,104.234375,104.28125,31972,ZFZ3
2023-10-18 09:00:00+00:00,34,1,410749,104.28125,104.34375,104.2734375,104.328125,26691,ZFZ3
2023-10-18 10:00:00+00:00,34,1,410749,104.328125,104.40625,104.3125,104.390625,29570,ZFZ3
2023-10-18 11:00:00+00:00,34,1,410749,104.390625,104.421875,104.3359375,104.34375,45251,ZFZ3
2023-10-18 12:00:00+00:00,34,1,410749,104.34375,104.359375,104.1484375,104.234375,126022,ZFZ3
2023-10-18 13:00:00+00:00,34,1,410749,104.2421875,104.2734375,104.15625,104.2421875,110333,ZFZ3
2023-10-18 14:00:00+00:00,34,1,410749,104.25,104.2734375,104.046875,104.0546875,147567,ZFZ3
2023-10-18 15:00:00+00:00,34,1,410749,104.0546875,104.0546875,103.9765625,104.0,128554,ZFZ3
2023-10-18 16:00:00+00:00,34,1,410749,104.0,104.0859375,103.9609375,104.0390625,129702,ZFZ3
2023-10-18 17:00:00+00:00,34,1,410749,104.0390625,104.140625,104.0234375,104.1171875,92514,ZFZ3
2023-10-18 18:00:00+00:00,34,1,410749,104.1171875,104.125,104.015625,104.03125,73768,ZFZ3
2023-10-18 19:00:00+00:00,34,1,410749,104.03125,104.0703125,104.0,104.0234375,71752,ZFZ3
2023-10-18 20:00:00+00:00,34,1,410749,104.015625,104.0234375,103.96875,103.9765625,52376,ZFZ3
2023-10-18 22:00:00+00:00,34,1,410749,103.9765625,104.015625,103.9375,103.9453125,6592,ZFZ3
2023-10-18 23:00:00+00:00,34,1,410749,103.9453125,103.9609375,103.8984375,103.90625,7167,ZFZ3
2023-10-19 00:00:00+00:00,34,1,410749,103.9140625,103.953125,103.9140625,103.9296875,10775,ZFZ3
2023-10-19 01:00:00+00:00,34,1,410749,103.9296875,103.9609375,103.8046875,103.84375,30594,ZFZ3
2023-10-19 02:00:00+00:00,34,1,410749,103.84375,103.8828125,103.8359375,103.84375,8558,ZFZ3
2023-10-19 03:00:00+00:00,34,1,410749,103.84375,103.859375,103.8203125,103.828125,8180,ZFZ3
2023-10-19 04:00:00+00:00,34,1,410749,103.828125,103.8359375,103.78125,103.7890625,10367,ZFZ3
2023-10-19 05:00:00+00:00,34,1,410749,103.7890625,103.8046875,103.765625,103.8046875,10100,ZFZ3
2023-10-19 06:00:00+00:00,34,1,410749,103.8046875,103.8515625,103.7890625,103.8515625,23358,ZFZ3
2023-10-19 07:00:00+00:00,34,1,410749,103.84375,103.875,103.8046875,103.8203125,37626,ZFZ3
2023-10-19 08:00:00+00:00,34,1,410749,103.8203125,103.8359375,103.765625,103.7734375,37563,ZFZ3
2023-10-19 09:00:00+00:00,34,1,410749,103.78125,103.84375,103.78125,103.84375,22368,ZFZ3
2023-10-19 10:00:00+00:00,34,1,410749,103.84375,103.8984375,103.8359375,103.890625,25130,ZFZ3
2023-10-19 11:00:00+00:00,34,1,410749,103.890625,103.8984375,103.75,103.78125,49936,ZFZ3
2023-10-19 12:00:00+00:00,34,1,410749,103.7734375,103.984375,103.734375,103.9453125,155864,ZFZ3
2023-10-19 13:00:00+00:00,34,1,410749,103.9453125,103.984375,103.859375,103.96875,102452,ZFZ3
2023-10-19 14:00:00+00:00,34,1,410749,103.96875,103.96875,103.8359375,103.84375,118026,ZFZ3
2023-10-19 15:00:00+00:00,34,1,410749,103.84375,103.9453125,103.828125,103.9140625,114439,ZFZ3
2023-10-19 16:00:00+00:00,34,1,410749,103.9140625,104.140625,103.78125,103.953125,381024,ZFZ3
2023-10-19 17:00:00+00:00,34,1,410749,103.953125,104.046875,103.8828125,103.921875,138640,ZFZ3
2023-10-19 18:00:00+00:00,34,1,410749,103.9296875,103.9609375,103.875,103.921875,95589,ZFZ3
2023-10-19 19:00:00+00:00,34,1,410749,103.9140625,104.0078125,103.9140625,103.9765625,91839,ZFZ3
2023-10-19 20:00:00+00:00,34,1,410749,103.96875,104.0,103.9375,103.9453125,52825,ZFZ3
2023-10-19 22:00:00+00:00,34,1,410749,103.9453125,103.9609375,103.921875,103.9453125,5319,ZFZ3
2023-10-19 23:00:00+00:00,34,1,410749,103.9453125,104.015625,103.9453125,103.9609375,6169,ZFZ3
2023-10-20 00:00:00+00:00,34,1,410749,103.9609375,104.0,103.9453125,103.9765625,15199,ZFZ3
2023-10-20 01:00:00+00:00,34,1,410749,103.984375,104.0,103.9453125,103.984375,15452,ZFZ3
2023-10-20 02:00:00+00:00,34,1,410749,103.984375,104.0625,103.96875,104.0625,14503,ZFZ3
2023-10-20 03:00:00+00:00,34,1,410749,104.0546875,104.09375,104.0390625,104.0859375,12587,ZFZ3
2023-10-20 04:00:00+00:00,34,1,410749,104.0859375,104.1171875,104.078125,104.0859375,5900,ZFZ3
2023-10-20 05:00:00+00:00,34,1,410749,104.0859375,104.1171875,104.078125,104.109375,9103,ZFZ3
2023-10-20 06:00:00+00:00,34,1,410749,104.1015625,104.15625,104.0546875,104.1484375,27695,ZFZ3
2023-10-20 07:00:00+00:00,34,1,410749,104.1484375,104.1953125,104.1328125,104.1328125,46251,ZFZ3
2023-10-20 08:00:00+00:00,34,1,410749,104.125,104.1328125,104.078125,104.1015625,29344,ZFZ3
2023-10-20 09:00:00+00:00,34,1,410749,104.109375,104.125,104.0703125,104.078125,21749,ZFZ3
2023-10-20 10:00:00+00:00,34,1,410749,104.078125,104.1015625,104.0546875,104.1015625,15915,ZFZ3
2023-10-20 11:00:00+00:00,34,1,410749,104.09375,104.1484375,104.0625,104.078125,37151,ZFZ3
2023-10-20 12:00:00+00:00,34,1,410749,104.078125,104.1640625,104.0,104.140625,162118,ZFZ3
2023-10-20 13:00:00+00:00,34,1,410749,104.140625,104.3515625,104.125,104.3046875,175227,ZFZ3
2023-10-20 14:00:00+00:00,34,1,410749,104.3046875,104.3984375,104.25,104.390625,142598,ZFZ3
2023-10-20 15:00:00+00:00,34,1,410749,104.3828125,104.46875,104.34375,104.3671875,110530,ZFZ3
2023-10-20 16:00:00+00:00,34,1,410749,104.3671875,104.4140625,104.328125,104.375,66473,ZFZ3
2023-10-20 17:00:00+00:00,34,1,410749,104.375,104.40625,104.2734375,104.296875,85334,ZFZ3
2023-10-20 18:00:00+00:00,34,1,410749,104.3046875,104.359375,104.265625,104.34375,61740,ZFZ3
2023-10-20 19:00:00+00:00,34,1,410749,104.3515625,104.390625,104.3125,104.3828125,87593,ZFZ3
2023-10-20 20:00:00+00:00,34,1,410749,104.3828125,104.4140625,104.34375,104.3515625,34674,ZFZ3
2023-10-22 22:00:00+00:00,34,1,410749,104.2265625,104.265625,104.1640625,104.2265625,12065,ZFZ3
2023-10-22 23:00:00+00:00,34,1,410749,104.2265625,104.265625,104.2109375,104.21875,3861,ZFZ3
2023-10-23 00:00:00+00:00,34,1,410749,104.21875,104.2890625,104.2109375,104.2265625,14232,ZFZ3
2023-10-23 01:00:00+00:00,34,1,410749,104.2265625,104.25,104.171875,104.1875,9034,ZFZ3
2023-10-23 02:00:00+00:00,34,1,410749,104.1875,104.1875,104.1171875,104.1171875,8350,ZFZ3
2023-10-23 03:00:00+00:00,34,1,410749,104.125,104.140625,104.0703125,104.0859375,15075,ZFZ3
2023-10-23 04:00:00+00:00,34,1,410749,104.0859375,104.1171875,104.078125,104.1015625,6468,ZFZ3
2023-10-23 05:00:00+00:00,34,1,410749,104.1015625,104.1328125,104.09375,104.125,5480,ZFZ3
2023-10-23 06:00:00+00:00,34,1,410749,104.125,104.1796875,104.109375,104.140625,19379,ZFZ3
2023-10-23 07:00:00+00:00,34,1,410749,104.140625,104.1796875,104.1015625,104.1796875,30569,ZFZ3
2023-10-23 08:00:00+00:00,34,1,410749,104.1796875,104.1796875,104.0859375,104.0859375,18174,ZFZ3
2023-10-23 09:00:00+00:00,34,1,410749,104.0859375,104.1015625,104.0234375,104.046875,33444,ZFZ3
2023-10-23 10:00:00+00:00,34,1,410749,104.046875,104.09375,104.015625,104.0859375,36852,ZFZ3
2023-10-23 11:00:00+00:00,34,1,410749,104.0859375,104.15625,104.078125,104.1171875,39100,ZFZ3
2023-10-23 12:00:00+00:00,34,1,410749,104.1171875,104.2109375,104.046875,104.15625,104881,ZFZ3
2023-10-23 13:00:00+00:00,34,1,410749,104.15625,104.3046875,104.1484375,104.3046875,110481,ZFZ3
2023-10-23 14:00:00+00:00,34,1,410749,104.296875,104.421875,104.265625,104.359375,176292,ZFZ3
2023-10-23 15:00:00+00:00,34,1,410749,104.359375,104.515625,104.328125,104.5078125,147229,ZFZ3
2023-10-23 16:00:00+00:00,34,1,410749,104.5078125,104.546875,104.4453125,104.546875,129295,ZFZ3
2023-10-23 17:00:00+00:00,34,1,410749,104.546875,104.578125,104.5234375,104.5390625,72515,ZFZ3
2023-10-23 18:00:00+00:00,34,1,410749,104.546875,104.625,104.53125,104.6171875,64141,ZFZ3
2023-10-23 19:00:00+00:00,34,1,410749,104.609375,104.6171875,104.5390625,104.5859375,80638,ZFZ3
2023-10-23 20:00:00+00:00,34,1,410749,104.5859375,104.625,104.5703125,104.5859375,43734,ZFZ3
2023-10-23 22:00:00+00:00,34,1,410749,104.578125,104.6015625,104.5703125,104.59375,3420,ZFZ3
2023-10-23 23:00:00+00:00,34,1,410749,104.59375,104.6015625,104.5546875,104.5546875,2605,ZFZ3
2023-10-24 00:00:00+00:00,34,1,410749,104.5546875,104.5625,104.515625,104.53125,7456,ZFZ3
2023-10-24 01:00:00+00:00,34,1,410749,104.5390625,104.59375,104.5,104.5546875,15269,ZFZ3
2023-10-24 02:00:00+00:00,34,1,410749,104.5546875,104.609375,104.5546875,104.6015625,6975,ZFZ3
2023-10-24 03:00:00+00:00,34,1,410749,104.6015625,104.6171875,104.578125,104.578125,6592,ZFZ3
2023-10-24 04:00:00+00:00,34,1,410749,104.578125,104.6015625,104.5703125,104.578125,3922,ZFZ3
2023-10-24 05:00:00+00:00,34,1,410749,104.578125,104.6015625,104.5625,104.578125,5256,ZFZ3
2023-10-24 06:00:00+00:00,34,1,410749,104.578125,104.71875,104.5625,104.71875,34644,ZFZ3
2023-10-24 07:00:00+00:00,34,1,410749,104.71875,104.7265625,104.6171875,104.625,60754,ZFZ3
2023-10-24 08:00:00+00:00,34,1,410749,104.6328125,104.6640625,104.5703125,104.6015625,37103,ZFZ3
2023-10-24 09:00:00+00:00,34,1,410749,104.6015625,104.6171875,104.5390625,104.546875,21900,ZFZ3
2023-10-24 10:00:00+00:00,34,1,410749,104.5546875,104.5703125,104.484375,104.5078125,41395,ZFZ3
2023-10-24 11:00:00+00:00,34,1,410749,104.5,104.5703125,104.4765625,104.53125,54618,ZFZ3
2023-10-24 12:00:00+00:00,34,1,410749,104.53125,104.5625,104.4453125,104.5546875,92056,ZFZ3
2023-10-24 13:00:00+00:00,34,1,410749,104.546875,104.546875,104.3203125,104.453125,198077,ZFZ3
2023-10-24 14:00:00+00:00,34,1,410749,104.453125,104.4609375,104.34375,104.4140625,133090,ZFZ3
2023-10-24 15:00:00+00:00,34,1,410749,104.40625,104.5078125,104.3359375,104.4921875,78359,ZFZ3
2023-10-24 16:00:00+00:00,34,1,410749,104.5,104.5546875,104.4609375,104.5078125,86409,ZFZ3
2023-10-24 17:00:00+00:00,34,1,410749,104.5078125,104.6015625,104.4921875,104.5078125,80418,ZFZ3
2023-10-24 18:00:00+00:00,34,1,410749,104.5078125,104.515625,104.4375,104.4765625,68523,ZFZ3
2023-10-24 19:00:00+00:00,34,1,410749,104.46875,104.53125,104.4609375,104.53125,82210,ZFZ3
2023-10-24 20:00:00+00:00,34,1,410749,104.5234375,104.5390625,104.4609375,104.4609375,47342,ZFZ3
2023-10-24 22:00:00+00:00,34,1,410749,104.4765625,104.515625,104.4765625,104.515625,2523,ZFZ3
2023-10-24 23:00:00+00:00,34,1,410749,104.5078125,104.5234375,104.5,104.5078125,2658,ZFZ3
2023-10-25 00:00:00+00:00,34,1,410749,104.5078125,104.5390625,104.4765625,104.515625,16981,ZFZ3
2023-10-25 01:00:00+00:00,34,1,410749,104.5234375,104.5703125,104.5234375,104.5390625,18336,ZFZ3
2023-10-25 02:00:00+00:00,34,1,410749,104.53125,104.5546875,104.5,104.515625,4563,ZFZ3
2023-10-25 03:00:00+00:00,34,1,410749,104.5078125,104.5078125,104.4765625,104.5,5115,ZFZ3
2023-10-25 04:00:00+00:00,34,1,410749,104.5,104.5,104.4609375,104.484375,4692,ZFZ3
2023-10-25 05:00:00+00:00,34,1,410749,104.484375,104.5234375,104.4765625,104.5078125,5768,ZFZ3
2023-10-25 06:00:00+00:00,34,1,410749,104.515625,104.546875,104.484375,104.484375,19421,ZFZ3
2023-10-25 07:00:00+00:00,34,1,410749,104.484375,104.5234375,104.453125,104.46875,20936,ZFZ3
2023-10-25 08:00:00+00:00,34,1,410749,104.46875,104.515625,104.4140625,104.4140625,20830,ZFZ3
2023-10-25 09:00:00+00:00,34,1,410749,104.4140625,104.4375,104.3828125,104.3828125,18371,ZFZ3
2023-10-25 10:00:00+00:00,34,1,410749,104.390625,104.421875,104.375,104.3984375,15858,ZFZ3
2023-10-25 11:00:00+00:00,34,1,410749,104.390625,104.421875,104.3671875,104.390625,27472,ZFZ3
2023-10-25 12:00:00+00:00,34,1,410749,104.390625,104.4296875,104.3203125,104.34375,91437,ZFZ3
2023-10-25 13:00:00+00:00,34,1,410749,104.3515625,104.40625,104.3046875,104.3515625,93337,ZFZ3
2023-10-25 14:00:00+00:00,34,1,410749,104.359375,104.359375,104.2578125,104.2578125,137044,ZFZ3
2023-10-25 15:00:00+00:00,34,1,410749,104.265625,104.3203125,104.1796875,104.265625,126042,ZFZ3
2023-10-25 16:00:00+00:00,34,1,410749,104.265625,104.3046875,104.1953125,104.21875,76134,ZFZ3
2023-10-25 17:00:00+00:00,34,1,410749,104.21875,104.234375,104.09375,104.1484375,169416,ZFZ3
2023-10-25 18:00:00+00:00,34,1,410749,104.1484375,104.1796875,104.09375,104.1171875,104504,ZFZ3
2023-10-25 19:00:00+00:00,34,1,410749,104.1171875,104.1640625,104.1015625,104.15625,84858,ZFZ3
2023-10-25 20:00:00+00:00,34,1,410749,104.1640625,104.1640625,104.0625,104.1015625,54127,ZFZ3
2023-10-25 22:00:00+00:00,34,1,410749,104.1015625,104.125,104.09375,104.125,3840,ZFZ3
2023-10-25 23:00:00+00:00,34,1,410749,104.125,104.1640625,104.1171875,104.1484375,6103,ZFZ3
2023-10-26 00:00:00+00:00,34,1,410749,104.1484375,104.1640625,104.078125,104.0859375,10008,ZFZ3
2023-10-26 01:00:00+00:00,34,1,410749,104.09375,104.1171875,104.078125,104.1171875,13680,ZFZ3
2023-10-26 02:00:00+00:00,34,1,410749,104.1171875,104.171875,104.109375,104.140625,11973,ZFZ3
2023-10-26 03:00:00+00:00,34,1,410749,104.140625,104.15625,104.125,104.140625,5464,ZFZ3
2023-10-26 04:00:00+00:00,34,1,410749,104.1484375,104.171875,104.109375,104.1171875,6615,ZFZ3
2023-10-26 05:00:00+00:00,34,1,410749,104.1171875,104.1484375,104.0625,104.078125,17202,ZFZ3
2023-10-26 06:00:00+00:00,34,1,410749,104.078125,104.109375,104.0546875,104.0625,25682,ZFZ3
2023-10-26 07:00:00+00:00,34,1,410749,104.0625,104.1640625,104.0546875,104.1640625,38320,ZFZ3
2023-10-26 08:00:00+00:00,34,1,410749,104.1640625,104.1953125,104.1328125,104.1484375,38345,ZFZ3
2023-10-26 09:00:00+00:00,34,1,410749,104.1484375,104.171875,104.125,104.140625,14549,ZFZ3
2023-10-26 10:00:00+00:00,34,1,410749,104.140625,104.1484375,104.0859375,104.0859375,20007,ZFZ3
2023-10-26 11:00:00+00:00,34,1,410749,104.0859375,104.09375,104.0234375,104.0234375,37260,ZFZ3
2023-10-26 12:00:00+00:00,34,1,410749,104.03125,104.3671875,104.0078125,104.359375,215897,ZFZ3
2023-10-26 13:00:00+00:00,34,1,410749,104.3515625,104.390625,104.2109375,104.375,171108,ZFZ3
2023-10-26 14:00:00+00:00,34,1,410749,104.375,104.453125,104.3203125,104.3984375,123618,ZFZ3
2023-10-26 15:00:00+00:00,34,1,410749,104.3984375,104.4375,104.3671875,104.421875,85642,ZFZ3
2023-10-26 16:00:00+00:00,34,1,410749,104.4140625,104.484375,104.390625,104.421875,98752,ZFZ3
2023-10-26 17:00:00+00:00,34,1,410749,104.421875,104.6171875,104.4140625,104.5546875,149347,ZFZ3
2023-10-26 18:00:00+00:00,34,1,410749,104.5546875,104.578125,104.53125,104.5625,104370,ZFZ3
2023-10-26 19:00:00+00:00,34,1,410749,104.5625,104.5859375,104.515625,104.5703125,67694,ZFZ3
2023-10-26 20:00:00+00:00,34,1,410749,104.5703125,104.5859375,104.5234375,104.5546875,48340,ZFZ3
2023-10-26 22:00:00+00:00,34,1,410749,104.5390625,104.5625,104.5234375,104.5390625,4439,ZFZ3
2023-10-26 23:00:00+00:00,34,1,410749,104.546875,104.5625,104.5234375,104.5390625,2976,ZFZ3
2023-10-27 00:00:00+00:00,34,1,410749,104.5390625,104.546875,104.4765625,104.484375,12252,ZFZ3
2023-10-27 01:00:00+00:00,34,1,410749,104.484375,104.5234375,104.484375,104.5,14651,ZFZ3
2023-10-27 02:00:00+00:00,34,1,410749,104.5078125,104.5546875,104.5,104.5234375,10037,ZFZ3
2023-10-27 03:00:00+00:00,34,1,410749,104.5234375,104.5390625,104.5,104.53125,4066,ZFZ3
2023-10-27 04:00:00+00:00,34,1,410749,104.53125,104.5546875,104.5234375,104.5390625,2837,ZFZ3
2023-10-27 05:00:00+00:00,34,1,410749,104.5390625,104.5625,104.5078125,104.5625,10222,ZFZ3
2023-10-27 06:00:00+00:00,34,1,410749,104.5625,104.5625,104.4609375,104.5,22678,ZFZ3
2023-10-27 07:00:00+00:00,34,1,410749,104.5078125,104.5078125,104.4453125,104.4765625,19973,ZFZ3
2023-10-27 08:00:00+00:00,34,1,410749,104.46875,104.546875,104.453125,104.5234375,22808,ZFZ3
2023-10-27 09:00:00+00:00,34,1,410749,104.5234375,104.5703125,104.5078125,104.5625,16763,ZFZ3
2023-10-27 10:00:00+00:00,34,1,410749,104.5625,104.5703125,104.53125,104.53125,11646,ZFZ3
2023-10-27 11:00:00+00:00,34,1,410749,104.53125,104.5546875,104.5,104.5234375,20498,ZFZ3
2023-10-27 12:00:00+00:00,34,1,410749,104.515625,104.625,104.4609375,104.4921875,140671,ZFZ3
2023-10-27 13:00:00+00:00,34,1,410749,104.5,104.6640625,104.484375,104.6328125,143585,ZFZ3
2023-10-27 14:00:00+00:00,34,1,410749,104.625,104.65625,104.5234375,104.5859375,115296,ZFZ3
2023-10-27 15:00:00+00:00,34,1,410749,104.59375,104.625,104.5625,104.609375,64046,ZFZ3
2023-10-27 16:00:00+00:00,34,1,410749,104.6171875,104.6171875,104.53125,104.546875,47758,ZFZ3
2023-10-27 17:00:00+00:00,34,1,410749,104.546875,104.6875,104.53125,104.6796875,99584,ZFZ3
2023-10-27 18:00:00+00:00,34,1,410749,104.6796875,104.703125,104.640625,104.6875,81778,ZFZ3
2023-10-27 19:00:00+00:00,34,1,410749,104.6953125,104.765625,104.6796875,104.75,94642,ZFZ3
2023-10-27 20:00:00+00:00,34,1,410749,104.75,104.7578125,104.640625,104.71875,48774,ZFZ3
2023-10-29 22:00:00+00:00,34,1,410749,104.71875,104.71875,104.5625,104.578125,15225,ZFZ3
2023-10-29 23:00:00+00:00,34,1,410749,104.5703125,104.578125,104.546875,104.5546875,4900,ZFZ3
2023-10-30 00:00:00+00:00,34,1,410749,104.5546875,104.609375,104.5390625,104.5859375,8495,ZFZ3
2023-10-30 01:00:00+00:00,34,1,410749,104.5859375,104.609375,104.578125,104.59375,6162,ZFZ3
2023-10-30 02:00:00+00:00,34,1,410749,104.59375,104.609375,104.5703125,104.5703125,3195,ZFZ3
2023-10-30 03:00:00+00:00,34,1,410749,104.5703125,104.5859375,104.5703125,104.578125,3369,ZFZ3
2023-10-30 04:00:00+00:00,34,1,410749,104.578125,104.578125,104.5546875,104.5625,2988,ZFZ3
2023-10-30 05:00:00+00:00,34,1,410749,104.5625,104.578125,104.5546875,104.578125,2031,ZFZ3
2023-10-30 06:00:00+00:00,34,1,410749,104.5703125,104.625,104.5625,104.59375,12786,ZFZ3
2023-10-30 07:00:00+00:00,34,1,410749,104.6015625,104.6484375,104.5859375,104.625,20134,ZFZ3
2023-10-30 08:00:00+00:00,34,1,410749,104.625,104.671875,104.5703125,104.6015625,34843,ZFZ3
2023-10-30 09:00:00+00:00,34,1,410749,104.609375,104.6171875,104.5390625,104.5703125,24492,ZFZ3
2023-10-30 10:00:00+00:00,34,1,410749,104.5703125,104.5703125,104.4765625,104.4765625,21390,ZFZ3
2023-10-30 11:00:00+00:00,34,1,410749,104.4765625,104.5078125,104.453125,104.484375,42516,ZFZ3
2023-10-30 12:00:00+00:00,34,1,410749,104.484375,104.484375,104.390625,104.4140625,91048,ZFZ3
2023-10-30 13:00:00+00:00,34,1,410749,104.421875,104.515625,104.3984375,104.5078125,78525,ZFZ3
2023-10-30 14:00:00+00:00,34,1,410749,104.5,104.546875,104.40625,104.5078125,151095,ZFZ3
2023-10-30 15:00:00+00:00,34,1,410749,104.5078125,104.546875,104.4765625,104.5,77014,ZFZ3
2023-10-30 16:00:00+00:00,34,1,410749,104.5078125,104.5234375,104.4765625,104.515625,46266,ZFZ3
2023-10-30 17:00:00+00:00,34,1,410749,104.515625,104.515625,104.453125,104.5078125,36929,ZFZ3
2023-10-30 18:00:00+00:00,34,1,410749,104.5078125,104.5546875,104.484375,104.546875,55353,ZFZ3
2023-10-30 19:00:00+00:00,34,1,410749,104.546875,104.6171875,104.53125,104.5546875,95077,ZFZ3
2023-10-30 20:00:00+00:00,34,1,410749,104.546875,104.5625,104.46875,104.46875,61772,ZFZ3
2023-10-30 22:00:00+00:00,34,1,410749,104.46875,104.5078125,104.46875,104.4921875,3723,ZFZ3
2023-10-30 23:00:00+00:00,34,1,410749,104.4921875,104.5234375,104.4921875,104.5,4834,ZFZ3
2023-10-31 00:00:00+00:00,34,1,410749,104.5078125,104.5078125,104.46875,104.46875,7878,ZFZ3
2023-10-31 01:00:00+00:00,34,1,410749,104.46875,104.515625,104.4609375,104.5078125,7866,ZFZ3
2023-10-31 02:00:00+00:00,34,1,410749,104.5,104.53125,104.5,104.515625,3553,ZFZ3
2023-10-31 03:00:00+00:00,34,1,410749,104.5078125,104.6640625,104.4921875,104.5703125,34291,ZFZ3
2023-10-31 04:00:00+00:00,34,1,410749,104.5625,104.6015625,104.5546875,104.5546875,8309,ZFZ3
2023-10-31 05:00:00+00:00,34,1,410749,104.5546875,104.59375,104.5546875,104.5625,4058,ZFZ3
2023-10-31 06:00:00+00:00,34,1,410749,104.5625,104.5859375,104.53125,104.5546875,7522,ZFZ3
2023-10-31 07:00:00+00:00,34,1,410749,104.5625,104.6796875,104.5546875,104.6484375,32867,ZFZ3
2023-10-31 08:00:00+00:00,34,1,410749,104.65625,104.7109375,104.640625,104.6953125,32075,ZFZ3
2023-10-31 09:00:00+00:00,34,1,410749,104.6953125,104.6953125,104.640625,104.671875,28244,ZFZ3
2023-10-31 10:00:00+00:00,34,1,410749,104.671875,104.75,104.671875,104.703125,28990,ZFZ3
2023-10-31 11:00:00+00:00,34,1,410749,104.703125,104.7265625,104.6640625,104.7109375,37225,ZFZ3
2023-10-31 12:00:00+00:00,34,1,410749,104.703125,104.7734375,104.5078125,104.53125,176821,ZFZ3
2023-10-31 13:00:00+00:00,34,1,410749,104.5234375,104.546875,104.4296875,104.484375,144779,ZFZ3
2023-10-31 14:00:00+00:00,34,1,410749,104.4921875,104.5390625,104.4375,104.5234375,98143,ZFZ3
2023-10-31 15:00:00+00:00,34,1,410749,104.515625,104.59375,104.484375,104.5078125,96749,ZFZ3
2023-10-31 16:00:00+00:00,34,1,410749,104.5078125,104.5234375,104.453125,104.4921875,77409,ZFZ3
2023-10-31 17:00:00+00:00,34,1,410749,104.4921875,104.5234375,104.484375,104.5,49175,ZFZ3
2023-10-31 18:00:00+00:00,34,1,410749,104.5,104.515625,104.46875,104.4765625,89368,ZFZ3
2023-10-31 19:00:00+00:00,34,1,410749,104.484375,104.515625,104.421875,104.453125,228032,ZFZ3
2023-10-31 20:00:00+00:00,34,1,410749,104.453125,104.484375,104.34375,104.34375,148797,ZFZ3
2023-10-31 22:00:00+00:00,34,1,410749,104.3515625,104.375,104.34375,104.359375,5608,ZFZ3
2023-10-31 23:00:00+00:00,34,1,410749,104.3515625,104.3671875,104.34375,104.3671875,4083,ZFZ3
2023-11-01 00:00:00+00:00,34,1,410749,104.3671875,104.390625,104.34375,104.375,14109,ZFZ3
2023-11-01 01:00:00+00:00,34,1,410749,104.375,104.3984375,104.34375,104.359375,5671,ZFZ3
2023-11-01 02:00:00+00:00,34,1,410749,104.3671875,104.390625,104.3671875,104.3828125,3577,ZFZ3
2023-11-01 03:00:00+00:00,34,1,410749,104.3828125,104.4140625,104.375,104.390625,7121,ZFZ3
2023-11-01 04:00:00+00:00,34,1,410749,104.390625,104.3984375,104.375,104.375,8090,ZFZ3
2023-11-01 05:00:00+00:00,34,1,410749,104.375,104.4296875,104.359375,104.4296875,13677,ZFZ3
2023-11-01 06:00:00+00:00,34,1,410749,104.4375,104.4765625,104.4296875,104.453125,17095,ZFZ3
2023-11-01 07:00:00+00:00,34,1,410749,104.453125,104.453125,104.4140625,104.421875,24550,ZFZ3
2023-11-01 08:00:00+00:00,34,1,410749,104.421875,104.4453125,104.390625,104.4375,29789,ZFZ3
2023-11-01 09:00:00+00:00,34,1,410749,104.4375,104.46875,104.421875,104.453125,24329,ZFZ3
2023-11-01 10:00:00+00:00,34,1,410749,104.453125,104.484375,104.4375,104.4453125,19572,ZFZ3
2023-11-01 11:00:00+00:00,34,1,410749,104.4453125,104.4765625,104.4375,104.4453125,42363,ZFZ3
2023-11-01 12:00:00+00:00,34,1,410749,104.4453125,104.640625,104.4296875,104.5234375,226507,ZFZ3
2023-11-01 13:00:00+00:00,34,1,410749,104.515625,104.6640625,104.46875,104.6484375,165179,ZFZ3
2023-11-01 14:00:00+00:00,34,1,410749,104.6484375,104.9140625,104.6484375,104.828125,273308,ZFZ3
2023-11-01 15:00:00+00:00,34,1,410749,104.828125,104.859375,104.796875,104.828125,86971,ZFZ3
2023-11-01 16:00:00+00:00,34,1,410749,104.828125,104.8359375,104.734375,104.75,61001,ZFZ3
2023-11-01 17:00:00+00:00,34,1,410749,104.75,104.8125,104.734375,104.765625,61044,ZFZ3
2023-11-01 18:00:00+00:00,34,1,410749,104.765625,104.9609375,104.7578125,104.9609375,247398,ZFZ3
2023-11-01 19:00:00+00:00,34,1,410749,104.953125,105.140625,104.9453125,105.046875,202198,ZFZ3
2023-11-01 20:00:00+00:00,34,1,410749,105.046875,105.15625,105.03125,105.1484375,89572,ZFZ3
2023-11-01 22:00:00+00:00,34,1,410749,105.1484375,105.21875,105.125,105.1953125,6007,ZFZ3
2023-11-01 23:00:00+00:00,34,1,410749,105.1953125,105.265625,105.1875,105.2265625,9844,ZFZ3
2023-11-02 00:00:00+00:00,34,1,410749,105.2265625,105.2890625,105.1953125,105.28125,23644,ZFZ3
2023-11-02 01:00:00+00:00,34,1,410749,105.28125,105.28125,105.1953125,105.2109375,11942,ZFZ3
2023-11-02 02:00:00+00:00,34,1,410749,105.2109375,105.2421875,105.1953125,105.1953125,12301,ZFZ3
2023-11-02 03:00:00+00:00,34,1,410749,105.203125,105.203125,105.140625,105.15625,8911,ZFZ3
2023-11-02 04:00:00+00:00,34,1,410749,105.1640625,105.1640625,105.1328125,105.1484375,10649,ZFZ3
2023-11-02 05:00:00+00:00,34,1,410749,105.15625,105.1796875,105.140625,105.140625,13565,ZFZ3
2023-11-02 06:00:00+00:00,34,1,410749,105.140625,105.171875,105.1015625,105.1171875,22891,ZFZ3
2023-11-02 07:00:00+00:00,34,1,410749,105.1171875,105.140625,105.0625,105.1015625,52742,ZFZ3
2023-11-02 08:00:00+00:00,34,1,410749,105.1015625,105.203125,105.078125,105.1875,58852,ZFZ3
2023-11-02 09:00:00+00:00,34,1,410749,105.1953125,105.234375,105.1640625,105.1953125,39198,ZFZ3
2023-11-02 10:00:00+00:00,34,1,410749,105.1953125,105.2578125,105.171875,105.2421875,36330,ZFZ3
2023-11-02 11:00:00+00:00,34,1,410749,105.25,105.25,105.171875,105.21875,51519,ZFZ3
2023-11-02 12:00:00+00:00,34,1,410749,105.21875,105.4140625,105.1640625,105.40625,206819,ZFZ3
2023-11-02 13:00:00+00:00,34,1,410749,105.40625,105.484375,105.296875,105.34375,207328,ZFZ3
2023-11-02 14:00:00+00:00,34,1,410749,105.34375,105.359375,105.234375,105.3359375,208305,ZFZ3
2023-11-02 15:00:00+00:00,34,1,410749,105.3359375,105.34375,105.1484375,105.1640625,167710,ZFZ3
2023-11-02 16:00:00+00:00,34,1,410749,105.1640625,105.171875,105.078125,105.0859375,105274,ZFZ3
2023-11-02 17:00:00+00:00,34,1,410749,105.09375,105.1875,105.0703125,105.1796875,71363,ZFZ3
2023-11-02 18:00:00+00:00,34,1,410749,105.1796875,105.2109375,105.1328125,105.1796875,102324,ZFZ3
2023-11-02 19:00:00+00:00,34,1,410749,105.1796875,105.1875,105.1015625,105.140625,96591,ZFZ3
2023-11-02 20:00:00+00:00,34,1,410749,105.1328125,105.1640625,105.109375,105.15625,71199,ZFZ3
2023-11-02 22:00:00+00:00,34,1,410749,105.1640625,105.1796875,105.1015625,105.1171875,5170,ZFZ3
2023-11-02 23:00:00+00:00,34,1,410749,105.125,105.140625,105.1015625,105.109375,3207,ZFZ3
2023-11-03 00:00:00+00:00,34,1,410749,105.1171875,105.125,105.0859375,105.0859375,7493,ZFZ3
2023-11-03 01:00:00+00:00,34,1,410749,105.09375,105.109375,105.0703125,105.109375,4969,ZFZ3
2023-11-03 02:00:00+00:00,34,1,410749,105.109375,105.1484375,105.109375,105.140625,5229,ZFZ3
2023-11-03 03:00:00+00:00,34,1,410749,105.140625,105.1484375,105.1171875,105.125,3997,ZFZ3
2023-11-03 04:00:00+00:00,34,1,410749,105.125,105.140625,105.1171875,105.1328125,2436,ZFZ3
2023-11-03 05:00:00+00:00,34,1,410749,105.1328125,105.15625,105.125,105.1484375,1772,ZFZ3
2023-11-03 06:00:00+00:00,34,1,410749,105.1484375,105.15625,105.1328125,105.1328125,5752,ZFZ3
2023-11-03 07:00:00+00:00,34,1,410749,105.1328125,105.1484375,105.078125,105.0859375,44342,ZFZ3
2023-11-03 08:00:00+00:00,34,1,410749,105.0859375,105.1484375,105.0859375,105.140625,26685,ZFZ3
2023-11-03 09:00:00+00:00,34,1,410749,105.140625,105.1796875,105.1171875,105.15625,36145,ZFZ3
2023-11-03 10:00:00+00:00,34,1,410749,105.15625,105.2265625,105.1484375,105.1875,30303,ZFZ3
2023-11-03 11:00:00+00:00,34,1,410749,105.1875,105.2578125,105.1796875,105.234375,54581,ZFZ3
2023-11-03 12:00:00+00:00,34,1,410749,105.234375,105.84375,105.1875,105.7265625,367986,ZFZ3
2023-11-03 13:00:00+00:00,34,1,410749,105.734375,106.0,105.71875,105.8125,389898,ZFZ3
2023-11-03 14:00:00+00:00,34,1,410749,105.8203125,105.96875,105.578125,105.7265625,281225,ZFZ3
2023-11-03 15:00:00+00:00,34,1,410749,105.734375,105.84375,105.734375,105.765625,127855,ZFZ3
2023-11-03 16:00:00+00:00,34,1,410749,105.7734375,105.859375,105.7578125,105.828125,105806,ZFZ3
2023-11-03 17:00:00+00:00,34,1,410749,105.8359375,105.9609375,105.765625,105.8046875,133533,ZFZ3
2023-11-03 18:00:00+00:00,34,1,410749,105.796875,105.8203125,105.7421875,105.7890625,89287,ZFZ3
2023-11-03 19:00:00+00:00,34,1,410749,105.796875,105.8203125,105.7265625,105.7265625,68386,ZFZ3
2023-11-03 20:00:00+00:00,34,1,410749,105.7265625,105.7578125,105.703125,105.734375,33947,ZFZ3
2023-11-05 23:00:00+00:00,34,1,410749,105.7265625,105.734375,105.65625,105.65625,11787,ZFZ3
2023-11-06 00:00:00+00:00,34,1,410749,105.6484375,105.6875,105.6328125,105.65625,17088,ZFZ3
2023-11-06 01:00:00+00:00,34,1,410749,105.6484375,105.65625,105.6171875,105.640625,14335,ZFZ3
2023-11-06 02:00:00+00:00,34,1,410749,105.640625,105.6640625,105.6328125,105.640625,7507,ZFZ3
2023-11-06 03:00:00+00:00,34,1,410749,105.640625,105.6953125,105.640625,105.6875,7540,ZFZ3
2023-11-06 04:00:00+00:00,34,1,410749,105.6875,105.6875,105.6484375,105.6796875,6508,ZFZ3
2023-11-06 05:00:00+00:00,34,1,410749,105.6796875,105.6953125,105.6328125,105.6484375,4185,ZFZ3
2023-11-06 06:00:00+00:00,34,1,410749,105.640625,105.6484375,105.6015625,105.609375,13745,ZFZ3
2023-11-06 07:00:00+00:00,34,1,410749,105.6171875,105.6328125,105.5625,105.5703125,29077,ZFZ3
2023-11-06 08:00:00+00:00,34,1,410749,105.5703125,105.6171875,105.5625,105.59375,36751,ZFZ3
2023-11-06 09:00:00+00:00,34,1,410749,105.59375,105.6328125,105.578125,105.578125,19939,ZFZ3
2023-11-06 10:00:00+00:00,34,1,410749,105.5859375,105.609375,105.5703125,105.6015625,17968,ZFZ3
2023-11-06 11:00:00+00:00,34,1,410749,105.6015625,105.6171875,105.5859375,105.609375,19725,ZFZ3
2023-11-06 12:00:00+00:00,34,1,410749,105.609375,105.6171875,105.5390625,105.546875,41195,ZFZ3
2023-11-06 13:00:00+00:00,34,1,410749,105.546875,105.5546875,105.4765625,105.515625,145748,ZFZ3
2023-11-06 14:00:00+00:00,34,1,410749,105.515625,105.5546875,105.3828125,105.390625,130001,ZFZ3
2023-11-06 15:00:00+00:00,34,1,410749,105.390625,105.4765625,105.3671875,105.4375,132841,ZFZ3
2023-11-06 16:00:00+00:00,34,1,410749,105.4453125,105.484375,105.3984375,105.453125,95578,ZFZ3
2023-11-06 17:00:00+00:00,34,1,410749,105.453125,105.453125,105.40625,105.4140625,44398,ZFZ3
2023-11-06 18:00:00+00:00,34,1,410749,105.4140625,105.4140625,105.3515625,105.3828125,57886,ZFZ3
2023-11-06 19:00:00+00:00,34,1,410749,105.375,105.3828125,105.2578125,105.28125,143793,ZFZ3
2023-11-06 20:00:00+00:00,34,1,410749,105.28125,105.3515625,105.265625,105.3359375,107270,ZFZ3
2023-11-06 21:00:00+00:00,34,1,410749,105.3359375,105.3671875,105.3203125,105.359375,52671,ZFZ3
2023-11-06 23:00:00+00:00,34,1,410749,105.359375,105.3984375,105.34375,105.390625,5414,ZFZ3
2023-11-07 00:00:00+00:00,34,1,410749,105.3828125,105.421875,105.3828125,105.3984375,6573,ZFZ3
2023-11-07 01:00:00+00:00,34,1,410749,105.3984375,105.4140625,105.375,105.3828125,4901,ZFZ3
2023-11-07 02:00:00+00:00,34,1,410749,105.3828125,105.390625,105.359375,105.3671875,5315,ZFZ3
2023-11-07 03:00:00+00:00,34,1,410749,105.375,105.4140625,105.3515625,105.390625,9587,ZFZ3
2023-11-07 04:00:00+00:00,34,1,410749,105.3984375,105.4140625,105.390625,105.3984375,5078,ZFZ3
2023-11-07 05:00:00+00:00,34,1,410749,105.3984375,105.4140625,105.3984375,105.4140625,5776,ZFZ3
2023-11-07 06:00:00+00:00,34,1,410749,105.4140625,105.4140625,105.3671875,105.3671875,7748,ZFZ3
2023-11-07 07:00:00+00:00,34,1,410749,105.3671875,105.375,105.3046875,105.34375,23281,ZFZ3
2023-11-07 08:00:00+00:00,34,1,410749,105.3515625,105.5078125,105.3515625,105.5,59343,ZFZ3
2023-11-07 09:00:00+00:00,34,1,410749,105.5,105.5078125,105.46875,105.4765625,31310,ZFZ3
2023-11-07 10:00:00+00:00,34,1,410749,105.4765625,105.578125,105.4609375,105.546875,45081,ZFZ3
2023-11-07 11:00:00+00:00,34,1,410749,105.5390625,105.5546875,105.4609375,105.4609375,33150,ZFZ3
2023-11-07 12:00:00+00:00,34,1,410749,105.4609375,105.46875,105.3359375,105.3828125,86663,ZFZ3
2023-11-07 13:00:00+00:00,34,1,410749,105.3828125,105.453125,105.3671875,105.4375,101373,ZFZ3
2023-11-07 14:00:00+00:00,34,1,410749,105.4375,105.46875,105.34375,105.3984375,126548,ZFZ3
2023-11-07 15:00:00+00:00,34,1,410749,105.40625,105.5,105.390625,105.46875,101454,ZFZ3
2023-11-07 16:00:00+00:00,34,1,410749,105.46875,105.515625,105.4609375,105.4921875,98911,ZFZ3
2023-11-07 17:00:00+00:00,34,1,410749,105.484375,105.4921875,105.40625,105.453125,102594,ZFZ3
2023-11-07 18:00:00+00:00,34,1,410749,105.453125,105.671875,105.4375,105.6640625,127164,ZFZ3
2023-11-07 19:00:00+00:00,34,1,410749,105.65625,105.6640625,105.5390625,105.5546875,94859,ZFZ3
2023-11-07 20:00:00+00:00,34,1,410749,105.546875,105.578125,105.515625,105.5625,80464,ZFZ3
2023-11-07 21:00:00+00:00,34,1,410749,105.5625,105.578125,105.5390625,105.5546875,44385,ZFZ3
2023-11-07 23:00:00+00:00,34,1,410749,105.5546875,105.578125,105.5234375,105.5390625,11739,ZFZ3
2023-11-08 00:00:00+00:00,34,1,410749,105.53125,105.609375,105.515625,105.546875,12660,ZFZ3
2023-11-08 01:00:00+00:00,34,1,410749,105.5546875,105.59375,105.4765625,105.484375,20541,ZFZ3
2023-11-08 02:00:00+00:00,34,1,410749,105.4921875,105.5078125,105.4765625,105.5078125,6408,ZFZ3
2023-11-08 03:00:00+00:00,34,1,410749,105.5,105.5078125,105.453125,105.453125,8820,ZFZ3
2023-11-08 04:00:00+00:00,34,1,410749,105.453125,105.4765625,105.4453125,105.46875,3459,ZFZ3
2023-11-08 05:00:00+00:00,34,1,410749,105.46875,105.484375,105.4453125,105.4453125,9032,ZFZ3
2023-11-08 06:00:00+00:00,34,1,410749,105.4453125,105.4453125,105.375,105.4140625,23758,ZFZ3
2023-11-08 07:00:00+00:00,34,1,410749,105.40625,105.4296875,105.3984375,105.421875,18097,ZFZ3
2023-11-08 08:00:00+00:00,34,1,410749,105.4296875,105.4609375,105.40625,105.421875,41577,ZFZ3
2023-11-08 09:00:00+00:00,34,1,410749,105.4140625,105.4609375,105.3828125,105.4375,37376,ZFZ3
2023-11-08 10:00:00+00:00,34,1,410749,105.4375,105.4609375,105.375,105.3828125,37129,ZFZ3
2023-11-08 11:00:00+00:00,34,1,410749,105.375,105.4765625,105.3671875,105.453125,38994,ZFZ3
2023-11-08 12:00:00+00:00,34,1,410749,105.453125,105.4609375,105.3984375,105.4453125,34135,ZFZ3
2023-11-08 13:00:00+00:00,34,1,410749,105.4453125,105.5546875,105.4453125,105.4921875,85652,ZFZ3
2023-11-08 14:00:00+00:00,34,1,410749,105.4921875,105.5703125,105.46875,105.5546875,86059,ZFZ3
2023-11-08 15:00:00+00:00,34,1,410749,105.5625,105.5859375,105.4921875,105.578125,91280,ZFZ3
2023-11-08 16:00:00+00:00,34,1,410749,105.578125,105.65625,105.5625,105.625,109858,ZFZ3
2023-11-08 17:00:00+00:00,34,1,410749,105.625,105.640625,105.5546875,105.59375,65254,ZFZ3
2023-11-08 18:00:00+00:00,34,1,410749,105.59375,105.65625,105.515625,105.6328125,141482,ZFZ3
2023-11-08 19:00:00+00:00,34,1,410749,105.6328125,105.640625,105.5625,105.5703125,68080,ZFZ3
2023-11-08 20:00:00+00:00,34,1,410749,105.5703125,105.609375,105.5703125,105.578125,53648,ZFZ3
2023-11-08 21:00:00+00:00,34,1,410749,105.5859375,105.6484375,105.5703125,105.625,80228,ZFZ3
2023-11-08 23:00:00+00:00,34,1,410749,105.625,105.640625,105.59375,105.6328125,7192,ZFZ3
2023-11-09 00:00:00+00:00,34,1,410749,105.6328125,105.6328125,105.5859375,105.6171875,7901,ZFZ3
2023-11-09 01:00:00+00:00,34,1,410749,105.609375,105.6875,105.6015625,105.6796875,13079,ZFZ3
2023-11-09 02:00:00+00:00,34,1,410749,105.6796875,105.6875,105.6484375,105.6640625,6026,ZFZ3
2023-11-09 03:00:00+00:00,34,1,410749,105.6640625,105.671875,105.640625,105.640625,3532,ZFZ3
2023-11-09 04:00:00+00:00,34,1,410749,105.640625,105.65625,105.625,105.6484375,3391,ZFZ3
2023-11-09 05:00:00+00:00,34,1,410749,105.640625,105.6484375,105.5703125,105.578125,6545,ZFZ3
2023-11-09 06:00:00+00:00,34,1,410749,105.578125,105.6484375,105.5703125,105.625,11898,ZFZ3
2023-11-09 07:00:00+00:00,34,1,410749,105.625,105.640625,105.59375,105.6171875,15951,ZFZ3
2023-11-09 08:00:00+00:00,34,1,410749,105.6171875,105.640625,105.5234375,105.5234375,52632,ZFZ3
2023-11-09 09:00:00+00:00,34,1,410749,105.5234375,105.546875,105.4921875,105.515625,33362,ZFZ3
2023-11-09 10:00:00+00:00,34,1,410749,105.5078125,105.5625,105.4921875,105.5390625,25779,ZFZ3
2023-11-09 11:00:00+00:00,34,1,410749,105.5390625,105.5390625,105.4765625,105.4921875,15211,ZFZ3
2023-11-09 12:00:00+00:00,34,1,410749,105.4921875,105.515625,105.4375,105.4609375,38200,ZFZ3
2023-11-09 13:00:00+00:00,34,1,410749,105.453125,105.484375,105.375,105.46875,154980,ZFZ3
2023-11-09 14:00:00+00:00,34,1,410749,105.4765625,105.53125,105.421875,105.4921875,113787,ZFZ3
2023-11-09 15:00:00+00:00,34,1,410749,105.5,105.5,105.375,105.4296875,82694,ZFZ3
2023-11-09 16:00:00+00:00,34,1,410749,105.4296875,105.453125,105.40625,105.453125,62295,ZFZ3
2023-11-09 17:00:00+00:00,34,1,410749,105.453125,105.4609375,105.328125,105.3359375,74146,ZFZ3
2023-11-09 18:00:00+00:00,34,1,410749,105.34375,105.3671875,105.1328125,105.3515625,237316,ZFZ3
2023-11-09 19:00:00+00:00,34,1,410749,105.3515625,105.359375,105.0703125,105.1171875,219914,ZFZ3
2023-11-09 20:00:00+00:00,34,1,410749,105.125,105.1484375,105.046875,105.0546875,96428,ZFZ3
2023-11-09 21:00:00+00:00,34,1,410749,105.0546875,105.140625,105.03125,105.109375,47449,ZFZ3
2023-11-09 23:00:00+00:00,34,1,410749,105.140625,105.140625,105.0,105.0703125,16397,ZFZ3
2023-11-10 00:00:00+00:00,34,1,410749,105.0703125,105.0703125,105.0078125,105.0625,17497,ZFZ3
2023-11-10 01:00:00+00:00,34,1,410749,105.0625,105.0859375,105.0234375,105.078125,15950,ZFZ3
2023-11-10 02:00:00+00:00,34,1,410749,105.078125,105.1640625,105.078125,105.1484375,11923,ZFZ3
2023-11-10 03:00:00+00:00,34,1,410749,105.15625,105.171875,105.1484375,105.1484375,5566,ZFZ3
2023-11-10 04:00:00+00:00,34,1,410749,105.1484375,105.1640625,105.140625,105.15625,3654,ZFZ3
2023-11-10 05:00:00+00:00,34,1,410749,105.1484375,105.171875,105.140625,105.1640625,4242,ZFZ3
2023-11-10 06:00:00+00:00,34,1,410749,105.15625,105.171875,105.1328125,105.1640625,7880,ZFZ3
2023-11-10 07:00:00+00:00,34,1,410749,105.15625,105.2109375,105.09375,105.203125,34607,ZFZ3
2023-11-10 08:00:00+00:00,34,1,410749,105.203125,105.2109375,105.1328125,105.140625,25066,ZFZ3
2023-11-10 09:00:00+00:00,34,1,410749,105.140625,105.140625,105.078125,105.0859375,37389,ZFZ3
2023-11-10 10:00:00+00:00,34,1,410749,105.0859375,105.09375,105.0546875,105.0859375,23346,ZFZ3
2023-11-10 11:00:00+00:00,34,1,410749,105.0859375,105.09375,105.046875,105.0703125,19952,ZFZ3
2023-11-10 12:00:00+00:00,34,1,410749,105.0703125,105.2109375,105.0703125,105.203125,57320,ZFZ3
2023-11-10 13:00:00+00:00,34,1,410749,105.1953125,105.3515625,105.1640625,105.34375,88417,ZFZ3
2023-11-10 14:00:00+00:00,34,1,410749,105.34375,105.34375,105.2265625,105.25,89362,ZFZ3
2023-11-10 15:00:00+00:00,34,1,410749,105.25,105.25,105.0859375,105.1953125,152467,ZFZ3
2023-11-10 16:00:00+00:00,34,1,410749,105.1875,105.2265625,105.0625,105.0859375,84545,ZFZ3
2023-11-10 17:00:00+00:00,34,1,410749,105.0859375,105.1015625,105.0,105.03125,102142,ZFZ3
2023-11-10 18:00:00+00:00,34,1,410749,105.03125,105.046875,104.984375,105.0234375,56567,ZFZ3
2023-11-10 19:00:00+00:00,34,1,410749,105.0234375,105.0703125,104.96875,104.984375,76654,ZFZ3
2023-11-10 20:00:00+00:00,34,1,410749,104.9765625,105.046875,104.9765625,105.0234375,45290,ZFZ3
2023-11-10 21:00:00+00:00,34,1,410749,105.015625,105.0390625,104.890625,104.90625,45683,ZFZ3
2023-11-12 23:00:00+00:00,34,1,410749,104.9296875,104.953125,104.9140625,104.9296875,11631,ZFZ3
2023-11-13 00:00:00+00:00,34,1,410749,104.921875,104.9609375,104.9140625,104.9375,7398,ZFZ3
2023-11-13 01:00:00+00:00,34,1,410749,104.9375,104.9375,104.8984375,104.90625,9664,ZFZ3
2023-11-13 02:00:00+00:00,34,1,410749,104.9140625,104.9296875,104.9140625,104.921875,4384,ZFZ3
2023-11-13 03:00:00+00:00,34,1,410749,104.921875,104.9375,104.8984375,104.9296875,6659,ZFZ3
2023-11-13 04:00:00+00:00,34,1,410749,104.9296875,104.9375,104.921875,104.9296875,3275,ZFZ3
2023-11-13 05:00:00+00:00,34,1,410749,104.9296875,104.953125,104.9296875,104.953125,2374,ZFZ3
2023-11-13 06:00:00+00:00,34,1,410749,104.9453125,104.984375,104.9375,104.9765625,7225,ZFZ3
2023-11-13 07:00:00+00:00,34,1,410749,104.96875,105.0,104.953125,104.984375,16127,ZFZ3
2023-11-13 08:00:00+00:00,34,1,410749,104.9765625,104.984375,104.890625,104.9140625,27965,ZFZ3
2023-11-13 09:00:00+00:00,34,1,410749,104.921875,105.0,104.890625,104.9765625,24548,ZFZ3
2023-11-13 10:00:00+00:00,34,1,410749,104.9765625,105.0,104.953125,105.0,19485,ZFZ3
2023-11-13 11:00:00+00:00,34,1,410749,104.9921875,105.0,104.9609375,104.9765625,14952,ZFZ3
2023-11-13 12:00:00+00:00,34,1,410749,104.9765625,105.0234375,104.9453125,104.953125,39217,ZFZ3
2023-11-13 13:00:00+00:00,34,1,410749,104.953125,104.984375,104.8125,104.828125,94667,ZFZ3
2023-11-13 14:00:00+00:00,34,1,410749,104.8359375,104.8359375,104.75,104.7734375,79310,ZFZ3
2023-11-13 15:00:00+00:00,34,1,410749,104.7734375,104.890625,104.7734375,104.8671875,93387,ZFZ3
2023-11-13 16:00:00+00:00,34,1,410749,104.8671875,105.0,104.859375,104.984375,78326,ZFZ3
2023-11-13 17:00:00+00:00,34,1,410749,104.9921875,104.9921875,104.9453125,104.96875,37303,ZFZ3
2023-11-13 18:00:00+00:00,34,1,410749,104.96875,105.03125,104.9453125,105.0078125,38757,ZFZ3
2023-11-13 19:00:00+00:00,34,1,410749,105.015625,105.03125,104.9921875,105.0078125,58920,ZFZ3
2023-11-13 20:00:00+00:00,34,1,410749,105.0,105.0546875,104.984375,105.046875,56399,ZFZ3
2023-11-13 21:00:00+00:00,34,1,410749,105.046875,105.0546875,104.984375,104.9921875,31403,ZFZ3
2023-11-13 23:00:00+00:00,34,1,410749,104.984375,104.9921875,104.96875,104.984375,2820,ZFZ3
2023-11-14 00:00:00+00:00,34,1,410749,104.984375,104.984375,104.9453125,104.9609375,5340,ZFZ3
2023-11-14 01:00:00+00:00,34,1,410749,104.9609375,104.96875,104.9296875,104.9609375,4394,ZFZ3
2023-11-14 02:00:00+00:00,34,1,410749,104.9609375,105.0,104.953125,105.0,5455,ZFZ3
2023-11-14 03:00:00+00:00,34,1,410749,105.0078125,105.0234375,105.0,105.0,3893,ZFZ3
2023-11-14 04:00:00+00:00,34,1,410749,105.0,105.0078125,104.9921875,105.0,2729,ZFZ3
2023-11-14 05:00:00+00:00,34,1,410749,105.0,105.0078125,104.9921875,105.0,3888,ZFZ3
2023-11-14 06:00:00+00:00,34,1,410749,105.0,105.03125,105.0,105.0234375,8155,ZFZ3
2023-11-14 07:00:00+00:00,34,1,410749,105.0234375,105.09375,105.015625,105.0703125,20651,ZFZ3
2023-11-14 08:00:00+00:00,34,1,410749,105.0703125,105.0703125,105.0078125,105.046875,25374,ZFZ3
2023-11-14 09:00:00+00:00,34,1,410749,105.046875,105.078125,105.03125,105.0625,22658,ZFZ3
2023-11-14 10:00:00+00:00,34,1,410749,105.0546875,105.0703125,105.0234375,105.0390625,23100,ZFZ3
2023-11-14 11:00:00+00:00,34,1,410749,105.0390625,105.046875,105.0234375,105.03125,13402,ZFZ3
2023-11-14 12:00:00+00:00,34,1,410749,105.03125,105.046875,104.984375,105.0234375,48756,ZFZ3
2023-11-14 13:00:00+00:00,34,1,410749,105.0234375,105.8203125,104.875,105.7109375,425639,ZFZ3
2023-11-14 14:00:00+00:00,34,1,410749,105.7109375,105.96875,105.6953125,105.84375,319460,ZFZ3
2023-11-14 15:00:00+00:00,34,1,410749,105.84375,105.890625,105.796875,105.859375,195588,ZFZ3
2023-11-14 16:00:00+00:00,34,1,410749,105.859375,105.9375,105.859375,105.9140625,101890,ZFZ3
2023-11-14 17:00:00+00:00,34,1,410749,105.90625,105.9296875,105.8671875,105.921875,82122,ZFZ3
2023-11-14 18:00:00+00:00,34,1,410749,105.921875,105.9765625,105.90625,105.9375,78639,ZFZ3
2023-11-14 19:00:00+00:00,34,1,410749,105.9453125,106.0234375,105.921875,106.0078125,76639,ZFZ3
2023-11-14 20:00:00+00:00,34,1,410749,106.015625,106.0546875,105.9765625,105.9765625,96676,ZFZ3
2023-11-14 21:00:00+00:00,34,1,410749,105.9765625,105.984375,105.921875,105.9296875,48114,ZFZ3
2023-11-14 23:00:00+00:00,34,1,410749,105.90625,105.96875,105.90625,105.9296875,6060,ZFZ3
2023-11-15 00:00:00+00:00,34,1,410749,105.9375,105.9453125,105.8515625,105.8828125,15212,ZFZ3
2023-11-15 01:00:00+00:00,34,1,410749,105.890625,105.96875,105.8515625,105.953125,24867,ZFZ3
2023-11-15 02:00:00+00:00,34,1,410749,105.953125,105.9765625,105.9140625,105.9453125,15819,ZFZ3
2023-11-15 03:00:00+00:00,34,1,410749,105.9453125,106.0,105.9375,105.96875,12841,ZFZ3
2023-11-15 04:00:00+00:00,34,1,410749,105.9765625,106.0078125,105.9609375,106.0,7236,ZFZ3
2023-11-15 05:00:00+00:00,34,1,410749,105.9921875,105.9921875,105.9375,105.9453125,7697,ZFZ3
2023-11-15 06:00:00+00:00,34,1,410749,105.953125,105.9765625,105.90625,105.9296875,16284,ZFZ3
2023-11-15 07:00:00+00:00,34,1,410749,105.9296875,105.9921875,105.8359375,105.8984375,51532,ZFZ3
2023-11-15 08:00:00+00:00,34,1,410749,105.90625,106.0078125,105.90625,105.9921875,49567,ZFZ3
2023-11-15 09:00:00+00:00,34,1,410749,105.9921875,105.9921875,105.8671875,105.8984375,39339,ZFZ3
2023-11-15 10:00:00+00:00,34,1,410749,105.890625,105.921875,105.84375,105.84375,27022,ZFZ3
2023-11-15 11:00:00+00:00,34,1,410749,105.8515625,105.8828125,105.828125,105.8828125,29060,ZFZ3
2023-11-15 12:00:00+00:00,34,1,410749,105.8828125,105.8984375,105.8125,105.859375,49824,ZFZ3
2023-11-15 13:00:00+00:00,34,1,410749,105.859375,106.046875,105.671875,105.6796875,286698,ZFZ3
2023-11-15 14:00:00+00:00,34,1,410749,105.671875,105.703125,105.546875,105.5859375,204971,ZFZ3
2023-11-15 15:00:00+00:00,34,1,410749,105.578125,105.609375,105.53125,105.59375,149977,ZFZ3
2023-11-15 16:00:00+00:00,34,1,410749,105.59375,105.6171875,105.4921875,105.5390625,114629,ZFZ3
2023-11-15 17:00:00+00:00,34,1,410749,105.5390625,105.5703125,105.484375,105.5390625,61997,ZFZ3
2023-11-15 18:00:00+00:00,34,1,410749,105.5390625,105.546875,105.46875,105.5078125,66056,ZFZ3
2023-11-15 19:00:00+00:00,34,1,410749,105.515625,105.5859375,105.484375,105.5625,86757,ZFZ3
2023-11-15 20:00:00+00:00,34,1,410749,105.5703125,105.59375,105.5234375,105.5390625,91993,ZFZ3
2023-11-15 21:00:00+00:00,34,1,410749,105.53125,105.6015625,105.53125,105.6015625,60569,ZFZ3
2023-11-15 23:00:00+00:00,34,1,410749,105.609375,105.6484375,105.578125,105.640625,10614,ZFZ3
2023-11-16 00:00:00+00:00,34,1,410749,105.6328125,105.703125,105.6328125,105.6953125,10537,ZFZ3
2023-11-16 01:00:00+00:00,34,1,410749,105.6953125,105.7109375,105.6796875,105.703125,7046,ZFZ3
2023-11-16 02:00:00+00:00,34,1,410749,105.6953125,105.6953125,105.640625,105.6796875,6695,ZFZ3
2023-11-16 03:00:00+00:00,34,1,410749,105.6875,105.703125,105.6796875,105.6953125,3364,ZFZ3
2023-11-16 04:00:00+00:00,34,1,410749,105.6953125,105.703125,105.6875,105.6875,2780,ZFZ3
2023-11-16 05:00:00+00:00,34,1,410749,105.6875,105.703125,105.6796875,105.6953125,2866,ZFZ3
2023-11-16 06:00:00+00:00,34,1,410749,105.6953125,105.734375,105.6875,105.7265625,16435,ZFZ3
2023-11-16 07:00:00+00:00,34,1,410749,105.71875,105.7578125,105.7109375,105.7421875,21612,ZFZ3
2023-11-16 08:00:00+00:00,34,1,410749,105.734375,105.7421875,105.6875,105.7421875,27330,ZFZ3
2023-11-16 09:00:00+00:00,34,1,410749,105.7421875,105.75,105.6796875,105.6796875,29384,ZFZ3
2023-11-16 10:00:00+00:00,34,1,410749,105.6796875,105.71875,105.671875,105.703125,14619,ZFZ3
2023-11-16 11:00:00+00:00,34,1,410749,105.703125,105.7734375,105.6953125,105.765625,19479,ZFZ3
2023-11-16 12:00:00+00:00,34,1,410749,105.7734375,105.78125,105.671875,105.734375,40192,ZFZ3
2023-11-16 13:00:00+00:00,34,1,410749,105.7421875,106.015625,105.734375,105.984375,206491,ZFZ3
2023-11-16 14:00:00+00:00,34,1,410749,105.9765625,105.9765625,105.8203125,105.9453125,141512,ZFZ3
2023-11-16 15:00:00+00:00,34,1,410749,105.9453125,106.0390625,105.9375,105.953125,143388,ZFZ3
2023-11-16 16:00:00+00:00,34,1,410749,105.9609375,105.9609375,105.84375,105.859375,86442,ZFZ3
2023-11-16 17:00:00+00:00,34,1,410749,105.859375,105.9609375,105.8515625,105.9609375,58082,ZFZ3
2023-11-16 18:00:00+00:00,34,1,410749,105.9609375,105.9921875,105.9296875,105.953125,53492,ZFZ3
2023-11-16 19:00:00+00:00,34,1,410749,105.953125,105.984375,105.9375,105.96875,80015,ZFZ3
2023-11-16 20:00:00+00:00,34,1,410749,105.96875,105.984375,105.90625,105.9375,62500,ZFZ3
2023-11-16 21:00:00+00:00,34,1,410749,105.9453125,106.015625,105.921875,106.0,58306,ZFZ3
2023-11-16 23:00:00+00:00,34,1,410749,105.9921875,106.0234375,105.9765625,106.0,6417,ZFZ3
2023-11-17 00:00:00+00:00,34,1,410749,106.0078125,106.015625,105.9296875,105.9765625,7186,ZFZ3
2023-11-17 01:00:00+00:00,34,1,410749,105.984375,106.0,105.9609375,105.9921875,11745,ZFZ3
2023-11-17 02:00:00+00:00,34,1,410749,105.9921875,106.0,105.9765625,105.984375,5190,ZFZ3
2023-11-17 03:00:00+00:00,34,1,410749,105.9765625,105.9765625,105.9453125,105.953125,3817,ZFZ3
2023-11-17 04:00:00+00:00,34,1,410749,105.9609375,105.96875,105.9453125,105.9609375,5174,ZFZ3
2023-11-17 05:00:00+00:00,34,1,410749,105.96875,105.9765625,105.90625,105.9140625,7376,ZFZ3
2023-11-17 06:00:00+00:00,34,1,410749,105.9140625,105.9296875,105.890625,105.9140625,7471,ZFZ3
2023-11-17 07:00:00+00:00,34,1,410749,105.9140625,106.03125,105.8984375,106.0078125,30738,ZFZ3
2023-11-17 08:00:00+00:00,34,1,410749,106.015625,106.1796875,105.9765625,106.171875,59738,ZFZ3
2023-11-17 09:00:00+00:00,34,1,410749,106.171875,106.21875,106.1328125,106.1484375,45710,ZFZ3
2023-11-17 10:00:00+00:00,34,1,410749,106.140625,106.203125,106.140625,106.1875,26124,ZFZ3
2023-11-17 11:00:00+00:00,34,1,410749,106.1796875,106.1796875,106.078125,106.1015625,55994,ZFZ3
2023-11-17 12:00:00+00:00,34,1,410749,106.1015625,106.1015625,106.015625,106.015625,50085,ZFZ3
2023-11-17 13:00:00+00:00,34,1,410749,106.015625,106.109375,105.8515625,105.890625,161403,ZFZ3
2023-11-17 14:00:00+00:00,34,1,410749,105.890625,105.9375,105.796875,105.8046875,131037,ZFZ3
2023-11-17 15:00:00+00:00,34,1,410749,105.8046875,105.84375,105.7578125,105.8046875,105758,ZFZ3
2023-11-17 16:00:00+00:00,34,1,410749,105.8046875,105.828125,105.734375,105.7890625,104507,ZFZ3
2023-11-17 17:00:00+00:00,34,1,410749,105.7890625,105.8359375,105.7734375,105.8203125,44818,ZFZ3
2023-11-17 18:00:00+00:00,34,1,410749,105.8203125,105.890625,105.8125,105.8671875,48263,ZFZ3
2023-11-17 19:00:00+00:00,34,1,410749,105.8671875,105.8828125,105.796875,105.8125,72712,ZFZ3
2023-11-17 20:00:00+00:00,34,1,410749,105.8125,105.84375,105.7890625,105.828125,57417,ZFZ3
2023-11-17 21:00:00+00:00,34,1,410749,105.8359375,105.8671875,105.828125,105.859375,34120,ZFZ3
2023-11-19 23:00:00+00:00,34,1,410749,105.8125,105.859375,105.7421875,105.8046875,15416,ZFZ3
2023-11-20 00:00:00+00:00,34,1,410749,105.796875,105.8359375,105.7734375,105.8125,7613,ZFZ3
2023-11-20 01:00:00+00:00,34,1,410749,105.8125,105.8671875,105.8046875,105.84375,8653,ZFZ3
2023-11-20 02:00:00+00:00,34,1,410749,105.84375,105.8828125,105.828125,105.8671875,5236,ZFZ3
2023-11-20 03:00:00+00:00,34,1,410749,105.8671875,105.890625,105.859375,105.8828125,5177,ZFZ3
2023-11-20 04:00:00+00:00,34,1,410749,105.8828125,105.890625,105.8515625,105.8515625,3433,ZFZ3
2023-11-20 05:00:00+00:00,34,1,410749,105.8515625,105.8515625,105.828125,105.8359375,4632,ZFZ3
2023-11-20 06:00:00+00:00,34,1,410749,105.8359375,105.84375,105.796875,105.8046875,8008,ZFZ3
2023-11-20 07:00:00+00:00,34,1,410749,105.8046875,105.8125,105.75,105.7734375,25797,ZFZ3
2023-11-20 08:00:00+00:00,34,1,410749,105.7734375,105.78125,105.703125,105.7421875,30425,ZFZ3
2023-11-20 09:00:00+00:00,34,1,410749,105.7421875,105.8203125,105.734375,105.8125,20850,ZFZ3
2023-11-20 10:00:00+00:00,34,1,410749,105.8125,105.8203125,105.75,105.765625,12733,ZFZ3
2023-11-20 11:00:00+00:00,34,1,410749,105.7578125,105.78125,105.7109375,105.71875,14756,ZFZ3
2023-11-20 12:00:00+00:00,34,1,410749,105.7265625,105.7265625,105.6640625,105.71875,39536,ZFZ3
2023-11-20 13:00:00+00:00,34,1,410749,105.7109375,105.78125,105.7109375,105.7265625,86530,ZFZ3
2023-11-20 14:00:00+00:00,34,1,410749,105.7265625,105.8203125,105.71875,105.8046875,112496,ZFZ3
2023-11-20 15:00:00+00:00,34,1,410749,105.796875,105.8046875,105.71875,105.734375,79318,ZFZ3
2023-11-20 16:00:00+00:00,34,1,410749,105.7421875,105.765625,105.703125,105.765625,67776,ZFZ3
2023-11-20 17:00:00+00:00,34,1,410749,105.7578125,105.78125,105.71875,105.75,52019,ZFZ3
2023-11-20 18:00:00+00:00,34,1,410749,105.7421875,105.9140625,105.71875,105.859375,123742,ZFZ3
2023-11-20 19:00:00+00:00,34,1,410749,105.859375,105.8671875,105.8125,105.8671875,67341,ZFZ3
2023-11-20 20:00:00+00:00,34,1,410749,105.859375,105.890625,105.8515625,105.8515625,36619,ZFZ3
2023-11-20 21:00:00+00:00,34,1,410749,105.859375,105.875,105.8359375,105.8515625,36169,ZFZ3
2023-11-20 23:00:00+00:00,34,1,410749,105.859375,105.890625,105.859375,105.8828125,2496,ZFZ3
2023-11-21 00:00:00+00:00,34,1,410749,105.8828125,105.90625,105.859375,105.8671875,19008,ZFZ3
2023-11-21 01:00:00+00:00,34,1,410749,105.859375,105.8828125,105.8359375,105.875,11344,ZFZ3
2023-11-21 02:00:00+00:00,34,1,410749,105.8671875,105.8984375,105.859375,105.8828125,5768,ZFZ3
2023-11-21 03:00:00+00:00,34,1,410749,105.8828125,105.8984375,105.8671875,105.890625,5948,ZFZ3
2023-11-21 04:00:00+00:00,34,1,410749,105.890625,105.9140625,105.8671875,105.8828125,13444,ZFZ3
2023-11-21 05:00:00+00:00,34,1,410749,105.890625,105.9375,105.8828125,105.8984375,17539,ZFZ3
2023-11-21 06:00:00+00:00,34,1,410749,105.8984375,105.90625,105.875,105.890625,9438,ZFZ3
2023-11-21 07:00:00+00:00,34,1,410749,105.890625,105.9375,105.8828125,105.921875,16793,ZFZ3
2023-11-21 08:00:00+00:00,34,1,410749,105.921875,105.9296875,105.859375,105.875,28102,ZFZ3
2023-11-21 09:00:00+00:00,34,1,410749,105.8671875,105.875,105.828125,105.8515625,27564,ZFZ3
2023-11-21 10:00:00+00:00,34,1,410749,105.8515625,105.8984375,105.8359375,105.8828125,17789,ZFZ3
2023-11-21 11:00:00+00:00,34,1,410749,105.875,105.8828125,105.828125,105.828125,15697,ZFZ3
2023-11-21 12:00:00+00:00,34,1,410749,105.828125,105.8984375,105.8203125,105.8984375,38756,ZFZ3
2023-11-21 13:00:00+00:00,34,1,410749,105.8984375,105.9765625,105.7890625,105.84375,159965,ZFZ3
2023-11-21 14:00:00+00:00,34,1,410749,105.84375,105.984375,105.84375,105.953125,129494,ZFZ3
2023-11-21 15:00:00+00:00,34,1,410749,105.953125,106.03125,105.9453125,105.96875,135722,ZFZ3
2023-11-21 16:00:00+00:00,34,1,410749,105.96875,106.0625,105.96875,106.0,127325,ZFZ3
2023-11-21 17:00:00+00:00,34,1,410749,106.0,106.0078125,105.9453125,105.9765625,53123,ZFZ3
2023-11-21 18:00:00+00:00,34,1,410749,105.984375,105.984375,105.8671875,105.8828125,77558,ZFZ3
2023-11-21 19:00:00+00:00,34,1,410749,105.8828125,105.96875,105.828125,105.9453125,100830,ZFZ3
2023-11-21 20:00:00+00:00,34,1,410749,105.9453125,105.9765625,105.9296875,105.953125,47811,ZFZ3
2023-11-21 21:00:00+00:00,34,1,410749,105.9609375,106.015625,105.9375,106.015625,44943,ZFZ3
2023-11-21 23:00:00+00:00,34,1,410749,106.0078125,106.0390625,105.9921875,106.0234375,2669,ZFZ3
2023-11-22 00:00:00+00:00,34,1,410749,106.0234375,106.03125,105.9765625,105.984375,7082,ZFZ3
2023-11-22 01:00:00+00:00,34,1,410749,105.984375,106.0,105.9609375,105.9765625,8135,ZFZ3
2023-11-22 02:00:00+00:00,34,1,410749,105.984375,105.984375,105.9453125,105.9609375,5549,ZFZ3
2023-11-22 03:00:00+00:00,34,1,410749,105.9609375,105.9609375,105.9140625,105.9296875,5685,ZFZ3
2023-11-22 04:00:00+00:00,34,1,410749,105.9296875,105.9375,105.9140625,105.921875,4885,ZFZ3
2023-11-22 05:00:00+00:00,34,1,410749,105.921875,105.9296875,105.8984375,105.9140625,2988,ZFZ3
2023-11-22 06:00:00+00:00,34,1,410749,105.9140625,105.9453125,105.890625,105.9375,8586,ZFZ3
2023-11-22 07:00:00+00:00,34,1,410749,105.9375,105.953125,105.9296875,105.9453125,12760,ZFZ3
2023-11-22 08:00:00+00:00,34,1,410749,105.9375,105.96875,105.90625,105.9375,23262,ZFZ3
2023-11-22 09:00:00+00:00,34,1,410749,105.9375,105.953125,105.90625,105.9375,22069,ZFZ3
2023-11-22 10:00:00+00:00,34,1,410749,105.9453125,106.0078125,105.9453125,106.0078125,16700,ZFZ3
2023-11-22 11:00:00+00:00,34,1,410749,106.0078125,106.0703125,106.0078125,106.0390625,23522,ZFZ3
2023-11-22 12:00:00+00:00,34,1,410749,106.0390625,106.1171875,106.03125,106.09375,47520,ZFZ3
2023-11-22 13:00:00+00:00,34,1,410749,106.09375,106.1484375,105.921875,105.9609375,182311,ZFZ3
2023-11-22 14:00:00+00:00,34,1,410749,105.9609375,106.0,105.921875,105.9375,124414,ZFZ3
2023-11-22 15:00:00+00:00,34,1,410749,105.9375,105.9375,105.703125,105.75,252806,ZFZ3
2023-11-22 16:00:00+00:00,34,1,410749,105.7578125,105.8203125,105.75,105.7734375,99500,ZFZ3
2023-11-22 17:00:00+00:00,34,1,410749,105.7734375,105.78125,105.71875,105.7578125,66539,ZFZ3
2023-11-22 18:00:00+00:00,34,1,410749,105.75,105.796875,105.734375,105.7890625,63972,ZFZ3
2023-11-22 19:00:00+00:00,34,1,410749,105.7890625,105.84375,105.7890625,105.84375,79438,ZFZ3
2023-11-22 20:00:00+00:00,34,1,410749,105.8359375,105.859375,105.8359375,105.859375,42109,ZFZ3
2023-11-22 21:00:00+00:00,34,1,410749,105.859375,105.8828125,105.8515625,105.859375,22682,ZFZ3
2023-11-22 23:00:00+00:00,34,1,410749,105.8515625,105.8828125,105.8515625,105.875,2235,ZFZ3
2023-11-23 00:00:00+00:00,34,1,410749,105.8828125,105.8984375,105.875,105.8984375,3096,ZFZ3
2023-11-23 01:00:00+00:00,34,1,410749,105.8984375,105.921875,105.890625,105.9140625,1894,ZFZ3
2023-11-23 02:00:00+00:00,34,1,410749,105.9140625,105.9140625,105.8828125,105.8984375,2116,ZFZ3
2023-11-23 03:00:00+00:00,34,1,410749,105.8984375,105.8984375,105.875,105.890625,777,ZFZ3
2023-11-23 04:00:00+00:00,34,1,410749,105.890625,105.8984375,105.8828125,105.890625,1060,ZFZ3
2023-11-23 05:00:00+00:00,34,1,410749,105.890625,105.90625,105.8828125,105.90625,357,ZFZ3
2023-11-23 06:00:00+00:00,34,1,410749,105.8984375,105.921875,105.890625,105.8984375,3689,ZFZ3
2023-11-23 07:00:00+00:00,34,1,410749,105.8984375,105.90625,105.8671875,105.875,3882,ZFZ3
2023-11-23 08:00:00+00:00,34,1,410749,105.8671875,105.8984375,105.8046875,105.8828125,11459,ZFZ3
2023-11-23 09:00:00+00:00,34,1,410749,105.890625,105.890625,105.828125,105.84375,11066,ZFZ3
2023-11-23 10:00:00+00:00,34,1,410749,105.84375,105.859375,105.7578125,105.765625,10989,ZFZ3
2023-11-23 11:00:00+00:00,34,1,410749,105.765625,105.765625,105.703125,105.734375,10181,ZFZ3
2023-11-23 12:00:00+00:00,34,1,410749,105.734375,105.78125,105.7109375,105.71875,12258,ZFZ3
2023-11-23 13:00:00+00:00,34,1,410749,105.71875,105.7265625,105.6796875,105.6875,12926,ZFZ3
2023-11-23 14:00:00+00:00,34,1,410749,105.6953125,105.703125,105.6484375,105.671875,14250,ZFZ3
2023-11-23 15:00:00+00:00,34,1,410749,105.671875,105.6953125,105.65625,105.6796875,8990,ZFZ3
2023-11-23 16:00:00+00:00,34,1,410749,105.6796875,105.6875,105.65625,105.671875,6106,ZFZ3
2023-11-23 17:00:00+00:00,34,1,410749,105.671875,105.703125,105.671875,105.6875,3911,ZFZ3
2023-11-23 23:00:00+00:00,34,1,410749,105.6875,105.71875,105.6796875,105.6875,3977,ZFZ3
2023-11-24 00:00:00+00:00,34,1,410749,105.6875,105.7265625,105.671875,105.7109375,5972,ZFZ3
2023-11-24 01:00:00+00:00,34,1,410749,105.7109375,105.71875,105.6640625,105.671875,8416,ZFZ3
2023-11-24 02:00:00+00:00,34,1,410749,105.671875,105.6875,105.625,105.6484375,12553,ZFZ3
2023-11-24 03:00:00+00:00,34,1,410749,105.6484375,105.6484375,105.625,105.6484375,4174,ZFZ3
2023-11-24 04:00:00+00:00,34,1,410749,105.6484375,105.65625,105.640625,105.640625,1201,ZFZ3
2023-11-24 05:00:00+00:00,34,1,410749,105.6484375,105.65625,105.640625,105.640625,1045,ZFZ3
2023-11-24 06:00:00+00:00,34,1,410749,105.640625,105.671875,105.640625,105.6484375,10430,ZFZ3
2023-11-24 07:00:00+00:00,34,1,410749,105.65625,105.6953125,105.6484375,105.6640625,17385,ZFZ3
2023-11-24 08:00:00+00:00,34,1,410749,105.6640625,105.6640625,105.609375,105.6171875,26473,ZFZ3
2023-11-24 09:00:00+00:00,34,1,410749,105.6171875,105.6484375,105.6015625,105.625,26529,ZFZ3
2023-11-24 10:00:00+00:00,34,1,410749,105.625,105.6484375,105.609375,105.640625,13145,ZFZ3
2023-11-24 11:00:00+00:00,34,1,410749,105.6328125,105.6484375,105.6171875,105.640625,15226,ZFZ3
2023-11-24 12:00:00+00:00,34,1,410749,105.640625,105.65625,105.609375,105.625,25501,ZFZ3
2023-11-24 13:00:00+00:00,34,1,410749,105.625,105.640625,105.5546875,105.5859375,77991,ZFZ3
2023-11-24 14:00:00+00:00,34,1,410749,105.59375,105.6796875,105.5859375,105.625,95797,ZFZ3
2023-11-24 15:00:00+00:00,34,1,410749,105.625,105.640625,105.578125,105.6171875,78437,ZFZ3
2023-11-24 16:00:00+00:00,34,1,410749,105.6171875,105.625,105.578125,105.59375,46111,ZFZ3
2023-11-24 17:00:00+00:00,34,1,410749,105.5859375,105.6171875,105.578125,105.59375,40656,ZFZ3
2023-11-24 18:00:00+00:00,34,1,410749,105.5859375,105.6484375,105.5859375,105.640625,10687,ZFZ3
2023-11-26 23:00:00+00:00,34,1,410749,105.6171875,105.625,105.5625,105.5625,9184,ZFZ3
2023-11-27 00:00:00+00:00,34,1,410749,105.5625,105.5859375,105.484375,105.5078125,20612,ZFZ3
2023-11-27 01:00:00+00:00,34,1,410749,105.5,105.53125,105.46875,105.53125,11121,ZFZ3
2023-11-27 02:00:00+00:00,34,1,410749,105.53125,105.53125,105.5,105.515625,5245,ZFZ3
2023-11-27 03:00:00+00:00,34,1,410749,105.515625,105.53125,105.5,105.5234375,5560,ZFZ3
2023-11-27 04:00:00+00:00,34,1,410749,105.5234375,105.5546875,105.5078125,105.5390625,4837,ZFZ3
2023-11-27 05:00:00+00:00,34,1,410749,105.5390625,105.546875,105.5234375,105.53125,4266,ZFZ3
2023-11-27 06:00:00+00:00,34,1,410749,105.5390625,105.6015625,105.5390625,105.5703125,10602,ZFZ3
2023-11-27 07:00:00+00:00,34,1,410749,105.578125,105.609375,105.5703125,105.59375,17472,ZFZ3
2023-11-27 08:00:00+00:00,34,1,410749,105.59375,105.609375,105.546875,105.5625,26966,ZFZ3
2023-11-27 09:00:00+00:00,34,1,410749,105.5625,105.578125,105.5390625,105.546875,23783,ZFZ3
2023-11-27 10:00:00+00:00,34,1,410749,105.546875,105.6484375,105.546875,105.640625,36295,ZFZ3
2023-11-27 11:00:00+00:00,34,1,410749,105.640625,105.6640625,105.625,105.65625,16165,ZFZ3
2023-11-27 12:00:00+00:00,34,1,410749,105.65625,105.6796875,105.625,105.65625,29961,ZFZ3
2023-11-27 13:00:00+00:00,34,1,410749,105.6640625,105.7734375,105.65625,105.734375,131146,ZFZ3
2023-11-27 14:00:00+00:00,34,1,410749,105.7421875,105.7578125,105.65625,105.75,111529,ZFZ3
2023-11-27 15:00:00+00:00,34,1,410749,105.75,105.8359375,105.75,105.796875,162361,ZFZ3
2023-11-27 16:00:00+00:00,34,1,410749,105.796875,105.8671875,105.7421875,105.84375,158717,ZFZ3
2023-11-27 17:00:00+00:00,34,1,410749,105.8359375,105.8515625,105.796875,105.8125,135745,ZFZ3
2023-11-27 18:00:00+00:00,34,1,410749,105.8125,105.921875,105.796875,105.890625,118561,ZFZ3
2023-11-27 19:00:00+00:00,34,1,410749,105.8984375,105.9765625,105.8828125,105.96875,59105,ZFZ3
2023-11-27 20:00:00+00:00,34,1,410749,105.9609375,105.984375,105.9453125,105.984375,68961,ZFZ3
2023-11-27 21:00:00+00:00,34,1,410749,105.9765625,106.0,105.9453125,105.9609375,30550,ZFZ3
2023-11-27 23:00:00+00:00,34,1,410749,105.9453125,105.953125,105.8984375,105.90625,2944,ZFZ3
2023-11-28 00:00:00+00:00,34,1,410749,105.9140625,105.953125,105.8984375,105.90625,4962,ZFZ3
2023-11-28 01:00:00+00:00,34,1,410749,105.90625,105.9296875,105.8828125,105.9140625,9712,ZFZ3
2023-11-28 02:00:00+00:00,34,1,410749,105.9140625,105.921875,105.890625,105.890625,3237,ZFZ3
2023-11-28 03:00:00+00:00,34,1,410749,105.890625,105.9140625,105.8671875,105.875,3408,ZFZ3
2023-11-28 04:00:00+00:00,34,1,410749,105.875,105.890625,105.8671875,105.8828125,3377,ZFZ3
2023-11-28 05:00:00+00:00,34,1,410749,105.890625,105.90625,105.8828125,105.8984375,5090,ZFZ3
2023-11-28 06:00:00+00:00,34,1,410749,105.8984375,105.9296875,105.8984375,105.9296875,7949,ZFZ3
2023-11-28 07:00:00+00:00,34,1,410749,105.921875,106.0078125,105.921875,105.9609375,26909,ZFZ3
2023-11-28 08:00:00+00:00,34,1,410749,105.9609375,105.9609375,105.875,105.9296875,27112,ZFZ3
2023-11-28 09:00:00+00:00,34,1,410749,105.9296875,105.9609375,105.90625,105.9453125,17022,ZFZ3
2023-11-28 10:00:00+00:00,34,1,410749,105.9375,105.9375,105.875,105.90625,14089,ZFZ3
2023-11-28 11:00:00+00:00,34,1,410749,105.90625,105.9296875,105.8671875,105.8671875,14338,ZFZ3
2023-11-28 12:00:00+00:00,34,1,410749,105.8671875,105.9453125,105.8515625,105.875,34098,ZFZ3
2023-11-28 13:00:00+00:00,34,1,410749,105.875,105.9921875,105.8359375,105.9609375,60039,ZFZ3
2023-11-28 14:00:00+00:00,34,1,410749,105.9609375,106.0390625,105.8828125,106.015625,92135,ZFZ3
2023-11-28 15:00:00+00:00,34,1,410749,106.015625,106.2578125,105.984375,106.25,150072,ZFZ3
2023-11-28 16:00:00+00:00,34,1,410749,106.25,106.359375,106.21875,106.3515625,98799,ZFZ3
2023-11-28 17:00:00+00:00,34,1,410749,106.3515625,106.390625,106.2890625,106.296875,65467,ZFZ3
2023-11-28 18:00:00+00:00,34,1,410749,106.296875,106.3359375,106.2421875,106.3046875,51214,ZFZ3
2023-11-28 19:00:00+00:00,34,1,410749,106.3046875,106.4375,106.3046875,106.4296875,55541,ZFZ3
2023-11-28 20:00:00+00:00,34,1,410749,106.421875,106.4453125,106.34375,106.390625,41308,ZFZ3
2023-11-28 21:00:00+00:00,34,1,410749,106.390625,106.4609375,106.3828125,106.4375,22048,ZFZ3
2023-11-28 23:00:00+00:00,34,1,410749,106.4453125,106.5,106.4140625,106.4765625,3671,ZFZ3
2023-11-29 00:00:00+00:00,34,1,410749,106.4765625,106.5078125,106.4296875,106.484375,3522,ZFZ3
2023-11-29 01:00:00+00:00,34,1,410749,106.484375,106.625,106.484375,106.609375,5965,ZFZ3
2023-11-29 02:00:00+00:00,34,1,410749,106.6171875,106.640625,106.59375,106.59375,2571,ZFZ3
2023-11-29 03:00:00+00:00,34,1,410749,106.59375,106.59375,106.5234375,106.546875,1861,ZFZ3
2023-11-29 04:00:00+00:00,34,1,410749,106.5546875,106.59375,106.5546875,106.59375,1756,ZFZ3
2023-11-29 05:00:00+00:00,34,1,410749,106.6015625,106.6796875,106.59375,106.6796875,1943,ZFZ3
2023-11-29 06:00:00+00:00,34,1,410749,106.671875,106.7734375,106.6484375,106.6875,4898,ZFZ3
2023-11-29 07:00:00+00:00,34,1,410749,106.6953125,106.765625,106.65625,106.65625,5949,ZFZ3
2023-11-29 08:00:00+00:00,34,1,410749,106.6640625,106.71875,106.59375,106.609375,6175,ZFZ3
2023-11-29 09:00:00+00:00,34,1,410749,106.6171875,106.6484375,106.53125,106.5546875,4620,ZFZ3
2023-11-29 10:00:00+00:00,34,1,410749,106.5546875,106.59375,106.5390625,106.546875,2890,ZFZ3
2023-11-29 11:00:00+00:00,34,1,410749,106.5546875,106.6015625,106.546875,106.6015625,4556,ZFZ3
2023-11-29 12:00:00+00:00,34,1,410749,106.59375,106.625,106.5390625,106.6015625,5814,ZFZ3
2023-11-29 13:00:00+00:00,34,1,410749,106.6015625,106.7578125,106.546875,106.59375,29608,ZFZ3
2023-11-29 14:00:00+00:00,34,1,410749,106.59375,106.7578125,106.546875,106.75,18651,ZFZ3
2023-11-29 15:00:00+00:00,34,1,410749,106.75,106.8203125,106.5703125,106.640625,17695,ZFZ3
2023-11-29 16:00:00+00:00,34,1,410749,106.6328125,106.671875,106.5390625,106.5390625,12031,ZFZ3
2023-11-29 17:00:00+00:00,34,1,410749,106.546875,106.6640625,106.546875,106.6640625,6468,ZFZ3
2023-11-29 18:00:00+00:00,34,1,410749,106.6640625,106.7109375,106.65625,106.6640625,3990,ZFZ3
2023-11-29 19:00:00+00:00,34,1,410749,106.6796875,106.7265625,106.6171875,106.6640625,4703,ZFZ3
2023-11-29 20:00:00+00:00,34,1,410749,106.6640625,106.6953125,106.640625,106.6640625,5046,ZFZ3
2023-11-29 21:00:00+00:00,34,1,410749,106.65625,106.71875,106.6484375,106.6953125,4034,ZFZ3
2023-11-29 23:00:00+00:00,34,1,410749,106.6875,106.6875,106.6640625,106.6796875,121,ZFZ3
2023-11-30 00:00:00+00:00,34,1,410749,106.6875,106.7265625,106.6875,106.7265625,50,ZFZ3
2023-11-30 01:00:00+00:00,34,1,410749,106.71875,106.71875,106.6796875,106.6875,88,ZFZ3
2023-11-30 02:00:00+00:00,34,1,410749,106.6875,106.6953125,106.6640625,106.6875,255,ZFZ3
2023-11-30 03:00:00+00:00,34,1,410749,106.6875,106.6953125,106.6640625,106.6796875,202,ZFZ3
2023-11-30 04:00:00+00:00,34,1,410749,106.671875,106.703125,106.65625,106.6640625,121,ZFZ3
2023-11-30 05:00:00+00:00,34,1,410749,106.6640625,106.6640625,106.6171875,106.625,219,ZFZ3
2023-11-30 06:00:00+00:00,34,1,410749,106.625,106.65625,106.6171875,106.6328125,138,ZFZ3
2023-11-30 07:00:00+00:00,34,1,410749,106.6484375,106.7109375,106.609375,106.7109375,942,ZFZ3
2023-11-30 08:00:00+00:00,34,1,410749,106.71875,106.7265625,106.625,106.640625,422,ZFZ3
2023-11-30 09:00:00+00:00,34,1,410749,106.6875,106.6953125,106.640625,106.65625,607,ZFZ3
2023-11-30 10:00:00+00:00,34,1,410749,106.65625,106.65625,106.6171875,106.6171875,615,ZFZ3
2023-11-30 11:00:00+00:00,34,1,410749,106.6015625,106.609375,106.5859375,106.6015625,123,ZFZ3
2023-11-30 12:00:00+00:00,34,1,410749,106.609375,106.65625,106.5703125,106.65625,414,ZFZ3
2023-11-30 13:00:00+00:00,34,1,410749,106.6484375,106.8203125,106.484375,106.484375,1291,ZFZ3
2023-11-30 14:00:00+00:00,34,1,410749,106.46875,106.5390625,106.3359375,106.3671875,1351,ZFZ3
2023-11-30 15:00:00+00:00,34,1,410749,106.3828125,106.4453125,106.3515625,106.4453125,872,ZFZ3
2023-11-30 16:00:00+00:00,34,1,410749,106.4453125,106.484375,106.4375,106.4609375,208,ZFZ3
2023-11-30 17:00:00+00:00,34,1,410749,106.4296875,106.4375,106.375,106.375,78,ZFZ3
2023-11-30 18:00:00+00:00,34,1,410749,106.3515625,106.4453125,106.3515625,106.3984375,171,ZFZ3
2023-11-30 19:00:00+00:00,34,1,410749,106.40625,106.4296875,106.359375,106.359375,231,ZFZ3
2023-11-30 20:00:00+00:00,34,1,410749,106.375,106.453125,106.3046875,106.453125,630,ZFZ3
2023-11-30 21:00:00+00:00,34,1,410749,106.4453125,106.484375,106.4296875,106.484375,116,ZFZ3
2023-11-30 23:00:00+00:00,34,1,410749,106.5390625,106.6171875,106.5390625,106.5625,29,ZFZ3
2023-12-01 00:00:00+00:00,34,1,410749,106.5703125,106.59375,106.5390625,106.5625,141,ZFZ3
2023-12-01 01:00:00+00:00,34,1,410749,106.546875,106.5546875,106.5234375,106.5234375,16,ZFZ3
2023-12-01 02:00:00+00:00,34,1,410749,106.5078125,106.5390625,106.5078125,106.5234375,14,ZFZ3
2023-12-01 03:00:00+00:00,34,1,410749,106.515625,106.5234375,106.5078125,106.5078125,18,ZFZ3
2023-12-01 04:00:00+00:00,34,1,410749,106.515625,106.5234375,106.515625,106.5234375,11,ZFZ3
2023-12-01 05:00:00+00:00,34,1,410749,106.5390625,106.5390625,106.53125,106.53125,9,ZFZ3
2023-12-01 06:00:00+00:00,34,1,410749,106.515625,106.546875,106.515625,106.515625,30,ZFZ3
2023-12-01 07:00:00+00:00,34,1,410749,106.515625,106.5234375,106.515625,106.5234375,12,ZFZ3
2023-12-01 08:00:00+00:00,34,1,410749,106.484375,106.59375,106.484375,106.59375,15,ZFZ3
2023-12-01 09:00:00+00:00,34,1,410749,106.609375,106.65625,106.609375,106.625,75,ZFZ3
2023-12-01 10:00:00+00:00,34,1,410749,106.578125,106.578125,106.578125,106.578125,3,ZFZ3
2023-12-01 11:00:00+00:00,34,1,410749,106.4921875,106.4921875,106.46875,106.46875,85,ZFZ3
2023-12-01 12:00:00+00:00,34,1,410749,106.453125,106.453125,106.40625,106.4140625,80,ZFZ3
2023-12-01 13:00:00+00:00,34,1,410749,106.4921875,106.5234375,106.4375,106.46875,97,ZFZ3
2023-12-01 14:00:00+00:00,34,1,410749,106.4296875,106.4765625,106.375,106.4375,428,ZFZ3
2023-12-01 15:00:00+00:00,34,1,410749,106.546875,106.7421875,106.546875,106.6484375,445,ZFZ3
2023-12-01 16:00:00+00:00,34,1,410749,106.5703125,106.953125,106.5078125,106.875,734,ZFZ3
2023-12-01 17:00:00+00:00,34,1,410749,106.8359375,106.96875,106.8203125,106.96875,97,ZFZ3
2023-12-01 18:00:00+00:00,34,1,410749,106.953125,107.046875,106.953125,107.046875,334,ZFZ3
2023-12-01 19:00:00+00:00,34,1,410749,106.9765625,106.9921875,106.9140625,106.9765625,56,ZFZ3
2023-12-01 20:00:00+00:00,34,1,410749,106.9609375,107.015625,106.9453125,106.9765625,407,ZFZ3
2023-12-01 21:00:00+00:00,34,1,410749,107.015625,107.03125,107.015625,107.03125,66,ZFZ3
2023-12-04 01:00:00+00:00,34,1,410749,106.90625,106.90625,106.90625,106.90625,2,ZFZ3
2023-12-04 02:00:00+00:00,34,1,410749,106.8671875,106.8671875,106.8671875,106.8671875,75,ZFZ3
2023-12-04 03:00:00+00:00,34,1,410749,106.8671875,106.8671875,106.8671875,106.8671875,9,ZFZ3
2023-12-04 05:00:00+00:00,34,1,410749,106.8359375,106.8359375,106.8359375,106.8359375,3,ZFZ3
2023-12-04 06:00:00+00:00,34,1,410749,106.84375,106.8828125,106.84375,106.8828125,16,ZFZ3
2023-12-04 08:00:00+00:00,34,1,410749,106.7890625,106.84375,106.7734375,106.84375,283,ZFZ3
2023-12-04 09:00:00+00:00,34,1,410749,106.890625,106.890625,106.875,106.875,49,ZFZ3
2023-12-04 10:00:00+00:00,34,1,410749,106.8203125,106.8203125,106.8203125,106.8203125,11,ZFZ3
2023-12-04 11:00:00+00:00,34,1,410749,106.8359375,106.8359375,106.8359375,106.8359375,2,ZFZ3
2023-12-04 12:00:00+00:00,34,1,410749,106.7890625,106.7890625,106.7890625,106.7890625,3,ZFZ3
2023-12-04 13:00:00+00:00,34,1,410749,106.8125,106.8515625,106.7734375,106.7734375,200,ZFZ3
2023-12-04 14:00:00+00:00,34,1,410749,106.7265625,106.8046875,106.6953125,106.8046875,399,ZFZ3
2023-12-04 15:00:00+00:00,34,1,410749,106.8125,106.8671875,106.6328125,106.640625,94,ZFZ3
2023-12-04 16:00:00+00:00,34,1,410749,106.6484375,106.6796875,106.6171875,106.6171875,73,ZFZ3
2023-12-04 17:00:00+00:00,34,1,410749,106.625,106.6328125,106.59375,106.6171875,119,ZFZ3
2023-12-04 18:00:00+00:00,34,1,410749,106.6171875,106.6171875,106.578125,106.5859375,62,ZFZ3
2023-12-04 19:00:00+00:00,34,1,410749,106.6171875,106.6171875,106.6171875,106.6171875,19,ZFZ3
2023-12-04 20:00:00+00:00,34,1,410749,106.6328125,106.671875,106.625,106.671875,115,ZFZ3
2023-12-04 21:00:00+00:00,34,1,410749,106.71875,106.7421875,106.7109375,106.7421875,158,ZFZ3
2023-12-05 10:00:00+00:00,34,1,410749,106.78125,106.78125,106.7421875,106.7421875,2,ZFZ3
2023-12-05 13:00:00+00:00,34,1,410749,106.8828125,106.8828125,106.8828125,106.8828125,7,ZFZ3
2023-12-05 14:00:00+00:00,34,1,410749,106.78125,106.859375,106.78125,106.84375,43,ZFZ3
2023-12-05 15:00:00+00:00,34,1,410749,107.046875,107.0546875,106.8984375,106.9921875,27,ZFZ3
2023-12-05 16:00:00+00:00,34,1,410749,106.9921875,107.0078125,106.9140625,106.9140625,50,ZFZ3
2023-12-05 17:00:00+00:00,34,1,410749,106.9765625,107.03125,106.9765625,107.0,75,ZFZ3
2023-12-05 18:00:00+00:00,34,1,410749,107.0078125,107.0078125,106.9296875,106.9375,63,ZFZ3
2023-12-05 19:00:00+00:00,34,1,410749,106.96875,107.03125,106.96875,107.03125,6,ZFZ3
2023-12-05 20:00:00+00:00,34,1,410749,107.0234375,107.03125,106.9921875,106.9921875,101,ZFZ3
2023-12-06 01:00:00+00:00,34,1,410749,106.953125,106.953125,106.8828125,106.8828125,10,ZFZ3
2023-12-06 09:00:00+00:00,34,1,410749,106.96875,106.9765625,106.96875,106.9765625,5,ZFZ3
2023-12-06 12:00:00+00:00,34,1,410749,106.8828125,106.90625,106.875,106.90625,117,ZFZ3
2023-12-06 13:00:00+00:00,34,1,410749,106.9921875,106.9921875,106.9609375,106.9609375,103,ZFZ3
2023-12-06 15:00:00+00:00,34,1,410749,107.0625,107.0625,107.0625,107.0625,15,ZFZ3
2023-12-06 16:00:00+00:00,34,1,410749,107.0859375,107.0859375,107.0859375,107.0859375,2,ZFZ3
2023-12-06 17:00:00+00:00,34,1,410749,107.0625,107.0625,107.0625,107.0625,2,ZFZ3
2023-12-07 15:00:00+00:00,34,1,410749,107.078125,107.078125,107.078125,107.078125,1,ZFZ3
2023-12-08 10:00:00+00:00,34,1,410749,106.90625,106.90625,106.90625,106.90625,1,ZFZ3
2023-12-08 13:00:00+00:00,34,1,410749,106.40625,106.6953125,106.40625,106.6953125,5,ZFZ3
2023-12-08 15:00:00+00:00,34,1,410749,106.6328125,106.6328125,106.6171875,106.6171875,8,ZFZ3
2023-12-08 19:00:00+00:00,34,1,410749,106.59375,106.65625,106.4921875,106.4921875,3702,ZFZ3
2023-12-08 20:00:00+00:00,34,1,410749,106.5703125,106.5703125,106.5703125,106.5703125,1,ZFZ3
2023-12-11 03:00:00+00:00,34,1,410749,106.5625,106.5625,106.5625,106.5625,1,ZFZ3
2023-12-11 13:00:00+00:00,34,1,410749,106.3984375,106.3984375,106.3984375,106.3984375,5,ZFZ3
2023-12-11 15:00:00+00:00,34,1,410749,106.4609375,106.4609375,106.4296875,106.4296875,8,ZFZ3
2023-12-11 16:00:00+00:00,34,1,410749,106.421875,106.421875,106.375,106.375,2,ZFZ3
2023-12-11 17:00:00+00:00,34,1,410749,106.3671875,106.3671875,106.3671875,106.3671875,9,ZFZ3
2023-12-12 01:00:00+00:00,34,1,410749,106.59375,106.59375,106.5859375,106.5859375,10,ZFZ3
2023-12-12 02:00:00+00:00,34,1,410749,106.640625,106.640625,106.640625,106.640625,5,ZFZ3
2023-12-12 13:00:00+00:00,34,1,410749,106.8203125,106.8203125,106.8203125,106.8203125,3,ZFZ3
2023-12-12 15:00:00+00:00,34,1,410749,106.5390625,106.5546875,106.5390625,106.5546875,50,ZFZ3
2023-12-12 16:00:00+00:00,34,1,410749,106.6015625,106.6640625,106.5625,106.6640625,250,ZFZ3
2023-12-13 03:00:00+00:00,34,1,410749,106.65625,106.65625,106.65625,106.65625,6,ZFZ3
2023-12-14 18:00:00+00:00,34,1,410749,108.0,108.0,108.0,108.0,1,ZFZ3
2023-12-14 19:00:00+00:00,34,1,410749,107.9921875,107.9921875,107.9921875,107.9921875,10,ZFZ3
2023-12-15 04:00:00+00:00,34,1,410749,107.8828125,107.8828125,107.8828125,107.8828125,1,ZFZ3
2023-12-15 05:00:00+00:00,34,1,410749,107.9140625,107.921875,107.9140625,107.921875,2,ZFZ3
2023-12-15 06:00:00+00:00,34,1,410749,107.8671875,107.875,107.8671875,107.875,2,ZFZ3
2023-12-15 07:00:00+00:00,34,1,410749,107.9140625,107.921875,107.9140625,107.921875,3,ZFZ3
2023-12-15 12:00:00+00:00,34,1,410749,108.109375,108.109375,108.109375,108.109375,2,ZFZ3
2023-12-15 16:00:00+00:00,34,1,410749,107.921875,107.921875,107.921875,107.921875,5,ZFZ3
2023-12-15 18:00:00+00:00,34,1,410749,107.9140625,107.9140625,107.8359375,107.84375,11,ZFZ3
2023-12-15 20:00:00+00:00,34,1,410749,107.8515625,107.8515625,107.8515625,107.8515625,8,ZFZ3
2023-12-18 13:00:00+00:00,34,1,410749,107.9765625,107.9765625,107.9765625,107.9765625,1,ZFZ3
2023-12-19 00:00:00+00:00,34,1,410749,107.875,107.875,107.875,107.875,30,ZFZ3
2023-12-19 14:00:00+00:00,34,1,410749,107.9609375,108.015625,107.9609375,108.015625,15,ZFZ3
2023-12-19 18:00:00+00:00,34,1,410749,107.8359375,107.8359375,107.765625,107.765625,15,ZFZ3
2023-12-20 01:00:00+00:00,34,1,410749,107.796875,107.796875,107.7890625,107.7890625,10,ZFZ3
2023-12-20 15:00:00+00:00,34,1,410749,107.9453125,107.9453125,107.8828125,107.8828125,2,ZFZ3
2023-12-22 15:00:00+00:00,34,1,410749,108.2734375,108.28125,108.2734375,108.2734375,22,ZFZ3
2023-12-22 20:00:00+00:00,34,1,410749,108.390625,108.4140625,108.390625,108.390625,4,ZFZ3
2023-12-26 15:00:00+00:00,34,1,410749,108.09375,108.09375,108.09375,108.09375,2,ZFZ3
2023-12-26 16:00:00+00:00,34,1,410749,108.0625,108.0625,108.0625,108.0625,3,ZFZ3
2023-12-27 20:00:00+00:00,34,1,410749,108.75,108.75,108.625,108.625,6,ZFZ3
2023-12-28 09:00:00+00:00,34,1,410749,108.640625,108.65625,108.6328125,108.65625,31,ZFZ3
