ts_event,rtype,publisher_id,instrument_id,open,high,low,close,volume,symbol
2021-12-31 00:00:00+00:00,34,1,291911,120.9453125,120.953125,120.9375,120.9453125,1464,ZFH2
2021-12-31 01:00:00+00:00,34,1,291911,120.9453125,120.9609375,120.921875,120.921875,3372,ZFH2
2021-12-31 02:00:00+00:00,34,1,291911,120.9296875,120.9375,120.9140625,120.921875,875,ZFH2
2021-12-31 03:00:00+00:00,34,1,291911,120.921875,120.9296875,120.90625,120.90625,1429,ZFH2
2021-12-31 04:00:00+00:00,34,1,291911,120.9140625,120.921875,120.90625,120.9140625,302,ZFH2
2021-12-31 05:00:00+00:00,34,1,291911,120.90625,120.921875,120.90625,120.9140625,1298,ZFH2
2021-12-31 06:00:00+00:00,34,1,291911,120.9140625,120.921875,120.90625,120.9140625,880,ZFH2
2021-12-31 07:00:00+00:00,34,1,291911,120.9140625,120.9375,120.9140625,120.9296875,4315,ZFH2
2021-12-31 08:00:00+00:00,34,1,291911,120.9296875,120.9609375,120.921875,120.9453125,3174,ZFH2
2021-12-31 09:00:00+00:00,34,1,291911,120.953125,120.984375,120.953125,120.953125,3306,ZFH2
2021-12-31 10:00:00+00:00,34,1,291911,120.9609375,120.96875,120.9375,120.9609375,3987,ZFH2
2021-12-31 11:00:00+00:00,34,1,291911,120.9609375,120.984375,120.953125,120.9765625,4501,ZFH2
2021-12-31 12:00:00+00:00,34,1,291911,120.9765625,120.984375,120.9453125,120.9453125,11646,ZFH2
2021-12-31 13:00:00+00:00,34,1,291911,120.9453125,120.9921875,120.9375,120.9609375,25004,ZFH2
2021-12-31 14:00:00+00:00,34,1,291911,120.953125,121.03125,120.9375,120.9609375,48058,ZFH2
2021-12-31 15:00:00+00:00,34,1,291911,120.953125,121.015625,120.953125,120.9921875,42971,ZFH2
2021-12-31 16:00:00+00:00,34,1,291911,120.9921875,121.0,120.9375,120.9921875,51049,ZFH2
2021-12-31 17:00:00+00:00,34,1,291911,121.0,121.015625,120.9609375,120.984375,105661,ZFH2
2021-12-31 18:00:00+00:00,34,1,291911,120.9765625,120.9921875,120.9296875,120.9453125,57770,ZFH2
2021-12-31 19:00:00+00:00,34,1,291911,120.9453125,120.9609375,120.859375,120.859375,24535,ZFH2
2021-12-31 20:00:00+00:00,34,1,291911,120.8671875,120.9140625,120.859375,120.8828125,11686,ZFH2
2021-12-31 21:00:00+00:00,34,1,291911,120.8828125,120.8984375,120.8671875,120.875,6553,ZFH2
2022-01-02 23:00:00+00:00,34,1,291911,120.875,120.890625,120.8203125,120.8828125,11141,ZFH2
2022-01-03 00:00:00+00:00,34,1,291911,120.875,120.875,120.8359375,120.859375,3516,ZFH2
2022-01-03 01:00:00+00:00,34,1,291911,120.859375,120.859375,120.8359375,120.84375,3679,ZFH2
2022-01-03 02:00:00+00:00,34,1,291911,120.8515625,120.8515625,120.828125,120.828125,2498,ZFH2
2022-01-03 03:00:00+00:00,34,1,291911,120.8359375,120.8515625,120.8203125,120.8203125,1425,ZFH2
2022-01-03 04:00:00+00:00,34,1,291911,120.8203125,120.828125,120.8125,120.8125,3857,ZFH2
2022-01-03 05:00:00+00:00,34,1,291911,120.8125,120.8203125,120.7890625,120.796875,3927,ZFH2
2022-01-03 06:00:00+00:00,34,1,291911,120.796875,120.8046875,120.7890625,120.7890625,1702,ZFH2
2022-01-03 07:00:00+00:00,34,1,291911,120.7890625,120.796875,120.765625,120.7734375,6281,ZFH2
2022-01-03 08:00:00+00:00,34,1,291911,120.7734375,120.7734375,120.6875,120.7109375,16976,ZFH2
2022-01-03 09:00:00+00:00,34,1,291911,120.7109375,120.75,120.6796875,120.75,12250,ZFH2
2022-01-03 10:00:00+00:00,34,1,291911,120.7578125,120.78125,120.7265625,120.7421875,6913,ZFH2
2022-01-03 11:00:00+00:00,34,1,291911,120.7421875,120.7578125,120.6953125,120.7421875,14604,ZFH2
2022-01-03 12:00:00+00:00,34,1,291911,120.7421875,120.8046875,120.7421875,120.75,23590,ZFH2
2022-01-03 13:00:00+00:00,34,1,291911,120.75,120.765625,120.5546875,120.5625,152017,ZFH2
2022-01-03 14:00:00+00:00,34,1,291911,120.5625,120.6015625,120.4609375,120.4609375,131876,ZFH2
2022-01-03 15:00:00+00:00,34,1,291911,120.4609375,120.53125,120.4375,120.5078125,164293,ZFH2
2022-01-03 16:00:00+00:00,34,1,291911,120.5078125,120.515625,120.46875,120.484375,57205,ZFH2
2022-01-03 17:00:00+00:00,34,1,291911,120.484375,120.5,120.4453125,120.46875,32033,ZFH2
2022-01-03 18:00:00+00:00,34,1,291911,120.46875,120.4921875,120.4375,120.4609375,38402,ZFH2
2022-01-03 19:00:00+00:00,34,1,291911,120.4609375,120.4921875,120.421875,120.421875,63409,ZFH2
2022-01-03 20:00:00+00:00,34,1,291911,120.421875,120.484375,120.421875,120.4375,60322,ZFH2
2022-01-03 21:00:00+00:00,34,1,291911,120.4453125,120.515625,120.4375,120.5078125,38113,ZFH2
2022-01-03 23:00:00+00:00,34,1,291911,120.5078125,120.546875,120.4921875,120.5390625,9351,ZFH2
2022-01-04 00:00:00+00:00,34,1,291911,120.546875,120.546875,120.5078125,120.53125,6645,ZFH2
2022-01-04 01:00:00+00:00,34,1,291911,120.53125,120.53125,120.4453125,120.4765625,8253,ZFH2
2022-01-04 02:00:00+00:00,34,1,291911,120.4765625,120.515625,120.4765625,120.5,5333,ZFH2
2022-01-04 03:00:00+00:00,34,1,291911,120.4921875,120.5,120.453125,120.4609375,8685,ZFH2
2022-01-04 04:00:00+00:00,34,1,291911,120.4609375,120.4765625,120.4453125,120.46875,3022,ZFH2
2022-01-04 05:00:00+00:00,34,1,291911,120.46875,120.5,120.4609375,120.4921875,3649,ZFH2
2022-01-04 06:00:00+00:00,34,1,291911,120.4921875,120.4921875,120.4609375,120.4765625,4343,ZFH2
2022-01-04 07:00:00+00:00,34,1,291911,120.4765625,120.53125,120.46875,120.5234375,11744,ZFH2
2022-01-04 08:00:00+00:00,34,1,291911,120.5234375,120.53125,120.46875,120.484375,22045,ZFH2
2022-01-04 09:00:00+00:00,34,1,291911,120.484375,120.515625,120.4609375,120.4921875,15999,ZFH2
2022-01-04 10:00:00+00:00,34,1,291911,120.5,120.515625,120.4765625,120.484375,16025,ZFH2
2022-01-04 11:00:00+00:00,34,1,291911,120.4921875,120.5078125,120.40625,120.4296875,24562,ZFH2
2022-01-04 12:00:00+00:00,34,1,291911,120.4296875,120.453125,120.3359375,120.359375,69751,ZFH2
2022-01-04 13:00:00+00:00,34,1,291911,120.3515625,120.4296875,120.3203125,120.4140625,110575,ZFH2
2022-01-04 14:00:00+00:00,34,1,291911,120.4140625,120.4296875,120.3359375,120.40625,104708,ZFH2
2022-01-04 15:00:00+00:00,34,1,291911,120.4140625,120.4921875,120.3828125,120.4453125,122266,ZFH2
2022-01-04 16:00:00+00:00,34,1,291911,120.453125,120.484375,120.3671875,120.3984375,90121,ZFH2
2022-01-04 17:00:00+00:00,34,1,291911,120.3984375,120.4140625,120.375,120.40625,44713,ZFH2
2022-01-04 18:00:00+00:00,34,1,291911,120.40625,120.46875,120.3984375,120.453125,42493,ZFH2
2022-01-04 19:00:00+00:00,34,1,291911,120.453125,120.4765625,120.40625,120.4296875,53367,ZFH2
2022-01-04 20:00:00+00:00,34,1,291911,120.4296875,120.5078125,120.4296875,120.5,47098,ZFH2
2022-01-04 21:00:00+00:00,34,1,291911,120.5078125,120.515625,120.46875,120.4921875,53190,ZFH2
2022-01-04 23:00:00+00:00,34,1,291911,120.5,120.5078125,120.46875,120.484375,4365,ZFH2
2022-01-05 00:00:00+00:00,34,1,291911,120.484375,120.5078125,120.4453125,120.4453125,7321,ZFH2
2022-01-05 01:00:00+00:00,34,1,291911,120.4453125,120.4921875,120.4453125,120.484375,8894,ZFH2
2022-01-05 02:00:00+00:00,34,1,291911,120.4765625,120.5078125,120.4609375,120.4921875,5992,ZFH2
2022-01-05 03:00:00+00:00,34,1,291911,120.484375,120.5,120.4765625,120.4765625,5528,ZFH2
2022-01-05 04:00:00+00:00,34,1,291911,120.4765625,120.5,120.4609375,120.46875,4494,ZFH2
2022-01-05 05:00:00+00:00,34,1,291911,120.46875,120.5078125,120.46875,120.5078125,7044,ZFH2
2022-01-05 06:00:00+00:00,34,1,291911,120.5078125,120.53125,120.5,120.5234375,12768,ZFH2
2022-01-05 07:00:00+00:00,34,1,291911,120.5234375,120.5390625,120.4609375,120.46875,13888,ZFH2
2022-01-05 08:00:00+00:00,34,1,291911,120.4765625,120.5078125,120.453125,120.484375,24029,ZFH2
2022-01-05 09:00:00+00:00,34,1,291911,120.484375,120.5,120.46875,120.4765625,11528,ZFH2
2022-01-05 10:00:00+00:00,34,1,291911,120.4765625,120.515625,120.4765625,120.5078125,14248,ZFH2
2022-01-05 11:00:00+00:00,34,1,291911,120.5078125,120.5078125,120.484375,120.5,12616,ZFH2
2022-01-05 12:00:00+00:00,34,1,291911,120.4921875,120.5,120.453125,120.484375,21926,ZFH2
2022-01-05 13:00:00+00:00,34,1,291911,120.4921875,120.5078125,120.375,120.4375,89751,ZFH2
2022-01-05 14:00:00+00:00,34,1,291911,120.4296875,120.453125,120.40625,120.4375,67630,ZFH2
2022-01-05 15:00:00+00:00,34,1,291911,120.4375,120.453125,120.3671875,120.3671875,71862,ZFH2
2022-01-05 16:00:00+00:00,34,1,291911,120.375,120.375,120.2734375,120.34375,115299,ZFH2
2022-01-05 17:00:00+00:00,34,1,291911,120.3515625,120.3515625,120.28125,120.3203125,46516,ZFH2
2022-01-05 18:00:00+00:00,34,1,291911,120.3203125,120.34375,120.2734375,120.2734375,38971,ZFH2
2022-01-05 19:00:00+00:00,34,1,291911,120.2734375,120.3046875,120.1015625,120.1171875,201443,ZFH2
2022-01-05 20:00:00+00:00,34,1,291911,120.1171875,120.1875,120.0859375,120.171875,89541,ZFH2
2022-01-05 21:00:00+00:00,34,1,291911,120.1640625,120.2109375,120.1328125,120.140625,49879,ZFH2
2022-01-05 23:00:00+00:00,34,1,291911,120.1328125,120.1953125,120.125,120.1796875,7974,ZFH2
2022-01-06 00:00:00+00:00,34,1,291911,120.1796875,120.203125,120.140625,120.15625,11135,ZFH2
2022-01-06 01:00:00+00:00,34,1,291911,120.15625,120.2265625,120.1328125,120.21875,11773,ZFH2
2022-01-06 02:00:00+00:00,34,1,291911,120.21875,120.21875,120.1171875,120.1171875,11016,ZFH2
2022-01-06 03:00:00+00:00,34,1,291911,120.1171875,120.125,120.0546875,120.0625,12294,ZFH2
2022-01-06 04:00:00+00:00,34,1,291911,120.0625,120.09375,120.0078125,120.0078125,14974,ZFH2
2022-01-06 05:00:00+00:00,34,1,291911,120.0078125,120.0390625,119.9765625,119.9921875,20322,ZFH2
2022-01-06 06:00:00+00:00,34,1,291911,119.9921875,119.9921875,119.9453125,119.953125,19206,ZFH2
2022-01-06 07:00:00+00:00,34,1,291911,119.953125,120.0234375,119.953125,119.9609375,34267,ZFH2
2022-01-06 08:00:00+00:00,34,1,291911,119.9609375,119.984375,119.9296875,119.953125,44156,ZFH2
2022-01-06 09:00:00+00:00,34,1,291911,119.953125,120.0,119.953125,119.9765625,28759,ZFH2
2022-01-06 10:00:00+00:00,34,1,291911,119.984375,120.0,119.9296875,119.9375,18598,ZFH2
2022-01-06 11:00:00+00:00,34,1,291911,119.9375,119.984375,119.921875,119.9609375,26388,ZFH2
2022-01-06 12:00:00+00:00,34,1,291911,119.9609375,119.96875,119.890625,119.953125,43716,ZFH2
2022-01-06 13:00:00+00:00,34,1,291911,119.953125,120.015625,119.9453125,120.0,97171,ZFH2
2022-01-06 14:00:00+00:00,34,1,291911,120.0,120.0,119.9296875,119.9453125,114912,ZFH2
2022-01-06 15:00:00+00:00,34,1,291911,119.953125,119.9921875,119.8671875,119.90625,109863,ZFH2
2022-01-06 16:00:00+00:00,34,1,291911,119.8984375,119.9296875,119.859375,119.875,110801,ZFH2
2022-01-06 17:00:00+00:00,34,1,291911,119.875,119.90625,119.84375,119.875,77344,ZFH2
2022-01-06 18:00:00+00:00,34,1,291911,119.8828125,119.8984375,119.8515625,119.875,47206,ZFH2
2022-01-06 19:00:00+00:00,34,1,291911,119.8828125,119.8984375,119.859375,119.8671875,66694,ZFH2
2022-01-06 20:00:00+00:00,34,1,291911,119.859375,119.90625,119.859375,119.875,53142,ZFH2
2022-01-06 21:00:00+00:00,34,1,291911,119.875,119.90625,119.859375,119.890625,24224,ZFH2
2022-01-06 23:00:00+00:00,34,1,291911,119.8984375,119.9296875,119.890625,119.9296875,5844,ZFH2
2022-01-07 00:00:00+00:00,34,1,291911,119.9296875,119.953125,119.9140625,119.9453125,6613,ZFH2
2022-01-07 01:00:00+00:00,34,1,291911,119.9453125,119.9765625,119.9453125,119.9609375,17585,ZFH2
2022-01-07 02:00:00+00:00,34,1,291911,119.9609375,119.9765625,119.84375,119.9140625,21119,ZFH2
2022-01-07 03:00:00+00:00,34,1,291911,119.9140625,119.921875,119.890625,119.9140625,5266,ZFH2
2022-01-07 04:00:00+00:00,34,1,291911,119.9140625,119.9296875,119.890625,119.8984375,6273,ZFH2
2022-01-07 05:00:00+00:00,34,1,291911,119.890625,119.921875,119.8828125,119.890625,4818,ZFH2
2022-01-07 06:00:00+00:00,34,1,291911,119.890625,119.9140625,119.875,119.890625,6193,ZFH2
2022-01-07 07:00:00+00:00,34,1,291911,119.890625,119.8984375,119.8671875,119.8828125,11752,ZFH2
2022-01-07 08:00:00+00:00,34,1,291911,119.8828125,119.90625,119.84375,119.8828125,23572,ZFH2
2022-01-07 09:00:00+00:00,34,1,291911,119.875,119.875,119.84375,119.8671875,9845,ZFH2
2022-01-07 10:00:00+00:00,34,1,291911,119.8671875,119.8984375,119.859375,119.8828125,14998,ZFH2
2022-01-07 11:00:00+00:00,34,1,291911,119.8828125,119.8984375,119.8671875,119.8828125,11102,ZFH2
2022-01-07 12:00:00+00:00,34,1,291911,119.8828125,119.8984375,119.859375,119.875,35229,ZFH2
2022-01-07 13:00:00+00:00,34,1,291911,119.8828125,119.96875,119.671875,119.6953125,213321,ZFH2
2022-01-07 14:00:00+00:00,34,1,291911,119.6953125,119.8203125,119.65625,119.75,127412,ZFH2
2022-01-07 15:00:00+00:00,34,1,291911,119.7421875,119.84375,119.6484375,119.6640625,104284,ZFH2
2022-01-07 16:00:00+00:00,34,1,291911,119.671875,119.75,119.6328125,119.71875,121991,ZFH2
2022-01-07 17:00:00+00:00,34,1,291911,119.7109375,119.734375,119.65625,119.7265625,80687,ZFH2
2022-01-07 18:00:00+00:00,34,1,291911,119.71875,119.796875,119.71875,119.78125,36596,ZFH2
2022-01-07 19:00:00+00:00,34,1,291911,119.78125,119.7890625,119.7265625,119.734375,42335,ZFH2
2022-01-07 20:00:00+00:00,34,1,291911,119.7265625,119.7734375,119.7265625,119.734375,41002,ZFH2
2022-01-07 21:00:00+00:00,34,1,291911,119.7421875,119.765625,119.703125,119.7578125,34699,ZFH2
2022-01-09 23:00:00+00:00,34,1,291911,119.7421875,119.7421875,119.6171875,119.65625,10753,ZFH2
2022-01-10 00:00:00+00:00,34,1,291911,119.65625,119.703125,119.625,119.6953125,5280,ZFH2
2022-01-10 01:00:00+00:00,34,1,291911,119.6953125,119.703125,119.640625,119.640625,5303,ZFH2
2022-01-10 02:00:00+00:00,34,1,291911,119.640625,119.640625,119.5625,119.578125,7745,ZFH2
2022-01-10 03:00:00+00:00,34,1,291911,119.5859375,119.5859375,119.5390625,119.5703125,7400,ZFH2
2022-01-10 04:00:00+00:00,34,1,291911,119.5625,119.5703125,119.546875,119.5546875,2398,ZFH2
2022-01-10 05:00:00+00:00,34,1,291911,119.5546875,119.5625,119.5234375,119.5234375,4603,ZFH2
2022-01-10 06:00:00+00:00,34,1,291911,119.5234375,119.5546875,119.515625,119.53125,7306,ZFH2
2022-01-10 07:00:00+00:00,34,1,291911,119.53125,119.609375,119.5234375,119.5625,28057,ZFH2
2022-01-10 08:00:00+00:00,34,1,291911,119.5625,119.6328125,119.515625,119.6328125,53110,ZFH2
2022-01-10 09:00:00+00:00,34,1,291911,119.6328125,119.6328125,119.5703125,119.609375,26574,ZFH2
2022-01-10 10:00:00+00:00,34,1,291911,119.6015625,119.7109375,119.59375,119.6953125,40458,ZFH2
2022-01-10 11:00:00+00:00,34,1,291911,119.6953125,119.7265625,119.6796875,119.6875,32087,ZFH2
2022-01-10 12:00:00+00:00,34,1,291911,119.6875,119.71875,119.6484375,119.6640625,26319,ZFH2
2022-01-10 13:00:00+00:00,34,1,291911,119.6640625,119.71875,119.578125,119.5859375,73302,ZFH2
2022-01-10 14:00:00+00:00,34,1,291911,119.578125,119.59375,119.4921875,119.4921875,114643,ZFH2
2022-01-10 15:00:00+00:00,34,1,291911,119.5,119.6015625,119.484375,119.578125,101399,ZFH2
2022-01-10 16:00:00+00:00,34,1,291911,119.578125,119.6484375,119.5703125,119.625,64943,ZFH2
2022-01-10 17:00:00+00:00,34,1,291911,119.6171875,119.6875,119.609375,119.625,48440,ZFH2
2022-01-10 18:00:00+00:00,34,1,291911,119.6171875,119.6328125,119.59375,119.6015625,36348,ZFH2
2022-01-10 19:00:00+00:00,34,1,291911,119.609375,119.609375,119.5546875,119.5703125,58910,ZFH2
2022-01-10 20:00:00+00:00,34,1,291911,119.5625,119.609375,119.546875,119.59375,54561,ZFH2
2022-01-10 21:00:00+00:00,34,1,291911,119.5859375,119.671875,119.5859375,119.6328125,41158,ZFH2
2022-01-10 23:00:00+00:00,34,1,291911,119.6328125,119.6328125,119.5703125,119.609375,8845,ZFH2
2022-01-11 00:00:00+00:00,34,1,291911,119.609375,119.65625,119.59375,119.6171875,13887,ZFH2
2022-01-11 01:00:00+00:00,34,1,291911,119.6171875,119.65625,119.609375,119.609375,10812,ZFH2
2022-01-11 02:00:00+00:00,34,1,291911,119.609375,119.609375,119.5625,119.5703125,9403,ZFH2
2022-01-11 03:00:00+00:00,34,1,291911,119.5703125,119.5859375,119.5546875,119.5703125,12769,ZFH2
2022-01-11 04:00:00+00:00,34,1,291911,119.5703125,119.578125,119.5546875,119.578125,4704,ZFH2
2022-01-11 05:00:00+00:00,34,1,291911,119.578125,119.59375,119.5625,119.5703125,5159,ZFH2
2022-01-11 06:00:00+00:00,34,1,291911,119.578125,119.625,119.5703125,119.609375,6065,ZFH2
2022-01-11 07:00:00+00:00,34,1,291911,119.6015625,119.640625,119.5625,119.578125,30151,ZFH2
2022-01-11 08:00:00+00:00,34,1,291911,119.5703125,119.6484375,119.5625,119.6328125,32255,ZFH2
2022-01-11 09:00:00+00:00,34,1,291911,119.6328125,119.703125,119.6171875,119.640625,41646,ZFH2
2022-01-11 10:00:00+00:00,34,1,291911,119.640625,119.640625,119.5859375,119.59375,23455,ZFH2
2022-01-11 11:00:00+00:00,34,1,291911,119.59375,119.59375,119.53125,119.578125,22617,ZFH2
2022-01-11 12:00:00+00:00,34,1,291911,119.578125,119.578125,119.5078125,119.5546875,43937,ZFH2
2022-01-11 13:00:00+00:00,34,1,291911,119.5625,119.5703125,119.4921875,119.4921875,77547,ZFH2
2022-01-11 14:00:00+00:00,34,1,291911,119.4921875,119.4921875,119.421875,119.46875,126164,ZFH2
2022-01-11 15:00:00+00:00,34,1,291911,119.46875,119.53125,119.4140625,119.4921875,135241,ZFH2
2022-01-11 16:00:00+00:00,34,1,291911,119.5,119.625,119.5,119.6015625,130298,ZFH2
2022-01-11 17:00:00+00:00,34,1,291911,119.6015625,119.609375,119.5625,119.5703125,57559,ZFH2
2022-01-11 18:00:00+00:00,34,1,291911,119.5703125,119.6953125,119.5703125,119.6875,93052,ZFH2
2022-01-11 19:00:00+00:00,34,1,291911,119.6875,119.734375,119.6796875,119.703125,80294,ZFH2
2022-01-11 20:00:00+00:00,34,1,291911,119.6953125,119.7265625,119.6875,119.7109375,45244,ZFH2
2022-01-11 21:00:00+00:00,34,1,291911,119.7109375,119.7421875,119.6796875,119.7265625,45307,ZFH2
2022-01-11 23:00:00+00:00,34,1,291911,119.7421875,119.75,119.703125,119.71875,4558,ZFH2
2022-01-12 00:00:00+00:00,34,1,291911,119.71875,119.765625,119.7109375,119.7421875,8103,ZFH2
2022-01-12 01:00:00+00:00,34,1,291911,119.7421875,119.75,119.734375,119.75,6014,ZFH2
2022-01-12 02:00:00+00:00,34,1,291911,119.7421875,119.765625,119.734375,119.7421875,8301,ZFH2
2022-01-12 03:00:00+00:00,34,1,291911,119.7421875,119.7578125,119.7265625,119.734375,5263,ZFH2
2022-01-12 04:00:00+00:00,34,1,291911,119.734375,119.7578125,119.734375,119.75,6403,ZFH2
2022-01-12 05:00:00+00:00,34,1,291911,119.75,119.7734375,119.7265625,119.765625,11519,ZFH2
2022-01-12 06:00:00+00:00,34,1,291911,119.765625,119.765625,119.7421875,119.7421875,8745,ZFH2
2022-01-12 07:00:00+00:00,34,1,291911,119.7421875,119.75,119.6640625,119.671875,30487,ZFH2
2022-01-12 08:00:00+00:00,34,1,291911,119.671875,119.6875,119.6484375,119.6796875,17662,ZFH2
2022-01-12 09:00:00+00:00,34,1,291911,119.6796875,119.6796875,119.6328125,119.6484375,28581,ZFH2
2022-01-12 10:00:00+00:00,34,1,291911,119.6484375,119.65625,119.6015625,119.640625,23332,ZFH2
2022-01-12 11:00:00+00:00,34,1,291911,119.640625,119.7109375,119.640625,119.6796875,27121,ZFH2
2022-01-12 12:00:00+00:00,34,1,291911,119.6796875,119.6953125,119.6484375,119.6953125,27734,ZFH2
2022-01-12 13:00:00+00:00,34,1,291911,119.703125,119.875,119.671875,119.75,198927,ZFH2
2022-01-12 14:00:00+00:00,34,1,291911,119.75,119.8125,119.7109375,119.71875,96815,ZFH2
2022-01-12 15:00:00+00:00,34,1,291911,119.71875,119.7734375,119.7109375,119.765625,84427,ZFH2
2022-01-12 16:00:00+00:00,34,1,291911,119.7578125,119.765625,119.6875,119.75,80250,ZFH2
2022-01-12 17:00:00+00:00,34,1,291911,119.75,119.8203125,119.7421875,119.7890625,43954,ZFH2
2022-01-12 18:00:00+00:00,34,1,291911,119.7890625,119.8203125,119.71875,119.7421875,58926,ZFH2
2022-01-12 19:00:00+00:00,34,1,291911,119.7421875,119.7890625,119.7265625,119.78125,41536,ZFH2
2022-01-12 20:00:00+00:00,34,1,291911,119.7734375,119.78125,119.71875,119.734375,44212,ZFH2
2022-01-12 21:00:00+00:00,34,1,291911,119.734375,119.765625,119.609375,119.625,45127,ZFH2
2022-01-12 23:00:00+00:00,34,1,291911,119.625,119.6640625,119.609375,119.6328125,9469,ZFH2
2022-01-13 00:00:00+00:00,34,1,291911,119.6328125,119.6484375,119.5625,119.5859375,11601,ZFH2
2022-01-13 01:00:00+00:00,34,1,291911,119.59375,119.65625,119.578125,119.65625,8712,ZFH2
2022-01-13 02:00:00+00:00,34,1,291911,119.65625,119.65625,119.625,119.625,3427,ZFH2
2022-01-13 03:00:00+00:00,34,1,291911,119.625,119.6640625,119.625,119.65625,5984,ZFH2
2022-01-13 04:00:00+00:00,34,1,291911,119.65625,119.6640625,119.6484375,119.65625,2807,ZFH2
2022-01-13 05:00:00+00:00,34,1,291911,119.65625,119.6953125,119.65625,119.6875,5673,ZFH2
2022-01-13 06:00:00+00:00,34,1,291911,119.6875,119.6875,119.65625,119.65625,6015,ZFH2
2022-01-13 07:00:00+00:00,34,1,291911,119.65625,119.6640625,119.625,119.6640625,13782,ZFH2
2022-01-13 08:00:00+00:00,34,1,291911,119.671875,119.671875,119.6171875,119.625,24296,ZFH2
2022-01-13 09:00:00+00:00,34,1,291911,119.625,119.640625,119.59375,119.625,20188,ZFH2
2022-01-13 10:00:00+00:00,34,1,291911,119.625,119.6484375,119.6171875,119.6328125,12141,ZFH2
2022-01-13 11:00:00+00:00,34,1,291911,119.640625,119.640625,119.6171875,119.625,8772,ZFH2
2022-01-13 12:00:00+00:00,34,1,291911,119.6171875,119.6484375,119.6171875,119.6484375,19787,ZFH2
2022-01-13 13:00:00+00:00,34,1,291911,119.6484375,119.7265625,119.6171875,119.7265625,86691,ZFH2
2022-01-13 14:00:00+00:00,34,1,291911,119.71875,119.78125,119.703125,119.71875,133157,ZFH2
2022-01-13 15:00:00+00:00,34,1,291911,119.71875,119.8125,119.7109375,119.7890625,101590,ZFH2
2022-01-13 16:00:00+00:00,34,1,291911,119.78125,119.8203125,119.7734375,119.8046875,82405,ZFH2
2022-01-13 17:00:00+00:00,34,1,291911,119.8125,119.8125,119.75,119.7890625,76382,ZFH2
2022-01-13 18:00:00+00:00,34,1,291911,119.7890625,119.828125,119.7578125,119.828125,69284,ZFH2
2022-01-13 19:00:00+00:00,34,1,291911,119.828125,119.8671875,119.8125,119.8515625,51198,ZFH2
2022-01-13 20:00:00+00:00,34,1,291911,119.8515625,119.9453125,119.8515625,119.90625,72865,ZFH2
2022-01-13 21:00:00+00:00,34,1,291911,119.90625,119.9296875,119.875,119.875,34053,ZFH2
2022-01-13 23:00:00+00:00,34,1,291911,119.875,119.875,119.8125,119.8125,11672,ZFH2
2022-01-14 00:00:00+00:00,34,1,291911,119.8046875,119.8359375,119.765625,119.78125,16176,ZFH2
2022-01-14 01:00:00+00:00,34,1,291911,119.78125,119.8125,119.7578125,119.7890625,19623,ZFH2
2022-01-14 02:00:00+00:00,34,1,291911,119.78125,119.8046875,119.765625,119.7734375,5994,ZFH2
2022-01-14 03:00:00+00:00,34,1,291911,119.7734375,119.8046875,119.7578125,119.7890625,6347,ZFH2
2022-01-14 04:00:00+00:00,34,1,291911,119.796875,119.8046875,119.78125,119.796875,2049,ZFH2
2022-01-14 05:00:00+00:00,34,1,291911,119.796875,119.8125,119.78125,119.7890625,2696,ZFH2
2022-01-14 06:00:00+00:00,34,1,291911,119.78125,119.78125,119.7578125,119.78125,6831,ZFH2
2022-01-14 07:00:00+00:00,34,1,291911,119.7890625,119.84375,119.765625,119.8203125,21793,ZFH2
2022-01-14 08:00:00+00:00,34,1,291911,119.8203125,119.84375,119.765625,119.765625,19003,ZFH2
2022-01-14 09:00:00+00:00,34,1,291911,119.765625,119.765625,119.6875,119.7265625,27795,ZFH2
2022-01-14 10:00:00+00:00,34,1,291911,119.734375,119.7421875,119.6640625,119.6875,14341,ZFH2
2022-01-14 11:00:00+00:00,34,1,291911,119.6953125,119.7265625,119.671875,119.7265625,19953,ZFH2
2022-01-14 12:00:00+00:00,34,1,291911,119.7265625,119.7890625,119.71875,119.7890625,34153,ZFH2
2022-01-14 13:00:00+00:00,34,1,291911,119.7890625,119.8984375,119.78125,119.8828125,83485,ZFH2
2022-01-14 14:00:00+00:00,34,1,291911,119.8828125,119.9140625,119.703125,119.7578125,120670,ZFH2
2022-01-14 15:00:00+00:00,34,1,291911,119.7578125,119.7578125,119.609375,119.6796875,130000,ZFH2
2022-01-14 16:00:00+00:00,34,1,291911,119.6796875,119.7109375,119.609375,119.6328125,73311,ZFH2
2022-01-14 17:00:00+00:00,34,1,291911,119.6328125,119.640625,119.5,119.5078125,116497,ZFH2
2022-01-14 18:00:00+00:00,34,1,291911,119.5078125,119.5703125,119.5,119.53125,66674,ZFH2
2022-01-14 19:00:00+00:00,34,1,291911,119.53125,119.5390625,119.5,119.515625,43176,ZFH2
2022-01-14 20:00:00+00:00,34,1,291911,119.5234375,119.5234375,119.4765625,119.484375,57449,ZFH2
2022-01-14 21:00:00+00:00,34,1,291911,119.484375,119.4921875,119.453125,119.4609375,39205,ZFH2
2022-01-16 23:00:00+00:00,34,1,291911,119.4609375,119.4609375,119.3125,119.3203125,21242,ZFH2
2022-01-17 00:00:00+00:00,34,1,291911,119.3203125,119.359375,119.2734375,119.2890625,15698,ZFH2
2022-01-17 01:00:00+00:00,34,1,291911,119.2890625,119.3046875,119.1875,119.2578125,16894,ZFH2
2022-01-17 02:00:00+00:00,34,1,291911,119.2578125,119.3125,119.25,119.2734375,7040,ZFH2
2022-01-17 03:00:00+00:00,34,1,291911,119.2734375,119.3046875,119.265625,119.2890625,4390,ZFH2
2022-01-17 04:00:00+00:00,34,1,291911,119.2890625,119.328125,119.2734375,119.3203125,2879,ZFH2
2022-01-17 05:00:00+00:00,34,1,291911,119.328125,119.3359375,119.3046875,119.3203125,2766,ZFH2
2022-01-17 06:00:00+00:00,34,1,291911,119.3203125,119.3359375,119.3046875,119.3203125,3031,ZFH2
2022-01-17 07:00:00+00:00,34,1,291911,119.3203125,119.34375,119.3125,119.328125,9172,ZFH2
2022-01-17 08:00:00+00:00,34,1,291911,119.3359375,119.3671875,119.3359375,119.34375,7363,ZFH2
2022-01-17 09:00:00+00:00,34,1,291911,119.3515625,119.359375,119.21875,119.2421875,22540,ZFH2
2022-01-17 10:00:00+00:00,34,1,291911,119.2421875,119.28125,119.2265625,119.2578125,5858,ZFH2
2022-01-17 11:00:00+00:00,34,1,291911,119.265625,119.2734375,119.21875,119.2421875,11440,ZFH2
2022-01-17 12:00:00+00:00,34,1,291911,119.25,119.265625,119.234375,119.2421875,11847,ZFH2
2022-01-17 13:00:00+00:00,34,1,291911,119.2421875,119.2734375,119.21875,119.2265625,16668,ZFH2
2022-01-17 14:00:00+00:00,34,1,291911,119.2265625,119.2421875,119.1875,119.203125,6501,ZFH2
2022-01-17 15:00:00+00:00,34,1,291911,119.203125,119.2109375,119.1875,119.2109375,7186,ZFH2
2022-01-17 16:00:00+00:00,34,1,291911,119.2109375,119.234375,119.1953125,119.234375,6908,ZFH2
2022-01-17 17:00:00+00:00,34,1,291911,119.2265625,119.234375,119.203125,119.21875,5523,ZFH2
2022-01-17 23:00:00+00:00,34,1,291911,119.2109375,119.28125,119.2109375,119.2734375,6551,ZFH2
2022-01-18 00:00:00+00:00,34,1,291911,119.28125,119.2890625,119.234375,119.25,7538,ZFH2
2022-01-18 01:00:00+00:00,34,1,291911,119.2421875,119.2421875,119.1875,119.2265625,21565,ZFH2
2022-01-18 02:00:00+00:00,34,1,291911,119.234375,119.234375,119.171875,119.1796875,11178,ZFH2
2022-01-18 03:00:00+00:00,34,1,291911,119.1796875,119.1875,118.9765625,119.015625,37232,ZFH2
2022-01-18 04:00:00+00:00,34,1,291911,119.0234375,119.1015625,119.015625,119.0859375,24485,ZFH2
2022-01-18 05:00:00+00:00,34,1,291911,119.0859375,119.09375,119.046875,119.046875,13653,ZFH2
2022-01-18 06:00:00+00:00,34,1,291911,119.046875,119.1015625,119.0078125,119.09375,21144,ZFH2
2022-01-18 07:00:00+00:00,34,1,291911,119.1015625,119.1484375,119.0390625,119.125,41849,ZFH2
2022-01-18 08:00:00+00:00,34,1,291911,119.1328125,119.15625,119.03125,119.046875,56940,ZFH2
2022-01-18 09:00:00+00:00,34,1,291911,119.046875,119.078125,119.015625,119.0703125,38383,ZFH2
2022-01-18 10:00:00+00:00,34,1,291911,119.0703125,119.1171875,119.0625,119.0703125,36696,ZFH2
2022-01-18 11:00:00+00:00,34,1,291911,119.0703125,119.1640625,119.046875,119.15625,43724,ZFH2
2022-01-18 12:00:00+00:00,34,1,291911,119.15625,119.234375,119.1328125,119.2109375,47518,ZFH2
2022-01-18 13:00:00+00:00,34,1,291911,119.21875,119.25,119.1171875,119.203125,106032,ZFH2
2022-01-18 14:00:00+00:00,34,1,291911,119.1953125,119.203125,119.09375,119.15625,161880,ZFH2
2022-01-18 15:00:00+00:00,34,1,291911,119.1640625,119.1875,119.0859375,119.1796875,138898,ZFH2
2022-01-18 16:00:00+00:00,34,1,291911,119.1796875,119.1875,119.0625,119.1015625,67436,ZFH2
2022-01-18 17:00:00+00:00,34,1,291911,119.1015625,119.1015625,118.96875,119.0078125,83221,ZFH2
2022-01-18 18:00:00+00:00,34,1,291911,119.015625,119.0625,119.0,119.0546875,54590,ZFH2
2022-01-18 19:00:00+00:00,34,1,291911,119.0546875,119.125,119.0,119.0078125,85333,ZFH2
2022-01-18 20:00:00+00:00,34,1,291911,119.0,119.03125,118.96875,118.984375,72034,ZFH2
2022-01-18 21:00:00+00:00,34,1,291911,118.9921875,119.0,118.9375,118.9609375,53363,ZFH2
2022-01-18 23:00:00+00:00,34,1,291911,118.953125,118.9921875,118.953125,118.9921875,4666,ZFH2
2022-01-19 00:00:00+00:00,34,1,291911,118.984375,118.984375,118.90625,118.953125,20612,ZFH2
2022-01-19 01:00:00+00:00,34,1,291911,118.953125,118.953125,118.8671875,118.8984375,16523,ZFH2
2022-01-19 02:00:00+00:00,34,1,291911,118.890625,118.890625,118.8125,118.828125,23039,ZFH2
2022-01-19 03:00:00+00:00,34,1,291911,118.828125,118.875,118.8203125,118.859375,8617,ZFH2
2022-01-19 04:00:00+00:00,34,1,291911,118.8515625,118.8671875,118.8359375,118.859375,9005,ZFH2
2022-01-19 05:00:00+00:00,34,1,291911,118.859375,118.9140625,118.859375,118.875,10966,ZFH2
2022-01-19 06:00:00+00:00,34,1,291911,118.875,118.9375,118.8671875,118.8828125,10553,ZFH2
2022-01-19 07:00:00+00:00,34,1,291911,118.875,118.8828125,118.796875,118.8203125,35443,ZFH2
2022-01-19 08:00:00+00:00,34,1,291911,118.8203125,118.890625,118.7890625,118.859375,43969,ZFH2
2022-01-19 09:00:00+00:00,34,1,291911,118.859375,118.8828125,118.828125,118.875,23912,ZFH2
2022-01-19 10:00:00+00:00,34,1,291911,118.875,118.9140625,118.8671875,118.9140625,28366,ZFH2
2022-01-19 11:00:00+00:00,34,1,291911,118.9140625,118.9296875,118.875,118.8984375,21254,ZFH2
2022-01-19 12:00:00+00:00,34,1,291911,118.8984375,118.9609375,118.890625,118.9375,32928,ZFH2
2022-01-19 13:00:00+00:00,34,1,291911,118.9453125,119.0859375,118.9453125,119.0703125,123863,ZFH2
2022-01-19 14:00:00+00:00,34,1,291911,119.0703125,119.203125,119.03125,119.171875,153064,ZFH2
2022-01-19 15:00:00+00:00,34,1,291911,119.171875,119.2421875,119.09375,119.15625,129845,ZFH2
2022-01-19 16:00:00+00:00,34,1,291911,119.15625,119.234375,119.140625,119.1953125,76726,ZFH2
2022-01-19 17:00:00+00:00,34,1,291911,119.1953125,119.2421875,119.171875,119.1796875,54018,ZFH2
2022-01-19 18:00:00+00:00,34,1,291911,119.1796875,119.2421875,119.1640625,119.1953125,54852,ZFH2
2022-01-19 19:00:00+00:00,34,1,291911,119.1953125,119.2421875,119.1875,119.2109375,78660,ZFH2
2022-01-19 20:00:00+00:00,34,1,291911,119.2109375,119.2109375,119.125,119.1328125,64565,ZFH2
2022-01-19 21:00:00+00:00,34,1,291911,119.1328125,119.140625,119.0,119.0078125,61838,ZFH2
2022-01-19 23:00:00+00:00,34,1,291911,118.984375,119.0390625,118.9140625,119.0234375,14396,ZFH2
2022-01-20 00:00:00+00:00,34,1,291911,119.015625,119.09375,118.96875,119.09375,14429,ZFH2
2022-01-20 01:00:00+00:00,34,1,291911,119.09375,119.171875,119.0859375,119.1171875,13511,ZFH2
2022-01-20 02:00:00+00:00,34,1,291911,119.1171875,119.1171875,119.015625,119.0546875,12898,ZFH2
2022-01-20 03:00:00+00:00,34,1,291911,119.0546875,119.0703125,119.046875,119.0546875,3543,ZFH2
2022-01-20 04:00:00+00:00,34,1,291911,119.0546875,119.0546875,119.03125,119.046875,4531,ZFH2
2022-01-20 05:00:00+00:00,34,1,291911,119.046875,119.046875,119.0078125,119.015625,5317,ZFH2
2022-01-20 06:00:00+00:00,34,1,291911,119.015625,119.0703125,119.015625,119.0625,4517,ZFH2
2022-01-20 07:00:00+00:00,34,1,291911,119.0625,119.1171875,118.984375,119.09375,21476,ZFH2
2022-01-20 08:00:00+00:00,34,1,291911,119.0859375,119.1171875,119.078125,119.1171875,17619,ZFH2
2022-01-20 09:00:00+00:00,34,1,291911,119.125,119.1640625,119.109375,119.1484375,24926,ZFH2
2022-01-20 10:00:00+00:00,34,1,291911,119.1484375,119.1875,119.140625,119.140625,13027,ZFH2
2022-01-20 11:00:00+00:00,34,1,291911,119.140625,119.1953125,119.1328125,119.1640625,26039,ZFH2
2022-01-20 12:00:00+00:00,34,1,291911,119.1640625,119.203125,119.09375,119.1875,37987,ZFH2
2022-01-20 13:00:00+00:00,34,1,291911,119.1875,119.2890625,119.1796875,119.234375,103215,ZFH2
2022-01-20 14:00:00+00:00,34,1,291911,119.234375,119.25,119.1875,119.21875,74528,ZFH2
2022-01-20 15:00:00+00:00,34,1,291911,119.21875,119.234375,119.15625,119.203125,71334,ZFH2
2022-01-20 16:00:00+00:00,34,1,291911,119.1953125,119.2265625,119.171875,119.203125,54711,ZFH2
2022-01-20 17:00:00+00:00,34,1,291911,119.1953125,119.21875,119.1796875,119.1875,47715,ZFH2
2022-01-20 18:00:00+00:00,34,1,291911,119.1875,119.203125,119.1484375,119.1875,58857,ZFH2
2022-01-20 19:00:00+00:00,34,1,291911,119.1875,119.203125,119.1640625,119.171875,50056,ZFH2
2022-01-20 20:00:00+00:00,34,1,291911,119.171875,119.21875,119.171875,119.21875,55011,ZFH2
2022-01-20 21:00:00+00:00,34,1,291911,119.2109375,119.34375,119.2109375,119.3203125,69988,ZFH2
2022-01-20 23:00:00+00:00,34,1,291911,119.3046875,119.4453125,119.296875,119.3984375,31769,ZFH2
2022-01-21 00:00:00+00:00,34,1,291911,119.390625,119.5234375,119.390625,119.5,41027,ZFH2
2022-01-21 01:00:00+00:00,34,1,291911,119.5,119.5546875,119.46875,119.5234375,28271,ZFH2
2022-01-21 02:00:00+00:00,34,1,291911,119.5234375,119.5234375,119.4296875,119.4921875,24714,ZFH2
2022-01-21 03:00:00+00:00,34,1,291911,119.4921875,119.5234375,119.46875,119.4765625,7687,ZFH2
2022-01-21 04:00:00+00:00,34,1,291911,119.4765625,119.484375,119.4453125,119.46875,10676,ZFH2
2022-01-21 05:00:00+00:00,34,1,291911,119.4765625,119.484375,119.421875,119.4375,11472,ZFH2
2022-01-21 06:00:00+00:00,34,1,291911,119.4375,119.453125,119.3828125,119.40625,13351,ZFH2
2022-01-21 07:00:00+00:00,34,1,291911,119.4140625,119.4453125,119.3828125,119.421875,20944,ZFH2
2022-01-21 08:00:00+00:00,34,1,291911,119.421875,119.4296875,119.3359375,119.3515625,32819,ZFH2
2022-01-21 09:00:00+00:00,34,1,291911,119.3515625,119.421875,119.3515625,119.3828125,21470,ZFH2
2022-01-21 10:00:00+00:00,34,1,291911,119.375,119.4140625,119.3515625,119.359375,13130,ZFH2
2022-01-21 11:00:00+00:00,34,1,291911,119.359375,119.390625,119.34375,119.3671875,24552,ZFH2
2022-01-21 12:00:00+00:00,34,1,291911,119.359375,119.4375,119.328125,119.4296875,44957,ZFH2
2022-01-21 13:00:00+00:00,34,1,291911,119.421875,119.53125,119.40625,119.5234375,143078,ZFH2
2022-01-21 14:00:00+00:00,34,1,291911,119.5234375,119.5859375,119.515625,119.5625,166570,ZFH2
2022-01-21 15:00:00+00:00,34,1,291911,119.5703125,119.640625,119.5,119.53125,146647,ZFH2
2022-01-21 16:00:00+00:00,34,1,291911,119.53125,119.546875,119.4375,119.484375,80365,ZFH2
2022-01-21 17:00:00+00:00,34,1,291911,119.4921875,119.53125,119.4765625,119.53125,44089,ZFH2
2022-01-21 18:00:00+00:00,34,1,291911,119.53125,119.5390625,119.4921875,119.5234375,36381,ZFH2
2022-01-21 19:00:00+00:00,34,1,291911,119.53125,119.5703125,119.4921875,119.5546875,56205,ZFH2
2022-01-21 20:00:00+00:00,34,1,291911,119.5625,119.6015625,119.5078125,119.5234375,70106,ZFH2
2022-01-21 21:00:00+00:00,34,1,291911,119.515625,119.5234375,119.390625,119.484375,47533,ZFH2
2022-01-23 23:00:00+00:00,34,1,291911,119.5,119.515625,119.3046875,119.3984375,31833,ZFH2
2022-01-24 00:00:00+00:00,34,1,291911,119.3984375,119.421875,119.359375,119.3828125,9206,ZFH2
2022-01-24 01:00:00+00:00,34,1,291911,119.3828125,119.390625,119.3125,119.3359375,15494,ZFH2
2022-01-24 02:00:00+00:00,34,1,291911,119.328125,119.3828125,119.3203125,119.359375,6147,ZFH2
2022-01-24 03:00:00+00:00,34,1,291911,119.359375,119.3828125,119.3359375,119.3515625,7886,ZFH2
2022-01-24 04:00:00+00:00,34,1,291911,119.34375,119.3671875,119.34375,119.359375,3129,ZFH2
2022-01-24 05:00:00+00:00,34,1,291911,119.3515625,119.3671875,119.34375,119.359375,2370,ZFH2
2022-01-24 06:00:00+00:00,34,1,291911,119.359375,119.4140625,119.359375,119.40625,8821,ZFH2
2022-01-24 07:00:00+00:00,34,1,291911,119.40625,119.453125,119.3984375,119.4375,25775,ZFH2
2022-01-24 08:00:00+00:00,34,1,291911,119.4375,119.53125,119.421875,119.515625,47357,ZFH2
2022-01-24 09:00:00+00:00,34,1,291911,119.515625,119.6171875,119.5078125,119.5546875,44826,ZFH2
2022-01-24 10:00:00+00:00,34,1,291911,119.5546875,119.625,119.5546875,119.6015625,29478,ZFH2
2022-01-24 11:00:00+00:00,34,1,291911,119.6015625,119.609375,119.515625,119.53125,26303,ZFH2
2022-01-24 12:00:00+00:00,34,1,291911,119.53125,119.5703125,119.53125,119.546875,20182,ZFH2
2022-01-24 13:00:00+00:00,34,1,291911,119.5546875,119.6796875,119.5390625,119.6484375,86913,ZFH2
2022-01-24 14:00:00+00:00,34,1,291911,119.6484375,119.734375,119.640625,119.7109375,114324,ZFH2
2022-01-24 15:00:00+00:00,34,1,291911,119.7109375,119.75,119.640625,119.6640625,142315,ZFH2
2022-01-24 16:00:00+00:00,34,1,291911,119.6640625,119.6953125,119.6328125,119.65625,92740,ZFH2
2022-01-24 17:00:00+00:00,34,1,291911,119.65625,119.734375,119.640625,119.7265625,106187,ZFH2
2022-01-24 18:00:00+00:00,34,1,291911,119.7265625,119.8359375,119.7109375,119.7578125,168836,ZFH2
2022-01-24 19:00:00+00:00,34,1,291911,119.75,119.796875,119.7265625,119.7421875,123982,ZFH2
2022-01-24 20:00:00+00:00,34,1,291911,119.734375,119.75,119.578125,119.609375,134694,ZFH2
2022-01-24 21:00:00+00:00,34,1,291911,119.6015625,119.6171875,119.5546875,119.5703125,62172,ZFH2
2022-01-24 23:00:00+00:00,34,1,291911,119.578125,119.59375,119.53125,119.578125,12968,ZFH2
2022-01-25 00:00:00+00:00,34,1,291911,119.5703125,119.59375,119.5,119.5546875,20366,ZFH2
2022-01-25 01:00:00+00:00,34,1,291911,119.5546875,119.625,119.5546875,119.5703125,15724,ZFH2
2022-01-25 02:00:00+00:00,34,1,291911,119.5703125,119.6015625,119.5234375,119.5234375,8779,ZFH2
2022-01-25 03:00:00+00:00,34,1,291911,119.53125,119.5546875,119.5234375,119.5546875,5107,ZFH2
2022-01-25 04:00:00+00:00,34,1,291911,119.5546875,119.6015625,119.5546875,119.5859375,6611,ZFH2
2022-01-25 05:00:00+00:00,34,1,291911,119.5859375,119.6015625,119.5625,119.5625,4158,ZFH2
2022-01-25 06:00:00+00:00,34,1,291911,119.5625,119.5859375,119.5390625,119.5546875,7169,ZFH2
2022-01-25 07:00:00+00:00,34,1,291911,119.5546875,119.6328125,119.5234375,119.6015625,25066,ZFH2
2022-01-25 08:00:00+00:00,34,1,291911,119.609375,119.6171875,119.5078125,119.515625,49839,ZFH2
2022-01-25 09:00:00+00:00,34,1,291911,119.515625,119.53125,119.4375,119.4609375,46845,ZFH2
2022-01-25 10:00:00+00:00,34,1,291911,119.4609375,119.5078125,119.4609375,119.46875,24178,ZFH2
2022-01-25 11:00:00+00:00,34,1,291911,119.46875,119.5546875,119.4375,119.515625,28522,ZFH2
2022-01-25 12:00:00+00:00,34,1,291911,119.515625,119.5859375,119.4921875,119.578125,46104,ZFH2
2022-01-25 13:00:00+00:00,34,1,291911,119.578125,119.6328125,119.5390625,119.609375,86193,ZFH2
2022-01-25 14:00:00+00:00,34,1,291911,119.609375,119.7265625,119.59375,119.7109375,98122,ZFH2
2022-01-25 15:00:00+00:00,34,1,291911,119.7109375,119.7265625,119.6015625,119.6328125,148360,ZFH2
2022-01-25 16:00:00+00:00,34,1,291911,119.625,119.65625,119.5703125,119.609375,103004,ZFH2
2022-01-25 17:00:00+00:00,34,1,291911,119.609375,119.6640625,119.578125,119.625,73507,ZFH2
2022-01-25 18:00:00+00:00,34,1,291911,119.6171875,119.6953125,119.484375,119.5078125,126098,ZFH2
2022-01-25 19:00:00+00:00,34,1,291911,119.5078125,119.5546875,119.484375,119.484375,82468,ZFH2
2022-01-25 20:00:00+00:00,34,1,291911,119.4921875,119.5078125,119.4609375,119.4921875,63337,ZFH2
2022-01-25 21:00:00+00:00,34,1,291911,119.484375,119.5390625,119.453125,119.53125,40846,ZFH2
2022-01-25 23:00:00+00:00,34,1,291911,119.515625,119.5390625,119.46875,119.515625,8631,ZFH2
2022-01-26 00:00:00+00:00,34,1,291911,119.515625,119.5234375,119.484375,119.5,3967,ZFH2
2022-01-26 01:00:00+00:00,34,1,291911,119.5078125,119.5078125,119.4765625,119.484375,4909,ZFH2
2022-01-26 02:00:00+00:00,34,1,291911,119.484375,119.5,119.4765625,119.5,3860,ZFH2
2022-01-26 03:00:00+00:00,34,1,291911,119.5,119.515625,119.4921875,119.5078125,3776,ZFH2
2022-01-26 04:00:00+00:00,34,1,291911,119.5078125,119.515625,119.484375,119.5078125,2653,ZFH2
2022-01-26 05:00:00+00:00,34,1,291911,119.515625,119.515625,119.5,119.515625,3871,ZFH2
2022-01-26 06:00:00+00:00,34,1,291911,119.515625,119.5390625,119.4921875,119.4921875,6790,ZFH2
2022-01-26 07:00:00+00:00,34,1,291911,119.5,119.5390625,119.4765625,119.484375,11545,ZFH2
2022-01-26 08:00:00+00:00,34,1,291911,119.484375,119.5078125,119.4453125,119.4609375,16854,ZFH2
2022-01-26 09:00:00+00:00,34,1,291911,119.4609375,119.5078125,119.4375,119.484375,15566,ZFH2
2022-01-26 10:00:00+00:00,34,1,291911,119.4921875,119.4921875,119.4453125,119.46875,10374,ZFH2
2022-01-26 11:00:00+00:00,34,1,291911,119.4609375,119.46875,119.4296875,119.4375,21237,ZFH2
2022-01-26 12:00:00+00:00,34,1,291911,119.4375,119.484375,119.4140625,119.484375,28869,ZFH2
2022-01-26 13:00:00+00:00,34,1,291911,119.484375,119.5390625,119.4609375,119.5,54984,ZFH2
2022-01-26 14:00:00+00:00,34,1,291911,119.5,119.5703125,119.421875,119.4375,76683,ZFH2
2022-01-26 15:00:00+00:00,34,1,291911,119.4375,119.59375,119.4375,119.5234375,102779,ZFH2
2022-01-26 16:00:00+00:00,34,1,291911,119.5234375,119.53125,119.453125,119.5,54606,ZFH2
2022-01-26 17:00:00+00:00,34,1,291911,119.5,119.515625,119.46875,119.4921875,32351,ZFH2
2022-01-26 18:00:00+00:00,34,1,291911,119.4921875,119.5703125,119.4765625,119.515625,54040,ZFH2
2022-01-26 19:00:00+00:00,34,1,291911,119.515625,119.578125,119.0546875,119.125,295759,ZFH2
2022-01-26 20:00:00+00:00,34,1,291911,119.1171875,119.1953125,118.921875,118.9453125,266189,ZFH2
2022-01-26 21:00:00+00:00,34,1,291911,118.9453125,118.9609375,118.8359375,118.890625,93617,ZFH2
2022-01-26 23:00:00+00:00,34,1,291911,118.921875,118.9375,118.875,118.9140625,19717,ZFH2
2022-01-27 00:00:00+00:00,34,1,291911,118.9140625,118.953125,118.890625,118.921875,12777,ZFH2
2022-01-27 01:00:00+00:00,34,1,291911,118.921875,118.953125,118.8515625,118.859375,21606,ZFH2
2022-01-27 02:00:00+00:00,34,1,291911,118.859375,118.890625,118.796875,118.875,22907,ZFH2
2022-01-27 03:00:00+00:00,34,1,291911,118.875,118.8984375,118.828125,118.8984375,19576,ZFH2
2022-01-27 04:00:00+00:00,34,1,291911,118.8984375,118.921875,118.8828125,118.90625,8385,ZFH2
2022-01-27 05:00:00+00:00,34,1,291911,118.90625,118.921875,118.8984375,118.90625,9795,ZFH2
2022-01-27 06:00:00+00:00,34,1,291911,118.90625,118.953125,118.8671875,118.9453125,15477,ZFH2
2022-01-27 07:00:00+00:00,34,1,291911,118.953125,118.9921875,118.90625,118.90625,31062,ZFH2
2022-01-27 08:00:00+00:00,34,1,291911,118.9140625,118.9140625,118.8046875,118.859375,84120,ZFH2
2022-01-27 09:00:00+00:00,34,1,291911,118.8671875,118.890625,118.8046875,118.875,50207,ZFH2
2022-01-27 10:00:00+00:00,34,1,291911,118.8671875,118.9296875,118.859375,118.859375,41585,ZFH2
2022-01-27 11:00:00+00:00,34,1,291911,118.859375,118.9609375,118.84375,118.9375,32703,ZFH2
2022-01-27 12:00:00+00:00,34,1,291911,118.9453125,118.984375,118.8125,118.828125,78045,ZFH2
2022-01-27 13:00:00+00:00,34,1,291911,118.828125,118.9375,118.796875,118.9296875,133306,ZFH2
2022-01-27 14:00:00+00:00,34,1,291911,118.921875,119.03125,118.859375,119.015625,143201,ZFH2
2022-01-27 15:00:00+00:00,34,1,291911,119.0078125,119.0859375,118.984375,118.9921875,132562,ZFH2
2022-01-27 16:00:00+00:00,34,1,291911,119.0,119.015625,118.953125,118.96875,89643,ZFH2
2022-01-27 17:00:00+00:00,34,1,291911,118.96875,119.1171875,118.96875,119.046875,83108,ZFH2
2022-01-27 18:00:00+00:00,34,1,291911,119.0390625,119.109375,119.0078125,119.0859375,77575,ZFH2
2022-01-27 19:00:00+00:00,34,1,291911,119.09375,119.09375,118.9375,118.9453125,78493,ZFH2
2022-01-27 20:00:00+00:00,34,1,291911,118.9453125,118.9921875,118.9296875,118.96875,84268,ZFH2
2022-01-27 21:00:00+00:00,34,1,291911,118.9609375,118.984375,118.9296875,118.9609375,50510,ZFH2
2022-01-27 23:00:00+00:00,34,1,291911,118.953125,118.9921875,118.9140625,118.9765625,9084,ZFH2
2022-01-28 00:00:00+00:00,34,1,291911,118.96875,118.96875,118.9140625,118.921875,6833,ZFH2
2022-01-28 01:00:00+00:00,34,1,291911,118.9296875,118.9609375,118.921875,118.9296875,5843,ZFH2
2022-01-28 02:00:00+00:00,34,1,291911,118.9296875,118.9375,118.8984375,118.921875,4650,ZFH2
2022-01-28 03:00:00+00:00,34,1,291911,118.921875,118.9375,118.890625,118.90625,4779,ZFH2
2022-01-28 04:00:00+00:00,34,1,291911,118.8984375,118.9375,118.890625,118.9296875,8825,ZFH2
2022-01-28 05:00:00+00:00,34,1,291911,118.9375,118.9375,118.9140625,118.9140625,4252,ZFH2
2022-01-28 06:00:00+00:00,34,1,291911,118.9140625,118.9296875,118.890625,118.8984375,11105,ZFH2
2022-01-28 07:00:00+00:00,34,1,291911,118.90625,118.90625,118.8125,118.828125,25377,ZFH2
2022-01-28 08:00:00+00:00,34,1,291911,118.8203125,118.90625,118.8125,118.8828125,30095,ZFH2
2022-01-28 09:00:00+00:00,34,1,291911,118.8828125,118.8984375,118.84375,118.859375,16597,ZFH2
2022-01-28 10:00:00+00:00,34,1,291911,118.859375,118.875,118.828125,118.84375,18852,ZFH2
2022-01-28 11:00:00+00:00,34,1,291911,118.8515625,118.859375,118.796875,118.8203125,27810,ZFH2
2022-01-28 12:00:00+00:00,34,1,291911,118.8125,118.8359375,118.78125,118.8046875,35843,ZFH2
2022-01-28 13:00:00+00:00,34,1,291911,118.8046875,119.0703125,118.765625,118.9765625,211432,ZFH2
2022-01-28 14:00:00+00:00,34,1,291911,118.96875,119.1171875,118.90625,119.1171875,129368,ZFH2
2022-01-28 15:00:00+00:00,34,1,291911,119.109375,119.1796875,119.03125,119.1484375,119425,ZFH2
2022-01-28 16:00:00+00:00,34,1,291911,119.1484375,119.203125,119.109375,119.1796875,99220,ZFH2
2022-01-28 17:00:00+00:00,34,1,291911,119.1875,119.203125,119.15625,119.171875,73089,ZFH2
2022-01-28 18:00:00+00:00,34,1,291911,119.171875,119.1796875,119.1171875,119.1171875,49466,ZFH2
2022-01-28 19:00:00+00:00,34,1,291911,119.125,119.1796875,119.1171875,119.1640625,65396,ZFH2
2022-01-28 20:00:00+00:00,34,1,291911,119.1640625,119.21875,119.15625,119.1796875,68509,ZFH2
2022-01-28 21:00:00+00:00,34,1,291911,119.171875,119.21875,119.1484375,119.2109375,27608,ZFH2
2022-01-30 23:00:00+00:00,34,1,291911,119.125,119.1328125,119.0,119.09375,31612,ZFH2
2022-01-31 00:00:00+00:00,34,1,291911,119.09375,119.1171875,119.0625,119.078125,10929,ZFH2
2022-01-31 01:00:00+00:00,34,1,291911,119.078125,119.0859375,119.046875,119.078125,5357,ZFH2
2022-01-31 02:00:00+00:00,34,1,291911,119.0703125,119.09375,119.0625,119.078125,5581,ZFH2
2022-01-31 03:00:00+00:00,34,1,291911,119.078125,119.109375,119.0703125,119.0859375,5043,ZFH2
2022-01-31 04:00:00+00:00,34,1,291911,119.09375,119.109375,119.0625,119.0859375,5721,ZFH2
2022-01-31 05:00:00+00:00,34,1,291911,119.0859375,119.1015625,119.0625,119.0859375,6196,ZFH2
2022-01-31 06:00:00+00:00,34,1,291911,119.0859375,119.09375,119.0546875,119.078125,8068,ZFH2
2022-01-31 07:00:00+00:00,34,1,291911,119.078125,119.125,119.0625,119.1015625,14376,ZFH2
2022-01-31 08:00:00+00:00,34,1,291911,119.1015625,119.1484375,119.0703125,119.09375,20208,ZFH2
2022-01-31 09:00:00+00:00,34,1,291911,119.09375,119.1328125,119.09375,119.109375,13328,ZFH2
2022-01-31 10:00:00+00:00,34,1,291911,119.1015625,119.109375,119.03125,119.0859375,30894,ZFH2
2022-01-31 11:00:00+00:00,34,1,291911,119.0859375,119.125,119.078125,119.109375,11757,ZFH2
2022-01-31 12:00:00+00:00,34,1,291911,119.109375,119.1484375,119.0546875,119.078125,38794,ZFH2
2022-01-31 13:00:00+00:00,34,1,291911,119.0703125,119.15625,119.015625,119.1484375,112337,ZFH2
2022-01-31 14:00:00+00:00,34,1,291911,119.15625,119.171875,119.0703125,119.1015625,99025,ZFH2
2022-01-31 15:00:00+00:00,34,1,291911,119.09375,119.1640625,119.0703125,119.15625,123329,ZFH2
2022-01-31 16:00:00+00:00,34,1,291911,119.15625,119.1796875,119.09375,119.1796875,101265,ZFH2
2022-01-31 17:00:00+00:00,34,1,291911,119.1796875,119.1953125,119.1328125,119.1640625,81496,ZFH2
2022-01-31 18:00:00+00:00,34,1,291911,119.171875,119.234375,119.1484375,119.2109375,86464,ZFH2
2022-01-31 19:00:00+00:00,34,1,291911,119.2109375,119.25,119.1875,119.1953125,102048,ZFH2
2022-01-31 20:00:00+00:00,34,1,291911,119.1875,119.2421875,119.140625,119.234375,269799,ZFH2
2022-01-31 21:00:00+00:00,34,1,291911,119.234375,119.25,119.1875,119.2265625,113079,ZFH2
2022-01-31 23:00:00+00:00,34,1,291911,119.21875,119.234375,119.1796875,119.1953125,5248,ZFH2
2022-02-01 00:00:00+00:00,34,1,291911,119.1953125,119.1953125,119.15625,119.171875,4922,ZFH2
2022-02-01 01:00:00+00:00,34,1,291911,119.171875,119.2578125,119.1640625,119.25,16562,ZFH2
2022-02-01 02:00:00+00:00,34,1,291911,119.2421875,119.25,119.21875,119.25,4199,ZFH2
2022-02-01 03:00:00+00:00,34,1,291911,119.25,119.2734375,119.21875,119.265625,10895,ZFH2
2022-02-01 04:00:00+00:00,34,1,291911,119.2734375,119.2890625,119.25,119.2734375,6216,ZFH2
2022-02-01 05:00:00+00:00,34,1,291911,119.2734375,119.28125,119.2578125,119.265625,2239,ZFH2
2022-02-01 06:00:00+00:00,34,1,291911,119.265625,119.265625,119.2265625,119.2265625,6616,ZFH2
2022-02-01 07:00:00+00:00,34,1,291911,119.2265625,119.2734375,119.1953125,119.21875,17216,ZFH2
2022-02-01 08:00:00+00:00,34,1,291911,119.21875,119.25,119.1484375,119.25,27531,ZFH2
2022-02-01 09:00:00+00:00,34,1,291911,119.25,119.359375,119.25,119.3359375,52082,ZFH2
2022-02-01 10:00:00+00:00,34,1,291911,119.34375,119.3515625,119.296875,119.3125,12899,ZFH2
2022-02-01 11:00:00+00:00,34,1,291911,119.3125,119.359375,119.3046875,119.34375,16866,ZFH2
2022-02-01 12:00:00+00:00,34,1,291911,119.3359375,119.4375,119.3359375,119.3671875,63406,ZFH2
2022-02-01 13:00:00+00:00,34,1,291911,119.3671875,119.3828125,119.265625,119.296875,83787,ZFH2
2022-02-01 14:00:00+00:00,34,1,291911,119.2890625,119.3046875,119.1484375,119.1875,97579,ZFH2
2022-02-01 15:00:00+00:00,34,1,291911,119.1875,119.2265625,119.0,119.09375,147975,ZFH2
2022-02-01 16:00:00+00:00,34,1,291911,119.09375,119.15625,119.0859375,119.1171875,51494,ZFH2
2022-02-01 17:00:00+00:00,34,1,291911,119.1171875,119.25,119.109375,119.1953125,63230,ZFH2
2022-02-01 18:00:00+00:00,34,1,291911,119.1953125,119.234375,119.1875,119.1953125,42939,ZFH2
2022-02-01 19:00:00+00:00,34,1,291911,119.1953125,119.2109375,119.1171875,119.15625,69840,ZFH2
2022-02-01 20:00:00+00:00,34,1,291911,119.1484375,119.171875,119.09375,119.1171875,72709,ZFH2
2022-02-01 21:00:00+00:00,34,1,291911,119.1171875,119.1875,119.109375,119.1640625,52105,ZFH2
2022-02-01 23:00:00+00:00,34,1,291911,119.1640625,119.1640625,119.109375,119.1484375,5570,ZFH2
2022-02-02 00:00:00+00:00,34,1,291911,119.1484375,119.171875,119.140625,119.171875,3973,ZFH2
2022-02-02 01:00:00+00:00,34,1,291911,119.171875,119.2109375,119.1640625,119.1875,3470,ZFH2
2022-02-02 02:00:00+00:00,34,1,291911,119.1875,119.1875,119.1640625,119.1875,1818,ZFH2
2022-02-02 03:00:00+00:00,34,1,291911,119.1875,119.1953125,119.171875,119.171875,2466,ZFH2
2022-02-02 04:00:00+00:00,34,1,291911,119.171875,119.203125,119.1640625,119.1640625,4708,ZFH2
2022-02-02 05:00:00+00:00,34,1,291911,119.171875,119.1796875,119.15625,119.1796875,2117,ZFH2
2022-02-02 06:00:00+00:00,34,1,291911,119.171875,119.1875,119.1640625,119.1796875,2562,ZFH2
2022-02-02 07:00:00+00:00,34,1,291911,119.171875,119.1953125,119.140625,119.1953125,13427,ZFH2
2022-02-02 08:00:00+00:00,34,1,291911,119.1875,119.2890625,119.1875,119.2734375,21390,ZFH2
2022-02-02 09:00:00+00:00,34,1,291911,119.28125,119.28125,119.203125,119.2109375,15303,ZFH2
2022-02-02 10:00:00+00:00,34,1,291911,119.2109375,119.21875,119.140625,119.15625,23528,ZFH2
2022-02-02 11:00:00+00:00,34,1,291911,119.15625,119.1796875,119.1484375,119.15625,10503,ZFH2
2022-02-02 12:00:00+00:00,34,1,291911,119.1640625,119.234375,119.1640625,119.2109375,17780,ZFH2
2022-02-02 13:00:00+00:00,34,1,291911,119.203125,119.2890625,119.109375,119.1171875,84720,ZFH2
2022-02-02 14:00:00+00:00,34,1,291911,119.109375,119.328125,119.109375,119.3203125,122684,ZFH2
2022-02-02 15:00:00+00:00,34,1,291911,119.3125,119.3203125,119.21875,119.25,88992,ZFH2
2022-02-02 16:00:00+00:00,34,1,291911,119.2421875,119.359375,119.234375,119.328125,90619,ZFH2
2022-02-02 17:00:00+00:00,34,1,291911,119.328125,119.3671875,119.3125,119.3671875,40156,ZFH2
2022-02-02 18:00:00+00:00,34,1,291911,119.359375,119.3828125,119.2734375,119.2890625,38006,ZFH2
2022-02-02 19:00:00+00:00,34,1,291911,119.2890625,119.296875,119.2578125,119.2890625,36669,ZFH2
2022-02-02 20:00:00+00:00,34,1,291911,119.28125,119.2890625,119.234375,119.2578125,65481,ZFH2
2022-02-02 21:00:00+00:00,34,1,291911,119.25,119.2890625,119.234375,119.2421875,35553,ZFH2
2022-02-02 23:00:00+00:00,34,1,291911,119.2421875,119.3515625,119.234375,119.3515625,12803,ZFH2
2022-02-03 00:00:00+00:00,34,1,291911,119.34375,119.3671875,119.328125,119.3359375,6497,ZFH2
2022-02-03 01:00:00+00:00,34,1,291911,119.328125,119.359375,119.3125,119.3359375,6650,ZFH2
2022-02-03 02:00:00+00:00,34,1,291911,119.34375,119.359375,119.328125,119.328125,3795,ZFH2
2022-02-03 03:00:00+00:00,34,1,291911,119.328125,119.3515625,119.3203125,119.34375,4021,ZFH2
2022-02-03 04:00:00+00:00,34,1,291911,119.34375,119.3515625,119.3203125,119.328125,3881,ZFH2
2022-02-03 05:00:00+00:00,34,1,291911,119.328125,119.34375,119.328125,119.3359375,2549,ZFH2
2022-02-03 06:00:00+00:00,34,1,291911,119.3359375,119.3515625,119.3203125,119.3359375,5629,ZFH2
2022-02-03 07:00:00+00:00,34,1,291911,119.3359375,119.34375,119.3203125,119.3359375,7058,ZFH2
2022-02-03 08:00:00+00:00,34,1,291911,119.3359375,119.34375,119.2890625,119.3359375,20352,ZFH2
2022-02-03 09:00:00+00:00,34,1,291911,119.3359375,119.34375,119.2890625,119.2890625,13041,ZFH2
2022-02-03 10:00:00+00:00,34,1,291911,119.296875,119.3359375,119.2890625,119.328125,11703,ZFH2
2022-02-03 11:00:00+00:00,34,1,291911,119.3203125,119.328125,119.28125,119.296875,7773,ZFH2
2022-02-03 12:00:00+00:00,34,1,291911,119.2890625,119.2890625,119.1171875,119.203125,94764,ZFH2
2022-02-03 13:00:00+00:00,34,1,291911,119.203125,119.2109375,119.03125,119.03125,132602,ZFH2
2022-02-03 14:00:00+00:00,34,1,291911,119.03125,119.078125,118.9609375,118.984375,154637,ZFH2
2022-02-03 15:00:00+00:00,34,1,291911,118.984375,119.0625,118.9375,118.9765625,119298,ZFH2
2022-02-03 16:00:00+00:00,34,1,291911,118.9765625,119.0,118.9140625,118.984375,75809,ZFH2
2022-02-03 17:00:00+00:00,34,1,291911,118.984375,118.9921875,118.921875,118.9375,52952,ZFH2
2022-02-03 18:00:00+00:00,34,1,291911,118.9375,118.984375,118.921875,118.9375,22426,ZFH2
2022-02-03 19:00:00+00:00,34,1,291911,118.9375,119.0078125,118.9296875,118.984375,51452,ZFH2
2022-02-03 20:00:00+00:00,34,1,291911,118.9765625,119.03125,118.9765625,118.984375,49717,ZFH2
2022-02-03 21:00:00+00:00,34,1,291911,118.984375,118.9921875,118.8828125,118.9296875,46668,ZFH2
2022-02-03 23:00:00+00:00,34,1,291911,118.9375,118.96875,118.90625,118.9296875,7091,ZFH2
2022-02-04 00:00:00+00:00,34,1,291911,118.9296875,118.9453125,118.875,118.890625,10090,ZFH2
2022-02-04 01:00:00+00:00,34,1,291911,118.8984375,118.90625,118.84375,118.8984375,11700,ZFH2
2022-02-04 02:00:00+00:00,34,1,291911,118.8984375,118.8984375,118.859375,118.875,6217,ZFH2
2022-02-04 03:00:00+00:00,34,1,291911,118.875,118.8828125,118.8515625,118.859375,4260,ZFH2
2022-02-04 04:00:00+00:00,34,1,291911,118.8671875,118.8828125,118.84375,118.875,3099,ZFH2
2022-02-04 05:00:00+00:00,34,1,291911,118.875,118.875,118.8515625,118.859375,2519,ZFH2
2022-02-04 06:00:00+00:00,34,1,291911,118.8671875,118.90625,118.8671875,118.8984375,7626,ZFH2
2022-02-04 07:00:00+00:00,34,1,291911,118.8984375,118.953125,118.8203125,118.8515625,31544,ZFH2
2022-02-04 08:00:00+00:00,34,1,291911,118.8515625,118.9453125,118.8359375,118.8984375,36508,ZFH2
2022-02-04 09:00:00+00:00,34,1,291911,118.890625,118.9765625,118.890625,118.9375,26239,ZFH2
2022-02-04 10:00:00+00:00,34,1,291911,118.9375,118.9765625,118.9296875,118.9453125,17682,ZFH2
2022-02-04 11:00:00+00:00,34,1,291911,118.953125,118.9765625,118.921875,118.9765625,20589,ZFH2
2022-02-04 12:00:00+00:00,34,1,291911,118.9765625,119.0,118.953125,118.9609375,23961,ZFH2
2022-02-04 13:00:00+00:00,34,1,291911,118.9609375,118.984375,118.4453125,118.4453125,338910,ZFH2
2022-02-04 14:00:00+00:00,34,1,291911,118.453125,118.609375,118.3984375,118.46875,229515,ZFH2
2022-02-04 15:00:00+00:00,34,1,291911,118.4609375,118.53125,118.3671875,118.375,161305,ZFH2
2022-02-04 16:00:00+00:00,34,1,291911,118.375,118.4453125,118.375,118.40625,93323,ZFH2
2022-02-04 17:00:00+00:00,34,1,291911,118.40625,118.4609375,118.34375,118.359375,81772,ZFH2
2022-02-04 18:00:00+00:00,34,1,291911,118.359375,118.3984375,118.34375,118.3515625,54214,ZFH2
2022-02-04 19:00:00+00:00,34,1,291911,118.359375,118.3671875,118.3203125,118.3359375,66697,ZFH2
2022-02-04 20:00:00+00:00,34,1,291911,118.34375,118.40625,118.3359375,118.3984375,51924,ZFH2
2022-02-04 21:00:00+00:00,34,1,291911,118.3984375,118.4296875,118.390625,118.4140625,29193,ZFH2
2022-02-06 23:00:00+00:00,34,1,291911,118.3828125,118.40625,118.2734375,118.390625,28479,ZFH2
2022-02-07 00:00:00+00:00,34,1,291911,118.3984375,118.4375,118.359375,118.3984375,17955,ZFH2
2022-02-07 01:00:00+00:00,34,1,291911,118.40625,118.4375,118.328125,118.390625,15557,ZFH2
2022-02-07 02:00:00+00:00,34,1,291911,118.3828125,118.4140625,118.3515625,118.390625,12587,ZFH2
2022-02-07 03:00:00+00:00,34,1,291911,118.3828125,118.40625,118.3828125,118.3828125,6772,ZFH2
2022-02-07 04:00:00+00:00,34,1,291911,118.3828125,118.4296875,118.3828125,118.4140625,10095,ZFH2
2022-02-07 05:00:00+00:00,34,1,291911,118.4140625,118.453125,118.40625,118.4453125,8104,ZFH2
2022-02-07 06:00:00+00:00,34,1,291911,118.4453125,118.4609375,118.3984375,118.421875,10961,ZFH2
2022-02-07 07:00:00+00:00,34,1,291911,118.421875,118.5078125,118.421875,118.46875,29217,ZFH2
2022-02-07 08:00:00+00:00,34,1,291911,118.4765625,118.5,118.4140625,118.484375,34617,ZFH2
2022-02-07 09:00:00+00:00,34,1,291911,118.484375,118.4921875,118.453125,118.4609375,25731,ZFH2
2022-02-07 10:00:00+00:00,34,1,291911,118.46875,118.4765625,118.4140625,118.421875,21095,ZFH2
2022-02-07 11:00:00+00:00,34,1,291911,118.4296875,118.453125,118.3984375,118.3984375,27798,ZFH2
2022-02-07 12:00:00+00:00,34,1,291911,118.3984375,118.453125,118.3828125,118.4296875,41826,ZFH2
2022-02-07 13:00:00+00:00,34,1,291911,118.4296875,118.5078125,118.3984375,118.40625,102026,ZFH2
2022-02-07 14:00:00+00:00,34,1,291911,118.40625,118.4921875,118.40625,118.40625,75484,ZFH2
2022-02-07 15:00:00+00:00,34,1,291911,118.40625,118.484375,118.359375,118.375,76543,ZFH2
2022-02-07 16:00:00+00:00,34,1,291911,118.375,118.4609375,118.3671875,118.4453125,62601,ZFH2
2022-02-07 17:00:00+00:00,34,1,291911,118.4453125,118.4609375,118.4140625,118.4609375,32512,ZFH2
2022-02-07 18:00:00+00:00,34,1,291911,118.453125,118.484375,118.421875,118.4296875,58231,ZFH2
2022-02-07 19:00:00+00:00,34,1,291911,118.4375,118.5078125,118.421875,118.4609375,52660,ZFH2
2022-02-07 20:00:00+00:00,34,1,291911,118.453125,118.4921875,118.4375,118.4375,48479,ZFH2
2022-02-07 21:00:00+00:00,34,1,291911,118.4453125,118.4609375,118.421875,118.4453125,44320,ZFH2
2022-02-07 23:00:00+00:00,34,1,291911,118.46875,118.484375,118.4453125,118.453125,2332,ZFH2
2022-02-08 00:00:00+00:00,34,1,291911,118.4453125,118.4453125,118.375,118.3828125,14736,ZFH2
2022-02-08 01:00:00+00:00,34,1,291911,118.3828125,118.3984375,118.34375,118.3515625,10439,ZFH2
2022-02-08 02:00:00+00:00,34,1,291911,118.359375,118.359375,118.328125,118.3359375,9227,ZFH2
2022-02-08 03:00:00+00:00,34,1,291911,118.3359375,118.3671875,118.328125,118.328125,6290,ZFH2
2022-02-08 04:00:00+00:00,34,1,291911,118.3359375,118.3359375,118.2578125,118.2734375,11543,ZFH2
2022-02-08 05:00:00+00:00,34,1,291911,118.28125,118.2890625,118.2421875,118.2734375,7664,ZFH2
2022-02-08 06:00:00+00:00,34,1,291911,118.265625,118.2890625,118.2421875,118.2578125,18244,ZFH2
2022-02-08 07:00:00+00:00,34,1,291911,118.2578125,118.265625,118.171875,118.21875,38739,ZFH2
2022-02-08 08:00:00+00:00,34,1,291911,118.21875,118.3203125,118.2109375,118.3125,43547,ZFH2
2022-02-08 09:00:00+00:00,34,1,291911,118.3125,118.3515625,118.2890625,118.3125,28401,ZFH2
2022-02-08 10:00:00+00:00,34,1,291911,118.3203125,118.390625,118.3046875,118.359375,30847,ZFH2
2022-02-08 11:00:00+00:00,34,1,291911,118.3671875,118.375,118.2890625,118.3046875,37411,ZFH2
2022-02-08 12:00:00+00:00,34,1,291911,118.3046875,118.3359375,118.28125,118.2890625,32604,ZFH2
2022-02-08 13:00:00+00:00,34,1,291911,118.2890625,118.3359375,118.2734375,118.3046875,102750,ZFH2
2022-02-08 14:00:00+00:00,34,1,291911,118.296875,118.3125,118.2109375,118.2578125,108659,ZFH2
2022-02-08 15:00:00+00:00,34,1,291911,118.25,118.2734375,118.2109375,118.2265625,82259,ZFH2
2022-02-08 16:00:00+00:00,34,1,291911,118.2265625,118.2890625,118.2265625,118.265625,48411,ZFH2
2022-02-08 17:00:00+00:00,34,1,291911,118.2578125,118.296875,118.25,118.25,44433,ZFH2
2022-02-08 18:00:00+00:00,34,1,291911,118.25,118.28125,118.2421875,118.2734375,33371,ZFH2
2022-02-08 19:00:00+00:00,34,1,291911,118.2734375,118.2890625,118.234375,118.2421875,54925,ZFH2
2022-02-08 20:00:00+00:00,34,1,291911,118.2421875,118.2578125,118.2109375,118.21875,67329,ZFH2
2022-02-08 21:00:00+00:00,34,1,291911,118.21875,118.234375,118.1953125,118.203125,30918,ZFH2
2022-02-08 23:00:00+00:00,34,1,291911,118.1953125,118.2421875,118.15625,118.2421875,6444,ZFH2
2022-02-09 00:00:00+00:00,34,1,291911,118.2421875,118.25,118.2265625,118.25,6377,ZFH2
2022-02-09 01:00:00+00:00,34,1,291911,118.25,118.3125,118.25,118.3125,15597,ZFH2
2022-02-09 02:00:00+00:00,34,1,291911,118.3125,118.328125,118.296875,118.3046875,5168,ZFH2
2022-02-09 03:00:00+00:00,34,1,291911,118.3125,118.328125,118.2890625,118.2890625,8796,ZFH2
2022-02-09 04:00:00+00:00,34,1,291911,118.2890625,118.296875,118.265625,118.265625,4200,ZFH2
2022-02-09 05:00:00+00:00,34,1,291911,118.2734375,118.3046875,118.265625,118.3046875,6868,ZFH2
2022-02-09 06:00:00+00:00,34,1,291911,118.3046875,118.3125,118.2734375,118.2890625,7278,ZFH2
2022-02-09 07:00:00+00:00,34,1,291911,118.28125,118.375,118.28125,118.359375,29363,ZFH2
2022-02-09 08:00:00+00:00,34,1,291911,118.3515625,118.3984375,118.3359375,118.390625,28853,ZFH2
2022-02-09 09:00:00+00:00,34,1,291911,118.390625,118.421875,118.375,118.40625,14839,ZFH2
2022-02-09 10:00:00+00:00,34,1,291911,118.40625,118.40625,118.359375,118.3671875,11956,ZFH2
2022-02-09 11:00:00+00:00,34,1,291911,118.3671875,118.3984375,118.359375,118.375,14506,ZFH2
2022-02-09 12:00:00+00:00,34,1,291911,118.375,118.40625,118.328125,118.3359375,30247,ZFH2
2022-02-09 13:00:00+00:00,34,1,291911,118.3359375,118.3828125,118.3046875,118.3359375,74602,ZFH2
2022-02-09 14:00:00+00:00,34,1,291911,118.328125,118.375,118.2421875,118.265625,97490,ZFH2
2022-02-09 15:00:00+00:00,34,1,291911,118.265625,118.328125,118.2578125,118.296875,75810,ZFH2
2022-02-09 16:00:00+00:00,34,1,291911,118.2890625,118.3359375,118.28125,118.3046875,35687,ZFH2
2022-02-09 17:00:00+00:00,34,1,291911,118.3125,118.359375,118.28125,118.3125,84180,ZFH2
2022-02-09 18:00:00+00:00,34,1,291911,118.3125,118.390625,118.2734375,118.3046875,54087,ZFH2
2022-02-09 19:00:00+00:00,34,1,291911,118.3046875,118.3046875,118.25,118.2578125,52028,ZFH2
2022-02-09 20:00:00+00:00,34,1,291911,118.2578125,118.2734375,118.171875,118.1875,101860,ZFH2
2022-02-09 21:00:00+00:00,34,1,291911,118.1796875,118.203125,118.140625,118.1640625,44939,ZFH2
2022-02-09 23:00:00+00:00,34,1,291911,118.171875,118.2109375,118.1640625,118.1875,7147,ZFH2
2022-02-10 00:00:00+00:00,34,1,291911,118.1875,118.1953125,118.140625,118.1875,8401,ZFH2
2022-02-10 01:00:00+00:00,34,1,291911,118.1796875,118.203125,118.171875,118.203125,6177,ZFH2
2022-02-10 02:00:00+00:00,34,1,291911,118.203125,118.21875,118.1875,118.203125,5100,ZFH2
2022-02-10 03:00:00+00:00,34,1,291911,118.203125,118.21875,118.1953125,118.203125,3887,ZFH2
2022-02-10 04:00:00+00:00,34,1,291911,118.2109375,118.2265625,118.1953125,118.21875,8237,ZFH2
2022-02-10 05:00:00+00:00,34,1,291911,118.21875,118.234375,118.2109375,118.2265625,2936,ZFH2
2022-02-10 06:00:00+00:00,34,1,291911,118.21875,118.2265625,118.2109375,118.21875,4442,ZFH2
2022-02-10 07:00:00+00:00,34,1,291911,118.21875,118.265625,118.1796875,118.265625,41973,ZFH2
2022-02-10 08:00:00+00:00,34,1,291911,118.2734375,118.2734375,118.1953125,118.234375,25133,ZFH2
2022-02-10 09:00:00+00:00,34,1,291911,118.2421875,118.265625,118.1796875,118.21875,29574,ZFH2
2022-02-10 10:00:00+00:00,34,1,291911,118.2265625,118.2734375,118.203125,118.265625,27766,ZFH2
2022-02-10 11:00:00+00:00,34,1,291911,118.265625,118.2734375,118.234375,118.2734375,22320,ZFH2
2022-02-10 12:00:00+00:00,34,1,291911,118.265625,118.3359375,118.265625,118.2890625,53811,ZFH2
2022-02-10 13:00:00+00:00,34,1,291911,118.296875,118.3203125,117.828125,117.84375,368904,ZFH2
2022-02-10 14:00:00+00:00,34,1,291911,117.84375,117.8984375,117.71875,117.8046875,300317,ZFH2
2022-02-10 15:00:00+00:00,34,1,291911,117.796875,117.84375,117.6640625,117.671875,205982,ZFH2
2022-02-10 16:00:00+00:00,34,1,291911,117.671875,117.7421875,117.625,117.734375,162982,ZFH2
2022-02-10 17:00:00+00:00,34,1,291911,117.734375,117.734375,117.390625,117.5,234709,ZFH2
2022-02-10 18:00:00+00:00,34,1,291911,117.5,117.6171875,117.4609375,117.5703125,136798,ZFH2
2022-02-10 19:00:00+00:00,34,1,291911,117.578125,117.6328125,117.4765625,117.515625,117095,ZFH2
2022-02-10 20:00:00+00:00,34,1,291911,117.515625,117.5234375,117.265625,117.296875,137298,ZFH2
2022-02-10 21:00:00+00:00,34,1,291911,117.2890625,117.46875,117.2890625,117.453125,78460,ZFH2
2022-02-10 23:00:00+00:00,34,1,291911,117.4765625,117.5625,117.453125,117.5546875,14270,ZFH2
2022-02-11 00:00:00+00:00,34,1,291911,117.5546875,117.5625,117.4296875,117.484375,15820,ZFH2
2022-02-11 01:00:00+00:00,34,1,291911,117.4921875,117.5390625,117.4921875,117.515625,7789,ZFH2
2022-02-11 02:00:00+00:00,34,1,291911,117.515625,117.53125,117.46875,117.46875,6731,ZFH2
2022-02-11 03:00:00+00:00,34,1,291911,117.46875,117.46875,117.3671875,117.3671875,13627,ZFH2
2022-02-11 04:00:00+00:00,34,1,291911,117.3671875,117.375,117.2578125,117.3125,17614,ZFH2
2022-02-11 05:00:00+00:00,34,1,291911,117.3125,117.4296875,117.3125,117.4140625,10157,ZFH2
2022-02-11 06:00:00+00:00,34,1,291911,117.4140625,117.4375,117.375,117.4296875,7042,ZFH2
2022-02-11 07:00:00+00:00,34,1,291911,117.4296875,117.5234375,117.40625,117.5234375,42970,ZFH2
2022-02-11 08:00:00+00:00,34,1,291911,117.5234375,117.6875,117.515625,117.671875,79143,ZFH2
2022-02-11 09:00:00+00:00,34,1,291911,117.6640625,117.6640625,117.53125,117.5625,58621,ZFH2
2022-02-11 10:00:00+00:00,34,1,291911,117.5546875,117.6171875,117.546875,117.578125,35205,ZFH2
2022-02-11 11:00:00+00:00,34,1,291911,117.578125,117.609375,117.53125,117.5703125,41260,ZFH2
2022-02-11 12:00:00+00:00,34,1,291911,117.5703125,117.7109375,117.5390625,117.6171875,78454,ZFH2
2022-02-11 13:00:00+00:00,34,1,291911,117.609375,117.71875,117.5859375,117.6796875,160448,ZFH2
2022-02-11 14:00:00+00:00,34,1,291911,117.6796875,117.71875,117.609375,117.6484375,116868,ZFH2
2022-02-11 15:00:00+00:00,34,1,291911,117.65625,117.78125,117.5234375,117.5234375,176494,ZFH2
2022-02-11 16:00:00+00:00,34,1,291911,117.5234375,117.5546875,117.3515625,117.46875,123155,ZFH2
2022-02-11 17:00:00+00:00,34,1,291911,117.46875,117.578125,117.390625,117.5625,115834,ZFH2
2022-02-11 18:00:00+00:00,34,1,291911,117.5625,117.9453125,117.484375,117.859375,247029,ZFH2
2022-02-11 19:00:00+00:00,34,1,291911,117.859375,118.0390625,117.6953125,117.875,238170,ZFH2
2022-02-11 20:00:00+00:00,34,1,291911,117.8671875,118.0859375,117.8359375,118.03125,193410,ZFH2
2022-02-11 21:00:00+00:00,34,1,291911,118.0390625,118.0859375,117.84375,117.8828125,79376,ZFH2
2022-02-13 23:00:00+00:00,34,1,291911,117.9296875,118.0234375,117.84375,117.8828125,22706,ZFH2
2022-02-14 00:00:00+00:00,34,1,291911,117.875,117.9765625,117.8515625,117.90625,21402,ZFH2
2022-02-14 01:00:00+00:00,34,1,291911,117.8984375,117.9296875,117.8203125,117.8828125,20790,ZFH2
2022-02-14 02:00:00+00:00,34,1,291911,117.8828125,117.8828125,117.765625,117.8046875,22414,ZFH2
2022-02-14 03:00:00+00:00,34,1,291911,117.8046875,117.9296875,117.796875,117.90625,18946,ZFH2
2022-02-14 04:00:00+00:00,34,1,291911,117.8984375,117.8984375,117.8046875,117.8203125,8518,ZFH2
2022-02-14 05:00:00+00:00,34,1,291911,117.8203125,117.890625,117.8125,117.890625,9878,ZFH2
2022-02-14 06:00:00+00:00,34,1,291911,117.8828125,117.890625,117.796875,117.84375,20701,ZFH2
2022-02-14 07:00:00+00:00,34,1,291911,117.8359375,117.8359375,117.734375,117.78125,38972,ZFH2
2022-02-14 08:00:00+00:00,34,1,291911,117.7734375,118.0234375,117.7421875,117.96875,79131,ZFH2
2022-02-14 09:00:00+00:00,34,1,291911,117.96875,118.078125,117.8984375,118.0703125,63333,ZFH2
2022-02-14 10:00:00+00:00,34,1,291911,118.078125,118.09375,117.953125,117.96875,40811,ZFH2
2022-02-14 11:00:00+00:00,34,1,291911,117.96875,118.0078125,117.9375,117.9921875,24641,ZFH2
2022-02-14 12:00:00+00:00,34,1,291911,117.984375,118.03125,117.7421875,117.8125,80616,ZFH2
2022-02-14 13:00:00+00:00,34,1,291911,117.8046875,117.8125,117.59375,117.6484375,177053,ZFH2
2022-02-14 14:00:00+00:00,34,1,291911,117.6484375,117.7109375,117.5,117.53125,139705,ZFH2
2022-02-14 15:00:00+00:00,34,1,291911,117.53125,117.59375,117.4765625,117.4921875,125042,ZFH2
2022-02-14 16:00:00+00:00,34,1,291911,117.4921875,117.5546875,117.3984375,117.421875,123827,ZFH2
2022-02-14 17:00:00+00:00,34,1,291911,117.421875,117.5,117.40625,117.4921875,47013,ZFH2
2022-02-14 18:00:00+00:00,34,1,291911,117.4921875,117.6953125,117.4921875,117.6484375,124641,ZFH2
2022-02-14 19:00:00+00:00,34,1,291911,117.6484375,117.765625,117.53125,117.546875,122198,ZFH2
2022-02-14 20:00:00+00:00,34,1,291911,117.546875,117.6328125,117.5234375,117.5390625,60443,ZFH2
2022-02-14 21:00:00+00:00,34,1,291911,117.5390625,117.6015625,117.5234375,117.578125,27827,ZFH2
2022-02-14 23:00:00+00:00,34,1,291911,117.578125,117.625,117.5703125,117.5859375,3346,ZFH2
2022-02-15 00:00:00+00:00,34,1,291911,117.5859375,117.6953125,117.5859375,117.65625,11443,ZFH2
2022-02-15 01:00:00+00:00,34,1,291911,117.65625,117.703125,117.625,117.640625,10282,ZFH2
2022-02-15 02:00:00+00:00,34,1,291911,117.640625,117.6484375,117.609375,117.6328125,7857,ZFH2
2022-02-15 03:00:00+00:00,34,1,291911,117.6328125,117.6640625,117.625,117.625,8057,ZFH2
2022-02-15 04:00:00+00:00,34,1,291911,117.625,117.640625,117.6015625,117.609375,4308,ZFH2
2022-02-15 05:00:00+00:00,34,1,291911,117.6171875,117.671875,117.6171875,117.65625,5103,ZFH2
2022-02-15 06:00:00+00:00,34,1,291911,117.6484375,117.65625,117.6171875,117.640625,4985,ZFH2
2022-02-15 07:00:00+00:00,34,1,291911,117.6484375,117.6640625,117.59375,117.609375,16764,ZFH2
2022-02-15 08:00:00+00:00,34,1,291911,117.6171875,117.640625,117.3671875,117.421875,92902,ZFH2
2022-02-15 09:00:00+00:00,34,1,291911,117.4296875,117.53125,117.375,117.5078125,43654,ZFH2
2022-02-15 10:00:00+00:00,34,1,291911,117.5078125,117.53125,117.4375,117.4375,41907,ZFH2
2022-02-15 11:00:00+00:00,34,1,291911,117.4296875,117.4609375,117.390625,117.4609375,23076,ZFH2
2022-02-15 12:00:00+00:00,34,1,291911,117.4609375,117.5234375,117.4375,117.484375,46574,ZFH2
2022-02-15 13:00:00+00:00,34,1,291911,117.4921875,117.546875,117.40625,117.421875,155816,ZFH2
2022-02-15 14:00:00+00:00,34,1,291911,117.421875,117.5234375,117.3671875,117.390625,126342,ZFH2
2022-02-15 15:00:00+00:00,34,1,291911,117.3984375,117.5,117.3828125,117.46875,98614,ZFH2
2022-02-15 16:00:00+00:00,34,1,291911,117.4609375,117.5859375,117.453125,117.546875,115015,ZFH2
2022-02-15 17:00:00+00:00,34,1,291911,117.546875,117.546875,117.484375,117.53125,54635,ZFH2
2022-02-15 18:00:00+00:00,34,1,291911,117.53125,117.5390625,117.4921875,117.5234375,38686,ZFH2
2022-02-15 19:00:00+00:00,34,1,291911,117.5234375,117.5390625,117.4765625,117.4921875,56929,ZFH2
2022-02-15 20:00:00+00:00,34,1,291911,117.5,117.5234375,117.4609375,117.46875,60467,ZFH2
2022-02-15 21:00:00+00:00,34,1,291911,117.4765625,117.5,117.421875,117.4609375,44572,ZFH2
2022-02-15 23:00:00+00:00,34,1,291911,117.4609375,117.5234375,117.4609375,117.5234375,8038,ZFH2
2022-02-16 00:00:00+00:00,34,1,291911,117.5234375,117.5703125,117.5,117.546875,7828,ZFH2
2022-02-16 01:00:00+00:00,34,1,291911,117.546875,117.6171875,117.53125,117.59375,10970,ZFH2
2022-02-16 02:00:00+00:00,34,1,291911,117.6015625,117.6328125,117.5859375,117.6171875,8466,ZFH2
2022-02-16 03:00:00+00:00,34,1,291911,117.609375,117.625,117.5703125,117.609375,8236,ZFH2
2022-02-16 04:00:00+00:00,34,1,291911,117.6171875,117.6171875,117.5859375,117.5859375,6863,ZFH2
2022-02-16 05:00:00+00:00,34,1,291911,117.5859375,117.609375,117.5625,117.5625,9114,ZFH2
2022-02-16 06:00:00+00:00,34,1,291911,117.5625,117.5703125,117.5234375,117.5546875,11052,ZFH2
2022-02-16 07:00:00+00:00,34,1,291911,117.5546875,117.5703125,117.46875,117.484375,25213,ZFH2
2022-02-16 08:00:00+00:00,34,1,291911,117.484375,117.5,117.4453125,117.453125,17468,ZFH2
2022-02-16 09:00:00+00:00,34,1,291911,117.453125,117.5390625,117.4453125,117.53125,19066,ZFH2
2022-02-16 10:00:00+00:00,34,1,291911,117.53125,117.5546875,117.5078125,117.515625,11803,ZFH2
2022-02-16 11:00:00+00:00,34,1,291911,117.515625,117.546875,117.5,117.5390625,12868,ZFH2
2022-02-16 12:00:00+00:00,34,1,291911,117.5390625,117.5703125,117.484375,117.5625,36660,ZFH2
2022-02-16 13:00:00+00:00,34,1,291911,117.5546875,117.6484375,117.4140625,117.640625,164094,ZFH2
2022-02-16 14:00:00+00:00,34,1,291911,117.640625,117.671875,117.578125,117.59375,137758,ZFH2
2022-02-16 15:00:00+00:00,34,1,291911,117.59375,117.6171875,117.5390625,117.5625,113359,ZFH2
2022-02-16 16:00:00+00:00,34,1,291911,117.5703125,117.6015625,117.5546875,117.578125,79287,ZFH2
2022-02-16 17:00:00+00:00,34,1,291911,117.578125,117.6328125,117.5703125,117.609375,56704,ZFH2
2022-02-16 18:00:00+00:00,34,1,291911,117.609375,117.6328125,117.5390625,117.5625,82204,ZFH2
2022-02-16 19:00:00+00:00,34,1,291911,117.5703125,117.7734375,117.53125,117.625,167142,ZFH2
2022-02-16 20:00:00+00:00,34,1,291911,117.625,117.7109375,117.5703125,117.6875,71013,ZFH2
2022-02-16 21:00:00+00:00,34,1,291911,117.6953125,117.703125,117.578125,117.59375,55080,ZFH2
2022-02-16 23:00:00+00:00,34,1,291911,117.5859375,117.7265625,117.578125,117.6953125,11096,ZFH2
2022-02-17 00:00:00+00:00,34,1,291911,117.703125,117.734375,117.6796875,117.703125,10796,ZFH2
2022-02-17 01:00:00+00:00,34,1,291911,117.703125,117.7265625,117.6640625,117.6953125,9791,ZFH2
2022-02-17 02:00:00+00:00,34,1,291911,117.6953125,117.7109375,117.6796875,117.703125,6134,ZFH2
2022-02-17 03:00:00+00:00,34,1,291911,117.6953125,117.953125,117.6875,117.9453125,36871,ZFH2
2022-02-17 04:00:00+00:00,34,1,291911,117.953125,118.0,117.796875,117.90625,62715,ZFH2
2022-02-17 05:00:00+00:00,34,1,291911,117.90625,117.9375,117.8203125,117.8828125,19160,ZFH2
2022-02-17 06:00:00+00:00,34,1,291911,117.890625,117.890625,117.7421875,117.7734375,21932,ZFH2
2022-02-17 07:00:00+00:00,34,1,291911,117.78125,117.8046875,117.7421875,117.75,18260,ZFH2
2022-02-17 08:00:00+00:00,34,1,291911,117.7421875,117.875,117.65625,117.828125,73601,ZFH2
2022-02-17 09:00:00+00:00,34,1,291911,117.8359375,117.890625,117.8046875,117.8359375,34525,ZFH2
2022-02-17 10:00:00+00:00,34,1,291911,117.828125,117.8515625,117.7734375,117.8046875,15069,ZFH2
2022-02-17 11:00:00+00:00,34,1,291911,117.796875,117.859375,117.765625,117.8359375,20517,ZFH2
2022-02-17 12:00:00+00:00,34,1,291911,117.8359375,117.8359375,117.7890625,117.8046875,26765,ZFH2
2022-02-17 13:00:00+00:00,34,1,291911,117.8046875,117.8828125,117.75,117.8828125,137097,ZFH2
2022-02-17 14:00:00+00:00,34,1,291911,117.8828125,117.9140625,117.7109375,117.8984375,157735,ZFH2
2022-02-17 15:00:00+00:00,34,1,291911,117.8984375,117.9609375,117.875,117.9609375,117402,ZFH2
2022-02-17 16:00:00+00:00,34,1,291911,117.9609375,117.96875,117.859375,117.8671875,77324,ZFH2
2022-02-17 17:00:00+00:00,34,1,291911,117.8671875,117.890625,117.8203125,117.8671875,58505,ZFH2
2022-02-17 18:00:00+00:00,34,1,291911,117.8671875,117.9453125,117.828125,117.921875,65647,ZFH2
2022-02-17 19:00:00+00:00,34,1,291911,117.921875,117.9609375,117.90625,117.953125,45507,ZFH2
2022-02-17 20:00:00+00:00,34,1,291911,117.953125,117.984375,117.9296875,117.9765625,57838,ZFH2
2022-02-17 21:00:00+00:00,34,1,291911,117.9765625,118.0,117.953125,117.9921875,32154,ZFH2
2022-02-17 23:00:00+00:00,34,1,291911,118.0234375,118.1484375,118.0078125,118.09375,21955,ZFH2
2022-02-18 00:00:00+00:00,34,1,291911,118.09375,118.1875,118.046875,118.0546875,25003,ZFH2
2022-02-18 01:00:00+00:00,34,1,291911,118.0546875,118.0703125,117.8984375,117.921875,33897,ZFH2
2022-02-18 02:00:00+00:00,34,1,291911,117.9140625,117.9375,117.859375,117.8671875,16473,ZFH2
2022-02-18 03:00:00+00:00,34,1,291911,117.8671875,117.9375,117.8671875,117.9296875,5889,ZFH2
2022-02-18 04:00:00+00:00,34,1,291911,117.9296875,117.9375,117.8828125,117.9140625,4816,ZFH2
2022-02-18 05:00:00+00:00,34,1,291911,117.9140625,117.953125,117.8984375,117.9375,5327,ZFH2
2022-02-18 06:00:00+00:00,34,1,291911,117.9375,117.9453125,117.8671875,117.890625,9479,ZFH2
2022-02-18 07:00:00+00:00,34,1,291911,117.890625,117.9140625,117.8359375,117.8984375,21677,ZFH2
2022-02-18 08:00:00+00:00,34,1,291911,117.8984375,117.9453125,117.875,117.9296875,24668,ZFH2
2022-02-18 09:00:00+00:00,34,1,291911,117.9296875,117.9921875,117.90625,117.96875,21967,ZFH2
2022-02-18 10:00:00+00:00,34,1,291911,117.96875,117.9765625,117.9453125,117.96875,10269,ZFH2
2022-02-18 11:00:00+00:00,34,1,291911,117.96875,117.9765625,117.9140625,117.9609375,12926,ZFH2
2022-02-18 12:00:00+00:00,34,1,291911,117.9609375,117.984375,117.9296875,117.9609375,14743,ZFH2
2022-02-18 13:00:00+00:00,34,1,291911,117.9609375,118.125,117.9296875,118.0390625,140024,ZFH2
2022-02-18 14:00:00+00:00,34,1,291911,118.046875,118.15625,118.03125,118.0390625,131854,ZFH2
2022-02-18 15:00:00+00:00,34,1,291911,118.046875,118.09375,118.0,118.0546875,84819,ZFH2
2022-02-18 16:00:00+00:00,34,1,291911,118.0546875,118.140625,118.0546875,118.0859375,81251,ZFH2
2022-02-18 17:00:00+00:00,34,1,291911,118.0859375,118.1875,118.0703125,118.1640625,77742,ZFH2
2022-02-18 18:00:00+00:00,34,1,291911,118.1640625,118.1796875,118.125,118.125,45126,ZFH2
2022-02-18 19:00:00+00:00,34,1,291911,118.125,118.1328125,118.0703125,118.1015625,55841,ZFH2
2022-02-18 20:00:00+00:00,34,1,291911,118.1015625,118.1328125,118.046875,118.1015625,51622,ZFH2
2022-02-18 21:00:00+00:00,34,1,291911,118.1015625,118.1484375,118.078125,118.109375,26548,ZFH2
2022-02-20 23:00:00+00:00,34,1,291911,118.1796875,118.25,118.140625,118.1796875,14864,ZFH2
2022-02-21 00:00:00+00:00,34,1,291911,118.1875,118.265625,118.0703125,118.078125,15381,ZFH2
2022-02-21 01:00:00+00:00,34,1,291911,118.078125,118.1640625,118.078125,118.1015625,22865,ZFH2
2022-02-21 02:00:00+00:00,34,1,291911,118.1015625,118.1328125,118.0859375,118.09375,4933,ZFH2
2022-02-21 03:00:00+00:00,34,1,291911,118.1015625,118.140625,118.1015625,118.1171875,3974,ZFH2
2022-02-21 04:00:00+00:00,34,1,291911,118.125,118.125,118.0625,118.0703125,6355,ZFH2
2022-02-21 05:00:00+00:00,34,1,291911,118.0703125,118.078125,118.0234375,118.0546875,5838,ZFH2
2022-02-21 06:00:00+00:00,34,1,291911,118.046875,118.078125,118.0390625,118.0625,4377,ZFH2
2022-02-21 07:00:00+00:00,34,1,291911,118.0625,118.0625,118.0078125,118.0390625,10610,ZFH2
2022-02-21 08:00:00+00:00,34,1,291911,118.0390625,118.0859375,117.96875,118.0703125,29769,ZFH2
2022-02-21 09:00:00+00:00,34,1,291911,118.0703125,118.09375,118.0625,118.078125,8621,ZFH2
2022-02-21 10:00:00+00:00,34,1,291911,118.0703125,118.1328125,118.0703125,118.1328125,16855,ZFH2
2022-02-21 11:00:00+00:00,34,1,291911,118.1328125,118.1796875,118.125,118.1484375,18754,ZFH2
2022-02-21 12:00:00+00:00,34,1,291911,118.1484375,118.2109375,118.1328125,118.2109375,12360,ZFH2
2022-02-21 13:00:00+00:00,34,1,291911,118.203125,118.2734375,118.1875,118.2578125,42393,ZFH2
2022-02-21 14:00:00+00:00,34,1,291911,118.2578125,118.265625,118.1796875,118.21875,17743,ZFH2
2022-02-21 15:00:00+00:00,34,1,291911,118.21875,118.2421875,118.171875,118.203125,9581,ZFH2
2022-02-21 16:00:00+00:00,34,1,291911,118.203125,118.21875,118.1640625,118.1875,9563,ZFH2
2022-02-21 17:00:00+00:00,34,1,291911,118.1875,118.234375,118.171875,118.234375,12722,ZFH2
2022-02-21 23:00:00+00:00,34,1,291911,118.328125,118.390625,118.3125,118.3515625,31067,ZFH2
2022-02-22 00:00:00+00:00,34,1,291911,118.34375,118.3828125,118.25,118.296875,36367,ZFH2
2022-02-22 01:00:00+00:00,34,1,291911,118.2890625,118.3671875,118.2734375,118.3359375,19841,ZFH2
2022-02-22 02:00:00+00:00,34,1,291911,118.328125,118.3515625,118.3046875,118.328125,15143,ZFH2
2022-02-22 03:00:00+00:00,34,1,291911,118.328125,118.3671875,118.328125,118.34375,10710,ZFH2
2022-02-22 04:00:00+00:00,34,1,291911,118.34375,118.3515625,118.3046875,118.3125,7307,ZFH2
2022-02-22 05:00:00+00:00,34,1,291911,118.3125,118.3203125,118.28125,118.28125,6097,ZFH2
2022-02-22 06:00:00+00:00,34,1,291911,118.28125,118.3125,118.2265625,118.3046875,19103,ZFH2
2022-02-22 07:00:00+00:00,34,1,291911,118.296875,118.40625,118.2890625,118.3515625,40898,ZFH2
2022-02-22 08:00:00+00:00,34,1,291911,118.359375,118.359375,118.1484375,118.1640625,68032,ZFH2
2022-02-22 09:00:00+00:00,34,1,291911,118.1640625,118.1875,118.0703125,118.15625,48634,ZFH2
2022-02-22 10:00:00+00:00,34,1,291911,118.15625,118.15625,117.9765625,117.9921875,60407,ZFH2
2022-02-22 11:00:00+00:00,34,1,291911,117.984375,118.0078125,117.828125,117.8515625,56045,ZFH2
2022-02-22 12:00:00+00:00,34,1,291911,117.859375,117.9765625,117.828125,117.9453125,60313,ZFH2
2022-02-22 13:00:00+00:00,34,1,291911,117.9453125,117.9921875,117.8828125,117.96875,102788,ZFH2
2022-02-22 14:00:00+00:00,34,1,291911,117.96875,117.9921875,117.8828125,117.90625,94156,ZFH2
2022-02-22 15:00:00+00:00,34,1,291911,117.8984375,117.9765625,117.875,117.96875,114269,ZFH2
2022-02-22 16:00:00+00:00,34,1,291911,117.9765625,118.046875,117.9375,117.9609375,91434,ZFH2
2022-02-22 17:00:00+00:00,34,1,291911,117.9609375,118.0078125,117.921875,117.9921875,55556,ZFH2
2022-02-22 18:00:00+00:00,34,1,291911,117.9921875,118.0234375,117.9765625,118.0078125,51699,ZFH2
2022-02-22 19:00:00+00:00,34,1,291911,118.015625,118.015625,117.8515625,117.8671875,94548,ZFH2
2022-02-22 20:00:00+00:00,34,1,291911,117.8671875,117.9921875,117.828125,117.9765625,69218,ZFH2
2022-02-22 21:00:00+00:00,34,1,291911,117.984375,117.9921875,117.828125,117.859375,42872,ZFH2
2022-02-22 23:00:00+00:00,34,1,291911,117.875,117.8828125,117.8359375,117.8515625,6142,ZFH2
2022-02-23 00:00:00+00:00,34,1,291911,117.8515625,117.90625,117.84375,117.890625,5408,ZFH2
2022-02-23 01:00:00+00:00,34,1,291911,117.890625,117.90625,117.8671875,117.8671875,6442,ZFH2
2022-02-23 02:00:00+00:00,34,1,291911,117.875,117.90625,117.8671875,117.8984375,3870,ZFH2
2022-02-23 03:00:00+00:00,34,1,291911,117.90625,117.921875,117.8984375,117.921875,1661,ZFH2
2022-02-23 04:00:00+00:00,34,1,291911,117.9140625,117.921875,117.8984375,117.90625,1908,ZFH2
2022-02-23 05:00:00+00:00,34,1,291911,117.8984375,117.8984375,117.859375,117.8671875,3666,ZFH2
2022-02-23 06:00:00+00:00,34,1,291911,117.859375,117.8671875,117.7421875,117.7421875,17757,ZFH2
2022-02-23 07:00:00+00:00,34,1,291911,117.7421875,117.765625,117.6484375,117.6640625,40681,ZFH2
2022-02-23 08:00:00+00:00,34,1,291911,117.6640625,117.7109375,117.625,117.671875,47959,ZFH2
2022-02-23 09:00:00+00:00,34,1,291911,117.671875,117.6875,117.640625,117.6796875,31676,ZFH2
2022-02-23 10:00:00+00:00,34,1,291911,117.6796875,117.7578125,117.6796875,117.7421875,27611,ZFH2
2022-02-23 11:00:00+00:00,34,1,291911,117.7421875,117.765625,117.6953125,117.75,36340,ZFH2
2022-02-23 12:00:00+00:00,34,1,291911,117.75,117.75,117.6640625,117.6796875,26687,ZFH2
2022-02-23 13:00:00+00:00,34,1,291911,117.6875,117.78125,117.671875,117.765625,117493,ZFH2
2022-02-23 14:00:00+00:00,34,1,291911,117.765625,117.78125,117.640625,117.7109375,138527,ZFH2
2022-02-23 15:00:00+00:00,34,1,291911,117.7109375,117.8203125,117.703125,117.8125,112782,ZFH2
2022-02-23 16:00:00+00:00,34,1,291911,117.8125,117.8515625,117.7265625,117.734375,104090,ZFH2
2022-02-23 17:00:00+00:00,34,1,291911,117.7265625,117.8046875,117.71875,117.7734375,73507,ZFH2
2022-02-23 18:00:00+00:00,34,1,291911,117.7734375,117.84375,117.7578125,117.828125,76844,ZFH2
2022-02-23 19:00:00+00:00,34,1,291911,117.828125,117.828125,117.75,117.765625,78537,ZFH2
2022-02-23 20:00:00+00:00,34,1,291911,117.765625,117.8046875,117.71875,117.7265625,52701,ZFH2
2022-02-23 21:00:00+00:00,34,1,291911,117.7265625,117.7421875,117.671875,117.7109375,39040,ZFH2
2022-02-23 23:00:00+00:00,34,1,291911,117.71875,117.84375,117.71875,117.84375,8141,ZFH2
2022-02-24 00:00:00+00:00,34,1,291911,117.84375,117.984375,117.8359375,117.96875,32021,ZFH2
2022-02-24 01:00:00+00:00,34,1,291911,117.96875,117.96875,117.8046875,117.8203125,20434,ZFH2
2022-02-24 02:00:00+00:00,34,1,291911,117.828125,118.0078125,117.828125,117.96875,24416,ZFH2
2022-02-24 03:00:00+00:00,34,1,291911,117.9609375,118.3125,117.9375,118.25,77118,ZFH2
2022-02-24 04:00:00+00:00,34,1,291911,118.25,118.421875,118.203125,118.2109375,57162,ZFH2
2022-02-24 05:00:00+00:00,34,1,291911,118.2109375,118.3203125,118.203125,118.2890625,22287,ZFH2
2022-02-24 06:00:00+00:00,34,1,291911,118.2890625,118.34375,118.2421875,118.3125,27532,ZFH2
2022-02-24 07:00:00+00:00,34,1,291911,118.3125,118.328125,118.1796875,118.1875,61858,ZFH2
2022-02-24 08:00:00+00:00,34,1,291911,118.1953125,118.234375,118.0390625,118.21875,76773,ZFH2
2022-02-24 09:00:00+00:00,34,1,291911,118.21875,118.3203125,118.15625,118.296875,48739,ZFH2
2022-02-24 10:00:00+00:00,34,1,291911,118.296875,118.453125,118.2890625,118.390625,66251,ZFH2
2022-02-24 11:00:00+00:00,34,1,291911,118.390625,118.46875,118.2421875,118.25,61357,ZFH2
2022-02-24 12:00:00+00:00,34,1,291911,118.25,118.4453125,118.2265625,118.359375,91626,ZFH2
2022-02-24 13:00:00+00:00,34,1,291911,118.359375,118.375,118.2421875,118.3671875,119830,ZFH2
2022-02-24 14:00:00+00:00,34,1,291911,118.375,118.3828125,118.1171875,118.1796875,131735,ZFH2
2022-02-24 15:00:00+00:00,34,1,291911,118.1796875,118.1875,118.0078125,118.03125,122559,ZFH2
2022-02-24 16:00:00+00:00,34,1,291911,118.0390625,118.109375,117.9765625,118.0,91514,ZFH2
2022-02-24 17:00:00+00:00,34,1,291911,118.0,118.2109375,118.0,118.125,77978,ZFH2
2022-02-24 18:00:00+00:00,34,1,291911,118.125,118.2421875,118.078125,118.1328125,65007,ZFH2
2022-02-24 19:00:00+00:00,34,1,291911,118.1328125,118.171875,117.9453125,117.9453125,86535,ZFH2
2022-02-24 20:00:00+00:00,34,1,291911,117.953125,118.0,117.8828125,117.9375,58944,ZFH2
2022-02-24 21:00:00+00:00,34,1,291911,117.9375,117.9453125,117.859375,117.890625,30302,ZFH2
2022-02-24 23:00:00+00:00,34,1,291911,117.9765625,117.9765625,117.890625,117.90625,2060,ZFH2
2022-02-25 00:00:00+00:00,34,1,291911,117.90625,117.96875,117.859375,117.96875,7974,ZFH2
2022-02-25 01:00:00+00:00,34,1,291911,117.96875,118.015625,117.75,117.78125,12466,ZFH2
2022-02-25 02:00:00+00:00,34,1,291911,117.78125,117.9140625,117.78125,117.90625,3491,ZFH2
2022-02-25 03:00:00+00:00,34,1,291911,117.8984375,117.921875,117.8359375,117.84375,2673,ZFH2
2022-02-25 04:00:00+00:00,34,1,291911,117.8359375,117.8984375,117.8359375,117.859375,3058,ZFH2
2022-02-25 05:00:00+00:00,34,1,291911,117.859375,117.890625,117.8359375,117.859375,3832,ZFH2
2022-02-25 06:00:00+00:00,34,1,291911,117.8515625,117.90625,117.828125,117.8671875,4306,ZFH2
2022-02-25 07:00:00+00:00,34,1,291911,117.8671875,117.9296875,117.8359375,117.890625,13250,ZFH2
2022-02-25 08:00:00+00:00,34,1,291911,117.8984375,118.015625,117.8828125,117.984375,15013,ZFH2
2022-02-25 09:00:00+00:00,34,1,291911,117.984375,118.0078125,117.90625,117.921875,10029,ZFH2
2022-02-25 10:00:00+00:00,34,1,291911,117.921875,117.9453125,117.8203125,117.8515625,10087,ZFH2
2022-02-25 11:00:00+00:00,34,1,291911,117.859375,117.890625,117.796875,117.796875,11032,ZFH2
2022-02-25 12:00:00+00:00,34,1,291911,117.796875,117.8125,117.609375,117.640625,25284,ZFH2
2022-02-25 13:00:00+00:00,34,1,291911,117.6328125,117.7109375,117.609375,117.640625,27778,ZFH2
2022-02-25 14:00:00+00:00,34,1,291911,117.640625,117.8203125,117.640625,117.7578125,28473,ZFH2
2022-02-25 15:00:00+00:00,34,1,291911,117.7578125,117.875,117.734375,117.8515625,28821,ZFH2
2022-02-25 16:00:00+00:00,34,1,291911,117.8515625,117.875,117.7578125,117.7578125,16818,ZFH2
2022-02-25 17:00:00+00:00,34,1,291911,117.7578125,117.7890625,117.6796875,117.6953125,12870,ZFH2
2022-02-25 18:00:00+00:00,34,1,291911,117.6953125,117.7578125,117.6875,117.703125,15838,ZFH2
2022-02-25 19:00:00+00:00,34,1,291911,117.703125,117.8046875,117.703125,117.796875,11049,ZFH2
2022-02-25 20:00:00+00:00,34,1,291911,117.796875,117.9296875,117.7890625,117.8984375,9661,ZFH2
2022-02-25 21:00:00+00:00,34,1,291911,117.8984375,117.9140625,117.8515625,117.8515625,5121,ZFH2
2022-02-27 23:00:00+00:00,34,1,291911,118.15625,118.4375,118.15625,118.2890625,5063,ZFH2
2022-02-28 00:00:00+00:00,34,1,291911,118.28125,118.3203125,118.1640625,118.296875,1144,ZFH2
2022-02-28 01:00:00+00:00,34,1,291911,118.3046875,118.3046875,118.171875,118.2421875,1828,ZFH2
2022-02-28 02:00:00+00:00,34,1,291911,118.2421875,118.375,118.234375,118.375,2507,ZFH2
2022-02-28 03:00:00+00:00,34,1,291911,118.375,118.3828125,118.3125,118.359375,235,ZFH2
2022-02-28 04:00:00+00:00,34,1,291911,118.34375,118.375,118.328125,118.34375,300,ZFH2
2022-02-28 05:00:00+00:00,34,1,291911,118.3359375,118.3671875,118.3046875,118.3046875,118,ZFH2
2022-02-28 06:00:00+00:00,34,1,291911,118.3046875,118.359375,118.2578125,118.2734375,380,ZFH2
2022-02-28 07:00:00+00:00,34,1,291911,118.2890625,118.3203125,118.1953125,118.21875,721,ZFH2
2022-02-28 08:00:00+00:00,34,1,291911,118.2109375,118.2578125,118.1875,118.2265625,436,ZFH2
2022-02-28 09:00:00+00:00,34,1,291911,118.2421875,118.2890625,118.203125,118.203125,541,ZFH2
2022-02-28 10:00:00+00:00,34,1,291911,118.203125,118.21875,118.15625,118.1640625,714,ZFH2
2022-02-28 11:00:00+00:00,34,1,291911,118.171875,118.234375,118.1640625,118.2109375,1033,ZFH2
2022-02-28 12:00:00+00:00,34,1,291911,118.203125,118.2421875,118.1953125,118.234375,1058,ZFH2
2022-02-28 13:00:00+00:00,34,1,291911,118.234375,118.4375,118.2265625,118.3984375,3409,ZFH2
2022-02-28 14:00:00+00:00,34,1,291911,118.3984375,118.53125,118.3671875,118.484375,2498,ZFH2
2022-02-28 15:00:00+00:00,34,1,291911,118.484375,118.5625,118.4140625,118.4296875,5637,ZFH2
2022-02-28 16:00:00+00:00,34,1,291911,118.4453125,118.4921875,118.3828125,118.4765625,3207,ZFH2
2022-02-28 17:00:00+00:00,34,1,291911,118.4765625,118.5078125,118.421875,118.484375,1481,ZFH2
2022-02-28 18:00:00+00:00,34,1,291911,118.4765625,118.5,118.390625,118.421875,1859,ZFH2
2022-02-28 19:00:00+00:00,34,1,291911,118.4296875,118.640625,118.4296875,118.640625,1816,ZFH2
2022-02-28 20:00:00+00:00,34,1,291911,118.640625,118.6640625,118.4921875,118.53125,3548,ZFH2
2022-02-28 21:00:00+00:00,34,1,291911,118.53125,118.640625,118.53125,118.6015625,635,ZFH2
2022-02-28 23:00:00+00:00,34,1,291911,118.5546875,118.5546875,118.5546875,118.5546875,1,ZFH2
2022-03-01 00:00:00+00:00,34,1,291911,118.515625,118.515625,118.4296875,118.4609375,136,ZFH2
2022-03-01 01:00:00+00:00,34,1,291911,118.4453125,118.453125,118.4375,118.4453125,74,ZFH2
2022-03-01 02:00:00+00:00,34,1,291911,118.4375,118.453125,118.4375,118.453125,82,ZFH2
2022-03-01 03:00:00+00:00,34,1,291911,118.4609375,118.5,118.4609375,118.5,319,ZFH2
2022-03-01 04:00:00+00:00,34,1,291911,118.46875,118.484375,118.46875,118.4765625,203,ZFH2
2022-03-01 05:00:00+00:00,34,1,291911,118.46875,118.4765625,118.46875,118.4765625,80,ZFH2
2022-03-01 06:00:00+00:00,34,1,291911,118.46875,118.46875,118.4453125,118.46875,103,ZFH2
2022-03-01 07:00:00+00:00,34,1,291911,118.4609375,118.4765625,118.4375,118.4765625,462,ZFH2
2022-03-01 08:00:00+00:00,34,1,291911,118.46875,118.5703125,118.46875,118.53125,307,ZFH2
2022-03-01 09:00:00+00:00,34,1,291911,118.546875,118.78125,118.5234375,118.7421875,505,ZFH2
2022-03-01 10:00:00+00:00,34,1,291911,118.7421875,119.109375,118.734375,119.09375,1993,ZFH2
2022-03-01 11:00:00+00:00,34,1,291911,119.1171875,119.3125,119.0703125,119.2265625,2387,ZFH2
2022-03-01 12:00:00+00:00,34,1,291911,119.2421875,119.3828125,119.03125,119.1015625,2340,ZFH2
2022-03-01 13:00:00+00:00,34,1,291911,119.1171875,119.234375,118.8984375,119.0,3068,ZFH2
2022-03-01 14:00:00+00:00,34,1,291911,119.0078125,119.203125,118.96875,119.171875,1559,ZFH2
2022-03-01 15:00:00+00:00,34,1,291911,119.1796875,119.3046875,119.15625,119.2890625,2124,ZFH2
2022-03-01 16:00:00+00:00,34,1,291911,119.3046875,119.5,119.2265625,119.3515625,955,ZFH2
2022-03-01 17:00:00+00:00,34,1,291911,119.3671875,119.4140625,119.3203125,119.3359375,489,ZFH2
2022-03-01 18:00:00+00:00,34,1,291911,119.296875,119.609375,119.2890625,119.5546875,1149,ZFH2
2022-03-01 19:00:00+00:00,34,1,291911,119.5546875,119.6171875,119.3828125,119.4609375,921,ZFH2
2022-03-01 20:00:00+00:00,34,1,291911,119.46875,119.46875,119.2890625,119.296875,435,ZFH2
2022-03-01 21:00:00+00:00,34,1,291911,119.3125,119.3828125,119.2734375,119.2734375,381,ZFH2
2022-03-01 23:00:00+00:00,34,1,291911,119.21875,119.2421875,119.21875,119.2421875,2,ZFH2
2022-03-02 00:00:00+00:00,34,1,291911,119.21875,119.21875,119.15625,119.1640625,108,ZFH2
2022-03-02 01:00:00+00:00,34,1,291911,119.109375,119.125,119.0625,119.0703125,19,ZFH2
2022-03-02 02:00:00+00:00,34,1,291911,119.046875,119.171875,119.0390625,119.171875,55,ZFH2
2022-03-02 03:00:00+00:00,34,1,291911,119.1015625,119.1015625,119.1015625,119.1015625,1,ZFH2
2022-03-02 04:00:00+00:00,34,1,291911,119.21875,119.21875,119.21875,119.21875,9,ZFH2
2022-03-02 05:00:00+00:00,34,1,291911,119.2578125,119.3359375,119.2578125,119.3359375,10,ZFH2
2022-03-02 06:00:00+00:00,34,1,291911,119.3671875,119.5,119.3671875,119.5,61,ZFH2
2022-03-02 07:00:00+00:00,34,1,291911,119.5546875,119.5546875,119.390625,119.4140625,125,ZFH2
2022-03-02 08:00:00+00:00,34,1,291911,119.3671875,119.390625,119.171875,119.265625,298,ZFH2
2022-03-02 09:00:00+00:00,34,1,291911,119.265625,119.3125,119.1796875,119.1875,298,ZFH2
2022-03-02 10:00:00+00:00,34,1,291911,119.1640625,119.1640625,119.015625,119.0625,515,ZFH2
2022-03-02 11:00:00+00:00,34,1,291911,119.0390625,119.0859375,118.9765625,119.0390625,203,ZFH2
2022-03-02 12:00:00+00:00,34,1,291911,119.0,119.0390625,118.921875,119.0234375,298,ZFH2
2022-03-02 13:00:00+00:00,34,1,291911,119.0234375,119.0234375,118.8359375,118.890625,705,ZFH2
2022-03-02 14:00:00+00:00,34,1,291911,118.8984375,118.9296875,118.8046875,118.8359375,1151,ZFH2
2022-03-02 15:00:00+00:00,34,1,291911,118.8203125,118.8984375,118.5859375,118.5859375,1031,ZFH2
2022-03-02 16:00:00+00:00,34,1,291911,118.5859375,118.6015625,118.4921875,118.5546875,970,ZFH2
2022-03-02 17:00:00+00:00,34,1,291911,118.5625,118.578125,118.515625,118.5703125,636,ZFH2
2022-03-02 18:00:00+00:00,34,1,291911,118.578125,118.59375,118.46875,118.46875,270,ZFH2
2022-03-02 19:00:00+00:00,34,1,291911,118.4609375,118.515625,118.4453125,118.484375,324,ZFH2
2022-03-02 20:00:00+00:00,34,1,291911,118.46875,118.515625,118.3515625,118.3515625,170,ZFH2
2022-03-02 21:00:00+00:00,34,1,291911,118.3515625,118.421875,118.34375,118.421875,204,ZFH2
2022-03-02 23:00:00+00:00,34,1,291911,118.6875,118.6953125,118.625,118.625,16,ZFH2
2022-03-03 01:00:00+00:00,34,1,291911,118.7109375,118.7109375,118.6640625,118.6640625,7,ZFH2
2022-03-03 02:00:00+00:00,34,1,291911,118.640625,118.640625,118.5625,118.5703125,13,ZFH2
2022-03-03 07:00:00+00:00,34,1,291911,118.578125,118.578125,118.578125,118.578125,4,ZFH2
2022-03-03 08:00:00+00:00,34,1,291911,118.46875,118.484375,118.3984375,118.453125,349,ZFH2
2022-03-03 09:00:00+00:00,34,1,291911,118.4453125,118.4609375,118.328125,118.3671875,262,ZFH2
2022-03-03 10:00:00+00:00,34,1,291911,118.3984375,118.5390625,118.3828125,118.5078125,110,ZFH2
2022-03-03 11:00:00+00:00,34,1,291911,118.53125,118.5625,118.5,118.5234375,162,ZFH2
2022-03-03 12:00:00+00:00,34,1,291911,118.53125,118.609375,118.484375,118.5234375,171,ZFH2
2022-03-03 13:00:00+00:00,34,1,291911,118.53125,118.6484375,118.5,118.515625,574,ZFH2
2022-03-03 14:00:00+00:00,34,1,291911,118.515625,118.515625,118.34375,118.3515625,246,ZFH2
2022-03-03 15:00:00+00:00,34,1,291911,118.375,118.484375,118.3515625,118.4453125,1435,ZFH2
2022-03-03 16:00:00+00:00,34,1,291911,118.4375,118.6015625,118.4296875,118.5625,465,ZFH2
2022-03-03 17:00:00+00:00,34,1,291911,118.5390625,118.546875,118.421875,118.4296875,238,ZFH2
2022-03-03 18:00:00+00:00,34,1,291911,118.46875,118.46875,118.4140625,118.453125,56,ZFH2
2022-03-03 19:00:00+00:00,34,1,291911,118.4609375,118.4921875,118.421875,118.4921875,56,ZFH2
2022-03-03 20:00:00+00:00,34,1,291911,118.4921875,118.515625,118.4921875,118.515625,2,ZFH2
2022-03-03 21:00:00+00:00,34,1,291911,118.4921875,118.546875,118.4921875,118.546875,3,ZFH2
2022-03-04 00:00:00+00:00,34,1,291911,118.8203125,119.3046875,118.8203125,119.2421875,20,ZFH2
2022-03-04 01:00:00+00:00,34,1,291911,118.78125,118.78125,118.65625,118.65625,2,ZFH2
2022-03-04 02:00:00+00:00,34,1,291911,118.765625,118.765625,118.71875,118.71875,140,ZFH2
2022-03-04 07:00:00+00:00,34,1,291911,118.71875,118.71875,118.6875,118.703125,11,ZFH2
2022-03-04 08:00:00+00:00,34,1,291911,118.6328125,118.7578125,118.6328125,118.7578125,5,ZFH2
2022-03-04 09:00:00+00:00,34,1,291911,118.8828125,118.8828125,118.8828125,118.8828125,1,ZFH2
2022-03-04 10:00:00+00:00,34,1,291911,118.7109375,118.7109375,118.7109375,118.7109375,1,ZFH2
2022-03-04 11:00:00+00:00,34,1,291911,118.796875,118.796875,118.796875,118.796875,50,ZFH2
2022-03-04 12:00:00+00:00,34,1,291911,118.890625,118.8984375,118.890625,118.8984375,3,ZFH2
2022-03-04 13:00:00+00:00,34,1,291911,118.7421875,118.9296875,118.7421875,118.90625,34,ZFH2
2022-03-04 14:00:00+00:00,34,1,291911,118.8203125,119.046875,118.8203125,119.0234375,678,ZFH2
2022-03-04 15:00:00+00:00,34,1,291911,119.0234375,119.171875,118.9765625,119.1640625,259,ZFH2
2022-03-04 16:00:00+00:00,34,1,291911,119.15625,119.15625,119.1171875,119.15625,74,ZFH2
2022-03-04 17:00:00+00:00,34,1,291911,119.1015625,119.1015625,118.984375,119.0,126,ZFH2
2022-03-04 18:00:00+00:00,34,1,291911,118.9921875,119.0390625,118.9375,119.03125,91,ZFH2
2022-03-04 19:00:00+00:00,34,1,291911,119.03125,119.0546875,119.0,119.0,104,ZFH2
2022-03-04 20:00:00+00:00,34,1,291911,119.0234375,119.03125,118.984375,118.984375,49,ZFH2
2022-03-04 21:00:00+00:00,34,1,291911,119.015625,119.015625,118.890625,118.890625,193,ZFH2
2022-03-07 03:00:00+00:00,34,1,291911,119.234375,119.265625,119.234375,119.265625,19,ZFH2
2022-03-07 07:00:00+00:00,34,1,291911,119.171875,119.171875,119.15625,119.15625,8,ZFH2
2022-03-07 08:00:00+00:00,34,1,291911,119.171875,119.1796875,119.1171875,119.125,17,ZFH2
2022-03-07 09:00:00+00:00,34,1,291911,119.015625,119.015625,119.015625,119.015625,17,ZFH2
2022-03-07 10:00:00+00:00,34,1,291911,119.03125,119.1015625,119.03125,119.1015625,8,ZFH2
2022-03-07 11:00:00+00:00,34,1,291911,119.1015625,119.1015625,118.984375,118.984375,15,ZFH2
2022-03-07 12:00:00+00:00,34,1,291911,118.984375,118.984375,118.7734375,118.8125,102,ZFH2
2022-03-07 13:00:00+00:00,34,1,291911,118.859375,118.875,118.6875,118.6875,37,ZFH2
2022-03-07 14:00:00+00:00,34,1,291911,118.6484375,118.7890625,118.625,118.765625,52,ZFH2
2022-03-07 15:00:00+00:00,34,1,291911,118.7734375,118.9140625,118.7734375,118.828125,73,ZFH2
2022-03-07 16:00:00+00:00,34,1,291911,118.8359375,118.8359375,118.703125,118.7578125,31,ZFH2
2022-03-07 17:00:00+00:00,34,1,291911,118.828125,118.8671875,118.7578125,118.84375,77,ZFH2
2022-03-07 18:00:00+00:00,34,1,291911,118.7734375,118.7734375,118.765625,118.765625,2,ZFH2
2022-03-07 19:00:00+00:00,34,1,291911,118.75,118.75,118.7265625,118.734375,36,ZFH2
2022-03-07 20:00:00+00:00,34,1,291911,118.65625,118.6875,118.640625,118.6875,7,ZFH2
2022-03-07 21:00:00+00:00,34,1,291911,118.609375,118.6640625,118.609375,118.6328125,22,ZFH2
2022-03-07 23:00:00+00:00,34,1,291911,118.6328125,118.6328125,118.6328125,118.6328125,2,ZFH2
2022-03-08 01:00:00+00:00,34,1,291911,118.515625,118.515625,118.515625,118.515625,1,ZFH2
2022-03-08 07:00:00+00:00,34,1,291911,118.484375,118.484375,118.484375,118.484375,1,ZFH2
2022-03-08 08:00:00+00:00,34,1,291911,118.265625,118.265625,118.234375,118.234375,212,ZFH2
2022-03-08 10:00:00+00:00,34,1,291911,118.2890625,118.296875,118.2890625,118.296875,8,ZFH2
2022-03-08 11:00:00+00:00,34,1,291911,118.234375,118.25,118.2265625,118.2265625,6,ZFH2
2022-03-08 13:00:00+00:00,34,1,291911,118.265625,118.3359375,118.265625,118.3046875,101,ZFH2
2022-03-08 14:00:00+00:00,34,1,291911,118.3046875,118.3203125,118.3046875,118.3046875,13,ZFH2
2022-03-08 16:00:00+00:00,34,1,291911,118.2890625,118.2890625,118.203125,118.21875,332,ZFH2
2022-03-08 17:00:00+00:00,34,1,291911,118.1953125,118.2265625,118.1953125,118.2265625,32,ZFH2
2022-03-08 18:00:00+00:00,34,1,291911,118.1953125,118.1953125,118.140625,118.1953125,249,ZFH2
2022-03-08 19:00:00+00:00,34,1,291911,118.2421875,118.2421875,118.21875,118.2265625,57,ZFH2
2022-03-08 20:00:00+00:00,34,1,291911,118.1640625,118.2109375,118.1484375,118.1953125,889,ZFH2
2022-03-08 21:00:00+00:00,34,1,291911,118.3046875,118.3125,118.3046875,118.3125,12,ZFH2
2022-03-09 09:00:00+00:00,34,1,291911,118.0,118.0,118.0,118.0,5,ZFH2
2022-03-09 12:00:00+00:00,34,1,291911,117.953125,117.9609375,117.953125,117.9609375,5,ZFH2
2022-03-09 13:00:00+00:00,34,1,291911,117.9765625,118.0,117.953125,118.0,233,ZFH2
2022-03-09 14:00:00+00:00,34,1,291911,118.0,118.0,117.84375,117.90625,927,ZFH2
2022-03-09 15:00:00+00:00,34,1,291911,117.890625,117.921875,117.84375,117.84375,75,ZFH2
2022-03-09 16:00:00+00:00,34,1,291911,117.890625,117.8984375,117.8671875,117.8671875,33,ZFH2
2022-03-09 17:00:00+00:00,34,1,291911,117.890625,117.9375,117.875,117.875,39,ZFH2
2022-03-09 18:00:00+00:00,34,1,291911,117.890625,117.9296875,117.859375,117.859375,144,ZFH2
2022-03-09 19:00:00+00:00,34,1,291911,117.8515625,117.8515625,117.8125,117.8203125,6,ZFH2
2022-03-09 20:00:00+00:00,34,1,291911,117.8203125,117.8828125,117.8203125,117.8828125,18,ZFH2
2022-03-09 21:00:00+00:00,34,1,291911,117.8515625,117.8515625,117.828125,117.8515625,14,ZFH2
2022-03-10 02:00:00+00:00,34,1,291911,117.8828125,117.8828125,117.8828125,117.8828125,5,ZFH2
2022-03-10 07:00:00+00:00,34,1,291911,117.875,117.9140625,117.8515625,117.9140625,12,ZFH2
2022-03-10 08:00:00+00:00,34,1,291911,117.890625,117.9609375,117.890625,117.9609375,25,ZFH2
2022-03-10 09:00:00+00:00,34,1,291911,117.96875,117.96875,117.96875,117.96875,1,ZFH2
2022-03-10 12:00:00+00:00,34,1,291911,117.8125,117.8125,117.65625,117.65625,72,ZFH2
2022-03-10 13:00:00+00:00,34,1,291911,117.65625,117.765625,117.484375,117.625,232,ZFH2
2022-03-10 14:00:00+00:00,34,1,291911,117.640625,117.640625,117.6171875,117.6171875,4,ZFH2
2022-03-10 15:00:00+00:00,34,1,291911,117.6015625,117.6015625,117.515625,117.546875,113,ZFH2
2022-03-10 16:00:00+00:00,34,1,291911,117.5546875,117.5625,117.5546875,117.5625,7,ZFH2
2022-03-10 18:00:00+00:00,34,1,291911,117.53125,117.546875,117.53125,117.546875,20,ZFH2
2022-03-10 20:00:00+00:00,34,1,291911,117.5859375,117.6015625,117.578125,117.578125,126,ZFH2
2022-03-10 21:00:00+00:00,34,1,291911,117.6015625,117.625,117.6015625,117.625,100,ZFH2
2022-03-11 04:00:00+00:00,34,1,291911,117.703125,117.703125,117.703125,117.703125,1,ZFH2
2022-03-11 06:00:00+00:00,34,1,291911,117.6796875,117.6796875,117.6796875,117.6796875,1,ZFH2
2022-03-11 11:00:00+00:00,34,1,291911,117.453125,117.453125,117.4453125,117.4453125,100,ZFH2
2022-03-11 14:00:00+00:00,34,1,291911,117.46875,117.4765625,117.46875,117.4765625,11,ZFH2
2022-03-11 15:00:00+00:00,34,1,291911,117.4609375,117.4921875,117.4453125,117.4453125,130,ZFH2
2022-03-11 16:00:00+00:00,34,1,291911,117.3671875,117.5078125,117.3671875,117.4765625,112,ZFH2
2022-03-11 17:00:00+00:00,34,1,291911,117.4921875,117.4921875,117.4921875,117.4921875,1,ZFH2
2022-03-11 18:00:00+00:00,34,1,291911,117.4140625,117.4140625,117.4140625,117.4140625,2,ZFH2
2022-03-11 20:00:00+00:00,34,1,291911,117.453125,117.4921875,117.4375,117.4921875,152,ZFH2
2022-03-11 21:00:00+00:00,34,1,291911,117.453125,117.453125,117.453125,117.453125,2,ZFH2
2022-03-13 22:00:00+00:00,34,1,291911,117.4140625,117.4140625,117.4140625,117.4140625,11,ZFH2
2022-03-14 00:00:00+00:00,34,1,291911,117.21875,117.2421875,117.21875,117.2421875,2,ZFH2
2022-03-14 04:00:00+00:00,34,1,291911,117.1796875,117.1796875,117.1796875,117.1796875,1,ZFH2
2022-03-14 06:00:00+00:00,34,1,291911,117.1875,117.1875,117.1875,117.1875,1,ZFH2
2022-03-14 08:00:00+00:00,34,1,291911,117.171875,117.1875,117.1640625,117.1875,4,ZFH2
2022-03-14 09:00:00+00:00,34,1,291911,117.0390625,117.0390625,117.0,117.0,6,ZFH2
2022-03-14 10:00:00+00:00,34,1,291911,117.0078125,117.0078125,116.984375,116.984375,122,ZFH2
2022-03-14 11:00:00+00:00,34,1,291911,117.1171875,117.140625,117.1015625,117.1015625,27,ZFH2
2022-03-14 18:00:00+00:00,34,1,291911,116.9453125,116.96875,116.9453125,116.96875,3,ZFH2
2022-03-14 19:00:00+00:00,34,1,291911,116.828125,116.84375,116.828125,116.828125,13,ZFH2
2022-03-14 20:00:00+00:00,34,1,291911,116.78125,116.78125,116.7734375,116.7734375,3,ZFH2
2022-03-15 04:00:00+00:00,34,1,291911,116.7578125,116.7578125,116.75,116.75,21,ZFH2
2022-03-15 08:00:00+00:00,34,1,291911,117.015625,117.0703125,117.0078125,117.0703125,87,ZFH2
2022-03-15 09:00:00+00:00,34,1,291911,116.953125,116.953125,116.9375,116.9375,97,ZFH2
2022-03-15 10:00:00+00:00,34,1,291911,116.9609375,116.9609375,116.9609375,116.9609375,1,ZFH2
2022-03-15 11:00:00+00:00,34,1,291911,116.9140625,116.9296875,116.9140625,116.9296875,3,ZFH2
2022-03-15 13:00:00+00:00,34,1,291911,117.09375,117.09375,117.0703125,117.0703125,12,ZFH2
2022-03-15 14:00:00+00:00,34,1,291911,117.1171875,117.1171875,116.9921875,116.9921875,19,ZFH2
2022-03-15 15:00:00+00:00,34,1,291911,116.9453125,116.9453125,116.9375,116.9453125,5,ZFH2
2022-03-15 18:00:00+00:00,34,1,291911,116.75,116.75,116.7265625,116.7265625,2,ZFH2
2022-03-15 19:00:00+00:00,34,1,291911,116.7734375,116.7734375,116.75,116.75,65,ZFH2
2022-03-16 04:00:00+00:00,34,1,291911,116.796875,116.796875,116.765625,116.765625,2,ZFH2
2022-03-16 05:00:00+00:00,34,1,291911,116.7578125,116.7578125,116.7265625,116.7265625,2,ZFH2
2022-03-16 11:00:00+00:00,34,1,291911,116.6796875,116.6796875,116.6796875,116.6796875,17,ZFH2
2022-03-16 12:00:00+00:00,34,1,291911,116.640625,116.640625,116.640625,116.640625,35,ZFH2
2022-03-16 13:00:00+00:00,34,1,291911,116.59375,116.6328125,116.5625,116.6328125,93,ZFH2
2022-03-16 14:00:00+00:00,34,1,291911,116.515625,116.59375,116.4921875,116.59375,270,ZFH2
2022-03-16 15:00:00+00:00,34,1,291911,116.609375,116.6171875,116.6015625,116.6015625,40,ZFH2
2022-03-16 16:00:00+00:00,34,1,291911,116.6171875,116.6171875,116.59375,116.59375,29,ZFH2
2022-03-16 19:00:00+00:00,34,1,291911,116.34375,116.4140625,116.328125,116.4140625,30,ZFH2
2022-03-17 04:00:00+00:00,34,1,291911,116.59375,116.59375,116.59375,116.59375,3,ZFH2
2022-03-17 05:00:00+00:00,34,1,291911,116.5625,116.5625,116.5625,116.5625,7,ZFH2
2022-03-17 13:00:00+00:00,34,1,291911,116.484375,116.484375,116.453125,116.453125,2,ZFH2
2022-03-17 14:00:00+00:00,34,1,291911,116.6015625,116.6015625,116.6015625,116.6015625,1,ZFH2
2022-03-17 15:00:00+00:00,34,1,291911,116.5859375,116.5859375,116.53125,116.53125,7,ZFH2
2022-03-17 18:00:00+00:00,34,1,291911,116.4609375,116.4609375,116.4140625,116.4140625,3,ZFH2
2022-03-17 20:00:00+00:00,34,1,291911,116.4140625,116.453125,116.3515625,116.4453125,107,ZFH2
2022-03-18 01:00:00+00:00,34,1,291911,116.4765625,116.4765625,116.4765625,116.4765625,1,ZFH2
2022-03-18 04:00:00+00:00,34,1,291911,116.4921875,116.4921875,116.4921875,116.4921875,1,ZFH2
2022-03-18 06:00:00+00:00,34,1,291911,116.5078125,116.5078125,116.5078125,116.5078125,2,ZFH2
2022-03-18 07:00:00+00:00,34,1,291911,116.5,116.5,116.5,116.5,3,ZFH2
2022-03-18 09:00:00+00:00,34,1,291911,116.5625,116.59375,116.5625,116.59375,5,ZFH2
2022-03-18 10:00:00+00:00,34,1,291911,116.6796875,116.6796875,116.6484375,116.6484375,17,ZFH2
2022-03-18 12:00:00+00:00,34,1,291911,116.5859375,116.59375,116.5859375,116.59375,4,ZFH2
2022-03-18 16:00:00+00:00,34,1,291911,116.5078125,116.53125,116.5078125,116.53125,55,ZFH2
2022-03-18 17:00:00+00:00,34,1,291911,116.4609375,116.4609375,116.421875,116.4296875,80,ZFH2
2022-03-18 20:00:00+00:00,34,1,291911,116.5,116.5,116.5,116.5,1,ZFH2
2022-03-21 04:00:00+00:00,34,1,291911,116.375,116.375,116.375,116.375,1,ZFH2
2022-03-21 07:00:00+00:00,34,1,291911,116.28125,116.28125,116.2734375,116.28125,101,ZFH2
2022-03-21 09:00:00+00:00,34,1,291911,116.25,116.28125,116.25,116.28125,4,ZFH2
2022-03-21 11:00:00+00:00,34,1,291911,116.2578125,116.2578125,116.2578125,116.2578125,1,ZFH2
2022-03-21 14:00:00+00:00,34,1,291911,116.046875,116.0859375,116.0078125,116.015625,301,ZFH2
2022-03-21 15:00:00+00:00,34,1,291911,116.015625,116.015625,116.015625,116.015625,6,ZFH2
2022-03-21 16:00:00+00:00,34,1,291911,115.90625,115.90625,115.796875,115.796875,6,ZFH2
2022-03-21 17:00:00+00:00,34,1,291911,115.6953125,115.6953125,115.6953125,115.6953125,1,ZFH2
2022-03-21 18:00:00+00:00,34,1,291911,115.609375,115.609375,115.609375,115.609375,1,ZFH2
2022-03-21 20:00:00+00:00,34,1,291911,115.640625,115.640625,115.640625,115.640625,2,ZFH2
2022-03-22 09:00:00+00:00,34,1,291911,115.359375,115.359375,115.3203125,115.3203125,14,ZFH2
2022-03-22 10:00:00+00:00,34,1,291911,115.421875,115.421875,115.421875,115.421875,1,ZFH2
2022-03-22 12:00:00+00:00,34,1,291911,115.3671875,115.3671875,115.3671875,115.3671875,1,ZFH2
2022-03-22 17:00:00+00:00,34,1,291911,115.375,115.375,115.375,115.375,1,ZFH2
2022-03-22 19:00:00+00:00,34,1,291911,115.328125,115.328125,115.2890625,115.2890625,21,ZFH2
2022-03-23 04:00:00+00:00,34,1,291911,115.21875,115.21875,115.21875,115.21875,1,ZFH2
2022-03-23 14:00:00+00:00,34,1,291911,115.4453125,115.4453125,115.4453125,115.4453125,12,ZFH2
2022-03-23 20:00:00+00:00,34,1,291911,115.6953125,115.6953125,115.6953125,115.6953125,2,ZFH2
2022-03-25 13:00:00+00:00,34,1,291911,114.9765625,114.9765625,114.8359375,114.875,74,ZFH2
2022-03-25 14:00:00+00:00,34,1,291911,114.5546875,114.5546875,114.5546875,114.5546875,1,ZFH2
2022-03-25 16:00:00+00:00,34,1,291911,114.546875,114.546875,114.546875,114.546875,1,ZFH2
2022-03-28 01:00:00+00:00,34,1,291911,114.625,114.625,114.625,114.625,10,ZFH2
2022-03-28 02:00:00+00:00,34,1,291911,114.40625,114.40625,114.3515625,114.359375,35,ZFH2
2022-03-28 03:00:00+00:00,34,1,291911,114.3125,114.3125,114.3125,114.3125,12,ZFH2
2022-03-28 15:00:00+00:00,34,1,291911,114.5859375,114.5859375,114.5859375,114.5859375,1,ZFH2
2022-03-28 19:00:00+00:00,34,1,291911,114.5625,114.5625,114.5390625,114.5390625,5,ZFH2
2022-03-28 20:00:00+00:00,34,1,291911,114.5390625,114.5390625,114.5234375,114.53125,9,ZFH2
2022-03-29 20:00:00+00:00,34,1,291911,114.75,114.75,114.734375,114.734375,3,ZFH2
2022-03-30 08:00:00+00:00,34,1,291911,115.0390625,115.1171875,115.0390625,115.1171875,25,ZFH2
2022-03-30 15:00:00+00:00,34,1,291911,114.953125,114.953125,114.953125,114.953125,2,ZFH2
2022-03-30 17:00:00+00:00,34,1,291911,114.9921875,115.0078125,114.9921875,115.0078125,109,ZFH2
2022-03-30 19:00:00+00:00,34,1,291911,115.0234375,115.03125,115.015625,115.015625,4,ZFH2
2022-03-30 22:00:00+00:00,34,1,291911,115.1171875,115.1171875,115.1171875,115.1171875,4,ZFH2
2022-03-31 13:00:00+00:00,34,1,291911,115.1484375,115.1484375,115.1484375,115.1484375,5,ZFH2
2022-03-31 15:00:00+00:00,34,1,291911,115.1953125,115.1953125,115.1953125,115.1953125,6,ZFH2
