ts_event,rtype,publisher_id,instrument_id,open,high,low,close,volume,symbol
2023-01-04 00:00:00+00:00,34,1,338574,113.53125,113.53125,113.53125,113.53125,1,ZNU3
2023-01-26 14:00:00+00:00,34,1,338574,117.0,117.0,117.0,117.0,1,ZNU3
2023-01-27 17:00:00+00:00,34,1,338574,116.0,116.0,116.0,116.0,1,ZNU3
2023-01-30 14:00:00+00:00,34,1,338574,115.78125,115.984375,115.78125,115.984375,6,ZNU3
2023-01-30 15:00:00+00:00,34,1,338574,116.40625,116.40625,116.40625,116.40625,4,ZNU3
2023-01-31 13:00:00+00:00,34,1,338574,115.9375,115.9375,115.9375,115.9375,1,ZNU3
2023-02-06 16:00:00+00:00,34,1,338574,115.0,115.0,115.0,115.0,1,ZNU3
2023-02-06 17:00:00+00:00,34,1,338574,115.0,115.0,115.0,115.0,1,ZNU3
2023-02-07 12:00:00+00:00,34,1,338574,114.921875,114.921875,114.4375,114.4375,2,ZNU3
2023-02-07 18:00:00+00:00,34,1,338574,114.625,114.625,114.625,114.625,1,ZNU3
2023-02-10 16:00:00+00:00,34,1,338574,114.0,114.0,114.0,114.0,1,ZNU3
2023-02-21 23:00:00+00:00,34,1,338574,111.84375,111.84375,111.84375,111.84375,1,ZNU3
2023-02-22 11:00:00+00:00,34,1,338574,112.015625,112.015625,112.015625,112.015625,1,ZNU3
2023-02-22 14:00:00+00:00,34,1,338574,112.15625,112.15625,112.15625,112.15625,1,ZNU3
2023-02-23 14:00:00+00:00,34,1,338574,112.0,112.0,112.0,112.0,1,ZNU3
2023-02-23 18:00:00+00:00,34,1,338574,112.3125,112.3125,112.3125,112.3125,1,ZNU3
2023-02-24 01:00:00+00:00,34,1,338574,112.3125,112.3125,112.3125,112.3125,1,ZNU3
2023-02-24 06:00:00+00:00,34,1,338574,112.609375,112.609375,112.609375,112.609375,2,ZNU3
2023-02-24 11:00:00+00:00,34,1,338574,112.3125,112.3125,112.3125,112.3125,1,ZNU3
2023-02-24 12:00:00+00:00,34,1,338574,112.265625,112.265625,112.265625,112.265625,3,ZNU3
2023-02-24 13:00:00+00:00,34,1,338574,112.0625,112.0625,112.0,112.0,3,ZNU3
2023-02-24 14:00:00+00:00,34,1,338574,111.9375,111.9375,111.71875,111.71875,3,ZNU3
2023-02-24 17:00:00+00:00,34,1,338574,111.71875,111.71875,111.71875,111.71875,1,ZNU3
2023-02-27 10:00:00+00:00,34,1,338574,111.71875,111.71875,111.71875,111.71875,1,ZNU3
2023-02-27 11:00:00+00:00,34,1,338574,111.6875,111.6875,111.6875,111.6875,1,ZNU3
2023-02-27 12:00:00+00:00,34,1,338574,111.8125,111.8125,111.8125,111.8125,2,ZNU3
2023-02-27 13:00:00+00:00,34,1,338574,111.65625,111.953125,111.65625,111.953125,2,ZNU3
2023-02-27 14:00:00+00:00,34,1,338574,111.734375,111.734375,111.734375,111.734375,1,ZNU3
2023-02-27 15:00:00+00:00,34,1,338574,111.765625,112.140625,111.765625,112.140625,2,ZNU3
2023-02-28 14:00:00+00:00,34,1,338574,111.828125,111.828125,111.828125,111.828125,1,ZNU3
2023-02-28 16:00:00+00:00,34,1,338574,112.0,112.0,112.0,112.0,1,ZNU3
2023-02-28 17:00:00+00:00,34,1,338574,112.03125,112.03125,112.03125,112.03125,1,ZNU3
2023-03-01 07:00:00+00:00,34,1,338574,111.78125,111.78125,111.78125,111.78125,1,ZNU3
2023-03-01 11:00:00+00:00,34,1,338574,112.0,112.0625,112.0,112.0625,2,ZNU3
2023-03-01 15:00:00+00:00,34,1,338574,111.6875,111.6875,111.46875,111.46875,5,ZNU3
2023-03-01 18:00:00+00:00,34,1,338574,111.5,111.5,111.5,111.5,1,ZNU3
2023-03-01 20:00:00+00:00,34,1,338574,111.484375,111.484375,111.375,111.375,6,ZNU3
2023-03-01 21:00:00+00:00,34,1,338574,111.5,111.5,111.5,111.5,2,ZNU3
2023-03-02 03:00:00+00:00,34,1,338574,111.1875,111.1875,111.125,111.125,3,ZNU3
2023-03-02 04:00:00+00:00,34,1,338574,111.125,111.125,111.125,111.125,1,ZNU3
2023-03-02 07:00:00+00:00,34,1,338574,111.0,111.0,111.0,111.0,2,ZNU3
2023-03-02 11:00:00+00:00,34,1,338574,111.25,111.25,111.25,111.25,2,ZNU3
2023-03-02 13:00:00+00:00,34,1,338574,110.9375,110.9375,110.9375,110.9375,3,ZNU3
2023-03-02 14:00:00+00:00,34,1,338574,111.0,111.0,111.0,111.0,1,ZNU3
2023-03-02 15:00:00+00:00,34,1,338574,110.9375,110.9375,110.859375,110.859375,2,ZNU3
2023-03-02 16:00:00+00:00,34,1,338574,110.96875,110.96875,110.96875,110.96875,2,ZNU3
2023-03-02 18:00:00+00:00,34,1,338574,110.90625,110.90625,110.90625,110.90625,2,ZNU3
2023-03-02 19:00:00+00:00,34,1,338574,111.0,111.0,111.0,111.0,1,ZNU3
2023-03-02 20:00:00+00:00,34,1,338574,110.953125,110.953125,110.953125,110.953125,1,ZNU3
2023-03-02 21:00:00+00:00,34,1,338574,111.0,111.0,111.0,111.0,1,ZNU3
2023-03-03 08:00:00+00:00,34,1,338574,111.015625,111.328125,111.015625,111.328125,4,ZNU3
2023-03-03 13:00:00+00:00,34,1,338574,111.421875,111.421875,111.421875,111.421875,2,ZNU3
2023-03-03 15:00:00+00:00,34,1,338574,111.015625,111.015625,111.015625,111.015625,1,ZNU3
2023-03-03 16:00:00+00:00,34,1,338574,111.296875,111.296875,111.296875,111.296875,1,ZNU3
2023-03-03 18:00:00+00:00,34,1,338574,111.421875,111.421875,111.421875,111.421875,2,ZNU3
2023-03-03 20:00:00+00:00,34,1,338574,111.5625,111.5625,111.5625,111.5625,3,ZNU3
2023-03-05 23:00:00+00:00,34,1,338574,111.640625,111.640625,111.640625,111.640625,2,ZNU3
2023-03-06 07:00:00+00:00,34,1,338574,111.71875,111.71875,111.71875,111.71875,1,ZNU3
2023-03-06 10:00:00+00:00,34,1,338574,111.828125,111.828125,111.828125,111.828125,1,ZNU3
2023-03-06 11:00:00+00:00,34,1,338574,111.828125,111.828125,111.828125,111.828125,7,ZNU3
2023-03-06 12:00:00+00:00,34,1,338574,111.953125,111.953125,111.953125,111.953125,1,ZNU3
2023-03-06 18:00:00+00:00,34,1,338574,111.5,111.5,111.5,111.5,1,ZNU3
2023-03-07 10:00:00+00:00,34,1,338574,111.625,111.625,111.625,111.625,2,ZNU3
2023-03-07 13:00:00+00:00,34,1,338574,111.734375,111.734375,111.734375,111.734375,1,ZNU3
2023-03-07 15:00:00+00:00,34,1,338574,111.5,111.5,111.3125,111.3125,4,ZNU3
2023-03-07 18:00:00+00:00,34,1,338574,111.34375,111.34375,111.34375,111.34375,1,ZNU3
2023-03-07 19:00:00+00:00,34,1,338574,111.484375,111.484375,111.484375,111.484375,1,ZNU3
2023-03-07 21:00:00+00:00,34,1,338574,111.28125,111.28125,111.28125,111.28125,1,ZNU3
2023-03-08 00:00:00+00:00,34,1,338574,111.28125,111.28125,111.28125,111.28125,1,ZNU3
2023-03-08 05:00:00+00:00,34,1,338574,111.28125,111.296875,111.28125,111.296875,3,ZNU3
2023-03-08 13:00:00+00:00,34,1,338574,111.515625,111.515625,111.515625,111.515625,1,ZNU3
2023-03-08 14:00:00+00:00,34,1,338574,111.5625,111.78125,111.5625,111.78125,3,ZNU3
2023-03-09 07:00:00+00:00,34,1,338574,111.453125,111.453125,111.453125,111.453125,2,ZNU3
2023-03-09 13:00:00+00:00,34,1,338574,111.5625,111.5625,111.5625,111.5625,1,ZNU3
2023-03-09 14:00:00+00:00,34,1,338574,111.703125,111.953125,111.671875,111.671875,11,ZNU3
2023-03-09 18:00:00+00:00,34,1,338574,111.859375,112.0,111.859375,112.0,6,ZNU3
2023-03-09 19:00:00+00:00,34,1,338574,112.125,112.34375,111.890625,111.890625,3,ZNU3
2023-03-09 21:00:00+00:00,34,1,338574,112.3125,112.3125,111.96875,112.3125,3,ZNU3
2023-03-09 23:00:00+00:00,34,1,338574,112.0,112.0,112.0,112.0,1,ZNU3
2023-03-10 02:00:00+00:00,34,1,338574,112.4375,113.234375,112.4375,113.234375,17,ZNU3
2023-03-10 04:00:00+00:00,34,1,338574,112.5625,112.5625,112.5625,112.5625,1,ZNU3
2023-03-10 14:00:00+00:00,34,1,338574,113.0,113.40625,113.0,113.40625,3,ZNU3
2023-03-10 15:00:00+00:00,34,1,338574,113.5625,113.5625,113.5625,113.5625,1,ZNU3
2023-03-10 18:00:00+00:00,34,1,338574,113.46875,113.46875,113.46875,113.46875,1,ZNU3
2023-03-10 20:00:00+00:00,34,1,338574,113.640625,113.640625,113.640625,113.640625,1,ZNU3
2023-03-12 22:00:00+00:00,34,1,338574,113.734375,113.734375,113.734375,113.734375,1,ZNU3
2023-03-12 23:00:00+00:00,34,1,338574,113.328125,113.328125,113.328125,113.328125,1,ZNU3
2023-03-13 01:00:00+00:00,34,1,338574,113.625,113.625,113.625,113.625,1,ZNU3
2023-03-13 02:00:00+00:00,34,1,338574,113.9375,114.25,113.9375,114.09375,13,ZNU3
2023-03-13 03:00:00+00:00,34,1,338574,114.0625,114.3125,114.0625,114.0625,3,ZNU3
2023-03-13 05:00:00+00:00,34,1,338574,114.03125,114.03125,114.03125,114.03125,1,ZNU3
2023-03-13 09:00:00+00:00,34,1,338574,115.5,115.65625,115.5,115.65625,5,ZNU3
2023-03-13 11:00:00+00:00,34,1,338574,115.609375,115.609375,115.609375,115.609375,1,ZNU3
2023-03-13 12:00:00+00:00,34,1,338574,115.65625,116.0,115.65625,116.0,3,ZNU3
2023-03-13 13:00:00+00:00,34,1,338574,115.390625,115.390625,115.234375,115.3125,5,ZNU3
2023-03-13 14:00:00+00:00,34,1,338574,115.21875,115.578125,115.21875,115.578125,2,ZNU3
2023-03-13 15:00:00+00:00,34,1,338574,115.53125,115.53125,115.09375,115.09375,5,ZNU3
2023-03-13 16:00:00+00:00,34,1,338574,115.078125,115.078125,115.078125,115.078125,4,ZNU3
2023-03-13 20:00:00+00:00,34,1,338574,114.90625,114.90625,114.90625,114.90625,1,ZNU3
2023-03-13 22:00:00+00:00,34,1,338574,114.671875,114.671875,114.671875,114.671875,2,ZNU3
2023-03-13 23:00:00+00:00,34,1,338574,114.921875,114.921875,114.921875,114.921875,1,ZNU3
2023-03-14 01:00:00+00:00,34,1,338574,115.03125,115.03125,115.03125,115.03125,1,ZNU3
2023-03-14 06:00:00+00:00,34,1,338574,115.25,115.25,115.25,115.25,1,ZNU3
2023-03-14 07:00:00+00:00,34,1,338574,115.671875,115.6875,115.65625,115.6875,11,ZNU3
2023-03-14 09:00:00+00:00,34,1,338574,114.75,114.75,114.671875,114.75,4,ZNU3
2023-03-14 10:00:00+00:00,34,1,338574,114.484375,114.484375,114.484375,114.484375,1,ZNU3
2023-03-14 12:00:00+00:00,34,1,338574,114.34375,114.34375,114.34375,114.34375,1,ZNU3
2023-03-14 13:00:00+00:00,34,1,338574,114.46875,114.46875,114.03125,114.03125,7,ZNU3
2023-03-14 17:00:00+00:00,34,1,338574,114.3125,114.3125,114.3125,114.3125,1,ZNU3
2023-03-14 20:00:00+00:00,34,1,338574,114.171875,114.171875,114.125,114.125,2,ZNU3
2023-03-15 00:00:00+00:00,34,1,338574,114.0,114.0,114.0,114.0,1,ZNU3
2023-03-15 07:00:00+00:00,34,1,338574,114.0,114.0,114.0,114.0,2,ZNU3
2023-03-15 08:00:00+00:00,34,1,338574,113.890625,113.921875,113.890625,113.921875,8,ZNU3
2023-03-15 11:00:00+00:00,34,1,338574,115.234375,115.234375,115.125,115.125,2,ZNU3
2023-03-15 12:00:00+00:00,34,1,338574,115.484375,115.6875,115.484375,115.6875,2,ZNU3
2023-03-15 13:00:00+00:00,34,1,338574,115.703125,115.875,115.703125,115.875,2,ZNU3
2023-03-15 14:00:00+00:00,34,1,338574,116.125,116.265625,116.125,116.265625,3,ZNU3
2023-03-15 16:00:00+00:00,34,1,338574,116.234375,116.234375,116.234375,116.234375,1,ZNU3
2023-03-15 17:00:00+00:00,34,1,338574,115.875,115.9375,115.875,115.9375,2,ZNU3
2023-03-15 18:00:00+00:00,34,1,338574,115.75,115.75,115.75,115.75,1,ZNU3
2023-03-15 19:00:00+00:00,34,1,338574,115.5,115.75,115.5,115.75,3,ZNU3
2023-03-15 20:00:00+00:00,34,1,338574,115.640625,115.640625,115.640625,115.640625,3,ZNU3
2023-03-16 00:00:00+00:00,34,1,338574,115.625,115.625,115.625,115.625,1,ZNU3
2023-03-16 02:00:00+00:00,34,1,338574,115.53125,115.53125,115.53125,115.53125,1,ZNU3
2023-03-16 06:00:00+00:00,34,1,338574,115.390625,115.390625,115.390625,115.390625,1,ZNU3
2023-03-16 08:00:00+00:00,34,1,338574,115.734375,115.734375,115.734375,115.734375,1,ZNU3
2023-03-16 11:00:00+00:00,34,1,338574,116.03125,116.03125,116.03125,116.03125,1,ZNU3
2023-03-16 12:00:00+00:00,34,1,338574,115.78125,115.78125,115.78125,115.78125,1,ZNU3
2023-03-16 14:00:00+00:00,34,1,338574,116.5,116.6875,115.9375,115.9375,9,ZNU3
2023-03-16 15:00:00+00:00,34,1,338574,115.46875,115.46875,115.46875,115.46875,1,ZNU3
2023-03-16 16:00:00+00:00,34,1,338574,115.390625,115.484375,115.375,115.375,4,ZNU3
2023-03-16 19:00:00+00:00,34,1,338574,114.796875,114.796875,114.796875,114.796875,1,ZNU3
2023-03-17 03:00:00+00:00,34,1,338574,114.625,114.625,114.625,114.625,1,ZNU3
2023-03-17 05:00:00+00:00,34,1,338574,114.859375,114.859375,114.859375,114.859375,1,ZNU3
2023-03-17 08:00:00+00:00,34,1,338574,114.921875,114.921875,114.921875,114.921875,4,ZNU3
2023-03-17 11:00:00+00:00,34,1,338574,115.546875,115.6875,115.546875,115.6875,2,ZNU3
2023-03-17 12:00:00+00:00,34,1,338574,115.6875,115.6875,115.6875,115.6875,1,ZNU3
2023-03-17 14:00:00+00:00,34,1,338574,115.90625,116.09375,115.90625,116.09375,2,ZNU3
2023-03-17 15:00:00+00:00,34,1,338574,116.375,116.375,116.15625,116.34375,3,ZNU3
2023-03-17 17:00:00+00:00,34,1,338574,116.546875,116.546875,116.546875,116.546875,2,ZNU3
2023-03-17 18:00:00+00:00,34,1,338574,116.53125,116.53125,116.53125,116.53125,1,ZNU3
2023-03-17 19:00:00+00:00,34,1,338574,116.609375,116.625,116.3125,116.3125,30,ZNU3
2023-03-17 20:00:00+00:00,34,1,338574,116.265625,116.265625,116.265625,116.265625,1,ZNU3
2023-03-19 22:00:00+00:00,34,1,338574,116.03125,116.03125,116.03125,116.03125,1,ZNU3
2023-03-20 00:00:00+00:00,34,1,338574,115.546875,115.578125,115.546875,115.578125,2,ZNU3
2023-03-20 03:00:00+00:00,34,1,338574,116.28125,116.28125,116.28125,116.28125,1,ZNU3
2023-03-20 06:00:00+00:00,34,1,338574,116.90625,117.0,116.90625,117.0,2,ZNU3
2023-03-20 07:00:00+00:00,34,1,338574,117.21875,117.21875,117.21875,117.21875,2,ZNU3
2023-03-20 08:00:00+00:00,34,1,338574,117.21875,117.640625,116.78125,116.78125,11,ZNU3
2023-03-20 10:00:00+00:00,34,1,338574,116.578125,116.578125,116.578125,116.578125,2,ZNU3
2023-03-20 11:00:00+00:00,34,1,338574,116.8125,116.8125,116.8125,116.8125,1,ZNU3
2023-03-20 12:00:00+00:00,34,1,338574,116.515625,116.515625,116.421875,116.421875,2,ZNU3
2023-03-20 13:00:00+00:00,34,1,338574,116.34375,116.34375,116.15625,116.15625,4,ZNU3
2023-03-20 14:00:00+00:00,34,1,338574,115.875,115.875,115.875,115.875,1,ZNU3
2023-03-20 15:00:00+00:00,34,1,338574,115.734375,115.734375,115.734375,115.734375,1,ZNU3
2023-03-20 17:00:00+00:00,34,1,338574,115.578125,115.578125,115.578125,115.578125,1,ZNU3
2023-03-20 19:00:00+00:00,34,1,338574,115.765625,115.765625,115.765625,115.765625,1,ZNU3
2023-03-20 22:00:00+00:00,34,1,338574,115.546875,115.546875,115.546875,115.546875,1,ZNU3
2023-03-20 23:00:00+00:00,34,1,338574,115.78125,115.78125,115.78125,115.78125,1,ZNU3
2023-03-21 07:00:00+00:00,34,1,338574,115.890625,115.890625,115.890625,115.890625,1,ZNU3
2023-03-21 08:00:00+00:00,34,1,338574,115.625,115.625,115.578125,115.578125,2,ZNU3
2023-03-21 11:00:00+00:00,34,1,338574,115.109375,115.109375,115.109375,115.109375,1,ZNU3
2023-03-21 12:00:00+00:00,34,1,338574,115.03125,115.03125,115.0,115.0,3,ZNU3
2023-03-21 13:00:00+00:00,34,1,338574,115.0,115.0,115.0,115.0,1,ZNU3
2023-03-21 16:00:00+00:00,34,1,338574,115.171875,115.171875,115.0,115.0,4,ZNU3
2023-03-21 17:00:00+00:00,34,1,338574,114.9375,114.9375,114.9375,114.9375,1,ZNU3
2023-03-21 18:00:00+00:00,34,1,338574,114.875,114.875,114.859375,114.859375,3,ZNU3
2023-03-22 14:00:00+00:00,34,1,338574,114.734375,114.734375,114.734375,114.734375,1,ZNU3
2023-03-22 17:00:00+00:00,34,1,338574,115.203125,115.203125,115.203125,115.203125,1,ZNU3
2023-03-22 18:00:00+00:00,34,1,338574,115.640625,115.765625,115.640625,115.765625,2,ZNU3
2023-03-22 19:00:00+00:00,34,1,338574,115.734375,116.328125,115.65625,116.21875,5,ZNU3
2023-03-22 23:00:00+00:00,34,1,338574,116.4375,116.46875,116.421875,116.421875,4,ZNU3
2023-03-23 05:00:00+00:00,34,1,338574,116.4375,116.4375,116.4375,116.4375,1,ZNU3
2023-03-23 10:00:00+00:00,34,1,338574,116.171875,116.171875,116.171875,116.171875,2,ZNU3
2023-03-23 14:00:00+00:00,34,1,338574,116.109375,116.4375,116.0625,116.328125,10,ZNU3
2023-03-23 16:00:00+00:00,34,1,338574,116.609375,116.609375,116.59375,116.59375,3,ZNU3
2023-03-23 17:00:00+00:00,34,1,338574,116.46875,116.46875,116.46875,116.46875,1,ZNU3
2023-03-23 18:00:00+00:00,34,1,338574,116.796875,116.796875,116.796875,116.796875,1,ZNU3
2023-03-23 19:00:00+00:00,34,1,338574,116.890625,116.921875,116.890625,116.921875,3,ZNU3
2023-03-23 22:00:00+00:00,34,1,338574,116.484375,116.59375,116.484375,116.578125,3,ZNU3
2023-03-24 00:00:00+00:00,34,1,338574,116.78125,116.9375,116.78125,116.9375,3,ZNU3
2023-03-24 01:00:00+00:00,34,1,338574,116.96875,117.0,116.96875,117.0,4,ZNU3
2023-03-24 08:00:00+00:00,34,1,338574,117.0,117.234375,117.0,117.234375,7,ZNU3
2023-03-24 09:00:00+00:00,34,1,338574,117.390625,117.53125,117.390625,117.53125,4,ZNU3
2023-03-24 10:00:00+00:00,34,1,338574,117.65625,117.78125,117.65625,117.734375,3,ZNU3
2023-03-24 12:00:00+00:00,34,1,338574,117.421875,117.4375,117.171875,117.4375,61,ZNU3
2023-03-24 13:00:00+00:00,34,1,338574,117.46875,117.59375,117.1875,117.1875,52,ZNU3
2023-03-24 15:00:00+00:00,34,1,338574,117.203125,117.203125,117.203125,117.203125,1,ZNU3
2023-03-24 16:00:00+00:00,34,1,338574,116.96875,116.96875,116.96875,116.96875,1,ZNU3
2023-03-24 17:00:00+00:00,34,1,338574,116.96875,116.96875,116.96875,116.96875,1,ZNU3
2023-03-24 19:00:00+00:00,34,1,338574,116.890625,116.890625,116.890625,116.890625,1,ZNU3
2023-03-27 01:00:00+00:00,34,1,338574,116.890625,116.890625,116.890625,116.890625,3,ZNU3
2023-03-27 05:00:00+00:00,34,1,338574,116.625,116.625,116.515625,116.515625,2,ZNU3
2023-03-27 09:00:00+00:00,34,1,338574,116.375,116.375,116.375,116.375,1,ZNU3
2023-03-27 10:00:00+00:00,34,1,338574,116.234375,116.234375,116.234375,116.234375,1,ZNU3
2023-03-27 11:00:00+00:00,34,1,338574,116.171875,116.171875,116.15625,116.15625,2,ZNU3
2023-03-27 12:00:00+00:00,34,1,338574,116.125,116.125,115.9375,115.9375,5,ZNU3
2023-03-27 14:00:00+00:00,34,1,338574,115.84375,115.90625,115.84375,115.90625,4,ZNU3
2023-03-27 16:00:00+00:00,34,1,338574,115.9375,115.9375,115.921875,115.921875,3,ZNU3
2023-03-27 18:00:00+00:00,34,1,338574,115.765625,115.765625,115.765625,115.765625,1,ZNU3
2023-03-27 22:00:00+00:00,34,1,338574,115.71875,115.828125,115.71875,115.828125,4,ZNU3
2023-03-28 06:00:00+00:00,34,1,338574,115.90625,115.90625,115.90625,115.90625,1,ZNU3
2023-03-28 07:00:00+00:00,34,1,338574,115.71875,115.71875,115.515625,115.515625,2,ZNU3
2023-03-28 08:00:00+00:00,34,1,338574,115.359375,115.359375,115.34375,115.34375,4,ZNU3
2023-03-28 09:00:00+00:00,34,1,338574,115.375,115.375,115.375,115.375,1,ZNU3
2023-03-28 12:00:00+00:00,34,1,338574,115.59375,115.671875,115.59375,115.671875,2,ZNU3
2023-03-28 13:00:00+00:00,34,1,338574,115.5625,115.5625,115.5625,115.5625,1,ZNU3
2023-03-28 16:00:00+00:00,34,1,338574,115.421875,115.421875,115.359375,115.359375,2,ZNU3
2023-03-28 19:00:00+00:00,34,1,338574,115.5,115.5,115.5,115.5,1,ZNU3
2023-03-28 22:00:00+00:00,34,1,338574,115.40625,115.40625,115.359375,115.359375,2,ZNU3
2023-03-29 01:00:00+00:00,34,1,338574,115.265625,115.265625,115.265625,115.265625,2,ZNU3
2023-03-29 04:00:00+00:00,34,1,338574,115.453125,115.453125,115.453125,115.453125,1,ZNU3
2023-03-29 05:00:00+00:00,34,1,338574,115.375,115.375,115.375,115.375,1,ZNU3
2023-03-29 10:00:00+00:00,34,1,338574,115.578125,115.609375,115.578125,115.609375,2,ZNU3
2023-03-29 11:00:00+00:00,34,1,338574,115.453125,115.453125,115.453125,115.453125,2,ZNU3
2023-03-29 12:00:00+00:00,34,1,338574,115.3125,115.3125,115.046875,115.046875,2,ZNU3
2023-03-29 13:00:00+00:00,34,1,338574,115.078125,115.078125,115.078125,115.078125,2,ZNU3
2023-03-29 14:00:00+00:00,34,1,338574,115.234375,115.234375,115.234375,115.234375,1,ZNU3
2023-03-29 17:00:00+00:00,34,1,338574,115.25,115.296875,115.25,115.296875,369,ZNU3
2023-03-29 18:00:00+00:00,34,1,338574,115.25,115.25,115.25,115.25,2,ZNU3
2023-03-30 02:00:00+00:00,34,1,338574,115.171875,115.171875,115.171875,115.171875,1,ZNU3
2023-03-30 05:00:00+00:00,34,1,338574,115.03125,115.03125,115.0,115.0,2,ZNU3
2023-03-30 08:00:00+00:00,34,1,338574,115.25,115.25,115.140625,115.140625,2,ZNU3
2023-03-30 11:00:00+00:00,34,1,338574,115.21875,115.21875,115.21875,115.21875,1,ZNU3
2023-03-30 12:00:00+00:00,34,1,338574,115.0625,115.0625,114.96875,114.96875,4,ZNU3
2023-03-30 13:00:00+00:00,34,1,338574,114.9375,114.9375,114.9375,114.9375,1,ZNU3
2023-03-30 15:00:00+00:00,34,1,338574,115.15625,115.15625,115.15625,115.15625,1,ZNU3
2023-03-30 19:00:00+00:00,34,1,338574,115.28125,115.28125,115.28125,115.28125,4,ZNU3
2023-03-30 22:00:00+00:00,34,1,338574,115.265625,115.375,115.25,115.328125,80,ZNU3
2023-03-31 00:00:00+00:00,34,1,338574,115.171875,115.171875,115.171875,115.171875,1,ZNU3
2023-03-31 01:00:00+00:00,34,1,338574,115.125,115.125,115.125,115.125,1,ZNU3
2023-03-31 08:00:00+00:00,34,1,338574,115.015625,115.015625,115.015625,115.015625,1,ZNU3
2023-03-31 12:00:00+00:00,34,1,338574,115.171875,115.375,115.171875,115.296875,15,ZNU3
2023-03-31 13:00:00+00:00,34,1,338574,115.3125,115.3125,115.296875,115.296875,13,ZNU3
2023-03-31 15:00:00+00:00,34,1,338574,115.40625,115.40625,115.40625,115.40625,1,ZNU3
2023-03-31 19:00:00+00:00,34,1,338574,115.765625,115.765625,115.765625,115.765625,1,ZNU3
2023-04-03 05:00:00+00:00,34,1,338574,115.5,115.5,115.5,115.5,1,ZNU3
2023-04-03 13:00:00+00:00,34,1,338574,115.5,115.5,115.5,115.5,1,ZNU3
2023-04-03 14:00:00+00:00,34,1,338574,115.96875,116.203125,115.96875,116.203125,8,ZNU3
2023-04-03 15:00:00+00:00,34,1,338574,116.203125,116.203125,116.203125,116.203125,21,ZNU3
2023-04-03 16:00:00+00:00,34,1,338574,116.125,116.125,116.125,116.125,1,ZNU3
2023-04-03 19:00:00+00:00,34,1,338574,116.1875,116.1875,116.1875,116.1875,8,ZNU3
2023-04-03 23:00:00+00:00,34,1,338574,116.203125,116.203125,116.203125,116.203125,1,ZNU3
2023-04-04 00:00:00+00:00,34,1,338574,116.296875,116.296875,116.296875,116.296875,1,ZNU3
2023-04-04 10:00:00+00:00,34,1,338574,116.0,116.0,116.0,116.0,1,ZNU3
2023-04-04 12:00:00+00:00,34,1,338574,115.921875,115.921875,115.921875,115.921875,1,ZNU3
2023-04-04 13:00:00+00:00,34,1,338574,115.796875,115.984375,115.796875,115.984375,2,ZNU3
2023-04-04 14:00:00+00:00,34,1,338574,116.421875,116.734375,116.421875,116.6875,7,ZNU3
2023-04-04 15:00:00+00:00,34,1,338574,116.765625,116.84375,116.765625,116.84375,2,ZNU3
2023-04-04 16:00:00+00:00,34,1,338574,116.859375,116.921875,116.859375,116.921875,3,ZNU3
2023-04-04 17:00:00+00:00,34,1,338574,116.84375,116.84375,116.84375,116.84375,1,ZNU3
2023-04-04 18:00:00+00:00,34,1,338574,116.890625,116.890625,116.890625,116.890625,1,ZNU3
2023-04-05 01:00:00+00:00,34,1,338574,116.90625,116.90625,116.90625,116.90625,2,ZNU3
2023-04-05 07:00:00+00:00,34,1,338574,116.78125,116.84375,116.78125,116.84375,40,ZNU3
2023-04-05 09:00:00+00:00,34,1,338574,116.6875,116.6875,116.6875,116.6875,1,ZNU3
2023-04-05 11:00:00+00:00,34,1,338574,116.9375,116.9375,116.9375,116.9375,1,ZNU3
2023-04-05 12:00:00+00:00,34,1,338574,117.09375,117.25,117.09375,117.1875,5,ZNU3
2023-04-05 13:00:00+00:00,34,1,338574,117.34375,117.34375,117.34375,117.34375,1,ZNU3
2023-04-05 14:00:00+00:00,34,1,338574,117.296875,117.453125,117.296875,117.453125,11,ZNU3
2023-04-05 15:00:00+00:00,34,1,338574,117.4375,117.4375,117.4375,117.4375,1,ZNU3
2023-04-05 17:00:00+00:00,34,1,338574,117.3125,117.3125,117.3125,117.3125,1,ZNU3
2023-04-05 18:00:00+00:00,34,1,338574,117.28125,117.28125,117.28125,117.28125,1,ZNU3
2023-04-05 19:00:00+00:00,34,1,338574,117.171875,117.171875,117.171875,117.171875,1,ZNU3
2023-04-05 22:00:00+00:00,34,1,338574,117.09375,117.09375,117.09375,117.09375,1,ZNU3
2023-04-06 04:00:00+00:00,34,1,338574,117.25,117.25,117.25,117.25,1,ZNU3
2023-04-06 05:00:00+00:00,34,1,338574,117.265625,117.265625,117.265625,117.265625,1,ZNU3
2023-04-06 06:00:00+00:00,34,1,338574,117.328125,117.328125,117.328125,117.328125,2,ZNU3
2023-04-06 07:00:00+00:00,34,1,338574,117.40625,117.40625,117.40625,117.40625,1,ZNU3
2023-04-06 08:00:00+00:00,34,1,338574,117.5,117.59375,117.5,117.59375,61,ZNU3
2023-04-06 09:00:00+00:00,34,1,338574,117.5,117.5,117.5,117.5,9,ZNU3
2023-04-06 10:00:00+00:00,34,1,338574,117.390625,117.390625,117.390625,117.390625,4,ZNU3
2023-04-06 11:00:00+00:00,34,1,338574,117.40625,117.40625,117.40625,117.40625,44,ZNU3
2023-04-06 12:00:00+00:00,34,1,338574,117.59375,117.59375,117.59375,117.59375,1,ZNU3
2023-04-06 13:00:00+00:00,34,1,338574,117.21875,117.3125,117.21875,117.3125,3,ZNU3
2023-04-06 14:00:00+00:00,34,1,338574,117.359375,117.359375,117.34375,117.34375,5,ZNU3
2023-04-06 15:00:00+00:00,34,1,338574,117.3125,117.3125,117.3125,117.3125,30,ZNU3
2023-04-06 18:00:00+00:00,34,1,338574,117.3125,117.3125,117.25,117.25,32,ZNU3
2023-04-07 02:00:00+00:00,34,1,338574,117.171875,117.171875,117.15625,117.15625,5,ZNU3
2023-04-07 08:00:00+00:00,34,1,338574,117.09375,117.09375,117.09375,117.09375,1,ZNU3
2023-04-07 12:00:00+00:00,34,1,338574,117.03125,117.03125,116.59375,116.828125,10,ZNU3
2023-04-07 14:00:00+00:00,34,1,338574,116.515625,116.515625,116.515625,116.515625,1,ZNU3
2023-04-10 07:00:00+00:00,34,1,338574,116.546875,116.5625,116.546875,116.5625,2,ZNU3
2023-04-10 08:00:00+00:00,34,1,338574,116.59375,116.59375,116.59375,116.59375,1,ZNU3
2023-04-10 09:00:00+00:00,34,1,338574,116.53125,116.53125,116.53125,116.53125,1,ZNU3
2023-04-10 11:00:00+00:00,34,1,338574,116.640625,116.640625,116.640625,116.640625,1,ZNU3
2023-04-10 12:00:00+00:00,34,1,338574,116.6875,116.6875,116.6875,116.6875,6,ZNU3
2023-04-10 13:00:00+00:00,34,1,338574,116.21875,116.21875,116.21875,116.21875,2,ZNU3
2023-04-10 14:00:00+00:00,34,1,338574,116.21875,116.21875,116.140625,116.15625,7,ZNU3
2023-04-10 15:00:00+00:00,34,1,338574,116.265625,116.28125,116.265625,116.28125,3,ZNU3
2023-04-11 11:00:00+00:00,34,1,338574,116.296875,116.296875,116.296875,116.296875,1,ZNU3
2023-04-11 13:00:00+00:00,34,1,338574,116.171875,116.171875,116.171875,116.171875,1,ZNU3
2023-04-11 14:00:00+00:00,34,1,338574,116.140625,116.140625,116.125,116.125,2,ZNU3
2023-04-11 15:00:00+00:00,34,1,338574,116.125,116.125,116.0625,116.0625,2,ZNU3
2023-04-11 17:00:00+00:00,34,1,338574,116.0,116.0,116.0,116.0,1,ZNU3
2023-04-12 07:00:00+00:00,34,1,338574,116.171875,116.171875,116.171875,116.171875,1,ZNU3
2023-04-12 08:00:00+00:00,34,1,338574,116.171875,116.171875,116.125,116.125,2,ZNU3
2023-04-12 09:00:00+00:00,34,1,338574,116.140625,116.140625,116.140625,116.140625,1,ZNU3
2023-04-12 11:00:00+00:00,34,1,338574,116.140625,116.140625,116.140625,116.140625,1,ZNU3
2023-04-12 12:00:00+00:00,34,1,338574,116.15625,117.0,116.15625,116.8125,19,ZNU3
2023-04-12 13:00:00+00:00,34,1,338574,116.75,116.828125,116.703125,116.703125,18,ZNU3
2023-04-12 14:00:00+00:00,34,1,338574,116.484375,116.484375,116.3125,116.3125,5,ZNU3
2023-04-12 15:00:00+00:00,34,1,338574,116.390625,116.390625,116.390625,116.390625,5,ZNU3
2023-04-12 16:00:00+00:00,34,1,338574,116.3125,116.3125,116.3125,116.3125,6,ZNU3
2023-04-12 17:00:00+00:00,34,1,338574,116.171875,116.171875,116.171875,116.171875,1,ZNU3
2023-04-12 18:00:00+00:00,34,1,338574,116.375,116.46875,116.359375,116.46875,4,ZNU3
2023-04-12 19:00:00+00:00,34,1,338574,116.515625,116.515625,116.515625,116.515625,1,ZNU3
2023-04-12 20:00:00+00:00,34,1,338574,116.59375,116.59375,116.53125,116.53125,2,ZNU3
2023-04-13 04:00:00+00:00,34,1,338574,116.53125,116.53125,116.53125,116.53125,1,ZNU3
2023-04-13 06:00:00+00:00,34,1,338574,116.53125,116.53125,116.53125,116.53125,2,ZNU3
2023-04-13 12:00:00+00:00,34,1,338574,116.375,116.703125,116.375,116.515625,101,ZNU3
2023-04-13 13:00:00+00:00,34,1,338574,116.765625,116.84375,116.765625,116.84375,6,ZNU3
2023-04-13 14:00:00+00:00,34,1,338574,116.71875,116.71875,116.59375,116.59375,7,ZNU3
2023-04-13 15:00:00+00:00,34,1,338574,116.484375,116.484375,116.484375,116.484375,1,ZNU3
2023-04-13 17:00:00+00:00,34,1,338574,116.53125,116.53125,116.515625,116.515625,3,ZNU3
2023-04-13 18:00:00+00:00,34,1,338574,116.40625,116.40625,116.21875,116.21875,3,ZNU3
2023-04-13 22:00:00+00:00,34,1,338574,116.3125,116.3125,116.3125,116.3125,1,ZNU3
2023-04-14 00:00:00+00:00,34,1,338574,116.296875,116.296875,116.296875,116.296875,1,ZNU3
2023-04-14 02:00:00+00:00,34,1,338574,116.390625,116.4375,116.390625,116.40625,102,ZNU3
2023-04-14 03:00:00+00:00,34,1,338574,116.390625,116.390625,116.390625,116.390625,1,ZNU3
2023-04-14 06:00:00+00:00,34,1,338574,116.421875,116.421875,116.421875,116.421875,1,ZNU3
2023-04-14 08:00:00+00:00,34,1,338574,116.359375,116.359375,116.359375,116.359375,1,ZNU3
2023-04-14 10:00:00+00:00,34,1,338574,116.40625,116.40625,116.390625,116.390625,31,ZNU3
2023-04-14 11:00:00+00:00,34,1,338574,116.171875,116.171875,116.140625,116.15625,19,ZNU3
2023-04-14 12:00:00+00:00,34,1,338574,116.0625,116.0625,115.515625,115.640625,23,ZNU3
2023-04-14 13:00:00+00:00,34,1,338574,115.765625,115.859375,115.765625,115.859375,2,ZNU3
2023-04-14 14:00:00+00:00,34,1,338574,115.703125,115.703125,115.703125,115.703125,1,ZNU3
2023-04-14 15:00:00+00:00,34,1,338574,115.703125,115.703125,115.625,115.625,7,ZNU3
2023-04-14 17:00:00+00:00,34,1,338574,115.625,115.625,115.625,115.625,3,ZNU3
2023-04-14 18:00:00+00:00,34,1,338574,115.515625,115.515625,115.515625,115.515625,1,ZNU3
2023-04-14 19:00:00+00:00,34,1,338574,115.65625,115.671875,115.640625,115.671875,101,ZNU3
2023-04-14 20:00:00+00:00,34,1,338574,115.65625,115.6875,115.65625,115.6875,13,ZNU3
2023-04-16 23:00:00+00:00,34,1,338574,115.5625,115.5625,115.5625,115.5625,1,ZNU3
2023-04-17 07:00:00+00:00,34,1,338574,115.5625,115.5625,115.546875,115.546875,25,ZNU3
2023-04-17 09:00:00+00:00,34,1,338574,115.46875,115.46875,115.46875,115.46875,1,ZNU3
2023-04-17 11:00:00+00:00,34,1,338574,115.390625,115.390625,115.390625,115.390625,1,ZNU3
2023-04-17 12:00:00+00:00,34,1,338574,115.421875,115.421875,115.296875,115.296875,4,ZNU3
2023-04-17 13:00:00+00:00,34,1,338574,115.265625,115.328125,115.265625,115.3125,6,ZNU3
2023-04-17 14:00:00+00:00,34,1,338574,115.265625,115.265625,115.046875,115.046875,32,ZNU3
2023-04-17 15:00:00+00:00,34,1,338574,115.03125,115.140625,115.015625,115.140625,21,ZNU3
2023-04-17 16:00:00+00:00,34,1,338574,115.046875,115.078125,115.03125,115.078125,13,ZNU3
2023-04-17 18:00:00+00:00,34,1,338574,115.109375,115.109375,115.109375,115.109375,1,ZNU3
2023-04-17 19:00:00+00:00,34,1,338574,115.09375,115.09375,115.03125,115.078125,22,ZNU3
2023-04-17 20:00:00+00:00,34,1,338574,115.015625,115.03125,115.0,115.03125,18,ZNU3
2023-04-17 23:00:00+00:00,34,1,338574,115.046875,115.046875,115.046875,115.046875,1,ZNU3
2023-04-18 02:00:00+00:00,34,1,338574,115.03125,115.03125,115.03125,115.03125,2,ZNU3
2023-04-18 07:00:00+00:00,34,1,338574,115.0,115.0,115.0,115.0,1,ZNU3
2023-04-18 08:00:00+00:00,34,1,338574,115.109375,115.109375,115.109375,115.109375,1,ZNU3
2023-04-18 09:00:00+00:00,34,1,338574,115.140625,115.15625,115.140625,115.15625,3,ZNU3
2023-04-18 10:00:00+00:00,34,1,338574,115.203125,115.203125,115.1875,115.1875,3,ZNU3
2023-04-18 11:00:00+00:00,34,1,338574,115.234375,115.234375,115.234375,115.234375,1,ZNU3
2023-04-18 12:00:00+00:00,34,1,338574,115.109375,115.109375,115.109375,115.109375,1,ZNU3
2023-04-18 13:00:00+00:00,34,1,338574,115.1875,115.265625,115.15625,115.25,9,ZNU3
2023-04-18 14:00:00+00:00,34,1,338574,115.1875,115.1875,115.1875,115.1875,1,ZNU3
2023-04-18 15:00:00+00:00,34,1,338574,115.328125,115.328125,115.3125,115.3125,7,ZNU3
2023-04-18 16:00:00+00:00,34,1,338574,115.109375,115.125,115.078125,115.125,11,ZNU3
2023-04-18 19:00:00+00:00,34,1,338574,115.1875,115.1875,115.1875,115.1875,5,ZNU3
2023-04-19 01:00:00+00:00,34,1,338574,115.109375,115.109375,115.109375,115.109375,1,ZNU3
2023-04-19 03:00:00+00:00,34,1,338574,115.15625,115.15625,115.109375,115.109375,6,ZNU3
2023-04-19 06:00:00+00:00,34,1,338574,115.0,115.0,114.890625,114.890625,9,ZNU3
2023-04-19 07:00:00+00:00,34,1,338574,114.921875,114.921875,114.8125,114.84375,106,ZNU3
2023-04-19 08:00:00+00:00,34,1,338574,114.796875,114.796875,114.796875,114.796875,1,ZNU3
2023-04-19 10:00:00+00:00,34,1,338574,114.78125,114.78125,114.6875,114.6875,15,ZNU3
2023-04-19 13:00:00+00:00,34,1,338574,114.921875,114.921875,114.90625,114.90625,7,ZNU3
2023-04-19 14:00:00+00:00,34,1,338574,114.9375,114.9375,114.796875,114.796875,12,ZNU3
2023-04-19 15:00:00+00:00,34,1,338574,114.796875,114.796875,114.75,114.75,7,ZNU3
2023-04-19 16:00:00+00:00,34,1,338574,114.71875,114.78125,114.71875,114.765625,8,ZNU3
2023-04-19 19:00:00+00:00,34,1,338574,114.953125,114.953125,114.9375,114.9375,2,ZNU3
2023-04-19 20:00:00+00:00,34,1,338574,114.984375,114.984375,114.984375,114.984375,6,ZNU3
2023-04-19 22:00:00+00:00,34,1,338574,115.03125,115.03125,115.03125,115.03125,2,ZNU3
2023-04-20 00:00:00+00:00,34,1,338574,115.046875,115.046875,115.015625,115.015625,11,ZNU3
2023-04-20 06:00:00+00:00,34,1,338574,115.09375,115.21875,115.09375,115.171875,10,ZNU3
2023-04-20 07:00:00+00:00,34,1,338574,115.3125,115.3125,115.28125,115.28125,7,ZNU3
2023-04-20 08:00:00+00:00,34,1,338574,115.25,115.265625,115.25,115.265625,3,ZNU3
2023-04-20 09:00:00+00:00,34,1,338574,115.25,115.25,115.15625,115.15625,5,ZNU3
2023-04-20 10:00:00+00:00,34,1,338574,115.328125,115.328125,115.296875,115.3125,5,ZNU3
2023-04-20 11:00:00+00:00,34,1,338574,115.25,115.25,115.25,115.25,1,ZNU3
2023-04-20 12:00:00+00:00,34,1,338574,115.46875,115.515625,115.4375,115.515625,4,ZNU3
2023-04-20 13:00:00+00:00,34,1,338574,115.40625,115.46875,115.40625,115.4375,3,ZNU3
2023-04-20 15:00:00+00:00,34,1,338574,115.421875,115.5,115.40625,115.5,8,ZNU3
2023-04-20 17:00:00+00:00,34,1,338574,115.484375,115.484375,115.4375,115.4375,5,ZNU3
2023-04-20 18:00:00+00:00,34,1,338574,115.375,115.40625,115.375,115.40625,16,ZNU3
2023-04-20 19:00:00+00:00,34,1,338574,115.390625,115.421875,115.390625,115.40625,34,ZNU3
2023-04-21 05:00:00+00:00,34,1,338574,115.5,115.5,115.5,115.5,2,ZNU3
2023-04-21 07:00:00+00:00,34,1,338574,115.5,115.5,115.5,115.5,1,ZNU3
2023-04-21 08:00:00+00:00,34,1,338574,115.375,115.40625,115.375,115.40625,4,ZNU3
2023-04-21 11:00:00+00:00,34,1,338574,115.546875,115.546875,115.546875,115.546875,1,ZNU3
2023-04-21 12:00:00+00:00,34,1,338574,115.515625,115.515625,115.515625,115.515625,1,ZNU3
2023-04-21 13:00:00+00:00,34,1,338574,115.65625,115.6875,115.25,115.328125,22,ZNU3
2023-04-21 14:00:00+00:00,34,1,338574,115.25,115.25,115.21875,115.21875,4,ZNU3
2023-04-21 15:00:00+00:00,34,1,338574,115.1875,115.25,115.171875,115.25,16,ZNU3
2023-04-21 16:00:00+00:00,34,1,338574,115.3125,115.328125,115.296875,115.296875,100,ZNU3
2023-04-21 19:00:00+00:00,34,1,338574,115.203125,115.203125,115.203125,115.203125,4,ZNU3
2023-04-24 01:00:00+00:00,34,1,338574,115.3125,115.3125,115.3125,115.3125,1,ZNU3
2023-04-24 02:00:00+00:00,34,1,338574,115.3125,115.3125,115.3125,115.3125,1,ZNU3
2023-04-24 04:00:00+00:00,34,1,338574,115.28125,115.28125,115.28125,115.28125,1,ZNU3
2023-04-24 06:00:00+00:00,34,1,338574,115.375,115.375,115.375,115.375,3,ZNU3
2023-04-24 12:00:00+00:00,34,1,338574,115.546875,115.546875,115.53125,115.546875,3,ZNU3
2023-04-24 14:00:00+00:00,34,1,338574,115.53125,115.53125,115.53125,115.53125,1,ZNU3
2023-04-24 15:00:00+00:00,34,1,338574,115.671875,115.6875,115.625,115.640625,100,ZNU3
2023-04-24 16:00:00+00:00,34,1,338574,115.625,115.625,115.625,115.625,50,ZNU3
2023-04-24 18:00:00+00:00,34,1,338574,115.640625,115.640625,115.625,115.625,3,ZNU3
2023-04-24 19:00:00+00:00,34,1,338574,115.625,115.625,115.625,115.625,30,ZNU3
2023-04-24 20:00:00+00:00,34,1,338574,115.6875,115.796875,115.6875,115.796875,4,ZNU3
2023-04-24 22:00:00+00:00,34,1,338574,115.484375,115.90625,115.484375,115.890625,13,ZNU3
2023-04-24 23:00:00+00:00,34,1,338574,115.9375,115.9375,115.9375,115.9375,1,ZNU3
2023-04-25 00:00:00+00:00,34,1,338574,115.90625,115.90625,115.84375,115.84375,14,ZNU3
2023-04-25 01:00:00+00:00,34,1,338574,115.84375,115.84375,115.84375,115.84375,4,ZNU3
2023-04-25 02:00:00+00:00,34,1,338574,115.953125,115.953125,115.953125,115.953125,2,ZNU3
2023-04-25 03:00:00+00:00,34,1,338574,115.9375,115.9375,115.9375,115.9375,1,ZNU3
2023-04-25 04:00:00+00:00,34,1,338574,115.953125,115.953125,115.921875,115.9375,7,ZNU3
2023-04-25 05:00:00+00:00,34,1,338574,115.953125,116.0,115.953125,116.0,3,ZNU3
2023-04-25 06:00:00+00:00,34,1,338574,116.0,116.015625,115.953125,115.953125,3,ZNU3
2023-04-25 07:00:00+00:00,34,1,338574,116.0625,116.1875,116.0625,116.125,129,ZNU3
2023-04-25 08:00:00+00:00,34,1,338574,116.140625,116.1875,116.140625,116.1875,21,ZNU3
2023-04-25 10:00:00+00:00,34,1,338574,116.21875,116.234375,116.1875,116.203125,11,ZNU3
2023-04-25 11:00:00+00:00,34,1,338574,116.1875,116.203125,116.171875,116.171875,33,ZNU3
2023-04-25 12:00:00+00:00,34,1,338574,116.171875,116.171875,116.171875,116.171875,1,ZNU3
2023-04-25 13:00:00+00:00,34,1,338574,116.234375,116.421875,116.234375,116.421875,16,ZNU3
2023-04-25 14:00:00+00:00,34,1,338574,116.40625,116.515625,116.40625,116.515625,105,ZNU3
2023-04-25 15:00:00+00:00,34,1,338574,116.40625,116.40625,116.296875,116.296875,32,ZNU3
2023-04-25 16:00:00+00:00,34,1,338574,116.265625,116.296875,116.265625,116.28125,14,ZNU3
2023-04-25 17:00:00+00:00,34,1,338574,116.53125,116.59375,116.53125,116.59375,16,ZNU3
2023-04-25 18:00:00+00:00,34,1,338574,116.65625,116.65625,116.59375,116.59375,11,ZNU3
2023-04-25 19:00:00+00:00,34,1,338574,116.5625,116.65625,116.5625,116.65625,26,ZNU3
2023-04-25 20:00:00+00:00,34,1,338574,116.65625,116.65625,116.5625,116.5625,88,ZNU3
2023-04-25 22:00:00+00:00,34,1,338574,116.4375,116.4375,116.4375,116.4375,1,ZNU3
2023-04-25 23:00:00+00:00,34,1,338574,116.40625,116.40625,116.40625,116.40625,1,ZNU3
2023-04-26 01:00:00+00:00,34,1,338574,116.4375,116.484375,116.4375,116.453125,3,ZNU3
2023-04-26 02:00:00+00:00,34,1,338574,116.5,116.5,116.453125,116.453125,2,ZNU3
2023-04-26 04:00:00+00:00,34,1,338574,116.515625,116.515625,116.515625,116.515625,1,ZNU3
2023-04-26 09:00:00+00:00,34,1,338574,116.453125,116.453125,116.453125,116.453125,1,ZNU3
2023-04-26 10:00:00+00:00,34,1,338574,116.53125,116.53125,116.53125,116.53125,13,ZNU3
2023-04-26 11:00:00+00:00,34,1,338574,116.28125,116.359375,116.28125,116.359375,9,ZNU3
2023-04-26 12:00:00+00:00,34,1,338574,116.484375,116.484375,116.484375,116.484375,6,ZNU3
2023-04-26 13:00:00+00:00,34,1,338574,116.46875,116.71875,116.46875,116.625,123,ZNU3
2023-04-26 14:00:00+00:00,34,1,338574,116.65625,116.65625,116.53125,116.53125,16,ZNU3
2023-04-26 15:00:00+00:00,34,1,338574,116.515625,116.515625,116.28125,116.28125,49,ZNU3
2023-04-26 16:00:00+00:00,34,1,338574,116.21875,116.21875,116.125,116.15625,24,ZNU3
2023-04-26 17:00:00+00:00,34,1,338574,116.171875,116.171875,116.171875,116.171875,1,ZNU3
2023-04-26 18:00:00+00:00,34,1,338574,116.21875,116.328125,116.171875,116.3125,84,ZNU3
2023-04-26 19:00:00+00:00,34,1,338574,116.375,116.375,116.25,116.25,15,ZNU3
2023-04-26 20:00:00+00:00,34,1,338574,116.234375,116.234375,116.203125,116.203125,9,ZNU3
2023-04-26 23:00:00+00:00,34,1,338574,116.21875,116.265625,116.21875,116.265625,3,ZNU3
2023-04-27 00:00:00+00:00,34,1,338574,116.265625,116.296875,116.265625,116.296875,2,ZNU3
2023-04-27 02:00:00+00:00,34,1,338574,116.28125,116.28125,116.28125,116.28125,1,ZNU3
2023-04-27 05:00:00+00:00,34,1,338574,116.15625,116.15625,116.0625,116.078125,3,ZNU3
2023-04-27 06:00:00+00:00,34,1,338574,116.09375,116.125,116.0625,116.125,3,ZNU3
2023-04-27 07:00:00+00:00,34,1,338574,116.15625,116.15625,116.15625,116.15625,3,ZNU3
2023-04-27 08:00:00+00:00,34,1,338574,116.09375,116.09375,116.09375,116.09375,1,ZNU3
2023-04-27 09:00:00+00:00,34,1,338574,116.0625,116.09375,116.0625,116.09375,2,ZNU3
2023-04-27 11:00:00+00:00,34,1,338574,116.0625,116.078125,116.0625,116.078125,2,ZNU3
2023-04-27 12:00:00+00:00,34,1,338574,116.1875,116.25,115.90625,115.90625,88,ZNU3
2023-04-27 13:00:00+00:00,34,1,338574,115.921875,115.984375,115.796875,115.796875,186,ZNU3
2023-04-27 14:00:00+00:00,34,1,338574,115.75,115.75,115.640625,115.640625,22,ZNU3
2023-04-27 15:00:00+00:00,34,1,338574,115.703125,115.703125,115.6875,115.6875,7,ZNU3
2023-04-27 16:00:00+00:00,34,1,338574,115.6875,115.6875,115.640625,115.65625,72,ZNU3
2023-04-27 17:00:00+00:00,34,1,338574,115.578125,115.6875,115.578125,115.578125,434,ZNU3
2023-04-27 18:00:00+00:00,34,1,338574,115.5,115.53125,115.5,115.515625,153,ZNU3
2023-04-27 19:00:00+00:00,34,1,338574,115.515625,115.53125,115.421875,115.453125,61,ZNU3
2023-04-27 20:00:00+00:00,34,1,338574,115.546875,115.5625,115.53125,115.53125,167,ZNU3
2023-04-27 22:00:00+00:00,34,1,338574,115.578125,115.578125,115.578125,115.578125,1,ZNU3
2023-04-27 23:00:00+00:00,34,1,338574,115.578125,115.578125,115.546875,115.5625,4,ZNU3
2023-04-28 00:00:00+00:00,34,1,338574,115.546875,115.546875,115.53125,115.53125,16,ZNU3
2023-04-28 01:00:00+00:00,34,1,338574,115.53125,115.53125,115.484375,115.484375,150,ZNU3
2023-04-28 02:00:00+00:00,34,1,338574,115.5,115.5,115.5,115.5,2,ZNU3
2023-04-28 03:00:00+00:00,34,1,338574,115.4375,115.4375,115.4375,115.4375,1,ZNU3
2023-04-28 04:00:00+00:00,34,1,338574,115.625,115.625,115.625,115.625,5,ZNU3
2023-04-28 05:00:00+00:00,34,1,338574,115.71875,115.71875,115.703125,115.703125,7,ZNU3
2023-04-28 06:00:00+00:00,34,1,338574,115.703125,115.703125,115.484375,115.484375,10,ZNU3
2023-04-28 07:00:00+00:00,34,1,338574,115.625,115.859375,115.625,115.859375,24,ZNU3
2023-04-28 08:00:00+00:00,34,1,338574,115.875,116.0625,115.875,116.0625,3,ZNU3
2023-04-28 09:00:00+00:00,34,1,338574,116.015625,116.015625,115.921875,115.921875,2,ZNU3
2023-04-28 11:00:00+00:00,34,1,338574,115.796875,115.796875,115.796875,115.796875,1,ZNU3
2023-04-28 12:00:00+00:00,34,1,338574,115.703125,116.15625,115.703125,116.15625,57,ZNU3
2023-04-28 13:00:00+00:00,34,1,338574,116.15625,116.1875,115.953125,115.96875,77,ZNU3
2023-04-28 14:00:00+00:00,34,1,338574,115.96875,116.046875,115.953125,115.953125,140,ZNU3
2023-04-28 15:00:00+00:00,34,1,338574,116.125,116.125,116.09375,116.09375,12,ZNU3
2023-04-28 16:00:00+00:00,34,1,338574,116.109375,116.109375,116.109375,116.109375,13,ZNU3
2023-04-28 17:00:00+00:00,34,1,338574,116.078125,116.078125,116.078125,116.078125,22,ZNU3
2023-04-28 18:00:00+00:00,34,1,338574,116.109375,116.125,116.0,116.015625,12,ZNU3
2023-04-28 19:00:00+00:00,34,1,338574,116.078125,116.234375,116.078125,116.234375,264,ZNU3
2023-04-28 20:00:00+00:00,34,1,338574,116.203125,116.21875,116.15625,116.21875,68,ZNU3
2023-04-30 22:00:00+00:00,34,1,338574,116.15625,116.15625,116.15625,116.15625,1,ZNU3
2023-05-01 00:00:00+00:00,34,1,338574,116.078125,116.078125,116.078125,116.078125,2,ZNU3
2023-05-01 07:00:00+00:00,34,1,338574,115.875,115.875,115.875,115.875,3,ZNU3
2023-05-01 09:00:00+00:00,34,1,338574,115.9375,115.9375,115.9375,115.9375,1,ZNU3
2023-05-01 11:00:00+00:00,34,1,338574,116.015625,116.046875,116.015625,116.046875,2,ZNU3
2023-05-01 12:00:00+00:00,34,1,338574,115.859375,115.875,115.84375,115.875,3,ZNU3
2023-05-01 13:00:00+00:00,34,1,338574,115.90625,115.921875,115.90625,115.921875,2,ZNU3
2023-05-01 14:00:00+00:00,34,1,338574,115.65625,115.65625,115.5,115.625,210,ZNU3
2023-05-01 15:00:00+00:00,34,1,338574,115.546875,115.546875,115.46875,115.484375,19,ZNU3
2023-05-01 16:00:00+00:00,34,1,338574,115.453125,115.453125,115.4375,115.4375,121,ZNU3
2023-05-01 17:00:00+00:00,34,1,338574,115.40625,115.46875,115.390625,115.421875,65,ZNU3
2023-05-01 18:00:00+00:00,34,1,338574,115.40625,115.40625,115.28125,115.28125,26,ZNU3
2023-05-01 19:00:00+00:00,34,1,338574,115.296875,115.296875,115.125,115.140625,512,ZNU3
2023-05-01 20:00:00+00:00,34,1,338574,115.234375,115.328125,115.234375,115.328125,120,ZNU3
2023-05-02 00:00:00+00:00,34,1,338574,115.40625,115.453125,115.40625,115.4375,243,ZNU3
2023-05-02 01:00:00+00:00,34,1,338574,115.46875,115.484375,115.453125,115.453125,11,ZNU3
2023-05-02 02:00:00+00:00,34,1,338574,115.4375,115.4375,115.4375,115.4375,1,ZNU3
2023-05-02 03:00:00+00:00,34,1,338574,115.4375,115.4375,115.4375,115.4375,2,ZNU3
2023-05-02 04:00:00+00:00,34,1,338574,115.40625,115.40625,115.3125,115.34375,7,ZNU3
2023-05-02 05:00:00+00:00,34,1,338574,115.3125,115.3125,115.3125,115.3125,1,ZNU3
2023-05-02 06:00:00+00:00,34,1,338574,115.421875,115.453125,115.421875,115.453125,2,ZNU3
2023-05-02 07:00:00+00:00,34,1,338574,115.40625,115.546875,115.40625,115.546875,4,ZNU3
2023-05-02 09:00:00+00:00,34,1,338574,115.609375,115.609375,115.609375,115.609375,7,ZNU3
2023-05-02 10:00:00+00:00,34,1,338574,115.609375,115.640625,115.609375,115.640625,8,ZNU3
2023-05-02 11:00:00+00:00,34,1,338574,115.578125,115.578125,115.578125,115.578125,14,ZNU3
2023-05-02 12:00:00+00:00,34,1,338574,115.578125,115.578125,115.46875,115.46875,166,ZNU3
2023-05-02 13:00:00+00:00,34,1,338574,115.421875,115.703125,115.40625,115.65625,145,ZNU3
2023-05-02 14:00:00+00:00,34,1,338574,115.734375,116.46875,115.65625,116.40625,173,ZNU3
2023-05-02 15:00:00+00:00,34,1,338574,116.421875,116.5,116.3125,116.484375,172,ZNU3
2023-05-02 16:00:00+00:00,34,1,338574,116.453125,116.46875,116.390625,116.453125,29,ZNU3
2023-05-02 17:00:00+00:00,34,1,338574,116.4375,116.4375,116.3125,116.3125,35,ZNU3
2023-05-02 18:00:00+00:00,34,1,338574,116.3125,116.359375,116.28125,116.359375,38,ZNU3
2023-05-02 19:00:00+00:00,34,1,338574,116.4375,116.453125,116.4375,116.4375,5,ZNU3
2023-05-02 20:00:00+00:00,34,1,338574,116.453125,116.484375,116.375,116.484375,139,ZNU3
2023-05-03 01:00:00+00:00,34,1,338574,116.375,116.375,116.375,116.375,3,ZNU3
2023-05-03 02:00:00+00:00,34,1,338574,116.375,116.375,116.359375,116.359375,3,ZNU3
2023-05-03 03:00:00+00:00,34,1,338574,116.421875,116.4375,116.421875,116.4375,21,ZNU3
2023-05-03 06:00:00+00:00,34,1,338574,116.390625,116.578125,116.375,116.578125,7,ZNU3
2023-05-03 07:00:00+00:00,34,1,338574,116.5625,116.5625,116.53125,116.53125,5,ZNU3
2023-05-03 08:00:00+00:00,34,1,338574,116.640625,116.78125,116.640625,116.6875,287,ZNU3
2023-05-03 09:00:00+00:00,34,1,338574,116.6875,116.703125,116.609375,116.609375,92,ZNU3
2023-05-03 10:00:00+00:00,34,1,338574,116.703125,116.703125,116.625,116.625,8,ZNU3
2023-05-03 11:00:00+00:00,34,1,338574,116.625,116.625,116.578125,116.625,7,ZNU3
2023-05-03 12:00:00+00:00,34,1,338574,116.671875,116.71875,116.5,116.625,60,ZNU3
2023-05-03 13:00:00+00:00,34,1,338574,116.734375,116.78125,116.6875,116.75,54,ZNU3
2023-05-03 14:00:00+00:00,34,1,338574,116.75,116.90625,116.671875,116.875,50,ZNU3
2023-05-03 15:00:00+00:00,34,1,338574,116.84375,116.875,116.78125,116.8125,20,ZNU3
2023-05-03 16:00:00+00:00,34,1,338574,116.796875,116.90625,116.796875,116.84375,12,ZNU3
2023-05-03 17:00:00+00:00,34,1,338574,116.796875,116.90625,116.78125,116.890625,326,ZNU3
2023-05-03 18:00:00+00:00,34,1,338574,116.9375,117.03125,116.671875,116.71875,127,ZNU3
2023-05-03 19:00:00+00:00,34,1,338574,116.734375,117.1875,116.609375,117.140625,213,ZNU3
2023-05-03 20:00:00+00:00,34,1,338574,117.1875,117.296875,117.046875,117.296875,39,ZNU3
2023-05-03 22:00:00+00:00,34,1,338574,117.484375,117.609375,117.421875,117.421875,161,ZNU3
2023-05-03 23:00:00+00:00,34,1,338574,117.40625,117.40625,117.40625,117.40625,1,ZNU3
2023-05-04 00:00:00+00:00,34,1,338574,117.34375,117.34375,117.3125,117.34375,12,ZNU3
2023-05-04 01:00:00+00:00,34,1,338574,117.3125,117.328125,117.21875,117.21875,11,ZNU3
2023-05-04 02:00:00+00:00,34,1,338574,117.1875,117.21875,117.15625,117.1875,7,ZNU3
2023-05-04 05:00:00+00:00,34,1,338574,117.15625,117.15625,117.15625,117.15625,28,ZNU3
2023-05-04 06:00:00+00:00,34,1,338574,117.15625,117.171875,117.125,117.15625,30,ZNU3
2023-05-04 07:00:00+00:00,34,1,338574,117.046875,117.1875,117.015625,117.0625,100,ZNU3
2023-05-04 08:00:00+00:00,34,1,338574,117.09375,117.09375,117.015625,117.03125,117,ZNU3
2023-05-04 09:00:00+00:00,34,1,338574,117.046875,117.078125,117.03125,117.03125,3,ZNU3
2023-05-04 10:00:00+00:00,34,1,338574,117.09375,117.140625,117.0625,117.0625,23,ZNU3
2023-05-04 11:00:00+00:00,34,1,338574,117.265625,117.265625,117.21875,117.21875,21,ZNU3
2023-05-04 12:00:00+00:00,34,1,338574,116.984375,117.046875,116.890625,116.890625,32,ZNU3
2023-05-04 13:00:00+00:00,34,1,338574,116.921875,117.265625,116.796875,117.046875,343,ZNU3
2023-05-04 14:00:00+00:00,34,1,338574,117.140625,117.5625,117.09375,117.53125,266,ZNU3
2023-05-04 15:00:00+00:00,34,1,338574,117.53125,117.640625,117.34375,117.625,125,ZNU3
2023-05-04 16:00:00+00:00,34,1,338574,117.625,117.796875,117.5625,117.5625,89,ZNU3
2023-05-04 17:00:00+00:00,34,1,338574,117.546875,117.546875,117.421875,117.4375,18,ZNU3
2023-05-04 18:00:00+00:00,34,1,338574,117.296875,117.421875,117.234375,117.375,52,ZNU3
2023-05-04 19:00:00+00:00,34,1,338574,117.40625,117.40625,117.234375,117.296875,66,ZNU3
2023-05-04 20:00:00+00:00,34,1,338574,117.25,117.25,117.09375,117.109375,99,ZNU3
2023-05-04 22:00:00+00:00,34,1,338574,117.09375,117.109375,117.078125,117.109375,7,ZNU3
2023-05-04 23:00:00+00:00,34,1,338574,117.140625,117.15625,117.140625,117.15625,2,ZNU3
2023-05-05 00:00:00+00:00,34,1,338574,117.15625,117.171875,117.15625,117.171875,3,ZNU3
2023-05-05 01:00:00+00:00,34,1,338574,117.15625,117.171875,117.15625,117.15625,7,ZNU3
2023-05-05 02:00:00+00:00,34,1,338574,117.125,117.125,117.125,117.125,1,ZNU3
2023-05-05 03:00:00+00:00,34,1,338574,117.15625,117.15625,117.15625,117.15625,1,ZNU3
2023-05-05 04:00:00+00:00,34,1,338574,117.09375,117.09375,117.078125,117.078125,3,ZNU3
2023-05-05 05:00:00+00:00,34,1,338574,117.0625,117.0625,117.03125,117.03125,10,ZNU3
2023-05-05 06:00:00+00:00,34,1,338574,117.078125,117.109375,117.0,117.046875,140,ZNU3
2023-05-05 07:00:00+00:00,34,1,338574,117.0625,117.09375,117.0625,117.09375,2,ZNU3
2023-05-05 08:00:00+00:00,34,1,338574,117.0625,117.0625,116.984375,116.984375,5,ZNU3
2023-05-05 09:00:00+00:00,34,1,338574,117.0,117.0,116.90625,116.9375,149,ZNU3
2023-05-05 10:00:00+00:00,34,1,338574,116.96875,116.96875,116.9375,116.9375,8,ZNU3
2023-05-05 11:00:00+00:00,34,1,338574,116.9375,116.9375,116.90625,116.90625,7,ZNU3
2023-05-05 12:00:00+00:00,34,1,338574,116.921875,116.921875,116.375,116.515625,319,ZNU3
2023-05-05 13:00:00+00:00,34,1,338574,116.578125,116.703125,116.46875,116.59375,198,ZNU3
2023-05-05 14:00:00+00:00,34,1,338574,116.578125,116.65625,116.546875,116.578125,135,ZNU3
2023-05-05 15:00:00+00:00,34,1,338574,116.5625,116.5625,116.453125,116.46875,112,ZNU3
2023-05-05 16:00:00+00:00,34,1,338574,116.515625,116.53125,116.5,116.5,21,ZNU3
2023-05-05 17:00:00+00:00,34,1,338574,116.484375,116.515625,116.453125,116.515625,71,ZNU3
2023-05-05 18:00:00+00:00,34,1,338574,116.5,116.546875,116.5,116.515625,25,ZNU3
2023-05-05 19:00:00+00:00,34,1,338574,116.515625,116.625,116.515625,116.625,28,ZNU3
2023-05-05 20:00:00+00:00,34,1,338574,116.671875,116.6875,116.59375,116.625,33,ZNU3
2023-05-07 22:00:00+00:00,34,1,338574,116.53125,116.546875,116.515625,116.53125,194,ZNU3
2023-05-07 23:00:00+00:00,34,1,338574,116.5,116.5,116.5,116.5,2,ZNU3
2023-05-08 02:00:00+00:00,34,1,338574,116.625,116.625,116.625,116.625,1,ZNU3
2023-05-08 05:00:00+00:00,34,1,338574,116.625,116.625,116.625,116.625,3,ZNU3
2023-05-08 06:00:00+00:00,34,1,338574,116.5625,116.5625,116.53125,116.53125,2,ZNU3
2023-05-08 07:00:00+00:00,34,1,338574,116.546875,116.546875,116.546875,116.546875,1,ZNU3
2023-05-08 08:00:00+00:00,34,1,338574,116.390625,116.390625,116.359375,116.375,8,ZNU3
2023-05-08 09:00:00+00:00,34,1,338574,116.375,116.421875,116.375,116.421875,27,ZNU3
2023-05-08 10:00:00+00:00,34,1,338574,116.4375,116.4375,116.375,116.375,14,ZNU3
2023-05-08 11:00:00+00:00,34,1,338574,116.28125,116.28125,116.1875,116.1875,20,ZNU3
2023-05-08 12:00:00+00:00,34,1,338574,116.15625,116.1875,116.15625,116.15625,26,ZNU3
2023-05-08 13:00:00+00:00,34,1,338574,116.125,116.171875,116.015625,116.171875,565,ZNU3
2023-05-08 14:00:00+00:00,34,1,338574,116.15625,116.234375,116.109375,116.234375,141,ZNU3
2023-05-08 15:00:00+00:00,34,1,338574,116.1875,116.234375,116.171875,116.203125,86,ZNU3
2023-05-08 16:00:00+00:00,34,1,338574,116.21875,116.25,116.21875,116.21875,8,ZNU3
2023-05-08 17:00:00+00:00,34,1,338574,116.203125,116.203125,116.1875,116.1875,8,ZNU3
2023-05-08 18:00:00+00:00,34,1,338574,116.078125,116.140625,115.984375,116.0,183,ZNU3
2023-05-08 19:00:00+00:00,34,1,338574,116.03125,116.046875,116.03125,116.03125,15,ZNU3
2023-05-08 20:00:00+00:00,34,1,338574,116.015625,116.09375,116.015625,116.0625,110,ZNU3
2023-05-08 22:00:00+00:00,34,1,338574,116.078125,116.109375,116.046875,116.078125,8,ZNU3
2023-05-08 23:00:00+00:00,34,1,338574,116.0625,116.0625,116.03125,116.0625,15,ZNU3
2023-05-09 00:00:00+00:00,34,1,338574,116.0625,116.0625,116.0625,116.0625,3,ZNU3
2023-05-09 03:00:00+00:00,34,1,338574,116.109375,116.171875,116.109375,116.171875,5,ZNU3
2023-05-09 04:00:00+00:00,34,1,338574,116.15625,116.15625,116.15625,116.15625,1,ZNU3
2023-05-09 05:00:00+00:00,34,1,338574,116.140625,116.15625,116.140625,116.15625,101,ZNU3
2023-05-09 06:00:00+00:00,34,1,338574,116.1875,116.234375,116.1875,116.234375,7,ZNU3
2023-05-09 07:00:00+00:00,34,1,338574,116.1875,116.234375,116.109375,116.203125,20,ZNU3
2023-05-09 08:00:00+00:00,34,1,338574,116.1875,116.1875,116.125,116.140625,11,ZNU3
2023-05-09 09:00:00+00:00,34,1,338574,116.140625,116.265625,116.140625,116.265625,12,ZNU3
2023-05-09 10:00:00+00:00,34,1,338574,116.296875,116.296875,116.234375,116.234375,61,ZNU3
2023-05-09 11:00:00+00:00,34,1,338574,116.25,116.25,116.203125,116.203125,76,ZNU3
2023-05-09 12:00:00+00:00,34,1,338574,116.234375,116.234375,116.109375,116.109375,24,ZNU3
2023-05-09 13:00:00+00:00,34,1,338574,116.09375,116.09375,116.0,116.0625,91,ZNU3
2023-05-09 14:00:00+00:00,34,1,338574,116.046875,116.09375,116.0,116.046875,118,ZNU3
2023-05-09 15:00:00+00:00,34,1,338574,116.015625,116.03125,115.953125,115.984375,203,ZNU3
2023-05-09 16:00:00+00:00,34,1,338574,115.984375,116.0,115.875,115.90625,249,ZNU3
2023-05-09 17:00:00+00:00,34,1,338574,115.9375,116.0,115.9375,115.96875,124,ZNU3
2023-05-09 18:00:00+00:00,34,1,338574,115.984375,116.0,115.96875,116.0,31,ZNU3
2023-05-09 19:00:00+00:00,34,1,338574,115.96875,115.96875,115.90625,115.921875,142,ZNU3
2023-05-09 20:00:00+00:00,34,1,338574,115.96875,116.0,115.9375,116.0,82,ZNU3
2023-05-09 23:00:00+00:00,34,1,338574,116.0,116.015625,116.0,116.0,239,ZNU3
2023-05-10 00:00:00+00:00,34,1,338574,116.046875,116.078125,116.046875,116.078125,21,ZNU3
2023-05-10 01:00:00+00:00,34,1,338574,116.078125,116.078125,116.078125,116.078125,3,ZNU3
2023-05-10 02:00:00+00:00,34,1,338574,116.09375,116.09375,116.09375,116.09375,1,ZNU3
2023-05-10 03:00:00+00:00,34,1,338574,116.0625,116.0625,116.0625,116.0625,6,ZNU3
2023-05-10 04:00:00+00:00,34,1,338574,116.015625,116.015625,116.015625,116.015625,6,ZNU3
2023-05-10 05:00:00+00:00,34,1,338574,115.984375,115.984375,115.984375,115.984375,2,ZNU3
2023-05-10 06:00:00+00:00,34,1,338574,115.921875,115.953125,115.921875,115.9375,17,ZNU3
2023-05-10 07:00:00+00:00,34,1,338574,115.953125,116.0,115.90625,116.0,26,ZNU3
2023-05-10 08:00:00+00:00,34,1,338574,116.03125,116.03125,115.96875,115.96875,20,ZNU3
2023-05-10 09:00:00+00:00,34,1,338574,116.046875,116.046875,116.046875,116.046875,1,ZNU3
2023-05-10 10:00:00+00:00,34,1,338574,116.078125,116.078125,116.0625,116.0625,69,ZNU3
2023-05-10 11:00:00+00:00,34,1,338574,116.0625,116.09375,116.046875,116.078125,43,ZNU3
2023-05-10 12:00:00+00:00,34,1,338574,116.046875,116.59375,115.984375,116.5,393,ZNU3
2023-05-10 13:00:00+00:00,34,1,338574,116.484375,116.65625,116.375,116.5625,662,ZNU3
2023-05-10 14:00:00+00:00,34,1,338574,116.546875,116.609375,116.40625,116.59375,1292,ZNU3
2023-05-10 15:00:00+00:00,34,1,338574,116.59375,116.59375,116.484375,116.53125,1784,ZNU3
2023-05-10 16:00:00+00:00,34,1,338574,116.546875,116.625,116.546875,116.609375,1188,ZNU3
2023-05-10 17:00:00+00:00,34,1,338574,116.609375,116.78125,116.546875,116.65625,1686,ZNU3
2023-05-10 18:00:00+00:00,34,1,338574,116.65625,116.75,116.625,116.734375,1083,ZNU3
2023-05-10 19:00:00+00:00,34,1,338574,116.734375,116.734375,116.625,116.6875,203,ZNU3
2023-05-10 20:00:00+00:00,34,1,338574,116.703125,116.703125,116.625,116.625,53,ZNU3
2023-05-10 22:00:00+00:00,34,1,338574,116.65625,116.6875,116.65625,116.6875,8,ZNU3
2023-05-10 23:00:00+00:00,34,1,338574,116.65625,116.65625,116.65625,116.65625,5,ZNU3
2023-05-11 00:00:00+00:00,34,1,338574,116.65625,116.703125,116.65625,116.703125,2,ZNU3
2023-05-11 02:00:00+00:00,34,1,338574,116.71875,116.71875,116.71875,116.71875,2,ZNU3
2023-05-11 03:00:00+00:00,34,1,338574,116.6875,116.6875,116.609375,116.609375,10,ZNU3
2023-05-11 04:00:00+00:00,34,1,338574,116.609375,116.609375,116.609375,116.609375,1,ZNU3
2023-05-11 05:00:00+00:00,34,1,338574,116.625,116.625,116.625,116.625,7,ZNU3
2023-05-11 06:00:00+00:00,34,1,338574,116.78125,116.78125,116.78125,116.78125,16,ZNU3
2023-05-11 07:00:00+00:00,34,1,338574,116.78125,116.78125,116.71875,116.75,261,ZNU3
2023-05-11 08:00:00+00:00,34,1,338574,116.71875,116.75,116.640625,116.65625,381,ZNU3
2023-05-11 09:00:00+00:00,34,1,338574,116.65625,116.734375,116.609375,116.734375,110,ZNU3
2023-05-11 10:00:00+00:00,34,1,338574,116.71875,116.796875,116.71875,116.796875,45,ZNU3
2023-05-11 11:00:00+00:00,34,1,338574,116.75,117.03125,116.75,116.921875,291,ZNU3
2023-05-11 12:00:00+00:00,34,1,338574,116.984375,117.328125,116.765625,117.265625,1038,ZNU3
2023-05-11 13:00:00+00:00,34,1,338574,117.265625,117.359375,117.1875,117.21875,838,ZNU3
2023-05-11 14:00:00+00:00,34,1,338574,117.21875,117.25,117.09375,117.140625,830,ZNU3
2023-05-11 15:00:00+00:00,34,1,338574,117.078125,117.078125,117.0,117.03125,4746,ZNU3
2023-05-11 16:00:00+00:00,34,1,338574,117.0,117.109375,117.0,117.015625,829,ZNU3
2023-05-11 17:00:00+00:00,34,1,338574,117.046875,117.109375,117.0,117.078125,148,ZNU3
2023-05-11 18:00:00+00:00,34,1,338574,117.0625,117.0625,116.875,116.921875,1100,ZNU3
2023-05-11 19:00:00+00:00,34,1,338574,116.90625,116.953125,116.890625,116.953125,489,ZNU3
2023-05-11 20:00:00+00:00,34,1,338574,116.984375,116.984375,116.921875,116.921875,172,ZNU3
2023-05-11 22:00:00+00:00,34,1,338574,116.96875,116.96875,116.96875,116.96875,6,ZNU3
2023-05-12 00:00:00+00:00,34,1,338574,116.984375,117.046875,116.984375,117.03125,39,ZNU3
2023-05-12 01:00:00+00:00,34,1,338574,117.03125,117.03125,117.03125,117.03125,3,ZNU3
2023-05-12 02:00:00+00:00,34,1,338574,116.984375,117.0,116.984375,117.0,5,ZNU3
2023-05-12 03:00:00+00:00,34,1,338574,116.96875,117.046875,116.96875,117.046875,2,ZNU3
2023-05-12 05:00:00+00:00,34,1,338574,117.03125,117.03125,117.0,117.0,11,ZNU3
2023-05-12 06:00:00+00:00,34,1,338574,116.984375,116.984375,116.875,116.875,52,ZNU3
2023-05-12 07:00:00+00:00,34,1,338574,116.859375,116.859375,116.84375,116.84375,115,ZNU3
2023-05-12 08:00:00+00:00,34,1,338574,116.890625,116.890625,116.75,116.75,70,ZNU3
2023-05-12 09:00:00+00:00,34,1,338574,116.765625,116.8125,116.765625,116.8125,43,ZNU3
2023-05-12 11:00:00+00:00,34,1,338574,116.796875,116.796875,116.6875,116.6875,7,ZNU3
2023-05-12 12:00:00+00:00,34,1,338574,116.6875,116.78125,116.6875,116.734375,305,ZNU3
2023-05-12 13:00:00+00:00,34,1,338574,116.828125,116.921875,116.796875,116.890625,857,ZNU3
2023-05-12 14:00:00+00:00,34,1,338574,116.734375,116.859375,116.453125,116.53125,1027,ZNU3
2023-05-12 15:00:00+00:00,34,1,338574,116.5,116.5625,116.390625,116.40625,236,ZNU3
2023-05-12 16:00:00+00:00,34,1,338574,116.375,116.421875,116.359375,116.421875,666,ZNU3
2023-05-12 17:00:00+00:00,34,1,338574,116.453125,116.46875,116.375,116.390625,209,ZNU3
2023-05-12 18:00:00+00:00,34,1,338574,116.40625,116.421875,116.265625,116.296875,361,ZNU3
2023-05-12 19:00:00+00:00,34,1,338574,116.296875,116.328125,116.28125,116.296875,473,ZNU3
2023-05-12 20:00:00+00:00,34,1,338574,116.3125,116.3125,116.25,116.25,44,ZNU3
2023-05-14 22:00:00+00:00,34,1,338574,116.234375,116.25,116.1875,116.25,13,ZNU3
2023-05-15 00:00:00+00:00,34,1,338574,116.25,116.25,116.21875,116.25,53,ZNU3
2023-05-15 01:00:00+00:00,34,1,338574,116.28125,116.296875,116.28125,116.28125,29,ZNU3
2023-05-15 02:00:00+00:00,34,1,338574,116.296875,116.296875,116.296875,116.296875,2,ZNU3
2023-05-15 03:00:00+00:00,34,1,338574,116.265625,116.265625,116.25,116.25,2,ZNU3
2023-05-15 04:00:00+00:00,34,1,338574,116.25,116.25,116.234375,116.25,10,ZNU3
2023-05-15 05:00:00+00:00,34,1,338574,116.234375,116.234375,116.140625,116.140625,30,ZNU3
2023-05-15 06:00:00+00:00,34,1,338574,116.140625,116.15625,116.109375,116.15625,29,ZNU3
2023-05-15 07:00:00+00:00,34,1,338574,116.1875,116.203125,116.109375,116.140625,101,ZNU3
2023-05-15 08:00:00+00:00,34,1,338574,116.140625,116.21875,116.140625,116.203125,36,ZNU3
2023-05-15 09:00:00+00:00,34,1,338574,116.25,116.25,116.125,116.140625,9,ZNU3
2023-05-15 10:00:00+00:00,34,1,338574,116.125,116.15625,116.109375,116.15625,63,ZNU3
2023-05-15 11:00:00+00:00,34,1,338574,116.125,116.140625,116.078125,116.09375,278,ZNU3
2023-05-15 12:00:00+00:00,34,1,338574,116.09375,116.3125,116.0,116.15625,614,ZNU3
2023-05-15 13:00:00+00:00,34,1,338574,116.15625,116.15625,116.0,116.078125,449,ZNU3
2023-05-15 14:00:00+00:00,34,1,338574,116.0625,116.078125,116.0,116.078125,559,ZNU3
2023-05-15 15:00:00+00:00,34,1,338574,116.078125,116.125,116.015625,116.046875,181,ZNU3
2023-05-15 16:00:00+00:00,34,1,338574,116.046875,116.0625,116.015625,116.0625,422,ZNU3
2023-05-15 17:00:00+00:00,34,1,338574,116.046875,116.078125,116.0,116.078125,470,ZNU3
2023-05-15 18:00:00+00:00,34,1,338574,116.078125,116.078125,116.046875,116.046875,387,ZNU3
2023-05-15 19:00:00+00:00,34,1,338574,116.0625,116.125,116.0625,116.109375,184,ZNU3
2023-05-15 20:00:00+00:00,34,1,338574,116.125,116.140625,116.03125,116.0625,193,ZNU3
2023-05-15 22:00:00+00:00,34,1,338574,116.078125,116.078125,116.0625,116.0625,3,ZNU3
2023-05-15 23:00:00+00:00,34,1,338574,116.0625,116.0625,116.0625,116.0625,1,ZNU3
2023-05-16 00:00:00+00:00,34,1,338574,116.09375,116.09375,116.09375,116.09375,14,ZNU3
2023-05-16 01:00:00+00:00,34,1,338574,116.109375,116.171875,116.109375,116.140625,13,ZNU3
2023-05-16 02:00:00+00:00,34,1,338574,116.171875,116.1875,116.171875,116.1875,12,ZNU3
2023-05-16 03:00:00+00:00,34,1,338574,116.21875,116.21875,116.21875,116.21875,1,ZNU3
2023-05-16 04:00:00+00:00,34,1,338574,116.1875,116.1875,116.1875,116.1875,1,ZNU3
2023-05-16 05:00:00+00:00,34,1,338574,116.203125,116.265625,116.203125,116.265625,60,ZNU3
2023-05-16 06:00:00+00:00,34,1,338574,116.28125,116.328125,116.265625,116.3125,152,ZNU3
2023-05-16 07:00:00+00:00,34,1,338574,116.34375,116.421875,116.28125,116.359375,146,ZNU3
2023-05-16 08:00:00+00:00,34,1,338574,116.359375,116.359375,116.265625,116.28125,5,ZNU3
2023-05-16 09:00:00+00:00,34,1,338574,116.3125,116.375,116.3125,116.328125,41,ZNU3
2023-05-16 10:00:00+00:00,34,1,338574,116.34375,116.359375,116.3125,116.34375,93,ZNU3
2023-05-16 11:00:00+00:00,34,1,338574,116.34375,116.34375,116.234375,116.296875,561,ZNU3
2023-05-16 12:00:00+00:00,34,1,338574,116.25,116.25,115.84375,115.890625,1648,ZNU3
2023-05-16 13:00:00+00:00,34,1,338574,115.875,115.921875,115.75,115.78125,3804,ZNU3
2023-05-16 14:00:00+00:00,34,1,338574,115.765625,115.8125,115.6875,115.765625,1534,ZNU3
2023-05-16 15:00:00+00:00,34,1,338574,115.75,115.75,115.546875,115.625,1962,ZNU3
2023-05-16 16:00:00+00:00,34,1,338574,115.625,115.703125,115.59375,115.6875,513,ZNU3
2023-05-16 17:00:00+00:00,34,1,338574,115.671875,115.765625,115.65625,115.75,1272,ZNU3
2023-05-16 18:00:00+00:00,34,1,338574,115.734375,115.78125,115.703125,115.75,1499,ZNU3
2023-05-16 19:00:00+00:00,34,1,338574,115.734375,115.828125,115.734375,115.828125,1531,ZNU3
2023-05-16 20:00:00+00:00,34,1,338574,115.8125,115.875,115.71875,115.75,993,ZNU3
2023-05-16 22:00:00+00:00,34,1,338574,115.78125,115.78125,115.75,115.75,4,ZNU3
2023-05-16 23:00:00+00:00,34,1,338574,115.75,115.75,115.75,115.75,14,ZNU3
2023-05-17 00:00:00+00:00,34,1,338574,115.75,115.875,115.734375,115.875,141,ZNU3
2023-05-17 01:00:00+00:00,34,1,338574,115.84375,115.875,115.828125,115.875,50,ZNU3
2023-05-17 02:00:00+00:00,34,1,338574,115.8125,115.828125,115.8125,115.828125,14,ZNU3
2023-05-17 03:00:00+00:00,34,1,338574,115.828125,115.828125,115.828125,115.828125,2,ZNU3
2023-05-17 05:00:00+00:00,34,1,338574,115.890625,115.890625,115.859375,115.859375,27,ZNU3
2023-05-17 06:00:00+00:00,34,1,338574,115.8125,115.890625,115.78125,115.8125,86,ZNU3
2023-05-17 07:00:00+00:00,34,1,338574,115.828125,115.859375,115.734375,115.78125,168,ZNU3
2023-05-17 08:00:00+00:00,34,1,338574,115.828125,115.84375,115.734375,115.75,65,ZNU3
2023-05-17 09:00:00+00:00,34,1,338574,115.71875,115.890625,115.71875,115.890625,73,ZNU3
2023-05-17 10:00:00+00:00,34,1,338574,115.890625,115.890625,115.78125,115.796875,22,ZNU3
2023-05-17 11:00:00+00:00,34,1,338574,115.78125,115.90625,115.78125,115.90625,424,ZNU3
2023-05-17 12:00:00+00:00,34,1,338574,115.90625,115.90625,115.765625,115.828125,1218,ZNU3
2023-05-17 13:00:00+00:00,34,1,338574,115.828125,115.921875,115.640625,115.671875,1547,ZNU3
2023-05-17 14:00:00+00:00,34,1,338574,115.65625,115.734375,115.578125,115.625,1893,ZNU3
2023-05-17 15:00:00+00:00,34,1,338574,115.625,115.625,115.453125,115.515625,2916,ZNU3
2023-05-17 16:00:00+00:00,34,1,338574,115.515625,115.53125,115.453125,115.46875,2134,ZNU3
2023-05-17 17:00:00+00:00,34,1,338574,115.484375,115.515625,115.34375,115.375,1433,ZNU3
2023-05-17 18:00:00+00:00,34,1,338574,115.375,115.421875,115.328125,115.40625,3432,ZNU3
2023-05-17 19:00:00+00:00,34,1,338574,115.421875,115.46875,115.375,115.4375,2512,ZNU3
2023-05-17 20:00:00+00:00,34,1,338574,115.4375,115.46875,115.390625,115.453125,967,ZNU3
2023-05-17 22:00:00+00:00,34,1,338574,115.46875,115.484375,115.46875,115.484375,17,ZNU3
2023-05-17 23:00:00+00:00,34,1,338574,115.46875,115.46875,115.46875,115.46875,3,ZNU3
2023-05-18 00:00:00+00:00,34,1,338574,115.453125,115.46875,115.453125,115.46875,15,ZNU3
2023-05-18 01:00:00+00:00,34,1,338574,115.5,115.59375,115.5,115.546875,312,ZNU3
2023-05-18 02:00:00+00:00,34,1,338574,115.5625,115.5625,115.515625,115.53125,198,ZNU3
2023-05-18 03:00:00+00:00,34,1,338574,115.53125,115.53125,115.46875,115.484375,22,ZNU3
2023-05-18 04:00:00+00:00,34,1,338574,115.5,115.5,115.46875,115.46875,16,ZNU3
2023-05-18 05:00:00+00:00,34,1,338574,115.453125,115.46875,115.4375,115.453125,607,ZNU3
2023-05-18 06:00:00+00:00,34,1,338574,115.453125,115.453125,115.359375,115.390625,301,ZNU3
2023-05-18 07:00:00+00:00,34,1,338574,115.34375,115.390625,115.328125,115.359375,720,ZNU3
2023-05-18 08:00:00+00:00,34,1,338574,115.34375,115.34375,115.234375,115.296875,2138,ZNU3
2023-05-18 09:00:00+00:00,34,1,338574,115.3125,115.328125,115.25,115.296875,114,ZNU3
2023-05-18 10:00:00+00:00,34,1,338574,115.3125,115.359375,115.234375,115.234375,530,ZNU3
2023-05-18 11:00:00+00:00,34,1,338574,115.234375,115.265625,115.1875,115.203125,686,ZNU3
2023-05-18 12:00:00+00:00,34,1,338574,115.203125,115.234375,114.875,114.9375,2546,ZNU3
2023-05-18 13:00:00+00:00,34,1,338574,114.9375,115.046875,114.859375,114.890625,2606,ZNU3
2023-05-18 14:00:00+00:00,34,1,338574,114.90625,115.0,114.84375,114.890625,2228,ZNU3
2023-05-18 15:00:00+00:00,34,1,338574,114.875,114.9375,114.828125,114.921875,4174,ZNU3
2023-05-18 16:00:00+00:00,34,1,338574,114.921875,114.953125,114.84375,114.859375,3107,ZNU3
2023-05-18 17:00:00+00:00,34,1,338574,114.84375,114.875,114.765625,114.828125,4221,ZNU3
2023-05-18 18:00:00+00:00,34,1,338574,114.828125,114.84375,114.703125,114.75,1288,ZNU3
2023-05-18 19:00:00+00:00,34,1,338574,114.75,114.78125,114.65625,114.71875,550,ZNU3
2023-05-18 20:00:00+00:00,34,1,338574,114.734375,114.796875,114.71875,114.796875,1115,ZNU3
2023-05-18 22:00:00+00:00,34,1,338574,114.828125,114.828125,114.8125,114.8125,263,ZNU3
2023-05-18 23:00:00+00:00,34,1,338574,114.8125,114.828125,114.78125,114.78125,125,ZNU3
2023-05-19 00:00:00+00:00,34,1,338574,114.78125,114.828125,114.75,114.765625,1457,ZNU3
2023-05-19 01:00:00+00:00,34,1,338574,114.75,114.84375,114.75,114.8125,1322,ZNU3
2023-05-19 02:00:00+00:00,34,1,338574,114.8125,114.84375,114.765625,114.796875,326,ZNU3
2023-05-19 03:00:00+00:00,34,1,338574,114.78125,114.828125,114.78125,114.828125,585,ZNU3
2023-05-19 04:00:00+00:00,34,1,338574,114.8125,114.828125,114.796875,114.8125,507,ZNU3
2023-05-19 05:00:00+00:00,34,1,338574,114.8125,114.84375,114.78125,114.84375,765,ZNU3
2023-05-19 06:00:00+00:00,34,1,338574,114.84375,114.859375,114.78125,114.828125,3377,ZNU3
2023-05-19 07:00:00+00:00,34,1,338574,114.84375,114.953125,114.8125,114.9375,2538,ZNU3
2023-05-19 08:00:00+00:00,34,1,338574,114.9375,114.9375,114.828125,114.875,1651,ZNU3
2023-05-19 09:00:00+00:00,34,1,338574,114.875,114.921875,114.84375,114.84375,1018,ZNU3
2023-05-19 10:00:00+00:00,34,1,338574,114.828125,114.84375,114.703125,114.71875,1977,ZNU3
2023-05-19 11:00:00+00:00,34,1,338574,114.71875,114.71875,114.578125,114.625,1966,ZNU3
2023-05-19 12:00:00+00:00,34,1,338574,114.609375,114.640625,114.359375,114.375,6753,ZNU3
2023-05-19 13:00:00+00:00,34,1,338574,114.375,114.421875,114.140625,114.234375,12255,ZNU3
2023-05-19 14:00:00+00:00,34,1,338574,114.25,114.28125,114.1875,114.203125,5860,ZNU3
2023-05-19 15:00:00+00:00,34,1,338574,114.203125,114.84375,114.171875,114.625,22840,ZNU3
2023-05-19 16:00:00+00:00,34,1,338574,114.625,114.6875,114.484375,114.5625,4701,ZNU3
2023-05-19 17:00:00+00:00,34,1,338574,114.546875,114.5625,114.484375,114.53125,2257,ZNU3
2023-05-19 18:00:00+00:00,34,1,338574,114.546875,114.546875,114.328125,114.34375,3564,ZNU3
2023-05-19 19:00:00+00:00,34,1,338574,114.359375,114.375,114.21875,114.265625,10403,ZNU3
2023-05-19 20:00:00+00:00,34,1,338574,114.28125,114.4375,114.265625,114.4375,3479,ZNU3
2023-05-21 22:00:00+00:00,34,1,338574,114.5,114.5625,114.4375,114.546875,838,ZNU3
2023-05-21 23:00:00+00:00,34,1,338574,114.546875,114.578125,114.53125,114.546875,659,ZNU3
2023-05-22 00:00:00+00:00,34,1,338574,114.515625,114.5625,114.484375,114.546875,884,ZNU3
2023-05-22 01:00:00+00:00,34,1,338574,114.546875,114.65625,114.546875,114.640625,1126,ZNU3
2023-05-22 02:00:00+00:00,34,1,338574,114.640625,114.65625,114.609375,114.640625,1116,ZNU3
2023-05-22 03:00:00+00:00,34,1,338574,114.65625,114.65625,114.625,114.640625,549,ZNU3
2023-05-22 04:00:00+00:00,34,1,338574,114.65625,114.65625,114.625,114.625,272,ZNU3
2023-05-22 05:00:00+00:00,34,1,338574,114.625,114.625,114.546875,114.5625,426,ZNU3
2023-05-22 06:00:00+00:00,34,1,338574,114.5625,114.609375,114.515625,114.609375,1769,ZNU3
2023-05-22 07:00:00+00:00,34,1,338574,114.609375,114.734375,114.578125,114.71875,5497,ZNU3
2023-05-22 08:00:00+00:00,34,1,338574,114.71875,114.71875,114.59375,114.65625,3417,ZNU3
2023-05-22 09:00:00+00:00,34,1,338574,114.671875,114.6875,114.578125,114.59375,1191,ZNU3
2023-05-22 10:00:00+00:00,34,1,338574,114.59375,114.59375,114.546875,114.578125,2585,ZNU3
2023-05-22 11:00:00+00:00,34,1,338574,114.578125,114.59375,114.453125,114.453125,4952,ZNU3
2023-05-22 12:00:00+00:00,34,1,338574,114.453125,114.453125,114.234375,114.25,9816,ZNU3
2023-05-22 13:00:00+00:00,34,1,338574,114.25,114.34375,114.234375,114.234375,18727,ZNU3
2023-05-22 14:00:00+00:00,34,1,338574,114.25,114.5625,114.171875,114.171875,20279,ZNU3
2023-05-22 15:00:00+00:00,34,1,338574,114.171875,114.234375,114.125,114.125,7429,ZNU3
2023-05-22 16:00:00+00:00,34,1,338574,114.125,114.25,114.109375,114.234375,8158,ZNU3
2023-05-22 17:00:00+00:00,34,1,338574,114.234375,114.359375,114.21875,114.3125,15165,ZNU3
2023-05-22 18:00:00+00:00,34,1,338574,114.328125,114.328125,114.203125,114.234375,11702,ZNU3
2023-05-22 19:00:00+00:00,34,1,338574,114.234375,114.265625,114.15625,114.1875,6717,ZNU3
2023-05-22 20:00:00+00:00,34,1,338574,114.203125,114.25,114.171875,114.234375,4453,ZNU3
2023-05-22 22:00:00+00:00,34,1,338574,114.1875,114.265625,114.1875,114.25,700,ZNU3
2023-05-22 23:00:00+00:00,34,1,338574,114.25,114.28125,114.21875,114.21875,1487,ZNU3
2023-05-23 00:00:00+00:00,34,1,338574,114.234375,114.3125,114.234375,114.25,1285,ZNU3
2023-05-23 01:00:00+00:00,34,1,338574,114.25,114.296875,114.1875,114.203125,1265,ZNU3
2023-05-23 02:00:00+00:00,34,1,338574,114.203125,114.265625,114.1875,114.25,1464,ZNU3
2023-05-23 03:00:00+00:00,34,1,338574,114.25,114.265625,114.21875,114.265625,1209,ZNU3
2023-05-23 04:00:00+00:00,34,1,338574,114.25,114.265625,114.234375,114.25,674,ZNU3
2023-05-23 05:00:00+00:00,34,1,338574,114.25,114.25,114.171875,114.1875,3090,ZNU3
2023-05-23 06:00:00+00:00,34,1,338574,114.1875,114.21875,114.15625,114.171875,4431,ZNU3
2023-05-23 07:00:00+00:00,34,1,338574,114.15625,114.25,114.109375,114.171875,9024,ZNU3
2023-05-23 08:00:00+00:00,34,1,338574,114.171875,114.234375,114.109375,114.171875,7189,ZNU3
2023-05-23 09:00:00+00:00,34,1,338574,114.171875,114.203125,114.0625,114.078125,8576,ZNU3
2023-05-23 10:00:00+00:00,34,1,338574,114.078125,114.078125,113.921875,113.96875,13752,ZNU3
2023-05-23 11:00:00+00:00,34,1,338574,113.96875,114.03125,113.9375,114.03125,7682,ZNU3
2023-05-23 12:00:00+00:00,34,1,338574,114.015625,114.046875,113.890625,113.96875,17878,ZNU3
2023-05-23 13:00:00+00:00,34,1,338574,113.984375,114.15625,113.953125,114.046875,25804,ZNU3
2023-05-23 14:00:00+00:00,34,1,338574,114.046875,114.25,114.015625,114.171875,16794,ZNU3
2023-05-23 15:00:00+00:00,34,1,338574,114.171875,114.203125,114.0625,114.109375,8449,ZNU3
2023-05-23 16:00:00+00:00,34,1,338574,114.109375,114.265625,114.046875,114.234375,12962,ZNU3
2023-05-23 17:00:00+00:00,34,1,338574,114.21875,114.34375,114.203125,114.265625,13660,ZNU3
2023-05-23 18:00:00+00:00,34,1,338574,114.265625,114.484375,114.234375,114.40625,21620,ZNU3
2023-05-23 19:00:00+00:00,34,1,338574,114.40625,114.40625,114.296875,114.359375,20203,ZNU3
2023-05-23 20:00:00+00:00,34,1,338574,114.359375,114.421875,114.34375,114.40625,11857,ZNU3
2023-05-23 22:00:00+00:00,34,1,338574,114.453125,114.46875,114.375,114.390625,1077,ZNU3
2023-05-23 23:00:00+00:00,34,1,338574,114.390625,114.390625,114.3125,114.375,2837,ZNU3
2023-05-24 00:00:00+00:00,34,1,338574,114.375,114.46875,114.359375,114.4375,4430,ZNU3
2023-05-24 01:00:00+00:00,34,1,338574,114.453125,114.484375,114.40625,114.46875,2309,ZNU3
2023-05-24 02:00:00+00:00,34,1,338574,114.484375,114.53125,114.484375,114.5,3852,ZNU3
2023-05-24 03:00:00+00:00,34,1,338574,114.5,114.515625,114.484375,114.5,375,ZNU3
2023-05-24 04:00:00+00:00,34,1,338574,114.5,114.515625,114.484375,114.5,1106,ZNU3
2023-05-24 05:00:00+00:00,34,1,338574,114.484375,114.515625,114.484375,114.5,1750,ZNU3
2023-05-24 06:00:00+00:00,34,1,338574,114.5,114.5,114.21875,114.234375,11902,ZNU3
2023-05-24 07:00:00+00:00,34,1,338574,114.234375,114.40625,114.203125,114.359375,7402,ZNU3
2023-05-24 08:00:00+00:00,34,1,338574,114.359375,114.453125,114.359375,114.4375,7905,ZNU3
2023-05-24 09:00:00+00:00,34,1,338574,114.453125,114.484375,114.40625,114.453125,6302,ZNU3
2023-05-24 10:00:00+00:00,34,1,338574,114.4375,114.5,114.390625,114.5,6154,ZNU3
2023-05-24 11:00:00+00:00,34,1,338574,114.5,114.5625,114.453125,114.546875,9157,ZNU3
2023-05-24 12:00:00+00:00,34,1,338574,114.546875,114.578125,114.359375,114.421875,25093,ZNU3
2023-05-24 13:00:00+00:00,34,1,338574,114.421875,114.46875,114.34375,114.34375,28577,ZNU3
2023-05-24 14:00:00+00:00,34,1,338574,114.328125,114.390625,114.265625,114.34375,40699,ZNU3
2023-05-24 15:00:00+00:00,34,1,338574,114.328125,114.34375,114.09375,114.140625,36303,ZNU3
2023-05-24 16:00:00+00:00,34,1,338574,114.140625,114.140625,113.984375,114.09375,27761,ZNU3
2023-05-24 17:00:00+00:00,34,1,338574,114.09375,114.203125,114.0625,114.171875,29466,ZNU3
2023-05-24 18:00:00+00:00,34,1,338574,114.15625,114.34375,114.140625,114.234375,22195,ZNU3
2023-05-24 19:00:00+00:00,34,1,338574,114.21875,114.234375,114.046875,114.0625,31687,ZNU3
2023-05-24 20:00:00+00:00,34,1,338574,114.046875,114.09375,113.96875,113.984375,13790,ZNU3
2023-05-24 22:00:00+00:00,34,1,338574,113.984375,114.171875,113.96875,114.0625,2406,ZNU3
2023-05-24 23:00:00+00:00,34,1,338574,114.078125,114.078125,114.0,114.015625,1238,ZNU3
2023-05-25 00:00:00+00:00,34,1,338574,114.015625,114.078125,114.0,114.046875,2848,ZNU3
2023-05-25 01:00:00+00:00,34,1,338574,114.03125,114.046875,113.890625,113.9375,14134,ZNU3
2023-05-25 02:00:00+00:00,34,1,338574,113.921875,113.953125,113.890625,113.921875,8239,ZNU3
2023-05-25 03:00:00+00:00,34,1,338574,113.921875,113.921875,113.890625,113.90625,3825,ZNU3
2023-05-25 04:00:00+00:00,34,1,338574,113.90625,113.9375,113.890625,113.9375,5088,ZNU3
2023-05-25 05:00:00+00:00,34,1,338574,113.9375,113.953125,113.90625,113.921875,3312,ZNU3
2023-05-25 06:00:00+00:00,34,1,338574,113.921875,114.0,113.90625,113.921875,12856,ZNU3
2023-05-25 07:00:00+00:00,34,1,338574,113.921875,114.015625,113.875,113.984375,16913,ZNU3
2023-05-25 08:00:00+00:00,34,1,338574,113.984375,114.0,113.890625,113.90625,12294,ZNU3
2023-05-25 09:00:00+00:00,34,1,338574,113.921875,113.921875,113.78125,113.84375,18556,ZNU3
2023-05-25 10:00:00+00:00,34,1,338574,113.84375,113.890625,113.796875,113.84375,8397,ZNU3
2023-05-25 11:00:00+00:00,34,1,338574,113.828125,113.90625,113.71875,113.90625,16119,ZNU3
2023-05-25 12:00:00+00:00,34,1,338574,113.90625,114.015625,113.453125,113.578125,78428,ZNU3
2023-05-25 13:00:00+00:00,34,1,338574,113.578125,113.90625,113.5,113.625,69914,ZNU3
2023-05-25 14:00:00+00:00,34,1,338574,113.625,113.8125,113.59375,113.640625,48965,ZNU3
2023-05-25 15:00:00+00:00,34,1,338574,113.640625,113.703125,113.515625,113.609375,69223,ZNU3
2023-05-25 16:00:00+00:00,34,1,338574,113.59375,113.609375,113.484375,113.53125,58785,ZNU3
2023-05-25 17:00:00+00:00,34,1,338574,113.53125,113.59375,113.484375,113.53125,34096,ZNU3
2023-05-25 18:00:00+00:00,34,1,338574,113.53125,113.53125,113.375,113.390625,49946,ZNU3
2023-05-25 19:00:00+00:00,34,1,338574,113.375,113.390625,113.28125,113.34375,53991,ZNU3
2023-05-25 20:00:00+00:00,34,1,338574,113.34375,113.34375,113.28125,113.3125,19474,ZNU3
2023-05-25 22:00:00+00:00,34,1,338574,113.328125,113.375,113.296875,113.34375,2538,ZNU3
2023-05-25 23:00:00+00:00,34,1,338574,113.359375,113.359375,113.28125,113.3125,2172,ZNU3
2023-05-26 00:00:00+00:00,34,1,338574,113.3125,113.34375,113.25,113.265625,10042,ZNU3
2023-05-26 01:00:00+00:00,34,1,338574,113.265625,113.390625,113.25,113.359375,12904,ZNU3
2023-05-26 02:00:00+00:00,34,1,338574,113.359375,113.40625,113.328125,113.390625,4742,ZNU3
2023-05-26 03:00:00+00:00,34,1,338574,113.375,113.40625,113.359375,113.390625,3759,ZNU3
2023-05-26 04:00:00+00:00,34,1,338574,113.390625,113.421875,113.375,113.40625,5077,ZNU3
2023-05-26 05:00:00+00:00,34,1,338574,113.390625,113.4375,113.390625,113.40625,4478,ZNU3
2023-05-26 06:00:00+00:00,34,1,338574,113.390625,113.453125,113.359375,113.4375,15574,ZNU3
2023-05-26 07:00:00+00:00,34,1,338574,113.4375,113.5625,113.328125,113.5625,35937,ZNU3
2023-05-26 08:00:00+00:00,34,1,338574,113.546875,113.5625,113.46875,113.515625,22022,ZNU3
2023-05-26 09:00:00+00:00,34,1,338574,113.515625,113.609375,113.484375,113.59375,12560,ZNU3
2023-05-26 10:00:00+00:00,34,1,338574,113.59375,113.609375,113.53125,113.59375,12493,ZNU3
2023-05-26 11:00:00+00:00,34,1,338574,113.59375,113.59375,113.5,113.5,20787,ZNU3
2023-05-26 12:00:00+00:00,34,1,338574,113.515625,113.609375,113.046875,113.21875,114442,ZNU3
2023-05-26 13:00:00+00:00,34,1,338574,113.203125,113.234375,113.078125,113.109375,77741,ZNU3
2023-05-26 14:00:00+00:00,34,1,338574,113.125,113.4375,113.0625,113.09375,113201,ZNU3
2023-05-26 15:00:00+00:00,34,1,338574,113.09375,113.125,112.921875,113.078125,112375,ZNU3
2023-05-26 16:00:00+00:00,34,1,338574,113.078125,113.203125,113.046875,113.203125,73163,ZNU3
2023-05-26 17:00:00+00:00,34,1,338574,113.1875,113.3125,113.1875,113.296875,63376,ZNU3
2023-05-26 18:00:00+00:00,34,1,338574,113.3125,113.34375,113.28125,113.296875,19382,ZNU3
2023-05-26 19:00:00+00:00,34,1,338574,113.296875,113.40625,113.28125,113.390625,28155,ZNU3
2023-05-26 20:00:00+00:00,34,1,338574,113.40625,113.40625,113.3125,113.328125,11900,ZNU3
2023-05-28 22:00:00+00:00,34,1,338574,113.1875,113.203125,112.921875,113.15625,13552,ZNU3
2023-05-28 23:00:00+00:00,34,1,338574,113.15625,113.1875,113.109375,113.109375,3045,ZNU3
2023-05-29 00:00:00+00:00,34,1,338574,113.109375,113.1875,113.0625,113.15625,7261,ZNU3
2023-05-29 01:00:00+00:00,34,1,338574,113.140625,113.203125,113.140625,113.1875,5320,ZNU3
2023-05-29 02:00:00+00:00,34,1,338574,113.1875,113.21875,113.171875,113.1875,5116,ZNU3
2023-05-29 03:00:00+00:00,34,1,338574,113.171875,113.1875,113.125,113.125,4234,ZNU3
2023-05-29 04:00:00+00:00,34,1,338574,113.140625,113.171875,113.109375,113.109375,2373,ZNU3
2023-05-29 05:00:00+00:00,34,1,338574,113.125,113.140625,113.09375,113.125,3111,ZNU3
2023-05-29 06:00:00+00:00,34,1,338574,113.125,113.171875,113.109375,113.15625,10794,ZNU3
2023-05-29 07:00:00+00:00,34,1,338574,113.15625,113.1875,113.125,113.1875,8982,ZNU3
2023-05-29 08:00:00+00:00,34,1,338574,113.1875,113.296875,113.125,113.296875,11611,ZNU3
2023-05-29 09:00:00+00:00,34,1,338574,113.296875,113.453125,113.25,113.453125,22732,ZNU3
2023-05-29 10:00:00+00:00,34,1,338574,113.453125,113.46875,113.375,113.40625,12972,ZNU3
2023-05-29 11:00:00+00:00,34,1,338574,113.390625,113.46875,113.390625,113.453125,8762,ZNU3
2023-05-29 12:00:00+00:00,34,1,338574,113.453125,113.5,113.4375,113.484375,19745,ZNU3
2023-05-29 13:00:00+00:00,34,1,338574,113.484375,113.515625,113.453125,113.484375,12667,ZNU3
2023-05-29 14:00:00+00:00,34,1,338574,113.484375,113.515625,113.46875,113.515625,7683,ZNU3
2023-05-29 15:00:00+00:00,34,1,338574,113.5,113.5,113.4375,113.453125,7445,ZNU3
2023-05-29 16:00:00+00:00,34,1,338574,113.46875,113.46875,113.421875,113.421875,3925,ZNU3
2023-05-29 22:00:00+00:00,34,1,338574,113.40625,113.453125,113.390625,113.40625,5952,ZNU3
2023-05-29 23:00:00+00:00,34,1,338574,113.421875,113.5,113.40625,113.5,9719,ZNU3
2023-05-30 00:00:00+00:00,34,1,338574,113.484375,113.53125,113.453125,113.515625,21196,ZNU3
2023-05-30 01:00:00+00:00,34,1,338574,113.5,113.546875,113.46875,113.546875,17696,ZNU3
2023-05-30 02:00:00+00:00,34,1,338574,113.546875,113.5625,113.515625,113.546875,11131,ZNU3
2023-05-30 03:00:00+00:00,34,1,338574,113.53125,113.609375,113.53125,113.546875,9784,ZNU3
2023-05-30 04:00:00+00:00,34,1,338574,113.546875,113.5625,113.484375,113.53125,8067,ZNU3
2023-05-30 05:00:00+00:00,34,1,338574,113.53125,113.53125,113.453125,113.453125,11241,ZNU3
2023-05-30 06:00:00+00:00,34,1,338574,113.453125,113.5625,113.421875,113.5,32856,ZNU3
2023-05-30 07:00:00+00:00,34,1,338574,113.515625,113.765625,113.5,113.734375,87074,ZNU3
2023-05-30 08:00:00+00:00,34,1,338574,113.71875,113.734375,113.640625,113.671875,31479,ZNU3
2023-05-30 09:00:00+00:00,34,1,338574,113.65625,113.875,113.625,113.796875,50615,ZNU3
2023-05-30 10:00:00+00:00,34,1,338574,113.78125,113.875,113.75,113.859375,32163,ZNU3
2023-05-30 11:00:00+00:00,34,1,338574,113.859375,113.921875,113.78125,113.921875,53262,ZNU3
2023-05-30 12:00:00+00:00,34,1,338574,113.921875,114.0,113.734375,113.765625,122827,ZNU3
2023-05-30 13:00:00+00:00,34,1,338574,113.765625,113.765625,113.59375,113.703125,139197,ZNU3
2023-05-30 14:00:00+00:00,34,1,338574,113.703125,113.921875,113.65625,113.90625,140294,ZNU3
2023-05-30 15:00:00+00:00,34,1,338574,113.890625,114.046875,113.890625,114.0,112639,ZNU3
2023-05-30 16:00:00+00:00,34,1,338574,113.984375,114.046875,113.9375,113.9375,70791,ZNU3
2023-05-30 17:00:00+00:00,34,1,338574,113.9375,114.109375,113.9375,114.09375,71047,ZNU3
2023-05-30 18:00:00+00:00,34,1,338574,114.078125,114.109375,113.984375,114.046875,88122,ZNU3
2023-05-30 19:00:00+00:00,34,1,338574,114.03125,114.1875,114.015625,114.15625,80690,ZNU3
2023-05-30 20:00:00+00:00,34,1,338574,114.15625,114.171875,114.03125,114.09375,57469,ZNU3
2023-05-30 22:00:00+00:00,34,1,338574,114.03125,114.0625,114.0,114.03125,7384,ZNU3
2023-05-30 23:00:00+00:00,34,1,338574,114.03125,114.078125,114.015625,114.0625,4611,ZNU3
2023-05-31 00:00:00+00:00,34,1,338574,114.0625,114.125,114.046875,114.09375,9285,ZNU3
2023-05-31 01:00:00+00:00,34,1,338574,114.09375,114.21875,114.078125,114.15625,23205,ZNU3
2023-05-31 02:00:00+00:00,34,1,338574,114.140625,114.171875,114.125,114.15625,6876,ZNU3
2023-05-31 03:00:00+00:00,34,1,338574,114.15625,114.203125,114.140625,114.171875,7974,ZNU3
2023-05-31 04:00:00+00:00,34,1,338574,114.1875,114.1875,114.140625,114.171875,6401,ZNU3
2023-05-31 05:00:00+00:00,34,1,338574,114.171875,114.359375,114.171875,114.28125,49483,ZNU3
2023-05-31 06:00:00+00:00,34,1,338574,114.28125,114.453125,114.28125,114.359375,56192,ZNU3
2023-05-31 07:00:00+00:00,34,1,338574,114.359375,114.359375,114.25,114.28125,54281,ZNU3
2023-05-31 08:00:00+00:00,34,1,338574,114.296875,114.375,114.25,114.296875,46200,ZNU3
2023-05-31 09:00:00+00:00,34,1,338574,114.296875,114.375,114.234375,114.359375,42850,ZNU3
2023-05-31 10:00:00+00:00,34,1,338574,114.34375,114.40625,114.328125,114.34375,28361,ZNU3
2023-05-31 11:00:00+00:00,34,1,338574,114.34375,114.421875,114.34375,114.421875,43717,ZNU3
2023-05-31 12:00:00+00:00,34,1,338574,114.421875,114.453125,114.1875,114.234375,144046,ZNU3
2023-05-31 13:00:00+00:00,34,1,338574,114.21875,114.46875,114.171875,114.4375,201923,ZNU3
2023-05-31 14:00:00+00:00,34,1,338574,114.4375,114.4375,114.0625,114.359375,350556,ZNU3
2023-05-31 15:00:00+00:00,34,1,338574,114.359375,114.375,114.265625,114.28125,110518,ZNU3
2023-05-31 16:00:00+00:00,34,1,338574,114.28125,114.375,114.1875,114.359375,75866,ZNU3
2023-05-31 17:00:00+00:00,34,1,338574,114.34375,114.484375,114.3125,114.4375,126514,ZNU3
2023-05-31 18:00:00+00:00,34,1,338574,114.4375,114.53125,114.421875,114.484375,176478,ZNU3
2023-05-31 19:00:00+00:00,34,1,338574,114.484375,114.625,114.40625,114.4375,363538,ZNU3
2023-05-31 20:00:00+00:00,34,1,338574,114.4375,114.484375,114.359375,114.375,187441,ZNU3
2023-05-31 22:00:00+00:00,34,1,338574,114.375,114.421875,114.375,114.40625,7087,ZNU3
2023-05-31 23:00:00+00:00,34,1,338574,114.390625,114.453125,114.390625,114.421875,7237,ZNU3
2023-06-01 00:00:00+00:00,34,1,338574,114.421875,114.5,114.421875,114.453125,13640,ZNU3
2023-06-01 01:00:00+00:00,34,1,338574,114.4375,114.453125,114.25,114.28125,35673,ZNU3
2023-06-01 02:00:00+00:00,34,1,338574,114.28125,114.296875,114.171875,114.1875,23245,ZNU3
2023-06-01 03:00:00+00:00,34,1,338574,114.1875,114.234375,114.140625,114.171875,16683,ZNU3
2023-06-01 04:00:00+00:00,34,1,338574,114.171875,114.203125,114.140625,114.203125,10225,ZNU3
2023-06-01 05:00:00+00:00,34,1,338574,114.203125,114.203125,114.140625,114.1875,8653,ZNU3
2023-06-01 06:00:00+00:00,34,1,338574,114.1875,114.234375,114.125,114.140625,35621,ZNU3
2023-06-01 07:00:00+00:00,34,1,338574,114.140625,114.171875,114.03125,114.09375,62384,ZNU3
2023-06-01 08:00:00+00:00,34,1,338574,114.09375,114.15625,114.0625,114.125,43604,ZNU3
2023-06-01 09:00:00+00:00,34,1,338574,114.140625,114.1875,114.09375,114.125,24957,ZNU3
2023-06-01 10:00:00+00:00,34,1,338574,114.125,114.21875,114.109375,114.21875,29120,ZNU3
2023-06-01 11:00:00+00:00,34,1,338574,114.21875,114.40625,114.21875,114.390625,59713,ZNU3
2023-06-01 12:00:00+00:00,34,1,338574,114.390625,114.75,114.15625,114.734375,273946,ZNU3
2023-06-01 13:00:00+00:00,34,1,338574,114.734375,114.84375,114.671875,114.78125,173076,ZNU3
2023-06-01 14:00:00+00:00,34,1,338574,114.796875,115.0,114.640625,114.6875,249402,ZNU3
2023-06-01 15:00:00+00:00,34,1,338574,114.703125,114.765625,114.640625,114.734375,95316,ZNU3
2023-06-01 16:00:00+00:00,34,1,338574,114.734375,114.75,114.640625,114.65625,66886,ZNU3
2023-06-01 17:00:00+00:00,34,1,338574,114.640625,114.75,114.625,114.71875,62469,ZNU3
2023-06-01 18:00:00+00:00,34,1,338574,114.703125,114.796875,114.703125,114.734375,76521,ZNU3
2023-06-01 19:00:00+00:00,34,1,338574,114.734375,114.796875,114.6875,114.734375,65845,ZNU3
2023-06-01 20:00:00+00:00,34,1,338574,114.75,114.78125,114.71875,114.75,42656,ZNU3
2023-06-01 22:00:00+00:00,34,1,338574,114.765625,114.765625,114.71875,114.75,3252,ZNU3
2023-06-01 23:00:00+00:00,34,1,338574,114.75,114.75,114.703125,114.71875,2949,ZNU3
2023-06-02 00:00:00+00:00,34,1,338574,114.734375,114.734375,114.6875,114.71875,7755,ZNU3
2023-06-02 01:00:00+00:00,34,1,338574,114.71875,114.734375,114.625,114.640625,14324,ZNU3
2023-06-02 02:00:00+00:00,34,1,338574,114.65625,114.671875,114.640625,114.65625,9802,ZNU3
2023-06-02 03:00:00+00:00,34,1,338574,114.65625,114.6875,114.640625,114.640625,8253,ZNU3
2023-06-02 04:00:00+00:00,34,1,338574,114.640625,114.671875,114.640625,114.640625,7047,ZNU3
2023-06-02 05:00:00+00:00,34,1,338574,114.640625,114.65625,114.609375,114.625,13464,ZNU3
2023-06-02 06:00:00+00:00,34,1,338574,114.625,114.6875,114.609375,114.6875,21376,ZNU3
2023-06-02 07:00:00+00:00,34,1,338574,114.671875,114.71875,114.640625,114.671875,36251,ZNU3
2023-06-02 08:00:00+00:00,34,1,338574,114.671875,114.71875,114.640625,114.671875,22489,ZNU3
2023-06-02 09:00:00+00:00,34,1,338574,114.6875,114.703125,114.625,114.6875,21906,ZNU3
2023-06-02 10:00:00+00:00,34,1,338574,114.671875,114.6875,114.625,114.65625,19534,ZNU3
2023-06-02 11:00:00+00:00,34,1,338574,114.671875,114.75,114.640625,114.703125,45987,ZNU3
2023-06-02 12:00:00+00:00,34,1,338574,114.71875,114.734375,114.203125,114.375,325298,ZNU3
2023-06-02 13:00:00+00:00,34,1,338574,114.375,114.546875,114.21875,114.234375,171638,ZNU3
2023-06-02 14:00:00+00:00,34,1,338574,114.234375,114.28125,114.0625,114.15625,195774,ZNU3
2023-06-02 15:00:00+00:00,34,1,338574,114.15625,114.1875,114.015625,114.046875,119946,ZNU3
2023-06-02 16:00:00+00:00,34,1,338574,114.046875,114.0625,113.90625,113.953125,99890,ZNU3
2023-06-02 17:00:00+00:00,34,1,338574,113.96875,114.015625,113.828125,113.828125,74029,ZNU3
2023-06-02 18:00:00+00:00,34,1,338574,113.84375,113.875,113.78125,113.859375,107883,ZNU3
2023-06-02 19:00:00+00:00,34,1,338574,113.859375,113.90625,113.828125,113.84375,79279,ZNU3
2023-06-02 20:00:00+00:00,34,1,338574,113.84375,113.859375,113.796875,113.8125,41384,ZNU3
2023-06-04 22:00:00+00:00,34,1,338574,113.734375,113.765625,113.671875,113.734375,9565,ZNU3
2023-06-04 23:00:00+00:00,34,1,338574,113.75,113.765625,113.703125,113.734375,6571,ZNU3
2023-06-05 00:00:00+00:00,34,1,338574,113.71875,113.734375,113.625,113.625,29024,ZNU3
2023-06-05 01:00:00+00:00,34,1,338574,113.625,113.65625,113.546875,113.59375,29793,ZNU3
2023-06-05 02:00:00+00:00,34,1,338574,113.578125,113.609375,113.578125,113.59375,4634,ZNU3
2023-06-05 03:00:00+00:00,34,1,338574,113.578125,113.625,113.578125,113.625,4418,ZNU3
2023-06-05 04:00:00+00:00,34,1,338574,113.609375,113.640625,113.59375,113.59375,5636,ZNU3
2023-06-05 05:00:00+00:00,34,1,338574,113.59375,113.625,113.59375,113.609375,6405,ZNU3
2023-06-05 06:00:00+00:00,34,1,338574,113.59375,113.59375,113.46875,113.546875,37538,ZNU3
2023-06-05 07:00:00+00:00,34,1,338574,113.53125,113.53125,113.390625,113.484375,59860,ZNU3
2023-06-05 08:00:00+00:00,34,1,338574,113.484375,113.546875,113.453125,113.5,29843,ZNU3
2023-06-05 09:00:00+00:00,34,1,338574,113.5,113.546875,113.46875,113.53125,22490,ZNU3
2023-06-05 10:00:00+00:00,34,1,338574,113.53125,113.53125,113.40625,113.4375,25818,ZNU3
2023-06-05 11:00:00+00:00,34,1,338574,113.4375,113.484375,113.3125,113.375,57676,ZNU3
2023-06-05 12:00:00+00:00,34,1,338574,113.375,113.5,113.359375,113.4375,103985,ZNU3
2023-06-05 13:00:00+00:00,34,1,338574,113.421875,113.5,113.328125,113.453125,117199,ZNU3
2023-06-05 14:00:00+00:00,34,1,338574,113.46875,114.109375,113.46875,113.84375,311443,ZNU3
2023-06-05 15:00:00+00:00,34,1,338574,113.828125,113.90625,113.765625,113.875,91930,ZNU3
2023-06-05 16:00:00+00:00,34,1,338574,113.890625,113.953125,113.765625,113.765625,77564,ZNU3
2023-06-05 17:00:00+00:00,34,1,338574,113.765625,113.8125,113.71875,113.796875,61098,ZNU3
2023-06-05 18:00:00+00:00,34,1,338574,113.78125,113.9375,113.765625,113.890625,93013,ZNU3
2023-06-05 19:00:00+00:00,34,1,338574,113.90625,113.96875,113.859375,113.859375,115536,ZNU3
2023-06-05 20:00:00+00:00,34,1,338574,113.859375,113.96875,113.859375,113.9375,49817,ZNU3
2023-06-05 22:00:00+00:00,34,1,338574,113.9375,113.984375,113.9375,113.984375,2682,ZNU3
2023-06-05 23:00:00+00:00,34,1,338574,113.984375,114.0,113.953125,113.96875,2917,ZNU3
2023-06-06 00:00:00+00:00,34,1,338574,113.96875,113.984375,113.875,113.90625,7074,ZNU3
2023-06-06 01:00:00+00:00,34,1,338574,113.921875,113.9375,113.875,113.921875,7678,ZNU3
2023-06-06 02:00:00+00:00,34,1,338574,113.90625,113.921875,113.796875,113.828125,9991,ZNU3
2023-06-06 03:00:00+00:00,34,1,338574,113.828125,113.859375,113.796875,113.8125,4022,ZNU3
2023-06-06 04:00:00+00:00,34,1,338574,113.8125,113.859375,113.75,113.84375,15715,ZNU3
2023-06-06 05:00:00+00:00,34,1,338574,113.84375,113.84375,113.765625,113.8125,9439,ZNU3
2023-06-06 06:00:00+00:00,34,1,338574,113.8125,113.921875,113.796875,113.875,24757,ZNU3
2023-06-06 07:00:00+00:00,34,1,338574,113.859375,114.046875,113.78125,114.0,55506,ZNU3
2023-06-06 08:00:00+00:00,34,1,338574,114.0,114.203125,114.0,114.140625,75451,ZNU3
2023-06-06 09:00:00+00:00,34,1,338574,114.125,114.171875,114.078125,114.125,28416,ZNU3
2023-06-06 10:00:00+00:00,34,1,338574,114.125,114.15625,114.09375,114.109375,21100,ZNU3
2023-06-06 11:00:00+00:00,34,1,338574,114.109375,114.125,114.03125,114.046875,38618,ZNU3
2023-06-06 12:00:00+00:00,34,1,338574,114.046875,114.09375,113.75,113.765625,126017,ZNU3
2023-06-06 13:00:00+00:00,34,1,338574,113.765625,113.875,113.59375,113.59375,142860,ZNU3
2023-06-06 14:00:00+00:00,34,1,338574,113.609375,113.75,113.578125,113.703125,90978,ZNU3
2023-06-06 15:00:00+00:00,34,1,338574,113.703125,113.8125,113.609375,113.703125,88733,ZNU3
2023-06-06 16:00:00+00:00,34,1,338574,113.71875,113.796875,113.6875,113.78125,48721,ZNU3
2023-06-06 17:00:00+00:00,34,1,338574,113.78125,113.796875,113.71875,113.78125,30727,ZNU3
2023-06-06 18:00:00+00:00,34,1,338574,113.796875,113.859375,113.75,113.765625,85698,ZNU3
2023-06-06 19:00:00+00:00,34,1,338574,113.765625,113.84375,113.765625,113.8125,72000,ZNU3
2023-06-06 20:00:00+00:00,34,1,338574,113.828125,114.046875,113.8125,114.046875,66318,ZNU3
2023-06-06 22:00:00+00:00,34,1,338574,114.015625,114.0625,113.984375,114.015625,8514,ZNU3
2023-06-06 23:00:00+00:00,34,1,338574,114.015625,114.015625,113.984375,114.015625,3336,ZNU3
2023-06-07 00:00:00+00:00,34,1,338574,114.0,114.03125,113.953125,113.984375,10542,ZNU3
2023-06-07 01:00:00+00:00,34,1,338574,114.0,114.078125,113.96875,113.96875,12827,ZNU3
2023-06-07 02:00:00+00:00,34,1,338574,113.984375,114.046875,113.96875,114.046875,8953,ZNU3
2023-06-07 03:00:00+00:00,34,1,338574,114.03125,114.078125,114.03125,114.046875,6901,ZNU3
2023-06-07 04:00:00+00:00,34,1,338574,114.046875,114.0625,114.015625,114.015625,3105,ZNU3
2023-06-07 05:00:00+00:00,34,1,338574,114.015625,114.0625,114.0,114.046875,9147,ZNU3
2023-06-07 06:00:00+00:00,34,1,338574,114.046875,114.0625,113.9375,113.96875,20812,ZNU3
2023-06-07 07:00:00+00:00,34,1,338574,113.96875,114.0,113.84375,113.84375,43226,ZNU3
2023-06-07 08:00:00+00:00,34,1,338574,113.84375,113.953125,113.8125,113.90625,29456,ZNU3
2023-06-07 09:00:00+00:00,34,1,338574,113.90625,113.96875,113.859375,113.9375,25017,ZNU3
2023-06-07 10:00:00+00:00,34,1,338574,113.9375,113.9375,113.828125,113.828125,19868,ZNU3
2023-06-07 11:00:00+00:00,34,1,338574,113.84375,113.890625,113.796875,113.828125,35395,ZNU3
2023-06-07 12:00:00+00:00,34,1,338574,113.8125,113.828125,113.609375,113.609375,117141,ZNU3
2023-06-07 13:00:00+00:00,34,1,338574,113.609375,113.765625,113.609375,113.734375,107839,ZNU3
2023-06-07 14:00:00+00:00,34,1,338574,113.734375,113.734375,113.296875,113.3125,325831,ZNU3
2023-06-07 15:00:00+00:00,34,1,338574,113.3125,113.328125,113.109375,113.109375,177127,ZNU3
2023-06-07 16:00:00+00:00,34,1,338574,113.109375,113.171875,113.046875,113.0625,105415,ZNU3
2023-06-07 17:00:00+00:00,34,1,338574,113.0625,113.1875,113.03125,113.140625,114711,ZNU3
2023-06-07 18:00:00+00:00,34,1,338574,113.15625,113.25,113.109375,113.203125,134190,ZNU3
2023-06-07 19:00:00+00:00,34,1,338574,113.21875,113.265625,113.09375,113.140625,114311,ZNU3
2023-06-07 20:00:00+00:00,34,1,338574,113.15625,113.1875,113.09375,113.09375,47488,ZNU3
2023-06-07 22:00:00+00:00,34,1,338574,113.125,113.15625,113.109375,113.125,4513,ZNU3
2023-06-07 23:00:00+00:00,34,1,338574,113.125,113.1875,113.125,113.1875,4978,ZNU3
2023-06-08 00:00:00+00:00,34,1,338574,113.1875,113.234375,113.140625,113.15625,13534,ZNU3
2023-06-08 01:00:00+00:00,34,1,338574,113.15625,113.171875,113.109375,113.15625,11478,ZNU3
2023-06-08 02:00:00+00:00,34,1,338574,113.15625,113.15625,113.078125,113.109375,15403,ZNU3
2023-06-08 03:00:00+00:00,34,1,338574,113.109375,113.140625,113.09375,113.125,8101,ZNU3
2023-06-08 04:00:00+00:00,34,1,338574,113.125,113.171875,113.09375,113.171875,5787,ZNU3
2023-06-08 05:00:00+00:00,34,1,338574,113.15625,113.171875,113.09375,113.09375,12447,ZNU3
2023-06-08 06:00:00+00:00,34,1,338574,113.09375,113.109375,112.953125,112.984375,56795,ZNU3
2023-06-08 07:00:00+00:00,34,1,338574,112.984375,113.125,112.9375,113.109375,56246,ZNU3
2023-06-08 08:00:00+00:00,34,1,338574,113.109375,113.15625,113.03125,113.109375,34141,ZNU3
2023-06-08 09:00:00+00:00,34,1,338574,113.09375,113.140625,113.0625,113.078125,18535,ZNU3
2023-06-08 10:00:00+00:00,34,1,338574,113.09375,113.09375,112.96875,113.0,31628,ZNU3
2023-06-08 11:00:00+00:00,34,1,338574,113.015625,113.09375,112.984375,113.046875,39150,ZNU3
2023-06-08 12:00:00+00:00,34,1,338574,113.03125,113.40625,112.953125,113.265625,269877,ZNU3
2023-06-08 13:00:00+00:00,34,1,338574,113.265625,113.625,113.21875,113.5,229922,ZNU3
2023-06-08 14:00:00+00:00,34,1,338574,113.5,113.640625,113.46875,113.5625,170776,ZNU3
2023-06-08 15:00:00+00:00,34,1,338574,113.546875,113.75,113.546875,113.734375,118646,ZNU3
2023-06-08 16:00:00+00:00,34,1,338574,113.734375,113.734375,113.59375,113.625,77886,ZNU3
2023-06-08 17:00:00+00:00,34,1,338574,113.625,113.703125,113.59375,113.6875,57667,ZNU3
2023-06-08 18:00:00+00:00,34,1,338574,113.671875,113.734375,113.671875,113.71875,96206,ZNU3
2023-06-08 19:00:00+00:00,34,1,338574,113.71875,113.78125,113.640625,113.734375,101163,ZNU3
2023-06-08 20:00:00+00:00,34,1,338574,113.75,113.765625,113.6875,113.6875,28742,ZNU3
2023-06-08 22:00:00+00:00,34,1,338574,113.6875,113.703125,113.640625,113.671875,6703,ZNU3
2023-06-08 23:00:00+00:00,34,1,338574,113.671875,113.71875,113.671875,113.671875,4736,ZNU3
2023-06-09 00:00:00+00:00,34,1,338574,113.6875,113.6875,113.609375,113.625,11805,ZNU3
2023-06-09 01:00:00+00:00,34,1,338574,113.625,113.640625,113.5625,113.578125,19511,ZNU3
2023-06-09 02:00:00+00:00,34,1,338574,113.578125,113.640625,113.5625,113.578125,9075,ZNU3
2023-06-09 03:00:00+00:00,34,1,338574,113.578125,113.625,113.578125,113.609375,4401,ZNU3
2023-06-09 04:00:00+00:00,34,1,338574,113.609375,113.671875,113.59375,113.640625,7923,ZNU3
2023-06-09 05:00:00+00:00,34,1,338574,113.65625,113.65625,113.59375,113.625,6154,ZNU3
2023-06-09 06:00:00+00:00,34,1,338574,113.625,113.65625,113.546875,113.578125,22931,ZNU3
2023-06-09 07:00:00+00:00,34,1,338574,113.5625,113.625,113.4375,113.484375,51678,ZNU3
2023-06-09 08:00:00+00:00,34,1,338574,113.5,113.5,113.40625,113.453125,33085,ZNU3
2023-06-09 09:00:00+00:00,34,1,338574,113.453125,113.484375,113.4375,113.4375,15720,ZNU3
2023-06-09 10:00:00+00:00,34,1,338574,113.4375,113.5,113.390625,113.453125,26455,ZNU3
2023-06-09 11:00:00+00:00,34,1,338574,113.4375,113.5,113.40625,113.453125,47752,ZNU3
2023-06-09 12:00:00+00:00,34,1,338574,113.453125,113.71875,113.34375,113.484375,218141,ZNU3
2023-06-09 13:00:00+00:00,34,1,338574,113.484375,113.5625,113.203125,113.296875,181907,ZNU3
2023-06-09 14:00:00+00:00,34,1,338574,113.296875,113.421875,113.25,113.375,121565,ZNU3
2023-06-09 15:00:00+00:00,34,1,338574,113.390625,113.46875,113.3125,113.390625,80932,ZNU3
2023-06-09 16:00:00+00:00,34,1,338574,113.390625,113.4375,113.359375,113.375,51795,ZNU3
2023-06-09 17:00:00+00:00,34,1,338574,113.375,113.484375,113.375,113.46875,44079,ZNU3
2023-06-09 18:00:00+00:00,34,1,338574,113.46875,113.484375,113.375,113.40625,64539,ZNU3
2023-06-09 19:00:00+00:00,34,1,338574,113.40625,113.40625,113.328125,113.375,54864,ZNU3
2023-06-09 20:00:00+00:00,34,1,338574,113.359375,113.4375,113.359375,113.40625,21549,ZNU3
2023-06-11 22:00:00+00:00,34,1,338574,113.28125,113.34375,113.21875,113.328125,7204,ZNU3
2023-06-11 23:00:00+00:00,34,1,338574,113.328125,113.375,113.28125,113.34375,4835,ZNU3
2023-06-12 00:00:00+00:00,34,1,338574,113.359375,113.40625,113.359375,113.359375,7341,ZNU3
2023-06-12 01:00:00+00:00,34,1,338574,113.359375,113.421875,113.34375,113.359375,5350,ZNU3
2023-06-12 02:00:00+00:00,34,1,338574,113.359375,113.390625,113.328125,113.34375,6704,ZNU3
2023-06-12 03:00:00+00:00,34,1,338574,113.34375,113.359375,113.328125,113.328125,2011,ZNU3
2023-06-12 04:00:00+00:00,34,1,338574,113.328125,113.359375,113.328125,113.34375,2944,ZNU3
2023-06-12 05:00:00+00:00,34,1,338574,113.359375,113.359375,113.265625,113.265625,9835,ZNU3
2023-06-12 06:00:00+00:00,34,1,338574,113.265625,113.359375,113.265625,113.3125,16939,ZNU3
2023-06-12 07:00:00+00:00,34,1,338574,113.296875,113.3125,113.203125,113.25,34313,ZNU3
2023-06-12 08:00:00+00:00,34,1,338574,113.234375,113.328125,113.203125,113.328125,23894,ZNU3
2023-06-12 09:00:00+00:00,34,1,338574,113.3125,113.359375,113.28125,113.3125,21476,ZNU3
2023-06-12 10:00:00+00:00,34,1,338574,113.328125,113.4375,113.328125,113.359375,36308,ZNU3
2023-06-12 11:00:00+00:00,34,1,338574,113.375,113.390625,113.296875,113.375,25308,ZNU3
2023-06-12 12:00:00+00:00,34,1,338574,113.375,113.671875,113.359375,113.609375,139583,ZNU3
2023-06-12 13:00:00+00:00,34,1,338574,113.609375,113.625,113.125,113.1875,187873,ZNU3
2023-06-12 14:00:00+00:00,34,1,338574,113.1875,113.265625,113.09375,113.234375,164902,ZNU3
2023-06-12 15:00:00+00:00,34,1,338574,113.21875,113.34375,113.203125,113.203125,109194,ZNU3
2023-06-12 16:00:00+00:00,34,1,338574,113.21875,113.296875,113.1875,113.25,88379,ZNU3
2023-06-12 17:00:00+00:00,34,1,338574,113.25,113.359375,113.140625,113.34375,87514,ZNU3
2023-06-12 18:00:00+00:00,34,1,338574,113.34375,113.40625,113.296875,113.359375,96135,ZNU3
2023-06-12 19:00:00+00:00,34,1,338574,113.359375,113.546875,113.34375,113.53125,133637,ZNU3
2023-06-12 20:00:00+00:00,34,1,338574,113.515625,113.5625,113.453125,113.484375,42519,ZNU3
2023-06-12 22:00:00+00:00,34,1,338574,113.4375,113.484375,113.421875,113.484375,6328,ZNU3
2023-06-12 23:00:00+00:00,34,1,338574,113.484375,113.546875,113.484375,113.515625,5707,ZNU3
2023-06-13 00:00:00+00:00,34,1,338574,113.5,113.5625,113.484375,113.484375,5754,ZNU3
2023-06-13 01:00:00+00:00,34,1,338574,113.484375,113.65625,113.484375,113.640625,8946,ZNU3
2023-06-13 02:00:00+00:00,34,1,338574,113.65625,113.6875,113.625,113.640625,11721,ZNU3
2023-06-13 03:00:00+00:00,34,1,338574,113.625,113.640625,113.59375,113.625,4808,ZNU3
2023-06-13 04:00:00+00:00,34,1,338574,113.625,113.625,113.59375,113.609375,3903,ZNU3
2023-06-13 05:00:00+00:00,34,1,338574,113.609375,113.609375,113.5625,113.578125,8947,ZNU3
2023-06-13 06:00:00+00:00,34,1,338574,113.578125,113.59375,113.453125,113.5,41856,ZNU3
2023-06-13 07:00:00+00:00,34,1,338574,113.515625,113.625,113.5,113.5625,50356,ZNU3
2023-06-13 08:00:00+00:00,34,1,338574,113.5625,113.671875,113.53125,113.625,38464,ZNU3
2023-06-13 09:00:00+00:00,34,1,338574,113.625,113.640625,113.53125,113.5625,32548,ZNU3
2023-06-13 10:00:00+00:00,34,1,338574,113.5625,113.578125,113.5,113.546875,19925,ZNU3
2023-06-13 11:00:00+00:00,34,1,338574,113.5625,113.625,113.515625,113.578125,38793,ZNU3
2023-06-13 12:00:00+00:00,34,1,338574,113.578125,114.0,113.15625,113.921875,327117,ZNU3
2023-06-13 13:00:00+00:00,34,1,338574,113.921875,113.953125,113.265625,113.265625,308736,ZNU3
2023-06-13 14:00:00+00:00,34,1,338574,113.265625,113.34375,113.140625,113.265625,248585,ZNU3
2023-06-13 15:00:00+00:00,34,1,338574,113.265625,113.296875,113.0625,113.140625,127433,ZNU3
2023-06-13 16:00:00+00:00,34,1,338574,113.140625,113.1875,113.09375,113.15625,67867,ZNU3
2023-06-13 17:00:00+00:00,34,1,338574,113.140625,113.25,112.859375,112.890625,121622,ZNU3
2023-06-13 18:00:00+00:00,34,1,338574,112.890625,112.921875,112.65625,112.6875,204253,ZNU3
2023-06-13 19:00:00+00:00,34,1,338574,112.6875,112.796875,112.640625,112.765625,92477,ZNU3
2023-06-13 20:00:00+00:00,34,1,338574,112.765625,112.84375,112.75,112.84375,48860,ZNU3
2023-06-13 22:00:00+00:00,34,1,338574,112.84375,112.859375,112.796875,112.796875,10499,ZNU3
2023-06-13 23:00:00+00:00,34,1,338574,112.8125,112.828125,112.78125,112.796875,6130,ZNU3
2023-06-14 00:00:00+00:00,34,1,338574,112.796875,112.921875,112.75,112.890625,24533,ZNU3
2023-06-14 01:00:00+00:00,34,1,338574,112.890625,112.921875,112.875,112.90625,9430,ZNU3
2023-06-14 02:00:00+00:00,34,1,338574,112.921875,112.96875,112.90625,112.921875,12657,ZNU3
2023-06-14 03:00:00+00:00,34,1,338574,112.921875,112.953125,112.90625,112.921875,6397,ZNU3
2023-06-14 04:00:00+00:00,34,1,338574,112.9375,112.9375,112.890625,112.90625,5777,ZNU3
2023-06-14 05:00:00+00:00,34,1,338574,112.90625,112.921875,112.859375,112.875,10638,ZNU3
2023-06-14 06:00:00+00:00,34,1,338574,112.875,112.921875,112.84375,112.875,34750,ZNU3
2023-06-14 07:00:00+00:00,34,1,338574,112.890625,113.0,112.828125,112.953125,44452,ZNU3
2023-06-14 08:00:00+00:00,34,1,338574,112.9375,112.96875,112.875,112.90625,28807,ZNU3
2023-06-14 09:00:00+00:00,34,1,338574,112.890625,112.953125,112.859375,112.9375,18077,ZNU3
2023-06-14 10:00:00+00:00,34,1,338574,112.921875,112.921875,112.75,112.78125,28393,ZNU3
2023-06-14 11:00:00+00:00,34,1,338574,112.78125,112.828125,112.71875,112.8125,34441,ZNU3
2023-06-14 12:00:00+00:00,34,1,338574,112.8125,113.140625,112.8125,113.109375,149864,ZNU3
2023-06-14 13:00:00+00:00,34,1,338574,113.109375,113.171875,112.96875,113.015625,166847,ZNU3
2023-06-14 14:00:00+00:00,34,1,338574,113.015625,113.109375,112.984375,113.03125,98009,ZNU3
2023-06-14 15:00:00+00:00,34,1,338574,113.015625,113.171875,112.984375,113.0625,101870,ZNU3
2023-06-14 16:00:00+00:00,34,1,338574,113.078125,113.09375,113.015625,113.0625,76145,ZNU3
2023-06-14 17:00:00+00:00,34,1,338574,113.0625,113.125,113.03125,113.0625,101977,ZNU3
2023-06-14 18:00:00+00:00,34,1,338574,113.078125,113.09375,112.390625,112.890625,437449,ZNU3
2023-06-14 19:00:00+00:00,34,1,338574,112.875,112.953125,112.625,112.828125,174055,ZNU3
2023-06-14 20:00:00+00:00,34,1,338574,112.8125,112.984375,112.8125,112.984375,49924,ZNU3
2023-06-14 22:00:00+00:00,34,1,338574,112.96875,112.984375,112.921875,112.9375,4168,ZNU3
2023-06-14 23:00:00+00:00,34,1,338574,112.9375,112.96875,112.921875,112.953125,4077,ZNU3
2023-06-15 00:00:00+00:00,34,1,338574,112.953125,112.984375,112.921875,112.921875,7989,ZNU3
2023-06-15 01:00:00+00:00,34,1,338574,112.921875,112.9375,112.8125,112.828125,17045,ZNU3
2023-06-15 02:00:00+00:00,34,1,338574,112.84375,112.859375,112.765625,112.765625,8768,ZNU3
2023-06-15 03:00:00+00:00,34,1,338574,112.765625,112.78125,112.640625,112.640625,14224,ZNU3
2023-06-15 04:00:00+00:00,34,1,338574,112.640625,112.671875,112.59375,112.65625,18447,ZNU3
2023-06-15 05:00:00+00:00,34,1,338574,112.65625,112.703125,112.578125,112.578125,25446,ZNU3
2023-06-15 06:00:00+00:00,34,1,338574,112.5625,112.671875,112.515625,112.640625,65632,ZNU3
2023-06-15 07:00:00+00:00,34,1,338574,112.65625,112.859375,112.5625,112.8125,81883,ZNU3
2023-06-15 08:00:00+00:00,34,1,338574,112.8125,112.828125,112.703125,112.765625,34280,ZNU3
2023-06-15 09:00:00+00:00,34,1,338574,112.765625,112.828125,112.734375,112.78125,42323,ZNU3
2023-06-15 10:00:00+00:00,34,1,338574,112.78125,112.796875,112.671875,112.6875,32117,ZNU3
2023-06-15 11:00:00+00:00,34,1,338574,112.6875,112.71875,112.59375,112.609375,37832,ZNU3
2023-06-15 12:00:00+00:00,34,1,338574,112.609375,113.140625,112.5,113.125,268135,ZNU3
2023-06-15 13:00:00+00:00,34,1,338574,113.109375,113.484375,113.078125,113.40625,317292,ZNU3
2023-06-15 14:00:00+00:00,34,1,338574,113.40625,113.5625,113.34375,113.359375,186506,ZNU3
2023-06-15 15:00:00+00:00,34,1,338574,113.359375,113.375,113.1875,113.328125,158633,ZNU3
2023-06-15 16:00:00+00:00,34,1,338574,113.328125,113.484375,113.3125,113.46875,76101,ZNU3
2023-06-15 17:00:00+00:00,34,1,338574,113.46875,113.484375,113.421875,113.4375,56487,ZNU3
2023-06-15 18:00:00+00:00,34,1,338574,113.4375,113.46875,113.40625,113.4375,105216,ZNU3
2023-06-15 19:00:00+00:00,34,1,338574,113.4375,113.5625,113.421875,113.53125,93350,ZNU3
2023-06-15 20:00:00+00:00,34,1,338574,113.515625,113.53125,113.46875,113.484375,37319,ZNU3
2023-06-15 22:00:00+00:00,34,1,338574,113.46875,113.5,113.46875,113.5,4360,ZNU3
2023-06-15 23:00:00+00:00,34,1,338574,113.5,113.515625,113.46875,113.46875,3452,ZNU3
2023-06-16 00:00:00+00:00,34,1,338574,113.484375,113.5,113.390625,113.390625,14895,ZNU3
2023-06-16 01:00:00+00:00,34,1,338574,113.390625,113.40625,113.328125,113.328125,16886,ZNU3
2023-06-16 02:00:00+00:00,34,1,338574,113.34375,113.421875,113.265625,113.3125,25875,ZNU3
2023-06-16 03:00:00+00:00,34,1,338574,113.328125,113.421875,113.3125,113.359375,9139,ZNU3
2023-06-16 04:00:00+00:00,34,1,338574,113.359375,113.390625,113.328125,113.390625,5880,ZNU3
2023-06-16 05:00:00+00:00,34,1,338574,113.390625,113.390625,113.328125,113.359375,6513,ZNU3
2023-06-16 06:00:00+00:00,34,1,338574,113.359375,113.375,113.21875,113.234375,39420,ZNU3
2023-06-16 07:00:00+00:00,34,1,338574,113.25,113.296875,113.15625,113.234375,54902,ZNU3
2023-06-16 08:00:00+00:00,34,1,338574,113.234375,113.328125,113.171875,113.3125,35007,ZNU3
2023-06-16 09:00:00+00:00,34,1,338574,113.328125,113.40625,113.3125,113.390625,32007,ZNU3
2023-06-16 10:00:00+00:00,34,1,338574,113.375,113.46875,113.3125,113.390625,31263,ZNU3
2023-06-16 11:00:00+00:00,34,1,338574,113.40625,113.40625,113.265625,113.28125,49062,ZNU3
2023-06-16 12:00:00+00:00,34,1,338574,113.296875,113.390625,113.09375,113.125,103615,ZNU3
2023-06-16 13:00:00+00:00,34,1,338574,113.125,113.1875,112.953125,113.09375,200349,ZNU3
2023-06-16 14:00:00+00:00,34,1,338574,113.078125,113.265625,112.765625,113.0625,294423,ZNU3
2023-06-16 15:00:00+00:00,34,1,338574,113.0625,113.15625,112.9375,112.9375,139927,ZNU3
2023-06-16 16:00:00+00:00,34,1,338574,112.9375,113.015625,112.90625,112.96875,55665,ZNU3
2023-06-16 17:00:00+00:00,34,1,338574,112.984375,113.078125,112.953125,113.015625,68221,ZNU3
2023-06-16 18:00:00+00:00,34,1,338574,113.015625,113.109375,112.984375,113.046875,121020,ZNU3
2023-06-16 19:00:00+00:00,34,1,338574,113.0625,113.09375,112.984375,113.0625,93915,ZNU3
2023-06-16 20:00:00+00:00,34,1,338574,113.0625,113.109375,113.03125,113.0625,31410,ZNU3
2023-06-18 22:00:00+00:00,34,1,338574,113.078125,113.109375,113.046875,113.109375,2614,ZNU3
2023-06-18 23:00:00+00:00,34,1,338574,113.109375,113.171875,113.09375,113.15625,3935,ZNU3
2023-06-19 00:00:00+00:00,34,1,338574,113.140625,113.171875,113.125,113.125,3395,ZNU3
2023-06-19 01:00:00+00:00,34,1,338574,113.109375,113.125,113.109375,113.125,696,ZNU3
2023-06-19 02:00:00+00:00,34,1,338574,113.109375,113.125,113.09375,113.109375,1882,ZNU3
2023-06-19 03:00:00+00:00,34,1,338574,113.109375,113.125,113.09375,113.125,3374,ZNU3
2023-06-19 04:00:00+00:00,34,1,338574,113.125,113.15625,113.109375,113.140625,4936,ZNU3
2023-06-19 05:00:00+00:00,34,1,338574,113.140625,113.140625,113.078125,113.109375,2722,ZNU3
2023-06-19 06:00:00+00:00,34,1,338574,113.125,113.234375,113.125,113.21875,11588,ZNU3
2023-06-19 07:00:00+00:00,34,1,338574,113.21875,113.234375,112.890625,112.921875,36284,ZNU3
2023-06-19 08:00:00+00:00,34,1,338574,112.921875,112.953125,112.90625,112.90625,16882,ZNU3
2023-06-19 09:00:00+00:00,34,1,338574,112.90625,112.9375,112.84375,112.84375,11263,ZNU3
2023-06-19 10:00:00+00:00,34,1,338574,112.84375,112.859375,112.8125,112.84375,8940,ZNU3
2023-06-19 11:00:00+00:00,34,1,338574,112.84375,112.84375,112.765625,112.796875,14813,ZNU3
2023-06-19 12:00:00+00:00,34,1,338574,112.78125,112.8125,112.75,112.78125,10639,ZNU3
2023-06-19 13:00:00+00:00,34,1,338574,112.78125,112.796875,112.75,112.78125,12727,ZNU3
2023-06-19 14:00:00+00:00,34,1,338574,112.765625,112.796875,112.71875,112.734375,11480,ZNU3
2023-06-19 15:00:00+00:00,34,1,338574,112.734375,112.765625,112.71875,112.75,14607,ZNU3
2023-06-19 16:00:00+00:00,34,1,338574,112.75,112.765625,112.734375,112.75,9807,ZNU3
2023-06-19 22:00:00+00:00,34,1,338574,112.78125,112.78125,112.734375,112.734375,3245,ZNU3
2023-06-19 23:00:00+00:00,34,1,338574,112.75,112.78125,112.734375,112.75,3572,ZNU3
2023-06-20 00:00:00+00:00,34,1,338574,112.75,112.796875,112.71875,112.78125,12856,ZNU3
2023-06-20 01:00:00+00:00,34,1,338574,112.78125,112.890625,112.765625,112.875,8086,ZNU3
2023-06-20 02:00:00+00:00,34,1,338574,112.859375,112.953125,112.84375,112.9375,13933,ZNU3
2023-06-20 03:00:00+00:00,34,1,338574,112.9375,112.953125,112.90625,112.90625,4634,ZNU3
2023-06-20 04:00:00+00:00,34,1,338574,112.90625,112.9375,112.890625,112.90625,3756,ZNU3
2023-06-20 05:00:00+00:00,34,1,338574,112.890625,112.90625,112.859375,112.859375,4244,ZNU3
2023-06-20 06:00:00+00:00,34,1,338574,112.859375,112.953125,112.859375,112.921875,24119,ZNU3
2023-06-20 07:00:00+00:00,34,1,338574,112.921875,113.03125,112.859375,113.0,35851,ZNU3
2023-06-20 08:00:00+00:00,34,1,338574,113.0,113.03125,112.953125,112.96875,19488,ZNU3
2023-06-20 09:00:00+00:00,34,1,338574,112.96875,112.984375,112.890625,112.921875,21302,ZNU3
2023-06-20 10:00:00+00:00,34,1,338574,112.921875,113.0625,112.921875,113.0625,19583,ZNU3
2023-06-20 11:00:00+00:00,34,1,338574,113.0625,113.203125,113.046875,113.1875,54736,ZNU3
2023-06-20 12:00:00+00:00,34,1,338574,113.1875,113.328125,112.96875,113.078125,153635,ZNU3
2023-06-20 13:00:00+00:00,34,1,338574,113.078125,113.375,113.03125,113.328125,193636,ZNU3
2023-06-20 14:00:00+00:00,34,1,338574,113.3125,113.53125,113.3125,113.5,215912,ZNU3
2023-06-20 15:00:00+00:00,34,1,338574,113.5,113.5,113.375,113.40625,112308,ZNU3
2023-06-20 16:00:00+00:00,34,1,338574,113.390625,113.5,113.375,113.4375,58248,ZNU3
2023-06-20 17:00:00+00:00,34,1,338574,113.4375,113.46875,113.375,113.421875,67037,ZNU3
2023-06-20 18:00:00+00:00,34,1,338574,113.4375,113.4375,113.296875,113.328125,95921,ZNU3
2023-06-20 19:00:00+00:00,34,1,338574,113.3125,113.359375,113.25,113.296875,68473,ZNU3
2023-06-20 20:00:00+00:00,34,1,338574,113.28125,113.40625,113.28125,113.328125,56213,ZNU3
2023-06-20 22:00:00+00:00,34,1,338574,113.328125,113.375,113.296875,113.3125,4602,ZNU3
2023-06-20 23:00:00+00:00,34,1,338574,113.328125,113.34375,113.28125,113.28125,3511,ZNU3
2023-06-21 00:00:00+00:00,34,1,338574,113.28125,113.3125,113.265625,113.28125,7110,ZNU3
2023-06-21 01:00:00+00:00,34,1,338574,113.28125,113.28125,113.21875,113.234375,10833,ZNU3
2023-06-21 02:00:00+00:00,34,1,338574,113.21875,113.25,113.203125,113.234375,4389,ZNU3
2023-06-21 03:00:00+00:00,34,1,338574,113.21875,113.234375,113.1875,113.1875,5671,ZNU3
2023-06-21 04:00:00+00:00,34,1,338574,113.1875,113.25,113.1875,113.234375,5195,ZNU3
2023-06-21 05:00:00+00:00,34,1,338574,113.234375,113.296875,113.234375,113.296875,9213,ZNU3
2023-06-21 06:00:00+00:00,34,1,338574,113.28125,113.3125,112.984375,113.078125,90779,ZNU3
2023-06-21 07:00:00+00:00,34,1,338574,113.078125,113.171875,113.015625,113.171875,50335,ZNU3
2023-06-21 08:00:00+00:00,34,1,338574,113.15625,113.203125,113.09375,113.203125,17128,ZNU3
2023-06-21 09:00:00+00:00,34,1,338574,113.203125,113.328125,113.15625,113.234375,29254,ZNU3
2023-06-21 10:00:00+00:00,34,1,338574,113.234375,113.25,113.171875,113.1875,24736,ZNU3
2023-06-21 11:00:00+00:00,34,1,338574,113.203125,113.203125,113.0625,113.125,42738,ZNU3
2023-06-21 12:00:00+00:00,34,1,338574,113.140625,113.1875,112.953125,113.15625,150793,ZNU3
2023-06-21 13:00:00+00:00,34,1,338574,113.15625,113.15625,112.859375,112.921875,161803,ZNU3
2023-06-21 14:00:00+00:00,34,1,338574,112.9375,113.078125,112.875,113.015625,155119,ZNU3
2023-06-21 15:00:00+00:00,34,1,338574,113.015625,113.078125,112.90625,112.9375,130373,ZNU3
2023-06-21 16:00:00+00:00,34,1,338574,112.9375,113.078125,112.90625,113.0625,80523,ZNU3
2023-06-21 17:00:00+00:00,34,1,338574,113.0625,113.296875,113.03125,113.234375,96589,ZNU3
2023-06-21 18:00:00+00:00,34,1,338574,113.21875,113.421875,113.21875,113.296875,126898,ZNU3
2023-06-21 19:00:00+00:00,34,1,338574,113.3125,113.375,113.25,113.328125,92506,ZNU3
2023-06-21 20:00:00+00:00,34,1,338574,113.3125,113.34375,113.265625,113.28125,26807,ZNU3
2023-06-21 22:00:00+00:00,34,1,338574,113.296875,113.3125,113.265625,113.3125,2678,ZNU3
2023-06-21 23:00:00+00:00,34,1,338574,113.3125,113.3125,113.265625,113.28125,2128,ZNU3
2023-06-22 00:00:00+00:00,34,1,338574,113.28125,113.296875,113.21875,113.21875,4912,ZNU3
2023-06-22 01:00:00+00:00,34,1,338574,113.21875,113.265625,113.21875,113.25,4401,ZNU3
2023-06-22 02:00:00+00:00,34,1,338574,113.265625,113.28125,113.234375,113.25,5834,ZNU3
2023-06-22 03:00:00+00:00,34,1,338574,113.25,113.28125,113.25,113.265625,2178,ZNU3
2023-06-22 04:00:00+00:00,34,1,338574,113.265625,113.28125,113.21875,113.21875,5407,ZNU3
2023-06-22 05:00:00+00:00,34,1,338574,113.21875,113.234375,113.1875,113.21875,5750,ZNU3
2023-06-22 06:00:00+00:00,34,1,338574,113.21875,113.21875,113.140625,113.1875,18647,ZNU3
2023-06-22 07:00:00+00:00,34,1,338574,113.1875,113.234375,113.09375,113.109375,45451,ZNU3
2023-06-22 08:00:00+00:00,34,1,338574,113.109375,113.125,113.03125,113.046875,27847,ZNU3
2023-06-22 09:00:00+00:00,34,1,338574,113.03125,113.125,113.03125,113.09375,16073,ZNU3
2023-06-22 10:00:00+00:00,34,1,338574,113.078125,113.109375,113.015625,113.046875,22513,ZNU3
2023-06-22 11:00:00+00:00,34,1,338574,113.046875,113.234375,112.828125,113.125,110123,ZNU3
2023-06-22 12:00:00+00:00,34,1,338574,113.140625,113.4375,113.0,113.0,176634,ZNU3
2023-06-22 13:00:00+00:00,34,1,338574,113.0,113.140625,112.875,113.03125,223708,ZNU3
2023-06-22 14:00:00+00:00,34,1,338574,113.03125,113.03125,112.78125,112.78125,151627,ZNU3
2023-06-22 15:00:00+00:00,34,1,338574,112.78125,112.875,112.71875,112.734375,129843,ZNU3
2023-06-22 16:00:00+00:00,34,1,338574,112.734375,112.796875,112.703125,112.765625,78232,ZNU3
2023-06-22 17:00:00+00:00,34,1,338574,112.75,112.78125,112.65625,112.78125,82250,ZNU3
2023-06-22 18:00:00+00:00,34,1,338574,112.78125,112.8125,112.703125,112.734375,80767,ZNU3
2023-06-22 19:00:00+00:00,34,1,338574,112.734375,112.796875,112.703125,112.75,64951,ZNU3
2023-06-22 20:00:00+00:00,34,1,338574,112.75,112.78125,112.71875,112.734375,26911,ZNU3
2023-06-22 22:00:00+00:00,34,1,338574,112.75,112.765625,112.71875,112.75,3554,ZNU3
2023-06-22 23:00:00+00:00,34,1,338574,112.75,112.796875,112.734375,112.78125,4598,ZNU3
2023-06-23 00:00:00+00:00,34,1,338574,112.796875,112.828125,112.78125,112.78125,9654,ZNU3
2023-06-23 01:00:00+00:00,34,1,338574,112.78125,112.8125,112.71875,112.765625,14017,ZNU3
2023-06-23 02:00:00+00:00,34,1,338574,112.765625,112.84375,112.75,112.828125,7207,ZNU3
2023-06-23 03:00:00+00:00,34,1,338574,112.8125,112.84375,112.796875,112.828125,2479,ZNU3
2023-06-23 04:00:00+00:00,34,1,338574,112.84375,112.890625,112.828125,112.875,9422,ZNU3
2023-06-23 05:00:00+00:00,34,1,338574,112.875,112.90625,112.8125,112.8125,12840,ZNU3
2023-06-23 06:00:00+00:00,34,1,338574,112.8125,112.84375,112.703125,112.71875,26692,ZNU3
2023-06-23 07:00:00+00:00,34,1,338574,112.703125,113.21875,112.6875,113.21875,153427,ZNU3
2023-06-23 08:00:00+00:00,34,1,338574,113.203125,113.21875,113.109375,113.109375,55756,ZNU3
2023-06-23 09:00:00+00:00,34,1,338574,113.109375,113.15625,113.046875,113.09375,35682,ZNU3
2023-06-23 10:00:00+00:00,34,1,338574,113.109375,113.171875,113.0625,113.109375,23090,ZNU3
2023-06-23 11:00:00+00:00,34,1,338574,113.09375,113.203125,113.078125,113.109375,39823,ZNU3
2023-06-23 12:00:00+00:00,34,1,338574,113.125,113.421875,113.109375,113.40625,166003,ZNU3
2023-06-23 13:00:00+00:00,34,1,338574,113.40625,113.484375,113.21875,113.28125,238716,ZNU3
2023-06-23 14:00:00+00:00,34,1,338574,113.265625,113.3125,113.015625,113.046875,206239,ZNU3
2023-06-23 15:00:00+00:00,34,1,338574,113.046875,113.09375,112.921875,113.015625,161401,ZNU3
2023-06-23 16:00:00+00:00,34,1,338574,113.015625,113.046875,112.921875,112.96875,59763,ZNU3
2023-06-23 17:00:00+00:00,34,1,338574,112.96875,113.078125,112.96875,113.0625,53597,ZNU3
2023-06-23 18:00:00+00:00,34,1,338574,113.0625,113.109375,113.015625,113.09375,70584,ZNU3
2023-06-23 19:00:00+00:00,34,1,338574,113.078125,113.09375,113.015625,113.0625,53514,ZNU3
2023-06-23 20:00:00+00:00,34,1,338574,113.0625,113.09375,113.03125,113.078125,23657,ZNU3
2023-06-25 22:00:00+00:00,34,1,338574,113.125,113.21875,113.109375,113.171875,13127,ZNU3
2023-06-25 23:00:00+00:00,34,1,338574,113.171875,113.21875,113.15625,113.171875,5057,ZNU3
2023-06-26 00:00:00+00:00,34,1,338574,113.171875,113.25,113.15625,113.1875,10203,ZNU3
2023-06-26 01:00:00+00:00,34,1,338574,113.203125,113.21875,113.140625,113.15625,9995,ZNU3
2023-06-26 02:00:00+00:00,34,1,338574,113.15625,113.171875,113.109375,113.140625,10581,ZNU3
2023-06-26 03:00:00+00:00,34,1,338574,113.140625,113.171875,113.125,113.171875,6792,ZNU3
2023-06-26 04:00:00+00:00,34,1,338574,113.15625,113.21875,113.15625,113.203125,4105,ZNU3
2023-06-26 05:00:00+00:00,34,1,338574,113.1875,113.234375,113.171875,113.21875,7497,ZNU3
2023-06-26 06:00:00+00:00,34,1,338574,113.21875,113.265625,113.109375,113.125,22945,ZNU3
2023-06-26 07:00:00+00:00,34,1,338574,113.140625,113.421875,113.109375,113.3125,55751,ZNU3
2023-06-26 08:00:00+00:00,34,1,338574,113.3125,113.46875,113.3125,113.421875,68401,ZNU3
2023-06-26 09:00:00+00:00,34,1,338574,113.421875,113.4375,113.375,113.40625,20503,ZNU3
2023-06-26 10:00:00+00:00,34,1,338574,113.40625,113.5,113.375,113.46875,25816,ZNU3
2023-06-26 11:00:00+00:00,34,1,338574,113.484375,113.5,113.375,113.375,36879,ZNU3
2023-06-26 12:00:00+00:00,34,1,338574,113.375,113.515625,113.28125,113.484375,92098,ZNU3
2023-06-26 13:00:00+00:00,34,1,338574,113.46875,113.484375,113.09375,113.1875,169777,ZNU3
2023-06-26 14:00:00+00:00,34,1,338574,113.1875,113.25,113.109375,113.15625,118148,ZNU3
2023-06-26 15:00:00+00:00,34,1,338574,113.15625,113.359375,113.15625,113.203125,111484,ZNU3
2023-06-26 16:00:00+00:00,34,1,338574,113.203125,113.234375,113.140625,113.21875,62802,ZNU3
2023-06-26 17:00:00+00:00,34,1,338574,113.234375,113.296875,113.171875,113.234375,58551,ZNU3
2023-06-26 18:00:00+00:00,34,1,338574,113.234375,113.34375,113.203125,113.25,82649,ZNU3
2023-06-26 19:00:00+00:00,34,1,338574,113.234375,113.28125,113.1875,113.265625,76231,ZNU3
2023-06-26 20:00:00+00:00,34,1,338574,113.265625,113.28125,113.1875,113.21875,38999,ZNU3
2023-06-26 22:00:00+00:00,34,1,338574,113.203125,113.265625,113.203125,113.25,3624,ZNU3
2023-06-26 23:00:00+00:00,34,1,338574,113.25,113.25,113.21875,113.234375,1867,ZNU3
2023-06-27 00:00:00+00:00,34,1,338574,113.25,113.28125,113.234375,113.25,7557,ZNU3
2023-06-27 01:00:00+00:00,34,1,338574,113.265625,113.28125,113.1875,113.203125,11785,ZNU3
2023-06-27 02:00:00+00:00,34,1,338574,113.203125,113.203125,113.15625,113.1875,5575,ZNU3
2023-06-27 03:00:00+00:00,34,1,338574,113.1875,113.1875,113.125,113.15625,14497,ZNU3
2023-06-27 04:00:00+00:00,34,1,338574,113.171875,113.1875,113.09375,113.125,10153,ZNU3
2023-06-27 05:00:00+00:00,34,1,338574,113.109375,113.125,113.0625,113.0625,8415,ZNU3
2023-06-27 06:00:00+00:00,34,1,338574,113.078125,113.140625,113.03125,113.09375,27756,ZNU3
2023-06-27 07:00:00+00:00,34,1,338574,113.09375,113.1875,113.03125,113.109375,34191,ZNU3
2023-06-27 08:00:00+00:00,34,1,338574,113.125,113.15625,113.03125,113.125,38053,ZNU3
2023-06-27 09:00:00+00:00,34,1,338574,113.125,113.15625,113.03125,113.09375,18762,ZNU3
2023-06-27 10:00:00+00:00,34,1,338574,113.109375,113.140625,113.078125,113.125,21185,ZNU3
2023-06-27 11:00:00+00:00,34,1,338574,113.125,113.25,113.125,113.21875,25071,ZNU3
2023-06-27 12:00:00+00:00,34,1,338574,113.21875,113.296875,113.078125,113.140625,109432,ZNU3
2023-06-27 13:00:00+00:00,34,1,338574,113.15625,113.40625,113.0625,113.234375,158000,ZNU3
2023-06-27 14:00:00+00:00,34,1,338574,113.234375,113.265625,112.78125,112.84375,308831,ZNU3
2023-06-27 15:00:00+00:00,34,1,338574,112.84375,112.921875,112.765625,112.875,122157,ZNU3
2023-06-27 16:00:00+00:00,34,1,338574,112.875,112.984375,112.859375,112.9375,107502,ZNU3
2023-06-27 17:00:00+00:00,34,1,338574,112.9375,112.953125,112.796875,112.859375,84728,ZNU3
2023-06-27 18:00:00+00:00,34,1,338574,112.84375,112.875,112.765625,112.8125,104483,ZNU3
2023-06-27 19:00:00+00:00,34,1,338574,112.828125,112.890625,112.796875,112.875,74752,ZNU3
2023-06-27 20:00:00+00:00,34,1,338574,112.875,112.890625,112.796875,112.859375,54941,ZNU3
2023-06-27 22:00:00+00:00,34,1,338574,112.84375,112.875,112.828125,112.875,4219,ZNU3
2023-06-27 23:00:00+00:00,34,1,338574,112.875,112.90625,112.859375,112.875,2845,ZNU3
2023-06-28 00:00:00+00:00,34,1,338574,112.875,112.90625,112.859375,112.890625,6736,ZNU3
2023-06-28 01:00:00+00:00,34,1,338574,112.890625,112.9375,112.859375,112.890625,18867,ZNU3
2023-06-28 02:00:00+00:00,34,1,338574,112.890625,112.890625,112.84375,112.875,6845,ZNU3
2023-06-28 03:00:00+00:00,34,1,338574,112.859375,112.90625,112.859375,112.875,5357,ZNU3
2023-06-28 04:00:00+00:00,34,1,338574,112.875,112.890625,112.84375,112.84375,4816,ZNU3
2023-06-28 05:00:00+00:00,34,1,338574,112.84375,112.890625,112.828125,112.875,12858,ZNU3
2023-06-28 06:00:00+00:00,34,1,338574,112.890625,112.9375,112.859375,112.90625,23140,ZNU3
2023-06-28 07:00:00+00:00,34,1,338574,112.921875,112.96875,112.859375,112.953125,41905,ZNU3
2023-06-28 08:00:00+00:00,34,1,338574,112.953125,113.03125,112.859375,113.0,41448,ZNU3
2023-06-28 09:00:00+00:00,34,1,338574,113.015625,113.0625,112.9375,112.96875,34787,ZNU3
2023-06-28 10:00:00+00:00,34,1,338574,112.96875,113.015625,112.9375,112.984375,19919,ZNU3
2023-06-28 11:00:00+00:00,34,1,338574,112.984375,113.078125,112.953125,113.015625,34577,ZNU3
2023-06-28 12:00:00+00:00,34,1,338574,113.03125,113.125,112.96875,112.96875,103389,ZNU3
2023-06-28 13:00:00+00:00,34,1,338574,112.96875,113.046875,112.8125,112.953125,195474,ZNU3
2023-06-28 14:00:00+00:00,34,1,338574,112.96875,113.046875,112.859375,112.9375,167745,ZNU3
2023-06-28 15:00:00+00:00,34,1,338574,112.9375,113.09375,112.90625,113.0625,108373,ZNU3
2023-06-28 16:00:00+00:00,34,1,338574,113.046875,113.1875,113.046875,113.109375,107817,ZNU3
2023-06-28 17:00:00+00:00,34,1,338574,113.109375,113.265625,113.09375,113.25,114347,ZNU3
2023-06-28 18:00:00+00:00,34,1,338574,113.234375,113.296875,113.21875,113.25,125540,ZNU3
2023-06-28 19:00:00+00:00,34,1,338574,113.25,113.28125,113.203125,113.234375,105876,ZNU3
2023-06-28 20:00:00+00:00,34,1,338574,113.234375,113.28125,113.203125,113.234375,39337,ZNU3
2023-06-28 22:00:00+00:00,34,1,338574,113.25,113.265625,113.21875,113.21875,5433,ZNU3
2023-06-28 23:00:00+00:00,34,1,338574,113.21875,113.25,113.21875,113.234375,1265,ZNU3
2023-06-29 00:00:00+00:00,34,1,338574,113.234375,113.234375,113.140625,113.140625,8477,ZNU3
2023-06-29 01:00:00+00:00,34,1,338574,113.140625,113.1875,113.140625,113.140625,9097,ZNU3
2023-06-29 02:00:00+00:00,34,1,338574,113.15625,113.15625,113.109375,113.125,8408,ZNU3
2023-06-29 03:00:00+00:00,34,1,338574,113.125,113.140625,113.09375,113.140625,7758,ZNU3
2023-06-29 04:00:00+00:00,34,1,338574,113.125,113.140625,113.078125,113.09375,4686,ZNU3
2023-06-29 05:00:00+00:00,34,1,338574,113.09375,113.109375,112.953125,113.03125,29256,ZNU3
2023-06-29 06:00:00+00:00,34,1,338574,113.03125,113.03125,112.9375,112.96875,24806,ZNU3
2023-06-29 07:00:00+00:00,34,1,338574,112.96875,112.984375,112.875,112.921875,51880,ZNU3
2023-06-29 08:00:00+00:00,34,1,338574,112.9375,113.046875,112.90625,112.984375,40457,ZNU3
2023-06-29 09:00:00+00:00,34,1,338574,112.984375,112.984375,112.84375,112.875,36594,ZNU3
2023-06-29 10:00:00+00:00,34,1,338574,112.890625,112.96875,112.859375,112.953125,23994,ZNU3
2023-06-29 11:00:00+00:00,34,1,338574,112.953125,112.984375,112.90625,112.921875,37514,ZNU3
2023-06-29 12:00:00+00:00,34,1,338574,112.9375,112.984375,112.34375,112.390625,367197,ZNU3
2023-06-29 13:00:00+00:00,34,1,338574,112.390625,112.421875,112.15625,112.15625,355797,ZNU3
2023-06-29 14:00:00+00:00,34,1,338574,112.171875,112.296875,112.03125,112.28125,277032,ZNU3
2023-06-29 15:00:00+00:00,34,1,338574,112.28125,112.359375,112.171875,112.1875,118391,ZNU3
2023-06-29 16:00:00+00:00,34,1,338574,112.1875,112.203125,112.09375,112.09375,89238,ZNU3
2023-06-29 17:00:00+00:00,34,1,338574,112.09375,112.203125,112.078125,112.1875,65019,ZNU3
2023-06-29 18:00:00+00:00,34,1,338574,112.203125,112.203125,112.078125,112.109375,104248,ZNU3
2023-06-29 19:00:00+00:00,34,1,338574,112.109375,112.234375,112.109375,112.21875,101254,ZNU3
2023-06-29 20:00:00+00:00,34,1,338574,112.21875,112.265625,112.1875,112.203125,42329,ZNU3
2023-06-29 22:00:00+00:00,34,1,338574,112.234375,112.25,112.171875,112.203125,5058,ZNU3
2023-06-29 23:00:00+00:00,34,1,338574,112.21875,112.265625,112.171875,112.203125,11976,ZNU3
2023-06-30 00:00:00+00:00,34,1,338574,112.203125,112.234375,112.140625,112.171875,14187,ZNU3
2023-06-30 01:00:00+00:00,34,1,338574,112.1875,112.21875,112.15625,112.15625,9272,ZNU3
2023-06-30 02:00:00+00:00,34,1,338574,112.171875,112.21875,112.15625,112.203125,7371,ZNU3
2023-06-30 03:00:00+00:00,34,1,338574,112.1875,112.1875,112.15625,112.15625,3001,ZNU3
2023-06-30 04:00:00+00:00,34,1,338574,112.171875,112.203125,112.15625,112.171875,3389,ZNU3
2023-06-30 05:00:00+00:00,34,1,338574,112.171875,112.25,112.171875,112.21875,9587,ZNU3
2023-06-30 06:00:00+00:00,34,1,338574,112.203125,112.203125,112.015625,112.03125,50916,ZNU3
2023-06-30 07:00:00+00:00,34,1,338574,112.03125,112.109375,111.84375,111.859375,89757,ZNU3
2023-06-30 08:00:00+00:00,34,1,338574,111.859375,111.890625,111.796875,111.859375,55446,ZNU3
2023-06-30 09:00:00+00:00,34,1,338574,111.859375,111.9375,111.8125,111.828125,50643,ZNU3
2023-06-30 10:00:00+00:00,34,1,338574,111.828125,111.96875,111.796875,111.9375,35618,ZNU3
2023-06-30 11:00:00+00:00,34,1,338574,111.953125,111.96875,111.859375,111.9375,41249,ZNU3
2023-06-30 12:00:00+00:00,34,1,338574,111.921875,112.359375,111.921875,112.28125,222132,ZNU3
2023-06-30 13:00:00+00:00,34,1,338574,112.28125,112.390625,112.0625,112.09375,223500,ZNU3
2023-06-30 14:00:00+00:00,34,1,338574,112.109375,112.28125,112.03125,112.25,202225,ZNU3
2023-06-30 15:00:00+00:00,34,1,338574,112.25,112.328125,112.21875,112.328125,141750,ZNU3
2023-06-30 16:00:00+00:00,34,1,338574,112.328125,112.359375,112.234375,112.359375,77826,ZNU3
2023-06-30 17:00:00+00:00,34,1,338574,112.359375,112.375,112.28125,112.328125,65060,ZNU3
2023-06-30 18:00:00+00:00,34,1,338574,112.3125,112.375,112.25,112.265625,110906,ZNU3
2023-06-30 19:00:00+00:00,34,1,338574,112.265625,112.359375,112.203125,112.3125,376437,ZNU3
2023-06-30 20:00:00+00:00,34,1,338574,112.3125,112.328125,112.078125,112.09375,182623,ZNU3
2023-07-02 22:00:00+00:00,34,1,338574,112.09375,112.140625,112.0625,112.140625,7326,ZNU3
2023-07-02 23:00:00+00:00,34,1,338574,112.140625,112.15625,112.015625,112.046875,4832,ZNU3
2023-07-03 00:00:00+00:00,34,1,338574,112.03125,112.09375,112.0,112.015625,15799,ZNU3
2023-07-03 01:00:00+00:00,34,1,338574,112.015625,112.140625,112.015625,112.125,13100,ZNU3
2023-07-03 02:00:00+00:00,34,1,338574,112.125,112.15625,112.09375,112.109375,6029,ZNU3
2023-07-03 03:00:00+00:00,34,1,338574,112.109375,112.125,112.078125,112.09375,4414,ZNU3
2023-07-03 04:00:00+00:00,34,1,338574,112.078125,112.109375,112.078125,112.109375,4955,ZNU3
2023-07-03 05:00:00+00:00,34,1,338574,112.109375,112.171875,112.09375,112.140625,8699,ZNU3
2023-07-03 06:00:00+00:00,34,1,338574,112.15625,112.1875,112.0625,112.109375,37386,ZNU3
2023-07-03 07:00:00+00:00,34,1,338574,112.109375,112.125,111.90625,111.984375,63575,ZNU3
2023-07-03 08:00:00+00:00,34,1,338574,111.984375,112.078125,111.90625,112.0625,38318,ZNU3
2023-07-03 09:00:00+00:00,34,1,338574,112.046875,112.09375,111.984375,112.015625,25385,ZNU3
2023-07-03 10:00:00+00:00,34,1,338574,112.03125,112.046875,111.96875,112.03125,24565,ZNU3
2023-07-03 11:00:00+00:00,34,1,338574,112.03125,112.03125,111.890625,111.90625,33041,ZNU3
2023-07-03 12:00:00+00:00,34,1,338574,111.90625,112.125,111.875,112.125,96786,ZNU3
2023-07-03 13:00:00+00:00,34,1,338574,112.125,112.3125,112.109375,112.265625,130446,ZNU3
2023-07-03 14:00:00+00:00,34,1,338574,112.265625,112.546875,112.15625,112.15625,198193,ZNU3
2023-07-03 15:00:00+00:00,34,1,338574,112.171875,112.171875,111.984375,112.03125,127970,ZNU3
2023-07-03 16:00:00+00:00,34,1,338574,112.03125,112.046875,111.921875,111.9375,78289,ZNU3
2023-07-03 17:00:00+00:00,34,1,338574,111.921875,111.9375,111.859375,111.890625,51848,ZNU3
2023-07-03 18:00:00+00:00,34,1,338574,111.90625,111.9375,111.875,111.90625,16080,ZNU3
2023-07-03 19:00:00+00:00,34,1,338574,111.90625,111.9375,111.890625,111.90625,10217,ZNU3
2023-07-03 20:00:00+00:00,34,1,338574,111.90625,111.96875,111.90625,111.9375,4515,ZNU3
2023-07-03 22:00:00+00:00,34,1,338574,111.921875,111.984375,111.921875,111.953125,1931,ZNU3
2023-07-03 23:00:00+00:00,34,1,338574,111.953125,111.96875,111.9375,111.96875,1098,ZNU3
2023-07-04 00:00:00+00:00,34,1,338574,111.953125,112.015625,111.9375,112.015625,3936,ZNU3
2023-07-04 01:00:00+00:00,34,1,338574,112.0,112.015625,111.96875,111.96875,3949,ZNU3
2023-07-04 02:00:00+00:00,34,1,338574,111.96875,111.96875,111.9375,111.9375,1507,ZNU3
2023-07-04 03:00:00+00:00,34,1,338574,111.9375,111.953125,111.90625,111.90625,4091,ZNU3
2023-07-04 04:00:00+00:00,34,1,338574,111.90625,112.015625,111.90625,111.9375,11408,ZNU3
2023-07-04 05:00:00+00:00,34,1,338574,111.9375,111.984375,111.9375,111.96875,5164,ZNU3
2023-07-04 06:00:00+00:00,34,1,338574,111.953125,111.96875,111.875,111.921875,10915,ZNU3
2023-07-04 07:00:00+00:00,34,1,338574,111.921875,111.9375,111.8125,111.8125,35821,ZNU3
2023-07-04 08:00:00+00:00,34,1,338574,111.828125,111.84375,111.796875,111.828125,9889,ZNU3
2023-07-04 09:00:00+00:00,34,1,338574,111.828125,111.890625,111.8125,111.828125,12270,ZNU3
2023-07-04 10:00:00+00:00,34,1,338574,111.8125,111.828125,111.796875,111.8125,6721,ZNU3
2023-07-04 11:00:00+00:00,34,1,338574,111.828125,111.84375,111.8125,111.8125,4704,ZNU3
2023-07-04 12:00:00+00:00,34,1,338574,111.8125,111.875,111.8125,111.859375,8189,ZNU3
2023-07-04 13:00:00+00:00,34,1,338574,111.859375,111.984375,111.859375,111.984375,12958,ZNU3
2023-07-04 14:00:00+00:00,34,1,338574,111.96875,112.0625,111.953125,111.96875,17237,ZNU3
2023-07-04 15:00:00+00:00,34,1,338574,111.96875,111.96875,111.921875,111.953125,9262,ZNU3
2023-07-04 16:00:00+00:00,34,1,338574,111.953125,111.96875,111.921875,111.96875,5712,ZNU3
2023-07-04 22:00:00+00:00,34,1,338574,111.984375,112.078125,111.953125,112.03125,8267,ZNU3
2023-07-04 23:00:00+00:00,34,1,338574,112.03125,112.078125,112.015625,112.078125,4864,ZNU3
2023-07-05 00:00:00+00:00,34,1,338574,112.078125,112.078125,111.953125,111.96875,11193,ZNU3
2023-07-05 01:00:00+00:00,34,1,338574,111.96875,112.03125,111.953125,112.015625,9141,ZNU3
2023-07-05 02:00:00+00:00,34,1,338574,112.0,112.0625,112.0,112.046875,5963,ZNU3
2023-07-05 03:00:00+00:00,34,1,338574,112.046875,112.046875,112.015625,112.015625,6058,ZNU3
2023-07-05 04:00:00+00:00,34,1,338574,112.03125,112.03125,111.96875,111.96875,7205,ZNU3
2023-07-05 05:00:00+00:00,34,1,338574,111.96875,111.984375,111.90625,111.9375,11950,ZNU3
2023-07-05 06:00:00+00:00,34,1,338574,111.9375,111.953125,111.859375,111.90625,32772,ZNU3
2023-07-05 07:00:00+00:00,34,1,338574,111.890625,111.953125,111.84375,111.953125,32911,ZNU3
2023-07-05 08:00:00+00:00,34,1,338574,111.953125,112.078125,111.953125,111.953125,39156,ZNU3
2023-07-05 09:00:00+00:00,34,1,338574,111.953125,112.125,111.921875,112.046875,50280,ZNU3
2023-07-05 10:00:00+00:00,34,1,338574,112.0625,112.078125,112.015625,112.046875,17604,ZNU3
2023-07-05 11:00:00+00:00,34,1,338574,112.03125,112.046875,111.875,111.890625,40654,ZNU3
2023-07-05 12:00:00+00:00,34,1,338574,111.890625,111.921875,111.765625,111.875,144353,ZNU3
2023-07-05 13:00:00+00:00,34,1,338574,111.875,111.9375,111.84375,111.921875,149826,ZNU3
2023-07-05 14:00:00+00:00,34,1,338574,111.9375,111.953125,111.734375,111.78125,141338,ZNU3
2023-07-05 15:00:00+00:00,34,1,338574,111.78125,111.78125,111.609375,111.609375,150820,ZNU3
2023-07-05 16:00:00+00:00,34,1,338574,111.609375,111.625,111.46875,111.46875,107861,ZNU3
2023-07-05 17:00:00+00:00,34,1,338574,111.484375,111.5,111.375,111.40625,91661,ZNU3
2023-07-05 18:00:00+00:00,34,1,338574,111.390625,111.5,111.34375,111.359375,136804,ZNU3
2023-07-05 19:00:00+00:00,34,1,338574,111.359375,111.46875,111.328125,111.453125,83855,ZNU3
2023-07-05 20:00:00+00:00,34,1,338574,111.453125,111.484375,111.390625,111.40625,48995,ZNU3
2023-07-05 22:00:00+00:00,34,1,338574,111.421875,111.46875,111.390625,111.40625,6508,ZNU3
2023-07-05 23:00:00+00:00,34,1,338574,111.40625,111.453125,111.390625,111.390625,5317,ZNU3
2023-07-06 00:00:00+00:00,34,1,338574,111.390625,111.453125,111.359375,111.359375,14752,ZNU3
2023-07-06 01:00:00+00:00,34,1,338574,111.375,111.375,111.25,111.265625,30665,ZNU3
2023-07-06 02:00:00+00:00,34,1,338574,111.28125,111.296875,111.234375,111.25,12516,ZNU3
2023-07-06 03:00:00+00:00,34,1,338574,111.234375,111.265625,111.1875,111.25,19776,ZNU3
2023-07-06 04:00:00+00:00,34,1,338574,111.25,111.28125,111.25,111.25,8282,ZNU3
2023-07-06 05:00:00+00:00,34,1,338574,111.25,111.296875,111.25,111.265625,8635,ZNU3
2023-07-06 06:00:00+00:00,34,1,338574,111.265625,111.28125,111.203125,111.28125,32309,ZNU3
2023-07-06 07:00:00+00:00,34,1,338574,111.28125,111.28125,111.140625,111.21875,63489,ZNU3
2023-07-06 08:00:00+00:00,34,1,338574,111.203125,111.21875,111.0625,111.0625,62694,ZNU3
2023-07-06 09:00:00+00:00,34,1,338574,111.0625,111.125,111.046875,111.078125,43306,ZNU3
2023-07-06 10:00:00+00:00,34,1,338574,111.09375,111.125,111.046875,111.078125,39710,ZNU3
2023-07-06 11:00:00+00:00,34,1,338574,111.09375,111.1875,111.0625,111.140625,68204,ZNU3
2023-07-06 12:00:00+00:00,34,1,338574,111.140625,111.203125,110.375,110.546875,476416,ZNU3
2023-07-06 13:00:00+00:00,34,1,338574,110.546875,110.75,110.453125,110.609375,263444,ZNU3
2023-07-06 14:00:00+00:00,34,1,338574,110.59375,110.59375,110.15625,110.40625,337509,ZNU3
2023-07-06 15:00:00+00:00,34,1,338574,110.390625,110.453125,110.28125,110.40625,161208,ZNU3
2023-07-06 16:00:00+00:00,34,1,338574,110.40625,110.546875,110.40625,110.515625,86648,ZNU3
2023-07-06 17:00:00+00:00,34,1,338574,110.53125,110.609375,110.484375,110.578125,68586,ZNU3
2023-07-06 18:00:00+00:00,34,1,338574,110.578125,110.671875,110.546875,110.609375,124835,ZNU3
2023-07-06 19:00:00+00:00,34,1,338574,110.625,110.6875,110.5625,110.640625,77007,ZNU3
2023-07-06 20:00:00+00:00,34,1,338574,110.640625,110.765625,110.609375,110.703125,60811,ZNU3
2023-07-06 22:00:00+00:00,34,1,338574,110.734375,110.75,110.640625,110.671875,4621,ZNU3
2023-07-06 23:00:00+00:00,34,1,338574,110.6875,110.71875,110.65625,110.671875,4298,ZNU3
2023-07-07 00:00:00+00:00,34,1,338574,110.6875,110.734375,110.53125,110.546875,18148,ZNU3
2023-07-07 01:00:00+00:00,34,1,338574,110.546875,110.609375,110.515625,110.53125,12003,ZNU3
2023-07-07 02:00:00+00:00,34,1,338574,110.53125,110.640625,110.53125,110.625,8953,ZNU3
2023-07-07 03:00:00+00:00,34,1,338574,110.625,110.703125,110.609375,110.640625,13588,ZNU3
2023-07-07 04:00:00+00:00,34,1,338574,110.625,110.65625,110.609375,110.640625,7207,ZNU3
2023-07-07 05:00:00+00:00,34,1,338574,110.640625,110.65625,110.625,110.65625,10020,ZNU3
2023-07-07 06:00:00+00:00,34,1,338574,110.65625,110.75,110.609375,110.703125,34674,ZNU3
2023-07-07 07:00:00+00:00,34,1,338574,110.703125,110.734375,110.546875,110.609375,61064,ZNU3
2023-07-07 08:00:00+00:00,34,1,338574,110.609375,110.625,110.5625,110.625,40282,ZNU3
2023-07-07 09:00:00+00:00,34,1,338574,110.625,110.625,110.4375,110.453125,44360,ZNU3
2023-07-07 10:00:00+00:00,34,1,338574,110.453125,110.484375,110.390625,110.421875,33414,ZNU3
2023-07-07 11:00:00+00:00,34,1,338574,110.421875,110.484375,110.375,110.453125,68251,ZNU3
2023-07-07 12:00:00+00:00,34,1,338574,110.453125,111.0,110.34375,110.453125,338470,ZNU3
2023-07-07 13:00:00+00:00,34,1,338574,110.453125,110.796875,110.296875,110.625,343804,ZNU3
2023-07-07 14:00:00+00:00,34,1,338574,110.640625,110.9375,110.5625,110.890625,165722,ZNU3
2023-07-07 15:00:00+00:00,34,1,338574,110.890625,110.90625,110.71875,110.734375,94719,ZNU3
2023-07-07 16:00:00+00:00,34,1,338574,110.75,110.84375,110.6875,110.6875,47062,ZNU3
2023-07-07 17:00:00+00:00,34,1,338574,110.703125,110.78125,110.65625,110.71875,48316,ZNU3
2023-07-07 18:00:00+00:00,34,1,338574,110.734375,110.75,110.65625,110.6875,75097,ZNU3
2023-07-07 19:00:00+00:00,34,1,338574,110.671875,110.6875,110.546875,110.546875,73715,ZNU3
2023-07-07 20:00:00+00:00,34,1,338574,110.546875,110.609375,110.5,110.515625,29411,ZNU3
2023-07-09 22:00:00+00:00,34,1,338574,110.53125,110.59375,110.515625,110.5625,7139,ZNU3
2023-07-09 23:00:00+00:00,34,1,338574,110.5625,110.578125,110.53125,110.546875,5337,ZNU3
2023-07-10 00:00:00+00:00,34,1,338574,110.5625,110.59375,110.46875,110.5,13325,ZNU3
2023-07-10 01:00:00+00:00,34,1,338574,110.484375,110.5,110.421875,110.4375,16402,ZNU3
2023-07-10 02:00:00+00:00,34,1,338574,110.4375,110.484375,110.40625,110.484375,11567,ZNU3
2023-07-10 03:00:00+00:00,34,1,338574,110.484375,110.5,110.453125,110.46875,5680,ZNU3
2023-07-10 04:00:00+00:00,34,1,338574,110.484375,110.5,110.453125,110.484375,6204,ZNU3
2023-07-10 05:00:00+00:00,34,1,338574,110.46875,110.5,110.4375,110.5,7874,ZNU3
2023-07-10 06:00:00+00:00,34,1,338574,110.484375,110.5625,110.46875,110.546875,23823,ZNU3
2023-07-10 07:00:00+00:00,34,1,338574,110.546875,110.671875,110.484375,110.59375,50558,ZNU3
2023-07-10 08:00:00+00:00,34,1,338574,110.578125,110.59375,110.53125,110.59375,31258,ZNU3
2023-07-10 09:00:00+00:00,34,1,338574,110.578125,110.609375,110.53125,110.5625,29923,ZNU3
2023-07-10 10:00:00+00:00,34,1,338574,110.578125,110.671875,110.546875,110.65625,20378,ZNU3
2023-07-10 11:00:00+00:00,34,1,338574,110.65625,110.8125,110.65625,110.796875,56280,ZNU3
2023-07-10 12:00:00+00:00,34,1,338574,110.796875,110.84375,110.4375,110.53125,154069,ZNU3
2023-07-10 13:00:00+00:00,34,1,338574,110.53125,110.84375,110.53125,110.8125,139582,ZNU3
2023-07-10 14:00:00+00:00,34,1,338574,110.8125,110.96875,110.796875,110.84375,148538,ZNU3
2023-07-10 15:00:00+00:00,34,1,338574,110.84375,111.09375,110.828125,111.0625,119480,ZNU3
2023-07-10 16:00:00+00:00,34,1,338574,111.0625,111.171875,111.0,111.15625,75644,ZNU3
2023-07-10 17:00:00+00:00,34,1,338574,111.15625,111.25,111.125,111.203125,73782,ZNU3
2023-07-10 18:00:00+00:00,34,1,338574,111.21875,111.21875,111.109375,111.140625,97749,ZNU3
2023-07-10 19:00:00+00:00,34,1,338574,111.15625,111.1875,111.109375,111.140625,75628,ZNU3
2023-07-10 20:00:00+00:00,34,1,338574,111.140625,111.21875,111.125,111.1875,42025,ZNU3
2023-07-10 22:00:00+00:00,34,1,338574,111.171875,111.21875,111.15625,111.203125,4447,ZNU3
2023-07-10 23:00:00+00:00,34,1,338574,111.1875,111.203125,111.171875,111.1875,5038,ZNU3
2023-07-11 00:00:00+00:00,34,1,338574,111.1875,111.234375,111.140625,111.171875,15588,ZNU3
2023-07-11 01:00:00+00:00,34,1,338574,111.15625,111.1875,111.125,111.171875,10158,ZNU3
2023-07-11 02:00:00+00:00,34,1,338574,111.171875,111.25,111.140625,111.234375,14847,ZNU3
2023-07-11 03:00:00+00:00,34,1,338574,111.234375,111.28125,111.234375,111.234375,19394,ZNU3
2023-07-11 04:00:00+00:00,34,1,338574,111.25,111.28125,111.234375,111.25,8517,ZNU3
2023-07-11 05:00:00+00:00,34,1,338574,111.25,111.390625,111.234375,111.375,24205,ZNU3
2023-07-11 06:00:00+00:00,34,1,338574,111.375,111.453125,111.296875,111.390625,51205,ZNU3
2023-07-11 07:00:00+00:00,34,1,338574,111.390625,111.4375,111.28125,111.390625,58502,ZNU3
2023-07-11 08:00:00+00:00,34,1,338574,111.390625,111.4375,111.34375,111.390625,30419,ZNU3
2023-07-11 09:00:00+00:00,34,1,338574,111.40625,111.5,111.390625,111.484375,35811,ZNU3
2023-07-11 10:00:00+00:00,34,1,338574,111.5,111.5,111.390625,111.390625,33161,ZNU3
2023-07-11 11:00:00+00:00,34,1,338574,111.40625,111.421875,111.359375,111.390625,31123,ZNU3
2023-07-11 12:00:00+00:00,34,1,338574,111.390625,111.421875,111.203125,111.296875,130544,ZNU3
2023-07-11 13:00:00+00:00,34,1,338574,111.296875,111.359375,111.109375,111.171875,131482,ZNU3
2023-07-11 14:00:00+00:00,34,1,338574,111.171875,111.265625,111.125,111.21875,96179,ZNU3
2023-07-11 15:00:00+00:00,34,1,338574,111.21875,111.25,111.140625,111.1875,69253,ZNU3
2023-07-11 16:00:00+00:00,34,1,338574,111.1875,111.390625,111.1875,111.34375,60588,ZNU3
2023-07-11 17:00:00+00:00,34,1,338574,111.34375,111.421875,111.296875,111.34375,61021,ZNU3
2023-07-11 18:00:00+00:00,34,1,338574,111.34375,111.390625,111.21875,111.265625,110725,ZNU3
2023-07-11 19:00:00+00:00,34,1,338574,111.25,111.28125,111.203125,111.234375,84424,ZNU3
2023-07-11 20:00:00+00:00,34,1,338574,111.234375,111.3125,111.234375,111.296875,48698,ZNU3
2023-07-11 22:00:00+00:00,34,1,338574,111.328125,111.34375,111.296875,111.34375,3019,ZNU3
2023-07-11 23:00:00+00:00,34,1,338574,111.34375,111.375,111.3125,111.375,3652,ZNU3
2023-07-12 00:00:00+00:00,34,1,338574,111.359375,111.421875,111.359375,111.40625,13200,ZNU3
2023-07-12 01:00:00+00:00,34,1,338574,111.40625,111.4375,111.34375,111.359375,13592,ZNU3
2023-07-12 02:00:00+00:00,34,1,338574,111.359375,111.390625,111.34375,111.375,8432,ZNU3
2023-07-12 03:00:00+00:00,34,1,338574,111.375,111.453125,111.359375,111.421875,10459,ZNU3
2023-07-12 04:00:00+00:00,34,1,338574,111.421875,111.421875,111.34375,111.390625,7826,ZNU3
2023-07-12 05:00:00+00:00,34,1,338574,111.375,111.421875,111.34375,111.40625,6091,ZNU3
2023-07-12 06:00:00+00:00,34,1,338574,111.421875,111.53125,111.421875,111.515625,31662,ZNU3
2023-07-12 07:00:00+00:00,34,1,338574,111.515625,111.546875,111.4375,111.5,40740,ZNU3
2023-07-12 08:00:00+00:00,34,1,338574,111.515625,111.5625,111.484375,111.53125,38058,ZNU3
2023-07-12 09:00:00+00:00,34,1,338574,111.53125,111.578125,111.5,111.5,30245,ZNU3
2023-07-12 10:00:00+00:00,34,1,338574,111.5,111.546875,111.453125,111.5,35751,ZNU3
2023-07-12 11:00:00+00:00,34,1,338574,111.515625,111.5625,111.4375,111.5625,61835,ZNU3
2023-07-12 12:00:00+00:00,34,1,338574,111.5625,112.078125,111.5,111.8125,460042,ZNU3
2023-07-12 13:00:00+00:00,34,1,338574,111.828125,112.0,111.796875,112.0,259098,ZNU3
2023-07-12 14:00:00+00:00,34,1,338574,112.0,112.15625,111.9375,112.140625,247727,ZNU3
2023-07-12 15:00:00+00:00,34,1,338574,112.15625,112.328125,112.109375,112.28125,163942,ZNU3
2023-07-12 16:00:00+00:00,34,1,338574,112.28125,112.375,112.21875,112.328125,103307,ZNU3
2023-07-12 17:00:00+00:00,34,1,338574,112.328125,112.34375,112.1875,112.28125,99373,ZNU3
2023-07-12 18:00:00+00:00,34,1,338574,112.28125,112.28125,112.203125,112.28125,114881,ZNU3
2023-07-12 19:00:00+00:00,34,1,338574,112.28125,112.328125,112.203125,112.21875,95351,ZNU3
2023-07-12 20:00:00+00:00,34,1,338574,112.21875,112.28125,112.203125,112.234375,44553,ZNU3
2023-07-12 22:00:00+00:00,34,1,338574,112.21875,112.265625,112.21875,112.265625,7710,ZNU3
2023-07-12 23:00:00+00:00,34,1,338574,112.25,112.296875,112.25,112.296875,4430,ZNU3
2023-07-13 00:00:00+00:00,34,1,338574,112.296875,112.359375,112.28125,112.34375,14800,ZNU3
2023-07-13 01:00:00+00:00,34,1,338574,112.328125,112.375,112.265625,112.3125,12639,ZNU3
2023-07-13 02:00:00+00:00,34,1,338574,112.3125,112.359375,112.28125,112.359375,13381,ZNU3
2023-07-13 03:00:00+00:00,34,1,338574,112.34375,112.359375,112.3125,112.328125,7059,ZNU3
2023-07-13 04:00:00+00:00,34,1,338574,112.34375,112.375,112.296875,112.296875,7203,ZNU3
2023-07-13 05:00:00+00:00,34,1,338574,112.3125,112.328125,112.265625,112.265625,10766,ZNU3
2023-07-13 06:00:00+00:00,34,1,338574,112.28125,112.546875,112.265625,112.515625,63416,ZNU3
2023-07-13 07:00:00+00:00,34,1,338574,112.53125,112.65625,112.46875,112.59375,83508,ZNU3
2023-07-13 08:00:00+00:00,34,1,338574,112.59375,112.765625,112.578125,112.65625,53730,ZNU3
2023-07-13 09:00:00+00:00,34,1,338574,112.65625,112.65625,112.578125,112.640625,32646,ZNU3
2023-07-13 10:00:00+00:00,34,1,338574,112.640625,112.6875,112.59375,112.625,33201,ZNU3
2023-07-13 11:00:00+00:00,34,1,338574,112.640625,112.65625,112.515625,112.609375,60182,ZNU3
2023-07-13 12:00:00+00:00,34,1,338574,112.609375,112.78125,112.390625,112.59375,256999,ZNU3
2023-07-13 13:00:00+00:00,34,1,338574,112.578125,112.84375,112.53125,112.71875,260090,ZNU3
2023-07-13 14:00:00+00:00,34,1,338574,112.71875,112.78125,112.59375,112.65625,127515,ZNU3
2023-07-13 15:00:00+00:00,34,1,338574,112.65625,112.84375,112.578125,112.828125,102601,ZNU3
2023-07-13 16:00:00+00:00,34,1,338574,112.8125,113.046875,112.8125,113.0,140514,ZNU3
2023-07-13 17:00:00+00:00,34,1,338574,113.0,113.046875,112.90625,113.03125,105937,ZNU3
2023-07-13 18:00:00+00:00,34,1,338574,113.03125,113.09375,112.984375,113.0625,111505,ZNU3
2023-07-13 19:00:00+00:00,34,1,338574,113.0625,113.09375,112.984375,113.03125,124965,ZNU3
2023-07-13 20:00:00+00:00,34,1,338574,113.046875,113.078125,112.96875,112.984375,41725,ZNU3
2023-07-13 22:00:00+00:00,34,1,338574,112.96875,113.0,112.921875,112.9375,5430,ZNU3
2023-07-13 23:00:00+00:00,34,1,338574,112.921875,112.96875,112.875,112.90625,11457,ZNU3
2023-07-14 00:00:00+00:00,34,1,338574,112.90625,112.921875,112.8125,112.890625,19072,ZNU3
2023-07-14 01:00:00+00:00,34,1,338574,112.890625,113.0,112.859375,112.984375,14751,ZNU3
2023-07-14 02:00:00+00:00,34,1,338574,112.984375,113.015625,112.953125,112.984375,8002,ZNU3
2023-07-14 03:00:00+00:00,34,1,338574,113.0,113.046875,113.0,113.015625,8668,ZNU3
2023-07-14 04:00:00+00:00,34,1,338574,113.0,113.0,112.859375,112.859375,14063,ZNU3
2023-07-14 05:00:00+00:00,34,1,338574,112.875,112.921875,112.828125,112.875,9805,ZNU3
2023-07-14 06:00:00+00:00,34,1,338574,112.875,112.90625,112.734375,112.75,33270,ZNU3
2023-07-14 07:00:00+00:00,34,1,338574,112.75,112.796875,112.65625,112.71875,42708,ZNU3
2023-07-14 08:00:00+00:00,34,1,338574,112.71875,112.796875,112.71875,112.734375,36896,ZNU3
2023-07-14 09:00:00+00:00,34,1,338574,112.734375,112.8125,112.703125,112.78125,20356,ZNU3
2023-07-14 10:00:00+00:00,34,1,338574,112.78125,112.84375,112.765625,112.84375,29245,ZNU3
2023-07-14 11:00:00+00:00,34,1,338574,112.84375,113.03125,112.84375,112.9375,76811,ZNU3
2023-07-14 12:00:00+00:00,34,1,338574,112.9375,113.0,112.78125,112.84375,120795,ZNU3
2023-07-14 13:00:00+00:00,34,1,338574,112.84375,112.890625,112.71875,112.84375,137176,ZNU3
2023-07-14 14:00:00+00:00,34,1,338574,112.828125,112.859375,112.578125,112.765625,219020,ZNU3
2023-07-14 15:00:00+00:00,34,1,338574,112.78125,112.828125,112.609375,112.609375,90872,ZNU3
2023-07-14 16:00:00+00:00,34,1,338574,112.609375,112.640625,112.515625,112.625,82444,ZNU3
2023-07-14 17:00:00+00:00,34,1,338574,112.640625,112.671875,112.546875,112.5625,40413,ZNU3
2023-07-14 18:00:00+00:00,34,1,338574,112.5625,112.625,112.53125,112.546875,81789,ZNU3
2023-07-14 19:00:00+00:00,34,1,338574,112.5625,112.578125,112.46875,112.53125,74945,ZNU3
2023-07-14 20:00:00+00:00,34,1,338574,112.515625,112.546875,112.4375,112.4375,32073,ZNU3
2023-07-16 22:00:00+00:00,34,1,338574,112.4375,112.546875,112.4375,112.515625,6597,ZNU3
2023-07-16 23:00:00+00:00,34,1,338574,112.515625,112.546875,112.5,112.53125,2154,ZNU3
2023-07-17 00:00:00+00:00,34,1,338574,112.515625,112.59375,112.5,112.59375,6787,ZNU3
2023-07-17 01:00:00+00:00,34,1,338574,112.578125,112.609375,112.5625,112.578125,5802,ZNU3
2023-07-17 02:00:00+00:00,34,1,338574,112.59375,112.625,112.578125,112.609375,4028,ZNU3
2023-07-17 03:00:00+00:00,34,1,338574,112.609375,112.609375,112.578125,112.578125,2523,ZNU3
2023-07-17 04:00:00+00:00,34,1,338574,112.578125,112.59375,112.5625,112.59375,1680,ZNU3
2023-07-17 05:00:00+00:00,34,1,338574,112.578125,112.59375,112.546875,112.546875,4902,ZNU3
2023-07-17 06:00:00+00:00,34,1,338574,112.546875,112.625,112.5,112.609375,19390,ZNU3
2023-07-17 07:00:00+00:00,34,1,338574,112.609375,112.640625,112.484375,112.53125,31599,ZNU3
2023-07-17 08:00:00+00:00,34,1,338574,112.53125,112.78125,112.53125,112.734375,34872,ZNU3
2023-07-17 09:00:00+00:00,34,1,338574,112.71875,112.921875,112.703125,112.859375,41606,ZNU3
2023-07-17 10:00:00+00:00,34,1,338574,112.859375,112.890625,112.828125,112.84375,21099,ZNU3
2023-07-17 11:00:00+00:00,34,1,338574,112.828125,112.859375,112.765625,112.78125,25536,ZNU3
2023-07-17 12:00:00+00:00,34,1,338574,112.78125,112.90625,112.5625,112.671875,139390,ZNU3
2023-07-17 13:00:00+00:00,34,1,338574,112.671875,112.71875,112.40625,112.515625,150287,ZNU3
2023-07-17 14:00:00+00:00,34,1,338574,112.53125,112.578125,112.46875,112.5625,80073,ZNU3
2023-07-17 15:00:00+00:00,34,1,338574,112.5625,112.59375,112.453125,112.578125,56561,ZNU3
2023-07-17 16:00:00+00:00,34,1,338574,112.59375,112.640625,112.53125,112.625,42765,ZNU3
2023-07-17 17:00:00+00:00,34,1,338574,112.640625,112.6875,112.59375,112.640625,35596,ZNU3
2023-07-17 18:00:00+00:00,34,1,338574,112.65625,112.734375,112.65625,112.71875,46019,ZNU3
2023-07-17 19:00:00+00:00,34,1,338574,112.734375,112.734375,112.609375,112.640625,56325,ZNU3
2023-07-17 20:00:00+00:00,34,1,338574,112.640625,112.671875,112.609375,112.609375,33447,ZNU3
2023-07-17 22:00:00+00:00,34,1,338574,112.640625,112.671875,112.625,112.625,2469,ZNU3
2023-07-17 23:00:00+00:00,34,1,338574,112.640625,112.671875,112.609375,112.671875,2682,ZNU3
2023-07-18 00:00:00+00:00,34,1,338574,112.65625,112.71875,112.625,112.6875,10169,ZNU3
2023-07-18 01:00:00+00:00,34,1,338574,112.6875,112.71875,112.65625,112.703125,5726,ZNU3
2023-07-18 02:00:00+00:00,34,1,338574,112.6875,112.734375,112.6875,112.703125,5011,ZNU3
2023-07-18 03:00:00+00:00,34,1,338574,112.703125,112.734375,112.703125,112.71875,3900,ZNU3
2023-07-18 04:00:00+00:00,34,1,338574,112.71875,112.78125,112.703125,112.78125,4578,ZNU3
2023-07-18 05:00:00+00:00,34,1,338574,112.765625,112.78125,112.734375,112.75,7826,ZNU3
2023-07-18 06:00:00+00:00,34,1,338574,112.75,112.875,112.734375,112.875,33844,ZNU3
2023-07-18 07:00:00+00:00,34,1,338574,112.875,113.078125,112.84375,113.03125,78837,ZNU3
2023-07-18 08:00:00+00:00,34,1,338574,113.03125,113.0625,112.96875,112.984375,37208,ZNU3
2023-07-18 09:00:00+00:00,34,1,338574,112.984375,113.046875,112.953125,113.015625,25790,ZNU3
2023-07-18 10:00:00+00:00,34,1,338574,113.015625,113.03125,112.953125,112.984375,17125,ZNU3
2023-07-18 11:00:00+00:00,34,1,338574,112.96875,113.03125,112.9375,113.0,24966,ZNU3
2023-07-18 12:00:00+00:00,34,1,338574,113.015625,113.25,112.796875,113.015625,272883,ZNU3
2023-07-18 13:00:00+00:00,34,1,338574,113.0,113.046875,112.859375,112.953125,187758,ZNU3
2023-07-18 14:00:00+00:00,34,1,338574,112.9375,113.0625,112.90625,113.015625,122408,ZNU3
2023-07-18 15:00:00+00:00,34,1,338574,113.015625,113.0625,112.859375,112.875,91416,ZNU3
2023-07-18 16:00:00+00:00,34,1,338574,112.875,112.90625,112.75,112.78125,67765,ZNU3
2023-07-18 17:00:00+00:00,34,1,338574,112.765625,112.828125,112.765625,112.78125,47558,ZNU3
2023-07-18 18:00:00+00:00,34,1,338574,112.78125,112.796875,112.703125,112.765625,72864,ZNU3
2023-07-18 19:00:00+00:00,34,1,338574,112.75,112.765625,112.65625,112.703125,62431,ZNU3
2023-07-18 20:00:00+00:00,34,1,338574,112.703125,112.78125,112.6875,112.703125,50144,ZNU3
2023-07-18 22:00:00+00:00,34,1,338574,112.703125,112.765625,112.703125,112.71875,4456,ZNU3
2023-07-18 23:00:00+00:00,34,1,338574,112.734375,112.75,112.6875,112.6875,3565,ZNU3
2023-07-19 00:00:00+00:00,34,1,338574,112.6875,112.8125,112.6875,112.8125,14808,ZNU3
2023-07-19 01:00:00+00:00,34,1,338574,112.796875,112.8125,112.765625,112.796875,8908,ZNU3
2023-07-19 02:00:00+00:00,34,1,338574,112.78125,112.859375,112.78125,112.84375,10746,ZNU3
2023-07-19 03:00:00+00:00,34,1,338574,112.84375,112.90625,112.84375,112.875,13201,ZNU3
2023-07-19 04:00:00+00:00,34,1,338574,112.890625,112.890625,112.828125,112.828125,7079,ZNU3
2023-07-19 05:00:00+00:00,34,1,338574,112.828125,112.921875,112.828125,112.859375,14756,ZNU3
2023-07-19 06:00:00+00:00,34,1,338574,112.859375,113.140625,112.859375,113.09375,87716,ZNU3
2023-07-19 07:00:00+00:00,34,1,338574,113.09375,113.203125,112.96875,112.96875,62178,ZNU3
2023-07-19 08:00:00+00:00,34,1,338574,112.984375,113.0625,112.953125,113.0,39136,ZNU3
2023-07-19 09:00:00+00:00,34,1,338574,112.984375,113.0,112.90625,112.921875,35735,ZNU3
2023-07-19 10:00:00+00:00,34,1,338574,112.921875,112.984375,112.90625,112.984375,24273,ZNU3
2023-07-19 11:00:00+00:00,34,1,338574,112.984375,113.0,112.890625,112.96875,35638,ZNU3
2023-07-19 12:00:00+00:00,34,1,338574,112.984375,113.15625,112.953125,112.984375,125396,ZNU3
2023-07-19 13:00:00+00:00,34,1,338574,112.984375,113.015625,112.8125,112.859375,114761,ZNU3
2023-07-19 14:00:00+00:00,34,1,338574,112.859375,112.859375,112.671875,112.8125,164743,ZNU3
2023-07-19 15:00:00+00:00,34,1,338574,112.8125,112.859375,112.671875,112.671875,121679,ZNU3
2023-07-19 16:00:00+00:00,34,1,338574,112.671875,112.90625,112.65625,112.875,96861,ZNU3
2023-07-19 17:00:00+00:00,34,1,338574,112.890625,112.96875,112.78125,112.953125,69000,ZNU3
2023-07-19 18:00:00+00:00,34,1,338574,112.96875,113.03125,112.9375,113.0,95545,ZNU3
2023-07-19 19:00:00+00:00,34,1,338574,113.0,113.015625,112.921875,112.984375,92048,ZNU3
2023-07-19 20:00:00+00:00,34,1,338574,112.96875,113.0,112.90625,112.921875,36271,ZNU3
2023-07-19 22:00:00+00:00,34,1,338574,112.890625,112.9375,112.890625,112.890625,2980,ZNU3
2023-07-19 23:00:00+00:00,34,1,338574,112.90625,112.921875,112.890625,112.890625,2255,ZNU3
2023-07-20 00:00:00+00:00,34,1,338574,112.90625,112.96875,112.890625,112.890625,8196,ZNU3
2023-07-20 01:00:00+00:00,34,1,338574,112.890625,112.90625,112.828125,112.859375,13533,ZNU3
2023-07-20 02:00:00+00:00,34,1,338574,112.859375,112.875,112.796875,112.8125,10999,ZNU3
2023-07-20 03:00:00+00:00,34,1,338574,112.796875,112.84375,112.78125,112.828125,5203,ZNU3
2023-07-20 04:00:00+00:00,34,1,338574,112.828125,112.859375,112.828125,112.84375,2774,ZNU3
2023-07-20 05:00:00+00:00,34,1,338574,112.828125,112.84375,112.8125,112.84375,4106,ZNU3
2023-07-20 06:00:00+00:00,34,1,338574,112.828125,112.859375,112.78125,112.796875,15313,ZNU3
2023-07-20 07:00:00+00:00,34,1,338574,112.796875,112.875,112.609375,112.640625,78587,ZNU3
2023-07-20 08:00:00+00:00,34,1,338574,112.640625,112.703125,112.609375,112.65625,30944,ZNU3
2023-07-20 09:00:00+00:00,34,1,338574,112.65625,112.703125,112.578125,112.59375,21775,ZNU3
2023-07-20 10:00:00+00:00,34,1,338574,112.59375,112.65625,112.53125,112.53125,39034,ZNU3
2023-07-20 11:00:00+00:00,34,1,338574,112.53125,112.625,112.515625,112.625,50655,ZNU3
2023-07-20 12:00:00+00:00,34,1,338574,112.609375,112.625,112.28125,112.375,217073,ZNU3
2023-07-20 13:00:00+00:00,34,1,338574,112.390625,112.453125,112.28125,112.328125,131698,ZNU3
2023-07-20 14:00:00+00:00,34,1,338574,112.328125,112.359375,112.09375,112.171875,247725,ZNU3
2023-07-20 15:00:00+00:00,34,1,338574,112.15625,112.203125,112.078125,112.09375,134001,ZNU3
2023-07-20 16:00:00+00:00,34,1,338574,112.09375,112.125,112.0,112.015625,130512,ZNU3
2023-07-20 17:00:00+00:00,34,1,338574,112.015625,112.1875,112.015625,112.171875,101938,ZNU3
2023-07-20 18:00:00+00:00,34,1,338574,112.15625,112.21875,112.125,112.125,105590,ZNU3
2023-07-20 19:00:00+00:00,34,1,338574,112.140625,112.25,112.109375,112.1875,95465,ZNU3
2023-07-20 20:00:00+00:00,34,1,338574,112.203125,112.203125,112.109375,112.125,34353,ZNU3
2023-07-20 22:00:00+00:00,34,1,338574,112.125,112.1875,112.125,112.171875,4534,ZNU3
2023-07-20 23:00:00+00:00,34,1,338574,112.1875,112.1875,112.125,112.171875,7999,ZNU3
2023-07-21 00:00:00+00:00,34,1,338574,112.15625,112.25,112.15625,112.234375,13217,ZNU3
2023-07-21 01:00:00+00:00,34,1,338574,112.234375,112.25,112.203125,112.234375,7224,ZNU3
2023-07-21 02:00:00+00:00,34,1,338574,112.21875,112.21875,112.15625,112.203125,6809,ZNU3
2023-07-21 03:00:00+00:00,34,1,338574,112.1875,112.203125,112.171875,112.171875,2013,ZNU3
2023-07-21 04:00:00+00:00,34,1,338574,112.1875,112.1875,112.125,112.125,4577,ZNU3
2023-07-21 05:00:00+00:00,34,1,338574,112.125,112.203125,112.125,112.203125,8277,ZNU3
2023-07-21 06:00:00+00:00,34,1,338574,112.1875,112.265625,112.15625,112.203125,25582,ZNU3
2023-07-21 07:00:00+00:00,34,1,338574,112.21875,112.25,112.078125,112.15625,49425,ZNU3
2023-07-21 08:00:00+00:00,34,1,338574,112.15625,112.21875,112.0625,112.09375,31659,ZNU3
2023-07-21 09:00:00+00:00,34,1,338574,112.078125,112.15625,112.078125,112.125,20277,ZNU3
2023-07-21 10:00:00+00:00,34,1,338574,112.109375,112.171875,112.109375,112.171875,13597,ZNU3
2023-07-21 11:00:00+00:00,34,1,338574,112.171875,112.25,112.125,112.125,31633,ZNU3
2023-07-21 12:00:00+00:00,34,1,338574,112.125,112.40625,112.109375,112.34375,158438,ZNU3
2023-07-21 13:00:00+00:00,34,1,338574,112.328125,112.421875,112.28125,112.375,103104,ZNU3
2023-07-21 14:00:00+00:00,34,1,338574,112.375,112.375,112.25,112.265625,103428,ZNU3
2023-07-21 15:00:00+00:00,34,1,338574,112.25,112.359375,112.203125,112.21875,92671,ZNU3
2023-07-21 16:00:00+00:00,34,1,338574,112.203125,112.296875,112.203125,112.25,43576,ZNU3
2023-07-21 17:00:00+00:00,34,1,338574,112.25,112.3125,112.25,112.296875,50334,ZNU3
2023-07-21 18:00:00+00:00,34,1,338574,112.296875,112.328125,112.21875,112.21875,64738,ZNU3
2023-07-21 19:00:00+00:00,34,1,338574,112.234375,112.265625,112.1875,112.234375,56159,ZNU3
2023-07-21 20:00:00+00:00,34,1,338574,112.234375,112.25,112.203125,112.21875,24712,ZNU3
2023-07-23 22:00:00+00:00,34,1,338574,112.25,112.265625,112.203125,112.21875,4611,ZNU3
2023-07-23 23:00:00+00:00,34,1,338574,112.234375,112.234375,112.140625,112.15625,7038,ZNU3
2023-07-24 00:00:00+00:00,34,1,338574,112.171875,112.1875,112.140625,112.140625,5851,ZNU3
2023-07-24 01:00:00+00:00,34,1,338574,112.140625,112.1875,112.140625,112.140625,7324,ZNU3
2023-07-24 02:00:00+00:00,34,1,338574,112.140625,112.1875,112.109375,112.171875,8807,ZNU3
2023-07-24 03:00:00+00:00,34,1,338574,112.171875,112.1875,112.140625,112.171875,4184,ZNU3
2023-07-24 04:00:00+00:00,34,1,338574,112.171875,112.203125,112.15625,112.15625,3128,ZNU3
2023-07-24 05:00:00+00:00,34,1,338574,112.15625,112.1875,112.140625,112.171875,5235,ZNU3
2023-07-24 06:00:00+00:00,34,1,338574,112.171875,112.1875,112.09375,112.140625,19468,ZNU3
2023-07-24 07:00:00+00:00,34,1,338574,112.140625,112.390625,112.09375,112.359375,77461,ZNU3
2023-07-24 08:00:00+00:00,34,1,338574,112.34375,112.40625,112.25,112.390625,28515,ZNU3
2023-07-24 09:00:00+00:00,34,1,338574,112.40625,112.4375,112.328125,112.390625,29577,ZNU3
2023-07-24 10:00:00+00:00,34,1,338574,112.390625,112.46875,112.375,112.4375,24521,ZNU3
2023-07-24 11:00:00+00:00,34,1,338574,112.453125,112.546875,112.4375,112.46875,53387,ZNU3
2023-07-24 12:00:00+00:00,34,1,338574,112.46875,112.53125,112.40625,112.5,95388,ZNU3
2023-07-24 13:00:00+00:00,34,1,338574,112.5,112.5,112.203125,112.40625,156370,ZNU3
2023-07-24 14:00:00+00:00,34,1,338574,112.40625,112.5,112.21875,112.28125,136940,ZNU3
2023-07-24 15:00:00+00:00,34,1,338574,112.28125,112.296875,112.1875,112.203125,81515,ZNU3
2023-07-24 16:00:00+00:00,34,1,338574,112.203125,112.21875,112.03125,112.125,94309,ZNU3
2023-07-24 17:00:00+00:00,34,1,338574,112.125,112.15625,111.984375,112.03125,63522,ZNU3
2023-07-24 18:00:00+00:00,34,1,338574,112.03125,112.078125,111.984375,112.0625,55576,ZNU3
2023-07-24 19:00:00+00:00,34,1,338574,112.0625,112.09375,111.90625,111.953125,89405,ZNU3
2023-07-24 20:00:00+00:00,34,1,338574,111.96875,111.96875,111.875,111.90625,40840,ZNU3
2023-07-24 22:00:00+00:00,34,1,338574,111.921875,111.9375,111.90625,111.90625,2172,ZNU3
2023-07-24 23:00:00+00:00,34,1,338574,111.90625,111.921875,111.890625,111.90625,3539,ZNU3
2023-07-25 00:00:00+00:00,34,1,338574,111.90625,111.96875,111.875,111.890625,9076,ZNU3
2023-07-25 01:00:00+00:00,34,1,338574,111.890625,112.046875,111.890625,112.03125,10560,ZNU3
2023-07-25 02:00:00+00:00,34,1,338574,112.03125,112.03125,112.0,112.015625,6582,ZNU3
2023-07-25 03:00:00+00:00,34,1,338574,112.0,112.0,111.96875,111.984375,5791,ZNU3
2023-07-25 04:00:00+00:00,34,1,338574,111.984375,112.0,111.953125,111.96875,3749,ZNU3
2023-07-25 05:00:00+00:00,34,1,338574,111.96875,111.984375,111.890625,111.921875,12018,ZNU3
2023-07-25 06:00:00+00:00,34,1,338574,111.921875,111.921875,111.828125,111.890625,47395,ZNU3
2023-07-25 07:00:00+00:00,34,1,338574,111.890625,111.96875,111.84375,111.9375,33069,ZNU3
2023-07-25 08:00:00+00:00,34,1,338574,111.9375,112.0,111.78125,111.828125,45063,ZNU3
2023-07-25 09:00:00+00:00,34,1,338574,111.828125,111.859375,111.734375,111.765625,32361,ZNU3
2023-07-25 10:00:00+00:00,34,1,338574,111.78125,111.796875,111.734375,111.78125,22365,ZNU3
2023-07-25 11:00:00+00:00,34,1,338574,111.78125,111.78125,111.6875,111.765625,40881,ZNU3
2023-07-25 12:00:00+00:00,34,1,338574,111.75,111.84375,111.671875,111.703125,102504,ZNU3
2023-07-25 13:00:00+00:00,34,1,338574,111.71875,111.796875,111.546875,111.71875,165217,ZNU3
2023-07-25 14:00:00+00:00,34,1,338574,111.703125,111.75,111.5625,111.671875,126008,ZNU3
2023-07-25 15:00:00+00:00,34,1,338574,111.6875,111.796875,111.625,111.71875,103063,ZNU3
2023-07-25 16:00:00+00:00,34,1,338574,111.71875,111.765625,111.65625,111.6875,60738,ZNU3
2023-07-25 17:00:00+00:00,34,1,338574,111.6875,111.703125,111.59375,111.59375,47509,ZNU3
2023-07-25 18:00:00+00:00,34,1,338574,111.59375,111.671875,111.546875,111.609375,128520,ZNU3
2023-07-25 19:00:00+00:00,34,1,338574,111.609375,111.765625,111.609375,111.734375,82473,ZNU3
2023-07-25 20:00:00+00:00,34,1,338574,111.734375,111.90625,111.734375,111.765625,78372,ZNU3
2023-07-25 22:00:00+00:00,34,1,338574,111.765625,111.78125,111.71875,111.75,2736,ZNU3
2023-07-25 23:00:00+00:00,34,1,338574,111.75,111.75,111.71875,111.71875,3175,ZNU3
2023-07-26 00:00:00+00:00,34,1,338574,111.734375,111.734375,111.6875,111.6875,7354,ZNU3
2023-07-26 01:00:00+00:00,34,1,338574,111.6875,111.8125,111.671875,111.71875,28380,ZNU3
2023-07-26 02:00:00+00:00,34,1,338574,111.71875,111.765625,111.6875,111.75,5855,ZNU3
2023-07-26 03:00:00+00:00,34,1,338574,111.75,111.796875,111.71875,111.78125,7895,ZNU3
2023-07-26 04:00:00+00:00,34,1,338574,111.78125,111.78125,111.75,111.765625,5192,ZNU3
2023-07-26 05:00:00+00:00,34,1,338574,111.75,111.84375,111.734375,111.828125,11927,ZNU3
2023-07-26 06:00:00+00:00,34,1,338574,111.8125,111.859375,111.75,111.84375,22733,ZNU3
2023-07-26 07:00:00+00:00,34,1,338574,111.828125,111.84375,111.71875,111.796875,36284,ZNU3
2023-07-26 08:00:00+00:00,34,1,338574,111.796875,111.90625,111.78125,111.84375,33256,ZNU3
2023-07-26 09:00:00+00:00,34,1,338574,111.84375,111.859375,111.796875,111.828125,17047,ZNU3
2023-07-26 10:00:00+00:00,34,1,338574,111.828125,111.859375,111.734375,111.78125,27331,ZNU3
2023-07-26 11:00:00+00:00,34,1,338574,111.78125,111.84375,111.765625,111.8125,21374,ZNU3
2023-07-26 12:00:00+00:00,34,1,338574,111.8125,111.984375,111.703125,111.921875,104350,ZNU3
2023-07-26 13:00:00+00:00,34,1,338574,111.921875,111.984375,111.75,111.78125,108533,ZNU3
2023-07-26 14:00:00+00:00,34,1,338574,111.796875,111.921875,111.78125,111.8125,121032,ZNU3
2023-07-26 15:00:00+00:00,34,1,338574,111.828125,111.90625,111.765625,111.875,63914,ZNU3
2023-07-26 16:00:00+00:00,34,1,338574,111.875,111.90625,111.71875,111.765625,58715,ZNU3
2023-07-26 17:00:00+00:00,34,1,338574,111.765625,111.828125,111.703125,111.78125,62194,ZNU3
2023-07-26 18:00:00+00:00,34,1,338574,111.78125,112.171875,111.65625,112.125,267371,ZNU3
2023-07-26 19:00:00+00:00,34,1,338574,112.125,112.15625,111.90625,112.078125,157900,ZNU3
2023-07-26 20:00:00+00:00,34,1,338574,112.09375,112.09375,111.9375,111.953125,43089,ZNU3
2023-07-26 22:00:00+00:00,34,1,338574,111.953125,111.96875,111.921875,111.9375,4673,ZNU3
2023-07-26 23:00:00+00:00,34,1,338574,111.9375,111.9375,111.828125,111.90625,10443,ZNU3
2023-07-27 00:00:00+00:00,34,1,338574,111.890625,111.96875,111.890625,111.953125,10433,ZNU3
2023-07-27 01:00:00+00:00,34,1,338574,111.9375,112.078125,111.921875,112.046875,19287,ZNU3
2023-07-27 02:00:00+00:00,34,1,338574,112.046875,112.109375,112.046875,112.078125,15602,ZNU3
2023-07-27 03:00:00+00:00,34,1,338574,112.0625,112.109375,112.0625,112.09375,10303,ZNU3
2023-07-27 04:00:00+00:00,34,1,338574,112.078125,112.109375,112.03125,112.0625,8211,ZNU3
2023-07-27 05:00:00+00:00,34,1,338574,112.0625,112.109375,112.046875,112.09375,11203,ZNU3
2023-07-27 06:00:00+00:00,34,1,338574,112.09375,112.21875,112.09375,112.171875,40470,ZNU3
2023-07-27 07:00:00+00:00,34,1,338574,112.15625,112.15625,112.0,112.0,53222,ZNU3
2023-07-27 08:00:00+00:00,34,1,338574,112.0,112.046875,111.96875,111.984375,30014,ZNU3
2023-07-27 09:00:00+00:00,34,1,338574,111.96875,112.015625,111.921875,111.96875,18039,ZNU3
2023-07-27 10:00:00+00:00,34,1,338574,111.96875,112.046875,111.953125,112.015625,19206,ZNU3
2023-07-27 11:00:00+00:00,34,1,338574,112.03125,112.09375,111.984375,112.015625,30093,ZNU3
2023-07-27 12:00:00+00:00,34,1,338574,112.015625,112.140625,111.65625,111.703125,240301,ZNU3
2023-07-27 13:00:00+00:00,34,1,338574,111.703125,111.859375,111.625,111.625,185707,ZNU3
2023-07-27 14:00:00+00:00,34,1,338574,111.625,111.625,111.28125,111.28125,254900,ZNU3
2023-07-27 15:00:00+00:00,34,1,338574,111.296875,111.5,111.28125,111.4375,163207,ZNU3
2023-07-27 16:00:00+00:00,34,1,338574,111.4375,111.5,111.40625,111.453125,90101,ZNU3
2023-07-27 17:00:00+00:00,34,1,338574,111.453125,111.5,111.09375,111.25,374388,ZNU3
2023-07-27 18:00:00+00:00,34,1,338574,111.25,111.28125,110.953125,111.015625,242946,ZNU3
2023-07-27 19:00:00+00:00,34,1,338574,111.015625,111.125,110.96875,111.09375,150877,ZNU3
2023-07-27 20:00:00+00:00,34,1,338574,111.078125,111.125,111.03125,111.078125,80825,ZNU3
2023-07-27 22:00:00+00:00,34,1,338574,111.078125,111.140625,111.078125,111.125,5140,ZNU3
2023-07-27 23:00:00+00:00,34,1,338574,111.125,111.125,110.984375,111.0,15644,ZNU3
2023-07-28 00:00:00+00:00,34,1,338574,111.0,111.203125,111.0,111.15625,28799,ZNU3
2023-07-28 01:00:00+00:00,34,1,338574,111.15625,111.234375,111.109375,111.234375,24590,ZNU3
2023-07-28 02:00:00+00:00,34,1,338574,111.234375,111.265625,111.15625,111.171875,26387,ZNU3
2023-07-28 03:00:00+00:00,34,1,338574,111.171875,111.328125,110.890625,111.0625,118509,ZNU3
2023-07-28 04:00:00+00:00,34,1,338574,111.0625,111.078125,110.796875,111.046875,68398,ZNU3
2023-07-28 05:00:00+00:00,34,1,338574,111.046875,111.28125,111.046875,111.171875,46157,ZNU3
2023-07-28 06:00:00+00:00,34,1,338574,111.171875,111.203125,110.96875,111.015625,58921,ZNU3
2023-07-28 07:00:00+00:00,34,1,338574,111.0,111.203125,110.9375,111.09375,65053,ZNU3
2023-07-28 08:00:00+00:00,34,1,338574,111.09375,111.21875,111.015625,111.171875,48717,ZNU3
2023-07-28 09:00:00+00:00,34,1,338574,111.171875,111.34375,111.125,111.3125,45539,ZNU3
2023-07-28 10:00:00+00:00,34,1,338574,111.328125,111.390625,111.28125,111.328125,33312,ZNU3
2023-07-28 11:00:00+00:00,34,1,338574,111.3125,111.453125,111.3125,111.421875,63874,ZNU3
2023-07-28 12:00:00+00:00,34,1,338574,111.421875,111.65625,111.265625,111.34375,227560,ZNU3
2023-07-28 13:00:00+00:00,34,1,338574,111.34375,111.359375,111.1875,111.296875,179128,ZNU3
2023-07-28 14:00:00+00:00,34,1,338574,111.296875,111.515625,111.28125,111.4375,157470,ZNU3
2023-07-28 15:00:00+00:00,34,1,338574,111.453125,111.5,111.359375,111.375,75142,ZNU3
2023-07-28 16:00:00+00:00,34,1,338574,111.375,111.421875,111.296875,111.296875,68651,ZNU3
2023-07-28 17:00:00+00:00,34,1,338574,111.296875,111.34375,111.265625,111.328125,38698,ZNU3
2023-07-28 18:00:00+00:00,34,1,338574,111.328125,111.390625,111.3125,111.359375,81324,ZNU3
2023-07-28 19:00:00+00:00,34,1,338574,111.34375,111.4375,111.3125,111.40625,73131,ZNU3
2023-07-28 20:00:00+00:00,34,1,338574,111.40625,111.453125,111.390625,111.4375,31003,ZNU3
2023-07-30 22:00:00+00:00,34,1,338574,111.46875,111.46875,111.40625,111.4375,6068,ZNU3
2023-07-30 23:00:00+00:00,34,1,338574,111.453125,111.453125,111.375,111.390625,7614,ZNU3
2023-07-31 00:00:00+00:00,34,1,338574,111.390625,111.40625,111.25,111.28125,15717,ZNU3
2023-07-31 01:00:00+00:00,34,1,338574,111.265625,111.328125,111.21875,111.265625,21808,ZNU3
2023-07-31 02:00:00+00:00,34,1,338574,111.25,111.265625,111.234375,111.234375,6161,ZNU3
2023-07-31 03:00:00+00:00,34,1,338574,111.234375,111.265625,111.1875,111.203125,12686,ZNU3
2023-07-31 04:00:00+00:00,34,1,338574,111.1875,111.203125,111.15625,111.171875,7309,ZNU3
2023-07-31 05:00:00+00:00,34,1,338574,111.1875,111.1875,111.109375,111.15625,16462,ZNU3
2023-07-31 06:00:00+00:00,34,1,338574,111.15625,111.203125,111.0625,111.125,37536,ZNU3
2023-07-31 07:00:00+00:00,34,1,338574,111.140625,111.28125,111.09375,111.234375,58139,ZNU3
2023-07-31 08:00:00+00:00,34,1,338574,111.234375,111.3125,111.234375,111.25,24102,ZNU3
2023-07-31 09:00:00+00:00,34,1,338574,111.25,111.296875,111.203125,111.21875,27498,ZNU3
2023-07-31 10:00:00+00:00,34,1,338574,111.21875,111.296875,111.21875,111.296875,18857,ZNU3
2023-07-31 11:00:00+00:00,34,1,338574,111.296875,111.4375,111.28125,111.40625,49428,ZNU3
2023-07-31 12:00:00+00:00,34,1,338574,111.421875,111.453125,111.3125,111.375,69685,ZNU3
2023-07-31 13:00:00+00:00,34,1,338574,111.375,111.546875,111.25,111.515625,110021,ZNU3
2023-07-31 14:00:00+00:00,34,1,338574,111.53125,111.546875,111.40625,111.46875,120493,ZNU3
2023-07-31 15:00:00+00:00,34,1,338574,111.484375,111.53125,111.421875,111.484375,92400,ZNU3
2023-07-31 16:00:00+00:00,34,1,338574,111.5,111.609375,111.453125,111.59375,86883,ZNU3
2023-07-31 17:00:00+00:00,34,1,338574,111.609375,111.625,111.5625,111.59375,60331,ZNU3
2023-07-31 18:00:00+00:00,34,1,338574,111.578125,111.625,111.390625,111.421875,154661,ZNU3
2023-07-31 19:00:00+00:00,34,1,338574,111.421875,111.515625,111.328125,111.484375,437711,ZNU3
2023-07-31 20:00:00+00:00,34,1,338574,111.484375,111.484375,111.34375,111.375,153422,ZNU3
2023-07-31 22:00:00+00:00,34,1,338574,111.40625,111.40625,111.359375,111.375,3503,ZNU3
2023-07-31 23:00:00+00:00,34,1,338574,111.375,111.40625,111.34375,111.390625,5405,ZNU3
2023-08-01 00:00:00+00:00,34,1,338574,111.375,111.40625,111.328125,111.34375,11155,ZNU3
2023-08-01 01:00:00+00:00,34,1,338574,111.34375,111.375,111.328125,111.359375,8017,ZNU3
2023-08-01 02:00:00+00:00,34,1,338574,111.359375,111.40625,111.34375,111.390625,5123,ZNU3
2023-08-01 03:00:00+00:00,34,1,338574,111.390625,111.421875,111.375,111.421875,8203,ZNU3
2023-08-01 04:00:00+00:00,34,1,338574,111.421875,111.46875,111.359375,111.4375,17674,ZNU3
2023-08-01 05:00:00+00:00,34,1,338574,111.4375,111.453125,111.40625,111.421875,10757,ZNU3
2023-08-01 06:00:00+00:00,34,1,338574,111.421875,111.5,111.40625,111.5,23639,ZNU3
2023-08-01 07:00:00+00:00,34,1,338574,111.5,111.5,111.328125,111.34375,43302,ZNU3
2023-08-01 08:00:00+00:00,34,1,338574,111.34375,111.375,111.28125,111.34375,38696,ZNU3
2023-08-01 09:00:00+00:00,34,1,338574,111.34375,111.421875,111.3125,111.390625,36226,ZNU3
2023-08-01 10:00:00+00:00,34,1,338574,111.390625,111.40625,111.296875,111.34375,20688,ZNU3
2023-08-01 11:00:00+00:00,34,1,338574,111.359375,111.359375,111.1875,111.1875,53389,ZNU3
2023-08-01 12:00:00+00:00,34,1,338574,111.1875,111.203125,110.890625,110.96875,177563,ZNU3
2023-08-01 13:00:00+00:00,34,1,338574,110.96875,111.0625,110.9375,110.984375,120289,ZNU3
2023-08-01 14:00:00+00:00,34,1,338574,111.0,111.21875,110.859375,110.96875,263013,ZNU3
2023-08-01 15:00:00+00:00,34,1,338574,110.953125,110.96875,110.828125,110.921875,116060,ZNU3
2023-08-01 16:00:00+00:00,34,1,338574,110.921875,110.96875,110.859375,110.90625,70542,ZNU3
2023-08-01 17:00:00+00:00,34,1,338574,110.921875,110.953125,110.828125,110.84375,54632,ZNU3
2023-08-01 18:00:00+00:00,34,1,338574,110.84375,110.96875,110.84375,110.890625,103086,ZNU3
2023-08-01 19:00:00+00:00,34,1,338574,110.875,111.015625,110.875,111.0,92346,ZNU3
2023-08-01 20:00:00+00:00,34,1,338574,111.0,111.09375,110.96875,111.09375,66614,ZNU3
2023-08-01 22:00:00+00:00,34,1,338574,111.0,111.234375,111.0,111.15625,29455,ZNU3
2023-08-01 23:00:00+00:00,34,1,338574,111.15625,111.234375,111.125,111.1875,10060,ZNU3
2023-08-02 00:00:00+00:00,34,1,338574,111.203125,111.234375,111.078125,111.15625,19720,ZNU3
2023-08-02 01:00:00+00:00,34,1,338574,111.15625,111.171875,111.03125,111.03125,12086,ZNU3
2023-08-02 02:00:00+00:00,34,1,338574,111.03125,111.078125,111.0,111.046875,15021,ZNU3
2023-08-02 03:00:00+00:00,34,1,338574,111.0625,111.078125,111.015625,111.015625,8573,ZNU3
2023-08-02 04:00:00+00:00,34,1,338574,111.015625,111.046875,111.0,111.046875,6161,ZNU3
2023-08-02 05:00:00+00:00,34,1,338574,111.046875,111.109375,111.046875,111.0625,15713,ZNU3
2023-08-02 06:00:00+00:00,34,1,338574,111.078125,111.203125,111.0625,111.171875,30610,ZNU3
2023-08-02 07:00:00+00:00,34,1,338574,111.171875,111.171875,111.015625,111.078125,56398,ZNU3
2023-08-02 08:00:00+00:00,34,1,338574,111.078125,111.234375,111.0625,111.1875,49130,ZNU3
2023-08-02 09:00:00+00:00,34,1,338574,111.171875,111.203125,111.109375,111.15625,20064,ZNU3
2023-08-02 10:00:00+00:00,34,1,338574,111.15625,111.203125,111.125,111.1875,26172,ZNU3
2023-08-02 11:00:00+00:00,34,1,338574,111.171875,111.234375,111.125,111.125,45889,ZNU3
2023-08-02 12:00:00+00:00,34,1,338574,111.125,111.15625,110.84375,110.84375,200958,ZNU3
2023-08-02 13:00:00+00:00,34,1,338574,110.828125,110.890625,110.703125,110.78125,213285,ZNU3
2023-08-02 14:00:00+00:00,34,1,338574,110.78125,110.796875,110.53125,110.5625,234045,ZNU3
2023-08-02 15:00:00+00:00,34,1,338574,110.546875,110.75,110.46875,110.65625,182624,ZNU3
2023-08-02 16:00:00+00:00,34,1,338574,110.671875,110.765625,110.640625,110.734375,98733,ZNU3
2023-08-02 17:00:00+00:00,34,1,338574,110.734375,110.890625,110.71875,110.796875,106624,ZNU3
2023-08-02 18:00:00+00:00,34,1,338574,110.8125,110.8125,110.71875,110.796875,91914,ZNU3
2023-08-02 19:00:00+00:00,34,1,338574,110.78125,110.875,110.78125,110.84375,78302,ZNU3
2023-08-02 20:00:00+00:00,34,1,338574,110.859375,110.875,110.734375,110.796875,63850,ZNU3
2023-08-02 22:00:00+00:00,34,1,338574,110.828125,110.84375,110.734375,110.765625,5777,ZNU3
2023-08-02 23:00:00+00:00,34,1,338574,110.765625,110.78125,110.703125,110.765625,8156,ZNU3
2023-08-03 00:00:00+00:00,34,1,338574,110.765625,110.78125,110.640625,110.703125,17560,ZNU3
2023-08-03 01:00:00+00:00,34,1,338574,110.703125,110.75,110.671875,110.6875,12097,ZNU3
2023-08-03 02:00:00+00:00,34,1,338574,110.671875,110.6875,110.59375,110.625,15719,ZNU3
2023-08-03 03:00:00+00:00,34,1,338574,110.625,110.671875,110.609375,110.65625,9005,ZNU3
2023-08-03 04:00:00+00:00,34,1,338574,110.65625,110.671875,110.5625,110.578125,13033,ZNU3
2023-08-03 05:00:00+00:00,34,1,338574,110.578125,110.59375,110.4375,110.515625,42635,ZNU3
2023-08-03 06:00:00+00:00,34,1,338574,110.515625,110.515625,110.34375,110.375,53235,ZNU3
2023-08-03 07:00:00+00:00,34,1,338574,110.359375,110.453125,110.296875,110.421875,90637,ZNU3
2023-08-03 08:00:00+00:00,34,1,338574,110.421875,110.4375,110.3125,110.40625,50733,ZNU3
2023-08-03 09:00:00+00:00,34,1,338574,110.421875,110.484375,110.375,110.4375,30702,ZNU3
2023-08-03 10:00:00+00:00,34,1,338574,110.453125,110.46875,110.375,110.40625,40254,ZNU3
2023-08-03 11:00:00+00:00,34,1,338574,110.421875,110.546875,110.328125,110.46875,82971,ZNU3
2023-08-03 12:00:00+00:00,34,1,338574,110.46875,110.65625,110.265625,110.28125,225225,ZNU3
2023-08-03 13:00:00+00:00,34,1,338574,110.296875,110.34375,110.171875,110.1875,213192,ZNU3
2023-08-03 14:00:00+00:00,34,1,338574,110.171875,110.375,110.171875,110.265625,219945,ZNU3
2023-08-03 15:00:00+00:00,34,1,338574,110.265625,110.46875,110.1875,110.1875,145009,ZNU3
2023-08-03 16:00:00+00:00,34,1,338574,110.1875,110.375,110.171875,110.34375,81400,ZNU3
2023-08-03 17:00:00+00:00,34,1,338574,110.34375,110.375,110.1875,110.265625,83894,ZNU3
2023-08-03 18:00:00+00:00,34,1,338574,110.265625,110.328125,110.203125,110.234375,107506,ZNU3
2023-08-03 19:00:00+00:00,34,1,338574,110.21875,110.265625,110.171875,110.25,103500,ZNU3
2023-08-03 20:00:00+00:00,34,1,338574,110.234375,110.3125,110.234375,110.28125,56940,ZNU3
2023-08-03 22:00:00+00:00,34,1,338574,110.28125,110.34375,110.28125,110.3125,4627,ZNU3
2023-08-03 23:00:00+00:00,34,1,338574,110.328125,110.328125,110.28125,110.296875,6914,ZNU3
2023-08-04 00:00:00+00:00,34,1,338574,110.28125,110.3125,110.21875,110.25,10510,ZNU3
2023-08-04 01:00:00+00:00,34,1,338574,110.234375,110.34375,110.21875,110.328125,22076,ZNU3
2023-08-04 02:00:00+00:00,34,1,338574,110.328125,110.40625,110.3125,110.328125,15904,ZNU3
2023-08-04 03:00:00+00:00,34,1,338574,110.328125,110.328125,110.28125,110.296875,7437,ZNU3
2023-08-04 04:00:00+00:00,34,1,338574,110.296875,110.3125,110.25,110.265625,8274,ZNU3
2023-08-04 05:00:00+00:00,34,1,338574,110.25,110.3125,110.25,110.28125,16412,ZNU3
2023-08-04 06:00:00+00:00,34,1,338574,110.265625,110.265625,110.1875,110.1875,26065,ZNU3
2023-08-04 07:00:00+00:00,34,1,338574,110.203125,110.28125,110.1875,110.21875,42325,ZNU3
2023-08-04 08:00:00+00:00,34,1,338574,110.21875,110.25,110.15625,110.203125,30562,ZNU3
2023-08-04 09:00:00+00:00,34,1,338574,110.203125,110.21875,110.09375,110.125,37147,ZNU3
2023-08-04 10:00:00+00:00,34,1,338574,110.125,110.171875,110.09375,110.15625,28737,ZNU3
2023-08-04 11:00:00+00:00,34,1,338574,110.15625,110.203125,110.140625,110.171875,44578,ZNU3
2023-08-04 12:00:00+00:00,34,1,338574,110.15625,110.40625,109.75,110.3125,373470,ZNU3
2023-08-04 13:00:00+00:00,34,1,338574,110.3125,110.9375,110.3125,110.828125,436815,ZNU3
2023-08-04 14:00:00+00:00,34,1,338574,110.84375,111.03125,110.828125,110.875,225828,ZNU3
2023-08-04 15:00:00+00:00,34,1,338574,110.875,111.0625,110.84375,110.984375,179788,ZNU3
2023-08-04 16:00:00+00:00,34,1,338574,110.96875,111.109375,110.96875,111.09375,74965,ZNU3
2023-08-04 17:00:00+00:00,34,1,338574,111.09375,111.125,111.046875,111.078125,55196,ZNU3
2023-08-04 18:00:00+00:00,34,1,338574,111.078125,111.15625,111.046875,111.140625,123304,ZNU3
2023-08-04 19:00:00+00:00,34,1,338574,111.125,111.3125,111.125,111.234375,123566,ZNU3
2023-08-04 20:00:00+00:00,34,1,338574,111.21875,111.328125,111.21875,111.296875,50081,ZNU3
2023-08-06 22:00:00+00:00,34,1,338574,111.265625,111.265625,111.15625,111.15625,11103,ZNU3
2023-08-06 23:00:00+00:00,34,1,338574,111.15625,111.21875,111.140625,111.21875,8265,ZNU3
2023-08-07 00:00:00+00:00,34,1,338574,111.203125,111.25,111.171875,111.1875,20333,ZNU3
2023-08-07 01:00:00+00:00,34,1,338574,111.171875,111.171875,111.0625,111.09375,24593,ZNU3
2023-08-07 02:00:00+00:00,34,1,338574,111.09375,111.140625,111.078125,111.125,8995,ZNU3
2023-08-07 03:00:00+00:00,34,1,338574,111.125,111.125,111.046875,111.046875,9963,ZNU3
2023-08-07 04:00:00+00:00,34,1,338574,111.046875,111.125,111.046875,111.125,7617,ZNU3
2023-08-07 05:00:00+00:00,34,1,338574,111.109375,111.140625,111.0625,111.09375,9751,ZNU3
2023-08-07 06:00:00+00:00,34,1,338574,111.078125,111.09375,110.96875,110.984375,48277,ZNU3
2023-08-07 07:00:00+00:00,34,1,338574,110.984375,111.03125,110.859375,110.921875,47460,ZNU3
2023-08-07 08:00:00+00:00,34,1,338574,110.90625,110.921875,110.828125,110.890625,33406,ZNU3
2023-08-07 09:00:00+00:00,34,1,338574,110.875,110.90625,110.796875,110.8125,22840,ZNU3
2023-08-07 10:00:00+00:00,34,1,338574,110.8125,110.8125,110.71875,110.8125,51335,ZNU3
2023-08-07 11:00:00+00:00,34,1,338574,110.8125,110.90625,110.796875,110.90625,53641,ZNU3
2023-08-07 12:00:00+00:00,34,1,338574,110.90625,111.109375,110.796875,111.09375,114537,ZNU3
2023-08-07 13:00:00+00:00,34,1,338574,111.078125,111.1875,111.03125,111.03125,144004,ZNU3
2023-08-07 14:00:00+00:00,34,1,338574,111.046875,111.15625,110.96875,110.984375,114716,ZNU3
2023-08-07 15:00:00+00:00,34,1,338574,110.96875,111.078125,110.953125,110.96875,97083,ZNU3
2023-08-07 16:00:00+00:00,34,1,338574,110.96875,111.078125,110.9375,111.0625,76169,ZNU3
2023-08-07 17:00:00+00:00,34,1,338574,111.0625,111.125,111.03125,111.109375,47769,ZNU3
2023-08-07 18:00:00+00:00,34,1,338574,111.125,111.171875,111.109375,111.125,69782,ZNU3
2023-08-07 19:00:00+00:00,34,1,338574,111.125,111.15625,111.03125,111.03125,75267,ZNU3
2023-08-07 20:00:00+00:00,34,1,338574,111.03125,111.0625,110.9375,111.0,45077,ZNU3
2023-08-07 22:00:00+00:00,34,1,338574,111.0,111.03125,110.96875,111.015625,3478,ZNU3
2023-08-07 23:00:00+00:00,34,1,338574,111.0,111.078125,111.0,111.0625,7713,ZNU3
2023-08-08 00:00:00+00:00,34,1,338574,111.0625,111.09375,111.046875,111.0625,13483,ZNU3
2023-08-08 01:00:00+00:00,34,1,338574,111.046875,111.171875,111.046875,111.140625,23767,ZNU3
2023-08-08 02:00:00+00:00,34,1,338574,111.140625,111.25,111.140625,111.21875,12602,ZNU3
2023-08-08 03:00:00+00:00,34,1,338574,111.21875,111.21875,111.171875,111.1875,8046,ZNU3
2023-08-08 04:00:00+00:00,34,1,338574,111.203125,111.296875,111.1875,111.296875,13394,ZNU3
2023-08-08 05:00:00+00:00,34,1,338574,111.296875,111.421875,111.265625,111.390625,29618,ZNU3
2023-08-08 06:00:00+00:00,34,1,338574,111.390625,111.515625,111.390625,111.46875,66285,ZNU3
2023-08-08 07:00:00+00:00,34,1,338574,111.46875,111.578125,111.40625,111.453125,98063,ZNU3
2023-08-08 08:00:00+00:00,34,1,338574,111.453125,111.5,111.40625,111.4375,37731,ZNU3
2023-08-08 09:00:00+00:00,34,1,338574,111.4375,111.578125,111.4375,111.5625,37823,ZNU3
2023-08-08 10:00:00+00:00,34,1,338574,111.5625,111.59375,111.515625,111.53125,35225,ZNU3
2023-08-08 11:00:00+00:00,34,1,338574,111.53125,111.6875,111.515625,111.578125,108508,ZNU3
2023-08-08 12:00:00+00:00,34,1,338574,111.578125,111.65625,111.5,111.515625,143022,ZNU3
2023-08-08 13:00:00+00:00,34,1,338574,111.515625,111.671875,111.421875,111.609375,159377,ZNU3
2023-08-08 14:00:00+00:00,34,1,338574,111.609375,111.65625,111.5,111.515625,102900,ZNU3
2023-08-08 15:00:00+00:00,34,1,338574,111.515625,111.515625,111.390625,111.453125,102751,ZNU3
2023-08-08 16:00:00+00:00,34,1,338574,111.453125,111.46875,111.375,111.4375,60748,ZNU3
2023-08-08 17:00:00+00:00,34,1,338574,111.4375,111.5,111.375,111.4375,78664,ZNU3
2023-08-08 18:00:00+00:00,34,1,338574,111.4375,111.453125,111.359375,111.40625,91692,ZNU3
2023-08-08 19:00:00+00:00,34,1,338574,111.40625,111.5,111.40625,111.453125,60873,ZNU3
2023-08-08 20:00:00+00:00,34,1,338574,111.453125,111.453125,111.40625,111.421875,44893,ZNU3
2023-08-08 22:00:00+00:00,34,1,338574,111.421875,111.46875,111.40625,111.421875,5303,ZNU3
2023-08-08 23:00:00+00:00,34,1,338574,111.421875,111.5,111.421875,111.5,4801,ZNU3
2023-08-09 00:00:00+00:00,34,1,338574,111.5,111.625,111.484375,111.5625,23028,ZNU3
2023-08-09 01:00:00+00:00,34,1,338574,111.546875,111.578125,111.46875,111.46875,10826,ZNU3
2023-08-09 02:00:00+00:00,34,1,338574,111.46875,111.46875,111.40625,111.421875,13295,ZNU3
2023-08-09 03:00:00+00:00,34,1,338574,111.421875,111.453125,111.421875,111.4375,5046,ZNU3
2023-08-09 04:00:00+00:00,34,1,338574,111.4375,111.5,111.4375,111.5,6140,ZNU3
2023-08-09 05:00:00+00:00,34,1,338574,111.5,111.578125,111.5,111.5625,11485,ZNU3
2023-08-09 06:00:00+00:00,34,1,338574,111.5625,111.5625,111.4375,111.453125,29945,ZNU3
2023-08-09 07:00:00+00:00,34,1,338574,111.4375,111.5,111.390625,111.453125,43869,ZNU3
2023-08-09 08:00:00+00:00,34,1,338574,111.453125,111.53125,111.453125,111.5,22669,ZNU3
2023-08-09 09:00:00+00:00,34,1,338574,111.5,111.515625,111.4375,111.453125,13468,ZNU3
2023-08-09 10:00:00+00:00,34,1,338574,111.453125,111.484375,111.3125,111.328125,29823,ZNU3
2023-08-09 11:00:00+00:00,34,1,338574,111.328125,111.390625,111.265625,111.328125,42145,ZNU3
2023-08-09 12:00:00+00:00,34,1,338574,111.34375,111.40625,111.296875,111.359375,83786,ZNU3
2023-08-09 13:00:00+00:00,34,1,338574,111.34375,111.5625,111.34375,111.4375,114864,ZNU3
2023-08-09 14:00:00+00:00,34,1,338574,111.4375,111.59375,111.4375,111.46875,132375,ZNU3
2023-08-09 15:00:00+00:00,34,1,338574,111.453125,111.5625,111.453125,111.5,105679,ZNU3
2023-08-09 16:00:00+00:00,34,1,338574,111.5,111.578125,111.484375,111.515625,73741,ZNU3
2023-08-09 17:00:00+00:00,34,1,338574,111.515625,111.625,111.421875,111.484375,107823,ZNU3
2023-08-09 18:00:00+00:00,34,1,338574,111.484375,111.484375,111.34375,111.390625,80776,ZNU3
2023-08-09 19:00:00+00:00,34,1,338574,111.40625,111.453125,111.375,111.40625,59905,ZNU3
2023-08-09 20:00:00+00:00,34,1,338574,111.421875,111.4375,111.328125,111.359375,41031,ZNU3
2023-08-09 22:00:00+00:00,34,1,338574,111.359375,111.390625,111.34375,111.375,4089,ZNU3
2023-08-09 23:00:00+00:00,34,1,338574,111.375,111.375,111.28125,111.328125,6568,ZNU3
2023-08-10 00:00:00+00:00,34,1,338574,111.328125,111.359375,111.296875,111.3125,8135,ZNU3
2023-08-10 01:00:00+00:00,34,1,338574,111.3125,111.3125,111.265625,111.265625,10199,ZNU3
2023-08-10 02:00:00+00:00,34,1,338574,111.28125,111.296875,111.25,111.265625,6527,ZNU3
2023-08-10 03:00:00+00:00,34,1,338574,111.28125,111.296875,111.25,111.265625,6900,ZNU3
2023-08-10 04:00:00+00:00,34,1,338574,111.265625,111.28125,111.25,111.25,4520,ZNU3
2023-08-10 05:00:00+00:00,34,1,338574,111.25,111.265625,111.203125,111.25,11067,ZNU3
2023-08-10 06:00:00+00:00,34,1,338574,111.25,111.34375,111.21875,111.296875,20978,ZNU3
2023-08-10 07:00:00+00:00,34,1,338574,111.3125,111.34375,111.234375,111.328125,35693,ZNU3
2023-08-10 08:00:00+00:00,34,1,338574,111.34375,111.375,111.28125,111.3125,22353,ZNU3
2023-08-10 09:00:00+00:00,34,1,338574,111.296875,111.375,111.296875,111.34375,16761,ZNU3
2023-08-10 10:00:00+00:00,34,1,338574,111.34375,111.40625,111.3125,111.375,28127,ZNU3
2023-08-10 11:00:00+00:00,34,1,338574,111.375,111.484375,111.359375,111.453125,39716,ZNU3
2023-08-10 12:00:00+00:00,34,1,338574,111.453125,111.90625,111.296875,111.609375,338830,ZNU3
2023-08-10 13:00:00+00:00,34,1,338574,111.609375,111.671875,111.34375,111.53125,237523,ZNU3
2023-08-10 14:00:00+00:00,34,1,338574,111.53125,111.578125,111.3125,111.359375,155544,ZNU3
2023-08-10 15:00:00+00:00,34,1,338574,111.359375,111.375,111.171875,111.328125,140205,ZNU3
2023-08-10 16:00:00+00:00,34,1,338574,111.34375,111.375,111.265625,111.3125,71977,ZNU3
2023-08-10 17:00:00+00:00,34,1,338574,111.3125,111.359375,110.78125,110.828125,250477,ZNU3
2023-08-10 18:00:00+00:00,34,1,338574,110.84375,110.890625,110.734375,110.875,163182,ZNU3
2023-08-10 19:00:00+00:00,34,1,338574,110.859375,110.890625,110.703125,110.703125,115324,ZNU3
2023-08-10 20:00:00+00:00,34,1,338574,110.703125,110.78125,110.640625,110.6875,77695,ZNU3
2023-08-10 22:00:00+00:00,34,1,338574,110.671875,110.75,110.65625,110.75,7931,ZNU3
2023-08-10 23:00:00+00:00,34,1,338574,110.75,110.78125,110.734375,110.765625,4357,ZNU3
2023-08-11 00:00:00+00:00,34,1,338574,110.75,110.765625,110.71875,110.734375,8125,ZNU3
2023-08-11 01:00:00+00:00,34,1,338574,110.734375,110.765625,110.671875,110.765625,10367,ZNU3
2023-08-11 02:00:00+00:00,34,1,338574,110.765625,110.78125,110.703125,110.703125,9011,ZNU3
2023-08-11 03:00:00+00:00,34,1,338574,110.6875,110.75,110.6875,110.734375,3044,ZNU3
2023-08-11 04:00:00+00:00,34,1,338574,110.734375,110.75,110.703125,110.71875,2786,ZNU3
2023-08-11 05:00:00+00:00,34,1,338574,110.703125,110.78125,110.703125,110.75,7760,ZNU3
2023-08-11 06:00:00+00:00,34,1,338574,110.765625,110.8125,110.671875,110.75,36623,ZNU3
2023-08-11 07:00:00+00:00,34,1,338574,110.765625,110.828125,110.703125,110.8125,46567,ZNU3
2023-08-11 08:00:00+00:00,34,1,338574,110.8125,110.890625,110.78125,110.875,32929,ZNU3
2023-08-11 09:00:00+00:00,34,1,338574,110.875,110.90625,110.828125,110.859375,20556,ZNU3
2023-08-11 10:00:00+00:00,34,1,338574,110.84375,110.859375,110.734375,110.765625,35663,ZNU3
2023-08-11 11:00:00+00:00,34,1,338574,110.765625,110.84375,110.734375,110.765625,33197,ZNU3
2023-08-11 12:00:00+00:00,34,1,338574,110.765625,110.90625,110.3125,110.359375,218652,ZNU3
2023-08-11 13:00:00+00:00,34,1,338574,110.359375,110.46875,110.265625,110.40625,182877,ZNU3
2023-08-11 14:00:00+00:00,34,1,338574,110.40625,110.640625,110.40625,110.5625,205121,ZNU3
2023-08-11 15:00:00+00:00,34,1,338574,110.5625,110.578125,110.28125,110.359375,139743,ZNU3
2023-08-11 16:00:00+00:00,34,1,338574,110.359375,110.390625,110.234375,110.25,105402,ZNU3
2023-08-11 17:00:00+00:00,34,1,338574,110.25,110.328125,110.1875,110.203125,77282,ZNU3
2023-08-11 18:00:00+00:00,34,1,338574,110.203125,110.265625,110.171875,110.1875,100138,ZNU3
2023-08-11 19:00:00+00:00,34,1,338574,110.1875,110.234375,110.125,110.15625,85233,ZNU3
2023-08-11 20:00:00+00:00,34,1,338574,110.171875,110.25,110.15625,110.234375,47848,ZNU3
2023-08-13 22:00:00+00:00,34,1,338574,110.171875,110.171875,109.953125,110.109375,21934,ZNU3
2023-08-13 23:00:00+00:00,34,1,338574,110.125,110.140625,110.09375,110.109375,4546,ZNU3
2023-08-14 00:00:00+00:00,34,1,338574,110.125,110.140625,110.03125,110.09375,17345,ZNU3
2023-08-14 01:00:00+00:00,34,1,338574,110.09375,110.171875,110.046875,110.078125,14677,ZNU3
2023-08-14 02:00:00+00:00,34,1,338574,110.078125,110.125,110.0625,110.109375,8193,ZNU3
2023-08-14 03:00:00+00:00,34,1,338574,110.109375,110.171875,110.09375,110.15625,8923,ZNU3
2023-08-14 04:00:00+00:00,34,1,338574,110.171875,110.1875,110.140625,110.140625,5593,ZNU3
2023-08-14 05:00:00+00:00,34,1,338574,110.140625,110.1875,110.125,110.140625,7064,ZNU3
2023-08-14 06:00:00+00:00,34,1,338574,110.140625,110.265625,110.140625,110.15625,35483,ZNU3
2023-08-14 07:00:00+00:00,34,1,338574,110.15625,110.234375,110.09375,110.203125,46416,ZNU3
2023-08-14 08:00:00+00:00,34,1,338574,110.203125,110.265625,110.15625,110.25,26401,ZNU3
2023-08-14 09:00:00+00:00,34,1,338574,110.25,110.265625,110.1875,110.203125,18456,ZNU3
2023-08-14 10:00:00+00:00,34,1,338574,110.203125,110.296875,110.171875,110.265625,19228,ZNU3
2023-08-14 11:00:00+00:00,34,1,338574,110.28125,110.3125,110.203125,110.21875,24561,ZNU3
2023-08-14 12:00:00+00:00,34,1,338574,110.21875,110.234375,109.96875,110.03125,147236,ZNU3
2023-08-14 13:00:00+00:00,34,1,338574,110.03125,110.046875,109.765625,109.84375,168049,ZNU3
2023-08-14 14:00:00+00:00,34,1,338574,109.84375,110.046875,109.78125,109.984375,143434,ZNU3
2023-08-14 15:00:00+00:00,34,1,338574,109.984375,110.140625,109.96875,110.078125,109325,ZNU3
2023-08-14 16:00:00+00:00,34,1,338574,110.078125,110.25,110.0625,110.171875,96557,ZNU3
2023-08-14 17:00:00+00:00,34,1,338574,110.15625,110.1875,110.0625,110.078125,58954,ZNU3
2023-08-14 18:00:00+00:00,34,1,338574,110.078125,110.125,109.984375,110.0,103971,ZNU3
2023-08-14 19:00:00+00:00,34,1,338574,110.015625,110.015625,109.921875,109.953125,71620,ZNU3
2023-08-14 20:00:00+00:00,34,1,338574,109.953125,109.984375,109.84375,109.921875,45814,ZNU3
2023-08-14 22:00:00+00:00,34,1,338574,109.90625,109.953125,109.90625,109.9375,3118,ZNU3
2023-08-14 23:00:00+00:00,34,1,338574,109.953125,109.953125,109.875,109.875,6100,ZNU3
2023-08-15 00:00:00+00:00,34,1,338574,109.875,109.875,109.8125,109.828125,12550,ZNU3
2023-08-15 01:00:00+00:00,34,1,338574,109.828125,109.96875,109.8125,109.90625,19537,ZNU3
2023-08-15 02:00:00+00:00,34,1,338574,109.90625,109.953125,109.859375,109.859375,13282,ZNU3
2023-08-15 03:00:00+00:00,34,1,338574,109.859375,109.921875,109.859375,109.90625,8362,ZNU3
2023-08-15 04:00:00+00:00,34,1,338574,109.90625,109.921875,109.859375,109.875,4369,ZNU3
2023-08-15 05:00:00+00:00,34,1,338574,109.859375,109.890625,109.859375,109.859375,4444,ZNU3
2023-08-15 06:00:00+00:00,34,1,338574,109.875,109.875,109.71875,109.796875,62156,ZNU3
2023-08-15 07:00:00+00:00,34,1,338574,109.796875,109.828125,109.71875,109.71875,34215,ZNU3
2023-08-15 08:00:00+00:00,34,1,338574,109.71875,109.796875,109.703125,109.78125,41769,ZNU3
2023-08-15 09:00:00+00:00,34,1,338574,109.78125,109.796875,109.6875,109.75,37444,ZNU3
2023-08-15 10:00:00+00:00,34,1,338574,109.734375,109.75,109.640625,109.6875,45702,ZNU3
2023-08-15 11:00:00+00:00,34,1,338574,109.6875,109.75,109.640625,109.671875,47154,ZNU3
2023-08-15 12:00:00+00:00,34,1,338574,109.671875,109.734375,109.359375,109.640625,300920,ZNU3
2023-08-15 13:00:00+00:00,34,1,338574,109.65625,110.125,109.640625,110.078125,324513,ZNU3
2023-08-15 14:00:00+00:00,34,1,338574,110.078125,110.21875,110.03125,110.140625,180213,ZNU3
2023-08-15 15:00:00+00:00,34,1,338574,110.15625,110.15625,109.96875,110.078125,120732,ZNU3
2023-08-15 16:00:00+00:00,34,1,338574,110.078125,110.078125,109.90625,109.921875,85248,ZNU3
2023-08-15 17:00:00+00:00,34,1,338574,109.9375,109.984375,109.875,109.9375,49764,ZNU3
2023-08-15 18:00:00+00:00,34,1,338574,109.953125,109.96875,109.75,109.765625,111898,ZNU3
2023-08-15 19:00:00+00:00,34,1,338574,109.765625,109.875,109.765625,109.8125,85327,ZNU3
2023-08-15 20:00:00+00:00,34,1,338574,109.828125,109.84375,109.78125,109.828125,43802,ZNU3
2023-08-15 22:00:00+00:00,34,1,338574,109.828125,109.859375,109.765625,109.796875,4143,ZNU3
2023-08-15 23:00:00+00:00,34,1,338574,109.796875,109.859375,109.75,109.84375,6442,ZNU3
2023-08-16 00:00:00+00:00,34,1,338574,109.84375,109.90625,109.8125,109.90625,13581,ZNU3
2023-08-16 01:00:00+00:00,34,1,338574,109.921875,109.96875,109.875,109.953125,14515,ZNU3
2023-08-16 02:00:00+00:00,34,1,338574,109.9375,109.984375,109.921875,109.921875,12371,ZNU3
2023-08-16 03:00:00+00:00,34,1,338574,109.921875,109.9375,109.890625,109.921875,6437,ZNU3
2023-08-16 04:00:00+00:00,34,1,338574,109.921875,109.921875,109.890625,109.90625,4396,ZNU3
2023-08-16 05:00:00+00:00,34,1,338574,109.921875,110.046875,109.921875,110.03125,23925,ZNU3
2023-08-16 06:00:00+00:00,34,1,338574,110.015625,110.125,109.953125,110.109375,62793,ZNU3
2023-08-16 07:00:00+00:00,34,1,338574,110.109375,110.140625,110.015625,110.0625,41400,ZNU3
2023-08-16 08:00:00+00:00,34,1,338574,110.0625,110.109375,109.984375,110.078125,29711,ZNU3
2023-08-16 09:00:00+00:00,34,1,338574,110.078125,110.125,110.03125,110.078125,25021,ZNU3
2023-08-16 10:00:00+00:00,34,1,338574,110.09375,110.171875,110.0625,110.078125,33968,ZNU3
2023-08-16 11:00:00+00:00,34,1,338574,110.078125,110.09375,109.984375,110.015625,36408,ZNU3
2023-08-16 12:00:00+00:00,34,1,338574,110.015625,110.03125,109.765625,109.796875,129084,ZNU3
2023-08-16 13:00:00+00:00,34,1,338574,109.8125,109.984375,109.71875,109.859375,188566,ZNU3
2023-08-16 14:00:00+00:00,34,1,338574,109.859375,110.03125,109.84375,109.96875,142520,ZNU3
2023-08-16 15:00:00+00:00,34,1,338574,109.96875,109.96875,109.71875,109.78125,147669,ZNU3
2023-08-16 16:00:00+00:00,34,1,338574,109.765625,109.8125,109.625,109.671875,123891,ZNU3
2023-08-16 17:00:00+00:00,34,1,338574,109.6875,109.703125,109.578125,109.640625,130289,ZNU3
2023-08-16 18:00:00+00:00,34,1,338574,109.640625,109.6875,109.515625,109.546875,187221,ZNU3
2023-08-16 19:00:00+00:00,34,1,338574,109.546875,109.5625,109.421875,109.484375,180953,ZNU3
2023-08-16 20:00:00+00:00,34,1,338574,109.484375,109.59375,109.453125,109.5625,55273,ZNU3
2023-08-16 22:00:00+00:00,34,1,338574,109.546875,109.640625,109.53125,109.59375,14471,ZNU3
2023-08-16 23:00:00+00:00,34,1,338574,109.609375,109.625,109.578125,109.59375,7046,ZNU3
2023-08-17 00:00:00+00:00,34,1,338574,109.578125,109.578125,109.3125,109.359375,40162,ZNU3
2023-08-17 01:00:00+00:00,34,1,338574,109.359375,109.390625,109.25,109.328125,38361,ZNU3
2023-08-17 02:00:00+00:00,34,1,338574,109.34375,109.359375,109.296875,109.328125,13950,ZNU3
2023-08-17 03:00:00+00:00,34,1,338574,109.328125,109.390625,109.28125,109.28125,17966,ZNU3
2023-08-17 04:00:00+00:00,34,1,338574,109.296875,109.34375,109.28125,109.28125,15070,ZNU3
2023-08-17 05:00:00+00:00,34,1,338574,109.28125,109.328125,109.171875,109.21875,31777,ZNU3
2023-08-17 06:00:00+00:00,34,1,338574,109.21875,109.296875,109.1875,109.28125,46486,ZNU3
2023-08-17 07:00:00+00:00,34,1,338574,109.265625,109.40625,109.25,109.375,69368,ZNU3
2023-08-17 08:00:00+00:00,34,1,338574,109.359375,109.40625,109.328125,109.34375,31770,ZNU3
2023-08-17 09:00:00+00:00,34,1,338574,109.34375,109.40625,109.296875,109.390625,24064,ZNU3
2023-08-17 10:00:00+00:00,34,1,338574,109.390625,109.40625,109.25,109.265625,45438,ZNU3
2023-08-17 11:00:00+00:00,34,1,338574,109.265625,109.40625,109.25,109.359375,65167,ZNU3
2023-08-17 12:00:00+00:00,34,1,338574,109.375,109.484375,109.265625,109.390625,174219,ZNU3
2023-08-17 13:00:00+00:00,34,1,338574,109.40625,109.53125,109.3125,109.34375,179574,ZNU3
2023-08-17 14:00:00+00:00,34,1,338574,109.34375,109.375,109.234375,109.296875,183066,ZNU3
2023-08-17 15:00:00+00:00,34,1,338574,109.296875,109.375,109.109375,109.15625,150723,ZNU3
2023-08-17 16:00:00+00:00,34,1,338574,109.15625,109.25,109.109375,109.21875,93122,ZNU3
2023-08-17 17:00:00+00:00,34,1,338574,109.234375,109.234375,109.109375,109.15625,52479,ZNU3
2023-08-17 18:00:00+00:00,34,1,338574,109.171875,109.3125,109.140625,109.265625,79139,ZNU3
2023-08-17 19:00:00+00:00,34,1,338574,109.265625,109.421875,109.265625,109.390625,113869,ZNU3
2023-08-17 20:00:00+00:00,34,1,338574,109.390625,109.484375,109.390625,109.484375,55683,ZNU3
2023-08-17 22:00:00+00:00,34,1,338574,109.484375,109.578125,109.453125,109.53125,16051,ZNU3
2023-08-17 23:00:00+00:00,34,1,338574,109.515625,109.546875,109.5,109.53125,6030,ZNU3
2023-08-18 00:00:00+00:00,34,1,338574,109.53125,109.578125,109.4375,109.5625,22385,ZNU3
2023-08-18 01:00:00+00:00,34,1,338574,109.546875,109.640625,109.546875,109.609375,15859,ZNU3
2023-08-18 02:00:00+00:00,34,1,338574,109.609375,109.640625,109.578125,109.59375,9345,ZNU3
2023-08-18 03:00:00+00:00,34,1,338574,109.609375,109.6875,109.5625,109.671875,15377,ZNU3
2023-08-18 04:00:00+00:00,34,1,338574,109.671875,109.6875,109.59375,109.625,13551,ZNU3
2023-08-18 05:00:00+00:00,34,1,338574,109.625,109.75,109.625,109.71875,26049,ZNU3
2023-08-18 06:00:00+00:00,34,1,338574,109.71875,109.890625,109.703125,109.828125,60554,ZNU3
2023-08-18 07:00:00+00:00,34,1,338574,109.828125,109.875,109.71875,109.8125,42754,ZNU3
2023-08-18 08:00:00+00:00,34,1,338574,109.8125,109.8125,109.71875,109.71875,25383,ZNU3
2023-08-18 09:00:00+00:00,34,1,338574,109.71875,109.828125,109.703125,109.8125,23792,ZNU3
2023-08-18 10:00:00+00:00,34,1,338574,109.796875,109.875,109.796875,109.8125,29216,ZNU3
2023-08-18 11:00:00+00:00,34,1,338574,109.8125,109.875,109.75,109.875,42320,ZNU3
2023-08-18 12:00:00+00:00,34,1,338574,109.875,109.875,109.515625,109.546875,157975,ZNU3
2023-08-18 13:00:00+00:00,34,1,338574,109.546875,109.75,109.46875,109.671875,148201,ZNU3
2023-08-18 14:00:00+00:00,34,1,338574,109.6875,109.859375,109.65625,109.828125,135797,ZNU3
2023-08-18 15:00:00+00:00,34,1,338574,109.828125,109.828125,109.71875,109.796875,66028,ZNU3
2023-08-18 16:00:00+00:00,34,1,338574,109.8125,109.828125,109.71875,109.765625,54775,ZNU3
2023-08-18 17:00:00+00:00,34,1,338574,109.765625,109.78125,109.625,109.671875,69350,ZNU3
2023-08-18 18:00:00+00:00,34,1,338574,109.671875,109.6875,109.609375,109.625,69408,ZNU3
2023-08-18 19:00:00+00:00,34,1,338574,109.640625,109.671875,109.5625,109.65625,59172,ZNU3
2023-08-18 20:00:00+00:00,34,1,338574,109.640625,109.6875,109.578125,109.609375,26712,ZNU3
2023-08-20 22:00:00+00:00,34,1,338574,109.640625,109.6875,109.5625,109.578125,8011,ZNU3
2023-08-20 23:00:00+00:00,34,1,338574,109.59375,109.59375,109.5625,109.59375,2963,ZNU3
2023-08-21 00:00:00+00:00,34,1,338574,109.59375,109.640625,109.5625,109.578125,7632,ZNU3
2023-08-21 01:00:00+00:00,34,1,338574,109.5625,109.5625,109.4375,109.453125,25640,ZNU3
2023-08-21 02:00:00+00:00,34,1,338574,109.453125,109.5,109.421875,109.484375,7078,ZNU3
2023-08-21 03:00:00+00:00,34,1,338574,109.484375,109.5,109.453125,109.46875,6704,ZNU3
2023-08-21 04:00:00+00:00,34,1,338574,109.46875,109.5,109.4375,109.4375,7635,ZNU3
2023-08-21 05:00:00+00:00,34,1,338574,109.4375,109.4375,109.28125,109.296875,29941,ZNU3
2023-08-21 06:00:00+00:00,34,1,338574,109.3125,109.4375,109.296875,109.40625,34452,ZNU3
2023-08-21 07:00:00+00:00,34,1,338574,109.40625,109.484375,109.40625,109.484375,33745,ZNU3
2023-08-21 08:00:00+00:00,34,1,338574,109.484375,109.515625,109.421875,109.4375,28860,ZNU3
2023-08-21 09:00:00+00:00,34,1,338574,109.4375,109.484375,109.390625,109.40625,19194,ZNU3
2023-08-21 10:00:00+00:00,34,1,338574,109.40625,109.421875,109.3125,109.390625,32635,ZNU3
2023-08-21 11:00:00+00:00,34,1,338574,109.375,109.4375,109.359375,109.421875,32437,ZNU3
2023-08-21 12:00:00+00:00,34,1,338574,109.421875,109.46875,109.28125,109.28125,82257,ZNU3
2023-08-21 13:00:00+00:00,34,1,338574,109.296875,109.34375,109.15625,109.203125,148010,ZNU3
2023-08-21 14:00:00+00:00,34,1,338574,109.203125,109.21875,109.0,109.046875,241977,ZNU3
2023-08-21 15:00:00+00:00,34,1,338574,109.0625,109.09375,108.96875,109.078125,132835,ZNU3
2023-08-21 16:00:00+00:00,34,1,338574,109.0625,109.125,109.0625,109.09375,74197,ZNU3
2023-08-21 17:00:00+00:00,34,1,338574,109.09375,109.140625,109.03125,109.125,52064,ZNU3
2023-08-21 18:00:00+00:00,34,1,338574,109.125,109.15625,109.046875,109.078125,107178,ZNU3
2023-08-21 19:00:00+00:00,34,1,338574,109.078125,109.109375,109.03125,109.078125,58142,ZNU3
2023-08-21 20:00:00+00:00,34,1,338574,109.078125,109.078125,109.015625,109.046875,43395,ZNU3
2023-08-21 22:00:00+00:00,34,1,338574,109.078125,109.09375,109.046875,109.0625,3569,ZNU3
2023-08-21 23:00:00+00:00,34,1,338574,109.078125,109.078125,108.9375,108.96875,11652,ZNU3
2023-08-22 00:00:00+00:00,34,1,338574,108.96875,109.015625,108.875,108.984375,18863,ZNU3
2023-08-22 01:00:00+00:00,34,1,338574,108.984375,109.03125,108.9375,109.015625,16307,ZNU3
2023-08-22 02:00:00+00:00,34,1,338574,109.0,109.09375,109.0,109.03125,16542,ZNU3
2023-08-22 03:00:00+00:00,34,1,338574,109.03125,109.078125,109.015625,109.046875,8127,ZNU3
2023-08-22 04:00:00+00:00,34,1,338574,109.046875,109.046875,109.015625,109.03125,2843,ZNU3
2023-08-22 05:00:00+00:00,34,1,338574,109.015625,109.0625,109.015625,109.046875,10925,ZNU3
2023-08-22 06:00:00+00:00,34,1,338574,109.046875,109.09375,109.0,109.078125,27590,ZNU3
2023-08-22 07:00:00+00:00,34,1,338574,109.0625,109.1875,109.046875,109.171875,47488,ZNU3
2023-08-22 08:00:00+00:00,34,1,338574,109.171875,109.234375,109.140625,109.21875,39008,ZNU3
2023-08-22 09:00:00+00:00,34,1,338574,109.21875,109.265625,109.171875,109.234375,24713,ZNU3
2023-08-22 10:00:00+00:00,34,1,338574,109.234375,109.28125,109.21875,109.25,26229,ZNU3
2023-08-22 11:00:00+00:00,34,1,338574,109.234375,109.265625,109.15625,109.25,31477,ZNU3
2023-08-22 12:00:00+00:00,34,1,338574,109.25,109.265625,109.078125,109.078125,112860,ZNU3
2023-08-22 13:00:00+00:00,34,1,338574,109.09375,109.09375,108.875,108.90625,197652,ZNU3
2023-08-22 14:00:00+00:00,34,1,338574,108.90625,109.109375,108.90625,109.03125,167856,ZNU3
2023-08-22 15:00:00+00:00,34,1,338574,109.03125,109.203125,109.0,109.15625,128749,ZNU3
2023-08-22 16:00:00+00:00,34,1,338574,109.15625,109.171875,109.109375,109.140625,60643,ZNU3
2023-08-22 17:00:00+00:00,34,1,338574,109.125,109.171875,109.109375,109.140625,43834,ZNU3
2023-08-22 18:00:00+00:00,34,1,338574,109.125,109.125,109.046875,109.0625,65509,ZNU3
2023-08-22 19:00:00+00:00,34,1,338574,109.078125,109.078125,109.015625,109.046875,67089,ZNU3
2023-08-22 20:00:00+00:00,34,1,338574,109.046875,109.078125,109.0,109.015625,41640,ZNU3
2023-08-22 22:00:00+00:00,34,1,338574,109.046875,109.046875,109.015625,109.03125,3965,ZNU3
2023-08-22 23:00:00+00:00,34,1,338574,109.03125,109.09375,109.03125,109.078125,2269,ZNU3
2023-08-23 00:00:00+00:00,34,1,338574,109.09375,109.171875,109.078125,109.140625,13194,ZNU3
2023-08-23 01:00:00+00:00,34,1,338574,109.140625,109.203125,109.125,109.203125,15319,ZNU3
2023-08-23 02:00:00+00:00,34,1,338574,109.203125,109.21875,109.140625,109.140625,9773,ZNU3
2023-08-23 03:00:00+00:00,34,1,338574,109.140625,109.171875,109.125,109.140625,4245,ZNU3
2023-08-23 04:00:00+00:00,34,1,338574,109.140625,109.15625,109.109375,109.15625,4658,ZNU3
2023-08-23 05:00:00+00:00,34,1,338574,109.140625,109.15625,109.109375,109.125,12593,ZNU3
2023-08-23 06:00:00+00:00,34,1,338574,109.125,109.234375,109.109375,109.234375,27073,ZNU3
2023-08-23 07:00:00+00:00,34,1,338574,109.21875,109.484375,109.171875,109.4375,142687,ZNU3
2023-08-23 08:00:00+00:00,34,1,338574,109.421875,109.515625,109.40625,109.453125,56626,ZNU3
2023-08-23 09:00:00+00:00,34,1,338574,109.453125,109.5,109.40625,109.46875,24979,ZNU3
2023-08-23 10:00:00+00:00,34,1,338574,109.46875,109.5,109.421875,109.484375,28859,ZNU3
2023-08-23 11:00:00+00:00,34,1,338574,109.46875,109.546875,109.390625,109.421875,56120,ZNU3
2023-08-23 12:00:00+00:00,34,1,338574,109.421875,109.421875,109.25,109.328125,134763,ZNU3
2023-08-23 13:00:00+00:00,34,1,338574,109.3125,109.875,109.296875,109.828125,305041,ZNU3
2023-08-23 14:00:00+00:00,34,1,338574,109.828125,109.828125,109.625,109.703125,223492,ZNU3
2023-08-23 15:00:00+00:00,34,1,338574,109.6875,109.84375,109.6875,109.8125,109136,ZNU3
2023-08-23 16:00:00+00:00,34,1,338574,109.8125,109.890625,109.796875,109.859375,77921,ZNU3
2023-08-23 17:00:00+00:00,34,1,338574,109.859375,109.984375,109.8125,109.90625,117539,ZNU3
2023-08-23 18:00:00+00:00,34,1,338574,109.90625,109.921875,109.796875,109.890625,178403,ZNU3
2023-08-23 19:00:00+00:00,34,1,338574,109.875,109.953125,109.828125,109.953125,111183,ZNU3
2023-08-23 20:00:00+00:00,34,1,338574,109.953125,109.953125,109.828125,109.84375,39497,ZNU3
2023-08-23 22:00:00+00:00,34,1,338574,109.84375,109.859375,109.8125,109.828125,6175,ZNU3
2023-08-23 23:00:00+00:00,34,1,338574,109.8125,109.875,109.796875,109.859375,7902,ZNU3
2023-08-24 00:00:00+00:00,34,1,338574,109.859375,109.921875,109.796875,109.875,15729,ZNU3
2023-08-24 01:00:00+00:00,34,1,338574,109.875,109.875,109.765625,109.828125,19365,ZNU3
2023-08-24 02:00:00+00:00,34,1,338574,109.828125,109.875,109.8125,109.828125,8364,ZNU3
2023-08-24 03:00:00+00:00,34,1,338574,109.828125,109.828125,109.765625,109.765625,7403,ZNU3
2023-08-24 04:00:00+00:00,34,1,338574,109.78125,109.796875,109.75,109.75,6317,ZNU3
2023-08-24 05:00:00+00:00,34,1,338574,109.75,109.828125,109.75,109.8125,11335,ZNU3
2023-08-24 06:00:00+00:00,34,1,338574,109.8125,109.9375,109.796875,109.890625,31766,ZNU3
2023-08-24 07:00:00+00:00,34,1,338574,109.90625,109.984375,109.796875,109.796875,60917,ZNU3
2023-08-24 08:00:00+00:00,34,1,338574,109.796875,109.984375,109.796875,109.921875,32406,ZNU3
2023-08-24 09:00:00+00:00,34,1,338574,109.921875,109.953125,109.796875,109.8125,29528,ZNU3
2023-08-24 10:00:00+00:00,34,1,338574,109.8125,109.84375,109.765625,109.8125,25293,ZNU3
2023-08-24 11:00:00+00:00,34,1,338574,109.8125,109.8125,109.703125,109.75,42690,ZNU3
2023-08-24 12:00:00+00:00,34,1,338574,109.75,109.78125,109.53125,109.578125,175407,ZNU3
2023-08-24 13:00:00+00:00,34,1,338574,109.578125,109.796875,109.546875,109.78125,177763,ZNU3
2023-08-24 14:00:00+00:00,34,1,338574,109.765625,109.890625,109.65625,109.671875,187940,ZNU3
2023-08-24 15:00:00+00:00,34,1,338574,109.671875,109.75,109.640625,109.703125,119971,ZNU3
2023-08-24 16:00:00+00:00,34,1,338574,109.71875,109.71875,109.59375,109.625,73692,ZNU3
2023-08-24 17:00:00+00:00,34,1,338574,109.625,109.703125,109.59375,109.625,63925,ZNU3
2023-08-24 18:00:00+00:00,34,1,338574,109.625,109.65625,109.578125,109.59375,82009,ZNU3
2023-08-24 19:00:00+00:00,34,1,338574,109.59375,109.65625,109.546875,109.59375,95044,ZNU3
2023-08-24 20:00:00+00:00,34,1,338574,109.59375,109.59375,109.515625,109.546875,58805,ZNU3
2023-08-24 22:00:00+00:00,34,1,338574,109.5625,109.578125,109.546875,109.5625,5105,ZNU3
2023-08-24 23:00:00+00:00,34,1,338574,109.578125,109.609375,109.5625,109.59375,3846,ZNU3
2023-08-25 00:00:00+00:00,34,1,338574,109.59375,109.625,109.5625,109.578125,6234,ZNU3
2023-08-25 01:00:00+00:00,34,1,338574,109.578125,109.59375,109.484375,109.515625,11391,ZNU3
2023-08-25 02:00:00+00:00,34,1,338574,109.515625,109.515625,109.453125,109.46875,8062,ZNU3
2023-08-25 03:00:00+00:00,34,1,338574,109.484375,109.515625,109.453125,109.484375,6579,ZNU3
2023-08-25 04:00:00+00:00,34,1,338574,109.484375,109.5,109.46875,109.46875,3210,ZNU3
2023-08-25 05:00:00+00:00,34,1,338574,109.46875,109.484375,109.4375,109.453125,9071,ZNU3
2023-08-25 06:00:00+00:00,34,1,338574,109.46875,109.5,109.421875,109.484375,19794,ZNU3
2023-08-25 07:00:00+00:00,34,1,338574,109.484375,109.546875,109.453125,109.46875,34834,ZNU3
2023-08-25 08:00:00+00:00,34,1,338574,109.453125,109.46875,109.390625,109.46875,41704,ZNU3
2023-08-25 09:00:00+00:00,34,1,338574,109.453125,109.484375,109.40625,109.4375,15165,ZNU3
2023-08-25 10:00:00+00:00,34,1,338574,109.421875,109.46875,109.375,109.453125,20867,ZNU3
2023-08-25 11:00:00+00:00,34,1,338574,109.453125,109.53125,109.40625,109.515625,32326,ZNU3
2023-08-25 12:00:00+00:00,34,1,338574,109.515625,109.578125,109.453125,109.46875,102454,ZNU3
2023-08-25 13:00:00+00:00,34,1,338574,109.484375,109.546875,109.40625,109.515625,116858,ZNU3
2023-08-25 14:00:00+00:00,34,1,338574,109.5,109.71875,109.109375,109.171875,394157,ZNU3
2023-08-25 15:00:00+00:00,34,1,338574,109.1875,109.46875,109.171875,109.328125,175177,ZNU3
2023-08-25 16:00:00+00:00,34,1,338574,109.34375,109.453125,109.3125,109.4375,76940,ZNU3
2023-08-25 17:00:00+00:00,34,1,338574,109.453125,109.5,109.40625,109.4375,50623,ZNU3
2023-08-25 18:00:00+00:00,34,1,338574,109.453125,109.515625,109.421875,109.4375,81520,ZNU3
2023-08-25 19:00:00+00:00,34,1,338574,109.4375,109.484375,109.359375,109.46875,90023,ZNU3
2023-08-25 20:00:00+00:00,34,1,338574,109.46875,109.515625,109.421875,109.421875,39501,ZNU3
2023-08-27 22:00:00+00:00,34,1,338574,109.453125,109.515625,109.375,109.390625,5028,ZNU3
2023-08-27 23:00:00+00:00,34,1,338574,109.40625,109.40625,109.3125,109.34375,6391,ZNU3
2023-08-28 00:00:00+00:00,34,1,338574,109.34375,109.390625,109.3125,109.328125,8479,ZNU3
2023-08-28 01:00:00+00:00,34,1,338574,109.328125,109.359375,109.3125,109.34375,6945,ZNU3
2023-08-28 02:00:00+00:00,34,1,338574,109.359375,109.46875,109.34375,109.421875,13954,ZNU3
2023-08-28 03:00:00+00:00,34,1,338574,109.421875,109.46875,109.421875,109.453125,4390,ZNU3
2023-08-28 04:00:00+00:00,34,1,338574,109.453125,109.5,109.4375,109.46875,3797,ZNU3
2023-08-28 05:00:00+00:00,34,1,338574,109.46875,109.53125,109.46875,109.5,11349,ZNU3
2023-08-28 06:00:00+00:00,34,1,338574,109.5,109.59375,109.484375,109.546875,19536,ZNU3
2023-08-28 07:00:00+00:00,34,1,338574,109.546875,109.546875,109.4375,109.484375,16018,ZNU3
2023-08-28 08:00:00+00:00,34,1,338574,109.484375,109.5,109.421875,109.453125,13728,ZNU3
2023-08-28 09:00:00+00:00,34,1,338574,109.453125,109.46875,109.40625,109.421875,12985,ZNU3
2023-08-28 10:00:00+00:00,34,1,338574,109.421875,109.421875,109.359375,109.421875,19523,ZNU3
2023-08-28 11:00:00+00:00,34,1,338574,109.421875,109.4375,109.359375,109.421875,24301,ZNU3
2023-08-28 12:00:00+00:00,34,1,338574,109.421875,109.734375,109.40625,109.734375,103589,ZNU3
2023-08-28 13:00:00+00:00,34,1,338574,109.71875,109.734375,109.546875,109.578125,78594,ZNU3
2023-08-28 14:00:00+00:00,34,1,338574,109.5625,109.578125,109.4375,109.53125,86835,ZNU3
2023-08-28 15:00:00+00:00,34,1,338574,109.515625,109.671875,109.46875,109.59375,83216,ZNU3
2023-08-28 16:00:00+00:00,34,1,338574,109.59375,109.640625,109.546875,109.59375,41755,ZNU3
2023-08-28 17:00:00+00:00,34,1,338574,109.59375,109.671875,109.5,109.671875,48408,ZNU3
2023-08-28 18:00:00+00:00,34,1,338574,109.671875,109.671875,109.578125,109.640625,54737,ZNU3
2023-08-28 19:00:00+00:00,34,1,338574,109.65625,109.734375,109.640625,109.703125,55122,ZNU3
2023-08-28 20:00:00+00:00,34,1,338574,109.6875,109.703125,109.640625,109.671875,25519,ZNU3
2023-08-28 22:00:00+00:00,34,1,338574,109.6875,109.71875,109.671875,109.71875,3181,ZNU3
2023-08-28 23:00:00+00:00,34,1,338574,109.71875,109.75,109.703125,109.75,2025,ZNU3
2023-08-29 00:00:00+00:00,34,1,338574,109.75,109.8125,109.734375,109.78125,7495,ZNU3
2023-08-29 01:00:00+00:00,34,1,338574,109.78125,109.859375,109.78125,109.828125,14715,ZNU3
2023-08-29 02:00:00+00:00,34,1,338574,109.8125,109.8125,109.734375,109.75,6901,ZNU3
2023-08-29 03:00:00+00:00,34,1,338574,109.765625,109.8125,109.75,109.796875,7498,ZNU3
2023-08-29 04:00:00+00:00,34,1,338574,109.78125,109.796875,109.734375,109.765625,6149,ZNU3
2023-08-29 05:00:00+00:00,34,1,338574,109.78125,109.859375,109.765625,109.859375,9567,ZNU3
2023-08-29 06:00:00+00:00,34,1,338574,109.859375,109.890625,109.796875,109.859375,22006,ZNU3
2023-08-29 07:00:00+00:00,34,1,338574,109.859375,109.875,109.765625,109.828125,25062,ZNU3
2023-08-29 08:00:00+00:00,34,1,338574,109.8125,109.828125,109.703125,109.703125,19612,ZNU3
2023-08-29 09:00:00+00:00,34,1,338574,109.703125,109.765625,109.6875,109.75,20024,ZNU3
2023-08-29 10:00:00+00:00,34,1,338574,109.734375,109.75,109.640625,109.65625,16708,ZNU3
2023-08-29 11:00:00+00:00,34,1,338574,109.65625,109.703125,109.578125,109.59375,20167,ZNU3
2023-08-29 12:00:00+00:00,34,1,338574,109.59375,109.625,109.484375,109.5,62794,ZNU3
2023-08-29 13:00:00+00:00,34,1,338574,109.5,109.6875,109.4375,109.625,68524,ZNU3
2023-08-29 14:00:00+00:00,34,1,338574,109.609375,110.265625,109.609375,110.15625,231122,ZNU3
2023-08-29 15:00:00+00:00,34,1,338574,110.15625,110.359375,110.09375,110.328125,75111,ZNU3
2023-08-29 16:00:00+00:00,34,1,338574,110.328125,110.375,110.296875,110.296875,44017,ZNU3
2023-08-29 17:00:00+00:00,34,1,338574,110.3125,110.4375,110.296875,110.375,55453,ZNU3
2023-08-29 18:00:00+00:00,34,1,338574,110.375,110.375,110.25,110.34375,48008,ZNU3
2023-08-29 19:00:00+00:00,34,1,338574,110.328125,110.421875,110.296875,110.390625,38574,ZNU3
2023-08-29 20:00:00+00:00,34,1,338574,110.390625,110.40625,110.328125,110.328125,18143,ZNU3
2023-08-29 22:00:00+00:00,34,1,338574,110.34375,110.34375,110.296875,110.3125,2199,ZNU3
2023-08-29 23:00:00+00:00,34,1,338574,110.3125,110.3125,110.234375,110.234375,6067,ZNU3
2023-08-30 00:00:00+00:00,34,1,338574,110.234375,110.328125,110.21875,110.296875,8763,ZNU3
2023-08-30 01:00:00+00:00,34,1,338574,110.296875,110.375,110.265625,110.28125,7031,ZNU3
2023-08-30 02:00:00+00:00,34,1,338574,110.28125,110.296875,110.203125,110.21875,3453,ZNU3
2023-08-30 03:00:00+00:00,34,1,338574,110.21875,110.25,110.203125,110.234375,3233,ZNU3
2023-08-30 04:00:00+00:00,34,1,338574,110.234375,110.265625,110.203125,110.203125,3314,ZNU3
2023-08-30 05:00:00+00:00,34,1,338574,110.21875,110.265625,110.109375,110.171875,7567,ZNU3
2023-08-30 06:00:00+00:00,34,1,338574,110.15625,110.203125,110.09375,110.125,7052,ZNU3
2023-08-30 07:00:00+00:00,34,1,338574,110.125,110.234375,110.109375,110.234375,14064,ZNU3
2023-08-30 08:00:00+00:00,34,1,338574,110.25,110.28125,110.171875,110.21875,11338,ZNU3
2023-08-30 09:00:00+00:00,34,1,338574,110.203125,110.21875,110.140625,110.140625,8415,ZNU3
2023-08-30 10:00:00+00:00,34,1,338574,110.15625,110.203125,110.125,110.15625,5117,ZNU3
2023-08-30 11:00:00+00:00,34,1,338574,110.140625,110.171875,110.0625,110.140625,9930,ZNU3
2023-08-30 12:00:00+00:00,34,1,338574,110.15625,110.578125,110.125,110.546875,40283,ZNU3
2023-08-30 13:00:00+00:00,34,1,338574,110.546875,110.609375,110.40625,110.515625,30184,ZNU3
2023-08-30 14:00:00+00:00,34,1,338574,110.515625,110.5625,110.390625,110.390625,24067,ZNU3
2023-08-30 15:00:00+00:00,34,1,338574,110.40625,110.515625,110.390625,110.46875,12345,ZNU3
2023-08-30 16:00:00+00:00,34,1,338574,110.46875,110.484375,110.375,110.4375,14793,ZNU3
2023-08-30 17:00:00+00:00,34,1,338574,110.453125,110.5,110.421875,110.4375,8502,ZNU3
2023-08-30 18:00:00+00:00,34,1,338574,110.4375,110.453125,110.34375,110.359375,11884,ZNU3
2023-08-30 19:00:00+00:00,34,1,338574,110.375,110.375,110.328125,110.375,5019,ZNU3
2023-08-30 20:00:00+00:00,34,1,338574,110.359375,110.421875,110.359375,110.390625,6616,ZNU3
2023-08-30 22:00:00+00:00,34,1,338574,110.40625,110.421875,110.390625,110.40625,249,ZNU3
2023-08-30 23:00:00+00:00,34,1,338574,110.40625,110.4375,110.40625,110.40625,258,ZNU3
2023-08-31 00:00:00+00:00,34,1,338574,110.390625,110.390625,110.359375,110.375,519,ZNU3
2023-08-31 01:00:00+00:00,34,1,338574,110.359375,110.375,110.359375,110.375,170,ZNU3
2023-08-31 02:00:00+00:00,34,1,338574,110.375,110.453125,110.375,110.4375,251,ZNU3
2023-08-31 03:00:00+00:00,34,1,338574,110.421875,110.4375,110.40625,110.40625,117,ZNU3
2023-08-31 04:00:00+00:00,34,1,338574,110.40625,110.421875,110.390625,110.390625,75,ZNU3
2023-08-31 05:00:00+00:00,34,1,338574,110.375,110.375,110.359375,110.359375,104,ZNU3
2023-08-31 06:00:00+00:00,34,1,338574,110.375,110.421875,110.328125,110.390625,1555,ZNU3
2023-08-31 07:00:00+00:00,34,1,338574,110.46875,110.515625,110.40625,110.421875,1721,ZNU3
2023-08-31 08:00:00+00:00,34,1,338574,110.421875,110.46875,110.421875,110.421875,1550,ZNU3
2023-08-31 09:00:00+00:00,34,1,338574,110.421875,110.515625,110.421875,110.484375,1405,ZNU3
2023-08-31 10:00:00+00:00,34,1,338574,110.484375,110.5,110.46875,110.5,240,ZNU3
2023-08-31 11:00:00+00:00,34,1,338574,110.5,110.578125,110.484375,110.515625,1225,ZNU3
2023-08-31 12:00:00+00:00,34,1,338574,110.53125,110.609375,110.375,110.515625,3092,ZNU3
2023-08-31 13:00:00+00:00,34,1,338574,110.515625,110.53125,110.34375,110.4375,3622,ZNU3
2023-08-31 14:00:00+00:00,34,1,338574,110.4375,110.53125,110.4375,110.53125,2092,ZNU3
2023-08-31 15:00:00+00:00,34,1,338574,110.515625,110.53125,110.453125,110.515625,1167,ZNU3
2023-08-31 16:00:00+00:00,34,1,338574,110.53125,110.640625,110.53125,110.59375,1804,ZNU3
2023-08-31 17:00:00+00:00,34,1,338574,110.59375,110.59375,110.546875,110.546875,465,ZNU3
2023-08-31 18:00:00+00:00,34,1,338574,110.5625,110.609375,110.546875,110.5625,1876,ZNU3
2023-08-31 19:00:00+00:00,34,1,338574,110.578125,110.59375,110.484375,110.546875,2635,ZNU3
2023-08-31 20:00:00+00:00,34,1,338574,110.546875,110.5625,110.453125,110.484375,647,ZNU3
2023-08-31 22:00:00+00:00,34,1,338574,110.46875,110.46875,110.40625,110.40625,83,ZNU3
2023-08-31 23:00:00+00:00,34,1,338574,110.453125,110.453125,110.4375,110.4375,38,ZNU3
2023-09-01 00:00:00+00:00,34,1,338574,110.4375,110.4375,110.40625,110.421875,222,ZNU3
2023-09-01 01:00:00+00:00,34,1,338574,110.421875,110.515625,110.421875,110.484375,506,ZNU3
2023-09-01 03:00:00+00:00,34,1,338574,110.484375,110.484375,110.46875,110.46875,15,ZNU3
2023-09-01 04:00:00+00:00,34,1,338574,110.453125,110.5,110.453125,110.5,51,ZNU3
2023-09-01 05:00:00+00:00,34,1,338574,110.484375,110.484375,110.4375,110.453125,13,ZNU3
2023-09-01 06:00:00+00:00,34,1,338574,110.46875,110.46875,110.40625,110.40625,142,ZNU3
2023-09-01 07:00:00+00:00,34,1,338574,110.4375,110.5,110.4375,110.5,529,ZNU3
2023-09-01 08:00:00+00:00,34,1,338574,110.515625,110.515625,110.453125,110.453125,227,ZNU3
2023-09-01 09:00:00+00:00,34,1,338574,110.453125,110.515625,110.453125,110.453125,177,ZNU3
2023-09-01 10:00:00+00:00,34,1,338574,110.453125,110.5,110.453125,110.5,462,ZNU3
2023-09-01 11:00:00+00:00,34,1,338574,110.515625,110.640625,110.5,110.640625,2193,ZNU3
2023-09-01 12:00:00+00:00,34,1,338574,110.640625,110.953125,110.46875,110.765625,3152,ZNU3
2023-09-01 13:00:00+00:00,34,1,338574,110.75,110.75,110.25,110.28125,1653,ZNU3
2023-09-01 14:00:00+00:00,34,1,338574,110.28125,110.359375,110.078125,110.15625,2105,ZNU3
2023-09-01 15:00:00+00:00,34,1,338574,110.125,110.125,109.984375,110.0,611,ZNU3
2023-09-01 16:00:00+00:00,34,1,338574,109.984375,110.140625,109.9375,110.125,453,ZNU3
2023-09-01 17:00:00+00:00,34,1,338574,110.15625,110.171875,110.109375,110.125,68,ZNU3
2023-09-01 18:00:00+00:00,34,1,338574,110.125,110.171875,110.109375,110.140625,170,ZNU3
2023-09-01 19:00:00+00:00,34,1,338574,110.15625,110.1875,110.09375,110.09375,343,ZNU3
2023-09-01 20:00:00+00:00,34,1,338574,110.09375,110.15625,110.09375,110.109375,143,ZNU3
2023-09-03 22:00:00+00:00,34,1,338574,110.0625,110.078125,110.0625,110.078125,25,ZNU3
2023-09-03 23:00:00+00:00,34,1,338574,110.09375,110.15625,110.09375,110.15625,48,ZNU3
2023-09-04 00:00:00+00:00,34,1,338574,110.140625,110.140625,110.0625,110.0625,209,ZNU3
2023-09-04 01:00:00+00:00,34,1,338574,110.078125,110.078125,110.03125,110.03125,31,ZNU3
2023-09-04 02:00:00+00:00,34,1,338574,110.015625,110.015625,109.984375,109.984375,43,ZNU3
2023-09-04 03:00:00+00:00,34,1,338574,110.0,110.0,110.0,110.0,5,ZNU3
2023-09-04 04:00:00+00:00,34,1,338574,110.046875,110.046875,110.046875,110.046875,25,ZNU3
2023-09-04 05:00:00+00:00,34,1,338574,110.046875,110.046875,110.015625,110.03125,40,ZNU3
2023-09-04 06:00:00+00:00,34,1,338574,110.046875,110.0625,110.046875,110.0625,44,ZNU3
2023-09-04 07:00:00+00:00,34,1,338574,110.03125,110.03125,109.984375,109.984375,155,ZNU3
2023-09-04 08:00:00+00:00,34,1,338574,110.0,110.015625,110.0,110.015625,23,ZNU3
2023-09-04 09:00:00+00:00,34,1,338574,110.0,110.0,109.9375,109.953125,322,ZNU3
2023-09-04 10:00:00+00:00,34,1,338574,109.96875,109.96875,109.96875,109.96875,14,ZNU3
2023-09-04 12:00:00+00:00,34,1,338574,109.96875,109.984375,109.953125,109.96875,30,ZNU3
2023-09-04 13:00:00+00:00,34,1,338574,109.96875,109.96875,109.9375,109.953125,52,ZNU3
2023-09-04 15:00:00+00:00,34,1,338574,109.9375,109.9375,109.921875,109.9375,16,ZNU3
2023-09-04 22:00:00+00:00,34,1,338574,109.96875,109.984375,109.96875,109.984375,8,ZNU3
2023-09-05 00:00:00+00:00,34,1,338574,109.953125,109.953125,109.953125,109.953125,150,ZNU3
2023-09-05 02:00:00+00:00,34,1,338574,109.953125,109.984375,109.9375,109.9375,43,ZNU3
2023-09-05 03:00:00+00:00,34,1,338574,109.90625,109.9375,109.90625,109.9375,3,ZNU3
2023-09-05 04:00:00+00:00,34,1,338574,109.90625,109.953125,109.890625,109.953125,151,ZNU3
2023-09-05 05:00:00+00:00,34,1,338574,109.921875,109.921875,109.90625,109.921875,106,ZNU3
2023-09-05 06:00:00+00:00,34,1,338574,109.890625,109.890625,109.875,109.875,50,ZNU3
2023-09-05 07:00:00+00:00,34,1,338574,109.90625,109.921875,109.875,109.90625,468,ZNU3
2023-09-05 08:00:00+00:00,34,1,338574,109.890625,109.90625,109.84375,109.84375,1021,ZNU3
2023-09-05 09:00:00+00:00,34,1,338574,109.84375,109.875,109.828125,109.828125,521,ZNU3
2023-09-05 10:00:00+00:00,34,1,338574,109.8125,109.828125,109.796875,109.796875,1221,ZNU3
2023-09-05 11:00:00+00:00,34,1,338574,109.796875,109.828125,109.765625,109.8125,2200,ZNU3
2023-09-05 12:00:00+00:00,34,1,338574,109.8125,109.921875,109.71875,109.875,792,ZNU3
2023-09-05 13:00:00+00:00,34,1,338574,109.875,109.875,109.703125,109.71875,446,ZNU3
2023-09-05 14:00:00+00:00,34,1,338574,109.6875,109.71875,109.609375,109.65625,353,ZNU3
2023-09-05 15:00:00+00:00,34,1,338574,109.640625,109.703125,109.59375,109.640625,149,ZNU3
2023-09-05 16:00:00+00:00,34,1,338574,109.671875,109.6875,109.640625,109.671875,160,ZNU3
2023-09-05 17:00:00+00:00,34,1,338574,109.6875,109.6875,109.5625,109.578125,146,ZNU3
2023-09-05 18:00:00+00:00,34,1,338574,109.578125,109.578125,109.546875,109.546875,151,ZNU3
2023-09-05 19:00:00+00:00,34,1,338574,109.546875,109.640625,109.515625,109.59375,141,ZNU3
2023-09-05 20:00:00+00:00,34,1,338574,109.609375,109.625,109.53125,109.5625,143,ZNU3
2023-09-05 22:00:00+00:00,34,1,338574,109.671875,109.671875,109.671875,109.671875,1,ZNU3
2023-09-06 01:00:00+00:00,34,1,338574,109.578125,109.578125,109.578125,109.578125,25,ZNU3
2023-09-06 02:00:00+00:00,34,1,338574,109.609375,109.609375,109.609375,109.609375,30,ZNU3
2023-09-06 04:00:00+00:00,34,1,338574,109.6875,109.6875,109.6875,109.6875,1,ZNU3
2023-09-06 06:00:00+00:00,34,1,338574,109.6875,109.6875,109.6875,109.6875,1,ZNU3
2023-09-06 07:00:00+00:00,34,1,338574,109.5625,109.640625,109.53125,109.578125,57,ZNU3
2023-09-06 08:00:00+00:00,34,1,338574,109.640625,109.65625,109.640625,109.65625,6,ZNU3
2023-09-06 11:00:00+00:00,34,1,338574,109.6875,109.734375,109.65625,109.703125,1031,ZNU3
2023-09-06 12:00:00+00:00,34,1,338574,109.71875,109.75,109.65625,109.71875,94,ZNU3
2023-09-06 13:00:00+00:00,34,1,338574,109.671875,109.71875,109.578125,109.703125,388,ZNU3
2023-09-06 14:00:00+00:00,34,1,338574,109.578125,109.578125,109.3125,109.3125,781,ZNU3
2023-09-06 15:00:00+00:00,34,1,338574,109.328125,109.328125,109.25,109.296875,247,ZNU3
2023-09-06 16:00:00+00:00,34,1,338574,109.28125,109.296875,109.234375,109.28125,340,ZNU3
2023-09-06 17:00:00+00:00,34,1,338574,109.28125,109.3125,109.28125,109.296875,46,ZNU3
2023-09-06 18:00:00+00:00,34,1,338574,109.296875,109.3125,109.21875,109.3125,200,ZNU3
2023-09-06 19:00:00+00:00,34,1,338574,109.3125,109.3125,109.265625,109.28125,7,ZNU3
2023-09-06 20:00:00+00:00,34,1,338574,109.3125,109.3125,109.3125,109.3125,5,ZNU3
2023-09-07 02:00:00+00:00,34,1,338574,109.359375,109.359375,109.359375,109.359375,9,ZNU3
2023-09-07 04:00:00+00:00,34,1,338574,109.359375,109.359375,109.359375,109.359375,26,ZNU3
2023-09-07 05:00:00+00:00,34,1,338574,109.359375,109.359375,109.359375,109.359375,4,ZNU3
2023-09-07 08:00:00+00:00,34,1,338574,109.515625,109.515625,109.46875,109.46875,11,ZNU3
2023-09-07 09:00:00+00:00,34,1,338574,109.5,109.53125,109.5,109.53125,11,ZNU3
2023-09-07 11:00:00+00:00,34,1,338574,109.5,109.5,109.4375,109.46875,103,ZNU3
2023-09-07 12:00:00+00:00,34,1,338574,109.515625,109.515625,109.296875,109.40625,166,ZNU3
2023-09-07 13:00:00+00:00,34,1,338574,109.453125,109.5,109.390625,109.421875,1233,ZNU3
2023-09-07 14:00:00+00:00,34,1,338574,109.421875,109.5,109.390625,109.46875,1609,ZNU3
2023-09-07 15:00:00+00:00,34,1,338574,109.40625,109.5625,109.40625,109.5625,234,ZNU3
2023-09-07 16:00:00+00:00,34,1,338574,109.515625,109.515625,109.5,109.515625,23,ZNU3
2023-09-07 17:00:00+00:00,34,1,338574,109.53125,109.5625,109.53125,109.53125,13,ZNU3
2023-09-07 18:00:00+00:00,34,1,338574,109.515625,109.65625,109.515625,109.609375,116,ZNU3
2023-09-07 19:00:00+00:00,34,1,338574,109.578125,109.609375,109.578125,109.609375,5,ZNU3
2023-09-07 20:00:00+00:00,34,1,338574,109.65625,109.65625,109.609375,109.609375,8,ZNU3
2023-09-08 00:00:00+00:00,34,1,338574,109.765625,109.890625,109.765625,109.796875,481,ZNU3
2023-09-08 01:00:00+00:00,34,1,338574,109.78125,109.78125,109.75,109.75,42,ZNU3
2023-09-08 03:00:00+00:00,34,1,338574,109.78125,109.78125,109.78125,109.78125,2,ZNU3
2023-09-08 05:00:00+00:00,34,1,338574,109.859375,109.859375,109.828125,109.828125,7,ZNU3
2023-09-08 08:00:00+00:00,34,1,338574,109.734375,109.734375,109.734375,109.734375,8,ZNU3
2023-09-08 13:00:00+00:00,34,1,338574,109.6875,109.828125,109.6875,109.828125,29,ZNU3
2023-09-08 14:00:00+00:00,34,1,338574,109.890625,109.90625,109.84375,109.84375,16,ZNU3
2023-09-08 15:00:00+00:00,34,1,338574,109.78125,109.78125,109.734375,109.734375,12,ZNU3
2023-09-08 17:00:00+00:00,34,1,338574,109.578125,109.578125,109.578125,109.578125,2,ZNU3
2023-09-08 19:00:00+00:00,34,1,338574,109.515625,109.515625,109.515625,109.515625,1,ZNU3
2023-09-08 20:00:00+00:00,34,1,338574,109.5625,109.5625,109.5,109.5,2,ZNU3
2023-09-10 22:00:00+00:00,34,1,338574,109.53125,109.53125,109.53125,109.53125,5,ZNU3
2023-09-10 23:00:00+00:00,34,1,338574,109.375,109.375,109.375,109.375,1,ZNU3
2023-09-11 05:00:00+00:00,34,1,338574,109.3125,109.3125,109.3125,109.3125,75,ZNU3
2023-09-11 06:00:00+00:00,34,1,338574,109.3125,109.34375,109.3125,109.34375,2,ZNU3
2023-09-11 08:00:00+00:00,34,1,338574,109.359375,109.359375,109.34375,109.34375,23,ZNU3
2023-09-11 09:00:00+00:00,34,1,338574,109.390625,109.390625,109.3125,109.3125,15,ZNU3
2023-09-11 10:00:00+00:00,34,1,338574,109.3125,109.3125,109.3125,109.3125,2,ZNU3
2023-09-11 11:00:00+00:00,34,1,338574,109.296875,109.296875,109.28125,109.296875,54,ZNU3
2023-09-11 12:00:00+00:00,34,1,338574,109.375,109.390625,109.375,109.375,16,ZNU3
2023-09-11 13:00:00+00:00,34,1,338574,109.390625,109.390625,109.296875,109.296875,18,ZNU3
2023-09-11 14:00:00+00:00,34,1,338574,109.46875,109.46875,109.40625,109.40625,5,ZNU3
2023-09-11 15:00:00+00:00,34,1,338574,109.4375,109.4375,109.4375,109.4375,30,ZNU3
2023-09-11 16:00:00+00:00,34,1,338574,109.46875,109.46875,109.453125,109.453125,30,ZNU3
2023-09-11 18:00:00+00:00,34,1,338574,109.4375,109.453125,109.4375,109.453125,2,ZNU3
2023-09-11 19:00:00+00:00,34,1,338574,109.46875,109.46875,109.46875,109.46875,1,ZNU3
2023-09-12 03:00:00+00:00,34,1,338574,109.328125,109.328125,109.328125,109.328125,1,ZNU3
2023-09-12 10:00:00+00:00,34,1,338574,109.4375,109.4375,109.4375,109.4375,4,ZNU3
2023-09-12 12:00:00+00:00,34,1,338574,109.390625,109.390625,109.375,109.375,19,ZNU3
2023-09-12 13:00:00+00:00,34,1,338574,109.40625,109.40625,109.34375,109.34375,7,ZNU3
2023-09-12 14:00:00+00:00,34,1,338574,109.375,109.390625,109.375,109.390625,27,ZNU3
2023-09-12 16:00:00+00:00,34,1,338574,109.453125,109.46875,109.390625,109.390625,23,ZNU3
2023-09-12 17:00:00+00:00,34,1,338574,109.40625,109.40625,109.390625,109.390625,4,ZNU3
2023-09-12 18:00:00+00:00,34,1,338574,109.421875,109.421875,109.421875,109.421875,1,ZNU3
2023-09-12 19:00:00+00:00,34,1,338574,109.46875,109.515625,109.453125,109.5,100,ZNU3
2023-09-12 20:00:00+00:00,34,1,338574,109.421875,109.421875,109.421875,109.421875,9,ZNU3
2023-09-13 12:00:00+00:00,34,1,338574,109.171875,109.453125,108.953125,109.453125,121,ZNU3
2023-09-13 13:00:00+00:00,34,1,338574,109.515625,109.515625,109.515625,109.515625,1,ZNU3
2023-09-13 17:00:00+00:00,34,1,338574,109.703125,109.703125,109.703125,109.703125,2,ZNU3
2023-09-13 18:00:00+00:00,34,1,338574,109.75,109.75,109.75,109.75,1,ZNU3
2023-09-13 20:00:00+00:00,34,1,338574,109.625,109.640625,109.59375,109.625,6,ZNU3
2023-09-14 06:00:00+00:00,34,1,338574,109.828125,109.828125,109.765625,109.765625,11,ZNU3
2023-09-14 09:00:00+00:00,34,1,338574,109.5,109.5,109.5,109.5,1,ZNU3
2023-09-14 10:00:00+00:00,34,1,338574,109.65625,109.65625,109.65625,109.65625,1,ZNU3
2023-09-14 13:00:00+00:00,34,1,338574,109.828125,109.84375,109.71875,109.71875,7,ZNU3
2023-09-14 16:00:00+00:00,34,1,338574,109.53125,109.53125,109.53125,109.53125,3,ZNU3
2023-09-14 17:00:00+00:00,34,1,338574,109.421875,109.421875,109.34375,109.34375,60,ZNU3
2023-09-14 18:00:00+00:00,34,1,338574,109.34375,109.34375,109.34375,109.34375,2,ZNU3
2023-09-14 19:00:00+00:00,34,1,338574,109.421875,109.421875,109.421875,109.421875,6,ZNU3
2023-09-14 20:00:00+00:00,34,1,338574,109.40625,109.40625,109.359375,109.359375,30,ZNU3
2023-09-15 02:00:00+00:00,34,1,338574,109.484375,109.484375,109.4375,109.4375,3,ZNU3
2023-09-15 06:00:00+00:00,34,1,338574,109.53125,109.53125,109.53125,109.53125,26,ZNU3
2023-09-15 09:00:00+00:00,34,1,338574,109.171875,109.171875,109.171875,109.171875,2,ZNU3
2023-09-15 13:00:00+00:00,34,1,338574,109.203125,109.203125,109.203125,109.203125,5,ZNU3
2023-09-15 15:00:00+00:00,34,1,338574,109.234375,109.234375,109.203125,109.21875,17,ZNU3
2023-09-18 02:00:00+00:00,34,1,338574,108.9375,109.0625,108.9375,109.046875,3,ZNU3
2023-09-18 05:00:00+00:00,34,1,338574,108.953125,108.953125,108.953125,108.953125,1,ZNU3
2023-09-18 10:00:00+00:00,34,1,338574,109.0,109.046875,108.9375,109.046875,19,ZNU3
2023-09-18 12:00:00+00:00,34,1,338574,109.078125,109.078125,109.046875,109.046875,2,ZNU3
2023-09-18 13:00:00+00:00,34,1,338574,109.09375,109.09375,109.078125,109.078125,3,ZNU3
2023-09-18 14:00:00+00:00,34,1,338574,109.171875,109.171875,109.171875,109.171875,2,ZNU3
2023-09-18 17:00:00+00:00,34,1,338574,109.21875,109.21875,109.21875,109.21875,2,ZNU3
2023-09-18 19:00:00+00:00,34,1,338574,109.21875,109.21875,109.21875,109.21875,3,ZNU3
2023-09-19 05:00:00+00:00,34,1,338574,109.359375,109.359375,109.34375,109.34375,5,ZNU3
2023-09-19 07:00:00+00:00,34,1,338574,109.359375,109.359375,109.359375,109.359375,2,ZNU3
2023-09-19 13:00:00+00:00,34,1,338574,108.921875,108.921875,108.921875,108.921875,5,ZNU3
2023-09-19 14:00:00+00:00,34,1,338574,109.046875,109.0625,109.046875,109.0625,12,ZNU3
2023-09-19 15:00:00+00:00,34,1,338574,109.0,109.0,108.96875,108.96875,6,ZNU3
2023-09-19 16:00:00+00:00,34,1,338574,109.0625,109.0625,108.875,108.875,9,ZNU3
2023-09-19 20:00:00+00:00,34,1,338574,108.84375,108.84375,108.84375,108.84375,4,ZNU3
2023-09-20 11:00:00+00:00,34,1,338574,109.078125,109.078125,109.078125,109.078125,2,ZNU3
2023-09-20 13:00:00+00:00,34,1,338574,108.984375,109.203125,108.984375,109.203125,20,ZNU3
2023-09-20 14:00:00+00:00,34,1,338574,108.9375,108.9375,108.9375,108.9375,10,ZNU3
2023-09-20 15:00:00+00:00,34,1,338574,109.125,109.21875,109.125,109.1875,16,ZNU3
