ts_event,rtype,publisher_id,instrument_id,open,high,low,close,volume,symbol
2021-12-31 01:00:00+00:00,34,1,146095,130.3125,130.3125,130.3125,130.3125,2,ZNM2
2021-12-31 20:00:00+00:00,34,1,146095,130.15625,130.15625,130.15625,130.15625,2,ZNM2
2021-12-31 21:00:00+00:00,34,1,146095,130.15625,130.15625,130.15625,130.15625,5,ZNM2
2022-01-03 10:00:00+00:00,34,1,146095,130.109375,130.109375,130.109375,130.109375,8,ZNM2
2022-01-03 11:00:00+00:00,34,1,146095,130.09375,130.09375,130.09375,130.09375,1,ZNM2
2022-01-03 14:00:00+00:00,34,1,146095,129.65625,129.65625,129.40625,129.40625,11,ZNM2
2022-01-03 16:00:00+00:00,34,1,146095,129.390625,129.390625,129.390625,129.390625,2,ZNM2
2022-01-03 17:00:00+00:00,34,1,146095,129.390625,129.390625,129.390625,129.390625,1,ZNM2
2022-01-03 18:00:00+00:00,34,1,146095,129.3125,129.359375,129.3125,129.359375,11,ZNM2
2022-01-03 21:00:00+00:00,34,1,146095,129.34375,129.34375,129.34375,129.34375,1,ZNM2
2022-01-04 12:00:00+00:00,34,1,146095,129.046875,129.046875,129.046875,129.046875,1,ZNM2
2022-01-04 13:00:00+00:00,34,1,146095,129.0,129.15625,129.0,129.15625,5,ZNM2
2022-01-04 15:00:00+00:00,34,1,146095,129.125,129.1875,129.125,129.1875,2,ZNM2
2022-01-04 17:00:00+00:00,34,1,146095,129.0,129.0625,129.0,129.0625,2,ZNM2
2022-01-04 18:00:00+00:00,34,1,146095,129.015625,129.0625,129.015625,129.0625,25,ZNM2
2022-01-04 19:00:00+00:00,34,1,146095,129.09375,129.09375,129.09375,129.09375,5,ZNM2
2022-01-04 21:00:00+00:00,34,1,146095,129.1875,129.1875,129.1875,129.1875,2,ZNM2
2022-01-05 04:00:00+00:00,34,1,146095,129.25,129.25,129.25,129.25,1,ZNM2
2022-01-05 10:00:00+00:00,34,1,146095,129.25,129.25,129.25,129.25,1,ZNM2
2022-01-05 16:00:00+00:00,34,1,146095,128.9375,128.9375,128.921875,128.921875,9,ZNM2
2022-01-05 17:00:00+00:00,34,1,146095,128.890625,128.890625,128.890625,128.890625,2,ZNM2
2022-01-05 18:00:00+00:00,34,1,146095,128.9375,128.9375,128.9375,128.9375,1,ZNM2
2022-01-05 19:00:00+00:00,34,1,146095,128.78125,129.03125,128.6875,128.890625,474,ZNM2
2022-01-05 20:00:00+00:00,34,1,146095,128.796875,128.796875,128.796875,128.796875,4,ZNM2
2022-01-06 04:00:00+00:00,34,1,146095,128.625,128.625,128.625,128.625,1,ZNM2
2022-01-06 05:00:00+00:00,34,1,146095,128.5625,128.5625,128.546875,128.5625,76,ZNM2
2022-01-06 06:00:00+00:00,34,1,146095,128.53125,128.53125,128.53125,128.53125,1,ZNM2
2022-01-06 07:00:00+00:00,34,1,146095,128.59375,128.59375,128.59375,128.59375,1,ZNM2
2022-01-06 11:00:00+00:00,34,1,146095,128.5625,128.5625,128.5,128.5,2,ZNM2
2022-01-06 12:00:00+00:00,34,1,146095,128.359375,128.359375,128.296875,128.328125,16,ZNM2
2022-01-06 13:00:00+00:00,34,1,146095,128.53125,128.546875,128.53125,128.546875,5,ZNM2
2022-01-06 14:00:00+00:00,34,1,146095,128.515625,128.515625,128.515625,128.515625,1,ZNM2
2022-01-06 16:00:00+00:00,34,1,146095,128.40625,128.4375,128.40625,128.4375,3,ZNM2
2022-01-06 18:00:00+00:00,34,1,146095,128.484375,128.484375,128.484375,128.484375,1,ZNM2
2022-01-06 19:00:00+00:00,34,1,146095,128.453125,128.5,128.453125,128.5,2,ZNM2
2022-01-06 21:00:00+00:00,34,1,146095,128.421875,128.4375,128.421875,128.4375,10,ZNM2
2022-01-06 23:00:00+00:00,34,1,146095,128.484375,128.484375,128.46875,128.46875,3,ZNM2
2022-01-07 00:00:00+00:00,34,1,146095,128.53125,128.53125,128.53125,128.53125,1,ZNM2
2022-01-07 07:00:00+00:00,34,1,146095,128.453125,128.453125,128.4375,128.4375,5,ZNM2
2022-01-07 10:00:00+00:00,34,1,146095,128.46875,128.46875,128.453125,128.453125,5,ZNM2
2022-01-07 13:00:00+00:00,34,1,146095,128.234375,128.234375,128.15625,128.1875,3,ZNM2
2022-01-07 14:00:00+00:00,34,1,146095,128.28125,128.3125,128.21875,128.21875,8,ZNM2
2022-01-07 15:00:00+00:00,34,1,146095,128.140625,128.140625,128.140625,128.140625,1,ZNM2
2022-01-07 16:00:00+00:00,34,1,146095,128.0,128.125,128.0,128.125,18,ZNM2
2022-01-07 17:00:00+00:00,34,1,146095,128.15625,128.15625,128.09375,128.09375,6,ZNM2
2022-01-07 18:00:00+00:00,34,1,146095,128.234375,128.234375,128.234375,128.234375,1,ZNM2
2022-01-07 20:00:00+00:00,34,1,146095,128.203125,128.203125,128.1875,128.1875,4,ZNM2
2022-01-09 23:00:00+00:00,34,1,146095,128.203125,128.203125,128.203125,128.203125,1,ZNM2
2022-01-10 00:00:00+00:00,34,1,146095,128.046875,128.046875,128.046875,128.046875,1,ZNM2
2022-01-10 08:00:00+00:00,34,1,146095,127.890625,128.0,127.890625,128.0,2,ZNM2
2022-01-10 09:00:00+00:00,34,1,146095,128.015625,128.015625,127.984375,127.984375,15,ZNM2
2022-01-10 11:00:00+00:00,34,1,146095,128.078125,128.078125,128.078125,128.078125,4,ZNM2
2022-01-10 13:00:00+00:00,34,1,146095,128.015625,128.03125,128.015625,128.03125,2,ZNM2
2022-01-10 14:00:00+00:00,34,1,146095,127.890625,127.890625,127.859375,127.859375,16,ZNM2
2022-01-10 15:00:00+00:00,34,1,146095,127.84375,127.953125,127.84375,127.953125,3,ZNM2
2022-01-10 17:00:00+00:00,34,1,146095,128.078125,128.140625,128.078125,128.140625,26,ZNM2
2022-01-10 18:00:00+00:00,34,1,146095,128.03125,128.03125,128.03125,128.03125,1,ZNM2
2022-01-10 19:00:00+00:00,34,1,146095,128.046875,128.046875,128.046875,128.046875,1,ZNM2
2022-01-10 20:00:00+00:00,34,1,146095,128.046875,128.09375,128.046875,128.09375,2,ZNM2
2022-01-10 21:00:00+00:00,34,1,146095,128.21875,128.21875,128.21875,128.21875,1,ZNM2
2022-01-11 10:00:00+00:00,34,1,146095,128.234375,128.234375,128.234375,128.234375,1,ZNM2
2022-01-11 15:00:00+00:00,34,1,146095,127.96875,128.03125,127.90625,128.03125,5,ZNM2
2022-01-11 16:00:00+00:00,34,1,146095,128.015625,128.109375,128.015625,128.109375,4,ZNM2
2022-01-11 17:00:00+00:00,34,1,146095,128.0625,128.0625,128.0625,128.0625,1,ZNM2
2022-01-11 18:00:00+00:00,34,1,146095,128.21875,128.21875,128.21875,128.21875,1,ZNM2
2022-01-11 19:00:00+00:00,34,1,146095,128.234375,128.3125,128.234375,128.25,28,ZNM2
2022-01-11 20:00:00+00:00,34,1,146095,128.28125,128.28125,128.25,128.25,2,ZNM2
2022-01-11 21:00:00+00:00,34,1,146095,128.3125,128.3125,128.3125,128.3125,1,ZNM2
2022-01-12 00:00:00+00:00,34,1,146095,128.3125,128.34375,128.3125,128.34375,2,ZNM2
2022-01-12 01:00:00+00:00,34,1,146095,128.3125,128.328125,128.3125,128.3125,3,ZNM2
2022-01-12 06:00:00+00:00,34,1,146095,128.375,128.375,128.375,128.375,1,ZNM2
2022-01-12 09:00:00+00:00,34,1,146095,128.234375,128.234375,128.21875,128.234375,6,ZNM2
2022-01-12 10:00:00+00:00,34,1,146095,128.234375,128.234375,128.234375,128.234375,15,ZNM2
2022-01-12 12:00:00+00:00,34,1,146095,128.234375,128.234375,128.234375,128.234375,1,ZNM2
2022-01-12 13:00:00+00:00,34,1,146095,128.4375,128.515625,128.4375,128.515625,6,ZNM2
2022-01-12 14:00:00+00:00,34,1,146095,128.421875,128.53125,128.40625,128.421875,5,ZNM2
2022-01-12 15:00:00+00:00,34,1,146095,128.390625,128.390625,128.359375,128.375,41,ZNM2
2022-01-12 16:00:00+00:00,34,1,146095,128.359375,128.359375,128.359375,128.359375,1,ZNM2
2022-01-12 17:00:00+00:00,34,1,146095,128.421875,128.46875,128.421875,128.46875,5,ZNM2
2022-01-12 18:00:00+00:00,34,1,146095,128.453125,128.453125,128.40625,128.40625,3,ZNM2
2022-01-12 19:00:00+00:00,34,1,146095,128.4375,128.4375,128.4375,128.4375,1,ZNM2
2022-01-12 21:00:00+00:00,34,1,146095,128.34375,128.34375,128.21875,128.21875,5,ZNM2
2022-01-12 23:00:00+00:00,34,1,146095,128.21875,128.265625,128.21875,128.265625,3,ZNM2
2022-01-13 07:00:00+00:00,34,1,146095,128.296875,128.296875,128.234375,128.234375,2,ZNM2
2022-01-13 14:00:00+00:00,34,1,146095,128.40625,128.421875,128.328125,128.328125,4,ZNM2
2022-01-13 16:00:00+00:00,34,1,146095,128.515625,128.515625,128.5,128.5,9,ZNM2
2022-01-13 17:00:00+00:00,34,1,146095,128.515625,128.515625,128.515625,128.515625,1,ZNM2
2022-01-13 18:00:00+00:00,34,1,146095,128.421875,128.609375,128.421875,128.5,41,ZNM2
2022-01-13 19:00:00+00:00,34,1,146095,128.59375,128.59375,128.59375,128.59375,3,ZNM2
2022-01-13 20:00:00+00:00,34,1,146095,128.640625,128.71875,128.640625,128.671875,11,ZNM2
2022-01-13 23:00:00+00:00,34,1,146095,128.59375,128.59375,128.5625,128.5625,9,ZNM2
2022-01-14 00:00:00+00:00,34,1,146095,128.5625,128.5625,128.4375,128.4375,5,ZNM2
2022-01-14 02:00:00+00:00,34,1,146095,128.4375,128.453125,128.4375,128.453125,2,ZNM2
2022-01-14 09:00:00+00:00,34,1,146095,128.375,128.375,128.375,128.375,1,ZNM2
2022-01-14 10:00:00+00:00,34,1,146095,128.3125,128.359375,128.3125,128.34375,4,ZNM2
2022-01-14 11:00:00+00:00,34,1,146095,128.3125,128.3125,128.3125,128.3125,2,ZNM2
2022-01-14 13:00:00+00:00,34,1,146095,128.546875,128.625,128.53125,128.625,15,ZNM2
2022-01-14 14:00:00+00:00,34,1,146095,128.5,128.515625,128.5,128.5,4,ZNM2
2022-01-14 15:00:00+00:00,34,1,146095,128.296875,128.3125,128.296875,128.3125,2,ZNM2
2022-01-14 17:00:00+00:00,34,1,146095,128.234375,128.234375,128.1875,128.1875,2,ZNM2
2022-01-14 18:00:00+00:00,34,1,146095,128.09375,128.09375,128.09375,128.09375,6,ZNM2
2022-01-14 19:00:00+00:00,34,1,146095,128.0625,128.0625,128.03125,128.03125,4,ZNM2
2022-01-14 20:00:00+00:00,34,1,146095,128.0,128.0,127.96875,127.96875,9,ZNM2
2022-01-16 23:00:00+00:00,34,1,146095,127.828125,127.828125,127.703125,127.703125,14,ZNM2
2022-01-17 00:00:00+00:00,34,1,146095,127.625,127.625,127.625,127.625,2,ZNM2
2022-01-17 01:00:00+00:00,34,1,146095,127.53125,127.53125,127.53125,127.53125,3,ZNM2
2022-01-17 07:00:00+00:00,34,1,146095,127.65625,127.71875,127.65625,127.703125,8,ZNM2
2022-01-17 08:00:00+00:00,34,1,146095,127.75,127.796875,127.75,127.796875,40,ZNM2
2022-01-17 09:00:00+00:00,34,1,146095,127.640625,127.640625,127.640625,127.640625,3,ZNM2
2022-01-17 10:00:00+00:00,34,1,146095,127.640625,127.640625,127.640625,127.640625,1,ZNM2
2022-01-17 11:00:00+00:00,34,1,146095,127.625,127.625,127.59375,127.609375,6,ZNM2
2022-01-17 12:00:00+00:00,34,1,146095,127.671875,127.671875,127.671875,127.671875,1,ZNM2
2022-01-17 13:00:00+00:00,34,1,146095,127.6875,127.6875,127.671875,127.671875,3,ZNM2
2022-01-17 14:00:00+00:00,34,1,146095,127.625,127.625,127.609375,127.609375,2,ZNM2
2022-01-17 16:00:00+00:00,34,1,146095,127.625,127.625,127.625,127.625,1,ZNM2
2022-01-17 23:00:00+00:00,34,1,146095,127.6875,127.6875,127.6875,127.6875,1,ZNM2
2022-01-18 03:00:00+00:00,34,1,146095,127.53125,127.53125,127.3125,127.3125,9,ZNM2
2022-01-18 07:00:00+00:00,34,1,146095,127.4375,127.5,127.4375,127.5,4,ZNM2
2022-01-18 08:00:00+00:00,34,1,146095,127.546875,127.546875,127.4375,127.4375,3,ZNM2
2022-01-18 09:00:00+00:00,34,1,146095,127.421875,127.4375,127.390625,127.4375,4,ZNM2
2022-01-18 10:00:00+00:00,34,1,146095,127.453125,127.546875,127.453125,127.515625,4,ZNM2
2022-01-18 11:00:00+00:00,34,1,146095,127.546875,127.578125,127.546875,127.546875,4,ZNM2
2022-01-18 12:00:00+00:00,34,1,146095,127.5625,127.578125,127.5625,127.578125,3,ZNM2
2022-01-18 13:00:00+00:00,34,1,146095,127.625,127.625,127.484375,127.578125,244,ZNM2
2022-01-18 14:00:00+00:00,34,1,146095,127.515625,127.515625,127.421875,127.5,12,ZNM2
2022-01-18 15:00:00+00:00,34,1,146095,127.453125,127.453125,127.34375,127.375,26,ZNM2
2022-01-18 16:00:00+00:00,34,1,146095,127.359375,127.375,127.359375,127.375,5,ZNM2
2022-01-18 17:00:00+00:00,34,1,146095,127.375,127.375,127.1875,127.25,38,ZNM2
2022-01-18 18:00:00+00:00,34,1,146095,127.1875,127.25,127.1875,127.25,6,ZNM2
2022-01-18 19:00:00+00:00,34,1,146095,127.3125,127.3125,127.3125,127.3125,2,ZNM2
2022-01-18 20:00:00+00:00,34,1,146095,127.15625,127.15625,127.09375,127.109375,69,ZNM2
2022-01-18 21:00:00+00:00,34,1,146095,127.140625,127.140625,127.09375,127.09375,4,ZNM2
2022-01-18 23:00:00+00:00,34,1,146095,127.140625,127.140625,127.140625,127.140625,3,ZNM2
2022-01-19 00:00:00+00:00,34,1,146095,127.046875,127.0625,127.046875,127.0625,2,ZNM2
2022-01-19 01:00:00+00:00,34,1,146095,127.046875,127.046875,127.015625,127.015625,7,ZNM2
2022-01-19 02:00:00+00:00,34,1,146095,127.0,127.0,126.921875,126.921875,2,ZNM2
2022-01-19 04:00:00+00:00,34,1,146095,127.0,127.0,127.0,127.0,3,ZNM2
2022-01-19 06:00:00+00:00,34,1,146095,127.03125,127.09375,127.03125,127.078125,4,ZNM2
2022-01-19 07:00:00+00:00,34,1,146095,126.984375,126.984375,126.984375,126.984375,1,ZNM2
2022-01-19 08:00:00+00:00,34,1,146095,126.96875,126.96875,126.890625,126.953125,3,ZNM2
2022-01-19 09:00:00+00:00,34,1,146095,126.953125,127.015625,126.953125,127.0,152,ZNM2
2022-01-19 10:00:00+00:00,34,1,146095,127.0,127.03125,127.0,127.03125,133,ZNM2
2022-01-19 13:00:00+00:00,34,1,146095,127.09375,127.25,127.09375,127.21875,22,ZNM2
2022-01-19 14:00:00+00:00,34,1,146095,127.234375,127.375,127.21875,127.375,30,ZNM2
2022-01-19 15:00:00+00:00,34,1,146095,127.359375,127.421875,127.25,127.28125,15,ZNM2
2022-01-19 16:00:00+00:00,34,1,146095,127.375,127.484375,127.375,127.46875,5,ZNM2
2022-01-19 17:00:00+00:00,34,1,146095,127.421875,127.4375,127.421875,127.4375,2,ZNM2
2022-01-19 18:00:00+00:00,34,1,146095,127.53125,127.5625,127.46875,127.46875,9,ZNM2
2022-01-19 19:00:00+00:00,34,1,146095,127.484375,127.53125,127.484375,127.53125,4,ZNM2
2022-01-19 20:00:00+00:00,34,1,146095,127.453125,127.453125,127.375,127.375,83,ZNM2
2022-01-19 21:00:00+00:00,34,1,146095,127.328125,127.359375,127.234375,127.234375,99,ZNM2
2022-01-19 23:00:00+00:00,34,1,146095,127.15625,127.234375,127.15625,127.234375,2,ZNM2
2022-01-20 00:00:00+00:00,34,1,146095,127.1875,127.3125,127.1875,127.3125,6,ZNM2
2022-01-20 01:00:00+00:00,34,1,146095,127.34375,127.34375,127.34375,127.34375,1,ZNM2
2022-01-20 02:00:00+00:00,34,1,146095,127.359375,127.359375,127.296875,127.296875,9,ZNM2
2022-01-20 06:00:00+00:00,34,1,146095,127.265625,127.265625,127.265625,127.265625,1,ZNM2
2022-01-20 07:00:00+00:00,34,1,146095,127.3125,127.34375,127.3125,127.34375,3,ZNM2
2022-01-20 08:00:00+00:00,34,1,146095,127.359375,127.359375,127.359375,127.359375,2,ZNM2
2022-01-20 09:00:00+00:00,34,1,146095,127.421875,127.421875,127.421875,127.421875,2,ZNM2
2022-01-20 10:00:00+00:00,34,1,146095,127.484375,127.5,127.4375,127.4375,21,ZNM2
2022-01-20 11:00:00+00:00,34,1,146095,127.453125,127.46875,127.453125,127.46875,2,ZNM2
2022-01-20 12:00:00+00:00,34,1,146095,127.4375,127.4375,127.390625,127.4375,3,ZNM2
2022-01-20 13:00:00+00:00,34,1,146095,127.5,127.640625,127.5,127.609375,8,ZNM2
2022-01-20 14:00:00+00:00,34,1,146095,127.609375,127.609375,127.53125,127.5625,8,ZNM2
2022-01-20 15:00:00+00:00,34,1,146095,127.578125,127.578125,127.5,127.5,14,ZNM2
2022-01-20 16:00:00+00:00,34,1,146095,127.546875,127.5625,127.5,127.5,5,ZNM2
2022-01-20 17:00:00+00:00,34,1,146095,127.484375,127.484375,127.484375,127.484375,1,ZNM2
2022-01-20 18:00:00+00:00,34,1,146095,127.484375,127.515625,127.484375,127.515625,4,ZNM2
2022-01-20 19:00:00+00:00,34,1,146095,127.53125,127.53125,127.515625,127.515625,9,ZNM2
2022-01-20 20:00:00+00:00,34,1,146095,127.515625,127.515625,127.515625,127.515625,10,ZNM2
2022-01-20 21:00:00+00:00,34,1,146095,127.625,127.75,127.625,127.734375,10,ZNM2
2022-01-20 23:00:00+00:00,34,1,146095,127.890625,127.890625,127.859375,127.890625,3,ZNM2
2022-01-21 00:00:00+00:00,34,1,146095,127.953125,128.0625,127.953125,128.0625,30,ZNM2
2022-01-21 01:00:00+00:00,34,1,146095,128.09375,128.109375,128.09375,128.109375,6,ZNM2
2022-01-21 02:00:00+00:00,34,1,146095,127.96875,128.09375,127.96875,128.0625,28,ZNM2
2022-01-21 03:00:00+00:00,34,1,146095,128.09375,128.09375,128.09375,128.09375,26,ZNM2
2022-01-21 04:00:00+00:00,34,1,146095,128.015625,128.03125,128.0,128.0,4,ZNM2
2022-01-21 05:00:00+00:00,34,1,146095,128.09375,128.09375,128.09375,128.09375,1,ZNM2
2022-01-21 06:00:00+00:00,34,1,146095,127.96875,127.96875,127.953125,127.953125,2,ZNM2
2022-01-21 07:00:00+00:00,34,1,146095,127.96875,128.0,127.953125,128.0,9,ZNM2
2022-01-21 08:00:00+00:00,34,1,146095,127.859375,127.859375,127.859375,127.859375,1,ZNM2
2022-01-21 09:00:00+00:00,34,1,146095,127.875,127.953125,127.875,127.890625,6,ZNM2
2022-01-21 10:00:00+00:00,34,1,146095,127.90625,127.9375,127.875,127.875,20,ZNM2
2022-01-21 11:00:00+00:00,34,1,146095,127.90625,127.90625,127.90625,127.90625,1,ZNM2
2022-01-21 12:00:00+00:00,34,1,146095,127.84375,127.875,127.84375,127.875,3,ZNM2
2022-01-21 13:00:00+00:00,34,1,146095,128.046875,128.0625,127.984375,128.0,40,ZNM2
2022-01-21 14:00:00+00:00,34,1,146095,128.125,128.21875,128.125,128.21875,28,ZNM2
2022-01-21 15:00:00+00:00,34,1,146095,128.1875,128.328125,128.09375,128.109375,158,ZNM2
2022-01-21 16:00:00+00:00,34,1,146095,128.125,128.140625,128.03125,128.0625,8,ZNM2
2022-01-21 17:00:00+00:00,34,1,146095,128.078125,128.09375,128.078125,128.09375,8,ZNM2
2022-01-21 19:00:00+00:00,34,1,146095,128.078125,128.109375,128.0625,128.109375,16,ZNM2
2022-01-21 20:00:00+00:00,34,1,146095,128.234375,128.234375,128.109375,128.125,17,ZNM2
2022-01-21 21:00:00+00:00,34,1,146095,128.109375,128.109375,127.9375,127.9375,7,ZNM2
2022-01-23 23:00:00+00:00,34,1,146095,127.90625,127.984375,127.90625,127.984375,6,ZNM2
2022-01-24 04:00:00+00:00,34,1,146095,127.890625,127.890625,127.890625,127.890625,1,ZNM2
2022-01-24 05:00:00+00:00,34,1,146095,127.90625,127.90625,127.90625,127.90625,1,ZNM2
2022-01-24 06:00:00+00:00,34,1,146095,127.921875,127.921875,127.921875,127.921875,1,ZNM2
2022-01-24 07:00:00+00:00,34,1,146095,128.015625,128.03125,128.0,128.0,4,ZNM2
2022-01-24 08:00:00+00:00,34,1,146095,128.046875,128.25,128.046875,128.25,47,ZNM2
2022-01-24 09:00:00+00:00,34,1,146095,128.234375,128.390625,128.234375,128.34375,17,ZNM2
2022-01-24 10:00:00+00:00,34,1,146095,128.3125,128.390625,128.3125,128.359375,28,ZNM2
2022-01-24 12:00:00+00:00,34,1,146095,128.234375,128.25,128.234375,128.234375,6,ZNM2
2022-01-24 13:00:00+00:00,34,1,146095,128.296875,128.4375,128.28125,128.359375,37,ZNM2
2022-01-24 14:00:00+00:00,34,1,146095,128.453125,128.5,128.34375,128.4375,216,ZNM2
2022-01-24 15:00:00+00:00,34,1,146095,128.46875,128.515625,128.359375,128.390625,106,ZNM2
2022-01-24 16:00:00+00:00,34,1,146095,128.390625,128.390625,128.359375,128.359375,3,ZNM2
2022-01-24 17:00:00+00:00,34,1,146095,128.4375,128.453125,128.40625,128.40625,15,ZNM2
2022-01-24 18:00:00+00:00,34,1,146095,128.4375,128.53125,128.4375,128.5,31,ZNM2
2022-01-24 19:00:00+00:00,34,1,146095,128.421875,128.4375,128.421875,128.421875,15,ZNM2
2022-01-24 20:00:00+00:00,34,1,146095,128.3125,128.3125,128.15625,128.15625,7,ZNM2
2022-01-24 21:00:00+00:00,34,1,146095,128.078125,128.078125,128.03125,128.046875,15,ZNM2
2022-01-24 23:00:00+00:00,34,1,146095,128.046875,128.046875,128.03125,128.03125,4,ZNM2
2022-01-25 00:00:00+00:00,34,1,146095,128.0,128.0,128.0,128.0,3,ZNM2
2022-01-25 02:00:00+00:00,34,1,146095,128.09375,128.09375,128.0625,128.0625,2,ZNM2
2022-01-25 05:00:00+00:00,34,1,146095,128.171875,128.171875,128.15625,128.15625,2,ZNM2
2022-01-25 06:00:00+00:00,34,1,146095,128.125,128.140625,128.125,128.125,6,ZNM2
2022-01-25 07:00:00+00:00,34,1,146095,128.140625,128.234375,128.140625,128.1875,9,ZNM2
2022-01-25 09:00:00+00:00,34,1,146095,127.984375,127.984375,127.90625,127.90625,10,ZNM2
2022-01-25 10:00:00+00:00,34,1,146095,127.90625,127.953125,127.890625,127.953125,9,ZNM2
2022-01-25 11:00:00+00:00,34,1,146095,127.9375,127.953125,127.890625,127.953125,8,ZNM2
2022-01-25 12:00:00+00:00,34,1,146095,128.03125,128.03125,128.0,128.0,16,ZNM2
2022-01-25 13:00:00+00:00,34,1,146095,128.09375,128.09375,128.09375,128.09375,1,ZNM2
2022-01-25 14:00:00+00:00,34,1,146095,128.1875,128.296875,128.1875,128.296875,8,ZNM2
2022-01-25 15:00:00+00:00,34,1,146095,128.359375,128.359375,128.203125,128.234375,12,ZNM2
2022-01-25 16:00:00+00:00,34,1,146095,128.25,128.25,128.140625,128.171875,81,ZNM2
2022-01-25 17:00:00+00:00,34,1,146095,128.1875,128.1875,128.1875,128.1875,2,ZNM2
2022-01-25 18:00:00+00:00,34,1,146095,128.203125,128.203125,128.0,128.0,10,ZNM2
2022-01-25 19:00:00+00:00,34,1,146095,127.984375,127.984375,127.984375,127.984375,3,ZNM2
2022-01-25 20:00:00+00:00,34,1,146095,127.96875,128.015625,127.953125,128.015625,14,ZNM2
2022-01-25 21:00:00+00:00,34,1,146095,128.015625,128.015625,127.984375,127.984375,51,ZNM2
2022-01-25 23:00:00+00:00,34,1,146095,128.0,128.0,128.0,128.0,1,ZNM2
2022-01-26 01:00:00+00:00,34,1,146095,128.03125,128.03125,128.03125,128.03125,1,ZNM2
2022-01-26 03:00:00+00:00,34,1,146095,128.03125,128.078125,128.03125,128.078125,2,ZNM2
2022-01-26 06:00:00+00:00,34,1,146095,128.046875,128.0625,128.03125,128.03125,5,ZNM2
2022-01-26 07:00:00+00:00,34,1,146095,128.03125,128.046875,128.03125,128.046875,2,ZNM2
2022-01-26 09:00:00+00:00,34,1,146095,128.03125,128.03125,128.03125,128.03125,5,ZNM2
2022-01-26 10:00:00+00:00,34,1,146095,127.96875,127.96875,127.96875,127.96875,1,ZNM2
2022-01-26 11:00:00+00:00,34,1,146095,127.921875,127.96875,127.921875,127.921875,7,ZNM2
2022-01-26 12:00:00+00:00,34,1,146095,127.9375,127.96875,127.90625,127.96875,9,ZNM2
2022-01-26 13:00:00+00:00,34,1,146095,127.96875,128.03125,127.96875,127.984375,10,ZNM2
2022-01-26 14:00:00+00:00,34,1,146095,128.0625,128.0625,127.921875,127.921875,28,ZNM2
2022-01-26 15:00:00+00:00,34,1,146095,128.0,128.09375,128.0,128.015625,33,ZNM2
2022-01-26 16:00:00+00:00,34,1,146095,127.953125,128.015625,127.953125,128.015625,2,ZNM2
2022-01-26 17:00:00+00:00,34,1,146095,127.953125,127.984375,127.953125,127.96875,8,ZNM2
2022-01-26 18:00:00+00:00,34,1,146095,128.0625,128.0625,128.015625,128.015625,18,ZNM2
2022-01-26 19:00:00+00:00,34,1,146095,128.015625,128.015625,127.265625,127.265625,103,ZNM2
2022-01-26 20:00:00+00:00,34,1,146095,127.375,127.5,127.21875,127.28125,69,ZNM2
2022-01-26 21:00:00+00:00,34,1,146095,127.21875,127.21875,127.046875,127.09375,48,ZNM2
2022-01-26 23:00:00+00:00,34,1,146095,127.15625,127.203125,127.125,127.171875,13,ZNM2
2022-01-27 00:00:00+00:00,34,1,146095,127.265625,127.265625,127.25,127.25,30,ZNM2
2022-01-27 01:00:00+00:00,34,1,146095,127.1875,127.21875,127.1875,127.21875,6,ZNM2
2022-01-27 02:00:00+00:00,34,1,146095,127.15625,127.234375,127.15625,127.21875,63,ZNM2
2022-01-27 03:00:00+00:00,34,1,146095,127.171875,127.171875,127.15625,127.15625,4,ZNM2
2022-01-27 04:00:00+00:00,34,1,146095,127.296875,127.296875,127.296875,127.296875,3,ZNM2
2022-01-27 06:00:00+00:00,34,1,146095,127.296875,127.3125,127.296875,127.3125,2,ZNM2
2022-01-27 07:00:00+00:00,34,1,146095,127.328125,127.359375,127.296875,127.328125,43,ZNM2
2022-01-27 08:00:00+00:00,34,1,146095,127.28125,127.296875,127.234375,127.234375,7,ZNM2
2022-01-27 09:00:00+00:00,34,1,146095,127.203125,127.28125,127.171875,127.28125,16,ZNM2
2022-01-27 10:00:00+00:00,34,1,146095,127.265625,127.296875,127.265625,127.296875,3,ZNM2
2022-01-27 11:00:00+00:00,34,1,146095,127.34375,127.375,127.34375,127.375,7,ZNM2
2022-01-27 12:00:00+00:00,34,1,146095,127.421875,127.4375,127.359375,127.359375,10,ZNM2
2022-01-27 13:00:00+00:00,34,1,146095,127.40625,127.40625,127.328125,127.375,15,ZNM2
2022-01-27 14:00:00+00:00,34,1,146095,127.359375,127.609375,127.359375,127.59375,24,ZNM2
2022-01-27 15:00:00+00:00,34,1,146095,127.578125,127.640625,127.5625,127.5625,36,ZNM2
2022-01-27 16:00:00+00:00,34,1,146095,127.53125,127.546875,127.5,127.5,12,ZNM2
2022-01-27 17:00:00+00:00,34,1,146095,127.546875,127.75,127.546875,127.671875,73,ZNM2
2022-01-27 18:00:00+00:00,34,1,146095,127.703125,127.71875,127.6875,127.6875,5,ZNM2
2022-01-27 19:00:00+00:00,34,1,146095,127.609375,127.609375,127.546875,127.546875,73,ZNM2
2022-01-27 20:00:00+00:00,34,1,146095,127.515625,127.53125,127.5,127.515625,11,ZNM2
2022-01-27 21:00:00+00:00,34,1,146095,127.546875,127.546875,127.515625,127.53125,5,ZNM2
2022-01-27 23:00:00+00:00,34,1,146095,127.484375,127.484375,127.484375,127.484375,1,ZNM2
2022-01-28 00:00:00+00:00,34,1,146095,127.46875,127.46875,127.46875,127.46875,2,ZNM2
2022-01-28 05:00:00+00:00,34,1,146095,127.46875,127.46875,127.46875,127.46875,2,ZNM2
2022-01-28 06:00:00+00:00,34,1,146095,127.46875,127.46875,127.453125,127.453125,3,ZNM2
2022-01-28 07:00:00+00:00,34,1,146095,127.453125,127.453125,127.4375,127.4375,2,ZNM2
2022-01-28 08:00:00+00:00,34,1,146095,127.390625,127.4375,127.375,127.4375,18,ZNM2
2022-01-28 09:00:00+00:00,34,1,146095,127.421875,127.421875,127.40625,127.40625,2,ZNM2
2022-01-28 10:00:00+00:00,34,1,146095,127.34375,127.34375,127.3125,127.3125,7,ZNM2
2022-01-28 11:00:00+00:00,34,1,146095,127.265625,127.3125,127.265625,127.3125,9,ZNM2
2022-01-28 12:00:00+00:00,34,1,146095,127.25,127.3125,127.25,127.3125,6,ZNM2
2022-01-28 13:00:00+00:00,34,1,146095,127.265625,127.59375,127.25,127.4375,41,ZNM2
2022-01-28 14:00:00+00:00,34,1,146095,127.515625,127.703125,127.453125,127.703125,31,ZNM2
2022-01-28 15:00:00+00:00,34,1,146095,127.671875,127.84375,127.59375,127.796875,48,ZNM2
2022-01-28 16:00:00+00:00,34,1,146095,127.796875,127.875,127.75,127.859375,111,ZNM2
2022-01-28 17:00:00+00:00,34,1,146095,127.859375,127.875,127.84375,127.859375,13,ZNM2
2022-01-28 18:00:00+00:00,34,1,146095,127.78125,127.796875,127.765625,127.78125,17,ZNM2
2022-01-28 19:00:00+00:00,34,1,146095,127.796875,127.84375,127.796875,127.8125,11,ZNM2
2022-01-28 20:00:00+00:00,34,1,146095,127.875,127.890625,127.84375,127.84375,27,ZNM2
2022-01-28 21:00:00+00:00,34,1,146095,127.796875,127.859375,127.796875,127.859375,3,ZNM2
2022-01-30 23:00:00+00:00,34,1,146095,127.734375,127.796875,127.734375,127.78125,3,ZNM2
2022-01-31 01:00:00+00:00,34,1,146095,127.75,127.75,127.75,127.75,1,ZNM2
2022-01-31 03:00:00+00:00,34,1,146095,127.71875,127.71875,127.71875,127.71875,5,ZNM2
2022-01-31 05:00:00+00:00,34,1,146095,127.75,127.8125,127.75,127.796875,9,ZNM2
2022-01-31 06:00:00+00:00,34,1,146095,127.765625,127.765625,127.75,127.75,32,ZNM2
2022-01-31 07:00:00+00:00,34,1,146095,127.765625,127.796875,127.765625,127.796875,7,ZNM2
2022-01-31 09:00:00+00:00,34,1,146095,127.875,127.890625,127.859375,127.859375,16,ZNM2
2022-01-31 11:00:00+00:00,34,1,146095,127.765625,127.765625,127.75,127.765625,14,ZNM2
2022-01-31 12:00:00+00:00,34,1,146095,127.765625,127.765625,127.765625,127.765625,1,ZNM2
2022-01-31 13:00:00+00:00,34,1,146095,127.65625,127.65625,127.5625,127.5625,18,ZNM2
2022-01-31 14:00:00+00:00,34,1,146095,127.734375,127.734375,127.6875,127.734375,243,ZNM2
2022-01-31 15:00:00+00:00,34,1,146095,127.703125,127.78125,127.671875,127.75,1362,ZNM2
2022-01-31 16:00:00+00:00,34,1,146095,127.8125,127.8125,127.75,127.8125,46,ZNM2
2022-01-31 17:00:00+00:00,34,1,146095,127.84375,127.84375,127.8125,127.8125,13,ZNM2
2022-01-31 18:00:00+00:00,34,1,146095,127.8125,127.890625,127.8125,127.875,125,ZNM2
2022-01-31 19:00:00+00:00,34,1,146095,127.890625,127.9375,127.84375,127.859375,297,ZNM2
2022-01-31 20:00:00+00:00,34,1,146095,127.859375,127.90625,127.796875,127.84375,256,ZNM2
2022-01-31 21:00:00+00:00,34,1,146095,127.84375,127.84375,127.84375,127.84375,2,ZNM2
2022-02-01 00:00:00+00:00,34,1,146095,127.875,127.875,127.875,127.875,4,ZNM2
2022-02-01 01:00:00+00:00,34,1,146095,127.90625,128.0,127.90625,128.0,7,ZNM2
2022-02-01 03:00:00+00:00,34,1,146095,127.984375,128.0,127.984375,128.0,11,ZNM2
2022-02-01 05:00:00+00:00,34,1,146095,128.0,128.0,128.0,128.0,10,ZNM2
2022-02-01 06:00:00+00:00,34,1,146095,128.0,128.0,127.953125,127.953125,34,ZNM2
2022-02-01 07:00:00+00:00,34,1,146095,127.921875,127.984375,127.890625,127.890625,12,ZNM2
2022-02-01 08:00:00+00:00,34,1,146095,127.84375,128.0,127.84375,128.0,3,ZNM2
2022-02-01 09:00:00+00:00,34,1,146095,128.015625,128.125,128.015625,128.125,20,ZNM2
2022-02-01 10:00:00+00:00,34,1,146095,128.09375,128.109375,128.09375,128.109375,7,ZNM2
2022-02-01 11:00:00+00:00,34,1,146095,128.171875,128.171875,128.140625,128.140625,103,ZNM2
2022-02-01 12:00:00+00:00,34,1,146095,128.171875,128.265625,128.171875,128.171875,65,ZNM2
2022-02-01 13:00:00+00:00,34,1,146095,128.15625,128.203125,128.046875,128.078125,51,ZNM2
2022-02-01 14:00:00+00:00,34,1,146095,128.0,128.0,127.796875,127.828125,36,ZNM2
2022-02-01 15:00:00+00:00,34,1,146095,127.859375,127.859375,127.59375,127.71875,139,ZNM2
2022-02-01 16:00:00+00:00,34,1,146095,127.671875,127.75,127.671875,127.75,4,ZNM2
2022-02-01 17:00:00+00:00,34,1,146095,127.734375,127.859375,127.734375,127.859375,52,ZNM2
2022-02-01 19:00:00+00:00,34,1,146095,127.75,127.765625,127.734375,127.765625,20,ZNM2
2022-02-01 20:00:00+00:00,34,1,146095,127.75,127.75,127.6875,127.734375,57,ZNM2
2022-02-01 21:00:00+00:00,34,1,146095,127.75,127.828125,127.75,127.765625,8,ZNM2
2022-02-02 01:00:00+00:00,34,1,146095,127.84375,127.84375,127.84375,127.84375,1,ZNM2
2022-02-02 02:00:00+00:00,34,1,146095,127.796875,127.796875,127.796875,127.796875,1,ZNM2
2022-02-02 04:00:00+00:00,34,1,146095,127.8125,127.8125,127.8125,127.8125,1,ZNM2
2022-02-02 05:00:00+00:00,34,1,146095,127.8125,127.8125,127.8125,127.8125,1,ZNM2
2022-02-02 06:00:00+00:00,34,1,146095,127.8125,127.8125,127.8125,127.8125,1,ZNM2
2022-02-02 07:00:00+00:00,34,1,146095,127.84375,127.84375,127.8125,127.828125,8,ZNM2
2022-02-02 08:00:00+00:00,34,1,146095,127.84375,127.9375,127.84375,127.9375,36,ZNM2
2022-02-02 09:00:00+00:00,34,1,146095,127.921875,127.921875,127.875,127.875,13,ZNM2
2022-02-02 10:00:00+00:00,34,1,146095,127.890625,127.890625,127.765625,127.765625,8,ZNM2
2022-02-02 11:00:00+00:00,34,1,146095,127.8125,127.8125,127.8125,127.8125,1,ZNM2
2022-02-02 12:00:00+00:00,34,1,146095,127.875,127.875,127.875,127.875,1,ZNM2
2022-02-02 13:00:00+00:00,34,1,146095,127.890625,128.015625,127.6875,127.703125,61,ZNM2
2022-02-02 14:00:00+00:00,34,1,146095,127.765625,128.046875,127.765625,128.046875,99,ZNM2
2022-02-02 15:00:00+00:00,34,1,146095,128.03125,128.046875,127.96875,127.96875,541,ZNM2
2022-02-02 16:00:00+00:00,34,1,146095,127.953125,128.1875,127.953125,128.125,69,ZNM2
2022-02-02 17:00:00+00:00,34,1,146095,128.140625,128.140625,128.109375,128.140625,31,ZNM2
2022-02-02 18:00:00+00:00,34,1,146095,128.171875,128.171875,128.03125,128.03125,61,ZNM2
2022-02-02 19:00:00+00:00,34,1,146095,128.015625,128.03125,128.0,128.03125,21,ZNM2
2022-02-02 20:00:00+00:00,34,1,146095,128.03125,128.03125,127.953125,127.96875,17,ZNM2
2022-02-02 21:00:00+00:00,34,1,146095,127.96875,128.015625,127.96875,127.96875,11,ZNM2
2022-02-02 23:00:00+00:00,34,1,146095,127.8125,127.9375,127.8125,127.9375,6,ZNM2
2022-02-03 08:00:00+00:00,34,1,146095,127.984375,128.046875,127.984375,128.046875,18,ZNM2
2022-02-03 09:00:00+00:00,34,1,146095,128.03125,128.0625,128.0,128.0,81,ZNM2
2022-02-03 10:00:00+00:00,34,1,146095,128.015625,128.046875,128.015625,128.046875,104,ZNM2
2022-02-03 11:00:00+00:00,34,1,146095,128.046875,128.046875,128.0,128.015625,30,ZNM2
2022-02-03 12:00:00+00:00,34,1,146095,127.9375,127.9375,127.75,127.75,18,ZNM2
2022-02-03 13:00:00+00:00,34,1,146095,127.84375,127.84375,127.609375,127.609375,105,ZNM2
2022-02-03 14:00:00+00:00,34,1,146095,127.53125,127.59375,127.453125,127.484375,386,ZNM2
2022-02-03 15:00:00+00:00,34,1,146095,127.4375,127.625,127.4375,127.515625,130,ZNM2
2022-02-03 16:00:00+00:00,34,1,146095,127.5,127.5625,127.453125,127.5625,97,ZNM2
2022-02-03 17:00:00+00:00,34,1,146095,127.5,127.5625,127.46875,127.46875,127,ZNM2
2022-02-03 18:00:00+00:00,34,1,146095,127.5,127.546875,127.453125,127.484375,112,ZNM2
2022-02-03 19:00:00+00:00,34,1,146095,127.53125,127.578125,127.5,127.546875,152,ZNM2
2022-02-03 20:00:00+00:00,34,1,146095,127.53125,127.59375,127.515625,127.59375,23,ZNM2
2022-02-03 21:00:00+00:00,34,1,146095,127.515625,127.515625,127.40625,127.484375,307,ZNM2
2022-02-03 23:00:00+00:00,34,1,146095,127.515625,127.515625,127.515625,127.515625,3,ZNM2
2022-02-04 00:00:00+00:00,34,1,146095,127.375,127.390625,127.375,127.390625,2,ZNM2
2022-02-04 01:00:00+00:00,34,1,146095,127.375,127.421875,127.375,127.421875,105,ZNM2
2022-02-04 02:00:00+00:00,34,1,146095,127.421875,127.453125,127.421875,127.453125,2,ZNM2
2022-02-04 04:00:00+00:00,34,1,146095,127.359375,127.359375,127.359375,127.359375,1,ZNM2
2022-02-04 05:00:00+00:00,34,1,146095,127.359375,127.359375,127.359375,127.359375,1,ZNM2
2022-02-04 06:00:00+00:00,34,1,146095,127.375,127.421875,127.375,127.421875,16,ZNM2
2022-02-04 07:00:00+00:00,34,1,146095,127.515625,127.546875,127.375,127.421875,25,ZNM2
2022-02-04 08:00:00+00:00,34,1,146095,127.484375,127.515625,127.484375,127.5,4,ZNM2
2022-02-04 09:00:00+00:00,34,1,146095,127.46875,127.578125,127.46875,127.5625,17,ZNM2
2022-02-04 10:00:00+00:00,34,1,146095,127.59375,127.609375,127.578125,127.59375,13,ZNM2
2022-02-04 11:00:00+00:00,34,1,146095,127.5625,127.609375,127.5625,127.609375,9,ZNM2
2022-02-04 12:00:00+00:00,34,1,146095,127.609375,127.609375,127.5625,127.578125,10,ZNM2
2022-02-04 13:00:00+00:00,34,1,146095,127.578125,127.640625,126.796875,126.796875,422,ZNM2
2022-02-04 14:00:00+00:00,34,1,146095,126.78125,127.0,126.78125,126.78125,136,ZNM2
2022-02-04 15:00:00+00:00,34,1,146095,126.875,126.875,126.640625,126.65625,156,ZNM2
2022-02-04 16:00:00+00:00,34,1,146095,126.71875,126.765625,126.671875,126.6875,40,ZNM2
2022-02-04 17:00:00+00:00,34,1,146095,126.765625,126.796875,126.671875,126.671875,41,ZNM2
2022-02-04 18:00:00+00:00,34,1,146095,126.703125,126.734375,126.6875,126.6875,16,ZNM2
2022-02-04 19:00:00+00:00,34,1,146095,126.6875,126.71875,126.640625,126.671875,40,ZNM2
2022-02-04 20:00:00+00:00,34,1,146095,126.671875,126.71875,126.65625,126.6875,61,ZNM2
2022-02-04 21:00:00+00:00,34,1,146095,126.765625,126.78125,126.765625,126.78125,45,ZNM2
2022-02-06 23:00:00+00:00,34,1,146095,126.640625,126.71875,126.640625,126.71875,92,ZNM2
2022-02-07 00:00:00+00:00,34,1,146095,126.828125,126.875,126.828125,126.875,21,ZNM2
2022-02-07 01:00:00+00:00,34,1,146095,126.859375,126.875,126.765625,126.765625,12,ZNM2
2022-02-07 02:00:00+00:00,34,1,146095,126.8125,126.84375,126.78125,126.84375,67,ZNM2
2022-02-07 03:00:00+00:00,34,1,146095,126.796875,126.8125,126.796875,126.8125,17,ZNM2
2022-02-07 04:00:00+00:00,34,1,146095,126.828125,126.828125,126.796875,126.8125,32,ZNM2
2022-02-07 05:00:00+00:00,34,1,146095,126.84375,126.859375,126.84375,126.859375,31,ZNM2
2022-02-07 06:00:00+00:00,34,1,146095,126.859375,126.859375,126.8125,126.8125,25,ZNM2
2022-02-07 07:00:00+00:00,34,1,146095,126.875,126.921875,126.859375,126.859375,14,ZNM2
2022-02-07 08:00:00+00:00,34,1,146095,126.859375,126.875,126.78125,126.84375,29,ZNM2
2022-02-07 09:00:00+00:00,34,1,146095,126.875,126.875,126.796875,126.828125,56,ZNM2
2022-02-07 10:00:00+00:00,34,1,146095,126.8125,126.8125,126.765625,126.78125,21,ZNM2
2022-02-07 11:00:00+00:00,34,1,146095,126.734375,126.765625,126.71875,126.71875,38,ZNM2
2022-02-07 12:00:00+00:00,34,1,146095,126.703125,126.78125,126.6875,126.78125,89,ZNM2
2022-02-07 13:00:00+00:00,34,1,146095,126.734375,126.859375,126.703125,126.703125,64,ZNM2
2022-02-07 14:00:00+00:00,34,1,146095,126.71875,126.8125,126.71875,126.734375,77,ZNM2
2022-02-07 15:00:00+00:00,34,1,146095,126.6875,126.828125,126.65625,126.65625,62,ZNM2
2022-02-07 16:00:00+00:00,34,1,146095,126.65625,126.765625,126.625,126.765625,40,ZNM2
2022-02-07 17:00:00+00:00,34,1,146095,126.71875,126.734375,126.71875,126.734375,11,ZNM2
2022-02-07 18:00:00+00:00,34,1,146095,126.78125,126.828125,126.78125,126.78125,27,ZNM2
2022-02-07 19:00:00+00:00,34,1,146095,126.78125,126.84375,126.75,126.796875,28,ZNM2
2022-02-07 20:00:00+00:00,34,1,146095,126.796875,126.796875,126.765625,126.765625,12,ZNM2
2022-02-07 21:00:00+00:00,34,1,146095,126.75,126.796875,126.75,126.796875,19,ZNM2
2022-02-08 00:00:00+00:00,34,1,146095,126.703125,126.703125,126.703125,126.703125,51,ZNM2
2022-02-08 02:00:00+00:00,34,1,146095,126.609375,126.609375,126.59375,126.59375,20,ZNM2
2022-02-08 03:00:00+00:00,34,1,146095,126.640625,126.640625,126.59375,126.59375,11,ZNM2
2022-02-08 04:00:00+00:00,34,1,146095,126.5625,126.5625,126.484375,126.484375,23,ZNM2
2022-02-08 05:00:00+00:00,34,1,146095,126.46875,126.484375,126.46875,126.484375,8,ZNM2
2022-02-08 06:00:00+00:00,34,1,146095,126.46875,126.515625,126.46875,126.484375,62,ZNM2
2022-02-08 07:00:00+00:00,34,1,146095,126.5,126.5,126.375,126.4375,24,ZNM2
2022-02-08 08:00:00+00:00,34,1,146095,126.5,126.546875,126.46875,126.546875,287,ZNM2
2022-02-08 09:00:00+00:00,34,1,146095,126.578125,126.609375,126.5625,126.59375,35,ZNM2
2022-02-08 10:00:00+00:00,34,1,146095,126.5625,126.65625,126.5625,126.640625,81,ZNM2
2022-02-08 11:00:00+00:00,34,1,146095,126.625,126.625,126.5625,126.5625,5,ZNM2
2022-02-08 12:00:00+00:00,34,1,146095,126.5,126.546875,126.5,126.53125,66,ZNM2
2022-02-08 13:00:00+00:00,34,1,146095,126.53125,126.5625,126.515625,126.53125,36,ZNM2
2022-02-08 14:00:00+00:00,34,1,146095,126.46875,126.484375,126.359375,126.375,106,ZNM2
2022-02-08 15:00:00+00:00,34,1,146095,126.390625,126.4375,126.359375,126.40625,550,ZNM2
2022-02-08 16:00:00+00:00,34,1,146095,126.4375,126.484375,126.4375,126.46875,6,ZNM2
2022-02-08 17:00:00+00:00,34,1,146095,126.515625,126.515625,126.46875,126.46875,6,ZNM2
2022-02-08 18:00:00+00:00,34,1,146095,126.421875,126.46875,126.421875,126.46875,29,ZNM2
2022-02-08 19:00:00+00:00,34,1,146095,126.5,126.5,126.4375,126.484375,34,ZNM2
2022-02-08 20:00:00+00:00,34,1,146095,126.484375,126.484375,126.421875,126.421875,108,ZNM2
2022-02-08 21:00:00+00:00,34,1,146095,126.375,126.375,126.375,126.375,1,ZNM2
2022-02-08 23:00:00+00:00,34,1,146095,126.359375,126.4375,126.359375,126.4375,22,ZNM2
2022-02-09 00:00:00+00:00,34,1,146095,126.453125,126.453125,126.4375,126.4375,3,ZNM2
2022-02-09 01:00:00+00:00,34,1,146095,126.46875,126.578125,126.46875,126.546875,24,ZNM2
2022-02-09 02:00:00+00:00,34,1,146095,126.578125,126.578125,126.578125,126.578125,97,ZNM2
2022-02-09 03:00:00+00:00,34,1,146095,126.5625,126.5625,126.53125,126.53125,5,ZNM2
2022-02-09 04:00:00+00:00,34,1,146095,126.546875,126.546875,126.546875,126.546875,3,ZNM2
2022-02-09 05:00:00+00:00,34,1,146095,126.5,126.5625,126.5,126.5625,107,ZNM2
2022-02-09 06:00:00+00:00,34,1,146095,126.5625,126.5625,126.546875,126.546875,8,ZNM2
2022-02-09 07:00:00+00:00,34,1,146095,126.578125,126.65625,126.578125,126.65625,120,ZNM2
2022-02-09 08:00:00+00:00,34,1,146095,126.65625,126.734375,126.640625,126.71875,253,ZNM2
2022-02-09 09:00:00+00:00,34,1,146095,126.75,126.78125,126.734375,126.78125,39,ZNM2
2022-02-09 10:00:00+00:00,34,1,146095,126.75,126.75,126.703125,126.734375,16,ZNM2
2022-02-09 11:00:00+00:00,34,1,146095,126.71875,126.71875,126.6875,126.6875,27,ZNM2
2022-02-09 12:00:00+00:00,34,1,146095,126.6875,126.71875,126.640625,126.65625,51,ZNM2
2022-02-09 13:00:00+00:00,34,1,146095,126.65625,126.6875,126.59375,126.625,81,ZNM2
2022-02-09 14:00:00+00:00,34,1,146095,126.609375,126.703125,126.53125,126.53125,38,ZNM2
2022-02-09 15:00:00+00:00,34,1,146095,126.5625,126.65625,126.5625,126.625,40,ZNM2
2022-02-09 16:00:00+00:00,34,1,146095,126.65625,126.703125,126.640625,126.703125,126,ZNM2
2022-02-09 17:00:00+00:00,34,1,146095,126.703125,126.734375,126.671875,126.671875,71,ZNM2
2022-02-09 18:00:00+00:00,34,1,146095,126.75,126.796875,126.671875,126.6875,413,ZNM2
2022-02-09 19:00:00+00:00,34,1,146095,126.65625,126.671875,126.640625,126.640625,146,ZNM2
2022-02-09 20:00:00+00:00,34,1,146095,126.625,126.625,126.5,126.5,33,ZNM2
2022-02-09 21:00:00+00:00,34,1,146095,126.484375,126.5,126.453125,126.46875,40,ZNM2
2022-02-09 23:00:00+00:00,34,1,146095,126.5625,126.5625,126.5625,126.5625,2,ZNM2
2022-02-10 00:00:00+00:00,34,1,146095,126.546875,126.546875,126.5,126.546875,4,ZNM2
2022-02-10 01:00:00+00:00,34,1,146095,126.5625,126.609375,126.5625,126.609375,2,ZNM2
2022-02-10 02:00:00+00:00,34,1,146095,126.609375,126.609375,126.609375,126.609375,5,ZNM2
2022-02-10 03:00:00+00:00,34,1,146095,126.609375,126.609375,126.578125,126.578125,8,ZNM2
2022-02-10 04:00:00+00:00,34,1,146095,126.609375,126.609375,126.609375,126.609375,2,ZNM2
2022-02-10 05:00:00+00:00,34,1,146095,126.609375,126.609375,126.609375,126.609375,10,ZNM2
2022-02-10 06:00:00+00:00,34,1,146095,126.59375,126.59375,126.59375,126.59375,3,ZNM2
2022-02-10 07:00:00+00:00,34,1,146095,126.59375,126.625,126.546875,126.625,48,ZNM2
2022-02-10 08:00:00+00:00,34,1,146095,126.609375,126.609375,126.5,126.5625,84,ZNM2
2022-02-10 09:00:00+00:00,34,1,146095,126.578125,126.609375,126.515625,126.546875,77,ZNM2
2022-02-10 10:00:00+00:00,34,1,146095,126.546875,126.59375,126.546875,126.59375,17,ZNM2
2022-02-10 11:00:00+00:00,34,1,146095,126.546875,126.578125,126.546875,126.578125,20,ZNM2
2022-02-10 12:00:00+00:00,34,1,146095,126.59375,126.6875,126.578125,126.640625,77,ZNM2
2022-02-10 13:00:00+00:00,34,1,146095,126.671875,126.6875,126.09375,126.09375,555,ZNM2
2022-02-10 14:00:00+00:00,34,1,146095,126.0625,126.140625,125.96875,126.09375,929,ZNM2
2022-02-10 15:00:00+00:00,34,1,146095,126.046875,126.125,125.84375,125.84375,514,ZNM2
2022-02-10 16:00:00+00:00,34,1,146095,125.828125,125.921875,125.796875,125.921875,420,ZNM2
2022-02-10 17:00:00+00:00,34,1,146095,125.90625,125.90625,125.546875,125.640625,497,ZNM2
2022-02-10 18:00:00+00:00,34,1,146095,125.625,125.84375,125.578125,125.796875,583,ZNM2
2022-02-10 19:00:00+00:00,34,1,146095,125.796875,125.859375,125.6875,125.71875,817,ZNM2
2022-02-10 20:00:00+00:00,34,1,146095,125.71875,125.71875,125.453125,125.453125,230,ZNM2
2022-02-10 21:00:00+00:00,34,1,146095,125.46875,125.640625,125.46875,125.640625,365,ZNM2
2022-02-10 23:00:00+00:00,34,1,146095,125.75,125.828125,125.703125,125.828125,19,ZNM2
2022-02-11 00:00:00+00:00,34,1,146095,125.734375,125.75,125.703125,125.75,85,ZNM2
2022-02-11 01:00:00+00:00,34,1,146095,125.78125,125.828125,125.78125,125.828125,43,ZNM2
2022-02-11 02:00:00+00:00,34,1,146095,125.8125,125.8125,125.734375,125.734375,37,ZNM2
2022-02-11 03:00:00+00:00,34,1,146095,125.734375,125.734375,125.609375,125.609375,55,ZNM2
2022-02-11 04:00:00+00:00,34,1,146095,125.59375,125.609375,125.53125,125.53125,49,ZNM2
2022-02-11 05:00:00+00:00,34,1,146095,125.5625,125.6875,125.5625,125.65625,30,ZNM2
2022-02-11 06:00:00+00:00,34,1,146095,125.640625,125.6875,125.640625,125.6875,49,ZNM2
2022-02-11 07:00:00+00:00,34,1,146095,125.703125,125.828125,125.703125,125.8125,136,ZNM2
2022-02-11 08:00:00+00:00,34,1,146095,125.84375,126.0,125.84375,125.96875,250,ZNM2
2022-02-11 09:00:00+00:00,34,1,146095,125.953125,126.0,125.875,125.875,201,ZNM2
2022-02-11 10:00:00+00:00,34,1,146095,125.875,125.921875,125.875,125.890625,9,ZNM2
2022-02-11 11:00:00+00:00,34,1,146095,125.90625,125.953125,125.875,125.875,44,ZNM2
2022-02-11 12:00:00+00:00,34,1,146095,125.890625,126.0,125.890625,125.921875,140,ZNM2
2022-02-11 13:00:00+00:00,34,1,146095,125.890625,126.046875,125.859375,126.0,384,ZNM2
2022-02-11 14:00:00+00:00,34,1,146095,126.015625,126.0625,125.859375,125.90625,198,ZNM2
2022-02-11 15:00:00+00:00,34,1,146095,125.984375,126.09375,125.75,125.75,671,ZNM2
2022-02-11 16:00:00+00:00,34,1,146095,125.765625,125.796875,125.515625,125.671875,1084,ZNM2
2022-02-11 17:00:00+00:00,34,1,146095,125.59375,125.84375,125.578125,125.828125,660,ZNM2
2022-02-11 18:00:00+00:00,34,1,146095,125.828125,126.453125,125.71875,126.21875,1686,ZNM2
2022-02-11 19:00:00+00:00,34,1,146095,126.25,126.53125,126.078125,126.328125,1126,ZNM2
2022-02-11 20:00:00+00:00,34,1,146095,126.328125,126.703125,126.296875,126.5625,539,ZNM2
2022-02-11 21:00:00+00:00,34,1,146095,126.578125,126.65625,126.34375,126.390625,182,ZNM2
2022-02-13 23:00:00+00:00,34,1,146095,126.421875,126.546875,126.34375,126.34375,128,ZNM2
2022-02-14 00:00:00+00:00,34,1,146095,126.296875,126.46875,126.296875,126.390625,77,ZNM2
2022-02-14 01:00:00+00:00,34,1,146095,126.359375,126.46875,126.296875,126.4375,94,ZNM2
2022-02-14 02:00:00+00:00,34,1,146095,126.390625,126.390625,126.265625,126.28125,78,ZNM2
2022-02-14 03:00:00+00:00,34,1,146095,126.3125,126.40625,126.296875,126.40625,47,ZNM2
2022-02-14 04:00:00+00:00,34,1,146095,126.34375,126.34375,126.28125,126.28125,25,ZNM2
2022-02-14 05:00:00+00:00,34,1,146095,126.296875,126.40625,126.296875,126.390625,100,ZNM2
2022-02-14 06:00:00+00:00,34,1,146095,126.390625,126.390625,126.28125,126.28125,125,ZNM2
2022-02-14 07:00:00+00:00,34,1,146095,126.3125,126.3125,126.203125,126.265625,60,ZNM2
2022-02-14 08:00:00+00:00,34,1,146095,126.203125,126.59375,126.203125,126.546875,761,ZNM2
2022-02-14 09:00:00+00:00,34,1,146095,126.53125,126.71875,126.5,126.703125,789,ZNM2
2022-02-14 10:00:00+00:00,34,1,146095,126.734375,126.75,126.59375,126.59375,124,ZNM2
2022-02-14 11:00:00+00:00,34,1,146095,126.59375,126.59375,126.53125,126.5625,28,ZNM2
2022-02-14 12:00:00+00:00,34,1,146095,126.625,126.640625,126.234375,126.28125,793,ZNM2
2022-02-14 13:00:00+00:00,34,1,146095,126.28125,126.296875,126.03125,126.078125,786,ZNM2
2022-02-14 14:00:00+00:00,34,1,146095,126.0625,126.1875,125.90625,125.96875,1102,ZNM2
2022-02-14 15:00:00+00:00,34,1,146095,125.96875,126.03125,125.84375,125.875,1154,ZNM2
2022-02-14 16:00:00+00:00,34,1,146095,125.890625,125.921875,125.734375,125.78125,2171,ZNM2
2022-02-14 17:00:00+00:00,34,1,146095,125.796875,125.84375,125.734375,125.84375,192,ZNM2
2022-02-14 18:00:00+00:00,34,1,146095,125.859375,126.203125,125.859375,126.140625,2011,ZNM2
2022-02-14 19:00:00+00:00,34,1,146095,126.171875,126.3125,125.9375,125.9375,1609,ZNM2
2022-02-14 20:00:00+00:00,34,1,146095,125.9375,126.0625,125.890625,125.890625,2162,ZNM2
2022-02-14 21:00:00+00:00,34,1,146095,125.921875,126.015625,125.90625,126.015625,72,ZNM2
2022-02-14 23:00:00+00:00,34,1,146095,126.0,126.0,126.0,126.0,1,ZNM2
2022-02-15 00:00:00+00:00,34,1,146095,126.125,126.1875,126.109375,126.109375,7,ZNM2
2022-02-15 01:00:00+00:00,34,1,146095,126.078125,126.15625,126.078125,126.140625,11,ZNM2
2022-02-15 03:00:00+00:00,34,1,146095,126.09375,126.140625,126.046875,126.046875,11,ZNM2
2022-02-15 04:00:00+00:00,34,1,146095,126.078125,126.078125,126.046875,126.046875,5,ZNM2
2022-02-15 05:00:00+00:00,34,1,146095,126.0625,126.125,126.0625,126.109375,45,ZNM2
2022-02-15 06:00:00+00:00,34,1,146095,126.109375,126.125,126.09375,126.09375,8,ZNM2
2022-02-15 07:00:00+00:00,34,1,146095,126.109375,126.109375,125.984375,126.015625,208,ZNM2
2022-02-15 08:00:00+00:00,34,1,146095,126.0625,126.0625,125.609375,125.640625,594,ZNM2
2022-02-15 09:00:00+00:00,34,1,146095,125.625,125.75,125.578125,125.75,1001,ZNM2
2022-02-15 10:00:00+00:00,34,1,146095,125.734375,125.765625,125.65625,125.6875,729,ZNM2
2022-02-15 11:00:00+00:00,34,1,146095,125.640625,125.65625,125.5625,125.609375,196,ZNM2
2022-02-15 12:00:00+00:00,34,1,146095,125.640625,125.75,125.640625,125.6875,465,ZNM2
2022-02-15 13:00:00+00:00,34,1,146095,125.71875,125.75,125.609375,125.625,683,ZNM2
2022-02-15 14:00:00+00:00,34,1,146095,125.625,125.75,125.515625,125.5625,1614,ZNM2
2022-02-15 15:00:00+00:00,34,1,146095,125.5625,125.71875,125.546875,125.671875,1850,ZNM2
2022-02-15 16:00:00+00:00,34,1,146095,125.671875,125.828125,125.65625,125.765625,1666,ZNM2
2022-02-15 17:00:00+00:00,34,1,146095,125.734375,125.734375,125.625,125.71875,390,ZNM2
2022-02-15 18:00:00+00:00,34,1,146095,125.71875,125.734375,125.6875,125.71875,986,ZNM2
2022-02-15 19:00:00+00:00,34,1,146095,125.71875,125.71875,125.65625,125.6875,1102,ZNM2
2022-02-15 20:00:00+00:00,34,1,146095,125.671875,125.71875,125.625,125.640625,2128,ZNM2
2022-02-15 21:00:00+00:00,34,1,146095,125.640625,125.703125,125.578125,125.65625,5662,ZNM2
2022-02-15 23:00:00+00:00,34,1,146095,125.65625,125.71875,125.65625,125.71875,159,ZNM2
2022-02-16 00:00:00+00:00,34,1,146095,125.734375,125.78125,125.6875,125.765625,230,ZNM2
2022-02-16 01:00:00+00:00,34,1,146095,125.75,125.859375,125.734375,125.84375,69,ZNM2
2022-02-16 02:00:00+00:00,34,1,146095,125.828125,125.875,125.8125,125.875,11,ZNM2
2022-02-16 03:00:00+00:00,34,1,146095,125.8125,125.859375,125.8125,125.859375,21,ZNM2
2022-02-16 04:00:00+00:00,34,1,146095,125.84375,125.859375,125.84375,125.859375,2,ZNM2
2022-02-16 05:00:00+00:00,34,1,146095,125.8125,125.84375,125.796875,125.796875,105,ZNM2
2022-02-16 06:00:00+00:00,34,1,146095,125.765625,125.78125,125.71875,125.765625,99,ZNM2
2022-02-16 07:00:00+00:00,34,1,146095,125.75,125.75,125.65625,125.671875,400,ZNM2
2022-02-16 08:00:00+00:00,34,1,146095,125.6875,125.6875,125.609375,125.625,57,ZNM2
2022-02-16 09:00:00+00:00,34,1,146095,125.640625,125.734375,125.640625,125.734375,747,ZNM2
2022-02-16 10:00:00+00:00,34,1,146095,125.734375,125.765625,125.703125,125.71875,475,ZNM2
2022-02-16 11:00:00+00:00,34,1,146095,125.71875,125.765625,125.703125,125.765625,373,ZNM2
2022-02-16 12:00:00+00:00,34,1,146095,125.75,125.796875,125.671875,125.78125,885,ZNM2
2022-02-16 13:00:00+00:00,34,1,146095,125.78125,125.9375,125.59375,125.9375,1596,ZNM2
2022-02-16 14:00:00+00:00,34,1,146095,125.9375,125.96875,125.78125,125.828125,1497,ZNM2
2022-02-16 15:00:00+00:00,34,1,146095,125.8125,125.828125,125.703125,125.734375,1588,ZNM2
2022-02-16 16:00:00+00:00,34,1,146095,125.75,125.78125,125.703125,125.71875,1300,ZNM2
2022-02-16 17:00:00+00:00,34,1,146095,125.71875,125.78125,125.703125,125.765625,1269,ZNM2
2022-02-16 18:00:00+00:00,34,1,146095,125.75,125.78125,125.59375,125.609375,3787,ZNM2
2022-02-16 19:00:00+00:00,34,1,146095,125.578125,125.9375,125.578125,125.734375,3527,ZNM2
2022-02-16 20:00:00+00:00,34,1,146095,125.734375,125.890625,125.6875,125.875,1769,ZNM2
2022-02-16 21:00:00+00:00,34,1,146095,125.875,125.921875,125.703125,125.703125,823,ZNM2
2022-02-16 23:00:00+00:00,34,1,146095,125.71875,125.921875,125.71875,125.875,559,ZNM2
2022-02-17 00:00:00+00:00,34,1,146095,125.890625,125.90625,125.84375,125.875,481,ZNM2
2022-02-17 01:00:00+00:00,34,1,146095,125.890625,125.890625,125.8125,125.875,1268,ZNM2
2022-02-17 02:00:00+00:00,34,1,146095,125.859375,125.875,125.828125,125.875,742,ZNM2
2022-02-17 03:00:00+00:00,34,1,146095,125.859375,126.3125,125.828125,126.3125,1592,ZNM2
2022-02-17 04:00:00+00:00,34,1,146095,126.3125,126.40625,126.09375,126.21875,1489,ZNM2
2022-02-17 05:00:00+00:00,34,1,146095,126.21875,126.21875,126.09375,126.171875,700,ZNM2
2022-02-17 06:00:00+00:00,34,1,146095,126.125,126.140625,125.9375,126.0,1584,ZNM2
2022-02-17 07:00:00+00:00,34,1,146095,126.0,126.03125,125.96875,125.96875,841,ZNM2
2022-02-17 08:00:00+00:00,34,1,146095,125.96875,126.15625,125.8125,126.03125,1202,ZNM2
2022-02-17 09:00:00+00:00,34,1,146095,126.046875,126.125,125.984375,126.03125,762,ZNM2
2022-02-17 10:00:00+00:00,34,1,146095,126.046875,126.078125,125.96875,126.0,267,ZNM2
2022-02-17 11:00:00+00:00,34,1,146095,126.0,126.125,125.984375,126.09375,879,ZNM2
2022-02-17 12:00:00+00:00,34,1,146095,126.0625,126.09375,126.03125,126.0625,1095,ZNM2
2022-02-17 13:00:00+00:00,34,1,146095,126.0625,126.25,126.0,126.234375,2662,ZNM2
2022-02-17 14:00:00+00:00,34,1,146095,126.25,126.3125,125.9375,126.296875,4856,ZNM2
2022-02-17 15:00:00+00:00,34,1,146095,126.296875,126.390625,126.25,126.390625,9347,ZNM2
2022-02-17 16:00:00+00:00,34,1,146095,126.390625,126.40625,126.234375,126.234375,3180,ZNM2
2022-02-17 17:00:00+00:00,34,1,146095,126.234375,126.265625,126.171875,126.203125,1391,ZNM2
2022-02-17 18:00:00+00:00,34,1,146095,126.203125,126.296875,126.140625,126.28125,1430,ZNM2
2022-02-17 19:00:00+00:00,34,1,146095,126.28125,126.34375,126.265625,126.34375,2715,ZNM2
2022-02-17 20:00:00+00:00,34,1,146095,126.328125,126.40625,126.296875,126.40625,2259,ZNM2
2022-02-17 21:00:00+00:00,34,1,146095,126.390625,126.421875,126.328125,126.375,1376,ZNM2
2022-02-17 23:00:00+00:00,34,1,146095,126.421875,126.546875,126.421875,126.484375,611,ZNM2
2022-02-18 00:00:00+00:00,34,1,146095,126.484375,126.609375,126.453125,126.453125,636,ZNM2
2022-02-18 01:00:00+00:00,34,1,146095,126.4375,126.46875,126.203125,126.25,1248,ZNM2
2022-02-18 02:00:00+00:00,34,1,146095,126.234375,126.265625,126.140625,126.171875,226,ZNM2
2022-02-18 03:00:00+00:00,34,1,146095,126.15625,126.265625,126.15625,126.265625,244,ZNM2
2022-02-18 04:00:00+00:00,34,1,146095,126.21875,126.265625,126.203125,126.234375,130,ZNM2
2022-02-18 05:00:00+00:00,34,1,146095,126.21875,126.265625,126.1875,126.265625,144,ZNM2
2022-02-18 06:00:00+00:00,34,1,146095,126.265625,126.28125,126.171875,126.203125,501,ZNM2
2022-02-18 07:00:00+00:00,34,1,146095,126.1875,126.265625,126.140625,126.25,239,ZNM2
2022-02-18 08:00:00+00:00,34,1,146095,126.21875,126.28125,126.1875,126.265625,711,ZNM2
2022-02-18 09:00:00+00:00,34,1,146095,126.28125,126.375,126.25,126.359375,659,ZNM2
2022-02-18 10:00:00+00:00,34,1,146095,126.359375,126.359375,126.3125,126.34375,358,ZNM2
2022-02-18 11:00:00+00:00,34,1,146095,126.34375,126.34375,126.265625,126.34375,494,ZNM2
2022-02-18 12:00:00+00:00,34,1,146095,126.359375,126.375,126.296875,126.328125,552,ZNM2
2022-02-18 13:00:00+00:00,34,1,146095,126.328125,126.5625,126.296875,126.515625,5353,ZNM2
2022-02-18 14:00:00+00:00,34,1,146095,126.515625,126.640625,126.5,126.5,7183,ZNM2
2022-02-18 15:00:00+00:00,34,1,146095,126.5,126.609375,126.5,126.546875,4914,ZNM2
2022-02-18 16:00:00+00:00,34,1,146095,126.546875,126.65625,126.546875,126.609375,6195,ZNM2
2022-02-18 17:00:00+00:00,34,1,146095,126.609375,126.734375,126.59375,126.6875,12433,ZNM2
2022-02-18 18:00:00+00:00,34,1,146095,126.6875,126.703125,126.65625,126.65625,2622,ZNM2
2022-02-18 19:00:00+00:00,34,1,146095,126.65625,126.671875,126.578125,126.609375,2569,ZNM2
2022-02-18 20:00:00+00:00,34,1,146095,126.609375,126.6875,126.5625,126.640625,4972,ZNM2
2022-02-18 21:00:00+00:00,34,1,146095,126.640625,126.703125,126.609375,126.609375,1606,ZNM2
2022-02-20 23:00:00+00:00,34,1,146095,126.71875,126.859375,126.671875,126.75,1364,ZNM2
2022-02-21 00:00:00+00:00,34,1,146095,126.75,126.859375,126.53125,126.5625,1994,ZNM2
2022-02-21 01:00:00+00:00,34,1,146095,126.546875,126.703125,126.546875,126.625,2139,ZNM2
2022-02-21 02:00:00+00:00,34,1,146095,126.625,126.671875,126.59375,126.609375,610,ZNM2
2022-02-21 03:00:00+00:00,34,1,146095,126.625,126.6875,126.609375,126.640625,591,ZNM2
2022-02-21 04:00:00+00:00,34,1,146095,126.65625,126.65625,126.578125,126.578125,531,ZNM2
2022-02-21 05:00:00+00:00,34,1,146095,126.59375,126.59375,126.53125,126.546875,499,ZNM2
2022-02-21 06:00:00+00:00,34,1,146095,126.53125,126.5625,126.5,126.546875,315,ZNM2
2022-02-21 07:00:00+00:00,34,1,146095,126.5625,126.5625,126.453125,126.484375,1488,ZNM2
2022-02-21 08:00:00+00:00,34,1,146095,126.5,126.546875,126.40625,126.53125,2849,ZNM2
2022-02-21 09:00:00+00:00,34,1,146095,126.546875,126.5625,126.53125,126.5625,402,ZNM2
2022-02-21 10:00:00+00:00,34,1,146095,126.578125,126.6875,126.5625,126.671875,2228,ZNM2
2022-02-21 11:00:00+00:00,34,1,146095,126.65625,126.765625,126.65625,126.734375,1478,ZNM2
2022-02-21 12:00:00+00:00,34,1,146095,126.75,126.8125,126.703125,126.8125,3028,ZNM2
2022-02-21 13:00:00+00:00,34,1,146095,126.8125,126.921875,126.78125,126.875,10667,ZNM2
2022-02-21 14:00:00+00:00,34,1,146095,126.875,126.875,126.734375,126.796875,2347,ZNM2
2022-02-21 15:00:00+00:00,34,1,146095,126.796875,126.84375,126.734375,126.78125,2431,ZNM2
2022-02-21 16:00:00+00:00,34,1,146095,126.796875,126.8125,126.734375,126.765625,1116,ZNM2
2022-02-21 17:00:00+00:00,34,1,146095,126.765625,126.84375,126.734375,126.828125,3822,ZNM2
2022-02-21 23:00:00+00:00,34,1,146095,126.984375,127.15625,126.96875,127.078125,6196,ZNM2
2022-02-22 00:00:00+00:00,34,1,146095,127.078125,127.21875,126.984375,127.03125,4421,ZNM2
2022-02-22 01:00:00+00:00,34,1,146095,127.03125,127.203125,127.03125,127.125,7098,ZNM2
2022-02-22 02:00:00+00:00,34,1,146095,127.125,127.15625,127.09375,127.140625,2949,ZNM2
2022-02-22 03:00:00+00:00,34,1,146095,127.15625,127.21875,127.125,127.171875,2738,ZNM2
2022-02-22 04:00:00+00:00,34,1,146095,127.171875,127.171875,127.125,127.140625,1790,ZNM2
2022-02-22 05:00:00+00:00,34,1,146095,127.140625,127.15625,127.09375,127.09375,2387,ZNM2
2022-02-22 06:00:00+00:00,34,1,146095,127.09375,127.125,126.984375,127.109375,6299,ZNM2
2022-02-22 07:00:00+00:00,34,1,146095,127.09375,127.25,127.0625,127.171875,8580,ZNM2
2022-02-22 08:00:00+00:00,34,1,146095,127.1875,127.1875,126.8125,126.828125,15245,ZNM2
2022-02-22 09:00:00+00:00,34,1,146095,126.84375,126.859375,126.703125,126.8125,15462,ZNM2
2022-02-22 10:00:00+00:00,34,1,146095,126.8125,126.8125,126.546875,126.5625,12342,ZNM2
2022-02-22 11:00:00+00:00,34,1,146095,126.578125,126.59375,126.3125,126.34375,15029,ZNM2
2022-02-22 12:00:00+00:00,34,1,146095,126.359375,126.5,126.328125,126.4375,10120,ZNM2
2022-02-22 13:00:00+00:00,34,1,146095,126.453125,126.515625,126.359375,126.46875,16303,ZNM2
2022-02-22 14:00:00+00:00,34,1,146095,126.484375,126.546875,126.359375,126.375,16525,ZNM2
2022-02-22 15:00:00+00:00,34,1,146095,126.359375,126.515625,126.34375,126.515625,14670,ZNM2
2022-02-22 16:00:00+00:00,34,1,146095,126.5,126.625,126.453125,126.53125,20961,ZNM2
2022-02-22 17:00:00+00:00,34,1,146095,126.546875,126.625,126.46875,126.609375,15479,ZNM2
2022-02-22 18:00:00+00:00,34,1,146095,126.625,126.671875,126.59375,126.65625,9148,ZNM2
2022-02-22 19:00:00+00:00,34,1,146095,126.65625,126.65625,126.390625,126.4375,23395,ZNM2
2022-02-22 20:00:00+00:00,34,1,146095,126.4375,126.65625,126.375,126.625,22153,ZNM2
2022-02-22 21:00:00+00:00,34,1,146095,126.625,126.65625,126.40625,126.453125,7760,ZNM2
2022-02-22 23:00:00+00:00,34,1,146095,126.46875,126.46875,126.390625,126.40625,1088,ZNM2
2022-02-23 00:00:00+00:00,34,1,146095,126.421875,126.5,126.40625,126.5,4436,ZNM2
2022-02-23 01:00:00+00:00,34,1,146095,126.5,126.515625,126.453125,126.46875,2420,ZNM2
2022-02-23 02:00:00+00:00,34,1,146095,126.46875,126.53125,126.453125,126.515625,1288,ZNM2
2022-02-23 03:00:00+00:00,34,1,146095,126.53125,126.546875,126.515625,126.53125,512,ZNM2
2022-02-23 04:00:00+00:00,34,1,146095,126.53125,126.546875,126.5,126.5,1336,ZNM2
2022-02-23 05:00:00+00:00,34,1,146095,126.5,126.5,126.453125,126.453125,1370,ZNM2
2022-02-23 06:00:00+00:00,34,1,146095,126.453125,126.453125,126.296875,126.296875,5296,ZNM2
2022-02-23 07:00:00+00:00,34,1,146095,126.296875,126.359375,126.140625,126.15625,17631,ZNM2
2022-02-23 08:00:00+00:00,34,1,146095,126.15625,126.21875,126.09375,126.15625,15928,ZNM2
2022-02-23 09:00:00+00:00,34,1,146095,126.15625,126.1875,126.09375,126.171875,8725,ZNM2
2022-02-23 10:00:00+00:00,34,1,146095,126.171875,126.25,126.15625,126.234375,13141,ZNM2
2022-02-23 11:00:00+00:00,34,1,146095,126.234375,126.28125,126.171875,126.265625,8837,ZNM2
2022-02-23 12:00:00+00:00,34,1,146095,126.25,126.25,126.109375,126.140625,18355,ZNM2
2022-02-23 13:00:00+00:00,34,1,146095,126.15625,126.28125,126.125,126.21875,28737,ZNM2
2022-02-23 14:00:00+00:00,34,1,146095,126.21875,126.265625,126.015625,126.125,51071,ZNM2
2022-02-23 15:00:00+00:00,34,1,146095,126.109375,126.328125,126.109375,126.3125,42304,ZNM2
2022-02-23 16:00:00+00:00,34,1,146095,126.3125,126.390625,126.1875,126.203125,32868,ZNM2
2022-02-23 17:00:00+00:00,34,1,146095,126.1875,126.265625,126.1875,126.21875,22132,ZNM2
2022-02-23 18:00:00+00:00,34,1,146095,126.21875,126.359375,126.1875,126.328125,26512,ZNM2
2022-02-23 19:00:00+00:00,34,1,146095,126.328125,126.328125,126.203125,126.234375,34760,ZNM2
2022-02-23 20:00:00+00:00,34,1,146095,126.21875,126.28125,126.140625,126.15625,40648,ZNM2
2022-02-23 21:00:00+00:00,34,1,146095,126.15625,126.1875,126.03125,126.109375,27645,ZNM2
2022-02-23 23:00:00+00:00,34,1,146095,126.125,126.34375,126.125,126.328125,9910,ZNM2
2022-02-24 00:00:00+00:00,34,1,146095,126.328125,126.5,126.3125,126.484375,26926,ZNM2
2022-02-24 01:00:00+00:00,34,1,146095,126.46875,126.484375,126.265625,126.296875,11880,ZNM2
2022-02-24 02:00:00+00:00,34,1,146095,126.3125,126.59375,126.296875,126.53125,23295,ZNM2
2022-02-24 03:00:00+00:00,34,1,146095,126.546875,127.09375,126.484375,127.0,64531,ZNM2
2022-02-24 04:00:00+00:00,34,1,146095,127.0,127.3125,126.984375,127.03125,51780,ZNM2
2022-02-24 05:00:00+00:00,34,1,146095,127.03125,127.171875,127.0,127.109375,19624,ZNM2
2022-02-24 06:00:00+00:00,34,1,146095,127.109375,127.1875,127.03125,127.125,25919,ZNM2
2022-02-24 07:00:00+00:00,34,1,146095,127.125,127.171875,126.90625,126.9375,69058,ZNM2
2022-02-24 08:00:00+00:00,34,1,146095,126.9375,126.984375,126.703125,126.96875,68016,ZNM2
2022-02-24 09:00:00+00:00,34,1,146095,126.984375,127.15625,126.859375,127.125,51268,ZNM2
2022-02-24 10:00:00+00:00,34,1,146095,127.125,127.34375,127.09375,127.28125,52853,ZNM2
2022-02-24 11:00:00+00:00,34,1,146095,127.265625,127.359375,126.984375,126.984375,48997,ZNM2
2022-02-24 12:00:00+00:00,34,1,146095,127.0,127.28125,126.984375,127.171875,60310,ZNM2
2022-02-24 13:00:00+00:00,34,1,146095,127.1875,127.21875,127.0,127.140625,74505,ZNM2
2022-02-24 14:00:00+00:00,34,1,146095,127.140625,127.15625,126.6875,126.828125,134605,ZNM2
2022-02-24 15:00:00+00:00,34,1,146095,126.8125,126.859375,126.578125,126.625,130553,ZNM2
2022-02-24 16:00:00+00:00,34,1,146095,126.625,126.65625,126.5,126.515625,93949,ZNM2
2022-02-24 17:00:00+00:00,34,1,146095,126.515625,126.8125,126.5,126.6875,100863,ZNM2
2022-02-24 18:00:00+00:00,34,1,146095,126.703125,126.890625,126.625,126.734375,80555,ZNM2
2022-02-24 19:00:00+00:00,34,1,146095,126.71875,126.765625,126.375,126.375,110241,ZNM2
2022-02-24 20:00:00+00:00,34,1,146095,126.375,126.5,126.28125,126.421875,83281,ZNM2
2022-02-24 21:00:00+00:00,34,1,146095,126.421875,126.4375,126.3125,126.390625,34176,ZNM2
2022-02-24 23:00:00+00:00,34,1,146095,126.40625,126.484375,126.328125,126.375,13743,ZNM2
2022-02-25 00:00:00+00:00,34,1,146095,126.359375,126.484375,126.28125,126.484375,23343,ZNM2
2022-02-25 01:00:00+00:00,34,1,146095,126.484375,126.5625,126.203125,126.265625,56746,ZNM2
2022-02-25 02:00:00+00:00,34,1,146095,126.265625,126.453125,126.265625,126.453125,21138,ZNM2
2022-02-25 03:00:00+00:00,34,1,146095,126.4375,126.5,126.359375,126.375,13458,ZNM2
2022-02-25 04:00:00+00:00,34,1,146095,126.390625,126.4375,126.34375,126.375,7649,ZNM2
2022-02-25 05:00:00+00:00,34,1,146095,126.375,126.421875,126.328125,126.375,10796,ZNM2
2022-02-25 06:00:00+00:00,34,1,146095,126.359375,126.421875,126.3125,126.390625,13290,ZNM2
2022-02-25 07:00:00+00:00,34,1,146095,126.375,126.5,126.375,126.453125,41656,ZNM2
2022-02-25 08:00:00+00:00,34,1,146095,126.453125,126.640625,126.421875,126.578125,62257,ZNM2
2022-02-25 09:00:00+00:00,34,1,146095,126.578125,126.609375,126.453125,126.484375,34098,ZNM2
2022-02-25 10:00:00+00:00,34,1,146095,126.484375,126.515625,126.296875,126.390625,32247,ZNM2
2022-02-25 11:00:00+00:00,34,1,146095,126.375,126.4375,126.234375,126.25,37157,ZNM2
2022-02-25 12:00:00+00:00,34,1,146095,126.25,126.265625,125.90625,125.96875,96472,ZNM2
2022-02-25 13:00:00+00:00,34,1,146095,125.96875,126.109375,125.9375,125.96875,134188,ZNM2
2022-02-25 14:00:00+00:00,34,1,146095,125.984375,126.265625,125.984375,126.1875,127485,ZNM2
2022-02-25 15:00:00+00:00,34,1,146095,126.1875,126.34375,126.140625,126.296875,147378,ZNM2
2022-02-25 16:00:00+00:00,34,1,146095,126.3125,126.34375,126.140625,126.15625,105044,ZNM2
2022-02-25 17:00:00+00:00,34,1,146095,126.140625,126.203125,125.984375,126.015625,94006,ZNM2
2022-02-25 18:00:00+00:00,34,1,146095,126.015625,126.09375,126.0,126.015625,66864,ZNM2
2022-02-25 19:00:00+00:00,34,1,146095,126.015625,126.203125,126.015625,126.1875,88878,ZNM2
2022-02-25 20:00:00+00:00,34,1,146095,126.1875,126.390625,126.171875,126.34375,87324,ZNM2
2022-02-25 21:00:00+00:00,34,1,146095,126.34375,126.375,126.28125,126.34375,40011,ZNM2
2022-02-27 23:00:00+00:00,34,1,146095,126.90625,127.390625,126.859375,126.953125,101880,ZNM2
2022-02-28 00:00:00+00:00,34,1,146095,126.96875,126.96875,126.734375,126.9375,53252,ZNM2
2022-02-28 01:00:00+00:00,34,1,146095,126.921875,126.921875,126.75,126.84375,35330,ZNM2
2022-02-28 02:00:00+00:00,34,1,146095,126.84375,127.0625,126.84375,127.046875,37825,ZNM2
2022-02-28 03:00:00+00:00,34,1,146095,127.046875,127.0625,126.96875,127.03125,24824,ZNM2
2022-02-28 04:00:00+00:00,34,1,146095,127.015625,127.0625,126.984375,127.015625,14071,ZNM2
2022-02-28 05:00:00+00:00,34,1,146095,127.015625,127.046875,126.953125,126.953125,13094,ZNM2
2022-02-28 06:00:00+00:00,34,1,146095,126.953125,127.0625,126.875,126.921875,37754,ZNM2
2022-02-28 07:00:00+00:00,34,1,146095,126.921875,126.984375,126.78125,126.859375,70136,ZNM2
2022-02-28 08:00:00+00:00,34,1,146095,126.84375,126.9375,126.8125,126.875,45057,ZNM2
2022-02-28 09:00:00+00:00,34,1,146095,126.890625,126.953125,126.828125,126.84375,39209,ZNM2
2022-02-28 10:00:00+00:00,34,1,146095,126.84375,126.875,126.75,126.78125,48760,ZNM2
2022-02-28 11:00:00+00:00,34,1,146095,126.78125,126.875,126.78125,126.828125,36875,ZNM2
2022-02-28 12:00:00+00:00,34,1,146095,126.828125,126.859375,126.796875,126.859375,44566,ZNM2
2022-02-28 13:00:00+00:00,34,1,146095,126.859375,127.140625,126.8125,127.109375,130139,ZNM2
2022-02-28 14:00:00+00:00,34,1,146095,127.109375,127.34375,127.046875,127.28125,212429,ZNM2
2022-02-28 15:00:00+00:00,34,1,146095,127.28125,127.34375,127.09375,127.171875,237403,ZNM2
2022-02-28 16:00:00+00:00,34,1,146095,127.1875,127.25,127.078125,127.203125,164103,ZNM2
2022-02-28 17:00:00+00:00,34,1,146095,127.21875,127.265625,127.125,127.234375,94117,ZNM2
2022-02-28 18:00:00+00:00,34,1,146095,127.21875,127.265625,127.140625,127.171875,77645,ZNM2
2022-02-28 19:00:00+00:00,34,1,146095,127.1875,127.53125,127.1875,127.53125,340914,ZNM2
2022-02-28 20:00:00+00:00,34,1,146095,127.515625,127.59375,127.359375,127.421875,424605,ZNM2
2022-02-28 21:00:00+00:00,34,1,146095,127.421875,127.578125,127.40625,127.515625,187335,ZNM2
2022-02-28 23:00:00+00:00,34,1,146095,127.453125,127.46875,127.328125,127.390625,22548,ZNM2
2022-03-01 00:00:00+00:00,34,1,146095,127.390625,127.390625,127.234375,127.25,30105,ZNM2
2022-03-01 01:00:00+00:00,34,1,146095,127.25,127.28125,127.203125,127.25,20779,ZNM2
2022-03-01 02:00:00+00:00,34,1,146095,127.25,127.25,127.1875,127.21875,20878,ZNM2
2022-03-01 03:00:00+00:00,34,1,146095,127.21875,127.3125,127.21875,127.28125,16433,ZNM2
2022-03-01 04:00:00+00:00,34,1,146095,127.296875,127.3125,127.21875,127.28125,17689,ZNM2
2022-03-01 05:00:00+00:00,34,1,146095,127.28125,127.28125,127.21875,127.28125,11829,ZNM2
2022-03-01 06:00:00+00:00,34,1,146095,127.265625,127.28125,127.203125,127.234375,17140,ZNM2
2022-03-01 07:00:00+00:00,34,1,146095,127.25,127.3125,127.203125,127.28125,45609,ZNM2
2022-03-01 08:00:00+00:00,34,1,146095,127.28125,127.453125,127.28125,127.421875,79182,ZNM2
2022-03-01 09:00:00+00:00,34,1,146095,127.4375,127.765625,127.375,127.671875,143321,ZNM2
2022-03-01 10:00:00+00:00,34,1,146095,127.671875,128.234375,127.671875,128.234375,224794,ZNM2
2022-03-01 11:00:00+00:00,34,1,146095,128.234375,128.546875,128.1875,128.421875,236244,ZNM2
2022-03-01 12:00:00+00:00,34,1,146095,128.421875,128.625,128.15625,128.234375,197072,ZNM2
2022-03-01 13:00:00+00:00,34,1,146095,128.234375,128.46875,127.875,127.96875,299599,ZNM2
2022-03-01 14:00:00+00:00,34,1,146095,127.984375,128.28125,127.921875,128.28125,217275,ZNM2
2022-03-01 15:00:00+00:00,34,1,146095,128.265625,128.640625,128.203125,128.5625,270538,ZNM2
2022-03-01 16:00:00+00:00,34,1,146095,128.5625,128.9375,128.453125,128.703125,293651,ZNM2
2022-03-01 17:00:00+00:00,34,1,146095,128.71875,128.78125,128.5625,128.578125,152790,ZNM2
2022-03-01 18:00:00+00:00,34,1,146095,128.578125,128.984375,128.515625,128.90625,191615,ZNM2
2022-03-01 19:00:00+00:00,34,1,146095,128.890625,128.9375,128.625,128.71875,194658,ZNM2
2022-03-01 20:00:00+00:00,34,1,146095,128.71875,128.75,128.546875,128.59375,135322,ZNM2
2022-03-01 21:00:00+00:00,34,1,146095,128.578125,128.71875,128.515625,128.53125,75156,ZNM2
2022-03-01 23:00:00+00:00,34,1,146095,128.515625,128.5625,128.453125,128.484375,21027,ZNM2
2022-03-02 00:00:00+00:00,34,1,146095,128.484375,128.5,128.296875,128.3125,37079,ZNM2
2022-03-02 01:00:00+00:00,34,1,146095,128.296875,128.390625,128.234375,128.234375,27508,ZNM2
2022-03-02 02:00:00+00:00,34,1,146095,128.25,128.484375,128.234375,128.375,29104,ZNM2
2022-03-02 03:00:00+00:00,34,1,146095,128.359375,128.453125,128.296875,128.421875,15820,ZNM2
2022-03-02 04:00:00+00:00,34,1,146095,128.421875,128.5,128.390625,128.421875,12020,ZNM2
2022-03-02 05:00:00+00:00,34,1,146095,128.421875,128.625,128.40625,128.609375,25136,ZNM2
2022-03-02 06:00:00+00:00,34,1,146095,128.625,128.90625,128.578125,128.8125,51080,ZNM2
2022-03-02 07:00:00+00:00,34,1,146095,128.8125,128.921875,128.625,128.703125,72812,ZNM2
2022-03-02 08:00:00+00:00,34,1,146095,128.703125,128.71875,128.359375,128.5625,96834,ZNM2
2022-03-02 09:00:00+00:00,34,1,146095,128.5625,128.65625,128.421875,128.421875,73315,ZNM2
2022-03-02 10:00:00+00:00,34,1,146095,128.421875,128.421875,128.25,128.28125,58676,ZNM2
2022-03-02 11:00:00+00:00,34,1,146095,128.28125,128.359375,128.171875,128.21875,59763,ZNM2
2022-03-02 12:00:00+00:00,34,1,146095,128.21875,128.25,128.0625,128.21875,98848,ZNM2
2022-03-02 13:00:00+00:00,34,1,146095,128.21875,128.234375,127.9375,128.0,204106,ZNM2
2022-03-02 14:00:00+00:00,34,1,146095,128.0,128.0625,127.84375,127.921875,183877,ZNM2
2022-03-02 15:00:00+00:00,34,1,146095,127.9375,128.046875,127.59375,127.609375,280592,ZNM2
2022-03-02 16:00:00+00:00,34,1,146095,127.625,127.625,127.421875,127.515625,237641,ZNM2
2022-03-02 17:00:00+00:00,34,1,146095,127.5,127.515625,127.421875,127.46875,70036,ZNM2
2022-03-02 18:00:00+00:00,34,1,146095,127.484375,127.53125,127.3125,127.3125,85251,ZNM2
2022-03-02 19:00:00+00:00,34,1,146095,127.328125,127.375,127.25,127.28125,184585,ZNM2
2022-03-02 20:00:00+00:00,34,1,146095,127.296875,127.390625,127.015625,127.03125,192455,ZNM2
2022-03-02 21:00:00+00:00,34,1,146095,127.03125,127.265625,127.0,127.25,86905,ZNM2
2022-03-02 23:00:00+00:00,34,1,146095,127.28125,127.578125,127.28125,127.484375,30856,ZNM2
2022-03-03 00:00:00+00:00,34,1,146095,127.46875,127.578125,127.421875,127.484375,20232,ZNM2
2022-03-03 01:00:00+00:00,34,1,146095,127.46875,127.640625,127.453125,127.5,32349,ZNM2
2022-03-03 02:00:00+00:00,34,1,146095,127.484375,127.53125,127.34375,127.375,18401,ZNM2
2022-03-03 03:00:00+00:00,34,1,146095,127.390625,127.5,127.375,127.421875,12753,ZNM2
2022-03-03 04:00:00+00:00,34,1,146095,127.421875,127.453125,127.390625,127.40625,8328,ZNM2
2022-03-03 05:00:00+00:00,34,1,146095,127.40625,127.5,127.40625,127.46875,5903,ZNM2
2022-03-03 06:00:00+00:00,34,1,146095,127.46875,127.515625,127.390625,127.40625,12142,ZNM2
2022-03-03 07:00:00+00:00,34,1,146095,127.40625,127.515625,127.359375,127.390625,36733,ZNM2
2022-03-03 08:00:00+00:00,34,1,146095,127.40625,127.40625,127.171875,127.28125,73732,ZNM2
2022-03-03 09:00:00+00:00,34,1,146095,127.296875,127.3125,127.125,127.203125,56022,ZNM2
2022-03-03 10:00:00+00:00,34,1,146095,127.203125,127.4375,127.203125,127.359375,42826,ZNM2
2022-03-03 11:00:00+00:00,34,1,146095,127.375,127.46875,127.34375,127.40625,53368,ZNM2
2022-03-03 12:00:00+00:00,34,1,146095,127.40625,127.515625,127.328125,127.390625,71618,ZNM2
2022-03-03 13:00:00+00:00,34,1,146095,127.40625,127.609375,127.359375,127.40625,124478,ZNM2
2022-03-03 14:00:00+00:00,34,1,146095,127.40625,127.40625,127.078125,127.171875,184672,ZNM2
2022-03-03 15:00:00+00:00,34,1,146095,127.1875,127.40625,127.15625,127.328125,175037,ZNM2
2022-03-03 16:00:00+00:00,34,1,146095,127.34375,127.640625,127.3125,127.5625,192812,ZNM2
2022-03-03 17:00:00+00:00,34,1,146095,127.5625,127.578125,127.28125,127.375,132843,ZNM2
2022-03-03 18:00:00+00:00,34,1,146095,127.375,127.453125,127.328125,127.390625,72988,ZNM2
2022-03-03 19:00:00+00:00,34,1,146095,127.390625,127.53125,127.328125,127.515625,115801,ZNM2
2022-03-03 20:00:00+00:00,34,1,146095,127.53125,127.5625,127.4375,127.5,122645,ZNM2
2022-03-03 21:00:00+00:00,34,1,146095,127.5,127.625,127.453125,127.5625,51011,ZNM2
2022-03-03 23:00:00+00:00,34,1,146095,127.53125,127.546875,127.390625,127.453125,9933,ZNM2
2022-03-04 00:00:00+00:00,34,1,146095,127.453125,128.859375,127.4375,128.515625,184258,ZNM2
2022-03-04 01:00:00+00:00,34,1,146095,128.515625,128.546875,127.71875,127.890625,133777,ZNM2
2022-03-04 02:00:00+00:00,34,1,146095,127.890625,128.171875,127.890625,128.109375,36339,ZNM2
2022-03-04 03:00:00+00:00,34,1,146095,128.109375,128.25,128.0,128.140625,27315,ZNM2
2022-03-04 04:00:00+00:00,34,1,146095,128.15625,128.203125,128.078125,128.078125,14044,ZNM2
2022-03-04 05:00:00+00:00,34,1,146095,128.078125,128.125,127.984375,128.0,15955,ZNM2
2022-03-04 06:00:00+00:00,34,1,146095,128.0,128.078125,127.921875,128.0625,16207,ZNM2
2022-03-04 07:00:00+00:00,34,1,146095,128.046875,128.0625,127.84375,127.90625,30965,ZNM2
2022-03-04 08:00:00+00:00,34,1,146095,127.90625,128.125,127.8125,128.078125,51378,ZNM2
2022-03-04 09:00:00+00:00,34,1,146095,128.09375,128.28125,128.015625,128.078125,66947,ZNM2
2022-03-04 10:00:00+00:00,34,1,146095,128.09375,128.203125,128.0,128.15625,31035,ZNM2
2022-03-04 11:00:00+00:00,34,1,146095,128.171875,128.21875,128.078125,128.1875,34579,ZNM2
2022-03-04 12:00:00+00:00,34,1,146095,128.1875,128.234375,128.03125,128.046875,47891,ZNM2
2022-03-04 13:00:00+00:00,34,1,146095,128.0625,128.359375,127.828125,128.25,204457,ZNM2
2022-03-04 14:00:00+00:00,34,1,146095,128.234375,128.515625,128.15625,128.515625,172525,ZNM2
2022-03-04 15:00:00+00:00,34,1,146095,128.515625,128.71875,128.40625,128.703125,174268,ZNM2
2022-03-04 16:00:00+00:00,34,1,146095,128.703125,128.765625,128.625,128.671875,152669,ZNM2
2022-03-04 17:00:00+00:00,34,1,146095,128.671875,128.671875,128.375,128.421875,125724,ZNM2
2022-03-04 18:00:00+00:00,34,1,146095,128.421875,128.5,128.28125,128.5,95537,ZNM2
2022-03-04 19:00:00+00:00,34,1,146095,128.484375,128.578125,128.421875,128.546875,109518,ZNM2
2022-03-04 20:00:00+00:00,34,1,146095,128.546875,128.578125,128.390625,128.4375,105348,ZNM2
2022-03-04 21:00:00+00:00,34,1,146095,128.421875,128.484375,128.203125,128.4375,62575,ZNM2
2022-03-06 23:00:00+00:00,34,1,146095,128.59375,129.125,128.5,128.984375,72191,ZNM2
2022-03-07 00:00:00+00:00,34,1,146095,128.984375,129.0625,128.71875,128.828125,36667,ZNM2
2022-03-07 01:00:00+00:00,34,1,146095,128.828125,129.0625,128.78125,129.03125,35720,ZNM2
2022-03-07 02:00:00+00:00,34,1,146095,129.03125,129.109375,128.859375,128.859375,25355,ZNM2
2022-03-07 03:00:00+00:00,34,1,146095,128.875,128.9375,128.75,128.859375,20784,ZNM2
2022-03-07 04:00:00+00:00,34,1,146095,128.859375,128.890625,128.78125,128.796875,8889,ZNM2
2022-03-07 05:00:00+00:00,34,1,146095,128.796875,128.8125,128.6875,128.765625,14298,ZNM2
2022-03-07 06:00:00+00:00,34,1,146095,128.765625,128.8125,128.71875,128.734375,11292,ZNM2
2022-03-07 07:00:00+00:00,34,1,146095,128.75,128.796875,128.515625,128.75,59266,ZNM2
2022-03-07 08:00:00+00:00,34,1,146095,128.765625,128.78125,128.59375,128.59375,51347,ZNM2
2022-03-07 09:00:00+00:00,34,1,146095,128.609375,128.640625,128.359375,128.46875,61988,ZNM2
2022-03-07 10:00:00+00:00,34,1,146095,128.46875,128.625,128.40625,128.5625,28722,ZNM2
2022-03-07 11:00:00+00:00,34,1,146095,128.578125,128.59375,128.40625,128.421875,30221,ZNM2
2022-03-07 12:00:00+00:00,34,1,146095,128.421875,128.4375,128.03125,128.078125,89864,ZNM2
2022-03-07 13:00:00+00:00,34,1,146095,128.0625,128.1875,127.796875,127.875,138206,ZNM2
2022-03-07 14:00:00+00:00,34,1,146095,127.875,128.125,127.84375,128.0625,149617,ZNM2
2022-03-07 15:00:00+00:00,34,1,146095,128.078125,128.3125,128.015625,128.15625,146899,ZNM2
2022-03-07 16:00:00+00:00,34,1,146095,128.15625,128.203125,127.96875,128.09375,114939,ZNM2
2022-03-07 17:00:00+00:00,34,1,146095,128.09375,128.328125,128.09375,128.21875,110840,ZNM2
2022-03-07 18:00:00+00:00,34,1,146095,128.21875,128.390625,128.15625,128.203125,82726,ZNM2
2022-03-07 19:00:00+00:00,34,1,146095,128.203125,128.234375,128.09375,128.109375,92484,ZNM2
2022-03-07 20:00:00+00:00,34,1,146095,128.109375,128.125,127.90625,127.921875,134076,ZNM2
2022-03-07 21:00:00+00:00,34,1,146095,127.921875,128.078125,127.875,127.984375,81546,ZNM2
2022-03-07 23:00:00+00:00,34,1,146095,127.953125,128.125,127.953125,128.046875,9921,ZNM2
2022-03-08 00:00:00+00:00,34,1,146095,128.0625,128.125,128.0,128.109375,9398,ZNM2
2022-03-08 01:00:00+00:00,34,1,146095,128.109375,128.109375,127.703125,127.8125,41687,ZNM2
2022-03-08 02:00:00+00:00,34,1,146095,127.8125,127.890625,127.75,127.875,22407,ZNM2
2022-03-08 03:00:00+00:00,34,1,146095,127.875,127.90625,127.765625,127.828125,7061,ZNM2
2022-03-08 04:00:00+00:00,34,1,146095,127.828125,127.859375,127.765625,127.78125,8715,ZNM2
2022-03-08 05:00:00+00:00,34,1,146095,127.796875,127.84375,127.734375,127.828125,12291,ZNM2
2022-03-08 06:00:00+00:00,34,1,146095,127.828125,127.921875,127.8125,127.875,20415,ZNM2
2022-03-08 07:00:00+00:00,34,1,146095,127.890625,127.984375,127.71875,127.78125,45662,ZNM2
2022-03-08 08:00:00+00:00,34,1,146095,127.796875,127.796875,127.203125,127.296875,138064,ZNM2
2022-03-08 09:00:00+00:00,34,1,146095,127.3125,127.4375,127.296875,127.34375,49021,ZNM2
2022-03-08 10:00:00+00:00,34,1,146095,127.34375,127.46875,127.34375,127.359375,29113,ZNM2
2022-03-08 11:00:00+00:00,34,1,146095,127.359375,127.421875,127.28125,127.390625,34175,ZNM2
2022-03-08 12:00:00+00:00,34,1,146095,127.375,127.375,127.1875,127.34375,70471,ZNM2
2022-03-08 13:00:00+00:00,34,1,146095,127.34375,127.515625,127.296875,127.390625,129312,ZNM2
2022-03-08 14:00:00+00:00,34,1,146095,127.40625,127.484375,127.296875,127.359375,158824,ZNM2
2022-03-08 15:00:00+00:00,34,1,146095,127.375,127.609375,127.34375,127.484375,185445,ZNM2
2022-03-08 16:00:00+00:00,34,1,146095,127.484375,127.484375,127.265625,127.296875,86280,ZNM2
2022-03-08 17:00:00+00:00,34,1,146095,127.296875,127.375,127.125,127.25,158592,ZNM2
2022-03-08 18:00:00+00:00,34,1,146095,127.234375,127.265625,127.078125,127.21875,101065,ZNM2
2022-03-08 19:00:00+00:00,34,1,146095,127.21875,127.296875,127.140625,127.15625,104329,ZNM2
2022-03-08 20:00:00+00:00,34,1,146095,127.171875,127.296875,127.109375,127.21875,80473,ZNM2
2022-03-08 21:00:00+00:00,34,1,146095,127.21875,127.4375,127.203125,127.34375,47433,ZNM2
2022-03-08 23:00:00+00:00,34,1,146095,127.328125,127.421875,127.1875,127.203125,10454,ZNM2
2022-03-09 00:00:00+00:00,34,1,146095,127.21875,127.328125,127.203125,127.28125,11366,ZNM2
2022-03-09 01:00:00+00:00,34,1,146095,127.265625,127.328125,127.1875,127.3125,15622,ZNM2
2022-03-09 02:00:00+00:00,34,1,146095,127.3125,127.453125,127.3125,127.421875,16503,ZNM2
2022-03-09 03:00:00+00:00,34,1,146095,127.40625,127.453125,127.390625,127.40625,11751,ZNM2
2022-03-09 04:00:00+00:00,34,1,146095,127.40625,127.40625,127.28125,127.296875,9026,ZNM2
2022-03-09 05:00:00+00:00,34,1,146095,127.296875,127.34375,127.265625,127.328125,5935,ZNM2
2022-03-09 06:00:00+00:00,34,1,146095,127.328125,127.34375,127.234375,127.25,10947,ZNM2
2022-03-09 07:00:00+00:00,34,1,146095,127.265625,127.34375,127.140625,127.1875,37927,ZNM2
2022-03-09 08:00:00+00:00,34,1,146095,127.1875,127.25,127.0,127.03125,53068,ZNM2
2022-03-09 09:00:00+00:00,34,1,146095,127.03125,127.03125,126.8125,126.875,84131,ZNM2
2022-03-09 10:00:00+00:00,34,1,146095,126.875,126.90625,126.765625,126.890625,53337,ZNM2
2022-03-09 11:00:00+00:00,34,1,146095,126.875,126.9375,126.796875,126.8125,45778,ZNM2
2022-03-09 12:00:00+00:00,34,1,146095,126.8125,126.875,126.75,126.8125,57507,ZNM2
2022-03-09 13:00:00+00:00,34,1,146095,126.8125,126.953125,126.78125,126.890625,92679,ZNM2
2022-03-09 14:00:00+00:00,34,1,146095,126.875,126.890625,126.640625,126.71875,229661,ZNM2
2022-03-09 15:00:00+00:00,34,1,146095,126.703125,126.828125,126.609375,126.609375,149273,ZNM2
2022-03-09 16:00:00+00:00,34,1,146095,126.625,126.75,126.609375,126.65625,93510,ZNM2
2022-03-09 17:00:00+00:00,34,1,146095,126.640625,126.84375,126.625,126.734375,98828,ZNM2
2022-03-09 18:00:00+00:00,34,1,146095,126.734375,126.765625,126.578125,126.625,89526,ZNM2
2022-03-09 19:00:00+00:00,34,1,146095,126.609375,126.640625,126.515625,126.5625,84662,ZNM2
2022-03-09 20:00:00+00:00,34,1,146095,126.5625,126.734375,126.546875,126.640625,111668,ZNM2
2022-03-09 21:00:00+00:00,34,1,146095,126.640625,126.734375,126.515625,126.515625,93188,ZNM2
2022-03-09 23:00:00+00:00,34,1,146095,126.53125,126.65625,126.53125,126.609375,12838,ZNM2
2022-03-10 00:00:00+00:00,34,1,146095,126.59375,126.6875,126.59375,126.6875,16053,ZNM2
2022-03-10 01:00:00+00:00,34,1,146095,126.671875,126.734375,126.640625,126.65625,16262,ZNM2
2022-03-10 02:00:00+00:00,34,1,146095,126.671875,126.6875,126.59375,126.65625,14573,ZNM2
2022-03-10 03:00:00+00:00,34,1,146095,126.640625,126.65625,126.59375,126.625,8422,ZNM2
2022-03-10 04:00:00+00:00,34,1,146095,126.609375,126.65625,126.59375,126.609375,9504,ZNM2
2022-03-10 05:00:00+00:00,34,1,146095,126.609375,126.65625,126.59375,126.609375,9690,ZNM2
2022-03-10 06:00:00+00:00,34,1,146095,126.625,126.703125,126.59375,126.671875,12551,ZNM2
2022-03-10 07:00:00+00:00,34,1,146095,126.6875,126.71875,126.59375,126.625,27560,ZNM2
2022-03-10 08:00:00+00:00,34,1,146095,126.640625,126.828125,126.625,126.8125,48676,ZNM2
2022-03-10 09:00:00+00:00,34,1,146095,126.8125,126.828125,126.609375,126.703125,82197,ZNM2
2022-03-10 10:00:00+00:00,34,1,146095,126.703125,126.734375,126.625,126.65625,28581,ZNM2
2022-03-10 11:00:00+00:00,34,1,146095,126.671875,126.6875,126.59375,126.65625,28456,ZNM2
2022-03-10 12:00:00+00:00,34,1,146095,126.640625,126.640625,126.21875,126.328125,108767,ZNM2
2022-03-10 13:00:00+00:00,34,1,146095,126.328125,126.578125,126.171875,126.265625,238597,ZNM2
2022-03-10 14:00:00+00:00,34,1,146095,126.265625,126.390625,126.171875,126.203125,154703,ZNM2
2022-03-10 15:00:00+00:00,34,1,146095,126.203125,126.21875,126.046875,126.109375,189801,ZNM2
2022-03-10 16:00:00+00:00,34,1,146095,126.125,126.234375,126.03125,126.046875,92907,ZNM2
2022-03-10 17:00:00+00:00,34,1,146095,126.0625,126.078125,125.921875,125.96875,97164,ZNM2
2022-03-10 18:00:00+00:00,34,1,146095,125.984375,126.109375,125.953125,126.03125,103445,ZNM2
2022-03-10 19:00:00+00:00,34,1,146095,126.046875,126.109375,125.984375,126.015625,106122,ZNM2
2022-03-10 20:00:00+00:00,34,1,146095,126.03125,126.21875,126.0,126.15625,104094,ZNM2
2022-03-10 21:00:00+00:00,34,1,146095,126.15625,126.171875,126.09375,126.125,38963,ZNM2
2022-03-10 23:00:00+00:00,34,1,146095,126.140625,126.234375,126.109375,126.171875,8834,ZNM2
2022-03-11 00:00:00+00:00,34,1,146095,126.171875,126.296875,126.15625,126.25,14688,ZNM2
2022-03-11 01:00:00+00:00,34,1,146095,126.25,126.421875,126.234375,126.375,18383,ZNM2
2022-03-11 02:00:00+00:00,34,1,146095,126.359375,126.390625,126.3125,126.328125,12573,ZNM2
2022-03-11 03:00:00+00:00,34,1,146095,126.328125,126.359375,126.296875,126.3125,8551,ZNM2
2022-03-11 04:00:00+00:00,34,1,146095,126.3125,126.34375,126.28125,126.296875,6003,ZNM2
2022-03-11 05:00:00+00:00,34,1,146095,126.296875,126.296875,126.203125,126.25,9745,ZNM2
2022-03-11 06:00:00+00:00,34,1,146095,126.25,126.28125,126.203125,126.21875,8662,ZNM2
2022-03-11 07:00:00+00:00,34,1,146095,126.21875,126.265625,126.125,126.25,27253,ZNM2
2022-03-11 08:00:00+00:00,34,1,146095,126.234375,126.28125,126.15625,126.171875,32436,ZNM2
2022-03-11 09:00:00+00:00,34,1,146095,126.15625,126.1875,126.109375,126.125,20328,ZNM2
2022-03-11 10:00:00+00:00,34,1,146095,126.125,126.21875,126.125,126.1875,19831,ZNM2
2022-03-11 11:00:00+00:00,34,1,146095,126.203125,126.203125,125.890625,126.0,95567,ZNM2
2022-03-11 12:00:00+00:00,34,1,146095,126.0,126.0,125.859375,125.96875,59838,ZNM2
2022-03-11 13:00:00+00:00,34,1,146095,125.96875,126.09375,125.9375,126.03125,104147,ZNM2
2022-03-11 14:00:00+00:00,34,1,146095,126.046875,126.125,125.96875,126.015625,119113,ZNM2
2022-03-11 15:00:00+00:00,34,1,146095,126.0,126.09375,125.921875,125.953125,135488,ZNM2
2022-03-11 16:00:00+00:00,34,1,146095,125.953125,126.15625,125.875,126.15625,165818,ZNM2
2022-03-11 17:00:00+00:00,34,1,146095,126.171875,126.1875,126.0625,126.0625,90772,ZNM2
2022-03-11 18:00:00+00:00,34,1,146095,126.078125,126.078125,125.921875,126.03125,75104,ZNM2
2022-03-11 19:00:00+00:00,34,1,146095,126.03125,126.046875,125.890625,125.9375,58199,ZNM2
2022-03-11 20:00:00+00:00,34,1,146095,125.921875,126.078125,125.921875,126.0625,96052,ZNM2
2022-03-11 21:00:00+00:00,34,1,146095,126.0625,126.09375,126.0,126.0625,41417,ZNM2
2022-03-13 22:00:00+00:00,34,1,146095,126.09375,126.125,125.765625,125.78125,19269,ZNM2
2022-03-13 23:00:00+00:00,34,1,146095,125.78125,125.828125,125.625,125.6875,14018,ZNM2
2022-03-14 00:00:00+00:00,34,1,146095,125.671875,125.703125,125.46875,125.640625,41260,ZNM2
2022-03-14 01:00:00+00:00,34,1,146095,125.640625,125.71875,125.578125,125.625,18864,ZNM2
2022-03-14 02:00:00+00:00,34,1,146095,125.609375,125.671875,125.609375,125.625,8962,ZNM2
2022-03-14 03:00:00+00:00,34,1,146095,125.640625,125.65625,125.546875,125.5625,10146,ZNM2
2022-03-14 04:00:00+00:00,34,1,146095,125.5625,125.578125,125.515625,125.546875,10344,ZNM2
2022-03-14 05:00:00+00:00,34,1,146095,125.53125,125.59375,125.53125,125.546875,11518,ZNM2
2022-03-14 06:00:00+00:00,34,1,146095,125.546875,125.65625,125.53125,125.625,11789,ZNM2
2022-03-14 07:00:00+00:00,34,1,146095,125.640625,125.734375,125.609375,125.625,38930,ZNM2
2022-03-14 08:00:00+00:00,34,1,146095,125.625,125.640625,125.46875,125.578125,57129,ZNM2
2022-03-14 09:00:00+00:00,34,1,146095,125.5625,125.5625,125.15625,125.21875,100947,ZNM2
2022-03-14 10:00:00+00:00,34,1,146095,125.203125,125.390625,125.203125,125.359375,54832,ZNM2
2022-03-14 11:00:00+00:00,34,1,146095,125.375,125.46875,125.328125,125.40625,62120,ZNM2
2022-03-14 12:00:00+00:00,34,1,146095,125.421875,125.453125,125.28125,125.390625,102640,ZNM2
2022-03-14 13:00:00+00:00,34,1,146095,125.390625,125.421875,125.203125,125.203125,95892,ZNM2
2022-03-14 14:00:00+00:00,34,1,146095,125.1875,125.265625,125.125,125.203125,109557,ZNM2
2022-03-14 15:00:00+00:00,34,1,146095,125.203125,125.265625,125.09375,125.09375,92751,ZNM2
2022-03-14 16:00:00+00:00,34,1,146095,125.09375,125.125,125.0,125.078125,108080,ZNM2
2022-03-14 17:00:00+00:00,34,1,146095,125.078125,125.09375,124.953125,125.03125,89750,ZNM2
2022-03-14 18:00:00+00:00,34,1,146095,125.03125,125.046875,124.796875,124.796875,142480,ZNM2
2022-03-14 19:00:00+00:00,34,1,146095,124.8125,124.859375,124.75,124.78125,95755,ZNM2
2022-03-14 20:00:00+00:00,34,1,146095,124.765625,124.84375,124.75,124.84375,60262,ZNM2
2022-03-14 22:00:00+00:00,34,1,146095,124.859375,124.90625,124.8125,124.84375,7827,ZNM2
2022-03-14 23:00:00+00:00,34,1,146095,124.84375,124.890625,124.8125,124.859375,4908,ZNM2
2022-03-15 00:00:00+00:00,34,1,146095,124.875,124.90625,124.75,124.828125,17971,ZNM2
2022-03-15 01:00:00+00:00,34,1,146095,124.828125,124.84375,124.5625,124.703125,41970,ZNM2
2022-03-15 02:00:00+00:00,34,1,146095,124.703125,124.71875,124.578125,124.65625,16484,ZNM2
2022-03-15 03:00:00+00:00,34,1,146095,124.671875,124.78125,124.609375,124.765625,17223,ZNM2
2022-03-15 04:00:00+00:00,34,1,146095,124.765625,124.875,124.734375,124.828125,12775,ZNM2
2022-03-15 05:00:00+00:00,34,1,146095,124.828125,124.859375,124.78125,124.78125,12836,ZNM2
2022-03-15 06:00:00+00:00,34,1,146095,124.796875,124.96875,124.765625,124.953125,20315,ZNM2
2022-03-15 07:00:00+00:00,34,1,146095,124.953125,125.125,124.921875,125.0,74811,ZNM2
2022-03-15 08:00:00+00:00,34,1,146095,124.984375,125.265625,124.90625,125.25,78563,ZNM2
2022-03-15 09:00:00+00:00,34,1,146095,125.234375,125.25,125.046875,125.15625,47578,ZNM2
2022-03-15 10:00:00+00:00,34,1,146095,125.15625,125.15625,124.984375,125.015625,32902,ZNM2
2022-03-15 11:00:00+00:00,34,1,146095,125.015625,125.03125,124.859375,125.015625,56834,ZNM2
2022-03-15 12:00:00+00:00,34,1,146095,125.015625,125.234375,125.0,125.1875,95279,ZNM2
2022-03-15 13:00:00+00:00,34,1,146095,125.1875,125.375,125.140625,125.359375,161659,ZNM2
2022-03-15 14:00:00+00:00,34,1,146095,125.34375,125.359375,125.03125,125.03125,169748,ZNM2
2022-03-15 15:00:00+00:00,34,1,146095,125.046875,125.09375,124.890625,125.03125,165467,ZNM2
2022-03-15 16:00:00+00:00,34,1,146095,125.03125,125.0625,124.921875,124.9375,79459,ZNM2
2022-03-15 17:00:00+00:00,34,1,146095,124.953125,124.953125,124.765625,124.78125,78743,ZNM2
2022-03-15 18:00:00+00:00,34,1,146095,124.796875,124.8125,124.640625,124.65625,116866,ZNM2
2022-03-15 19:00:00+00:00,34,1,146095,124.65625,124.796875,124.640625,124.75,81335,ZNM2
2022-03-15 20:00:00+00:00,34,1,146095,124.75,124.796875,124.6875,124.765625,44260,ZNM2
2022-03-15 22:00:00+00:00,34,1,146095,124.75,124.8125,124.71875,124.8125,4393,ZNM2
2022-03-15 23:00:00+00:00,34,1,146095,124.8125,124.828125,124.734375,124.765625,5790,ZNM2
2022-03-16 00:00:00+00:00,34,1,146095,124.75,124.859375,124.6875,124.84375,14767,ZNM2
2022-03-16 01:00:00+00:00,34,1,146095,124.828125,124.828125,124.765625,124.796875,10568,ZNM2
2022-03-16 02:00:00+00:00,34,1,146095,124.796875,124.875,124.765625,124.875,9436,ZNM2
2022-03-16 03:00:00+00:00,34,1,146095,124.859375,124.875,124.8125,124.859375,4313,ZNM2
2022-03-16 04:00:00+00:00,34,1,146095,124.859375,124.875,124.75,124.78125,10785,ZNM2
2022-03-16 05:00:00+00:00,34,1,146095,124.78125,124.78125,124.703125,124.734375,12541,ZNM2
2022-03-16 06:00:00+00:00,34,1,146095,124.75,124.75,124.484375,124.5,36903,ZNM2
2022-03-16 07:00:00+00:00,34,1,146095,124.484375,124.546875,124.375,124.4375,64941,ZNM2
2022-03-16 08:00:00+00:00,34,1,146095,124.4375,124.625,124.328125,124.625,88401,ZNM2
2022-03-16 09:00:00+00:00,34,1,146095,124.609375,124.71875,124.578125,124.6875,32986,ZNM2
2022-03-16 10:00:00+00:00,34,1,146095,124.6875,124.71875,124.53125,124.640625,47697,ZNM2
2022-03-16 11:00:00+00:00,34,1,146095,124.640625,124.671875,124.546875,124.59375,40257,ZNM2
2022-03-16 12:00:00+00:00,34,1,146095,124.609375,124.65625,124.390625,124.421875,93058,ZNM2
2022-03-16 13:00:00+00:00,34,1,146095,124.421875,124.65625,124.375,124.640625,128743,ZNM2
2022-03-16 14:00:00+00:00,34,1,146095,124.640625,124.65625,124.359375,124.484375,199026,ZNM2
2022-03-16 15:00:00+00:00,34,1,146095,124.46875,124.53125,124.390625,124.53125,105233,ZNM2
2022-03-16 16:00:00+00:00,34,1,146095,124.515625,124.5625,124.390625,124.40625,82331,ZNM2
2022-03-16 17:00:00+00:00,34,1,146095,124.421875,124.5,124.265625,124.359375,85170,ZNM2
2022-03-16 18:00:00+00:00,34,1,146095,124.328125,124.421875,123.796875,124.25,408939,ZNM2
2022-03-16 19:00:00+00:00,34,1,146095,124.234375,124.515625,124.125,124.484375,185615,ZNM2
2022-03-16 20:00:00+00:00,34,1,146095,124.5,124.5,124.1875,124.265625,69688,ZNM2
2022-03-16 22:00:00+00:00,34,1,146095,124.25,124.328125,124.125,124.265625,7952,ZNM2
2022-03-16 23:00:00+00:00,34,1,146095,124.25,124.34375,124.25,124.296875,6835,ZNM2
2022-03-17 00:00:00+00:00,34,1,146095,124.296875,124.609375,124.28125,124.5625,26038,ZNM2
2022-03-17 01:00:00+00:00,34,1,146095,124.5625,124.59375,124.4375,124.5625,19165,ZNM2
2022-03-17 02:00:00+00:00,34,1,146095,124.546875,124.609375,124.484375,124.546875,14552,ZNM2
2022-03-17 03:00:00+00:00,34,1,146095,124.546875,124.796875,124.546875,124.71875,34546,ZNM2
2022-03-17 04:00:00+00:00,34,1,146095,124.71875,124.75,124.65625,124.703125,8597,ZNM2
2022-03-17 05:00:00+00:00,34,1,146095,124.703125,124.71875,124.59375,124.671875,13450,ZNM2
2022-03-17 06:00:00+00:00,34,1,146095,124.6875,124.6875,124.4375,124.5,28184,ZNM2
2022-03-17 07:00:00+00:00,34,1,146095,124.484375,124.5625,124.359375,124.53125,45217,ZNM2
2022-03-17 08:00:00+00:00,34,1,146095,124.53125,124.703125,124.484375,124.65625,56803,ZNM2
2022-03-17 09:00:00+00:00,34,1,146095,124.65625,124.765625,124.625,124.71875,44165,ZNM2
2022-03-17 10:00:00+00:00,34,1,146095,124.71875,124.890625,124.703125,124.75,72217,ZNM2
2022-03-17 11:00:00+00:00,34,1,146095,124.734375,124.75,124.609375,124.625,42765,ZNM2
2022-03-17 12:00:00+00:00,34,1,146095,124.625,124.78125,124.390625,124.484375,191826,ZNM2
2022-03-17 13:00:00+00:00,34,1,146095,124.484375,124.5625,124.375,124.4375,114139,ZNM2
2022-03-17 14:00:00+00:00,34,1,146095,124.4375,124.734375,124.421875,124.6875,136313,ZNM2
2022-03-17 15:00:00+00:00,34,1,146095,124.703125,124.75,124.546875,124.578125,118589,ZNM2
2022-03-17 16:00:00+00:00,34,1,146095,124.5625,124.609375,124.5,124.546875,73442,ZNM2
2022-03-17 17:00:00+00:00,34,1,146095,124.5625,124.578125,124.4375,124.46875,62412,ZNM2
2022-03-17 18:00:00+00:00,34,1,146095,124.484375,124.5,124.3125,124.328125,74780,ZNM2
2022-03-17 19:00:00+00:00,34,1,146095,124.328125,124.390625,124.15625,124.296875,119472,ZNM2
2022-03-17 20:00:00+00:00,34,1,146095,124.296875,124.546875,124.21875,124.46875,78676,ZNM2
2022-03-17 22:00:00+00:00,34,1,146095,124.453125,124.625,124.4375,124.515625,10443,ZNM2
2022-03-17 23:00:00+00:00,34,1,146095,124.515625,124.59375,124.5,124.578125,6365,ZNM2
2022-03-18 00:00:00+00:00,34,1,146095,124.59375,124.6875,124.5,124.515625,24582,ZNM2
2022-03-18 01:00:00+00:00,34,1,146095,124.515625,124.515625,124.359375,124.421875,21629,ZNM2
2022-03-18 02:00:00+00:00,34,1,146095,124.421875,124.484375,124.390625,124.4375,8510,ZNM2
2022-03-18 03:00:00+00:00,34,1,146095,124.421875,124.5,124.421875,124.453125,5523,ZNM2
2022-03-18 04:00:00+00:00,34,1,146095,124.453125,124.515625,124.4375,124.5,8625,ZNM2
2022-03-18 05:00:00+00:00,34,1,146095,124.484375,124.484375,124.421875,124.46875,4523,ZNM2
2022-03-18 06:00:00+00:00,34,1,146095,124.46875,124.5,124.421875,124.4375,8790,ZNM2
2022-03-18 07:00:00+00:00,34,1,146095,124.453125,124.53125,124.359375,124.53125,24026,ZNM2
2022-03-18 08:00:00+00:00,34,1,146095,124.515625,124.578125,124.421875,124.5625,30030,ZNM2
2022-03-18 09:00:00+00:00,34,1,146095,124.546875,124.640625,124.546875,124.640625,34469,ZNM2
2022-03-18 10:00:00+00:00,34,1,146095,124.640625,124.734375,124.609375,124.734375,47510,ZNM2
2022-03-18 11:00:00+00:00,34,1,146095,124.734375,124.796875,124.71875,124.75,49456,ZNM2
2022-03-18 12:00:00+00:00,34,1,146095,124.734375,124.78125,124.328125,124.5,141191,ZNM2
2022-03-18 13:00:00+00:00,34,1,146095,124.5,124.65625,124.390625,124.640625,138898,ZNM2
2022-03-18 14:00:00+00:00,34,1,146095,124.625,124.640625,124.484375,124.578125,108810,ZNM2
2022-03-18 15:00:00+00:00,34,1,146095,124.578125,124.6875,124.515625,124.578125,129892,ZNM2
2022-03-18 16:00:00+00:00,34,1,146095,124.578125,124.640625,124.546875,124.546875,73802,ZNM2
2022-03-18 17:00:00+00:00,34,1,146095,124.546875,124.640625,124.53125,124.5625,71533,ZNM2
2022-03-18 18:00:00+00:00,34,1,146095,124.578125,124.65625,124.546875,124.640625,70674,ZNM2
2022-03-18 19:00:00+00:00,34,1,146095,124.65625,124.703125,124.546875,124.5625,79431,ZNM2
2022-03-18 20:00:00+00:00,34,1,146095,124.5625,124.6875,124.5625,124.578125,47171,ZNM2
2022-03-20 22:00:00+00:00,34,1,146095,124.5,124.546875,124.421875,124.5,5905,ZNM2
2022-03-20 23:00:00+00:00,34,1,146095,124.515625,124.53125,124.46875,124.484375,3263,ZNM2
2022-03-21 00:00:00+00:00,34,1,146095,124.46875,124.5625,124.4375,124.46875,5402,ZNM2
2022-03-21 01:00:00+00:00,34,1,146095,124.46875,124.5,124.453125,124.5,2170,ZNM2
2022-03-21 02:00:00+00:00,34,1,146095,124.484375,124.546875,124.484375,124.53125,4408,ZNM2
2022-03-21 03:00:00+00:00,34,1,146095,124.546875,124.546875,124.453125,124.453125,3497,ZNM2
2022-03-21 04:00:00+00:00,34,1,146095,124.453125,124.484375,124.390625,124.390625,4227,ZNM2
2022-03-21 05:00:00+00:00,34,1,146095,124.390625,124.421875,124.359375,124.359375,8116,ZNM2
2022-03-21 06:00:00+00:00,34,1,146095,124.359375,124.359375,124.234375,124.265625,13048,ZNM2
2022-03-21 07:00:00+00:00,34,1,146095,124.265625,124.359375,124.265625,124.34375,23241,ZNM2
2022-03-21 08:00:00+00:00,34,1,146095,124.34375,124.359375,124.21875,124.25,44541,ZNM2
2022-03-21 09:00:00+00:00,34,1,146095,124.25,124.296875,124.1875,124.25,32144,ZNM2
2022-03-21 10:00:00+00:00,34,1,146095,124.265625,124.328125,124.265625,124.296875,20657,ZNM2
2022-03-21 11:00:00+00:00,34,1,146095,124.3125,124.3125,124.15625,124.15625,43597,ZNM2
2022-03-21 12:00:00+00:00,34,1,146095,124.171875,124.1875,123.875,123.9375,165195,ZNM2
2022-03-21 13:00:00+00:00,34,1,146095,123.953125,124.015625,123.84375,123.96875,122096,ZNM2
2022-03-21 14:00:00+00:00,34,1,146095,123.953125,123.96875,123.75,123.78125,136774,ZNM2
2022-03-21 15:00:00+00:00,34,1,146095,123.78125,123.875,123.765625,123.875,89976,ZNM2
2022-03-21 16:00:00+00:00,34,1,146095,123.875,123.875,123.40625,123.484375,195551,ZNM2
2022-03-21 17:00:00+00:00,34,1,146095,123.484375,123.5,123.25,123.34375,147026,ZNM2
2022-03-21 18:00:00+00:00,34,1,146095,123.34375,123.375,123.15625,123.1875,146319,ZNM2
2022-03-21 19:00:00+00:00,34,1,146095,123.1875,123.3125,123.15625,123.203125,142536,ZNM2
2022-03-21 20:00:00+00:00,34,1,146095,123.21875,123.359375,123.203125,123.3125,80458,ZNM2
2022-03-21 22:00:00+00:00,34,1,146095,123.296875,123.34375,123.265625,123.296875,7452,ZNM2
2022-03-21 23:00:00+00:00,34,1,146095,123.3125,123.359375,123.25,123.328125,8169,ZNM2
2022-03-22 00:00:00+00:00,34,1,146095,123.328125,123.328125,123.03125,123.078125,37801,ZNM2
2022-03-22 01:00:00+00:00,34,1,146095,123.0625,123.171875,122.984375,123.09375,30192,ZNM2
2022-03-22 02:00:00+00:00,34,1,146095,123.109375,123.109375,122.96875,123.015625,24271,ZNM2
2022-03-22 03:00:00+00:00,34,1,146095,123.015625,123.078125,122.921875,123.046875,15698,ZNM2
2022-03-22 04:00:00+00:00,34,1,146095,123.0625,123.0625,122.90625,122.9375,16435,ZNM2
2022-03-22 05:00:00+00:00,34,1,146095,122.953125,123.046875,122.9375,123.015625,10444,ZNM2
2022-03-22 06:00:00+00:00,34,1,146095,123.03125,123.09375,122.9375,122.953125,20136,ZNM2
2022-03-22 07:00:00+00:00,34,1,146095,122.96875,123.1875,122.96875,123.09375,60855,ZNM2
2022-03-22 08:00:00+00:00,34,1,146095,123.09375,123.125,122.859375,122.9375,76596,ZNM2
2022-03-22 09:00:00+00:00,34,1,146095,122.9375,122.9375,122.8125,122.875,51834,ZNM2
2022-03-22 10:00:00+00:00,34,1,146095,122.875,123.0,122.859375,122.984375,34694,ZNM2
2022-03-22 11:00:00+00:00,34,1,146095,122.96875,123.046875,122.9375,123.015625,34961,ZNM2
2022-03-22 12:00:00+00:00,34,1,146095,123.0,123.078125,122.890625,122.984375,97722,ZNM2
2022-03-22 13:00:00+00:00,34,1,146095,122.984375,123.015625,122.71875,122.734375,195481,ZNM2
2022-03-22 14:00:00+00:00,34,1,146095,122.75,122.84375,122.65625,122.734375,172795,ZNM2
2022-03-22 15:00:00+00:00,34,1,146095,122.734375,122.796875,122.640625,122.765625,118578,ZNM2
2022-03-22 16:00:00+00:00,34,1,146095,122.78125,122.84375,122.734375,122.75,91497,ZNM2
2022-03-22 17:00:00+00:00,34,1,146095,122.75,122.765625,122.671875,122.6875,69978,ZNM2
2022-03-22 18:00:00+00:00,34,1,146095,122.671875,122.859375,122.671875,122.71875,126356,ZNM2
2022-03-22 19:00:00+00:00,34,1,146095,122.703125,122.734375,122.59375,122.671875,126502,ZNM2
2022-03-22 20:00:00+00:00,34,1,146095,122.65625,122.734375,122.609375,122.640625,52482,ZNM2
2022-03-22 22:00:00+00:00,34,1,146095,122.640625,122.734375,122.625,122.640625,9182,ZNM2
2022-03-22 23:00:00+00:00,34,1,146095,122.640625,122.703125,122.5625,122.578125,9102,ZNM2
2022-03-23 00:00:00+00:00,34,1,146095,122.59375,122.671875,122.375,122.421875,41549,ZNM2
2022-03-23 01:00:00+00:00,34,1,146095,122.40625,122.515625,122.390625,122.40625,24418,ZNM2
2022-03-23 02:00:00+00:00,34,1,146095,122.40625,122.46875,122.390625,122.4375,12087,ZNM2
2022-03-23 03:00:00+00:00,34,1,146095,122.4375,122.5,122.40625,122.4375,12221,ZNM2
2022-03-23 04:00:00+00:00,34,1,146095,122.421875,122.5,122.40625,122.5,10097,ZNM2
2022-03-23 05:00:00+00:00,34,1,146095,122.484375,122.546875,122.46875,122.546875,11719,ZNM2
2022-03-23 06:00:00+00:00,34,1,146095,122.53125,122.5625,122.46875,122.46875,18663,ZNM2
2022-03-23 07:00:00+00:00,34,1,146095,122.46875,122.640625,122.46875,122.609375,46569,ZNM2
2022-03-23 08:00:00+00:00,34,1,146095,122.609375,122.796875,122.59375,122.765625,70325,ZNM2
2022-03-23 09:00:00+00:00,34,1,146095,122.765625,122.953125,122.75,122.90625,55786,ZNM2
2022-03-23 10:00:00+00:00,34,1,146095,122.921875,122.953125,122.8125,122.84375,48199,ZNM2
2022-03-23 11:00:00+00:00,34,1,146095,122.84375,122.859375,122.6875,122.796875,49283,ZNM2
2022-03-23 12:00:00+00:00,34,1,146095,122.8125,122.921875,122.65625,122.796875,102782,ZNM2
2022-03-23 13:00:00+00:00,34,1,146095,122.796875,123.015625,122.796875,123.0,129565,ZNM2
2022-03-23 14:00:00+00:00,34,1,146095,123.0,123.0,122.8125,122.875,117591,ZNM2
2022-03-23 15:00:00+00:00,34,1,146095,122.875,122.90625,122.703125,122.78125,138307,ZNM2
2022-03-23 16:00:00+00:00,34,1,146095,122.765625,123.0625,122.75,123.03125,122540,ZNM2
2022-03-23 17:00:00+00:00,34,1,146095,123.03125,123.265625,122.984375,123.234375,181747,ZNM2
2022-03-23 18:00:00+00:00,34,1,146095,123.25,123.3125,123.109375,123.125,139494,ZNM2
2022-03-23 19:00:00+00:00,34,1,146095,123.109375,123.296875,123.09375,123.28125,78353,ZNM2
2022-03-23 20:00:00+00:00,34,1,146095,123.28125,123.375,123.265625,123.3125,80618,ZNM2
2022-03-23 22:00:00+00:00,34,1,146095,123.296875,123.3125,123.203125,123.234375,7149,ZNM2
2022-03-23 23:00:00+00:00,34,1,146095,123.21875,123.28125,123.21875,123.234375,6636,ZNM2
2022-03-24 00:00:00+00:00,34,1,146095,123.234375,123.265625,123.125,123.15625,18585,ZNM2
2022-03-24 01:00:00+00:00,34,1,146095,123.140625,123.15625,122.96875,123.015625,36743,ZNM2
2022-03-24 02:00:00+00:00,34,1,146095,123.015625,123.078125,122.90625,122.96875,19618,ZNM2
2022-03-24 03:00:00+00:00,34,1,146095,122.96875,123.015625,122.9375,122.9375,8786,ZNM2
2022-03-24 04:00:00+00:00,34,1,146095,122.9375,122.96875,122.90625,122.953125,7629,ZNM2
2022-03-24 05:00:00+00:00,34,1,146095,122.953125,122.953125,122.796875,122.828125,25118,ZNM2
2022-03-24 06:00:00+00:00,34,1,146095,122.828125,122.953125,122.828125,122.9375,14716,ZNM2
2022-03-24 07:00:00+00:00,34,1,146095,122.9375,122.9375,122.78125,122.921875,31901,ZNM2
2022-03-24 08:00:00+00:00,34,1,146095,122.9375,123.078125,122.828125,122.859375,53261,ZNM2
2022-03-24 09:00:00+00:00,34,1,146095,122.84375,122.875,122.734375,122.765625,46645,ZNM2
2022-03-24 10:00:00+00:00,34,1,146095,122.75,122.765625,122.515625,122.546875,79655,ZNM2
2022-03-24 11:00:00+00:00,34,1,146095,122.546875,122.828125,122.546875,122.703125,97584,ZNM2
2022-03-24 12:00:00+00:00,34,1,146095,122.6875,122.8125,122.625,122.78125,83987,ZNM2
2022-03-24 13:00:00+00:00,34,1,146095,122.796875,122.890625,122.609375,122.765625,166810,ZNM2
2022-03-24 14:00:00+00:00,34,1,146095,122.75,122.921875,122.703125,122.8125,98172,ZNM2
2022-03-24 15:00:00+00:00,34,1,146095,122.796875,122.953125,122.703125,122.9375,149375,ZNM2
2022-03-24 16:00:00+00:00,34,1,146095,122.9375,123.015625,122.84375,122.875,87654,ZNM2
2022-03-24 17:00:00+00:00,34,1,146095,122.859375,122.921875,122.78125,122.875,76011,ZNM2
2022-03-24 18:00:00+00:00,34,1,146095,122.875,122.953125,122.859375,122.90625,82460,ZNM2
2022-03-24 19:00:00+00:00,34,1,146095,122.890625,122.9375,122.734375,122.75,86119,ZNM2
2022-03-24 20:00:00+00:00,34,1,146095,122.765625,122.8125,122.65625,122.671875,68464,ZNM2
2022-03-24 22:00:00+00:00,34,1,146095,122.6875,122.75,122.671875,122.75,5369,ZNM2
2022-03-24 23:00:00+00:00,34,1,146095,122.75,122.796875,122.6875,122.6875,5821,ZNM2
2022-03-25 00:00:00+00:00,34,1,146095,122.703125,122.859375,122.671875,122.8125,17646,ZNM2
2022-03-25 01:00:00+00:00,34,1,146095,122.8125,122.828125,122.65625,122.703125,21916,ZNM2
2022-03-25 02:00:00+00:00,34,1,146095,122.703125,122.765625,122.6875,122.734375,6814,ZNM2
2022-03-25 03:00:00+00:00,34,1,146095,122.734375,122.828125,122.734375,122.8125,8500,ZNM2
2022-03-25 04:00:00+00:00,34,1,146095,122.8125,122.890625,122.765625,122.765625,11705,ZNM2
2022-03-25 05:00:00+00:00,34,1,146095,122.765625,122.78125,122.71875,122.75,8784,ZNM2
2022-03-25 06:00:00+00:00,34,1,146095,122.75,122.796875,122.6875,122.71875,10626,ZNM2
2022-03-25 07:00:00+00:00,34,1,146095,122.71875,122.78125,122.703125,122.75,17605,ZNM2
2022-03-25 08:00:00+00:00,34,1,146095,122.765625,122.9375,122.765625,122.859375,41402,ZNM2
2022-03-25 09:00:00+00:00,34,1,146095,122.859375,122.90625,122.734375,122.75,25898,ZNM2
2022-03-25 10:00:00+00:00,34,1,146095,122.734375,122.78125,122.6875,122.703125,26310,ZNM2
2022-03-25 11:00:00+00:00,34,1,146095,122.71875,122.84375,122.6875,122.796875,33707,ZNM2
2022-03-25 12:00:00+00:00,34,1,146095,122.796875,122.84375,122.71875,122.796875,77072,ZNM2
2022-03-25 13:00:00+00:00,34,1,146095,122.78125,122.796875,121.84375,121.9375,358947,ZNM2
2022-03-25 14:00:00+00:00,34,1,146095,121.9375,122.125,121.625,121.703125,256606,ZNM2
2022-03-25 15:00:00+00:00,34,1,146095,121.703125,121.921875,121.546875,121.6875,241110,ZNM2
2022-03-25 16:00:00+00:00,34,1,146095,121.6875,121.875,121.5625,121.640625,146518,ZNM2
2022-03-25 17:00:00+00:00,34,1,146095,121.625,121.765625,121.53125,121.609375,80143,ZNM2
2022-03-25 18:00:00+00:00,34,1,146095,121.609375,121.71875,121.546875,121.546875,118320,ZNM2
2022-03-25 19:00:00+00:00,34,1,146095,121.546875,121.765625,121.5,121.640625,122025,ZNM2
2022-03-25 20:00:00+00:00,34,1,146095,121.65625,121.734375,121.546875,121.703125,53569,ZNM2
2022-03-27 22:00:00+00:00,34,1,146095,121.671875,121.6875,121.453125,121.640625,16280,ZNM2
2022-03-27 23:00:00+00:00,34,1,146095,121.640625,121.765625,121.59375,121.734375,9879,ZNM2
2022-03-28 00:00:00+00:00,34,1,146095,121.75,121.921875,121.734375,121.890625,24152,ZNM2
2022-03-28 01:00:00+00:00,34,1,146095,121.875,121.90625,121.515625,121.515625,26436,ZNM2
2022-03-28 02:00:00+00:00,34,1,146095,121.515625,121.5625,121.359375,121.40625,32630,ZNM2
2022-03-28 03:00:00+00:00,34,1,146095,121.40625,121.484375,121.15625,121.203125,29801,ZNM2
2022-03-28 04:00:00+00:00,34,1,146095,121.203125,121.3125,121.15625,121.25,28791,ZNM2
2022-03-28 05:00:00+00:00,34,1,146095,121.25,121.28125,120.953125,120.984375,54799,ZNM2
2022-03-28 06:00:00+00:00,34,1,146095,120.984375,121.375,120.984375,121.203125,92665,ZNM2
2022-03-28 07:00:00+00:00,34,1,146095,121.203125,121.40625,121.15625,121.25,68668,ZNM2
2022-03-28 08:00:00+00:00,34,1,146095,121.234375,121.3125,121.171875,121.234375,50007,ZNM2
2022-03-28 09:00:00+00:00,34,1,146095,121.234375,121.359375,121.234375,121.3125,30935,ZNM2
2022-03-28 10:00:00+00:00,34,1,146095,121.296875,121.484375,121.296875,121.453125,34048,ZNM2
2022-03-28 11:00:00+00:00,34,1,146095,121.453125,121.75,121.453125,121.671875,75782,ZNM2
2022-03-28 12:00:00+00:00,34,1,146095,121.65625,121.984375,121.65625,121.890625,153970,ZNM2
2022-03-28 13:00:00+00:00,34,1,146095,121.890625,121.96875,121.78125,121.84375,176264,ZNM2
2022-03-28 14:00:00+00:00,34,1,146095,121.84375,122.1875,121.8125,122.0625,165990,ZNM2
2022-03-28 15:00:00+00:00,34,1,146095,122.046875,122.140625,121.78125,121.890625,155932,ZNM2
2022-03-28 16:00:00+00:00,34,1,146095,121.890625,121.984375,121.765625,121.796875,95419,ZNM2
2022-03-28 17:00:00+00:00,34,1,146095,121.78125,121.953125,121.78125,121.84375,95512,ZNM2
2022-03-28 18:00:00+00:00,34,1,146095,121.84375,121.859375,121.671875,121.703125,125746,ZNM2
2022-03-28 19:00:00+00:00,34,1,146095,121.703125,121.859375,121.703125,121.828125,81672,ZNM2
2022-03-28 20:00:00+00:00,34,1,146095,121.8125,121.875,121.703125,121.765625,44374,ZNM2
2022-03-28 22:00:00+00:00,34,1,146095,121.75,121.90625,121.71875,121.859375,6596,ZNM2
2022-03-28 23:00:00+00:00,34,1,146095,121.875,121.984375,121.859375,121.953125,8241,ZNM2
2022-03-29 00:00:00+00:00,34,1,146095,121.953125,121.953125,121.5625,121.59375,28993,ZNM2
2022-03-29 01:00:00+00:00,34,1,146095,121.59375,121.859375,121.5625,121.765625,27422,ZNM2
2022-03-29 02:00:00+00:00,34,1,146095,121.75,121.828125,121.671875,121.8125,11892,ZNM2
2022-03-29 03:00:00+00:00,34,1,146095,121.8125,121.8125,121.625,121.640625,17717,ZNM2
2022-03-29 04:00:00+00:00,34,1,146095,121.640625,121.640625,121.546875,121.5625,9856,ZNM2
2022-03-29 05:00:00+00:00,34,1,146095,121.5625,121.71875,121.515625,121.640625,16115,ZNM2
2022-03-29 06:00:00+00:00,34,1,146095,121.65625,121.75,121.578125,121.703125,26144,ZNM2
2022-03-29 07:00:00+00:00,34,1,146095,121.703125,121.703125,121.390625,121.484375,58180,ZNM2
2022-03-29 08:00:00+00:00,34,1,146095,121.484375,121.53125,121.375,121.421875,39187,ZNM2
2022-03-29 09:00:00+00:00,34,1,146095,121.40625,121.4375,121.25,121.265625,66337,ZNM2
2022-03-29 10:00:00+00:00,34,1,146095,121.28125,121.453125,121.265625,121.453125,35078,ZNM2
2022-03-29 11:00:00+00:00,34,1,146095,121.453125,121.484375,121.09375,121.28125,121478,ZNM2
2022-03-29 12:00:00+00:00,34,1,146095,121.28125,121.90625,121.28125,121.84375,204999,ZNM2
2022-03-29 13:00:00+00:00,34,1,146095,121.84375,122.265625,121.796875,122.25,254998,ZNM2
2022-03-29 14:00:00+00:00,34,1,146095,122.25,122.359375,121.828125,121.84375,258569,ZNM2
2022-03-29 15:00:00+00:00,34,1,146095,121.859375,122.21875,121.8125,122.203125,139524,ZNM2
2022-03-29 16:00:00+00:00,34,1,146095,122.21875,122.28125,122.046875,122.28125,152535,ZNM2
2022-03-29 17:00:00+00:00,34,1,146095,122.28125,122.390625,122.09375,122.390625,151571,ZNM2
2022-03-29 18:00:00+00:00,34,1,146095,122.390625,122.4375,122.234375,122.328125,160560,ZNM2
2022-03-29 19:00:00+00:00,34,1,146095,122.328125,122.328125,122.171875,122.296875,82502,ZNM2
2022-03-29 20:00:00+00:00,34,1,146095,122.3125,122.359375,122.234375,122.265625,51029,ZNM2
2022-03-29 22:00:00+00:00,34,1,146095,122.328125,122.390625,122.15625,122.171875,10894,ZNM2
2022-03-29 23:00:00+00:00,34,1,146095,122.1875,122.296875,122.171875,122.265625,9648,ZNM2
2022-03-30 00:00:00+00:00,34,1,146095,122.28125,122.4375,122.265625,122.421875,24509,ZNM2
2022-03-30 01:00:00+00:00,34,1,146095,122.421875,122.671875,122.421875,122.578125,55386,ZNM2
2022-03-30 02:00:00+00:00,34,1,146095,122.59375,122.65625,122.5625,122.640625,20342,ZNM2
2022-03-30 03:00:00+00:00,34,1,146095,122.625,122.734375,122.625,122.703125,27248,ZNM2
2022-03-30 04:00:00+00:00,34,1,146095,122.703125,122.828125,122.703125,122.734375,31272,ZNM2
2022-03-30 05:00:00+00:00,34,1,146095,122.734375,122.734375,122.546875,122.546875,22358,ZNM2
2022-03-30 06:00:00+00:00,34,1,146095,122.5625,122.703125,122.4375,122.484375,46766,ZNM2
2022-03-30 07:00:00+00:00,34,1,146095,122.484375,122.5,122.265625,122.46875,81258,ZNM2
2022-03-30 08:00:00+00:00,34,1,146095,122.453125,122.625,122.4375,122.453125,66088,ZNM2
2022-03-30 09:00:00+00:00,34,1,146095,122.453125,122.46875,122.265625,122.3125,52427,ZNM2
2022-03-30 10:00:00+00:00,34,1,146095,122.3125,122.375,122.171875,122.1875,41005,ZNM2
2022-03-30 11:00:00+00:00,34,1,146095,122.1875,122.359375,122.140625,122.3125,50629,ZNM2
2022-03-30 12:00:00+00:00,34,1,146095,122.3125,122.359375,122.203125,122.28125,137322,ZNM2
2022-03-30 13:00:00+00:00,34,1,146095,122.265625,122.3125,122.015625,122.1875,166649,ZNM2
2022-03-30 14:00:00+00:00,34,1,146095,122.1875,122.609375,122.171875,122.4375,185369,ZNM2
2022-03-30 15:00:00+00:00,34,1,146095,122.4375,122.6875,122.4375,122.65625,117271,ZNM2
2022-03-30 16:00:00+00:00,34,1,146095,122.640625,122.75,122.640625,122.703125,108943,ZNM2
2022-03-30 17:00:00+00:00,34,1,146095,122.6875,122.734375,122.5,122.5625,80825,ZNM2
2022-03-30 18:00:00+00:00,34,1,146095,122.5625,122.6875,122.546875,122.625,115829,ZNM2
2022-03-30 19:00:00+00:00,34,1,146095,122.640625,122.75,122.609375,122.6875,104158,ZNM2
2022-03-30 20:00:00+00:00,34,1,146095,122.6875,122.796875,122.640625,122.6875,71202,ZNM2
2022-03-30 22:00:00+00:00,34,1,146095,122.703125,122.78125,122.703125,122.734375,5724,ZNM2
2022-03-30 23:00:00+00:00,34,1,146095,122.734375,122.8125,122.71875,122.765625,10347,ZNM2
2022-03-31 00:00:00+00:00,34,1,146095,122.765625,122.90625,122.59375,122.84375,43492,ZNM2
2022-03-31 01:00:00+00:00,34,1,146095,122.859375,122.90625,122.796875,122.890625,16004,ZNM2
2022-03-31 02:00:00+00:00,34,1,146095,122.890625,122.90625,122.8125,122.859375,6618,ZNM2
2022-03-31 03:00:00+00:00,34,1,146095,122.859375,122.9375,122.828125,122.875,9982,ZNM2
2022-03-31 04:00:00+00:00,34,1,146095,122.875,122.890625,122.734375,122.765625,13763,ZNM2
2022-03-31 05:00:00+00:00,34,1,146095,122.765625,122.78125,122.609375,122.75,25365,ZNM2
2022-03-31 06:00:00+00:00,34,1,146095,122.75,122.953125,122.734375,122.90625,50685,ZNM2
2022-03-31 07:00:00+00:00,34,1,146095,122.90625,123.109375,122.875,123.03125,71619,ZNM2
2022-03-31 08:00:00+00:00,34,1,146095,123.03125,123.09375,122.828125,122.953125,74571,ZNM2
2022-03-31 09:00:00+00:00,34,1,146095,122.953125,123.015625,122.84375,123.0,44746,ZNM2
2022-03-31 10:00:00+00:00,34,1,146095,123.015625,123.109375,122.90625,123.109375,40407,ZNM2
2022-03-31 11:00:00+00:00,34,1,146095,123.109375,123.125,123.0,123.078125,43162,ZNM2
2022-03-31 12:00:00+00:00,34,1,146095,123.0625,123.09375,122.8125,122.875,135592,ZNM2
2022-03-31 13:00:00+00:00,34,1,146095,122.875,122.96875,122.6875,122.703125,123862,ZNM2
2022-03-31 14:00:00+00:00,34,1,146095,122.703125,123.03125,122.6875,123.015625,129496,ZNM2
2022-03-31 15:00:00+00:00,34,1,146095,123.0,123.03125,122.890625,122.921875,105931,ZNM2
2022-03-31 16:00:00+00:00,34,1,146095,122.921875,122.9375,122.8125,122.90625,80400,ZNM2
2022-03-31 17:00:00+00:00,34,1,146095,122.90625,123.0,122.859375,122.984375,67888,ZNM2
2022-03-31 18:00:00+00:00,34,1,146095,122.96875,123.015625,122.859375,122.890625,271643,ZNM2
2022-03-31 19:00:00+00:00,34,1,146095,122.890625,122.921875,122.625,122.78125,452337,ZNM2
2022-03-31 20:00:00+00:00,34,1,146095,122.765625,122.796875,122.578125,122.65625,213682,ZNM2
2022-03-31 22:00:00+00:00,34,1,146095,122.65625,122.671875,122.359375,122.5,28163,ZNM2
2022-03-31 23:00:00+00:00,34,1,146095,122.515625,122.609375,122.5,122.59375,10747,ZNM2
2022-04-01 00:00:00+00:00,34,1,146095,122.578125,122.59375,122.265625,122.390625,24020,ZNM2
2022-04-01 01:00:00+00:00,34,1,146095,122.40625,122.5,122.34375,122.453125,18436,ZNM2
2022-04-01 02:00:00+00:00,34,1,146095,122.453125,122.46875,122.25,122.28125,18064,ZNM2
2022-04-01 03:00:00+00:00,34,1,146095,122.28125,122.3125,122.234375,122.28125,14813,ZNM2
2022-04-01 04:00:00+00:00,34,1,146095,122.265625,122.359375,122.265625,122.328125,9571,ZNM2
2022-04-01 05:00:00+00:00,34,1,146095,122.328125,122.421875,122.28125,122.40625,13771,ZNM2
2022-04-01 06:00:00+00:00,34,1,146095,122.40625,122.484375,122.34375,122.375,46977,ZNM2
2022-04-01 07:00:00+00:00,34,1,146095,122.359375,122.390625,121.890625,121.953125,136492,ZNM2
2022-04-01 08:00:00+00:00,34,1,146095,121.9375,122.125,121.9375,122.0625,59807,ZNM2
2022-04-01 09:00:00+00:00,34,1,146095,122.078125,122.3125,122.0625,122.21875,59262,ZNM2
2022-04-01 10:00:00+00:00,34,1,146095,122.203125,122.3125,122.15625,122.1875,40662,ZNM2
2022-04-01 11:00:00+00:00,34,1,146095,122.1875,122.28125,122.109375,122.265625,66253,ZNM2
2022-04-01 12:00:00+00:00,34,1,146095,122.265625,122.34375,121.890625,121.90625,231741,ZNM2
2022-04-01 13:00:00+00:00,34,1,146095,121.921875,122.015625,121.75,121.859375,217902,ZNM2
2022-04-01 14:00:00+00:00,34,1,146095,121.859375,121.984375,121.8125,121.953125,156726,ZNM2
2022-04-01 15:00:00+00:00,34,1,146095,121.953125,122.234375,121.890625,122.203125,169531,ZNM2
2022-04-01 16:00:00+00:00,34,1,146095,122.21875,122.3125,122.171875,122.25,87815,ZNM2
2022-04-01 17:00:00+00:00,34,1,146095,122.265625,122.40625,122.25,122.296875,79124,ZNM2
2022-04-01 18:00:00+00:00,34,1,146095,122.296875,122.34375,122.1875,122.234375,128240,ZNM2
2022-04-01 19:00:00+00:00,34,1,146095,122.25,122.25,122.0625,122.078125,86986,ZNM2
2022-04-01 20:00:00+00:00,34,1,146095,122.0625,122.265625,122.0625,122.15625,50900,ZNM2
2022-04-03 22:00:00+00:00,34,1,146095,122.078125,122.09375,121.90625,122.03125,11709,ZNM2
2022-04-03 23:00:00+00:00,34,1,146095,122.03125,122.046875,121.921875,121.96875,8079,ZNM2
2022-04-04 00:00:00+00:00,34,1,146095,121.96875,122.09375,121.9375,122.03125,15110,ZNM2
2022-04-04 01:00:00+00:00,34,1,146095,122.03125,122.03125,121.90625,121.9375,12848,ZNM2
2022-04-04 02:00:00+00:00,34,1,146095,121.921875,121.953125,121.859375,121.890625,15119,ZNM2
2022-04-04 03:00:00+00:00,34,1,146095,121.890625,121.9375,121.890625,121.890625,5071,ZNM2
2022-04-04 04:00:00+00:00,34,1,146095,121.90625,121.96875,121.890625,121.921875,6256,ZNM2
2022-04-04 05:00:00+00:00,34,1,146095,121.921875,121.96875,121.90625,121.9375,7491,ZNM2
2022-04-04 06:00:00+00:00,34,1,146095,121.9375,122.09375,121.84375,122.09375,29705,ZNM2
2022-04-04 07:00:00+00:00,34,1,146095,122.09375,122.171875,121.90625,122.03125,57682,ZNM2
2022-04-04 08:00:00+00:00,34,1,146095,122.03125,122.265625,122.03125,122.15625,69274,ZNM2
2022-04-04 09:00:00+00:00,34,1,146095,122.15625,122.171875,122.0625,122.09375,28457,ZNM2
2022-04-04 10:00:00+00:00,34,1,146095,122.109375,122.109375,122.015625,122.0625,22291,ZNM2
2022-04-04 11:00:00+00:00,34,1,146095,122.0625,122.296875,122.03125,122.28125,54402,ZNM2
2022-04-04 12:00:00+00:00,34,1,146095,122.265625,122.359375,122.125,122.3125,81201,ZNM2
2022-04-04 13:00:00+00:00,34,1,146095,122.3125,122.390625,122.0,122.0,136228,ZNM2
2022-04-04 14:00:00+00:00,34,1,146095,122.0,122.140625,121.90625,122.0625,176889,ZNM2
2022-04-04 15:00:00+00:00,34,1,146095,122.0625,122.15625,121.96875,122.125,88002,ZNM2
2022-04-04 16:00:00+00:00,34,1,146095,122.140625,122.15625,122.0625,122.078125,51140,ZNM2
2022-04-04 17:00:00+00:00,34,1,146095,122.09375,122.1875,122.078125,122.15625,40310,ZNM2
2022-04-04 18:00:00+00:00,34,1,146095,122.15625,122.1875,122.0625,122.09375,79363,ZNM2
2022-04-04 19:00:00+00:00,34,1,146095,122.09375,122.140625,121.953125,122.109375,77530,ZNM2
2022-04-04 20:00:00+00:00,34,1,146095,122.109375,122.203125,122.03125,122.140625,51132,ZNM2
2022-04-04 22:00:00+00:00,34,1,146095,122.140625,122.265625,122.125,122.265625,4909,ZNM2
2022-04-04 23:00:00+00:00,34,1,146095,122.25,122.25,122.203125,122.234375,4147,ZNM2
2022-04-05 00:00:00+00:00,34,1,146095,122.234375,122.3125,122.171875,122.265625,14888,ZNM2
2022-04-05 01:00:00+00:00,34,1,146095,122.28125,122.28125,122.171875,122.1875,11051,ZNM2
2022-04-05 02:00:00+00:00,34,1,146095,122.171875,122.203125,122.171875,122.1875,4911,ZNM2
2022-04-05 03:00:00+00:00,34,1,146095,122.171875,122.1875,122.09375,122.109375,6782,ZNM2
2022-04-05 04:00:00+00:00,34,1,146095,122.109375,122.109375,121.921875,121.953125,16827,ZNM2
2022-04-05 05:00:00+00:00,34,1,146095,121.953125,122.0625,121.9375,121.96875,16942,ZNM2
2022-04-05 06:00:00+00:00,34,1,146095,121.96875,122.015625,121.859375,122.0,32740,ZNM2
2022-04-05 07:00:00+00:00,34,1,146095,121.984375,122.0,121.75,121.78125,48358,ZNM2
2022-04-05 08:00:00+00:00,34,1,146095,121.796875,121.828125,121.703125,121.78125,39088,ZNM2
2022-04-05 09:00:00+00:00,34,1,146095,121.796875,121.8125,121.71875,121.71875,24407,ZNM2
2022-04-05 10:00:00+00:00,34,1,146095,121.71875,121.78125,121.53125,121.625,60633,ZNM2
2022-04-05 11:00:00+00:00,34,1,146095,121.640625,121.671875,121.578125,121.640625,43824,ZNM2
2022-04-05 12:00:00+00:00,34,1,146095,121.640625,121.71875,121.53125,121.6875,96672,ZNM2
2022-04-05 13:00:00+00:00,34,1,146095,121.671875,121.796875,121.59375,121.625,118364,ZNM2
2022-04-05 14:00:00+00:00,34,1,146095,121.625,121.65625,120.921875,120.984375,412951,ZNM2
2022-04-05 15:00:00+00:00,34,1,146095,120.984375,121.015625,120.828125,120.859375,187994,ZNM2
2022-04-05 16:00:00+00:00,34,1,146095,120.859375,120.921875,120.796875,120.890625,92143,ZNM2
2022-04-05 17:00:00+00:00,34,1,146095,120.875,120.953125,120.828125,120.84375,77126,ZNM2
2022-04-05 18:00:00+00:00,34,1,146095,120.84375,120.96875,120.796875,120.9375,150326,ZNM2
2022-04-05 19:00:00+00:00,34,1,146095,120.921875,121.03125,120.859375,120.875,89133,ZNM2
2022-04-05 20:00:00+00:00,34,1,146095,120.875,120.953125,120.828125,120.921875,66471,ZNM2
2022-04-05 22:00:00+00:00,34,1,146095,120.9375,120.953125,120.828125,120.921875,8313,ZNM2
2022-04-05 23:00:00+00:00,34,1,146095,120.921875,120.9375,120.78125,120.796875,10559,ZNM2
2022-04-06 00:00:00+00:00,34,1,146095,120.796875,120.796875,120.40625,120.484375,61025,ZNM2
2022-04-06 01:00:00+00:00,34,1,146095,120.484375,120.59375,120.40625,120.515625,28769,ZNM2
2022-04-06 02:00:00+00:00,34,1,146095,120.515625,120.515625,120.34375,120.40625,26245,ZNM2
2022-04-06 03:00:00+00:00,34,1,146095,120.40625,120.453125,120.359375,120.40625,9894,ZNM2
2022-04-06 04:00:00+00:00,34,1,146095,120.421875,120.421875,120.234375,120.25,27079,ZNM2
2022-04-06 05:00:00+00:00,34,1,146095,120.265625,120.4375,120.234375,120.359375,21803,ZNM2
2022-04-06 06:00:00+00:00,34,1,146095,120.375,120.578125,120.375,120.546875,62434,ZNM2
2022-04-06 07:00:00+00:00,34,1,146095,120.546875,120.578125,120.328125,120.40625,70636,ZNM2
2022-04-06 08:00:00+00:00,34,1,146095,120.40625,120.515625,120.34375,120.421875,59042,ZNM2
2022-04-06 09:00:00+00:00,34,1,146095,120.421875,120.484375,120.34375,120.4375,36159,ZNM2
2022-04-06 10:00:00+00:00,34,1,146095,120.4375,120.4375,120.171875,120.28125,88205,ZNM2
2022-04-06 11:00:00+00:00,34,1,146095,120.28125,120.421875,120.28125,120.28125,64025,ZNM2
2022-04-06 12:00:00+00:00,34,1,146095,120.28125,120.59375,120.28125,120.421875,159670,ZNM2
2022-04-06 13:00:00+00:00,34,1,146095,120.40625,120.609375,120.359375,120.609375,211171,ZNM2
2022-04-06 14:00:00+00:00,34,1,146095,120.59375,120.734375,120.4375,120.515625,269639,ZNM2
2022-04-06 15:00:00+00:00,34,1,146095,120.515625,120.921875,120.5,120.78125,188348,ZNM2
2022-04-06 16:00:00+00:00,34,1,146095,120.78125,120.859375,120.6875,120.78125,82833,ZNM2
2022-04-06 17:00:00+00:00,34,1,146095,120.765625,120.859375,120.671875,120.75,65128,ZNM2
2022-04-06 18:00:00+00:00,34,1,146095,120.75,121.046875,120.453125,120.703125,321382,ZNM2
2022-04-06 19:00:00+00:00,34,1,146095,120.6875,120.78125,120.625,120.703125,77634,ZNM2
2022-04-06 20:00:00+00:00,34,1,146095,120.6875,120.875,120.671875,120.78125,53978,ZNM2
2022-04-06 22:00:00+00:00,34,1,146095,120.765625,120.875,120.671875,120.71875,10095,ZNM2
2022-04-06 23:00:00+00:00,34,1,146095,120.71875,120.859375,120.65625,120.828125,10783,ZNM2
2022-04-07 00:00:00+00:00,34,1,146095,120.828125,121.171875,120.828125,121.0625,47715,ZNM2
2022-04-07 01:00:00+00:00,34,1,146095,121.0625,121.140625,120.890625,121.09375,32809,ZNM2
2022-04-07 02:00:00+00:00,34,1,146095,121.09375,121.125,120.9375,121.015625,14514,ZNM2
2022-04-07 03:00:00+00:00,34,1,146095,121.0,121.03125,120.953125,120.984375,8481,ZNM2
2022-04-07 04:00:00+00:00,34,1,146095,120.984375,121.0,120.890625,120.96875,8263,ZNM2
2022-04-07 05:00:00+00:00,34,1,146095,120.953125,121.046875,120.890625,121.015625,15068,ZNM2
2022-04-07 06:00:00+00:00,34,1,146095,121.03125,121.1875,121.0,121.09375,49086,ZNM2
2022-04-07 07:00:00+00:00,34,1,146095,121.09375,121.203125,121.015625,121.03125,91174,ZNM2
2022-04-07 08:00:00+00:00,34,1,146095,121.03125,121.171875,121.015625,121.125,35903,ZNM2
2022-04-07 09:00:00+00:00,34,1,146095,121.125,121.125,121.0,121.015625,23983,ZNM2
2022-04-07 10:00:00+00:00,34,1,146095,121.03125,121.046875,120.875,120.9375,48843,ZNM2
2022-04-07 11:00:00+00:00,34,1,146095,120.953125,120.953125,120.6875,120.71875,127565,ZNM2
2022-04-07 12:00:00+00:00,34,1,146095,120.71875,120.765625,120.546875,120.625,165569,ZNM2
2022-04-07 13:00:00+00:00,34,1,146095,120.625,120.78125,120.5,120.765625,145506,ZNM2
2022-04-07 14:00:00+00:00,34,1,146095,120.765625,120.84375,120.53125,120.59375,194903,ZNM2
2022-04-07 15:00:00+00:00,34,1,146095,120.578125,120.71875,120.46875,120.59375,176169,ZNM2
2022-04-07 16:00:00+00:00,34,1,146095,120.578125,120.609375,120.515625,120.53125,59983,ZNM2
2022-04-07 17:00:00+00:00,34,1,146095,120.546875,120.609375,120.5,120.515625,58510,ZNM2
2022-04-07 18:00:00+00:00,34,1,146095,120.515625,120.5625,120.390625,120.53125,158319,ZNM2
2022-04-07 19:00:00+00:00,34,1,146095,120.515625,120.578125,120.4375,120.5625,81930,ZNM2
2022-04-07 20:00:00+00:00,34,1,146095,120.546875,120.578125,120.390625,120.4375,49859,ZNM2
2022-04-07 22:00:00+00:00,34,1,146095,120.46875,120.515625,120.390625,120.46875,7200,ZNM2
2022-04-07 23:00:00+00:00,34,1,146095,120.484375,120.578125,120.46875,120.5625,5987,ZNM2
2022-04-08 00:00:00+00:00,34,1,146095,120.5625,120.71875,120.515625,120.53125,26128,ZNM2
2022-04-08 01:00:00+00:00,34,1,146095,120.53125,120.640625,120.515625,120.5625,8994,ZNM2
2022-04-08 02:00:00+00:00,34,1,146095,120.578125,120.625,120.453125,120.46875,12748,ZNM2
2022-04-08 03:00:00+00:00,34,1,146095,120.453125,120.46875,120.34375,120.453125,19102,ZNM2
2022-04-08 04:00:00+00:00,34,1,146095,120.453125,120.453125,120.34375,120.40625,8699,ZNM2
2022-04-08 05:00:00+00:00,34,1,146095,120.40625,120.484375,120.375,120.484375,8071,ZNM2
2022-04-08 06:00:00+00:00,34,1,146095,120.484375,120.484375,120.359375,120.453125,20610,ZNM2
2022-04-08 07:00:00+00:00,34,1,146095,120.453125,120.5,120.375,120.453125,30095,ZNM2
2022-04-08 08:00:00+00:00,34,1,146095,120.453125,120.453125,120.15625,120.234375,58161,ZNM2
2022-04-08 09:00:00+00:00,34,1,146095,120.234375,120.296875,120.203125,120.265625,20603,ZNM2
2022-04-08 10:00:00+00:00,34,1,146095,120.265625,120.34375,120.265625,120.28125,24390,ZNM2
2022-04-08 11:00:00+00:00,34,1,146095,120.28125,120.34375,120.09375,120.28125,82868,ZNM2
2022-04-08 12:00:00+00:00,34,1,146095,120.28125,120.375,119.96875,120.078125,158351,ZNM2
2022-04-08 13:00:00+00:00,34,1,146095,120.078125,120.28125,119.90625,120.21875,224585,ZNM2
2022-04-08 14:00:00+00:00,34,1,146095,120.203125,120.359375,120.109375,120.21875,182233,ZNM2
2022-04-08 15:00:00+00:00,34,1,146095,120.234375,120.3125,120.171875,120.25,99153,ZNM2
2022-04-08 16:00:00+00:00,34,1,146095,120.25,120.28125,120.109375,120.140625,57282,ZNM2
2022-04-08 17:00:00+00:00,34,1,146095,120.15625,120.15625,120.046875,120.109375,74961,ZNM2
2022-04-08 18:00:00+00:00,34,1,146095,120.125,120.15625,120.0,120.109375,119079,ZNM2
2022-04-08 19:00:00+00:00,34,1,146095,120.109375,120.140625,120.0,120.125,79961,ZNM2
2022-04-08 20:00:00+00:00,34,1,146095,120.125,120.1875,120.125,120.125,31871,ZNM2
2022-04-10 22:00:00+00:00,34,1,146095,120.0,120.03125,119.890625,120.015625,10059,ZNM2
2022-04-10 23:00:00+00:00,34,1,146095,120.03125,120.046875,119.96875,120.0,7903,ZNM2
2022-04-11 00:00:00+00:00,34,1,146095,120.0,120.09375,119.953125,120.03125,16412,ZNM2
2022-04-11 01:00:00+00:00,34,1,146095,120.03125,120.09375,119.921875,119.9375,12523,ZNM2
2022-04-11 02:00:00+00:00,34,1,146095,119.9375,119.9375,119.59375,119.671875,52902,ZNM2
2022-04-11 03:00:00+00:00,34,1,146095,119.65625,119.6875,119.5625,119.578125,29750,ZNM2
2022-04-11 04:00:00+00:00,34,1,146095,119.5625,119.671875,119.53125,119.609375,15066,ZNM2
2022-04-11 05:00:00+00:00,34,1,146095,119.609375,119.671875,119.59375,119.65625,13611,ZNM2
2022-04-11 06:00:00+00:00,34,1,146095,119.65625,119.796875,119.640625,119.703125,45009,ZNM2
2022-04-11 07:00:00+00:00,34,1,146095,119.703125,119.875,119.6875,119.75,60700,ZNM2
2022-04-11 08:00:00+00:00,34,1,146095,119.734375,119.828125,119.671875,119.765625,39807,ZNM2
2022-04-11 09:00:00+00:00,34,1,146095,119.78125,119.875,119.703125,119.75,39067,ZNM2
2022-04-11 10:00:00+00:00,34,1,146095,119.734375,119.765625,119.578125,119.71875,37746,ZNM2
2022-04-11 11:00:00+00:00,34,1,146095,119.71875,119.84375,119.6875,119.796875,57266,ZNM2
2022-04-11 12:00:00+00:00,34,1,146095,119.8125,119.984375,119.609375,119.90625,164540,ZNM2
2022-04-11 13:00:00+00:00,34,1,146095,119.890625,119.96875,119.796875,119.84375,118350,ZNM2
2022-04-11 14:00:00+00:00,34,1,146095,119.84375,119.96875,119.796875,119.859375,110921,ZNM2
2022-04-11 15:00:00+00:00,34,1,146095,119.859375,119.921875,119.765625,119.796875,124800,ZNM2
2022-04-11 16:00:00+00:00,34,1,146095,119.796875,119.84375,119.765625,119.78125,66790,ZNM2
2022-04-11 17:00:00+00:00,34,1,146095,119.796875,119.8125,119.6875,119.703125,83306,ZNM2
2022-04-11 18:00:00+00:00,34,1,146095,119.71875,119.796875,119.703125,119.75,103761,ZNM2
2022-04-11 19:00:00+00:00,34,1,146095,119.75,119.796875,119.671875,119.796875,57724,ZNM2
2022-04-11 20:00:00+00:00,34,1,146095,119.78125,119.828125,119.671875,119.71875,69571,ZNM2
2022-04-11 22:00:00+00:00,34,1,146095,119.71875,119.796875,119.5625,119.609375,15477,ZNM2
2022-04-11 23:00:00+00:00,34,1,146095,119.609375,119.65625,119.453125,119.5625,20345,ZNM2
2022-04-12 00:00:00+00:00,34,1,146095,119.5625,119.578125,119.34375,119.453125,42357,ZNM2
2022-04-12 01:00:00+00:00,34,1,146095,119.453125,119.46875,119.375,119.421875,22981,ZNM2
2022-04-12 02:00:00+00:00,34,1,146095,119.40625,119.46875,119.390625,119.46875,14064,ZNM2
2022-04-12 03:00:00+00:00,34,1,146095,119.453125,119.5,119.4375,119.484375,9537,ZNM2
2022-04-12 04:00:00+00:00,34,1,146095,119.5,119.609375,119.5,119.515625,28421,ZNM2
2022-04-12 05:00:00+00:00,34,1,146095,119.515625,119.515625,119.40625,119.453125,19235,ZNM2
2022-04-12 06:00:00+00:00,34,1,146095,119.453125,119.5,119.375,119.453125,35027,ZNM2
2022-04-12 07:00:00+00:00,34,1,146095,119.453125,119.5,119.328125,119.34375,46049,ZNM2
2022-04-12 08:00:00+00:00,34,1,146095,119.359375,119.46875,119.34375,119.421875,43111,ZNM2
2022-04-12 09:00:00+00:00,34,1,146095,119.421875,119.671875,119.375,119.65625,52611,ZNM2
2022-04-12 10:00:00+00:00,34,1,146095,119.671875,119.703125,119.609375,119.625,33097,ZNM2
2022-04-12 11:00:00+00:00,34,1,146095,119.625,119.90625,119.609375,119.859375,69890,ZNM2
2022-04-12 12:00:00+00:00,34,1,146095,119.875,120.484375,119.78125,120.375,442870,ZNM2
2022-04-12 13:00:00+00:00,34,1,146095,120.390625,120.453125,120.25,120.34375,216472,ZNM2
2022-04-12 14:00:00+00:00,34,1,146095,120.34375,120.515625,120.34375,120.515625,173914,ZNM2
2022-04-12 15:00:00+00:00,34,1,146095,120.5,120.609375,120.453125,120.546875,106460,ZNM2
2022-04-12 16:00:00+00:00,34,1,146095,120.546875,120.8125,120.5,120.671875,213446,ZNM2
2022-04-12 17:00:00+00:00,34,1,146095,120.671875,120.734375,120.4375,120.5,162735,ZNM2
2022-04-12 18:00:00+00:00,34,1,146095,120.5,120.609375,120.421875,120.46875,114340,ZNM2
2022-04-12 19:00:00+00:00,34,1,146095,120.46875,120.625,120.421875,120.4375,88992,ZNM2
2022-04-12 20:00:00+00:00,34,1,146095,120.4375,120.484375,120.328125,120.40625,41994,ZNM2
2022-04-12 22:00:00+00:00,34,1,146095,120.421875,120.53125,120.421875,120.4375,7788,ZNM2
2022-04-12 23:00:00+00:00,34,1,146095,120.453125,120.484375,120.34375,120.453125,11883,ZNM2
2022-04-13 00:00:00+00:00,34,1,146095,120.453125,120.53125,120.21875,120.234375,24337,ZNM2
2022-04-13 01:00:00+00:00,34,1,146095,120.234375,120.3125,120.234375,120.265625,16469,ZNM2
2022-04-13 02:00:00+00:00,34,1,146095,120.265625,120.328125,120.203125,120.3125,20856,ZNM2
2022-04-13 03:00:00+00:00,34,1,146095,120.3125,120.390625,120.3125,120.328125,12504,ZNM2
2022-04-13 04:00:00+00:00,34,1,146095,120.34375,120.359375,120.265625,120.328125,13579,ZNM2
2022-04-13 05:00:00+00:00,34,1,146095,120.34375,120.390625,120.265625,120.3125,16053,ZNM2
2022-04-13 06:00:00+00:00,34,1,146095,120.3125,120.359375,120.09375,120.140625,47268,ZNM2
2022-04-13 07:00:00+00:00,34,1,146095,120.125,120.234375,119.984375,120.078125,71275,ZNM2
2022-04-13 08:00:00+00:00,34,1,146095,120.0625,120.28125,119.96875,120.234375,59430,ZNM2
2022-04-13 09:00:00+00:00,34,1,146095,120.234375,120.296875,120.15625,120.296875,38501,ZNM2
2022-04-13 10:00:00+00:00,34,1,146095,120.296875,120.484375,120.28125,120.4375,51125,ZNM2
2022-04-13 11:00:00+00:00,34,1,146095,120.421875,120.5625,120.375,120.4375,58106,ZNM2
2022-04-13 12:00:00+00:00,34,1,146095,120.421875,120.609375,120.171875,120.53125,168214,ZNM2
2022-04-13 13:00:00+00:00,34,1,146095,120.546875,121.046875,120.515625,120.984375,266962,ZNM2
2022-04-13 14:00:00+00:00,34,1,146095,120.984375,121.21875,120.859375,121.0625,243725,ZNM2
2022-04-13 15:00:00+00:00,34,1,146095,121.0625,121.125,120.921875,121.109375,99406,ZNM2
2022-04-13 16:00:00+00:00,34,1,146095,121.109375,121.125,120.84375,120.859375,98271,ZNM2
2022-04-13 17:00:00+00:00,34,1,146095,120.859375,121.015625,120.796875,120.84375,151699,ZNM2
2022-04-13 18:00:00+00:00,34,1,146095,120.828125,120.9375,120.765625,120.796875,108395,ZNM2
2022-04-13 19:00:00+00:00,34,1,146095,120.796875,120.828125,120.59375,120.703125,87223,ZNM2
2022-04-13 20:00:00+00:00,34,1,146095,120.6875,120.78125,120.65625,120.71875,38273,ZNM2
2022-04-13 22:00:00+00:00,34,1,146095,120.671875,120.875,120.609375,120.875,7818,ZNM2
2022-04-13 23:00:00+00:00,34,1,146095,120.875,120.875,120.734375,120.734375,8221,ZNM2
2022-04-14 00:00:00+00:00,34,1,146095,120.734375,120.765625,120.609375,120.6875,16730,ZNM2
2022-04-14 01:00:00+00:00,34,1,146095,120.671875,120.890625,120.65625,120.84375,22127,ZNM2
2022-04-14 02:00:00+00:00,34,1,146095,120.859375,121.0625,120.859375,121.0,25365,ZNM2
2022-04-14 03:00:00+00:00,34,1,146095,120.984375,121.109375,120.890625,121.0625,26805,ZNM2
2022-04-14 04:00:00+00:00,34,1,146095,121.0625,121.15625,121.03125,121.109375,15481,ZNM2
2022-04-14 05:00:00+00:00,34,1,146095,121.09375,121.09375,120.96875,121.0,11966,ZNM2
2022-04-14 06:00:00+00:00,34,1,146095,120.984375,121.015625,120.90625,120.953125,19406,ZNM2
2022-04-14 07:00:00+00:00,34,1,146095,120.96875,121.171875,120.953125,121.078125,52059,ZNM2
2022-04-14 08:00:00+00:00,34,1,146095,121.078125,121.09375,120.921875,120.9375,40137,ZNM2
2022-04-14 09:00:00+00:00,34,1,146095,120.9375,120.953125,120.765625,120.78125,32237,ZNM2
2022-04-14 10:00:00+00:00,34,1,146095,120.796875,120.9375,120.71875,120.921875,54014,ZNM2
2022-04-14 11:00:00+00:00,34,1,146095,120.921875,121.28125,120.890625,121.140625,98655,ZNM2
2022-04-14 12:00:00+00:00,34,1,146095,121.15625,121.203125,120.625,120.703125,215248,ZNM2
2022-04-14 13:00:00+00:00,34,1,146095,120.703125,120.78125,120.203125,120.28125,295769,ZNM2
2022-04-14 14:00:00+00:00,34,1,146095,120.28125,120.28125,120.015625,120.171875,208740,ZNM2
2022-04-14 15:00:00+00:00,34,1,146095,120.15625,120.25,119.84375,119.921875,186890,ZNM2
2022-04-14 16:00:00+00:00,34,1,146095,119.9375,120.015625,119.84375,119.96875,154081,ZNM2
2022-04-14 17:00:00+00:00,34,1,146095,119.96875,120.0,119.703125,119.75,101940,ZNM2
2022-04-14 18:00:00+00:00,34,1,146095,119.75,119.8125,119.734375,119.78125,27843,ZNM2
2022-04-14 19:00:00+00:00,34,1,146095,119.78125,119.84375,119.75,119.8125,22906,ZNM2
2022-04-14 20:00:00+00:00,34,1,146095,119.8125,119.890625,119.8125,119.875,9534,ZNM2
2022-04-17 22:00:00+00:00,34,1,146095,119.796875,119.828125,119.640625,119.734375,11929,ZNM2
2022-04-17 23:00:00+00:00,34,1,146095,119.75,119.765625,119.625,119.640625,7053,ZNM2
2022-04-18 00:00:00+00:00,34,1,146095,119.640625,119.6875,119.421875,119.453125,23703,ZNM2
2022-04-18 01:00:00+00:00,34,1,146095,119.46875,119.6875,119.453125,119.546875,17074,ZNM2
2022-04-18 02:00:00+00:00,34,1,146095,119.546875,119.578125,119.46875,119.515625,10848,ZNM2
2022-04-18 03:00:00+00:00,34,1,146095,119.515625,119.578125,119.453125,119.453125,13443,ZNM2
2022-04-18 04:00:00+00:00,34,1,146095,119.46875,119.46875,119.359375,119.40625,18398,ZNM2
2022-04-18 05:00:00+00:00,34,1,146095,119.40625,119.5625,119.390625,119.53125,11544,ZNM2
2022-04-18 06:00:00+00:00,34,1,146095,119.53125,119.609375,119.515625,119.609375,9472,ZNM2
2022-04-18 07:00:00+00:00,34,1,146095,119.59375,119.640625,119.5625,119.5625,8397,ZNM2
2022-04-18 08:00:00+00:00,34,1,146095,119.578125,119.59375,119.53125,119.578125,3778,ZNM2
2022-04-18 09:00:00+00:00,34,1,146095,119.578125,119.671875,119.578125,119.65625,7585,ZNM2
2022-04-18 10:00:00+00:00,34,1,146095,119.65625,119.6875,119.609375,119.6875,7831,ZNM2
2022-04-18 11:00:00+00:00,34,1,146095,119.6875,119.78125,119.6875,119.71875,18854,ZNM2
2022-04-18 12:00:00+00:00,34,1,146095,119.71875,119.9375,119.546875,119.90625,96246,ZNM2
2022-04-18 13:00:00+00:00,34,1,146095,119.921875,120.015625,119.8125,119.859375,98186,ZNM2
2022-04-18 14:00:00+00:00,34,1,146095,119.859375,119.96875,119.765625,119.796875,88042,ZNM2
2022-04-18 15:00:00+00:00,34,1,146095,119.796875,119.8125,119.65625,119.765625,56294,ZNM2
2022-04-18 16:00:00+00:00,34,1,146095,119.75,119.765625,119.625,119.640625,37764,ZNM2
2022-04-18 17:00:00+00:00,34,1,146095,119.640625,119.75,119.59375,119.609375,42157,ZNM2
2022-04-18 18:00:00+00:00,34,1,146095,119.625,119.734375,119.59375,119.640625,78667,ZNM2
2022-04-18 19:00:00+00:00,34,1,146095,119.640625,119.75,119.578125,119.59375,74848,ZNM2
2022-04-18 20:00:00+00:00,34,1,146095,119.59375,119.8125,119.5625,119.65625,55619,ZNM2
2022-04-18 22:00:00+00:00,34,1,146095,119.609375,119.765625,119.609375,119.71875,7337,ZNM2
2022-04-18 23:00:00+00:00,34,1,146095,119.71875,119.765625,119.65625,119.71875,6541,ZNM2
2022-04-19 00:00:00+00:00,34,1,146095,119.734375,119.8125,119.640625,119.703125,17923,ZNM2
2022-04-19 01:00:00+00:00,34,1,146095,119.6875,119.8125,119.6875,119.765625,14149,ZNM2
2022-04-19 02:00:00+00:00,34,1,146095,119.75,119.8125,119.734375,119.78125,8468,ZNM2
2022-04-19 03:00:00+00:00,34,1,146095,119.765625,119.828125,119.734375,119.796875,11768,ZNM2
2022-04-19 04:00:00+00:00,34,1,146095,119.796875,119.828125,119.75,119.765625,7703,ZNM2
2022-04-19 05:00:00+00:00,34,1,146095,119.78125,119.796875,119.671875,119.734375,12302,ZNM2
2022-04-19 06:00:00+00:00,34,1,146095,119.71875,119.796875,119.625,119.734375,32211,ZNM2
2022-04-19 07:00:00+00:00,34,1,146095,119.71875,119.78125,119.59375,119.671875,46859,ZNM2
2022-04-19 08:00:00+00:00,34,1,146095,119.671875,119.671875,119.28125,119.390625,95173,ZNM2
2022-04-19 09:00:00+00:00,34,1,146095,119.375,119.484375,119.34375,119.484375,43087,ZNM2
2022-04-19 10:00:00+00:00,34,1,146095,119.484375,119.484375,119.40625,119.421875,31651,ZNM2
2022-04-19 11:00:00+00:00,34,1,146095,119.421875,119.515625,119.375,119.515625,44097,ZNM2
2022-04-19 12:00:00+00:00,34,1,146095,119.515625,119.515625,119.140625,119.203125,206733,ZNM2
2022-04-19 13:00:00+00:00,34,1,146095,119.21875,119.296875,119.078125,119.140625,207884,ZNM2
2022-04-19 14:00:00+00:00,34,1,146095,119.125,119.21875,119.078125,119.171875,150650,ZNM2
2022-04-19 15:00:00+00:00,34,1,146095,119.171875,119.359375,119.15625,119.34375,100575,ZNM2
2022-04-19 16:00:00+00:00,34,1,146095,119.34375,119.375,119.15625,119.265625,73103,ZNM2
2022-04-19 17:00:00+00:00,34,1,146095,119.28125,119.296875,119.125,119.15625,59229,ZNM2
2022-04-19 18:00:00+00:00,34,1,146095,119.15625,119.1875,119.015625,119.125,105109,ZNM2
2022-04-19 19:00:00+00:00,34,1,146095,119.109375,119.140625,118.84375,118.890625,144057,ZNM2
2022-04-19 20:00:00+00:00,34,1,146095,118.90625,118.953125,118.859375,118.890625,48339,ZNM2
2022-04-19 22:00:00+00:00,34,1,146095,118.921875,118.921875,118.84375,118.875,8326,ZNM2
2022-04-19 23:00:00+00:00,34,1,146095,118.890625,118.890625,118.734375,118.765625,16643,ZNM2
2022-04-20 00:00:00+00:00,34,1,146095,118.765625,118.796875,118.625,118.65625,36033,ZNM2
2022-04-20 01:00:00+00:00,34,1,146095,118.65625,118.78125,118.609375,118.75,34537,ZNM2
2022-04-20 02:00:00+00:00,34,1,146095,118.75,118.875,118.6875,118.84375,22455,ZNM2
2022-04-20 03:00:00+00:00,34,1,146095,118.859375,119.078125,118.859375,119.03125,49303,ZNM2
2022-04-20 04:00:00+00:00,34,1,146095,119.015625,119.015625,118.875,118.9375,18314,ZNM2
2022-04-20 05:00:00+00:00,34,1,146095,118.9375,118.96875,118.875,118.9375,9221,ZNM2
2022-04-20 06:00:00+00:00,34,1,146095,118.921875,118.96875,118.84375,118.9375,23909,ZNM2
2022-04-20 07:00:00+00:00,34,1,146095,118.953125,119.21875,118.9375,119.1875,81385,ZNM2
2022-04-20 08:00:00+00:00,34,1,146095,119.1875,119.296875,119.15625,119.265625,38454,ZNM2
2022-04-20 09:00:00+00:00,34,1,146095,119.25,119.34375,119.140625,119.328125,74276,ZNM2
2022-04-20 10:00:00+00:00,34,1,146095,119.328125,119.546875,119.328125,119.46875,87928,ZNM2
2022-04-20 11:00:00+00:00,34,1,146095,119.46875,119.53125,119.421875,119.484375,72324,ZNM2
2022-04-20 12:00:00+00:00,34,1,146095,119.484375,119.5,119.1875,119.25,164861,ZNM2
2022-04-20 13:00:00+00:00,34,1,146095,119.25,119.34375,119.125,119.265625,145690,ZNM2
2022-04-20 14:00:00+00:00,34,1,146095,119.28125,119.4375,119.265625,119.390625,123272,ZNM2
2022-04-20 15:00:00+00:00,34,1,146095,119.390625,119.421875,119.296875,119.375,108655,ZNM2
2022-04-20 16:00:00+00:00,34,1,146095,119.375,119.390625,119.265625,119.328125,77224,ZNM2
2022-04-20 17:00:00+00:00,34,1,146095,119.328125,119.640625,119.328125,119.5,173649,ZNM2
2022-04-20 18:00:00+00:00,34,1,146095,119.484375,119.53125,119.390625,119.53125,113177,ZNM2
2022-04-20 19:00:00+00:00,34,1,146095,119.53125,119.53125,119.359375,119.484375,78503,ZNM2
2022-04-20 20:00:00+00:00,34,1,146095,119.46875,119.59375,119.421875,119.5,47752,ZNM2
2022-04-20 22:00:00+00:00,34,1,146095,119.515625,119.5625,119.328125,119.46875,13187,ZNM2
2022-04-20 23:00:00+00:00,34,1,146095,119.484375,119.53125,119.421875,119.5,7113,ZNM2
2022-04-21 00:00:00+00:00,34,1,146095,119.5,119.515625,119.3125,119.359375,12214,ZNM2
2022-04-21 01:00:00+00:00,34,1,146095,119.375,119.390625,119.265625,119.265625,17946,ZNM2
2022-04-21 02:00:00+00:00,34,1,146095,119.265625,119.265625,119.140625,119.1875,15482,ZNM2
2022-04-21 03:00:00+00:00,34,1,146095,119.171875,119.265625,119.125,119.25,12726,ZNM2
2022-04-21 04:00:00+00:00,34,1,146095,119.265625,119.28125,119.1875,119.234375,10666,ZNM2
2022-04-21 05:00:00+00:00,34,1,146095,119.234375,119.234375,119.109375,119.171875,16203,ZNM2
2022-04-21 06:00:00+00:00,34,1,146095,119.1875,119.3125,119.125,119.296875,37268,ZNM2
2022-04-21 07:00:00+00:00,34,1,146095,119.28125,119.375,119.171875,119.1875,59569,ZNM2
2022-04-21 08:00:00+00:00,34,1,146095,119.171875,119.28125,119.125,119.203125,47367,ZNM2
2022-04-21 09:00:00+00:00,34,1,146095,119.203125,119.25,119.125,119.171875,34124,ZNM2
2022-04-21 10:00:00+00:00,34,1,146095,119.1875,119.265625,119.15625,119.171875,38973,ZNM2
2022-04-21 11:00:00+00:00,34,1,146095,119.15625,119.28125,119.125,119.234375,43336,ZNM2
2022-04-21 12:00:00+00:00,34,1,146095,119.21875,119.390625,119.140625,119.34375,101667,ZNM2
2022-04-21 13:00:00+00:00,34,1,146095,119.34375,119.34375,118.9375,118.9375,176239,ZNM2
2022-04-21 14:00:00+00:00,34,1,146095,118.9375,119.0,118.734375,118.84375,153438,ZNM2
2022-04-21 15:00:00+00:00,34,1,146095,118.859375,118.953125,118.546875,118.640625,189999,ZNM2
2022-04-21 16:00:00+00:00,34,1,146095,118.640625,118.65625,118.484375,118.53125,125348,ZNM2
2022-04-21 17:00:00+00:00,34,1,146095,118.53125,118.78125,118.4375,118.75,103668,ZNM2
2022-04-21 18:00:00+00:00,34,1,146095,118.75,118.78125,118.546875,118.71875,109075,ZNM2
2022-04-21 19:00:00+00:00,34,1,146095,118.71875,118.9375,118.71875,118.859375,92457,ZNM2
2022-04-21 20:00:00+00:00,34,1,146095,118.84375,118.9375,118.71875,118.71875,51272,ZNM2
2022-04-21 22:00:00+00:00,34,1,146095,118.71875,118.734375,118.609375,118.71875,11844,ZNM2
2022-04-21 23:00:00+00:00,34,1,146095,118.71875,118.8125,118.609375,118.609375,11039,ZNM2
2022-04-22 00:00:00+00:00,34,1,146095,118.609375,118.640625,118.25,118.359375,59246,ZNM2
2022-04-22 01:00:00+00:00,34,1,146095,118.34375,118.546875,118.328125,118.359375,25335,ZNM2
2022-04-22 02:00:00+00:00,34,1,146095,118.359375,118.46875,118.3125,118.3125,14227,ZNM2
2022-04-22 03:00:00+00:00,34,1,146095,118.328125,118.453125,118.296875,118.4375,13410,ZNM2
2022-04-22 04:00:00+00:00,34,1,146095,118.4375,118.609375,118.421875,118.609375,11967,ZNM2
2022-04-22 05:00:00+00:00,34,1,146095,118.609375,118.65625,118.546875,118.625,14622,ZNM2
2022-04-22 06:00:00+00:00,34,1,146095,118.640625,118.875,118.625,118.859375,45823,ZNM2
2022-04-22 07:00:00+00:00,34,1,146095,118.859375,118.859375,118.4375,118.46875,68984,ZNM2
2022-04-22 08:00:00+00:00,34,1,146095,118.46875,118.5625,118.359375,118.453125,83334,ZNM2
2022-04-22 09:00:00+00:00,34,1,146095,118.4375,118.515625,118.359375,118.46875,34517,ZNM2
2022-04-22 10:00:00+00:00,34,1,146095,118.46875,118.5625,118.4375,118.515625,28174,ZNM2
2022-04-22 11:00:00+00:00,34,1,146095,118.515625,118.765625,118.515625,118.75,46834,ZNM2
2022-04-22 12:00:00+00:00,34,1,146095,118.75,118.90625,118.53125,118.65625,168488,ZNM2
2022-04-22 13:00:00+00:00,34,1,146095,118.65625,118.890625,118.5,118.828125,136514,ZNM2
2022-04-22 14:00:00+00:00,34,1,146095,118.828125,119.140625,118.828125,119.015625,198301,ZNM2
2022-04-22 15:00:00+00:00,34,1,146095,119.015625,119.015625,118.796875,118.9375,102983,ZNM2
2022-04-22 16:00:00+00:00,34,1,146095,118.9375,118.953125,118.828125,118.875,69127,ZNM2
2022-04-22 17:00:00+00:00,34,1,146095,118.859375,118.953125,118.8125,118.859375,45350,ZNM2
2022-04-22 18:00:00+00:00,34,1,146095,118.859375,118.984375,118.828125,118.9375,81560,ZNM2
2022-04-22 19:00:00+00:00,34,1,146095,118.9375,119.09375,118.90625,119.0,85516,ZNM2
2022-04-22 20:00:00+00:00,34,1,146095,118.984375,119.03125,118.9375,118.984375,43260,ZNM2
2022-04-24 22:00:00+00:00,34,1,146095,118.953125,119.09375,118.828125,119.078125,17654,ZNM2
2022-04-24 23:00:00+00:00,34,1,146095,119.078125,119.140625,119.046875,119.09375,7438,ZNM2
2022-04-25 00:00:00+00:00,34,1,146095,119.078125,119.15625,119.03125,119.09375,17527,ZNM2
2022-04-25 01:00:00+00:00,34,1,146095,119.09375,119.421875,119.078125,119.40625,29164,ZNM2
2022-04-25 02:00:00+00:00,34,1,146095,119.40625,119.5,119.3125,119.4375,32252,ZNM2
2022-04-25 03:00:00+00:00,34,1,146095,119.453125,119.453125,119.375,119.4375,6817,ZNM2
2022-04-25 04:00:00+00:00,34,1,146095,119.453125,119.453125,119.34375,119.34375,8829,ZNM2
2022-04-25 05:00:00+00:00,34,1,146095,119.34375,119.34375,119.171875,119.28125,24015,ZNM2
2022-04-25 06:00:00+00:00,34,1,146095,119.296875,119.71875,119.265625,119.6875,74643,ZNM2
2022-04-25 07:00:00+00:00,34,1,146095,119.671875,119.765625,119.59375,119.640625,103032,ZNM2
2022-04-25 08:00:00+00:00,34,1,146095,119.625,119.796875,119.5,119.671875,83875,ZNM2
2022-04-25 09:00:00+00:00,34,1,146095,119.671875,119.734375,119.546875,119.59375,48207,ZNM2
2022-04-25 10:00:00+00:00,34,1,146095,119.59375,119.75,119.53125,119.578125,45054,ZNM2
2022-04-25 11:00:00+00:00,34,1,146095,119.578125,119.78125,119.46875,119.765625,57067,ZNM2
2022-04-25 12:00:00+00:00,34,1,146095,119.75,119.796875,119.5,119.75,131421,ZNM2
2022-04-25 13:00:00+00:00,34,1,146095,119.734375,120.0,119.625,120.0,170816,ZNM2
2022-04-25 14:00:00+00:00,34,1,146095,119.984375,120.09375,119.875,120.046875,167202,ZNM2
2022-04-25 15:00:00+00:00,34,1,146095,120.0625,120.1875,119.953125,120.078125,143379,ZNM2
2022-04-25 16:00:00+00:00,34,1,146095,120.0625,120.171875,119.875,119.90625,94470,ZNM2
2022-04-25 17:00:00+00:00,34,1,146095,119.890625,119.90625,119.75,119.828125,71030,ZNM2
2022-04-25 18:00:00+00:00,34,1,146095,119.8125,119.828125,119.53125,119.578125,147227,ZNM2
2022-04-25 19:00:00+00:00,34,1,146095,119.578125,119.78125,119.546875,119.5625,127216,ZNM2
2022-04-25 20:00:00+00:00,34,1,146095,119.546875,119.6875,119.546875,119.609375,35370,ZNM2
2022-04-25 22:00:00+00:00,34,1,146095,119.53125,119.765625,119.453125,119.65625,10304,ZNM2
2022-04-25 23:00:00+00:00,34,1,146095,119.65625,119.671875,119.5625,119.65625,7310,ZNM2
2022-04-26 00:00:00+00:00,34,1,146095,119.65625,119.828125,119.625,119.6875,20056,ZNM2
2022-04-26 01:00:00+00:00,34,1,146095,119.671875,119.703125,119.5625,119.640625,16089,ZNM2
2022-04-26 02:00:00+00:00,34,1,146095,119.65625,119.703125,119.609375,119.625,9619,ZNM2
2022-04-26 03:00:00+00:00,34,1,146095,119.625,119.640625,119.296875,119.359375,39957,ZNM2
2022-04-26 04:00:00+00:00,34,1,146095,119.34375,119.375,119.265625,119.328125,12759,ZNM2
2022-04-26 05:00:00+00:00,34,1,146095,119.328125,119.40625,119.234375,119.40625,18328,ZNM2
2022-04-26 06:00:00+00:00,34,1,146095,119.390625,119.59375,119.328125,119.578125,49932,ZNM2
2022-04-26 07:00:00+00:00,34,1,146095,119.578125,119.703125,119.515625,119.640625,57053,ZNM2
2022-04-26 08:00:00+00:00,34,1,146095,119.625,119.796875,119.609375,119.765625,54296,ZNM2
2022-04-26 09:00:00+00:00,34,1,146095,119.765625,119.875,119.75,119.828125,32712,ZNM2
2022-04-26 10:00:00+00:00,34,1,146095,119.84375,119.875,119.75,119.84375,24628,ZNM2
2022-04-26 11:00:00+00:00,34,1,146095,119.84375,120.0,119.796875,120.0,46604,ZNM2
2022-04-26 12:00:00+00:00,34,1,146095,119.984375,120.1875,119.9375,120.1875,156898,ZNM2
2022-04-26 13:00:00+00:00,34,1,146095,120.171875,120.3125,120.140625,120.15625,162566,ZNM2
2022-04-26 14:00:00+00:00,34,1,146095,120.171875,120.359375,120.015625,120.25,170781,ZNM2
2022-04-26 15:00:00+00:00,34,1,146095,120.25,120.40625,120.1875,120.28125,108150,ZNM2
2022-04-26 16:00:00+00:00,34,1,146095,120.265625,120.28125,120.046875,120.046875,74551,ZNM2
2022-04-26 17:00:00+00:00,34,1,146095,120.046875,120.1875,120.046875,120.125,57133,ZNM2
2022-04-26 18:00:00+00:00,34,1,146095,120.125,120.1875,119.953125,120.03125,111858,ZNM2
2022-04-26 19:00:00+00:00,34,1,146095,120.03125,120.28125,119.9375,120.265625,115964,ZNM2
2022-04-26 20:00:00+00:00,34,1,146095,120.25,120.5,120.234375,120.484375,84873,ZNM2
2022-04-26 22:00:00+00:00,34,1,146095,120.4375,120.453125,120.296875,120.390625,13804,ZNM2
2022-04-26 23:00:00+00:00,34,1,146095,120.390625,120.4375,120.3125,120.375,11982,ZNM2
2022-04-27 00:00:00+00:00,34,1,146095,120.375,120.40625,120.25,120.28125,18717,ZNM2
2022-04-27 01:00:00+00:00,34,1,146095,120.28125,120.453125,120.21875,120.4375,31246,ZNM2
2022-04-27 02:00:00+00:00,34,1,146095,120.453125,120.578125,120.203125,120.21875,36820,ZNM2
2022-04-27 03:00:00+00:00,34,1,146095,120.203125,120.25,120.09375,120.171875,23203,ZNM2
2022-04-27 04:00:00+00:00,34,1,146095,120.171875,120.203125,120.078125,120.109375,10338,ZNM2
2022-04-27 05:00:00+00:00,34,1,146095,120.109375,120.171875,120.046875,120.140625,19014,ZNM2
2022-04-27 06:00:00+00:00,34,1,146095,120.140625,120.140625,119.90625,120.015625,63332,ZNM2
2022-04-27 07:00:00+00:00,34,1,146095,120.015625,120.328125,119.96875,120.015625,90539,ZNM2
2022-04-27 08:00:00+00:00,34,1,146095,120.015625,120.1875,119.9375,120.109375,49395,ZNM2
2022-04-27 09:00:00+00:00,34,1,146095,120.125,120.15625,120.046875,120.078125,24705,ZNM2
2022-04-27 10:00:00+00:00,34,1,146095,120.09375,120.1875,120.0,120.0625,39729,ZNM2
2022-04-27 11:00:00+00:00,34,1,146095,120.0625,120.296875,120.046875,120.28125,50214,ZNM2
2022-04-27 12:00:00+00:00,34,1,146095,120.28125,120.453125,120.203125,120.375,128134,ZNM2
2022-04-27 13:00:00+00:00,34,1,146095,120.375,120.375,120.0,120.1875,171873,ZNM2
2022-04-27 14:00:00+00:00,34,1,146095,120.1875,120.328125,120.0,120.0625,155197,ZNM2
2022-04-27 15:00:00+00:00,34,1,146095,120.0625,120.078125,119.828125,119.984375,142340,ZNM2
2022-04-27 16:00:00+00:00,34,1,146095,119.984375,120.109375,119.9375,120.03125,69469,ZNM2
2022-04-27 17:00:00+00:00,34,1,146095,120.046875,120.078125,119.953125,120.046875,54426,ZNM2
2022-04-27 18:00:00+00:00,34,1,146095,120.046875,120.078125,119.765625,119.8125,107439,ZNM2
2022-04-27 19:00:00+00:00,34,1,146095,119.8125,119.875,119.6875,119.78125,113632,ZNM2
2022-04-27 20:00:00+00:00,34,1,146095,119.78125,119.796875,119.59375,119.671875,58154,ZNM2
2022-04-27 22:00:00+00:00,34,1,146095,119.6875,119.796875,119.65625,119.6875,8410,ZNM2
2022-04-27 23:00:00+00:00,34,1,146095,119.6875,119.765625,119.65625,119.703125,7093,ZNM2
2022-04-28 00:00:00+00:00,34,1,146095,119.703125,119.828125,119.625,119.640625,26126,ZNM2
2022-04-28 01:00:00+00:00,34,1,146095,119.625,119.734375,119.609375,119.671875,17582,ZNM2
2022-04-28 02:00:00+00:00,34,1,146095,119.671875,119.78125,119.671875,119.703125,8799,ZNM2
2022-04-28 03:00:00+00:00,34,1,146095,119.6875,119.8125,119.59375,119.734375,32622,ZNM2
2022-04-28 04:00:00+00:00,34,1,146095,119.75,119.765625,119.640625,119.6875,12663,ZNM2
2022-04-28 05:00:00+00:00,34,1,146095,119.703125,119.8125,119.671875,119.78125,16437,ZNM2
2022-04-28 06:00:00+00:00,34,1,146095,119.78125,119.859375,119.703125,119.84375,32595,ZNM2
2022-04-28 07:00:00+00:00,34,1,146095,119.84375,120.03125,119.796875,119.90625,77487,ZNM2
2022-04-28 08:00:00+00:00,34,1,146095,119.90625,119.90625,119.703125,119.78125,47331,ZNM2
2022-04-28 09:00:00+00:00,34,1,146095,119.765625,119.890625,119.703125,119.84375,30462,ZNM2
2022-04-28 10:00:00+00:00,34,1,146095,119.84375,119.953125,119.796875,119.921875,31280,ZNM2
2022-04-28 11:00:00+00:00,34,1,146095,119.921875,119.921875,119.6875,119.703125,41197,ZNM2
2022-04-28 12:00:00+00:00,34,1,146095,119.703125,119.734375,119.203125,119.3125,355396,ZNM2
2022-04-28 13:00:00+00:00,34,1,146095,119.296875,119.609375,119.25,119.40625,231887,ZNM2
2022-04-28 14:00:00+00:00,34,1,146095,119.421875,119.625,119.3125,119.359375,161591,ZNM2
2022-04-28 15:00:00+00:00,34,1,146095,119.359375,119.484375,119.328125,119.375,113163,ZNM2
2022-04-28 16:00:00+00:00,34,1,146095,119.359375,119.453125,119.203125,119.421875,123302,ZNM2
2022-04-28 17:00:00+00:00,34,1,146095,119.4375,119.5,119.265625,119.390625,146269,ZNM2
2022-04-28 18:00:00+00:00,34,1,146095,119.390625,119.453125,119.3125,119.375,109016,ZNM2
2022-04-28 19:00:00+00:00,34,1,146095,119.375,119.5625,119.34375,119.546875,101943,ZNM2
2022-04-28 20:00:00+00:00,34,1,146095,119.53125,119.6875,119.5,119.640625,69380,ZNM2
2022-04-28 22:00:00+00:00,34,1,146095,119.65625,119.75,119.5625,119.5625,8456,ZNM2
2022-04-28 23:00:00+00:00,34,1,146095,119.578125,119.625,119.546875,119.59375,4806,ZNM2
2022-04-29 00:00:00+00:00,34,1,146095,119.59375,119.59375,119.515625,119.53125,6455,ZNM2
2022-04-29 01:00:00+00:00,34,1,146095,119.53125,119.609375,119.515625,119.53125,8639,ZNM2
2022-04-29 02:00:00+00:00,34,1,146095,119.53125,119.546875,119.4375,119.4375,8548,ZNM2
2022-04-29 03:00:00+00:00,34,1,146095,119.4375,119.5,119.4375,119.453125,4284,ZNM2
2022-04-29 04:00:00+00:00,34,1,146095,119.453125,119.546875,119.421875,119.53125,4921,ZNM2
2022-04-29 05:00:00+00:00,34,1,146095,119.53125,119.546875,119.421875,119.453125,10338,ZNM2
2022-04-29 06:00:00+00:00,34,1,146095,119.46875,119.609375,119.390625,119.59375,39943,ZNM2
2022-04-29 07:00:00+00:00,34,1,146095,119.59375,119.640625,119.5,119.59375,49900,ZNM2
2022-04-29 08:00:00+00:00,34,1,146095,119.59375,119.609375,119.40625,119.453125,31608,ZNM2
2022-04-29 09:00:00+00:00,34,1,146095,119.4375,119.484375,119.140625,119.234375,61953,ZNM2
2022-04-29 10:00:00+00:00,34,1,146095,119.234375,119.34375,119.1875,119.328125,28420,ZNM2
2022-04-29 11:00:00+00:00,34,1,146095,119.34375,119.4375,119.25,119.421875,48573,ZNM2
2022-04-29 12:00:00+00:00,34,1,146095,119.40625,119.46875,118.890625,118.953125,234388,ZNM2
2022-04-29 13:00:00+00:00,34,1,146095,118.953125,119.34375,118.75,119.265625,267894,ZNM2
2022-04-29 14:00:00+00:00,34,1,146095,119.265625,119.359375,119.125,119.25,184552,ZNM2
2022-04-29 15:00:00+00:00,34,1,146095,119.265625,119.296875,118.953125,118.984375,129162,ZNM2
2022-04-29 16:00:00+00:00,34,1,146095,119.0,119.09375,118.9375,119.015625,78793,ZNM2
2022-04-29 17:00:00+00:00,34,1,146095,119.03125,119.0625,118.96875,119.015625,64150,ZNM2
2022-04-29 18:00:00+00:00,34,1,146095,119.03125,119.25,119.015625,119.15625,191338,ZNM2
2022-04-29 19:00:00+00:00,34,1,146095,119.140625,119.203125,118.96875,119.03125,347198,ZNM2
2022-04-29 20:00:00+00:00,34,1,146095,119.03125,119.0625,118.765625,118.796875,175416,ZNM2
2022-05-01 22:00:00+00:00,34,1,146095,118.75,118.859375,118.703125,118.859375,15248,ZNM2
2022-05-01 23:00:00+00:00,34,1,146095,118.859375,118.890625,118.796875,118.796875,8476,ZNM2
2022-05-02 00:00:00+00:00,34,1,146095,118.8125,118.921875,118.734375,118.78125,18031,ZNM2
2022-05-02 01:00:00+00:00,34,1,146095,118.765625,118.828125,118.71875,118.78125,15448,ZNM2
2022-05-02 02:00:00+00:00,34,1,146095,118.78125,118.859375,118.765625,118.84375,7303,ZNM2
2022-05-02 03:00:00+00:00,34,1,146095,118.828125,118.875,118.765625,118.828125,6171,ZNM2
2022-05-02 04:00:00+00:00,34,1,146095,118.8125,118.84375,118.734375,118.765625,10025,ZNM2
2022-05-02 05:00:00+00:00,34,1,146095,118.765625,118.78125,118.703125,118.765625,9970,ZNM2
2022-05-02 06:00:00+00:00,34,1,146095,118.765625,118.828125,118.71875,118.78125,17164,ZNM2
2022-05-02 07:00:00+00:00,34,1,146095,118.78125,118.921875,118.71875,118.90625,18297,ZNM2
2022-05-02 08:00:00+00:00,34,1,146095,118.90625,119.03125,118.859375,118.9375,26231,ZNM2
2022-05-02 09:00:00+00:00,34,1,146095,118.953125,118.96875,118.875,118.953125,10457,ZNM2
2022-05-02 10:00:00+00:00,34,1,146095,118.953125,118.984375,118.890625,118.953125,12102,ZNM2
2022-05-02 11:00:00+00:00,34,1,146095,118.96875,119.015625,118.890625,118.984375,33254,ZNM2
2022-05-02 12:00:00+00:00,34,1,146095,118.96875,119.0625,118.640625,118.640625,131825,ZNM2
2022-05-02 13:00:00+00:00,34,1,146095,118.640625,118.71875,118.421875,118.46875,145491,ZNM2
2022-05-02 14:00:00+00:00,34,1,146095,118.484375,118.625,118.40625,118.53125,159230,ZNM2
2022-05-02 15:00:00+00:00,34,1,146095,118.546875,118.5625,118.359375,118.375,101156,ZNM2
2022-05-02 16:00:00+00:00,34,1,146095,118.390625,118.453125,118.34375,118.421875,57104,ZNM2
2022-05-02 17:00:00+00:00,34,1,146095,118.40625,118.53125,118.328125,118.515625,67809,ZNM2
2022-05-02 18:00:00+00:00,34,1,146095,118.5,118.5625,118.328125,118.328125,85291,ZNM2
2022-05-02 19:00:00+00:00,34,1,146095,118.34375,118.421875,118.21875,118.328125,134345,ZNM2
2022-05-02 20:00:00+00:00,34,1,146095,118.328125,118.515625,118.3125,118.40625,61879,ZNM2
2022-05-02 22:00:00+00:00,34,1,146095,118.390625,118.453125,118.359375,118.390625,5931,ZNM2
2022-05-02 23:00:00+00:00,34,1,146095,118.390625,118.390625,118.34375,118.375,3151,ZNM2
2022-05-03 00:00:00+00:00,34,1,146095,118.390625,118.484375,118.375,118.46875,7612,ZNM2
2022-05-03 01:00:00+00:00,34,1,146095,118.453125,118.515625,118.4375,118.5,3326,ZNM2
2022-05-03 02:00:00+00:00,34,1,146095,118.484375,118.5,118.453125,118.484375,4028,ZNM2
2022-05-03 03:00:00+00:00,34,1,146095,118.484375,118.53125,118.46875,118.515625,4994,ZNM2
2022-05-03 04:00:00+00:00,34,1,146095,118.515625,118.546875,118.359375,118.390625,10166,ZNM2
2022-05-03 05:00:00+00:00,34,1,146095,118.40625,118.40625,118.265625,118.328125,10546,ZNM2
2022-05-03 06:00:00+00:00,34,1,146095,118.328125,118.375,118.1875,118.25,45979,ZNM2
2022-05-03 07:00:00+00:00,34,1,146095,118.25,118.34375,118.140625,118.234375,63158,ZNM2
2022-05-03 08:00:00+00:00,34,1,146095,118.234375,118.4375,118.1875,118.40625,36837,ZNM2
2022-05-03 09:00:00+00:00,34,1,146095,118.390625,118.40625,118.28125,118.375,34816,ZNM2
2022-05-03 10:00:00+00:00,34,1,146095,118.375,118.546875,118.3125,118.484375,37362,ZNM2
2022-05-03 11:00:00+00:00,34,1,146095,118.484375,118.5625,118.40625,118.53125,38918,ZNM2
2022-05-03 12:00:00+00:00,34,1,146095,118.53125,118.640625,118.46875,118.59375,120881,ZNM2
2022-05-03 13:00:00+00:00,34,1,146095,118.59375,118.9375,118.59375,118.90625,202531,ZNM2
2022-05-03 14:00:00+00:00,34,1,146095,118.90625,118.9375,118.71875,118.84375,149479,ZNM2
2022-05-03 15:00:00+00:00,34,1,146095,118.84375,118.921875,118.765625,118.78125,89975,ZNM2
2022-05-03 16:00:00+00:00,34,1,146095,118.765625,118.765625,118.59375,118.71875,84394,ZNM2
2022-05-03 17:00:00+00:00,34,1,146095,118.71875,118.734375,118.625,118.671875,52330,ZNM2
2022-05-03 18:00:00+00:00,34,1,146095,118.671875,118.703125,118.484375,118.515625,132485,ZNM2
2022-05-03 19:00:00+00:00,34,1,146095,118.53125,118.53125,118.390625,118.40625,82064,ZNM2
2022-05-03 20:00:00+00:00,34,1,146095,118.421875,118.453125,118.3125,118.375,52256,ZNM2
2022-05-03 22:00:00+00:00,34,1,146095,118.375,118.46875,118.359375,118.390625,8850,ZNM2
2022-05-03 23:00:00+00:00,34,1,146095,118.40625,118.421875,118.296875,118.34375,7514,ZNM2
2022-05-04 00:00:00+00:00,34,1,146095,118.359375,118.40625,118.296875,118.359375,8214,ZNM2
2022-05-04 01:00:00+00:00,34,1,146095,118.359375,118.390625,118.328125,118.34375,6833,ZNM2
2022-05-04 02:00:00+00:00,34,1,146095,118.34375,118.40625,118.34375,118.359375,5261,ZNM2
2022-05-04 03:00:00+00:00,34,1,146095,118.359375,118.40625,118.328125,118.375,5301,ZNM2
2022-05-04 04:00:00+00:00,34,1,146095,118.375,118.375,118.328125,118.34375,3634,ZNM2
2022-05-04 05:00:00+00:00,34,1,146095,118.34375,118.359375,118.28125,118.28125,8961,ZNM2
2022-05-04 06:00:00+00:00,34,1,146095,118.28125,118.484375,118.1875,118.453125,45399,ZNM2
2022-05-04 07:00:00+00:00,34,1,146095,118.46875,118.46875,118.3125,118.390625,41063,ZNM2
2022-05-04 08:00:00+00:00,34,1,146095,118.40625,118.5,118.40625,118.46875,27454,ZNM2
2022-05-04 09:00:00+00:00,34,1,146095,118.46875,118.546875,118.40625,118.53125,19255,ZNM2
2022-05-04 10:00:00+00:00,34,1,146095,118.53125,118.578125,118.5,118.515625,27476,ZNM2
2022-05-04 11:00:00+00:00,34,1,146095,118.515625,118.546875,118.421875,118.453125,39061,ZNM2
2022-05-04 12:00:00+00:00,34,1,146095,118.453125,118.546875,118.3125,118.375,96648,ZNM2
2022-05-04 13:00:00+00:00,34,1,146095,118.375,118.46875,118.1875,118.25,156877,ZNM2
2022-05-04 14:00:00+00:00,34,1,146095,118.25,118.390625,118.203125,118.375,169761,ZNM2
2022-05-04 15:00:00+00:00,34,1,146095,118.375,118.484375,118.359375,118.40625,103174,ZNM2
2022-05-04 16:00:00+00:00,34,1,146095,118.421875,118.46875,118.3125,118.359375,54660,ZNM2
2022-05-04 17:00:00+00:00,34,1,146095,118.375,118.46875,118.28125,118.46875,63662,ZNM2
2022-05-04 18:00:00+00:00,34,1,146095,118.453125,119.203125,118.140625,119.15625,409148,ZNM2
2022-05-04 19:00:00+00:00,34,1,146095,119.171875,119.203125,118.8125,119.125,229235,ZNM2
2022-05-04 20:00:00+00:00,34,1,146095,119.140625,119.15625,118.859375,118.96875,67289,ZNM2
2022-05-04 22:00:00+00:00,34,1,146095,118.921875,119.171875,118.921875,118.9375,10929,ZNM2
2022-05-04 23:00:00+00:00,34,1,146095,118.9375,119.0625,118.921875,119.03125,4293,ZNM2
2022-05-05 00:00:00+00:00,34,1,146095,119.015625,119.171875,119.015625,119.078125,6062,ZNM2
2022-05-05 01:00:00+00:00,34,1,146095,119.0625,119.296875,119.0625,119.1875,16031,ZNM2
2022-05-05 02:00:00+00:00,34,1,146095,119.171875,119.203125,119.09375,119.125,7797,ZNM2
2022-05-05 03:00:00+00:00,34,1,146095,119.125,119.125,118.96875,119.03125,9584,ZNM2
2022-05-05 04:00:00+00:00,34,1,146095,119.03125,119.03125,118.953125,118.96875,4887,ZNM2
2022-05-05 05:00:00+00:00,34,1,146095,118.96875,118.984375,118.859375,118.9375,9474,ZNM2
2022-05-05 06:00:00+00:00,34,1,146095,118.9375,119.03125,118.78125,118.78125,40868,ZNM2
2022-05-05 07:00:00+00:00,34,1,146095,118.78125,118.875,118.609375,118.6875,78403,ZNM2
2022-05-05 08:00:00+00:00,34,1,146095,118.6875,118.84375,118.640625,118.828125,29316,ZNM2
2022-05-05 09:00:00+00:00,34,1,146095,118.828125,118.890625,118.765625,118.84375,32354,ZNM2
2022-05-05 10:00:00+00:00,34,1,146095,118.859375,118.921875,118.6875,118.71875,31523,ZNM2
2022-05-05 11:00:00+00:00,34,1,146095,118.71875,118.96875,118.625,118.734375,93367,ZNM2
2022-05-05 12:00:00+00:00,34,1,146095,118.734375,119.046875,118.71875,118.75,120209,ZNM2
2022-05-05 13:00:00+00:00,34,1,146095,118.734375,118.78125,118.25,118.328125,284301,ZNM2
2022-05-05 14:00:00+00:00,34,1,146095,118.328125,118.359375,118.171875,118.1875,243446,ZNM2
2022-05-05 15:00:00+00:00,34,1,146095,118.1875,118.21875,117.84375,117.9375,284750,ZNM2
2022-05-05 16:00:00+00:00,34,1,146095,117.953125,118.0,117.828125,117.90625,93775,ZNM2
2022-05-05 17:00:00+00:00,34,1,146095,117.90625,118.0,117.8125,117.890625,66273,ZNM2
2022-05-05 18:00:00+00:00,34,1,146095,117.890625,118.140625,117.828125,118.0625,125345,ZNM2
2022-05-05 19:00:00+00:00,34,1,146095,118.078125,118.3125,118.015625,118.25,168298,ZNM2
2022-05-05 20:00:00+00:00,34,1,146095,118.265625,118.375,118.203125,118.25,79319,ZNM2
2022-05-05 22:00:00+00:00,34,1,146095,118.1875,118.296875,118.0625,118.09375,10803,ZNM2
2022-05-05 23:00:00+00:00,34,1,146095,118.09375,118.21875,118.046875,118.15625,7826,ZNM2
2022-05-06 00:00:00+00:00,34,1,146095,118.140625,118.28125,117.921875,117.96875,23202,ZNM2
2022-05-06 01:00:00+00:00,34,1,146095,117.96875,118.046875,117.828125,117.921875,52949,ZNM2
2022-05-06 02:00:00+00:00,34,1,146095,117.921875,118.0625,117.84375,118.046875,22991,ZNM2
2022-05-06 03:00:00+00:00,34,1,146095,118.046875,118.109375,118.0,118.046875,13139,ZNM2
2022-05-06 04:00:00+00:00,34,1,146095,118.046875,118.171875,118.03125,118.140625,13766,ZNM2
2022-05-06 05:00:00+00:00,34,1,146095,118.140625,118.171875,118.046875,118.0625,16464,ZNM2
2022-05-06 06:00:00+00:00,34,1,146095,118.0625,118.234375,118.046875,118.046875,48463,ZNM2
2022-05-06 07:00:00+00:00,34,1,146095,118.0625,118.140625,117.984375,118.0,66964,ZNM2
2022-05-06 08:00:00+00:00,34,1,146095,118.0,118.078125,117.90625,118.03125,43728,ZNM2
2022-05-06 09:00:00+00:00,34,1,146095,118.046875,118.046875,117.9375,117.984375,33736,ZNM2
2022-05-06 10:00:00+00:00,34,1,146095,117.96875,118.0625,117.875,118.046875,35768,ZNM2
2022-05-06 11:00:00+00:00,34,1,146095,118.03125,118.0625,117.828125,117.921875,59061,ZNM2
2022-05-06 12:00:00+00:00,34,1,146095,117.921875,118.296875,117.671875,117.703125,248111,ZNM2
2022-05-06 13:00:00+00:00,34,1,146095,117.703125,118.25,117.609375,118.203125,245459,ZNM2
2022-05-06 14:00:00+00:00,34,1,146095,118.203125,118.25,117.90625,117.984375,191098,ZNM2
2022-05-06 15:00:00+00:00,34,1,146095,117.96875,118.140625,117.859375,118.09375,106944,ZNM2
2022-05-06 16:00:00+00:00,34,1,146095,118.078125,118.171875,118.0,118.015625,59127,ZNM2
2022-05-06 17:00:00+00:00,34,1,146095,118.0,118.015625,117.828125,117.828125,53838,ZNM2
2022-05-06 18:00:00+00:00,34,1,146095,117.828125,117.921875,117.765625,117.765625,73426,ZNM2
2022-05-06 19:00:00+00:00,34,1,146095,117.78125,117.84375,117.671875,117.75,112051,ZNM2
2022-05-06 20:00:00+00:00,34,1,146095,117.75,117.765625,117.578125,117.65625,51173,ZNM2
2022-05-08 22:00:00+00:00,34,1,146095,117.625,117.71875,117.453125,117.578125,24764,ZNM2
2022-05-08 23:00:00+00:00,34,1,146095,117.578125,117.65625,117.53125,117.59375,11164,ZNM2
2022-05-09 00:00:00+00:00,34,1,146095,117.59375,117.734375,117.484375,117.6875,23261,ZNM2
2022-05-09 01:00:00+00:00,34,1,146095,117.703125,117.84375,117.671875,117.8125,20473,ZNM2
2022-05-09 02:00:00+00:00,34,1,146095,117.796875,117.8125,117.609375,117.625,12792,ZNM2
2022-05-09 03:00:00+00:00,34,1,146095,117.625,117.671875,117.59375,117.625,8211,ZNM2
2022-05-09 04:00:00+00:00,34,1,146095,117.640625,117.703125,117.625,117.671875,8311,ZNM2
2022-05-09 05:00:00+00:00,34,1,146095,117.65625,117.703125,117.5625,117.6875,15480,ZNM2
2022-05-09 06:00:00+00:00,34,1,146095,117.6875,117.71875,117.53125,117.625,40439,ZNM2
2022-05-09 07:00:00+00:00,34,1,146095,117.609375,117.703125,117.375,117.515625,85026,ZNM2
2022-05-09 08:00:00+00:00,34,1,146095,117.515625,117.546875,117.359375,117.390625,44835,ZNM2
2022-05-09 09:00:00+00:00,34,1,146095,117.375,117.453125,117.265625,117.34375,58653,ZNM2
2022-05-09 10:00:00+00:00,34,1,146095,117.34375,117.46875,117.265625,117.453125,46882,ZNM2
2022-05-09 11:00:00+00:00,34,1,146095,117.453125,117.5625,117.421875,117.484375,62795,ZNM2
2022-05-09 12:00:00+00:00,34,1,146095,117.5,117.859375,117.484375,117.828125,132053,ZNM2
2022-05-09 13:00:00+00:00,34,1,146095,117.828125,118.0,117.78125,117.984375,186494,ZNM2
2022-05-09 14:00:00+00:00,34,1,146095,118.0,118.15625,117.875,118.125,193710,ZNM2
2022-05-09 15:00:00+00:00,34,1,146095,118.125,118.359375,118.125,118.203125,182692,ZNM2
2022-05-09 16:00:00+00:00,34,1,146095,118.203125,118.328125,118.09375,118.25,75736,ZNM2
2022-05-09 17:00:00+00:00,34,1,146095,118.25,118.3125,118.109375,118.171875,80134,ZNM2
2022-05-09 18:00:00+00:00,34,1,146095,118.171875,118.265625,118.140625,118.1875,77591,ZNM2
2022-05-09 19:00:00+00:00,34,1,146095,118.203125,118.609375,118.171875,118.546875,135244,ZNM2
2022-05-09 20:00:00+00:00,34,1,146095,118.546875,118.5625,118.4375,118.46875,68942,ZNM2
2022-05-09 22:00:00+00:00,34,1,146095,118.453125,118.578125,118.421875,118.5,15142,ZNM2
2022-05-09 23:00:00+00:00,34,1,146095,118.5,118.578125,118.484375,118.546875,16065,ZNM2
2022-05-10 00:00:00+00:00,34,1,146095,118.546875,118.9375,118.5,118.8125,76326,ZNM2
2022-05-10 01:00:00+00:00,34,1,146095,118.796875,118.90625,118.578125,118.59375,35092,ZNM2
2022-05-10 02:00:00+00:00,34,1,146095,118.59375,118.59375,118.453125,118.53125,26394,ZNM2
2022-05-10 03:00:00+00:00,34,1,146095,118.53125,118.65625,118.5,118.5,14926,ZNM2
2022-05-10 04:00:00+00:00,34,1,146095,118.5,118.53125,118.453125,118.46875,9147,ZNM2
2022-05-10 05:00:00+00:00,34,1,146095,118.46875,118.5,118.34375,118.40625,17791,ZNM2
2022-05-10 06:00:00+00:00,34,1,146095,118.390625,118.421875,118.25,118.3125,51311,ZNM2
2022-05-10 07:00:00+00:00,34,1,146095,118.296875,118.484375,118.296875,118.421875,55982,ZNM2
2022-05-10 08:00:00+00:00,34,1,146095,118.40625,118.71875,118.40625,118.59375,61599,ZNM2
2022-05-10 09:00:00+00:00,34,1,146095,118.59375,118.75,118.53125,118.703125,39982,ZNM2
2022-05-10 10:00:00+00:00,34,1,146095,118.71875,118.765625,118.609375,118.625,39535,ZNM2
2022-05-10 11:00:00+00:00,34,1,146095,118.640625,118.859375,118.578125,118.796875,56120,ZNM2
2022-05-10 12:00:00+00:00,34,1,146095,118.8125,119.1875,118.71875,119.125,193618,ZNM2
2022-05-10 13:00:00+00:00,34,1,146095,119.140625,119.15625,118.875,118.96875,222988,ZNM2
2022-05-10 14:00:00+00:00,34,1,146095,118.96875,119.109375,118.890625,119.078125,161462,ZNM2
2022-05-10 15:00:00+00:00,34,1,146095,119.078125,119.125,118.890625,119.078125,146994,ZNM2
2022-05-10 16:00:00+00:00,34,1,146095,119.0625,119.140625,119.015625,119.046875,84536,ZNM2
2022-05-10 17:00:00+00:00,34,1,146095,119.046875,119.09375,118.875,118.90625,84516,ZNM2
2022-05-10 18:00:00+00:00,34,1,146095,118.890625,118.96875,118.75,118.796875,129595,ZNM2
2022-05-10 19:00:00+00:00,34,1,146095,118.796875,118.859375,118.71875,118.765625,83932,ZNM2
2022-05-10 20:00:00+00:00,34,1,146095,118.765625,118.859375,118.734375,118.796875,43309,ZNM2
2022-05-10 22:00:00+00:00,34,1,146095,118.765625,118.921875,118.765625,118.875,5442,ZNM2
2022-05-10 23:00:00+00:00,34,1,146095,118.875,118.890625,118.796875,118.84375,7484,ZNM2
2022-05-11 00:00:00+00:00,34,1,146095,118.828125,118.9375,118.765625,118.890625,14929,ZNM2
2022-05-11 01:00:00+00:00,34,1,146095,118.875,118.890625,118.78125,118.78125,10738,ZNM2
2022-05-11 02:00:00+00:00,34,1,146095,118.796875,118.875,118.78125,118.84375,7133,ZNM2
2022-05-11 03:00:00+00:00,34,1,146095,118.84375,118.875,118.765625,118.78125,7691,ZNM2
2022-05-11 04:00:00+00:00,34,1,146095,118.78125,118.859375,118.765625,118.84375,7265,ZNM2
2022-05-11 05:00:00+00:00,34,1,146095,118.828125,118.953125,118.8125,118.84375,16176,ZNM2
2022-05-11 06:00:00+00:00,34,1,146095,118.828125,119.109375,118.796875,119.078125,38634,ZNM2
2022-05-11 07:00:00+00:00,34,1,146095,119.078125,119.296875,119.046875,119.1875,80337,ZNM2
2022-05-11 08:00:00+00:00,34,1,146095,119.1875,119.25,119.125,119.21875,38672,ZNM2
2022-05-11 09:00:00+00:00,34,1,146095,119.21875,119.296875,119.15625,119.1875,36318,ZNM2
2022-05-11 10:00:00+00:00,34,1,146095,119.1875,119.328125,119.15625,119.28125,38873,ZNM2
2022-05-11 11:00:00+00:00,34,1,146095,119.28125,119.40625,119.21875,119.21875,70321,ZNM2
2022-05-11 12:00:00+00:00,34,1,146095,119.234375,119.28125,118.109375,118.109375,490763,ZNM2
2022-05-11 13:00:00+00:00,34,1,146095,118.109375,118.90625,118.109375,118.59375,331288,ZNM2
2022-05-11 14:00:00+00:00,34,1,146095,118.59375,118.75,118.453125,118.6875,169581,ZNM2
2022-05-11 15:00:00+00:00,34,1,146095,118.703125,118.890625,118.578125,118.859375,130954,ZNM2
2022-05-11 16:00:00+00:00,34,1,146095,118.859375,119.15625,118.828125,119.140625,143345,ZNM2
2022-05-11 17:00:00+00:00,34,1,146095,119.140625,119.296875,119.015625,119.265625,135329,ZNM2
2022-05-11 18:00:00+00:00,34,1,146095,119.265625,119.375,119.109375,119.28125,119728,ZNM2
2022-05-11 19:00:00+00:00,34,1,146095,119.28125,119.3125,119.171875,119.25,105975,ZNM2
2022-05-11 20:00:00+00:00,34,1,146095,119.234375,119.28125,119.109375,119.171875,46791,ZNM2
2022-05-11 22:00:00+00:00,34,1,146095,119.1875,119.234375,119.140625,119.171875,8797,ZNM2
2022-05-11 23:00:00+00:00,34,1,146095,119.1875,119.265625,119.15625,119.1875,8060,ZNM2
2022-05-12 00:00:00+00:00,34,1,146095,119.1875,119.625,119.1875,119.359375,71101,ZNM2
2022-05-12 01:00:00+00:00,34,1,146095,119.359375,119.46875,119.234375,119.25,28250,ZNM2
2022-05-12 02:00:00+00:00,34,1,146095,119.25,119.40625,119.234375,119.34375,12888,ZNM2
2022-05-12 03:00:00+00:00,34,1,146095,119.34375,119.40625,119.28125,119.296875,10901,ZNM2
2022-05-12 04:00:00+00:00,34,1,146095,119.296875,119.390625,119.28125,119.34375,10636,ZNM2
2022-05-12 05:00:00+00:00,34,1,146095,119.328125,119.546875,119.296875,119.546875,38364,ZNM2
2022-05-12 06:00:00+00:00,34,1,146095,119.546875,119.75,119.515625,119.703125,68313,ZNM2
2022-05-12 07:00:00+00:00,34,1,146095,119.703125,119.875,119.65625,119.6875,147030,ZNM2
2022-05-12 08:00:00+00:00,34,1,146095,119.6875,119.875,119.671875,119.8125,80544,ZNM2
2022-05-12 09:00:00+00:00,34,1,146095,119.8125,119.9375,119.75,119.84375,68001,ZNM2
2022-05-12 10:00:00+00:00,34,1,146095,119.84375,119.90625,119.6875,119.734375,57460,ZNM2
2022-05-12 11:00:00+00:00,34,1,146095,119.734375,119.90625,119.6875,119.890625,71995,ZNM2
2022-05-12 12:00:00+00:00,34,1,146095,119.890625,119.890625,119.71875,119.828125,139958,ZNM2
2022-05-12 13:00:00+00:00,34,1,146095,119.84375,119.84375,119.53125,119.578125,192156,ZNM2
2022-05-12 14:00:00+00:00,34,1,146095,119.578125,119.65625,119.4375,119.578125,188065,ZNM2
2022-05-12 15:00:00+00:00,34,1,146095,119.59375,119.828125,119.484375,119.828125,144520,ZNM2
2022-05-12 16:00:00+00:00,34,1,146095,119.8125,119.828125,119.5625,119.59375,96943,ZNM2
2022-05-12 17:00:00+00:00,34,1,146095,119.59375,119.859375,119.5625,119.796875,91379,ZNM2
2022-05-12 18:00:00+00:00,34,1,146095,119.78125,120.015625,119.734375,119.984375,117123,ZNM2
2022-05-12 19:00:00+00:00,34,1,146095,119.984375,120.015625,119.59375,119.609375,115050,ZNM2
2022-05-12 20:00:00+00:00,34,1,146095,119.59375,119.71875,119.5625,119.6875,62357,ZNM2
2022-05-12 22:00:00+00:00,34,1,146095,119.71875,119.734375,119.59375,119.65625,7028,ZNM2
2022-05-12 23:00:00+00:00,34,1,146095,119.671875,119.671875,119.578125,119.609375,8260,ZNM2
2022-05-13 00:00:00+00:00,34,1,146095,119.625,119.703125,119.5,119.53125,23961,ZNM2
2022-05-13 01:00:00+00:00,34,1,146095,119.53125,119.53125,119.3125,119.46875,29546,ZNM2
2022-05-13 02:00:00+00:00,34,1,146095,119.453125,119.5625,119.40625,119.5625,12408,ZNM2
2022-05-13 03:00:00+00:00,34,1,146095,119.546875,119.5625,119.4375,119.5,9049,ZNM2
2022-05-13 04:00:00+00:00,34,1,146095,119.5,119.53125,119.453125,119.453125,5965,ZNM2
2022-05-13 05:00:00+00:00,34,1,146095,119.46875,119.53125,119.421875,119.453125,10039,ZNM2
2022-05-13 06:00:00+00:00,34,1,146095,119.453125,119.53125,119.390625,119.5,31032,ZNM2
2022-05-13 07:00:00+00:00,34,1,146095,119.484375,119.578125,119.25,119.25,67801,ZNM2
2022-05-13 08:00:00+00:00,34,1,146095,119.265625,119.359375,119.21875,119.359375,43891,ZNM2
2022-05-13 09:00:00+00:00,34,1,146095,119.359375,119.5,119.328125,119.484375,28985,ZNM2
2022-05-13 10:00:00+00:00,34,1,146095,119.5,119.5,119.40625,119.46875,37031,ZNM2
2022-05-13 11:00:00+00:00,34,1,146095,119.453125,119.484375,119.328125,119.34375,48326,ZNM2
2022-05-13 12:00:00+00:00,34,1,146095,119.34375,119.5,119.25,119.265625,99505,ZNM2
2022-05-13 13:00:00+00:00,34,1,146095,119.265625,119.390625,119.09375,119.109375,126565,ZNM2
2022-05-13 14:00:00+00:00,34,1,146095,119.125,119.34375,119.09375,119.34375,144210,ZNM2
2022-05-13 15:00:00+00:00,34,1,146095,119.328125,119.4375,119.25,119.359375,69786,ZNM2
2022-05-13 16:00:00+00:00,34,1,146095,119.34375,119.359375,119.15625,119.171875,54471,ZNM2
2022-05-13 17:00:00+00:00,34,1,146095,119.171875,119.1875,119.109375,119.140625,54383,ZNM2
2022-05-13 18:00:00+00:00,34,1,146095,119.15625,119.25,119.140625,119.171875,88476,ZNM2
2022-05-13 19:00:00+00:00,34,1,146095,119.1875,119.203125,119.125,119.140625,58579,ZNM2
2022-05-13 20:00:00+00:00,34,1,146095,119.140625,119.296875,119.125,119.28125,42578,ZNM2
2022-05-15 22:00:00+00:00,34,1,146095,119.203125,119.234375,119.125,119.140625,6960,ZNM2
2022-05-15 23:00:00+00:00,34,1,146095,119.15625,119.15625,119.09375,119.140625,6399,ZNM2
2022-05-16 00:00:00+00:00,34,1,146095,119.140625,119.15625,119.046875,119.09375,17052,ZNM2
2022-05-16 01:00:00+00:00,34,1,146095,119.078125,119.234375,119.046875,119.203125,15702,ZNM2
2022-05-16 02:00:00+00:00,34,1,146095,119.21875,119.5625,119.21875,119.34375,36559,ZNM2
2022-05-16 03:00:00+00:00,34,1,146095,119.34375,119.515625,119.34375,119.453125,15363,ZNM2
2022-05-16 04:00:00+00:00,34,1,146095,119.453125,119.46875,119.375,119.40625,10018,ZNM2
2022-05-16 05:00:00+00:00,34,1,146095,119.421875,119.453125,119.328125,119.34375,10658,ZNM2
2022-05-16 06:00:00+00:00,34,1,146095,119.359375,119.5,119.28125,119.5,36676,ZNM2
2022-05-16 07:00:00+00:00,34,1,146095,119.484375,119.5625,119.203125,119.203125,66889,ZNM2
2022-05-16 08:00:00+00:00,34,1,146095,119.203125,119.3125,119.1875,119.25,23764,ZNM2
2022-05-16 09:00:00+00:00,34,1,146095,119.234375,119.28125,119.15625,119.203125,23175,ZNM2
2022-05-16 10:00:00+00:00,34,1,146095,119.203125,119.3125,119.15625,119.296875,12744,ZNM2
2022-05-16 11:00:00+00:00,34,1,146095,119.3125,119.390625,119.265625,119.3125,34752,ZNM2
2022-05-16 12:00:00+00:00,34,1,146095,119.296875,119.5,119.21875,119.375,101676,ZNM2
2022-05-16 13:00:00+00:00,34,1,146095,119.375,119.71875,119.34375,119.65625,125900,ZNM2
2022-05-16 14:00:00+00:00,34,1,146095,119.65625,119.859375,119.609375,119.8125,122057,ZNM2
2022-05-16 15:00:00+00:00,34,1,146095,119.828125,119.84375,119.703125,119.75,77298,ZNM2
2022-05-16 16:00:00+00:00,34,1,146095,119.734375,119.78125,119.65625,119.75,55056,ZNM2
2022-05-16 17:00:00+00:00,34,1,146095,119.734375,119.734375,119.546875,119.578125,56567,ZNM2
2022-05-16 18:00:00+00:00,34,1,146095,119.5625,119.6875,119.5,119.671875,98429,ZNM2
2022-05-16 19:00:00+00:00,34,1,146095,119.671875,119.703125,119.59375,119.609375,77333,ZNM2
2022-05-16 20:00:00+00:00,34,1,146095,119.609375,119.6875,119.578125,119.609375,32914,ZNM2
2022-05-16 22:00:00+00:00,34,1,146095,119.671875,119.75,119.671875,119.671875,8464,ZNM2
2022-05-16 23:00:00+00:00,34,1,146095,119.671875,119.703125,119.625,119.625,3163,ZNM2
2022-05-17 00:00:00+00:00,34,1,146095,119.640625,119.734375,119.515625,119.546875,11132,ZNM2
2022-05-17 01:00:00+00:00,34,1,146095,119.546875,119.625,119.5,119.546875,11015,ZNM2
2022-05-17 02:00:00+00:00,34,1,146095,119.546875,119.546875,119.484375,119.515625,12435,ZNM2
2022-05-17 03:00:00+00:00,34,1,146095,119.5,119.515625,119.359375,119.390625,19566,ZNM2
2022-05-17 04:00:00+00:00,34,1,146095,119.375,119.40625,119.34375,119.359375,7436,ZNM2
2022-05-17 05:00:00+00:00,34,1,146095,119.34375,119.421875,119.328125,119.359375,10863,ZNM2
2022-05-17 06:00:00+00:00,34,1,146095,119.375,119.421875,119.3125,119.40625,22912,ZNM2
2022-05-17 07:00:00+00:00,34,1,146095,119.40625,119.421875,119.265625,119.34375,43374,ZNM2
2022-05-17 08:00:00+00:00,34,1,146095,119.34375,119.421875,119.265625,119.328125,44597,ZNM2
2022-05-17 09:00:00+00:00,34,1,146095,119.34375,119.46875,119.3125,119.40625,42838,ZNM2
2022-05-17 10:00:00+00:00,34,1,146095,119.40625,119.40625,119.25,119.28125,49444,ZNM2
2022-05-17 11:00:00+00:00,34,1,146095,119.28125,119.375,119.234375,119.296875,33589,ZNM2
2022-05-17 12:00:00+00:00,34,1,146095,119.296875,119.390625,119.0,119.015625,178611,ZNM2
2022-05-17 13:00:00+00:00,34,1,146095,119.015625,119.0625,118.8125,118.890625,166939,ZNM2
2022-05-17 14:00:00+00:00,34,1,146095,118.90625,119.1875,118.84375,119.046875,144357,ZNM2
2022-05-17 15:00:00+00:00,34,1,146095,119.046875,119.046875,118.90625,118.9375,78011,ZNM2
2022-05-17 16:00:00+00:00,34,1,146095,118.921875,118.984375,118.828125,118.828125,57955,ZNM2
2022-05-17 17:00:00+00:00,34,1,146095,118.828125,119.015625,118.828125,118.9375,48763,ZNM2
2022-05-17 18:00:00+00:00,34,1,146095,118.9375,118.984375,118.75,118.84375,136774,ZNM2
2022-05-17 19:00:00+00:00,34,1,146095,118.84375,118.890625,118.75,118.78125,93567,ZNM2
2022-05-17 20:00:00+00:00,34,1,146095,118.78125,118.796875,118.65625,118.71875,60311,ZNM2
2022-05-17 22:00:00+00:00,34,1,146095,118.71875,118.75,118.65625,118.703125,8524,ZNM2
2022-05-17 23:00:00+00:00,34,1,146095,118.703125,118.75,118.640625,118.75,7726,ZNM2
2022-05-18 00:00:00+00:00,34,1,146095,118.75,118.84375,118.71875,118.75,16886,ZNM2
2022-05-18 01:00:00+00:00,34,1,146095,118.765625,118.921875,118.71875,118.8125,22246,ZNM2
2022-05-18 02:00:00+00:00,34,1,146095,118.796875,118.875,118.78125,118.875,12549,ZNM2
2022-05-18 03:00:00+00:00,34,1,146095,118.875,118.921875,118.84375,118.890625,5736,ZNM2
2022-05-18 04:00:00+00:00,34,1,146095,118.890625,118.9375,118.84375,118.84375,7563,ZNM2
2022-05-18 05:00:00+00:00,34,1,146095,118.84375,118.859375,118.765625,118.796875,13897,ZNM2
2022-05-18 06:00:00+00:00,34,1,146095,118.796875,118.875,118.703125,118.765625,39732,ZNM2
2022-05-18 07:00:00+00:00,34,1,146095,118.78125,118.890625,118.75,118.859375,48635,ZNM2
2022-05-18 08:00:00+00:00,34,1,146095,118.859375,118.96875,118.828125,118.921875,31857,ZNM2
2022-05-18 09:00:00+00:00,34,1,146095,118.921875,118.9375,118.859375,118.890625,41004,ZNM2
2022-05-18 10:00:00+00:00,34,1,146095,118.90625,118.921875,118.671875,118.734375,51014,ZNM2
2022-05-18 11:00:00+00:00,34,1,146095,118.71875,118.734375,118.609375,118.609375,66310,ZNM2
2022-05-18 12:00:00+00:00,34,1,146095,118.625,118.8125,118.5,118.609375,137307,ZNM2
2022-05-18 13:00:00+00:00,34,1,146095,118.59375,118.984375,118.59375,118.96875,149413,ZNM2
2022-05-18 14:00:00+00:00,34,1,146095,118.984375,119.1875,118.921875,119.078125,197383,ZNM2
2022-05-18 15:00:00+00:00,34,1,146095,119.078125,119.328125,119.0625,119.234375,177134,ZNM2
2022-05-18 16:00:00+00:00,34,1,146095,119.234375,119.359375,119.203125,119.28125,106000,ZNM2
2022-05-18 17:00:00+00:00,34,1,146095,119.265625,119.53125,119.265625,119.46875,106894,ZNM2
2022-05-18 18:00:00+00:00,34,1,146095,119.46875,119.484375,119.34375,119.453125,106955,ZNM2
2022-05-18 19:00:00+00:00,34,1,146095,119.4375,119.453125,119.3125,119.359375,110406,ZNM2
2022-05-18 20:00:00+00:00,34,1,146095,119.34375,119.515625,119.328125,119.40625,69467,ZNM2
2022-05-18 22:00:00+00:00,34,1,146095,119.421875,119.46875,119.34375,119.390625,9799,ZNM2
2022-05-18 23:00:00+00:00,34,1,146095,119.390625,119.625,119.359375,119.59375,16110,ZNM2
2022-05-19 00:00:00+00:00,34,1,146095,119.609375,119.625,119.390625,119.390625,28289,ZNM2
2022-05-19 01:00:00+00:00,34,1,146095,119.40625,119.46875,119.328125,119.328125,15997,ZNM2
2022-05-19 02:00:00+00:00,34,1,146095,119.328125,119.359375,119.234375,119.25,19973,ZNM2
2022-05-19 03:00:00+00:00,34,1,146095,119.25,119.3125,119.1875,119.234375,30673,ZNM2
2022-05-19 04:00:00+00:00,34,1,146095,119.21875,119.3125,119.21875,119.265625,12383,ZNM2
2022-05-19 05:00:00+00:00,34,1,146095,119.265625,119.328125,119.234375,119.3125,18575,ZNM2
2022-05-19 06:00:00+00:00,34,1,146095,119.3125,119.46875,119.234375,119.421875,38632,ZNM2
2022-05-19 07:00:00+00:00,34,1,146095,119.421875,119.75,119.390625,119.6875,124695,ZNM2
2022-05-19 08:00:00+00:00,34,1,146095,119.703125,119.828125,119.640625,119.796875,89109,ZNM2
2022-05-19 09:00:00+00:00,34,1,146095,119.796875,119.9375,119.75,119.921875,74256,ZNM2
2022-05-19 10:00:00+00:00,34,1,146095,119.9375,119.953125,119.828125,119.84375,82093,ZNM2
2022-05-19 11:00:00+00:00,34,1,146095,119.828125,119.921875,119.765625,119.796875,90563,ZNM2
2022-05-19 12:00:00+00:00,34,1,146095,119.796875,120.3125,119.765625,120.28125,270194,ZNM2
2022-05-19 13:00:00+00:00,34,1,146095,120.28125,120.3125,120.0,120.078125,247608,ZNM2
2022-05-19 14:00:00+00:00,34,1,146095,120.078125,120.09375,119.8125,120.015625,211765,ZNM2
2022-05-19 15:00:00+00:00,34,1,146095,120.03125,120.046875,119.765625,119.875,134964,ZNM2
2022-05-19 16:00:00+00:00,34,1,146095,119.875,119.9375,119.75,119.875,113025,ZNM2
2022-05-19 17:00:00+00:00,34,1,146095,119.859375,119.890625,119.75,119.828125,82646,ZNM2
2022-05-19 18:00:00+00:00,34,1,146095,119.8125,119.859375,119.6875,119.703125,104000,ZNM2
2022-05-19 19:00:00+00:00,34,1,146095,119.703125,119.8125,119.671875,119.75,101935,ZNM2
2022-05-19 20:00:00+00:00,34,1,146095,119.734375,119.828125,119.671875,119.78125,40313,ZNM2
2022-05-19 22:00:00+00:00,34,1,146095,119.828125,119.859375,119.78125,119.828125,5545,ZNM2
2022-05-19 23:00:00+00:00,34,1,146095,119.84375,119.859375,119.71875,119.765625,9999,ZNM2
2022-05-20 00:00:00+00:00,34,1,146095,119.75,119.796875,119.671875,119.703125,23650,ZNM2
2022-05-20 01:00:00+00:00,34,1,146095,119.71875,119.765625,119.53125,119.625,24814,ZNM2
2022-05-20 02:00:00+00:00,34,1,146095,119.625,119.71875,119.609375,119.65625,11422,ZNM2
2022-05-20 03:00:00+00:00,34,1,146095,119.671875,119.859375,119.671875,119.828125,13940,ZNM2
2022-05-20 04:00:00+00:00,34,1,146095,119.828125,119.828125,119.75,119.765625,10355,ZNM2
2022-05-20 05:00:00+00:00,34,1,146095,119.765625,119.78125,119.703125,119.734375,10283,ZNM2
2022-05-20 06:00:00+00:00,34,1,146095,119.734375,119.75,119.609375,119.671875,33570,ZNM2
2022-05-20 07:00:00+00:00,34,1,146095,119.671875,119.703125,119.515625,119.6875,50851,ZNM2
2022-05-20 08:00:00+00:00,34,1,146095,119.703125,119.75,119.59375,119.625,28506,ZNM2
2022-05-20 09:00:00+00:00,34,1,146095,119.609375,119.671875,119.5625,119.640625,19502,ZNM2
2022-05-20 10:00:00+00:00,34,1,146095,119.65625,119.671875,119.5625,119.59375,27785,ZNM2
2022-05-20 11:00:00+00:00,34,1,146095,119.59375,119.71875,119.5,119.546875,40989,ZNM2
2022-05-20 12:00:00+00:00,34,1,146095,119.5625,119.984375,119.5625,119.9375,117885,ZNM2
2022-05-20 13:00:00+00:00,34,1,146095,119.9375,119.96875,119.625,119.671875,134658,ZNM2
2022-05-20 14:00:00+00:00,34,1,146095,119.671875,119.96875,119.65625,119.921875,141233,ZNM2
2022-05-20 15:00:00+00:00,34,1,146095,119.9375,120.03125,119.859375,120.0,107585,ZNM2
2022-05-20 16:00:00+00:00,34,1,146095,120.0,120.25,119.96875,120.1875,106494,ZNM2
2022-05-20 17:00:00+00:00,34,1,146095,120.171875,120.265625,120.03125,120.078125,93428,ZNM2
2022-05-20 18:00:00+00:00,34,1,146095,120.09375,120.1875,120.078125,120.109375,73823,ZNM2
2022-05-20 19:00:00+00:00,34,1,146095,120.125,120.234375,120.0625,120.078125,81416,ZNM2
2022-05-20 20:00:00+00:00,34,1,146095,120.078125,120.171875,120.0625,120.15625,40276,ZNM2
2022-05-22 22:00:00+00:00,34,1,146095,120.109375,120.109375,120.03125,120.078125,9682,ZNM2
2022-05-22 23:00:00+00:00,34,1,146095,120.09375,120.109375,119.96875,119.984375,13057,ZNM2
2022-05-23 00:00:00+00:00,34,1,146095,120.0,120.078125,119.890625,119.96875,24333,ZNM2
2022-05-23 01:00:00+00:00,34,1,146095,119.96875,119.96875,119.875,119.9375,16273,ZNM2
2022-05-23 02:00:00+00:00,34,1,146095,119.921875,120.03125,119.90625,119.96875,15052,ZNM2
2022-05-23 03:00:00+00:00,34,1,146095,119.953125,119.984375,119.90625,119.9375,11125,ZNM2
2022-05-23 04:00:00+00:00,34,1,146095,119.9375,119.9375,119.859375,119.875,9923,ZNM2
2022-05-23 05:00:00+00:00,34,1,146095,119.859375,119.890625,119.671875,119.734375,26268,ZNM2
2022-05-23 06:00:00+00:00,34,1,146095,119.734375,119.84375,119.703125,119.78125,35180,ZNM2
2022-05-23 07:00:00+00:00,34,1,146095,119.765625,120.015625,119.765625,119.96875,47527,ZNM2
2022-05-23 08:00:00+00:00,34,1,146095,119.953125,120.03125,119.859375,119.921875,47674,ZNM2
2022-05-23 09:00:00+00:00,34,1,146095,119.921875,119.953125,119.828125,119.859375,25765,ZNM2
2022-05-23 10:00:00+00:00,34,1,146095,119.859375,119.90625,119.796875,119.796875,23838,ZNM2
2022-05-23 11:00:00+00:00,34,1,146095,119.8125,119.890625,119.75,119.875,32691,ZNM2
2022-05-23 12:00:00+00:00,34,1,146095,119.875,119.921875,119.703125,119.796875,84301,ZNM2
2022-05-23 13:00:00+00:00,34,1,146095,119.796875,120.0625,119.71875,119.90625,122676,ZNM2
2022-05-23 14:00:00+00:00,34,1,146095,119.890625,119.96875,119.734375,119.75,116388,ZNM2
2022-05-23 15:00:00+00:00,34,1,146095,119.75,119.796875,119.53125,119.59375,109766,ZNM2
2022-05-23 16:00:00+00:00,34,1,146095,119.609375,119.625,119.53125,119.546875,81152,ZNM2
2022-05-23 17:00:00+00:00,34,1,146095,119.546875,119.65625,119.53125,119.578125,62434,ZNM2
2022-05-23 18:00:00+00:00,34,1,146095,119.578125,119.640625,119.515625,119.578125,73378,ZNM2
2022-05-23 19:00:00+00:00,34,1,146095,119.578125,119.59375,119.484375,119.53125,65392,ZNM2
2022-05-23 20:00:00+00:00,34,1,146095,119.53125,119.625,119.484375,119.609375,38054,ZNM2
2022-05-23 22:00:00+00:00,34,1,146095,119.65625,119.765625,119.65625,119.71875,9677,ZNM2
2022-05-23 23:00:00+00:00,34,1,146095,119.703125,119.765625,119.671875,119.703125,9104,ZNM2
2022-05-24 00:00:00+00:00,34,1,146095,119.703125,119.78125,119.671875,119.734375,14479,ZNM2
2022-05-24 01:00:00+00:00,34,1,146095,119.734375,119.75,119.5625,119.609375,25487,ZNM2
2022-05-24 02:00:00+00:00,34,1,146095,119.609375,119.734375,119.609375,119.703125,8219,ZNM2
2022-05-24 03:00:00+00:00,34,1,146095,119.703125,119.75,119.703125,119.734375,5641,ZNM2
2022-05-24 04:00:00+00:00,34,1,146095,119.734375,119.765625,119.671875,119.71875,10712,ZNM2
2022-05-24 05:00:00+00:00,34,1,146095,119.703125,119.796875,119.6875,119.765625,16637,ZNM2
2022-05-24 06:00:00+00:00,34,1,146095,119.78125,119.859375,119.71875,119.78125,48657,ZNM2
2022-05-24 07:00:00+00:00,34,1,146095,119.765625,120.03125,119.71875,120.0,69089,ZNM2
2022-05-24 08:00:00+00:00,34,1,146095,120.0,120.078125,119.890625,120.03125,63218,ZNM2
2022-05-24 09:00:00+00:00,34,1,146095,120.03125,120.0625,119.96875,120.0,26402,ZNM2
2022-05-24 10:00:00+00:00,34,1,146095,120.0,120.015625,119.875,119.9375,24071,ZNM2
2022-05-24 11:00:00+00:00,34,1,146095,119.921875,119.953125,119.828125,119.921875,42009,ZNM2
2022-05-24 12:00:00+00:00,34,1,146095,119.9375,120.0,119.8125,119.9375,66997,ZNM2
2022-05-24 13:00:00+00:00,34,1,146095,119.9375,120.296875,119.90625,120.28125,186167,ZNM2
2022-05-24 14:00:00+00:00,34,1,146095,120.296875,120.6875,120.296875,120.59375,318926,ZNM2
2022-05-24 15:00:00+00:00,34,1,146095,120.59375,120.65625,120.46875,120.53125,167819,ZNM2
2022-05-24 16:00:00+00:00,34,1,146095,120.515625,120.609375,120.390625,120.53125,104132,ZNM2
2022-05-24 17:00:00+00:00,34,1,146095,120.53125,120.578125,120.40625,120.421875,63304,ZNM2
2022-05-24 18:00:00+00:00,34,1,146095,120.4375,120.484375,120.34375,120.375,87319,ZNM2
2022-05-24 19:00:00+00:00,34,1,146095,120.390625,120.40625,120.296875,120.359375,93708,ZNM2
2022-05-24 20:00:00+00:00,34,1,146095,120.359375,120.46875,120.328125,120.4375,49523,ZNM2
2022-05-24 22:00:00+00:00,34,1,146095,120.40625,120.40625,120.296875,120.390625,9713,ZNM2
2022-05-24 23:00:00+00:00,34,1,146095,120.375,120.4375,120.328125,120.4375,11000,ZNM2
2022-05-25 00:00:00+00:00,34,1,146095,120.4375,120.46875,120.328125,120.359375,26010,ZNM2
2022-05-25 01:00:00+00:00,34,1,146095,120.359375,120.4375,120.296875,120.390625,18925,ZNM2
2022-05-25 02:00:00+00:00,34,1,146095,120.390625,120.390625,120.328125,120.34375,22966,ZNM2
2022-05-25 03:00:00+00:00,34,1,146095,120.34375,120.390625,120.328125,120.34375,9508,ZNM2
2022-05-25 04:00:00+00:00,34,1,146095,120.34375,120.421875,120.34375,120.359375,13946,ZNM2
2022-05-25 05:00:00+00:00,34,1,146095,120.359375,120.46875,120.328125,120.421875,19473,ZNM2
2022-05-25 06:00:00+00:00,34,1,146095,120.421875,120.578125,120.40625,120.484375,48227,ZNM2
2022-05-25 07:00:00+00:00,34,1,146095,120.46875,120.53125,120.390625,120.5,52857,ZNM2
2022-05-25 08:00:00+00:00,34,1,146095,120.5,120.65625,120.46875,120.546875,45315,ZNM2
2022-05-25 09:00:00+00:00,34,1,146095,120.546875,120.625,120.484375,120.5,38496,ZNM2
2022-05-25 10:00:00+00:00,34,1,146095,120.515625,120.515625,120.453125,120.484375,34131,ZNM2
2022-05-25 11:00:00+00:00,34,1,146095,120.46875,120.703125,120.4375,120.640625,57716,ZNM2
2022-05-25 12:00:00+00:00,34,1,146095,120.640625,120.8125,120.5625,120.625,109147,ZNM2
2022-05-25 13:00:00+00:00,34,1,146095,120.609375,120.78125,120.484375,120.5,141085,ZNM2
2022-05-25 14:00:00+00:00,34,1,146095,120.5,120.578125,120.40625,120.53125,116450,ZNM2
2022-05-25 15:00:00+00:00,34,1,146095,120.53125,120.640625,120.515625,120.546875,73166,ZNM2
2022-05-25 16:00:00+00:00,34,1,146095,120.53125,120.546875,120.4375,120.453125,61816,ZNM2
2022-05-25 17:00:00+00:00,34,1,146095,120.453125,120.546875,120.40625,120.453125,61057,ZNM2
2022-05-25 18:00:00+00:00,34,1,146095,120.46875,120.625,120.40625,120.59375,95320,ZNM2
2022-05-25 19:00:00+00:00,34,1,146095,120.59375,120.671875,120.5,120.625,53799,ZNM2
2022-05-25 20:00:00+00:00,34,1,146095,120.640625,120.640625,120.53125,120.609375,37430,ZNM2
2022-05-25 22:00:00+00:00,34,1,146095,120.59375,120.65625,120.546875,120.625,6777,ZNM2
2022-05-25 23:00:00+00:00,34,1,146095,120.625,120.65625,120.609375,120.640625,3274,ZNM2
2022-05-26 00:00:00+00:00,34,1,146095,120.640625,120.640625,120.375,120.390625,19745,ZNM2
2022-05-26 01:00:00+00:00,34,1,146095,120.390625,120.578125,120.375,120.546875,16265,ZNM2
2022-05-26 02:00:00+00:00,34,1,146095,120.5625,120.578125,120.4375,120.5,11133,ZNM2
2022-05-26 03:00:00+00:00,34,1,146095,120.484375,120.59375,120.484375,120.5625,5491,ZNM2
2022-05-26 04:00:00+00:00,34,1,146095,120.5625,120.640625,120.546875,120.625,8181,ZNM2
2022-05-26 05:00:00+00:00,34,1,146095,120.625,120.640625,120.5625,120.640625,9110,ZNM2
2022-05-26 06:00:00+00:00,34,1,146095,120.625,120.8125,120.625,120.796875,46973,ZNM2
2022-05-26 07:00:00+00:00,34,1,146095,120.796875,120.96875,120.734375,120.9375,66311,ZNM2
2022-05-26 08:00:00+00:00,34,1,146095,120.9375,120.96875,120.84375,120.84375,41031,ZNM2
2022-05-26 09:00:00+00:00,34,1,146095,120.859375,120.875,120.6875,120.734375,32761,ZNM2
2022-05-26 10:00:00+00:00,34,1,146095,120.734375,120.875,120.71875,120.734375,33836,ZNM2
2022-05-26 11:00:00+00:00,34,1,146095,120.734375,120.78125,120.515625,120.640625,55222,ZNM2
2022-05-26 12:00:00+00:00,34,1,146095,120.640625,120.84375,120.625,120.75,84051,ZNM2
2022-05-26 13:00:00+00:00,34,1,146095,120.75,120.84375,120.609375,120.78125,87613,ZNM2
2022-05-26 14:00:00+00:00,34,1,146095,120.78125,120.8125,120.53125,120.546875,84318,ZNM2
2022-05-26 15:00:00+00:00,34,1,146095,120.5625,120.5625,120.359375,120.421875,93235,ZNM2
2022-05-26 16:00:00+00:00,34,1,146095,120.421875,120.46875,120.3125,120.34375,51196,ZNM2
2022-05-26 17:00:00+00:00,34,1,146095,120.34375,120.625,120.328125,120.546875,67387,ZNM2
2022-05-26 18:00:00+00:00,34,1,146095,120.53125,120.609375,120.46875,120.578125,41430,ZNM2
2022-05-26 19:00:00+00:00,34,1,146095,120.59375,120.625,120.5625,120.59375,35826,ZNM2
2022-05-26 20:00:00+00:00,34,1,146095,120.609375,120.734375,120.59375,120.625,30414,ZNM2
2022-05-26 22:00:00+00:00,34,1,146095,120.609375,120.6875,120.609375,120.65625,1933,ZNM2
2022-05-26 23:00:00+00:00,34,1,146095,120.671875,120.671875,120.59375,120.609375,3707,ZNM2
2022-05-27 00:00:00+00:00,34,1,146095,120.609375,120.640625,120.5,120.625,8857,ZNM2
2022-05-27 01:00:00+00:00,34,1,146095,120.625,120.640625,120.5625,120.578125,6394,ZNM2
2022-05-27 02:00:00+00:00,34,1,146095,120.59375,120.71875,120.59375,120.65625,11447,ZNM2
2022-05-27 03:00:00+00:00,34,1,146095,120.65625,120.671875,120.59375,120.640625,3885,ZNM2
2022-05-27 04:00:00+00:00,34,1,146095,120.640625,120.640625,120.609375,120.640625,2363,ZNM2
2022-05-27 05:00:00+00:00,34,1,146095,120.640625,120.71875,120.625,120.671875,4404,ZNM2
2022-05-27 06:00:00+00:00,34,1,146095,120.6875,120.75,120.640625,120.65625,15992,ZNM2
2022-05-27 07:00:00+00:00,34,1,146095,120.671875,120.703125,120.546875,120.59375,26627,ZNM2
2022-05-27 08:00:00+00:00,34,1,146095,120.609375,120.65625,120.578125,120.59375,13359,ZNM2
2022-05-27 09:00:00+00:00,34,1,146095,120.59375,120.625,120.5625,120.625,17446,ZNM2
2022-05-27 10:00:00+00:00,34,1,146095,120.640625,120.734375,120.625,120.671875,17009,ZNM2
2022-05-27 11:00:00+00:00,34,1,146095,120.6875,120.78125,120.6875,120.78125,16870,ZNM2
2022-05-27 12:00:00+00:00,34,1,146095,120.78125,120.8125,120.5625,120.625,48246,ZNM2
2022-05-27 13:00:00+00:00,34,1,146095,120.625,120.8125,120.625,120.78125,34422,ZNM2
2022-05-27 14:00:00+00:00,34,1,146095,120.78125,120.84375,120.671875,120.71875,33803,ZNM2
2022-05-27 15:00:00+00:00,34,1,146095,120.734375,120.75,120.578125,120.59375,31060,ZNM2
2022-05-27 16:00:00+00:00,34,1,146095,120.609375,120.609375,120.46875,120.484375,18248,ZNM2
2022-05-27 17:00:00+00:00,34,1,146095,120.46875,120.546875,120.4375,120.53125,18731,ZNM2
2022-05-27 18:00:00+00:00,34,1,146095,120.546875,120.546875,120.46875,120.53125,11553,ZNM2
2022-05-27 19:00:00+00:00,34,1,146095,120.53125,120.59375,120.5,120.5625,5648,ZNM2
2022-05-27 20:00:00+00:00,34,1,146095,120.578125,120.59375,120.53125,120.5625,1568,ZNM2
2022-05-29 22:00:00+00:00,34,1,146095,120.515625,120.578125,120.46875,120.5625,450,ZNM2
2022-05-29 23:00:00+00:00,34,1,146095,120.5625,120.578125,120.5,120.546875,1257,ZNM2
2022-05-30 00:00:00+00:00,34,1,146095,120.5625,120.5625,120.5,120.5625,750,ZNM2
2022-05-30 01:00:00+00:00,34,1,146095,120.546875,120.5625,120.53125,120.53125,543,ZNM2
2022-05-30 02:00:00+00:00,34,1,146095,120.53125,120.53125,120.5,120.515625,1160,ZNM2
2022-05-30 03:00:00+00:00,34,1,146095,120.5,120.546875,120.5,120.53125,368,ZNM2
2022-05-30 04:00:00+00:00,34,1,146095,120.546875,120.546875,120.453125,120.453125,855,ZNM2
2022-05-30 05:00:00+00:00,34,1,146095,120.46875,120.484375,120.421875,120.421875,457,ZNM2
2022-05-30 06:00:00+00:00,34,1,146095,120.4375,120.4375,120.296875,120.296875,2063,ZNM2
2022-05-30 07:00:00+00:00,34,1,146095,120.28125,120.28125,120.0625,120.078125,3357,ZNM2
2022-05-30 08:00:00+00:00,34,1,146095,120.0625,120.140625,119.984375,120.125,2503,ZNM2
2022-05-30 09:00:00+00:00,34,1,146095,120.125,120.15625,120.078125,120.140625,684,ZNM2
2022-05-30 10:00:00+00:00,34,1,146095,120.140625,120.171875,120.046875,120.09375,1117,ZNM2
2022-05-30 11:00:00+00:00,34,1,146095,120.09375,120.15625,120.078125,120.125,554,ZNM2
2022-05-30 12:00:00+00:00,34,1,146095,120.109375,120.140625,119.984375,120.0,983,ZNM2
2022-05-30 13:00:00+00:00,34,1,146095,120.0,120.078125,119.984375,120.015625,591,ZNM2
2022-05-30 14:00:00+00:00,34,1,146095,120.015625,120.046875,119.953125,120.03125,1197,ZNM2
2022-05-30 15:00:00+00:00,34,1,146095,120.015625,120.03125,119.984375,119.984375,1419,ZNM2
2022-05-30 16:00:00+00:00,34,1,146095,119.984375,120.0,119.953125,120.0,140,ZNM2
2022-05-30 22:00:00+00:00,34,1,146095,120.0,120.09375,120.0,120.0625,279,ZNM2
2022-05-30 23:00:00+00:00,34,1,146095,120.046875,120.046875,119.953125,119.96875,465,ZNM2
2022-05-31 00:00:00+00:00,34,1,146095,119.984375,119.984375,119.6875,119.6875,2709,ZNM2
2022-05-31 01:00:00+00:00,34,1,146095,119.71875,119.921875,119.71875,119.796875,831,ZNM2
2022-05-31 02:00:00+00:00,34,1,146095,119.828125,119.84375,119.78125,119.78125,555,ZNM2
2022-05-31 03:00:00+00:00,34,1,146095,119.78125,119.84375,119.765625,119.78125,306,ZNM2
2022-05-31 04:00:00+00:00,34,1,146095,119.796875,119.828125,119.765625,119.765625,229,ZNM2
2022-05-31 05:00:00+00:00,34,1,146095,119.796875,119.84375,119.78125,119.796875,83,ZNM2
2022-05-31 06:00:00+00:00,34,1,146095,119.8125,119.828125,119.703125,119.8125,2396,ZNM2
2022-05-31 07:00:00+00:00,34,1,146095,119.828125,120.140625,119.828125,120.09375,2069,ZNM2
2022-05-31 08:00:00+00:00,34,1,146095,120.078125,120.09375,119.90625,119.921875,1533,ZNM2
2022-05-31 09:00:00+00:00,34,1,146095,119.921875,119.984375,119.84375,119.921875,1536,ZNM2
2022-05-31 10:00:00+00:00,34,1,146095,119.921875,120.015625,119.90625,120.0,1240,ZNM2
2022-05-31 11:00:00+00:00,34,1,146095,120.0,120.0625,119.9375,119.96875,3128,ZNM2
2022-05-31 12:00:00+00:00,34,1,146095,119.953125,120.0,119.578125,119.640625,3884,ZNM2
2022-05-31 13:00:00+00:00,34,1,146095,119.640625,119.96875,119.640625,119.765625,6639,ZNM2
2022-05-31 14:00:00+00:00,34,1,146095,119.765625,119.796875,119.625,119.6875,5849,ZNM2
2022-05-31 15:00:00+00:00,34,1,146095,119.65625,119.828125,119.609375,119.78125,6060,ZNM2
2022-05-31 16:00:00+00:00,34,1,146095,119.78125,119.859375,119.765625,119.828125,2871,ZNM2
2022-05-31 17:00:00+00:00,34,1,146095,119.828125,119.875,119.796875,119.84375,3175,ZNM2
2022-05-31 18:00:00+00:00,34,1,146095,119.859375,119.90625,119.8125,119.84375,3088,ZNM2
2022-05-31 19:00:00+00:00,34,1,146095,119.84375,119.859375,119.625,119.796875,5446,ZNM2
2022-05-31 20:00:00+00:00,34,1,146095,119.796875,119.8125,119.671875,119.796875,1318,ZNM2
2022-05-31 22:00:00+00:00,34,1,146095,119.796875,119.8125,119.78125,119.78125,23,ZNM2
2022-05-31 23:00:00+00:00,34,1,146095,119.75,119.75,119.6875,119.6875,39,ZNM2
2022-06-01 00:00:00+00:00,34,1,146095,119.6875,119.703125,119.578125,119.578125,235,ZNM2
2022-06-01 01:00:00+00:00,34,1,146095,119.59375,119.640625,119.546875,119.59375,869,ZNM2
2022-06-01 02:00:00+00:00,34,1,146095,119.578125,119.640625,119.578125,119.640625,140,ZNM2
2022-06-01 03:00:00+00:00,34,1,146095,119.640625,119.640625,119.625,119.640625,73,ZNM2
2022-06-01 04:00:00+00:00,34,1,146095,119.640625,119.703125,119.640625,119.65625,413,ZNM2
2022-06-01 05:00:00+00:00,34,1,146095,119.640625,119.671875,119.609375,119.65625,240,ZNM2
2022-06-01 06:00:00+00:00,34,1,146095,119.671875,119.75,119.609375,119.609375,812,ZNM2
2022-06-01 07:00:00+00:00,34,1,146095,119.59375,119.625,119.515625,119.625,2137,ZNM2
2022-06-01 08:00:00+00:00,34,1,146095,119.609375,119.65625,119.578125,119.625,416,ZNM2
2022-06-01 09:00:00+00:00,34,1,146095,119.640625,119.6875,119.609375,119.671875,311,ZNM2
2022-06-01 10:00:00+00:00,34,1,146095,119.671875,119.71875,119.640625,119.6875,596,ZNM2
2022-06-01 11:00:00+00:00,34,1,146095,119.671875,119.671875,119.546875,119.59375,2099,ZNM2
2022-06-01 12:00:00+00:00,34,1,146095,119.59375,119.78125,119.5625,119.78125,1610,ZNM2
2022-06-01 13:00:00+00:00,34,1,146095,119.8125,119.875,119.640625,119.8125,1465,ZNM2
2022-06-01 14:00:00+00:00,34,1,146095,119.78125,119.78125,119.0625,119.1875,10359,ZNM2
2022-06-01 15:00:00+00:00,34,1,146095,119.171875,119.171875,119.0,119.046875,3947,ZNM2
2022-06-01 16:00:00+00:00,34,1,146095,119.046875,119.125,118.921875,119.015625,2745,ZNM2
2022-06-01 17:00:00+00:00,34,1,146095,119.0,119.0625,118.96875,119.0,576,ZNM2
2022-06-01 18:00:00+00:00,34,1,146095,119.0,119.109375,118.96875,119.046875,774,ZNM2
2022-06-01 19:00:00+00:00,34,1,146095,119.046875,119.109375,118.96875,119.09375,372,ZNM2
2022-06-01 20:00:00+00:00,34,1,146095,119.078125,119.234375,119.078125,119.1875,433,ZNM2
2022-06-01 22:00:00+00:00,34,1,146095,119.203125,119.3125,119.125,119.125,3,ZNM2
2022-06-01 23:00:00+00:00,34,1,146095,119.234375,119.234375,119.140625,119.140625,35,ZNM2
2022-06-02 00:00:00+00:00,34,1,146095,119.203125,119.265625,119.171875,119.171875,725,ZNM2
2022-06-02 01:00:00+00:00,34,1,146095,119.171875,119.1875,119.109375,119.125,161,ZNM2
2022-06-02 02:00:00+00:00,34,1,146095,119.203125,119.203125,119.09375,119.125,456,ZNM2
2022-06-02 03:00:00+00:00,34,1,146095,119.125,119.140625,119.109375,119.140625,54,ZNM2
2022-06-02 04:00:00+00:00,34,1,146095,119.171875,119.171875,119.140625,119.171875,428,ZNM2
2022-06-02 05:00:00+00:00,34,1,146095,119.203125,119.203125,119.109375,119.109375,192,ZNM2
2022-06-02 06:00:00+00:00,34,1,146095,119.140625,119.140625,119.109375,119.109375,566,ZNM2
2022-06-02 07:00:00+00:00,34,1,146095,119.109375,119.109375,119.046875,119.046875,559,ZNM2
2022-06-02 08:00:00+00:00,34,1,146095,119.03125,119.0625,119.0,119.0625,446,ZNM2
2022-06-02 09:00:00+00:00,34,1,146095,119.140625,119.15625,119.140625,119.140625,8,ZNM2
2022-06-02 10:00:00+00:00,34,1,146095,119.09375,119.171875,119.0625,119.15625,442,ZNM2
2022-06-02 11:00:00+00:00,34,1,146095,119.171875,119.21875,119.140625,119.203125,177,ZNM2
2022-06-02 12:00:00+00:00,34,1,146095,119.1875,119.34375,119.140625,119.1875,1023,ZNM2
2022-06-02 13:00:00+00:00,34,1,146095,119.1875,119.359375,119.046875,119.09375,1565,ZNM2
2022-06-02 14:00:00+00:00,34,1,146095,119.078125,119.28125,119.015625,119.21875,4959,ZNM2
2022-06-02 15:00:00+00:00,34,1,146095,119.203125,119.328125,119.171875,119.171875,1256,ZNM2
2022-06-02 16:00:00+00:00,34,1,146095,119.15625,119.21875,119.15625,119.203125,1038,ZNM2
2022-06-02 17:00:00+00:00,34,1,146095,119.203125,119.25,119.171875,119.25,1053,ZNM2
2022-06-02 18:00:00+00:00,34,1,146095,119.265625,119.3125,119.265625,119.296875,566,ZNM2
2022-06-02 19:00:00+00:00,34,1,146095,119.28125,119.28125,119.203125,119.234375,472,ZNM2
2022-06-02 20:00:00+00:00,34,1,146095,119.28125,119.3125,119.265625,119.28125,339,ZNM2
2022-06-02 22:00:00+00:00,34,1,146095,119.265625,119.265625,119.265625,119.265625,7,ZNM2
2022-06-03 00:00:00+00:00,34,1,146095,119.203125,119.34375,119.203125,119.328125,63,ZNM2
2022-06-03 01:00:00+00:00,34,1,146095,119.328125,119.328125,119.265625,119.265625,348,ZNM2
2022-06-03 02:00:00+00:00,34,1,146095,119.25,119.265625,119.25,119.265625,46,ZNM2
2022-06-03 03:00:00+00:00,34,1,146095,119.25,119.25,119.234375,119.25,67,ZNM2
2022-06-03 04:00:00+00:00,34,1,146095,119.265625,119.265625,119.234375,119.25,38,ZNM2
2022-06-03 05:00:00+00:00,34,1,146095,119.28125,119.328125,119.28125,119.328125,82,ZNM2
2022-06-03 06:00:00+00:00,34,1,146095,119.328125,119.359375,119.265625,119.28125,25,ZNM2
2022-06-03 07:00:00+00:00,34,1,146095,119.265625,119.34375,119.25,119.34375,188,ZNM2
2022-06-03 08:00:00+00:00,34,1,146095,119.3125,119.328125,119.296875,119.328125,108,ZNM2
2022-06-03 09:00:00+00:00,34,1,146095,119.296875,119.3125,119.28125,119.296875,10,ZNM2
2022-06-03 10:00:00+00:00,34,1,146095,119.265625,119.296875,119.234375,119.265625,183,ZNM2
2022-06-03 11:00:00+00:00,34,1,146095,119.3125,119.3125,119.21875,119.25,129,ZNM2
2022-06-03 12:00:00+00:00,34,1,146095,119.265625,119.328125,118.84375,118.859375,1741,ZNM2
2022-06-03 13:00:00+00:00,34,1,146095,118.859375,119.09375,118.84375,119.0625,1079,ZNM2
2022-06-03 14:00:00+00:00,34,1,146095,119.046875,119.1875,118.984375,119.0,849,ZNM2
2022-06-03 15:00:00+00:00,34,1,146095,119.015625,119.09375,118.984375,118.984375,730,ZNM2
2022-06-03 16:00:00+00:00,34,1,146095,118.96875,119.078125,118.953125,119.0625,853,ZNM2
2022-06-03 17:00:00+00:00,34,1,146095,119.0625,119.09375,119.046875,119.078125,730,ZNM2
2022-06-03 18:00:00+00:00,34,1,146095,119.078125,119.078125,119.015625,119.046875,273,ZNM2
2022-06-03 19:00:00+00:00,34,1,146095,119.046875,119.125,119.03125,119.109375,674,ZNM2
2022-06-03 20:00:00+00:00,34,1,146095,119.140625,119.171875,119.140625,119.171875,38,ZNM2
2022-06-05 22:00:00+00:00,34,1,146095,119.125,119.125,119.125,119.125,25,ZNM2
2022-06-05 23:00:00+00:00,34,1,146095,119.15625,119.15625,119.15625,119.15625,1,ZNM2
2022-06-06 00:00:00+00:00,34,1,146095,119.234375,119.234375,119.234375,119.234375,4,ZNM2
2022-06-06 01:00:00+00:00,34,1,146095,119.140625,119.15625,119.125,119.140625,5,ZNM2
2022-06-06 02:00:00+00:00,34,1,146095,119.140625,119.171875,119.140625,119.171875,14,ZNM2
2022-06-06 03:00:00+00:00,34,1,146095,119.171875,119.171875,119.171875,119.171875,38,ZNM2
2022-06-06 04:00:00+00:00,34,1,146095,119.171875,119.171875,119.15625,119.15625,13,ZNM2
2022-06-06 05:00:00+00:00,34,1,146095,119.125,119.125,119.09375,119.125,11,ZNM2
2022-06-06 06:00:00+00:00,34,1,146095,119.171875,119.21875,119.09375,119.21875,203,ZNM2
2022-06-06 07:00:00+00:00,34,1,146095,119.140625,119.171875,119.0,119.015625,460,ZNM2
2022-06-06 08:00:00+00:00,34,1,146095,119.0,119.0625,118.984375,118.984375,241,ZNM2
2022-06-06 09:00:00+00:00,34,1,146095,119.0,119.046875,118.984375,118.984375,122,ZNM2
2022-06-06 10:00:00+00:00,34,1,146095,118.96875,119.0625,118.96875,119.046875,46,ZNM2
2022-06-06 11:00:00+00:00,34,1,146095,119.046875,119.078125,119.015625,119.046875,117,ZNM2
2022-06-06 12:00:00+00:00,34,1,146095,119.015625,119.046875,118.890625,118.890625,810,ZNM2
2022-06-06 13:00:00+00:00,34,1,146095,118.890625,118.984375,118.796875,118.828125,491,ZNM2
2022-06-06 14:00:00+00:00,34,1,146095,118.828125,118.828125,118.59375,118.640625,2423,ZNM2
2022-06-06 15:00:00+00:00,34,1,146095,118.625,118.640625,118.484375,118.59375,1634,ZNM2
2022-06-06 16:00:00+00:00,34,1,146095,118.578125,118.625,118.5,118.5,385,ZNM2
2022-06-06 17:00:00+00:00,34,1,146095,118.5,118.515625,118.46875,118.46875,178,ZNM2
2022-06-06 18:00:00+00:00,34,1,146095,118.484375,118.5,118.4375,118.453125,560,ZNM2
2022-06-06 19:00:00+00:00,34,1,146095,118.46875,118.484375,118.4375,118.46875,105,ZNM2
2022-06-06 20:00:00+00:00,34,1,146095,118.46875,118.46875,118.421875,118.421875,29,ZNM2
2022-06-06 22:00:00+00:00,34,1,146095,118.453125,118.453125,118.453125,118.453125,1,ZNM2
2022-06-06 23:00:00+00:00,34,1,146095,118.484375,118.484375,118.484375,118.484375,2,ZNM2
2022-06-07 00:00:00+00:00,34,1,146095,118.4375,118.453125,118.34375,118.34375,98,ZNM2
2022-06-07 01:00:00+00:00,34,1,146095,118.328125,118.375,118.3125,118.34375,73,ZNM2
2022-06-07 04:00:00+00:00,34,1,146095,118.359375,118.359375,118.234375,118.328125,927,ZNM2
2022-06-07 06:00:00+00:00,34,1,146095,118.34375,118.421875,118.28125,118.40625,656,ZNM2
2022-06-07 07:00:00+00:00,34,1,146095,118.484375,118.625,118.484375,118.59375,118,ZNM2
2022-06-07 08:00:00+00:00,34,1,146095,118.578125,118.65625,118.578125,118.65625,120,ZNM2
2022-06-07 09:00:00+00:00,34,1,146095,118.6875,118.703125,118.640625,118.65625,115,ZNM2
2022-06-07 10:00:00+00:00,34,1,146095,118.671875,118.671875,118.59375,118.625,19,ZNM2
2022-06-07 11:00:00+00:00,34,1,146095,118.609375,118.65625,118.5625,118.5625,20,ZNM2
2022-06-07 12:00:00+00:00,34,1,146095,118.578125,118.75,118.546875,118.703125,111,ZNM2
2022-06-07 13:00:00+00:00,34,1,146095,118.71875,118.890625,118.71875,118.84375,218,ZNM2
2022-06-07 14:00:00+00:00,34,1,146095,118.84375,118.96875,118.828125,118.96875,202,ZNM2
2022-06-07 15:00:00+00:00,34,1,146095,118.96875,119.046875,118.90625,118.90625,194,ZNM2
2022-06-07 16:00:00+00:00,34,1,146095,118.96875,118.96875,118.875,118.90625,42,ZNM2
2022-06-07 17:00:00+00:00,34,1,146095,118.84375,119.03125,118.78125,119.03125,104,ZNM2
2022-06-07 18:00:00+00:00,34,1,146095,119.046875,119.046875,118.9375,118.96875,163,ZNM2
2022-06-07 19:00:00+00:00,34,1,146095,118.84375,118.859375,118.796875,118.828125,175,ZNM2
2022-06-07 20:00:00+00:00,34,1,146095,118.84375,118.90625,118.84375,118.90625,395,ZNM2
2022-06-07 22:00:00+00:00,34,1,146095,118.890625,118.890625,118.875,118.875,19,ZNM2
2022-06-07 23:00:00+00:00,34,1,146095,118.875,118.875,118.84375,118.84375,3,ZNM2
2022-06-08 00:00:00+00:00,34,1,146095,118.828125,118.828125,118.828125,118.828125,19,ZNM2
2022-06-08 01:00:00+00:00,34,1,146095,118.84375,118.84375,118.84375,118.84375,25,ZNM2
2022-06-08 03:00:00+00:00,34,1,146095,118.8125,118.828125,118.8125,118.8125,49,ZNM2
2022-06-08 04:00:00+00:00,34,1,146095,118.78125,118.78125,118.765625,118.765625,4,ZNM2
2022-06-08 05:00:00+00:00,34,1,146095,118.71875,118.71875,118.71875,118.71875,1,ZNM2
2022-06-08 06:00:00+00:00,34,1,146095,118.734375,118.734375,118.734375,118.734375,1,ZNM2
2022-06-08 07:00:00+00:00,34,1,146095,118.765625,118.765625,118.765625,118.765625,1,ZNM2
2022-06-08 08:00:00+00:00,34,1,146095,118.703125,118.703125,118.671875,118.671875,5,ZNM2
2022-06-08 10:00:00+00:00,34,1,146095,118.703125,118.703125,118.65625,118.65625,6,ZNM2
2022-06-08 11:00:00+00:00,34,1,146095,118.65625,118.6875,118.640625,118.6875,402,ZNM2
2022-06-08 12:00:00+00:00,34,1,146095,118.71875,118.71875,118.5,118.546875,85,ZNM2
2022-06-08 13:00:00+00:00,34,1,146095,118.59375,118.65625,118.59375,118.59375,98,ZNM2
2022-06-08 14:00:00+00:00,34,1,146095,118.578125,118.796875,118.578125,118.75,307,ZNM2
2022-06-08 15:00:00+00:00,34,1,146095,118.75,118.796875,118.734375,118.734375,62,ZNM2
2022-06-08 16:00:00+00:00,34,1,146095,118.6875,118.765625,118.6875,118.765625,28,ZNM2
2022-06-08 17:00:00+00:00,34,1,146095,118.640625,118.671875,118.609375,118.65625,271,ZNM2
2022-06-08 18:00:00+00:00,34,1,146095,118.640625,118.640625,118.59375,118.59375,92,ZNM2
2022-06-08 19:00:00+00:00,34,1,146095,118.640625,118.640625,118.5625,118.5625,43,ZNM2
2022-06-08 20:00:00+00:00,34,1,146095,118.625,118.625,118.59375,118.59375,4,ZNM2
2022-06-08 23:00:00+00:00,34,1,146095,118.546875,118.546875,118.5,118.5,3,ZNM2
2022-06-09 01:00:00+00:00,34,1,146095,118.5,118.53125,118.5,118.53125,3,ZNM2
2022-06-09 02:00:00+00:00,34,1,146095,118.4375,118.4375,118.40625,118.40625,4,ZNM2
2022-06-09 04:00:00+00:00,34,1,146095,118.546875,118.546875,118.515625,118.515625,2,ZNM2
2022-06-09 07:00:00+00:00,34,1,146095,118.5,118.734375,118.5,118.65625,28,ZNM2
2022-06-09 08:00:00+00:00,34,1,146095,118.71875,118.71875,118.609375,118.640625,35,ZNM2
2022-06-09 09:00:00+00:00,34,1,146095,118.71875,118.71875,118.65625,118.671875,212,ZNM2
2022-06-09 10:00:00+00:00,34,1,146095,118.671875,118.6875,118.671875,118.6875,53,ZNM2
2022-06-09 11:00:00+00:00,34,1,146095,118.640625,118.640625,118.578125,118.578125,7,ZNM2
2022-06-09 12:00:00+00:00,34,1,146095,118.390625,118.46875,118.265625,118.34375,185,ZNM2
2022-06-09 13:00:00+00:00,34,1,146095,118.3125,118.625,118.25,118.59375,40,ZNM2
2022-06-09 14:00:00+00:00,34,1,146095,118.4375,118.4375,118.296875,118.296875,37,ZNM2
2022-06-09 15:00:00+00:00,34,1,146095,118.28125,118.390625,118.28125,118.390625,164,ZNM2
2022-06-09 16:00:00+00:00,34,1,146095,118.390625,118.390625,118.328125,118.328125,26,ZNM2
2022-06-09 17:00:00+00:00,34,1,146095,118.40625,118.53125,118.40625,118.5,134,ZNM2
2022-06-09 18:00:00+00:00,34,1,146095,118.484375,118.5,118.484375,118.5,31,ZNM2
2022-06-09 19:00:00+00:00,34,1,146095,118.4375,118.4375,118.390625,118.390625,7,ZNM2
2022-06-09 20:00:00+00:00,34,1,146095,118.390625,118.390625,118.375,118.375,2,ZNM2
2022-06-09 22:00:00+00:00,34,1,146095,118.453125,118.453125,118.40625,118.40625,3,ZNM2
2022-06-09 23:00:00+00:00,34,1,146095,118.375,118.375,118.375,118.375,1,ZNM2
2022-06-10 00:00:00+00:00,34,1,146095,118.375,118.375,118.375,118.375,1,ZNM2
2022-06-10 01:00:00+00:00,34,1,146095,118.375,118.390625,118.375,118.390625,2,ZNM2
2022-06-10 02:00:00+00:00,34,1,146095,118.390625,118.40625,118.390625,118.40625,8,ZNM2
2022-06-10 06:00:00+00:00,34,1,146095,118.375,118.375,118.296875,118.375,7,ZNM2
2022-06-10 07:00:00+00:00,34,1,146095,118.59375,118.59375,118.578125,118.578125,4,ZNM2
2022-06-10 09:00:00+00:00,34,1,146095,118.515625,118.515625,118.515625,118.515625,2,ZNM2
2022-06-10 11:00:00+00:00,34,1,146095,118.40625,118.40625,118.375,118.390625,20,ZNM2
2022-06-10 12:00:00+00:00,34,1,146095,118.390625,118.625,118.0,118.171875,1616,ZNM2
2022-06-10 13:00:00+00:00,34,1,146095,118.140625,118.265625,117.6875,117.796875,657,ZNM2
2022-06-10 14:00:00+00:00,34,1,146095,117.734375,117.84375,117.609375,117.625,247,ZNM2
2022-06-10 15:00:00+00:00,34,1,146095,117.5,117.515625,117.46875,117.46875,63,ZNM2
2022-06-10 16:00:00+00:00,34,1,146095,117.359375,117.359375,117.25,117.25,48,ZNM2
2022-06-10 17:00:00+00:00,34,1,146095,117.34375,117.421875,117.328125,117.328125,164,ZNM2
2022-06-10 18:00:00+00:00,34,1,146095,117.296875,117.328125,117.296875,117.296875,17,ZNM2
2022-06-10 19:00:00+00:00,34,1,146095,117.28125,117.296875,117.28125,117.296875,16,ZNM2
2022-06-10 20:00:00+00:00,34,1,146095,117.3125,117.3125,117.25,117.25,9,ZNM2
2022-06-12 22:00:00+00:00,34,1,146095,117.03125,117.03125,117.03125,117.03125,1,ZNM2
2022-06-13 02:00:00+00:00,34,1,146095,116.921875,116.921875,116.921875,116.921875,6,ZNM2
2022-06-13 05:00:00+00:00,34,1,146095,117.09375,117.09375,117.09375,117.09375,1,ZNM2
2022-06-13 06:00:00+00:00,34,1,146095,117.0,117.0,116.84375,116.875,435,ZNM2
2022-06-13 07:00:00+00:00,34,1,146095,116.90625,116.953125,116.578125,116.765625,588,ZNM2
2022-06-13 08:00:00+00:00,34,1,146095,116.703125,116.734375,116.5625,116.5625,269,ZNM2
2022-06-13 09:00:00+00:00,34,1,146095,116.625,116.65625,116.5625,116.5625,19,ZNM2
2022-06-13 10:00:00+00:00,34,1,146095,116.609375,116.625,116.609375,116.625,6,ZNM2
2022-06-13 11:00:00+00:00,34,1,146095,116.546875,116.5625,116.296875,116.328125,26,ZNM2
2022-06-13 12:00:00+00:00,34,1,146095,116.40625,116.6875,116.40625,116.546875,297,ZNM2
2022-06-13 13:00:00+00:00,34,1,146095,116.421875,116.53125,116.34375,116.375,286,ZNM2
2022-06-13 14:00:00+00:00,34,1,146095,116.390625,116.390625,116.21875,116.359375,8,ZNM2
2022-06-13 15:00:00+00:00,34,1,146095,116.140625,116.171875,116.0625,116.0625,357,ZNM2
2022-06-13 16:00:00+00:00,34,1,146095,116.078125,116.25,116.015625,116.015625,159,ZNM2
2022-06-13 17:00:00+00:00,34,1,146095,116.015625,116.078125,116.015625,116.078125,62,ZNM2
2022-06-13 18:00:00+00:00,34,1,146095,115.90625,115.90625,115.78125,115.78125,37,ZNM2
2022-06-13 19:00:00+00:00,34,1,146095,115.734375,115.75,115.25,115.75,98,ZNM2
2022-06-13 20:00:00+00:00,34,1,146095,115.703125,115.890625,115.6875,115.6875,562,ZNM2
2022-06-13 22:00:00+00:00,34,1,146095,115.875,115.890625,115.875,115.890625,2,ZNM2
2022-06-13 23:00:00+00:00,34,1,146095,115.640625,115.640625,115.640625,115.640625,1,ZNM2
2022-06-14 00:00:00+00:00,34,1,146095,115.625,115.625,115.609375,115.609375,2,ZNM2
2022-06-14 02:00:00+00:00,34,1,146095,115.703125,115.71875,115.625,115.625,4,ZNM2
2022-06-14 03:00:00+00:00,34,1,146095,115.90625,115.90625,115.90625,115.90625,1,ZNM2
2022-06-14 04:00:00+00:00,34,1,146095,115.9375,115.96875,115.78125,115.78125,5,ZNM2
2022-06-14 05:00:00+00:00,34,1,146095,116.015625,116.015625,116.015625,116.015625,1,ZNM2
2022-06-14 06:00:00+00:00,34,1,146095,116.390625,116.390625,116.234375,116.3125,5,ZNM2
2022-06-14 07:00:00+00:00,34,1,146095,116.359375,116.640625,116.234375,116.359375,284,ZNM2
2022-06-14 08:00:00+00:00,34,1,146095,116.359375,116.421875,116.25,116.25,332,ZNM2
2022-06-14 09:00:00+00:00,34,1,146095,116.21875,116.21875,116.0625,116.0625,119,ZNM2
2022-06-14 10:00:00+00:00,34,1,146095,116.28125,116.390625,116.28125,116.390625,23,ZNM2
2022-06-14 11:00:00+00:00,34,1,146095,116.25,116.25,116.078125,116.078125,5,ZNM2
2022-06-14 12:00:00+00:00,34,1,146095,115.984375,116.15625,115.953125,116.15625,8,ZNM2
2022-06-14 13:00:00+00:00,34,1,146095,116.09375,116.09375,115.953125,115.953125,33,ZNM2
2022-06-14 14:00:00+00:00,34,1,146095,115.890625,115.890625,115.609375,115.640625,60,ZNM2
2022-06-14 15:00:00+00:00,34,1,146095,115.625,115.625,115.1875,115.265625,243,ZNM2
2022-06-14 16:00:00+00:00,34,1,146095,115.3125,115.3125,115.3125,115.3125,1,ZNM2
2022-06-14 17:00:00+00:00,34,1,146095,115.21875,115.21875,115.15625,115.15625,3,ZNM2
2022-06-14 18:00:00+00:00,34,1,146095,115.234375,115.25,115.0,115.0,43,ZNM2
2022-06-14 19:00:00+00:00,34,1,146095,114.984375,114.984375,114.984375,114.984375,17,ZNM2
2022-06-14 20:00:00+00:00,34,1,146095,115.015625,115.015625,115.015625,115.015625,15,ZNM2
2022-06-14 22:00:00+00:00,34,1,146095,114.9375,114.984375,114.9375,114.984375,6,ZNM2
2022-06-15 02:00:00+00:00,34,1,146095,115.46875,115.46875,115.375,115.453125,42,ZNM2
2022-06-15 07:00:00+00:00,34,1,146095,115.640625,115.640625,115.5625,115.578125,6,ZNM2
2022-06-15 08:00:00+00:00,34,1,146095,115.375,115.375,115.375,115.375,5,ZNM2
2022-06-15 09:00:00+00:00,34,1,146095,115.5,115.5625,115.5,115.5625,3,ZNM2
2022-06-15 10:00:00+00:00,34,1,146095,115.8125,115.90625,115.8125,115.90625,34,ZNM2
2022-06-15 11:00:00+00:00,34,1,146095,115.953125,115.953125,115.796875,115.875,6,ZNM2
2022-06-15 12:00:00+00:00,34,1,146095,115.8125,115.8125,115.8125,115.8125,1,ZNM2
2022-06-15 13:00:00+00:00,34,1,146095,115.78125,115.796875,115.578125,115.578125,15,ZNM2
2022-06-15 14:00:00+00:00,34,1,146095,115.890625,115.890625,115.546875,115.59375,141,ZNM2
2022-06-15 16:00:00+00:00,34,1,146095,115.625,115.6875,115.546875,115.5625,32,ZNM2
2022-06-15 17:00:00+00:00,34,1,146095,115.53125,115.625,115.515625,115.609375,13,ZNM2
2022-06-15 18:00:00+00:00,34,1,146095,115.703125,115.703125,115.21875,115.421875,28,ZNM2
2022-06-15 19:00:00+00:00,34,1,146095,115.671875,116.28125,115.671875,116.078125,13,ZNM2
2022-06-15 20:00:00+00:00,34,1,146095,116.28125,116.390625,116.28125,116.390625,6,ZNM2
2022-06-16 02:00:00+00:00,34,1,146095,115.859375,115.875,115.859375,115.875,5,ZNM2
2022-06-16 06:00:00+00:00,34,1,146095,116.25,116.328125,116.0,116.0,7,ZNM2
2022-06-16 08:00:00+00:00,34,1,146095,115.828125,115.828125,115.484375,115.484375,2,ZNM2
2022-06-16 09:00:00+00:00,34,1,146095,115.671875,115.671875,115.578125,115.578125,4,ZNM2
2022-06-16 10:00:00+00:00,34,1,146095,115.1875,115.1875,115.171875,115.171875,2,ZNM2
2022-06-16 11:00:00+00:00,34,1,146095,115.171875,115.171875,115.15625,115.15625,2,ZNM2
2022-06-16 12:00:00+00:00,34,1,146095,115.203125,115.453125,115.203125,115.453125,2,ZNM2
2022-06-16 13:00:00+00:00,34,1,146095,115.453125,115.453125,115.28125,115.375,19,ZNM2
2022-06-16 14:00:00+00:00,34,1,146095,115.578125,116.015625,115.578125,116.015625,34,ZNM2
2022-06-16 15:00:00+00:00,34,1,146095,116.1875,116.328125,116.1875,116.21875,8,ZNM2
2022-06-16 16:00:00+00:00,34,1,146095,116.09375,116.09375,116.09375,116.09375,150,ZNM2
2022-06-16 17:00:00+00:00,34,1,146095,116.265625,116.265625,116.09375,116.09375,24,ZNM2
2022-06-16 18:00:00+00:00,34,1,146095,116.21875,116.3125,116.1875,116.3125,103,ZNM2
2022-06-17 00:00:00+00:00,34,1,146095,116.75,116.75,116.609375,116.609375,18,ZNM2
2022-06-17 01:00:00+00:00,34,1,146095,116.65625,116.65625,116.578125,116.578125,7,ZNM2
2022-06-17 02:00:00+00:00,34,1,146095,116.5,116.828125,116.375,116.828125,17,ZNM2
2022-06-17 03:00:00+00:00,34,1,146095,116.78125,116.78125,116.53125,116.53125,6,ZNM2
2022-06-17 05:00:00+00:00,34,1,146095,116.78125,116.78125,116.78125,116.78125,3,ZNM2
2022-06-17 06:00:00+00:00,34,1,146095,116.59375,116.59375,116.5,116.5,4,ZNM2
2022-06-17 07:00:00+00:00,34,1,146095,116.421875,116.421875,116.421875,116.421875,1,ZNM2
2022-06-17 09:00:00+00:00,34,1,146095,116.9375,116.9375,116.9375,116.9375,11,ZNM2
2022-06-17 10:00:00+00:00,34,1,146095,116.828125,116.828125,116.828125,116.828125,1,ZNM2
2022-06-17 11:00:00+00:00,34,1,146095,116.828125,116.921875,116.828125,116.828125,5,ZNM2
2022-06-17 12:00:00+00:00,34,1,146095,116.828125,116.96875,116.8125,116.953125,16,ZNM2
2022-06-17 13:00:00+00:00,34,1,146095,116.859375,116.859375,116.703125,116.703125,25,ZNM2
2022-06-17 14:00:00+00:00,34,1,146095,116.53125,116.5625,116.25,116.453125,14,ZNM2
2022-06-17 15:00:00+00:00,34,1,146095,116.53125,116.84375,116.53125,116.84375,63,ZNM2
2022-06-17 16:00:00+00:00,34,1,146095,116.671875,117.046875,116.578125,116.875,104,ZNM2
2022-06-17 17:00:00+00:00,34,1,146095,116.859375,116.859375,116.8125,116.8125,45,ZNM2
2022-06-17 18:00:00+00:00,34,1,146095,116.734375,116.734375,116.734375,116.734375,1,ZNM2
2022-06-17 20:00:00+00:00,34,1,146095,116.78125,116.78125,116.78125,116.78125,1,ZNM2
2022-06-20 02:00:00+00:00,34,1,146095,116.78125,116.78125,116.78125,116.78125,3,ZNM2
2022-06-20 10:00:00+00:00,34,1,146095,117.21875,117.21875,117.21875,117.21875,1,ZNM2
2022-06-20 11:00:00+00:00,34,1,146095,116.953125,117.203125,116.46875,116.46875,68,ZNM2
2022-06-20 13:00:00+00:00,34,1,146095,116.59375,116.59375,116.59375,116.59375,1,ZNM2
2022-06-20 14:00:00+00:00,34,1,146095,116.625,116.625,116.5625,116.5625,8,ZNM2
2022-06-20 15:00:00+00:00,34,1,146095,116.53125,116.5625,116.5,116.515625,25,ZNM2
2022-06-20 16:00:00+00:00,34,1,146095,116.515625,116.515625,116.515625,116.515625,15,ZNM2
2022-06-20 22:00:00+00:00,34,1,146095,116.515625,116.515625,116.46875,116.46875,31,ZNM2
2022-06-20 23:00:00+00:00,34,1,146095,116.46875,116.46875,116.4375,116.4375,3,ZNM2
2022-06-21 00:00:00+00:00,34,1,146095,116.40625,116.40625,116.375,116.375,2,ZNM2
2022-06-21 01:00:00+00:00,34,1,146095,116.3125,116.3125,116.1875,116.1875,3,ZNM2
2022-06-21 02:00:00+00:00,34,1,146095,116.390625,116.40625,116.390625,116.40625,3,ZNM2
2022-06-21 10:00:00+00:00,34,1,146095,116.5,116.5,116.5,116.5,1,ZNM2
2022-06-21 12:00:00+00:00,34,1,146095,116.484375,116.5625,116.484375,116.5,10,ZNM2
2022-06-21 13:00:00+00:00,34,1,146095,116.40625,116.40625,116.28125,116.28125,57,ZNM2
2022-06-21 14:00:00+00:00,34,1,146095,116.5,116.5,116.5,116.5,1,ZNM2
2022-06-21 15:00:00+00:00,34,1,146095,116.453125,116.46875,116.453125,116.46875,93,ZNM2
2022-06-21 17:00:00+00:00,34,1,146095,116.34375,116.34375,116.34375,116.34375,10,ZNM2
