ts_event,rtype,publisher_id,instrument_id,open,high,low,close,volume,symbol
2023-07-06 12:00:00+00:00,34,1,110030,112.203125,112.203125,111.8125,111.8125,2,ZNH4
2023-07-12 12:00:00+00:00,34,1,110030,112.984375,112.984375,112.984375,112.984375,1,ZNH4
2023-07-27 16:00:00+00:00,34,1,110030,112.109375,112.109375,112.109375,112.109375,1,ZNH4
2023-07-27 17:00:00+00:00,34,1,110030,112.0,112.0,112.0,112.0,1,ZNH4
2023-07-31 16:00:00+00:00,34,1,110030,113.0,113.0,113.0,113.0,1,ZNH4
2023-08-09 14:00:00+00:00,34,1,110030,112.734375,112.734375,112.734375,112.734375,1,ZNH4
2023-08-14 14:00:00+00:00,34,1,110030,111.296875,111.296875,111.03125,111.03125,2,ZNH4
2023-08-30 22:00:00+00:00,34,1,110030,111.53125,111.53125,111.53125,111.53125,10,ZNH4
2023-08-31 07:00:00+00:00,34,1,110030,111.625,111.625,111.625,111.625,10,ZNH4
2023-08-31 22:00:00+00:00,34,1,110030,111.6875,111.6875,111.6875,111.6875,10,ZNH4
2023-09-01 15:00:00+00:00,34,1,110030,111.359375,111.359375,111.328125,111.328125,2,ZNH4
2023-09-01 18:00:00+00:00,34,1,110030,111.484375,111.484375,111.484375,111.484375,1,ZNH4
2023-09-06 22:00:00+00:00,34,1,110030,110.28125,110.28125,110.28125,110.28125,1,ZNH4
2023-09-07 14:00:00+00:00,34,1,110030,110.328125,110.328125,110.328125,110.328125,1,ZNH4
2023-09-08 16:00:00+00:00,34,1,110030,110.625,110.625,110.625,110.625,2,ZNH4
2023-09-10 23:00:00+00:00,34,1,110030,110.5,110.5,110.5,110.5,1,ZNH4
2023-09-11 23:00:00+00:00,34,1,110030,110.328125,110.328125,110.328125,110.328125,1,ZNH4
2023-09-12 06:00:00+00:00,34,1,110030,110.375,110.375,110.375,110.375,2,ZNH4
2023-09-12 11:00:00+00:00,34,1,110030,110.390625,110.390625,110.390625,110.390625,1,ZNH4
2023-09-13 12:00:00+00:00,34,1,110030,110.375,110.625,110.3125,110.3125,39,ZNH4
2023-09-13 13:00:00+00:00,34,1,110030,110.3125,110.390625,110.09375,110.34375,43,ZNH4
2023-09-13 14:00:00+00:00,34,1,110030,110.34375,110.34375,110.34375,110.34375,1,ZNH4
2023-09-13 18:00:00+00:00,34,1,110030,110.5625,110.5625,110.5625,110.5625,1,ZNH4
2023-09-14 01:00:00+00:00,34,1,110030,110.5625,110.5625,110.5625,110.5625,1,ZNH4
2023-09-14 12:00:00+00:00,34,1,110030,110.3125,110.3125,110.3125,110.3125,2,ZNH4
2023-09-14 15:00:00+00:00,34,1,110030,110.5625,110.5625,110.5625,110.5625,2,ZNH4
2023-09-14 16:00:00+00:00,34,1,110030,110.3125,110.3125,110.3125,110.3125,2,ZNH4
2023-09-15 08:00:00+00:00,34,1,110030,110.0625,110.0625,110.0625,110.0625,1,ZNH4
2023-09-15 10:00:00+00:00,34,1,110030,110.03125,110.03125,110.03125,110.03125,1,ZNH4
2023-09-15 12:00:00+00:00,34,1,110030,109.984375,109.984375,109.96875,109.96875,2,ZNH4
2023-09-15 13:00:00+00:00,34,1,110030,109.71875,109.71875,109.71875,109.71875,2,ZNH4
2023-09-15 14:00:00+00:00,34,1,110030,109.796875,109.796875,109.796875,109.796875,1,ZNH4
2023-09-15 19:00:00+00:00,34,1,110030,110.109375,110.109375,110.109375,110.109375,2,ZNH4
2023-09-17 22:00:00+00:00,34,1,110030,110.0,110.0,110.0,110.0,2,ZNH4
2023-09-18 16:00:00+00:00,34,1,110030,109.90625,109.90625,109.90625,109.90625,1,ZNH4
2023-09-19 03:00:00+00:00,34,1,110030,110.0,110.0,110.0,110.0,1,ZNH4
2023-09-19 12:00:00+00:00,34,1,110030,109.890625,109.890625,109.890625,109.890625,1,ZNH4
2023-09-19 13:00:00+00:00,34,1,110030,109.703125,109.703125,109.671875,109.671875,3,ZNH4
2023-09-19 17:00:00+00:00,34,1,110030,109.6875,109.6875,109.6875,109.6875,1,ZNH4
2023-09-19 19:00:00+00:00,34,1,110030,109.609375,109.609375,109.5625,109.5625,2,ZNH4
2023-09-19 20:00:00+00:00,34,1,110030,109.546875,109.546875,109.546875,109.546875,1,ZNH4
2023-09-20 11:00:00+00:00,34,1,110030,109.5625,109.5625,109.5625,109.5625,2,ZNH4
2023-09-20 12:00:00+00:00,34,1,110030,109.78125,109.78125,109.78125,109.78125,1,ZNH4
2023-09-20 13:00:00+00:00,34,1,110030,109.78125,109.921875,109.78125,109.921875,4,ZNH4
2023-09-20 17:00:00+00:00,34,1,110030,109.875,109.875,109.8125,109.8125,3,ZNH4
2023-09-20 18:00:00+00:00,34,1,110030,109.765625,109.828125,109.609375,109.78125,8,ZNH4
2023-09-20 19:00:00+00:00,34,1,110030,109.734375,109.734375,109.5,109.5,5,ZNH4
2023-09-20 20:00:00+00:00,34,1,110030,109.46875,109.46875,109.46875,109.46875,2,ZNH4
2023-09-20 22:00:00+00:00,34,1,110030,109.3125,109.3125,109.3125,109.3125,1,ZNH4
2023-09-20 23:00:00+00:00,34,1,110030,109.15625,109.15625,109.15625,109.15625,1,ZNH4
2023-09-21 00:00:00+00:00,34,1,110030,109.09375,109.09375,109.03125,109.03125,2,ZNH4
2023-09-21 06:00:00+00:00,34,1,110030,109.09375,109.15625,108.625,109.15625,106,ZNH4
2023-09-21 07:00:00+00:00,34,1,110030,109.125,109.125,109.125,109.125,1,ZNH4
2023-09-21 09:00:00+00:00,34,1,110030,109.09375,109.09375,109.09375,109.09375,1,ZNH4
2023-09-21 12:00:00+00:00,34,1,110030,108.796875,108.796875,108.796875,108.796875,1,ZNH4
2023-09-21 13:00:00+00:00,34,1,110030,108.8125,108.8125,108.8125,108.8125,1,ZNH4
2023-09-21 15:00:00+00:00,34,1,110030,108.90625,108.90625,108.859375,108.859375,2,ZNH4
2023-09-21 16:00:00+00:00,34,1,110030,108.875,108.875,108.875,108.875,3,ZNH4
2023-09-21 18:00:00+00:00,34,1,110030,108.9375,108.9375,108.875,108.875,2,ZNH4
2023-09-21 19:00:00+00:00,34,1,110030,108.84375,108.84375,108.84375,108.84375,2,ZNH4
2023-09-21 20:00:00+00:00,34,1,110030,108.75,108.75,108.75,108.75,2,ZNH4
2023-09-22 08:00:00+00:00,34,1,110030,108.84375,108.84375,108.828125,108.828125,2,ZNH4
2023-09-22 14:00:00+00:00,34,1,110030,109.140625,109.140625,109.140625,109.140625,1,ZNH4
2023-09-22 15:00:00+00:00,34,1,110030,109.25,109.25,109.25,109.25,1,ZNH4
2023-09-22 19:00:00+00:00,34,1,110030,109.125,109.125,109.125,109.125,1,ZNH4
2023-09-25 07:00:00+00:00,34,1,110030,108.9375,108.9375,108.9375,108.9375,1,ZNH4
2023-09-25 13:00:00+00:00,34,1,110030,108.6875,108.6875,108.6875,108.6875,1,ZNH4
2023-09-25 15:00:00+00:00,34,1,110030,108.828125,108.828125,108.75,108.75,8,ZNH4
2023-09-25 16:00:00+00:00,34,1,110030,108.796875,108.796875,108.765625,108.765625,2,ZNH4
2023-09-25 17:00:00+00:00,34,1,110030,108.734375,108.796875,108.71875,108.71875,7,ZNH4
2023-09-25 18:00:00+00:00,34,1,110030,108.6875,108.6875,108.640625,108.640625,3,ZNH4
2023-09-25 19:00:00+00:00,34,1,110030,108.65625,108.671875,108.625,108.65625,10,ZNH4
2023-09-26 01:00:00+00:00,34,1,110030,108.578125,108.578125,108.5625,108.5625,2,ZNH4
2023-09-26 02:00:00+00:00,34,1,110030,108.53125,108.53125,108.53125,108.53125,1,ZNH4
2023-09-26 04:00:00+00:00,34,1,110030,108.546875,108.546875,108.546875,108.546875,1,ZNH4
2023-09-26 06:00:00+00:00,34,1,110030,108.546875,108.546875,108.546875,108.546875,1,ZNH4
2023-09-26 07:00:00+00:00,34,1,110030,108.53125,108.53125,108.53125,108.53125,1,ZNH4
2023-09-26 12:00:00+00:00,34,1,110030,108.890625,108.96875,108.890625,108.921875,4,ZNH4
2023-09-26 13:00:00+00:00,34,1,110030,108.765625,108.765625,108.765625,108.765625,1,ZNH4
2023-09-26 14:00:00+00:00,34,1,110030,108.78125,108.8125,108.78125,108.8125,4,ZNH4
2023-09-26 15:00:00+00:00,34,1,110030,108.53125,108.59375,108.53125,108.578125,4,ZNH4
2023-09-26 17:00:00+00:00,34,1,110030,108.65625,108.65625,108.65625,108.65625,1,ZNH4
2023-09-26 20:00:00+00:00,34,1,110030,108.625,108.625,108.625,108.625,3,ZNH4
2023-09-27 14:00:00+00:00,34,1,110030,108.625,108.625,108.546875,108.546875,101,ZNH4
2023-09-27 15:00:00+00:00,34,1,110030,108.5,108.5,108.390625,108.390625,6,ZNH4
2023-09-27 16:00:00+00:00,34,1,110030,108.328125,108.328125,108.25,108.25,3,ZNH4
2023-09-27 17:00:00+00:00,34,1,110030,108.109375,108.109375,108.03125,108.03125,4,ZNH4
2023-09-27 18:00:00+00:00,34,1,110030,108.078125,108.078125,107.9375,107.984375,17,ZNH4
2023-09-27 19:00:00+00:00,34,1,110030,108.046875,108.140625,108.046875,108.140625,3,ZNH4
2023-09-27 20:00:00+00:00,34,1,110030,108.140625,108.140625,108.109375,108.109375,8,ZNH4
2023-09-28 04:00:00+00:00,34,1,110030,108.1875,108.1875,108.1875,108.1875,1,ZNH4
2023-09-28 08:00:00+00:00,34,1,110030,108.109375,108.109375,108.109375,108.109375,1,ZNH4
2023-09-28 11:00:00+00:00,34,1,110030,107.953125,107.953125,107.953125,107.953125,1,ZNH4
2023-09-28 12:00:00+00:00,34,1,110030,108.03125,108.03125,107.71875,107.75,5,ZNH4
2023-09-28 13:00:00+00:00,34,1,110030,107.984375,107.984375,107.8125,107.8125,16,ZNH4
2023-09-28 14:00:00+00:00,34,1,110030,108.0,108.0,107.828125,107.9375,3,ZNH4
2023-09-28 19:00:00+00:00,34,1,110030,108.40625,108.40625,108.40625,108.40625,5,ZNH4
2023-09-28 20:00:00+00:00,34,1,110030,108.390625,108.390625,108.390625,108.390625,1,ZNH4
2023-09-29 02:00:00+00:00,34,1,110030,108.203125,108.203125,108.1875,108.1875,14,ZNH4
2023-09-29 05:00:00+00:00,34,1,110030,108.4375,108.4375,108.4375,108.4375,2,ZNH4
2023-09-29 08:00:00+00:00,34,1,110030,108.65625,108.65625,108.65625,108.65625,1,ZNH4
2023-09-29 09:00:00+00:00,34,1,110030,108.65625,108.671875,108.65625,108.671875,2,ZNH4
2023-09-29 10:00:00+00:00,34,1,110030,108.578125,108.578125,108.5625,108.5625,3,ZNH4
2023-09-29 12:00:00+00:00,34,1,110030,108.515625,108.515625,108.515625,108.515625,1,ZNH4
2023-09-29 13:00:00+00:00,34,1,110030,108.6875,108.828125,108.6875,108.6875,4,ZNH4
2023-09-29 14:00:00+00:00,34,1,110030,108.640625,108.75,108.640625,108.75,5,ZNH4
2023-09-29 15:00:00+00:00,34,1,110030,108.578125,108.578125,108.421875,108.546875,7,ZNH4
2023-09-29 16:00:00+00:00,34,1,110030,108.46875,108.46875,108.46875,108.46875,2,ZNH4
2023-09-29 17:00:00+00:00,34,1,110030,108.359375,108.53125,108.359375,108.53125,21,ZNH4
2023-09-29 19:00:00+00:00,34,1,110030,108.40625,108.40625,108.390625,108.390625,2,ZNH4
2023-10-02 00:00:00+00:00,34,1,110030,108.15625,108.15625,108.046875,108.15625,10,ZNH4
2023-10-02 01:00:00+00:00,34,1,110030,108.15625,108.171875,108.15625,108.171875,2,ZNH4
2023-10-02 02:00:00+00:00,34,1,110030,108.171875,108.171875,108.171875,108.171875,2,ZNH4
2023-10-02 07:00:00+00:00,34,1,110030,108.1875,108.3125,108.1875,108.3125,15,ZNH4
2023-10-02 09:00:00+00:00,34,1,110030,108.046875,108.046875,108.03125,108.03125,2,ZNH4
2023-10-02 10:00:00+00:00,34,1,110030,108.03125,108.0625,108.03125,108.0625,2,ZNH4
2023-10-02 12:00:00+00:00,34,1,110030,108.046875,108.046875,107.9375,107.9375,107,ZNH4
2023-10-02 13:00:00+00:00,34,1,110030,108.046875,108.0625,108.0,108.0,3,ZNH4
2023-10-02 14:00:00+00:00,34,1,110030,107.828125,107.90625,107.78125,107.78125,5,ZNH4
2023-10-02 15:00:00+00:00,34,1,110030,107.765625,107.84375,107.671875,107.671875,7,ZNH4
2023-10-02 16:00:00+00:00,34,1,110030,107.6875,107.6875,107.625,107.65625,7,ZNH4
2023-10-02 17:00:00+00:00,34,1,110030,107.78125,107.8125,107.78125,107.8125,3,ZNH4
2023-10-02 19:00:00+00:00,34,1,110030,107.6875,107.6875,107.6875,107.6875,2,ZNH4
2023-10-02 20:00:00+00:00,34,1,110030,107.671875,107.734375,107.65625,107.734375,4,ZNH4
2023-10-03 00:00:00+00:00,34,1,110030,107.625,107.671875,107.609375,107.671875,5,ZNH4
2023-10-03 04:00:00+00:00,34,1,110030,107.6875,107.6875,107.6875,107.6875,1,ZNH4
2023-10-03 07:00:00+00:00,34,1,110030,107.6875,107.6875,107.6875,107.6875,1,ZNH4
2023-10-03 09:00:00+00:00,34,1,110030,107.578125,107.578125,107.578125,107.578125,1,ZNH4
2023-10-03 10:00:00+00:00,34,1,110030,107.625,107.625,107.578125,107.578125,3,ZNH4
2023-10-03 11:00:00+00:00,34,1,110030,107.5,107.5,107.34375,107.40625,10,ZNH4
2023-10-03 12:00:00+00:00,34,1,110030,107.34375,107.546875,107.34375,107.546875,6,ZNH4
2023-10-03 13:00:00+00:00,34,1,110030,107.5625,107.6875,107.5625,107.6875,8,ZNH4
2023-10-03 14:00:00+00:00,34,1,110030,107.625,107.625,107.25,107.328125,41,ZNH4
2023-10-03 15:00:00+00:00,34,1,110030,107.25,107.25,107.078125,107.125,16,ZNH4
2023-10-03 16:00:00+00:00,34,1,110030,107.1875,107.1875,107.1875,107.1875,1,ZNH4
2023-10-03 17:00:00+00:00,34,1,110030,107.15625,107.15625,107.109375,107.109375,3,ZNH4
2023-10-03 18:00:00+00:00,34,1,110030,107.046875,107.09375,107.0,107.09375,18,ZNH4
2023-10-03 19:00:00+00:00,34,1,110030,107.0,107.015625,106.96875,107.015625,18,ZNH4
2023-10-03 20:00:00+00:00,34,1,110030,107.0,107.046875,107.0,107.03125,10,ZNH4
2023-10-03 22:00:00+00:00,34,1,110030,107.0625,107.0625,107.0625,107.0625,10,ZNH4
2023-10-03 23:00:00+00:00,34,1,110030,107.015625,107.015625,107.015625,107.015625,1,ZNH4
2023-10-04 00:00:00+00:00,34,1,110030,107.0,107.0,106.921875,106.921875,5,ZNH4
2023-10-04 01:00:00+00:00,34,1,110030,106.890625,106.890625,106.828125,106.828125,13,ZNH4
2023-10-04 02:00:00+00:00,34,1,110030,106.828125,106.828125,106.71875,106.78125,9,ZNH4
2023-10-04 03:00:00+00:00,34,1,110030,106.828125,106.84375,106.828125,106.84375,3,ZNH4
2023-10-04 05:00:00+00:00,34,1,110030,106.734375,106.765625,106.71875,106.71875,5,ZNH4
2023-10-04 06:00:00+00:00,34,1,110030,106.703125,106.703125,106.4375,106.4375,3,ZNH4
2023-10-04 07:00:00+00:00,34,1,110030,106.609375,106.734375,106.609375,106.734375,2,ZNH4
2023-10-04 08:00:00+00:00,34,1,110030,106.8125,106.9375,106.8125,106.828125,12,ZNH4
2023-10-04 09:00:00+00:00,34,1,110030,106.890625,106.890625,106.890625,106.890625,1,ZNH4
2023-10-04 10:00:00+00:00,34,1,110030,106.890625,106.890625,106.71875,106.71875,2,ZNH4
2023-10-04 11:00:00+00:00,34,1,110030,106.9375,107.1875,106.9375,107.15625,26,ZNH4
2023-10-04 12:00:00+00:00,34,1,110030,107.140625,107.453125,107.140625,107.453125,15,ZNH4
2023-10-04 13:00:00+00:00,34,1,110030,107.34375,107.34375,107.21875,107.234375,16,ZNH4
2023-10-04 14:00:00+00:00,34,1,110030,107.25,107.25,107.109375,107.21875,6,ZNH4
2023-10-04 15:00:00+00:00,34,1,110030,107.21875,107.484375,107.21875,107.421875,13,ZNH4
2023-10-04 16:00:00+00:00,34,1,110030,107.5,107.5,107.5,107.5,1,ZNH4
2023-10-04 17:00:00+00:00,34,1,110030,107.453125,107.453125,107.359375,107.359375,4,ZNH4
2023-10-04 18:00:00+00:00,34,1,110030,107.390625,107.390625,107.390625,107.390625,1,ZNH4
2023-10-04 19:00:00+00:00,34,1,110030,107.5,107.5,107.5,107.5,2,ZNH4
2023-10-04 20:00:00+00:00,34,1,110030,107.5,107.5,107.484375,107.484375,2,ZNH4
2023-10-04 22:00:00+00:00,34,1,110030,107.40625,107.40625,107.40625,107.40625,1,ZNH4
2023-10-05 00:00:00+00:00,34,1,110030,107.484375,107.484375,107.484375,107.484375,1,ZNH4
2023-10-05 01:00:00+00:00,34,1,110030,107.546875,107.578125,107.546875,107.578125,2,ZNH4
2023-10-05 02:00:00+00:00,34,1,110030,107.640625,107.640625,107.640625,107.640625,1,ZNH4
2023-10-05 05:00:00+00:00,34,1,110030,107.546875,107.59375,107.53125,107.59375,3,ZNH4
2023-10-05 06:00:00+00:00,34,1,110030,107.453125,107.453125,107.4375,107.4375,2,ZNH4
2023-10-05 07:00:00+00:00,34,1,110030,107.46875,107.46875,107.375,107.375,2,ZNH4
2023-10-05 10:00:00+00:00,34,1,110030,107.5,107.5,107.5,107.5,1,ZNH4
2023-10-05 11:00:00+00:00,34,1,110030,107.609375,107.609375,107.609375,107.609375,1,ZNH4
2023-10-05 12:00:00+00:00,34,1,110030,107.546875,107.546875,107.296875,107.328125,10,ZNH4
2023-10-05 13:00:00+00:00,34,1,110030,107.515625,107.625,107.515625,107.59375,54,ZNH4
2023-10-05 14:00:00+00:00,34,1,110030,107.59375,107.59375,107.5,107.59375,5,ZNH4
2023-10-05 15:00:00+00:00,34,1,110030,107.5625,107.59375,107.5625,107.59375,2,ZNH4
2023-10-05 16:00:00+00:00,34,1,110030,107.65625,107.671875,107.65625,107.671875,2,ZNH4
2023-10-05 19:00:00+00:00,34,1,110030,107.671875,107.671875,107.671875,107.671875,1,ZNH4
2023-10-05 20:00:00+00:00,34,1,110030,107.625,107.625,107.625,107.625,5,ZNH4
2023-10-05 23:00:00+00:00,34,1,110030,107.5625,107.5625,107.546875,107.546875,5,ZNH4
2023-10-06 00:00:00+00:00,34,1,110030,107.5625,107.59375,107.5625,107.59375,6,ZNH4
2023-10-06 06:00:00+00:00,34,1,110030,107.484375,107.484375,107.484375,107.484375,1,ZNH4
2023-10-06 07:00:00+00:00,34,1,110030,107.46875,107.46875,107.453125,107.46875,11,ZNH4
2023-10-06 10:00:00+00:00,34,1,110030,107.484375,107.484375,107.484375,107.484375,2,ZNH4
2023-10-06 11:00:00+00:00,34,1,110030,107.46875,107.46875,107.40625,107.40625,54,ZNH4
2023-10-06 12:00:00+00:00,34,1,110030,107.0625,107.578125,106.578125,106.703125,53,ZNH4
2023-10-06 13:00:00+00:00,34,1,110030,106.75,107.015625,106.703125,106.890625,40,ZNH4
2023-10-06 14:00:00+00:00,34,1,110030,106.96875,107.078125,106.96875,107.078125,16,ZNH4
2023-10-06 15:00:00+00:00,34,1,110030,107.015625,107.34375,107.015625,107.28125,27,ZNH4
2023-10-06 16:00:00+00:00,34,1,110030,107.125,107.125,107.125,107.125,3,ZNH4
2023-10-06 17:00:00+00:00,34,1,110030,107.21875,107.21875,107.21875,107.21875,1,ZNH4
2023-10-06 19:00:00+00:00,34,1,110030,107.203125,107.21875,107.203125,107.21875,5,ZNH4
2023-10-06 20:00:00+00:00,34,1,110030,107.15625,107.171875,107.125,107.125,20,ZNH4
2023-10-08 22:00:00+00:00,34,1,110030,107.59375,107.921875,107.484375,107.65625,21,ZNH4
2023-10-09 00:00:00+00:00,34,1,110030,107.609375,107.609375,107.484375,107.484375,8,ZNH4
2023-10-09 01:00:00+00:00,34,1,110030,107.5,107.546875,107.5,107.546875,4,ZNH4
2023-10-09 02:00:00+00:00,34,1,110030,107.546875,107.5625,107.546875,107.5625,2,ZNH4
2023-10-09 03:00:00+00:00,34,1,110030,107.515625,107.515625,107.5,107.5,4,ZNH4
2023-10-09 04:00:00+00:00,34,1,110030,107.515625,107.53125,107.515625,107.53125,3,ZNH4
2023-10-09 05:00:00+00:00,34,1,110030,107.546875,107.546875,107.546875,107.546875,2,ZNH4
2023-10-09 06:00:00+00:00,34,1,110030,107.5625,107.609375,107.5625,107.609375,3,ZNH4
2023-10-09 07:00:00+00:00,34,1,110030,107.5,107.5,107.5,107.5,1,ZNH4
2023-10-09 08:00:00+00:00,34,1,110030,107.515625,107.515625,107.515625,107.515625,1,ZNH4
2023-10-09 12:00:00+00:00,34,1,110030,107.609375,107.71875,107.609375,107.71875,3,ZNH4
2023-10-09 13:00:00+00:00,34,1,110030,107.890625,108.0,107.84375,107.859375,8,ZNH4
2023-10-09 14:00:00+00:00,34,1,110030,107.9375,107.9375,107.9375,107.9375,8,ZNH4
2023-10-09 15:00:00+00:00,34,1,110030,107.96875,108.0,107.96875,108.0,3,ZNH4
2023-10-09 16:00:00+00:00,34,1,110030,107.90625,107.90625,107.90625,107.90625,1,ZNH4
2023-10-09 17:00:00+00:00,34,1,110030,108.109375,108.125,108.109375,108.109375,5,ZNH4
2023-10-09 18:00:00+00:00,34,1,110030,108.09375,108.125,108.078125,108.125,58,ZNH4
2023-10-09 19:00:00+00:00,34,1,110030,108.171875,108.25,108.171875,108.25,16,ZNH4
2023-10-09 20:00:00+00:00,34,1,110030,108.28125,108.296875,108.265625,108.265625,8,ZNH4
2023-10-09 22:00:00+00:00,34,1,110030,108.109375,108.109375,108.109375,108.109375,1,ZNH4
2023-10-09 23:00:00+00:00,34,1,110030,108.140625,108.203125,108.140625,108.203125,2,ZNH4
2023-10-10 00:00:00+00:00,34,1,110030,108.15625,108.15625,108.15625,108.15625,1,ZNH4
2023-10-10 05:00:00+00:00,34,1,110030,108.046875,108.046875,108.046875,108.046875,6,ZNH4
2023-10-10 06:00:00+00:00,34,1,110030,107.890625,107.890625,107.890625,107.890625,1,ZNH4
2023-10-10 07:00:00+00:00,34,1,110030,107.921875,107.921875,107.921875,107.921875,10,ZNH4
2023-10-10 10:00:00+00:00,34,1,110030,107.921875,107.921875,107.90625,107.90625,2,ZNH4
2023-10-10 11:00:00+00:00,34,1,110030,107.8125,107.8125,107.671875,107.734375,24,ZNH4
2023-10-10 12:00:00+00:00,34,1,110030,107.78125,107.890625,107.78125,107.84375,6,ZNH4
2023-10-10 13:00:00+00:00,34,1,110030,107.78125,107.859375,107.734375,107.734375,17,ZNH4
2023-10-10 14:00:00+00:00,34,1,110030,107.890625,108.0,107.890625,108.0,12,ZNH4
2023-10-10 15:00:00+00:00,34,1,110030,108.0625,108.125,108.0625,108.125,2,ZNH4
2023-10-10 16:00:00+00:00,34,1,110030,108.25,108.25,108.15625,108.15625,2,ZNH4
2023-10-10 17:00:00+00:00,34,1,110030,108.25,108.25,108.15625,108.203125,44,ZNH4
2023-10-10 19:00:00+00:00,34,1,110030,108.03125,108.03125,108.03125,108.03125,1,ZNH4
2023-10-10 23:00:00+00:00,34,1,110030,108.09375,108.09375,108.09375,108.09375,1,ZNH4
2023-10-11 00:00:00+00:00,34,1,110030,108.09375,108.1875,108.09375,108.171875,6,ZNH4
2023-10-11 04:00:00+00:00,34,1,110030,108.15625,108.15625,108.0625,108.0625,9,ZNH4
2023-10-11 05:00:00+00:00,34,1,110030,108.078125,108.078125,108.046875,108.046875,3,ZNH4
2023-10-11 07:00:00+00:00,34,1,110030,108.3125,108.5,108.3125,108.484375,58,ZNH4
2023-10-11 08:00:00+00:00,34,1,110030,108.484375,108.65625,108.453125,108.546875,13,ZNH4
2023-10-11 09:00:00+00:00,34,1,110030,108.59375,108.609375,108.546875,108.546875,4,ZNH4
2023-10-11 10:00:00+00:00,34,1,110030,108.625,108.625,108.625,108.625,1,ZNH4
2023-10-11 11:00:00+00:00,34,1,110030,108.546875,108.625,108.546875,108.5625,6,ZNH4
2023-10-11 12:00:00+00:00,34,1,110030,108.5625,108.5625,108.296875,108.46875,20,ZNH4
2023-10-11 13:00:00+00:00,34,1,110030,108.46875,108.46875,108.25,108.296875,60,ZNH4
2023-10-11 14:00:00+00:00,34,1,110030,108.328125,108.328125,108.3125,108.3125,4,ZNH4
2023-10-11 15:00:00+00:00,34,1,110030,108.421875,108.5,108.421875,108.5,5,ZNH4
2023-10-11 16:00:00+00:00,34,1,110030,108.4375,108.4375,108.3125,108.3125,27,ZNH4
2023-10-11 17:00:00+00:00,34,1,110030,108.203125,108.203125,108.1875,108.203125,5,ZNH4
2023-10-11 18:00:00+00:00,34,1,110030,108.203125,108.3125,108.1875,108.3125,6,ZNH4
2023-10-11 20:00:00+00:00,34,1,110030,108.515625,108.515625,108.515625,108.515625,1,ZNH4
2023-10-11 22:00:00+00:00,34,1,110030,108.484375,108.5,108.46875,108.5,5,ZNH4
2023-10-12 01:00:00+00:00,34,1,110030,108.4375,108.4375,108.4375,108.4375,1,ZNH4
2023-10-12 02:00:00+00:00,34,1,110030,108.4375,108.4375,108.4375,108.4375,1,ZNH4
2023-10-12 03:00:00+00:00,34,1,110030,108.40625,108.40625,108.40625,108.40625,1,ZNH4
2023-10-12 04:00:00+00:00,34,1,110030,108.4375,108.4375,108.4375,108.4375,2,ZNH4
2023-10-12 05:00:00+00:00,34,1,110030,108.453125,108.453125,108.453125,108.453125,2,ZNH4
2023-10-12 06:00:00+00:00,34,1,110030,108.625,108.640625,108.5625,108.5625,3,ZNH4
2023-10-12 07:00:00+00:00,34,1,110030,108.515625,108.515625,108.421875,108.421875,2,ZNH4
2023-10-12 08:00:00+00:00,34,1,110030,108.421875,108.421875,108.421875,108.421875,3,ZNH4
2023-10-12 10:00:00+00:00,34,1,110030,108.5,108.5,108.5,108.5,50,ZNH4
2023-10-12 11:00:00+00:00,34,1,110030,108.546875,108.546875,108.484375,108.484375,3,ZNH4
2023-10-12 12:00:00+00:00,34,1,110030,108.53125,108.75,108.09375,108.171875,42,ZNH4
2023-10-12 13:00:00+00:00,34,1,110030,108.15625,108.265625,107.90625,107.90625,84,ZNH4
2023-10-12 14:00:00+00:00,34,1,110030,107.890625,107.984375,107.890625,107.90625,12,ZNH4
2023-10-12 15:00:00+00:00,34,1,110030,107.921875,107.921875,107.828125,107.828125,52,ZNH4
2023-10-12 16:00:00+00:00,34,1,110030,107.8125,107.8125,107.78125,107.78125,5,ZNH4
2023-10-12 17:00:00+00:00,34,1,110030,107.859375,107.859375,107.65625,107.65625,20,ZNH4
2023-10-12 18:00:00+00:00,34,1,110030,107.546875,107.6875,107.53125,107.640625,12,ZNH4
2023-10-12 19:00:00+00:00,34,1,110030,107.71875,107.71875,107.71875,107.71875,1,ZNH4
2023-10-12 20:00:00+00:00,34,1,110030,107.625,107.65625,107.625,107.65625,5,ZNH4
2023-10-12 22:00:00+00:00,34,1,110030,107.671875,107.671875,107.671875,107.671875,1,ZNH4
2023-10-13 00:00:00+00:00,34,1,110030,107.71875,107.71875,107.71875,107.71875,5,ZNH4
2023-10-13 01:00:00+00:00,34,1,110030,107.828125,107.828125,107.828125,107.828125,1,ZNH4
2023-10-13 02:00:00+00:00,34,1,110030,107.859375,107.859375,107.859375,107.859375,1,ZNH4
2023-10-13 05:00:00+00:00,34,1,110030,107.9375,107.9375,107.9375,107.9375,2,ZNH4
2023-10-13 06:00:00+00:00,34,1,110030,107.921875,107.921875,107.921875,107.921875,1,ZNH4
2023-10-13 07:00:00+00:00,34,1,110030,108.046875,108.046875,108.046875,108.046875,1,ZNH4
2023-10-13 08:00:00+00:00,34,1,110030,108.0,108.0,108.0,108.0,1,ZNH4
2023-10-13 09:00:00+00:00,34,1,110030,107.953125,108.109375,107.953125,108.109375,2,ZNH4
2023-10-13 10:00:00+00:00,34,1,110030,108.21875,108.21875,108.21875,108.21875,4,ZNH4
2023-10-13 11:00:00+00:00,34,1,110030,108.21875,108.28125,108.140625,108.28125,8,ZNH4
2023-10-13 12:00:00+00:00,34,1,110030,108.34375,108.34375,108.28125,108.34375,11,ZNH4
2023-10-13 13:00:00+00:00,34,1,110030,108.28125,108.28125,108.15625,108.203125,13,ZNH4
2023-10-13 14:00:00+00:00,34,1,110030,108.1875,108.1875,108.0,108.0,10,ZNH4
2023-10-13 15:00:00+00:00,34,1,110030,107.984375,108.015625,107.984375,108.015625,2,ZNH4
2023-10-13 16:00:00+00:00,34,1,110030,108.109375,108.109375,108.109375,108.109375,1,ZNH4
2023-10-13 17:00:00+00:00,34,1,110030,108.0,108.09375,108.0,108.09375,7,ZNH4
2023-10-13 19:00:00+00:00,34,1,110030,108.125,108.125,108.125,108.125,1,ZNH4
2023-10-13 20:00:00+00:00,34,1,110030,108.109375,108.140625,108.09375,108.140625,9,ZNH4
2023-10-15 22:00:00+00:00,34,1,110030,107.984375,107.984375,107.90625,107.90625,5,ZNH4
2023-10-16 02:00:00+00:00,34,1,110030,107.90625,107.90625,107.90625,107.90625,1,ZNH4
2023-10-16 06:00:00+00:00,34,1,110030,107.796875,107.828125,107.671875,107.671875,11,ZNH4
2023-10-16 11:00:00+00:00,34,1,110030,107.71875,107.71875,107.609375,107.609375,3,ZNH4
2023-10-16 12:00:00+00:00,34,1,110030,107.640625,107.859375,107.640625,107.78125,15,ZNH4
2023-10-16 13:00:00+00:00,34,1,110030,107.703125,107.71875,107.484375,107.5625,25,ZNH4
2023-10-16 14:00:00+00:00,34,1,110030,107.59375,107.65625,107.59375,107.65625,9,ZNH4
2023-10-16 15:00:00+00:00,34,1,110030,107.5625,107.640625,107.5625,107.640625,5,ZNH4
2023-10-16 16:00:00+00:00,34,1,110030,107.53125,107.53125,107.515625,107.515625,8,ZNH4
2023-10-16 17:00:00+00:00,34,1,110030,107.5625,107.5625,107.5625,107.5625,3,ZNH4
2023-10-16 19:00:00+00:00,34,1,110030,107.59375,107.59375,107.59375,107.59375,1,ZNH4
2023-10-16 20:00:00+00:00,34,1,110030,107.53125,107.609375,107.53125,107.5625,4,ZNH4
2023-10-16 22:00:00+00:00,34,1,110030,107.5625,107.578125,107.46875,107.46875,19,ZNH4
2023-10-17 01:00:00+00:00,34,1,110030,107.5,107.5,107.5,107.5,1,ZNH4
2023-10-17 02:00:00+00:00,34,1,110030,107.484375,107.5,107.484375,107.5,2,ZNH4
2023-10-17 03:00:00+00:00,34,1,110030,107.453125,107.453125,107.265625,107.265625,5,ZNH4
2023-10-17 04:00:00+00:00,34,1,110030,107.40625,107.40625,107.40625,107.40625,1,ZNH4
2023-10-17 05:00:00+00:00,34,1,110030,107.34375,107.34375,107.265625,107.265625,5,ZNH4
2023-10-17 06:00:00+00:00,34,1,110030,107.34375,107.34375,107.34375,107.34375,2,ZNH4
2023-10-17 07:00:00+00:00,34,1,110030,107.34375,107.34375,107.34375,107.34375,1,ZNH4
2023-10-17 09:00:00+00:00,34,1,110030,107.359375,107.359375,107.3125,107.3125,2,ZNH4
2023-10-17 10:00:00+00:00,34,1,110030,107.328125,107.328125,107.296875,107.296875,11,ZNH4
2023-10-17 11:00:00+00:00,34,1,110030,107.265625,107.265625,107.21875,107.25,5,ZNH4
2023-10-17 12:00:00+00:00,34,1,110030,107.171875,107.171875,106.890625,106.890625,152,ZNH4
2023-10-17 13:00:00+00:00,34,1,110030,106.84375,106.875,106.640625,106.734375,29,ZNH4
2023-10-17 14:00:00+00:00,34,1,110030,106.75,106.8125,106.75,106.78125,18,ZNH4
2023-10-17 15:00:00+00:00,34,1,110030,106.78125,106.859375,106.78125,106.78125,5,ZNH4
2023-10-17 16:00:00+00:00,34,1,110030,106.796875,106.796875,106.71875,106.71875,7,ZNH4
2023-10-17 17:00:00+00:00,34,1,110030,106.6875,106.6875,106.53125,106.53125,19,ZNH4
2023-10-17 18:00:00+00:00,34,1,110030,106.484375,106.5625,106.46875,106.53125,19,ZNH4
2023-10-17 19:00:00+00:00,34,1,110030,106.625,106.625,106.625,106.625,2,ZNH4
2023-10-17 20:00:00+00:00,34,1,110030,106.578125,106.609375,106.5625,106.578125,11,ZNH4
2023-10-17 22:00:00+00:00,34,1,110030,106.625,106.625,106.625,106.625,1,ZNH4
2023-10-17 23:00:00+00:00,34,1,110030,106.625,106.625,106.625,106.625,1,ZNH4
2023-10-18 00:00:00+00:00,34,1,110030,106.59375,106.6875,106.5625,106.6875,38,ZNH4
2023-10-18 03:00:00+00:00,34,1,110030,106.6875,106.6875,106.6875,106.6875,1,ZNH4
2023-10-18 06:00:00+00:00,34,1,110030,106.578125,106.578125,106.484375,106.546875,37,ZNH4
2023-10-18 07:00:00+00:00,34,1,110030,106.484375,106.484375,106.484375,106.484375,1,ZNH4
2023-10-18 08:00:00+00:00,34,1,110030,106.578125,106.578125,106.578125,106.578125,1,ZNH4
2023-10-18 09:00:00+00:00,34,1,110030,106.59375,106.671875,106.578125,106.671875,3,ZNH4
2023-10-18 11:00:00+00:00,34,1,110030,106.71875,106.78125,106.71875,106.78125,5,ZNH4
2023-10-18 12:00:00+00:00,34,1,110030,106.671875,106.6875,106.40625,106.484375,64,ZNH4
2023-10-18 13:00:00+00:00,34,1,110030,106.390625,106.546875,106.390625,106.453125,14,ZNH4
2023-10-18 14:00:00+00:00,34,1,110030,106.515625,106.515625,106.171875,106.171875,119,ZNH4
2023-10-18 15:00:00+00:00,34,1,110030,106.109375,106.203125,106.078125,106.1875,18,ZNH4
2023-10-18 16:00:00+00:00,34,1,110030,106.140625,106.1875,106.140625,106.171875,8,ZNH4
2023-10-18 17:00:00+00:00,34,1,110030,106.25,106.34375,106.25,106.328125,38,ZNH4
2023-10-18 18:00:00+00:00,34,1,110030,106.359375,106.359375,106.171875,106.171875,4,ZNH4
2023-10-18 19:00:00+00:00,34,1,110030,106.15625,106.234375,106.15625,106.234375,9,ZNH4
2023-10-18 20:00:00+00:00,34,1,110030,106.140625,106.140625,106.140625,106.140625,2,ZNH4
2023-10-18 22:00:00+00:00,34,1,110030,106.140625,106.140625,106.03125,106.03125,4,ZNH4
2023-10-18 23:00:00+00:00,34,1,110030,106.03125,106.03125,105.953125,105.953125,15,ZNH4
2023-10-19 00:00:00+00:00,34,1,110030,105.984375,105.984375,105.984375,105.984375,3,ZNH4
2023-10-19 01:00:00+00:00,34,1,110030,106.015625,106.015625,105.875,105.90625,8,ZNH4
2023-10-19 02:00:00+00:00,34,1,110030,105.921875,105.96875,105.859375,105.96875,7,ZNH4
2023-10-19 03:00:00+00:00,34,1,110030,105.859375,105.859375,105.859375,105.859375,1,ZNH4
2023-10-19 04:00:00+00:00,34,1,110030,105.859375,105.859375,105.84375,105.84375,8,ZNH4
2023-10-19 05:00:00+00:00,34,1,110030,105.8125,105.8125,105.8125,105.8125,1,ZNH4
2023-10-19 06:00:00+00:00,34,1,110030,105.796875,105.828125,105.796875,105.796875,3,ZNH4
2023-10-19 07:00:00+00:00,34,1,110030,105.8125,105.8125,105.78125,105.78125,2,ZNH4
2023-10-19 08:00:00+00:00,34,1,110030,105.78125,105.859375,105.765625,105.765625,6,ZNH4
2023-10-19 09:00:00+00:00,34,1,110030,105.734375,105.796875,105.734375,105.796875,4,ZNH4
2023-10-19 10:00:00+00:00,34,1,110030,105.890625,105.921875,105.859375,105.921875,59,ZNH4
2023-10-19 11:00:00+00:00,34,1,110030,105.859375,105.859375,105.75,105.78125,32,ZNH4
2023-10-19 12:00:00+00:00,34,1,110030,105.75,106.078125,105.75,106.078125,34,ZNH4
2023-10-19 13:00:00+00:00,34,1,110030,106.0,106.015625,105.890625,106.015625,30,ZNH4
2023-10-19 14:00:00+00:00,34,1,110030,105.953125,105.96875,105.859375,105.859375,6,ZNH4
2023-10-19 15:00:00+00:00,34,1,110030,105.90625,106.0,105.90625,105.953125,12,ZNH4
2023-10-19 16:00:00+00:00,34,1,110030,105.875,106.203125,105.671875,105.828125,46,ZNH4
2023-10-19 17:00:00+00:00,34,1,110030,105.875,106.0,105.875,106.0,14,ZNH4
2023-10-19 18:00:00+00:00,34,1,110030,105.875,105.875,105.71875,105.71875,19,ZNH4
2023-10-19 19:00:00+00:00,34,1,110030,105.84375,105.859375,105.828125,105.828125,18,ZNH4
2023-10-19 20:00:00+00:00,34,1,110030,105.765625,105.796875,105.765625,105.78125,3,ZNH4
2023-10-19 22:00:00+00:00,34,1,110030,105.8125,105.8125,105.75,105.75,2,ZNH4
2023-10-19 23:00:00+00:00,34,1,110030,105.75,105.78125,105.75,105.78125,6,ZNH4
2023-10-20 01:00:00+00:00,34,1,110030,105.84375,105.859375,105.828125,105.859375,5,ZNH4
2023-10-20 02:00:00+00:00,34,1,110030,105.921875,105.96875,105.921875,105.96875,7,ZNH4
2023-10-20 03:00:00+00:00,34,1,110030,105.984375,106.03125,105.984375,106.03125,4,ZNH4
2023-10-20 05:00:00+00:00,34,1,110030,106.0,106.0,106.0,106.0,1,ZNH4
2023-10-20 06:00:00+00:00,34,1,110030,106.078125,106.078125,106.078125,106.078125,2,ZNH4
2023-10-20 07:00:00+00:00,34,1,110030,106.140625,106.15625,106.140625,106.15625,3,ZNH4
2023-10-20 09:00:00+00:00,34,1,110030,106.0625,106.0625,106.0625,106.0625,2,ZNH4
2023-10-20 10:00:00+00:00,34,1,110030,106.0,106.0,106.0,106.0,3,ZNH4
2023-10-20 11:00:00+00:00,34,1,110030,106.0625,106.140625,106.015625,106.015625,9,ZNH4
2023-10-20 12:00:00+00:00,34,1,110030,105.96875,106.0,105.8125,105.96875,11,ZNH4
2023-10-20 13:00:00+00:00,34,1,110030,106.03125,106.296875,106.03125,106.25,30,ZNH4
2023-10-20 14:00:00+00:00,34,1,110030,106.203125,106.328125,106.203125,106.328125,78,ZNH4
2023-10-20 15:00:00+00:00,34,1,110030,106.34375,106.4375,106.34375,106.34375,12,ZNH4
2023-10-20 16:00:00+00:00,34,1,110030,106.359375,106.359375,106.328125,106.328125,12,ZNH4
2023-10-20 17:00:00+00:00,34,1,110030,106.34375,106.40625,106.234375,106.234375,34,ZNH4
2023-10-20 18:00:00+00:00,34,1,110030,106.234375,106.234375,106.234375,106.234375,2,ZNH4
2023-10-20 19:00:00+00:00,34,1,110030,106.296875,106.296875,106.296875,106.296875,11,ZNH4
2023-10-20 20:00:00+00:00,34,1,110030,106.40625,106.40625,106.34375,106.375,3,ZNH4
2023-10-22 22:00:00+00:00,34,1,110030,106.140625,106.140625,106.0625,106.0625,6,ZNH4
2023-10-22 23:00:00+00:00,34,1,110030,106.140625,106.140625,106.078125,106.078125,2,ZNH4
2023-10-23 00:00:00+00:00,34,1,110030,106.109375,106.109375,106.109375,106.109375,1,ZNH4
2023-10-23 02:00:00+00:00,34,1,110030,106.046875,106.046875,105.953125,105.953125,5,ZNH4
2023-10-23 03:00:00+00:00,34,1,110030,105.921875,105.921875,105.890625,105.890625,3,ZNH4
2023-10-23 04:00:00+00:00,34,1,110030,105.9375,105.9375,105.9375,105.9375,2,ZNH4
2023-10-23 05:00:00+00:00,34,1,110030,105.953125,105.953125,105.953125,105.953125,1,ZNH4
2023-10-23 07:00:00+00:00,34,1,110030,105.9375,105.9375,105.90625,105.90625,2,ZNH4
2023-10-23 08:00:00+00:00,34,1,110030,105.90625,105.921875,105.84375,105.84375,4,ZNH4
2023-10-23 09:00:00+00:00,34,1,110030,105.8125,105.8125,105.734375,105.734375,22,ZNH4
2023-10-23 10:00:00+00:00,34,1,110030,105.765625,105.78125,105.765625,105.78125,3,ZNH4
2023-10-23 11:00:00+00:00,34,1,110030,105.828125,105.9375,105.828125,105.9375,6,ZNH4
2023-10-23 12:00:00+00:00,34,1,110030,105.984375,106.03125,105.96875,106.03125,11,ZNH4
2023-10-23 13:00:00+00:00,34,1,110030,106.078125,106.203125,106.015625,106.203125,10,ZNH4
2023-10-23 14:00:00+00:00,34,1,110030,106.203125,106.4375,106.203125,106.421875,23,ZNH4
2023-10-23 15:00:00+00:00,34,1,110030,106.5,106.640625,106.5,106.640625,10,ZNH4
2023-10-23 16:00:00+00:00,34,1,110030,106.5625,106.703125,106.5625,106.703125,9,ZNH4
2023-10-23 17:00:00+00:00,34,1,110030,106.734375,106.78125,106.734375,106.75,13,ZNH4
2023-10-23 18:00:00+00:00,34,1,110030,106.734375,106.78125,106.734375,106.78125,15,ZNH4
2023-10-23 19:00:00+00:00,34,1,110030,106.640625,106.65625,106.640625,106.65625,4,ZNH4
2023-10-23 20:00:00+00:00,34,1,110030,106.671875,106.703125,106.671875,106.703125,17,ZNH4
2023-10-23 22:00:00+00:00,34,1,110030,106.703125,106.703125,106.703125,106.703125,1,ZNH4
2023-10-23 23:00:00+00:00,34,1,110030,106.671875,106.671875,106.671875,106.671875,1,ZNH4
2023-10-24 00:00:00+00:00,34,1,110030,106.640625,106.640625,106.609375,106.640625,8,ZNH4
2023-10-24 01:00:00+00:00,34,1,110030,106.625,106.734375,106.578125,106.734375,6,ZNH4
2023-10-24 02:00:00+00:00,34,1,110030,106.734375,106.796875,106.734375,106.796875,17,ZNH4
2023-10-24 03:00:00+00:00,34,1,110030,106.78125,106.78125,106.78125,106.78125,3,ZNH4
2023-10-24 05:00:00+00:00,34,1,110030,106.734375,106.78125,106.734375,106.734375,9,ZNH4
2023-10-24 06:00:00+00:00,34,1,110030,106.8125,106.953125,106.796875,106.953125,11,ZNH4
2023-10-24 07:00:00+00:00,34,1,110030,106.953125,106.96875,106.890625,106.890625,14,ZNH4
2023-10-24 08:00:00+00:00,34,1,110030,106.859375,106.859375,106.859375,106.859375,1,ZNH4
2023-10-24 09:00:00+00:00,34,1,110030,106.828125,106.828125,106.796875,106.796875,2,ZNH4
2023-10-24 10:00:00+00:00,34,1,110030,106.640625,106.640625,106.640625,106.640625,3,ZNH4
2023-10-24 11:00:00+00:00,34,1,110030,106.59375,106.625,106.59375,106.609375,9,ZNH4
2023-10-24 12:00:00+00:00,34,1,110030,106.5625,106.71875,106.5625,106.6875,39,ZNH4
2023-10-24 13:00:00+00:00,34,1,110030,106.5625,106.671875,106.421875,106.53125,16,ZNH4
2023-10-24 14:00:00+00:00,34,1,110030,106.5625,106.578125,106.46875,106.46875,31,ZNH4
2023-10-24 15:00:00+00:00,34,1,110030,106.59375,106.59375,106.59375,106.59375,1,ZNH4
2023-10-24 16:00:00+00:00,34,1,110030,106.703125,106.703125,106.640625,106.671875,20,ZNH4
2023-10-24 17:00:00+00:00,34,1,110030,106.75,106.75,106.75,106.75,1,ZNH4
2023-10-24 18:00:00+00:00,34,1,110030,106.640625,106.640625,106.640625,106.640625,1,ZNH4
2023-10-24 19:00:00+00:00,34,1,110030,106.71875,106.71875,106.71875,106.71875,1,ZNH4
2023-10-24 20:00:00+00:00,34,1,110030,106.765625,106.765625,106.765625,106.765625,1,ZNH4
2023-10-25 00:00:00+00:00,34,1,110030,106.765625,106.765625,106.765625,106.765625,2,ZNH4
2023-10-25 08:00:00+00:00,34,1,110030,106.640625,106.671875,106.578125,106.59375,18,ZNH4
2023-10-25 09:00:00+00:00,34,1,110030,106.546875,106.578125,106.546875,106.5625,16,ZNH4
2023-10-25 10:00:00+00:00,34,1,110030,106.53125,106.53125,106.515625,106.515625,4,ZNH4
2023-10-25 12:00:00+00:00,34,1,110030,106.5,106.5,106.40625,106.40625,12,ZNH4
2023-10-25 13:00:00+00:00,34,1,110030,106.375,106.421875,106.34375,106.421875,13,ZNH4
2023-10-25 14:00:00+00:00,34,1,110030,106.328125,106.34375,106.234375,106.328125,43,ZNH4
2023-10-25 15:00:00+00:00,34,1,110030,106.1875,106.3125,106.1875,106.28125,8,ZNH4
2023-10-25 16:00:00+00:00,34,1,110030,106.28125,106.28125,106.15625,106.15625,16,ZNH4
2023-10-25 17:00:00+00:00,34,1,110030,106.171875,106.171875,105.96875,106.03125,88,ZNH4
2023-10-25 19:00:00+00:00,34,1,110030,105.96875,105.984375,105.96875,105.984375,3,ZNH4
2023-10-25 20:00:00+00:00,34,1,110030,105.96875,105.96875,105.96875,105.96875,1,ZNH4
2023-10-26 00:00:00+00:00,34,1,110030,105.953125,105.953125,105.953125,105.953125,1,ZNH4
2023-10-26 02:00:00+00:00,34,1,110030,105.953125,105.984375,105.953125,105.984375,3,ZNH4
2023-10-26 03:00:00+00:00,34,1,110030,105.90625,105.96875,105.90625,105.96875,5,ZNH4
2023-10-26 04:00:00+00:00,34,1,110030,105.9375,105.9375,105.9375,105.9375,1,ZNH4
2023-10-26 05:00:00+00:00,34,1,110030,105.9375,105.9375,105.921875,105.921875,3,ZNH4
2023-10-26 07:00:00+00:00,34,1,110030,105.828125,106.0,105.828125,106.0,6,ZNH4
2023-10-26 08:00:00+00:00,34,1,110030,106.015625,106.015625,106.015625,106.015625,1,ZNH4
2023-10-26 09:00:00+00:00,34,1,110030,106.03125,106.03125,106.03125,106.03125,1,ZNH4
2023-10-26 11:00:00+00:00,34,1,110030,105.953125,105.953125,105.953125,105.953125,1,ZNH4
2023-10-26 12:00:00+00:00,34,1,110030,105.875,106.3125,105.828125,106.3125,46,ZNH4
2023-10-26 13:00:00+00:00,34,1,110030,106.15625,106.296875,106.09375,106.296875,184,ZNH4
2023-10-26 14:00:00+00:00,34,1,110030,106.296875,106.359375,106.25,106.3125,19,ZNH4
2023-10-26 15:00:00+00:00,34,1,110030,106.3125,106.34375,106.3125,106.34375,5,ZNH4
2023-10-26 16:00:00+00:00,34,1,110030,106.40625,106.46875,106.28125,106.28125,11,ZNH4
2023-10-26 17:00:00+00:00,34,1,110030,106.5,106.703125,106.453125,106.640625,150,ZNH4
2023-10-26 18:00:00+00:00,34,1,110030,106.609375,106.625,106.609375,106.625,22,ZNH4
2023-10-26 19:00:00+00:00,34,1,110030,106.609375,106.609375,106.5625,106.5625,2,ZNH4
2023-10-26 20:00:00+00:00,34,1,110030,106.65625,106.65625,106.625,106.625,8,ZNH4
2023-10-26 23:00:00+00:00,34,1,110030,106.578125,106.578125,106.578125,106.578125,1,ZNH4
2023-10-27 01:00:00+00:00,34,1,110030,106.5,106.5625,106.5,106.5625,51,ZNH4
2023-10-27 02:00:00+00:00,34,1,110030,106.5625,106.59375,106.5625,106.578125,5,ZNH4
2023-10-27 04:00:00+00:00,34,1,110030,106.578125,106.578125,106.578125,106.578125,1,ZNH4
2023-10-27 05:00:00+00:00,34,1,110030,106.5625,106.5625,106.53125,106.546875,211,ZNH4
2023-10-27 06:00:00+00:00,34,1,110030,106.46875,106.484375,106.46875,106.484375,6,ZNH4
2023-10-27 07:00:00+00:00,34,1,110030,106.421875,106.421875,106.421875,106.421875,1,ZNH4
2023-10-27 08:00:00+00:00,34,1,110030,106.421875,106.5,106.421875,106.5,5,ZNH4
2023-10-27 09:00:00+00:00,34,1,110030,106.515625,106.578125,106.515625,106.578125,19,ZNH4
2023-10-27 10:00:00+00:00,34,1,110030,106.578125,106.578125,106.53125,106.53125,3,ZNH4
2023-10-27 11:00:00+00:00,34,1,110030,106.53125,106.53125,106.53125,106.53125,1,ZNH4
2023-10-27 12:00:00+00:00,34,1,110030,106.5625,106.640625,106.53125,106.53125,58,ZNH4
2023-10-27 13:00:00+00:00,34,1,110030,106.4375,106.671875,106.421875,106.640625,19,ZNH4
2023-10-27 14:00:00+00:00,34,1,110030,106.625,106.671875,106.5625,106.5625,201,ZNH4
2023-10-27 15:00:00+00:00,34,1,110030,106.640625,106.640625,106.59375,106.625,14,ZNH4
2023-10-27 16:00:00+00:00,34,1,110030,106.609375,106.625,106.46875,106.46875,42,ZNH4
2023-10-27 17:00:00+00:00,34,1,110030,106.5,106.71875,106.5,106.71875,13,ZNH4
2023-10-27 18:00:00+00:00,34,1,110030,106.703125,106.734375,106.65625,106.703125,56,ZNH4
2023-10-27 19:00:00+00:00,34,1,110030,106.734375,106.8125,106.734375,106.8125,12,ZNH4
2023-10-27 20:00:00+00:00,34,1,110030,106.78125,106.796875,106.6875,106.734375,23,ZNH4
2023-10-29 22:00:00+00:00,34,1,110030,106.578125,106.59375,106.5625,106.5625,15,ZNH4
2023-10-29 23:00:00+00:00,34,1,110030,106.53125,106.53125,106.515625,106.515625,17,ZNH4
2023-10-30 00:00:00+00:00,34,1,110030,106.53125,106.59375,106.53125,106.59375,2,ZNH4
2023-10-30 01:00:00+00:00,34,1,110030,106.59375,106.59375,106.578125,106.59375,20,ZNH4
2023-10-30 02:00:00+00:00,34,1,110030,106.59375,106.59375,106.578125,106.578125,21,ZNH4
2023-10-30 03:00:00+00:00,34,1,110030,106.5625,106.5625,106.5625,106.5625,1,ZNH4
2023-10-30 04:00:00+00:00,34,1,110030,106.515625,106.515625,106.515625,106.515625,1,ZNH4
2023-10-30 07:00:00+00:00,34,1,110030,106.640625,106.6875,106.640625,106.65625,3,ZNH4
2023-10-30 08:00:00+00:00,34,1,110030,106.703125,106.703125,106.703125,106.703125,3,ZNH4
2023-10-30 09:00:00+00:00,34,1,110030,106.578125,106.59375,106.578125,106.59375,10,ZNH4
2023-10-30 10:00:00+00:00,34,1,110030,106.515625,106.53125,106.5,106.515625,60,ZNH4
2023-10-30 11:00:00+00:00,34,1,110030,106.40625,106.4375,106.40625,106.421875,13,ZNH4
2023-10-30 12:00:00+00:00,34,1,110030,106.375,106.375,106.265625,106.265625,17,ZNH4
2023-10-30 13:00:00+00:00,34,1,110030,106.296875,106.5,106.296875,106.5,10,ZNH4
2023-10-30 14:00:00+00:00,34,1,110030,106.40625,106.4375,106.25,106.375,13,ZNH4
2023-10-30 15:00:00+00:00,34,1,110030,106.484375,106.484375,106.421875,106.421875,48,ZNH4
2023-10-30 16:00:00+00:00,34,1,110030,106.40625,106.40625,106.359375,106.390625,35,ZNH4
2023-10-30 17:00:00+00:00,34,1,110030,106.375,106.40625,106.34375,106.40625,82,ZNH4
2023-10-30 18:00:00+00:00,34,1,110030,106.40625,106.46875,106.40625,106.4375,106,ZNH4
2023-10-30 19:00:00+00:00,34,1,110030,106.625,106.625,106.46875,106.46875,40,ZNH4
2023-10-30 20:00:00+00:00,34,1,110030,106.421875,106.4375,106.421875,106.421875,16,ZNH4
2023-10-30 22:00:00+00:00,34,1,110030,106.40625,106.40625,106.40625,106.40625,2,ZNH4
2023-10-30 23:00:00+00:00,34,1,110030,106.421875,106.4375,106.421875,106.4375,2,ZNH4
2023-10-31 00:00:00+00:00,34,1,110030,106.421875,106.421875,106.375,106.375,10,ZNH4
2023-10-31 01:00:00+00:00,34,1,110030,106.390625,106.453125,106.390625,106.453125,3,ZNH4
2023-10-31 03:00:00+00:00,34,1,110030,106.484375,106.625,106.40625,106.53125,8,ZNH4
2023-10-31 04:00:00+00:00,34,1,110030,106.53125,106.53125,106.53125,106.53125,1,ZNH4
2023-10-31 05:00:00+00:00,34,1,110030,106.546875,106.546875,106.546875,106.546875,1,ZNH4
2023-10-31 07:00:00+00:00,34,1,110030,106.640625,106.765625,106.640625,106.765625,8,ZNH4
2023-10-31 08:00:00+00:00,34,1,110030,106.734375,106.734375,106.734375,106.734375,10,ZNH4
2023-10-31 09:00:00+00:00,34,1,110030,106.734375,106.796875,106.734375,106.796875,27,ZNH4
2023-10-31 10:00:00+00:00,34,1,110030,106.796875,106.90625,106.796875,106.84375,7,ZNH4
2023-10-31 11:00:00+00:00,34,1,110030,106.8125,106.859375,106.78125,106.859375,9,ZNH4
2023-10-31 12:00:00+00:00,34,1,110030,106.875,106.921875,106.6875,106.6875,12,ZNH4
2023-10-31 13:00:00+00:00,34,1,110030,106.5625,106.5625,106.484375,106.5625,6,ZNH4
2023-10-31 14:00:00+00:00,34,1,110030,106.5,106.59375,106.46875,106.59375,91,ZNH4
2023-10-31 15:00:00+00:00,34,1,110030,106.609375,106.671875,106.609375,106.625,9,ZNH4
2023-10-31 16:00:00+00:00,34,1,110030,106.515625,106.546875,106.5,106.515625,22,ZNH4
2023-10-31 18:00:00+00:00,34,1,110030,106.46875,106.484375,106.4375,106.4375,218,ZNH4
2023-10-31 19:00:00+00:00,34,1,110030,106.46875,106.484375,106.3125,106.3125,207,ZNH4
2023-10-31 20:00:00+00:00,34,1,110030,106.3125,106.3125,106.1875,106.1875,23,ZNH4
2023-10-31 23:00:00+00:00,34,1,110030,106.1875,106.1875,106.1875,106.1875,1,ZNH4
2023-11-01 00:00:00+00:00,34,1,110030,106.234375,106.234375,106.15625,106.21875,11,ZNH4
2023-11-01 01:00:00+00:00,34,1,110030,106.234375,106.265625,106.1875,106.1875,13,ZNH4
2023-11-01 02:00:00+00:00,34,1,110030,106.21875,106.21875,106.203125,106.203125,3,ZNH4
2023-11-01 03:00:00+00:00,34,1,110030,106.234375,106.234375,106.234375,106.234375,1,ZNH4
2023-11-01 05:00:00+00:00,34,1,110030,106.234375,106.3125,106.234375,106.3125,3,ZNH4
2023-11-01 06:00:00+00:00,34,1,110030,106.328125,106.359375,106.3125,106.359375,32,ZNH4
2023-11-01 07:00:00+00:00,34,1,110030,106.328125,106.34375,106.328125,106.34375,11,ZNH4
2023-11-01 08:00:00+00:00,34,1,110030,106.265625,106.265625,106.265625,106.265625,1,ZNH4
2023-11-01 09:00:00+00:00,34,1,110030,106.34375,106.34375,106.34375,106.34375,2,ZNH4
2023-11-01 11:00:00+00:00,34,1,110030,106.34375,106.34375,106.34375,106.34375,3,ZNH4
2023-11-01 12:00:00+00:00,34,1,110030,106.34375,106.71875,106.34375,106.578125,114,ZNH4
2023-11-01 13:00:00+00:00,34,1,110030,106.46875,106.765625,106.453125,106.75,125,ZNH4
2023-11-01 14:00:00+00:00,34,1,110030,106.90625,107.140625,106.890625,107.0625,945,ZNH4
2023-11-01 15:00:00+00:00,34,1,110030,107.078125,107.078125,106.984375,107.078125,217,ZNH4
2023-11-01 16:00:00+00:00,34,1,110030,107.015625,107.015625,106.90625,106.9375,28,ZNH4
2023-11-01 17:00:00+00:00,34,1,110030,106.890625,106.921875,106.890625,106.921875,6,ZNH4
2023-11-01 18:00:00+00:00,34,1,110030,107.140625,107.21875,106.890625,107.1875,471,ZNH4
2023-11-01 19:00:00+00:00,34,1,110030,107.1875,107.390625,107.140625,107.359375,721,ZNH4
2023-11-01 20:00:00+00:00,34,1,110030,107.375,107.5,107.359375,107.46875,114,ZNH4
2023-11-01 22:00:00+00:00,34,1,110030,107.5,107.5625,107.5,107.5625,23,ZNH4
2023-11-01 23:00:00+00:00,34,1,110030,107.5625,107.65625,107.5625,107.65625,2,ZNH4
2023-11-02 00:00:00+00:00,34,1,110030,107.609375,107.71875,107.59375,107.71875,23,ZNH4
2023-11-02 01:00:00+00:00,34,1,110030,107.71875,107.734375,107.609375,107.609375,65,ZNH4
2023-11-02 02:00:00+00:00,34,1,110030,107.640625,107.671875,107.640625,107.671875,14,ZNH4
2023-11-02 03:00:00+00:00,34,1,110030,107.625,107.625,107.5625,107.59375,110,ZNH4
2023-11-02 04:00:00+00:00,34,1,110030,107.59375,107.59375,107.546875,107.546875,11,ZNH4
2023-11-02 05:00:00+00:00,34,1,110030,107.578125,107.59375,107.546875,107.546875,16,ZNH4
2023-11-02 06:00:00+00:00,34,1,110030,107.578125,107.59375,107.46875,107.46875,30,ZNH4
2023-11-02 07:00:00+00:00,34,1,110030,107.546875,107.546875,107.421875,107.453125,11,ZNH4
2023-11-02 08:00:00+00:00,34,1,110030,107.46875,107.53125,107.46875,107.53125,5,ZNH4
2023-11-02 09:00:00+00:00,34,1,110030,107.640625,107.671875,107.609375,107.609375,14,ZNH4
2023-11-02 10:00:00+00:00,34,1,110030,107.671875,107.734375,107.609375,107.734375,5,ZNH4
2023-11-02 11:00:00+00:00,34,1,110030,107.6875,107.703125,107.6875,107.703125,3,ZNH4
2023-11-02 12:00:00+00:00,34,1,110030,107.765625,108.09375,107.65625,108.09375,204,ZNH4
2023-11-02 13:00:00+00:00,34,1,110030,108.09375,108.171875,107.890625,107.9375,214,ZNH4
2023-11-02 14:00:00+00:00,34,1,110030,107.875,108.0625,107.84375,108.0625,65,ZNH4
2023-11-02 15:00:00+00:00,34,1,110030,107.984375,107.984375,107.8125,107.8125,168,ZNH4
2023-11-02 16:00:00+00:00,34,1,110030,107.796875,107.796875,107.671875,107.671875,372,ZNH4
2023-11-02 17:00:00+00:00,34,1,110030,107.609375,107.796875,107.609375,107.78125,623,ZNH4
2023-11-02 18:00:00+00:00,34,1,110030,107.8125,107.84375,107.75,107.84375,73,ZNH4
2023-11-02 19:00:00+00:00,34,1,110030,107.828125,107.828125,107.765625,107.796875,205,ZNH4
2023-11-02 20:00:00+00:00,34,1,110030,107.796875,107.84375,107.796875,107.8125,85,ZNH4
2023-11-02 22:00:00+00:00,34,1,110030,107.875,107.875,107.796875,107.8125,19,ZNH4
2023-11-02 23:00:00+00:00,34,1,110030,107.796875,107.796875,107.75,107.765625,4,ZNH4
2023-11-03 00:00:00+00:00,34,1,110030,107.765625,107.765625,107.765625,107.765625,22,ZNH4
2023-11-03 03:00:00+00:00,34,1,110030,107.8125,107.8125,107.8125,107.8125,2,ZNH4
2023-11-03 04:00:00+00:00,34,1,110030,107.828125,107.828125,107.828125,107.828125,1,ZNH4
2023-11-03 05:00:00+00:00,34,1,110030,107.859375,107.859375,107.859375,107.859375,5,ZNH4
2023-11-03 06:00:00+00:00,34,1,110030,107.84375,107.84375,107.84375,107.84375,1,ZNH4
2023-11-03 07:00:00+00:00,34,1,110030,107.75,107.796875,107.75,107.75,11,ZNH4
2023-11-03 08:00:00+00:00,34,1,110030,107.765625,107.765625,107.765625,107.765625,1,ZNH4
2023-11-03 09:00:00+00:00,34,1,110030,107.828125,107.890625,107.828125,107.890625,5,ZNH4
2023-11-03 10:00:00+00:00,34,1,110030,107.84375,107.921875,107.84375,107.875,112,ZNH4
2023-11-03 11:00:00+00:00,34,1,110030,107.90625,108.015625,107.90625,108.015625,10,ZNH4
2023-11-03 12:00:00+00:00,34,1,110030,107.96875,108.75,107.96875,108.609375,698,ZNH4
2023-11-03 13:00:00+00:00,34,1,110030,108.65625,109.09375,108.640625,108.859375,995,ZNH4
2023-11-03 14:00:00+00:00,34,1,110030,108.75,108.84375,108.5,108.75,472,ZNH4
2023-11-03 15:00:00+00:00,34,1,110030,108.78125,108.84375,108.6875,108.71875,105,ZNH4
2023-11-03 16:00:00+00:00,34,1,110030,108.734375,108.84375,108.71875,108.8125,734,ZNH4
2023-11-03 17:00:00+00:00,34,1,110030,108.828125,108.953125,108.671875,108.71875,496,ZNH4
2023-11-03 18:00:00+00:00,34,1,110030,108.734375,108.765625,108.671875,108.703125,395,ZNH4
2023-11-03 19:00:00+00:00,34,1,110030,108.71875,108.75,108.609375,108.609375,96,ZNH4
2023-11-03 20:00:00+00:00,34,1,110030,108.625,108.65625,108.609375,108.65625,855,ZNH4
2023-11-05 23:00:00+00:00,34,1,110030,108.625,108.625,108.515625,108.53125,23,ZNH4
2023-11-06 00:00:00+00:00,34,1,110030,108.515625,108.578125,108.515625,108.515625,24,ZNH4
2023-11-06 01:00:00+00:00,34,1,110030,108.53125,108.546875,108.515625,108.546875,56,ZNH4
2023-11-06 02:00:00+00:00,34,1,110030,108.546875,108.5625,108.53125,108.53125,24,ZNH4
2023-11-06 03:00:00+00:00,34,1,110030,108.546875,108.5625,108.546875,108.5625,16,ZNH4
2023-11-06 04:00:00+00:00,34,1,110030,108.5625,108.5625,108.5625,108.5625,4,ZNH4
2023-11-06 06:00:00+00:00,34,1,110030,108.515625,108.515625,108.515625,108.515625,2,ZNH4
2023-11-06 07:00:00+00:00,34,1,110030,108.515625,108.53125,108.484375,108.5,23,ZNH4
2023-11-06 08:00:00+00:00,34,1,110030,108.5,108.546875,108.46875,108.515625,29,ZNH4
2023-11-06 09:00:00+00:00,34,1,110030,108.53125,108.53125,108.5,108.5,5,ZNH4
2023-11-06 10:00:00+00:00,34,1,110030,108.5,108.515625,108.453125,108.515625,15,ZNH4
2023-11-06 11:00:00+00:00,34,1,110030,108.5,108.515625,108.484375,108.5,36,ZNH4
2023-11-06 12:00:00+00:00,34,1,110030,108.484375,108.5,108.421875,108.421875,60,ZNH4
2023-11-06 13:00:00+00:00,34,1,110030,108.421875,108.4375,108.28125,108.328125,188,ZNH4
2023-11-06 14:00:00+00:00,34,1,110030,108.3125,108.3125,108.125,108.125,302,ZNH4
2023-11-06 15:00:00+00:00,34,1,110030,108.140625,108.203125,108.078125,108.171875,200,ZNH4
2023-11-06 16:00:00+00:00,34,1,110030,108.15625,108.1875,108.078125,108.1875,619,ZNH4
2023-11-06 17:00:00+00:00,34,1,110030,108.1875,108.1875,108.125,108.15625,129,ZNH4
2023-11-06 18:00:00+00:00,34,1,110030,108.09375,108.140625,108.078125,108.078125,92,ZNH4
2023-11-06 19:00:00+00:00,34,1,110030,108.0625,108.0625,107.9375,108.0,342,ZNH4
2023-11-06 20:00:00+00:00,34,1,110030,107.96875,108.0625,107.953125,108.046875,132,ZNH4
2023-11-06 21:00:00+00:00,34,1,110030,108.078125,108.078125,108.0625,108.0625,25,ZNH4
2023-11-06 23:00:00+00:00,34,1,110030,108.109375,108.125,108.109375,108.125,8,ZNH4
2023-11-07 00:00:00+00:00,34,1,110030,108.15625,108.203125,108.140625,108.171875,8,ZNH4
2023-11-07 01:00:00+00:00,34,1,110030,108.171875,108.171875,108.140625,108.140625,5,ZNH4
2023-11-07 03:00:00+00:00,34,1,110030,108.09375,108.15625,108.078125,108.15625,36,ZNH4
2023-11-07 05:00:00+00:00,34,1,110030,108.171875,108.171875,108.15625,108.15625,3,ZNH4
2023-11-07 06:00:00+00:00,34,1,110030,108.125,108.125,108.109375,108.109375,8,ZNH4
2023-11-07 07:00:00+00:00,34,1,110030,108.09375,108.09375,108.03125,108.03125,3,ZNH4
2023-11-07 08:00:00+00:00,34,1,110030,108.09375,108.375,108.09375,108.359375,8,ZNH4
2023-11-07 09:00:00+00:00,34,1,110030,108.3125,108.34375,108.3125,108.328125,5,ZNH4
2023-11-07 10:00:00+00:00,34,1,110030,108.40625,108.46875,108.40625,108.453125,7,ZNH4
2023-11-07 11:00:00+00:00,34,1,110030,108.421875,108.421875,108.3125,108.3125,23,ZNH4
2023-11-07 12:00:00+00:00,34,1,110030,108.234375,108.234375,108.125,108.1875,99,ZNH4
2023-11-07 13:00:00+00:00,34,1,110030,108.1875,108.359375,108.1875,108.328125,71,ZNH4
2023-11-07 14:00:00+00:00,34,1,110030,108.25,108.375,108.1875,108.296875,362,ZNH4
2023-11-07 15:00:00+00:00,34,1,110030,108.328125,108.4375,108.3125,108.375,191,ZNH4
2023-11-07 16:00:00+00:00,34,1,110030,108.390625,108.40625,108.390625,108.40625,2,ZNH4
2023-11-07 17:00:00+00:00,34,1,110030,108.390625,108.390625,108.265625,108.34375,594,ZNH4
2023-11-07 18:00:00+00:00,34,1,110030,108.390625,108.671875,108.390625,108.671875,413,ZNH4
2023-11-07 19:00:00+00:00,34,1,110030,108.65625,108.65625,108.484375,108.5,590,ZNH4
2023-11-07 20:00:00+00:00,34,1,110030,108.421875,108.5,108.421875,108.5,92,ZNH4
2023-11-07 21:00:00+00:00,34,1,110030,108.53125,108.53125,108.515625,108.515625,2,ZNH4
2023-11-07 23:00:00+00:00,34,1,110030,108.53125,108.53125,108.4375,108.453125,468,ZNH4
2023-11-08 00:00:00+00:00,34,1,110030,108.4375,108.5,108.421875,108.484375,120,ZNH4
2023-11-08 01:00:00+00:00,34,1,110030,108.484375,108.546875,108.390625,108.390625,40,ZNH4
2023-11-08 02:00:00+00:00,34,1,110030,108.390625,108.390625,108.390625,108.390625,2,ZNH4
2023-11-08 03:00:00+00:00,34,1,110030,108.421875,108.421875,108.359375,108.359375,7,ZNH4
2023-11-08 04:00:00+00:00,34,1,110030,108.34375,108.34375,108.34375,108.34375,41,ZNH4
2023-11-08 05:00:00+00:00,34,1,110030,108.421875,108.421875,108.34375,108.34375,27,ZNH4
2023-11-08 06:00:00+00:00,34,1,110030,108.3125,108.3125,108.203125,108.25,42,ZNH4
2023-11-08 07:00:00+00:00,34,1,110030,108.265625,108.265625,108.21875,108.25,52,ZNH4
2023-11-08 08:00:00+00:00,34,1,110030,108.296875,108.328125,108.28125,108.328125,14,ZNH4
2023-11-08 09:00:00+00:00,34,1,110030,108.296875,108.375,108.28125,108.375,17,ZNH4
2023-11-08 10:00:00+00:00,34,1,110030,108.390625,108.390625,108.3125,108.3125,2,ZNH4
2023-11-08 11:00:00+00:00,34,1,110030,108.28125,108.390625,108.28125,108.390625,46,ZNH4
2023-11-08 12:00:00+00:00,34,1,110030,108.40625,108.40625,108.375,108.375,3,ZNH4
2023-11-08 13:00:00+00:00,34,1,110030,108.484375,108.5625,108.4375,108.4375,682,ZNH4
2023-11-08 14:00:00+00:00,34,1,110030,108.515625,108.578125,108.4375,108.5625,184,ZNH4
2023-11-08 15:00:00+00:00,34,1,110030,108.578125,108.640625,108.484375,108.640625,240,ZNH4
2023-11-08 16:00:00+00:00,34,1,110030,108.65625,108.765625,108.640625,108.75,576,ZNH4
2023-11-08 17:00:00+00:00,34,1,110030,108.703125,108.734375,108.65625,108.71875,435,ZNH4
2023-11-08 18:00:00+00:00,34,1,110030,108.6875,108.828125,108.640625,108.796875,690,ZNH4
2023-11-08 19:00:00+00:00,34,1,110030,108.765625,108.78125,108.671875,108.703125,294,ZNH4
2023-11-08 20:00:00+00:00,34,1,110030,108.71875,108.765625,108.6875,108.75,199,ZNH4
2023-11-08 21:00:00+00:00,34,1,110030,108.734375,108.828125,108.734375,108.8125,52,ZNH4
2023-11-08 23:00:00+00:00,34,1,110030,108.78125,108.8125,108.78125,108.8125,11,ZNH4
2023-11-09 00:00:00+00:00,34,1,110030,108.75,108.796875,108.734375,108.796875,4,ZNH4
2023-11-09 01:00:00+00:00,34,1,110030,108.78125,108.90625,108.78125,108.90625,19,ZNH4
2023-11-09 02:00:00+00:00,34,1,110030,108.90625,108.90625,108.859375,108.859375,3,ZNH4
2023-11-09 03:00:00+00:00,34,1,110030,108.875,108.875,108.875,108.875,1,ZNH4
2023-11-09 04:00:00+00:00,34,1,110030,108.8125,108.8125,108.8125,108.8125,9,ZNH4
2023-11-09 05:00:00+00:00,34,1,110030,108.8125,108.8125,108.703125,108.703125,102,ZNH4
2023-11-09 06:00:00+00:00,34,1,110030,108.703125,108.8125,108.703125,108.8125,144,ZNH4
2023-11-09 07:00:00+00:00,34,1,110030,108.796875,108.796875,108.734375,108.734375,25,ZNH4
2023-11-09 08:00:00+00:00,34,1,110030,108.75,108.75,108.578125,108.59375,169,ZNH4
2023-11-09 09:00:00+00:00,34,1,110030,108.578125,108.609375,108.515625,108.546875,172,ZNH4
2023-11-09 10:00:00+00:00,34,1,110030,108.53125,108.59375,108.515625,108.59375,71,ZNH4
2023-11-09 11:00:00+00:00,34,1,110030,108.578125,108.578125,108.53125,108.53125,5,ZNH4
2023-11-09 12:00:00+00:00,34,1,110030,108.53125,108.53125,108.421875,108.453125,83,ZNH4
2023-11-09 13:00:00+00:00,34,1,110030,108.421875,108.5,108.3125,108.46875,201,ZNH4
2023-11-09 14:00:00+00:00,34,1,110030,108.546875,108.609375,108.4375,108.53125,730,ZNH4
2023-11-09 15:00:00+00:00,34,1,110030,108.5,108.5,108.3125,108.40625,591,ZNH4
2023-11-09 16:00:00+00:00,34,1,110030,108.390625,108.4375,108.390625,108.4375,7,ZNH4
2023-11-09 17:00:00+00:00,34,1,110030,108.40625,108.40625,108.265625,108.265625,80,ZNH4
2023-11-09 18:00:00+00:00,34,1,110030,108.296875,108.296875,107.859375,108.140625,450,ZNH4
2023-11-09 19:00:00+00:00,34,1,110030,108.140625,108.171875,107.8125,107.890625,563,ZNH4
2023-11-09 20:00:00+00:00,34,1,110030,107.875,107.921875,107.78125,107.84375,100,ZNH4
2023-11-09 21:00:00+00:00,34,1,110030,107.8125,107.890625,107.765625,107.890625,58,ZNH4
2023-11-09 23:00:00+00:00,34,1,110030,107.796875,107.796875,107.6875,107.78125,358,ZNH4
2023-11-10 00:00:00+00:00,34,1,110030,107.78125,107.796875,107.703125,107.796875,77,ZNH4
2023-11-10 01:00:00+00:00,34,1,110030,107.796875,107.875,107.734375,107.875,18,ZNH4
2023-11-10 02:00:00+00:00,34,1,110030,107.859375,107.953125,107.859375,107.9375,113,ZNH4
2023-11-10 03:00:00+00:00,34,1,110030,107.953125,107.96875,107.9375,107.9375,37,ZNH4
2023-11-10 04:00:00+00:00,34,1,110030,107.953125,107.953125,107.953125,107.953125,65,ZNH4
2023-11-10 05:00:00+00:00,34,1,110030,107.9375,107.984375,107.9375,107.984375,233,ZNH4
2023-11-10 06:00:00+00:00,34,1,110030,107.96875,107.96875,107.921875,107.953125,34,ZNH4
2023-11-10 07:00:00+00:00,34,1,110030,107.953125,108.0625,107.859375,108.015625,184,ZNH4
2023-11-10 08:00:00+00:00,34,1,110030,108.03125,108.03125,107.9375,107.9375,62,ZNH4
2023-11-10 09:00:00+00:00,34,1,110030,107.921875,107.9375,107.8125,107.859375,60,ZNH4
2023-11-10 10:00:00+00:00,34,1,110030,107.828125,107.828125,107.765625,107.78125,59,ZNH4
2023-11-10 11:00:00+00:00,34,1,110030,107.78125,107.796875,107.765625,107.78125,26,ZNH4
2023-11-10 12:00:00+00:00,34,1,110030,107.828125,108.046875,107.828125,108.046875,286,ZNH4
2023-11-10 13:00:00+00:00,34,1,110030,107.984375,108.265625,107.96875,108.21875,248,ZNH4
2023-11-10 14:00:00+00:00,34,1,110030,108.234375,108.234375,108.0625,108.0625,477,ZNH4
2023-11-10 15:00:00+00:00,34,1,110030,108.0,108.0625,107.953125,108.0625,831,ZNH4
2023-11-10 16:00:00+00:00,34,1,110030,108.0625,108.109375,107.875,107.890625,684,ZNH4
2023-11-10 17:00:00+00:00,34,1,110030,107.921875,107.921875,107.8125,107.828125,321,ZNH4
2023-11-10 18:00:00+00:00,34,1,110030,107.828125,107.84375,107.75,107.828125,558,ZNH4
2023-11-10 19:00:00+00:00,34,1,110030,107.859375,107.875,107.765625,107.796875,254,ZNH4
2023-11-10 20:00:00+00:00,34,1,110030,107.78125,107.875,107.765625,107.84375,254,ZNH4
2023-11-10 21:00:00+00:00,34,1,110030,107.84375,107.859375,107.625,107.625,183,ZNH4
2023-11-12 23:00:00+00:00,34,1,110030,107.671875,107.71875,107.65625,107.65625,103,ZNH4
2023-11-13 00:00:00+00:00,34,1,110030,107.640625,107.734375,107.640625,107.671875,42,ZNH4
2023-11-13 01:00:00+00:00,34,1,110030,107.640625,107.65625,107.609375,107.625,11,ZNH4
2023-11-13 02:00:00+00:00,34,1,110030,107.640625,107.65625,107.640625,107.65625,19,ZNH4
2023-11-13 03:00:00+00:00,34,1,110030,107.609375,107.65625,107.59375,107.65625,116,ZNH4
2023-11-13 04:00:00+00:00,34,1,110030,107.640625,107.65625,107.625,107.640625,24,ZNH4
2023-11-13 05:00:00+00:00,34,1,110030,107.640625,107.65625,107.640625,107.65625,9,ZNH4
2023-11-13 06:00:00+00:00,34,1,110030,107.703125,107.71875,107.703125,107.71875,11,ZNH4
2023-11-13 07:00:00+00:00,34,1,110030,107.71875,107.78125,107.71875,107.734375,31,ZNH4
2023-11-13 08:00:00+00:00,34,1,110030,107.734375,107.734375,107.625,107.640625,68,ZNH4
2023-11-13 09:00:00+00:00,34,1,110030,107.65625,107.8125,107.65625,107.78125,25,ZNH4
2023-11-13 10:00:00+00:00,34,1,110030,107.78125,107.78125,107.78125,107.78125,6,ZNH4
2023-11-13 11:00:00+00:00,34,1,110030,107.78125,107.78125,107.75,107.75,5,ZNH4
2023-11-13 12:00:00+00:00,34,1,110030,107.734375,107.8125,107.734375,107.78125,15,ZNH4
2023-11-13 13:00:00+00:00,34,1,110030,107.671875,107.78125,107.46875,107.484375,351,ZNH4
2023-11-13 14:00:00+00:00,34,1,110030,107.515625,107.515625,107.359375,107.390625,486,ZNH4
2023-11-13 15:00:00+00:00,34,1,110030,107.390625,107.578125,107.375,107.546875,1443,ZNH4
2023-11-13 16:00:00+00:00,34,1,110030,107.5625,107.765625,107.546875,107.75,533,ZNH4
2023-11-13 17:00:00+00:00,34,1,110030,107.734375,107.734375,107.6875,107.71875,245,ZNH4
2023-11-13 18:00:00+00:00,34,1,110030,107.703125,107.8125,107.671875,107.78125,341,ZNH4
2023-11-13 19:00:00+00:00,34,1,110030,107.78125,107.828125,107.765625,107.78125,621,ZNH4
2023-11-13 20:00:00+00:00,34,1,110030,107.78125,107.828125,107.75,107.796875,558,ZNH4
2023-11-13 21:00:00+00:00,34,1,110030,107.828125,107.828125,107.734375,107.75,106,ZNH4
2023-11-13 23:00:00+00:00,34,1,110030,107.75,107.75,107.75,107.75,2,ZNH4
2023-11-14 00:00:00+00:00,34,1,110030,107.6875,107.734375,107.6875,107.703125,4,ZNH4
2023-11-14 01:00:00+00:00,34,1,110030,107.6875,107.6875,107.6875,107.6875,1,ZNH4
2023-11-14 02:00:00+00:00,34,1,110030,107.6875,107.71875,107.6875,107.6875,9,ZNH4
2023-11-14 03:00:00+00:00,34,1,110030,107.8125,107.828125,107.8125,107.8125,24,ZNH4
2023-11-14 04:00:00+00:00,34,1,110030,107.796875,107.796875,107.765625,107.765625,2,ZNH4
2023-11-14 05:00:00+00:00,34,1,110030,107.78125,107.796875,107.78125,107.796875,10,ZNH4
2023-11-14 06:00:00+00:00,34,1,110030,107.8125,107.8125,107.796875,107.8125,39,ZNH4
2023-11-14 07:00:00+00:00,34,1,110030,107.84375,107.9375,107.828125,107.9375,21,ZNH4
2023-11-14 08:00:00+00:00,34,1,110030,107.890625,107.890625,107.796875,107.875,213,ZNH4
2023-11-14 09:00:00+00:00,34,1,110030,107.84375,107.921875,107.84375,107.90625,105,ZNH4
2023-11-14 10:00:00+00:00,34,1,110030,107.875,107.90625,107.875,107.90625,33,ZNH4
2023-11-14 11:00:00+00:00,34,1,110030,107.84375,107.875,107.828125,107.859375,81,ZNH4
2023-11-14 12:00:00+00:00,34,1,110030,107.84375,107.875,107.78125,107.8125,323,ZNH4
2023-11-14 13:00:00+00:00,34,1,110030,107.875,108.96875,107.75,108.84375,4370,ZNH4
2023-11-14 14:00:00+00:00,34,1,110030,108.859375,109.234375,108.828125,109.0625,1431,ZNH4
2023-11-14 15:00:00+00:00,34,1,110030,109.03125,109.125,109.015625,109.078125,461,ZNH4
2023-11-14 16:00:00+00:00,34,1,110030,109.078125,109.1875,109.078125,109.125,962,ZNH4
2023-11-14 17:00:00+00:00,34,1,110030,109.125,109.140625,109.03125,109.109375,587,ZNH4
2023-11-14 18:00:00+00:00,34,1,110030,109.09375,109.1875,109.09375,109.140625,575,ZNH4
2023-11-14 19:00:00+00:00,34,1,110030,109.15625,109.296875,109.109375,109.265625,567,ZNH4
2023-11-14 20:00:00+00:00,34,1,110030,109.265625,109.3125,109.234375,109.234375,439,ZNH4
2023-11-14 21:00:00+00:00,34,1,110030,109.21875,109.21875,109.140625,109.171875,160,ZNH4
2023-11-14 23:00:00+00:00,34,1,110030,109.171875,109.25,109.171875,109.234375,62,ZNH4
2023-11-15 00:00:00+00:00,34,1,110030,109.21875,109.21875,109.109375,109.15625,391,ZNH4
2023-11-15 01:00:00+00:00,34,1,110030,109.140625,109.28125,109.109375,109.25,1002,ZNH4
2023-11-15 02:00:00+00:00,34,1,110030,109.25,109.265625,109.203125,109.234375,146,ZNH4
2023-11-15 03:00:00+00:00,34,1,110030,109.25,109.3125,109.234375,109.234375,14,ZNH4
2023-11-15 04:00:00+00:00,34,1,110030,109.28125,109.296875,109.28125,109.296875,120,ZNH4
2023-11-15 05:00:00+00:00,34,1,110030,109.25,109.25,109.21875,109.234375,10,ZNH4
2023-11-15 06:00:00+00:00,34,1,110030,109.234375,109.25,109.15625,109.1875,407,ZNH4
2023-11-15 07:00:00+00:00,34,1,110030,109.203125,109.28125,109.046875,109.125,531,ZNH4
2023-11-15 08:00:00+00:00,34,1,110030,109.171875,109.296875,109.171875,109.296875,511,ZNH4
2023-11-15 09:00:00+00:00,34,1,110030,109.265625,109.265625,109.078125,109.09375,173,ZNH4
2023-11-15 10:00:00+00:00,34,1,110030,109.140625,109.15625,109.015625,109.015625,300,ZNH4
2023-11-15 11:00:00+00:00,34,1,110030,109.03125,109.078125,109.015625,109.0625,268,ZNH4
2023-11-15 12:00:00+00:00,34,1,110030,109.0625,109.09375,108.953125,109.015625,742,ZNH4
2023-11-15 13:00:00+00:00,34,1,110030,109.015625,109.390625,108.75,108.8125,3099,ZNH4
2023-11-15 14:00:00+00:00,34,1,110030,108.796875,108.828125,108.5625,108.625,1916,ZNH4
2023-11-15 15:00:00+00:00,34,1,110030,108.625,108.65625,108.515625,108.609375,1126,ZNH4
2023-11-15 16:00:00+00:00,34,1,110030,108.625,108.671875,108.46875,108.5,1795,ZNH4
2023-11-15 17:00:00+00:00,34,1,110030,108.515625,108.578125,108.4375,108.546875,464,ZNH4
2023-11-15 18:00:00+00:00,34,1,110030,108.546875,108.546875,108.4375,108.484375,801,ZNH4
2023-11-15 19:00:00+00:00,34,1,110030,108.484375,108.59375,108.453125,108.578125,664,ZNH4
2023-11-15 20:00:00+00:00,34,1,110030,108.5625,108.625,108.515625,108.515625,654,ZNH4
2023-11-15 21:00:00+00:00,34,1,110030,108.53125,108.625,108.53125,108.625,440,ZNH4
2023-11-15 23:00:00+00:00,34,1,110030,108.59375,108.671875,108.59375,108.671875,1289,ZNH4
2023-11-16 00:00:00+00:00,34,1,110030,108.65625,108.765625,108.65625,108.734375,96,ZNH4
2023-11-16 01:00:00+00:00,34,1,110030,108.78125,108.78125,108.75,108.78125,183,ZNH4
2023-11-16 02:00:00+00:00,34,1,110030,108.796875,108.796875,108.703125,108.75,66,ZNH4
2023-11-16 03:00:00+00:00,34,1,110030,108.765625,108.78125,108.75,108.765625,38,ZNH4
2023-11-16 04:00:00+00:00,34,1,110030,108.796875,108.796875,108.765625,108.78125,34,ZNH4
2023-11-16 05:00:00+00:00,34,1,110030,108.765625,108.796875,108.765625,108.765625,35,ZNH4
2023-11-16 06:00:00+00:00,34,1,110030,108.796875,108.859375,108.796875,108.8125,541,ZNH4
2023-11-16 07:00:00+00:00,34,1,110030,108.828125,108.875,108.828125,108.859375,221,ZNH4
2023-11-16 08:00:00+00:00,34,1,110030,108.875,108.875,108.78125,108.859375,123,ZNH4
2023-11-16 09:00:00+00:00,34,1,110030,108.84375,108.859375,108.75,108.75,74,ZNH4
2023-11-16 10:00:00+00:00,34,1,110030,108.75,108.8125,108.75,108.796875,126,ZNH4
2023-11-16 11:00:00+00:00,34,1,110030,108.796875,108.921875,108.78125,108.890625,116,ZNH4
2023-11-16 12:00:00+00:00,34,1,110030,108.90625,108.90625,108.75,108.84375,480,ZNH4
2023-11-16 13:00:00+00:00,34,1,110030,108.859375,109.234375,108.859375,109.1875,2687,ZNH4
2023-11-16 14:00:00+00:00,34,1,110030,109.171875,109.203125,108.96875,109.203125,723,ZNH4
2023-11-16 15:00:00+00:00,34,1,110030,109.1875,109.296875,109.15625,109.1875,1113,ZNH4
2023-11-16 16:00:00+00:00,34,1,110030,109.1875,109.203125,108.984375,109.015625,1018,ZNH4
2023-11-16 17:00:00+00:00,34,1,110030,109.03125,109.203125,109.015625,109.203125,851,ZNH4
2023-11-16 18:00:00+00:00,34,1,110030,109.21875,109.25,109.171875,109.203125,1023,ZNH4
2023-11-16 19:00:00+00:00,34,1,110030,109.1875,109.234375,109.15625,109.21875,448,ZNH4
2023-11-16 20:00:00+00:00,34,1,110030,109.203125,109.234375,109.109375,109.140625,870,ZNH4
2023-11-16 21:00:00+00:00,34,1,110030,109.15625,109.265625,109.15625,109.265625,562,ZNH4
2023-11-16 23:00:00+00:00,34,1,110030,109.28125,109.28125,109.234375,109.234375,15,ZNH4
2023-11-17 00:00:00+00:00,34,1,110030,109.265625,109.265625,109.140625,109.21875,92,ZNH4
2023-11-17 01:00:00+00:00,34,1,110030,109.234375,109.28125,109.21875,109.265625,277,ZNH4
2023-11-17 02:00:00+00:00,34,1,110030,109.265625,109.28125,109.265625,109.265625,75,ZNH4
2023-11-17 03:00:00+00:00,34,1,110030,109.265625,109.265625,109.203125,109.21875,70,ZNH4
2023-11-17 04:00:00+00:00,34,1,110030,109.203125,109.21875,109.203125,109.21875,41,ZNH4
2023-11-17 05:00:00+00:00,34,1,110030,109.21875,109.234375,109.09375,109.125,100,ZNH4
2023-11-17 06:00:00+00:00,34,1,110030,109.125,109.140625,109.078125,109.109375,81,ZNH4
2023-11-17 07:00:00+00:00,34,1,110030,109.109375,109.296875,109.09375,109.25,313,ZNH4
2023-11-17 08:00:00+00:00,34,1,110030,109.28125,109.59375,109.234375,109.578125,1845,ZNH4
2023-11-17 09:00:00+00:00,34,1,110030,109.578125,109.625,109.515625,109.53125,709,ZNH4
2023-11-17 10:00:00+00:00,34,1,110030,109.53125,109.609375,109.515625,109.59375,370,ZNH4
2023-11-17 11:00:00+00:00,34,1,110030,109.578125,109.578125,109.421875,109.4375,351,ZNH4
2023-11-17 12:00:00+00:00,34,1,110030,109.421875,109.453125,109.328125,109.328125,599,ZNH4
2023-11-17 13:00:00+00:00,34,1,110030,109.34375,109.46875,109.109375,109.15625,1540,ZNH4
2023-11-17 14:00:00+00:00,34,1,110030,109.15625,109.25,109.03125,109.046875,2166,ZNH4
2023-11-17 15:00:00+00:00,34,1,110030,109.046875,109.09375,108.984375,109.078125,1327,ZNH4
2023-11-17 16:00:00+00:00,34,1,110030,109.078125,109.09375,108.96875,109.046875,1097,ZNH4
2023-11-17 17:00:00+00:00,34,1,110030,109.046875,109.140625,109.046875,109.109375,587,ZNH4
2023-11-17 18:00:00+00:00,34,1,110030,109.125,109.234375,109.109375,109.203125,834,ZNH4
2023-11-17 19:00:00+00:00,34,1,110030,109.1875,109.21875,109.109375,109.109375,995,ZNH4
2023-11-17 20:00:00+00:00,34,1,110030,109.125,109.15625,109.09375,109.125,816,ZNH4
2023-11-17 21:00:00+00:00,34,1,110030,109.140625,109.171875,109.125,109.15625,481,ZNH4
2023-11-19 23:00:00+00:00,34,1,110030,109.09375,109.125,108.953125,109.03125,792,ZNH4
2023-11-20 00:00:00+00:00,34,1,110030,109.046875,109.078125,108.984375,109.046875,377,ZNH4
2023-11-20 01:00:00+00:00,34,1,110030,109.046875,109.109375,109.046875,109.078125,186,ZNH4
2023-11-20 02:00:00+00:00,34,1,110030,109.09375,109.125,109.0625,109.125,148,ZNH4
2023-11-20 03:00:00+00:00,34,1,110030,109.125,109.140625,109.109375,109.140625,100,ZNH4
2023-11-20 04:00:00+00:00,34,1,110030,109.140625,109.140625,109.109375,109.109375,46,ZNH4
2023-11-20 05:00:00+00:00,34,1,110030,109.078125,109.09375,109.0625,109.078125,141,ZNH4
2023-11-20 06:00:00+00:00,34,1,110030,109.078125,109.078125,109.03125,109.03125,553,ZNH4
2023-11-20 07:00:00+00:00,34,1,110030,109.046875,109.0625,108.96875,109.0,1121,ZNH4
2023-11-20 08:00:00+00:00,34,1,110030,109.015625,109.015625,108.875,108.9375,1594,ZNH4
2023-11-20 09:00:00+00:00,34,1,110030,108.9375,109.09375,108.9375,109.09375,652,ZNH4
2023-11-20 10:00:00+00:00,34,1,110030,109.109375,109.109375,108.96875,108.984375,268,ZNH4
2023-11-20 11:00:00+00:00,34,1,110030,108.984375,109.015625,108.90625,108.921875,728,ZNH4
2023-11-20 12:00:00+00:00,34,1,110030,108.90625,108.90625,108.828125,108.90625,1798,ZNH4
2023-11-20 13:00:00+00:00,34,1,110030,108.890625,108.96875,108.890625,108.890625,4141,ZNH4
2023-11-20 14:00:00+00:00,34,1,110030,108.90625,109.078125,108.90625,109.0625,7678,ZNH4
2023-11-20 15:00:00+00:00,34,1,110030,109.046875,109.046875,108.9375,108.953125,6561,ZNH4
2023-11-20 16:00:00+00:00,34,1,110030,108.953125,109.0,108.90625,109.0,3564,ZNH4
2023-11-20 17:00:00+00:00,34,1,110030,109.0,109.046875,108.96875,109.0,3713,ZNH4
2023-11-20 18:00:00+00:00,34,1,110030,109.0,109.3125,108.984375,109.234375,6670,ZNH4
2023-11-20 19:00:00+00:00,34,1,110030,109.21875,109.234375,109.15625,109.234375,5051,ZNH4
2023-11-20 20:00:00+00:00,34,1,110030,109.21875,109.265625,109.21875,109.21875,5135,ZNH4
2023-11-20 21:00:00+00:00,34,1,110030,109.21875,109.25,109.1875,109.203125,2726,ZNH4
2023-11-20 23:00:00+00:00,34,1,110030,109.25,109.265625,109.21875,109.265625,204,ZNH4
2023-11-21 00:00:00+00:00,34,1,110030,109.28125,109.3125,109.234375,109.28125,1012,ZNH4
2023-11-21 01:00:00+00:00,34,1,110030,109.28125,109.3125,109.25,109.28125,1295,ZNH4
2023-11-21 02:00:00+00:00,34,1,110030,109.28125,109.328125,109.28125,109.3125,516,ZNH4
2023-11-21 03:00:00+00:00,34,1,110030,109.3125,109.328125,109.296875,109.328125,548,ZNH4
2023-11-21 04:00:00+00:00,34,1,110030,109.328125,109.375,109.3125,109.328125,2001,ZNH4
2023-11-21 05:00:00+00:00,34,1,110030,109.34375,109.40625,109.34375,109.375,1329,ZNH4
2023-11-21 06:00:00+00:00,34,1,110030,109.375,109.390625,109.34375,109.34375,1708,ZNH4
2023-11-21 07:00:00+00:00,34,1,110030,109.34375,109.421875,109.34375,109.390625,2227,ZNH4
2023-11-21 08:00:00+00:00,34,1,110030,109.390625,109.421875,109.28125,109.3125,2644,ZNH4
2023-11-21 09:00:00+00:00,34,1,110030,109.296875,109.296875,109.21875,109.25,1914,ZNH4
2023-11-21 10:00:00+00:00,34,1,110030,109.25,109.359375,109.25,109.3125,948,ZNH4
2023-11-21 11:00:00+00:00,34,1,110030,109.3125,109.3125,109.21875,109.21875,1489,ZNH4
2023-11-21 12:00:00+00:00,34,1,110030,109.203125,109.3125,109.203125,109.28125,3373,ZNH4
2023-11-21 13:00:00+00:00,34,1,110030,109.28125,109.390625,109.125,109.1875,15945,ZNH4
2023-11-21 14:00:00+00:00,34,1,110030,109.203125,109.390625,109.171875,109.34375,10508,ZNH4
2023-11-21 15:00:00+00:00,34,1,110030,109.34375,109.46875,109.328125,109.34375,13191,ZNH4
2023-11-21 16:00:00+00:00,34,1,110030,109.34375,109.484375,109.34375,109.40625,16188,ZNH4
2023-11-21 17:00:00+00:00,34,1,110030,109.421875,109.421875,109.296875,109.359375,9480,ZNH4
2023-11-21 18:00:00+00:00,34,1,110030,109.359375,109.359375,109.171875,109.203125,12526,ZNH4
2023-11-21 19:00:00+00:00,34,1,110030,109.171875,109.34375,109.125,109.3125,14253,ZNH4
2023-11-21 20:00:00+00:00,34,1,110030,109.328125,109.375,109.296875,109.359375,8601,ZNH4
2023-11-21 21:00:00+00:00,34,1,110030,109.359375,109.4375,109.328125,109.4375,5656,ZNH4
2023-11-21 23:00:00+00:00,34,1,110030,109.40625,109.46875,109.40625,109.453125,2445,ZNH4
2023-11-22 00:00:00+00:00,34,1,110030,109.453125,109.46875,109.359375,109.375,1608,ZNH4
2023-11-22 01:00:00+00:00,34,1,110030,109.390625,109.390625,109.34375,109.390625,2481,ZNH4
2023-11-22 02:00:00+00:00,34,1,110030,109.390625,109.390625,109.3125,109.34375,2709,ZNH4
2023-11-22 03:00:00+00:00,34,1,110030,109.359375,109.359375,109.265625,109.28125,2398,ZNH4
2023-11-22 04:00:00+00:00,34,1,110030,109.28125,109.3125,109.28125,109.28125,1215,ZNH4
2023-11-22 05:00:00+00:00,34,1,110030,109.296875,109.296875,109.25,109.265625,723,ZNH4
2023-11-22 06:00:00+00:00,34,1,110030,109.265625,109.296875,109.234375,109.296875,2018,ZNH4
2023-11-22 07:00:00+00:00,34,1,110030,109.296875,109.34375,109.28125,109.34375,3152,ZNH4
2023-11-22 08:00:00+00:00,34,1,110030,109.34375,109.40625,109.28125,109.34375,6771,ZNH4
2023-11-22 09:00:00+00:00,34,1,110030,109.34375,109.359375,109.28125,109.359375,3709,ZNH4
2023-11-22 10:00:00+00:00,34,1,110030,109.359375,109.46875,109.359375,109.46875,4080,ZNH4
2023-11-22 11:00:00+00:00,34,1,110030,109.46875,109.5625,109.46875,109.53125,8101,ZNH4
2023-11-22 12:00:00+00:00,34,1,110030,109.53125,109.640625,109.5,109.578125,11272,ZNH4
2023-11-22 13:00:00+00:00,34,1,110030,109.59375,109.65625,109.34375,109.40625,32187,ZNH4
2023-11-22 14:00:00+00:00,34,1,110030,109.40625,109.484375,109.34375,109.421875,20940,ZNH4
2023-11-22 15:00:00+00:00,34,1,110030,109.390625,109.390625,109.0,109.0625,40257,ZNH4
2023-11-22 16:00:00+00:00,34,1,110030,109.0625,109.203125,109.046875,109.125,22871,ZNH4
2023-11-22 17:00:00+00:00,34,1,110030,109.125,109.125,109.015625,109.09375,12662,ZNH4
2023-11-22 18:00:00+00:00,34,1,110030,109.09375,109.15625,109.0625,109.140625,11045,ZNH4
2023-11-22 19:00:00+00:00,34,1,110030,109.140625,109.21875,109.140625,109.21875,13485,ZNH4
2023-11-22 20:00:00+00:00,34,1,110030,109.203125,109.25,109.1875,109.234375,7317,ZNH4
2023-11-22 21:00:00+00:00,34,1,110030,109.25,109.28125,109.234375,109.265625,4295,ZNH4
2023-11-22 23:00:00+00:00,34,1,110030,109.25,109.28125,109.234375,109.28125,1578,ZNH4
2023-11-23 00:00:00+00:00,34,1,110030,109.28125,109.328125,109.265625,109.328125,853,ZNH4
2023-11-23 01:00:00+00:00,34,1,110030,109.3125,109.34375,109.3125,109.328125,796,ZNH4
2023-11-23 02:00:00+00:00,34,1,110030,109.328125,109.328125,109.28125,109.296875,1564,ZNH4
2023-11-23 03:00:00+00:00,34,1,110030,109.296875,109.3125,109.28125,109.296875,1229,ZNH4
2023-11-23 04:00:00+00:00,34,1,110030,109.296875,109.3125,109.28125,109.296875,148,ZNH4
2023-11-23 05:00:00+00:00,34,1,110030,109.296875,109.328125,109.296875,109.328125,540,ZNH4
2023-11-23 06:00:00+00:00,34,1,110030,109.328125,109.359375,109.296875,109.3125,1461,ZNH4
2023-11-23 07:00:00+00:00,34,1,110030,109.3125,109.328125,109.25,109.25,1327,ZNH4
2023-11-23 08:00:00+00:00,34,1,110030,109.25,109.296875,109.15625,109.28125,4279,ZNH4
2023-11-23 09:00:00+00:00,34,1,110030,109.296875,109.296875,109.203125,109.21875,2536,ZNH4
2023-11-23 10:00:00+00:00,34,1,110030,109.21875,109.25,109.078125,109.109375,3933,ZNH4
2023-11-23 11:00:00+00:00,34,1,110030,109.078125,109.078125,109.015625,109.03125,3498,ZNH4
2023-11-23 12:00:00+00:00,34,1,110030,109.046875,109.09375,108.984375,108.984375,2746,ZNH4
2023-11-23 13:00:00+00:00,34,1,110030,109.0,109.015625,108.953125,108.984375,3423,ZNH4
2023-11-23 14:00:00+00:00,34,1,110030,108.984375,108.984375,108.90625,108.9375,4313,ZNH4
2023-11-23 15:00:00+00:00,34,1,110030,108.953125,108.984375,108.921875,108.984375,2523,ZNH4
2023-11-23 16:00:00+00:00,34,1,110030,108.96875,108.96875,108.921875,108.9375,1776,ZNH4
2023-11-23 17:00:00+00:00,34,1,110030,108.9375,108.984375,108.9375,108.96875,738,ZNH4
2023-11-23 23:00:00+00:00,34,1,110030,108.984375,109.015625,108.96875,108.984375,3066,ZNH4
2023-11-24 00:00:00+00:00,34,1,110030,108.984375,109.046875,108.953125,109.015625,3620,ZNH4
2023-11-24 01:00:00+00:00,34,1,110030,109.015625,109.03125,108.921875,108.9375,7164,ZNH4
2023-11-24 02:00:00+00:00,34,1,110030,108.921875,108.953125,108.875,108.90625,4586,ZNH4
2023-11-24 03:00:00+00:00,34,1,110030,108.90625,108.90625,108.875,108.90625,1273,ZNH4
2023-11-24 04:00:00+00:00,34,1,110030,108.90625,108.921875,108.890625,108.90625,2151,ZNH4
2023-11-24 05:00:00+00:00,34,1,110030,108.90625,108.921875,108.890625,108.90625,1860,ZNH4
2023-11-24 06:00:00+00:00,34,1,110030,108.890625,108.953125,108.890625,108.90625,2911,ZNH4
2023-11-24 07:00:00+00:00,34,1,110030,108.90625,108.953125,108.875,108.890625,7092,ZNH4
2023-11-24 08:00:00+00:00,34,1,110030,108.890625,108.890625,108.78125,108.796875,17867,ZNH4
2023-11-24 09:00:00+00:00,34,1,110030,108.796875,108.890625,108.78125,108.84375,15094,ZNH4
2023-11-24 10:00:00+00:00,34,1,110030,108.859375,108.859375,108.796875,108.859375,3979,ZNH4
2023-11-24 11:00:00+00:00,34,1,110030,108.84375,108.890625,108.828125,108.875,3397,ZNH4
2023-11-24 12:00:00+00:00,34,1,110030,108.890625,108.90625,108.828125,108.84375,10442,ZNH4
2023-11-24 13:00:00+00:00,34,1,110030,108.859375,108.859375,108.703125,108.796875,33693,ZNH4
2023-11-24 14:00:00+00:00,34,1,110030,108.8125,108.921875,108.796875,108.828125,25825,ZNH4
2023-11-24 15:00:00+00:00,34,1,110030,108.84375,108.890625,108.765625,108.828125,28040,ZNH4
2023-11-24 16:00:00+00:00,34,1,110030,108.828125,108.84375,108.765625,108.765625,16054,ZNH4
2023-11-24 17:00:00+00:00,34,1,110030,108.78125,108.828125,108.765625,108.78125,21424,ZNH4
2023-11-24 18:00:00+00:00,34,1,110030,108.78125,108.875,108.765625,108.859375,2420,ZNH4
2023-11-26 23:00:00+00:00,34,1,110030,108.796875,108.796875,108.71875,108.71875,8244,ZNH4
2023-11-27 00:00:00+00:00,34,1,110030,108.734375,108.765625,108.609375,108.640625,20410,ZNH4
2023-11-27 01:00:00+00:00,34,1,110030,108.625,108.703125,108.578125,108.703125,11689,ZNH4
2023-11-27 02:00:00+00:00,34,1,110030,108.6875,108.703125,108.65625,108.6875,5061,ZNH4
2023-11-27 03:00:00+00:00,34,1,110030,108.6875,108.703125,108.640625,108.703125,3810,ZNH4
2023-11-27 04:00:00+00:00,34,1,110030,108.6875,108.734375,108.65625,108.71875,3952,ZNH4
2023-11-27 05:00:00+00:00,34,1,110030,108.71875,108.71875,108.6875,108.703125,5789,ZNH4
2023-11-27 06:00:00+00:00,34,1,110030,108.703125,108.828125,108.6875,108.765625,12122,ZNH4
2023-11-27 07:00:00+00:00,34,1,110030,108.765625,108.8125,108.75,108.796875,10530,ZNH4
2023-11-27 08:00:00+00:00,34,1,110030,108.796875,108.8125,108.71875,108.71875,14155,ZNH4
2023-11-27 09:00:00+00:00,34,1,110030,108.734375,108.75,108.6875,108.703125,9161,ZNH4
2023-11-27 10:00:00+00:00,34,1,110030,108.703125,108.890625,108.6875,108.875,17295,ZNH4
2023-11-27 11:00:00+00:00,34,1,110030,108.875,108.921875,108.828125,108.875,10977,ZNH4
2023-11-27 12:00:00+00:00,34,1,110030,108.875,108.9375,108.828125,108.890625,16175,ZNH4
2023-11-27 13:00:00+00:00,34,1,110030,108.890625,109.078125,108.890625,109.03125,44398,ZNH4
2023-11-27 14:00:00+00:00,34,1,110030,109.03125,109.0625,108.921875,109.03125,46529,ZNH4
2023-11-27 15:00:00+00:00,34,1,110030,109.03125,109.1875,109.015625,109.125,72637,ZNH4
2023-11-27 16:00:00+00:00,34,1,110030,109.125,109.203125,109.046875,109.171875,63134,ZNH4
2023-11-27 17:00:00+00:00,34,1,110030,109.171875,109.234375,109.125,109.1875,46388,ZNH4
2023-11-27 18:00:00+00:00,34,1,110030,109.1875,109.34375,109.15625,109.296875,72165,ZNH4
2023-11-27 19:00:00+00:00,34,1,110030,109.296875,109.40625,109.25,109.40625,72947,ZNH4
2023-11-27 20:00:00+00:00,34,1,110030,109.390625,109.40625,109.34375,109.40625,46365,ZNH4
2023-11-27 21:00:00+00:00,34,1,110030,109.40625,109.421875,109.34375,109.375,32617,ZNH4
2023-11-27 23:00:00+00:00,34,1,110030,109.375,109.375,109.265625,109.296875,6447,ZNH4
2023-11-28 00:00:00+00:00,34,1,110030,109.296875,109.375,109.265625,109.3125,7667,ZNH4
2023-11-28 01:00:00+00:00,34,1,110030,109.296875,109.34375,109.25,109.3125,11018,ZNH4
2023-11-28 02:00:00+00:00,34,1,110030,109.3125,109.328125,109.265625,109.296875,3415,ZNH4
2023-11-28 03:00:00+00:00,34,1,110030,109.28125,109.3125,109.234375,109.234375,3822,ZNH4
2023-11-28 04:00:00+00:00,34,1,110030,109.234375,109.265625,109.21875,109.25,5076,ZNH4
2023-11-28 05:00:00+00:00,34,1,110030,109.25,109.3125,109.25,109.296875,4328,ZNH4
2023-11-28 06:00:00+00:00,34,1,110030,109.296875,109.359375,109.28125,109.34375,6767,ZNH4
2023-11-28 07:00:00+00:00,34,1,110030,109.34375,109.484375,109.34375,109.421875,44797,ZNH4
2023-11-28 08:00:00+00:00,34,1,110030,109.421875,109.421875,109.234375,109.328125,33183,ZNH4
2023-11-28 09:00:00+00:00,34,1,110030,109.328125,109.390625,109.28125,109.359375,21519,ZNH4
2023-11-28 10:00:00+00:00,34,1,110030,109.34375,109.359375,109.234375,109.296875,13075,ZNH4
2023-11-28 11:00:00+00:00,34,1,110030,109.28125,109.34375,109.234375,109.234375,20639,ZNH4
2023-11-28 12:00:00+00:00,34,1,110030,109.234375,109.375,109.203125,109.234375,49545,ZNH4
2023-11-28 13:00:00+00:00,34,1,110030,109.25,109.421875,109.171875,109.34375,111424,ZNH4
2023-11-28 14:00:00+00:00,34,1,110030,109.34375,109.4375,109.171875,109.390625,146552,ZNH4
2023-11-28 15:00:00+00:00,34,1,110030,109.390625,109.703125,109.34375,109.703125,243022,ZNH4
2023-11-28 16:00:00+00:00,34,1,110030,109.6875,109.84375,109.65625,109.84375,154606,ZNH4
2023-11-28 17:00:00+00:00,34,1,110030,109.828125,109.890625,109.703125,109.71875,128524,ZNH4
2023-11-28 18:00:00+00:00,34,1,110030,109.71875,109.78125,109.609375,109.734375,110627,ZNH4
2023-11-28 19:00:00+00:00,34,1,110030,109.71875,109.890625,109.71875,109.875,106869,ZNH4
2023-11-28 20:00:00+00:00,34,1,110030,109.890625,109.921875,109.78125,109.859375,99236,ZNH4
2023-11-28 21:00:00+00:00,34,1,110030,109.859375,109.96875,109.84375,109.953125,61689,ZNH4
2023-11-28 23:00:00+00:00,34,1,110030,109.9375,110.015625,109.90625,110.0,16127,ZNH4
2023-11-29 00:00:00+00:00,34,1,110030,110.0,110.046875,109.921875,110.015625,20773,ZNH4
2023-11-29 01:00:00+00:00,34,1,110030,110.0,110.203125,109.984375,110.1875,33043,ZNH4
2023-11-29 02:00:00+00:00,34,1,110030,110.1875,110.265625,110.15625,110.1875,22901,ZNH4
2023-11-29 03:00:00+00:00,34,1,110030,110.1875,110.1875,110.046875,110.09375,21449,ZNH4
2023-11-29 04:00:00+00:00,34,1,110030,110.109375,110.171875,110.078125,110.171875,10781,ZNH4
2023-11-29 05:00:00+00:00,34,1,110030,110.171875,110.28125,110.15625,110.28125,19667,ZNH4
2023-11-29 06:00:00+00:00,34,1,110030,110.265625,110.453125,110.234375,110.3125,51466,ZNH4
2023-11-29 07:00:00+00:00,34,1,110030,110.3125,110.421875,110.265625,110.265625,71216,ZNH4
2023-11-29 08:00:00+00:00,34,1,110030,110.28125,110.375,110.140625,110.1875,99063,ZNH4
2023-11-29 09:00:00+00:00,34,1,110030,110.203125,110.25,110.0625,110.109375,65086,ZNH4
2023-11-29 10:00:00+00:00,34,1,110030,110.109375,110.1875,110.09375,110.09375,46930,ZNH4
2023-11-29 11:00:00+00:00,34,1,110030,110.109375,110.21875,110.09375,110.203125,46444,ZNH4
2023-11-29 12:00:00+00:00,34,1,110030,110.1875,110.25,110.09375,110.171875,68906,ZNH4
2023-11-29 13:00:00+00:00,34,1,110030,110.171875,110.359375,110.015625,110.125,325261,ZNH4
2023-11-29 14:00:00+00:00,34,1,110030,110.125,110.421875,110.078125,110.390625,250280,ZNH4
2023-11-29 15:00:00+00:00,34,1,110030,110.40625,110.484375,110.125,110.25,311156,ZNH4
2023-11-29 16:00:00+00:00,34,1,110030,110.265625,110.328125,110.0625,110.09375,133314,ZNH4
2023-11-29 17:00:00+00:00,34,1,110030,110.078125,110.296875,110.078125,110.28125,91878,ZNH4
2023-11-29 18:00:00+00:00,34,1,110030,110.28125,110.359375,110.25,110.3125,79930,ZNH4
2023-11-29 19:00:00+00:00,34,1,110030,110.3125,110.390625,110.203125,110.296875,119247,ZNH4
2023-11-29 20:00:00+00:00,34,1,110030,110.3125,110.359375,110.265625,110.3125,105219,ZNH4
2023-11-29 21:00:00+00:00,34,1,110030,110.3125,110.40625,110.28125,110.375,59077,ZNH4
2023-11-29 23:00:00+00:00,34,1,110030,110.359375,110.375,110.296875,110.328125,7879,ZNH4
2023-11-30 00:00:00+00:00,34,1,110030,110.3125,110.4375,110.296875,110.40625,16638,ZNH4
2023-11-30 01:00:00+00:00,34,1,110030,110.40625,110.421875,110.3125,110.3125,16691,ZNH4
2023-11-30 02:00:00+00:00,34,1,110030,110.3125,110.34375,110.296875,110.328125,7208,ZNH4
2023-11-30 03:00:00+00:00,34,1,110030,110.328125,110.34375,110.28125,110.296875,9971,ZNH4
2023-11-30 04:00:00+00:00,34,1,110030,110.296875,110.34375,110.25,110.28125,21653,ZNH4
2023-11-30 05:00:00+00:00,34,1,110030,110.28125,110.28125,110.171875,110.1875,23200,ZNH4
2023-11-30 06:00:00+00:00,34,1,110030,110.1875,110.25,110.171875,110.234375,15943,ZNH4
2023-11-30 07:00:00+00:00,34,1,110030,110.234375,110.359375,110.203125,110.359375,44505,ZNH4
2023-11-30 08:00:00+00:00,34,1,110030,110.359375,110.390625,110.203125,110.21875,61718,ZNH4
2023-11-30 09:00:00+00:00,34,1,110030,110.21875,110.3125,110.1875,110.234375,66295,ZNH4
2023-11-30 10:00:00+00:00,34,1,110030,110.234375,110.234375,110.15625,110.15625,44291,ZNH4
2023-11-30 11:00:00+00:00,34,1,110030,110.15625,110.171875,110.109375,110.15625,42709,ZNH4
2023-11-30 12:00:00+00:00,34,1,110030,110.15625,110.234375,110.09375,110.203125,60520,ZNH4
2023-11-30 13:00:00+00:00,34,1,110030,110.21875,110.4375,109.96875,109.984375,303899,ZNH4
2023-11-30 14:00:00+00:00,34,1,110030,110.0,110.0625,109.734375,109.8125,397354,ZNH4
2023-11-30 15:00:00+00:00,34,1,110030,109.828125,109.953125,109.765625,109.9375,209050,ZNH4
2023-11-30 16:00:00+00:00,34,1,110030,109.9375,109.984375,109.90625,109.953125,139363,ZNH4
2023-11-30 17:00:00+00:00,34,1,110030,109.953125,109.984375,109.765625,109.78125,85929,ZNH4
2023-11-30 18:00:00+00:00,34,1,110030,109.78125,109.890625,109.78125,109.84375,108383,ZNH4
2023-11-30 19:00:00+00:00,34,1,110030,109.828125,109.890625,109.796875,109.8125,142902,ZNH4
2023-11-30 20:00:00+00:00,34,1,110030,109.8125,109.90625,109.6875,109.890625,421340,ZNH4
2023-11-30 21:00:00+00:00,34,1,110030,109.890625,109.984375,109.8125,109.9375,273511,ZNH4
2023-11-30 23:00:00+00:00,34,1,110030,109.953125,110.09375,109.921875,110.015625,21018,ZNH4
2023-12-01 00:00:00+00:00,34,1,110030,110.015625,110.078125,109.953125,110.0,21444,ZNH4
2023-12-01 01:00:00+00:00,34,1,110030,110.0,110.03125,109.921875,109.9375,22079,ZNH4
2023-12-01 02:00:00+00:00,34,1,110030,109.9375,109.96875,109.90625,109.9375,18718,ZNH4
2023-12-01 03:00:00+00:00,34,1,110030,109.953125,109.953125,109.890625,109.90625,16393,ZNH4
2023-12-01 04:00:00+00:00,34,1,110030,109.90625,109.953125,109.90625,109.9375,9322,ZNH4
2023-12-01 05:00:00+00:00,34,1,110030,109.9375,109.984375,109.90625,109.921875,20129,ZNH4
2023-12-01 06:00:00+00:00,34,1,110030,109.921875,109.984375,109.90625,109.9375,19183,ZNH4
2023-12-01 07:00:00+00:00,34,1,110030,109.9375,110.0,109.875,109.921875,38860,ZNH4
2023-12-01 08:00:00+00:00,34,1,110030,109.90625,110.09375,109.859375,110.0625,69369,ZNH4
2023-12-01 09:00:00+00:00,34,1,110030,110.0625,110.125,110.046875,110.0625,55372,ZNH4
2023-12-01 10:00:00+00:00,34,1,110030,110.0625,110.078125,109.96875,110.0,33219,ZNH4
2023-12-01 11:00:00+00:00,34,1,110030,110.0,110.0,109.84375,109.875,41413,ZNH4
2023-12-01 12:00:00+00:00,34,1,110030,109.859375,109.90625,109.796875,109.84375,72807,ZNH4
2023-12-01 13:00:00+00:00,34,1,110030,109.84375,110.03125,109.84375,109.90625,149516,ZNH4
2023-12-01 14:00:00+00:00,34,1,110030,109.890625,109.9375,109.78125,109.84375,141074,ZNH4
2023-12-01 15:00:00+00:00,34,1,110030,109.859375,110.3125,109.859375,110.171875,354219,ZNH4
2023-12-01 16:00:00+00:00,34,1,110030,110.15625,110.625,109.953125,110.5,412812,ZNH4
2023-12-01 17:00:00+00:00,34,1,110030,110.5,110.640625,110.40625,110.640625,127211,ZNH4
2023-12-01 18:00:00+00:00,34,1,110030,110.625,110.78125,110.609375,110.71875,203292,ZNH4
2023-12-01 19:00:00+00:00,34,1,110030,110.703125,110.765625,110.578125,110.6875,144503,ZNH4
2023-12-01 20:00:00+00:00,34,1,110030,110.6875,110.765625,110.625,110.703125,125241,ZNH4
2023-12-01 21:00:00+00:00,34,1,110030,110.6875,110.875,110.6875,110.859375,78653,ZNH4
2023-12-03 23:00:00+00:00,34,1,110030,110.84375,110.84375,110.65625,110.671875,31534,ZNH4
2023-12-04 00:00:00+00:00,34,1,110030,110.671875,110.6875,110.53125,110.546875,32391,ZNH4
2023-12-04 01:00:00+00:00,34,1,110030,110.546875,110.546875,110.46875,110.5,24191,ZNH4
2023-12-04 02:00:00+00:00,34,1,110030,110.5,110.53125,110.484375,110.5,14168,ZNH4
2023-12-04 03:00:00+00:00,34,1,110030,110.5,110.515625,110.4375,110.453125,14526,ZNH4
2023-12-04 04:00:00+00:00,34,1,110030,110.4375,110.46875,110.4375,110.46875,8263,ZNH4
2023-12-04 05:00:00+00:00,34,1,110030,110.453125,110.5,110.421875,110.4375,16487,ZNH4
2023-12-04 06:00:00+00:00,34,1,110030,110.4375,110.578125,110.4375,110.53125,32988,ZNH4
2023-12-04 07:00:00+00:00,34,1,110030,110.53125,110.578125,110.5,110.5,36677,ZNH4
2023-12-04 08:00:00+00:00,34,1,110030,110.5,110.515625,110.375,110.515625,73394,ZNH4
2023-12-04 09:00:00+00:00,34,1,110030,110.515625,110.578125,110.46875,110.46875,38151,ZNH4
2023-12-04 10:00:00+00:00,34,1,110030,110.46875,110.515625,110.4375,110.46875,25950,ZNH4
2023-12-04 11:00:00+00:00,34,1,110030,110.46875,110.515625,110.421875,110.453125,23665,ZNH4
2023-12-04 12:00:00+00:00,34,1,110030,110.46875,110.484375,110.390625,110.4375,33597,ZNH4
2023-12-04 13:00:00+00:00,34,1,110030,110.4375,110.515625,110.375,110.40625,123399,ZNH4
2023-12-04 14:00:00+00:00,34,1,110030,110.40625,110.46875,110.28125,110.4375,165050,ZNH4
2023-12-04 15:00:00+00:00,34,1,110030,110.4375,110.5625,110.15625,110.203125,222774,ZNH4
2023-12-04 16:00:00+00:00,34,1,110030,110.203125,110.25,110.15625,110.203125,114998,ZNH4
2023-12-04 17:00:00+00:00,34,1,110030,110.203125,110.25,110.109375,110.171875,85374,ZNH4
2023-12-04 18:00:00+00:00,34,1,110030,110.171875,110.1875,110.109375,110.15625,74948,ZNH4
2023-12-04 19:00:00+00:00,34,1,110030,110.15625,110.21875,110.15625,110.1875,114457,ZNH4
2023-12-04 20:00:00+00:00,34,1,110030,110.1875,110.34375,110.15625,110.3125,130197,ZNH4
2023-12-04 21:00:00+00:00,34,1,110030,110.328125,110.421875,110.3125,110.375,59570,ZNH4
2023-12-04 23:00:00+00:00,34,1,110030,110.359375,110.40625,110.34375,110.390625,3622,ZNH4
2023-12-05 00:00:00+00:00,34,1,110030,110.390625,110.46875,110.390625,110.4375,11869,ZNH4
2023-12-05 01:00:00+00:00,34,1,110030,110.453125,110.453125,110.34375,110.375,11040,ZNH4
2023-12-05 02:00:00+00:00,34,1,110030,110.375,110.40625,110.328125,110.34375,6050,ZNH4
2023-12-05 03:00:00+00:00,34,1,110030,110.328125,110.484375,110.3125,110.484375,10873,ZNH4
2023-12-05 04:00:00+00:00,34,1,110030,110.484375,110.53125,110.4375,110.4375,15767,ZNH4
2023-12-05 05:00:00+00:00,34,1,110030,110.4375,110.46875,110.40625,110.453125,6798,ZNH4
2023-12-05 06:00:00+00:00,34,1,110030,110.453125,110.5625,110.453125,110.5,20802,ZNH4
2023-12-05 07:00:00+00:00,34,1,110030,110.5,110.5625,110.453125,110.484375,45893,ZNH4
2023-12-05 08:00:00+00:00,34,1,110030,110.484375,110.5625,110.390625,110.40625,64948,ZNH4
2023-12-05 09:00:00+00:00,34,1,110030,110.40625,110.484375,110.34375,110.484375,38271,ZNH4
2023-12-05 10:00:00+00:00,34,1,110030,110.484375,110.484375,110.375,110.40625,30487,ZNH4
2023-12-05 11:00:00+00:00,34,1,110030,110.40625,110.546875,110.40625,110.53125,41589,ZNH4
2023-12-05 12:00:00+00:00,34,1,110030,110.53125,110.578125,110.484375,110.546875,48673,ZNH4
2023-12-05 13:00:00+00:00,34,1,110030,110.53125,110.734375,110.515625,110.71875,156056,ZNH4
2023-12-05 14:00:00+00:00,34,1,110030,110.71875,110.734375,110.546875,110.59375,167627,ZNH4
2023-12-05 15:00:00+00:00,34,1,110030,110.609375,110.984375,110.609375,110.875,402716,ZNH4
2023-12-05 16:00:00+00:00,34,1,110030,110.859375,110.9375,110.75,110.859375,142986,ZNH4
2023-12-05 17:00:00+00:00,34,1,110030,110.859375,110.9375,110.8125,110.84375,112994,ZNH4
2023-12-05 18:00:00+00:00,34,1,110030,110.859375,110.875,110.765625,110.875,70828,ZNH4
2023-12-05 19:00:00+00:00,34,1,110030,110.875,110.953125,110.8125,110.90625,108702,ZNH4
2023-12-05 20:00:00+00:00,34,1,110030,110.921875,110.9375,110.828125,110.875,134402,ZNH4
2023-12-05 21:00:00+00:00,34,1,110030,110.875,110.953125,110.828125,110.9375,54780,ZNH4
2023-12-05 23:00:00+00:00,34,1,110030,110.90625,110.9375,110.84375,110.890625,6785,ZNH4
2023-12-06 00:00:00+00:00,34,1,110030,110.875,110.953125,110.75,110.78125,23729,ZNH4
2023-12-06 01:00:00+00:00,34,1,110030,110.796875,110.84375,110.765625,110.78125,21758,ZNH4
2023-12-06 02:00:00+00:00,34,1,110030,110.78125,110.78125,110.671875,110.734375,25827,ZNH4
2023-12-06 03:00:00+00:00,34,1,110030,110.71875,110.765625,110.703125,110.75,13512,ZNH4
2023-12-06 04:00:00+00:00,34,1,110030,110.75,110.765625,110.703125,110.734375,8692,ZNH4
2023-12-06 05:00:00+00:00,34,1,110030,110.734375,110.734375,110.6875,110.71875,9742,ZNH4
2023-12-06 06:00:00+00:00,34,1,110030,110.71875,110.734375,110.6875,110.6875,11653,ZNH4
2023-12-06 07:00:00+00:00,34,1,110030,110.703125,110.828125,110.703125,110.8125,34718,ZNH4
2023-12-06 08:00:00+00:00,34,1,110030,110.828125,110.90625,110.78125,110.828125,56537,ZNH4
2023-12-06 09:00:00+00:00,34,1,110030,110.828125,110.9375,110.75,110.765625,51611,ZNH4
2023-12-06 10:00:00+00:00,34,1,110030,110.765625,110.78125,110.671875,110.6875,41356,ZNH4
2023-12-06 11:00:00+00:00,34,1,110030,110.6875,110.71875,110.640625,110.671875,32723,ZNH4
2023-12-06 12:00:00+00:00,34,1,110030,110.671875,110.8125,110.65625,110.796875,39114,ZNH4
2023-12-06 13:00:00+00:00,34,1,110030,110.796875,111.09375,110.765625,111.0625,229786,ZNH4
2023-12-06 14:00:00+00:00,34,1,110030,111.0625,111.109375,110.9375,111.0,169693,ZNH4
2023-12-06 15:00:00+00:00,34,1,110030,111.0,111.203125,110.875,111.109375,233428,ZNH4
2023-12-06 16:00:00+00:00,34,1,110030,111.109375,111.171875,110.984375,111.15625,163043,ZNH4
2023-12-06 17:00:00+00:00,34,1,110030,111.15625,111.21875,111.125,111.140625,95078,ZNH4
2023-12-06 18:00:00+00:00,34,1,110030,111.140625,111.234375,111.125,111.203125,59186,ZNH4
2023-12-06 19:00:00+00:00,34,1,110030,111.203125,111.234375,111.125,111.15625,78922,ZNH4
2023-12-06 20:00:00+00:00,34,1,110030,111.140625,111.171875,111.078125,111.15625,107390,ZNH4
2023-12-06 21:00:00+00:00,34,1,110030,111.140625,111.265625,111.109375,111.25,79507,ZNH4
2023-12-06 23:00:00+00:00,34,1,110030,111.234375,111.296875,111.203125,111.21875,17593,ZNH4
2023-12-07 00:00:00+00:00,34,1,110030,111.21875,111.234375,111.078125,111.09375,24900,ZNH4
2023-12-07 01:00:00+00:00,34,1,110030,111.078125,111.125,111.046875,111.046875,24077,ZNH4
2023-12-07 02:00:00+00:00,34,1,110030,111.0625,111.109375,111.046875,111.09375,9070,ZNH4
2023-12-07 03:00:00+00:00,34,1,110030,111.109375,111.125,111.015625,111.015625,22452,ZNH4
2023-12-07 04:00:00+00:00,34,1,110030,111.015625,111.015625,110.90625,110.921875,25263,ZNH4
2023-12-07 05:00:00+00:00,34,1,110030,110.921875,110.9375,110.75,110.796875,46285,ZNH4
2023-12-07 06:00:00+00:00,34,1,110030,110.78125,110.859375,110.71875,110.75,36337,ZNH4
2023-12-07 07:00:00+00:00,34,1,110030,110.75,110.859375,110.75,110.84375,45591,ZNH4
2023-12-07 08:00:00+00:00,34,1,110030,110.84375,110.984375,110.828125,110.84375,80520,ZNH4
2023-12-07 09:00:00+00:00,34,1,110030,110.84375,110.96875,110.828125,110.96875,47436,ZNH4
2023-12-07 10:00:00+00:00,34,1,110030,110.96875,111.046875,110.9375,111.03125,43690,ZNH4
2023-12-07 11:00:00+00:00,34,1,110030,111.03125,111.046875,110.875,110.90625,34757,ZNH4
2023-12-07 12:00:00+00:00,34,1,110030,110.90625,110.9375,110.84375,110.890625,60575,ZNH4
2023-12-07 13:00:00+00:00,34,1,110030,110.890625,111.0625,110.71875,110.96875,260260,ZNH4
2023-12-07 14:00:00+00:00,34,1,110030,110.96875,111.109375,110.890625,111.0,181721,ZNH4
2023-12-07 15:00:00+00:00,34,1,110030,111.0,111.0625,110.90625,111.015625,165917,ZNH4
2023-12-07 16:00:00+00:00,34,1,110030,111.015625,111.203125,111.0,111.15625,137614,ZNH4
2023-12-07 17:00:00+00:00,34,1,110030,111.15625,111.28125,111.078125,111.25,111603,ZNH4
2023-12-07 18:00:00+00:00,34,1,110030,111.234375,111.25,111.1875,111.234375,77561,ZNH4
2023-12-07 19:00:00+00:00,34,1,110030,111.234375,111.234375,111.125,111.140625,109541,ZNH4
2023-12-07 20:00:00+00:00,34,1,110030,111.140625,111.15625,111.0,111.015625,125705,ZNH4
2023-12-07 21:00:00+00:00,34,1,110030,111.03125,111.0625,110.96875,110.984375,49933,ZNH4
2023-12-07 23:00:00+00:00,34,1,110030,110.984375,111.03125,110.96875,111.0,7668,ZNH4
2023-12-08 00:00:00+00:00,34,1,110030,110.984375,111.0,110.90625,110.90625,19407,ZNH4
2023-12-08 01:00:00+00:00,34,1,110030,110.90625,110.953125,110.828125,110.859375,16742,ZNH4
2023-12-08 02:00:00+00:00,34,1,110030,110.859375,110.890625,110.828125,110.875,7409,ZNH4
2023-12-08 03:00:00+00:00,34,1,110030,110.875,110.9375,110.875,110.921875,13345,ZNH4
2023-12-08 04:00:00+00:00,34,1,110030,110.90625,110.9375,110.890625,110.921875,4807,ZNH4
2023-12-08 05:00:00+00:00,34,1,110030,110.921875,111.0,110.890625,110.9375,9170,ZNH4
2023-12-08 06:00:00+00:00,34,1,110030,110.9375,110.984375,110.90625,110.984375,9696,ZNH4
2023-12-08 07:00:00+00:00,34,1,110030,110.984375,110.984375,110.859375,110.90625,28000,ZNH4
2023-12-08 08:00:00+00:00,34,1,110030,110.90625,110.96875,110.75,110.8125,60452,ZNH4
2023-12-08 09:00:00+00:00,34,1,110030,110.8125,110.828125,110.75,110.78125,29352,ZNH4
2023-12-08 10:00:00+00:00,34,1,110030,110.765625,110.828125,110.71875,110.75,36413,ZNH4
2023-12-08 11:00:00+00:00,34,1,110030,110.765625,110.765625,110.703125,110.765625,33404,ZNH4
2023-12-08 12:00:00+00:00,34,1,110030,110.75,110.796875,110.671875,110.734375,72130,ZNH4
2023-12-08 13:00:00+00:00,34,1,110030,110.75,110.765625,110.015625,110.34375,534067,ZNH4
2023-12-08 14:00:00+00:00,34,1,110030,110.34375,110.5,110.25,110.375,322006,ZNH4
2023-12-08 15:00:00+00:00,34,1,110030,110.390625,110.5625,110.265625,110.296875,242540,ZNH4
2023-12-08 16:00:00+00:00,34,1,110030,110.296875,110.3125,110.15625,110.1875,117814,ZNH4
2023-12-08 17:00:00+00:00,34,1,110030,110.1875,110.375,110.15625,110.34375,113503,ZNH4
2023-12-08 18:00:00+00:00,34,1,110030,110.359375,110.390625,110.296875,110.3125,75459,ZNH4
2023-12-08 19:00:00+00:00,34,1,110030,110.328125,110.40625,110.234375,110.265625,98370,ZNH4
2023-12-08 20:00:00+00:00,34,1,110030,110.28125,110.375,110.25,110.359375,84020,ZNH4
2023-12-08 21:00:00+00:00,34,1,110030,110.34375,110.390625,110.3125,110.375,34090,ZNH4
2023-12-10 23:00:00+00:00,34,1,110030,110.296875,110.359375,110.265625,110.296875,18740,ZNH4
2023-12-11 00:00:00+00:00,34,1,110030,110.296875,110.34375,110.21875,110.265625,20267,ZNH4
2023-12-11 01:00:00+00:00,34,1,110030,110.265625,110.328125,110.21875,110.25,22626,ZNH4
2023-12-11 02:00:00+00:00,34,1,110030,110.234375,110.296875,110.234375,110.28125,12688,ZNH4
2023-12-11 03:00:00+00:00,34,1,110030,110.28125,110.296875,110.234375,110.25,7856,ZNH4
2023-12-11 04:00:00+00:00,34,1,110030,110.25,110.28125,110.234375,110.234375,4369,ZNH4
2023-12-11 05:00:00+00:00,34,1,110030,110.25,110.265625,110.21875,110.21875,4909,ZNH4
2023-12-11 06:00:00+00:00,34,1,110030,110.234375,110.234375,110.15625,110.1875,16426,ZNH4
2023-12-11 07:00:00+00:00,34,1,110030,110.1875,110.28125,110.1875,110.203125,48729,ZNH4
2023-12-11 08:00:00+00:00,34,1,110030,110.1875,110.21875,110.109375,110.1875,45053,ZNH4
2023-12-11 09:00:00+00:00,34,1,110030,110.1875,110.25,110.1875,110.234375,38989,ZNH4
2023-12-11 10:00:00+00:00,34,1,110030,110.234375,110.234375,110.15625,110.171875,29834,ZNH4
2023-12-11 11:00:00+00:00,34,1,110030,110.15625,110.234375,110.140625,110.1875,24199,ZNH4
2023-12-11 12:00:00+00:00,34,1,110030,110.171875,110.203125,110.0625,110.078125,46748,ZNH4
2023-12-11 13:00:00+00:00,34,1,110030,110.078125,110.109375,110.015625,110.109375,98946,ZNH4
2023-12-11 14:00:00+00:00,34,1,110030,110.109375,110.171875,110.078125,110.109375,102080,ZNH4
2023-12-11 15:00:00+00:00,34,1,110030,110.125,110.1875,110.0625,110.140625,118920,ZNH4
2023-12-11 16:00:00+00:00,34,1,110030,110.140625,110.203125,110.03125,110.046875,126138,ZNH4
2023-12-11 17:00:00+00:00,34,1,110030,110.046875,110.09375,110.015625,110.046875,106141,ZNH4
2023-12-11 18:00:00+00:00,34,1,110030,110.03125,110.28125,109.984375,110.28125,164568,ZNH4
2023-12-11 19:00:00+00:00,34,1,110030,110.265625,110.40625,110.25,110.328125,115525,ZNH4
2023-12-11 20:00:00+00:00,34,1,110030,110.34375,110.375,110.296875,110.359375,80068,ZNH4
2023-12-11 21:00:00+00:00,34,1,110030,110.34375,110.375,110.3125,110.34375,51430,ZNH4
2023-12-11 23:00:00+00:00,34,1,110030,110.34375,110.375,110.3125,110.3125,6415,ZNH4
2023-12-12 00:00:00+00:00,34,1,110030,110.328125,110.359375,110.296875,110.328125,13314,ZNH4
2023-12-12 01:00:00+00:00,34,1,110030,110.328125,110.375,110.296875,110.328125,13763,ZNH4
2023-12-12 02:00:00+00:00,34,1,110030,110.328125,110.375,110.328125,110.359375,4020,ZNH4
2023-12-12 03:00:00+00:00,34,1,110030,110.34375,110.5,110.34375,110.46875,35978,ZNH4
2023-12-12 04:00:00+00:00,34,1,110030,110.46875,110.5,110.4375,110.46875,9474,ZNH4
2023-12-12 05:00:00+00:00,34,1,110030,110.46875,110.5625,110.46875,110.53125,14631,ZNH4
2023-12-12 06:00:00+00:00,34,1,110030,110.53125,110.5625,110.5,110.53125,8468,ZNH4
2023-12-12 07:00:00+00:00,34,1,110030,110.515625,110.65625,110.5,110.65625,54008,ZNH4
2023-12-12 08:00:00+00:00,34,1,110030,110.65625,110.671875,110.578125,110.59375,50039,ZNH4
2023-12-12 09:00:00+00:00,34,1,110030,110.59375,110.625,110.53125,110.609375,34670,ZNH4
2023-12-12 10:00:00+00:00,34,1,110030,110.59375,110.671875,110.578125,110.640625,32008,ZNH4
2023-12-12 11:00:00+00:00,34,1,110030,110.640625,110.6875,110.609375,110.625,29909,ZNH4
2023-12-12 12:00:00+00:00,34,1,110030,110.640625,110.6875,110.609375,110.625,58371,ZNH4
2023-12-12 13:00:00+00:00,34,1,110030,110.625,110.984375,110.3125,110.34375,397366,ZNH4
2023-12-12 14:00:00+00:00,34,1,110030,110.34375,110.515625,110.234375,110.34375,252973,ZNH4
2023-12-12 15:00:00+00:00,34,1,110030,110.328125,110.46875,110.3125,110.46875,111448,ZNH4
2023-12-12 16:00:00+00:00,34,1,110030,110.453125,110.53125,110.421875,110.484375,111593,ZNH4
2023-12-12 17:00:00+00:00,34,1,110030,110.484375,110.5,110.359375,110.390625,84351,ZNH4
2023-12-12 18:00:00+00:00,34,1,110030,110.375,110.625,110.359375,110.578125,149597,ZNH4
2023-12-12 19:00:00+00:00,34,1,110030,110.5625,110.59375,110.515625,110.53125,96552,ZNH4
2023-12-12 20:00:00+00:00,34,1,110030,110.53125,110.59375,110.5,110.5625,82879,ZNH4
2023-12-12 21:00:00+00:00,34,1,110030,110.5625,110.578125,110.515625,110.5625,47921,ZNH4
2023-12-12 23:00:00+00:00,34,1,110030,110.578125,110.625,110.546875,110.578125,10059,ZNH4
2023-12-13 00:00:00+00:00,34,1,110030,110.59375,110.59375,110.53125,110.59375,8743,ZNH4
2023-12-13 01:00:00+00:00,34,1,110030,110.59375,110.65625,110.59375,110.640625,12719,ZNH4
2023-12-13 02:00:00+00:00,34,1,110030,110.65625,110.671875,110.609375,110.640625,7250,ZNH4
2023-12-13 03:00:00+00:00,34,1,110030,110.640625,110.65625,110.59375,110.609375,5532,ZNH4
2023-12-13 04:00:00+00:00,34,1,110030,110.609375,110.625,110.59375,110.625,6342,ZNH4
2023-12-13 05:00:00+00:00,34,1,110030,110.625,110.640625,110.578125,110.609375,10596,ZNH4
2023-12-13 06:00:00+00:00,34,1,110030,110.609375,110.609375,110.5,110.5625,11995,ZNH4
2023-12-13 07:00:00+00:00,34,1,110030,110.546875,110.65625,110.53125,110.65625,19131,ZNH4
2023-12-13 08:00:00+00:00,34,1,110030,110.65625,110.703125,110.578125,110.625,49647,ZNH4
2023-12-13 09:00:00+00:00,34,1,110030,110.625,110.6875,110.609375,110.625,30755,ZNH4
2023-12-13 10:00:00+00:00,34,1,110030,110.640625,110.6875,110.59375,110.671875,29900,ZNH4
2023-12-13 11:00:00+00:00,34,1,110030,110.65625,110.71875,110.625,110.703125,29306,ZNH4
2023-12-13 12:00:00+00:00,34,1,110030,110.703125,110.71875,110.65625,110.671875,36601,ZNH4
2023-12-13 13:00:00+00:00,34,1,110030,110.671875,110.96875,110.625,110.84375,206560,ZNH4
2023-12-13 14:00:00+00:00,34,1,110030,110.84375,110.890625,110.765625,110.796875,151604,ZNH4
2023-12-13 15:00:00+00:00,34,1,110030,110.78125,110.890625,110.71875,110.875,131195,ZNH4
2023-12-13 16:00:00+00:00,34,1,110030,110.875,110.90625,110.8125,110.90625,88902,ZNH4
2023-12-13 17:00:00+00:00,34,1,110030,110.890625,110.9375,110.84375,110.859375,62785,ZNH4
2023-12-13 18:00:00+00:00,34,1,110030,110.84375,110.921875,110.796875,110.859375,69109,ZNH4
2023-12-13 19:00:00+00:00,34,1,110030,110.875,112.109375,110.875,111.890625,739309,ZNH4
2023-12-13 20:00:00+00:00,34,1,110030,111.890625,112.0625,111.75,111.984375,299745,ZNH4
2023-12-13 21:00:00+00:00,34,1,110030,111.96875,112.0625,111.9375,112.03125,126911,ZNH4
2023-12-13 23:00:00+00:00,34,1,110030,112.03125,112.125,111.984375,112.03125,26620,ZNH4
2023-12-14 00:00:00+00:00,34,1,110030,112.03125,112.296875,111.984375,112.28125,65286,ZNH4
2023-12-14 01:00:00+00:00,34,1,110030,112.28125,112.328125,112.25,112.265625,47941,ZNH4
2023-12-14 02:00:00+00:00,34,1,110030,112.265625,112.4375,112.25,112.40625,49756,ZNH4
2023-12-14 03:00:00+00:00,34,1,110030,112.40625,112.453125,112.375,112.375,34598,ZNH4
2023-12-14 04:00:00+00:00,34,1,110030,112.375,112.453125,112.25,112.265625,49422,ZNH4
2023-12-14 05:00:00+00:00,34,1,110030,112.265625,112.390625,112.234375,112.375,21274,ZNH4
2023-12-14 06:00:00+00:00,34,1,110030,112.375,112.59375,112.359375,112.578125,52510,ZNH4
2023-12-14 07:00:00+00:00,34,1,110030,112.578125,112.609375,112.40625,112.421875,72608,ZNH4
2023-12-14 08:00:00+00:00,34,1,110030,112.421875,112.65625,112.40625,112.53125,104813,ZNH4
2023-12-14 09:00:00+00:00,34,1,110030,112.546875,112.71875,112.515625,112.59375,93405,ZNH4
2023-12-14 10:00:00+00:00,34,1,110030,112.578125,112.59375,112.484375,112.53125,67711,ZNH4
2023-12-14 11:00:00+00:00,34,1,110030,112.53125,112.609375,112.484375,112.515625,63548,ZNH4
2023-12-14 12:00:00+00:00,34,1,110030,112.5,112.625,112.40625,112.59375,126481,ZNH4
2023-12-14 13:00:00+00:00,34,1,110030,112.59375,112.640625,112.203125,112.453125,461310,ZNH4
2023-12-14 14:00:00+00:00,34,1,110030,112.453125,112.59375,112.34375,112.453125,355444,ZNH4
2023-12-14 15:00:00+00:00,34,1,110030,112.453125,112.625,112.375,112.59375,263524,ZNH4
2023-12-14 16:00:00+00:00,34,1,110030,112.609375,112.875,112.59375,112.75,227463,ZNH4
2023-12-14 17:00:00+00:00,34,1,110030,112.75,112.859375,112.609375,112.640625,154940,ZNH4
2023-12-14 18:00:00+00:00,34,1,110030,112.640625,112.640625,112.46875,112.484375,102535,ZNH4
2023-12-14 19:00:00+00:00,34,1,110030,112.484375,112.546875,112.453125,112.515625,180365,ZNH4
2023-12-14 20:00:00+00:00,34,1,110030,112.515625,112.671875,112.46875,112.640625,149059,ZNH4
2023-12-14 21:00:00+00:00,34,1,110030,112.65625,112.65625,112.515625,112.546875,83479,ZNH4
2023-12-14 23:00:00+00:00,34,1,110030,112.546875,112.546875,112.453125,112.484375,12593,ZNH4
2023-12-15 00:00:00+00:00,34,1,110030,112.484375,112.5,112.28125,112.296875,25679,ZNH4
2023-12-15 01:00:00+00:00,34,1,110030,112.3125,112.34375,112.25,112.3125,23763,ZNH4
2023-12-15 02:00:00+00:00,34,1,110030,112.296875,112.390625,112.28125,112.34375,15393,ZNH4
2023-12-15 03:00:00+00:00,34,1,110030,112.34375,112.375,112.296875,112.34375,10216,ZNH4
2023-12-15 04:00:00+00:00,34,1,110030,112.359375,112.40625,112.328125,112.375,11173,ZNH4
2023-12-15 05:00:00+00:00,34,1,110030,112.390625,112.40625,112.328125,112.34375,11219,ZNH4
2023-12-15 06:00:00+00:00,34,1,110030,112.34375,112.390625,112.296875,112.390625,18800,ZNH4
2023-12-15 07:00:00+00:00,34,1,110030,112.375,112.484375,112.359375,112.46875,33528,ZNH4
2023-12-15 08:00:00+00:00,34,1,110030,112.46875,112.640625,112.453125,112.625,84377,ZNH4
2023-12-15 09:00:00+00:00,34,1,110030,112.625,112.6875,112.578125,112.671875,57201,ZNH4
2023-12-15 10:00:00+00:00,34,1,110030,112.671875,112.671875,112.59375,112.609375,28903,ZNH4
2023-12-15 11:00:00+00:00,34,1,110030,112.609375,112.625,112.5625,112.578125,28619,ZNH4
2023-12-15 12:00:00+00:00,34,1,110030,112.59375,112.75,112.578125,112.671875,72045,ZNH4
2023-12-15 13:00:00+00:00,34,1,110030,112.671875,112.6875,112.125,112.28125,351970,ZNH4
2023-12-15 14:00:00+00:00,34,1,110030,112.28125,112.609375,112.265625,112.5,242166,ZNH4
2023-12-15 15:00:00+00:00,34,1,110030,112.515625,112.671875,112.484375,112.5625,175486,ZNH4
2023-12-15 16:00:00+00:00,34,1,110030,112.546875,112.609375,112.421875,112.53125,100611,ZNH4
2023-12-15 17:00:00+00:00,34,1,110030,112.546875,112.5625,112.453125,112.484375,75927,ZNH4
2023-12-15 18:00:00+00:00,34,1,110030,112.5,112.515625,112.359375,112.390625,74220,ZNH4
2023-12-15 19:00:00+00:00,34,1,110030,112.40625,112.453125,112.359375,112.40625,142289,ZNH4
2023-12-15 20:00:00+00:00,34,1,110030,112.40625,112.546875,112.40625,112.484375,107587,ZNH4
2023-12-15 21:00:00+00:00,34,1,110030,112.484375,112.546875,112.46875,112.515625,50246,ZNH4
2023-12-17 23:00:00+00:00,34,1,110030,112.484375,112.484375,112.421875,112.4375,11304,ZNH4
2023-12-18 00:00:00+00:00,34,1,110030,112.4375,112.453125,112.375,112.4375,14360,ZNH4
2023-12-18 01:00:00+00:00,34,1,110030,112.4375,112.46875,112.390625,112.453125,8600,ZNH4
2023-12-18 02:00:00+00:00,34,1,110030,112.453125,112.484375,112.421875,112.4375,5902,ZNH4
2023-12-18 03:00:00+00:00,34,1,110030,112.4375,112.515625,112.4375,112.46875,7378,ZNH4
2023-12-18 04:00:00+00:00,34,1,110030,112.46875,112.5625,112.46875,112.546875,6091,ZNH4
2023-12-18 05:00:00+00:00,34,1,110030,112.546875,112.609375,112.53125,112.59375,12413,ZNH4
2023-12-18 06:00:00+00:00,34,1,110030,112.578125,112.59375,112.515625,112.53125,10649,ZNH4
2023-12-18 07:00:00+00:00,34,1,110030,112.53125,112.578125,112.46875,112.53125,28403,ZNH4
2023-12-18 08:00:00+00:00,34,1,110030,112.53125,112.609375,112.5,112.5625,31197,ZNH4
2023-12-18 09:00:00+00:00,34,1,110030,112.5625,112.640625,112.546875,112.625,27331,ZNH4
2023-12-18 10:00:00+00:00,34,1,110030,112.609375,112.671875,112.59375,112.609375,17290,ZNH4
2023-12-18 11:00:00+00:00,34,1,110030,112.609375,112.640625,112.546875,112.578125,20564,ZNH4
2023-12-18 12:00:00+00:00,34,1,110030,112.578125,112.625,112.546875,112.609375,24275,ZNH4
2023-12-18 13:00:00+00:00,34,1,110030,112.59375,112.609375,112.390625,112.390625,100396,ZNH4
2023-12-18 14:00:00+00:00,34,1,110030,112.390625,112.40625,112.21875,112.265625,168567,ZNH4
2023-12-18 15:00:00+00:00,34,1,110030,112.265625,112.296875,112.1875,112.28125,170544,ZNH4
2023-12-18 16:00:00+00:00,34,1,110030,112.28125,112.3125,112.234375,112.25,80657,ZNH4
2023-12-18 17:00:00+00:00,34,1,110030,112.25,112.28125,112.203125,112.25,53205,ZNH4
2023-12-18 18:00:00+00:00,34,1,110030,112.25,112.265625,112.203125,112.265625,55230,ZNH4
2023-12-18 19:00:00+00:00,34,1,110030,112.265625,112.28125,112.234375,112.25,75034,ZNH4
2023-12-18 20:00:00+00:00,34,1,110030,112.25,112.3125,112.21875,112.28125,67958,ZNH4
2023-12-18 21:00:00+00:00,34,1,110030,112.296875,112.40625,112.28125,112.390625,41213,ZNH4
2023-12-18 23:00:00+00:00,34,1,110030,112.390625,112.4375,112.390625,112.421875,7771,ZNH4
2023-12-19 00:00:00+00:00,34,1,110030,112.421875,112.453125,112.296875,112.328125,15825,ZNH4
2023-12-19 01:00:00+00:00,34,1,110030,112.3125,112.34375,112.296875,112.296875,7263,ZNH4
2023-12-19 02:00:00+00:00,34,1,110030,112.296875,112.40625,112.28125,112.390625,14594,ZNH4
2023-12-19 03:00:00+00:00,34,1,110030,112.390625,112.46875,112.265625,112.296875,25841,ZNH4
2023-12-19 04:00:00+00:00,34,1,110030,112.296875,112.328125,112.25,112.3125,12389,ZNH4
2023-12-19 05:00:00+00:00,34,1,110030,112.296875,112.328125,112.296875,112.3125,7072,ZNH4
2023-12-19 06:00:00+00:00,34,1,110030,112.328125,112.421875,112.296875,112.40625,14251,ZNH4
2023-12-19 07:00:00+00:00,34,1,110030,112.40625,112.53125,112.390625,112.5,36723,ZNH4
2023-12-19 08:00:00+00:00,34,1,110030,112.5,112.546875,112.4375,112.515625,38066,ZNH4
2023-12-19 09:00:00+00:00,34,1,110030,112.515625,112.546875,112.46875,112.53125,25325,ZNH4
2023-12-19 10:00:00+00:00,34,1,110030,112.546875,112.578125,112.5,112.515625,25787,ZNH4
2023-12-19 11:00:00+00:00,34,1,110030,112.515625,112.53125,112.4375,112.46875,20857,ZNH4
2023-12-19 12:00:00+00:00,34,1,110030,112.46875,112.59375,112.453125,112.59375,43222,ZNH4
2023-12-19 13:00:00+00:00,34,1,110030,112.578125,112.640625,112.453125,112.515625,112652,ZNH4
2023-12-19 14:00:00+00:00,34,1,110030,112.515625,112.59375,112.375,112.59375,123040,ZNH4
2023-12-19 15:00:00+00:00,34,1,110030,112.59375,112.609375,112.4375,112.546875,111686,ZNH4
2023-12-19 16:00:00+00:00,34,1,110030,112.53125,112.578125,112.484375,112.53125,57048,ZNH4
2023-12-19 17:00:00+00:00,34,1,110030,112.53125,112.5625,112.421875,112.4375,42000,ZNH4
2023-12-19 18:00:00+00:00,34,1,110030,112.421875,112.46875,112.375,112.4375,64443,ZNH4
2023-12-19 19:00:00+00:00,34,1,110030,112.453125,112.484375,112.390625,112.4375,92411,ZNH4
2023-12-19 20:00:00+00:00,34,1,110030,112.421875,112.4375,112.359375,112.4375,69355,ZNH4
2023-12-19 21:00:00+00:00,34,1,110030,112.421875,112.4375,112.359375,112.390625,53122,ZNH4
2023-12-19 23:00:00+00:00,34,1,110030,112.375,112.453125,112.34375,112.453125,6510,ZNH4
2023-12-20 00:00:00+00:00,34,1,110030,112.4375,112.5,112.421875,112.484375,11757,ZNH4
2023-12-20 01:00:00+00:00,34,1,110030,112.46875,112.5,112.453125,112.46875,7075,ZNH4
2023-12-20 02:00:00+00:00,34,1,110030,112.46875,112.484375,112.421875,112.46875,4810,ZNH4
2023-12-20 03:00:00+00:00,34,1,110030,112.46875,112.5,112.453125,112.5,4171,ZNH4
2023-12-20 04:00:00+00:00,34,1,110030,112.484375,112.515625,112.484375,112.5,7416,ZNH4
2023-12-20 05:00:00+00:00,34,1,110030,112.5,112.53125,112.5,112.53125,6939,ZNH4
2023-12-20 06:00:00+00:00,34,1,110030,112.53125,112.5625,112.515625,112.5625,13250,ZNH4
2023-12-20 07:00:00+00:00,34,1,110030,112.546875,112.671875,112.53125,112.625,60064,ZNH4
2023-12-20 08:00:00+00:00,34,1,110030,112.625,112.65625,112.515625,112.640625,59219,ZNH4
2023-12-20 09:00:00+00:00,34,1,110030,112.640625,112.734375,112.609375,112.6875,51675,ZNH4
2023-12-20 10:00:00+00:00,34,1,110030,112.6875,112.71875,112.640625,112.6875,29588,ZNH4
2023-12-20 11:00:00+00:00,34,1,110030,112.6875,112.734375,112.640625,112.703125,23399,ZNH4
2023-12-20 12:00:00+00:00,34,1,110030,112.6875,112.796875,112.671875,112.734375,47814,ZNH4
2023-12-20 13:00:00+00:00,34,1,110030,112.734375,112.796875,112.703125,112.78125,92639,ZNH4
2023-12-20 14:00:00+00:00,34,1,110030,112.78125,112.796875,112.609375,112.703125,84038,ZNH4
2023-12-20 15:00:00+00:00,34,1,110030,112.703125,112.703125,112.453125,112.546875,160442,ZNH4
2023-12-20 16:00:00+00:00,34,1,110030,112.546875,112.609375,112.5,112.59375,120535,ZNH4
2023-12-20 17:00:00+00:00,34,1,110030,112.59375,112.6875,112.515625,112.65625,74546,ZNH4
2023-12-20 18:00:00+00:00,34,1,110030,112.65625,112.75,112.578125,112.734375,98888,ZNH4
2023-12-20 19:00:00+00:00,34,1,110030,112.71875,112.78125,112.671875,112.78125,102291,ZNH4
2023-12-20 20:00:00+00:00,34,1,110030,112.78125,112.953125,112.765625,112.890625,185145,ZNH4
2023-12-20 21:00:00+00:00,34,1,110030,112.875,112.984375,112.859375,112.953125,84724,ZNH4
2023-12-20 23:00:00+00:00,34,1,110030,112.953125,112.953125,112.84375,112.84375,14329,ZNH4
2023-12-21 00:00:00+00:00,34,1,110030,112.84375,112.875,112.828125,112.84375,10441,ZNH4
2023-12-21 01:00:00+00:00,34,1,110030,112.828125,112.890625,112.8125,112.890625,11210,ZNH4
2023-12-21 02:00:00+00:00,34,1,110030,112.875,112.9375,112.828125,112.84375,16345,ZNH4
2023-12-21 03:00:00+00:00,34,1,110030,112.859375,112.875,112.828125,112.859375,6232,ZNH4
2023-12-21 04:00:00+00:00,34,1,110030,112.859375,112.875,112.84375,112.859375,5054,ZNH4
2023-12-21 05:00:00+00:00,34,1,110030,112.84375,112.859375,112.765625,112.78125,9397,ZNH4
2023-12-21 06:00:00+00:00,34,1,110030,112.796875,112.796875,112.671875,112.703125,12516,ZNH4
2023-12-21 07:00:00+00:00,34,1,110030,112.703125,112.765625,112.671875,112.71875,29909,ZNH4
2023-12-21 08:00:00+00:00,34,1,110030,112.71875,112.84375,112.703125,112.828125,28890,ZNH4
2023-12-21 09:00:00+00:00,34,1,110030,112.84375,112.84375,112.71875,112.75,25427,ZNH4
2023-12-21 10:00:00+00:00,34,1,110030,112.75,112.765625,112.65625,112.671875,24361,ZNH4
2023-12-21 11:00:00+00:00,34,1,110030,112.671875,112.71875,112.65625,112.71875,17559,ZNH4
2023-12-21 12:00:00+00:00,34,1,110030,112.71875,112.859375,112.6875,112.859375,35783,ZNH4
2023-12-21 13:00:00+00:00,34,1,110030,112.859375,113.125,112.734375,113.015625,248806,ZNH4
2023-12-21 14:00:00+00:00,34,1,110030,113.03125,113.140625,112.921875,112.953125,168700,ZNH4
2023-12-21 15:00:00+00:00,34,1,110030,112.9375,112.953125,112.703125,112.78125,174787,ZNH4
2023-12-21 16:00:00+00:00,34,1,110030,112.78125,112.890625,112.75,112.765625,77371,ZNH4
2023-12-21 17:00:00+00:00,34,1,110030,112.75,112.8125,112.703125,112.75,85198,ZNH4
2023-12-21 18:00:00+00:00,34,1,110030,112.734375,112.765625,112.578125,112.640625,121059,ZNH4
2023-12-21 19:00:00+00:00,34,1,110030,112.640625,112.71875,112.640625,112.6875,101746,ZNH4
2023-12-21 20:00:00+00:00,34,1,110030,112.6875,112.734375,112.65625,112.734375,79324,ZNH4
2023-12-21 21:00:00+00:00,34,1,110030,112.734375,112.734375,112.671875,112.734375,42802,ZNH4
2023-12-21 23:00:00+00:00,34,1,110030,112.6875,112.75,112.6875,112.75,5732,ZNH4
2023-12-22 00:00:00+00:00,34,1,110030,112.734375,112.796875,112.6875,112.703125,12524,ZNH4
2023-12-22 01:00:00+00:00,34,1,110030,112.703125,112.703125,112.640625,112.65625,6586,ZNH4
2023-12-22 02:00:00+00:00,34,1,110030,112.65625,112.671875,112.625,112.625,3660,ZNH4
2023-12-22 03:00:00+00:00,34,1,110030,112.625,112.640625,112.59375,112.625,7590,ZNH4
2023-12-22 04:00:00+00:00,34,1,110030,112.625,112.640625,112.5625,112.625,9419,ZNH4
2023-12-22 05:00:00+00:00,34,1,110030,112.625,112.6875,112.609375,112.6875,6703,ZNH4
2023-12-22 06:00:00+00:00,34,1,110030,112.671875,112.703125,112.65625,112.6875,6572,ZNH4
2023-12-22 07:00:00+00:00,34,1,110030,112.703125,112.734375,112.65625,112.71875,19611,ZNH4
2023-12-22 08:00:00+00:00,34,1,110030,112.734375,112.8125,112.6875,112.796875,24580,ZNH4
2023-12-22 09:00:00+00:00,34,1,110030,112.796875,112.875,112.796875,112.875,20424,ZNH4
2023-12-22 10:00:00+00:00,34,1,110030,112.875,112.890625,112.828125,112.828125,9501,ZNH4
2023-12-22 11:00:00+00:00,34,1,110030,112.828125,112.890625,112.828125,112.859375,13288,ZNH4
2023-12-22 12:00:00+00:00,34,1,110030,112.859375,112.96875,112.84375,112.890625,38674,ZNH4
2023-12-22 13:00:00+00:00,34,1,110030,112.90625,112.96875,112.671875,112.828125,167950,ZNH4
2023-12-22 14:00:00+00:00,34,1,110030,112.828125,112.9375,112.765625,112.796875,111433,ZNH4
2023-12-22 15:00:00+00:00,34,1,110030,112.796875,112.828125,112.609375,112.609375,108508,ZNH4
2023-12-22 16:00:00+00:00,34,1,110030,112.609375,112.671875,112.515625,112.515625,91904,ZNH4
2023-12-22 17:00:00+00:00,34,1,110030,112.53125,112.59375,112.5,112.59375,79136,ZNH4
2023-12-22 18:00:00+00:00,34,1,110030,112.59375,112.6875,112.578125,112.671875,41943,ZNH4
2023-12-22 19:00:00+00:00,34,1,110030,112.671875,112.671875,112.625,112.671875,16733,ZNH4
2023-12-22 20:00:00+00:00,34,1,110030,112.671875,112.6875,112.625,112.65625,8963,ZNH4
2023-12-22 21:00:00+00:00,34,1,110030,112.640625,112.71875,112.640625,112.71875,10390,ZNH4
2023-12-25 23:00:00+00:00,34,1,110030,112.671875,112.6875,112.609375,112.625,2998,ZNH4
2023-12-26 00:00:00+00:00,34,1,110030,112.640625,112.703125,112.609375,112.6875,2898,ZNH4
2023-12-26 01:00:00+00:00,34,1,110030,112.703125,112.734375,112.6875,112.734375,2549,ZNH4
2023-12-26 02:00:00+00:00,34,1,110030,112.734375,112.75,112.71875,112.734375,2833,ZNH4
2023-12-26 03:00:00+00:00,34,1,110030,112.734375,112.734375,112.703125,112.734375,2421,ZNH4
2023-12-26 04:00:00+00:00,34,1,110030,112.71875,112.734375,112.6875,112.703125,1472,ZNH4
2023-12-26 05:00:00+00:00,34,1,110030,112.703125,112.75,112.6875,112.71875,5272,ZNH4
2023-12-26 06:00:00+00:00,34,1,110030,112.734375,112.734375,112.703125,112.703125,2097,ZNH4
2023-12-26 07:00:00+00:00,34,1,110030,112.703125,112.71875,112.671875,112.671875,1380,ZNH4
2023-12-26 08:00:00+00:00,34,1,110030,112.671875,112.703125,112.671875,112.6875,2904,ZNH4
2023-12-26 09:00:00+00:00,34,1,110030,112.671875,112.6875,112.65625,112.65625,1333,ZNH4
2023-12-26 10:00:00+00:00,34,1,110030,112.65625,112.6875,112.640625,112.671875,2597,ZNH4
2023-12-26 11:00:00+00:00,34,1,110030,112.671875,112.703125,112.671875,112.671875,5712,ZNH4
2023-12-26 12:00:00+00:00,34,1,110030,112.671875,112.671875,112.578125,112.59375,8581,ZNH4
2023-12-26 13:00:00+00:00,34,1,110030,112.59375,112.671875,112.546875,112.578125,39917,ZNH4
2023-12-26 14:00:00+00:00,34,1,110030,112.578125,112.640625,112.546875,112.609375,41650,ZNH4
2023-12-26 15:00:00+00:00,34,1,110030,112.625,112.671875,112.578125,112.59375,31780,ZNH4
2023-12-26 16:00:00+00:00,34,1,110030,112.59375,112.609375,112.546875,112.609375,27973,ZNH4
2023-12-26 17:00:00+00:00,34,1,110030,112.59375,112.625,112.546875,112.59375,25582,ZNH4
2023-12-26 18:00:00+00:00,34,1,110030,112.59375,112.6875,112.578125,112.65625,47722,ZNH4
2023-12-26 19:00:00+00:00,34,1,110030,112.65625,112.75,112.640625,112.71875,58101,ZNH4
2023-12-26 20:00:00+00:00,34,1,110030,112.71875,112.71875,112.625,112.625,32713,ZNH4
2023-12-26 21:00:00+00:00,34,1,110030,112.625,112.65625,112.59375,112.609375,19039,ZNH4
2023-12-26 23:00:00+00:00,34,1,110030,112.640625,112.640625,112.578125,112.59375,3799,ZNH4
2023-12-27 00:00:00+00:00,34,1,110030,112.609375,112.6875,112.5625,112.6875,7093,ZNH4
2023-12-27 01:00:00+00:00,34,1,110030,112.6875,112.71875,112.65625,112.703125,8124,ZNH4
2023-12-27 02:00:00+00:00,34,1,110030,112.703125,112.734375,112.6875,112.71875,4278,ZNH4
2023-12-27 03:00:00+00:00,34,1,110030,112.71875,112.734375,112.703125,112.703125,1987,ZNH4
2023-12-27 04:00:00+00:00,34,1,110030,112.71875,112.71875,112.703125,112.71875,2828,ZNH4
2023-12-27 05:00:00+00:00,34,1,110030,112.71875,112.75,112.703125,112.71875,4307,ZNH4
2023-12-27 06:00:00+00:00,34,1,110030,112.71875,112.75,112.703125,112.71875,3502,ZNH4
2023-12-27 07:00:00+00:00,34,1,110030,112.734375,112.734375,112.671875,112.734375,14732,ZNH4
2023-12-27 08:00:00+00:00,34,1,110030,112.734375,112.796875,112.71875,112.796875,26933,ZNH4
2023-12-27 09:00:00+00:00,34,1,110030,112.796875,112.8125,112.734375,112.734375,17073,ZNH4
2023-12-27 10:00:00+00:00,34,1,110030,112.734375,112.765625,112.71875,112.75,12926,ZNH4
2023-12-27 11:00:00+00:00,34,1,110030,112.75,112.78125,112.734375,112.78125,8251,ZNH4
2023-12-27 12:00:00+00:00,34,1,110030,112.765625,112.8125,112.765625,112.78125,18485,ZNH4
2023-12-27 13:00:00+00:00,34,1,110030,112.765625,112.984375,112.765625,112.953125,102248,ZNH4
2023-12-27 14:00:00+00:00,34,1,110030,112.953125,112.984375,112.90625,112.9375,68187,ZNH4
2023-12-27 15:00:00+00:00,34,1,110030,112.953125,113.09375,112.9375,113.078125,94992,ZNH4
2023-12-27 16:00:00+00:00,34,1,110030,113.078125,113.171875,113.046875,113.15625,84368,ZNH4
2023-12-27 17:00:00+00:00,34,1,110030,113.15625,113.1875,113.109375,113.140625,66962,ZNH4
2023-12-27 18:00:00+00:00,34,1,110030,113.125,113.328125,113.109375,113.328125,100102,ZNH4
2023-12-27 19:00:00+00:00,34,1,110030,113.3125,113.359375,113.265625,113.34375,87518,ZNH4
2023-12-27 20:00:00+00:00,34,1,110030,113.34375,113.34375,113.28125,113.34375,67657,ZNH4
2023-12-27 21:00:00+00:00,34,1,110030,113.34375,113.375,113.28125,113.296875,41000,ZNH4
2023-12-27 23:00:00+00:00,34,1,110030,113.234375,113.296875,113.21875,113.25,9404,ZNH4
2023-12-28 00:00:00+00:00,34,1,110030,113.25,113.28125,113.15625,113.1875,25399,ZNH4
2023-12-28 01:00:00+00:00,34,1,110030,113.203125,113.203125,113.15625,113.203125,6979,ZNH4
2023-12-28 02:00:00+00:00,34,1,110030,113.1875,113.203125,113.1875,113.1875,4017,ZNH4
2023-12-28 03:00:00+00:00,34,1,110030,113.1875,113.25,113.1875,113.203125,5740,ZNH4
2023-12-28 04:00:00+00:00,34,1,110030,113.1875,113.21875,113.140625,113.203125,11877,ZNH4
2023-12-28 05:00:00+00:00,34,1,110030,113.1875,113.234375,113.171875,113.21875,6452,ZNH4
2023-12-28 06:00:00+00:00,34,1,110030,113.203125,113.21875,113.1875,113.1875,6122,ZNH4
2023-12-28 07:00:00+00:00,34,1,110030,113.1875,113.21875,113.171875,113.21875,14920,ZNH4
2023-12-28 08:00:00+00:00,34,1,110030,113.21875,113.21875,113.109375,113.109375,28087,ZNH4
2023-12-28 09:00:00+00:00,34,1,110030,113.125,113.171875,113.09375,113.15625,23052,ZNH4
2023-12-28 10:00:00+00:00,34,1,110030,113.171875,113.1875,113.125,113.15625,19924,ZNH4
2023-12-28 11:00:00+00:00,34,1,110030,113.140625,113.15625,113.125,113.140625,7672,ZNH4
2023-12-28 12:00:00+00:00,34,1,110030,113.140625,113.1875,113.125,113.140625,14126,ZNH4
2023-12-28 13:00:00+00:00,34,1,110030,113.140625,113.21875,113.03125,113.046875,75965,ZNH4
2023-12-28 14:00:00+00:00,34,1,110030,113.046875,113.125,113.015625,113.046875,82792,ZNH4
2023-12-28 15:00:00+00:00,34,1,110030,113.0625,113.203125,113.03125,113.1875,97545,ZNH4
2023-12-28 16:00:00+00:00,34,1,110030,113.171875,113.1875,113.0,113.03125,87808,ZNH4
2023-12-28 17:00:00+00:00,34,1,110030,113.015625,113.0625,112.984375,113.03125,78526,ZNH4
2023-12-28 18:00:00+00:00,34,1,110030,113.046875,113.046875,112.796875,112.890625,118025,ZNH4
2023-12-28 19:00:00+00:00,34,1,110030,112.890625,112.890625,112.8125,112.890625,68001,ZNH4
2023-12-28 20:00:00+00:00,34,1,110030,112.875,112.96875,112.875,112.90625,94669,ZNH4
2023-12-28 21:00:00+00:00,34,1,110030,112.921875,112.953125,112.90625,112.9375,37740,ZNH4
2023-12-28 23:00:00+00:00,34,1,110030,112.921875,112.96875,112.90625,112.953125,5306,ZNH4
2023-12-29 00:00:00+00:00,34,1,110030,112.953125,112.96875,112.890625,112.96875,6748,ZNH4
2023-12-29 01:00:00+00:00,34,1,110030,112.96875,112.984375,112.9375,112.96875,6613,ZNH4
2023-12-29 02:00:00+00:00,34,1,110030,112.96875,113.03125,112.96875,112.96875,6744,ZNH4
2023-12-29 03:00:00+00:00,34,1,110030,112.96875,112.984375,112.953125,112.96875,2622,ZNH4
2023-12-29 04:00:00+00:00,34,1,110030,112.96875,112.984375,112.953125,112.96875,3144,ZNH4
2023-12-29 05:00:00+00:00,34,1,110030,112.96875,112.984375,112.921875,112.9375,9702,ZNH4
2023-12-29 06:00:00+00:00,34,1,110030,112.953125,112.984375,112.9375,112.96875,5903,ZNH4
2023-12-29 07:00:00+00:00,34,1,110030,112.953125,113.0,112.9375,112.96875,19554,ZNH4
2023-12-29 08:00:00+00:00,34,1,110030,112.984375,112.984375,112.78125,112.796875,36563,ZNH4
2023-12-29 09:00:00+00:00,34,1,110030,112.78125,112.796875,112.671875,112.671875,48425,ZNH4
2023-12-29 10:00:00+00:00,34,1,110030,112.671875,112.6875,112.625,112.65625,33740,ZNH4
2023-12-29 11:00:00+00:00,34,1,110030,112.65625,112.703125,112.625,112.703125,16976,ZNH4
2023-12-29 12:00:00+00:00,34,1,110030,112.6875,112.71875,112.65625,112.71875,34779,ZNH4
2023-12-29 13:00:00+00:00,34,1,110030,112.703125,112.734375,112.5625,112.578125,94899,ZNH4
2023-12-29 14:00:00+00:00,34,1,110030,112.578125,112.78125,112.578125,112.671875,99659,ZNH4
2023-12-29 15:00:00+00:00,34,1,110030,112.6875,112.828125,112.671875,112.8125,101032,ZNH4
2023-12-29 16:00:00+00:00,34,1,110030,112.8125,112.90625,112.78125,112.875,106375,ZNH4
2023-12-29 17:00:00+00:00,34,1,110030,112.859375,112.9375,112.78125,112.875,233745,ZNH4
2023-12-29 18:00:00+00:00,34,1,110030,112.875,112.890625,112.59375,112.75,211291,ZNH4
2023-12-29 19:00:00+00:00,34,1,110030,112.75,112.796875,112.734375,112.765625,28955,ZNH4
2023-12-29 20:00:00+00:00,34,1,110030,112.75,112.78125,112.703125,112.734375,32936,ZNH4
2023-12-29 21:00:00+00:00,34,1,110030,112.734375,112.734375,112.671875,112.6875,14541,ZNH4
