ts_event,rtype,publisher_id,instrument_id,open,high,low,close,volume,symbol
2022-07-25 15:00:00+00:00,34,1,512153,105.0234375,105.0234375,105.0234375,105.0234375,1,ZTZ2
2022-07-26 13:00:00+00:00,34,1,512153,105.09375,105.09375,105.09375,105.09375,1,ZTZ2
2022-07-27 15:00:00+00:00,34,1,512153,104.8984375,104.8984375,104.8984375,104.8984375,1,ZTZ2
2022-07-27 18:00:00+00:00,34,1,512153,105.0,105.0,105.0,105.0,1,ZTZ2
2022-07-28 00:00:00+00:00,34,1,512153,105.03125,105.03125,105.03125,105.03125,1,ZTZ2
2022-07-28 11:00:00+00:00,34,1,512153,105.21875,105.21875,105.21875,105.21875,2,ZTZ2
2022-07-28 12:00:00+00:00,34,1,512153,105.234375,105.28125,105.234375,105.28125,2,ZTZ2
2022-07-28 13:00:00+00:00,34,1,512153,105.41015625,105.41015625,105.41015625,105.41015625,1,ZTZ2
2022-07-28 20:00:00+00:00,34,1,512153,105.3125,105.3125,105.3125,105.3125,2,ZTZ2
2022-07-29 13:00:00+00:00,34,1,512153,105.26171875,105.26171875,105.26171875,105.26171875,1,ZTZ2
2022-07-29 14:00:00+00:00,34,1,512153,105.26171875,105.26171875,105.26171875,105.26171875,1,ZTZ2
2022-07-29 18:00:00+00:00,34,1,512153,105.26953125,105.26953125,105.26171875,105.26171875,8,ZTZ2
2022-08-01 18:00:00+00:00,34,1,512153,105.23828125,105.23828125,105.23828125,105.23828125,2,ZTZ2
2022-08-02 14:00:00+00:00,34,1,512153,105.15625,105.15625,105.15625,105.15625,1,ZTZ2
2022-08-02 18:00:00+00:00,34,1,512153,104.9765625,104.9765625,104.9765625,104.9765625,2,ZTZ2
2022-08-03 00:00:00+00:00,34,1,512153,104.8515625,104.8515625,104.8515625,104.8515625,4,ZTZ2
2022-08-03 08:00:00+00:00,34,1,512153,105.0,105.0,105.0,105.0,8,ZTZ2
2022-08-03 14:00:00+00:00,34,1,512153,104.765625,104.765625,104.765625,104.765625,1,ZTZ2
2022-08-03 15:00:00+00:00,34,1,512153,104.78515625,104.78515625,104.78515625,104.78515625,1,ZTZ2
2022-08-03 16:00:00+00:00,34,1,512153,104.828125,104.828125,104.828125,104.828125,3,ZTZ2
2022-08-03 18:00:00+00:00,34,1,512153,104.83984375,104.85546875,104.83984375,104.85546875,5,ZTZ2
2022-08-03 19:00:00+00:00,34,1,512153,104.875,104.890625,104.875,104.890625,2,ZTZ2
2022-08-03 20:00:00+00:00,34,1,512153,104.9140625,104.91796875,104.9140625,104.91796875,3,ZTZ2
2022-08-04 11:00:00+00:00,34,1,512153,104.859375,104.859375,104.859375,104.859375,2,ZTZ2
2022-08-04 12:00:00+00:00,34,1,512153,104.9921875,104.9921875,104.9921875,104.9921875,2,ZTZ2
2022-08-04 13:00:00+00:00,34,1,512153,104.87890625,104.87890625,104.87890625,104.87890625,1,ZTZ2
2022-08-04 16:00:00+00:00,34,1,512153,104.98046875,104.98046875,104.98046875,104.98046875,2,ZTZ2
2022-08-04 18:00:00+00:00,34,1,512153,104.9921875,104.9921875,104.984375,104.984375,7,ZTZ2
2022-08-04 20:00:00+00:00,34,1,512153,105.0,105.0,105.0,105.0,3,ZTZ2
2022-08-05 08:00:00+00:00,34,1,512153,105.0234375,105.0234375,105.0234375,105.0234375,2,ZTZ2
2022-08-05 12:00:00+00:00,34,1,512153,104.9375,104.9375,104.69140625,104.7109375,14,ZTZ2
2022-08-05 13:00:00+00:00,34,1,512153,104.66015625,104.671875,104.62890625,104.62890625,5,ZTZ2
2022-08-05 14:00:00+00:00,34,1,512153,104.6640625,104.6796875,104.6640625,104.6796875,2,ZTZ2
2022-08-05 15:00:00+00:00,34,1,512153,104.59375,104.6015625,104.59375,104.59765625,13,ZTZ2
2022-08-05 16:00:00+00:00,34,1,512153,104.61328125,104.61328125,104.6015625,104.6015625,12,ZTZ2
2022-08-05 20:00:00+00:00,34,1,512153,104.59765625,104.64453125,104.59765625,104.64453125,18,ZTZ2
2022-08-07 23:00:00+00:00,34,1,512153,104.62890625,104.62890625,104.62890625,104.62890625,10,ZTZ2
2022-08-08 00:00:00+00:00,34,1,512153,104.59375,104.61328125,104.59375,104.61328125,2,ZTZ2
2022-08-08 03:00:00+00:00,34,1,512153,104.66796875,104.66796875,104.66796875,104.66796875,1,ZTZ2
2022-08-08 07:00:00+00:00,34,1,512153,104.734375,104.734375,104.734375,104.734375,1,ZTZ2
2022-08-08 12:00:00+00:00,34,1,512153,104.66015625,104.69921875,104.66015625,104.69921875,3,ZTZ2
2022-08-08 13:00:00+00:00,34,1,512153,104.6328125,104.640625,104.6328125,104.640625,2,ZTZ2
2022-08-08 15:00:00+00:00,34,1,512153,104.66796875,104.66796875,104.66796875,104.66796875,1,ZTZ2
2022-08-08 16:00:00+00:00,34,1,512153,104.6875,104.6875,104.6796875,104.68359375,5,ZTZ2
2022-08-08 18:00:00+00:00,34,1,512153,104.6796875,104.6796875,104.6796875,104.6796875,5,ZTZ2
2022-08-08 19:00:00+00:00,34,1,512153,104.6875,104.6875,104.6875,104.6875,1,ZTZ2
2022-08-08 22:00:00+00:00,34,1,512153,104.66796875,104.66796875,104.66796875,104.66796875,1,ZTZ2
2022-08-08 23:00:00+00:00,34,1,512153,104.71484375,104.71484375,104.71484375,104.71484375,4,ZTZ2
2022-08-09 04:00:00+00:00,34,1,512153,104.73046875,104.73046875,104.73046875,104.73046875,2,ZTZ2
2022-08-09 06:00:00+00:00,34,1,512153,104.70703125,104.70703125,104.70703125,104.70703125,1,ZTZ2
2022-08-09 11:00:00+00:00,34,1,512153,104.62109375,104.62109375,104.60546875,104.60546875,2,ZTZ2
2022-08-09 12:00:00+00:00,34,1,512153,104.5859375,104.5859375,104.5859375,104.5859375,10,ZTZ2
2022-08-09 13:00:00+00:00,34,1,512153,104.57421875,104.57421875,104.55078125,104.55078125,105,ZTZ2
2022-08-09 14:00:00+00:00,34,1,512153,104.53125,104.55859375,104.53125,104.55859375,4,ZTZ2
2022-08-09 15:00:00+00:00,34,1,512153,104.546875,104.546875,104.546875,104.546875,9,ZTZ2
2022-08-09 17:00:00+00:00,34,1,512153,104.53125,104.53125,104.5234375,104.5234375,10,ZTZ2
2022-08-09 18:00:00+00:00,34,1,512153,104.5234375,104.5234375,104.5234375,104.5234375,8,ZTZ2
2022-08-09 19:00:00+00:00,34,1,512153,104.51953125,104.5390625,104.515625,104.5390625,19,ZTZ2
2022-08-09 20:00:00+00:00,34,1,512153,104.5625,104.5625,104.53515625,104.53515625,53,ZTZ2
2022-08-09 23:00:00+00:00,34,1,512153,104.546875,104.55078125,104.546875,104.55078125,5,ZTZ2
2022-08-10 00:00:00+00:00,34,1,512153,104.52734375,104.52734375,104.52734375,104.52734375,1,ZTZ2
2022-08-10 02:00:00+00:00,34,1,512153,104.55859375,104.55859375,104.55859375,104.55859375,1,ZTZ2
2022-08-10 12:00:00+00:00,34,1,512153,104.5078125,104.91796875,104.5078125,104.82421875,110,ZTZ2
2022-08-10 13:00:00+00:00,34,1,512153,104.80078125,104.87109375,104.80078125,104.87109375,54,ZTZ2
2022-08-10 14:00:00+00:00,34,1,512153,104.88671875,104.89453125,104.84375,104.84375,3,ZTZ2
2022-08-10 15:00:00+00:00,34,1,512153,104.84375,104.8515625,104.796875,104.796875,5,ZTZ2
2022-08-10 16:00:00+00:00,34,1,512153,104.7734375,104.7734375,104.7734375,104.7734375,2,ZTZ2
2022-08-10 17:00:00+00:00,34,1,512153,104.77734375,104.77734375,104.77734375,104.77734375,1,ZTZ2
2022-08-10 18:00:00+00:00,34,1,512153,104.6875,104.6875,104.671875,104.671875,2,ZTZ2
2022-08-10 19:00:00+00:00,34,1,512153,104.65625,104.65625,104.65625,104.65625,1,ZTZ2
2022-08-10 20:00:00+00:00,34,1,512153,104.6484375,104.671875,104.6484375,104.671875,16,ZTZ2
2022-08-11 06:00:00+00:00,34,1,512153,104.73828125,104.73828125,104.73828125,104.73828125,3,ZTZ2
2022-08-11 07:00:00+00:00,34,1,512153,104.75390625,104.75390625,104.75390625,104.75390625,1,ZTZ2
2022-08-11 08:00:00+00:00,34,1,512153,104.7734375,104.7734375,104.76953125,104.76953125,14,ZTZ2
2022-08-11 09:00:00+00:00,34,1,512153,104.74609375,104.74609375,104.74609375,104.74609375,1,ZTZ2
2022-08-11 10:00:00+00:00,34,1,512153,104.75,104.75,104.75,104.75,2,ZTZ2
2022-08-11 11:00:00+00:00,34,1,512153,104.7421875,104.78125,104.73828125,104.78125,28,ZTZ2
2022-08-11 12:00:00+00:00,34,1,512153,104.8046875,104.8359375,104.80078125,104.8359375,28,ZTZ2
2022-08-11 13:00:00+00:00,34,1,512153,104.82421875,104.8671875,104.82421875,104.8359375,255,ZTZ2
2022-08-11 14:00:00+00:00,34,1,512153,104.765625,104.77734375,104.70703125,104.71484375,23,ZTZ2
2022-08-11 15:00:00+00:00,34,1,512153,104.6875,104.70703125,104.6875,104.70703125,4,ZTZ2
2022-08-11 16:00:00+00:00,34,1,512153,104.6953125,104.6953125,104.6953125,104.6953125,1,ZTZ2
2022-08-11 17:00:00+00:00,34,1,512153,104.6875,104.6875,104.640625,104.640625,5,ZTZ2
2022-08-11 18:00:00+00:00,34,1,512153,104.609375,104.6171875,104.609375,104.6171875,16,ZTZ2
2022-08-11 19:00:00+00:00,34,1,512153,104.61328125,104.61328125,104.61328125,104.61328125,5,ZTZ2
2022-08-12 02:00:00+00:00,34,1,512153,104.65625,104.65625,104.65625,104.65625,3,ZTZ2
2022-08-12 03:00:00+00:00,34,1,512153,104.6875,104.69140625,104.68359375,104.68359375,11,ZTZ2
2022-08-12 04:00:00+00:00,34,1,512153,104.67578125,104.67578125,104.67578125,104.67578125,1,ZTZ2
2022-08-12 07:00:00+00:00,34,1,512153,104.67578125,104.67578125,104.67578125,104.67578125,1,ZTZ2
2022-08-12 08:00:00+00:00,34,1,512153,104.6484375,104.6484375,104.6484375,104.6484375,2,ZTZ2
2022-08-12 11:00:00+00:00,34,1,512153,104.68359375,104.68359375,104.6640625,104.6640625,3,ZTZ2
2022-08-12 12:00:00+00:00,34,1,512153,104.6796875,104.6796875,104.6796875,104.6796875,8,ZTZ2
2022-08-12 13:00:00+00:00,34,1,512153,104.73828125,104.75,104.7265625,104.7265625,5,ZTZ2
2022-08-12 14:00:00+00:00,34,1,512153,104.6484375,104.6484375,104.5703125,104.6015625,20,ZTZ2
2022-08-12 15:00:00+00:00,34,1,512153,104.61328125,104.61328125,104.58984375,104.58984375,9,ZTZ2
2022-08-12 16:00:00+00:00,34,1,512153,104.58984375,104.58984375,104.58984375,104.58984375,1,ZTZ2
2022-08-12 18:00:00+00:00,34,1,512153,104.6015625,104.6015625,104.6015625,104.6015625,8,ZTZ2
2022-08-12 20:00:00+00:00,34,1,512153,104.59765625,104.59765625,104.59765625,104.59765625,2,ZTZ2
2022-08-15 02:00:00+00:00,34,1,512153,104.609375,104.609375,104.609375,104.609375,1,ZTZ2
2022-08-15 03:00:00+00:00,34,1,512153,104.61328125,104.61328125,104.61328125,104.61328125,7,ZTZ2
2022-08-15 06:00:00+00:00,34,1,512153,104.58984375,104.58984375,104.58984375,104.58984375,1,ZTZ2
2022-08-15 09:00:00+00:00,34,1,512153,104.59375,104.59375,104.57421875,104.57421875,11,ZTZ2
2022-08-15 10:00:00+00:00,34,1,512153,104.56640625,104.56640625,104.56640625,104.56640625,1,ZTZ2
2022-08-15 11:00:00+00:00,34,1,512153,104.59765625,104.59765625,104.59765625,104.59765625,1,ZTZ2
2022-08-15 12:00:00+00:00,34,1,512153,104.6640625,104.6640625,104.6640625,104.6640625,1,ZTZ2
2022-08-15 13:00:00+00:00,34,1,512153,104.7265625,104.7265625,104.72265625,104.72265625,53,ZTZ2
2022-08-15 14:00:00+00:00,34,1,512153,104.71484375,104.71484375,104.67578125,104.69140625,21,ZTZ2
2022-08-15 15:00:00+00:00,34,1,512153,104.69140625,104.69140625,104.68359375,104.6875,50,ZTZ2
2022-08-15 16:00:00+00:00,34,1,512153,104.69140625,104.69140625,104.69140625,104.69140625,1,ZTZ2
2022-08-15 18:00:00+00:00,34,1,512153,104.70703125,104.70703125,104.703125,104.703125,16,ZTZ2
2022-08-15 19:00:00+00:00,34,1,512153,104.70703125,104.70703125,104.70703125,104.70703125,3,ZTZ2
2022-08-15 20:00:00+00:00,34,1,512153,104.703125,104.72265625,104.703125,104.72265625,20,ZTZ2
2022-08-15 22:00:00+00:00,34,1,512153,104.7578125,104.7578125,104.7578125,104.7578125,4,ZTZ2
2022-08-16 00:00:00+00:00,34,1,512153,104.765625,104.765625,104.765625,104.765625,1,ZTZ2
2022-08-16 02:00:00+00:00,34,1,512153,104.7578125,104.76171875,104.7578125,104.76171875,24,ZTZ2
2022-08-16 05:00:00+00:00,34,1,512153,104.7578125,104.76171875,104.7578125,104.76171875,7,ZTZ2
2022-08-16 06:00:00+00:00,34,1,512153,104.75,104.75,104.734375,104.734375,67,ZTZ2
2022-08-16 07:00:00+00:00,34,1,512153,104.734375,104.734375,104.703125,104.703125,191,ZTZ2
2022-08-16 08:00:00+00:00,34,1,512153,104.69140625,104.71484375,104.69140625,104.70703125,21,ZTZ2
2022-08-16 09:00:00+00:00,34,1,512153,104.66796875,104.66796875,104.66796875,104.66796875,3,ZTZ2
2022-08-16 12:00:00+00:00,34,1,512153,104.6875,104.69140625,104.6015625,104.61328125,7,ZTZ2
2022-08-16 13:00:00+00:00,34,1,512153,104.62890625,104.6484375,104.609375,104.6171875,118,ZTZ2
2022-08-16 14:00:00+00:00,34,1,512153,104.64453125,104.64453125,104.6015625,104.609375,29,ZTZ2
2022-08-16 15:00:00+00:00,34,1,512153,104.60546875,104.609375,104.59375,104.59375,62,ZTZ2
2022-08-16 16:00:00+00:00,34,1,512153,104.578125,104.5859375,104.578125,104.578125,14,ZTZ2
2022-08-16 18:00:00+00:00,34,1,512153,104.5703125,104.58203125,104.5625,104.58203125,43,ZTZ2
2022-08-16 19:00:00+00:00,34,1,512153,104.5859375,104.59375,104.578125,104.5859375,90,ZTZ2
2022-08-16 20:00:00+00:00,34,1,512153,104.578125,104.578125,104.55078125,104.56640625,18,ZTZ2
2022-08-17 00:00:00+00:00,34,1,512153,104.53125,104.5625,104.53125,104.5625,5,ZTZ2
2022-08-17 02:00:00+00:00,34,1,512153,104.55859375,104.55859375,104.55859375,104.55859375,3,ZTZ2
2022-08-17 03:00:00+00:00,34,1,512153,104.55859375,104.56640625,104.55859375,104.55859375,505,ZTZ2
2022-08-17 05:00:00+00:00,34,1,512153,104.5625,104.5703125,104.5625,104.5703125,3,ZTZ2
2022-08-17 06:00:00+00:00,34,1,512153,104.53125,104.53125,104.4921875,104.49609375,154,ZTZ2
2022-08-17 07:00:00+00:00,34,1,512153,104.5,104.5,104.44921875,104.44921875,331,ZTZ2
2022-08-17 08:00:00+00:00,34,1,512153,104.4375,104.46484375,104.4375,104.4609375,49,ZTZ2
2022-08-17 09:00:00+00:00,34,1,512153,104.46875,104.48828125,104.46875,104.48828125,10,ZTZ2
2022-08-17 10:00:00+00:00,34,1,512153,104.48828125,104.4921875,104.48828125,104.4921875,6,ZTZ2
2022-08-17 11:00:00+00:00,34,1,512153,104.4609375,104.4609375,104.390625,104.41015625,24,ZTZ2
2022-08-17 12:00:00+00:00,34,1,512153,104.40234375,104.421875,104.34765625,104.421875,79,ZTZ2
2022-08-17 13:00:00+00:00,34,1,512153,104.44140625,104.44140625,104.359375,104.36328125,165,ZTZ2
2022-08-17 14:00:00+00:00,34,1,512153,104.36328125,104.4140625,104.36328125,104.3828125,113,ZTZ2
2022-08-17 15:00:00+00:00,34,1,512153,104.37109375,104.38671875,104.359375,104.3671875,126,ZTZ2
2022-08-17 16:00:00+00:00,34,1,512153,104.35546875,104.4140625,104.3515625,104.4140625,322,ZTZ2
2022-08-17 17:00:00+00:00,34,1,512153,104.41015625,104.41015625,104.37890625,104.37890625,116,ZTZ2
2022-08-17 18:00:00+00:00,34,1,512153,104.40234375,104.48046875,104.38671875,104.4609375,92,ZTZ2
2022-08-17 19:00:00+00:00,34,1,512153,104.46875,104.46875,104.4453125,104.4453125,14,ZTZ2
2022-08-17 23:00:00+00:00,34,1,512153,104.44921875,104.44921875,104.44921875,104.44921875,10,ZTZ2
2022-08-18 00:00:00+00:00,34,1,512153,104.45703125,104.4921875,104.45703125,104.4921875,35,ZTZ2
2022-08-18 01:00:00+00:00,34,1,512153,104.5078125,104.53125,104.5,104.5,42,ZTZ2
2022-08-18 02:00:00+00:00,34,1,512153,104.5,104.5078125,104.48828125,104.49609375,181,ZTZ2
2022-08-18 04:00:00+00:00,34,1,512153,104.49609375,104.49609375,104.49609375,104.49609375,22,ZTZ2
2022-08-18 06:00:00+00:00,34,1,512153,104.45703125,104.4609375,104.37890625,104.37890625,109,ZTZ2
2022-08-18 07:00:00+00:00,34,1,512153,104.4296875,104.45703125,104.4296875,104.45703125,157,ZTZ2
2022-08-18 08:00:00+00:00,34,1,512153,104.46484375,104.46484375,104.4453125,104.45703125,271,ZTZ2
2022-08-18 09:00:00+00:00,34,1,512153,104.45703125,104.45703125,104.4296875,104.4453125,39,ZTZ2
2022-08-18 10:00:00+00:00,34,1,512153,104.46484375,104.4765625,104.46484375,104.4765625,6,ZTZ2
2022-08-18 11:00:00+00:00,34,1,512153,104.5,104.54296875,104.5,104.54296875,681,ZTZ2
2022-08-18 12:00:00+00:00,34,1,512153,104.5625,104.59375,104.5,104.5546875,953,ZTZ2
2022-08-18 13:00:00+00:00,34,1,512153,104.5390625,104.60546875,104.5234375,104.58984375,242,ZTZ2
2022-08-18 14:00:00+00:00,34,1,512153,104.6015625,104.609375,104.5390625,104.57421875,186,ZTZ2
2022-08-18 15:00:00+00:00,34,1,512153,104.578125,104.609375,104.5625,104.56640625,2901,ZTZ2
2022-08-18 16:00:00+00:00,34,1,512153,104.56640625,104.56640625,104.5390625,104.5390625,223,ZTZ2
2022-08-18 17:00:00+00:00,34,1,512153,104.55078125,104.5703125,104.49609375,104.50390625,1064,ZTZ2
2022-08-18 18:00:00+00:00,34,1,512153,104.5,104.54296875,104.49609375,104.5390625,948,ZTZ2
2022-08-18 19:00:00+00:00,34,1,512153,104.54296875,104.58203125,104.54296875,104.58203125,677,ZTZ2
2022-08-18 20:00:00+00:00,34,1,512153,104.578125,104.59375,104.5703125,104.59375,495,ZTZ2
2022-08-18 22:00:00+00:00,34,1,512153,104.59375,104.59375,104.59375,104.59375,10,ZTZ2
2022-08-18 23:00:00+00:00,34,1,512153,104.59765625,104.60546875,104.59375,104.60546875,18,ZTZ2
2022-08-19 00:00:00+00:00,34,1,512153,104.58203125,104.58203125,104.5625,104.5625,79,ZTZ2
2022-08-19 01:00:00+00:00,34,1,512153,104.5625,104.5703125,104.5546875,104.5625,115,ZTZ2
2022-08-19 02:00:00+00:00,34,1,512153,104.5625,104.5625,104.546875,104.55859375,1284,ZTZ2
2022-08-19 03:00:00+00:00,34,1,512153,104.5546875,104.55859375,104.52734375,104.52734375,106,ZTZ2
2022-08-19 04:00:00+00:00,34,1,512153,104.51953125,104.5234375,104.51953125,104.5234375,6,ZTZ2
2022-08-19 05:00:00+00:00,34,1,512153,104.52734375,104.52734375,104.5234375,104.5234375,19,ZTZ2
2022-08-19 06:00:00+00:00,34,1,512153,104.50390625,104.51171875,104.48046875,104.484375,62,ZTZ2
2022-08-19 07:00:00+00:00,34,1,512153,104.46484375,104.49609375,104.46484375,104.49609375,172,ZTZ2
2022-08-19 08:00:00+00:00,34,1,512153,104.5,104.53515625,104.4921875,104.52734375,216,ZTZ2
2022-08-19 09:00:00+00:00,34,1,512153,104.52734375,104.53515625,104.51953125,104.52734375,51,ZTZ2
2022-08-19 10:00:00+00:00,34,1,512153,104.51953125,104.51953125,104.49609375,104.5,36,ZTZ2
2022-08-19 11:00:00+00:00,34,1,512153,104.49609375,104.49609375,104.46484375,104.46875,89,ZTZ2
2022-08-19 12:00:00+00:00,34,1,512153,104.46484375,104.51171875,104.453125,104.5,1905,ZTZ2
2022-08-19 13:00:00+00:00,34,1,512153,104.515625,104.5390625,104.47265625,104.51171875,923,ZTZ2
2022-08-19 14:00:00+00:00,34,1,512153,104.4921875,104.5,104.44921875,104.46484375,400,ZTZ2
2022-08-19 15:00:00+00:00,34,1,512153,104.46484375,104.46875,104.44140625,104.453125,681,ZTZ2
2022-08-19 16:00:00+00:00,34,1,512153,104.46484375,104.4765625,104.45703125,104.4609375,367,ZTZ2
2022-08-19 17:00:00+00:00,34,1,512153,104.46875,104.5078125,104.46875,104.5,318,ZTZ2
2022-08-19 18:00:00+00:00,34,1,512153,104.4921875,104.49609375,104.48046875,104.48046875,231,ZTZ2
2022-08-19 19:00:00+00:00,34,1,512153,104.484375,104.5234375,104.484375,104.51953125,389,ZTZ2
2022-08-19 20:00:00+00:00,34,1,512153,104.5234375,104.5234375,104.51171875,104.5234375,337,ZTZ2
2022-08-21 22:00:00+00:00,34,1,512153,104.50390625,104.515625,104.49609375,104.5078125,66,ZTZ2
2022-08-21 23:00:00+00:00,34,1,512153,104.5,104.50390625,104.484375,104.484375,77,ZTZ2
2022-08-22 00:00:00+00:00,34,1,512153,104.484375,104.484375,104.44140625,104.45703125,114,ZTZ2
2022-08-22 01:00:00+00:00,34,1,512153,104.453125,104.46875,104.4453125,104.46484375,141,ZTZ2
2022-08-22 02:00:00+00:00,34,1,512153,104.46484375,104.46484375,104.4453125,104.4609375,596,ZTZ2
2022-08-22 03:00:00+00:00,34,1,512153,104.46484375,104.46875,104.4609375,104.4609375,715,ZTZ2
2022-08-22 04:00:00+00:00,34,1,512153,104.4609375,104.46875,104.45703125,104.4609375,514,ZTZ2
2022-08-22 05:00:00+00:00,34,1,512153,104.46484375,104.46875,104.4609375,104.4609375,23,ZTZ2
2022-08-22 06:00:00+00:00,34,1,512153,104.4609375,104.5,104.44921875,104.48046875,837,ZTZ2
2022-08-22 07:00:00+00:00,34,1,512153,104.484375,104.51171875,104.484375,104.4921875,2179,ZTZ2
2022-08-22 08:00:00+00:00,34,1,512153,104.49609375,104.5078125,104.421875,104.42578125,403,ZTZ2
2022-08-22 09:00:00+00:00,34,1,512153,104.4296875,104.4453125,104.421875,104.44140625,127,ZTZ2
2022-08-22 10:00:00+00:00,34,1,512153,104.4453125,104.44921875,104.390625,104.390625,551,ZTZ2
2022-08-22 11:00:00+00:00,34,1,512153,104.390625,104.46484375,104.390625,104.4453125,533,ZTZ2
2022-08-22 12:00:00+00:00,34,1,512153,104.44921875,104.44921875,104.375,104.37890625,949,ZTZ2
2022-08-22 13:00:00+00:00,34,1,512153,104.375,104.40234375,104.34765625,104.390625,2297,ZTZ2
2022-08-22 14:00:00+00:00,34,1,512153,104.38671875,104.4453125,104.38671875,104.40625,4197,ZTZ2
2022-08-22 15:00:00+00:00,34,1,512153,104.40625,104.40625,104.33984375,104.3515625,6366,ZTZ2
2022-08-22 16:00:00+00:00,34,1,512153,104.35546875,104.35546875,104.32421875,104.32421875,4688,ZTZ2
2022-08-22 17:00:00+00:00,34,1,512153,104.32421875,104.34375,104.3203125,104.33203125,4303,ZTZ2
2022-08-22 18:00:00+00:00,34,1,512153,104.33203125,104.33984375,104.3203125,104.33984375,1845,ZTZ2
2022-08-22 19:00:00+00:00,34,1,512153,104.3359375,104.37109375,104.3359375,104.3671875,1867,ZTZ2
2022-08-22 20:00:00+00:00,34,1,512153,104.3671875,104.390625,104.359375,104.390625,2485,ZTZ2
2022-08-22 22:00:00+00:00,34,1,512153,104.375,104.39453125,104.375,104.39453125,33,ZTZ2
2022-08-22 23:00:00+00:00,34,1,512153,104.39453125,104.3984375,104.390625,104.3984375,112,ZTZ2
2022-08-23 00:00:00+00:00,34,1,512153,104.3984375,104.41796875,104.3984375,104.40625,586,ZTZ2
2022-08-23 01:00:00+00:00,34,1,512153,104.3984375,104.3984375,104.375,104.38671875,387,ZTZ2
2022-08-23 02:00:00+00:00,34,1,512153,104.38671875,104.39453125,104.38671875,104.38671875,215,ZTZ2
2022-08-23 03:00:00+00:00,34,1,512153,104.390625,104.39453125,104.38671875,104.390625,395,ZTZ2
2022-08-23 04:00:00+00:00,34,1,512153,104.3984375,104.41015625,104.3984375,104.41015625,42,ZTZ2
2022-08-23 05:00:00+00:00,34,1,512153,104.41015625,104.421875,104.40625,104.4140625,157,ZTZ2
2022-08-23 06:00:00+00:00,34,1,512153,104.4140625,104.4375,104.40625,104.4296875,610,ZTZ2
2022-08-23 07:00:00+00:00,34,1,512153,104.4296875,104.453125,104.37109375,104.38671875,598,ZTZ2
2022-08-23 08:00:00+00:00,34,1,512153,104.37890625,104.38671875,104.34375,104.34765625,378,ZTZ2
2022-08-23 09:00:00+00:00,34,1,512153,104.35546875,104.3671875,104.34765625,104.35546875,639,ZTZ2
2022-08-23 10:00:00+00:00,34,1,512153,104.35546875,104.35546875,104.3359375,104.3515625,660,ZTZ2
2022-08-23 11:00:00+00:00,34,1,512153,104.35546875,104.375,104.3359375,104.35546875,4522,ZTZ2
2022-08-23 12:00:00+00:00,34,1,512153,104.35546875,104.39453125,104.32421875,104.38671875,3780,ZTZ2
2022-08-23 13:00:00+00:00,34,1,512153,104.37890625,104.5,104.36328125,104.4921875,12977,ZTZ2
2022-08-23 14:00:00+00:00,34,1,512153,104.48828125,104.58984375,104.48828125,104.515625,14354,ZTZ2
2022-08-23 15:00:00+00:00,34,1,512153,104.515625,104.5546875,104.515625,104.53515625,5763,ZTZ2
2022-08-23 16:00:00+00:00,34,1,512153,104.53125,104.5390625,104.50390625,104.5078125,7600,ZTZ2
2022-08-23 17:00:00+00:00,34,1,512153,104.5078125,104.51171875,104.4296875,104.43359375,4603,ZTZ2
2022-08-23 18:00:00+00:00,34,1,512153,104.43359375,104.45703125,104.42578125,104.44921875,5469,ZTZ2
2022-08-23 19:00:00+00:00,34,1,512153,104.4453125,104.4609375,104.4296875,104.43359375,5793,ZTZ2
2022-08-23 20:00:00+00:00,34,1,512153,104.43359375,104.4453125,104.42578125,104.44140625,5745,ZTZ2
2022-08-23 22:00:00+00:00,34,1,512153,104.4453125,104.46875,104.4453125,104.46484375,176,ZTZ2
2022-08-23 23:00:00+00:00,34,1,512153,104.46484375,104.46484375,104.44921875,104.44921875,46,ZTZ2
2022-08-24 00:00:00+00:00,34,1,512153,104.44921875,104.4609375,104.44921875,104.44921875,137,ZTZ2
2022-08-24 01:00:00+00:00,34,1,512153,104.4453125,104.4765625,104.4453125,104.4765625,484,ZTZ2
2022-08-24 02:00:00+00:00,34,1,512153,104.4765625,104.4921875,104.47265625,104.47265625,662,ZTZ2
2022-08-24 03:00:00+00:00,34,1,512153,104.46875,104.484375,104.46875,104.484375,314,ZTZ2
2022-08-24 04:00:00+00:00,34,1,512153,104.48828125,104.4921875,104.484375,104.484375,222,ZTZ2
2022-08-24 05:00:00+00:00,34,1,512153,104.48828125,104.50390625,104.48828125,104.4921875,619,ZTZ2
2022-08-24 06:00:00+00:00,34,1,512153,104.4921875,104.4921875,104.4609375,104.47265625,1095,ZTZ2
2022-08-24 07:00:00+00:00,34,1,512153,104.45703125,104.4765625,104.4375,104.4765625,1236,ZTZ2
2022-08-24 08:00:00+00:00,34,1,512153,104.4765625,104.51171875,104.47265625,104.5,1216,ZTZ2
2022-08-24 09:00:00+00:00,34,1,512153,104.51171875,104.54296875,104.49609375,104.49609375,3095,ZTZ2
2022-08-24 10:00:00+00:00,34,1,512153,104.49609375,104.5078125,104.46484375,104.46484375,2002,ZTZ2
2022-08-24 11:00:00+00:00,34,1,512153,104.47265625,104.4765625,104.4296875,104.46875,4204,ZTZ2
2022-08-24 12:00:00+00:00,34,1,512153,104.46875,104.50390625,104.390625,104.43359375,14321,ZTZ2
2022-08-24 13:00:00+00:00,34,1,512153,104.4375,104.4375,104.37890625,104.3984375,10108,ZTZ2
2022-08-24 14:00:00+00:00,34,1,512153,104.3984375,104.421875,104.359375,104.38671875,16668,ZTZ2
2022-08-24 15:00:00+00:00,34,1,512153,104.3828125,104.41015625,104.34375,104.3515625,18069,ZTZ2
2022-08-24 16:00:00+00:00,34,1,512153,104.34765625,104.36328125,104.33203125,104.33203125,16824,ZTZ2
2022-08-24 17:00:00+00:00,34,1,512153,104.33203125,104.38671875,104.32421875,104.34765625,9793,ZTZ2
2022-08-24 18:00:00+00:00,34,1,512153,104.34765625,104.34765625,104.32421875,104.32421875,11083,ZTZ2
2022-08-24 19:00:00+00:00,34,1,512153,104.32421875,104.328125,104.2890625,104.29296875,11405,ZTZ2
2022-08-24 20:00:00+00:00,34,1,512153,104.29296875,104.3203125,104.28515625,104.3125,11971,ZTZ2
2022-08-24 22:00:00+00:00,34,1,512153,104.31640625,104.31640625,104.30859375,104.30859375,321,ZTZ2
2022-08-24 23:00:00+00:00,34,1,512153,104.3125,104.31640625,104.30859375,104.31640625,348,ZTZ2
2022-08-25 00:00:00+00:00,34,1,512153,104.31640625,104.3203125,104.3046875,104.30859375,1147,ZTZ2
2022-08-25 01:00:00+00:00,34,1,512153,104.30859375,104.34765625,104.30859375,104.33203125,1147,ZTZ2
2022-08-25 02:00:00+00:00,34,1,512153,104.33984375,104.33984375,104.328125,104.33203125,418,ZTZ2
2022-08-25 03:00:00+00:00,34,1,512153,104.328125,104.3359375,104.32421875,104.33203125,850,ZTZ2
2022-08-25 04:00:00+00:00,34,1,512153,104.328125,104.33984375,104.32421875,104.3359375,686,ZTZ2
2022-08-25 05:00:00+00:00,34,1,512153,104.3359375,104.3359375,104.30859375,104.328125,1227,ZTZ2
2022-08-25 06:00:00+00:00,34,1,512153,104.328125,104.359375,104.3046875,104.33984375,2458,ZTZ2
2022-08-25 07:00:00+00:00,34,1,512153,104.34375,104.38671875,104.34375,104.3828125,5434,ZTZ2
2022-08-25 08:00:00+00:00,34,1,512153,104.37890625,104.3984375,104.36328125,104.37890625,3827,ZTZ2
2022-08-25 09:00:00+00:00,34,1,512153,104.3828125,104.3984375,104.3359375,104.3359375,4860,ZTZ2
2022-08-25 10:00:00+00:00,34,1,512153,104.33984375,104.3515625,104.31640625,104.3203125,2726,ZTZ2
2022-08-25 11:00:00+00:00,34,1,512153,104.3203125,104.35546875,104.3203125,104.34765625,6813,ZTZ2
2022-08-25 12:00:00+00:00,34,1,512153,104.34765625,104.3671875,104.2890625,104.36328125,21763,ZTZ2
2022-08-25 13:00:00+00:00,34,1,512153,104.3671875,104.3828125,104.328125,104.33984375,14170,ZTZ2
2022-08-25 14:00:00+00:00,34,1,512153,104.3359375,104.3671875,104.31640625,104.359375,24508,ZTZ2
2022-08-25 15:00:00+00:00,34,1,512153,104.359375,104.36328125,104.33984375,104.33984375,24736,ZTZ2
2022-08-25 16:00:00+00:00,34,1,512153,104.34375,104.359375,104.3359375,104.35546875,20048,ZTZ2
2022-08-25 17:00:00+00:00,34,1,512153,104.35546875,104.3828125,104.3515625,104.37109375,39244,ZTZ2
2022-08-25 18:00:00+00:00,34,1,512153,104.375,104.375,104.34375,104.34765625,31010,ZTZ2
2022-08-25 19:00:00+00:00,34,1,512153,104.3515625,104.359375,104.3359375,104.34375,23586,ZTZ2
2022-08-25 20:00:00+00:00,34,1,512153,104.34765625,104.37109375,104.33984375,104.36328125,12504,ZTZ2
2022-08-25 22:00:00+00:00,34,1,512153,104.3125,104.37109375,104.3125,104.3671875,670,ZTZ2
2022-08-25 23:00:00+00:00,34,1,512153,104.36328125,104.3671875,104.34765625,104.35546875,679,ZTZ2
2022-08-26 00:00:00+00:00,34,1,512153,104.35546875,104.3671875,104.3359375,104.34375,982,ZTZ2
2022-08-26 01:00:00+00:00,34,1,512153,104.34375,104.34375,104.328125,104.3359375,1312,ZTZ2
2022-08-26 02:00:00+00:00,34,1,512153,104.3359375,104.3515625,104.33203125,104.34765625,1471,ZTZ2
2022-08-26 03:00:00+00:00,34,1,512153,104.34765625,104.35546875,104.34375,104.34375,1683,ZTZ2
2022-08-26 04:00:00+00:00,34,1,512153,104.34375,104.3515625,104.328125,104.328125,1100,ZTZ2
2022-08-26 05:00:00+00:00,34,1,512153,104.328125,104.34375,104.328125,104.33984375,943,ZTZ2
2022-08-26 06:00:00+00:00,34,1,512153,104.3359375,104.34765625,104.328125,104.34375,2047,ZTZ2
2022-08-26 07:00:00+00:00,34,1,512153,104.34375,104.34375,104.29296875,104.3046875,3576,ZTZ2
2022-08-26 08:00:00+00:00,34,1,512153,104.3046875,104.33203125,104.30078125,104.328125,4095,ZTZ2
2022-08-26 09:00:00+00:00,34,1,512153,104.33203125,104.3359375,104.3125,104.328125,5184,ZTZ2
2022-08-26 10:00:00+00:00,34,1,512153,104.32421875,104.34375,104.31640625,104.33984375,1567,ZTZ2
2022-08-26 11:00:00+00:00,34,1,512153,104.3359375,104.35546875,104.328125,104.3359375,3417,ZTZ2
2022-08-26 12:00:00+00:00,34,1,512153,104.3359375,104.40625,104.30859375,104.35546875,29199,ZTZ2
2022-08-26 13:00:00+00:00,34,1,512153,104.359375,104.4140625,104.2734375,104.33984375,52450,ZTZ2
2022-08-26 14:00:00+00:00,34,1,512153,104.33984375,104.33984375,104.1953125,104.25390625,76275,ZTZ2
2022-08-26 15:00:00+00:00,34,1,512153,104.2578125,104.29296875,104.21875,104.265625,46234,ZTZ2
2022-08-26 16:00:00+00:00,34,1,512153,104.26953125,104.28125,104.24609375,104.2578125,17781,ZTZ2
2022-08-26 17:00:00+00:00,34,1,512153,104.2578125,104.30078125,104.24609375,104.29296875,19129,ZTZ2
2022-08-26 18:00:00+00:00,34,1,512153,104.296875,104.3359375,104.296875,104.31640625,28017,ZTZ2
2022-08-26 19:00:00+00:00,34,1,512153,104.31640625,104.3203125,104.28125,104.31640625,29054,ZTZ2
2022-08-26 20:00:00+00:00,34,1,512153,104.31640625,104.33984375,104.29296875,104.296875,7842,ZTZ2
2022-08-28 22:00:00+00:00,34,1,512153,104.26171875,104.26953125,104.2265625,104.23828125,1574,ZTZ2
2022-08-28 23:00:00+00:00,34,1,512153,104.23828125,104.23828125,104.203125,104.21484375,1154,ZTZ2
2022-08-29 00:00:00+00:00,34,1,512153,104.2109375,104.2109375,104.15625,104.18359375,6298,ZTZ2
2022-08-29 01:00:00+00:00,34,1,512153,104.18359375,104.20703125,104.15625,104.16015625,4187,ZTZ2
2022-08-29 02:00:00+00:00,34,1,512153,104.16015625,104.17578125,104.15234375,104.15234375,2245,ZTZ2
2022-08-29 03:00:00+00:00,34,1,512153,104.15234375,104.15234375,104.12109375,104.125,4634,ZTZ2
2022-08-29 04:00:00+00:00,34,1,512153,104.12890625,104.1328125,104.1015625,104.12890625,3743,ZTZ2
2022-08-29 05:00:00+00:00,34,1,512153,104.12890625,104.15625,104.109375,104.140625,5037,ZTZ2
2022-08-29 06:00:00+00:00,34,1,512153,104.140625,104.1640625,104.12890625,104.14453125,5024,ZTZ2
2022-08-29 07:00:00+00:00,34,1,512153,104.140625,104.140625,104.10546875,104.125,9819,ZTZ2
2022-08-29 08:00:00+00:00,34,1,512153,104.125,104.1484375,104.1171875,104.13671875,6412,ZTZ2
2022-08-29 09:00:00+00:00,34,1,512153,104.140625,104.1484375,104.1328125,104.1484375,4906,ZTZ2
2022-08-29 10:00:00+00:00,34,1,512153,104.1484375,104.19140625,104.14453125,104.18359375,7416,ZTZ2
2022-08-29 11:00:00+00:00,34,1,512153,104.18359375,104.19921875,104.171875,104.18359375,10109,ZTZ2
2022-08-29 12:00:00+00:00,34,1,512153,104.1796875,104.24609375,104.1796875,104.21875,30836,ZTZ2
2022-08-29 13:00:00+00:00,34,1,512153,104.22265625,104.26953125,104.2109375,104.2109375,37308,ZTZ2
2022-08-29 14:00:00+00:00,34,1,512153,104.21484375,104.28125,104.2109375,104.26953125,33331,ZTZ2
2022-08-29 15:00:00+00:00,34,1,512153,104.2734375,104.3046875,104.2421875,104.24609375,30309,ZTZ2
2022-08-29 16:00:00+00:00,34,1,512153,104.24609375,104.26953125,104.2265625,104.265625,12556,ZTZ2
2022-08-29 17:00:00+00:00,34,1,512153,104.265625,104.2734375,104.24609375,104.25,12964,ZTZ2
2022-08-29 18:00:00+00:00,34,1,512153,104.25390625,104.26171875,104.21875,104.2265625,13137,ZTZ2
2022-08-29 19:00:00+00:00,34,1,512153,104.2265625,104.2421875,104.22265625,104.2265625,16149,ZTZ2
2022-08-29 20:00:00+00:00,34,1,512153,104.2265625,104.234375,104.21875,104.23046875,8139,ZTZ2
2022-08-29 22:00:00+00:00,34,1,512153,104.234375,104.265625,104.23046875,104.23828125,2426,ZTZ2
2022-08-29 23:00:00+00:00,34,1,512153,104.23828125,104.2578125,104.23046875,104.25390625,936,ZTZ2
2022-08-30 00:00:00+00:00,34,1,512153,104.25390625,104.2734375,104.25,104.25390625,3304,ZTZ2
2022-08-30 01:00:00+00:00,34,1,512153,104.25390625,104.2578125,104.23046875,104.2421875,3114,ZTZ2
2022-08-30 02:00:00+00:00,34,1,512153,104.23828125,104.24609375,104.2265625,104.24609375,2580,ZTZ2
2022-08-30 03:00:00+00:00,34,1,512153,104.24609375,104.25,104.23828125,104.2421875,1239,ZTZ2
2022-08-30 04:00:00+00:00,34,1,512153,104.2421875,104.28125,104.2421875,104.28125,3299,ZTZ2
2022-08-30 05:00:00+00:00,34,1,512153,104.28515625,104.29296875,104.26171875,104.26171875,2997,ZTZ2
2022-08-30 06:00:00+00:00,34,1,512153,104.265625,104.26953125,104.20703125,104.21875,7795,ZTZ2
2022-08-30 07:00:00+00:00,34,1,512153,104.21875,104.23046875,104.1875,104.21484375,19394,ZTZ2
2022-08-30 08:00:00+00:00,34,1,512153,104.21484375,104.2734375,104.2109375,104.24609375,13577,ZTZ2
2022-08-30 09:00:00+00:00,34,1,512153,104.24609375,104.26171875,104.2421875,104.24609375,6202,ZTZ2
2022-08-30 10:00:00+00:00,34,1,512153,104.25,104.27734375,104.2421875,104.27734375,4482,ZTZ2
2022-08-30 11:00:00+00:00,34,1,512153,104.2734375,104.28515625,104.23828125,104.2421875,6896,ZTZ2
2022-08-30 12:00:00+00:00,34,1,512153,104.24609375,104.25,104.1640625,104.171875,35964,ZTZ2
2022-08-30 13:00:00+00:00,34,1,512153,104.171875,104.2265625,104.15625,104.1953125,36326,ZTZ2
2022-08-30 14:00:00+00:00,34,1,512153,104.1953125,104.1953125,104.078125,104.1328125,96377,ZTZ2
2022-08-30 15:00:00+00:00,34,1,512153,104.1328125,104.14453125,104.0859375,104.1328125,51922,ZTZ2
2022-08-30 16:00:00+00:00,34,1,512153,104.1328125,104.15625,104.11328125,104.1484375,19280,ZTZ2
2022-08-30 17:00:00+00:00,34,1,512153,104.14453125,104.15234375,104.12109375,104.1328125,14638,ZTZ2
2022-08-30 18:00:00+00:00,34,1,512153,104.12890625,104.14453125,104.12109375,104.14453125,15442,ZTZ2
2022-08-30 19:00:00+00:00,34,1,512153,104.140625,104.171875,104.13671875,104.15625,21865,ZTZ2
2022-08-30 20:00:00+00:00,34,1,512153,104.16015625,104.19140625,104.14453125,104.1875,15966,ZTZ2
2022-08-30 22:00:00+00:00,34,1,512153,104.18359375,104.18359375,104.1640625,104.171875,1675,ZTZ2
2022-08-30 23:00:00+00:00,34,1,512153,104.171875,104.1953125,104.171875,104.1875,1024,ZTZ2
2022-08-31 00:00:00+00:00,34,1,512153,104.18359375,104.19140625,104.1640625,104.16796875,3569,ZTZ2
2022-08-31 01:00:00+00:00,34,1,512153,104.16796875,104.16796875,104.14453125,104.15234375,4939,ZTZ2
2022-08-31 02:00:00+00:00,34,1,512153,104.1484375,104.16015625,104.14453125,104.1484375,2380,ZTZ2
2022-08-31 03:00:00+00:00,34,1,512153,104.1484375,104.1484375,104.12890625,104.13671875,1797,ZTZ2
2022-08-31 04:00:00+00:00,34,1,512153,104.13671875,104.15625,104.1328125,104.15625,3065,ZTZ2
2022-08-31 05:00:00+00:00,34,1,512153,104.15625,104.171875,104.1484375,104.16796875,7053,ZTZ2
2022-08-31 06:00:00+00:00,34,1,512153,104.16796875,104.18359375,104.16015625,104.1796875,13713,ZTZ2
2022-08-31 07:00:00+00:00,34,1,512153,104.17578125,104.18359375,104.1484375,104.15625,5931,ZTZ2
2022-08-31 08:00:00+00:00,34,1,512153,104.15234375,104.15625,104.10546875,104.11328125,11396,ZTZ2
2022-08-31 09:00:00+00:00,34,1,512153,104.109375,104.125,104.0703125,104.078125,15325,ZTZ2
2022-08-31 10:00:00+00:00,34,1,512153,104.078125,104.109375,104.06640625,104.08984375,9936,ZTZ2
2022-08-31 11:00:00+00:00,34,1,512153,104.0859375,104.11328125,104.08203125,104.10546875,23752,ZTZ2
2022-08-31 12:00:00+00:00,34,1,512153,104.10546875,104.17578125,104.09765625,104.1328125,59349,ZTZ2
2022-08-31 13:00:00+00:00,34,1,512153,104.1328125,104.1875,104.125,104.18359375,34566,ZTZ2
2022-08-31 14:00:00+00:00,34,1,512153,104.1875,104.203125,104.16015625,104.19140625,42905,ZTZ2
2022-08-31 15:00:00+00:00,34,1,512153,104.1875,104.19921875,104.16796875,104.171875,32992,ZTZ2
2022-08-31 16:00:00+00:00,34,1,512153,104.16796875,104.1953125,104.16796875,104.1875,17077,ZTZ2
2022-08-31 17:00:00+00:00,34,1,512153,104.1875,104.1875,104.1640625,104.171875,12359,ZTZ2
2022-08-31 18:00:00+00:00,34,1,512153,104.171875,104.19140625,104.15234375,104.1640625,34756,ZTZ2
2022-08-31 19:00:00+00:00,34,1,512153,104.1640625,104.16796875,104.1015625,104.125,87034,ZTZ2
2022-08-31 20:00:00+00:00,34,1,512153,104.125,104.1328125,104.0625,104.07421875,42004,ZTZ2
2022-08-31 22:00:00+00:00,34,1,512153,104.08203125,104.08984375,104.07421875,104.0859375,2347,ZTZ2
2022-08-31 23:00:00+00:00,34,1,512153,104.08203125,104.08984375,104.0703125,104.0703125,2188,ZTZ2
2022-09-01 00:00:00+00:00,34,1,512153,104.0703125,104.07421875,104.03515625,104.046875,8723,ZTZ2
2022-09-01 01:00:00+00:00,34,1,512153,104.046875,104.06640625,104.04296875,104.06640625,3571,ZTZ2
2022-09-01 02:00:00+00:00,34,1,512153,104.0625,104.07421875,104.05859375,104.06640625,2739,ZTZ2
2022-09-01 03:00:00+00:00,34,1,512153,104.06640625,104.08203125,104.0625,104.08203125,1364,ZTZ2
2022-09-01 04:00:00+00:00,34,1,512153,104.078125,104.08203125,104.0703125,104.07421875,1375,ZTZ2
2022-09-01 05:00:00+00:00,34,1,512153,104.07421875,104.08984375,104.0703125,104.08984375,1446,ZTZ2
2022-09-01 06:00:00+00:00,34,1,512153,104.08984375,104.09765625,104.05078125,104.0703125,8221,ZTZ2
2022-09-01 07:00:00+00:00,34,1,512153,104.06640625,104.1015625,104.05859375,104.07421875,10678,ZTZ2
2022-09-01 08:00:00+00:00,34,1,512153,104.07421875,104.09765625,104.06640625,104.0859375,17510,ZTZ2
2022-09-01 09:00:00+00:00,34,1,512153,104.08984375,104.12890625,104.078125,104.125,11033,ZTZ2
2022-09-01 10:00:00+00:00,34,1,512153,104.125,104.125,104.08984375,104.09375,10018,ZTZ2
2022-09-01 11:00:00+00:00,34,1,512153,104.09375,104.12890625,104.08984375,104.125,14229,ZTZ2
2022-09-01 12:00:00+00:00,34,1,512153,104.125,104.125,104.03125,104.07421875,64451,ZTZ2
2022-09-01 13:00:00+00:00,34,1,512153,104.078125,104.109375,104.05078125,104.0859375,51696,ZTZ2
2022-09-01 14:00:00+00:00,34,1,512153,104.08203125,104.08203125,103.953125,103.99609375,88852,ZTZ2
2022-09-01 15:00:00+00:00,34,1,512153,103.99609375,104.01953125,103.9765625,104.01171875,53124,ZTZ2
2022-09-01 16:00:00+00:00,34,1,512153,104.01171875,104.03515625,104.01171875,104.01953125,27904,ZTZ2
2022-09-01 17:00:00+00:00,34,1,512153,104.01953125,104.04296875,104.01171875,104.03125,14965,ZTZ2
2022-09-01 18:00:00+00:00,34,1,512153,104.03125,104.05078125,104.01171875,104.01171875,24262,ZTZ2
2022-09-01 19:00:00+00:00,34,1,512153,104.01171875,104.046875,104.01171875,104.01953125,18990,ZTZ2
2022-09-01 20:00:00+00:00,34,1,512153,104.01953125,104.05859375,104.015625,104.05078125,26034,ZTZ2
2022-09-01 22:00:00+00:00,34,1,512153,104.046875,104.0546875,104.03125,104.04296875,1267,ZTZ2
2022-09-01 23:00:00+00:00,34,1,512153,104.0390625,104.05859375,104.0390625,104.046875,2556,ZTZ2
2022-09-02 00:00:00+00:00,34,1,512153,104.046875,104.06640625,104.046875,104.0546875,1981,ZTZ2
2022-09-02 01:00:00+00:00,34,1,512153,104.05078125,104.05078125,104.03125,104.03125,4747,ZTZ2
2022-09-02 02:00:00+00:00,34,1,512153,104.03125,104.05859375,104.03125,104.046875,4908,ZTZ2
2022-09-02 03:00:00+00:00,34,1,512153,104.046875,104.0625,104.046875,104.05078125,3016,ZTZ2
2022-09-02 04:00:00+00:00,34,1,512153,104.05078125,104.0546875,104.046875,104.05078125,1936,ZTZ2
2022-09-02 05:00:00+00:00,34,1,512153,104.0546875,104.06640625,104.05078125,104.0625,2554,ZTZ2
2022-09-02 06:00:00+00:00,34,1,512153,104.05859375,104.08984375,104.0546875,104.08203125,5371,ZTZ2
2022-09-02 07:00:00+00:00,34,1,512153,104.078125,104.08203125,104.0546875,104.07421875,8757,ZTZ2
2022-09-02 08:00:00+00:00,34,1,512153,104.0703125,104.07421875,104.0546875,104.06640625,6374,ZTZ2
2022-09-02 09:00:00+00:00,34,1,512153,104.0625,104.078125,104.05859375,104.06640625,7451,ZTZ2
2022-09-02 10:00:00+00:00,34,1,512153,104.0625,104.09765625,104.0625,104.09765625,8828,ZTZ2
2022-09-02 11:00:00+00:00,34,1,512153,104.09765625,104.12109375,104.08203125,104.10546875,23208,ZTZ2
2022-09-02 12:00:00+00:00,34,1,512153,104.1015625,104.2109375,104.06640625,104.1640625,104797,ZTZ2
2022-09-02 13:00:00+00:00,34,1,512153,104.1640625,104.2890625,104.15234375,104.28515625,93806,ZTZ2
2022-09-02 14:00:00+00:00,34,1,512153,104.28125,104.30859375,104.22265625,104.25,43855,ZTZ2
2022-09-02 15:00:00+00:00,34,1,512153,104.24609375,104.25390625,104.19140625,104.234375,28370,ZTZ2
2022-09-02 16:00:00+00:00,34,1,512153,104.234375,104.26171875,104.2109375,104.24609375,24779,ZTZ2
2022-09-02 17:00:00+00:00,34,1,512153,104.24609375,104.27734375,104.24609375,104.26953125,26470,ZTZ2
2022-09-02 18:00:00+00:00,34,1,512153,104.265625,104.2890625,104.25390625,104.28125,16600,ZTZ2
2022-09-02 19:00:00+00:00,34,1,512153,104.28515625,104.28515625,104.26171875,104.26171875,16470,ZTZ2
2022-09-02 20:00:00+00:00,34,1,512153,104.26171875,104.296875,104.26171875,104.2890625,9264,ZTZ2
2022-09-04 22:00:00+00:00,34,1,512153,104.28515625,104.35546875,104.28515625,104.33203125,7293,ZTZ2
2022-09-04 23:00:00+00:00,34,1,512153,104.33203125,104.3359375,104.296875,104.30078125,1466,ZTZ2
2022-09-05 00:00:00+00:00,34,1,512153,104.30078125,104.31640625,104.30078125,104.3125,2210,ZTZ2
2022-09-05 01:00:00+00:00,34,1,512153,104.3125,104.3203125,104.30078125,104.30859375,576,ZTZ2
2022-09-05 02:00:00+00:00,34,1,512153,104.3125,104.3125,104.2890625,104.296875,1313,ZTZ2
2022-09-05 03:00:00+00:00,34,1,512153,104.296875,104.296875,104.28125,104.28515625,1078,ZTZ2
2022-09-05 04:00:00+00:00,34,1,512153,104.28515625,104.29296875,104.28125,104.2890625,985,ZTZ2
2022-09-05 05:00:00+00:00,34,1,512153,104.29296875,104.29296875,104.2734375,104.28125,1547,ZTZ2
2022-09-05 06:00:00+00:00,34,1,512153,104.27734375,104.27734375,104.23828125,104.25390625,7645,ZTZ2
2022-09-05 07:00:00+00:00,34,1,512153,104.25,104.25,104.1953125,104.21875,9221,ZTZ2
2022-09-05 08:00:00+00:00,34,1,512153,104.21484375,104.2265625,104.1953125,104.19921875,3452,ZTZ2
2022-09-05 09:00:00+00:00,34,1,512153,104.19921875,104.23828125,104.19140625,104.20703125,5129,ZTZ2
2022-09-05 10:00:00+00:00,34,1,512153,104.20703125,104.21484375,104.203125,104.2109375,1947,ZTZ2
2022-09-05 11:00:00+00:00,34,1,512153,104.2109375,104.21484375,104.171875,104.1796875,5077,ZTZ2
2022-09-05 12:00:00+00:00,34,1,512153,104.17578125,104.1953125,104.15234375,104.1875,9427,ZTZ2
2022-09-05 13:00:00+00:00,34,1,512153,104.18359375,104.19140625,104.171875,104.17578125,3904,ZTZ2
2022-09-05 14:00:00+00:00,34,1,512153,104.1796875,104.203125,104.171875,104.19921875,4385,ZTZ2
2022-09-05 15:00:00+00:00,34,1,512153,104.19921875,104.19921875,104.171875,104.18359375,2514,ZTZ2
2022-09-05 16:00:00+00:00,34,1,512153,104.1796875,104.1875,104.1640625,104.1640625,2507,ZTZ2
2022-09-05 22:00:00+00:00,34,1,512153,104.15625,104.1953125,104.15625,104.1953125,1211,ZTZ2
2022-09-05 23:00:00+00:00,34,1,512153,104.1953125,104.203125,104.1875,104.19921875,776,ZTZ2
2022-09-06 00:00:00+00:00,34,1,512153,104.19921875,104.22265625,104.1953125,104.21875,2596,ZTZ2
2022-09-06 01:00:00+00:00,34,1,512153,104.21875,104.21875,104.19921875,104.20703125,3186,ZTZ2
2022-09-06 02:00:00+00:00,34,1,512153,104.20703125,104.2109375,104.18359375,104.18359375,5046,ZTZ2
2022-09-06 03:00:00+00:00,34,1,512153,104.18359375,104.19140625,104.1796875,104.18359375,2145,ZTZ2
2022-09-06 04:00:00+00:00,34,1,512153,104.1875,104.19140625,104.1484375,104.1484375,2935,ZTZ2
2022-09-06 05:00:00+00:00,34,1,512153,104.14453125,104.15625,104.14453125,104.14453125,2897,ZTZ2
2022-09-06 06:00:00+00:00,34,1,512153,104.14453125,104.15234375,104.1171875,104.15234375,5278,ZTZ2
2022-09-06 07:00:00+00:00,34,1,512153,104.15234375,104.15234375,104.1171875,104.15234375,12119,ZTZ2
2022-09-06 08:00:00+00:00,34,1,512153,104.1484375,104.15625,104.1171875,104.1328125,21753,ZTZ2
2022-09-06 09:00:00+00:00,34,1,512153,104.12890625,104.14453125,104.125,104.140625,5735,ZTZ2
2022-09-06 10:00:00+00:00,34,1,512153,104.140625,104.1875,104.13671875,104.1796875,14703,ZTZ2
2022-09-06 11:00:00+00:00,34,1,512153,104.1796875,104.1796875,104.1328125,104.1640625,7934,ZTZ2
2022-09-06 12:00:00+00:00,34,1,512153,104.1640625,104.17578125,104.09765625,104.1171875,39838,ZTZ2
2022-09-06 13:00:00+00:00,34,1,512153,104.1171875,104.125,104.08203125,104.09375,52730,ZTZ2
2022-09-06 14:00:00+00:00,34,1,512153,104.08984375,104.09375,104.02734375,104.0625,70498,ZTZ2
2022-09-06 15:00:00+00:00,34,1,512153,104.0625,104.09765625,104.05078125,104.05859375,36998,ZTZ2
2022-09-06 16:00:00+00:00,34,1,512153,104.05859375,104.05859375,104.0234375,104.03515625,23885,ZTZ2
2022-09-06 17:00:00+00:00,34,1,512153,104.03515625,104.05078125,104.0234375,104.0390625,22555,ZTZ2
2022-09-06 18:00:00+00:00,34,1,512153,104.03515625,104.046875,104.02734375,104.0390625,23961,ZTZ2
2022-09-06 19:00:00+00:00,34,1,512153,104.04296875,104.07421875,104.0390625,104.046875,22182,ZTZ2
2022-09-06 20:00:00+00:00,34,1,512153,104.04296875,104.05078125,104.01953125,104.0234375,27580,ZTZ2
2022-09-06 22:00:00+00:00,34,1,512153,104.0234375,104.03515625,104.0234375,104.03125,2248,ZTZ2
2022-09-06 23:00:00+00:00,34,1,512153,104.03125,104.04296875,104.01953125,104.03515625,3655,ZTZ2
2022-09-07 00:00:00+00:00,34,1,512153,104.03125,104.04296875,104.0078125,104.02734375,5444,ZTZ2
2022-09-07 01:00:00+00:00,34,1,512153,104.02734375,104.0546875,104.0234375,104.046875,6093,ZTZ2
2022-09-07 02:00:00+00:00,34,1,512153,104.046875,104.05078125,104.02734375,104.0390625,4030,ZTZ2
2022-09-07 03:00:00+00:00,34,1,512153,104.0390625,104.0390625,104.01171875,104.01953125,1316,ZTZ2
2022-09-07 04:00:00+00:00,34,1,512153,104.01953125,104.04296875,104.015625,104.0390625,3325,ZTZ2
2022-09-07 05:00:00+00:00,34,1,512153,104.0390625,104.05078125,104.03125,104.04296875,4822,ZTZ2
2022-09-07 06:00:00+00:00,34,1,512153,104.04296875,104.06640625,104.03125,104.046875,6786,ZTZ2
2022-09-07 07:00:00+00:00,34,1,512153,104.05078125,104.10546875,104.05078125,104.10546875,15149,ZTZ2
2022-09-07 08:00:00+00:00,34,1,512153,104.10546875,104.1328125,104.1015625,104.125,11803,ZTZ2
2022-09-07 09:00:00+00:00,34,1,512153,104.125,104.125,104.10546875,104.125,4941,ZTZ2
2022-09-07 10:00:00+00:00,34,1,512153,104.125,104.125,104.08984375,104.09765625,4706,ZTZ2
2022-09-07 11:00:00+00:00,34,1,512153,104.09375,104.12109375,104.02734375,104.078125,31693,ZTZ2
2022-09-07 12:00:00+00:00,34,1,512153,104.078125,104.10546875,104.04296875,104.07421875,35132,ZTZ2
2022-09-07 13:00:00+00:00,34,1,512153,104.07421875,104.109375,104.0625,104.08984375,33389,ZTZ2
2022-09-07 14:00:00+00:00,34,1,512153,104.0859375,104.1171875,104.0703125,104.09765625,29580,ZTZ2
2022-09-07 15:00:00+00:00,34,1,512153,104.09765625,104.12109375,104.08984375,104.1171875,26307,ZTZ2
2022-09-07 16:00:00+00:00,34,1,512153,104.1171875,104.1171875,104.08984375,104.11328125,21859,ZTZ2
2022-09-07 17:00:00+00:00,34,1,512153,104.109375,104.15234375,104.10546875,104.15234375,43827,ZTZ2
2022-09-07 18:00:00+00:00,34,1,512153,104.1484375,104.16015625,104.140625,104.1484375,21327,ZTZ2
2022-09-07 19:00:00+00:00,34,1,512153,104.15234375,104.1796875,104.14453125,104.16796875,19827,ZTZ2
2022-09-07 20:00:00+00:00,34,1,512153,104.171875,104.17578125,104.15234375,104.171875,14486,ZTZ2
2022-09-07 22:00:00+00:00,34,1,512153,104.16796875,104.17578125,104.1640625,104.16796875,882,ZTZ2
2022-09-07 23:00:00+00:00,34,1,512153,104.16796875,104.171875,104.16015625,104.16796875,596,ZTZ2
2022-09-08 00:00:00+00:00,34,1,512153,104.171875,104.17578125,104.15234375,104.15234375,3579,ZTZ2
2022-09-08 01:00:00+00:00,34,1,512153,104.15625,104.17578125,104.15234375,104.16796875,5542,ZTZ2
2022-09-08 02:00:00+00:00,34,1,512153,104.171875,104.17578125,104.16015625,104.1640625,3916,ZTZ2
2022-09-08 03:00:00+00:00,34,1,512153,104.1640625,104.20703125,104.16015625,104.19140625,5583,ZTZ2
2022-09-08 04:00:00+00:00,34,1,512153,104.19140625,104.2109375,104.18359375,104.20703125,3297,ZTZ2
2022-09-08 05:00:00+00:00,34,1,512153,104.203125,104.20703125,104.1953125,104.20703125,1800,ZTZ2
2022-09-08 06:00:00+00:00,34,1,512153,104.203125,104.22265625,104.19140625,104.1953125,6924,ZTZ2
2022-09-08 07:00:00+00:00,34,1,512153,104.19921875,104.203125,104.15625,104.16015625,7795,ZTZ2
2022-09-08 08:00:00+00:00,34,1,512153,104.16015625,104.1796875,104.15234375,104.16015625,6664,ZTZ2
2022-09-08 09:00:00+00:00,34,1,512153,104.1640625,104.17578125,104.1484375,104.17578125,6608,ZTZ2
2022-09-08 10:00:00+00:00,34,1,512153,104.171875,104.18359375,104.16015625,104.16015625,6571,ZTZ2
2022-09-08 11:00:00+00:00,34,1,512153,104.1640625,104.2265625,104.16015625,104.203125,17684,ZTZ2
2022-09-08 12:00:00+00:00,34,1,512153,104.203125,104.2421875,104.09765625,104.10546875,72101,ZTZ2
2022-09-08 13:00:00+00:00,34,1,512153,104.10546875,104.12109375,104.0390625,104.06640625,82449,ZTZ2
2022-09-08 14:00:00+00:00,34,1,512153,104.0625,104.078125,104.0390625,104.0625,51219,ZTZ2
2022-09-08 15:00:00+00:00,34,1,512153,104.0625,104.06640625,104.0390625,104.0390625,22171,ZTZ2
2022-09-08 16:00:00+00:00,34,1,512153,104.0390625,104.05859375,104.03125,104.0546875,23002,ZTZ2
2022-09-08 17:00:00+00:00,34,1,512153,104.0546875,104.08203125,104.05078125,104.06640625,20069,ZTZ2
2022-09-08 18:00:00+00:00,34,1,512153,104.06640625,104.078125,104.0546875,104.05859375,17090,ZTZ2
2022-09-08 19:00:00+00:00,34,1,512153,104.0625,104.0703125,104.02734375,104.02734375,14404,ZTZ2
2022-09-08 20:00:00+00:00,34,1,512153,104.02734375,104.0390625,104.015625,104.02734375,22993,ZTZ2
2022-09-08 22:00:00+00:00,34,1,512153,104.02734375,104.03125,104.01953125,104.0234375,532,ZTZ2
2022-09-08 23:00:00+00:00,34,1,512153,104.01953125,104.0234375,104.015625,104.01953125,620,ZTZ2
2022-09-09 00:00:00+00:00,34,1,512153,104.0234375,104.03125,104.01171875,104.01171875,2724,ZTZ2
2022-09-09 01:00:00+00:00,34,1,512153,104.015625,104.02734375,104.0,104.02734375,4071,ZTZ2
2022-09-09 02:00:00+00:00,34,1,512153,104.02734375,104.05078125,104.0234375,104.046875,2907,ZTZ2
2022-09-09 03:00:00+00:00,34,1,512153,104.046875,104.08203125,104.046875,104.0625,4555,ZTZ2
2022-09-09 04:00:00+00:00,34,1,512153,104.06640625,104.08203125,104.05859375,104.06640625,2937,ZTZ2
2022-09-09 05:00:00+00:00,34,1,512153,104.0703125,104.07421875,104.05078125,104.05859375,2963,ZTZ2
2022-09-09 06:00:00+00:00,34,1,512153,104.0546875,104.0703125,104.03125,104.05859375,7735,ZTZ2
2022-09-09 07:00:00+00:00,34,1,512153,104.0546875,104.0703125,104.01171875,104.02734375,10463,ZTZ2
2022-09-09 08:00:00+00:00,34,1,512153,104.02734375,104.09375,104.015625,104.08984375,9217,ZTZ2
2022-09-09 09:00:00+00:00,34,1,512153,104.08984375,104.1171875,104.08203125,104.1015625,7878,ZTZ2
2022-09-09 10:00:00+00:00,34,1,512153,104.1015625,104.140625,104.09765625,104.1171875,9486,ZTZ2
2022-09-09 11:00:00+00:00,34,1,512153,104.1171875,104.125,104.08203125,104.08203125,11494,ZTZ2
2022-09-09 12:00:00+00:00,34,1,512153,104.0859375,104.10546875,104.05859375,104.0703125,28808,ZTZ2
2022-09-09 13:00:00+00:00,34,1,512153,104.0703125,104.109375,104.0078125,104.03125,52707,ZTZ2
2022-09-09 14:00:00+00:00,34,1,512153,104.03125,104.0859375,104.03125,104.046875,26159,ZTZ2
2022-09-09 15:00:00+00:00,34,1,512153,104.046875,104.05078125,104.00390625,104.02734375,26166,ZTZ2
2022-09-09 16:00:00+00:00,34,1,512153,104.02734375,104.03125,103.953125,103.96484375,40014,ZTZ2
2022-09-09 17:00:00+00:00,34,1,512153,103.96484375,103.96875,103.9296875,103.93359375,18991,ZTZ2
2022-09-09 18:00:00+00:00,34,1,512153,103.9296875,103.9296875,103.91015625,103.9140625,22139,ZTZ2
2022-09-09 19:00:00+00:00,34,1,512153,103.91796875,103.93359375,103.9140625,103.92578125,19906,ZTZ2
2022-09-09 20:00:00+00:00,34,1,512153,103.92578125,103.9375,103.921875,103.92578125,11280,ZTZ2
2022-09-11 22:00:00+00:00,34,1,512153,103.9140625,103.9375,103.90234375,103.93359375,1177,ZTZ2
2022-09-11 23:00:00+00:00,34,1,512153,103.93359375,103.94140625,103.92578125,103.9375,568,ZTZ2
2022-09-12 00:00:00+00:00,34,1,512153,103.9375,103.94921875,103.9296875,103.9453125,1520,ZTZ2
2022-09-12 01:00:00+00:00,34,1,512153,103.9453125,103.96875,103.9453125,103.94921875,3686,ZTZ2
2022-09-12 02:00:00+00:00,34,1,512153,103.94921875,103.953125,103.9375,103.94921875,2482,ZTZ2
2022-09-12 03:00:00+00:00,34,1,512153,103.953125,103.953125,103.93359375,103.9375,1534,ZTZ2
2022-09-12 04:00:00+00:00,34,1,512153,103.9375,103.94140625,103.91015625,103.921875,1993,ZTZ2
2022-09-12 05:00:00+00:00,34,1,512153,103.92578125,103.94140625,103.9140625,103.9140625,2630,ZTZ2
2022-09-12 06:00:00+00:00,34,1,512153,103.9140625,103.94140625,103.89453125,103.93359375,4199,ZTZ2
2022-09-12 07:00:00+00:00,34,1,512153,103.93359375,103.97265625,103.93359375,103.953125,7852,ZTZ2
2022-09-12 08:00:00+00:00,34,1,512153,103.95703125,103.98046875,103.953125,103.9765625,5336,ZTZ2
2022-09-12 09:00:00+00:00,34,1,512153,103.9765625,103.9921875,103.96875,103.98046875,3982,ZTZ2
2022-09-12 10:00:00+00:00,34,1,512153,103.98046875,103.98828125,103.96484375,103.98828125,4327,ZTZ2
2022-09-12 11:00:00+00:00,34,1,512153,103.98828125,104.015625,103.9609375,103.99609375,13799,ZTZ2
2022-09-12 12:00:00+00:00,34,1,512153,103.99609375,104.02734375,103.98828125,104.015625,39500,ZTZ2
2022-09-12 13:00:00+00:00,34,1,512153,104.01953125,104.03515625,103.9921875,104.015625,28772,ZTZ2
2022-09-12 14:00:00+00:00,34,1,512153,104.01171875,104.0234375,103.96484375,104.01953125,36324,ZTZ2
2022-09-12 15:00:00+00:00,34,1,512153,104.015625,104.03515625,103.96875,103.97265625,38883,ZTZ2
2022-09-12 16:00:00+00:00,34,1,512153,103.9765625,103.98828125,103.96484375,103.984375,21073,ZTZ2
2022-09-12 17:00:00+00:00,34,1,512153,103.984375,103.98828125,103.953125,103.97265625,16954,ZTZ2
2022-09-12 18:00:00+00:00,34,1,512153,103.97265625,103.9765625,103.92578125,103.9375,25653,ZTZ2
2022-09-12 19:00:00+00:00,34,1,512153,103.9375,103.9453125,103.91015625,103.9375,30503,ZTZ2
2022-09-12 20:00:00+00:00,34,1,512153,103.94140625,103.953125,103.92578125,103.92578125,12425,ZTZ2
2022-09-12 22:00:00+00:00,34,1,512153,103.9296875,103.953125,103.9296875,103.94921875,966,ZTZ2
2022-09-12 23:00:00+00:00,34,1,512153,103.94921875,103.96875,103.94921875,103.96484375,1761,ZTZ2
2022-09-13 00:00:00+00:00,34,1,512153,103.96875,103.99609375,103.9609375,103.98828125,4315,ZTZ2
2022-09-13 01:00:00+00:00,34,1,512153,103.9921875,103.99609375,103.98046875,103.984375,2500,ZTZ2
2022-09-13 02:00:00+00:00,34,1,512153,103.984375,103.98828125,103.9765625,103.98046875,794,ZTZ2
2022-09-13 03:00:00+00:00,34,1,512153,103.984375,103.9921875,103.98046875,103.984375,1317,ZTZ2
2022-09-13 04:00:00+00:00,34,1,512153,103.984375,103.99609375,103.984375,103.99609375,1229,ZTZ2
2022-09-13 05:00:00+00:00,34,1,512153,103.99609375,104.00390625,103.984375,103.99609375,1787,ZTZ2
2022-09-13 06:00:00+00:00,34,1,512153,103.9921875,104.015625,103.98828125,104.00390625,6367,ZTZ2
2022-09-13 07:00:00+00:00,34,1,512153,104.0,104.0078125,103.984375,104.00390625,9670,ZTZ2
2022-09-13 08:00:00+00:00,34,1,512153,104.00390625,104.02734375,104.00390625,104.0234375,9043,ZTZ2
2022-09-13 09:00:00+00:00,34,1,512153,104.0234375,104.0390625,104.015625,104.03125,9734,ZTZ2
2022-09-13 10:00:00+00:00,34,1,512153,104.03515625,104.0390625,104.01953125,104.01953125,7101,ZTZ2
2022-09-13 11:00:00+00:00,34,1,512153,104.0234375,104.0625,104.01953125,104.046875,28838,ZTZ2
2022-09-13 12:00:00+00:00,34,1,512153,104.046875,104.07421875,103.640625,103.64453125,168468,ZTZ2
2022-09-13 13:00:00+00:00,34,1,512153,103.64453125,103.65234375,103.56640625,103.60546875,142074,ZTZ2
2022-09-13 14:00:00+00:00,34,1,512153,103.60546875,103.6328125,103.59375,103.6015625,55532,ZTZ2
2022-09-13 15:00:00+00:00,34,1,512153,103.60546875,103.62890625,103.578125,103.578125,41187,ZTZ2
2022-09-13 16:00:00+00:00,34,1,512153,103.578125,103.5859375,103.515625,103.5703125,61455,ZTZ2
2022-09-13 17:00:00+00:00,34,1,512153,103.57421875,103.58984375,103.5078125,103.51953125,32835,ZTZ2
2022-09-13 18:00:00+00:00,34,1,512153,103.5234375,103.59375,103.50390625,103.58203125,43147,ZTZ2
2022-09-13 19:00:00+00:00,34,1,512153,103.578125,103.60546875,103.578125,103.6015625,37672,ZTZ2
2022-09-13 20:00:00+00:00,34,1,512153,103.6015625,103.61328125,103.58203125,103.58203125,32120,ZTZ2
2022-09-13 22:00:00+00:00,34,1,512153,103.58984375,103.59375,103.55859375,103.56640625,2080,ZTZ2
2022-09-13 23:00:00+00:00,34,1,512153,103.56640625,103.56640625,103.5546875,103.5625,2463,ZTZ2
2022-09-14 00:00:00+00:00,34,1,512153,103.55859375,103.55859375,103.4921875,103.5234375,10774,ZTZ2
2022-09-14 01:00:00+00:00,34,1,512153,103.5234375,103.53515625,103.50390625,103.51953125,7562,ZTZ2
2022-09-14 02:00:00+00:00,34,1,512153,103.51953125,103.546875,103.51953125,103.54296875,4557,ZTZ2
2022-09-14 03:00:00+00:00,34,1,512153,103.546875,103.5546875,103.5390625,103.55078125,2736,ZTZ2
2022-09-14 04:00:00+00:00,34,1,512153,103.55078125,103.58203125,103.53125,103.56640625,6701,ZTZ2
2022-09-14 05:00:00+00:00,34,1,512153,103.5703125,103.58203125,103.5625,103.57421875,3137,ZTZ2
2022-09-14 06:00:00+00:00,34,1,512153,103.578125,103.62890625,103.578125,103.5859375,14979,ZTZ2
2022-09-14 07:00:00+00:00,34,1,512153,103.5859375,103.59375,103.50390625,103.54296875,25090,ZTZ2
2022-09-14 08:00:00+00:00,34,1,512153,103.546875,103.56640625,103.5234375,103.54296875,9543,ZTZ2
2022-09-14 09:00:00+00:00,34,1,512153,103.546875,103.5546875,103.51953125,103.51953125,7163,ZTZ2
2022-09-14 10:00:00+00:00,34,1,512153,103.51953125,103.5390625,103.50390625,103.53125,13901,ZTZ2
2022-09-14 11:00:00+00:00,34,1,512153,103.52734375,103.52734375,103.41015625,103.41015625,42210,ZTZ2
2022-09-14 12:00:00+00:00,34,1,512153,103.40625,103.51171875,103.40234375,103.48828125,74548,ZTZ2
2022-09-14 13:00:00+00:00,34,1,512153,103.48828125,103.515625,103.4765625,103.4921875,59064,ZTZ2
2022-09-14 14:00:00+00:00,34,1,512153,103.48828125,103.5546875,103.48046875,103.5390625,36851,ZTZ2
2022-09-14 15:00:00+00:00,34,1,512153,103.54296875,103.5859375,103.53125,103.5390625,48402,ZTZ2
2022-09-14 16:00:00+00:00,34,1,512153,103.5390625,103.5390625,103.51171875,103.51171875,20373,ZTZ2
2022-09-14 17:00:00+00:00,34,1,512153,103.5078125,103.53515625,103.4921875,103.5078125,17527,ZTZ2
2022-09-14 18:00:00+00:00,34,1,512153,103.51171875,103.5390625,103.50390625,103.52734375,33546,ZTZ2
2022-09-14 19:00:00+00:00,34,1,512153,103.53125,103.53125,103.48828125,103.4921875,29888,ZTZ2
2022-09-14 20:00:00+00:00,34,1,512153,103.48828125,103.5078125,103.484375,103.4921875,17754,ZTZ2
2022-09-14 22:00:00+00:00,34,1,512153,103.49609375,103.49609375,103.4765625,103.484375,1204,ZTZ2
2022-09-14 23:00:00+00:00,34,1,512153,103.484375,103.5,103.48046875,103.48828125,1215,ZTZ2
2022-09-15 00:00:00+00:00,34,1,512153,103.48828125,103.5,103.484375,103.49609375,3297,ZTZ2
2022-09-15 01:00:00+00:00,34,1,512153,103.49609375,103.52734375,103.4921875,103.51171875,6197,ZTZ2
2022-09-15 02:00:00+00:00,34,1,512153,103.51171875,103.515625,103.48828125,103.4921875,1842,ZTZ2
2022-09-15 03:00:00+00:00,34,1,512153,103.4921875,103.49609375,103.48046875,103.4921875,2314,ZTZ2
2022-09-15 04:00:00+00:00,34,1,512153,103.48828125,103.4921875,103.46484375,103.4765625,4499,ZTZ2
2022-09-15 05:00:00+00:00,34,1,512153,103.4765625,103.4765625,103.4453125,103.45703125,5221,ZTZ2
2022-09-15 06:00:00+00:00,34,1,512153,103.45703125,103.45703125,103.421875,103.421875,7616,ZTZ2
2022-09-15 07:00:00+00:00,34,1,512153,103.41796875,103.44140625,103.40625,103.44140625,7966,ZTZ2
2022-09-15 08:00:00+00:00,34,1,512153,103.44140625,103.453125,103.43359375,103.44921875,10341,ZTZ2
2022-09-15 09:00:00+00:00,34,1,512153,103.4453125,103.453125,103.4375,103.4453125,9055,ZTZ2
2022-09-15 10:00:00+00:00,34,1,512153,103.44921875,103.44921875,103.40625,103.421875,12751,ZTZ2
2022-09-15 11:00:00+00:00,34,1,512153,103.421875,103.44921875,103.40234375,103.41015625,21784,ZTZ2
2022-09-15 12:00:00+00:00,34,1,512153,103.41015625,103.44921875,103.29296875,103.41015625,89459,ZTZ2
2022-09-15 13:00:00+00:00,34,1,512153,103.41015625,103.421875,103.359375,103.3984375,54502,ZTZ2
2022-09-15 14:00:00+00:00,34,1,512153,103.39453125,103.40625,103.37109375,103.38671875,35504,ZTZ2
2022-09-15 15:00:00+00:00,34,1,512153,103.38671875,103.390625,103.33984375,103.34375,37599,ZTZ2
2022-09-15 16:00:00+00:00,34,1,512153,103.33984375,103.3515625,103.33203125,103.34375,18771,ZTZ2
2022-09-15 17:00:00+00:00,34,1,512153,103.34375,103.37109375,103.33203125,103.36328125,10008,ZTZ2
2022-09-15 18:00:00+00:00,34,1,512153,103.36328125,103.3671875,103.328125,103.328125,19828,ZTZ2
2022-09-15 19:00:00+00:00,34,1,512153,103.328125,103.3515625,103.328125,103.3359375,25781,ZTZ2
2022-09-15 20:00:00+00:00,34,1,512153,103.3359375,103.3515625,103.32421875,103.328125,16419,ZTZ2
2022-09-15 22:00:00+00:00,34,1,512153,103.328125,103.3515625,103.328125,103.3359375,1332,ZTZ2
2022-09-15 23:00:00+00:00,34,1,512153,103.3359375,103.3515625,103.3359375,103.34765625,1527,ZTZ2
2022-09-16 00:00:00+00:00,34,1,512153,103.34375,103.36328125,103.34375,103.34375,3351,ZTZ2
2022-09-16 01:00:00+00:00,34,1,512153,103.34375,103.34765625,103.328125,103.33203125,3301,ZTZ2
2022-09-16 02:00:00+00:00,34,1,512153,103.33203125,103.3359375,103.3046875,103.30859375,4938,ZTZ2
2022-09-16 03:00:00+00:00,34,1,512153,103.30859375,103.31640625,103.296875,103.30859375,2542,ZTZ2
2022-09-16 04:00:00+00:00,34,1,512153,103.3046875,103.31640625,103.30078125,103.31640625,1836,ZTZ2
2022-09-16 05:00:00+00:00,34,1,512153,103.3125,103.32421875,103.30078125,103.30859375,3120,ZTZ2
2022-09-16 06:00:00+00:00,34,1,512153,103.3046875,103.3046875,103.25,103.27734375,19290,ZTZ2
2022-09-16 07:00:00+00:00,34,1,512153,103.2734375,103.3125,103.265625,103.30859375,17603,ZTZ2
2022-09-16 08:00:00+00:00,34,1,512153,103.30859375,103.30859375,103.2890625,103.29296875,8313,ZTZ2
2022-09-16 09:00:00+00:00,34,1,512153,103.296875,103.3125,103.28515625,103.29296875,11540,ZTZ2
2022-09-16 10:00:00+00:00,34,1,512153,103.29296875,103.30859375,103.28125,103.28515625,9359,ZTZ2
2022-09-16 11:00:00+00:00,34,1,512153,103.2890625,103.33984375,103.28515625,103.328125,15089,ZTZ2
2022-09-16 12:00:00+00:00,34,1,512153,103.33203125,103.33203125,103.27734375,103.28125,53679,ZTZ2
2022-09-16 13:00:00+00:00,34,1,512153,103.28125,103.30078125,103.25390625,103.28515625,58430,ZTZ2
2022-09-16 14:00:00+00:00,34,1,512153,103.28125,103.3515625,103.2734375,103.31640625,63226,ZTZ2
2022-09-16 15:00:00+00:00,34,1,512153,103.31640625,103.359375,103.3046875,103.33984375,31658,ZTZ2
2022-09-16 16:00:00+00:00,34,1,512153,103.33984375,103.37109375,103.32421875,103.32421875,31042,ZTZ2
2022-09-16 17:00:00+00:00,34,1,512153,103.32421875,103.375,103.31640625,103.375,33051,ZTZ2
2022-09-16 18:00:00+00:00,34,1,512153,103.37890625,103.41015625,103.375,103.38671875,29446,ZTZ2
2022-09-16 19:00:00+00:00,34,1,512153,103.38671875,103.40234375,103.375,103.375,13916,ZTZ2
2022-09-16 20:00:00+00:00,34,1,512153,103.375,103.3828125,103.35546875,103.36328125,11014,ZTZ2
2022-09-18 22:00:00+00:00,34,1,512153,103.359375,103.36328125,103.34375,103.3515625,1446,ZTZ2
2022-09-18 23:00:00+00:00,34,1,512153,103.35546875,103.3671875,103.3515625,103.359375,1370,ZTZ2
2022-09-19 00:00:00+00:00,34,1,512153,103.359375,103.3671875,103.33203125,103.34375,2746,ZTZ2
2022-09-19 01:00:00+00:00,34,1,512153,103.33984375,103.33984375,103.328125,103.328125,1665,ZTZ2
2022-09-19 02:00:00+00:00,34,1,512153,103.328125,103.33203125,103.3046875,103.31640625,2564,ZTZ2
2022-09-19 03:00:00+00:00,34,1,512153,103.31640625,103.3203125,103.30859375,103.31640625,1550,ZTZ2
2022-09-19 04:00:00+00:00,34,1,512153,103.31640625,103.328125,103.31640625,103.3203125,1143,ZTZ2
2022-09-19 05:00:00+00:00,34,1,512153,103.3203125,103.3203125,103.3046875,103.30859375,1786,ZTZ2
2022-09-19 06:00:00+00:00,34,1,512153,103.30859375,103.3125,103.296875,103.3125,3247,ZTZ2
2022-09-19 07:00:00+00:00,34,1,512153,103.3125,103.3203125,103.265625,103.265625,6439,ZTZ2
2022-09-19 08:00:00+00:00,34,1,512153,103.265625,103.2734375,103.25390625,103.25390625,12584,ZTZ2
2022-09-19 09:00:00+00:00,34,1,512153,103.25390625,103.25390625,103.22265625,103.2421875,22703,ZTZ2
2022-09-19 10:00:00+00:00,34,1,512153,103.24609375,103.25390625,103.23046875,103.24609375,6595,ZTZ2
2022-09-19 11:00:00+00:00,34,1,512153,103.24609375,103.26171875,103.2109375,103.23828125,23688,ZTZ2
2022-09-19 12:00:00+00:00,34,1,512153,103.234375,103.26171875,103.203125,103.234375,35336,ZTZ2
2022-09-19 13:00:00+00:00,34,1,512153,103.234375,103.2578125,103.17578125,103.19140625,49032,ZTZ2
2022-09-19 14:00:00+00:00,34,1,512153,103.1875,103.21484375,103.171875,103.20703125,44800,ZTZ2
2022-09-19 15:00:00+00:00,34,1,512153,103.2109375,103.26171875,103.20703125,103.21484375,50252,ZTZ2
2022-09-19 16:00:00+00:00,34,1,512153,103.21875,103.25,103.21484375,103.2265625,17475,ZTZ2
2022-09-19 17:00:00+00:00,34,1,512153,103.2265625,103.23828125,103.21484375,103.21484375,10078,ZTZ2
2022-09-19 18:00:00+00:00,34,1,512153,103.21875,103.2265625,103.2109375,103.22265625,19843,ZTZ2
2022-09-19 19:00:00+00:00,34,1,512153,103.2265625,103.23828125,103.21484375,103.23046875,21874,ZTZ2
2022-09-19 20:00:00+00:00,34,1,512153,103.2265625,103.24609375,103.22265625,103.2421875,12888,ZTZ2
2022-09-19 22:00:00+00:00,34,1,512153,103.2421875,103.24609375,103.2265625,103.2265625,2096,ZTZ2
2022-09-19 23:00:00+00:00,34,1,512153,103.2265625,103.234375,103.2109375,103.23046875,1425,ZTZ2
2022-09-20 00:00:00+00:00,34,1,512153,103.23046875,103.23828125,103.22265625,103.2265625,2443,ZTZ2
2022-09-20 01:00:00+00:00,34,1,512153,103.23046875,103.25,103.23046875,103.234375,3429,ZTZ2
2022-09-20 02:00:00+00:00,34,1,512153,103.234375,103.24609375,103.23046875,103.24609375,1681,ZTZ2
2022-09-20 03:00:00+00:00,34,1,512153,103.24609375,103.2578125,103.24609375,103.25390625,2019,ZTZ2
2022-09-20 04:00:00+00:00,34,1,512153,103.25390625,103.25390625,103.2265625,103.23046875,1044,ZTZ2
2022-09-20 05:00:00+00:00,34,1,512153,103.23046875,103.25,103.2265625,103.23046875,2674,ZTZ2
2022-09-20 06:00:00+00:00,34,1,512153,103.2265625,103.23046875,103.1953125,103.2109375,10911,ZTZ2
2022-09-20 07:00:00+00:00,34,1,512153,103.2109375,103.23828125,103.1875,103.19140625,15212,ZTZ2
2022-09-20 08:00:00+00:00,34,1,512153,103.19140625,103.203125,103.1796875,103.18359375,13179,ZTZ2
2022-09-20 09:00:00+00:00,34,1,512153,103.18359375,103.19140625,103.14453125,103.1796875,41508,ZTZ2
2022-09-20 10:00:00+00:00,34,1,512153,103.18359375,103.19140625,103.1640625,103.1796875,16629,ZTZ2
2022-09-20 11:00:00+00:00,34,1,512153,103.18359375,103.20703125,103.1640625,103.19921875,26743,ZTZ2
2022-09-20 12:00:00+00:00,34,1,512153,103.19921875,103.21875,103.16796875,103.203125,66682,ZTZ2
2022-09-20 13:00:00+00:00,34,1,512153,103.19921875,103.20703125,103.16015625,103.171875,51590,ZTZ2
2022-09-20 14:00:00+00:00,34,1,512153,103.171875,103.1953125,103.15234375,103.18359375,46583,ZTZ2
2022-09-20 15:00:00+00:00,34,1,512153,103.1796875,103.2109375,103.1640625,103.19921875,36113,ZTZ2
2022-09-20 16:00:00+00:00,34,1,512153,103.203125,103.2109375,103.1796875,103.20703125,35784,ZTZ2
2022-09-20 17:00:00+00:00,34,1,512153,103.20703125,103.2265625,103.19140625,103.203125,30470,ZTZ2
2022-09-20 18:00:00+00:00,34,1,512153,103.203125,103.20703125,103.17578125,103.17578125,30811,ZTZ2
2022-09-20 19:00:00+00:00,34,1,512153,103.17578125,103.18359375,103.15625,103.1796875,22859,ZTZ2
2022-09-20 20:00:00+00:00,34,1,512153,103.17578125,103.2109375,103.15234375,103.16015625,22903,ZTZ2
2022-09-20 22:00:00+00:00,34,1,512153,103.171875,103.1796875,103.171875,103.17578125,1013,ZTZ2
2022-09-20 23:00:00+00:00,34,1,512153,103.171875,103.19140625,103.16796875,103.1875,2073,ZTZ2
2022-09-21 00:00:00+00:00,34,1,512153,103.1875,103.1953125,103.16796875,103.18359375,2818,ZTZ2
2022-09-21 01:00:00+00:00,34,1,512153,103.18359375,103.203125,103.17578125,103.19921875,2639,ZTZ2
2022-09-21 02:00:00+00:00,34,1,512153,103.19921875,103.20703125,103.19140625,103.19140625,2208,ZTZ2
2022-09-21 03:00:00+00:00,34,1,512153,103.19140625,103.19140625,103.171875,103.17578125,2648,ZTZ2
2022-09-21 04:00:00+00:00,34,1,512153,103.17578125,103.1796875,103.16796875,103.171875,2800,ZTZ2
2022-09-21 05:00:00+00:00,34,1,512153,103.17578125,103.21484375,103.17578125,103.2109375,5727,ZTZ2
2022-09-21 06:00:00+00:00,34,1,512153,103.20703125,103.27734375,103.1875,103.19921875,29021,ZTZ2
2022-09-21 07:00:00+00:00,34,1,512153,103.19921875,103.25,103.1953125,103.21875,27523,ZTZ2
2022-09-21 08:00:00+00:00,34,1,512153,103.21484375,103.234375,103.2109375,103.22265625,9638,ZTZ2
2022-09-21 09:00:00+00:00,34,1,512153,103.22265625,103.2265625,103.19140625,103.20703125,8979,ZTZ2
2022-09-21 10:00:00+00:00,34,1,512153,103.20703125,103.2109375,103.171875,103.1796875,12314,ZTZ2
2022-09-21 11:00:00+00:00,34,1,512153,103.17578125,103.1875,103.1484375,103.1875,21890,ZTZ2
2022-09-21 12:00:00+00:00,34,1,512153,103.1875,103.19921875,103.15625,103.171875,31292,ZTZ2
2022-09-21 13:00:00+00:00,34,1,512153,103.171875,103.1796875,103.12890625,103.140625,36029,ZTZ2
2022-09-21 14:00:00+00:00,34,1,512153,103.140625,103.15625,103.09765625,103.11328125,42627,ZTZ2
2022-09-21 15:00:00+00:00,34,1,512153,103.11328125,103.11328125,103.0625,103.06640625,58484,ZTZ2
2022-09-21 16:00:00+00:00,34,1,512153,103.06640625,103.07421875,103.04296875,103.05078125,39462,ZTZ2
2022-09-21 17:00:00+00:00,34,1,512153,103.05078125,103.13671875,103.046875,103.109375,44189,ZTZ2
2022-09-21 18:00:00+00:00,34,1,512153,103.109375,103.1640625,102.8515625,103.11328125,270983,ZTZ2
2022-09-21 19:00:00+00:00,34,1,512153,103.109375,103.1171875,102.984375,103.03515625,78960,ZTZ2
2022-09-21 20:00:00+00:00,34,1,512153,103.03515625,103.0390625,102.9609375,102.9765625,24981,ZTZ2
2022-09-21 22:00:00+00:00,34,1,512153,102.96484375,102.984375,102.93359375,102.94140625,5474,ZTZ2
2022-09-21 23:00:00+00:00,34,1,512153,102.94140625,102.94921875,102.9140625,102.93359375,2888,ZTZ2
2022-09-22 00:00:00+00:00,34,1,512153,102.9296875,102.9453125,102.87109375,102.875,11042,ZTZ2
2022-09-22 01:00:00+00:00,34,1,512153,102.87890625,102.87890625,102.8125,102.85546875,17003,ZTZ2
2022-09-22 02:00:00+00:00,34,1,512153,102.8515625,102.87109375,102.83984375,102.8515625,8726,ZTZ2
2022-09-22 03:00:00+00:00,34,1,512153,102.85546875,102.8671875,102.8359375,102.8359375,8933,ZTZ2
2022-09-22 04:00:00+00:00,34,1,512153,102.83984375,102.8671875,102.8359375,102.85546875,3401,ZTZ2
2022-09-22 05:00:00+00:00,34,1,512153,102.85546875,102.8671875,102.83203125,102.83984375,4620,ZTZ2
2022-09-22 06:00:00+00:00,34,1,512153,102.83984375,102.8671875,102.8203125,102.8515625,12911,ZTZ2
2022-09-22 07:00:00+00:00,34,1,512153,102.8515625,102.89453125,102.83203125,102.87890625,39266,ZTZ2
2022-09-22 08:00:00+00:00,34,1,512153,102.875,102.9375,102.87109375,102.89453125,43584,ZTZ2
2022-09-22 09:00:00+00:00,34,1,512153,102.89453125,102.90625,102.875,102.87890625,16518,ZTZ2
2022-09-22 10:00:00+00:00,34,1,512153,102.87890625,102.91015625,102.8671875,102.89453125,22339,ZTZ2
2022-09-22 11:00:00+00:00,34,1,512153,102.89453125,102.93359375,102.83984375,102.92578125,57230,ZTZ2
2022-09-22 12:00:00+00:00,34,1,512153,102.92578125,102.98828125,102.8828125,102.95703125,61284,ZTZ2
2022-09-22 13:00:00+00:00,34,1,512153,102.9609375,102.96484375,102.8359375,102.84375,80346,ZTZ2
2022-09-22 14:00:00+00:00,34,1,512153,102.84375,102.8515625,102.78515625,102.796875,59706,ZTZ2
2022-09-22 15:00:00+00:00,34,1,512153,102.79296875,102.83203125,102.75390625,102.8203125,52766,ZTZ2
2022-09-22 16:00:00+00:00,34,1,512153,102.81640625,102.828125,102.7890625,102.80859375,35760,ZTZ2
2022-09-22 17:00:00+00:00,34,1,512153,102.8125,102.85546875,102.80078125,102.83984375,21138,ZTZ2
2022-09-22 18:00:00+00:00,34,1,512153,102.83984375,102.84375,102.78515625,102.7890625,35067,ZTZ2
2022-09-22 19:00:00+00:00,34,1,512153,102.79296875,102.83203125,102.7890625,102.80078125,29952,ZTZ2
2022-09-22 20:00:00+00:00,34,1,512153,102.80078125,102.8125,102.77734375,102.78125,18207,ZTZ2
2022-09-22 22:00:00+00:00,34,1,512153,102.78515625,102.8046875,102.765625,102.796875,2784,ZTZ2
2022-09-22 23:00:00+00:00,34,1,512153,102.796875,102.80859375,102.76953125,102.76953125,3703,ZTZ2
2022-09-23 00:00:00+00:00,34,1,512153,102.76953125,102.77734375,102.75,102.77734375,4280,ZTZ2
2022-09-23 01:00:00+00:00,34,1,512153,102.77734375,102.77734375,102.75,102.75390625,2519,ZTZ2
2022-09-23 02:00:00+00:00,34,1,512153,102.7578125,102.7578125,102.7421875,102.7421875,3857,ZTZ2
2022-09-23 03:00:00+00:00,34,1,512153,102.73828125,102.75,102.734375,102.7421875,3825,ZTZ2
2022-09-23 04:00:00+00:00,34,1,512153,102.7421875,102.76171875,102.7421875,102.75,1269,ZTZ2
2022-09-23 05:00:00+00:00,34,1,512153,102.75,102.76171875,102.7421875,102.75,2449,ZTZ2
2022-09-23 06:00:00+00:00,34,1,512153,102.74609375,102.7890625,102.7421875,102.78125,8713,ZTZ2
2022-09-23 07:00:00+00:00,34,1,512153,102.78125,102.83203125,102.78125,102.82421875,15044,ZTZ2
2022-09-23 08:00:00+00:00,34,1,512153,102.82421875,102.82421875,102.73046875,102.73828125,14031,ZTZ2
2022-09-23 09:00:00+00:00,34,1,512153,102.73828125,102.74609375,102.61328125,102.6640625,31253,ZTZ2
2022-09-23 10:00:00+00:00,34,1,512153,102.6640625,102.703125,102.5859375,102.5859375,33223,ZTZ2
2022-09-23 11:00:00+00:00,34,1,512153,102.58984375,102.65234375,102.53125,102.64453125,53902,ZTZ2
2022-09-23 12:00:00+00:00,34,1,512153,102.640625,102.765625,102.62109375,102.75390625,71158,ZTZ2
2022-09-23 13:00:00+00:00,34,1,512153,102.75390625,102.84375,102.70703125,102.7265625,92338,ZTZ2
2022-09-23 14:00:00+00:00,34,1,512153,102.7265625,102.73046875,102.66796875,102.68359375,49666,ZTZ2
2022-09-23 15:00:00+00:00,34,1,512153,102.6796875,102.6875,102.6484375,102.67578125,30966,ZTZ2
2022-09-23 16:00:00+00:00,34,1,512153,102.671875,102.73046875,102.6640625,102.6953125,39255,ZTZ2
2022-09-23 17:00:00+00:00,34,1,512153,102.69921875,102.69921875,102.64453125,102.65234375,28383,ZTZ2
2022-09-23 18:00:00+00:00,34,1,512153,102.65234375,102.65625,102.6171875,102.62109375,29997,ZTZ2
2022-09-23 19:00:00+00:00,34,1,512153,102.625,102.65625,102.6171875,102.6484375,20166,ZTZ2
2022-09-23 20:00:00+00:00,34,1,512153,102.65234375,102.6640625,102.625,102.62890625,18569,ZTZ2
2022-09-25 22:00:00+00:00,34,1,512153,102.63671875,102.63671875,102.5859375,102.59375,2367,ZTZ2
2022-09-25 23:00:00+00:00,34,1,512153,102.58984375,102.59375,102.53125,102.546875,4876,ZTZ2
2022-09-26 00:00:00+00:00,34,1,512153,102.546875,102.55859375,102.51953125,102.5390625,9094,ZTZ2
2022-09-26 01:00:00+00:00,34,1,512153,102.5390625,102.5703125,102.5234375,102.5703125,8746,ZTZ2
2022-09-26 02:00:00+00:00,34,1,512153,102.5703125,102.5703125,102.55078125,102.5625,4349,ZTZ2
2022-09-26 03:00:00+00:00,34,1,512153,102.5625,102.57421875,102.5390625,102.54296875,3899,ZTZ2
2022-09-26 04:00:00+00:00,34,1,512153,102.54296875,102.546875,102.50390625,102.5078125,6142,ZTZ2
2022-09-26 05:00:00+00:00,34,1,512153,102.51171875,102.53125,102.44140625,102.48046875,19488,ZTZ2
2022-09-26 06:00:00+00:00,34,1,512153,102.48046875,102.49609375,102.3515625,102.37890625,47496,ZTZ2
2022-09-26 07:00:00+00:00,34,1,512153,102.37890625,102.54296875,102.359375,102.45703125,50930,ZTZ2
2022-09-26 08:00:00+00:00,34,1,512153,102.45703125,102.51171875,102.453125,102.46875,18714,ZTZ2
2022-09-26 09:00:00+00:00,34,1,512153,102.47265625,102.50390625,102.46484375,102.46875,13927,ZTZ2
2022-09-26 10:00:00+00:00,34,1,512153,102.46875,102.49609375,102.44140625,102.4609375,12831,ZTZ2
2022-09-26 11:00:00+00:00,34,1,512153,102.4609375,102.48046875,102.4296875,102.46484375,20470,ZTZ2
2022-09-26 12:00:00+00:00,34,1,512153,102.46875,102.6328125,102.453125,102.609375,93048,ZTZ2
2022-09-26 13:00:00+00:00,34,1,512153,102.60546875,102.64453125,102.5625,102.6328125,74192,ZTZ2
2022-09-26 14:00:00+00:00,34,1,512153,102.6328125,102.65234375,102.609375,102.6171875,43760,ZTZ2
2022-09-26 15:00:00+00:00,34,1,512153,102.62109375,102.625,102.515625,102.515625,55093,ZTZ2
2022-09-26 16:00:00+00:00,34,1,512153,102.515625,102.52734375,102.48828125,102.50390625,46835,ZTZ2
2022-09-26 17:00:00+00:00,34,1,512153,102.50390625,102.51171875,102.3984375,102.41015625,75245,ZTZ2
2022-09-26 18:00:00+00:00,34,1,512153,102.41015625,102.46484375,102.40234375,102.453125,62227,ZTZ2
2022-09-26 19:00:00+00:00,34,1,512153,102.45703125,102.47265625,102.4296875,102.453125,42975,ZTZ2
2022-09-26 20:00:00+00:00,34,1,512153,102.453125,102.453125,102.3828125,102.38671875,29600,ZTZ2
2022-09-26 22:00:00+00:00,34,1,512153,102.38671875,102.4296875,102.37890625,102.42578125,5421,ZTZ2
2022-09-26 23:00:00+00:00,34,1,512153,102.421875,102.43359375,102.41796875,102.421875,2444,ZTZ2
2022-09-27 00:00:00+00:00,34,1,512153,102.421875,102.47265625,102.421875,102.46875,8600,ZTZ2
2022-09-27 01:00:00+00:00,34,1,512153,102.46875,102.49609375,102.453125,102.45703125,6988,ZTZ2
2022-09-27 02:00:00+00:00,34,1,512153,102.45703125,102.46875,102.453125,102.453125,2980,ZTZ2
2022-09-27 03:00:00+00:00,34,1,512153,102.453125,102.484375,102.4453125,102.48046875,2830,ZTZ2
2022-09-27 04:00:00+00:00,34,1,512153,102.48046875,102.484375,102.45703125,102.4609375,4408,ZTZ2
2022-09-27 05:00:00+00:00,34,1,512153,102.4609375,102.4765625,102.4453125,102.47265625,3745,ZTZ2
2022-09-27 06:00:00+00:00,34,1,512153,102.4765625,102.53125,102.46875,102.5,18276,ZTZ2
2022-09-27 07:00:00+00:00,34,1,512153,102.5,102.55859375,102.4921875,102.53515625,32481,ZTZ2
2022-09-27 08:00:00+00:00,34,1,512153,102.53125,102.5546875,102.51171875,102.546875,12210,ZTZ2
2022-09-27 09:00:00+00:00,34,1,512153,102.55078125,102.55859375,102.515625,102.5546875,13788,ZTZ2
2022-09-27 10:00:00+00:00,34,1,512153,102.5546875,102.63671875,102.55078125,102.62890625,18168,ZTZ2
2022-09-27 11:00:00+00:00,34,1,512153,102.62890625,102.6796875,102.61328125,102.6171875,37294,ZTZ2
2022-09-27 12:00:00+00:00,34,1,512153,102.61328125,102.64453125,102.5546875,102.5625,65795,ZTZ2
2022-09-27 13:00:00+00:00,34,1,512153,102.5625,102.58984375,102.4921875,102.5,86206,ZTZ2
2022-09-27 14:00:00+00:00,34,1,512153,102.50390625,102.5390625,102.44140625,102.484375,76708,ZTZ2
2022-09-27 15:00:00+00:00,34,1,512153,102.48828125,102.5,102.44921875,102.47265625,49156,ZTZ2
2022-09-27 16:00:00+00:00,34,1,512153,102.4765625,102.5,102.45703125,102.4609375,37290,ZTZ2
2022-09-27 17:00:00+00:00,34,1,512153,102.46484375,102.484375,102.421875,102.44140625,68546,ZTZ2
2022-09-27 18:00:00+00:00,34,1,512153,102.44140625,102.4921875,102.4375,102.46875,70738,ZTZ2
2022-09-27 19:00:00+00:00,34,1,512153,102.47265625,102.48828125,102.44921875,102.46484375,36032,ZTZ2
2022-09-27 20:00:00+00:00,34,1,512153,102.46484375,102.52734375,102.453125,102.515625,44799,ZTZ2
2022-09-27 22:00:00+00:00,34,1,512153,102.515625,102.546875,102.5078125,102.5234375,2949,ZTZ2
2022-09-27 23:00:00+00:00,34,1,512153,102.51953125,102.55859375,102.51953125,102.546875,2761,ZTZ2
2022-09-28 00:00:00+00:00,34,1,512153,102.54296875,102.54296875,102.484375,102.515625,6025,ZTZ2
2022-09-28 01:00:00+00:00,34,1,512153,102.515625,102.51953125,102.4921875,102.4921875,6268,ZTZ2
2022-09-28 02:00:00+00:00,34,1,512153,102.4921875,102.53125,102.45703125,102.53125,9648,ZTZ2
2022-09-28 03:00:00+00:00,34,1,512153,102.53125,102.54296875,102.51171875,102.515625,4719,ZTZ2
2022-09-28 04:00:00+00:00,34,1,512153,102.51171875,102.51171875,102.4921875,102.4921875,3828,ZTZ2
2022-09-28 05:00:00+00:00,34,1,512153,102.4921875,102.5234375,102.48828125,102.51953125,2980,ZTZ2
2022-09-28 06:00:00+00:00,34,1,512153,102.51953125,102.55859375,102.51171875,102.51953125,16573,ZTZ2
2022-09-28 07:00:00+00:00,34,1,512153,102.515625,102.6328125,102.51171875,102.625,36345,ZTZ2
2022-09-28 08:00:00+00:00,34,1,512153,102.62890625,102.640625,102.5703125,102.59765625,22734,ZTZ2
2022-09-28 09:00:00+00:00,34,1,512153,102.59765625,102.609375,102.5625,102.58203125,22031,ZTZ2
2022-09-28 10:00:00+00:00,34,1,512153,102.58203125,102.74609375,102.58203125,102.6484375,81658,ZTZ2
2022-09-28 11:00:00+00:00,34,1,512153,102.64453125,102.66796875,102.578125,102.6484375,36556,ZTZ2
2022-09-28 12:00:00+00:00,34,1,512153,102.6484375,102.89453125,102.6484375,102.80078125,150224,ZTZ2
2022-09-28 13:00:00+00:00,34,1,512153,102.796875,102.85546875,102.7421875,102.7421875,116794,ZTZ2
2022-09-28 14:00:00+00:00,34,1,512153,102.74609375,102.80859375,102.70703125,102.78125,65339,ZTZ2
2022-09-28 15:00:00+00:00,34,1,512153,102.78515625,102.8359375,102.76171875,102.82421875,74349,ZTZ2
2022-09-28 16:00:00+00:00,34,1,512153,102.8203125,102.83984375,102.76171875,102.80859375,39655,ZTZ2
2022-09-28 17:00:00+00:00,34,1,512153,102.8046875,102.87890625,102.7890625,102.8671875,41515,ZTZ2
2022-09-28 18:00:00+00:00,34,1,512153,102.86328125,102.91015625,102.8515625,102.90234375,47245,ZTZ2
2022-09-28 19:00:00+00:00,34,1,512153,102.90234375,102.9375,102.87890625,102.87890625,41287,ZTZ2
2022-09-28 20:00:00+00:00,34,1,512153,102.8828125,102.8828125,102.8046875,102.81640625,35230,ZTZ2
2022-09-28 22:00:00+00:00,34,1,512153,102.83203125,102.83203125,102.78125,102.78515625,3181,ZTZ2
2022-09-28 23:00:00+00:00,34,1,512153,102.7890625,102.8046875,102.76953125,102.79296875,3241,ZTZ2
2022-09-29 00:00:00+00:00,34,1,512153,102.79296875,102.82421875,102.7890625,102.8046875,4379,ZTZ2
2022-09-29 01:00:00+00:00,34,1,512153,102.8046875,102.81640625,102.76953125,102.8046875,4036,ZTZ2
2022-09-29 02:00:00+00:00,34,1,512153,102.8046875,102.81640625,102.7890625,102.80078125,2515,ZTZ2
2022-09-29 03:00:00+00:00,34,1,512153,102.80078125,102.81640625,102.78125,102.81640625,3350,ZTZ2
2022-09-29 04:00:00+00:00,34,1,512153,102.8125,102.8125,102.7890625,102.79296875,2479,ZTZ2
2022-09-29 05:00:00+00:00,34,1,512153,102.7890625,102.79296875,102.66015625,102.671875,17713,ZTZ2
2022-09-29 06:00:00+00:00,34,1,512153,102.671875,102.7265625,102.640625,102.72265625,20134,ZTZ2
2022-09-29 07:00:00+00:00,34,1,512153,102.72265625,102.74609375,102.63671875,102.66796875,14615,ZTZ2
2022-09-29 08:00:00+00:00,34,1,512153,102.6640625,102.703125,102.6484375,102.6796875,14772,ZTZ2
2022-09-29 09:00:00+00:00,34,1,512153,102.67578125,102.7109375,102.64453125,102.671875,17963,ZTZ2
2022-09-29 10:00:00+00:00,34,1,512153,102.671875,102.6953125,102.64453125,102.69140625,17514,ZTZ2
2022-09-29 11:00:00+00:00,34,1,512153,102.6875,102.72265625,102.66796875,102.67578125,24184,ZTZ2
2022-09-29 12:00:00+00:00,34,1,512153,102.6796875,102.7734375,102.65625,102.6640625,78665,ZTZ2
2022-09-29 13:00:00+00:00,34,1,512153,102.6640625,102.734375,102.640625,102.69140625,74270,ZTZ2
2022-09-29 14:00:00+00:00,34,1,512153,102.69140625,102.6953125,102.6484375,102.65625,43578,ZTZ2
2022-09-29 15:00:00+00:00,34,1,512153,102.65625,102.703125,102.62109375,102.703125,54905,ZTZ2
2022-09-29 16:00:00+00:00,34,1,512153,102.69921875,102.7265625,102.67578125,102.68359375,25138,ZTZ2
2022-09-29 17:00:00+00:00,34,1,512153,102.68359375,102.73046875,102.6796875,102.71875,23164,ZTZ2
2022-09-29 18:00:00+00:00,34,1,512153,102.71484375,102.7734375,102.71484375,102.76953125,26310,ZTZ2
2022-09-29 19:00:00+00:00,34,1,512153,102.76953125,102.78515625,102.7421875,102.75390625,24466,ZTZ2
2022-09-29 20:00:00+00:00,34,1,512153,102.75390625,102.76171875,102.6953125,102.7109375,20872,ZTZ2
2022-09-29 22:00:00+00:00,34,1,512153,102.703125,102.71875,102.6796875,102.70703125,1165,ZTZ2
2022-09-29 23:00:00+00:00,34,1,512153,102.7109375,102.7109375,102.703125,102.703125,590,ZTZ2
2022-09-30 00:00:00+00:00,34,1,512153,102.703125,102.71484375,102.67578125,102.69921875,3717,ZTZ2
2022-09-30 01:00:00+00:00,34,1,512153,102.69921875,102.7109375,102.68359375,102.6875,2682,ZTZ2
2022-09-30 02:00:00+00:00,34,1,512153,102.6875,102.69140625,102.66796875,102.6796875,4857,ZTZ2
2022-09-30 03:00:00+00:00,34,1,512153,102.68359375,102.68359375,102.671875,102.671875,831,ZTZ2
2022-09-30 04:00:00+00:00,34,1,512153,102.66796875,102.6953125,102.6640625,102.69140625,2443,ZTZ2
2022-09-30 05:00:00+00:00,34,1,512153,102.69140625,102.71875,102.69140625,102.70703125,2599,ZTZ2
2022-09-30 06:00:00+00:00,34,1,512153,102.70703125,102.7890625,102.70703125,102.78515625,9215,ZTZ2
2022-09-30 07:00:00+00:00,34,1,512153,102.7890625,102.83984375,102.7734375,102.8203125,10069,ZTZ2
2022-09-30 08:00:00+00:00,34,1,512153,102.81640625,102.82421875,102.76171875,102.7734375,10619,ZTZ2
2022-09-30 09:00:00+00:00,34,1,512153,102.7734375,102.796875,102.765625,102.78125,9688,ZTZ2
2022-09-30 10:00:00+00:00,34,1,512153,102.78125,102.828125,102.77734375,102.796875,13171,ZTZ2
2022-09-30 11:00:00+00:00,34,1,512153,102.796875,102.80859375,102.76953125,102.79296875,12278,ZTZ2
2022-09-30 12:00:00+00:00,34,1,512153,102.79296875,102.796875,102.66796875,102.765625,51400,ZTZ2
2022-09-30 13:00:00+00:00,34,1,512153,102.765625,102.80859375,102.7265625,102.78515625,42184,ZTZ2
2022-09-30 14:00:00+00:00,34,1,512153,102.7890625,102.8203125,102.73828125,102.76953125,57654,ZTZ2
2022-09-30 15:00:00+00:00,34,1,512153,102.76953125,102.81640625,102.7578125,102.8125,35254,ZTZ2
2022-09-30 16:00:00+00:00,34,1,512153,102.80859375,102.83203125,102.7890625,102.79296875,25620,ZTZ2
2022-09-30 17:00:00+00:00,34,1,512153,102.79296875,102.80859375,102.74609375,102.7734375,18570,ZTZ2
2022-09-30 18:00:00+00:00,34,1,512153,102.7734375,102.77734375,102.6875,102.6953125,32865,ZTZ2
2022-09-30 19:00:00+00:00,34,1,512153,102.6953125,102.71875,102.61328125,102.66015625,106218,ZTZ2
2022-09-30 20:00:00+00:00,34,1,512153,102.65625,102.66015625,102.546875,102.55859375,46129,ZTZ2
2022-10-02 22:00:00+00:00,34,1,512153,102.55859375,102.66796875,102.5546875,102.66015625,9725,ZTZ2
2022-10-02 23:00:00+00:00,34,1,512153,102.6640625,102.66796875,102.64453125,102.65234375,4693,ZTZ2
2022-10-03 00:00:00+00:00,34,1,512153,102.65234375,102.69140625,102.6484375,102.69140625,7333,ZTZ2
2022-10-03 01:00:00+00:00,34,1,512153,102.69140625,102.71875,102.6875,102.71484375,8763,ZTZ2
2022-10-03 02:00:00+00:00,34,1,512153,102.71484375,102.73046875,102.7109375,102.7265625,2278,ZTZ2
2022-10-03 03:00:00+00:00,34,1,512153,102.7265625,102.73046875,102.71484375,102.71484375,1795,ZTZ2
2022-10-03 04:00:00+00:00,34,1,512153,102.71484375,102.71484375,102.69140625,102.6953125,2488,ZTZ2
2022-10-03 05:00:00+00:00,34,1,512153,102.69140625,102.73828125,102.6875,102.73046875,4885,ZTZ2
2022-10-03 06:00:00+00:00,34,1,512153,102.7265625,102.734375,102.68359375,102.69140625,5032,ZTZ2
2022-10-03 07:00:00+00:00,34,1,512153,102.6875,102.7421875,102.68359375,102.6953125,7648,ZTZ2
2022-10-03 08:00:00+00:00,34,1,512153,102.69921875,102.7265625,102.671875,102.72265625,10169,ZTZ2
2022-10-03 09:00:00+00:00,34,1,512153,102.72265625,102.7421875,102.7109375,102.72265625,9176,ZTZ2
2022-10-03 10:00:00+00:00,34,1,512153,102.72265625,102.765625,102.71875,102.76171875,8391,ZTZ2
2022-10-03 11:00:00+00:00,34,1,512153,102.7578125,102.84765625,102.7578125,102.84375,27360,ZTZ2
2022-10-03 12:00:00+00:00,34,1,512153,102.84375,102.86328125,102.79296875,102.85546875,41112,ZTZ2
2022-10-03 13:00:00+00:00,34,1,512153,102.85546875,102.93359375,102.83203125,102.83203125,54715,ZTZ2
2022-10-03 14:00:00+00:00,34,1,512153,102.84375,103.01171875,102.84375,102.98828125,77342,ZTZ2
2022-10-03 15:00:00+00:00,34,1,512153,102.98828125,103.046875,102.953125,102.96875,67376,ZTZ2
2022-10-03 16:00:00+00:00,34,1,512153,102.96484375,103.00390625,102.93359375,102.93359375,36810,ZTZ2
2022-10-03 17:00:00+00:00,34,1,512153,102.9375,102.95703125,102.92578125,102.9296875,22175,ZTZ2
2022-10-03 18:00:00+00:00,34,1,512153,102.92578125,102.93359375,102.89453125,102.90625,22972,ZTZ2
2022-10-03 19:00:00+00:00,34,1,512153,102.90234375,102.91015625,102.86328125,102.87109375,28886,ZTZ2
2022-10-03 20:00:00+00:00,34,1,512153,102.87109375,102.89453125,102.8671875,102.88671875,13910,ZTZ2
2022-10-03 22:00:00+00:00,34,1,512153,102.88671875,102.95703125,102.875,102.92578125,2854,ZTZ2
2022-10-03 23:00:00+00:00,34,1,512153,102.9296875,102.9609375,102.9296875,102.9453125,1612,ZTZ2
2022-10-04 00:00:00+00:00,34,1,512153,102.953125,102.96875,102.91796875,102.92578125,5648,ZTZ2
2022-10-04 01:00:00+00:00,34,1,512153,102.92578125,102.95703125,102.921875,102.93359375,5898,ZTZ2
2022-10-04 02:00:00+00:00,34,1,512153,102.93359375,102.9453125,102.92578125,102.94140625,2323,ZTZ2
2022-10-04 03:00:00+00:00,34,1,512153,102.94140625,103.05078125,102.9296875,103.02734375,13006,ZTZ2
2022-10-04 04:00:00+00:00,34,1,512153,103.02734375,103.05078125,103.0078125,103.015625,8375,ZTZ2
2022-10-04 05:00:00+00:00,34,1,512153,103.015625,103.03515625,103.00390625,103.0234375,5006,ZTZ2
2022-10-04 06:00:00+00:00,34,1,512153,103.0234375,103.125,103.00390625,103.11328125,20080,ZTZ2
2022-10-04 07:00:00+00:00,34,1,512153,103.11328125,103.125,103.05859375,103.09765625,21910,ZTZ2
2022-10-04 08:00:00+00:00,34,1,512153,103.09375,103.109375,103.07421875,103.08203125,14143,ZTZ2
2022-10-04 09:00:00+00:00,34,1,512153,103.078125,103.140625,103.04296875,103.1015625,34235,ZTZ2
2022-10-04 10:00:00+00:00,34,1,512153,103.1015625,103.12890625,103.06640625,103.06640625,11220,ZTZ2
2022-10-04 11:00:00+00:00,34,1,512153,103.06640625,103.0859375,103.03125,103.0546875,26116,ZTZ2
2022-10-04 12:00:00+00:00,34,1,512153,103.0546875,103.05859375,102.984375,102.9921875,39958,ZTZ2
2022-10-04 13:00:00+00:00,34,1,512153,102.9921875,103.015625,102.90625,102.9375,46266,ZTZ2
2022-10-04 14:00:00+00:00,34,1,512153,102.9375,103.05078125,102.9375,103.0234375,71751,ZTZ2
2022-10-04 15:00:00+00:00,34,1,512153,103.02734375,103.03515625,102.953125,102.953125,52454,ZTZ2
2022-10-04 16:00:00+00:00,34,1,512153,102.95703125,102.984375,102.9140625,102.9140625,32187,ZTZ2
2022-10-04 17:00:00+00:00,34,1,512153,102.9140625,102.9453125,102.90234375,102.91015625,33002,ZTZ2
2022-10-04 18:00:00+00:00,34,1,512153,102.9140625,102.9296875,102.90234375,102.9296875,18578,ZTZ2
2022-10-04 19:00:00+00:00,34,1,512153,102.92578125,102.93359375,102.90625,102.91015625,19821,ZTZ2
2022-10-04 20:00:00+00:00,34,1,512153,102.90625,102.9296875,102.89453125,102.92578125,12756,ZTZ2
2022-10-04 22:00:00+00:00,34,1,512153,102.91015625,102.9375,102.8984375,102.9296875,2069,ZTZ2
2022-10-04 23:00:00+00:00,34,1,512153,102.9296875,102.94921875,102.92578125,102.94921875,1881,ZTZ2
2022-10-05 00:00:00+00:00,34,1,512153,102.94921875,102.953125,102.93359375,102.9453125,3187,ZTZ2
2022-10-05 01:00:00+00:00,34,1,512153,102.9453125,102.97265625,102.9375,102.96875,5120,ZTZ2
2022-10-05 02:00:00+00:00,34,1,512153,102.96484375,102.98046875,102.94921875,102.953125,3680,ZTZ2
2022-10-05 03:00:00+00:00,34,1,512153,102.94921875,102.953125,102.93359375,102.9375,2000,ZTZ2
2022-10-05 04:00:00+00:00,34,1,512153,102.9375,102.94140625,102.921875,102.9375,3245,ZTZ2
2022-10-05 05:00:00+00:00,34,1,512153,102.9375,102.96875,102.9375,102.9453125,5245,ZTZ2
2022-10-05 06:00:00+00:00,34,1,512153,102.9453125,102.953125,102.88671875,102.8984375,9054,ZTZ2
2022-10-05 07:00:00+00:00,34,1,512153,102.8984375,102.8984375,102.859375,102.87890625,18177,ZTZ2
2022-10-05 08:00:00+00:00,34,1,512153,102.87890625,102.8828125,102.828125,102.85546875,16719,ZTZ2
2022-10-05 09:00:00+00:00,34,1,512153,102.85546875,102.8828125,102.84375,102.8515625,6397,ZTZ2
2022-10-05 10:00:00+00:00,34,1,512153,102.8515625,102.875,102.84765625,102.875,7487,ZTZ2
2022-10-05 11:00:00+00:00,34,1,512153,102.875,102.88671875,102.83984375,102.84375,12063,ZTZ2
2022-10-05 12:00:00+00:00,34,1,512153,102.84375,102.87890625,102.83203125,102.84375,41419,ZTZ2
2022-10-05 13:00:00+00:00,34,1,512153,102.83984375,102.84765625,102.78515625,102.80078125,34608,ZTZ2
2022-10-05 14:00:00+00:00,34,1,512153,102.7890625,102.796875,102.71875,102.7421875,80115,ZTZ2
2022-10-05 15:00:00+00:00,34,1,512153,102.73828125,102.77734375,102.734375,102.76953125,18436,ZTZ2
2022-10-05 16:00:00+00:00,34,1,512153,102.76953125,102.79296875,102.7578125,102.76171875,13189,ZTZ2
2022-10-05 17:00:00+00:00,34,1,512153,102.765625,102.796875,102.76171875,102.78515625,13407,ZTZ2
2022-10-05 18:00:00+00:00,34,1,512153,102.78515625,102.82421875,102.78125,102.8203125,29073,ZTZ2
2022-10-05 19:00:00+00:00,34,1,512153,102.8203125,102.83984375,102.80859375,102.81640625,24355,ZTZ2
2022-10-05 20:00:00+00:00,34,1,512153,102.81640625,102.8359375,102.8125,102.81640625,12940,ZTZ2
2022-10-05 22:00:00+00:00,34,1,512153,102.82421875,102.83984375,102.8125,102.8203125,1058,ZTZ2
2022-10-05 23:00:00+00:00,34,1,512153,102.8203125,102.828125,102.80859375,102.8203125,1114,ZTZ2
2022-10-06 00:00:00+00:00,34,1,512153,102.8203125,102.85546875,102.81640625,102.8359375,2590,ZTZ2
2022-10-06 01:00:00+00:00,34,1,512153,102.8359375,102.84375,102.8125,102.81640625,2930,ZTZ2
2022-10-06 02:00:00+00:00,34,1,512153,102.81640625,102.828125,102.8046875,102.80859375,1508,ZTZ2
2022-10-06 03:00:00+00:00,34,1,512153,102.80859375,102.83203125,102.80078125,102.8203125,2823,ZTZ2
2022-10-06 04:00:00+00:00,34,1,512153,102.8203125,102.8203125,102.80078125,102.8125,1190,ZTZ2
2022-10-06 05:00:00+00:00,34,1,512153,102.8125,102.84375,102.8046875,102.83984375,1946,ZTZ2
2022-10-06 06:00:00+00:00,34,1,512153,102.83984375,102.8515625,102.796875,102.796875,10861,ZTZ2
2022-10-06 07:00:00+00:00,34,1,512153,102.796875,102.82421875,102.7890625,102.80859375,10006,ZTZ2
2022-10-06 08:00:00+00:00,34,1,512153,102.8046875,102.81640625,102.79296875,102.80859375,10165,ZTZ2
2022-10-06 09:00:00+00:00,34,1,512153,102.8125,102.8125,102.78125,102.796875,7732,ZTZ2
2022-10-06 10:00:00+00:00,34,1,512153,102.796875,102.80078125,102.76953125,102.78125,8144,ZTZ2
2022-10-06 11:00:00+00:00,34,1,512153,102.77734375,102.8125,102.76953125,102.80078125,7988,ZTZ2
2022-10-06 12:00:00+00:00,34,1,512153,102.80078125,102.85546875,102.7890625,102.796875,41167,ZTZ2
2022-10-06 13:00:00+00:00,34,1,512153,102.796875,102.8125,102.7265625,102.74609375,49332,ZTZ2
2022-10-06 14:00:00+00:00,34,1,512153,102.74609375,102.75,102.67578125,102.72265625,47712,ZTZ2
2022-10-06 15:00:00+00:00,34,1,512153,102.71875,102.7421875,102.6875,102.6953125,25854,ZTZ2
2022-10-06 16:00:00+00:00,34,1,512153,102.6953125,102.703125,102.66796875,102.67578125,25435,ZTZ2
2022-10-06 17:00:00+00:00,34,1,512153,102.6796875,102.703125,102.6640625,102.6640625,22005,ZTZ2
2022-10-06 18:00:00+00:00,34,1,512153,102.6640625,102.66796875,102.62109375,102.62109375,24839,ZTZ2
2022-10-06 19:00:00+00:00,34,1,512153,102.625,102.6640625,102.62109375,102.640625,49404,ZTZ2
2022-10-06 20:00:00+00:00,34,1,512153,102.640625,102.64453125,102.6015625,102.60546875,24377,ZTZ2
2022-10-06 22:00:00+00:00,34,1,512153,102.60546875,102.60546875,102.58984375,102.6015625,2150,ZTZ2
2022-10-06 23:00:00+00:00,34,1,512153,102.59765625,102.609375,102.59375,102.59375,1789,ZTZ2
2022-10-07 00:00:00+00:00,34,1,512153,102.59765625,102.60546875,102.59375,102.6015625,1674,ZTZ2
2022-10-07 01:00:00+00:00,34,1,512153,102.6015625,102.6015625,102.58203125,102.6015625,3267,ZTZ2
2022-10-07 02:00:00+00:00,34,1,512153,102.6015625,102.6171875,102.59375,102.609375,4809,ZTZ2
2022-10-07 03:00:00+00:00,34,1,512153,102.609375,102.625,102.60546875,102.6171875,2332,ZTZ2
2022-10-07 04:00:00+00:00,34,1,512153,102.6171875,102.625,102.61328125,102.62109375,2919,ZTZ2
2022-10-07 05:00:00+00:00,34,1,512153,102.62109375,102.625,102.6015625,102.60546875,3466,ZTZ2
2022-10-07 06:00:00+00:00,34,1,512153,102.60546875,102.60546875,102.5234375,102.56640625,15605,ZTZ2
2022-10-07 07:00:00+00:00,34,1,512153,102.5703125,102.6171875,102.5625,102.5859375,19311,ZTZ2
2022-10-07 08:00:00+00:00,34,1,512153,102.5859375,102.61328125,102.57421875,102.60546875,11169,ZTZ2
2022-10-07 09:00:00+00:00,34,1,512153,102.60546875,102.625,102.6015625,102.6015625,16841,ZTZ2
2022-10-07 10:00:00+00:00,34,1,512153,102.6015625,102.6015625,102.5703125,102.5703125,8608,ZTZ2
2022-10-07 11:00:00+00:00,34,1,512153,102.5703125,102.59375,102.55078125,102.56640625,24030,ZTZ2
2022-10-07 12:00:00+00:00,34,1,512153,102.56640625,102.59375,102.4375,102.5078125,96238,ZTZ2
2022-10-07 13:00:00+00:00,34,1,512153,102.5078125,102.55078125,102.4921875,102.52734375,42449,ZTZ2
2022-10-07 14:00:00+00:00,34,1,512153,102.51953125,102.5390625,102.5,102.52734375,31930,ZTZ2
2022-10-07 15:00:00+00:00,34,1,512153,102.52734375,102.54296875,102.51953125,102.53515625,29001,ZTZ2
2022-10-07 16:00:00+00:00,34,1,512153,102.53515625,102.5546875,102.51953125,102.52734375,18153,ZTZ2
2022-10-07 17:00:00+00:00,34,1,512153,102.52734375,102.55078125,102.515625,102.54296875,14953,ZTZ2
2022-10-07 18:00:00+00:00,34,1,512153,102.5390625,102.546875,102.51171875,102.51171875,18260,ZTZ2
2022-10-07 19:00:00+00:00,34,1,512153,102.51171875,102.51953125,102.49609375,102.5,25669,ZTZ2
2022-10-07 20:00:00+00:00,34,1,512153,102.5,102.51953125,102.49609375,102.50390625,19595,ZTZ2
2022-10-09 22:00:00+00:00,34,1,512153,102.5,102.53125,102.5,102.5234375,3668,ZTZ2
2022-10-09 23:00:00+00:00,34,1,512153,102.52734375,102.53515625,102.5234375,102.52734375,1007,ZTZ2
2022-10-10 00:00:00+00:00,34,1,512153,102.52734375,102.55078125,102.52734375,102.546875,2010,ZTZ2
2022-10-10 01:00:00+00:00,34,1,512153,102.546875,102.55859375,102.53515625,102.5546875,1577,ZTZ2
2022-10-10 02:00:00+00:00,34,1,512153,102.5546875,102.55859375,102.546875,102.55078125,860,ZTZ2
2022-10-10 03:00:00+00:00,34,1,512153,102.546875,102.55078125,102.5390625,102.54296875,607,ZTZ2
2022-10-10 04:00:00+00:00,34,1,512153,102.54296875,102.546875,102.53515625,102.5390625,608,ZTZ2
2022-10-10 05:00:00+00:00,34,1,512153,102.54296875,102.56640625,102.54296875,102.5625,1620,ZTZ2
2022-10-10 06:00:00+00:00,34,1,512153,102.55859375,102.56640625,102.53515625,102.5390625,1504,ZTZ2
2022-10-10 07:00:00+00:00,34,1,512153,102.54296875,102.578125,102.54296875,102.55078125,3070,ZTZ2
2022-10-10 08:00:00+00:00,34,1,512153,102.5546875,102.55859375,102.53125,102.546875,2604,ZTZ2
2022-10-10 09:00:00+00:00,34,1,512153,102.546875,102.5703125,102.546875,102.5546875,4804,ZTZ2
2022-10-10 10:00:00+00:00,34,1,512153,102.5546875,102.5546875,102.5078125,102.51171875,8540,ZTZ2
2022-10-10 11:00:00+00:00,34,1,512153,102.515625,102.53515625,102.50390625,102.515625,4746,ZTZ2
2022-10-10 12:00:00+00:00,34,1,512153,102.515625,102.53515625,102.5078125,102.53125,9929,ZTZ2
2022-10-10 13:00:00+00:00,34,1,512153,102.53125,102.5390625,102.51171875,102.515625,12071,ZTZ2
2022-10-10 14:00:00+00:00,34,1,512153,102.515625,102.5234375,102.42578125,102.47265625,26835,ZTZ2
2022-10-10 15:00:00+00:00,34,1,512153,102.46875,102.47265625,102.43359375,102.43359375,12781,ZTZ2
2022-10-10 16:00:00+00:00,34,1,512153,102.4375,102.44921875,102.4296875,102.4375,4722,ZTZ2
2022-10-10 17:00:00+00:00,34,1,512153,102.4375,102.4765625,102.43359375,102.4609375,8968,ZTZ2
2022-10-10 18:00:00+00:00,34,1,512153,102.46484375,102.49609375,102.46484375,102.47265625,4406,ZTZ2
2022-10-10 19:00:00+00:00,34,1,512153,102.4765625,102.50390625,102.47265625,102.48828125,6134,ZTZ2
2022-10-10 20:00:00+00:00,34,1,512153,102.48828125,102.49609375,102.484375,102.4921875,1585,ZTZ2
2022-10-10 22:00:00+00:00,34,1,512153,102.49609375,102.51171875,102.4921875,102.5078125,1336,ZTZ2
2022-10-10 23:00:00+00:00,34,1,512153,102.5078125,102.51953125,102.5,102.5078125,2260,ZTZ2
2022-10-11 00:00:00+00:00,34,1,512153,102.50390625,102.5234375,102.5,102.51953125,5561,ZTZ2
2022-10-11 01:00:00+00:00,34,1,512153,102.51953125,102.5234375,102.4609375,102.46484375,7228,ZTZ2
2022-10-11 02:00:00+00:00,34,1,512153,102.46875,102.4765625,102.45703125,102.47265625,3437,ZTZ2
2022-10-11 03:00:00+00:00,34,1,512153,102.47265625,102.4765625,102.4453125,102.453125,5342,ZTZ2
2022-10-11 04:00:00+00:00,34,1,512153,102.453125,102.453125,102.4296875,102.44140625,3831,ZTZ2
2022-10-11 05:00:00+00:00,34,1,512153,102.44140625,102.4609375,102.43359375,102.44921875,4366,ZTZ2
2022-10-11 06:00:00+00:00,34,1,512153,102.44921875,102.48046875,102.4375,102.4765625,11772,ZTZ2
2022-10-11 07:00:00+00:00,34,1,512153,102.4765625,102.51953125,102.4765625,102.49609375,14508,ZTZ2
2022-10-11 08:00:00+00:00,34,1,512153,102.5,102.53125,102.48828125,102.4921875,8352,ZTZ2
2022-10-11 09:00:00+00:00,34,1,512153,102.48828125,102.5,102.4609375,102.48046875,5469,ZTZ2
2022-10-11 10:00:00+00:00,34,1,512153,102.48046875,102.50390625,102.47265625,102.50390625,9085,ZTZ2
2022-10-11 11:00:00+00:00,34,1,512153,102.5078125,102.53125,102.50390625,102.52734375,28911,ZTZ2
2022-10-11 12:00:00+00:00,34,1,512153,102.53125,102.578125,102.53125,102.54296875,59156,ZTZ2
2022-10-11 13:00:00+00:00,34,1,512153,102.54296875,102.55859375,102.5234375,102.546875,35306,ZTZ2
2022-10-11 14:00:00+00:00,34,1,512153,102.54296875,102.59765625,102.5234375,102.5625,47404,ZTZ2
2022-10-11 15:00:00+00:00,34,1,512153,102.56640625,102.5859375,102.55859375,102.5703125,29958,ZTZ2
2022-10-11 16:00:00+00:00,34,1,512153,102.5703125,102.6015625,102.5625,102.56640625,26929,ZTZ2
2022-10-11 17:00:00+00:00,34,1,512153,102.56640625,102.5703125,102.5390625,102.55078125,35336,ZTZ2
2022-10-11 18:00:00+00:00,34,1,512153,102.5546875,102.5546875,102.5,102.5078125,31833,ZTZ2
2022-10-11 19:00:00+00:00,34,1,512153,102.51171875,102.546875,102.5,102.50390625,28585,ZTZ2
2022-10-11 20:00:00+00:00,34,1,512153,102.50390625,102.53125,102.5,102.52734375,20637,ZTZ2
2022-10-11 22:00:00+00:00,34,1,512153,102.51953125,102.53515625,102.515625,102.52734375,650,ZTZ2
2022-10-11 23:00:00+00:00,34,1,512153,102.52734375,102.53125,102.51953125,102.5234375,498,ZTZ2
2022-10-12 00:00:00+00:00,34,1,512153,102.51953125,102.55078125,102.5078125,102.53125,4400,ZTZ2
2022-10-12 01:00:00+00:00,34,1,512153,102.53125,102.54296875,102.5234375,102.5390625,3929,ZTZ2
2022-10-12 02:00:00+00:00,34,1,512153,102.5390625,102.55078125,102.5234375,102.546875,3515,ZTZ2
2022-10-12 03:00:00+00:00,34,1,512153,102.546875,102.5625,102.54296875,102.5625,2631,ZTZ2
2022-10-12 04:00:00+00:00,34,1,512153,102.5625,102.6171875,102.55078125,102.5625,7059,ZTZ2
2022-10-12 05:00:00+00:00,34,1,512153,102.5625,102.5703125,102.546875,102.5625,1743,ZTZ2
2022-10-12 06:00:00+00:00,34,1,512153,102.5625,102.59765625,102.5546875,102.5703125,6679,ZTZ2
2022-10-12 07:00:00+00:00,34,1,512153,102.5703125,102.58984375,102.5390625,102.5703125,10337,ZTZ2
2022-10-12 08:00:00+00:00,34,1,512153,102.56640625,102.5859375,102.55078125,102.5703125,3026,ZTZ2
2022-10-12 09:00:00+00:00,34,1,512153,102.5703125,102.59375,102.55078125,102.5625,10557,ZTZ2
2022-10-12 10:00:00+00:00,34,1,512153,102.55859375,102.5625,102.53125,102.54296875,8778,ZTZ2
2022-10-12 11:00:00+00:00,34,1,512153,102.54296875,102.55078125,102.515625,102.52734375,16953,ZTZ2
2022-10-12 12:00:00+00:00,34,1,512153,102.53125,102.5546875,102.48828125,102.54296875,49072,ZTZ2
2022-10-12 13:00:00+00:00,34,1,512153,102.546875,102.5625,102.515625,102.5390625,48828,ZTZ2
2022-10-12 14:00:00+00:00,34,1,512153,102.53515625,102.5546875,102.51953125,102.52734375,27329,ZTZ2
2022-10-12 15:00:00+00:00,34,1,512153,102.52734375,102.546875,102.515625,102.5390625,35874,ZTZ2
2022-10-12 16:00:00+00:00,34,1,512153,102.54296875,102.5625,102.53515625,102.54296875,32561,ZTZ2
2022-10-12 17:00:00+00:00,34,1,512153,102.54296875,102.55078125,102.51953125,102.5234375,16843,ZTZ2
2022-10-12 18:00:00+00:00,34,1,512153,102.5234375,102.59375,102.5234375,102.56640625,33165,ZTZ2
2022-10-12 19:00:00+00:00,34,1,512153,102.56640625,102.57421875,102.54296875,102.5703125,14914,ZTZ2
2022-10-12 20:00:00+00:00,34,1,512153,102.5703125,102.5703125,102.546875,102.55078125,11046,ZTZ2
2022-10-12 22:00:00+00:00,34,1,512153,102.5546875,102.578125,102.546875,102.55859375,1177,ZTZ2
2022-10-12 23:00:00+00:00,34,1,512153,102.55859375,102.56640625,102.55078125,102.55078125,1335,ZTZ2
2022-10-13 00:00:00+00:00,34,1,512153,102.55078125,102.5546875,102.52734375,102.53515625,2626,ZTZ2
2022-10-13 01:00:00+00:00,34,1,512153,102.53515625,102.5390625,102.515625,102.51953125,2392,ZTZ2
2022-10-13 02:00:00+00:00,34,1,512153,102.5234375,102.5234375,102.50390625,102.515625,1837,ZTZ2
2022-10-13 03:00:00+00:00,34,1,512153,102.515625,102.52734375,102.51171875,102.52734375,1933,ZTZ2
2022-10-13 04:00:00+00:00,34,1,512153,102.52734375,102.52734375,102.51953125,102.5234375,511,ZTZ2
2022-10-13 05:00:00+00:00,34,1,512153,102.51953125,102.52734375,102.515625,102.515625,2574,ZTZ2
2022-10-13 06:00:00+00:00,34,1,512153,102.515625,102.5390625,102.49609375,102.5,6091,ZTZ2
2022-10-13 07:00:00+00:00,34,1,512153,102.50390625,102.51953125,102.4921875,102.51171875,9181,ZTZ2
2022-10-13 08:00:00+00:00,34,1,512153,102.51171875,102.5234375,102.50390625,102.51953125,7631,ZTZ2
2022-10-13 09:00:00+00:00,34,1,512153,102.515625,102.55078125,102.515625,102.53515625,6982,ZTZ2
2022-10-13 10:00:00+00:00,34,1,512153,102.5390625,102.55859375,102.53515625,102.55078125,6363,ZTZ2
2022-10-13 11:00:00+00:00,34,1,512153,102.55078125,102.62890625,102.5390625,102.55859375,25548,ZTZ2
2022-10-13 12:00:00+00:00,34,1,512153,102.5625,102.62890625,102.14453125,102.17578125,230874,ZTZ2
2022-10-13 13:00:00+00:00,34,1,512153,102.17578125,102.18359375,102.078125,102.171875,106540,ZTZ2
2022-10-13 14:00:00+00:00,34,1,512153,102.171875,102.25,102.1640625,102.21484375,78993,ZTZ2
2022-10-13 15:00:00+00:00,34,1,512153,102.21484375,102.29296875,102.2109375,102.25,73109,ZTZ2
2022-10-13 16:00:00+00:00,34,1,512153,102.24609375,102.2890625,102.2421875,102.25,30656,ZTZ2
2022-10-13 17:00:00+00:00,34,1,512153,102.24609375,102.34375,102.24609375,102.31640625,30794,ZTZ2
2022-10-13 18:00:00+00:00,34,1,512153,102.31640625,102.31640625,102.234375,102.23828125,32196,ZTZ2
2022-10-13 19:00:00+00:00,34,1,512153,102.23828125,102.2421875,102.18359375,102.1875,29664,ZTZ2
2022-10-13 20:00:00+00:00,34,1,512153,102.18359375,102.21875,102.17578125,102.20703125,20715,ZTZ2
2022-10-13 22:00:00+00:00,34,1,512153,102.20703125,102.20703125,102.15234375,102.171875,3904,ZTZ2
2022-10-13 23:00:00+00:00,34,1,512153,102.171875,102.19921875,102.16796875,102.17578125,3002,ZTZ2
2022-10-14 00:00:00+00:00,34,1,512153,102.17578125,102.21484375,102.171875,102.20703125,5891,ZTZ2
2022-10-14 01:00:00+00:00,34,1,512153,102.2109375,102.27734375,102.2109375,102.26171875,7096,ZTZ2
2022-10-14 02:00:00+00:00,34,1,512153,102.26171875,102.265625,102.24609375,102.24609375,5081,ZTZ2
2022-10-14 03:00:00+00:00,34,1,512153,102.24609375,102.25390625,102.234375,102.24609375,3702,ZTZ2
2022-10-14 04:00:00+00:00,34,1,512153,102.24609375,102.24609375,102.22265625,102.234375,2734,ZTZ2
2022-10-14 05:00:00+00:00,34,1,512153,102.234375,102.2734375,102.234375,102.2578125,11545,ZTZ2
2022-10-14 06:00:00+00:00,34,1,512153,102.2578125,102.3359375,102.25390625,102.3125,19080,ZTZ2
2022-10-14 07:00:00+00:00,34,1,512153,102.3125,102.3203125,102.2734375,102.3046875,13388,ZTZ2
2022-10-14 08:00:00+00:00,34,1,512153,102.3046875,102.3125,102.28125,102.29296875,6911,ZTZ2
2022-10-14 09:00:00+00:00,34,1,512153,102.29296875,102.296875,102.26953125,102.29296875,6084,ZTZ2
2022-10-14 10:00:00+00:00,34,1,512153,102.296875,102.33203125,102.27734375,102.3203125,14553,ZTZ2
2022-10-14 11:00:00+00:00,34,1,512153,102.31640625,102.33203125,102.28125,102.30078125,20862,ZTZ2
2022-10-14 12:00:00+00:00,34,1,512153,102.30078125,102.36328125,102.30078125,102.34765625,49642,ZTZ2
2022-10-14 13:00:00+00:00,34,1,512153,102.3515625,102.3515625,102.28125,102.32421875,75016,ZTZ2
2022-10-14 14:00:00+00:00,34,1,512153,102.32421875,102.32421875,102.171875,102.18359375,81662,ZTZ2
2022-10-14 15:00:00+00:00,34,1,512153,102.18359375,102.19921875,102.140625,102.15625,54333,ZTZ2
2022-10-14 16:00:00+00:00,34,1,512153,102.16015625,102.1953125,102.13671875,102.13671875,40051,ZTZ2
2022-10-14 17:00:00+00:00,34,1,512153,102.140625,102.16796875,102.13671875,102.15625,14609,ZTZ2
2022-10-14 18:00:00+00:00,34,1,512153,102.15625,102.1796875,102.12890625,102.15625,39338,ZTZ2
2022-10-14 19:00:00+00:00,34,1,512153,102.15625,102.18359375,102.1484375,102.15625,18711,ZTZ2
2022-10-14 20:00:00+00:00,34,1,512153,102.15234375,102.17578125,102.1484375,102.171875,11830,ZTZ2
2022-10-16 22:00:00+00:00,34,1,512153,102.15234375,102.20703125,102.12890625,102.1953125,1979,ZTZ2
2022-10-16 23:00:00+00:00,34,1,512153,102.19921875,102.2109375,102.19140625,102.203125,1406,ZTZ2
2022-10-17 00:00:00+00:00,34,1,512153,102.203125,102.2265625,102.1875,102.21875,3238,ZTZ2
2022-10-17 01:00:00+00:00,34,1,512153,102.21875,102.21875,102.203125,102.20703125,2109,ZTZ2
2022-10-17 02:00:00+00:00,34,1,512153,102.20703125,102.234375,102.20703125,102.21875,3565,ZTZ2
2022-10-17 03:00:00+00:00,34,1,512153,102.21875,102.234375,102.2109375,102.2265625,1744,ZTZ2
2022-10-17 04:00:00+00:00,34,1,512153,102.23046875,102.23046875,102.2109375,102.21484375,1916,ZTZ2
2022-10-17 05:00:00+00:00,34,1,512153,102.21484375,102.24609375,102.2109375,102.24609375,2782,ZTZ2
2022-10-17 06:00:00+00:00,34,1,512153,102.24609375,102.26171875,102.2265625,102.23828125,9566,ZTZ2
2022-10-17 07:00:00+00:00,34,1,512153,102.23828125,102.296875,102.23828125,102.28125,14530,ZTZ2
2022-10-17 08:00:00+00:00,34,1,512153,102.28125,102.28515625,102.25390625,102.26171875,6907,ZTZ2
2022-10-17 09:00:00+00:00,34,1,512153,102.265625,102.28515625,102.2578125,102.26953125,5807,ZTZ2
2022-10-17 10:00:00+00:00,34,1,512153,102.26953125,102.30078125,102.24609375,102.26953125,10278,ZTZ2
2022-10-17 11:00:00+00:00,34,1,512153,102.2734375,102.28515625,102.2578125,102.28125,11147,ZTZ2
2022-10-17 12:00:00+00:00,34,1,512153,102.28125,102.3515625,102.26953125,102.33984375,57252,ZTZ2
2022-10-17 13:00:00+00:00,34,1,512153,102.33984375,102.37109375,102.3125,102.3203125,39052,ZTZ2
2022-10-17 14:00:00+00:00,34,1,512153,102.32421875,102.33203125,102.30078125,102.30859375,23655,ZTZ2
2022-10-17 15:00:00+00:00,34,1,512153,102.3125,102.3125,102.2890625,102.30859375,14213,ZTZ2
2022-10-17 16:00:00+00:00,34,1,512153,102.30859375,102.30859375,102.25390625,102.265625,17999,ZTZ2
2022-10-17 17:00:00+00:00,34,1,512153,102.26953125,102.28125,102.265625,102.2734375,14161,ZTZ2
2022-10-17 18:00:00+00:00,34,1,512153,102.2734375,102.28515625,102.26171875,102.27734375,15700,ZTZ2
2022-10-17 19:00:00+00:00,34,1,512153,102.2734375,102.28125,102.2578125,102.265625,23639,ZTZ2
2022-10-17 20:00:00+00:00,34,1,512153,102.26953125,102.2890625,102.26171875,102.28515625,16998,ZTZ2
2022-10-17 22:00:00+00:00,34,1,512153,102.28125,102.296875,102.27734375,102.28125,1723,ZTZ2
2022-10-17 23:00:00+00:00,34,1,512153,102.28125,102.30859375,102.28125,102.30078125,1741,ZTZ2
2022-10-18 00:00:00+00:00,34,1,512153,102.30078125,102.3125,102.2890625,102.30859375,1968,ZTZ2
2022-10-18 01:00:00+00:00,34,1,512153,102.30859375,102.31640625,102.29296875,102.29296875,1559,ZTZ2
2022-10-18 02:00:00+00:00,34,1,512153,102.296875,102.3125,102.28515625,102.30859375,2352,ZTZ2
2022-10-18 03:00:00+00:00,34,1,512153,102.3046875,102.3125,102.30078125,102.30859375,822,ZTZ2
2022-10-18 04:00:00+00:00,34,1,512153,102.3125,102.36328125,102.3125,102.359375,7629,ZTZ2
2022-10-18 05:00:00+00:00,34,1,512153,102.36328125,102.36328125,102.33203125,102.34765625,5546,ZTZ2
2022-10-18 06:00:00+00:00,34,1,512153,102.3515625,102.3515625,102.30078125,102.30859375,4532,ZTZ2
2022-10-18 07:00:00+00:00,34,1,512153,102.3125,102.31640625,102.28515625,102.3046875,7819,ZTZ2
2022-10-18 08:00:00+00:00,34,1,512153,102.3046875,102.30859375,102.25390625,102.25390625,9861,ZTZ2
2022-10-18 09:00:00+00:00,34,1,512153,102.25390625,102.2734375,102.2421875,102.2734375,11096,ZTZ2
2022-10-18 10:00:00+00:00,34,1,512153,102.2734375,102.2890625,102.26953125,102.26953125,5452,ZTZ2
2022-10-18 11:00:00+00:00,34,1,512153,102.2734375,102.33203125,102.26953125,102.32421875,17301,ZTZ2
2022-10-18 12:00:00+00:00,34,1,512153,102.3203125,102.36328125,102.30859375,102.35546875,33560,ZTZ2
2022-10-18 13:00:00+00:00,34,1,512153,102.35546875,102.37890625,102.3515625,102.3671875,48130,ZTZ2
2022-10-18 14:00:00+00:00,34,1,512153,102.3671875,102.375,102.31640625,102.3359375,56389,ZTZ2
2022-10-18 15:00:00+00:00,34,1,512153,102.33203125,102.33203125,102.23828125,102.265625,30229,ZTZ2
2022-10-18 16:00:00+00:00,34,1,512153,102.26953125,102.30859375,102.26171875,102.28515625,29958,ZTZ2
2022-10-18 17:00:00+00:00,34,1,512153,102.28515625,102.30859375,102.265625,102.296875,28708,ZTZ2
2022-10-18 18:00:00+00:00,34,1,512153,102.30078125,102.30078125,102.27734375,102.296875,17838,ZTZ2
2022-10-18 19:00:00+00:00,34,1,512153,102.30078125,102.31640625,102.29296875,102.3125,20422,ZTZ2
2022-10-18 20:00:00+00:00,34,1,512153,102.3125,102.3203125,102.296875,102.3046875,10980,ZTZ2
2022-10-18 22:00:00+00:00,34,1,512153,102.3046875,102.3203125,102.29296875,102.3125,502,ZTZ2
2022-10-18 23:00:00+00:00,34,1,512153,102.31640625,102.3203125,102.2890625,102.2890625,949,ZTZ2
2022-10-19 00:00:00+00:00,34,1,512153,102.29296875,102.30078125,102.28125,102.29296875,2143,ZTZ2
2022-10-19 01:00:00+00:00,34,1,512153,102.29296875,102.3046875,102.28515625,102.3046875,2517,ZTZ2
2022-10-19 02:00:00+00:00,34,1,512153,102.3046875,102.3046875,102.28515625,102.28515625,2315,ZTZ2
2022-10-19 03:00:00+00:00,34,1,512153,102.28515625,102.29296875,102.28515625,102.28515625,597,ZTZ2
2022-10-19 04:00:00+00:00,34,1,512153,102.28515625,102.2890625,102.26953125,102.2734375,1321,ZTZ2
2022-10-19 05:00:00+00:00,34,1,512153,102.26953125,102.2734375,102.265625,102.26953125,1939,ZTZ2
2022-10-19 06:00:00+00:00,34,1,512153,102.265625,102.265625,102.203125,102.21484375,9701,ZTZ2
2022-10-19 07:00:00+00:00,34,1,512153,102.21484375,102.22265625,102.19921875,102.2109375,7210,ZTZ2
2022-10-19 08:00:00+00:00,34,1,512153,102.2109375,102.22265625,102.17578125,102.2109375,13864,ZTZ2
2022-10-19 09:00:00+00:00,34,1,512153,102.2109375,102.2265625,102.20703125,102.22265625,8558,ZTZ2
2022-10-19 10:00:00+00:00,34,1,512153,102.22265625,102.2265625,102.18359375,102.1953125,9500,ZTZ2
2022-10-19 11:00:00+00:00,34,1,512153,102.1953125,102.1953125,102.15234375,102.171875,28757,ZTZ2
2022-10-19 12:00:00+00:00,34,1,512153,102.17578125,102.17578125,102.1015625,102.109375,45456,ZTZ2
2022-10-19 13:00:00+00:00,34,1,512153,102.11328125,102.1328125,102.09765625,102.125,32070,ZTZ2
2022-10-19 14:00:00+00:00,34,1,512153,102.125,102.15625,102.1171875,102.12109375,30052,ZTZ2
2022-10-19 15:00:00+00:00,34,1,512153,102.125,102.1484375,102.09765625,102.1015625,23079,ZTZ2
2022-10-19 16:00:00+00:00,34,1,512153,102.10546875,102.10546875,102.06640625,102.07421875,33051,ZTZ2
2022-10-19 17:00:00+00:00,34,1,512153,102.07421875,102.08984375,102.0546875,102.0703125,21014,ZTZ2
2022-10-19 18:00:00+00:00,34,1,512153,102.07421875,102.0859375,102.0546875,102.0625,16323,ZTZ2
2022-10-19 19:00:00+00:00,34,1,512153,102.05859375,102.07421875,102.05078125,102.06640625,25594,ZTZ2
2022-10-19 20:00:00+00:00,34,1,512153,102.0625,102.06640625,102.0390625,102.04296875,18439,ZTZ2
2022-10-19 22:00:00+00:00,34,1,512153,102.046875,102.06640625,102.0390625,102.04296875,1460,ZTZ2
2022-10-19 23:00:00+00:00,34,1,512153,102.04296875,102.046875,102.02734375,102.0390625,1840,ZTZ2
2022-10-20 00:00:00+00:00,34,1,512153,102.03515625,102.05078125,102.015625,102.03515625,5740,ZTZ2
2022-10-20 01:00:00+00:00,34,1,512153,102.03515625,102.03515625,102.01171875,102.0234375,3296,ZTZ2
2022-10-20 02:00:00+00:00,34,1,512153,102.0234375,102.03125,102.01171875,102.02734375,2634,ZTZ2
2022-10-20 03:00:00+00:00,34,1,512153,102.03125,102.046875,102.02734375,102.0390625,1587,ZTZ2
2022-10-20 04:00:00+00:00,34,1,512153,102.0390625,102.04296875,102.015625,102.03125,2373,ZTZ2
2022-10-20 05:00:00+00:00,34,1,512153,102.02734375,102.0390625,102.01953125,102.03515625,1872,ZTZ2
2022-10-20 06:00:00+00:00,34,1,512153,102.03515625,102.05859375,102.00390625,102.0078125,12623,ZTZ2
2022-10-20 07:00:00+00:00,34,1,512153,102.0078125,102.01171875,101.94921875,101.97265625,37510,ZTZ2
2022-10-20 08:00:00+00:00,34,1,512153,101.97265625,101.9765625,101.94140625,101.9765625,11483,ZTZ2
2022-10-20 09:00:00+00:00,34,1,512153,101.9765625,102.015625,101.96875,101.99609375,9167,ZTZ2
2022-10-20 10:00:00+00:00,34,1,512153,101.99609375,102.05859375,101.98046875,102.04296875,20515,ZTZ2
2022-10-20 11:00:00+00:00,34,1,512153,102.04296875,102.04296875,101.9921875,102.01171875,11465,ZTZ2
2022-10-20 12:00:00+00:00,34,1,512153,102.01171875,102.0390625,101.95703125,101.95703125,46876,ZTZ2
2022-10-20 13:00:00+00:00,34,1,512153,101.95703125,101.984375,101.9453125,101.98046875,53064,ZTZ2
2022-10-20 14:00:00+00:00,34,1,512153,101.98046875,102.04296875,101.98046875,102.0390625,40128,ZTZ2
2022-10-20 15:00:00+00:00,34,1,512153,102.04296875,102.046875,102.01171875,102.015625,20160,ZTZ2
2022-10-20 16:00:00+00:00,34,1,512153,102.015625,102.0234375,101.96875,101.9765625,23588,ZTZ2
2022-10-20 17:00:00+00:00,34,1,512153,101.9765625,101.984375,101.93359375,101.94921875,25796,ZTZ2
2022-10-20 18:00:00+00:00,34,1,512153,101.9453125,101.9609375,101.921875,101.92578125,31299,ZTZ2
2022-10-20 19:00:00+00:00,34,1,512153,101.921875,101.93359375,101.90234375,101.921875,33316,ZTZ2
2022-10-20 20:00:00+00:00,34,1,512153,101.921875,101.93359375,101.90625,101.91796875,21479,ZTZ2
2022-10-20 22:00:00+00:00,34,1,512153,101.921875,101.93359375,101.921875,101.92578125,1254,ZTZ2
2022-10-20 23:00:00+00:00,34,1,512153,101.92578125,101.94140625,101.921875,101.94140625,1743,ZTZ2
2022-10-21 00:00:00+00:00,34,1,512153,101.9453125,101.96484375,101.9375,101.95703125,6054,ZTZ2
2022-10-21 01:00:00+00:00,34,1,512153,101.953125,101.95703125,101.9296875,101.9453125,3341,ZTZ2
2022-10-21 02:00:00+00:00,34,1,512153,101.9453125,101.94921875,101.9375,101.94140625,1977,ZTZ2
2022-10-21 03:00:00+00:00,34,1,512153,101.94140625,101.94921875,101.90234375,101.90625,4280,ZTZ2
2022-10-21 04:00:00+00:00,34,1,512153,101.90625,101.9140625,101.88671875,101.9140625,2492,ZTZ2
2022-10-21 05:00:00+00:00,34,1,512153,101.91015625,101.92578125,101.91015625,101.91796875,4029,ZTZ2
2022-10-21 06:00:00+00:00,34,1,512153,101.9140625,101.9453125,101.90625,101.9296875,8764,ZTZ2
2022-10-21 07:00:00+00:00,34,1,512153,101.9296875,101.96484375,101.921875,101.92578125,16116,ZTZ2
2022-10-21 08:00:00+00:00,34,1,512153,101.92578125,101.95703125,101.91796875,101.95703125,18250,ZTZ2
2022-10-21 09:00:00+00:00,34,1,512153,101.953125,101.95703125,101.9296875,101.95703125,9774,ZTZ2
2022-10-21 10:00:00+00:00,34,1,512153,101.95703125,101.96484375,101.93359375,101.9453125,8579,ZTZ2
2022-10-21 11:00:00+00:00,34,1,512153,101.94140625,101.98828125,101.921875,101.921875,21252,ZTZ2
2022-10-21 12:00:00+00:00,34,1,512153,101.92578125,102.0546875,101.90625,102.0390625,89781,ZTZ2
2022-10-21 13:00:00+00:00,34,1,512153,102.0390625,102.14453125,102.03125,102.12109375,168379,ZTZ2
2022-10-21 14:00:00+00:00,34,1,512153,102.12109375,102.14453125,102.08984375,102.1171875,72100,ZTZ2
2022-10-21 15:00:00+00:00,34,1,512153,102.1171875,102.22265625,102.09765625,102.21875,72093,ZTZ2
2022-10-21 16:00:00+00:00,34,1,512153,102.22265625,102.2734375,102.15234375,102.16015625,65654,ZTZ2
2022-10-21 17:00:00+00:00,34,1,512153,102.16015625,102.20703125,102.16015625,102.18359375,37720,ZTZ2
2022-10-21 18:00:00+00:00,34,1,512153,102.18359375,102.2109375,102.171875,102.1953125,43634,ZTZ2
2022-10-21 19:00:00+00:00,34,1,512153,102.1953125,102.23828125,102.1953125,102.2265625,29436,ZTZ2
2022-10-21 20:00:00+00:00,34,1,512153,102.23046875,102.234375,102.2109375,102.22265625,10173,ZTZ2
2022-10-23 22:00:00+00:00,34,1,512153,102.2265625,102.29296875,102.2265625,102.25,4591,ZTZ2
2022-10-23 23:00:00+00:00,34,1,512153,102.24609375,102.27734375,102.21875,102.25390625,4827,ZTZ2
2022-10-24 00:00:00+00:00,34,1,512153,102.25390625,102.2578125,102.234375,102.25,3860,ZTZ2
2022-10-24 01:00:00+00:00,34,1,512153,102.24609375,102.2734375,102.234375,102.265625,6044,ZTZ2
2022-10-24 02:00:00+00:00,34,1,512153,102.26953125,102.31640625,102.265625,102.3125,6237,ZTZ2
2022-10-24 03:00:00+00:00,34,1,512153,102.3125,102.3203125,102.296875,102.31640625,5803,ZTZ2
2022-10-24 04:00:00+00:00,34,1,512153,102.31640625,102.34375,102.3125,102.3359375,6376,ZTZ2
2022-10-24 05:00:00+00:00,34,1,512153,102.3359375,102.33984375,102.32421875,102.33203125,3509,ZTZ2
2022-10-24 06:00:00+00:00,34,1,512153,102.33203125,102.37890625,102.296875,102.3125,14506,ZTZ2
2022-10-24 07:00:00+00:00,34,1,512153,102.30859375,102.3359375,102.28125,102.28125,13618,ZTZ2
2022-10-24 08:00:00+00:00,34,1,512153,102.28125,102.2890625,102.1875,102.2109375,21120,ZTZ2
2022-10-24 09:00:00+00:00,34,1,512153,102.2109375,102.2421875,102.203125,102.23828125,7012,ZTZ2
2022-10-24 10:00:00+00:00,34,1,512153,102.23828125,102.25,102.2265625,102.24609375,6532,ZTZ2
2022-10-24 11:00:00+00:00,34,1,512153,102.2421875,102.296875,102.2421875,102.265625,19102,ZTZ2
2022-10-24 12:00:00+00:00,34,1,512153,102.26171875,102.26953125,102.203125,102.21484375,42671,ZTZ2
2022-10-24 13:00:00+00:00,34,1,512153,102.2109375,102.265625,102.15625,102.23046875,89378,ZTZ2
2022-10-24 14:00:00+00:00,34,1,512153,102.23046875,102.23046875,102.14453125,102.19140625,56486,ZTZ2
2022-10-24 15:00:00+00:00,34,1,512153,102.19140625,102.23828125,102.16796875,102.23828125,35894,ZTZ2
2022-10-24 16:00:00+00:00,34,1,512153,102.234375,102.26953125,102.2265625,102.2265625,21867,ZTZ2
2022-10-24 17:00:00+00:00,34,1,512153,102.2265625,102.2265625,102.19921875,102.203125,18247,ZTZ2
2022-10-24 18:00:00+00:00,34,1,512153,102.203125,102.20703125,102.17578125,102.20703125,16849,ZTZ2
2022-10-24 19:00:00+00:00,34,1,512153,102.203125,102.21484375,102.18359375,102.1875,23119,ZTZ2
2022-10-24 20:00:00+00:00,34,1,512153,102.1875,102.1953125,102.1640625,102.1875,16195,ZTZ2
2022-10-24 22:00:00+00:00,34,1,512153,102.1875,102.21484375,102.16796875,102.21484375,1546,ZTZ2
2022-10-24 23:00:00+00:00,34,1,512153,102.21484375,102.2265625,102.2109375,102.21484375,1220,ZTZ2
2022-10-25 00:00:00+00:00,34,1,512153,102.21875,102.234375,102.20703125,102.22265625,3425,ZTZ2
2022-10-25 01:00:00+00:00,34,1,512153,102.22265625,102.234375,102.21484375,102.21484375,3449,ZTZ2
2022-10-25 02:00:00+00:00,34,1,512153,102.21484375,102.21875,102.20703125,102.21875,2052,ZTZ2
2022-10-25 03:00:00+00:00,34,1,512153,102.21484375,102.21875,102.2109375,102.21484375,1692,ZTZ2
2022-10-25 04:00:00+00:00,34,1,512153,102.21484375,102.234375,102.21484375,102.23046875,5026,ZTZ2
2022-10-25 05:00:00+00:00,34,1,512153,102.23046875,102.234375,102.22265625,102.234375,2438,ZTZ2
2022-10-25 06:00:00+00:00,34,1,512153,102.234375,102.26171875,102.22265625,102.26171875,9940,ZTZ2
2022-10-25 07:00:00+00:00,34,1,512153,102.26171875,102.26171875,102.234375,102.2578125,12342,ZTZ2
2022-10-25 08:00:00+00:00,34,1,512153,102.2578125,102.265625,102.234375,102.25390625,9448,ZTZ2
2022-10-25 09:00:00+00:00,34,1,512153,102.25390625,102.26953125,102.25,102.26171875,7819,ZTZ2
2022-10-25 10:00:00+00:00,34,1,512153,102.26171875,102.28515625,102.2578125,102.2734375,9168,ZTZ2
2022-10-25 11:00:00+00:00,34,1,512153,102.26953125,102.31640625,102.26171875,102.29296875,23190,ZTZ2
2022-10-25 12:00:00+00:00,34,1,512153,102.2890625,102.296875,102.25390625,102.27734375,40726,ZTZ2
2022-10-25 13:00:00+00:00,34,1,512153,102.2734375,102.421875,102.26953125,102.38671875,89316,ZTZ2
2022-10-25 14:00:00+00:00,34,1,512153,102.38671875,102.421875,102.3359375,102.33984375,49456,ZTZ2
2022-10-25 15:00:00+00:00,34,1,512153,102.33984375,102.3828125,102.33203125,102.36328125,44675,ZTZ2
2022-10-25 16:00:00+00:00,34,1,512153,102.3671875,102.3671875,102.2890625,102.3046875,56869,ZTZ2
2022-10-25 17:00:00+00:00,34,1,512153,102.30078125,102.31640625,102.27734375,102.31640625,44457,ZTZ2
2022-10-25 18:00:00+00:00,34,1,512153,102.3125,102.328125,102.27734375,102.28515625,27457,ZTZ2
2022-10-25 19:00:00+00:00,34,1,512153,102.28515625,102.30859375,102.26171875,102.30859375,52365,ZTZ2
2022-10-25 20:00:00+00:00,34,1,512153,102.3046875,102.328125,102.28125,102.28515625,33810,ZTZ2
2022-10-25 22:00:00+00:00,34,1,512153,102.28125,102.29296875,102.26953125,102.28515625,1545,ZTZ2
2022-10-25 23:00:00+00:00,34,1,512153,102.28515625,102.30859375,102.28125,102.296875,3864,ZTZ2
2022-10-26 00:00:00+00:00,34,1,512153,102.29296875,102.30859375,102.26171875,102.2734375,6261,ZTZ2
2022-10-26 01:00:00+00:00,34,1,512153,102.2734375,102.296875,102.2578125,102.2734375,3916,ZTZ2
2022-10-26 02:00:00+00:00,34,1,512153,102.26953125,102.2890625,102.26953125,102.28125,1836,ZTZ2
2022-10-26 03:00:00+00:00,34,1,512153,102.28125,102.29296875,102.2734375,102.28515625,2271,ZTZ2
2022-10-26 04:00:00+00:00,34,1,512153,102.28515625,102.30078125,102.27734375,102.29296875,2683,ZTZ2
2022-10-26 05:00:00+00:00,34,1,512153,102.296875,102.31640625,102.29296875,102.30859375,2668,ZTZ2
2022-10-26 06:00:00+00:00,34,1,512153,102.30859375,102.37109375,102.30078125,102.36328125,19556,ZTZ2
2022-10-26 07:00:00+00:00,34,1,512153,102.359375,102.3828125,102.33203125,102.35546875,13380,ZTZ2
2022-10-26 08:00:00+00:00,34,1,512153,102.359375,102.37890625,102.34765625,102.34765625,11322,ZTZ2
2022-10-26 09:00:00+00:00,34,1,512153,102.34375,102.3515625,102.3203125,102.3203125,15469,ZTZ2
2022-10-26 10:00:00+00:00,34,1,512153,102.32421875,102.32421875,102.3046875,102.31640625,7538,ZTZ2
2022-10-26 11:00:00+00:00,34,1,512153,102.3203125,102.3515625,102.3203125,102.33203125,25851,ZTZ2
2022-10-26 12:00:00+00:00,34,1,512153,102.33203125,102.359375,102.2890625,102.3125,34376,ZTZ2
2022-10-26 13:00:00+00:00,34,1,512153,102.30859375,102.37890625,102.30078125,102.359375,72818,ZTZ2
2022-10-26 14:00:00+00:00,34,1,512153,102.359375,102.46875,102.34765625,102.3671875,93284,ZTZ2
2022-10-26 15:00:00+00:00,34,1,512153,102.3671875,102.41796875,102.3671875,102.40625,47268,ZTZ2
2022-10-26 16:00:00+00:00,34,1,512153,102.41015625,102.421875,102.35546875,102.37109375,47813,ZTZ2
2022-10-26 17:00:00+00:00,34,1,512153,102.3671875,102.40234375,102.35546875,102.375,33508,ZTZ2
2022-10-26 18:00:00+00:00,34,1,512153,102.375,102.39453125,102.359375,102.390625,49562,ZTZ2
2022-10-26 19:00:00+00:00,34,1,512153,102.390625,102.390625,102.359375,102.37109375,38746,ZTZ2
2022-10-26 20:00:00+00:00,34,1,512153,102.37109375,102.40625,102.3671875,102.40234375,16971,ZTZ2
2022-10-26 22:00:00+00:00,34,1,512153,102.39453125,102.39453125,102.375,102.37890625,2072,ZTZ2
2022-10-26 23:00:00+00:00,34,1,512153,102.3828125,102.38671875,102.37109375,102.38671875,1196,ZTZ2
2022-10-27 00:00:00+00:00,34,1,512153,102.3828125,102.40234375,102.37890625,102.39453125,3469,ZTZ2
2022-10-27 01:00:00+00:00,34,1,512153,102.3984375,102.4140625,102.390625,102.40234375,3304,ZTZ2
2022-10-27 02:00:00+00:00,34,1,512153,102.3984375,102.3984375,102.3671875,102.37890625,3645,ZTZ2
2022-10-27 03:00:00+00:00,34,1,512153,102.37890625,102.38671875,102.375,102.37890625,647,ZTZ2
2022-10-27 04:00:00+00:00,34,1,512153,102.37890625,102.38671875,102.375,102.38671875,3091,ZTZ2
2022-10-27 05:00:00+00:00,34,1,512153,102.3828125,102.39453125,102.37890625,102.390625,2290,ZTZ2
2022-10-27 06:00:00+00:00,34,1,512153,102.390625,102.3984375,102.33984375,102.359375,10246,ZTZ2
2022-10-27 07:00:00+00:00,34,1,512153,102.359375,102.3671875,102.31640625,102.33984375,8318,ZTZ2
2022-10-27 08:00:00+00:00,34,1,512153,102.33984375,102.3515625,102.328125,102.33203125,5450,ZTZ2
2022-10-27 09:00:00+00:00,34,1,512153,102.33203125,102.34375,102.3203125,102.328125,6530,ZTZ2
2022-10-27 10:00:00+00:00,34,1,512153,102.33203125,102.33984375,102.3046875,102.31640625,16723,ZTZ2
2022-10-27 11:00:00+00:00,34,1,512153,102.31640625,102.3359375,102.3046875,102.3125,14198,ZTZ2
2022-10-27 12:00:00+00:00,34,1,512153,102.3125,102.41015625,102.296875,102.390625,55755,ZTZ2
2022-10-27 13:00:00+00:00,34,1,512153,102.390625,102.515625,102.37109375,102.43359375,92505,ZTZ2
2022-10-27 14:00:00+00:00,34,1,512153,102.43359375,102.53515625,102.43359375,102.515625,49630,ZTZ2
2022-10-27 15:00:00+00:00,34,1,512153,102.515625,102.5859375,102.515625,102.55859375,51644,ZTZ2
2022-10-27 16:00:00+00:00,34,1,512153,102.55859375,102.56640625,102.5,102.5,30393,ZTZ2
2022-10-27 17:00:00+00:00,34,1,512153,102.5078125,102.55078125,102.4921875,102.52734375,32451,ZTZ2
2022-10-27 18:00:00+00:00,34,1,512153,102.52734375,102.5546875,102.51953125,102.546875,32933,ZTZ2
2022-10-27 19:00:00+00:00,34,1,512153,102.55078125,102.5546875,102.51953125,102.55078125,28900,ZTZ2
2022-10-27 20:00:00+00:00,34,1,512153,102.55078125,102.64453125,102.546875,102.62109375,36900,ZTZ2
2022-10-27 22:00:00+00:00,34,1,512153,102.640625,102.6640625,102.62109375,102.63671875,5638,ZTZ2
2022-10-27 23:00:00+00:00,34,1,512153,102.6328125,102.63671875,102.60546875,102.61328125,2568,ZTZ2
2022-10-28 00:00:00+00:00,34,1,512153,102.61328125,102.62109375,102.58984375,102.62109375,4492,ZTZ2
2022-10-28 01:00:00+00:00,34,1,512153,102.62109375,102.65234375,102.6171875,102.6484375,4534,ZTZ2
2022-10-28 02:00:00+00:00,34,1,512153,102.6484375,102.65234375,102.609375,102.625,3995,ZTZ2
2022-10-28 03:00:00+00:00,34,1,512153,102.625,102.62890625,102.57421875,102.58984375,9160,ZTZ2
2022-10-28 04:00:00+00:00,34,1,512153,102.58984375,102.58984375,102.5546875,102.5859375,6255,ZTZ2
2022-10-28 05:00:00+00:00,34,1,512153,102.5859375,102.5859375,102.53515625,102.5390625,16868,ZTZ2
2022-10-28 06:00:00+00:00,34,1,512153,102.5390625,102.55859375,102.49609375,102.5078125,19906,ZTZ2
2022-10-28 07:00:00+00:00,34,1,512153,102.5078125,102.53515625,102.4609375,102.4765625,19979,ZTZ2
2022-10-28 08:00:00+00:00,34,1,512153,102.4765625,102.51171875,102.47265625,102.5,15530,ZTZ2
2022-10-28 09:00:00+00:00,34,1,512153,102.5,102.5,102.41015625,102.4375,18225,ZTZ2
2022-10-28 10:00:00+00:00,34,1,512153,102.43359375,102.46484375,102.43359375,102.44921875,8544,ZTZ2
2022-10-28 11:00:00+00:00,34,1,512153,102.44921875,102.4921875,102.43359375,102.4453125,23017,ZTZ2
2022-10-28 12:00:00+00:00,34,1,512153,102.4453125,102.546875,102.390625,102.43359375,91285,ZTZ2
2022-10-28 13:00:00+00:00,34,1,512153,102.43359375,102.46484375,102.40625,102.4296875,59787,ZTZ2
2022-10-28 14:00:00+00:00,34,1,512153,102.4296875,102.46875,102.3828125,102.421875,47701,ZTZ2
2022-10-28 15:00:00+00:00,34,1,512153,102.421875,102.453125,102.375,102.375,29886,ZTZ2
2022-10-28 16:00:00+00:00,34,1,512153,102.375,102.39453125,102.37109375,102.37890625,25058,ZTZ2
2022-10-28 17:00:00+00:00,34,1,512153,102.375,102.3828125,102.35546875,102.37109375,25890,ZTZ2
2022-10-28 18:00:00+00:00,34,1,512153,102.375,102.37890625,102.31640625,102.34375,44310,ZTZ2
2022-10-28 19:00:00+00:00,34,1,512153,102.34375,102.3671875,102.328125,102.3671875,18745,ZTZ2
2022-10-28 20:00:00+00:00,34,1,512153,102.36328125,102.3671875,102.34375,102.34375,14262,ZTZ2
2022-10-30 22:00:00+00:00,34,1,512153,102.3125,102.328125,102.2734375,102.29296875,5511,ZTZ2
2022-10-30 23:00:00+00:00,34,1,512153,102.29296875,102.30859375,102.28515625,102.296875,2817,ZTZ2
2022-10-31 00:00:00+00:00,34,1,512153,102.30078125,102.3046875,102.24609375,102.25,8425,ZTZ2
2022-10-31 01:00:00+00:00,34,1,512153,102.25,102.2734375,102.234375,102.2734375,6224,ZTZ2
2022-10-31 02:00:00+00:00,34,1,512153,102.2734375,102.27734375,102.26171875,102.2734375,1791,ZTZ2
2022-10-31 03:00:00+00:00,34,1,512153,102.2734375,102.30078125,102.26953125,102.296875,2822,ZTZ2
2022-10-31 04:00:00+00:00,34,1,512153,102.296875,102.3046875,102.2890625,102.2890625,1527,ZTZ2
2022-10-31 05:00:00+00:00,34,1,512153,102.2890625,102.30078125,102.26171875,102.265625,2519,ZTZ2
2022-10-31 06:00:00+00:00,34,1,512153,102.265625,102.2890625,102.26171875,102.28125,4407,ZTZ2
2022-10-31 07:00:00+00:00,34,1,512153,102.28125,102.30078125,102.26171875,102.2734375,5432,ZTZ2
2022-10-31 08:00:00+00:00,34,1,512153,102.2734375,102.27734375,102.21484375,102.22265625,10212,ZTZ2
2022-10-31 09:00:00+00:00,34,1,512153,102.22265625,102.2265625,102.203125,102.203125,5940,ZTZ2
2022-10-31 10:00:00+00:00,34,1,512153,102.20703125,102.2578125,102.1953125,102.25,12343,ZTZ2
2022-10-31 11:00:00+00:00,34,1,512153,102.25390625,102.265625,102.22265625,102.23046875,15671,ZTZ2
2022-10-31 12:00:00+00:00,34,1,512153,102.23046875,102.25390625,102.203125,102.20703125,27608,ZTZ2
2022-10-31 13:00:00+00:00,34,1,512153,102.2109375,102.23046875,102.1953125,102.19921875,29322,ZTZ2
2022-10-31 14:00:00+00:00,34,1,512153,102.203125,102.22265625,102.1953125,102.21484375,21364,ZTZ2
2022-10-31 15:00:00+00:00,34,1,512153,102.21484375,102.22265625,102.203125,102.21484375,18954,ZTZ2
2022-10-31 16:00:00+00:00,34,1,512153,102.21484375,102.2265625,102.20703125,102.22265625,28224,ZTZ2
2022-10-31 17:00:00+00:00,34,1,512153,102.2265625,102.234375,102.2109375,102.2265625,17130,ZTZ2
2022-10-31 18:00:00+00:00,34,1,512153,102.22265625,102.2265625,102.1875,102.19140625,30732,ZTZ2
2022-10-31 19:00:00+00:00,34,1,512153,102.19140625,102.22265625,102.15234375,102.22265625,91492,ZTZ2
2022-10-31 20:00:00+00:00,34,1,512153,102.21875,102.2265625,102.1953125,102.21875,58503,ZTZ2
2022-10-31 22:00:00+00:00,34,1,512153,102.21875,102.234375,102.20703125,102.22265625,2208,ZTZ2
2022-10-31 23:00:00+00:00,34,1,512153,102.22265625,102.23046875,102.20703125,102.2109375,1776,ZTZ2
2022-11-01 00:00:00+00:00,34,1,512153,102.21484375,102.23828125,102.20703125,102.2265625,3100,ZTZ2
2022-11-01 01:00:00+00:00,34,1,512153,102.2265625,102.26953125,102.2265625,102.2578125,5423,ZTZ2
2022-11-01 02:00:00+00:00,34,1,512153,102.2578125,102.27734375,102.25,102.265625,6480,ZTZ2
2022-11-01 03:00:00+00:00,34,1,512153,102.265625,102.2890625,102.2578125,102.27734375,6837,ZTZ2
2022-11-01 04:00:00+00:00,34,1,512153,102.27734375,102.28515625,102.2734375,102.2734375,1722,ZTZ2
2022-11-01 05:00:00+00:00,34,1,512153,102.27734375,102.27734375,102.2578125,102.26953125,3747,ZTZ2
2022-11-01 06:00:00+00:00,34,1,512153,102.26953125,102.3125,102.26171875,102.3125,9798,ZTZ2
2022-11-01 07:00:00+00:00,34,1,512153,102.3125,102.328125,102.2890625,102.30078125,11122,ZTZ2
2022-11-01 08:00:00+00:00,34,1,512153,102.3046875,102.33203125,102.3046875,102.31640625,9336,ZTZ2
2022-11-01 09:00:00+00:00,34,1,512153,102.31640625,102.3515625,102.30859375,102.34375,10211,ZTZ2
2022-11-01 10:00:00+00:00,34,1,512153,102.34375,102.35546875,102.3125,102.31640625,16136,ZTZ2
2022-11-01 11:00:00+00:00,34,1,512153,102.31640625,102.33203125,102.296875,102.32421875,37727,ZTZ2
2022-11-01 12:00:00+00:00,34,1,512153,102.32421875,102.37109375,102.31640625,102.37109375,43441,ZTZ2
2022-11-01 13:00:00+00:00,34,1,512153,102.3671875,102.37109375,102.30859375,102.32421875,29265,ZTZ2
2022-11-01 14:00:00+00:00,34,1,512153,102.3203125,102.3203125,102.140625,102.15234375,118959,ZTZ2
2022-11-01 15:00:00+00:00,34,1,512153,102.15625,102.1640625,102.0859375,102.12109375,78232,ZTZ2
2022-11-01 16:00:00+00:00,34,1,512153,102.1171875,102.140625,102.09375,102.125,50373,ZTZ2
2022-11-01 17:00:00+00:00,34,1,512153,102.125,102.125,102.08984375,102.1171875,23949,ZTZ2
2022-11-01 18:00:00+00:00,34,1,512153,102.1171875,102.1171875,102.078125,102.09765625,24988,ZTZ2
2022-11-01 19:00:00+00:00,34,1,512153,102.09375,102.1015625,102.07421875,102.08203125,20354,ZTZ2
2022-11-01 20:00:00+00:00,34,1,512153,102.078125,102.08984375,102.05859375,102.07421875,15945,ZTZ2
2022-11-01 22:00:00+00:00,34,1,512153,102.07421875,102.078125,102.06640625,102.078125,986,ZTZ2
2022-11-01 23:00:00+00:00,34,1,512153,102.078125,102.08984375,102.07421875,102.08984375,2138,ZTZ2
2022-11-02 00:00:00+00:00,34,1,512153,102.08984375,102.109375,102.078125,102.1015625,6578,ZTZ2
2022-11-02 01:00:00+00:00,34,1,512153,102.10546875,102.1328125,102.1015625,102.12890625,5997,ZTZ2
2022-11-02 02:00:00+00:00,34,1,512153,102.12890625,102.1328125,102.1171875,102.12109375,2043,ZTZ2
2022-11-02 03:00:00+00:00,34,1,512153,102.125,102.13671875,102.12109375,102.1328125,4509,ZTZ2
2022-11-02 04:00:00+00:00,34,1,512153,102.13671875,102.14453125,102.125,102.12890625,4845,ZTZ2
2022-11-02 05:00:00+00:00,34,1,512153,102.125,102.1328125,102.11328125,102.1171875,7211,ZTZ2
2022-11-02 06:00:00+00:00,34,1,512153,102.1171875,102.1328125,102.11328125,102.12109375,4184,ZTZ2
2022-11-02 07:00:00+00:00,34,1,512153,102.1171875,102.1640625,102.1171875,102.16015625,10868,ZTZ2
2022-11-02 08:00:00+00:00,34,1,512153,102.16015625,102.16796875,102.140625,102.15625,11905,ZTZ2
2022-11-02 09:00:00+00:00,34,1,512153,102.15625,102.16015625,102.1328125,102.14453125,7305,ZTZ2
2022-11-02 10:00:00+00:00,34,1,512153,102.140625,102.140625,102.12109375,102.12890625,6077,ZTZ2
2022-11-02 11:00:00+00:00,34,1,512153,102.12890625,102.1328125,102.09765625,102.10546875,12226,ZTZ2
2022-11-02 12:00:00+00:00,34,1,512153,102.10546875,102.12890625,102.08203125,102.11328125,50297,ZTZ2
2022-11-02 13:00:00+00:00,34,1,512153,102.11328125,102.11328125,102.0703125,102.078125,41456,ZTZ2
2022-11-02 14:00:00+00:00,34,1,512153,102.078125,102.11328125,102.0703125,102.1015625,24589,ZTZ2
2022-11-02 15:00:00+00:00,34,1,512153,102.1015625,102.1015625,102.0703125,102.078125,24345,ZTZ2
2022-11-02 16:00:00+00:00,34,1,512153,102.078125,102.08984375,102.06640625,102.0703125,15586,ZTZ2
2022-11-02 17:00:00+00:00,34,1,512153,102.0703125,102.109375,102.05078125,102.08984375,35039,ZTZ2
2022-11-02 18:00:00+00:00,34,1,512153,102.10546875,102.2890625,101.99609375,102.04296875,205908,ZTZ2
2022-11-02 19:00:00+00:00,34,1,512153,102.0390625,102.0859375,101.90234375,101.98046875,105504,ZTZ2
2022-11-02 20:00:00+00:00,34,1,512153,101.98046875,101.984375,101.921875,101.92578125,26215,ZTZ2
2022-11-02 22:00:00+00:00,34,1,512153,101.92578125,101.93359375,101.89453125,101.90625,2735,ZTZ2
2022-11-02 23:00:00+00:00,34,1,512153,101.90625,101.9140625,101.8828125,101.89453125,3694,ZTZ2
2022-11-03 00:00:00+00:00,34,1,512153,101.890625,101.9140625,101.890625,101.91015625,4491,ZTZ2
2022-11-03 01:00:00+00:00,34,1,512153,101.9140625,101.91796875,101.90625,101.9140625,1042,ZTZ2
2022-11-03 02:00:00+00:00,34,1,512153,101.9140625,101.92578125,101.90234375,101.91015625,2401,ZTZ2
2022-11-03 03:00:00+00:00,34,1,512153,101.90625,101.91015625,101.8984375,101.90234375,563,ZTZ2
2022-11-03 04:00:00+00:00,34,1,512153,101.90234375,101.91015625,101.8984375,101.90625,1182,ZTZ2
2022-11-03 05:00:00+00:00,34,1,512153,101.90625,101.90625,101.89453125,101.89453125,585,ZTZ2
2022-11-03 06:00:00+00:00,34,1,512153,101.8984375,101.8984375,101.87109375,101.87109375,4339,ZTZ2
2022-11-03 07:00:00+00:00,34,1,512153,101.875,101.875,101.78125,101.8046875,39690,ZTZ2
2022-11-03 08:00:00+00:00,34,1,512153,101.80859375,101.828125,101.7890625,101.80078125,18729,ZTZ2
2022-11-03 09:00:00+00:00,34,1,512153,101.80078125,101.8203125,101.71484375,101.74609375,27406,ZTZ2
2022-11-03 10:00:00+00:00,34,1,512153,101.74609375,101.76171875,101.69921875,101.7578125,36617,ZTZ2
2022-11-03 11:00:00+00:00,34,1,512153,101.75390625,101.76953125,101.7265625,101.7578125,29617,ZTZ2
2022-11-03 12:00:00+00:00,34,1,512153,101.7578125,101.77734375,101.69921875,101.7109375,79069,ZTZ2
2022-11-03 13:00:00+00:00,34,1,512153,101.7109375,101.76171875,101.69140625,101.74609375,63264,ZTZ2
2022-11-03 14:00:00+00:00,34,1,512153,101.75,101.81640625,101.73828125,101.81640625,62469,ZTZ2
2022-11-03 15:00:00+00:00,34,1,512153,101.8125,101.81640625,101.7421875,101.75,27825,ZTZ2
2022-11-03 16:00:00+00:00,34,1,512153,101.74609375,101.77734375,101.7421875,101.7734375,22081,ZTZ2
2022-11-03 17:00:00+00:00,34,1,512153,101.7734375,101.7890625,101.75390625,101.78515625,27783,ZTZ2
2022-11-03 18:00:00+00:00,34,1,512153,101.78515625,101.79296875,101.7578125,101.76953125,19233,ZTZ2
2022-11-03 19:00:00+00:00,34,1,512153,101.7734375,101.78125,101.75390625,101.7578125,32518,ZTZ2
2022-11-03 20:00:00+00:00,34,1,512153,101.7578125,101.76171875,101.7421875,101.74609375,17560,ZTZ2
2022-11-03 22:00:00+00:00,34,1,512153,101.75390625,101.75390625,101.70703125,101.734375,6018,ZTZ2
2022-11-03 23:00:00+00:00,34,1,512153,101.734375,101.73828125,101.72265625,101.73046875,1917,ZTZ2
2022-11-04 00:00:00+00:00,34,1,512153,101.73046875,101.75,101.73046875,101.73828125,2305,ZTZ2
2022-11-04 01:00:00+00:00,34,1,512153,101.73828125,101.77734375,101.73828125,101.76953125,4776,ZTZ2
2022-11-04 02:00:00+00:00,34,1,512153,101.7734375,101.78125,101.765625,101.76953125,2820,ZTZ2
2022-11-04 03:00:00+00:00,34,1,512153,101.76953125,101.77734375,101.76953125,101.77734375,3594,ZTZ2
2022-11-04 04:00:00+00:00,34,1,512153,101.78125,101.79296875,101.7734375,101.78515625,3874,ZTZ2
2022-11-04 05:00:00+00:00,34,1,512153,101.78515625,101.7890625,101.76171875,101.76953125,3154,ZTZ2
2022-11-04 06:00:00+00:00,34,1,512153,101.7734375,101.7890625,101.76171875,101.76171875,5855,ZTZ2
2022-11-04 07:00:00+00:00,34,1,512153,101.76171875,101.765625,101.69921875,101.7109375,24230,ZTZ2
2022-11-04 08:00:00+00:00,34,1,512153,101.71484375,101.76171875,101.68359375,101.6875,27859,ZTZ2
2022-11-04 09:00:00+00:00,34,1,512153,101.69140625,101.72265625,101.66796875,101.68359375,25677,ZTZ2
2022-11-04 10:00:00+00:00,34,1,512153,101.68359375,101.70703125,101.67578125,101.6875,12748,ZTZ2
2022-11-04 11:00:00+00:00,34,1,512153,101.69140625,101.69921875,101.66015625,101.6796875,36048,ZTZ2
2022-11-04 12:00:00+00:00,34,1,512153,101.6796875,101.73828125,101.57421875,101.73046875,129346,ZTZ2
2022-11-04 13:00:00+00:00,34,1,512153,101.73046875,101.79296875,101.69921875,101.7421875,76174,ZTZ2
2022-11-04 14:00:00+00:00,34,1,512153,101.74609375,101.88671875,101.73046875,101.8515625,71240,ZTZ2
2022-11-04 15:00:00+00:00,34,1,512153,101.84765625,101.86328125,101.7578125,101.765625,36345,ZTZ2
2022-11-04 16:00:00+00:00,34,1,512153,101.765625,101.83984375,101.7578125,101.8359375,36059,ZTZ2
2022-11-04 17:00:00+00:00,34,1,512153,101.8359375,101.84765625,101.828125,101.8359375,19233,ZTZ2
2022-11-04 18:00:00+00:00,34,1,512153,101.8359375,101.875,101.8125,101.859375,17980,ZTZ2
2022-11-04 19:00:00+00:00,34,1,512153,101.86328125,101.875,101.8203125,101.82421875,26014,ZTZ2
2022-11-04 20:00:00+00:00,34,1,512153,101.82421875,101.84765625,101.8203125,101.8359375,16697,ZTZ2
2022-11-06 23:00:00+00:00,34,1,512153,101.8515625,101.875,101.80859375,101.81640625,5289,ZTZ2
2022-11-07 00:00:00+00:00,34,1,512153,101.8203125,101.82421875,101.8046875,101.80859375,5458,ZTZ2
2022-11-07 01:00:00+00:00,34,1,512153,101.80859375,101.8203125,101.80859375,101.80859375,3827,ZTZ2
2022-11-07 02:00:00+00:00,34,1,512153,101.80859375,101.81640625,101.80859375,101.80859375,1339,ZTZ2
2022-11-07 03:00:00+00:00,34,1,512153,101.80859375,101.81640625,101.80078125,101.80078125,1317,ZTZ2
2022-11-07 04:00:00+00:00,34,1,512153,101.80078125,101.80859375,101.796875,101.8046875,968,ZTZ2
2022-11-07 05:00:00+00:00,34,1,512153,101.8046875,101.80859375,101.80078125,101.80078125,1456,ZTZ2
2022-11-07 06:00:00+00:00,34,1,512153,101.8046875,101.81640625,101.80078125,101.81640625,2820,ZTZ2
2022-11-07 07:00:00+00:00,34,1,512153,101.8125,101.8125,101.73828125,101.74609375,19036,ZTZ2
2022-11-07 08:00:00+00:00,34,1,512153,101.74609375,101.78515625,101.73828125,101.75,14991,ZTZ2
2022-11-07 09:00:00+00:00,34,1,512153,101.75,101.80078125,101.75,101.80078125,11447,ZTZ2
2022-11-07 10:00:00+00:00,34,1,512153,101.796875,101.8125,101.79296875,101.80078125,4245,ZTZ2
2022-11-07 11:00:00+00:00,34,1,512153,101.80078125,101.80859375,101.7890625,101.796875,6823,ZTZ2
2022-11-07 12:00:00+00:00,34,1,512153,101.796875,101.80859375,101.77734375,101.79296875,15590,ZTZ2
2022-11-07 13:00:00+00:00,34,1,512153,101.79296875,101.79296875,101.734375,101.7421875,39869,ZTZ2
2022-11-07 14:00:00+00:00,34,1,512153,101.7421875,101.75,101.70703125,101.71484375,46487,ZTZ2
2022-11-07 15:00:00+00:00,34,1,512153,101.7109375,101.73046875,101.703125,101.72265625,32953,ZTZ2
2022-11-07 16:00:00+00:00,34,1,512153,101.72265625,101.7421875,101.703125,101.7109375,25484,ZTZ2
2022-11-07 17:00:00+00:00,34,1,512153,101.7109375,101.73046875,101.703125,101.71484375,19854,ZTZ2
2022-11-07 18:00:00+00:00,34,1,512153,101.71875,101.73828125,101.71484375,101.734375,15218,ZTZ2
2022-11-07 19:00:00+00:00,34,1,512153,101.734375,101.73828125,101.70703125,101.71484375,17122,ZTZ2
2022-11-07 20:00:00+00:00,34,1,512153,101.7109375,101.73046875,101.70703125,101.71484375,23286,ZTZ2
2022-11-07 21:00:00+00:00,34,1,512153,101.7109375,101.72265625,101.703125,101.71484375,17356,ZTZ2
2022-11-07 23:00:00+00:00,34,1,512153,101.7109375,101.71484375,101.6796875,101.703125,2198,ZTZ2
2022-11-08 00:00:00+00:00,34,1,512153,101.703125,101.7265625,101.6953125,101.71875,4043,ZTZ2
2022-11-08 01:00:00+00:00,34,1,512153,101.71484375,101.734375,101.71484375,101.734375,4280,ZTZ2
2022-11-08 02:00:00+00:00,34,1,512153,101.73046875,101.73046875,101.71484375,101.72265625,3650,ZTZ2
2022-11-08 03:00:00+00:00,34,1,512153,101.71875,101.7265625,101.70703125,101.70703125,5380,ZTZ2
2022-11-08 04:00:00+00:00,34,1,512153,101.70703125,101.7109375,101.68359375,101.69140625,5292,ZTZ2
2022-11-08 05:00:00+00:00,34,1,512153,101.69140625,101.703125,101.69140625,101.69921875,1926,ZTZ2
2022-11-08 06:00:00+00:00,34,1,512153,101.703125,101.71484375,101.703125,101.7109375,1833,ZTZ2
2022-11-08 07:00:00+00:00,34,1,512153,101.70703125,101.72265625,101.703125,101.72265625,9392,ZTZ2
2022-11-08 08:00:00+00:00,34,1,512153,101.72265625,101.73046875,101.69921875,101.71875,7877,ZTZ2
2022-11-08 09:00:00+00:00,34,1,512153,101.71875,101.74609375,101.7109375,101.74609375,9186,ZTZ2
2022-11-08 10:00:00+00:00,34,1,512153,101.7421875,101.75,101.7265625,101.73046875,7068,ZTZ2
2022-11-08 11:00:00+00:00,34,1,512153,101.7265625,101.7421875,101.72265625,101.73046875,2945,ZTZ2
2022-11-08 12:00:00+00:00,34,1,512153,101.73046875,101.734375,101.703125,101.72265625,13392,ZTZ2
2022-11-08 13:00:00+00:00,34,1,512153,101.7265625,101.76953125,101.72265625,101.74609375,29745,ZTZ2
2022-11-08 14:00:00+00:00,34,1,512153,101.7421875,101.8125,101.7421875,101.796875,41729,ZTZ2
2022-11-08 15:00:00+00:00,34,1,512153,101.79296875,101.86328125,101.7890625,101.83203125,60276,ZTZ2
2022-11-08 16:00:00+00:00,34,1,512153,101.8359375,101.83984375,101.8046875,101.80859375,30427,ZTZ2
2022-11-08 17:00:00+00:00,34,1,512153,101.80859375,101.80859375,101.7734375,101.78125,34341,ZTZ2
2022-11-08 18:00:00+00:00,34,1,512153,101.78515625,101.81640625,101.78125,101.8125,29827,ZTZ2
2022-11-08 19:00:00+00:00,34,1,512153,101.81640625,101.85546875,101.8125,101.83984375,23225,ZTZ2
2022-11-08 20:00:00+00:00,34,1,512153,101.83984375,101.84765625,101.82421875,101.83984375,12988,ZTZ2
2022-11-08 21:00:00+00:00,34,1,512153,101.8359375,101.86328125,101.8359375,101.86328125,15569,ZTZ2
2022-11-08 23:00:00+00:00,34,1,512153,101.86328125,101.87109375,101.8515625,101.859375,1551,ZTZ2
2022-11-09 00:00:00+00:00,34,1,512153,101.859375,101.859375,101.8359375,101.83984375,2246,ZTZ2
2022-11-09 01:00:00+00:00,34,1,512153,101.84375,101.84375,101.828125,101.84375,3944,ZTZ2
2022-11-09 02:00:00+00:00,34,1,512153,101.83984375,101.859375,101.83984375,101.859375,2532,ZTZ2
2022-11-09 03:00:00+00:00,34,1,512153,101.86328125,101.875,101.8515625,101.859375,5743,ZTZ2
2022-11-09 04:00:00+00:00,34,1,512153,101.859375,101.86328125,101.8515625,101.86328125,1046,ZTZ2
2022-11-09 05:00:00+00:00,34,1,512153,101.859375,101.87109375,101.8515625,101.859375,1784,ZTZ2
2022-11-09 06:00:00+00:00,34,1,512153,101.859375,101.86328125,101.84765625,101.85546875,8148,ZTZ2
2022-11-09 07:00:00+00:00,34,1,512153,101.8515625,101.88671875,101.83984375,101.88671875,14066,ZTZ2
2022-11-09 08:00:00+00:00,34,1,512153,101.8828125,101.90234375,101.84765625,101.8671875,13283,ZTZ2
2022-11-09 09:00:00+00:00,34,1,512153,101.8671875,101.87109375,101.82421875,101.82421875,8397,ZTZ2
2022-11-09 10:00:00+00:00,34,1,512153,101.828125,101.84765625,101.82421875,101.83984375,8268,ZTZ2
2022-11-09 11:00:00+00:00,34,1,512153,101.8359375,101.8515625,101.828125,101.83984375,5199,ZTZ2
2022-11-09 12:00:00+00:00,34,1,512153,101.83984375,101.84765625,101.8359375,101.83984375,7513,ZTZ2
2022-11-09 13:00:00+00:00,34,1,512153,101.83984375,101.83984375,101.796875,101.81640625,38717,ZTZ2
2022-11-09 14:00:00+00:00,34,1,512153,101.81640625,101.828125,101.796875,101.8203125,21728,ZTZ2
2022-11-09 15:00:00+00:00,34,1,512153,101.81640625,101.890625,101.81640625,101.88671875,44144,ZTZ2
2022-11-09 16:00:00+00:00,34,1,512153,101.88671875,101.90234375,101.875,101.88671875,33025,ZTZ2
2022-11-09 17:00:00+00:00,34,1,512153,101.88671875,101.89453125,101.875,101.890625,21708,ZTZ2
2022-11-09 18:00:00+00:00,34,1,512153,101.890625,101.8984375,101.859375,101.8828125,42881,ZTZ2
2022-11-09 19:00:00+00:00,34,1,512153,101.8828125,101.9296875,101.875,101.92578125,39288,ZTZ2
2022-11-09 20:00:00+00:00,34,1,512153,101.921875,101.98046875,101.9140625,101.96484375,37115,ZTZ2
2022-11-09 21:00:00+00:00,34,1,512153,101.96484375,102.01171875,101.95703125,101.98046875,41914,ZTZ2
2022-11-09 23:00:00+00:00,34,1,512153,101.9921875,102.02734375,101.9921875,102.0078125,4310,ZTZ2
2022-11-10 00:00:00+00:00,34,1,512153,102.0078125,102.01171875,101.98828125,101.9921875,4763,ZTZ2
2022-11-10 01:00:00+00:00,34,1,512153,101.98828125,101.99609375,101.9609375,101.96875,4665,ZTZ2
2022-11-10 02:00:00+00:00,34,1,512153,101.96875,101.98046875,101.953125,101.95703125,2038,ZTZ2
2022-11-10 03:00:00+00:00,34,1,512153,101.95703125,101.9765625,101.953125,101.97265625,1459,ZTZ2
2022-11-10 04:00:00+00:00,34,1,512153,101.97265625,101.98046875,101.96875,101.98046875,1417,ZTZ2
2022-11-10 05:00:00+00:00,34,1,512153,101.9765625,101.99609375,101.9765625,101.98828125,3911,ZTZ2
2022-11-10 06:00:00+00:00,34,1,512153,101.984375,101.98828125,101.96875,101.96875,4572,ZTZ2
2022-11-10 07:00:00+00:00,34,1,512153,101.96875,101.96875,101.9375,101.94140625,5644,ZTZ2
2022-11-10 08:00:00+00:00,34,1,512153,101.94140625,101.96484375,101.94140625,101.94921875,6556,ZTZ2
2022-11-10 09:00:00+00:00,34,1,512153,101.94921875,101.9609375,101.91015625,101.91796875,13471,ZTZ2
2022-11-10 10:00:00+00:00,34,1,512153,101.91796875,101.92578125,101.90625,101.92578125,9065,ZTZ2
2022-11-10 11:00:00+00:00,34,1,512153,101.92578125,101.953125,101.921875,101.9375,9302,ZTZ2
2022-11-10 12:00:00+00:00,34,1,512153,101.94140625,101.97265625,101.93359375,101.96484375,19668,ZTZ2
2022-11-10 13:00:00+00:00,34,1,512153,101.96875,102.48046875,101.95703125,102.37890625,201463,ZTZ2
2022-11-10 14:00:00+00:00,34,1,512153,102.37890625,102.4765625,102.33984375,102.46484375,148656,ZTZ2
2022-11-10 15:00:00+00:00,34,1,512153,102.46875,102.5390625,102.4609375,102.53125,91843,ZTZ2
2022-11-10 16:00:00+00:00,34,1,512153,102.52734375,102.53125,102.44140625,102.45703125,73179,ZTZ2
2022-11-10 17:00:00+00:00,34,1,512153,102.45703125,102.48828125,102.44140625,102.46875,38889,ZTZ2
2022-11-10 18:00:00+00:00,34,1,512153,102.47265625,102.5078125,102.44140625,102.46484375,31875,ZTZ2
2022-11-10 19:00:00+00:00,34,1,512153,102.46484375,102.48828125,102.45703125,102.48828125,37957,ZTZ2
2022-11-10 20:00:00+00:00,34,1,512153,102.48828125,102.48828125,102.45703125,102.4765625,31981,ZTZ2
2022-11-10 21:00:00+00:00,34,1,512153,102.47265625,102.48828125,102.4609375,102.4609375,18563,ZTZ2
2022-11-10 23:00:00+00:00,34,1,512153,102.4609375,102.48046875,102.44921875,102.44921875,4602,ZTZ2
2022-11-11 00:00:00+00:00,34,1,512153,102.44921875,102.46484375,102.4375,102.4453125,4145,ZTZ2
2022-11-11 01:00:00+00:00,34,1,512153,102.4453125,102.4453125,102.41796875,102.421875,3629,ZTZ2
2022-11-11 02:00:00+00:00,34,1,512153,102.421875,102.42578125,102.40625,102.41796875,4543,ZTZ2
2022-11-11 03:00:00+00:00,34,1,512153,102.41796875,102.4296875,102.4140625,102.42578125,2722,ZTZ2
2022-11-11 04:00:00+00:00,34,1,512153,102.4296875,102.43359375,102.421875,102.43359375,2230,ZTZ2
2022-11-11 05:00:00+00:00,34,1,512153,102.43359375,102.44921875,102.421875,102.421875,3684,ZTZ2
2022-11-11 06:00:00+00:00,34,1,512153,102.421875,102.42578125,102.40625,102.421875,5133,ZTZ2
2022-11-11 07:00:00+00:00,34,1,512153,102.41796875,102.44921875,102.41015625,102.42578125,9009,ZTZ2
2022-11-11 08:00:00+00:00,34,1,512153,102.421875,102.45703125,102.3828125,102.45703125,16337,ZTZ2
2022-11-11 09:00:00+00:00,34,1,512153,102.45703125,102.47265625,102.4453125,102.4453125,15012,ZTZ2
2022-11-11 10:00:00+00:00,34,1,512153,102.4453125,102.49609375,102.44140625,102.45703125,13388,ZTZ2
2022-11-11 11:00:00+00:00,34,1,512153,102.453125,102.45703125,102.41015625,102.41796875,6858,ZTZ2
2022-11-11 12:00:00+00:00,34,1,512153,102.421875,102.421875,102.390625,102.41796875,11076,ZTZ2
2022-11-11 13:00:00+00:00,34,1,512153,102.41796875,102.41796875,102.375,102.40234375,13590,ZTZ2
2022-11-11 14:00:00+00:00,34,1,512153,102.3984375,102.40234375,102.3671875,102.3828125,16696,ZTZ2
2022-11-11 15:00:00+00:00,34,1,512153,102.37890625,102.3984375,102.34765625,102.38671875,16923,ZTZ2
2022-11-11 16:00:00+00:00,34,1,512153,102.38671875,102.40625,102.37890625,102.38671875,19489,ZTZ2
2022-11-11 17:00:00+00:00,34,1,512153,102.390625,102.42578125,102.38671875,102.421875,7151,ZTZ2
2022-11-11 18:00:00+00:00,34,1,512153,102.41796875,102.4296875,102.4140625,102.421875,3502,ZTZ2
2022-11-11 19:00:00+00:00,34,1,512153,102.421875,102.43359375,102.421875,102.4296875,11112,ZTZ2
2022-11-11 20:00:00+00:00,34,1,512153,102.43359375,102.4375,102.41796875,102.4375,5389,ZTZ2
2022-11-11 21:00:00+00:00,34,1,512153,102.43359375,102.4609375,102.43359375,102.44921875,4111,ZTZ2
2022-11-13 23:00:00+00:00,34,1,512153,102.39453125,102.3984375,102.31640625,102.33203125,6365,ZTZ2
2022-11-14 00:00:00+00:00,34,1,512153,102.33203125,102.3515625,102.3203125,102.34765625,7029,ZTZ2
2022-11-14 01:00:00+00:00,34,1,512153,102.34765625,102.35546875,102.33984375,102.33984375,5199,ZTZ2
2022-11-14 02:00:00+00:00,34,1,512153,102.33984375,102.33984375,102.32421875,102.3359375,3296,ZTZ2
2022-11-14 03:00:00+00:00,34,1,512153,102.33984375,102.34765625,102.33203125,102.33203125,2246,ZTZ2
2022-11-14 04:00:00+00:00,34,1,512153,102.3359375,102.3359375,102.30859375,102.30859375,3350,ZTZ2
2022-11-14 05:00:00+00:00,34,1,512153,102.3046875,102.31640625,102.30078125,102.3125,2423,ZTZ2
2022-11-14 06:00:00+00:00,34,1,512153,102.3125,102.32421875,102.3046875,102.31640625,4983,ZTZ2
2022-11-14 07:00:00+00:00,34,1,512153,102.31640625,102.34765625,102.31640625,102.33984375,11568,ZTZ2
2022-11-14 08:00:00+00:00,34,1,512153,102.33984375,102.3828125,102.328125,102.3671875,13707,ZTZ2
2022-11-14 09:00:00+00:00,34,1,512153,102.36328125,102.3671875,102.33984375,102.34765625,10493,ZTZ2
2022-11-14 10:00:00+00:00,34,1,512153,102.3515625,102.3828125,102.3515625,102.37109375,12814,ZTZ2
2022-11-14 11:00:00+00:00,34,1,512153,102.3671875,102.37109375,102.34765625,102.359375,8202,ZTZ2
2022-11-14 12:00:00+00:00,34,1,512153,102.359375,102.37890625,102.3515625,102.3515625,13810,ZTZ2
2022-11-14 13:00:00+00:00,34,1,512153,102.3515625,102.359375,102.30859375,102.32421875,49429,ZTZ2
2022-11-14 14:00:00+00:00,34,1,512153,102.32421875,102.34375,102.3046875,102.3046875,46123,ZTZ2
2022-11-14 15:00:00+00:00,34,1,512153,102.30859375,102.31640625,102.29296875,102.30859375,46381,ZTZ2
2022-11-14 16:00:00+00:00,34,1,512153,102.30859375,102.359375,102.28125,102.34765625,39662,ZTZ2
2022-11-14 17:00:00+00:00,34,1,512153,102.34375,102.3515625,102.3359375,102.3359375,16987,ZTZ2
2022-11-14 18:00:00+00:00,34,1,512153,102.33984375,102.359375,102.33203125,102.33984375,16338,ZTZ2
2022-11-14 19:00:00+00:00,34,1,512153,102.33984375,102.3515625,102.328125,102.34375,17489,ZTZ2
2022-11-14 20:00:00+00:00,34,1,512153,102.34375,102.35546875,102.328125,102.34765625,20720,ZTZ2
2022-11-14 21:00:00+00:00,34,1,512153,102.34375,102.37109375,102.33203125,102.3671875,18160,ZTZ2
2022-11-14 23:00:00+00:00,34,1,512153,102.36328125,102.36328125,102.34375,102.3515625,999,ZTZ2
2022-11-15 00:00:00+00:00,34,1,512153,102.3515625,102.359375,102.34375,102.3515625,1630,ZTZ2
2022-11-15 01:00:00+00:00,34,1,512153,102.3515625,102.38671875,102.3515625,102.375,3275,ZTZ2
2022-11-15 02:00:00+00:00,34,1,512153,102.375,102.37890625,102.34765625,102.35546875,5016,ZTZ2
2022-11-15 03:00:00+00:00,34,1,512153,102.35546875,102.359375,102.3515625,102.359375,860,ZTZ2
2022-11-15 04:00:00+00:00,34,1,512153,102.359375,102.359375,102.34375,102.34765625,1125,ZTZ2
2022-11-15 05:00:00+00:00,34,1,512153,102.34765625,102.359375,102.34765625,102.3515625,1169,ZTZ2
2022-11-15 06:00:00+00:00,34,1,512153,102.3515625,102.375,102.3515625,102.375,4663,ZTZ2
2022-11-15 07:00:00+00:00,34,1,512153,102.37890625,102.42578125,102.35546875,102.4140625,14230,ZTZ2
2022-11-15 08:00:00+00:00,34,1,512153,102.4140625,102.4140625,102.37109375,102.3984375,9746,ZTZ2
2022-11-15 09:00:00+00:00,34,1,512153,102.3984375,102.43359375,102.3984375,102.4296875,14708,ZTZ2
2022-11-15 10:00:00+00:00,34,1,512153,102.42578125,102.44921875,102.41796875,102.4453125,10363,ZTZ2
2022-11-15 11:00:00+00:00,34,1,512153,102.4453125,102.46875,102.4296875,102.45703125,18094,ZTZ2
2022-11-15 12:00:00+00:00,34,1,512153,102.45703125,102.4609375,102.421875,102.42578125,20159,ZTZ2
2022-11-15 13:00:00+00:00,34,1,512153,102.42578125,102.49609375,102.39453125,102.46484375,89708,ZTZ2
2022-11-15 14:00:00+00:00,34,1,512153,102.4609375,102.4921875,102.39453125,102.41796875,60024,ZTZ2
2022-11-15 15:00:00+00:00,34,1,512153,102.41796875,102.43359375,102.390625,102.3984375,32662,ZTZ2
2022-11-15 16:00:00+00:00,34,1,512153,102.3984375,102.4140625,102.37109375,102.37890625,29973,ZTZ2
2022-11-15 17:00:00+00:00,34,1,512153,102.375,102.3828125,102.34765625,102.35546875,21046,ZTZ2
2022-11-15 18:00:00+00:00,34,1,512153,102.35546875,102.44140625,102.33203125,102.41796875,61200,ZTZ2
2022-11-15 19:00:00+00:00,34,1,512153,102.4140625,102.4296875,102.37109375,102.4296875,50083,ZTZ2
2022-11-15 20:00:00+00:00,34,1,512153,102.4296875,102.4453125,102.40625,102.43359375,17112,ZTZ2
2022-11-15 21:00:00+00:00,34,1,512153,102.43359375,102.4921875,102.4296875,102.46484375,29087,ZTZ2
2022-11-15 23:00:00+00:00,34,1,512153,102.453125,102.48828125,102.44140625,102.48046875,4333,ZTZ2
2022-11-16 00:00:00+00:00,34,1,512153,102.484375,102.51171875,102.453125,102.50390625,9299,ZTZ2
2022-11-16 01:00:00+00:00,34,1,512153,102.50390625,102.50390625,102.4765625,102.484375,5783,ZTZ2
2022-11-16 02:00:00+00:00,34,1,512153,102.484375,102.484375,102.43359375,102.453125,8732,ZTZ2
2022-11-16 03:00:00+00:00,34,1,512153,102.44921875,102.453125,102.4296875,102.4453125,4146,ZTZ2
2022-11-16 04:00:00+00:00,34,1,512153,102.44921875,102.44921875,102.4140625,102.4140625,3675,ZTZ2
2022-11-16 05:00:00+00:00,34,1,512153,102.4140625,102.4140625,102.3984375,102.40625,4261,ZTZ2
2022-11-16 06:00:00+00:00,34,1,512153,102.40625,102.40625,102.3984375,102.3984375,5494,ZTZ2
2022-11-16 07:00:00+00:00,34,1,512153,102.40234375,102.40234375,102.3515625,102.390625,11636,ZTZ2
2022-11-16 08:00:00+00:00,34,1,512153,102.39453125,102.40625,102.37890625,102.390625,6222,ZTZ2
2022-11-16 09:00:00+00:00,34,1,512153,102.390625,102.42578125,102.390625,102.41796875,5789,ZTZ2
2022-11-16 10:00:00+00:00,34,1,512153,102.41796875,102.44140625,102.4140625,102.421875,8451,ZTZ2
2022-11-16 11:00:00+00:00,34,1,512153,102.421875,102.4296875,102.4140625,102.421875,9721,ZTZ2
2022-11-16 12:00:00+00:00,34,1,512153,102.421875,102.45703125,102.4140625,102.4453125,25689,ZTZ2
2022-11-16 13:00:00+00:00,34,1,512153,102.4453125,102.453125,102.34765625,102.39453125,77873,ZTZ2
2022-11-16 14:00:00+00:00,34,1,512153,102.3984375,102.4609375,102.3984375,102.4296875,70172,ZTZ2
2022-11-16 15:00:00+00:00,34,1,512153,102.4296875,102.44140625,102.41015625,102.44140625,56696,ZTZ2
2022-11-16 16:00:00+00:00,34,1,512153,102.4375,102.453125,102.40625,102.4140625,27558,ZTZ2
2022-11-16 17:00:00+00:00,34,1,512153,102.41015625,102.44140625,102.3984375,102.43359375,33263,ZTZ2
2022-11-16 18:00:00+00:00,34,1,512153,102.43359375,102.45703125,102.40625,102.421875,22902,ZTZ2
2022-11-16 19:00:00+00:00,34,1,512153,102.421875,102.4375,102.3984375,102.4296875,27284,ZTZ2
2022-11-16 20:00:00+00:00,34,1,512153,102.43359375,102.48046875,102.421875,102.4375,40198,ZTZ2
2022-11-16 21:00:00+00:00,34,1,512153,102.4375,102.44140625,102.4140625,102.44140625,15544,ZTZ2
2022-11-16 23:00:00+00:00,34,1,512153,102.4375,102.44921875,102.421875,102.44140625,2901,ZTZ2
2022-11-17 00:00:00+00:00,34,1,512153,102.4375,102.44140625,102.41015625,102.4140625,3141,ZTZ2
2022-11-17 01:00:00+00:00,34,1,512153,102.4140625,102.42578125,102.38671875,102.390625,5776,ZTZ2
2022-11-17 02:00:00+00:00,34,1,512153,102.390625,102.41015625,102.390625,102.40625,3099,ZTZ2
2022-11-17 03:00:00+00:00,34,1,512153,102.40625,102.4140625,102.40234375,102.41015625,2588,ZTZ2
2022-11-17 04:00:00+00:00,34,1,512153,102.41015625,102.42578125,102.41015625,102.4140625,2842,ZTZ2
2022-11-17 05:00:00+00:00,34,1,512153,102.4140625,102.421875,102.40625,102.4140625,2889,ZTZ2
2022-11-17 06:00:00+00:00,34,1,512153,102.4140625,102.421875,102.39453125,102.41015625,4221,ZTZ2
2022-11-17 07:00:00+00:00,34,1,512153,102.41015625,102.4453125,102.390625,102.44140625,16879,ZTZ2
2022-11-17 08:00:00+00:00,34,1,512153,102.4453125,102.4609375,102.421875,102.42578125,14338,ZTZ2
2022-11-17 09:00:00+00:00,34,1,512153,102.42578125,102.44140625,102.41796875,102.42578125,17385,ZTZ2
2022-11-17 10:00:00+00:00,34,1,512153,102.4296875,102.4296875,102.40625,102.4140625,8285,ZTZ2
2022-11-17 11:00:00+00:00,34,1,512153,102.41015625,102.4296875,102.40625,102.421875,7334,ZTZ2
2022-11-17 12:00:00+00:00,34,1,512153,102.42578125,102.44140625,102.35546875,102.3671875,25549,ZTZ2
2022-11-17 13:00:00+00:00,34,1,512153,102.37109375,102.375,102.28515625,102.29296875,100908,ZTZ2
2022-11-17 14:00:00+00:00,34,1,512153,102.2890625,102.30859375,102.25390625,102.265625,57699,ZTZ2
2022-11-17 15:00:00+00:00,34,1,512153,102.265625,102.2734375,102.21484375,102.22265625,53966,ZTZ2
2022-11-17 16:00:00+00:00,34,1,512153,102.21875,102.25390625,102.2109375,102.24609375,30280,ZTZ2
2022-11-17 17:00:00+00:00,34,1,512153,102.24609375,102.26171875,102.2265625,102.23828125,16177,ZTZ2
2022-11-17 18:00:00+00:00,34,1,512153,102.23828125,102.27734375,102.234375,102.26953125,21631,ZTZ2
2022-11-17 19:00:00+00:00,34,1,512153,102.265625,102.27734375,102.24609375,102.26953125,29928,ZTZ2
2022-11-17 20:00:00+00:00,34,1,512153,102.26953125,102.27734375,102.26171875,102.265625,14750,ZTZ2
2022-11-17 21:00:00+00:00,34,1,512153,102.26171875,102.28125,102.2578125,102.26171875,17887,ZTZ2
2022-11-17 23:00:00+00:00,34,1,512153,102.2578125,102.26953125,102.2421875,102.24609375,2067,ZTZ2
2022-11-18 00:00:00+00:00,34,1,512153,102.25,102.26953125,102.2421875,102.26171875,1721,ZTZ2
2022-11-18 01:00:00+00:00,34,1,512153,102.26171875,102.26953125,102.25390625,102.26953125,2718,ZTZ2
2022-11-18 02:00:00+00:00,34,1,512153,102.26953125,102.26953125,102.2578125,102.26171875,3104,ZTZ2
2022-11-18 03:00:00+00:00,34,1,512153,102.26171875,102.27734375,102.2578125,102.2734375,1076,ZTZ2
2022-11-18 04:00:00+00:00,34,1,512153,102.26953125,102.28125,102.265625,102.27734375,2650,ZTZ2
2022-11-18 05:00:00+00:00,34,1,512153,102.27734375,102.28515625,102.26953125,102.2734375,779,ZTZ2
2022-11-18 06:00:00+00:00,34,1,512153,102.2734375,102.28125,102.265625,102.27734375,3447,ZTZ2
2022-11-18 07:00:00+00:00,34,1,512153,102.2734375,102.2890625,102.26171875,102.26953125,8999,ZTZ2
2022-11-18 08:00:00+00:00,34,1,512153,102.26953125,102.26953125,102.19140625,102.19921875,16732,ZTZ2
2022-11-18 09:00:00+00:00,34,1,512153,102.19921875,102.21484375,102.16015625,102.20703125,13522,ZTZ2
2022-11-18 10:00:00+00:00,34,1,512153,102.2109375,102.234375,102.20703125,102.22265625,4828,ZTZ2
2022-11-18 11:00:00+00:00,34,1,512153,102.22265625,102.23046875,102.1796875,102.1953125,13254,ZTZ2
2022-11-18 12:00:00+00:00,34,1,512153,102.19921875,102.20703125,102.1875,102.203125,10540,ZTZ2
2022-11-18 13:00:00+00:00,34,1,512153,102.203125,102.21875,102.1796875,102.2109375,31758,ZTZ2
2022-11-18 14:00:00+00:00,34,1,512153,102.2109375,102.2578125,102.20703125,102.24609375,43211,ZTZ2
2022-11-18 15:00:00+00:00,34,1,512153,102.24609375,102.26171875,102.23046875,102.25390625,38348,ZTZ2
2022-11-18 16:00:00+00:00,34,1,512153,102.2578125,102.27734375,102.2109375,102.2109375,53683,ZTZ2
2022-11-18 17:00:00+00:00,34,1,512153,102.21484375,102.21875,102.16796875,102.16796875,39034,ZTZ2
2022-11-18 18:00:00+00:00,34,1,512153,102.16796875,102.1796875,102.1640625,102.17578125,8807,ZTZ2
2022-11-18 19:00:00+00:00,34,1,512153,102.17578125,102.1796875,102.16015625,102.1640625,21472,ZTZ2
2022-11-18 20:00:00+00:00,34,1,512153,102.1640625,102.16796875,102.12109375,102.125,30036,ZTZ2
2022-11-18 21:00:00+00:00,34,1,512153,102.12109375,102.13671875,102.10546875,102.11328125,15210,ZTZ2
2022-11-20 23:00:00+00:00,34,1,512153,102.125,102.1484375,102.125,102.140625,3305,ZTZ2
2022-11-21 00:00:00+00:00,34,1,512153,102.140625,102.16015625,102.140625,102.15625,4141,ZTZ2
2022-11-21 01:00:00+00:00,34,1,512153,102.16015625,102.17578125,102.15625,102.17578125,3020,ZTZ2
2022-11-21 02:00:00+00:00,34,1,512153,102.17578125,102.19140625,102.171875,102.17578125,3910,ZTZ2
2022-11-21 03:00:00+00:00,34,1,512153,102.17578125,102.18359375,102.16796875,102.16796875,1905,ZTZ2
2022-11-21 04:00:00+00:00,34,1,512153,102.171875,102.17578125,102.16015625,102.16015625,1038,ZTZ2
2022-11-21 05:00:00+00:00,34,1,512153,102.1640625,102.171875,102.16015625,102.1640625,2068,ZTZ2
2022-11-21 06:00:00+00:00,34,1,512153,102.1640625,102.16796875,102.140625,102.14453125,5427,ZTZ2
2022-11-21 07:00:00+00:00,34,1,512153,102.14453125,102.1640625,102.125,102.13671875,8205,ZTZ2
2022-11-21 08:00:00+00:00,34,1,512153,102.1328125,102.140625,102.1171875,102.12890625,7273,ZTZ2
2022-11-21 09:00:00+00:00,34,1,512153,102.125,102.13671875,102.1015625,102.125,12207,ZTZ2
2022-11-21 10:00:00+00:00,34,1,512153,102.125,102.1328125,102.109375,102.1171875,5114,ZTZ2
2022-11-21 11:00:00+00:00,34,1,512153,102.1171875,102.13671875,102.1171875,102.12890625,4558,ZTZ2
2022-11-21 12:00:00+00:00,34,1,512153,102.1328125,102.13671875,102.1171875,102.1328125,12863,ZTZ2
2022-11-21 13:00:00+00:00,34,1,512153,102.1328125,102.18359375,102.12890625,102.17578125,40006,ZTZ2
2022-11-21 14:00:00+00:00,34,1,512153,102.1796875,102.19140625,102.14453125,102.1484375,50621,ZTZ2
2022-11-21 15:00:00+00:00,34,1,512153,102.1484375,102.15625,102.109375,102.140625,69152,ZTZ2
2022-11-21 16:00:00+00:00,34,1,512153,102.140625,102.15625,102.11328125,102.1328125,80820,ZTZ2
2022-11-21 17:00:00+00:00,34,1,512153,102.1328125,102.140625,102.109375,102.125,27976,ZTZ2
2022-11-21 18:00:00+00:00,34,1,512153,102.12890625,102.140625,102.09375,102.109375,35615,ZTZ2
2022-11-21 19:00:00+00:00,34,1,512153,102.109375,102.12109375,102.09765625,102.1015625,23186,ZTZ2
2022-11-21 20:00:00+00:00,34,1,512153,102.09765625,102.1015625,102.0703125,102.07421875,29850,ZTZ2
2022-11-21 21:00:00+00:00,34,1,512153,102.078125,102.09375,102.06640625,102.08203125,25779,ZTZ2
2022-11-21 23:00:00+00:00,34,1,512153,102.078125,102.09375,102.0703125,102.08984375,1744,ZTZ2
2022-11-22 00:00:00+00:00,34,1,512153,102.08984375,102.109375,102.0859375,102.109375,3171,ZTZ2
2022-11-22 01:00:00+00:00,34,1,512153,102.10546875,102.109375,102.08984375,102.09375,3197,ZTZ2
2022-11-22 02:00:00+00:00,34,1,512153,102.09375,102.125,102.09375,102.1171875,3778,ZTZ2
2022-11-22 03:00:00+00:00,34,1,512153,102.12109375,102.12890625,102.109375,102.11328125,4366,ZTZ2
2022-11-22 04:00:00+00:00,34,1,512153,102.1171875,102.1171875,102.109375,102.11328125,1403,ZTZ2
2022-11-22 05:00:00+00:00,34,1,512153,102.1171875,102.12890625,102.109375,102.1171875,3455,ZTZ2
2022-11-22 06:00:00+00:00,34,1,512153,102.12109375,102.1484375,102.12109375,102.12890625,9079,ZTZ2
2022-11-22 07:00:00+00:00,34,1,512153,102.12890625,102.14453125,102.11328125,102.13671875,6784,ZTZ2
2022-11-22 08:00:00+00:00,34,1,512153,102.13671875,102.15234375,102.1171875,102.1328125,10881,ZTZ2
2022-11-22 09:00:00+00:00,34,1,512153,102.13671875,102.16796875,102.1328125,102.1484375,7397,ZTZ2
2022-11-22 10:00:00+00:00,34,1,512153,102.15234375,102.15625,102.1484375,102.15234375,2967,ZTZ2
2022-11-22 11:00:00+00:00,34,1,512153,102.15234375,102.16015625,102.14453125,102.15234375,7088,ZTZ2
2022-11-22 12:00:00+00:00,34,1,512153,102.15234375,102.1640625,102.11328125,102.12109375,22888,ZTZ2
2022-11-22 13:00:00+00:00,34,1,512153,102.1171875,102.1328125,102.09765625,102.09765625,46670,ZTZ2
2022-11-22 14:00:00+00:00,34,1,512153,102.09765625,102.12890625,102.09765625,102.10546875,77323,ZTZ2
2022-11-22 15:00:00+00:00,34,1,512153,102.1015625,102.11328125,102.078125,102.09375,56458,ZTZ2
2022-11-22 16:00:00+00:00,34,1,512153,102.09375,102.13671875,102.08984375,102.1328125,40472,ZTZ2
2022-11-22 17:00:00+00:00,34,1,512153,102.12890625,102.13671875,102.10546875,102.1171875,60577,ZTZ2
2022-11-22 18:00:00+00:00,34,1,512153,102.1171875,102.125,102.09375,102.1171875,36857,ZTZ2
2022-11-22 19:00:00+00:00,34,1,512153,102.1171875,102.12109375,102.08984375,102.09765625,42550,ZTZ2
2022-11-22 20:00:00+00:00,34,1,512153,102.09765625,102.09765625,102.08203125,102.08203125,23082,ZTZ2
2022-11-22 21:00:00+00:00,34,1,512153,102.08203125,102.09765625,102.0625,102.09375,37030,ZTZ2
2022-11-22 23:00:00+00:00,34,1,512153,102.09375,102.11328125,102.09375,102.10546875,893,ZTZ2
2022-11-23 00:00:00+00:00,34,1,512153,102.1015625,102.11328125,102.09765625,102.1015625,1184,ZTZ2
2022-11-23 01:00:00+00:00,34,1,512153,102.09765625,102.09765625,102.06640625,102.07421875,2494,ZTZ2
2022-11-23 02:00:00+00:00,34,1,512153,102.07421875,102.08203125,102.06640625,102.07421875,2315,ZTZ2
2022-11-23 03:00:00+00:00,34,1,512153,102.0703125,102.07421875,102.06640625,102.07421875,812,ZTZ2
2022-11-23 04:00:00+00:00,34,1,512153,102.0703125,102.07421875,102.06640625,102.06640625,399,ZTZ2
2022-11-23 05:00:00+00:00,34,1,512153,102.06640625,102.078125,102.06640625,102.0703125,576,ZTZ2
2022-11-23 06:00:00+00:00,34,1,512153,102.0703125,102.07421875,102.0625,102.0625,3977,ZTZ2
2022-11-23 07:00:00+00:00,34,1,512153,102.0625,102.06640625,102.0390625,102.05859375,7465,ZTZ2
2022-11-23 08:00:00+00:00,34,1,512153,102.05859375,102.0703125,102.03125,102.0703125,12789,ZTZ2
2022-11-23 09:00:00+00:00,34,1,512153,102.0703125,102.07421875,102.0546875,102.07421875,12583,ZTZ2
2022-11-23 10:00:00+00:00,34,1,512153,102.07421875,102.07421875,102.046875,102.0625,11130,ZTZ2
2022-11-23 11:00:00+00:00,34,1,512153,102.0625,102.0625,102.0390625,102.05078125,11978,ZTZ2
2022-11-23 12:00:00+00:00,34,1,512153,102.0546875,102.05859375,102.03125,102.0390625,20405,ZTZ2
2022-11-23 13:00:00+00:00,34,1,512153,102.03515625,102.0625,101.99609375,102.0390625,71255,ZTZ2
2022-11-23 14:00:00+00:00,34,1,512153,102.03515625,102.18359375,102.02734375,102.15234375,75557,ZTZ2
2022-11-23 15:00:00+00:00,34,1,512153,102.15625,102.1875,102.1328125,102.1484375,47898,ZTZ2
2022-11-23 16:00:00+00:00,34,1,512153,102.1484375,102.16796875,102.1328125,102.13671875,31347,ZTZ2
2022-11-23 17:00:00+00:00,34,1,512153,102.13671875,102.140625,102.125,102.125,27792,ZTZ2
2022-11-23 18:00:00+00:00,34,1,512153,102.125,102.13671875,102.09375,102.09375,27795,ZTZ2
2022-11-23 19:00:00+00:00,34,1,512153,102.09765625,102.1796875,102.09375,102.16015625,52766,ZTZ2
2022-11-23 20:00:00+00:00,34,1,512153,102.16015625,102.16015625,102.13671875,102.15625,13275,ZTZ2
2022-11-23 21:00:00+00:00,34,1,512153,102.15625,102.18359375,102.15625,102.16015625,10799,ZTZ2
2022-11-23 23:00:00+00:00,34,1,512153,102.16015625,102.1796875,102.15234375,102.1796875,1170,ZTZ2
2022-11-24 00:00:00+00:00,34,1,512153,102.1796875,102.19921875,102.17578125,102.19140625,2004,ZTZ2
2022-11-24 01:00:00+00:00,34,1,512153,102.1875,102.19921875,102.1796875,102.18359375,2910,ZTZ2
2022-11-24 02:00:00+00:00,34,1,512153,102.18359375,102.203125,102.18359375,102.19921875,1533,ZTZ2
2022-11-24 03:00:00+00:00,34,1,512153,102.19921875,102.20703125,102.1953125,102.19921875,1529,ZTZ2
2022-11-24 04:00:00+00:00,34,1,512153,102.203125,102.2109375,102.1953125,102.2109375,609,ZTZ2
2022-11-24 05:00:00+00:00,34,1,512153,102.20703125,102.2265625,102.19921875,102.20703125,2075,ZTZ2
2022-11-24 06:00:00+00:00,34,1,512153,102.20703125,102.23828125,102.20703125,102.234375,3429,ZTZ2
2022-11-24 07:00:00+00:00,34,1,512153,102.23828125,102.26953125,102.23828125,102.25,4535,ZTZ2
2022-11-24 08:00:00+00:00,34,1,512153,102.25,102.27734375,102.23828125,102.27734375,5066,ZTZ2
2022-11-24 09:00:00+00:00,34,1,512153,102.27734375,102.30078125,102.25,102.2578125,7456,ZTZ2
2022-11-24 10:00:00+00:00,34,1,512153,102.2578125,102.27734375,102.24609375,102.27734375,4591,ZTZ2
2022-11-24 11:00:00+00:00,34,1,512153,102.2734375,102.27734375,102.25,102.25390625,3548,ZTZ2
2022-11-24 12:00:00+00:00,34,1,512153,102.25390625,102.296875,102.25390625,102.2890625,7355,ZTZ2
2022-11-24 13:00:00+00:00,34,1,512153,102.28125,102.28515625,102.265625,102.2734375,4790,ZTZ2
2022-11-24 14:00:00+00:00,34,1,512153,102.2734375,102.28125,102.2578125,102.26171875,1950,ZTZ2
2022-11-24 15:00:00+00:00,34,1,512153,102.26171875,102.265625,102.25,102.25390625,3804,ZTZ2
2022-11-24 16:00:00+00:00,34,1,512153,102.25390625,102.2578125,102.2421875,102.24609375,1268,ZTZ2
2022-11-24 17:00:00+00:00,34,1,512153,102.2421875,102.26171875,102.2421875,102.26171875,1520,ZTZ2
2022-11-24 23:00:00+00:00,34,1,512153,102.2578125,102.2578125,102.2421875,102.2421875,1243,ZTZ2
2022-11-25 00:00:00+00:00,34,1,512153,102.24609375,102.25,102.23046875,102.234375,3659,ZTZ2
2022-11-25 01:00:00+00:00,34,1,512153,102.23046875,102.24609375,102.2265625,102.23046875,4032,ZTZ2
2022-11-25 02:00:00+00:00,34,1,512153,102.23046875,102.25,102.2265625,102.25,1226,ZTZ2
2022-11-25 03:00:00+00:00,34,1,512153,102.2421875,102.26953125,102.2421875,102.25390625,1862,ZTZ2
2022-11-25 04:00:00+00:00,34,1,512153,102.2578125,102.2734375,102.2578125,102.26171875,3126,ZTZ2
2022-11-25 05:00:00+00:00,34,1,512153,102.26171875,102.26953125,102.2578125,102.265625,1038,ZTZ2
2022-11-25 06:00:00+00:00,34,1,512153,102.265625,102.26953125,102.25,102.26171875,3661,ZTZ2
2022-11-25 07:00:00+00:00,34,1,512153,102.265625,102.26953125,102.22265625,102.22265625,4337,ZTZ2
2022-11-25 08:00:00+00:00,34,1,512153,102.22265625,102.23828125,102.1953125,102.20703125,7721,ZTZ2
2022-11-25 09:00:00+00:00,34,1,512153,102.20703125,102.21484375,102.15234375,102.1640625,13066,ZTZ2
2022-11-25 10:00:00+00:00,34,1,512153,102.16015625,102.18359375,102.14453125,102.16796875,6591,ZTZ2
2022-11-25 11:00:00+00:00,34,1,512153,102.16796875,102.1875,102.1484375,102.1484375,8135,ZTZ2
2022-11-25 12:00:00+00:00,34,1,512153,102.14453125,102.171875,102.140625,102.15234375,7998,ZTZ2
2022-11-25 13:00:00+00:00,34,1,512153,102.15234375,102.15234375,102.09765625,102.12109375,24818,ZTZ2
2022-11-25 14:00:00+00:00,34,1,512153,102.125,102.1484375,102.11328125,102.140625,14115,ZTZ2
2022-11-25 15:00:00+00:00,34,1,512153,102.13671875,102.15625,102.12890625,102.15234375,12613,ZTZ2
2022-11-25 16:00:00+00:00,34,1,512153,102.15625,102.1875,102.15234375,102.15625,16718,ZTZ2
2022-11-25 17:00:00+00:00,34,1,512153,102.15625,102.1875,102.1484375,102.171875,11684,ZTZ2
2022-11-25 18:00:00+00:00,34,1,512153,102.171875,102.1953125,102.171875,102.1875,3718,ZTZ2
2022-11-27 23:00:00+00:00,34,1,512153,102.1796875,102.22265625,102.17578125,102.2109375,1461,ZTZ2
2022-11-28 00:00:00+00:00,34,1,512153,102.21484375,102.22265625,102.1875,102.203125,3105,ZTZ2
2022-11-28 01:00:00+00:00,34,1,512153,102.19921875,102.26171875,102.19921875,102.25390625,6653,ZTZ2
2022-11-28 02:00:00+00:00,34,1,512153,102.25390625,102.26171875,102.2421875,102.24609375,3904,ZTZ2
2022-11-28 03:00:00+00:00,34,1,512153,102.25,102.2578125,102.24609375,102.25,1137,ZTZ2
2022-11-28 04:00:00+00:00,34,1,512153,102.24609375,102.25390625,102.23828125,102.24609375,2592,ZTZ2
2022-11-28 05:00:00+00:00,34,1,512153,102.25,102.28125,102.24609375,102.26953125,3163,ZTZ2
2022-11-28 06:00:00+00:00,34,1,512153,102.2734375,102.27734375,102.24609375,102.26953125,4169,ZTZ2
2022-11-28 07:00:00+00:00,34,1,512153,102.26953125,102.2734375,102.234375,102.25390625,3754,ZTZ2
2022-11-28 08:00:00+00:00,34,1,512153,102.25390625,102.2734375,102.2265625,102.23046875,8563,ZTZ2
2022-11-28 09:00:00+00:00,34,1,512153,102.2265625,102.25,102.21484375,102.22265625,7425,ZTZ2
2022-11-28 10:00:00+00:00,34,1,512153,102.2265625,102.24609375,102.2109375,102.21875,5512,ZTZ2
2022-11-28 11:00:00+00:00,34,1,512153,102.21875,102.21875,102.16796875,102.19140625,6231,ZTZ2
2022-11-28 12:00:00+00:00,34,1,512153,102.1875,102.20703125,102.1796875,102.19140625,9361,ZTZ2
2022-11-28 13:00:00+00:00,34,1,512153,102.19140625,102.203125,102.17578125,102.19140625,18544,ZTZ2
2022-11-28 14:00:00+00:00,34,1,512153,102.19140625,102.234375,102.16796875,102.2265625,30500,ZTZ2
2022-11-28 15:00:00+00:00,34,1,512153,102.23046875,102.265625,102.23046875,102.24609375,34375,ZTZ2
2022-11-28 16:00:00+00:00,34,1,512153,102.24609375,102.2578125,102.2265625,102.2421875,20184,ZTZ2
2022-11-28 17:00:00+00:00,34,1,512153,102.2421875,102.2421875,102.19140625,102.20703125,20970,ZTZ2
2022-11-28 18:00:00+00:00,34,1,512153,102.2109375,102.2109375,102.1875,102.19140625,11268,ZTZ2
2022-11-28 19:00:00+00:00,34,1,512153,102.1875,102.19921875,102.171875,102.18359375,16197,ZTZ2
2022-11-28 20:00:00+00:00,34,1,512153,102.1796875,102.21484375,102.17578125,102.21484375,20529,ZTZ2
2022-11-28 21:00:00+00:00,34,1,512153,102.2109375,102.25,102.2109375,102.25,11132,ZTZ2
2022-11-28 23:00:00+00:00,34,1,512153,102.21875,102.23828125,102.21875,102.23046875,725,ZTZ2
2022-11-29 00:00:00+00:00,34,1,512153,102.2265625,102.2421875,102.21875,102.21875,1146,ZTZ2
2022-11-29 01:00:00+00:00,34,1,512153,102.22265625,102.2265625,102.20703125,102.22265625,2289,ZTZ2
2022-11-29 02:00:00+00:00,34,1,512153,102.2265625,102.23046875,102.21484375,102.21875,273,ZTZ2
2022-11-29 03:00:00+00:00,34,1,512153,102.21875,102.2265625,102.20703125,102.20703125,966,ZTZ2
2022-11-29 04:00:00+00:00,34,1,512153,102.203125,102.2109375,102.1875,102.20703125,649,ZTZ2
2022-11-29 05:00:00+00:00,34,1,512153,102.20703125,102.2109375,102.1953125,102.20703125,397,ZTZ2
2022-11-29 06:00:00+00:00,34,1,512153,102.2109375,102.265625,102.203125,102.25,4352,ZTZ2
2022-11-29 07:00:00+00:00,34,1,512153,102.25,102.26953125,102.24609375,102.26171875,2479,ZTZ2
2022-11-29 08:00:00+00:00,34,1,512153,102.265625,102.32421875,102.265625,102.30078125,5255,ZTZ2
2022-11-29 09:00:00+00:00,34,1,512153,102.30078125,102.30078125,102.265625,102.27734375,2390,ZTZ2
2022-11-29 10:00:00+00:00,34,1,512153,102.28515625,102.29296875,102.26171875,102.28125,1859,ZTZ2
2022-11-29 11:00:00+00:00,34,1,512153,102.28125,102.2890625,102.26171875,102.2734375,1148,ZTZ2
2022-11-29 12:00:00+00:00,34,1,512153,102.2734375,102.28125,102.25390625,102.265625,3380,ZTZ2
2022-11-29 13:00:00+00:00,34,1,512153,102.265625,102.265625,102.19140625,102.22265625,9140,ZTZ2
2022-11-29 14:00:00+00:00,34,1,512153,102.21875,102.234375,102.171875,102.1875,17174,ZTZ2
2022-11-29 15:00:00+00:00,34,1,512153,102.1875,102.234375,102.18359375,102.23046875,17018,ZTZ2
2022-11-29 16:00:00+00:00,34,1,512153,102.23046875,102.24609375,102.2109375,102.21875,9452,ZTZ2
2022-11-29 17:00:00+00:00,34,1,512153,102.22265625,102.2265625,102.1875,102.1953125,1756,ZTZ2
2022-11-29 18:00:00+00:00,34,1,512153,102.19140625,102.19921875,102.1640625,102.1640625,3267,ZTZ2
2022-11-29 19:00:00+00:00,34,1,512153,102.16796875,102.1953125,102.16015625,102.1875,4023,ZTZ2
2022-11-29 20:00:00+00:00,34,1,512153,102.19140625,102.19140625,102.171875,102.18359375,6431,ZTZ2
2022-11-29 21:00:00+00:00,34,1,512153,102.1796875,102.1953125,102.17578125,102.19140625,2950,ZTZ2
2022-11-29 23:00:00+00:00,34,1,512153,102.1796875,102.19140625,102.17578125,102.18359375,131,ZTZ2
2022-11-30 00:00:00+00:00,34,1,512153,102.1875,102.203125,102.1875,102.19921875,126,ZTZ2
2022-11-30 01:00:00+00:00,34,1,512153,102.19921875,102.2109375,102.19921875,102.20703125,125,ZTZ2
2022-11-30 02:00:00+00:00,34,1,512153,102.203125,102.21484375,102.19921875,102.20703125,543,ZTZ2
2022-11-30 03:00:00+00:00,34,1,512153,102.2109375,102.21484375,102.20703125,102.21484375,217,ZTZ2
2022-11-30 04:00:00+00:00,34,1,512153,102.20703125,102.20703125,102.20703125,102.20703125,2,ZTZ2
2022-11-30 05:00:00+00:00,34,1,512153,102.20703125,102.21875,102.20703125,102.21875,500,ZTZ2
2022-11-30 06:00:00+00:00,34,1,512153,102.21484375,102.22265625,102.20703125,102.20703125,457,ZTZ2
2022-11-30 07:00:00+00:00,34,1,512153,102.2109375,102.2109375,102.171875,102.1875,544,ZTZ2
2022-11-30 08:00:00+00:00,34,1,512153,102.1875,102.2109375,102.18359375,102.20703125,675,ZTZ2
2022-11-30 09:00:00+00:00,34,1,512153,102.21484375,102.21875,102.1796875,102.1875,1799,ZTZ2
2022-11-30 10:00:00+00:00,34,1,512153,102.1875,102.1875,102.16796875,102.18359375,617,ZTZ2
2022-11-30 11:00:00+00:00,34,1,512153,102.19140625,102.1953125,102.17578125,102.1953125,194,ZTZ2
2022-11-30 12:00:00+00:00,34,1,512153,102.1953125,102.203125,102.1796875,102.19140625,258,ZTZ2
2022-11-30 13:00:00+00:00,34,1,512153,102.19140625,102.203125,102.08984375,102.09375,2949,ZTZ2
2022-11-30 14:00:00+00:00,34,1,512153,102.08984375,102.12890625,102.07421875,102.125,977,ZTZ2
2022-11-30 15:00:00+00:00,34,1,512153,102.13671875,102.13671875,102.06640625,102.09375,2254,ZTZ2
2022-11-30 16:00:00+00:00,34,1,512153,102.09375,102.109375,102.078125,102.1015625,1041,ZTZ2
2022-11-30 17:00:00+00:00,34,1,512153,102.10546875,102.12109375,102.1015625,102.1171875,875,ZTZ2
2022-11-30 18:00:00+00:00,34,1,512153,102.1171875,102.30859375,102.1015625,102.27734375,4422,ZTZ2
2022-11-30 19:00:00+00:00,34,1,512153,102.28125,102.38671875,102.2734375,102.38671875,3005,ZTZ2
2022-11-30 20:00:00+00:00,34,1,512153,102.38671875,102.4609375,102.34375,102.4609375,2373,ZTZ2
2022-11-30 21:00:00+00:00,34,1,512153,102.4609375,102.47265625,102.4375,102.45703125,2307,ZTZ2
2022-11-30 23:00:00+00:00,34,1,512153,102.44921875,102.47265625,102.4375,102.44921875,308,ZTZ2
2022-12-01 00:00:00+00:00,34,1,512153,102.44140625,102.4609375,102.44140625,102.4609375,166,ZTZ2
2022-12-01 01:00:00+00:00,34,1,512153,102.4609375,102.46875,102.44921875,102.44921875,74,ZTZ2
2022-12-01 02:00:00+00:00,34,1,512153,102.44921875,102.4609375,102.43359375,102.4453125,515,ZTZ2
2022-12-01 03:00:00+00:00,34,1,512153,102.44921875,102.453125,102.44921875,102.44921875,55,ZTZ2
2022-12-01 04:00:00+00:00,34,1,512153,102.44140625,102.47265625,102.44140625,102.4609375,560,ZTZ2
2022-12-01 05:00:00+00:00,34,1,512153,102.4609375,102.4609375,102.4375,102.4375,93,ZTZ2
2022-12-01 06:00:00+00:00,34,1,512153,102.44140625,102.4453125,102.43359375,102.4375,77,ZTZ2
2022-12-01 07:00:00+00:00,34,1,512153,102.44140625,102.44140625,102.39453125,102.39453125,310,ZTZ2
2022-12-01 08:00:00+00:00,34,1,512153,102.3984375,102.41796875,102.37890625,102.41796875,585,ZTZ2
2022-12-01 09:00:00+00:00,34,1,512153,102.4140625,102.4375,102.41015625,102.4375,119,ZTZ2
2022-12-01 10:00:00+00:00,34,1,512153,102.4375,102.46484375,102.43359375,102.4453125,274,ZTZ2
2022-12-01 11:00:00+00:00,34,1,512153,102.453125,102.453125,102.44140625,102.44140625,24,ZTZ2
2022-12-01 12:00:00+00:00,34,1,512153,102.44140625,102.48046875,102.4375,102.44140625,1986,ZTZ2
2022-12-01 13:00:00+00:00,34,1,512153,102.44140625,102.4921875,102.4296875,102.44921875,1213,ZTZ2
2022-12-01 14:00:00+00:00,34,1,512153,102.44921875,102.47265625,102.43359375,102.44921875,563,ZTZ2
2022-12-01 15:00:00+00:00,34,1,512153,102.46484375,102.48828125,102.45703125,102.46484375,278,ZTZ2
2022-12-01 16:00:00+00:00,34,1,512153,102.4765625,102.5078125,102.4609375,102.5078125,303,ZTZ2
2022-12-01 17:00:00+00:00,34,1,512153,102.5,102.56640625,102.49609375,102.55078125,413,ZTZ2
2022-12-01 18:00:00+00:00,34,1,512153,102.55859375,102.55859375,102.52734375,102.546875,608,ZTZ2
2022-12-01 19:00:00+00:00,34,1,512153,102.55078125,102.62890625,102.546875,102.62890625,1499,ZTZ2
2022-12-01 20:00:00+00:00,34,1,512153,102.62890625,102.66796875,102.58984375,102.65625,346,ZTZ2
2022-12-01 21:00:00+00:00,34,1,512153,102.65234375,102.67578125,102.6484375,102.6640625,86,ZTZ2
2022-12-01 23:00:00+00:00,34,1,512153,102.6484375,102.6484375,102.6484375,102.6484375,1,ZTZ2
2022-12-02 01:00:00+00:00,34,1,512153,102.61328125,102.61328125,102.61328125,102.61328125,1,ZTZ2
2022-12-02 02:00:00+00:00,34,1,512153,102.6015625,102.6015625,102.59375,102.59765625,117,ZTZ2
2022-12-02 03:00:00+00:00,34,1,512153,102.59765625,102.60546875,102.59765625,102.60546875,7,ZTZ2
2022-12-02 04:00:00+00:00,34,1,512153,102.6171875,102.6171875,102.61328125,102.61328125,17,ZTZ2
2022-12-02 05:00:00+00:00,34,1,512153,102.62109375,102.62109375,102.62109375,102.62109375,2,ZTZ2
2022-12-02 06:00:00+00:00,34,1,512153,102.61328125,102.62109375,102.609375,102.6171875,11,ZTZ2
2022-12-02 07:00:00+00:00,34,1,512153,102.6171875,102.640625,102.6171875,102.640625,178,ZTZ2
2022-12-02 08:00:00+00:00,34,1,512153,102.63671875,102.671875,102.6328125,102.671875,45,ZTZ2
2022-12-02 09:00:00+00:00,34,1,512153,102.69140625,102.70703125,102.67578125,102.70703125,17,ZTZ2
2022-12-02 10:00:00+00:00,34,1,512153,102.71484375,102.73828125,102.703125,102.7265625,58,ZTZ2
2022-12-02 11:00:00+00:00,34,1,512153,102.73046875,102.73046875,102.69140625,102.71875,37,ZTZ2
2022-12-02 12:00:00+00:00,34,1,512153,102.73046875,102.74609375,102.72265625,102.734375,206,ZTZ2
2022-12-02 13:00:00+00:00,34,1,512153,102.7578125,102.76953125,102.35546875,102.49609375,1431,ZTZ2
2022-12-02 14:00:00+00:00,34,1,512153,102.4921875,102.50390625,102.4296875,102.4453125,378,ZTZ2
2022-12-02 15:00:00+00:00,34,1,512153,102.453125,102.5,102.42578125,102.4609375,374,ZTZ2
2022-12-02 16:00:00+00:00,34,1,512153,102.45703125,102.53125,102.45703125,102.5234375,30,ZTZ2
2022-12-02 17:00:00+00:00,34,1,512153,102.51953125,102.5546875,102.5078125,102.5546875,46,ZTZ2
2022-12-02 18:00:00+00:00,34,1,512153,102.546875,102.5703125,102.5234375,102.5703125,164,ZTZ2
2022-12-02 19:00:00+00:00,34,1,512153,102.578125,102.59765625,102.5703125,102.59765625,115,ZTZ2
2022-12-02 20:00:00+00:00,34,1,512153,102.59375,102.59375,102.578125,102.58984375,11,ZTZ2
2022-12-02 21:00:00+00:00,34,1,512153,102.6171875,102.6171875,102.578125,102.578125,96,ZTZ2
2022-12-04 23:00:00+00:00,34,1,512153,102.578125,102.578125,102.578125,102.578125,1,ZTZ2
2022-12-05 01:00:00+00:00,34,1,512153,102.55859375,102.5703125,102.55859375,102.5703125,5,ZTZ2
2022-12-05 04:00:00+00:00,34,1,512153,102.55078125,102.56640625,102.5234375,102.5234375,53,ZTZ2
2022-12-05 07:00:00+00:00,34,1,512153,102.515625,102.53125,102.515625,102.53125,51,ZTZ2
2022-12-05 09:00:00+00:00,34,1,512153,102.5546875,102.57421875,102.5546875,102.56640625,18,ZTZ2
2022-12-05 10:00:00+00:00,34,1,512153,102.578125,102.578125,102.578125,102.578125,1,ZTZ2
2022-12-05 11:00:00+00:00,34,1,512153,102.56640625,102.57421875,102.56640625,102.57421875,4,ZTZ2
2022-12-05 12:00:00+00:00,34,1,512153,102.5703125,102.6015625,102.55078125,102.55078125,183,ZTZ2
2022-12-05 13:00:00+00:00,34,1,512153,102.55859375,102.61328125,102.55859375,102.578125,434,ZTZ2
2022-12-05 14:00:00+00:00,34,1,512153,102.58984375,102.6015625,102.54296875,102.5546875,564,ZTZ2
2022-12-05 15:00:00+00:00,34,1,512153,102.54296875,102.54296875,102.48828125,102.51953125,73,ZTZ2
2022-12-05 16:00:00+00:00,34,1,512153,102.51953125,102.51953125,102.4453125,102.49609375,136,ZTZ2
2022-12-05 17:00:00+00:00,34,1,512153,102.47265625,102.50390625,102.47265625,102.48046875,41,ZTZ2
2022-12-05 18:00:00+00:00,34,1,512153,102.48046875,102.48046875,102.44140625,102.44140625,145,ZTZ2
2022-12-05 19:00:00+00:00,34,1,512153,102.44140625,102.44140625,102.4140625,102.43359375,26,ZTZ2
2022-12-05 20:00:00+00:00,34,1,512153,102.40625,102.41015625,102.38671875,102.3984375,142,ZTZ2
2022-12-05 21:00:00+00:00,34,1,512153,102.3984375,102.3984375,102.375,102.39453125,348,ZTZ2
2022-12-05 23:00:00+00:00,34,1,512153,102.41796875,102.41796875,102.41796875,102.41796875,1,ZTZ2
2022-12-06 00:00:00+00:00,34,1,512153,102.4296875,102.4296875,102.4296875,102.4296875,4,ZTZ2
2022-12-06 02:00:00+00:00,34,1,512153,102.43359375,102.43359375,102.43359375,102.43359375,1,ZTZ2
2022-12-06 05:00:00+00:00,34,1,512153,102.4296875,102.4296875,102.4296875,102.4296875,3,ZTZ2
2022-12-06 08:00:00+00:00,34,1,512153,102.44140625,102.46484375,102.44140625,102.46484375,11,ZTZ2
2022-12-06 09:00:00+00:00,34,1,512153,102.44921875,102.45703125,102.44921875,102.45703125,4,ZTZ2
2022-12-06 10:00:00+00:00,34,1,512153,102.47265625,102.48046875,102.47265625,102.48046875,2,ZTZ2
2022-12-06 11:00:00+00:00,34,1,512153,102.47265625,102.48046875,102.47265625,102.4765625,16,ZTZ2
2022-12-06 12:00:00+00:00,34,1,512153,102.48046875,102.48046875,102.4765625,102.4765625,3,ZTZ2
2022-12-06 13:00:00+00:00,34,1,512153,102.44921875,102.46484375,102.4453125,102.44921875,160,ZTZ2
2022-12-06 14:00:00+00:00,34,1,512153,102.4296875,102.4375,102.421875,102.421875,30,ZTZ2
2022-12-06 15:00:00+00:00,34,1,512153,102.421875,102.421875,102.421875,102.421875,1,ZTZ2
2022-12-06 17:00:00+00:00,34,1,512153,102.42578125,102.42578125,102.40234375,102.42578125,12,ZTZ2
2022-12-06 18:00:00+00:00,34,1,512153,102.44921875,102.45703125,102.44921875,102.45703125,17,ZTZ2
2022-12-06 19:00:00+00:00,34,1,512153,102.4609375,102.48828125,102.4609375,102.48828125,55,ZTZ2
2022-12-06 20:00:00+00:00,34,1,512153,102.46875,102.47265625,102.46875,102.47265625,5,ZTZ2
2022-12-06 21:00:00+00:00,34,1,512153,102.4609375,102.4609375,102.45703125,102.45703125,8,ZTZ2
2022-12-07 06:00:00+00:00,34,1,512153,102.48828125,102.50390625,102.48828125,102.50390625,301,ZTZ2
2022-12-07 10:00:00+00:00,34,1,512153,102.51953125,102.51953125,102.51953125,102.51953125,1,ZTZ2
2022-12-07 12:00:00+00:00,34,1,512153,102.49609375,102.51171875,102.484375,102.51171875,10,ZTZ2
2022-12-07 13:00:00+00:00,34,1,512153,102.50390625,102.56640625,102.50390625,102.5625,38,ZTZ2
2022-12-07 14:00:00+00:00,34,1,512153,102.6171875,102.62890625,102.60546875,102.62890625,103,ZTZ2
2022-12-07 15:00:00+00:00,34,1,512153,102.62890625,102.640625,102.62109375,102.62109375,18,ZTZ2
2022-12-07 19:00:00+00:00,34,1,512153,102.6640625,102.6640625,102.66015625,102.66015625,4,ZTZ2
2022-12-07 20:00:00+00:00,34,1,512153,102.6875,102.69921875,102.6640625,102.66796875,90,ZTZ2
2022-12-08 00:00:00+00:00,34,1,512153,102.671875,102.6953125,102.671875,102.6953125,2,ZTZ2
2022-12-08 01:00:00+00:00,34,1,512153,102.6328125,102.6328125,102.58203125,102.59765625,305,ZTZ2
2022-12-08 03:00:00+00:00,34,1,512153,102.60546875,102.609375,102.60546875,102.609375,2,ZTZ2
2022-12-08 08:00:00+00:00,34,1,512153,102.609375,102.609375,102.546875,102.546875,285,ZTZ2
2022-12-08 10:00:00+00:00,34,1,512153,102.60546875,102.60546875,102.60546875,102.60546875,1,ZTZ2
2022-12-08 11:00:00+00:00,34,1,512153,102.64453125,102.64453125,102.64453125,102.64453125,1,ZTZ2
2022-12-08 12:00:00+00:00,34,1,512153,102.6171875,102.6171875,102.6171875,102.6171875,20,ZTZ2
2022-12-08 14:00:00+00:00,34,1,512153,102.60546875,102.60546875,102.578125,102.578125,52,ZTZ2
2022-12-08 15:00:00+00:00,34,1,512153,102.59765625,102.6953125,102.59765625,102.6484375,736,ZTZ2
2022-12-08 16:00:00+00:00,34,1,512153,102.69921875,102.7109375,102.6640625,102.6640625,385,ZTZ2
2022-12-08 17:00:00+00:00,34,1,512153,102.59375,102.59375,102.58984375,102.58984375,2,ZTZ2
2022-12-08 18:00:00+00:00,34,1,512153,102.58203125,102.58203125,102.578125,102.58203125,43,ZTZ2
2022-12-08 20:00:00+00:00,34,1,512153,102.59765625,102.59765625,102.59765625,102.59765625,1,ZTZ2
2022-12-08 21:00:00+00:00,34,1,512153,102.59375,102.6015625,102.59375,102.6015625,16,ZTZ2
2022-12-09 13:00:00+00:00,34,1,512153,102.58203125,102.58203125,102.578125,102.578125,27,ZTZ2
2022-12-09 14:00:00+00:00,34,1,512153,102.58984375,102.58984375,102.5859375,102.5859375,29,ZTZ2
2022-12-09 15:00:00+00:00,34,1,512153,102.58203125,102.58203125,102.58203125,102.58203125,18,ZTZ2
2022-12-09 17:00:00+00:00,34,1,512153,102.62109375,102.62109375,102.5390625,102.61328125,152,ZTZ2
2022-12-09 18:00:00+00:00,34,1,512153,102.6171875,102.62109375,102.6171875,102.62109375,79,ZTZ2
2022-12-09 19:00:00+00:00,34,1,512153,102.6171875,102.6171875,102.6171875,102.6171875,12,ZTZ2
2022-12-09 20:00:00+00:00,34,1,512153,102.5390625,102.5390625,102.5390625,102.5390625,12,ZTZ2
2022-12-09 21:00:00+00:00,34,1,512153,102.5390625,102.5390625,102.5390625,102.5390625,2,ZTZ2
2022-12-12 16:00:00+00:00,34,1,512153,102.515625,102.5234375,102.515625,102.5234375,5,ZTZ2
2022-12-12 17:00:00+00:00,34,1,512153,102.48828125,102.48828125,102.484375,102.484375,4,ZTZ2
2022-12-12 18:00:00+00:00,34,1,512153,102.4609375,102.50390625,102.4609375,102.48046875,317,ZTZ2
2022-12-12 19:00:00+00:00,34,1,512153,102.484375,102.484375,102.484375,102.484375,3,ZTZ2
2022-12-12 20:00:00+00:00,34,1,512153,102.48046875,102.48046875,102.48046875,102.48046875,2,ZTZ2
2022-12-13 00:00:00+00:00,34,1,512153,102.51953125,102.51953125,102.515625,102.51953125,6,ZTZ2
2022-12-13 01:00:00+00:00,34,1,512153,102.5234375,102.53515625,102.5234375,102.53515625,8,ZTZ2
2022-12-13 02:00:00+00:00,34,1,512153,102.53125,102.53125,102.53125,102.53125,3,ZTZ2
2022-12-13 03:00:00+00:00,34,1,512153,102.53515625,102.53515625,102.52734375,102.52734375,6,ZTZ2
2022-12-13 04:00:00+00:00,34,1,512153,102.52734375,102.52734375,102.52734375,102.52734375,4,ZTZ2
2022-12-13 05:00:00+00:00,34,1,512153,102.53125,102.54296875,102.53125,102.54296875,17,ZTZ2
2022-12-13 06:00:00+00:00,34,1,512153,102.53515625,102.54296875,102.53515625,102.54296875,11,ZTZ2
2022-12-13 07:00:00+00:00,34,1,512153,102.54296875,102.5546875,102.5390625,102.5390625,18,ZTZ2
2022-12-13 08:00:00+00:00,34,1,512153,102.5546875,102.55859375,102.52734375,102.53515625,14,ZTZ2
2022-12-13 11:00:00+00:00,34,1,512153,102.52734375,102.53515625,102.51953125,102.53515625,14,ZTZ2
2022-12-13 12:00:00+00:00,34,1,512153,102.53515625,102.5390625,102.53125,102.53125,9,ZTZ2
2022-12-13 13:00:00+00:00,34,1,512153,102.54296875,102.78125,102.5234375,102.78125,82,ZTZ2
2022-12-13 14:00:00+00:00,34,1,512153,102.8046875,102.9375,102.8046875,102.8828125,444,ZTZ2
2022-12-13 15:00:00+00:00,34,1,512153,102.875,102.87890625,102.859375,102.859375,25,ZTZ2
2022-12-13 17:00:00+00:00,34,1,512153,102.8203125,102.8203125,102.8203125,102.8203125,8,ZTZ2
2022-12-13 18:00:00+00:00,34,1,512153,102.81640625,102.81640625,102.796875,102.796875,102,ZTZ2
2022-12-13 19:00:00+00:00,34,1,512153,102.78515625,102.80078125,102.76953125,102.76953125,34,ZTZ2
2022-12-13 20:00:00+00:00,34,1,512153,102.78515625,102.80078125,102.78515625,102.796875,21,ZTZ2
2022-12-14 10:00:00+00:00,34,1,512153,102.91015625,102.91015625,102.90234375,102.90234375,11,ZTZ2
2022-12-14 11:00:00+00:00,34,1,512153,102.890625,102.890625,102.875,102.88671875,6,ZTZ2
2022-12-14 12:00:00+00:00,34,1,512153,102.86328125,102.86328125,102.86328125,102.86328125,3,ZTZ2
2022-12-14 14:00:00+00:00,34,1,512153,102.890625,102.9140625,102.890625,102.9140625,27,ZTZ2
2022-12-14 15:00:00+00:00,34,1,512153,102.9140625,102.9140625,102.9140625,102.9140625,1,ZTZ2
2022-12-14 16:00:00+00:00,34,1,512153,102.921875,102.9375,102.9140625,102.9140625,83,ZTZ2
2022-12-14 18:00:00+00:00,34,1,512153,102.94921875,102.9921875,102.93359375,102.93359375,226,ZTZ2
2022-12-14 19:00:00+00:00,34,1,512153,102.91015625,102.91015625,102.7421875,102.79296875,299,ZTZ2
2022-12-14 20:00:00+00:00,34,1,512153,102.83203125,102.83203125,102.83203125,102.83203125,15,ZTZ2
2022-12-14 21:00:00+00:00,34,1,512153,102.875,102.87890625,102.87109375,102.87109375,31,ZTZ2
2022-12-15 12:00:00+00:00,34,1,512153,102.8359375,102.8359375,102.82421875,102.82421875,7,ZTZ2
2022-12-15 14:00:00+00:00,34,1,512153,102.91796875,102.91796875,102.83984375,102.83984375,14,ZTZ2
2022-12-15 16:00:00+00:00,34,1,512153,102.81640625,102.81640625,102.81640625,102.81640625,4,ZTZ2
2022-12-15 19:00:00+00:00,34,1,512153,102.8125,102.8125,102.8046875,102.8046875,15,ZTZ2
2022-12-16 14:00:00+00:00,34,1,512153,102.73828125,102.7421875,102.73828125,102.73828125,4,ZTZ2
2022-12-16 18:00:00+00:00,34,1,512153,102.921875,102.93359375,102.921875,102.9296875,32,ZTZ2
2022-12-16 19:00:00+00:00,34,1,512153,102.953125,102.953125,102.953125,102.953125,2,ZTZ2
2022-12-19 17:00:00+00:00,34,1,512153,102.7890625,102.7890625,102.77734375,102.78125,12,ZTZ2
2022-12-19 20:00:00+00:00,34,1,512153,102.78125,102.78125,102.78125,102.78125,2,ZTZ2
2022-12-20 12:00:00+00:00,34,1,512153,102.77734375,102.77734375,102.77734375,102.77734375,2,ZTZ2
2022-12-20 18:00:00+00:00,34,1,512153,102.77734375,102.78125,102.77734375,102.78125,20,ZTZ2
2022-12-21 09:00:00+00:00,34,1,512153,102.890625,102.890625,102.890625,102.890625,1,ZTZ2
2022-12-21 11:00:00+00:00,34,1,512153,102.859375,102.859375,102.859375,102.859375,2,ZTZ2
2022-12-21 19:00:00+00:00,34,1,512153,102.87109375,102.87109375,102.86328125,102.86328125,2,ZTZ2
2022-12-21 20:00:00+00:00,34,1,512153,102.89453125,102.89453125,102.89453125,102.89453125,1,ZTZ2
2022-12-21 21:00:00+00:00,34,1,512153,102.89453125,102.8984375,102.89453125,102.8984375,5,ZTZ2
2022-12-22 13:00:00+00:00,34,1,512153,102.82421875,102.82421875,102.8203125,102.8203125,2,ZTZ2
2022-12-22 15:00:00+00:00,34,1,512153,102.83203125,102.83203125,102.83203125,102.83203125,1,ZTZ2
2022-12-22 17:00:00+00:00,34,1,512153,102.828125,102.828125,102.828125,102.828125,2,ZTZ2
2022-12-23 19:00:00+00:00,34,1,512153,102.6796875,102.6796875,102.6796875,102.6796875,1,ZTZ2
2022-12-27 15:00:00+00:00,34,1,512153,102.609375,102.609375,102.609375,102.609375,1,ZTZ2
2022-12-27 17:00:00+00:00,34,1,512153,102.484375,102.484375,102.484375,102.484375,1,ZTZ2
2022-12-28 12:00:00+00:00,34,1,512153,102.5,102.625,102.5,102.625,4,ZTZ2
2022-12-28 19:00:00+00:00,34,1,512153,102.53125,102.53125,102.53125,102.53125,2,ZTZ2
2022-12-28 20:00:00+00:00,34,1,512153,102.59375,102.65625,102.5625,102.5703125,15,ZTZ2
2022-12-28 21:00:00+00:00,34,1,512153,102.55859375,102.625,102.55859375,102.625,5,ZTZ2
2022-12-29 12:00:00+00:00,34,1,512153,102.609375,102.609375,102.578125,102.578125,4,ZTZ2
2022-12-29 14:00:00+00:00,34,1,512153,102.625,102.625,102.61328125,102.61328125,13,ZTZ2
2022-12-30 18:00:00+00:00,34,1,512153,102.5,102.5,102.5,102.5,1,ZTZ2
