ts_event,rtype,publisher_id,instrument_id,open,high,low,close,volume,symbol
2023-07-06 12:00:00+00:00,34,1,4131634,102.60546875,102.60546875,102.60546875,102.60546875,1,ZTH4
2023-07-06 15:00:00+00:00,34,1,4131634,102.5234375,102.5234375,102.5234375,102.5234375,1,ZTH4
2023-09-13 12:00:00+00:00,34,1,4131634,102.03515625,102.03515625,101.9296875,101.9296875,2,ZTH4
2023-09-20 09:00:00+00:00,34,1,4131634,101.84375,101.84375,101.84375,101.84375,2,ZTH4
2023-09-20 17:00:00+00:00,34,1,4131634,101.890625,101.890625,101.890625,101.890625,1,ZTH4
2023-09-20 18:00:00+00:00,34,1,4131634,101.828125,101.828125,101.828125,101.828125,1,ZTH4
2023-09-20 20:00:00+00:00,34,1,4131634,101.71875,101.71875,101.71875,101.71875,1,ZTH4
2023-09-22 17:00:00+00:00,34,1,4131634,101.76953125,101.76953125,101.76953125,101.76953125,6,ZTH4
2023-09-27 15:00:00+00:00,34,1,4131634,101.7109375,101.71875,101.7109375,101.71875,3,ZTH4
2023-09-29 06:00:00+00:00,34,1,4131634,101.71875,101.71875,101.71875,101.71875,2,ZTH4
2023-10-02 14:00:00+00:00,34,1,4131634,101.625,101.67578125,101.6015625,101.67578125,403,ZTH4
2023-10-03 14:00:00+00:00,34,1,4131634,101.578125,101.578125,101.578125,101.578125,1,ZTH4
2023-10-04 06:00:00+00:00,34,1,4131634,101.48828125,101.48828125,101.48828125,101.48828125,1,ZTH4
2023-10-04 12:00:00+00:00,34,1,4131634,101.53125,101.609375,101.53125,101.609375,3,ZTH4
2023-10-05 15:00:00+00:00,34,1,4131634,101.73828125,101.80859375,101.73828125,101.77734375,3,ZTH4
2023-10-06 06:00:00+00:00,34,1,4131634,101.734375,101.734375,101.734375,101.734375,1,ZTH4
2023-10-06 12:00:00+00:00,34,1,4131634,101.5625,101.5625,101.50390625,101.50390625,3,ZTH4
2023-10-06 13:00:00+00:00,34,1,4131634,101.56640625,101.64453125,101.56640625,101.64453125,2,ZTH4
2023-10-06 14:00:00+00:00,34,1,4131634,101.59765625,101.625,101.59765625,101.625,3,ZTH4
2023-10-08 22:00:00+00:00,34,1,4131634,101.8046875,101.81640625,101.8046875,101.81640625,7,ZTH4
2023-10-08 23:00:00+00:00,34,1,4131634,101.80078125,101.80078125,101.80078125,101.80078125,1,ZTH4
2023-10-09 00:00:00+00:00,34,1,4131634,101.7734375,101.7734375,101.7734375,101.7734375,1,ZTH4
2023-10-09 12:00:00+00:00,34,1,4131634,101.8125,101.8125,101.8125,101.8125,2,ZTH4
2023-10-09 13:00:00+00:00,34,1,4131634,101.87890625,101.87890625,101.87890625,101.87890625,2,ZTH4
2023-10-09 23:00:00+00:00,34,1,4131634,101.9453125,101.94921875,101.9453125,101.94921875,4,ZTH4
2023-10-10 00:00:00+00:00,34,1,4131634,101.93359375,101.93359375,101.93359375,101.93359375,3,ZTH4
2023-10-10 01:00:00+00:00,34,1,4131634,101.9296875,101.9296875,101.92578125,101.92578125,2,ZTH4
2023-10-10 03:00:00+00:00,34,1,4131634,101.89453125,101.89453125,101.89453125,101.89453125,1,ZTH4
2023-10-10 04:00:00+00:00,34,1,4131634,101.87890625,101.87890625,101.87890625,101.87890625,2,ZTH4
2023-10-10 06:00:00+00:00,34,1,4131634,101.85546875,101.85546875,101.84765625,101.84765625,2,ZTH4
2023-10-10 07:00:00+00:00,34,1,4131634,101.83203125,101.8359375,101.8203125,101.828125,10,ZTH4
2023-10-10 11:00:00+00:00,34,1,4131634,101.78125,101.78125,101.78125,101.78125,1,ZTH4
2023-10-10 14:00:00+00:00,34,1,4131634,101.875,101.875,101.875,101.875,1,ZTH4
2023-10-10 16:00:00+00:00,34,1,4131634,101.90625,101.91015625,101.90234375,101.90234375,4,ZTH4
2023-10-10 18:00:00+00:00,34,1,4131634,101.8984375,101.8984375,101.8984375,101.8984375,1,ZTH4
2023-10-10 22:00:00+00:00,34,1,4131634,101.8671875,101.8671875,101.8671875,101.8671875,1,ZTH4
2023-10-11 10:00:00+00:00,34,1,4131634,101.890625,101.890625,101.88671875,101.88671875,2,ZTH4
2023-10-11 11:00:00+00:00,34,1,4131634,101.88671875,101.89453125,101.88671875,101.89453125,6,ZTH4
2023-10-11 13:00:00+00:00,34,1,4131634,101.78515625,101.78515625,101.77734375,101.78515625,3,ZTH4
2023-10-11 14:00:00+00:00,34,1,4131634,101.84375,101.84375,101.84375,101.84375,2,ZTH4
2023-10-11 15:00:00+00:00,34,1,4131634,101.84375,101.84375,101.84375,101.84375,1,ZTH4
2023-10-11 17:00:00+00:00,34,1,4131634,101.78125,101.78125,101.78125,101.78125,3,ZTH4
2023-10-11 23:00:00+00:00,34,1,4131634,101.84375,101.84375,101.84375,101.84375,1,ZTH4
2023-10-12 07:00:00+00:00,34,1,4131634,101.8203125,101.8203125,101.8203125,101.8203125,1,ZTH4
2023-10-12 12:00:00+00:00,34,1,4131634,101.8125,101.8125,101.703125,101.703125,3,ZTH4
2023-10-12 13:00:00+00:00,34,1,4131634,101.70703125,101.70703125,101.67578125,101.67578125,12,ZTH4
2023-10-12 14:00:00+00:00,34,1,4131634,101.6796875,101.69140625,101.6796875,101.68359375,8,ZTH4
2023-10-12 17:00:00+00:00,34,1,4131634,101.68359375,101.6875,101.68359375,101.6875,4,ZTH4
2023-10-12 18:00:00+00:00,34,1,4131634,101.69921875,101.69921875,101.69921875,101.69921875,1,ZTH4
2023-10-12 23:00:00+00:00,34,1,4131634,101.6875,101.6875,101.6875,101.6875,1,ZTH4
2023-10-13 08:00:00+00:00,34,1,4131634,101.72265625,101.72265625,101.72265625,101.72265625,1,ZTH4
2023-10-13 13:00:00+00:00,34,1,4131634,101.76953125,101.76953125,101.76953125,101.76953125,3,ZTH4
2023-10-13 15:00:00+00:00,34,1,4131634,101.72265625,101.72265625,101.72265625,101.72265625,3,ZTH4
2023-10-13 16:00:00+00:00,34,1,4131634,101.7265625,101.7265625,101.7265625,101.7265625,1,ZTH4
2023-10-15 22:00:00+00:00,34,1,4131634,101.64453125,101.64453125,101.640625,101.640625,4,ZTH4
2023-10-16 06:00:00+00:00,34,1,4131634,101.6875,101.6875,101.6875,101.6875,1,ZTH4
2023-10-16 12:00:00+00:00,34,1,4131634,101.69921875,101.69921875,101.69921875,101.69921875,1,ZTH4
2023-10-16 13:00:00+00:00,34,1,4131634,101.63671875,101.63671875,101.63671875,101.63671875,2,ZTH4
2023-10-16 14:00:00+00:00,34,1,4131634,101.625,101.625,101.625,101.625,5,ZTH4
2023-10-16 16:00:00+00:00,34,1,4131634,101.63671875,101.63671875,101.63671875,101.63671875,1,ZTH4
2023-10-16 17:00:00+00:00,34,1,4131634,101.62109375,101.62109375,101.62109375,101.62109375,1,ZTH4
2023-10-16 19:00:00+00:00,34,1,4131634,101.60546875,101.60546875,101.6015625,101.6015625,6,ZTH4
2023-10-16 20:00:00+00:00,34,1,4131634,101.609375,101.609375,101.609375,101.609375,2,ZTH4
2023-10-16 22:00:00+00:00,34,1,4131634,101.62109375,101.64453125,101.62109375,101.64453125,8,ZTH4
2023-10-17 08:00:00+00:00,34,1,4131634,101.6171875,101.6171875,101.6171875,101.6171875,4,ZTH4
2023-10-17 10:00:00+00:00,34,1,4131634,101.59375,101.59375,101.59375,101.59375,1,ZTH4
2023-10-17 12:00:00+00:00,34,1,4131634,101.57421875,101.57421875,101.484375,101.484375,17,ZTH4
2023-10-17 13:00:00+00:00,34,1,4131634,101.453125,101.453125,101.453125,101.453125,1,ZTH4
2023-10-17 14:00:00+00:00,34,1,4131634,101.4375,101.4375,101.421875,101.421875,8,ZTH4
2023-10-17 15:00:00+00:00,34,1,4131634,101.40625,101.41015625,101.40625,101.41015625,7,ZTH4
2023-10-17 16:00:00+00:00,34,1,4131634,101.390625,101.390625,101.37890625,101.37890625,18,ZTH4
2023-10-17 17:00:00+00:00,34,1,4131634,101.37890625,101.37890625,101.34375,101.34375,4,ZTH4
2023-10-17 18:00:00+00:00,34,1,4131634,101.32421875,101.34765625,101.3125,101.34765625,7,ZTH4
2023-10-17 19:00:00+00:00,34,1,4131634,101.3828125,101.3828125,101.37890625,101.3828125,13,ZTH4
2023-10-17 23:00:00+00:00,34,1,4131634,101.3828125,101.3828125,101.3828125,101.3828125,1,ZTH4
2023-10-18 00:00:00+00:00,34,1,4131634,101.40625,101.42578125,101.40625,101.42578125,10,ZTH4
2023-10-18 12:00:00+00:00,34,1,4131634,101.375,101.375,101.375,101.375,1,ZTH4
2023-10-18 13:00:00+00:00,34,1,4131634,101.3671875,101.3671875,101.35546875,101.35546875,6,ZTH4
2023-10-18 15:00:00+00:00,34,1,4131634,101.3125,101.3125,101.3125,101.3125,1,ZTH4
2023-10-18 18:00:00+00:00,34,1,4131634,101.31640625,101.3203125,101.31640625,101.31640625,5,ZTH4
2023-10-18 19:00:00+00:00,34,1,4131634,101.3125,101.3125,101.3125,101.3125,1,ZTH4
2023-10-18 20:00:00+00:00,34,1,4131634,101.3125,101.3125,101.3125,101.3125,1,ZTH4
2023-10-19 11:00:00+00:00,34,1,4131634,101.30859375,101.30859375,101.28125,101.28125,9,ZTH4
2023-10-19 12:00:00+00:00,34,1,4131634,101.25,101.25,101.25,101.25,2,ZTH4
2023-10-19 13:00:00+00:00,34,1,4131634,101.30859375,101.30859375,101.2890625,101.2890625,2,ZTH4
2023-10-19 15:00:00+00:00,34,1,4131634,101.3203125,101.3203125,101.3125,101.3125,20,ZTH4
2023-10-19 16:00:00+00:00,34,1,4131634,101.40625,101.40625,101.3984375,101.3984375,5,ZTH4
2023-10-19 19:00:00+00:00,34,1,4131634,101.421875,101.42578125,101.421875,101.42578125,2,ZTH4
2023-10-19 23:00:00+00:00,34,1,4131634,101.44921875,101.44921875,101.44921875,101.44921875,4,ZTH4
2023-10-20 04:00:00+00:00,34,1,4131634,101.453125,101.4609375,101.453125,101.4609375,4,ZTH4
2023-10-20 08:00:00+00:00,34,1,4131634,101.4609375,101.4609375,101.453125,101.453125,2,ZTH4
2023-10-20 09:00:00+00:00,34,1,4131634,101.44921875,101.44921875,101.44921875,101.44921875,1,ZTH4
2023-10-20 11:00:00+00:00,34,1,4131634,101.4296875,101.43359375,101.40234375,101.43359375,405,ZTH4
2023-10-20 12:00:00+00:00,34,1,4131634,101.47265625,101.47265625,101.47265625,101.47265625,3,ZTH4
2023-10-20 13:00:00+00:00,34,1,4131634,101.55859375,101.609375,101.55859375,101.5859375,10,ZTH4
2023-10-20 14:00:00+00:00,34,1,4131634,101.55859375,101.58203125,101.55859375,101.58203125,3,ZTH4
2023-10-20 15:00:00+00:00,34,1,4131634,101.6015625,101.64453125,101.6015625,101.625,15,ZTH4
2023-10-20 16:00:00+00:00,34,1,4131634,101.59375,101.59375,101.59375,101.59375,2,ZTH4
2023-10-23 00:00:00+00:00,34,1,4131634,101.5546875,101.5546875,101.5546875,101.5546875,1,ZTH4
2023-10-23 02:00:00+00:00,34,1,4131634,101.5390625,101.5390625,101.5390625,101.5390625,1,ZTH4
2023-10-23 03:00:00+00:00,34,1,4131634,101.5546875,101.5546875,101.5078125,101.5078125,10,ZTH4
2023-10-23 06:00:00+00:00,34,1,4131634,101.51171875,101.51171875,101.51171875,101.51171875,1,ZTH4
2023-10-23 10:00:00+00:00,34,1,4131634,101.5,101.5,101.5,101.5,1,ZTH4
2023-10-23 11:00:00+00:00,34,1,4131634,101.53125,101.53125,101.53125,101.53125,2,ZTH4
2023-10-23 12:00:00+00:00,34,1,4131634,101.55859375,101.55859375,101.55859375,101.55859375,1,ZTH4
2023-10-23 13:00:00+00:00,34,1,4131634,101.546875,101.546875,101.54296875,101.54296875,2,ZTH4
2023-10-23 14:00:00+00:00,34,1,4131634,101.58203125,101.61328125,101.58203125,101.58203125,23,ZTH4
2023-10-23 15:00:00+00:00,34,1,4131634,101.60546875,101.61328125,101.60546875,101.61328125,10,ZTH4
2023-10-23 16:00:00+00:00,34,1,4131634,101.59765625,101.6015625,101.59765625,101.6015625,5,ZTH4
2023-10-23 17:00:00+00:00,34,1,4131634,101.61328125,101.6328125,101.61328125,101.6328125,16,ZTH4
2023-10-23 18:00:00+00:00,34,1,4131634,101.6328125,101.65234375,101.6328125,101.65234375,7,ZTH4
2023-10-23 20:00:00+00:00,34,1,4131634,101.68359375,101.68359375,101.6796875,101.6796875,2,ZTH4
2023-10-23 22:00:00+00:00,34,1,4131634,101.6796875,101.6796875,101.6796875,101.6796875,2,ZTH4
2023-10-24 00:00:00+00:00,34,1,4131634,101.66796875,101.66796875,101.65234375,101.65234375,2,ZTH4
2023-10-24 01:00:00+00:00,34,1,4131634,101.6328125,101.6328125,101.6328125,101.6328125,1,ZTH4
2023-10-24 04:00:00+00:00,34,1,4131634,101.66015625,101.66015625,101.66015625,101.66015625,1,ZTH4
2023-10-24 06:00:00+00:00,34,1,4131634,101.69140625,101.69921875,101.69140625,101.69921875,6,ZTH4
2023-10-24 07:00:00+00:00,34,1,4131634,101.69921875,101.69921875,101.69921875,101.69921875,1,ZTH4
2023-10-24 08:00:00+00:00,34,1,4131634,101.65234375,101.65625,101.640625,101.640625,3,ZTH4
2023-10-24 09:00:00+00:00,34,1,4131634,101.63671875,101.63671875,101.62890625,101.62890625,3,ZTH4
2023-10-24 10:00:00+00:00,34,1,4131634,101.60546875,101.60546875,101.60546875,101.60546875,2,ZTH4
2023-10-24 13:00:00+00:00,34,1,4131634,101.56640625,101.56640625,101.53125,101.53125,5,ZTH4
2023-10-24 14:00:00+00:00,34,1,4131634,101.5234375,101.55859375,101.51953125,101.53125,43,ZTH4
2023-10-24 15:00:00+00:00,34,1,4131634,101.52734375,101.5625,101.52734375,101.5625,6,ZTH4
2023-10-24 16:00:00+00:00,34,1,4131634,101.58203125,101.58203125,101.58203125,101.58203125,34,ZTH4
2023-10-24 17:00:00+00:00,34,1,4131634,101.6015625,101.60546875,101.59375,101.59375,6,ZTH4
2023-10-24 18:00:00+00:00,34,1,4131634,101.58203125,101.58203125,101.58203125,101.58203125,32,ZTH4
2023-10-24 19:00:00+00:00,34,1,4131634,101.5859375,101.5859375,101.5859375,101.5859375,1,ZTH4
2023-10-24 23:00:00+00:00,34,1,4131634,101.58984375,101.58984375,101.58984375,101.58984375,1,ZTH4
2023-10-25 07:00:00+00:00,34,1,4131634,101.5703125,101.5703125,101.5703125,101.5703125,1,ZTH4
2023-10-25 08:00:00+00:00,34,1,4131634,101.5703125,101.5703125,101.5625,101.5625,2,ZTH4
2023-10-25 12:00:00+00:00,34,1,4131634,101.546875,101.546875,101.546875,101.546875,2,ZTH4
2023-10-25 13:00:00+00:00,34,1,4131634,101.546875,101.546875,101.546875,101.546875,1,ZTH4
2023-10-25 14:00:00+00:00,34,1,4131634,101.5390625,101.5390625,101.5390625,101.5390625,1,ZTH4
2023-10-25 15:00:00+00:00,34,1,4131634,101.5,101.5,101.5,101.5,5,ZTH4
2023-10-25 16:00:00+00:00,34,1,4131634,101.51171875,101.51953125,101.51171875,101.51953125,9,ZTH4
2023-10-25 17:00:00+00:00,34,1,4131634,101.45703125,101.4609375,101.45703125,101.4609375,6,ZTH4
2023-10-25 18:00:00+00:00,34,1,4131634,101.45703125,101.45703125,101.45703125,101.45703125,1,ZTH4
2023-10-25 19:00:00+00:00,34,1,4131634,101.46875,101.46875,101.46875,101.46875,3,ZTH4
2023-10-25 20:00:00+00:00,34,1,4131634,101.46484375,101.46484375,101.46484375,101.46484375,1,ZTH4
2023-10-25 23:00:00+00:00,34,1,4131634,101.46484375,101.46484375,101.46484375,101.46484375,1,ZTH4
2023-10-26 00:00:00+00:00,34,1,4131634,101.46484375,101.46484375,101.46484375,101.46484375,1,ZTH4
2023-10-26 05:00:00+00:00,34,1,4131634,101.46484375,101.46484375,101.46484375,101.46484375,1,ZTH4
2023-10-26 08:00:00+00:00,34,1,4131634,101.484375,101.484375,101.4609375,101.4609375,3,ZTH4
2023-10-26 09:00:00+00:00,34,1,4131634,101.46875,101.46875,101.46875,101.46875,1,ZTH4
2023-10-26 10:00:00+00:00,34,1,4131634,101.4609375,101.4609375,101.4609375,101.4609375,1,ZTH4
2023-10-26 12:00:00+00:00,34,1,4131634,101.53125,101.53125,101.53125,101.53125,1,ZTH4
2023-10-26 13:00:00+00:00,34,1,4131634,101.52734375,101.56640625,101.5078125,101.56640625,5,ZTH4
2023-10-26 14:00:00+00:00,34,1,4131634,101.578125,101.58984375,101.5625,101.578125,11,ZTH4
2023-10-26 15:00:00+00:00,34,1,4131634,101.5859375,101.5859375,101.5859375,101.5859375,1,ZTH4
2023-10-26 16:00:00+00:00,34,1,4131634,101.59375,101.59765625,101.59375,101.59375,8,ZTH4
2023-10-26 17:00:00+00:00,34,1,4131634,101.6484375,101.65234375,101.6484375,101.65234375,2,ZTH4
2023-10-26 19:00:00+00:00,34,1,4131634,101.6171875,101.6171875,101.59765625,101.6015625,3,ZTH4
2023-10-26 20:00:00+00:00,34,1,4131634,101.62890625,101.6328125,101.62890625,101.6328125,3,ZTH4
2023-10-26 23:00:00+00:00,34,1,4131634,101.6171875,101.6171875,101.6171875,101.6171875,1,ZTH4
2023-10-27 12:00:00+00:00,34,1,4131634,101.625,101.640625,101.625,101.63671875,4,ZTH4
2023-10-27 13:00:00+00:00,34,1,4131634,101.62109375,101.625,101.58984375,101.58984375,7,ZTH4
2023-10-27 14:00:00+00:00,34,1,4131634,101.65234375,101.65234375,101.6171875,101.6328125,135,ZTH4
2023-10-27 16:00:00+00:00,34,1,4131634,101.640625,101.640625,101.640625,101.640625,1,ZTH4
2023-10-27 17:00:00+00:00,34,1,4131634,101.65234375,101.65234375,101.65234375,101.65234375,2,ZTH4
2023-10-27 18:00:00+00:00,34,1,4131634,101.65625,101.67578125,101.65625,101.67578125,2,ZTH4
2023-10-27 19:00:00+00:00,34,1,4131634,101.6875,101.6875,101.6875,101.6875,4,ZTH4
2023-10-27 20:00:00+00:00,34,1,4131634,101.71875,101.71875,101.71875,101.71875,2,ZTH4
2023-10-29 22:00:00+00:00,34,1,4131634,101.67578125,101.67578125,101.67578125,101.67578125,1,ZTH4
2023-10-29 23:00:00+00:00,34,1,4131634,101.640625,101.640625,101.640625,101.640625,1,ZTH4
2023-10-30 07:00:00+00:00,34,1,4131634,101.64453125,101.64453125,101.64453125,101.64453125,1,ZTH4
2023-10-30 08:00:00+00:00,34,1,4131634,101.64453125,101.64453125,101.64453125,101.64453125,1,ZTH4
2023-10-30 10:00:00+00:00,34,1,4131634,101.6171875,101.6171875,101.6171875,101.6171875,1,ZTH4
2023-10-30 12:00:00+00:00,34,1,4131634,101.6015625,101.6015625,101.6015625,101.6015625,1,ZTH4
2023-10-30 13:00:00+00:00,34,1,4131634,101.56640625,101.578125,101.5625,101.578125,4,ZTH4
2023-10-30 14:00:00+00:00,34,1,4131634,101.58984375,101.59375,101.58984375,101.59375,2,ZTH4
2023-10-30 16:00:00+00:00,34,1,4131634,101.62109375,101.62109375,101.62109375,101.62109375,4,ZTH4
2023-10-30 17:00:00+00:00,34,1,4131634,101.60546875,101.60546875,101.59765625,101.59765625,6,ZTH4
2023-10-30 19:00:00+00:00,34,1,4131634,101.6328125,101.6328125,101.62890625,101.62890625,7,ZTH4
2023-10-30 20:00:00+00:00,34,1,4131634,101.60546875,101.60546875,101.60546875,101.60546875,1,ZTH4
2023-10-30 22:00:00+00:00,34,1,4131634,101.62109375,101.62109375,101.62109375,101.62109375,2,ZTH4
2023-10-31 01:00:00+00:00,34,1,4131634,101.60546875,101.60546875,101.60546875,101.60546875,1,ZTH4
2023-10-31 12:00:00+00:00,34,1,4131634,101.64453125,101.64453125,101.58203125,101.58203125,7,ZTH4
2023-10-31 13:00:00+00:00,34,1,4131634,101.5703125,101.5703125,101.5390625,101.5625,14,ZTH4
2023-10-31 14:00:00+00:00,34,1,4131634,101.546875,101.5625,101.546875,101.5625,2,ZTH4
2023-10-31 15:00:00+00:00,34,1,4131634,101.57421875,101.57421875,101.57421875,101.57421875,8,ZTH4
2023-10-31 16:00:00+00:00,34,1,4131634,101.5546875,101.5546875,101.53125,101.53125,21,ZTH4
2023-10-31 17:00:00+00:00,34,1,4131634,101.53125,101.53125,101.53125,101.53125,1,ZTH4
2023-10-31 23:00:00+00:00,34,1,4131634,101.55078125,101.55078125,101.55078125,101.55078125,1,ZTH4
2023-11-01 01:00:00+00:00,34,1,4131634,101.546875,101.55078125,101.546875,101.55078125,11,ZTH4
2023-11-01 03:00:00+00:00,34,1,4131634,101.55078125,101.55078125,101.55078125,101.55078125,1,ZTH4
2023-11-01 05:00:00+00:00,34,1,4131634,101.55859375,101.55859375,101.55859375,101.55859375,1,ZTH4
2023-11-01 07:00:00+00:00,34,1,4131634,101.58203125,101.58203125,101.55859375,101.55859375,11,ZTH4
2023-11-01 08:00:00+00:00,34,1,4131634,101.55859375,101.56640625,101.5546875,101.56640625,5,ZTH4
2023-11-01 09:00:00+00:00,34,1,4131634,101.56640625,101.5703125,101.56640625,101.5703125,2,ZTH4
2023-11-01 10:00:00+00:00,34,1,4131634,101.5703125,101.5703125,101.5703125,101.5703125,1,ZTH4
2023-11-01 11:00:00+00:00,34,1,4131634,101.57421875,101.578125,101.57421875,101.57421875,5,ZTH4
2023-11-01 12:00:00+00:00,34,1,4131634,101.5703125,101.6484375,101.56640625,101.6015625,37,ZTH4
2023-11-01 13:00:00+00:00,34,1,4131634,101.6015625,101.62890625,101.57421875,101.62890625,57,ZTH4
2023-11-01 14:00:00+00:00,34,1,4131634,101.625,101.72265625,101.625,101.70703125,253,ZTH4
2023-11-01 15:00:00+00:00,34,1,4131634,101.69921875,101.70703125,101.6875,101.6875,28,ZTH4
2023-11-01 16:00:00+00:00,34,1,4131634,101.69140625,101.69140625,101.66796875,101.671875,34,ZTH4
2023-11-01 17:00:00+00:00,34,1,4131634,101.67578125,101.6796875,101.67578125,101.6796875,10,ZTH4
2023-11-01 18:00:00+00:00,34,1,4131634,101.71875,101.78125,101.69921875,101.78125,157,ZTH4
2023-11-01 19:00:00+00:00,34,1,4131634,101.796875,101.8828125,101.796875,101.828125,167,ZTH4
2023-11-01 20:00:00+00:00,34,1,4131634,101.8203125,101.828125,101.8203125,101.828125,9,ZTH4
2023-11-01 22:00:00+00:00,34,1,4131634,101.828125,101.83203125,101.828125,101.83203125,2,ZTH4
2023-11-01 23:00:00+00:00,34,1,4131634,101.8828125,101.8828125,101.8828125,101.8828125,1,ZTH4
2023-11-02 01:00:00+00:00,34,1,4131634,101.87890625,101.87890625,101.87890625,101.87890625,2,ZTH4
2023-11-02 02:00:00+00:00,34,1,4131634,101.8671875,101.8671875,101.85546875,101.85546875,42,ZTH4
2023-11-02 03:00:00+00:00,34,1,4131634,101.8515625,101.8515625,101.82421875,101.82421875,15,ZTH4
2023-11-02 04:00:00+00:00,34,1,4131634,101.8203125,101.8203125,101.8203125,101.8203125,1,ZTH4
2023-11-02 05:00:00+00:00,34,1,4131634,101.8203125,101.8203125,101.8203125,101.8203125,4,ZTH4
2023-11-02 06:00:00+00:00,34,1,4131634,101.81640625,101.81640625,101.78125,101.78125,23,ZTH4
2023-11-02 07:00:00+00:00,34,1,4131634,101.78125,101.78125,101.78125,101.78125,2,ZTH4
2023-11-02 08:00:00+00:00,34,1,4131634,101.77734375,101.78515625,101.77734375,101.78515625,8,ZTH4
2023-11-02 09:00:00+00:00,34,1,4131634,101.82421875,101.82421875,101.796875,101.81640625,4,ZTH4
2023-11-02 10:00:00+00:00,34,1,4131634,101.828125,101.83203125,101.8125,101.83203125,8,ZTH4
2023-11-02 11:00:00+00:00,34,1,4131634,101.82421875,101.82421875,101.7890625,101.79296875,34,ZTH4
2023-11-02 12:00:00+00:00,34,1,4131634,101.82421875,101.85546875,101.8203125,101.85546875,31,ZTH4
2023-11-02 13:00:00+00:00,34,1,4131634,101.86328125,101.92578125,101.84375,101.84765625,98,ZTH4
2023-11-02 14:00:00+00:00,34,1,4131634,101.828125,101.828125,101.78515625,101.79296875,183,ZTH4
2023-11-02 15:00:00+00:00,34,1,4131634,101.7890625,101.7890625,101.734375,101.7421875,39,ZTH4
2023-11-02 16:00:00+00:00,34,1,4131634,101.73828125,101.75390625,101.72265625,101.72265625,50,ZTH4
2023-11-02 17:00:00+00:00,34,1,4131634,101.73046875,101.7578125,101.73046875,101.7578125,13,ZTH4
2023-11-02 18:00:00+00:00,34,1,4131634,101.7578125,101.78515625,101.7578125,101.765625,32,ZTH4
2023-11-02 19:00:00+00:00,34,1,4131634,101.76953125,101.76953125,101.73828125,101.75390625,22,ZTH4
2023-11-02 22:00:00+00:00,34,1,4131634,101.7265625,101.7265625,101.72265625,101.7265625,4,ZTH4
2023-11-03 02:00:00+00:00,34,1,4131634,101.72265625,101.72265625,101.72265625,101.72265625,1,ZTH4
2023-11-03 03:00:00+00:00,34,1,4131634,101.73046875,101.73046875,101.73046875,101.73046875,1,ZTH4
2023-11-03 04:00:00+00:00,34,1,4131634,101.73046875,101.73046875,101.73046875,101.73046875,2,ZTH4
2023-11-03 07:00:00+00:00,34,1,4131634,101.73828125,101.73828125,101.71484375,101.71484375,2,ZTH4
2023-11-03 09:00:00+00:00,34,1,4131634,101.73046875,101.73046875,101.73046875,101.73046875,2,ZTH4
2023-11-03 10:00:00+00:00,34,1,4131634,101.73046875,101.734375,101.73046875,101.73046875,4,ZTH4
2023-11-03 11:00:00+00:00,34,1,4131634,101.7578125,101.7578125,101.7578125,101.7578125,1,ZTH4
2023-11-03 12:00:00+00:00,34,1,4131634,101.77734375,102.03125,101.77734375,101.9609375,51,ZTH4
2023-11-03 13:00:00+00:00,34,1,4131634,101.98046875,102.0546875,101.98046875,102.015625,37,ZTH4
2023-11-03 14:00:00+00:00,34,1,4131634,102.0390625,102.0390625,101.921875,102.00390625,138,ZTH4
2023-11-03 15:00:00+00:00,34,1,4131634,101.99609375,102.0234375,101.99609375,102.01953125,34,ZTH4
2023-11-03 16:00:00+00:00,34,1,4131634,102.03125,102.0703125,102.0234375,102.0703125,20,ZTH4
2023-11-03 17:00:00+00:00,34,1,4131634,102.1171875,102.12109375,102.0625,102.0625,24,ZTH4
2023-11-03 18:00:00+00:00,34,1,4131634,102.0546875,102.08203125,102.05078125,102.08203125,144,ZTH4
2023-11-03 19:00:00+00:00,34,1,4131634,102.08203125,102.08203125,102.04296875,102.046875,616,ZTH4
2023-11-03 20:00:00+00:00,34,1,4131634,102.04296875,102.04296875,102.04296875,102.04296875,2,ZTH4
2023-11-05 23:00:00+00:00,34,1,4131634,102.03125,102.0390625,102.02734375,102.02734375,9,ZTH4
2023-11-06 00:00:00+00:00,34,1,4131634,102.02734375,102.02734375,102.00390625,102.00390625,9,ZTH4
2023-11-06 01:00:00+00:00,34,1,4131634,102.00390625,102.015625,101.9921875,102.015625,17,ZTH4
2023-11-06 02:00:00+00:00,34,1,4131634,102.0078125,102.015625,102.0078125,102.015625,2,ZTH4
2023-11-06 03:00:00+00:00,34,1,4131634,102.0234375,102.0234375,102.0234375,102.0234375,1,ZTH4
2023-11-06 04:00:00+00:00,34,1,4131634,102.03125,102.03125,102.015625,102.0234375,8,ZTH4
2023-11-06 05:00:00+00:00,34,1,4131634,102.02734375,102.02734375,102.01171875,102.01171875,3,ZTH4
2023-11-06 06:00:00+00:00,34,1,4131634,102.01953125,102.01953125,101.99609375,101.99609375,20,ZTH4
2023-11-06 07:00:00+00:00,34,1,4131634,101.9921875,101.9921875,101.96875,101.96875,11,ZTH4
2023-11-06 08:00:00+00:00,34,1,4131634,101.96875,101.97265625,101.95703125,101.97265625,36,ZTH4
2023-11-06 09:00:00+00:00,34,1,4131634,101.9921875,101.9921875,101.9921875,101.9921875,1,ZTH4
2023-11-06 10:00:00+00:00,34,1,4131634,101.9765625,101.98046875,101.96484375,101.96484375,6,ZTH4
2023-11-06 11:00:00+00:00,34,1,4131634,101.9921875,101.9921875,101.9921875,101.9921875,1,ZTH4
2023-11-06 12:00:00+00:00,34,1,4131634,101.98828125,101.98828125,101.9609375,101.9609375,12,ZTH4
2023-11-06 13:00:00+00:00,34,1,4131634,101.95703125,101.96484375,101.94140625,101.9609375,44,ZTH4
2023-11-06 14:00:00+00:00,34,1,4131634,101.96484375,101.96875,101.91796875,101.921875,55,ZTH4
2023-11-06 15:00:00+00:00,34,1,4131634,101.90625,101.9375,101.8984375,101.93359375,34,ZTH4
2023-11-06 16:00:00+00:00,34,1,4131634,101.921875,101.9296875,101.90625,101.91015625,5,ZTH4
2023-11-06 17:00:00+00:00,34,1,4131634,101.91796875,101.91796875,101.90625,101.91015625,73,ZTH4
2023-11-06 18:00:00+00:00,34,1,4131634,101.90625,101.91015625,101.90234375,101.90234375,106,ZTH4
2023-11-06 19:00:00+00:00,34,1,4131634,101.8984375,101.8984375,101.83984375,101.83984375,142,ZTH4
2023-11-06 20:00:00+00:00,34,1,4131634,101.828125,101.8515625,101.828125,101.8359375,116,ZTH4
2023-11-06 21:00:00+00:00,34,1,4131634,101.83984375,101.84765625,101.83984375,101.84765625,433,ZTH4
2023-11-06 23:00:00+00:00,34,1,4131634,101.85546875,101.86328125,101.85546875,101.85546875,309,ZTH4
2023-11-07 00:00:00+00:00,34,1,4131634,101.85546875,101.86328125,101.85546875,101.86328125,203,ZTH4
2023-11-07 01:00:00+00:00,34,1,4131634,101.8671875,101.8671875,101.86328125,101.86328125,2,ZTH4
2023-11-07 02:00:00+00:00,34,1,4131634,101.8671875,101.8671875,101.859375,101.859375,6,ZTH4
2023-11-07 03:00:00+00:00,34,1,4131634,101.86328125,101.87109375,101.86328125,101.87109375,2,ZTH4
2023-11-07 04:00:00+00:00,34,1,4131634,101.87890625,101.8828125,101.87890625,101.8828125,3,ZTH4
2023-11-07 05:00:00+00:00,34,1,4131634,101.8828125,101.8828125,101.87890625,101.87890625,2,ZTH4
2023-11-07 06:00:00+00:00,34,1,4131634,101.8828125,101.8828125,101.87890625,101.87890625,10,ZTH4
2023-11-07 07:00:00+00:00,34,1,4131634,101.87109375,101.87109375,101.85546875,101.8671875,11,ZTH4
2023-11-07 08:00:00+00:00,34,1,4131634,101.88671875,101.890625,101.88671875,101.890625,4,ZTH4
2023-11-07 09:00:00+00:00,34,1,4131634,101.91015625,101.921875,101.90234375,101.9140625,30,ZTH4
2023-11-07 10:00:00+00:00,34,1,4131634,101.92578125,101.9375,101.92578125,101.9375,10,ZTH4
2023-11-07 11:00:00+00:00,34,1,4131634,101.921875,101.921875,101.90625,101.90625,3,ZTH4
2023-11-07 12:00:00+00:00,34,1,4131634,101.890625,101.890625,101.8203125,101.8359375,21,ZTH4
2023-11-07 13:00:00+00:00,34,1,4131634,101.84375,101.859375,101.84375,101.84375,18,ZTH4
2023-11-07 14:00:00+00:00,34,1,4131634,101.83984375,101.87890625,101.81640625,101.8359375,28,ZTH4
2023-11-07 15:00:00+00:00,34,1,4131634,101.8671875,101.88671875,101.86328125,101.87109375,46,ZTH4
2023-11-07 16:00:00+00:00,34,1,4131634,101.89453125,101.89453125,101.875,101.875,24,ZTH4
2023-11-07 17:00:00+00:00,34,1,4131634,101.86328125,101.86328125,101.83984375,101.83984375,24,ZTH4
2023-11-07 18:00:00+00:00,34,1,4131634,101.90234375,101.96484375,101.890625,101.96484375,61,ZTH4
2023-11-07 19:00:00+00:00,34,1,4131634,101.95703125,101.95703125,101.91015625,101.91015625,6,ZTH4
2023-11-07 20:00:00+00:00,34,1,4131634,101.89453125,101.89453125,101.89453125,101.89453125,2,ZTH4
2023-11-07 23:00:00+00:00,34,1,4131634,101.89453125,101.89453125,101.89453125,101.89453125,7,ZTH4
2023-11-08 00:00:00+00:00,34,1,4131634,101.890625,101.890625,101.890625,101.890625,1,ZTH4
2023-11-08 01:00:00+00:00,34,1,4131634,101.890625,101.890625,101.85546875,101.85546875,8,ZTH4
2023-11-08 03:00:00+00:00,34,1,4131634,101.859375,101.859375,101.859375,101.859375,4,ZTH4
2023-11-08 04:00:00+00:00,34,1,4131634,101.859375,101.86328125,101.859375,101.86328125,5,ZTH4
2023-11-08 06:00:00+00:00,34,1,4131634,101.8515625,101.8515625,101.83984375,101.84375,51,ZTH4
2023-11-08 07:00:00+00:00,34,1,4131634,101.84765625,101.84765625,101.84765625,101.84765625,2,ZTH4
2023-11-08 08:00:00+00:00,34,1,4131634,101.8515625,101.8515625,101.8515625,101.8515625,2,ZTH4
2023-11-08 09:00:00+00:00,34,1,4131634,101.8359375,101.84375,101.83203125,101.84375,3,ZTH4
2023-11-08 10:00:00+00:00,34,1,4131634,101.83984375,101.84375,101.81640625,101.8203125,58,ZTH4
2023-11-08 11:00:00+00:00,34,1,4131634,101.82421875,101.859375,101.82421875,101.859375,34,ZTH4
2023-11-08 12:00:00+00:00,34,1,4131634,101.84375,101.84375,101.84375,101.84375,1,ZTH4
2023-11-08 13:00:00+00:00,34,1,4131634,101.87109375,101.890625,101.87109375,101.87109375,49,ZTH4
2023-11-08 14:00:00+00:00,34,1,4131634,101.875,101.88671875,101.87109375,101.87890625,34,ZTH4
2023-11-08 15:00:00+00:00,34,1,4131634,101.87890625,101.87890625,101.859375,101.87890625,4,ZTH4
2023-11-08 16:00:00+00:00,34,1,4131634,101.8828125,101.91796875,101.8828125,101.91796875,62,ZTH4
2023-11-08 17:00:00+00:00,34,1,4131634,101.90234375,101.90234375,101.87109375,101.875,25,ZTH4
2023-11-08 18:00:00+00:00,34,1,4131634,101.87890625,101.90234375,101.87109375,101.90234375,140,ZTH4
2023-11-08 19:00:00+00:00,34,1,4131634,101.8984375,101.8984375,101.859375,101.859375,35,ZTH4
2023-11-08 20:00:00+00:00,34,1,4131634,101.86328125,101.87109375,101.86328125,101.87109375,50,ZTH4
2023-11-08 21:00:00+00:00,34,1,4131634,101.8671875,101.8671875,101.859375,101.859375,2,ZTH4
2023-11-08 23:00:00+00:00,34,1,4131634,101.8671875,101.8828125,101.8671875,101.8828125,4,ZTH4
2023-11-09 00:00:00+00:00,34,1,4131634,101.875,101.875,101.875,101.875,6,ZTH4
2023-11-09 01:00:00+00:00,34,1,4131634,101.875,101.875,101.86328125,101.86328125,6,ZTH4
2023-11-09 02:00:00+00:00,34,1,4131634,101.890625,101.890625,101.890625,101.890625,5,ZTH4
2023-11-09 05:00:00+00:00,34,1,4131634,101.87890625,101.87890625,101.87890625,101.87890625,2,ZTH4
2023-11-09 06:00:00+00:00,34,1,4131634,101.85546875,101.86328125,101.85546875,101.86328125,6,ZTH4
2023-11-09 07:00:00+00:00,34,1,4131634,101.875,101.875,101.875,101.875,2,ZTH4
2023-11-09 08:00:00+00:00,34,1,4131634,101.859375,101.859375,101.859375,101.859375,2,ZTH4
2023-11-09 09:00:00+00:00,34,1,4131634,101.83984375,101.83984375,101.83984375,101.83984375,27,ZTH4
2023-11-09 10:00:00+00:00,34,1,4131634,101.84375,101.859375,101.84375,101.859375,3,ZTH4
2023-11-09 11:00:00+00:00,34,1,4131634,101.83984375,101.83984375,101.83984375,101.83984375,5,ZTH4
2023-11-09 12:00:00+00:00,34,1,4131634,101.8359375,101.8359375,101.8203125,101.8203125,5,ZTH4
2023-11-09 13:00:00+00:00,34,1,4131634,101.81640625,101.8359375,101.796875,101.82421875,85,ZTH4
2023-11-09 14:00:00+00:00,34,1,4131634,101.8125,101.83984375,101.8125,101.82421875,24,ZTH4
2023-11-09 15:00:00+00:00,34,1,4131634,101.8125,101.81640625,101.79296875,101.8125,74,ZTH4
2023-11-09 16:00:00+00:00,34,1,4131634,101.80859375,101.80859375,101.796875,101.80859375,49,ZTH4
2023-11-09 17:00:00+00:00,34,1,4131634,101.80859375,101.80859375,101.7734375,101.7734375,39,ZTH4
2023-11-09 18:00:00+00:00,34,1,4131634,101.7734375,101.82421875,101.7265625,101.8046875,134,ZTH4
2023-11-09 19:00:00+00:00,34,1,4131634,101.8046875,101.8046875,101.671875,101.68359375,880,ZTH4
2023-11-09 20:00:00+00:00,34,1,4131634,101.67578125,101.69140625,101.64453125,101.64453125,154,ZTH4
2023-11-09 21:00:00+00:00,34,1,4131634,101.640625,101.6796875,101.640625,101.6796875,168,ZTH4
2023-11-09 23:00:00+00:00,34,1,4131634,101.68359375,101.68359375,101.6484375,101.6640625,52,ZTH4
2023-11-10 00:00:00+00:00,34,1,4131634,101.6484375,101.65625,101.6484375,101.65625,12,ZTH4
2023-11-10 01:00:00+00:00,34,1,4131634,101.65234375,101.6640625,101.64453125,101.65625,77,ZTH4
2023-11-10 02:00:00+00:00,34,1,4131634,101.66015625,101.6796875,101.66015625,101.6796875,30,ZTH4
2023-11-10 03:00:00+00:00,34,1,4131634,101.68359375,101.69140625,101.68359375,101.6875,30,ZTH4
2023-11-10 04:00:00+00:00,34,1,4131634,101.6875,101.6875,101.6875,101.6875,1,ZTH4
2023-11-10 05:00:00+00:00,34,1,4131634,101.68359375,101.68359375,101.68359375,101.68359375,2,ZTH4
2023-11-10 06:00:00+00:00,34,1,4131634,101.6875,101.6875,101.68359375,101.68359375,20,ZTH4
2023-11-10 07:00:00+00:00,34,1,4131634,101.6796875,101.7109375,101.67578125,101.703125,225,ZTH4
2023-11-10 08:00:00+00:00,34,1,4131634,101.69921875,101.70703125,101.67578125,101.67578125,95,ZTH4
2023-11-10 09:00:00+00:00,34,1,4131634,101.671875,101.68359375,101.6640625,101.66796875,134,ZTH4
2023-11-10 10:00:00+00:00,34,1,4131634,101.6640625,101.671875,101.65625,101.671875,63,ZTH4
2023-11-10 11:00:00+00:00,34,1,4131634,101.66796875,101.671875,101.65234375,101.65625,21,ZTH4
2023-11-10 12:00:00+00:00,34,1,4131634,101.66015625,101.70703125,101.66015625,101.70703125,62,ZTH4
2023-11-10 13:00:00+00:00,34,1,4131634,101.69921875,101.76171875,101.6953125,101.76171875,362,ZTH4
2023-11-10 14:00:00+00:00,34,1,4131634,101.7578125,101.7578125,101.72265625,101.734375,221,ZTH4
2023-11-10 15:00:00+00:00,34,1,4131634,101.71484375,101.71484375,101.6640625,101.6875,299,ZTH4
2023-11-10 16:00:00+00:00,34,1,4131634,101.6875,101.69921875,101.640625,101.640625,66,ZTH4
2023-11-10 17:00:00+00:00,34,1,4131634,101.6484375,101.65234375,101.61328125,101.62109375,193,ZTH4
2023-11-10 18:00:00+00:00,34,1,4131634,101.62109375,101.62109375,101.60546875,101.61328125,122,ZTH4
2023-11-10 19:00:00+00:00,34,1,4131634,101.62109375,101.625,101.58203125,101.5859375,103,ZTH4
2023-11-10 20:00:00+00:00,34,1,4131634,101.59375,101.6171875,101.59375,101.60546875,26,ZTH4
2023-11-10 21:00:00+00:00,34,1,4131634,101.609375,101.61328125,101.5703125,101.57421875,99,ZTH4
2023-11-12 23:00:00+00:00,34,1,4131634,101.58203125,101.58203125,101.57421875,101.578125,15,ZTH4
2023-11-13 00:00:00+00:00,34,1,4131634,101.5859375,101.5859375,101.58203125,101.5859375,11,ZTH4
2023-11-13 01:00:00+00:00,34,1,4131634,101.57421875,101.57421875,101.5625,101.56640625,5,ZTH4
2023-11-13 03:00:00+00:00,34,1,4131634,101.56640625,101.57421875,101.56640625,101.57421875,14,ZTH4
2023-11-13 04:00:00+00:00,34,1,4131634,101.578125,101.578125,101.578125,101.578125,9,ZTH4
2023-11-13 05:00:00+00:00,34,1,4131634,101.5859375,101.5859375,101.5859375,101.5859375,2,ZTH4
2023-11-13 06:00:00+00:00,34,1,4131634,101.58984375,101.59375,101.58984375,101.59375,9,ZTH4
2023-11-13 07:00:00+00:00,34,1,4131634,101.58984375,101.59375,101.58984375,101.59375,17,ZTH4
2023-11-13 08:00:00+00:00,34,1,4131634,101.58984375,101.58984375,101.5625,101.56640625,79,ZTH4
2023-11-13 09:00:00+00:00,34,1,4131634,101.56640625,101.59765625,101.56640625,101.59375,10,ZTH4
2023-11-13 10:00:00+00:00,34,1,4131634,101.578125,101.59375,101.578125,101.59375,15,ZTH4
2023-11-13 11:00:00+00:00,34,1,4131634,101.59765625,101.59765625,101.59375,101.59375,33,ZTH4
2023-11-13 12:00:00+00:00,34,1,4131634,101.59375,101.6171875,101.59375,101.59765625,939,ZTH4
2023-11-13 13:00:00+00:00,34,1,4131634,101.58984375,101.59375,101.55078125,101.55078125,238,ZTH4
2023-11-13 14:00:00+00:00,34,1,4131634,101.55859375,101.55859375,101.54296875,101.546875,305,ZTH4
2023-11-13 15:00:00+00:00,34,1,4131634,101.5546875,101.578125,101.5546875,101.578125,269,ZTH4
2023-11-13 16:00:00+00:00,34,1,4131634,101.578125,101.6171875,101.578125,101.6171875,488,ZTH4
2023-11-13 17:00:00+00:00,34,1,4131634,101.61328125,101.62109375,101.609375,101.62109375,41,ZTH4
2023-11-13 18:00:00+00:00,34,1,4131634,101.61328125,101.62109375,101.61328125,101.62109375,119,ZTH4
2023-11-13 19:00:00+00:00,34,1,4131634,101.62109375,101.6328125,101.62109375,101.625,198,ZTH4
2023-11-13 20:00:00+00:00,34,1,4131634,101.625,101.6484375,101.625,101.6484375,293,ZTH4
2023-11-13 21:00:00+00:00,34,1,4131634,101.6484375,101.65234375,101.625,101.625,189,ZTH4
2023-11-13 23:00:00+00:00,34,1,4131634,101.62109375,101.62109375,101.62109375,101.62109375,1,ZTH4
2023-11-14 00:00:00+00:00,34,1,4131634,101.6171875,101.6171875,101.61328125,101.61328125,17,ZTH4
2023-11-14 01:00:00+00:00,34,1,4131634,101.609375,101.609375,101.6015625,101.60546875,5,ZTH4
2023-11-14 02:00:00+00:00,34,1,4131634,101.61328125,101.61328125,101.61328125,101.61328125,12,ZTH4
2023-11-14 03:00:00+00:00,34,1,4131634,101.625,101.625,101.625,101.625,2,ZTH4
2023-11-14 04:00:00+00:00,34,1,4131634,101.625,101.625,101.625,101.625,4,ZTH4
2023-11-14 06:00:00+00:00,34,1,4131634,101.625,101.62890625,101.625,101.62890625,26,ZTH4
2023-11-14 07:00:00+00:00,34,1,4131634,101.6328125,101.65234375,101.6328125,101.6484375,83,ZTH4
2023-11-14 08:00:00+00:00,34,1,4131634,101.64453125,101.64453125,101.63671875,101.640625,76,ZTH4
2023-11-14 09:00:00+00:00,34,1,4131634,101.64453125,101.64453125,101.6328125,101.640625,130,ZTH4
2023-11-14 10:00:00+00:00,34,1,4131634,101.640625,101.640625,101.6328125,101.6328125,288,ZTH4
2023-11-14 11:00:00+00:00,34,1,4131634,101.62890625,101.6328125,101.62890625,101.6328125,368,ZTH4
2023-11-14 12:00:00+00:00,34,1,4131634,101.6328125,101.63671875,101.61328125,101.6171875,92,ZTH4
2023-11-14 13:00:00+00:00,34,1,4131634,101.625,102.0078125,101.609375,101.96484375,3514,ZTH4
2023-11-14 14:00:00+00:00,34,1,4131634,101.97265625,102.0625,101.95703125,102.01171875,1377,ZTH4
2023-11-14 15:00:00+00:00,34,1,4131634,102.0,102.0234375,101.98828125,102.01171875,665,ZTH4
2023-11-14 16:00:00+00:00,34,1,4131634,102.03515625,102.04296875,102.03125,102.03515625,1332,ZTH4
2023-11-14 17:00:00+00:00,34,1,4131634,102.02734375,102.04296875,102.01953125,102.04296875,1562,ZTH4
2023-11-14 18:00:00+00:00,34,1,4131634,102.0390625,102.06640625,102.03515625,102.05859375,1165,ZTH4
2023-11-14 19:00:00+00:00,34,1,4131634,102.05859375,102.09375,102.0546875,102.09375,807,ZTH4
2023-11-14 20:00:00+00:00,34,1,4131634,102.09375,102.10546875,102.08203125,102.08984375,667,ZTH4
2023-11-14 21:00:00+00:00,34,1,4131634,102.078125,102.078125,102.0546875,102.0546875,160,ZTH4
2023-11-14 23:00:00+00:00,34,1,4131634,102.0625,102.0703125,102.046875,102.046875,9,ZTH4
2023-11-15 00:00:00+00:00,34,1,4131634,102.0390625,102.0390625,102.00390625,102.01953125,36,ZTH4
2023-11-15 01:00:00+00:00,34,1,4131634,102.015625,102.0390625,102.0,102.0390625,57,ZTH4
2023-11-15 02:00:00+00:00,34,1,4131634,102.03515625,102.03515625,102.01953125,102.0234375,22,ZTH4
2023-11-15 03:00:00+00:00,34,1,4131634,102.02734375,102.0625,102.02734375,102.0546875,141,ZTH4
2023-11-15 04:00:00+00:00,34,1,4131634,102.05078125,102.0703125,102.05078125,102.0703125,156,ZTH4
2023-11-15 05:00:00+00:00,34,1,4131634,102.05078125,102.05078125,102.05078125,102.05078125,7,ZTH4
2023-11-15 06:00:00+00:00,34,1,4131634,102.05078125,102.0546875,102.03125,102.03125,43,ZTH4
2023-11-15 07:00:00+00:00,34,1,4131634,102.046875,102.0625,102.0,102.01953125,358,ZTH4
2023-11-15 08:00:00+00:00,34,1,4131634,102.03515625,102.06640625,102.03515625,102.0625,297,ZTH4
2023-11-15 09:00:00+00:00,34,1,4131634,102.05859375,102.05859375,102.0078125,102.01953125,273,ZTH4
2023-11-15 10:00:00+00:00,34,1,4131634,102.01953125,102.0234375,102.0078125,102.015625,410,ZTH4
2023-11-15 11:00:00+00:00,34,1,4131634,102.01171875,102.01953125,102.0078125,102.01171875,114,ZTH4
2023-11-15 12:00:00+00:00,34,1,4131634,102.01953125,102.02734375,102.00390625,102.0078125,482,ZTH4
2023-11-15 13:00:00+00:00,34,1,4131634,102.01171875,102.0859375,101.93359375,101.93359375,1825,ZTH4
2023-11-15 14:00:00+00:00,34,1,4131634,101.93359375,101.94140625,101.890625,101.8984375,1571,ZTH4
2023-11-15 15:00:00+00:00,34,1,4131634,101.90625,101.90625,101.87890625,101.890625,1275,ZTH4
2023-11-15 16:00:00+00:00,34,1,4131634,101.890625,101.90625,101.859375,101.87109375,5532,ZTH4
2023-11-15 17:00:00+00:00,34,1,4131634,101.875,101.875,101.84765625,101.85546875,642,ZTH4
2023-11-15 18:00:00+00:00,34,1,4131634,101.85546875,101.85546875,101.828125,101.85546875,1373,ZTH4
2023-11-15 19:00:00+00:00,34,1,4131634,101.8515625,101.8828125,101.83984375,101.87890625,1177,ZTH4
2023-11-15 20:00:00+00:00,34,1,4131634,101.87890625,101.8828125,101.86328125,101.86328125,1326,ZTH4
2023-11-15 21:00:00+00:00,34,1,4131634,101.8671875,101.890625,101.8671875,101.875,519,ZTH4
2023-11-15 23:00:00+00:00,34,1,4131634,101.8828125,101.890625,101.875,101.88671875,76,ZTH4
2023-11-16 00:00:00+00:00,34,1,4131634,101.90625,101.91796875,101.90625,101.91796875,31,ZTH4
2023-11-16 01:00:00+00:00,34,1,4131634,101.91796875,101.91796875,101.9140625,101.9140625,7,ZTH4
2023-11-16 02:00:00+00:00,34,1,4131634,101.9140625,101.9140625,101.90625,101.90625,15,ZTH4
2023-11-16 03:00:00+00:00,34,1,4131634,101.91015625,101.9140625,101.91015625,101.91015625,4,ZTH4
2023-11-16 04:00:00+00:00,34,1,4131634,101.91796875,101.921875,101.9140625,101.9140625,126,ZTH4
2023-11-16 05:00:00+00:00,34,1,4131634,101.91015625,101.9140625,101.91015625,101.9140625,2,ZTH4
2023-11-16 06:00:00+00:00,34,1,4131634,101.91796875,101.93359375,101.91796875,101.92578125,197,ZTH4
2023-11-16 07:00:00+00:00,34,1,4131634,101.9296875,101.94140625,101.92578125,101.9375,44,ZTH4
2023-11-16 08:00:00+00:00,34,1,4131634,101.9375,101.9375,101.92578125,101.9296875,124,ZTH4
2023-11-16 09:00:00+00:00,34,1,4131634,101.9375,101.9375,101.9296875,101.9296875,95,ZTH4
2023-11-16 10:00:00+00:00,34,1,4131634,101.92578125,101.9296875,101.92578125,101.9296875,101,ZTH4
2023-11-16 11:00:00+00:00,34,1,4131634,101.92578125,101.953125,101.92578125,101.953125,125,ZTH4
2023-11-16 12:00:00+00:00,34,1,4131634,101.953125,101.953125,101.9140625,101.94140625,533,ZTH4
2023-11-16 13:00:00+00:00,34,1,4131634,101.9453125,102.078125,101.9453125,102.06640625,2879,ZTH4
2023-11-16 14:00:00+00:00,34,1,4131634,102.06640625,102.06640625,102.01171875,102.0546875,2222,ZTH4
2023-11-16 15:00:00+00:00,34,1,4131634,102.05078125,102.08984375,102.05078125,102.0546875,1970,ZTH4
2023-11-16 16:00:00+00:00,34,1,4131634,102.0546875,102.0625,102.015625,102.01953125,1458,ZTH4
2023-11-16 17:00:00+00:00,34,1,4131634,102.01953125,102.05078125,102.015625,102.05078125,1507,ZTH4
2023-11-16 18:00:00+00:00,34,1,4131634,102.046875,102.06640625,102.046875,102.0546875,470,ZTH4
2023-11-16 19:00:00+00:00,34,1,4131634,102.05078125,102.05859375,102.04296875,102.05078125,251,ZTH4
2023-11-16 20:00:00+00:00,34,1,4131634,102.046875,102.05078125,102.02734375,102.03515625,483,ZTH4
2023-11-16 21:00:00+00:00,34,1,4131634,102.03515625,102.05859375,102.03125,102.05859375,887,ZTH4
2023-11-16 23:00:00+00:00,34,1,4131634,102.05078125,102.0703125,102.05078125,102.05859375,140,ZTH4
2023-11-17 00:00:00+00:00,34,1,4131634,102.06640625,102.06640625,102.0390625,102.05078125,45,ZTH4
2023-11-17 01:00:00+00:00,34,1,4131634,102.05078125,102.0546875,102.0390625,102.046875,130,ZTH4
2023-11-17 02:00:00+00:00,34,1,4131634,102.046875,102.046875,102.046875,102.046875,1,ZTH4
2023-11-17 03:00:00+00:00,34,1,4131634,102.04296875,102.04296875,102.03515625,102.03515625,14,ZTH4
2023-11-17 05:00:00+00:00,34,1,4131634,102.03515625,102.03515625,102.0234375,102.0234375,28,ZTH4
2023-11-17 06:00:00+00:00,34,1,4131634,102.0234375,102.0234375,102.015625,102.0234375,104,ZTH4
2023-11-17 07:00:00+00:00,34,1,4131634,102.02734375,102.05859375,102.01953125,102.0546875,155,ZTH4
2023-11-17 08:00:00+00:00,34,1,4131634,102.0546875,102.11328125,102.046875,102.109375,602,ZTH4
2023-11-17 09:00:00+00:00,34,1,4131634,102.109375,102.140625,102.1015625,102.10546875,819,ZTH4
2023-11-17 10:00:00+00:00,34,1,4131634,102.10546875,102.125,102.10546875,102.12109375,131,ZTH4
2023-11-17 11:00:00+00:00,34,1,4131634,102.12109375,102.12109375,102.08984375,102.09375,207,ZTH4
2023-11-17 12:00:00+00:00,34,1,4131634,102.08984375,102.09375,102.046875,102.046875,787,ZTH4
2023-11-17 13:00:00+00:00,34,1,4131634,102.046875,102.09375,101.98046875,101.99609375,3602,ZTH4
2023-11-17 14:00:00+00:00,34,1,4131634,102.0,102.0078125,101.95703125,101.9609375,3876,ZTH4
2023-11-17 15:00:00+00:00,34,1,4131634,101.96484375,101.96875,101.94140625,101.953125,1834,ZTH4
2023-11-17 16:00:00+00:00,34,1,4131634,101.9453125,101.94921875,101.8984375,101.921875,2774,ZTH4
2023-11-17 17:00:00+00:00,34,1,4131634,101.921875,101.93359375,101.9140625,101.9296875,1117,ZTH4
2023-11-17 18:00:00+00:00,34,1,4131634,101.9296875,101.953125,101.9296875,101.94921875,1337,ZTH4
2023-11-17 19:00:00+00:00,34,1,4131634,101.94140625,101.9453125,101.9140625,101.921875,1271,ZTH4
2023-11-17 20:00:00+00:00,34,1,4131634,101.91796875,101.9296875,101.90625,101.92578125,887,ZTH4
2023-11-17 21:00:00+00:00,34,1,4131634,101.921875,101.95703125,101.921875,101.95703125,794,ZTH4
2023-11-19 23:00:00+00:00,34,1,4131634,101.93359375,101.9609375,101.90234375,101.93359375,248,ZTH4
2023-11-20 00:00:00+00:00,34,1,4131634,101.9296875,101.9296875,101.9296875,101.9296875,44,ZTH4
2023-11-20 01:00:00+00:00,34,1,4131634,101.94140625,101.95703125,101.94140625,101.953125,31,ZTH4
2023-11-20 02:00:00+00:00,34,1,4131634,101.96484375,101.96484375,101.96484375,101.96484375,7,ZTH4
2023-11-20 03:00:00+00:00,34,1,4131634,101.96484375,101.96484375,101.96484375,101.96484375,14,ZTH4
2023-11-20 04:00:00+00:00,34,1,4131634,101.96484375,101.96875,101.95703125,101.95703125,102,ZTH4
2023-11-20 05:00:00+00:00,34,1,4131634,101.95703125,101.95703125,101.94921875,101.94921875,130,ZTH4
2023-11-20 06:00:00+00:00,34,1,4131634,101.94921875,101.94921875,101.93359375,101.93359375,72,ZTH4
2023-11-20 07:00:00+00:00,34,1,4131634,101.9296875,101.9296875,101.90625,101.91015625,537,ZTH4
2023-11-20 08:00:00+00:00,34,1,4131634,101.91015625,101.9140625,101.89453125,101.91015625,285,ZTH4
2023-11-20 09:00:00+00:00,34,1,4131634,101.9140625,101.9375,101.90625,101.92578125,486,ZTH4
2023-11-20 10:00:00+00:00,34,1,4131634,101.921875,101.9296875,101.91015625,101.9140625,176,ZTH4
2023-11-20 11:00:00+00:00,34,1,4131634,101.91796875,101.921875,101.8984375,101.8984375,133,ZTH4
2023-11-20 12:00:00+00:00,34,1,4131634,101.8984375,101.90234375,101.8828125,101.8984375,373,ZTH4
2023-11-20 13:00:00+00:00,34,1,4131634,101.90234375,101.9375,101.90234375,101.9140625,4639,ZTH4
2023-11-20 14:00:00+00:00,34,1,4131634,101.91796875,101.94921875,101.91796875,101.9296875,3670,ZTH4
2023-11-20 15:00:00+00:00,34,1,4131634,101.9296875,101.9296875,101.90234375,101.90234375,1731,ZTH4
2023-11-20 16:00:00+00:00,34,1,4131634,101.90234375,101.90234375,101.890625,101.8984375,1952,ZTH4
2023-11-20 17:00:00+00:00,34,1,4131634,101.8984375,101.90625,101.87890625,101.8828125,2333,ZTH4
2023-11-20 18:00:00+00:00,34,1,4131634,101.8828125,101.93359375,101.875,101.9140625,3789,ZTH4
2023-11-20 19:00:00+00:00,34,1,4131634,101.91015625,101.91015625,101.8984375,101.91015625,1947,ZTH4
2023-11-20 20:00:00+00:00,34,1,4131634,101.91015625,101.921875,101.90234375,101.90234375,1887,ZTH4
2023-11-20 21:00:00+00:00,34,1,4131634,101.91015625,101.91015625,101.890625,101.90625,2777,ZTH4
2023-11-20 23:00:00+00:00,34,1,4131634,101.90625,101.921875,101.90625,101.921875,60,ZTH4
2023-11-21 00:00:00+00:00,34,1,4131634,101.921875,101.921875,101.90625,101.90625,610,ZTH4
2023-11-21 01:00:00+00:00,34,1,4131634,101.90234375,101.90625,101.890625,101.90625,1493,ZTH4
2023-11-21 02:00:00+00:00,34,1,4131634,101.91015625,101.91796875,101.90625,101.91796875,293,ZTH4
2023-11-21 03:00:00+00:00,34,1,4131634,101.91015625,101.91796875,101.90625,101.9140625,391,ZTH4
2023-11-21 04:00:00+00:00,34,1,4131634,101.921875,101.92578125,101.90625,101.91015625,553,ZTH4
2023-11-21 05:00:00+00:00,34,1,4131634,101.9140625,101.921875,101.91015625,101.91015625,518,ZTH4
2023-11-21 06:00:00+00:00,34,1,4131634,101.91015625,101.91015625,101.90625,101.90625,122,ZTH4
2023-11-21 07:00:00+00:00,34,1,4131634,101.91015625,101.921875,101.91015625,101.91796875,555,ZTH4
2023-11-21 08:00:00+00:00,34,1,4131634,101.91796875,101.921875,101.90625,101.91015625,1353,ZTH4
2023-11-21 09:00:00+00:00,34,1,4131634,101.90625,101.91015625,101.8984375,101.90234375,649,ZTH4
2023-11-21 10:00:00+00:00,34,1,4131634,101.90234375,101.91796875,101.90234375,101.9140625,756,ZTH4
2023-11-21 11:00:00+00:00,34,1,4131634,101.91015625,101.91015625,101.90234375,101.90234375,585,ZTH4
2023-11-21 12:00:00+00:00,34,1,4131634,101.8984375,101.9296875,101.8984375,101.9296875,1448,ZTH4
2023-11-21 13:00:00+00:00,34,1,4131634,101.93359375,101.97265625,101.89453125,101.9140625,14728,ZTH4
2023-11-21 14:00:00+00:00,34,1,4131634,101.91796875,101.98046875,101.9140625,101.96484375,9510,ZTH4
2023-11-21 15:00:00+00:00,34,1,4131634,101.96484375,101.98828125,101.96484375,101.98046875,15294,ZTH4
2023-11-21 16:00:00+00:00,34,1,4131634,101.98046875,102.02734375,101.9765625,101.9921875,15515,ZTH4
2023-11-21 17:00:00+00:00,34,1,4131634,101.9921875,102.0,101.9765625,101.984375,5718,ZTH4
2023-11-21 18:00:00+00:00,34,1,4131634,101.98046875,101.984375,101.94140625,101.94921875,6116,ZTH4
2023-11-21 19:00:00+00:00,34,1,4131634,101.9453125,101.984375,101.9296875,101.9765625,8273,ZTH4
2023-11-21 20:00:00+00:00,34,1,4131634,101.98046875,101.984375,101.9609375,101.96484375,3640,ZTH4
2023-11-21 21:00:00+00:00,34,1,4131634,101.96875,101.984375,101.9609375,101.984375,3551,ZTH4
2023-11-21 23:00:00+00:00,34,1,4131634,101.96875,101.9921875,101.96875,101.98828125,430,ZTH4
2023-11-22 00:00:00+00:00,34,1,4131634,101.98828125,101.9921875,101.9765625,101.9765625,678,ZTH4
2023-11-22 01:00:00+00:00,34,1,4131634,101.98046875,101.98046875,101.9765625,101.98046875,803,ZTH4
2023-11-22 02:00:00+00:00,34,1,4131634,101.98046875,101.98046875,101.96875,101.97265625,1720,ZTH4
2023-11-22 03:00:00+00:00,34,1,4131634,101.96875,101.97265625,101.9609375,101.96484375,676,ZTH4
2023-11-22 04:00:00+00:00,34,1,4131634,101.96484375,101.96484375,101.953125,101.95703125,2075,ZTH4
2023-11-22 05:00:00+00:00,34,1,4131634,101.95703125,101.9609375,101.94921875,101.94921875,876,ZTH4
2023-11-22 06:00:00+00:00,34,1,4131634,101.94921875,101.97265625,101.9453125,101.97265625,1735,ZTH4
2023-11-22 07:00:00+00:00,34,1,4131634,101.97265625,101.97265625,101.9609375,101.96484375,2611,ZTH4
2023-11-22 08:00:00+00:00,34,1,4131634,101.96484375,101.96875,101.9453125,101.95703125,1899,ZTH4
2023-11-22 09:00:00+00:00,34,1,4131634,101.95703125,101.96484375,101.94921875,101.9609375,1814,ZTH4
2023-11-22 10:00:00+00:00,34,1,4131634,101.95703125,101.98046875,101.95703125,101.98046875,1894,ZTH4
2023-11-22 11:00:00+00:00,34,1,4131634,101.98046875,102.0078125,101.98046875,101.99609375,8430,ZTH4
2023-11-22 12:00:00+00:00,34,1,4131634,101.99609375,102.03125,101.9921875,102.01953125,12570,ZTH4
2023-11-22 13:00:00+00:00,34,1,4131634,102.01953125,102.0546875,101.953125,101.96484375,19957,ZTH4
2023-11-22 14:00:00+00:00,34,1,4131634,101.96484375,101.9765625,101.9453125,101.9609375,10606,ZTH4
2023-11-22 15:00:00+00:00,34,1,4131634,101.9609375,101.9609375,101.86328125,101.87890625,21674,ZTH4
2023-11-22 16:00:00+00:00,34,1,4131634,101.87890625,101.90234375,101.87109375,101.875,15746,ZTH4
2023-11-22 17:00:00+00:00,34,1,4131634,101.875,101.875,101.85546875,101.87109375,13166,ZTH4
2023-11-22 18:00:00+00:00,34,1,4131634,101.8671875,101.8828125,101.859375,101.8828125,14904,ZTH4
2023-11-22 19:00:00+00:00,34,1,4131634,101.87890625,101.921875,101.87890625,101.9140625,16219,ZTH4
2023-11-22 20:00:00+00:00,34,1,4131634,101.91796875,101.9375,101.9140625,101.93359375,9797,ZTH4
2023-11-22 21:00:00+00:00,34,1,4131634,101.9375,101.94140625,101.9296875,101.9296875,4998,ZTH4
2023-11-22 23:00:00+00:00,34,1,4131634,101.9296875,101.93359375,101.92578125,101.93359375,57,ZTH4
2023-11-23 00:00:00+00:00,34,1,4131634,101.9375,101.9375,101.93359375,101.9375,307,ZTH4
2023-11-23 01:00:00+00:00,34,1,4131634,101.9375,101.94140625,101.9375,101.94140625,80,ZTH4
2023-11-23 02:00:00+00:00,34,1,4131634,101.9375,101.9375,101.93359375,101.93359375,79,ZTH4
2023-11-23 03:00:00+00:00,34,1,4131634,101.93359375,101.93359375,101.92578125,101.93359375,308,ZTH4
2023-11-23 04:00:00+00:00,34,1,4131634,101.93359375,101.93359375,101.9296875,101.93359375,193,ZTH4
2023-11-23 05:00:00+00:00,34,1,4131634,101.9296875,101.9375,101.9296875,101.9375,122,ZTH4
2023-11-23 06:00:00+00:00,34,1,4131634,101.94140625,101.94140625,101.9375,101.94140625,340,ZTH4
2023-11-23 07:00:00+00:00,34,1,4131634,101.94140625,101.94140625,101.9296875,101.9296875,975,ZTH4
2023-11-23 08:00:00+00:00,34,1,4131634,101.9296875,101.9375,101.91015625,101.9375,2373,ZTH4
2023-11-23 09:00:00+00:00,34,1,4131634,101.9375,101.9375,101.91796875,101.921875,1070,ZTH4
2023-11-23 10:00:00+00:00,34,1,4131634,101.92578125,101.9296875,101.890625,101.89453125,1303,ZTH4
2023-11-23 11:00:00+00:00,34,1,4131634,101.890625,101.890625,101.875,101.8828125,1392,ZTH4
2023-11-23 12:00:00+00:00,34,1,4131634,101.8828125,101.89453125,101.87890625,101.87890625,1102,ZTH4
2023-11-23 13:00:00+00:00,34,1,4131634,101.87890625,101.8828125,101.86328125,101.87109375,2265,ZTH4
2023-11-23 14:00:00+00:00,34,1,4131634,101.87109375,101.87109375,101.8515625,101.86328125,4410,ZTH4
2023-11-23 15:00:00+00:00,34,1,4131634,101.86328125,101.87109375,101.859375,101.86328125,1620,ZTH4
2023-11-23 16:00:00+00:00,34,1,4131634,101.86328125,101.8671875,101.85546875,101.85546875,917,ZTH4
2023-11-23 17:00:00+00:00,34,1,4131634,101.85546875,101.8671875,101.85546875,101.86328125,92,ZTH4
2023-11-23 23:00:00+00:00,34,1,4131634,101.8671875,101.875,101.86328125,101.8671875,1292,ZTH4
2023-11-24 00:00:00+00:00,34,1,4131634,101.8671875,101.87890625,101.859375,101.875,1095,ZTH4
2023-11-24 01:00:00+00:00,34,1,4131634,101.875,101.87890625,101.86328125,101.86328125,772,ZTH4
2023-11-24 02:00:00+00:00,34,1,4131634,101.86328125,101.86328125,101.83984375,101.84765625,1749,ZTH4
2023-11-24 03:00:00+00:00,34,1,4131634,101.84765625,101.8515625,101.83984375,101.84375,914,ZTH4
2023-11-24 04:00:00+00:00,34,1,4131634,101.84765625,101.84765625,101.84375,101.84375,215,ZTH4
2023-11-24 05:00:00+00:00,34,1,4131634,101.84765625,101.84765625,101.84375,101.84765625,402,ZTH4
2023-11-24 06:00:00+00:00,34,1,4131634,101.84375,101.859375,101.84375,101.8515625,2478,ZTH4
2023-11-24 07:00:00+00:00,34,1,4131634,101.8515625,101.8671875,101.84765625,101.859375,2318,ZTH4
2023-11-24 08:00:00+00:00,34,1,4131634,101.859375,101.86328125,101.84765625,101.8515625,5961,ZTH4
2023-11-24 09:00:00+00:00,34,1,4131634,101.84765625,101.859375,101.8359375,101.84375,3472,ZTH4
2023-11-24 10:00:00+00:00,34,1,4131634,101.83984375,101.85546875,101.83984375,101.85546875,1616,ZTH4
2023-11-24 11:00:00+00:00,34,1,4131634,101.8515625,101.85546875,101.83984375,101.84765625,997,ZTH4
2023-11-24 12:00:00+00:00,34,1,4131634,101.84765625,101.8515625,101.83984375,101.84375,3245,ZTH4
2023-11-24 13:00:00+00:00,34,1,4131634,101.83984375,101.84765625,101.82421875,101.8359375,12019,ZTH4
2023-11-24 14:00:00+00:00,34,1,4131634,101.8359375,101.87890625,101.8359375,101.84765625,14202,ZTH4
2023-11-24 15:00:00+00:00,34,1,4131634,101.84765625,101.8515625,101.828125,101.8359375,6500,ZTH4
2023-11-24 16:00:00+00:00,34,1,4131634,101.8359375,101.84375,101.81640625,101.8203125,7173,ZTH4
2023-11-24 17:00:00+00:00,34,1,4131634,101.81640625,101.82421875,101.81640625,101.8203125,9028,ZTH4
2023-11-24 18:00:00+00:00,34,1,4131634,101.81640625,101.828125,101.81640625,101.828125,1321,ZTH4
2023-11-26 23:00:00+00:00,34,1,4131634,101.82421875,101.82421875,101.796875,101.8046875,1565,ZTH4
2023-11-27 00:00:00+00:00,34,1,4131634,101.8046875,101.8125,101.7734375,101.77734375,5689,ZTH4
2023-11-27 01:00:00+00:00,34,1,4131634,101.7734375,101.78515625,101.765625,101.78515625,3551,ZTH4
2023-11-27 02:00:00+00:00,34,1,4131634,101.78515625,101.78515625,101.77734375,101.78515625,3586,ZTH4
2023-11-27 03:00:00+00:00,34,1,4131634,101.78515625,101.796875,101.78125,101.7890625,1389,ZTH4
2023-11-27 04:00:00+00:00,34,1,4131634,101.7890625,101.8046875,101.78515625,101.796875,2702,ZTH4
2023-11-27 05:00:00+00:00,34,1,4131634,101.796875,101.8046875,101.796875,101.796875,1785,ZTH4
2023-11-27 06:00:00+00:00,34,1,4131634,101.80078125,101.81640625,101.796875,101.8125,5251,ZTH4
2023-11-27 07:00:00+00:00,34,1,4131634,101.8125,101.828125,101.80859375,101.8203125,3366,ZTH4
2023-11-27 08:00:00+00:00,34,1,4131634,101.8203125,101.8203125,101.80078125,101.80859375,5351,ZTH4
2023-11-27 09:00:00+00:00,34,1,4131634,101.80859375,101.8125,101.796875,101.80859375,5317,ZTH4
2023-11-27 10:00:00+00:00,34,1,4131634,101.80859375,101.84375,101.80859375,101.83984375,7749,ZTH4
2023-11-27 11:00:00+00:00,34,1,4131634,101.83984375,101.8515625,101.8359375,101.8515625,7733,ZTH4
2023-11-27 12:00:00+00:00,34,1,4131634,101.84765625,101.86328125,101.8359375,101.85546875,12556,ZTH4
2023-11-27 13:00:00+00:00,34,1,4131634,101.85546875,101.89453125,101.8515625,101.8671875,33348,ZTH4
2023-11-27 14:00:00+00:00,34,1,4131634,101.8671875,101.88671875,101.83203125,101.875,32813,ZTH4
2023-11-27 15:00:00+00:00,34,1,4131634,101.875,101.91015625,101.875,101.89453125,56530,ZTH4
2023-11-27 16:00:00+00:00,34,1,4131634,101.89453125,101.921875,101.875,101.91015625,60667,ZTH4
2023-11-27 17:00:00+00:00,34,1,4131634,101.90625,101.90625,101.8671875,101.8671875,29924,ZTH4
2023-11-27 18:00:00+00:00,34,1,4131634,101.87109375,101.91015625,101.86328125,101.90234375,39207,ZTH4
2023-11-27 19:00:00+00:00,34,1,4131634,101.90234375,101.94921875,101.89453125,101.9453125,38694,ZTH4
2023-11-27 20:00:00+00:00,34,1,4131634,101.94921875,101.96875,101.94140625,101.96484375,29019,ZTH4
2023-11-27 21:00:00+00:00,34,1,4131634,101.96484375,101.9765625,101.95703125,101.95703125,21910,ZTH4
2023-11-27 23:00:00+00:00,34,1,4131634,101.94921875,101.953125,101.93359375,101.9375,1753,ZTH4
2023-11-28 00:00:00+00:00,34,1,4131634,101.94140625,101.953125,101.9296875,101.9296875,1605,ZTH4
2023-11-28 01:00:00+00:00,34,1,4131634,101.93359375,101.94140625,101.9296875,101.9296875,6109,ZTH4
2023-11-28 02:00:00+00:00,34,1,4131634,101.9296875,101.93359375,101.91796875,101.92578125,3572,ZTH4
2023-11-28 03:00:00+00:00,34,1,4131634,101.92578125,101.9296875,101.9140625,101.9140625,3820,ZTH4
2023-11-28 04:00:00+00:00,34,1,4131634,101.9140625,101.921875,101.91015625,101.91796875,2333,ZTH4
2023-11-28 05:00:00+00:00,34,1,4131634,101.921875,101.92578125,101.91796875,101.921875,1690,ZTH4
2023-11-28 06:00:00+00:00,34,1,4131634,101.921875,101.9296875,101.91796875,101.92578125,3177,ZTH4
2023-11-28 07:00:00+00:00,34,1,4131634,101.92578125,101.94140625,101.9140625,101.92578125,15041,ZTH4
2023-11-28 08:00:00+00:00,34,1,4131634,101.92578125,101.9296875,101.89453125,101.9140625,14263,ZTH4
2023-11-28 09:00:00+00:00,34,1,4131634,101.9140625,101.9296875,101.9140625,101.921875,5516,ZTH4
2023-11-28 10:00:00+00:00,34,1,4131634,101.921875,101.921875,101.90234375,101.91015625,6562,ZTH4
2023-11-28 11:00:00+00:00,34,1,4131634,101.91015625,101.92578125,101.8984375,101.8984375,6524,ZTH4
2023-11-28 12:00:00+00:00,34,1,4131634,101.8984375,101.921875,101.88671875,101.89453125,15134,ZTH4
2023-11-28 13:00:00+00:00,34,1,4131634,101.8984375,101.9453125,101.87890625,101.9375,51908,ZTH4
2023-11-28 14:00:00+00:00,34,1,4131634,101.9375,101.9765625,101.91015625,101.96484375,52615,ZTH4
2023-11-28 15:00:00+00:00,34,1,4131634,101.9609375,102.0859375,101.95703125,102.078125,133790,ZTH4
2023-11-28 16:00:00+00:00,34,1,4131634,102.078125,102.13671875,102.05859375,102.13671875,103612,ZTH4
2023-11-28 17:00:00+00:00,34,1,4131634,102.13671875,102.15234375,102.1171875,102.125,66042,ZTH4
2023-11-28 18:00:00+00:00,34,1,4131634,102.125,102.140625,102.1015625,102.12890625,44398,ZTH4
2023-11-28 19:00:00+00:00,34,1,4131634,102.12890625,102.20703125,102.125,102.1953125,68013,ZTH4
2023-11-28 20:00:00+00:00,34,1,4131634,102.1953125,102.1953125,102.15234375,102.16796875,56690,ZTH4
2023-11-28 21:00:00+00:00,34,1,4131634,102.1640625,102.1953125,102.16015625,102.1875,27556,ZTH4
2023-11-28 23:00:00+00:00,34,1,4131634,102.19140625,102.2265625,102.1796875,102.21484375,12393,ZTH4
2023-11-29 00:00:00+00:00,34,1,4131634,102.2109375,102.23046875,102.19140625,102.2265625,10874,ZTH4
2023-11-29 01:00:00+00:00,34,1,4131634,102.22265625,102.26953125,102.22265625,102.2578125,17591,ZTH4
2023-11-29 02:00:00+00:00,34,1,4131634,102.26171875,102.27734375,102.24609375,102.25390625,14584,ZTH4
2023-11-29 03:00:00+00:00,34,1,4131634,102.25390625,102.25390625,102.234375,102.24609375,12184,ZTH4
2023-11-29 04:00:00+00:00,34,1,4131634,102.24609375,102.265625,102.24609375,102.26171875,9633,ZTH4
2023-11-29 05:00:00+00:00,34,1,4131634,102.26171875,102.296875,102.2578125,102.296875,13795,ZTH4
2023-11-29 06:00:00+00:00,34,1,4131634,102.29296875,102.33203125,102.28125,102.30859375,20832,ZTH4
2023-11-29 07:00:00+00:00,34,1,4131634,102.30859375,102.33203125,102.2890625,102.29296875,24721,ZTH4
2023-11-29 08:00:00+00:00,34,1,4131634,102.29296875,102.32421875,102.27734375,102.29296875,39206,ZTH4
2023-11-29 09:00:00+00:00,34,1,4131634,102.29296875,102.3125,102.2578125,102.265625,26818,ZTH4
2023-11-29 10:00:00+00:00,34,1,4131634,102.265625,102.28125,102.25,102.26171875,27972,ZTH4
2023-11-29 11:00:00+00:00,34,1,4131634,102.2578125,102.28515625,102.25390625,102.28515625,23518,ZTH4
2023-11-29 12:00:00+00:00,34,1,4131634,102.28125,102.3046875,102.25390625,102.30078125,45730,ZTH4
2023-11-29 13:00:00+00:00,34,1,4131634,102.30078125,102.390625,102.30078125,102.328125,193096,ZTH4
2023-11-29 14:00:00+00:00,34,1,4131634,102.328125,102.40625,102.3046875,102.40234375,94131,ZTH4
2023-11-29 15:00:00+00:00,34,1,4131634,102.40234375,102.4609375,102.3203125,102.359375,147213,ZTH4
2023-11-29 16:00:00+00:00,34,1,4131634,102.35546875,102.375,102.3125,102.3203125,66282,ZTH4
2023-11-29 17:00:00+00:00,34,1,4131634,102.3203125,102.3671875,102.31640625,102.36328125,51320,ZTH4
2023-11-29 18:00:00+00:00,34,1,4131634,102.359375,102.3828125,102.359375,102.37109375,38867,ZTH4
2023-11-29 19:00:00+00:00,34,1,4131634,102.37109375,102.3984375,102.3515625,102.37890625,62353,ZTH4
2023-11-29 20:00:00+00:00,34,1,4131634,102.375,102.38671875,102.36328125,102.375,38373,ZTH4
2023-11-29 21:00:00+00:00,34,1,4131634,102.37890625,102.39453125,102.3671875,102.375,29112,ZTH4
2023-11-29 23:00:00+00:00,34,1,4131634,102.37109375,102.37890625,102.359375,102.3671875,3008,ZTH4
2023-11-30 00:00:00+00:00,34,1,4131634,102.3671875,102.3828125,102.359375,102.37890625,2962,ZTH4
2023-11-30 01:00:00+00:00,34,1,4131634,102.37890625,102.37890625,102.3515625,102.35546875,12371,ZTH4
2023-11-30 02:00:00+00:00,34,1,4131634,102.35546875,102.36328125,102.34765625,102.36328125,3094,ZTH4
2023-11-30 03:00:00+00:00,34,1,4131634,102.36328125,102.3671875,102.35546875,102.36328125,4219,ZTH4
2023-11-30 04:00:00+00:00,34,1,4131634,102.36328125,102.375,102.359375,102.36328125,14327,ZTH4
2023-11-30 05:00:00+00:00,34,1,4131634,102.36328125,102.3671875,102.34375,102.34765625,8210,ZTH4
2023-11-30 06:00:00+00:00,34,1,4131634,102.34765625,102.35546875,102.34375,102.35546875,8053,ZTH4
2023-11-30 07:00:00+00:00,34,1,4131634,102.35546875,102.37890625,102.33203125,102.375,22743,ZTH4
2023-11-30 08:00:00+00:00,34,1,4131634,102.375,102.3828125,102.3515625,102.35546875,16412,ZTH4
2023-11-30 09:00:00+00:00,34,1,4131634,102.35546875,102.38671875,102.35546875,102.37109375,17868,ZTH4
2023-11-30 10:00:00+00:00,34,1,4131634,102.375,102.375,102.35546875,102.359375,12728,ZTH4
2023-11-30 11:00:00+00:00,34,1,4131634,102.35546875,102.359375,102.3359375,102.34375,21499,ZTH4
2023-11-30 12:00:00+00:00,34,1,4131634,102.34375,102.3828125,102.33203125,102.375,40836,ZTH4
2023-11-30 13:00:00+00:00,34,1,4131634,102.37890625,102.44140625,102.30078125,102.30078125,150565,ZTH4
2023-11-30 14:00:00+00:00,34,1,4131634,102.30078125,102.31640625,102.23828125,102.24609375,160325,ZTH4
2023-11-30 15:00:00+00:00,34,1,4131634,102.24609375,102.265625,102.21484375,102.25,124889,ZTH4
2023-11-30 16:00:00+00:00,34,1,4131634,102.25,102.2890625,102.2421875,102.26953125,71419,ZTH4
2023-11-30 17:00:00+00:00,34,1,4131634,102.2734375,102.2734375,102.21484375,102.22265625,39544,ZTH4
2023-11-30 18:00:00+00:00,34,1,4131634,102.22265625,102.265625,102.21875,102.2421875,50518,ZTH4
2023-11-30 19:00:00+00:00,34,1,4131634,102.24609375,102.26953125,102.2265625,102.23828125,76543,ZTH4
2023-11-30 20:00:00+00:00,34,1,4131634,102.23828125,102.26953125,102.19921875,102.265625,129210,ZTH4
2023-11-30 21:00:00+00:00,34,1,4131634,102.265625,102.3046875,102.25,102.3046875,104209,ZTH4
2023-11-30 23:00:00+00:00,34,1,4131634,102.30078125,102.36328125,102.29296875,102.328125,13056,ZTH4
2023-12-01 00:00:00+00:00,34,1,4131634,102.328125,102.34375,102.30859375,102.31640625,8172,ZTH4
2023-12-01 01:00:00+00:00,34,1,4131634,102.31640625,102.32421875,102.30078125,102.3046875,9328,ZTH4
2023-12-01 02:00:00+00:00,34,1,4131634,102.3046875,102.3125,102.30078125,102.30078125,4393,ZTH4
2023-12-01 03:00:00+00:00,34,1,4131634,102.3046875,102.30859375,102.29296875,102.296875,6792,ZTH4
2023-12-01 04:00:00+00:00,34,1,4131634,102.296875,102.3046875,102.296875,102.30078125,2805,ZTH4
2023-12-01 05:00:00+00:00,34,1,4131634,102.3046875,102.30859375,102.296875,102.296875,2757,ZTH4
2023-12-01 06:00:00+00:00,34,1,4131634,102.296875,102.3046875,102.2890625,102.29296875,3916,ZTH4
2023-12-01 07:00:00+00:00,34,1,4131634,102.296875,102.30859375,102.28515625,102.29296875,7678,ZTH4
2023-12-01 08:00:00+00:00,34,1,4131634,102.29296875,102.33984375,102.27734375,102.33984375,15755,ZTH4
2023-12-01 09:00:00+00:00,34,1,4131634,102.33984375,102.3515625,102.328125,102.33203125,18995,ZTH4
2023-12-01 10:00:00+00:00,34,1,4131634,102.3359375,102.3359375,102.3046875,102.30859375,8520,ZTH4
2023-12-01 11:00:00+00:00,34,1,4131634,102.30859375,102.30859375,102.27734375,102.28125,16508,ZTH4
2023-12-01 12:00:00+00:00,34,1,4131634,102.28515625,102.2890625,102.24609375,102.25390625,29871,ZTH4
2023-12-01 13:00:00+00:00,34,1,4131634,102.25390625,102.29296875,102.25390625,102.265625,63252,ZTH4
2023-12-01 14:00:00+00:00,34,1,4131634,102.265625,102.28515625,102.23046875,102.265625,77795,ZTH4
2023-12-01 15:00:00+00:00,34,1,4131634,102.2734375,102.42578125,102.2734375,102.37890625,200275,ZTH4
2023-12-01 16:00:00+00:00,34,1,4131634,102.37890625,102.5234375,102.3046875,102.4765625,229952,ZTH4
2023-12-01 17:00:00+00:00,34,1,4131634,102.4765625,102.546875,102.44921875,102.53515625,99350,ZTH4
2023-12-01 18:00:00+00:00,34,1,4131634,102.53515625,102.5859375,102.51953125,102.54296875,119988,ZTH4
2023-12-01 19:00:00+00:00,34,1,4131634,102.54296875,102.5546875,102.50390625,102.53125,58689,ZTH4
2023-12-01 20:00:00+00:00,34,1,4131634,102.53125,102.55078125,102.515625,102.54296875,36728,ZTH4
2023-12-01 21:00:00+00:00,34,1,4131634,102.5390625,102.58203125,102.5390625,102.58203125,25653,ZTH4
2023-12-03 23:00:00+00:00,34,1,4131634,102.57421875,102.57421875,102.5,102.5,20314,ZTH4
2023-12-04 00:00:00+00:00,34,1,4131634,102.50390625,102.50390625,102.46875,102.46875,10211,ZTH4
2023-12-04 01:00:00+00:00,34,1,4131634,102.47265625,102.47265625,102.44921875,102.453125,6371,ZTH4
2023-12-04 02:00:00+00:00,34,1,4131634,102.44921875,102.46484375,102.4453125,102.4609375,5176,ZTH4
2023-12-04 03:00:00+00:00,34,1,4131634,102.4609375,102.46484375,102.44921875,102.44921875,4970,ZTH4
2023-12-04 04:00:00+00:00,34,1,4131634,102.44921875,102.45703125,102.4453125,102.45703125,3453,ZTH4
2023-12-04 05:00:00+00:00,34,1,4131634,102.45703125,102.4609375,102.44921875,102.453125,4995,ZTH4
2023-12-04 06:00:00+00:00,34,1,4131634,102.453125,102.4765625,102.44921875,102.46484375,8826,ZTH4
2023-12-04 07:00:00+00:00,34,1,4131634,102.46484375,102.48046875,102.45703125,102.46875,9589,ZTH4
2023-12-04 08:00:00+00:00,34,1,4131634,102.47265625,102.47265625,102.4296875,102.46484375,27657,ZTH4
2023-12-04 09:00:00+00:00,34,1,4131634,102.4609375,102.48828125,102.4609375,102.46875,10211,ZTH4
2023-12-04 10:00:00+00:00,34,1,4131634,102.46875,102.46875,102.44140625,102.44921875,17122,ZTH4
2023-12-04 11:00:00+00:00,34,1,4131634,102.44921875,102.46484375,102.43359375,102.44921875,13373,ZTH4
2023-12-04 12:00:00+00:00,34,1,4131634,102.4453125,102.453125,102.4296875,102.44140625,19077,ZTH4
2023-12-04 13:00:00+00:00,34,1,4131634,102.4375,102.46484375,102.3984375,102.41015625,67941,ZTH4
2023-12-04 14:00:00+00:00,34,1,4131634,102.40625,102.43359375,102.37890625,102.42578125,76589,ZTH4
2023-12-04 15:00:00+00:00,34,1,4131634,102.4296875,102.453125,102.3515625,102.36328125,76313,ZTH4
2023-12-04 16:00:00+00:00,34,1,4131634,102.36328125,102.37890625,102.3515625,102.36328125,39980,ZTH4
2023-12-04 17:00:00+00:00,34,1,4131634,102.359375,102.37109375,102.32421875,102.33984375,41940,ZTH4
2023-12-04 18:00:00+00:00,34,1,4131634,102.33984375,102.34375,102.3203125,102.328125,36497,ZTH4
2023-12-04 19:00:00+00:00,34,1,4131634,102.328125,102.35546875,102.328125,102.34375,39081,ZTH4
2023-12-04 20:00:00+00:00,34,1,4131634,102.34375,102.3828125,102.3359375,102.375,45965,ZTH4
2023-12-04 21:00:00+00:00,34,1,4131634,102.37890625,102.39453125,102.3671875,102.37890625,19432,ZTH4
2023-12-04 23:00:00+00:00,34,1,4131634,102.375,102.3828125,102.37109375,102.37890625,1447,ZTH4
2023-12-05 00:00:00+00:00,34,1,4131634,102.37890625,102.40625,102.37890625,102.40234375,3515,ZTH4
2023-12-05 01:00:00+00:00,34,1,4131634,102.3984375,102.40234375,102.3671875,102.375,4889,ZTH4
2023-12-05 02:00:00+00:00,34,1,4131634,102.375,102.3828125,102.3671875,102.3671875,5120,ZTH4
2023-12-05 03:00:00+00:00,34,1,4131634,102.37109375,102.39453125,102.3671875,102.39453125,2788,ZTH4
2023-12-05 04:00:00+00:00,34,1,4131634,102.39453125,102.40625,102.3828125,102.3828125,4341,ZTH4
2023-12-05 05:00:00+00:00,34,1,4131634,102.38671875,102.38671875,102.3671875,102.37890625,4415,ZTH4
2023-12-05 06:00:00+00:00,34,1,4131634,102.375,102.4140625,102.375,102.40234375,8444,ZTH4
2023-12-05 07:00:00+00:00,34,1,4131634,102.40234375,102.4296875,102.3984375,102.4140625,24989,ZTH4
2023-12-05 08:00:00+00:00,34,1,4131634,102.41796875,102.4296875,102.390625,102.390625,12684,ZTH4
2023-12-05 09:00:00+00:00,34,1,4131634,102.390625,102.41796875,102.375,102.41015625,11205,ZTH4
2023-12-05 10:00:00+00:00,34,1,4131634,102.41015625,102.41015625,102.37890625,102.39453125,15338,ZTH4
2023-12-05 11:00:00+00:00,34,1,4131634,102.390625,102.41796875,102.38671875,102.4140625,13092,ZTH4
2023-12-05 12:00:00+00:00,34,1,4131634,102.4140625,102.42578125,102.3984375,102.41796875,16711,ZTH4
2023-12-05 13:00:00+00:00,34,1,4131634,102.41796875,102.4453125,102.390625,102.4296875,94583,ZTH4
2023-12-05 14:00:00+00:00,34,1,4131634,102.42578125,102.4296875,102.37109375,102.38671875,97486,ZTH4
2023-12-05 15:00:00+00:00,34,1,4131634,102.38671875,102.53515625,102.38671875,102.46484375,191720,ZTH4
2023-12-05 16:00:00+00:00,34,1,4131634,102.46484375,102.4765625,102.41796875,102.45703125,54836,ZTH4
2023-12-05 17:00:00+00:00,34,1,4131634,102.4609375,102.4921875,102.453125,102.47265625,50453,ZTH4
2023-12-05 18:00:00+00:00,34,1,4131634,102.4765625,102.48046875,102.44140625,102.47265625,25241,ZTH4
2023-12-05 19:00:00+00:00,34,1,4131634,102.47265625,102.50390625,102.453125,102.5,54964,ZTH4
2023-12-05 20:00:00+00:00,34,1,4131634,102.50390625,102.51171875,102.48046875,102.48828125,66489,ZTH4
2023-12-05 21:00:00+00:00,34,1,4131634,102.48828125,102.50390625,102.4765625,102.49609375,20826,ZTH4
2023-12-05 23:00:00+00:00,34,1,4131634,102.5,102.50390625,102.484375,102.4921875,3292,ZTH4
2023-12-06 00:00:00+00:00,34,1,4131634,102.4921875,102.50390625,102.453125,102.46484375,6795,ZTH4
2023-12-06 01:00:00+00:00,34,1,4131634,102.46875,102.47265625,102.453125,102.45703125,2462,ZTH4
2023-12-06 02:00:00+00:00,34,1,4131634,102.453125,102.45703125,102.4296875,102.44140625,10646,ZTH4
2023-12-06 03:00:00+00:00,34,1,4131634,102.44140625,102.44921875,102.4375,102.4453125,4395,ZTH4
2023-12-06 04:00:00+00:00,34,1,4131634,102.4453125,102.4453125,102.43359375,102.44140625,3744,ZTH4
2023-12-06 05:00:00+00:00,34,1,4131634,102.4375,102.44140625,102.4296875,102.4375,3103,ZTH4
2023-12-06 06:00:00+00:00,34,1,4131634,102.4375,102.44140625,102.4296875,102.4296875,3025,ZTH4
2023-12-06 07:00:00+00:00,34,1,4131634,102.4296875,102.46875,102.4296875,102.4609375,8843,ZTH4
2023-12-06 08:00:00+00:00,34,1,4131634,102.46484375,102.48046875,102.453125,102.45703125,22448,ZTH4
2023-12-06 09:00:00+00:00,34,1,4131634,102.45703125,102.47265625,102.42578125,102.4296875,22314,ZTH4
2023-12-06 10:00:00+00:00,34,1,4131634,102.4296875,102.43359375,102.41015625,102.421875,17908,ZTH4
2023-12-06 11:00:00+00:00,34,1,4131634,102.421875,102.4296875,102.40625,102.40625,15305,ZTH4
2023-12-06 12:00:00+00:00,34,1,4131634,102.41015625,102.44921875,102.40625,102.44921875,22697,ZTH4
2023-12-06 13:00:00+00:00,34,1,4131634,102.44921875,102.5,102.44140625,102.4921875,84161,ZTH4
2023-12-06 14:00:00+00:00,34,1,4131634,102.48828125,102.5,102.45703125,102.4609375,62782,ZTH4
2023-12-06 15:00:00+00:00,34,1,4131634,102.4609375,102.4765625,102.421875,102.44921875,92505,ZTH4
2023-12-06 16:00:00+00:00,34,1,4131634,102.44921875,102.46484375,102.4140625,102.44140625,82618,ZTH4
2023-12-06 17:00:00+00:00,34,1,4131634,102.4375,102.4609375,102.43359375,102.44140625,37875,ZTH4
2023-12-06 18:00:00+00:00,34,1,4131634,102.4453125,102.46484375,102.4296875,102.4609375,34673,ZTH4
2023-12-06 19:00:00+00:00,34,1,4131634,102.45703125,102.46875,102.4375,102.44140625,40143,ZTH4
2023-12-06 20:00:00+00:00,34,1,4131634,102.44140625,102.44140625,102.421875,102.43359375,53210,ZTH4
2023-12-06 21:00:00+00:00,34,1,4131634,102.4375,102.453125,102.42578125,102.453125,26035,ZTH4
2023-12-06 23:00:00+00:00,34,1,4131634,102.44921875,102.46875,102.4453125,102.45703125,4204,ZTH4
2023-12-07 00:00:00+00:00,34,1,4131634,102.4609375,102.4609375,102.43359375,102.4375,5078,ZTH4
2023-12-07 01:00:00+00:00,34,1,4131634,102.4375,102.453125,102.421875,102.42578125,6659,ZTH4
2023-12-07 02:00:00+00:00,34,1,4131634,102.421875,102.43359375,102.41796875,102.42578125,4567,ZTH4
2023-12-07 03:00:00+00:00,34,1,4131634,102.4296875,102.43359375,102.421875,102.42578125,10815,ZTH4
2023-12-07 04:00:00+00:00,34,1,4131634,102.42578125,102.42578125,102.41015625,102.41015625,6448,ZTH4
2023-12-07 05:00:00+00:00,34,1,4131634,102.4140625,102.4140625,102.3671875,102.375,18929,ZTH4
2023-12-07 06:00:00+00:00,34,1,4131634,102.375,102.38671875,102.36328125,102.3671875,5301,ZTH4
2023-12-07 07:00:00+00:00,34,1,4131634,102.37109375,102.41015625,102.37109375,102.40625,13994,ZTH4
2023-12-07 08:00:00+00:00,34,1,4131634,102.40625,102.43359375,102.40625,102.40625,16366,ZTH4
2023-12-07 09:00:00+00:00,34,1,4131634,102.41015625,102.42578125,102.3984375,102.42578125,12032,ZTH4
2023-12-07 10:00:00+00:00,34,1,4131634,102.42578125,102.43359375,102.4140625,102.43359375,18918,ZTH4
2023-12-07 11:00:00+00:00,34,1,4131634,102.43359375,102.43359375,102.3984375,102.40234375,14343,ZTH4
2023-12-07 12:00:00+00:00,34,1,4131634,102.40234375,102.4140625,102.3828125,102.4140625,30304,ZTH4
2023-12-07 13:00:00+00:00,34,1,4131634,102.41015625,102.484375,102.36328125,102.44921875,144999,ZTH4
2023-12-07 14:00:00+00:00,34,1,4131634,102.453125,102.48828125,102.4296875,102.46875,90457,ZTH4
2023-12-07 15:00:00+00:00,34,1,4131634,102.46484375,102.48046875,102.44921875,102.4609375,54305,ZTH4
2023-12-07 16:00:00+00:00,34,1,4131634,102.45703125,102.48046875,102.45703125,102.48046875,49235,ZTH4
2023-12-07 17:00:00+00:00,34,1,4131634,102.48046875,102.51171875,102.45703125,102.46875,66104,ZTH4
2023-12-07 18:00:00+00:00,34,1,4131634,102.46875,102.48828125,102.45703125,102.48828125,31655,ZTH4
2023-12-07 19:00:00+00:00,34,1,4131634,102.484375,102.4921875,102.47265625,102.48046875,37728,ZTH4
2023-12-07 20:00:00+00:00,34,1,4131634,102.4765625,102.484375,102.453125,102.46484375,47773,ZTH4
2023-12-07 21:00:00+00:00,34,1,4131634,102.4609375,102.46875,102.4453125,102.4453125,24941,ZTH4
2023-12-07 23:00:00+00:00,34,1,4131634,102.4453125,102.45703125,102.44140625,102.44921875,1515,ZTH4
2023-12-08 00:00:00+00:00,34,1,4131634,102.44921875,102.44921875,102.42578125,102.42578125,8493,ZTH4
2023-12-08 01:00:00+00:00,34,1,4131634,102.4296875,102.4375,102.40234375,102.40625,8030,ZTH4
2023-12-08 02:00:00+00:00,34,1,4131634,102.40625,102.4140625,102.40234375,102.41015625,1511,ZTH4
2023-12-08 03:00:00+00:00,34,1,4131634,102.41015625,102.42578125,102.41015625,102.4140625,2210,ZTH4
2023-12-08 04:00:00+00:00,34,1,4131634,102.4140625,102.41796875,102.40625,102.41015625,2690,ZTH4
2023-12-08 05:00:00+00:00,34,1,4131634,102.4140625,102.4296875,102.4140625,102.4140625,3549,ZTH4
2023-12-08 06:00:00+00:00,34,1,4131634,102.4140625,102.42578125,102.4140625,102.421875,4389,ZTH4
2023-12-08 07:00:00+00:00,34,1,4131634,102.42578125,102.42578125,102.39453125,102.40625,8953,ZTH4
2023-12-08 08:00:00+00:00,34,1,4131634,102.40625,102.41796875,102.37890625,102.39453125,13950,ZTH4
2023-12-08 09:00:00+00:00,34,1,4131634,102.390625,102.39453125,102.37890625,102.3828125,6911,ZTH4
2023-12-08 10:00:00+00:00,34,1,4131634,102.3828125,102.40234375,102.375,102.3828125,12101,ZTH4
2023-12-08 11:00:00+00:00,34,1,4131634,102.37890625,102.3828125,102.37109375,102.375,14444,ZTH4
2023-12-08 12:00:00+00:00,34,1,4131634,102.375,102.390625,102.35546875,102.375,33601,ZTH4
2023-12-08 13:00:00+00:00,34,1,4131634,102.375,102.3828125,102.171875,102.25390625,216562,ZTH4
2023-12-08 14:00:00+00:00,34,1,4131634,102.25390625,102.26171875,102.20703125,102.234375,110225,ZTH4
2023-12-08 15:00:00+00:00,34,1,4131634,102.23828125,102.2890625,102.20703125,102.2109375,75236,ZTH4
2023-12-08 16:00:00+00:00,34,1,4131634,102.21484375,102.21484375,102.15234375,102.15625,60704,ZTH4
2023-12-08 17:00:00+00:00,34,1,4131634,102.15625,102.1953125,102.1484375,102.19140625,72358,ZTH4
2023-12-08 18:00:00+00:00,34,1,4131634,102.1953125,102.19921875,102.171875,102.17578125,30659,ZTH4
2023-12-08 19:00:00+00:00,34,1,4131634,102.17578125,102.203125,102.16796875,102.171875,35045,ZTH4
2023-12-08 20:00:00+00:00,34,1,4131634,102.171875,102.19140625,102.16796875,102.1875,19202,ZTH4
2023-12-08 21:00:00+00:00,34,1,4131634,102.1875,102.19140625,102.1796875,102.18359375,12784,ZTH4
2023-12-10 23:00:00+00:00,34,1,4131634,102.1640625,102.17578125,102.1484375,102.15625,10070,ZTH4
2023-12-11 00:00:00+00:00,34,1,4131634,102.16015625,102.17578125,102.15234375,102.171875,9003,ZTH4
2023-12-11 01:00:00+00:00,34,1,4131634,102.16796875,102.17578125,102.14453125,102.15234375,10417,ZTH4
2023-12-11 02:00:00+00:00,34,1,4131634,102.15234375,102.1640625,102.14453125,102.15625,5991,ZTH4
2023-12-11 03:00:00+00:00,34,1,4131634,102.15625,102.16015625,102.1484375,102.15234375,2852,ZTH4
2023-12-11 04:00:00+00:00,34,1,4131634,102.15234375,102.15234375,102.140625,102.14453125,8071,ZTH4
2023-12-11 05:00:00+00:00,34,1,4131634,102.14453125,102.14453125,102.1328125,102.1328125,5164,ZTH4
2023-12-11 06:00:00+00:00,34,1,4131634,102.1328125,102.13671875,102.11328125,102.12109375,8007,ZTH4
2023-12-11 07:00:00+00:00,34,1,4131634,102.125,102.15234375,102.12109375,102.1328125,11679,ZTH4
2023-12-11 08:00:00+00:00,34,1,4131634,102.1328125,102.14453125,102.1171875,102.1328125,10403,ZTH4
2023-12-11 09:00:00+00:00,34,1,4131634,102.13671875,102.1484375,102.12890625,102.14453125,8583,ZTH4
2023-12-11 10:00:00+00:00,34,1,4131634,102.14453125,102.1484375,102.12890625,102.12890625,6118,ZTH4
2023-12-11 11:00:00+00:00,34,1,4131634,102.12890625,102.1484375,102.125,102.13671875,10709,ZTH4
2023-12-11 12:00:00+00:00,34,1,4131634,102.1328125,102.13671875,102.09375,102.09765625,22803,ZTH4
2023-12-11 13:00:00+00:00,34,1,4131634,102.09765625,102.1015625,102.07421875,102.09375,62050,ZTH4
2023-12-11 14:00:00+00:00,34,1,4131634,102.09765625,102.1171875,102.09375,102.10546875,44534,ZTH4
2023-12-11 15:00:00+00:00,34,1,4131634,102.109375,102.125,102.09375,102.109375,47189,ZTH4
2023-12-11 16:00:00+00:00,34,1,4131634,102.10546875,102.12890625,102.07421875,102.09375,89597,ZTH4
2023-12-11 17:00:00+00:00,34,1,4131634,102.09375,102.109375,102.09375,102.1015625,33148,ZTH4
2023-12-11 18:00:00+00:00,34,1,4131634,102.10546875,102.15625,102.08984375,102.15234375,50428,ZTH4
2023-12-11 19:00:00+00:00,34,1,4131634,102.15625,102.1875,102.15234375,102.171875,34276,ZTH4
2023-12-11 20:00:00+00:00,34,1,4131634,102.171875,102.1953125,102.16796875,102.19140625,33817,ZTH4
2023-12-11 21:00:00+00:00,34,1,4131634,102.1875,102.203125,102.1796875,102.19921875,26293,ZTH4
2023-12-11 23:00:00+00:00,34,1,4131634,102.203125,102.203125,102.18359375,102.1875,2178,ZTH4
2023-12-12 00:00:00+00:00,34,1,4131634,102.1875,102.1953125,102.18359375,102.19140625,2017,ZTH4
2023-12-12 01:00:00+00:00,34,1,4131634,102.19140625,102.19921875,102.1796875,102.1875,3303,ZTH4
2023-12-12 02:00:00+00:00,34,1,4131634,102.18359375,102.19140625,102.18359375,102.19140625,2033,ZTH4
2023-12-12 03:00:00+00:00,34,1,4131634,102.19140625,102.22265625,102.19140625,102.21484375,6482,ZTH4
2023-12-12 04:00:00+00:00,34,1,4131634,102.21484375,102.22265625,102.2109375,102.21875,3723,ZTH4
2023-12-12 05:00:00+00:00,34,1,4131634,102.22265625,102.24609375,102.22265625,102.23046875,4956,ZTH4
2023-12-12 06:00:00+00:00,34,1,4131634,102.23046875,102.23828125,102.2265625,102.23046875,2774,ZTH4
2023-12-12 07:00:00+00:00,34,1,4131634,102.2265625,102.26171875,102.22265625,102.26171875,13176,ZTH4
2023-12-12 08:00:00+00:00,34,1,4131634,102.26171875,102.26171875,102.23828125,102.2421875,13172,ZTH4
2023-12-12 09:00:00+00:00,34,1,4131634,102.2421875,102.25390625,102.2265625,102.25,10888,ZTH4
2023-12-12 10:00:00+00:00,34,1,4131634,102.25,102.2578125,102.2421875,102.25,13664,ZTH4
2023-12-12 11:00:00+00:00,34,1,4131634,102.25,102.2578125,102.2421875,102.25390625,7748,ZTH4
2023-12-12 12:00:00+00:00,34,1,4131634,102.2578125,102.2578125,102.23828125,102.24609375,22973,ZTH4
2023-12-12 13:00:00+00:00,34,1,4131634,102.25,102.35546875,102.12109375,102.140625,224081,ZTH4
2023-12-12 14:00:00+00:00,34,1,4131634,102.140625,102.19140625,102.1328125,102.15234375,86558,ZTH4
2023-12-12 15:00:00+00:00,34,1,4131634,102.15234375,102.17578125,102.1484375,102.16796875,47977,ZTH4
2023-12-12 16:00:00+00:00,34,1,4131634,102.16796875,102.19921875,102.1640625,102.1953125,40952,ZTH4
2023-12-12 17:00:00+00:00,34,1,4131634,102.1953125,102.19921875,102.171875,102.171875,38746,ZTH4
2023-12-12 18:00:00+00:00,34,1,4131634,102.171875,102.20703125,102.16796875,102.16796875,72924,ZTH4
2023-12-12 19:00:00+00:00,34,1,4131634,102.171875,102.17578125,102.14453125,102.1484375,68881,ZTH4
2023-12-12 20:00:00+00:00,34,1,4131634,102.1484375,102.16015625,102.140625,102.15234375,48882,ZTH4
2023-12-12 21:00:00+00:00,34,1,4131634,102.15234375,102.16015625,102.1328125,102.1484375,29245,ZTH4
2023-12-12 23:00:00+00:00,34,1,4131634,102.1484375,102.16015625,102.1484375,102.1484375,5606,ZTH4
2023-12-13 00:00:00+00:00,34,1,4131634,102.15234375,102.1640625,102.1484375,102.1640625,3679,ZTH4
2023-12-13 01:00:00+00:00,34,1,4131634,102.1640625,102.1796875,102.1640625,102.17578125,3773,ZTH4
2023-12-13 02:00:00+00:00,34,1,4131634,102.17578125,102.17578125,102.16015625,102.16796875,3336,ZTH4
2023-12-13 03:00:00+00:00,34,1,4131634,102.1640625,102.16796875,102.15234375,102.15625,2753,ZTH4
2023-12-13 04:00:00+00:00,34,1,4131634,102.15625,102.16015625,102.15234375,102.15625,3813,ZTH4
2023-12-13 05:00:00+00:00,34,1,4131634,102.15625,102.16015625,102.1484375,102.15625,13533,ZTH4
2023-12-13 06:00:00+00:00,34,1,4131634,102.15625,102.15625,102.140625,102.14453125,10931,ZTH4
2023-12-13 07:00:00+00:00,34,1,4131634,102.14453125,102.16796875,102.140625,102.1640625,11577,ZTH4
2023-12-13 08:00:00+00:00,34,1,4131634,102.1640625,102.171875,102.15234375,102.1640625,9379,ZTH4
2023-12-13 09:00:00+00:00,34,1,4131634,102.1640625,102.171875,102.16015625,102.1640625,7557,ZTH4
2023-12-13 10:00:00+00:00,34,1,4131634,102.1640625,102.1640625,102.14453125,102.1640625,16753,ZTH4
2023-12-13 11:00:00+00:00,34,1,4131634,102.16015625,102.17578125,102.15625,102.16796875,16423,ZTH4
2023-12-13 12:00:00+00:00,34,1,4131634,102.171875,102.18359375,102.16796875,102.17578125,21319,ZTH4
2023-12-13 13:00:00+00:00,34,1,4131634,102.17578125,102.26171875,102.16796875,102.25390625,90007,ZTH4
2023-12-13 14:00:00+00:00,34,1,4131634,102.25390625,102.27734375,102.21875,102.22265625,66471,ZTH4
2023-12-13 15:00:00+00:00,34,1,4131634,102.22265625,102.26171875,102.203125,102.2578125,87687,ZTH4
2023-12-13 16:00:00+00:00,34,1,4131634,102.25390625,102.28515625,102.25390625,102.28125,56260,ZTH4
2023-12-13 17:00:00+00:00,34,1,4131634,102.28125,102.2890625,102.26953125,102.2734375,59530,ZTH4
2023-12-13 18:00:00+00:00,34,1,4131634,102.26953125,102.28125,102.25390625,102.265625,63649,ZTH4
2023-12-13 19:00:00+00:00,34,1,4131634,102.26953125,102.75390625,102.26953125,102.65234375,454357,ZTH4
2023-12-13 20:00:00+00:00,34,1,4131634,102.65625,102.7265625,102.6328125,102.72265625,166283,ZTH4
2023-12-13 21:00:00+00:00,34,1,4131634,102.71875,102.765625,102.71484375,102.74609375,73076,ZTH4
2023-12-13 23:00:00+00:00,34,1,4131634,102.74609375,102.79296875,102.7421875,102.7734375,14238,ZTH4
2023-12-14 00:00:00+00:00,34,1,4131634,102.7734375,102.87890625,102.76171875,102.875,26358,ZTH4
2023-12-14 01:00:00+00:00,34,1,4131634,102.875,102.90625,102.84765625,102.859375,21688,ZTH4
2023-12-14 02:00:00+00:00,34,1,4131634,102.859375,102.9140625,102.8515625,102.9140625,20387,ZTH4
2023-12-14 03:00:00+00:00,34,1,4131634,102.9140625,102.9375,102.8828125,102.88671875,15129,ZTH4
2023-12-14 04:00:00+00:00,34,1,4131634,102.88671875,102.90625,102.8515625,102.86328125,14591,ZTH4
2023-12-14 05:00:00+00:00,34,1,4131634,102.859375,102.890625,102.84375,102.8828125,9522,ZTH4
2023-12-14 06:00:00+00:00,34,1,4131634,102.8828125,102.94921875,102.8828125,102.94140625,13558,ZTH4
2023-12-14 07:00:00+00:00,34,1,4131634,102.94140625,102.94921875,102.88671875,102.890625,35668,ZTH4
2023-12-14 08:00:00+00:00,34,1,4131634,102.89453125,102.9921875,102.890625,102.94921875,40447,ZTH4
2023-12-14 09:00:00+00:00,34,1,4131634,102.94921875,103.046875,102.9453125,102.96875,43197,ZTH4
2023-12-14 10:00:00+00:00,34,1,4131634,102.96875,102.96875,102.9140625,102.93359375,47689,ZTH4
2023-12-14 11:00:00+00:00,34,1,4131634,102.93359375,102.984375,102.93359375,102.9609375,38593,ZTH4
2023-12-14 12:00:00+00:00,34,1,4131634,102.9609375,102.98046875,102.91015625,102.98046875,50777,ZTH4
2023-12-14 13:00:00+00:00,34,1,4131634,102.984375,102.98828125,102.83984375,102.90625,193796,ZTH4
2023-12-14 14:00:00+00:00,34,1,4131634,102.90234375,102.921875,102.8203125,102.87109375,135137,ZTH4
2023-12-14 15:00:00+00:00,34,1,4131634,102.8671875,102.89453125,102.8203125,102.875,94667,ZTH4
2023-12-14 16:00:00+00:00,34,1,4131634,102.875,102.94921875,102.87109375,102.9375,79687,ZTH4
2023-12-14 17:00:00+00:00,34,1,4131634,102.9375,102.96484375,102.88671875,102.89453125,72880,ZTH4
2023-12-14 18:00:00+00:00,34,1,4131634,102.890625,102.890625,102.84375,102.8515625,57628,ZTH4
2023-12-14 19:00:00+00:00,34,1,4131634,102.8515625,102.87109375,102.8046875,102.8203125,105198,ZTH4
2023-12-14 20:00:00+00:00,34,1,4131634,102.8203125,102.859375,102.81640625,102.859375,74429,ZTH4
2023-12-14 21:00:00+00:00,34,1,4131634,102.859375,102.859375,102.8203125,102.82421875,33157,ZTH4
2023-12-14 23:00:00+00:00,34,1,4131634,102.8203125,102.8203125,102.80078125,102.81640625,2960,ZTH4
2023-12-15 00:00:00+00:00,34,1,4131634,102.8203125,102.82421875,102.75390625,102.7578125,10776,ZTH4
2023-12-15 01:00:00+00:00,34,1,4131634,102.7578125,102.76171875,102.734375,102.73828125,8556,ZTH4
2023-12-15 02:00:00+00:00,34,1,4131634,102.73828125,102.76171875,102.73828125,102.7578125,10494,ZTH4
2023-12-15 03:00:00+00:00,34,1,4131634,102.75390625,102.7578125,102.73046875,102.75,4750,ZTH4
2023-12-15 04:00:00+00:00,34,1,4131634,102.75,102.76953125,102.74609375,102.7578125,4414,ZTH4
2023-12-15 05:00:00+00:00,34,1,4131634,102.7578125,102.765625,102.7421875,102.7421875,7136,ZTH4
2023-12-15 06:00:00+00:00,34,1,4131634,102.7421875,102.75390625,102.73046875,102.75390625,7084,ZTH4
2023-12-15 07:00:00+00:00,34,1,4131634,102.75390625,102.78515625,102.75,102.78515625,8348,ZTH4
2023-12-15 08:00:00+00:00,34,1,4131634,102.78515625,102.86328125,102.78125,102.86328125,30377,ZTH4
2023-12-15 09:00:00+00:00,34,1,4131634,102.859375,102.8828125,102.84375,102.86328125,14122,ZTH4
2023-12-15 10:00:00+00:00,34,1,4131634,102.86328125,102.86328125,102.83203125,102.8359375,13402,ZTH4
2023-12-15 11:00:00+00:00,34,1,4131634,102.8359375,102.83984375,102.81640625,102.8203125,6025,ZTH4
2023-12-15 12:00:00+00:00,34,1,4131634,102.81640625,102.86328125,102.81640625,102.828125,57689,ZTH4
2023-12-15 13:00:00+00:00,34,1,4131634,102.828125,102.83203125,102.62890625,102.6875,173989,ZTH4
2023-12-15 14:00:00+00:00,34,1,4131634,102.69140625,102.78125,102.69140625,102.75390625,125187,ZTH4
2023-12-15 15:00:00+00:00,34,1,4131634,102.75390625,102.80859375,102.74609375,102.76953125,71538,ZTH4
2023-12-15 16:00:00+00:00,34,1,4131634,102.7734375,102.80078125,102.74609375,102.78515625,39191,ZTH4
2023-12-15 17:00:00+00:00,34,1,4131634,102.7890625,102.79296875,102.75390625,102.76171875,47054,ZTH4
2023-12-15 18:00:00+00:00,34,1,4131634,102.76171875,102.76171875,102.6953125,102.69921875,35266,ZTH4
2023-12-15 19:00:00+00:00,34,1,4131634,102.6953125,102.71875,102.67578125,102.68359375,46135,ZTH4
2023-12-15 20:00:00+00:00,34,1,4131634,102.68359375,102.69921875,102.6640625,102.69921875,66650,ZTH4
2023-12-15 21:00:00+00:00,34,1,4131634,102.6953125,102.71484375,102.6953125,102.70703125,20608,ZTH4
2023-12-17 23:00:00+00:00,34,1,4131634,102.69921875,102.71875,102.68359375,102.7109375,4561,ZTH4
2023-12-18 00:00:00+00:00,34,1,4131634,102.70703125,102.71875,102.6953125,102.71484375,4939,ZTH4
2023-12-18 01:00:00+00:00,34,1,4131634,102.71484375,102.73046875,102.7109375,102.72265625,8709,ZTH4
2023-12-18 02:00:00+00:00,34,1,4131634,102.72265625,102.73046875,102.71484375,102.72265625,2659,ZTH4
2023-12-18 03:00:00+00:00,34,1,4131634,102.72265625,102.7421875,102.71875,102.734375,2519,ZTH4
2023-12-18 04:00:00+00:00,34,1,4131634,102.734375,102.75390625,102.73046875,102.75,3923,ZTH4
2023-12-18 05:00:00+00:00,34,1,4131634,102.75,102.765625,102.74609375,102.7578125,4024,ZTH4
2023-12-18 06:00:00+00:00,34,1,4131634,102.7578125,102.7578125,102.7421875,102.74609375,2647,ZTH4
2023-12-18 07:00:00+00:00,34,1,4131634,102.74609375,102.75390625,102.734375,102.7421875,6937,ZTH4
2023-12-18 08:00:00+00:00,34,1,4131634,102.7421875,102.765625,102.73828125,102.7578125,8938,ZTH4
2023-12-18 09:00:00+00:00,34,1,4131634,102.7578125,102.77734375,102.75390625,102.7734375,7252,ZTH4
2023-12-18 10:00:00+00:00,34,1,4131634,102.7734375,102.7734375,102.75,102.75,9793,ZTH4
2023-12-18 11:00:00+00:00,34,1,4131634,102.75,102.76171875,102.74609375,102.7578125,7789,ZTH4
2023-12-18 12:00:00+00:00,34,1,4131634,102.76171875,102.765625,102.73828125,102.7578125,20442,ZTH4
2023-12-18 13:00:00+00:00,34,1,4131634,102.7578125,102.76953125,102.73046875,102.734375,47332,ZTH4
2023-12-18 14:00:00+00:00,34,1,4131634,102.73046875,102.73828125,102.68359375,102.69140625,55188,ZTH4
2023-12-18 15:00:00+00:00,34,1,4131634,102.6953125,102.69921875,102.6640625,102.6875,63959,ZTH4
2023-12-18 16:00:00+00:00,34,1,4131634,102.68359375,102.6875,102.6640625,102.671875,30606,ZTH4
2023-12-18 17:00:00+00:00,34,1,4131634,102.66796875,102.6796875,102.66015625,102.6796875,24298,ZTH4
2023-12-18 18:00:00+00:00,34,1,4131634,102.6796875,102.6875,102.671875,102.6875,18445,ZTH4
2023-12-18 19:00:00+00:00,34,1,4131634,102.68359375,102.6875,102.6796875,102.68359375,17550,ZTH4
2023-12-18 20:00:00+00:00,34,1,4131634,102.6796875,102.6875,102.67578125,102.67578125,22947,ZTH4
2023-12-18 21:00:00+00:00,34,1,4131634,102.67578125,102.6953125,102.671875,102.6875,15461,ZTH4
2023-12-18 23:00:00+00:00,34,1,4131634,102.69140625,102.703125,102.6875,102.69140625,1777,ZTH4
2023-12-19 00:00:00+00:00,34,1,4131634,102.6953125,102.69921875,102.6640625,102.66796875,4542,ZTH4
2023-12-19 01:00:00+00:00,34,1,4131634,102.6640625,102.67578125,102.6640625,102.66796875,3085,ZTH4
2023-12-19 02:00:00+00:00,34,1,4131634,102.6640625,102.69140625,102.6640625,102.69140625,6174,ZTH4
2023-12-19 03:00:00+00:00,34,1,4131634,102.69140625,102.71484375,102.66015625,102.6796875,10804,ZTH4
2023-12-19 04:00:00+00:00,34,1,4131634,102.6796875,102.6796875,102.6640625,102.671875,2544,ZTH4
2023-12-19 05:00:00+00:00,34,1,4131634,102.671875,102.67578125,102.66796875,102.67578125,1510,ZTH4
2023-12-19 06:00:00+00:00,34,1,4131634,102.6796875,102.6953125,102.66796875,102.6875,3239,ZTH4
2023-12-19 07:00:00+00:00,34,1,4131634,102.69140625,102.71875,102.6875,102.70703125,8631,ZTH4
2023-12-19 08:00:00+00:00,34,1,4131634,102.703125,102.7265625,102.69140625,102.71484375,15295,ZTH4
2023-12-19 09:00:00+00:00,34,1,4131634,102.7109375,102.7265625,102.703125,102.72265625,7856,ZTH4
2023-12-19 10:00:00+00:00,34,1,4131634,102.72265625,102.73046875,102.71484375,102.72265625,10663,ZTH4
2023-12-19 11:00:00+00:00,34,1,4131634,102.72265625,102.7265625,102.7109375,102.71484375,6415,ZTH4
2023-12-19 12:00:00+00:00,34,1,4131634,102.7109375,102.765625,102.7109375,102.7578125,13984,ZTH4
2023-12-19 13:00:00+00:00,34,1,4131634,102.76171875,102.76171875,102.6875,102.69921875,44779,ZTH4
2023-12-19 14:00:00+00:00,34,1,4131634,102.69921875,102.734375,102.671875,102.734375,42953,ZTH4
2023-12-19 15:00:00+00:00,34,1,4131634,102.73046875,102.73828125,102.6953125,102.71484375,44439,ZTH4
2023-12-19 16:00:00+00:00,34,1,4131634,102.71484375,102.7265625,102.70703125,102.71484375,21843,ZTH4
2023-12-19 17:00:00+00:00,34,1,4131634,102.71875,102.71875,102.6953125,102.69921875,21408,ZTH4
2023-12-19 18:00:00+00:00,34,1,4131634,102.6953125,102.70703125,102.6796875,102.70703125,25101,ZTH4
2023-12-19 19:00:00+00:00,34,1,4131634,102.70703125,102.71875,102.6953125,102.71484375,26861,ZTH4
2023-12-19 20:00:00+00:00,34,1,4131634,102.71875,102.7265625,102.69921875,102.71875,34810,ZTH4
2023-12-19 21:00:00+00:00,34,1,4131634,102.72265625,102.72265625,102.69921875,102.70703125,8717,ZTH4
2023-12-19 23:00:00+00:00,34,1,4131634,102.69921875,102.71875,102.6953125,102.71484375,2102,ZTH4
2023-12-20 00:00:00+00:00,34,1,4131634,102.71484375,102.7265625,102.7109375,102.71875,2269,ZTH4
2023-12-20 01:00:00+00:00,34,1,4131634,102.71875,102.72265625,102.70703125,102.7109375,2593,ZTH4
2023-12-20 02:00:00+00:00,34,1,4131634,102.7109375,102.71875,102.703125,102.71875,1959,ZTH4
2023-12-20 03:00:00+00:00,34,1,4131634,102.71484375,102.73046875,102.71484375,102.73046875,1623,ZTH4
2023-12-20 04:00:00+00:00,34,1,4131634,102.7265625,102.7421875,102.7265625,102.7421875,3738,ZTH4
2023-12-20 05:00:00+00:00,34,1,4131634,102.73828125,102.75390625,102.73828125,102.74609375,4045,ZTH4
2023-12-20 06:00:00+00:00,34,1,4131634,102.74609375,102.7578125,102.74609375,102.75390625,3678,ZTH4
2023-12-20 07:00:00+00:00,34,1,4131634,102.75390625,102.8203125,102.75,102.79296875,29682,ZTH4
2023-12-20 08:00:00+00:00,34,1,4131634,102.79296875,102.8125,102.765625,102.8125,45969,ZTH4
2023-12-20 09:00:00+00:00,34,1,4131634,102.8125,102.84375,102.8046875,102.81640625,17960,ZTH4
2023-12-20 10:00:00+00:00,34,1,4131634,102.8125,102.828125,102.8125,102.82421875,10866,ZTH4
2023-12-20 11:00:00+00:00,34,1,4131634,102.82421875,102.828125,102.8125,102.82421875,10907,ZTH4
2023-12-20 12:00:00+00:00,34,1,4131634,102.82421875,102.84765625,102.82421875,102.828125,20212,ZTH4
2023-12-20 13:00:00+00:00,34,1,4131634,102.82421875,102.8515625,102.81640625,102.84375,46242,ZTH4
2023-12-20 14:00:00+00:00,34,1,4131634,102.84375,102.84375,102.8125,102.83203125,27568,ZTH4
2023-12-20 15:00:00+00:00,34,1,4131634,102.828125,102.828125,102.7734375,102.79296875,46925,ZTH4
2023-12-20 16:00:00+00:00,34,1,4131634,102.796875,102.8203125,102.78515625,102.7890625,34886,ZTH4
2023-12-20 17:00:00+00:00,34,1,4131634,102.7890625,102.796875,102.765625,102.78515625,26581,ZTH4
2023-12-20 18:00:00+00:00,34,1,4131634,102.7890625,102.82421875,102.76953125,102.8203125,27019,ZTH4
2023-12-20 19:00:00+00:00,34,1,4131634,102.8203125,102.8515625,102.81640625,102.84765625,25868,ZTH4
2023-12-20 20:00:00+00:00,34,1,4131634,102.84375,102.89453125,102.83984375,102.86328125,41276,ZTH4
2023-12-20 21:00:00+00:00,34,1,4131634,102.86328125,102.921875,102.859375,102.9140625,40554,ZTH4
2023-12-20 23:00:00+00:00,34,1,4131634,102.9140625,102.921875,102.87890625,102.87890625,4534,ZTH4
2023-12-21 00:00:00+00:00,34,1,4131634,102.87890625,102.88671875,102.8671875,102.87109375,2669,ZTH4
2023-12-21 01:00:00+00:00,34,1,4131634,102.87109375,102.8828125,102.87109375,102.875,2970,ZTH4
2023-12-21 02:00:00+00:00,34,1,4131634,102.875,102.8828125,102.8515625,102.859375,5226,ZTH4
2023-12-21 03:00:00+00:00,34,1,4131634,102.859375,102.86328125,102.8515625,102.859375,2837,ZTH4
2023-12-21 04:00:00+00:00,34,1,4131634,102.859375,102.86328125,102.84375,102.84375,3437,ZTH4
2023-12-21 05:00:00+00:00,34,1,4131634,102.84375,102.84765625,102.828125,102.8359375,4388,ZTH4
2023-12-21 06:00:00+00:00,34,1,4131634,102.8359375,102.83984375,102.80859375,102.8203125,9220,ZTH4
2023-12-21 07:00:00+00:00,34,1,4131634,102.81640625,102.82421875,102.8046875,102.81640625,7518,ZTH4
2023-12-21 08:00:00+00:00,34,1,4131634,102.8203125,102.84765625,102.8203125,102.84765625,5122,ZTH4
2023-12-21 09:00:00+00:00,34,1,4131634,102.84765625,102.8671875,102.83984375,102.84375,9836,ZTH4
2023-12-21 10:00:00+00:00,34,1,4131634,102.84765625,102.8515625,102.82421875,102.82421875,8902,ZTH4
2023-12-21 11:00:00+00:00,34,1,4131634,102.82421875,102.83203125,102.8203125,102.82421875,7408,ZTH4
2023-12-21 12:00:00+00:00,34,1,4131634,102.82421875,102.8671875,102.8203125,102.8671875,10723,ZTH4
2023-12-21 13:00:00+00:00,34,1,4131634,102.87109375,102.97265625,102.8359375,102.93359375,100025,ZTH4
2023-12-21 14:00:00+00:00,34,1,4131634,102.93359375,102.98046875,102.921875,102.9375,59218,ZTH4
2023-12-21 15:00:00+00:00,34,1,4131634,102.9375,102.9375,102.87890625,102.88671875,41603,ZTH4
2023-12-21 16:00:00+00:00,34,1,4131634,102.88671875,102.9140625,102.875,102.88671875,29679,ZTH4
2023-12-21 17:00:00+00:00,34,1,4131634,102.88671875,102.91796875,102.87890625,102.890625,22088,ZTH4
2023-12-21 18:00:00+00:00,34,1,4131634,102.890625,102.8984375,102.85546875,102.875,35909,ZTH4
2023-12-21 19:00:00+00:00,34,1,4131634,102.875,102.8984375,102.87109375,102.8828125,25402,ZTH4
2023-12-21 20:00:00+00:00,34,1,4131634,102.8828125,102.890625,102.87109375,102.88671875,18385,ZTH4
2023-12-21 21:00:00+00:00,34,1,4131634,102.890625,102.890625,102.87109375,102.8828125,14014,ZTH4
2023-12-21 23:00:00+00:00,34,1,4131634,102.87890625,102.89453125,102.875,102.890625,2051,ZTH4
2023-12-22 00:00:00+00:00,34,1,4131634,102.890625,102.90625,102.87109375,102.875,4313,ZTH4
2023-12-22 01:00:00+00:00,34,1,4131634,102.875,102.875,102.8515625,102.85546875,3418,ZTH4
2023-12-22 02:00:00+00:00,34,1,4131634,102.85546875,102.86328125,102.8515625,102.8515625,3480,ZTH4
2023-12-22 03:00:00+00:00,34,1,4131634,102.8515625,102.859375,102.84765625,102.859375,3521,ZTH4
2023-12-22 04:00:00+00:00,34,1,4131634,102.85546875,102.8671875,102.8515625,102.859375,2941,ZTH4
2023-12-22 05:00:00+00:00,34,1,4131634,102.859375,102.875,102.859375,102.875,2330,ZTH4
2023-12-22 06:00:00+00:00,34,1,4131634,102.87109375,102.875,102.8671875,102.875,1969,ZTH4
2023-12-22 07:00:00+00:00,34,1,4131634,102.875,102.8828125,102.87109375,102.87890625,4812,ZTH4
2023-12-22 08:00:00+00:00,34,1,4131634,102.8828125,102.90625,102.87890625,102.90234375,9082,ZTH4
2023-12-22 09:00:00+00:00,34,1,4131634,102.90234375,102.921875,102.90234375,102.91796875,9249,ZTH4
2023-12-22 10:00:00+00:00,34,1,4131634,102.91796875,102.92578125,102.91015625,102.91015625,6365,ZTH4
2023-12-22 11:00:00+00:00,34,1,4131634,102.9140625,102.9296875,102.91015625,102.9140625,8575,ZTH4
2023-12-22 12:00:00+00:00,34,1,4131634,102.9140625,102.9296875,102.90625,102.9140625,20209,ZTH4
2023-12-22 13:00:00+00:00,34,1,4131634,102.9140625,102.93359375,102.8203125,102.90625,93572,ZTH4
2023-12-22 14:00:00+00:00,34,1,4131634,102.90625,102.9453125,102.90234375,102.921875,46731,ZTH4
2023-12-22 15:00:00+00:00,34,1,4131634,102.921875,102.94921875,102.87890625,102.8828125,44383,ZTH4
2023-12-22 16:00:00+00:00,34,1,4131634,102.87890625,102.91015625,102.86328125,102.8671875,23843,ZTH4
2023-12-22 17:00:00+00:00,34,1,4131634,102.8671875,102.89453125,102.86328125,102.890625,22150,ZTH4
2023-12-22 18:00:00+00:00,34,1,4131634,102.89453125,102.92578125,102.890625,102.921875,19958,ZTH4
2023-12-22 19:00:00+00:00,34,1,4131634,102.921875,102.9296875,102.91015625,102.92578125,7092,ZTH4
2023-12-22 20:00:00+00:00,34,1,4131634,102.92578125,102.92578125,102.9140625,102.921875,4276,ZTH4
2023-12-22 21:00:00+00:00,34,1,4131634,102.921875,102.93359375,102.921875,102.9296875,6179,ZTH4
2023-12-25 23:00:00+00:00,34,1,4131634,102.91015625,102.91015625,102.89453125,102.90234375,3442,ZTH4
2023-12-26 00:00:00+00:00,34,1,4131634,102.90234375,102.91015625,102.890625,102.91015625,2327,ZTH4
2023-12-26 01:00:00+00:00,34,1,4131634,102.91015625,102.9140625,102.90234375,102.9140625,2284,ZTH4
2023-12-26 02:00:00+00:00,34,1,4131634,102.91015625,102.9140625,102.90234375,102.90625,2201,ZTH4
2023-12-26 03:00:00+00:00,34,1,4131634,102.90234375,102.90625,102.8984375,102.90625,572,ZTH4
2023-12-26 04:00:00+00:00,34,1,4131634,102.90234375,102.90625,102.8984375,102.8984375,339,ZTH4
2023-12-26 05:00:00+00:00,34,1,4131634,102.8984375,102.90625,102.89453125,102.90234375,1939,ZTH4
2023-12-26 06:00:00+00:00,34,1,4131634,102.90234375,102.90234375,102.8984375,102.8984375,905,ZTH4
2023-12-26 07:00:00+00:00,34,1,4131634,102.90234375,102.90234375,102.89453125,102.8984375,1106,ZTH4
2023-12-26 08:00:00+00:00,34,1,4131634,102.8984375,102.8984375,102.88671875,102.88671875,859,ZTH4
2023-12-26 09:00:00+00:00,34,1,4131634,102.890625,102.890625,102.88671875,102.890625,567,ZTH4
2023-12-26 10:00:00+00:00,34,1,4131634,102.890625,102.8984375,102.88671875,102.8984375,4394,ZTH4
2023-12-26 11:00:00+00:00,34,1,4131634,102.8984375,102.90234375,102.8828125,102.88671875,10380,ZTH4
2023-12-26 12:00:00+00:00,34,1,4131634,102.88671875,102.88671875,102.85546875,102.859375,9706,ZTH4
2023-12-26 13:00:00+00:00,34,1,4131634,102.85546875,102.8671875,102.8359375,102.8359375,28881,ZTH4
2023-12-26 14:00:00+00:00,34,1,4131634,102.8359375,102.84375,102.81640625,102.83984375,30925,ZTH4
2023-12-26 15:00:00+00:00,34,1,4131634,102.83984375,102.85546875,102.828125,102.83203125,21866,ZTH4
2023-12-26 16:00:00+00:00,34,1,4131634,102.828125,102.83984375,102.81640625,102.828125,25550,ZTH4
2023-12-26 17:00:00+00:00,34,1,4131634,102.828125,102.83984375,102.8203125,102.8203125,28255,ZTH4
2023-12-26 18:00:00+00:00,34,1,4131634,102.82421875,102.8828125,102.8203125,102.8671875,41141,ZTH4
2023-12-26 19:00:00+00:00,34,1,4131634,102.87109375,102.8984375,102.87109375,102.8828125,33242,ZTH4
2023-12-26 20:00:00+00:00,34,1,4131634,102.8828125,102.890625,102.84375,102.84375,29854,ZTH4
2023-12-26 21:00:00+00:00,34,1,4131634,102.84765625,102.859375,102.84375,102.84765625,9615,ZTH4
2023-12-26 23:00:00+00:00,34,1,4131634,102.8515625,102.859375,102.83984375,102.84375,1377,ZTH4
2023-12-27 00:00:00+00:00,34,1,4131634,102.83984375,102.86328125,102.83984375,102.86328125,1481,ZTH4
2023-12-27 01:00:00+00:00,34,1,4131634,102.859375,102.87109375,102.85546875,102.86328125,2538,ZTH4
2023-12-27 02:00:00+00:00,34,1,4131634,102.86328125,102.86328125,102.8515625,102.859375,3147,ZTH4
2023-12-27 03:00:00+00:00,34,1,4131634,102.859375,102.86328125,102.8515625,102.85546875,2041,ZTH4
2023-12-27 04:00:00+00:00,34,1,4131634,102.85546875,102.8671875,102.85546875,102.86328125,997,ZTH4
2023-12-27 05:00:00+00:00,34,1,4131634,102.86328125,102.87109375,102.859375,102.859375,1166,ZTH4
2023-12-27 06:00:00+00:00,34,1,4131634,102.86328125,102.8671875,102.859375,102.86328125,977,ZTH4
2023-12-27 07:00:00+00:00,34,1,4131634,102.86328125,102.8671875,102.8515625,102.85546875,5199,ZTH4
2023-12-27 08:00:00+00:00,34,1,4131634,102.859375,102.8828125,102.859375,102.8828125,6601,ZTH4
2023-12-27 09:00:00+00:00,34,1,4131634,102.88671875,102.88671875,102.8671875,102.87109375,4758,ZTH4
2023-12-27 10:00:00+00:00,34,1,4131634,102.87109375,102.8828125,102.8671875,102.87890625,10615,ZTH4
2023-12-27 11:00:00+00:00,34,1,4131634,102.875,102.890625,102.875,102.88671875,8713,ZTH4
2023-12-27 12:00:00+00:00,34,1,4131634,102.88671875,102.90234375,102.875,102.8828125,13722,ZTH4
2023-12-27 13:00:00+00:00,34,1,4131634,102.87890625,102.91015625,102.87890625,102.8984375,31752,ZTH4
2023-12-27 14:00:00+00:00,34,1,4131634,102.90234375,102.91015625,102.890625,102.8984375,30368,ZTH4
2023-12-27 15:00:00+00:00,34,1,4131634,102.90234375,102.9609375,102.8984375,102.95703125,35371,ZTH4
2023-12-27 16:00:00+00:00,34,1,4131634,102.953125,102.95703125,102.92578125,102.953125,28079,ZTH4
2023-12-27 17:00:00+00:00,34,1,4131634,102.953125,102.9609375,102.94140625,102.94140625,25492,ZTH4
2023-12-27 18:00:00+00:00,34,1,4131634,102.9453125,102.99609375,102.9375,102.9921875,34798,ZTH4
2023-12-27 19:00:00+00:00,34,1,4131634,102.99609375,102.99609375,102.9609375,102.984375,33520,ZTH4
2023-12-27 20:00:00+00:00,34,1,4131634,102.984375,102.9921875,102.97265625,102.98046875,18362,ZTH4
2023-12-27 21:00:00+00:00,34,1,4131634,102.984375,102.99609375,102.97265625,102.9765625,10333,ZTH4
2023-12-27 23:00:00+00:00,34,1,4131634,102.9609375,102.9765625,102.95703125,102.96484375,1484,ZTH4
2023-12-28 00:00:00+00:00,34,1,4131634,102.9609375,102.96484375,102.94140625,102.94921875,5055,ZTH4
2023-12-28 01:00:00+00:00,34,1,4131634,102.9453125,102.94921875,102.9296875,102.94140625,5920,ZTH4
2023-12-28 02:00:00+00:00,34,1,4131634,102.94140625,102.94140625,102.9296875,102.93359375,2075,ZTH4
2023-12-28 03:00:00+00:00,34,1,4131634,102.93359375,102.94140625,102.92578125,102.92578125,3868,ZTH4
2023-12-28 04:00:00+00:00,34,1,4131634,102.921875,102.9296875,102.921875,102.921875,3003,ZTH4
2023-12-28 05:00:00+00:00,34,1,4131634,102.92578125,102.92578125,102.9140625,102.91796875,2543,ZTH4
2023-12-28 06:00:00+00:00,34,1,4131634,102.91796875,102.9296875,102.91796875,102.921875,3063,ZTH4
2023-12-28 07:00:00+00:00,34,1,4131634,102.921875,102.94140625,102.91796875,102.9375,3948,ZTH4
2023-12-28 08:00:00+00:00,34,1,4131634,102.94140625,102.94140625,102.92578125,102.93359375,12194,ZTH4
2023-12-28 09:00:00+00:00,34,1,4131634,102.9375,102.9453125,102.9296875,102.9453125,7667,ZTH4
2023-12-28 10:00:00+00:00,34,1,4131634,102.94140625,102.94921875,102.93359375,102.9453125,4169,ZTH4
2023-12-28 11:00:00+00:00,34,1,4131634,102.9453125,102.94921875,102.9375,102.9453125,4288,ZTH4
2023-12-28 12:00:00+00:00,34,1,4131634,102.9453125,102.953125,102.9375,102.94921875,4776,ZTH4
2023-12-28 13:00:00+00:00,34,1,4131634,102.94921875,102.96484375,102.92578125,102.92578125,31753,ZTH4
2023-12-28 14:00:00+00:00,34,1,4131634,102.92578125,102.94921875,102.90625,102.9140625,27760,ZTH4
2023-12-28 15:00:00+00:00,34,1,4131634,102.91796875,102.94140625,102.9140625,102.94140625,31071,ZTH4
2023-12-28 16:00:00+00:00,34,1,4131634,102.9375,102.94140625,102.91796875,102.92578125,22179,ZTH4
2023-12-28 17:00:00+00:00,34,1,4131634,102.921875,102.9296875,102.9140625,102.921875,20854,ZTH4
2023-12-28 18:00:00+00:00,34,1,4131634,102.92578125,102.92578125,102.87890625,102.89453125,35970,ZTH4
2023-12-28 19:00:00+00:00,34,1,4131634,102.89453125,102.89453125,102.87109375,102.89453125,25952,ZTH4
2023-12-28 20:00:00+00:00,34,1,4131634,102.89453125,102.90625,102.890625,102.890625,16749,ZTH4
2023-12-28 21:00:00+00:00,34,1,4131634,102.89453125,102.91015625,102.890625,102.8984375,13375,ZTH4
2023-12-28 23:00:00+00:00,34,1,4131634,102.90234375,102.92578125,102.8984375,102.90625,3019,ZTH4
2023-12-29 00:00:00+00:00,34,1,4131634,102.90625,102.9140625,102.89453125,102.9140625,1546,ZTH4
2023-12-29 01:00:00+00:00,34,1,4131634,102.9140625,102.91796875,102.90625,102.91796875,3010,ZTH4
2023-12-29 02:00:00+00:00,34,1,4131634,102.91796875,102.9296875,102.9140625,102.91796875,1914,ZTH4
2023-12-29 03:00:00+00:00,34,1,4131634,102.91796875,102.921875,102.9140625,102.91796875,1214,ZTH4
2023-12-29 04:00:00+00:00,34,1,4131634,102.91796875,102.92578125,102.91796875,102.91796875,987,ZTH4
2023-12-29 05:00:00+00:00,34,1,4131634,102.91796875,102.92578125,102.91015625,102.9140625,2057,ZTH4
2023-12-29 06:00:00+00:00,34,1,4131634,102.9140625,102.921875,102.91015625,102.9140625,2105,ZTH4
2023-12-29 07:00:00+00:00,34,1,4131634,102.9140625,102.921875,102.91015625,102.9140625,6680,ZTH4
2023-12-29 08:00:00+00:00,34,1,4131634,102.9140625,102.91796875,102.8828125,102.8828125,12382,ZTH4
2023-12-29 09:00:00+00:00,34,1,4131634,102.8828125,102.8828125,102.86328125,102.87109375,9599,ZTH4
2023-12-29 10:00:00+00:00,34,1,4131634,102.8671875,102.87109375,102.85546875,102.85546875,7915,ZTH4
2023-12-29 11:00:00+00:00,34,1,4131634,102.85546875,102.8671875,102.8515625,102.8671875,6138,ZTH4
2023-12-29 12:00:00+00:00,34,1,4131634,102.8671875,102.875,102.859375,102.8671875,14030,ZTH4
2023-12-29 13:00:00+00:00,34,1,4131634,102.8671875,102.875,102.828125,102.8359375,33790,ZTH4
2023-12-29 14:00:00+00:00,34,1,4131634,102.8359375,102.890625,102.8359375,102.87890625,33161,ZTH4
2023-12-29 15:00:00+00:00,34,1,4131634,102.87890625,102.91015625,102.875,102.91015625,38632,ZTH4
2023-12-29 16:00:00+00:00,34,1,4131634,102.90625,102.9453125,102.90625,102.9375,39341,ZTH4
2023-12-29 17:00:00+00:00,34,1,4131634,102.9375,102.96875,102.92578125,102.95703125,83283,ZTH4
2023-12-29 18:00:00+00:00,34,1,4131634,102.95703125,102.9609375,102.8828125,102.94921875,71883,ZTH4
2023-12-29 19:00:00+00:00,34,1,4131634,102.94921875,102.96875,102.9375,102.94921875,19234,ZTH4
2023-12-29 20:00:00+00:00,34,1,4131634,102.94921875,102.953125,102.94140625,102.9453125,8124,ZTH4
2023-12-29 21:00:00+00:00,34,1,4131634,102.94140625,102.9453125,102.9296875,102.9375,3215,ZTH4
